trueR,trueI
1.508900e-01,6.250000e-02
n_samples,time,n_paths,n_NZero_paths,estimateR,estimateI,varianceR,varianceI,RvarianceR,RvarianceI
262144,190169,2097152,52918,1.487714e-01,6.305879e-02,4.488539e-06,3.122502e-07,1.971443e-04,7.993606e-05
524288,190207,4194304,106427,1.492313e-01,6.349543e-02,2.751361e-06,9.908756e-07,1.208445e-04,2.536642e-04
786432,190211,6291456,159857,1.499356e-01,6.295706e-02,9.107741e-07,2.089069e-07,4.000275e-05,5.348016e-05
1048576,190217,8388608,213250,1.506868e-01,6.307522e-02,4.129314e-08,3.308804e-07,1.813665e-06,8.470539e-05
1310720,190235,10485760,266342,1.502523e-01,6.290761e-02,4.067122e-07,1.661430e-07,1.786349e-05,4.253260e-05
1572864,190292,12582912,319933,1.502663e-01,6.306974e-02,3.889683e-07,3.246019e-07,1.708414e-05,8.309809e-05
1835008,190297,14680064,373639,1.505266e-01,6.297293e-02,1.320232e-07,2.236657e-07,5.798681e-06,5.725841e-05
2097152,190297,16777216,426423,1.503178e-01,6.292615e-02,3.274351e-07,1.816045e-07,1.438151e-05,4.649076e-05
2359296,190323,18874368,479546,1.504496e-01,6.296489e-02,1.939818e-07,2.161194e-07,8.520008e-06,5.532656e-05
2621440,190326,20971520,533047,1.504197e-01,6.305315e-02,2.211639e-07,3.059705e-07,9.713894e-06,7.832845e-05
2883584,190340,23068672,586704,1.506129e-01,6.307799e-02,7.678551e-08,3.340767e-07,3.372550e-06,8.552364e-05
3145728,190351,25165824,640368,1.508615e-01,6.311551e-02,8.100409e-10,3.788585e-07,3.557837e-08,9.698777e-05
3407872,190355,27262976,693616,1.507692e-01,6.308154e-02,1.458994e-08,3.381890e-07,6.408148e-07,8.657637e-05
3670016,190361,29360128,746392,1.506819e-01,6.302860e-02,4.330341e-08,2.794220e-07,1.901959e-06,7.153203e-05
3932160,190370,31457280,799388,1.506403e-01,6.306724e-02,6.234947e-08,3.217556e-07,2.738494e-06,8.236944e-05
4194304,190372,33554432,852701,1.506990e-01,6.315093e-02,3.647649e-08,4.237065e-07,1.602109e-06,1.084689e-04
4456448,190378,35651584,905643,1.506599e-01,6.307729e-02,5.292030e-08,3.332590e-07,2.324349e-06,8.531430e-05
4718592,190377,37748736,958363,1.504337e-01,6.296853e-02,2.082400e-07,2.195201e-07,9.146253e-06,5.619715e-05
4980736,190386,39845888,1011317,1.504723e-01,6.298762e-02,1.744438e-07,2.377715e-07,7.661866e-06,6.086949e-05
5242880,190390,41943040,1064570,1.505311e-01,6.301817e-02,1.287732e-07,2.685032e-07,5.655936e-06,6.873683e-05
5505024,190404,44040192,1116996,1.503406e-01,6.289624e-02,3.018795e-07,1.570095e-07,1.325906e-05,4.019443e-05
5767168,190410,46137344,1170582,1.503895e-01,6.286970e-02,2.504706e-07,1.366765e-07,1.100110e-05,3.498918e-05
6029312,190428,48234496,1223696,1.503903e-01,6.285384e-02,2.496510e-07,1.251996e-07,1.096509e-05,3.205109e-05
6291456,190437,50331648,1276939,1.504185e-01,6.286589e-02,2.222725e-07,1.338759e-07,9.762585e-06,3.427223e-05
6553600,190458,52428800,1331108,1.505315e-01,6.287210e-02,1.285273e-07,1.384616e-07,5.645137e-06,3.544618e-05
6815744,190459,54525952,1384595,1.505751e-01,6.282818e-02,9.915655e-08,1.077042e-07,4.355124e-06,2.757227e-05
7077888,190462,56623104,1437765,1.504848e-01,6.280925e-02,1.642171e-07,9.563634e-08,7.212694e-06,2.448290e-05
7340032,190503,58720256,1491612,1.505391e-01,6.279854e-02,1.231151e-07,8.912897e-08,5.407426e-06,2.281702e-05
7602176,190515,60817408,1545052,1.505754e-01,6.283811e-02,9.898771e-08,1.143216e-07,4.347708e-06,2.926633e-05
7864320,190517,62914560,1597975,1.504818e-01,6.276315e-02,1.665927e-07,6.924638e-08,7.317034e-06,1.772707e-05
8126464,190516,65011712,1651253,1.504718e-01,6.273194e-02,1.748922e-07,5.379803e-08,7.681561e-06,1.377230e-05
8388608,190519,67108864,1704178,1.504502e-01,6.272573e-02,1.934571e-07,5.095414e-08,8.496963e-06,1.304426e-05
8650752,190519,69206016,1756894,1.504576e-01,6.270779e-02,1.869843e-07,4.317637e-08,8.212668e-06,1.105315e-05
8912896,190522,71303168,1810034,1.505001e-01,6.266164e-02,1.520017e-07,2.612760e-08,6.676174e-06,6.688666e-06
9175040,190524,73400320,1863137,1.505110e-01,6.262591e-02,1.436268e-07,1.585266e-08,6.308333e-06,4.058282e-06
9437184,190528,75497472,1916988,1.505653e-01,6.262215e-02,1.054180e-07,1.492118e-08,4.630138e-06,3.819821e-06
9699328,190529,77594624,1970124,1.505898e-01,6.260591e-02,9.011037e-08,1.121693e-08,3.957800e-06,2.871534e-06
9961472,190539,79691776,2023098,1.505757e-01,6.258533e-02,9.879090e-08,7.281465e-09,4.339064e-06,1.864055e-06
10223616,190540,81788928,2075626,1.504734e-01,6.259459e-02,1.735363e-07,8.946345e-09,7.622008e-06,2.290264e-06
10485760,190557,83886080,2128905,1.505439e-01,6.261253e-02,1.197607e-07,1.266213e-08,5.260093e-06,3.241505e-06
10747904,190560,85983232,2182630,1.506150e-01,6.259581e-02,7.564191e-08,9.180412e-09,3.322321e-06,2.350185e-06
11010048,190594,88080384,2235750,1.506242e-01,6.258169e-02,7.066124e-08,6.672956e-09,3.103562e-06,1.708277e-06
11272192,190625,90177536,2288738,1.506007e-01,6.258940e-02,8.368075e-08,7.992274e-09,3.675400e-06,2.046022e-06
11534336,190723,92274688,2342134,1.506386e-01,6.259174e-02,6.317822e-08,8.416044e-09,2.774895e-06,2.154507e-06
11796480,190843,94371840,2396241,1.506584e-01,6.259920e-02,5.363571e-08,9.840051e-09,2.355772e-06,2.519053e-06
12058624,190884,96468992,2449242,1.507140e-01,6.258673e-02,3.096991e-08,7.522476e-09,1.360251e-06,1.925754e-06
12320768,190900,98566144,2502851,1.507563e-01,6.257330e-02,1.787786e-08,5.372716e-09,7.852260e-07,1.375415e-06
12582912,194430,100663296,2556385,1.507913e-01,6.262352e-02,9.745676e-09,1.525797e-08,4.280467e-07,3.906041e-06
12845056,194549,102760448,2609962,1.508297e-01,6.264256e-02,3.633099e-09,2.032318e-08,1.595719e-07,5.202735e-06
13107200,194562,104857600,2662606,1.508071e-01,6.262215e-02,6.871607e-09,1.492118e-08,3.018127e-07,3.819821e-06
13369344,194564,106954752,2715476,1.508233e-01,6.262666e-02,4.450557e-09,1.604272e-08,1.954760e-07,4.106937e-06
13631488,194564,109051904,2768686,1.507960e-01,6.263461e-02,8.840950e-09,1.811975e-08,3.883096e-07,4.638657e-06
13893632,194569,111149056,2821835,1.507743e-01,6.263446e-02,1.338823e-08,1.807966e-08,5.880338e-07,4.628393e-06
14155776,194572,113246208,2875021,1.507910e-01,6.264850e-02,9.807558e-09,2.205151e-08,4.307646e-07,5.645188e-06
14417920,194590,115343360,2928574,1.508303e-01,6.267132e-02,3.561601e-09,2.935008e-08,1.564316e-07,7.513620e-06
14680064,194627,117440512,2982240,1.508526e-01,6.266918e-02,1.401133e-09,2.862198e-08,6.154016e-08,7.327228e-06
14942208,194627,119537664,3035328,1.508692e-01,6.266309e-02,4.333442e-10,2.659696e-08,1.903321e-08,6.808823e-06
15204352,194669,121634816,3088253,1.508792e-01,6.266367e-02,1.163905e-10,2.678929e-08,5.112067e-09,6.858059e-06
15466496,194763,123731968,3142018,1.508681e-01,6.266329e-02,4.785115e-10,2.666262e-08,2.101704e-08,6.825630e-06
15728640,194791,125829120,3195458,1.508757e-01,6.263295e-02,2.042102e-10,1.767521e-08,8.969259e-09,4.524854e-06
15990784,194817,127926272,3248446,1.508805e-01,6.261537e-02,8.953394e-11,1.331075e-08,3.932482e-09,3.407553e-06
16252928,194823,130023424,3302377,1.509074e-01,6.262214e-02,3.029186e-10,1.491936e-08,1.330470e-08,3.819355e-06
16515072,194822,132120576,3355693,1.508686e-01,6.262214e-02,4.591536e-10,1.491936e-08,2.016681e-08,3.819355e-06
16777216,194824,134217728,3408817,1.508595e-01,6.262075e-02,9.276881e-10,1.458094e-08,4.074564e-08,3.732720e-06
17039360,194832,136314880,3461924,1.508635e-01,6.260235e-02,7.043168e-10,1.047524e-08,3.093479e-08,2.681662e-06
17301504,194848,138412032,3515215,1.508580e-01,6.258686e-02,1.020680e-09,7.544463e-09,4.483002e-08,1.931382e-06
17563648,194858,140509184,3568357,1.508616e-01,6.258086e-02,8.049597e-10,6.538526e-09,3.535520e-08,1.673863e-06
17825792,194869,142606336,3621994,1.508944e-01,6.258804e-02,1.932343e-11,7.750348e-09,8.487179e-10,1.984089e-06
18087936,194883,144703488,3675619,1.509107e-01,6.259771e-02,4.271625e-10,9.546641e-09,1.876170e-08,2.443940e-06
18350080,194883,146800640,3729727,1.509303e-01,6.261416e-02,1.622304e-09,1.303200e-08,7.125436e-08,3.336193e-06
18612224,194886,148897792,3782871,1.509192e-01,6.262432e-02,8.521364e-10,1.545556e-08,3.742728e-08,3.956623e-06
18874368,194887,150994944,3836679,1.509386e-01,6.263531e-02,2.359801e-09,1.830879e-08,1.036465e-07,4.687051e-06
19136512,194887,153092096,3889763,1.509251e-01,6.260806e-02,1.234604e-09,1.167605e-08,5.422593e-08,2.989069e-06
19398656,194918,155189248,3943165,1.509518e-01,6.263845e-02,3.822320e-09,1.916749e-08,1.678828e-07,4.906876e-06
19660800,194922,157286400,3996109,1.509263e-01,6.261099e-02,1.320881e-09,1.231907e-08,5.801535e-08,3.153682e-06
19922944,194928,159383552,4049240,1.508862e-01,6.260286e-02,1.410072e-11,1.058074e-08,6.193275e-10,2.708669e-06
20185088,194941,161480704,4102869,1.509013e-01,6.259702e-02,1.282530e-10,9.413164e-09,5.633089e-09,2.409770e-06
20447232,194946,163577856,4156537,1.509442e-01,6.260252e-02,2.933925e-09,1.051035e-08,1.288630e-07,2.690649e-06
20709376,194947,165675008,4210000,1.509704e-01,6.259332e-02,6.458045e-09,8.708347e-09,2.836483e-07,2.229337e-06
20971520,194948,167772160,4263327,1.509688e-01,6.259333e-02,6.204325e-09,8.709737e-09,2.725045e-07,2.229693e-06
21233664,194951,169869312,4316888,1.509636e-01,6.262034e-02,5.412108e-09,1.448214e-08,2.377090e-07,3.707429e-06
21495808,194957,171966464,4369745,1.509217e-01,6.261109e-02,1.008340e-09,1.234058e-08,4.428802e-08,3.159188e-06
21757952,194965,174063616,4423146,1.509461e-01,6.260534e-02,3.150877e-09,1.109731e-08,1.383919e-07,2.840911e-06
22020096,194967,176160768,4476494,1.509704e-01,6.263187e-02,6.472423e-09,1.738912e-08,2.842798e-07,4.451615e-06
22282240,194974,178257920,4529492,1.509557e-01,6.262628e-02,4.314430e-09,1.594661e-08,1.894971e-07,4.082332e-06
22544384,194977,180355072,4583165,1.509511e-01,6.262978e-02,3.728929e-09,1.684328e-08,1.637809e-07,4.311880e-06
22806528,194983,182452224,4636361,1.509386e-01,6.261896e-02,2.367045e-09,1.415052e-08,1.039647e-07,3.622534e-06
23068672,194987,184549376,4689155,1.509194e-01,6.260037e-02,8.661127e-10,1.007498e-08,3.804114e-08,2.579196e-06
23330816,194987,186646528,4741884,1.509066e-01,6.258237e-02,2.750620e-10,6.784186e-09,1.208119e-08,1.736752e-06
23592960,194991,188743680,4795415,1.509272e-01,6.260321e-02,1.387779e-09,1.065136e-08,6.095360e-08,2.726749e-06
23855104,194993,190840832,4848892,1.509053e-01,6.262224e-02,2.332856e-10,1.494303e-08,1.024630e-08,3.825415e-06
24117248,195009,192937984,4902006,1.509289e-01,6.262276e-02,1.510273e-09,1.506898e-08,6.633375e-08,3.857658e-06
24379392,195011,195035136,4954403,1.508789e-01,6.259008e-02,1.222498e-10,8.115302e-09,5.369417e-09,2.077517e-06
24641536,195024,197132288,5007845,1.508858e-01,6.259013e-02,1.740830e-11,8.123358e-09,7.646019e-10,2.079580e-06
24903680,195038,199229440,5061196,1.508805e-01,6.259269e-02,8.925216e-11,8.590550e-09,3.920106e-09,2.199181e-06
25165824,195040,201326592,5114023,1.508708e-01,6.257460e-02,3.689318e-10,5.565557e-09,1.620411e-08,1.424783e-06
25427968,195050,203423744,5166772,1.508471e-01,6.255390e-02,1.837892e-09,2.904941e-09,8.072333e-08,7.436648e-07
25690112,195089,205520896,5219544,1.508303e-01,6.256034e-02,3.565159e-09,3.641187e-09,1.565878e-07,9.321440e-07
25952256,195111,207618048,5272626,1.508201e-01,6.255101e-02,4.882033e-09,2.601681e-09,2.144272e-07,6.660303e-07
26214400,195165,209715200,5325935,1.508153e-01,6.256106e-02,5.577792e-09,3.728929e-09,2.449861e-07,9.546059e-07
26476544,195246,211812352,5378854,1.507914e-01,6.255446e-02,9.728032e-09,2.966299e-09,4.272717e-07,7.593727e-07
26738688,195261,213909504,5432536,1.507838e-01,6.254265e-02,1.126907e-08,1.819413e-09,4.949566e-07,4.657696e-07
27000832,195332,216006656,5485821,1.507577e-01,6.251831e-02,1.750131e-08,3.351124e-10,7.686872e-07,8.578878e-08
27262976,195516,218103808,5538524,1.507646e-01,6.252075e-02,1.573095e-08,4.305570e-10,6.909299e-07,1.102226e-07
27525120,196240,220200960,5591340,1.507590e-01,6.252141e-02,1.717169e-08,4.581962e-10,7.542100e-07,1.172982e-07
27787264,196330,222298112,5644807,1.507812e-01,6.252559e-02,1.183276e-08,6.546073e-10,5.197148e-07,1.675795e-07
28049408,214376,224395264,5697717,1.507794e-01,6.253514e-02,1.223157e-08,1.234604e-09,5.372312e-07,3.160587e-07
28311552,215744,226492416,5751322,1.507930e-01,6.252742e-02,9.407382e-09,7.517542e-10,4.131882e-07,1.924491e-07
28573696,216465,228589568,5804698,1.508036e-01,6.252027e-02,7.472156e-09,4.109957e-10,3.281898e-07,1.052149e-07
28835840,217532,230686720,5858299,1.508053e-01,6.252654e-02,7.166214e-09,7.043168e-10,3.147523e-07,1.803051e-07
29097984,243903,232783872,5911607,1.507866e-01,6.252342e-02,1.069447e-08,5.487131e-10,4.697192e-07,1.404705e-07
29360128,245508,234881024,5965354,1.508057e-01,6.254417e-02,7.110819e-09,1.951386e-09,3.123193e-07,4.995547e-07
29622272,249126,236978176,6019034,1.508158e-01,6.255085e-02,5.502373e-09,2.585744e-09,2.416735e-07,6.619505e-07
29884416,256198,239075328,6072951,1.508175e-01,6.254633e-02,5.255401e-09,2.146257e-09,2.308262e-07,5.494417e-07
30146560,282816,241172480,6126217,1.508219e-01,6.255621e-02,4.631293e-09,3.159247e-09,2.034143e-07,8.087673e-07
30408704,283259,243269632,6179634,1.508205e-01,6.255908e-02,4.832184e-09,3.490813e-09,2.122378e-07,8.936482e-07
30670848,283720,245366784,6233687,1.508652e-01,6.257551e-02,6.155576e-10,5.702007e-09,2.703634e-08,1.459714e-06
30932992,288108,247463936,6287283,1.508747e-01,6.257451e-02,2.323761e-10,5.552225e-09,1.020635e-08,1.421370e-06
31195136,290343,249561088,6340220,1.508452e-01,6.256765e-02,2.010410e-09,4.576695e-09,8.830061e-08,1.171634e-06
31457280,298360,251658240,6393725,1.508743e-01,6.257679e-02,2.462051e-10,5.897185e-09,1.081374e-08,1.509679e-06
31719424,309228,253755392,6446981,1.508966e-01,6.258462e-02,4.357603e-11,7.161169e-09,1.913933e-09,1.833259e-06
31981568,321491,255852544,6500208,1.508712e-01,6.257769e-02,3.536380e-10,6.036459e-09,1.553238e-08,1.545334e-06
32243712,342248,257949696,6553352,1.508898e-01,6.259008e-02,3.752554e-14,8.113959e-09,1.648185e-12,2.077174e-06
32505856,349077,260046848,6606960,1.509245e-01,6.259844e-02,1.188959e-09,9.689857e-09,5.222110e-08,2.480603e-06
32768000,366747,262144000,6659785,1.509163e-01,6.259304e-02,6.901522e-10,8.655586e-09,3.031266e-08,2.215830e-06
33030144,366975,264241152,6713351,1.509093e-01,6.259003e-02,3.723744e-10,8.104567e-09,1.635531e-08,2.074769e-06
33292288,366993,266338304,6766760,1.509168e-01,6.258681e-02,7.186254e-10,7.535406e-09,3.156325e-08,1.929064e-06
33554432,367092,268435456,6819514,1.508930e-01,6.257593e-02,9.060308e-12,5.765193e-09,3.979441e-10,1.475889e-06
33816576,367102,270532608,6873670,1.509044e-01,6.257632e-02,2.076315e-10,5.825314e-09,9.119527e-09,1.491280e-06
34078720,367127,272629760,6927089,1.509092e-01,6.257126e-02,3.706511e-10,5.078672e-09,1.627962e-08,1.300140e-06
34340864,367160,274726912,6980033,1.509151e-01,6.257423e-02,6.319321e-10,5.510113e-09,2.775553e-08,1.410589e-06
34603008,367179,276824064,7033354,1.509276e-01,6.257638e-02,1.417917e-09,5.833278e-09,6.227732e-08,1.493319e-06
34865152,367181,278921216,7086816,1.509444e-01,6.256697e-02,2.958189e-09,4.485419e-09,1.299287e-07,1.148267e-06
35127296,367188,281018368,7140370,1.509557e-01,6.256297e-02,4.320304e-09,3.965511e-09,1.897551e-07,1.015171e-06
35389440,367234,283115520,7193827,1.509546e-01,6.255802e-02,4.170787e-09,3.366050e-09,1.831881e-07,8.617088e-07
35651584,367234,285212672,7246572,1.509306e-01,6.255414e-02,1.646401e-09,2.931504e-09,7.231271e-08,7.504651e-07
35913728,367239,287309824,7300438,1.509135e-01,6.254559e-02,5.522092e-10,2.078457e-09,2.425396e-08,5.320851e-07
36175872,367250,289406976,7353708,1.509156e-01,6.255475e-02,6.568968e-10,2.998035e-09,2.885202e-08,7.674970e-07
36438016,367251,291504128,7407609,1.509164e-01,6.256267e-02,6.995793e-10,3.927132e-09,3.072671e-08,1.005346e-06
36700160,367260,293601280,7461276,1.509246e-01,6.256195e-02,1.200290e-09,3.837998e-09,5.271877e-08,9.825275e-07
36962304,367261,295698432,7514621,1.509122e-01,6.255992e-02,4.929612e-10,3.590115e-09,2.165170e-08,9.190695e-07
37224448,367264,297795584,7568283,1.509257e-01,6.256783e-02,1.274717e-09,4.600921e-09,5.598775e-08,1.177836e-06
37486592,367300,299892736,7620804,1.509395e-01,6.257311e-02,2.453366e-09,5.344355e-09,1.077560e-07,1.368155e-06
37748736,367300,301989888,7673754,1.509318e-01,6.256843e-02,1.745807e-09,4.682136e-09,7.667881e-08,1.198627e-06
38010880,367309,304087040,7726533,1.509284e-01,6.255335e-02,1.475727e-09,2.846607e-09,6.481644e-08,7.287315e-07
38273024,367315,306184192,7779602,1.509234e-01,6.255630e-02,1.119110e-09,3.169306e-09,4.915323e-08,8.113423e-07
38535168,367333,308281344,7832706,1.509286e-01,6.255339e-02,1.489497e-09,2.850584e-09,6.542125e-08,7.297495e-07
38797312,367357,310378496,7886241,1.509305e-01,6.255148e-02,1.643983e-09,2.649785e-09,7.220653e-08,6.783449e-07
39059456,367363,312475648,7939371,1.509217e-01,6.254862e-02,1.003614e-09,2.363422e-09,4.408044e-08,6.050360e-07
39321600,367388,314572800,7992838,1.509280e-01,6.254779e-02,1.443845e-09,2.283695e-09,6.341612e-08,5.846260e-07
39583744,367391,316669952,8046407,1.509236e-01,6.255866e-02,1.127100e-09,3.440810e-09,4.950416e-08,8.808474e-07
39845888,367407,318767104,8099537,1.509344e-01,6.256785e-02,1.971845e-09,4.603953e-09,8.660678e-08,1.178612e-06
40108032,367427,320864256,8152794,1.509422e-01,6.256882e-02,2.729380e-09,4.736332e-09,1.198790e-07,1.212501e-06
40370176,367433,322961408,8206589,1.509569e-01,6.256907e-02,4.476441e-09,4.771263e-09,1.966129e-07,1.221443e-06
40632320,367443,325058560,8259581,1.509535e-01,6.256045e-02,4.033361e-09,3.654687e-09,1.771521e-07,9.356000e-07
40894464,367444,327155712,8313247,1.509576e-01,6.256563e-02,4.568633e-09,4.307581e-09,2.006622e-07,1.102741e-06
41156608,367444,329252864,8366722,1.509440e-01,6.255642e-02,2.916195e-09,3.183583e-09,1.280843e-07,8.149972e-07
41418752,367445,331350016,8419988,1.509471e-01,6.256255e-02,3.260553e-09,3.912205e-09,1.432090e-07,1.001525e-06
41680896,367458,333447168,8472985,1.509428e-01,6.257021e-02,2.784146e-09,4.930044e-09,1.222844e-07,1.262091e-06
41943040,367463,335544320,8526143,1.509342e-01,6.256983e-02,1.953361e-09,4.876828e-09,8.579494e-08,1.248468e-06
42205184,367466,337641472,8579402,1.509537e-01,6.257937e-02,4.052310e-09,6.299761e-09,1.779844e-07,1.612739e-06
42467328,367466,339738624,8632520,1.509448e-01,6.258938e-02,3.003749e-09,7.988278e-09,1.319298e-07,2.044999e-06
42729472,367468,341835776,8684937,1.509277e-01,6.258655e-02,1.420162e-09,7.491490e-09,6.237592e-08,1.917821e-06
42991616,367491,343932928,8738693,1.509316e-01,6.258488e-02,1.734618e-09,7.204108e-09,7.618736e-08,1.844252e-06
43253760,367519,346030080,8791958,1.509392e-01,6.258795e-02,2.420998e-09,7.734614e-09,1.063343e-07,1.980061e-06
43515904,367521,348127232,8844870,1.509318e-01,6.257927e-02,1.747053e-09,6.283214e-09,7.673351e-08,1.608503e-06
43778048,367632,350224384,8898052,1.509391e-01,6.257807e-02,2.407818e-09,6.094485e-09,1.057555e-07,1.560188e-06
44040192,367638,352321536,8951558,1.509501e-01,6.257838e-02,3.607994e-09,6.143441e-09,1.584692e-07,1.572721e-06
44302336,367743,354418688,9004641,1.509403e-01,6.256758e-02,2.526230e-09,4.567626e-09,1.109563e-07,1.169312e-06
44564480,367774,356515840,9057870,1.509366e-01,6.257337e-02,2.169792e-09,5.383644e-09,9.530097e-08,1.378213e-06
44826624,367850,358612992,9111281,1.509417e-01,6.257663e-02,2.668996e-09,5.872038e-09,1.172268e-07,1.503242e-06
45088768,371616,360710144,9163889,1.509162e-01,6.256423e-02,6.893695e-10,4.125680e-09,3.027828e-08,1.056174e-06
45350912,371618,362807296,9217172,1.509101e-01,6.255651e-02,4.052760e-10,3.192838e-09,1.780041e-08,8.173665e-07
45613056,373085,364904448,9270326,1.509106e-01,6.255278e-02,4.234748e-10,2.785719e-09,1.859973e-08,7.131441e-07
45875200,373112,367001600,9323663,1.509084e-01,6.254277e-02,3.370246e-10,1.828959e-09,1.480269e-08,4.682136e-07
46137344,373176,369098752,9377112,1.509096e-01,6.254376e-02,3.839651e-10,1.914698e-09,1.686440e-08,4.901626e-07
46399488,373253,371195904,9430567,1.509220e-01,6.254741e-02,1.024492e-09,2.247523e-09,4.499745e-08,5.753658e-07
46661632,373259,373293056,9484319,1.509302e-01,6.255107e-02,1.615110e-09,2.608526e-09,7.093838e-08,6.677826e-07
46923776,373268,375390208,9537279,1.509281e-01,6.254948e-02,1.452919e-09,2.448202e-09,6.381466e-08,6.267396e-07
47185920,373354,377487360,9590549,1.509354e-01,6.254912e-02,2.065570e-09,2.412939e-09,9.072335e-08,6.177124e-07
47448064,373382,379584512,9643287,1.509432e-01,6.254206e-02,2.831522e-09,1.768920e-09,1.243653e-07,4.528434e-07
47710208,373392,381681664,9696603,1.509396e-01,6.253266e-02,2.463709e-09,1.066894e-09,1.082103e-07,2.731249e-07
47972352,373441,383778816,9750194,1.509542e-01,6.253351e-02,4.122809e-09,1.123102e-09,1.810808e-07,2.875141e-07
48234496,373533,385875968,9803749,1.509491e-01,6.254157e-02,3.492574e-09,1.728417e-09,1.533998e-07,4.424749e-07
48496640,373545,387973120,9857304,1.509536e-01,6.252843e-02,4.042830e-09,8.083454e-10,1.775680e-07,2.069364e-07
48758784,373576,390070272,9910592,1.509639e-01,6.253676e-02,5.467059e-09,1.351383e-09,2.401225e-07,3.459541e-07
49020928,373604,392167424,9963813,1.509678e-01,6.253169e-02,6.050360e-09,1.004086e-09,2.657421e-07,2.570461e-07
49283072,373607,394264576,10017260,1.509874e-01,6.253544e-02,9.497203e-09,1.256165e-09,4.171333e-07,3.215781e-07
49545216,373643,396361728,10070603,1.509847e-01,6.253267e-02,8.975968e-09,1.067381e-09,3.942397e-07,2.732495e-07
49807360,373656,398458880,10123535,1.509756e-01,6.253638e-02,7.333691e-09,1.323591e-09,3.221082e-07,3.388392e-07
50069504,373668,400556032,10175950,1.509656e-01,6.252958e-02,5.721152e-09,8.749057e-10,2.512827e-07,2.239759e-07
50331648,373687,402653184,10229989,1.509897e-01,6.254121e-02,9.943793e-09,1.698195e-09,4.367483e-07,4.347379e-07
50593792,373696,404750336,10282938,1.509922e-01,6.254593e-02,1.044628e-08,2.109825e-09,4.588185e-07,5.401151e-07
50855936,373699,406847488,10336421,1.509899e-01,6.253885e-02,9.979487e-09,1.509115e-09,4.383160e-07,3.863334e-07
51118080,373701,408944640,10389573,1.509805e-01,6.253639e-02,8.189300e-09,1.324133e-09,3.596880e-07,3.389780e-07
51380224,373704,411041792,10442859,1.509759e-01,6.253285e-02,7.372024e-09,1.079097e-09,3.237918e-07,2.762488e-07
51642368,373716,413138944,10496165,1.509677e-01,6.253023e-02,6.034144e-09,9.136719e-10,2.650299e-07,2.339000e-07
51904512,373725,415236096,10549236,1.509699e-01,6.253302e-02,6.386395e-09,1.090385e-09,2.805013e-07,2.791385e-07
52166656,373745,417333248,10602479,1.509701e-01,6.253786e-02,6.412621e-09,1.433107e-09,2.816532e-07,3.668754e-07
52428800,373748,419430400,10655539,1.509604e-01,6.253131e-02,4.957284e-09,9.801495e-10,2.177323e-07,2.509183e-07
52690944,373760,421527552,10708541,1.509484e-01,6.252851e-02,3.417251e-09,8.130124e-10,1.500915e-07,2.081312e-07
52953088,373790,423624704,10761647,1.509344e-01,6.252865e-02,1.975817e-09,8.206782e-10,8.678124e-08,2.100936e-07
53215232,373791,425721856,10814899,1.509376e-01,6.252518e-02,2.262382e-09,6.338064e-10,9.936767e-08,1.622544e-07
53477376,373805,427819008,10868314,1.509326e-01,6.252312e-02,1.816236e-09,5.344952e-10,7.977216e-08,1.368308e-07
53739520,373806,429916160,10921585,1.509273e-01,6.252640e-02,1.390000e-09,6.968231e-10,6.105117e-08,1.783867e-07
54001664,373807,432013312,10975101,1.509227e-01,6.252454e-02,1.069816e-09,6.023202e-10,4.698816e-08,1.541940e-07
54263808,373809,434110464,11028570,1.509273e-01,6.252612e-02,1.388889e-09,6.823451e-10,6.100237e-08,1.746803e-07
54525952,373812,436207616,11081778,1.509288e-01,6.252695e-02,1.504487e-09,7.262351e-10,6.607964e-08,1.859162e-07
54788096,373825,438304768,11134965,1.509145e-01,6.252143e-02,5.986687e-10,4.591536e-10,2.629454e-08,1.175433e-07
55050240,373827,440401920,11188455,1.509211e-01,6.252692e-02,9.699130e-10,7.246297e-10,4.260023e-08,1.855052e-07
55312384,373833,442499072,11241592,1.509217e-01,6.252930e-02,1.007394e-09,8.586736e-10,4.424646e-08,2.198204e-07
55574528,373837,444596224,11294269,1.509097e-01,6.251935e-02,3.880638e-10,3.743899e-10,1.704442e-08,9.584382e-08
55836672,373843,446693376,11347284,1.509081e-01,6.251944e-02,3.267095e-10,3.778578e-10,1.434964e-08,9.673160e-08
56098816,373890,448790528,11400500,1.509017e-01,6.251202e-02,1.371783e-10,1.444272e-10,6.025102e-09,3.697336e-08
56360960,373945,450887680,11453847,1.509130e-01,6.251223e-02,5.286547e-10,1.494849e-10,2.321941e-08,3.826814e-08
56623104,373967,452984832,11506694,1.509048e-01,6.250974e-02,2.198297e-10,9.482687e-11,9.655294e-09,2.427568e-08
56885248,373969,455081984,11559740,1.509097e-01,6.250249e-02,3.898271e-10,6.192602e-12,1.712186e-08,1.585306e-09
57147392,373973,457179136,11612263,1.508979e-01,6.249869e-02,6.260792e-11,1.719513e-12,2.749846e-09,4.401954e-10
57409536,373973,459276288,11666235,1.508942e-01,6.249376e-02,1.728417e-11,3.888939e-11,7.591503e-10,9.955684e-09
57671680,373989,461373440,11719626,1.508890e-01,6.248974e-02,9.672263e-13,1.052563e-10,4.248222e-11,2.694561e-08
57933824,373994,463470592,11772393,1.508788e-01,6.248660e-02,1.259013e-10,1.795565e-10,5.529798e-09,4.596646e-08
58195968,373994,465567744,11826006,1.508904e-01,6.249362e-02,1.998401e-13,4.067502e-11,8.777318e-12,1.041280e-08
58458112,374001,467664896,11879020,1.508796e-01,6.248436e-02,1.088019e-10,2.444546e-10,4.778762e-09,6.258037e-08
58720256,374013,469762048,11932661,1.508935e-01,6.248930e-02,1.226241e-11,1.145491e-10,5.385860e-10,2.932456e-08
58982400,374054,471859200,11985644,1.508951e-01,6.249160e-02,2.627587e-11,7.056890e-11,1.154081e-09,1.806564e-08
59244544,374110,473956352,12039046,1.509159e-01,6.250132e-02,6.722622e-10,1.739109e-12,2.952690e-08,4.452119e-10
59506688,374141,476053504,12091878,1.509083e-01,6.250313e-02,3.359313e-10,9.792167e-12,1.475467e-08,2.506795e-09
59768832,374152,478150656,12145031,1.509020e-01,6.250960e-02,1.446063e-10,9.223294e-11,6.351355e-09,2.361163e-08
60030976,374243,480247808,12197370,1.508939e-01,6.250505e-02,1.512590e-11,2.551759e-11,6.643552e-10,6.532503e-09
60293120,374255,482344960,12250655,1.508948e-01,6.250472e-02,2.345346e-11,2.231304e-11,1.030116e-09,5.712138e-09
60555264,375258,484442112,12304316,1.508942e-01,6.250247e-02,1.765788e-11,6.081857e-12,7.755639e-10,1.556955e-09
60817408,375290,486539264,12357188,1.508839e-01,6.250241e-02,3.732570e-11,5.827339e-12,1.639408e-09,1.491799e-09
61079552,384252,488636416,12410521,1.508832e-01,6.250182e-02,4.596878e-11,3.304912e-12,2.019027e-09,8.460574e-10
61341696,384462,490733568,12463434,1.508721e-01,6.250133e-02,3.197442e-10,1.778633e-12,1.404371e-08,4.553300e-10
61603840,391803,492830720,12516615,1.508825e-01,6.250788e-02,5.551115e-11,6.213718e-11,2.438144e-09,1.590712e-08
61865984,393209,494927872,12569899,1.509028e-01,6.250934e-02,1.630804e-10,8.715301e-11,7.162769e-09,2.231117e-08
62128128,393931,497025024,12623209,1.509070e-01,6.251053e-02,2.895826e-10,1.108318e-10,1.271896e-08,2.837295e-08
62390272,394980,499122176,12676424,1.509005e-01,6.250972e-02,1.097364e-10,9.439205e-11,4.819811e-09,2.416436e-08
62652416,421719,501219328,12729876,1.508904e-01,6.250522e-02,1.867395e-13,2.720046e-11,8.201917e-12,6.963319e-09
62914560,425095,503316480,12783195,1.508890e-01,6.250291e-02,9.672263e-13,8.443246e-12,4.248222e-11,2.161471e-09
63176704,427022,505413632,12836673,1.508890e-01,6.250288e-02,1.026734e-12,8.270939e-12,4.509591e-11,2.117361e-09
63438848,434201,507510784,12890401,1.508977e-01,6.250550e-02,5.866330e-11,3.023382e-11,2.576591e-09,7.739857e-09
63700992,461048,509607936,12943486,1.508917e-01,6.250341e-02,2.987832e-12,1.164424e-11,1.312307e-10,2.980926e-09
63963136,461523,511705088,12996634,1.508930e-01,6.250409e-02,8.970824e-12,1.673112e-11,3.940138e-10,4.283166e-09
64225280,461853,513802240,13049997,1.509013e-01,6.250358e-02,1.275788e-10,1.278977e-11,5.603479e-09,3.274181e-09
64487424,467903,515899392,13103316,1.508948e-01,6.249434e-02,2.330935e-11,3.202107e-11,1.023787e-09,8.197393e-09
64749568,468625,517996544,13156050,1.508873e-01,6.248631e-02,7.436052e-12,1.875302e-10,3.266040e-10,4.800773e-08
65011712,477915,520093696,13208863,1.508805e-01,6.248979e-02,9.094947e-11,1.043410e-10,3.994655e-09,2.671131e-08
65273856,487464,522190848,13261829,1.508723e-01,6.248809e-02,3.128540e-10,1.417535e-10,1.374108e-08,3.628890e-08
65536000,500054,524288000,13315153,1.508745e-01,6.248775e-02,2.401634e-10,1.501233e-10,1.054839e-08,3.843155e-08
65798144,520686,526385152,13368309,1.508837e-01,6.249434e-02,3.973022e-11,3.202107e-11,1.745019e-09,8.197393e-09
66060288,527700,528482304,13421568,1.508817e-01,6.249375e-02,6.913670e-11,3.902891e-11,3.036601e-09,9.991400e-09
66322432,545590,530579456,13474944,1.508703e-01,6.248515e-02,3.874769e-10,2.206037e-10,1.701865e-08,5.647454e-08
66584576,545598,532676608,13528110,1.508662e-01,6.248597e-02,5.684342e-10,1.969298e-10,2.496660e-08,5.041403e-08
66846720,545716,534773760,13581226,1.508690e-01,6.248451e-02,4.408209e-10,2.399326e-10,1.936160e-08,6.142274e-08
67108864,545737,536870912,13634597,1.508855e-01,6.248725e-02,2.038569e-11,1.626051e-10,8.953743e-10,4.162689e-08
67371008,545805,538968064,13687434,1.508769e-01,6.248293e-02,1.703917e-10,2.913603e-10,7.483894e-09,7.458824e-08
67633152,545817,541065216,13741021,1.508864e-01,6.248835e-02,1.311151e-11,1.357856e-10,5.758799e-10,3.476111e-08
67895296,545836,543162368,13793752,1.508806e-01,6.248277e-02,8.840950e-11,2.967262e-10,3.883095e-09,7.596191e-08
68157440,545836,545259520,13846838,1.508818e-01,6.248515e-02,6.790324e-11,2.204930e-10,2.982426e-09,5.644621e-08
68419584,545836,547356672,13900370,1.508858e-01,6.248777e-02,1.753286e-11,1.496672e-10,7.700731e-10,3.831479e-08
68681728,545837,549453824,13953307,1.508780e-01,6.248307e-02,1.431764e-10,2.866738e-10,6.288549e-09,7.338849e-08
68943872,545846,551550976,14006971,1.508712e-01,6.248383e-02,3.541987e-10,2.615169e-10,1.555700e-08,6.694833e-08
69206016,545876,553648128,14059951,1.508598e-01,6.248473e-02,9.132215e-10,2.332856e-10,4.011024e-08,5.972112e-08
69468160,545913,555745280,14112986,1.508623e-01,6.248501e-02,7.690117e-10,2.246055e-10,3.377630e-08,5.749900e-08
69730304,545915,557842432,14166111,1.508619e-01,6.248119e-02,7.914878e-10,3.537781e-10,3.476348e-08,9.056720e-08
69992448,545921,559939584,14220274,1.508671e-01,6.248423e-02,5.231870e-10,2.485487e-10,2.297927e-08,6.362848e-08
70254592,545936,562036736,14273742,1.508722e-01,6.249093e-02,3.154952e-10,8.221696e-11,1.385708e-08,2.104754e-08
70516736,545976,564133888,14326386,1.508660e-01,6.248256e-02,5.755618e-10,3.042167e-10,2.527965e-08,7.787948e-08
70778880,545991,566231040,14379271,1.508677e-01,6.248555e-02,4.989344e-10,2.089218e-10,2.191405e-08,5.348397e-08
71041024,546000,568328192,14432370,1.508696e-01,6.248688e-02,4.149323e-10,1.721468e-10,1.822453e-08,4.406958e-08
71303168,546004,570425344,14485229,1.508629e-01,6.248391e-02,7.355005e-10,2.589928e-10,3.230443e-08,6.630216e-08
71565312,546019,572522496,14538351,1.508652e-01,6.248717e-02,6.148184e-10,1.647019e-10,2.700387e-08,4.216369e-08
71827456,546021,574619648,14591635,1.508655e-01,6.248672e-02,6.023202e-10,1.763759e-10,2.645492e-08,4.515224e-08
72089600,546034,576716800,14644998,1.508599e-01,6.248641e-02,9.078258e-10,1.847855e-10,3.987325e-08,4.730510e-08
72351744,546047,578813952,14697917,1.508580e-01,6.248510e-02,1.026401e-09,2.221556e-10,4.508128e-08,5.687184e-08
72613888,546054,580911104,14751520,1.508595e-01,6.248481e-02,9.313226e-10,2.307888e-10,4.090527e-08,5.908193e-08
72876032,546062,583008256,14805000,1.508608e-01,6.248088e-02,8.530066e-10,3.656476e-10,3.746550e-08,9.360579e-08
73138176,546065,585105408,14858221,1.508589e-01,6.248312e-02,9.680576e-10,2.849104e-10,4.251874e-08,7.293707e-08
73400320,546080,587202560,14911873,1.508652e-01,6.248251e-02,6.155576e-10,3.057781e-10,2.703634e-08,7.827920e-08
73662464,546100,589299712,14965041,1.508595e-01,6.248042e-02,9.304133e-10,3.832354e-10,4.086533e-08,9.810827e-08
73924608,546100,591396864,15018185,1.508594e-01,6.247884e-02,9.340531e-10,4.475731e-10,4.102519e-08,1.145787e-07
74186752,546129,593494016,15071601,1.508605e-01,6.248008e-02,8.696246e-10,3.969201e-10,3.819539e-08,1.016115e-07
74448896,546131,595591168,15124740,1.508584e-01,6.248451e-02,9.979573e-10,2.398172e-10,4.383198e-08,6.139319e-08
74711040,546140,597688320,15177912,1.508627e-01,6.248691e-02,7.444181e-10,1.713656e-10,3.269610e-08,4.386960e-08
74973184,546148,599785472,15231752,1.508618e-01,6.249232e-02,7.956855e-10,5.894897e-11,3.494786e-08,1.509094e-08
75235328,546153,601882624,15285125,1.508602e-01,6.248973e-02,8.846293e-10,1.054092e-10,3.885442e-08,2.698476e-08
75497472,546160,603979776,15338124,1.508605e-01,6.248607e-02,8.687460e-10,1.941169e-10,3.815680e-08,4.969394e-08
75759616,546171,606076928,15391434,1.508653e-01,6.248954e-02,6.074510e-10,1.094245e-10,2.668028e-08,2.801266e-08
76021760,546202,608174080,15444505,1.508604e-01,6.248831e-02,8.731436e-10,1.365681e-10,3.834995e-08,3.496143e-08
76283904,546247,610271232,15498770,1.508725e-01,6.249364e-02,3.055176e-10,4.043778e-11,1.341885e-08,1.035207e-08
76546048,546251,612368384,15552042,1.508664e-01,6.249392e-02,5.543122e-10,3.696243e-11,2.434633e-08,9.462383e-09
76808192,546356,614465536,15605348,1.508704e-01,6.249598e-02,3.822151e-10,1.618705e-11,1.678754e-08,4.143885e-09
77070336,546431,616562688,15658475,1.508813e-01,6.249768e-02,7.572964e-11,5.369094e-12,3.326175e-09,1.374488e-09
77332480,546433,618659840,15711329,1.508680e-01,6.249192e-02,4.857095e-10,6.528890e-11,2.133318e-08,1.671396e-08
77594624,546473,620756992,15763869,1.508722e-01,6.249322e-02,3.176162e-10,4.601931e-11,1.395024e-08,1.178094e-08
77856768,546487,622854144,15816840,1.508751e-01,6.249287e-02,2.211573e-10,5.083983e-11,9.713604e-09,1.301500e-08
78118912,553284,624951296,15870528,1.508781e-01,6.249291e-02,1.406910e-10,5.030998e-11,6.179388e-09,1.287935e-08
78381056,553383,627048448,15923476,1.508744e-01,6.248973e-02,2.434073e-10,1.054857e-10,1.069086e-08,2.700435e-08
78643200,553437,629145600,15976408,1.508724e-01,6.248840e-02,3.081277e-10,1.344864e-10,1.353349e-08,3.442853e-08
78905344,553498,631242752,16029428,1.508666e-01,6.248166e-02,5.487131e-10,3.364777e-10,2.410041e-08,8.613830e-08
79167488,553572,633339904,16082913,1.508623e-01,6.247795e-02,7.681855e-10,4.862022e-10,3.374001e-08,1.244678e-07
79429632,553673,635437056,16136171,1.508636e-01,6.248151e-02,6.940724e-10,3.418289e-10,3.048484e-08,8.750820e-08
79691776,553816,637534208,16189480,1.508554e-01,6.247827e-02,1.198226e-09,4.723382e-10,5.262811e-08,1.209186e-07
79953920,553845,639631360,16242750,1.508604e-01,6.248141e-02,8.740244e-10,3.454198e-10,3.838864e-08,8.842747e-08
80216064,553900,641728512,16296217,1.508604e-01,6.248289e-02,8.731436e-10,2.927609e-10,3.834995e-08,7.494680e-08
80478208,553901,643825664,16349139,1.508553e-01,6.248214e-02,1.201323e-09,3.190784e-10,5.276413e-08,8.168408e-08
80740352,553921,645922816,16402838,1.508547e-01,6.247859e-02,1.244047e-09,4.585152e-10,5.464065e-08,1.173799e-07
81002496,553930,648019968,16455813,1.508545e-01,6.246885e-02,1.260922e-09,9.701451e-10,5.538185e-08,2.483571e-07
81264640,553950,650117120,16508220,1.508389e-01,6.246627e-02,2.615380e-09,1.137630e-09,1.148719e-07,2.912334e-07
81526784,554003,652214272,16561799,1.508419e-01,6.246375e-02,2.315135e-09,1.313850e-09,1.016846e-07,3.363457e-07
81788928,554035,654311424,16614431,1.508313e-01,6.245660e-02,3.446932e-09,1.883528e-09,1.513951e-07,4.821832e-07
82051072,554045,656408576,16667501,1.508336e-01,6.245150e-02,3.176020e-09,2.351845e-09,1.394962e-07,6.020724e-07
82313216,554060,658505728,16719996,1.508280e-01,6.244840e-02,3.838921e-09,2.662841e-09,1.686119e-07,6.816873e-07
82575360,554068,660602880,16773253,1.508280e-01,6.244655e-02,3.844463e-09,2.856554e-09,1.688553e-07,7.312779e-07
82837504,554100,662700032,16826578,1.508255e-01,6.244732e-02,4.157325e-09,2.775504e-09,1.825968e-07,7.105291e-07
83099648,554123,664797184,16880086,1.508393e-01,6.245310e-02,2.569856e-09,2.199742e-09,1.128724e-07,5.631339e-07
83361792,554136,666894336,16932802,1.508330e-01,6.245049e-02,3.243557e-09,2.451521e-09,1.424625e-07,6.275893e-07
83623936,554142,668991488,16986293,1.508460e-01,6.245188e-02,1.934964e-09,2.315494e-09,8.498692e-08,5.927664e-07
83886080,554145,671088640,17039753,1.508468e-01,6.245140e-02,1.864820e-09,2.361973e-09,8.190607e-08,6.046652e-07
84148224,554148,673185792,17093190,1.508457e-01,6.245208e-02,1.959952e-09,2.296531e-09,8.608444e-08,5.879119e-07
84410368,554167,675282944,17146517,1.508414e-01,6.244946e-02,2.364146e-09,2.554771e-09,1.038373e-07,6.540213e-07
84672512,554183,677380096,17199862,1.508362e-01,6.244637e-02,2.888900e-09,2.876100e-09,1.268854e-07,7.362815e-07
84934656,554184,679477248,17252394,1.508288e-01,6.243897e-02,3.748974e-09,3.724381e-09,1.646613e-07,9.534415e-07
85196800,554200,681574400,17305832,1.508308e-01,6.243821e-02,3.503150e-09,3.818176e-09,1.538643e-07,9.774531e-07
85458944,554207,683671552,17359123,1.508353e-01,6.244098e-02,2.989067e-09,3.483773e-09,1.312849e-07,8.918460e-07
85721088,554210,685768704,17412679,1.508350e-01,6.244146e-02,3.026660e-09,3.426839e-09,1.329360e-07,8.772708e-07
85983232,554245,687865856,17466021,1.508363e-01,6.243491e-02,2.885697e-09,4.236483e-09,1.267447e-07,1.084540e-06
86245376,554256,689963008,17519794,1.508510e-01,6.243951e-02,1.521877e-09,3.659644e-09,6.684342e-08,9.368688e-07
86507520,554258,692060160,17572926,1.508493e-01,6.244065e-02,1.654876e-09,3.522138e-09,7.268497e-08,9.016672e-07
86769664,554270,694157312,17625716,1.508471e-01,6.243919e-02,1.836614e-09,3.698055e-09,8.066723e-08,9.467022e-07
87031808,554277,696254464,17678671,1.508419e-01,6.244050e-02,2.309403e-09,3.539847e-09,1.014329e-07,9.062008e-07
87293952,554297,698351616,17731412,1.508402e-01,6.244053e-02,2.478524e-09,3.536744e-09,1.088610e-07,9.054066e-07
87556096,554299,700448768,17784897,1.508463e-01,6.244466e-02,1.912742e-09,3.062838e-09,8.401088e-08,7.840865e-07
87818240,554304,702545920,17838393,1.508509e-01,6.244548e-02,1.525367e-09,2.971983e-09,6.699671e-08,7.608277e-07
88080384,554313,704643072,17891508,1.508426e-01,6.244400e-02,2.243992e-09,3.135839e-09,9.855993e-08,8.027748e-07
88342528,554319,706740224,17944805,1.508473e-01,6.244673e-02,1.818777e-09,2.837869e-09,7.988378e-08,7.264944e-07
88604672,554355,708837376,17998365,1.508414e-01,6.244646e-02,2.365596e-09,2.866518e-09,1.039010e-07,7.338286e-07
88866816,554368,710934528,18052545,1.508491e-01,6.244530e-02,1.671893e-09,2.991919e-09,7.343237e-08,7.659313e-07
89128960,554414,713031680,18105475,1.508485e-01,6.244333e-02,1.724702e-09,3.210967e-09,7.575186e-08,8.220075e-07
89391104,554428,715128832,18158857,1.508564e-01,6.244389e-02,1.126100e-09,3.148786e-09,4.946023e-08,8.060893e-07
89653248,554432,717225984,18212314,1.508598e-01,6.244334e-02,9.096226e-10,3.210544e-09,3.995217e-08,8.218993e-07
89915392,554445,719323136,18265583,1.508606e-01,6.244346e-02,8.634835e-10,3.196207e-09,3.792566e-08,8.182290e-07
90177536,554459,721420288,18318249,1.508477e-01,6.244243e-02,1.790923e-09,3.314807e-09,7.866037e-08,8.485906e-07
90439680,554477,723517440,18371095,1.508505e-01,6.244651e-02,1.558132e-09,2.860936e-09,6.843578e-08,7.323996e-07
90701824,554486,725614592,18424409,1.508517e-01,6.244934e-02,1.468866e-09,2.566458e-09,6.451509e-08,6.570133e-07
90963968,554486,727711744,18477669,1.508482e-01,6.244949e-02,1.744562e-09,2.551759e-09,7.662413e-08,6.532503e-07
91226112,554497,729808896,18531613,1.508486e-01,6.244807e-02,1.709882e-09,2.696782e-09,7.510093e-08,6.903761e-07
91488256,554533,731906048,18585167,1.508456e-01,6.245014e-02,1.967877e-09,2.485948e-09,8.643249e-08,6.364028e-07
91750400,554578,734003200,18638945,1.508538e-01,6.245636e-02,1.311151e-09,1.904605e-09,5.758798e-08,4.875788e-07
92012544,554599,736100352,18692102,1.508435e-01,6.245452e-02,2.164243e-09,2.068619e-09,9.505723e-08,5.295664e-07
92274688,554695,738197504,18745725,1.508471e-01,6.245395e-02,1.837892e-09,2.120447e-09,8.072333e-08,5.428345e-07
92536832,554703,740294656,18799270,1.508537e-01,6.245797e-02,1.319798e-09,1.766727e-09,5.796779e-08,4.522821e-07
92798976,554704,742391808,18852228,1.508496e-01,6.245761e-02,1.633126e-09,1.797235e-09,7.172965e-08,4.600921e-07
93061120,555776,744488960,18905322,1.508578e-01,6.246361e-02,1.036931e-09,1.324133e-09,4.554376e-08,3.389780e-07
93323264,555830,746586112,18958442,1.508511e-01,6.246251e-02,1.509115e-09,1.405320e-09,6.628289e-08,3.597619e-07
93585408,560009,748683264,19011297,1.508525e-01,6.245742e-02,1.406717e-09,1.812745e-09,6.178539e-08,4.640627e-07
93847552,563126,750780416,19064591,1.508469e-01,6.246015e-02,1.859676e-09,1.587680e-09,8.168012e-08,4.064461e-07
94109696,570503,752877568,19117409,1.508413e-01,6.245692e-02,2.369946e-09,1.856143e-09,1.040921e-07,4.751727e-07
94371840,571800,754974720,19170555,1.508293e-01,6.245214e-02,3.683571e-09,2.290822e-09,1.617887e-07,5.864504e-07
94633984,572630,757071872,19223598,1.508270e-01,6.244861e-02,3.973022e-09,2.640588e-09,1.745019e-07,6.759906e-07
94896128,573620,759169024,19276962,1.508312e-01,6.244662e-02,3.452183e-09,2.848993e-09,1.516257e-07,7.293422e-07
95158272,584112,761266176,19329394,1.508266e-01,6.244535e-02,4.014456e-09,2.986623e-09,1.763217e-07,7.645756e-07
95420416,589149,763363328,19383273,1.508342e-01,6.244965e-02,3.110856e-09,2.534851e-09,1.366341e-07,6.489217e-07
95682560,600244,765460480,19436054,1.508320e-01,6.245109e-02,3.363457e-09,2.391759e-09,1.477287e-07,6.122903e-07
95944704,605650,767557632,19489190,1.508395e-01,6.245453e-02,2.550254e-09,2.067941e-09,1.120115e-07,5.293929e-07
96206848,605679,769654784,19542739,1.508403e-01,6.245776e-02,2.472593e-09,1.784308e-09,1.086005e-07,4.567828e-07
96468992,612855,771751936,19595684,1.508431e-01,6.245935e-02,2.196249e-09,1.652150e-09,9.646298e-08,4.229503e-07
96731136,626784,773849088,19648973,1.508462e-01,6.246121e-02,1.919265e-09,1.504776e-09,8.429736e-08,3.852228e-07
96993280,634838,775946240,19702615,1.508507e-01,6.246452e-02,1.546390e-09,1.258542e-09,6.792007e-08,3.221868e-07
97255424,639719,778043392,19755245,1.508474e-01,6.246099e-02,1.816236e-09,1.521877e-09,7.977216e-08,3.896005e-07
97517568,640181,780140544,19808317,1.508502e-01,6.246203e-02,1.586493e-09,1.441864e-09,6.968146e-08,3.691172e-07
97779712,640432,782237696,19862037,1.508521e-01,6.246223e-02,1.438188e-09,1.426346e-09,6.316768e-08,3.651445e-07
98041856,647243,784334848,19915488,1.508577e-01,6.246255e-02,1.044622e-09,1.402807e-09,4.588159e-08,3.591186e-07
98304000,648549,786432000,19968433,1.508515e-01,6.245548e-02,1.484900e-09,1.982446e-09,6.521935e-08,5.075062e-07
98566144,658213,788529152,20021406,1.508455e-01,6.245157e-02,1.978467e-09,2.345346e-09,8.689766e-08,6.004086e-07
98828288,665828,790626304,20074698,1.508441e-01,6.245092e-02,2.102303e-09,2.409281e-09,9.233670e-08,6.167759e-07
99090432,678795,792723456,20128616,1.508552e-01,6.245189e-02,1.213750e-09,2.314777e-09,5.330996e-08,5.925828e-07
99352576,699273,794820608,20181169,1.508469e-01,6.244916e-02,1.855822e-09,2.584229e-09,8.151088e-08,6.615626e-07
99614720,706361,796917760,20234838,1.508508e-01,6.244730e-02,1.532358e-09,2.777467e-09,6.730379e-08,7.110316e-07
99876864,724140,799014912,20287731,1.508502e-01,6.244909e-02,1.582934e-09,2.592189e-09,6.952514e-08,6.636004e-07
100139008,724188,801112064,20341151,1.508486e-01,6.244465e-02,1.717284e-09,3.064075e-09,7.542605e-08,7.844033e-07
100401152,724327,803209216,20394344,1.508481e-01,6.244763e-02,1.758282e-09,2.742240e-09,7.722671e-08,7.020136e-07
100663296,724370,805306368,20447182,1.508474e-01,6.244547e-02,1.817506e-09,2.973202e-09,7.982797e-08,7.611397e-07
100925440,724370,807403520,20500235,1.508496e-01,6.244796e-02,1.630718e-09,2.708402e-09,7.162389e-08,6.933508e-07
101187584,724372,809500672,20553430,1.508492e-01,6.245268e-02,1.665805e-09,2.239406e-09,7.316500e-08,5.732879e-07
101449728,724380,811597824,20607409,1.508606e-01,6.245882e-02,8.634835e-10,1.696046e-09,3.792566e-08,4.341879e-07
101711872,724400,813694976,20660873,1.508540e-01,6.245861e-02,1.292870e-09,1.713273e-09,5.678505e-08,4.385979e-07
101974016,724442,815792128,20713789,1.508543e-01,6.245796e-02,1.276846e-09,1.767666e-09,5.608126e-08,4.525226e-07
102236160,724472,817889280,20767154,1.508534e-01,6.245942e-02,1.342633e-09,1.646401e-09,5.897072e-08,4.214785e-07
102498304,724522,819986432,20820303,1.508550e-01,6.245903e-02,1.227285e-09,1.678297e-09,5.390445e-08,4.296439e-07
102760448,724564,822083584,20873567,1.508475e-01,6.245434e-02,1.804823e-09,2.085256e-09,7.927090e-08,5.338256e-07
103022592,724590,824180736,20926303,1.508413e-01,6.245336e-02,2.369946e-09,2.175696e-09,1.040921e-07,5.569783e-07
103284736,724607,826277888,20978914,1.508358e-01,6.244952e-02,2.932311e-09,2.548373e-09,1.287921e-07,6.523834e-07
103546880,724613,828375040,21032118,1.508312e-01,6.244566e-02,3.460944e-09,2.952519e-09,1.520105e-07,7.558448e-07
103809024,724614,830472192,21084980,1.508295e-01,6.244671e-02,3.660094e-09,2.839457e-09,1.607576e-07,7.269009e-07
104071168,724622,832569344,21138771,1.508383e-01,6.244862e-02,2.668996e-09,2.639823e-09,1.172268e-07,6.757946e-07
104333312,724622,834666496,21192204,1.508373e-01,6.244785e-02,2.776289e-09,2.720046e-09,1.219394e-07,6.963319e-07
104595456,724633,836763648,21245287,1.508351e-01,6.244774e-02,3.013557e-09,2.730937e-09,1.323606e-07,6.991200e-07
104857600,724640,838860800,21298730,1.508352e-01,6.244909e-02,3.002116e-09,2.591430e-09,1.318580e-07,6.634061e-07
105119744,724664,840957952,21351904,1.508348e-01,6.244518e-02,3.048012e-09,3.004974e-09,1.338739e-07,7.692735e-07
105381888,724671,843055104,21406267,1.508399e-01,6.244921e-02,2.509780e-09,2.579686e-09,1.102338e-07,6.603996e-07
105644032,724679,845152256,21459292,1.508408e-01,6.244721e-02,2.418066e-09,2.786506e-09,1.062056e-07,7.133455e-07
105906176,724685,847249408,21512063,1.508364e-01,6.244485e-02,2.868114e-09,3.041845e-09,1.259724e-07,7.787123e-07
106168320,724742,849346560,21566046,1.508405e-01,6.244524e-02,2.445990e-09,2.998851e-09,1.074320e-07,7.677059e-07
106430464,724743,851443712,21619624,1.508540e-01,6.245084e-02,1.293942e-09,2.416600e-09,5.683212e-08,6.186497e-07
106692608,724761,853540864,21672931,1.508550e-01,6.245459e-02,1.222070e-09,2.061847e-09,5.367541e-08,5.278328e-07
106954752,724764,855638016,21726060,1.508474e-01,6.245459e-02,1.816236e-09,2.062185e-09,7.977216e-08,5.279194e-07
107216896,724768,857735168,21779971,1.508523e-01,6.245669e-02,1.422409e-09,1.875453e-09,6.247461e-08,4.801159e-07
107479040,724778,859832320,21832801,1.508520e-01,6.245415e-02,1.440450e-09,2.102644e-09,6.326700e-08,5.382769e-07
107741184,724797,861929472,21886341,1.508549e-01,6.245522e-02,1.231465e-09,2.005402e-09,5.408803e-08,5.133829e-07
108003328,724798,864026624,21939455,1.508524e-01,6.245247e-02,1.413431e-09,2.259548e-09,6.208031e-08,5.784443e-07
108265472,724835,866123776,21992927,1.508480e-01,6.245378e-02,1.760782e-09,2.135914e-09,7.733653e-08,5.467940e-07
108527616,724839,868220928,22046343,1.508510e-01,6.245437e-02,1.519552e-09,2.081856e-09,6.674134e-08,5.329550e-07
108789760,724845,870318080,22099907,1.508483e-01,6.245348e-02,1.734618e-09,2.163896e-09,7.618736e-08,5.539575e-07
109051904,724859,872415232,22153709,1.508493e-01,6.245661e-02,1.656089e-09,1.882881e-09,7.273824e-08,4.820176e-07
109314048,724889,874512384,22206636,1.508482e-01,6.245654e-02,1.743317e-09,1.888381e-09,7.656947e-08,4.834257e-07
109576192,724899,876609536,22259684,1.508512e-01,6.245777e-02,1.504487e-09,1.783364e-09,6.607964e-08,4.565411e-07
109838336,724910,878706688,22313245,1.508520e-01,6.245882e-02,1.446111e-09,1.695740e-09,6.351565e-08,4.341093e-07
110100480,725003,880803840,22365721,1.508506e-01,6.246004e-02,1.551081e-09,1.597194e-09,6.812613e-08,4.088818e-07
110362624,725032,882900992,22418434,1.508435e-01,6.246139e-02,2.161471e-09,1.490648e-09,9.493549e-08,3.816058e-07
110624768,725104,884998144,22471486,1.508435e-01,6.246017e-02,2.161471e-09,1.586196e-09,9.493549e-08,4.060662e-07
110886912,725114,887095296,22525080,1.508507e-01,6.246425e-02,1.547562e-09,1.277911e-09,6.797155e-08,3.271453e-07
111149056,725198,889192448,22578671,1.508516e-01,6.246218e-02,1.475727e-09,1.430006e-09,6.481644e-08,3.660816e-07
111411200,725234,891289600,22632384,1.508573e-01,6.245635e-02,1.066894e-09,1.904930e-09,4.685980e-08,4.876620e-07
111673344,733607,893386752,22685244,1.508527e-01,6.245332e-02,1.392223e-09,2.179173e-09,6.114881e-08,5.578683e-07
111935488,733760,895483904,22738243,1.508544e-01,6.245440e-02,1.266219e-09,2.079477e-09,5.561450e-08,5.323460e-07
112197632,733825,897581056,22791526,1.508552e-01,6.245483e-02,1.210637e-09,2.039915e-09,5.317324e-08,5.222183e-07
112459776,733994,899678208,22844564,1.508568e-01,6.245447e-02,1.104206e-09,2.073026e-09,4.849858e-08,5.306947e-07
112721920,734011,901775360,22897525,1.508538e-01,6.244913e-02,1.306838e-09,2.588018e-09,5.739856e-08,6.625326e-07
112984064,734226,903872512,22950648,1.508563e-01,6.244860e-02,1.137128e-09,2.641737e-09,4.994459e-08,6.762847e-07
113246208,734245,905969664,23003749,1.508555e-01,6.244903e-02,1.187932e-09,2.598262e-09,5.217598e-08,6.651550e-07
113508352,734331,908066816,23057159,1.508555e-01,6.244938e-02,1.187932e-09,2.562308e-09,5.217598e-08,6.559508e-07
113770496,734375,910163968,23110526,1.508594e-01,6.245228e-02,9.386127e-10,2.276935e-09,4.122546e-08,5.828954e-07
114032640,734388,912261120,23163495,1.508593e-01,6.245334e-02,9.422685e-10,2.177087e-09,4.138603e-08,5.573342e-07
114294784,734409,914358272,23216346,1.508540e-01,6.244883e-02,1.296087e-09,2.618429e-09,5.692634e-08,6.703178e-07
114556928,734415,916455424,23269470,1.508482e-01,6.244673e-02,1.748298e-09,2.837472e-09,7.678824e-08,7.263928e-07
114819072,734422,918552576,23323122,1.508501e-01,6.245196e-02,1.594813e-09,2.307971e-09,7.004689e-08,5.908405e-07
115081216,734524,920649728,23375865,1.508497e-01,6.244861e-02,1.621104e-09,2.640588e-09,7.120165e-08,6.759906e-07
115343360,734563,922746880,23429491,1.508536e-01,6.244820e-02,1.326303e-09,2.683257e-09,5.825346e-08,6.869137e-07
115605504,734574,924844032,23482437,1.508515e-01,6.244912e-02,1.479164e-09,2.588397e-09,6.496739e-08,6.626296e-07
115867648,734590,926941184,23535448,1.508537e-01,6.244834e-02,1.315471e-09,2.668996e-09,5.777773e-08,6.832630e-07
116129792,734678,929038336,23588251,1.508533e-01,6.244857e-02,1.348099e-09,2.645185e-09,5.921078e-08,6.771672e-07
116391936,734709,931135488,23640921,1.508486e-01,6.244342e-02,1.714815e-09,3.201263e-09,7.531759e-08,8.195234e-07
116654080,734713,933232640,23694271,1.508518e-01,6.244615e-02,1.455192e-09,2.899722e-09,6.391448e-08,7.423290e-07
116916224,734725,935329792,23747968,1.508534e-01,6.244682e-02,1.340450e-09,2.827955e-09,5.887483e-08,7.239565e-07
117178368,734739,937426944,23800949,1.508543e-01,6.244879e-02,1.276846e-09,2.622625e-09,5.608126e-08,6.713919e-07
117440512,734752,939524096,23854036,1.508547e-01,6.245331e-02,1.242996e-09,2.179869e-09,5.459449e-08,5.580464e-07
117702656,734775,941621248,23907250,1.508632e-01,6.245513e-02,7.202241e-10,2.013083e-09,3.163347e-08,5.153493e-07
117964800,734803,943718400,23960628,1.508696e-01,6.245798e-02,4.173641e-10,1.766101e-09,1.833134e-08,4.521218e-07
118226944,734820,945815552,24014586,1.508719e-01,6.245966e-02,3.267095e-10,1.627109e-09,1.434964e-08,4.165400e-07
118489088,734821,947912704,24067524,1.508667e-01,6.245570e-02,5.438372e-10,1.962592e-09,2.388625e-08,5.024236e-07
118751232,734828,950009856,24121445,1.508805e-01,6.246153e-02,9.066548e-11,1.480023e-09,3.982181e-09,3.788860e-07
119013376,734829,952107008,24174347,1.508706e-01,6.245786e-02,3.769893e-10,1.775820e-09,1.655801e-08,4.546100e-07
119275520,734843,954204160,24227514,1.508702e-01,6.245788e-02,3.910048e-10,1.774251e-09,1.717359e-08,4.542082e-07
119537664,734847,956301312,24280585,1.508737e-01,6.245998e-02,2.652654e-10,1.601664e-09,1.165091e-08,4.100260e-07
119799808,734871,958398464,24334131,1.508709e-01,6.246296e-02,3.643665e-10,1.372279e-09,1.600360e-08,3.513035e-07
120061952,734901,960495616,24387850,1.508762e-01,6.246488e-02,1.899869e-10,1.233296e-09,8.344548e-09,3.157237e-07
120324096,734912,962592768,24440915,1.508689e-01,6.246200e-02,4.439551e-10,1.443845e-09,1.949926e-08,3.696243e-07
120586240,734912,964689920,24493954,1.508684e-01,6.246303e-02,4.674929e-10,1.366489e-09,2.053308e-08,3.498212e-07
120848384,734921,966787072,24547086,1.508638e-01,6.246049e-02,6.846825e-10,1.561368e-09,3.007242e-08,3.997103e-07
121110528,734923,968884224,24599969,1.508573e-01,6.245586e-02,1.068842e-09,1.948425e-09,4.694535e-08,4.987967e-07
121372672,734955,970981376,24653129,1.508582e-01,6.245712e-02,1.008340e-09,1.838850e-09,4.428802e-08,4.707456e-07
121634816,734981,973078528,24706064,1.508610e-01,6.246069e-02,8.382737e-10,1.544925e-09,3.681840e-08,3.955009e-07
121896960,735007,975175680,24759307,1.508679e-01,6.246261e-02,4.896583e-10,1.398067e-09,2.150663e-08,3.579052e-07
122159104,735014,977272832,24812479,1.508658e-01,6.245994e-02,5.863365e-10,1.604946e-09,2.575290e-08,4.108661e-07
122421248,735018,979369984,24865742,1.508661e-01,6.245962e-02,5.712799e-10,1.630417e-09,2.509158e-08,4.173867e-07
122683392,735063,981467136,24919080,1.508688e-01,6.246153e-02,4.471004e-10,1.480310e-09,1.963741e-08,3.789594e-07
122945536,735072,983564288,24972000,1.508693e-01,6.246421e-02,4.296299e-10,1.280843e-09,1.887008e-08,3.278957e-07
123207680,735083,985661440,25025081,1.508615e-01,6.245919e-02,8.100409e-10,1.665197e-09,3.557837e-08,4.262905e-07
123469824,735086,987758592,25077757,1.508619e-01,6.245801e-02,7.914878e-10,1.762971e-09,3.476348e-08,4.513205e-07
123731968,735100,989855744,25131438,1.508669e-01,6.246066e-02,5.334622e-10,1.547562e-09,2.343057e-08,3.961759e-07
123994112,735118,991952896,25184900,1.508662e-01,6.245808e-02,5.641789e-10,1.757657e-09,2.477969e-08,4.499601e-07
124256256,735132,994050048,25238057,1.508673e-01,6.245571e-02,5.163925e-10,1.961602e-09,2.268084e-08,5.021701e-07
124518400,735170,996147200,25291198,1.508718e-01,6.245472e-02,3.294085e-10,2.050698e-09,1.446818e-08,5.249786e-07
124780544,735183,998244352,25344472,1.508718e-01,6.245583e-02,3.310332e-10,1.950728e-09,1.453954e-08,4.993863e-07
125042688,735210,1000341504,25397091,1.508667e-01,6.245295e-02,5.431424e-10,2.214092e-09,2.385574e-08,5.668076e-07
125304832,735211,1002438656,25450235,1.508632e-01,6.245319e-02,7.154333e-10,2.191014e-09,3.142305e-08,5.608997e-07
125566976,735229,1004535808,25503793,1.508584e-01,6.245095e-02,9.988990e-10,2.406356e-09,4.387334e-08,6.160271e-07
125829120,735247,1006632960,25556931,1.508481e-01,6.244994e-02,1.753286e-09,2.505676e-09,7.700731e-08,6.414530e-07
126091264,735350,1008730112,25610337,1.508525e-01,6.245396e-02,1.402249e-09,2.120104e-09,6.158917e-08,5.427466e-07
126353408,735355,1010827264,25663319,1.508514e-01,6.245243e-02,1.488347e-09,2.262737e-09,6.537075e-08,5.792606e-07
126615552,736486,1012924416,25715890,1.508529e-01,6.245635e-02,1.378911e-09,1.905580e-09,6.056413e-08,4.878285e-07
126877696,736547,1015021568,25768840,1.508512e-01,6.245450e-02,1.507957e-09,2.070313e-09,6.623205e-08,5.300002e-07
127139840,740559,1017118720,25822383,1.508531e-01,6.245843e-02,1.363461e-09,1.728108e-09,5.988554e-08,4.423956e-07
127401984,749169,1019215872,25875608,1.508530e-01,6.246033e-02,1.368969e-09,1.573758e-09,6.012746e-08,4.028820e-07
127664128,750360,1021313024,25929333,1.508573e-01,6.246223e-02,1.066894e-09,1.426346e-09,4.685980e-08,3.651445e-07
127926272,751334,1023410176,25982787,1.508525e-01,6.246223e-02,1.408953e-09,1.426346e-09,6.188362e-08,3.651445e-07
128188416,752239,1025507328,26036375,1.508540e-01,6.246077e-02,1.295014e-09,1.539366e-09,5.687922e-08,3.940777e-07
128450560,767748,1027604480,26088979,1.508543e-01,6.246467e-02,1.271527e-09,1.248518e-09,5.584763e-08,3.196207e-07
128712704,778821,1029701632,26142069,1.508509e-01,6.246395e-02,1.531192e-09,1.299308e-09,6.725256e-08,3.326227e-07
128974848,784301,1031798784,26195447,1.508499e-01,6.246445e-02,1.607932e-09,1.264099e-09,7.062310e-08,3.236094e-07
129236992,786342,1033895936,26248164,1.508517e-01,6.246322e-02,1.470008e-09,1.353027e-09,6.456526e-08,3.463749e-07
129499136,791414,1035993088,26301181,1.508473e-01,6.245995e-02,1.826411e-09,1.604349e-09,8.021907e-08,4.107133e-07
129761280,793574,1038090240,26354334,1.508532e-01,6.246249e-02,1.356867e-09,1.407276e-09,5.959588e-08,3.602626e-07
130023424,818369,1040187392,26407846,1.508584e-01,6.246531e-02,9.951349e-10,1.203131e-09,4.370801e-08,3.080015e-07
130285568,818816,1042284544,26461384,1.508594e-01,6.246595e-02,9.358756e-10,1.159345e-09,4.110525e-08,2.967923e-07
130547712,818941,1044381696,26514627,1.508630e-01,6.246303e-02,7.282444e-10,1.366489e-09,3.198573e-08,3.498212e-07
130809856,825925,1046478848,26567875,1.508654e-01,6.246490e-02,6.045164e-10,1.232249e-09,2.655139e-08,3.154558e-07
131072000,829238,1048576000,26621152,1.508663e-01,6.246630e-02,5.592347e-10,1.135621e-09,2.456253e-08,2.907190e-07
131334144,838593,1050673152,26674300,1.508707e-01,6.246884e-02,3.712251e-10,9.708414e-10,1.630484e-08,2.485354e-07
131596288,844155,1052770304,26727858,1.508695e-01,6.246834e-02,4.179732e-10,1.002198e-09,1.835809e-08,2.565628e-07
131858432,844320,1054867456,26781018,1.508682e-01,6.246828e-02,4.746079e-10,1.006448e-09,2.084558e-08,2.576508e-07
132120576,857479,1056964608,26834526,1.508736e-01,6.246982e-02,2.701415e-10,9.109714e-10,1.186507e-08,2.332087e-07
132382720,865329,1059061760,26887530,1.508746e-01,6.246584e-02,2.364828e-10,1.167222e-09,1.038673e-08,2.988089e-07
132644864,865771,1061158912,26940128,1.508752e-01,6.246432e-02,2.176259e-10,1.273388e-09,9.558500e-09,3.259872e-07
132907008,877797,1063256064,26993205,1.508734e-01,6.246471e-02,2.750620e-10,1.245624e-09,1.208119e-08,3.188798e-07
133169152,884896,1065353216,27046837,1.508828e-01,6.246891e-02,5.115908e-11,9.666672e-10,2.246993e-09,2.474668e-07
133431296,902556,1067450368,27099953,1.508795e-01,6.246990e-02,1.103617e-10,9.058065e-10,4.847274e-09,2.318865e-07
133693440,902765,1069547520,27153465,1.508845e-01,6.246950e-02,3.039791e-11,9.301860e-10,1.335128e-09,2.381276e-07
133955584,902824,1071644672,27206575,1.508838e-01,6.246958e-02,3.787393e-11,9.254202e-10,1.663487e-09,2.369076e-07
134217728,902878,1073741824,27259531,1.508851e-01,6.246928e-02,2.388845e-11,9.436412e-10,1.049221e-09,2.415721e-07
134479872,902878,1075838976,27312685,1.508860e-01,6.246793e-02,1.571099e-11,1.028551e-09,6.900532e-10,2.633089e-07
134742016,902892,1077936128,27365957,1.508877e-01,6.246421e-02,5.473177e-12,1.281109e-09,2.403913e-10,3.279640e-07
135004160,902922,1080033280,27419974,1.508941e-01,6.246887e-02,1.654876e-11,9.692170e-10,7.268497e-10,2.481196e-07
135266304,902953,1082130432,27473400,1.508954e-01,6.246707e-02,2.909761e-11,1.084243e-09,1.278017e-09,2.775661e-07
135528448,902959,1084227584,27526581,1.508914e-01,6.246452e-02,2.089218e-12,1.258542e-09,9.176198e-11,3.221868e-07
135790592,903089,1086324736,27579330,1.508885e-01,6.246327e-02,2.310152e-12,1.349193e-09,1.014658e-10,3.453934e-07
136052736,903136,1088421888,27632642,1.508948e-01,6.246596e-02,2.345346e-11,1.158584e-09,1.030116e-09,2.965975e-07
136314880,903154,1090519040,27685906,1.508977e-01,6.246940e-02,6.004086e-11,9.363315e-10,2.637097e-09,2.397009e-07
136577024,903183,1092616192,27739218,1.508983e-01,6.246786e-02,6.913670e-11,1.033096e-09,3.036601e-09,2.644725e-07
136839168,903224,1094713344,27792600,1.508975e-01,6.247026e-02,5.595613e-11,8.846293e-10,2.457688e-09,2.264651e-07
137101312,903230,1096810496,27845916,1.508975e-01,6.246945e-02,5.707634e-11,9.331425e-10,2.506890e-09,2.388845e-07
137363456,903231,1098907648,27899345,1.508948e-01,6.246925e-02,2.330935e-11,9.457022e-10,1.023787e-09,2.420998e-07
137625600,903240,1101004800,27952609,1.508954e-01,6.246908e-02,2.942002e-11,9.562712e-10,1.292177e-09,2.448054e-07
137887744,903260,1103101952,28006275,1.508993e-01,6.246944e-02,8.645884e-11,9.340531e-10,3.797419e-09,2.391176e-07
138149888,903262,1105199104,28059214,1.509012e-01,6.246788e-02,1.262359e-10,1.031899e-09,5.544496e-09,2.641660e-07
138412032,903269,1107296256,28112032,1.509011e-01,6.246651e-02,1.229097e-10,1.121355e-09,5.398402e-09,2.870668e-07
138674176,903271,1109393408,28165330,1.509017e-01,6.246467e-02,1.371783e-10,1.248518e-09,6.025102e-09,3.196207e-07
138936320,903280,1111490560,28218791,1.509034e-01,6.246636e-02,1.798561e-10,1.131858e-09,7.899587e-09,2.897556e-07
139198464,903292,1113587712,28271547,1.508999e-01,6.246649e-02,9.878520e-11,1.122602e-09,4.338814e-09,2.873862e-07
139460608,903312,1115684864,28324763,1.509033e-01,6.247092e-02,1.758815e-10,8.454074e-10,7.725016e-09,2.164243e-07
139722752,903379,1117782016,28377743,1.509039e-01,6.246847e-02,1.941169e-10,9.944299e-10,8.525946e-09,2.545740e-07
139984896,903397,1119879168,28431092,1.509099e-01,6.246937e-02,3.963265e-10,9.379281e-10,1.740733e-08,2.401096e-07
140247040,903414,1121976320,28484156,1.509085e-01,6.246990e-02,3.436220e-10,9.062551e-10,1.509246e-08,2.320013e-07
140509184,903426,1124073472,28537880,1.509113e-01,6.247142e-02,4.559662e-10,8.168408e-10,2.002681e-08,2.091112e-07
140771328,903436,1126170624,28590892,1.509087e-01,6.246902e-02,3.491687e-10,9.597303e-10,1.533608e-08,2.456910e-07
141033472,903440,1128267776,28644857,1.509157e-01,6.246998e-02,6.591903e-10,9.013273e-10,2.895276e-08,2.307398e-07
141295616,903451,1130364928,28698574,1.509223e-01,6.247406e-02,1.045586e-09,6.728419e-10,4.592390e-08,1.722475e-07
141557760,903462,1132462080,28752071,1.509241e-01,6.247450e-02,1.165441e-09,6.504202e-10,5.118816e-08,1.665076e-07
141819904,903464,1134559232,28805328,1.509249e-01,6.247579e-02,1.218947e-09,5.863365e-10,5.353822e-08,1.501022e-07
142082048,903479,1136656384,28858209,1.509276e-01,6.247547e-02,1.417917e-09,6.019545e-10,6.227732e-08,1.541004e-07
142344192,903509,1138753536,28911641,1.509310e-01,6.247675e-02,1.685324e-09,5.403678e-10,7.402229e-08,1.383341e-07
142606336,903514,1140850688,28965023,1.509248e-01,6.247597e-02,1.208564e-09,5.775297e-10,5.308219e-08,1.478476e-07
142868480,903517,1142947840,29018241,1.509278e-01,6.247714e-02,1.428035e-09,5.225056e-10,6.272170e-08,1.337614e-07
143130624,903517,1145044992,29071531,1.509296e-01,6.247881e-02,1.565198e-09,4.489928e-10,6.874615e-08,1.149422e-07
143392768,903542,1147142144,29124072,1.509274e-01,6.248014e-02,1.398903e-09,3.942527e-10,6.144220e-08,1.009287e-07
143654912,903608,1149239296,29177508,1.509312e-01,6.247880e-02,1.698809e-09,4.496246e-10,7.461459e-08,1.151039e-07
143917056,903702,1151336448,29230524,1.509274e-01,6.247554e-02,1.396675e-09,5.983041e-10,6.134433e-08,1.531659e-07
144179200,903716,1153433600,29283884,1.509305e-01,6.247738e-02,1.637947e-09,5.118312e-10,7.194141e-08,1.310288e-07
144441344,903729,1155530752,29337188,1.509291e-01,6.247484e-02,1.528861e-09,6.330563e-10,6.715015e-08,1.620624e-07
144703488,903750,1157627904,29390423,1.509330e-01,6.247351e-02,1.848127e-09,7.015513e-10,8.117288e-08,1.795971e-07
144965632,903962,1159725056,29443627,1.509345e-01,6.247296e-02,1.983773e-09,7.312634e-10,8.713069e-08,1.872034e-07
145227776,913927,1161822208,29496842,1.509314e-01,6.246923e-02,1.716050e-09,9.466189e-10,7.537180e-08,2.423344e-07
145489920,914101,1163919360,29550207,1.509311e-01,6.246516e-02,1.690222e-09,1.214010e-09,7.423740e-08,3.107864e-07
145752064,914212,1166016512,29604018,1.509338e-01,6.246413e-02,1.917959e-09,1.286983e-09,8.424003e-08,3.294676e-07
146014208,914476,1168113664,29657550,1.509373e-01,6.246572e-02,2.242580e-09,1.175382e-09,9.849794e-08,3.008978e-07
146276352,914497,1170210816,29711509,1.509424e-01,6.246851e-02,2.746534e-09,9.916125e-10,1.206324e-07,2.538528e-07
146538496,914575,1172307968,29764823,1.509446e-01,6.246880e-02,2.982553e-09,9.733967e-10,1.309988e-07,2.491896e-07
146800640,914582,1174405120,29817756,1.509440e-01,6.246853e-02,2.916195e-09,9.904397e-10,1.280843e-07,2.535526e-07
147062784,914686,1176502272,29870849,1.509418e-01,6.246827e-02,2.687504e-09,1.006685e-09,1.180397e-07,2.577113e-07
147324928,914841,1178599424,29923766,1.509415e-01,6.246622e-02,2.655157e-09,1.140900e-09,1.166190e-07,2.920703e-07
147587072,914883,1180696576,29977259,1.509451e-01,6.246892e-02,3.039791e-09,9.659724e-10,1.335128e-07,2.472889e-07
147849216,914937,1182793728,30030880,1.509411e-01,6.246732e-02,2.607765e-09,1.068111e-09,1.145375e-07,2.734365e-07
148111360,914994,1184890880,30084154,1.509428e-01,6.246911e-02,2.787292e-09,9.541987e-10,1.224226e-07,2.442749e-07
148373504,915068,1186988032,30137140,1.509368e-01,6.246510e-02,2.193456e-09,1.217907e-09,9.634032e-08,3.117841e-07
148635648,915069,1189085184,30190039,1.509314e-01,6.246249e-02,1.718520e-09,1.407276e-09,7.548030e-08,3.602626e-07
148897792,915090,1191182336,30243563,1.509291e-01,6.246338e-02,1.528861e-09,1.341268e-09,6.715015e-08,3.433647e-07
149159936,915122,1193279488,30296797,1.509335e-01,6.246708e-02,1.895835e-09,1.083997e-09,8.326832e-08,2.775033e-07
149422080,915197,1195376640,30350177,1.509341e-01,6.246868e-02,1.946781e-09,9.810828e-10,8.550592e-08,2.511572e-07
149684224,915242,1197473792,30403274,1.509326e-01,6.247063e-02,1.814966e-09,8.628268e-10,7.971639e-08,2.208837e-07
149946368,915257,1199570944,30457059,1.509358e-01,6.247239e-02,2.095476e-09,7.622086e-10,9.203686e-08,1.951254e-07
150208512,915326,1201668096,30510450,1.509383e-01,6.247412e-02,2.332375e-09,6.699461e-10,1.024419e-07,1.715062e-07
150470656,915335,1203765248,30563758,1.509406e-01,6.247448e-02,2.557784e-09,6.511805e-10,1.123422e-07,1.667022e-07
150732800,915340,1205862400,30617212,1.509390e-01,6.247485e-02,2.404894e-09,6.324941e-10,1.056270e-07,1.619185e-07
150994944,915351,1207959552,30670693,1.509426e-01,6.247488e-02,2.768443e-09,6.309959e-10,1.215947e-07,1.615350e-07
151257088,915351,1210056704,30724535,1.509467e-01,6.247703e-02,3.213078e-09,5.274562e-10,1.411238e-07,1.350288e-07
151519232,915357,1212153856,30777270,1.509441e-01,6.247492e-02,2.930698e-09,6.289389e-10,1.287212e-07,1.610084e-07
151781376,915391,1214251008,30830070,1.509406e-01,6.247220e-02,2.559292e-09,7.729424e-10,1.124084e-07,1.978732e-07
152043520,915402,1216348160,30883320,1.509404e-01,6.247190e-02,2.545741e-09,7.898118e-10,1.118133e-07,2.021918e-07
152305664,915404,1218445312,30936760,1.509400e-01,6.247240e-02,2.500830e-09,7.615917e-10,1.098407e-07,1.949675e-07
152567808,915410,1220542464,30990063,1.509419e-01,6.247442e-02,2.696782e-09,6.544166e-10,1.184472e-07,1.675307e-07
152829952,915462,1222639616,31042716,1.509377e-01,6.247495e-02,2.279425e-09,6.276316e-10,1.001162e-07,1.606737e-07
153092096,915498,1224736768,31096124,1.509423e-01,6.247477e-02,2.735612e-09,6.364351e-10,1.201527e-07,1.629274e-07
153354240,915499,1226833920,31148628,1.509421e-01,6.247475e-02,2.713833e-09,6.377515e-10,1.191961e-07,1.632644e-07
153616384,915502,1228931072,31201675,1.509438e-01,6.247450e-02,2.893707e-09,6.502302e-10,1.270966e-07,1.664589e-07
153878528,915503,1231028224,31255315,1.509456e-01,6.247361e-02,3.092598e-09,6.962332e-10,1.358322e-07,1.782357e-07
154140672,915506,1233125376,31309073,1.509500e-01,6.247572e-02,3.606204e-09,5.894075e-10,1.583906e-07,1.508883e-07
154402816,915516,1235222528,31361953,1.509454e-01,6.247239e-02,3.071090e-09,7.622086e-10,1.348875e-07,1.951254e-07
154664960,915532,1237319680,31414952,1.509453e-01,6.247167e-02,3.059540e-09,8.026361e-10,1.343802e-07,2.054748e-07
154927104,915543,1239416832,31468579,1.509513e-01,6.247451e-02,3.756277e-09,6.496604e-10,1.649821e-07,1.663131e-07
155189248,915615,1241513984,31521685,1.509530e-01,6.247451e-02,3.974900e-09,6.498503e-10,1.745844e-07,1.663617e-07
155451392,915617,1243611136,31574516,1.509486e-01,6.247361e-02,3.438189e-09,6.962332e-10,1.510111e-07,1.782357e-07
155713536,915628,1245708288,31627815,1.509480e-01,6.247267e-02,3.360001e-09,7.466558e-10,1.475770e-07,1.911439e-07
155975680,915673,1247805440,31680628,1.509437e-01,6.247126e-02,2.884097e-09,8.260229e-10,1.266744e-07,2.114619e-07
156237824,915686,1249902592,31733906,1.509441e-01,6.247069e-02,2.924248e-09,8.593287e-10,1.284379e-07,2.199882e-07
156499968,915723,1251999744,31786904,1.509470e-01,6.246980e-02,3.250350e-09,9.118711e-10,1.427609e-07,2.334390e-07
156762112,915735,1254096896,31840347,1.509525e-01,6.247039e-02,3.903821e-09,8.768902e-10,1.714625e-07,2.244839e-07
157024256,915738,1256194048,31894171,1.509543e-01,6.247105e-02,4.130467e-09,8.378423e-10,1.814171e-07,2.144876e-07
157286400,915745,1258291200,31947270,1.509563e-01,6.246930e-02,4.402969e-09,9.422685e-10,1.933859e-07,2.412207e-07
157548544,915775,1260388352,32000309,1.509548e-01,6.246829e-02,4.201639e-09,1.005267e-09,1.845431e-07,2.573483e-07
157810688,915782,1262485504,32053658,1.509582e-01,6.247059e-02,4.647532e-09,8.652359e-10,2.041275e-07,2.215004e-07
158072832,915786,1264582656,32106984,1.509578e-01,6.247105e-02,4.602942e-09,8.380580e-10,2.021690e-07,2.145428e-07
158334976,915831,1266679808,32160228,1.509521e-01,6.246825e-02,3.851857e-09,1.008340e-09,1.691801e-07,2.581351e-07
158597120,915840,1268776960,32213805,1.509519e-01,6.246841e-02,3.831539e-09,9.979573e-10,1.682877e-07,2.554771e-07
158859264,915863,1270874112,32267810,1.509524e-01,6.246712e-02,3.894517e-09,1.081056e-09,1.710538e-07,2.767503e-07
159121408,915866,1272971264,32321528,1.509559e-01,6.246879e-02,4.337952e-09,9.743267e-10,1.905302e-07,2.494276e-07
159383552,915881,1275068416,32374943,1.509547e-01,6.247010e-02,4.188127e-09,8.941837e-10,1.839497e-07,2.289110e-07
159645696,915911,1277165568,32427961,1.509534e-01,6.246965e-02,4.018234e-09,9.211188e-10,1.764876e-07,2.358064e-07
159907840,915918,1279262720,32480990,1.509543e-01,6.246729e-02,4.138132e-09,1.069816e-09,1.817538e-07,2.738730e-07
160169984,917126,1281359872,32534467,1.509523e-01,6.246487e-02,3.881508e-09,1.233819e-09,1.704825e-07,3.158577e-07
160432128,917184,1283457024,32587451,1.509500e-01,6.246281e-02,3.604415e-09,1.383341e-09,1.583120e-07,3.541354e-07
160694272,921146,1285554176,32640935,1.509496e-01,6.246245e-02,3.550938e-09,1.410352e-09,1.559632e-07,3.610501e-07
160956416,927806,1287651328,32694539,1.509526e-01,6.246539e-02,3.916867e-09,1.197968e-09,1.720354e-07,3.066798e-07
161218560,928886,1289748480,32748035,1.509568e-01,6.247151e-02,4.462494e-09,8.119505e-10,1.960003e-07,2.078593e-07
161480704,929943,1291845632,32801394,1.509579e-01,6.247276e-02,4.604964e-09,7.417778e-10,2.022579e-07,1.898951e-07
161742848,930946,1293942784,32854357,1.509530e-01,6.247219e-02,3.974900e-09,7.733567e-10,1.745844e-07,1.979793e-07
162004992,946326,1296039936,32907939,1.509525e-01,6.247193e-02,3.913137e-09,7.881376e-10,1.718716e-07,2.017632e-07
162267136,957377,1298137088,32961271,1.509555e-01,6.247211e-02,4.296830e-09,7.779217e-10,1.887241e-07,1.991480e-07
162529280,962872,1300234240,33014404,1.509563e-01,6.247335e-02,4.397038e-09,7.104598e-10,1.931254e-07,1.818777e-07
162791424,967226,1302331392,33067814,1.509532e-01,6.247436e-02,3.999364e-09,6.574697e-10,1.756589e-07,1.683123e-07
163053568,969952,1304428544,33120955,1.509539e-01,6.247589e-02,4.080817e-09,5.814755e-10,1.792365e-07,1.488577e-07
163315712,971943,1306525696,33174140,1.509506e-01,6.247763e-02,3.669115e-09,5.002667e-10,1.611538e-07,1.280683e-07
163577856,996955,1308622848,33226776,1.509491e-01,6.247521e-02,3.494336e-09,6.144490e-10,1.534771e-07,1.572989e-07
163840000,997421,1310720000,33280085,1.509469e-01,6.247408e-02,3.241860e-09,6.718759e-10,1.423880e-07,1.720002e-07
164102144,997529,1312817152,33333289,1.509443e-01,6.247359e-02,2.948472e-09,6.974132e-10,1.295019e-07,1.785378e-07
164364288,1004515,1314914304,33386499,1.509428e-01,6.247274e-02,2.784146e-09,7.429958e-10,1.222844e-07,1.902069e-07
164626432,1010390,1317011456,33439681,1.509442e-01,6.247542e-02,2.933925e-09,6.043333e-10,1.288630e-07,1.547093e-07
164888576,1020251,1319108608,33492840,1.509423e-01,6.247321e-02,2.738730e-09,7.176271e-10,1.202897e-07,1.837125e-07
165150720,1023021,1321205760,33546281,1.509416e-01,6.247694e-02,2.667456e-09,5.319145e-10,1.171592e-07,1.361701e-07
165412864,1036695,1323302912,33600132,1.509416e-01,6.247899e-02,2.661303e-09,4.412903e-10,1.168890e-07,1.129703e-07
165675008,1044236,1325400064,33653199,1.509400e-01,6.247851e-02,2.499340e-09,4.620318e-10,1.097753e-07,1.182801e-07
165937152,1055121,1327497216,33706297,1.509442e-01,6.247957e-02,2.933925e-09,4.173641e-10,1.288630e-07,1.068452e-07
166199296,1056814,1329594368,33759951,1.509453e-01,6.248043e-02,3.059540e-09,3.830896e-10,1.343802e-07,9.807094e-08
166461440,1063977,1331691520,33813719,1.509494e-01,6.248143e-02,3.526118e-09,3.450045e-10,1.548731e-07,8.832116e-08
166723584,1070746,1333788672,33866806,1.509529e-01,6.248135e-02,3.952385e-09,3.479168e-10,1.735955e-07,8.906670e-08
166985728,1081372,1335885824,33919645,1.509493e-01,6.247813e-02,3.513741e-09,4.783485e-10,1.543295e-07,1.224572e-07
167247872,1081652,1337982976,33973352,1.509482e-01,6.247616e-02,3.391168e-09,5.682566e-10,1.489459e-07,1.454737e-07
167510016,1081752,1340080128,34026659,1.509507e-01,6.247648e-02,3.690810e-09,5.532602e-10,1.621066e-07,1.416346e-07
167772160,1081785,1342177280,34080388,1.509509e-01,6.247606e-02,3.714384e-09,5.730621e-10,1.631421e-07,1.467039e-07
168034304,1081871,1344274432,34133626,1.509482e-01,6.247459e-02,3.387698e-09,6.456785e-10,1.487934e-07,1.652937e-07
168296448,1081966,1346371584,34186323,1.509464e-01,6.247451e-02,3.181061e-09,6.498503e-10,1.397176e-07,1.663617e-07
168558592,1081981,1348468736,34239837,1.509474e-01,6.247354e-02,3.292966e-09,7.001706e-10,1.446327e-07,1.792437e-07
168820736,1082006,1350565888,34292855,1.509436e-01,6.247352e-02,2.876100e-09,7.011567e-10,1.263232e-07,1.794961e-07
169082880,1082042,1352663040,34346089,1.509483e-01,6.247659e-02,3.405066e-09,5.480152e-10,1.495563e-07,1.402919e-07
169345024,1082134,1354760192,34399322,1.509448e-01,6.247553e-02,3.005383e-09,5.988510e-10,1.320015e-07,1.533058e-07
169607168,1082146,1356857344,34452680,1.509473e-01,6.247880e-02,3.289547e-09,4.494666e-10,1.444825e-07,1.150634e-07
169869312,1082169,1358954496,34506320,1.509460e-01,6.247818e-02,3.134170e-09,4.759073e-10,1.376581e-07,1.218323e-07
170131456,1082253,1361051648,34559355,1.509426e-01,6.247683e-02,2.770012e-09,5.369094e-10,1.216636e-07,1.374488e-07
170393600,1082262,1363148800,34612478,1.509396e-01,6.247502e-02,2.456319e-09,6.240902e-10,1.078857e-07,1.597671e-07
170655744,1082272,1365245952,34665638,1.509390e-01,6.247445e-02,2.406356e-09,6.527024e-10,1.056912e-07,1.670918e-07
170917888,1082293,1367343104,34718811,1.509373e-01,6.247235e-02,2.238348e-09,7.644730e-10,9.831207e-08,1.957051e-07
171180032,1082321,1369440256,34772257,1.509404e-01,6.247355e-02,2.541231e-09,6.993822e-10,1.116152e-07,1.790418e-07
171442176,1082374,1371537408,34825620,1.509366e-01,6.247360e-02,2.173959e-09,6.970198e-10,9.548396e-08,1.784371e-07
171704320,1082387,1373634560,34879128,1.509360e-01,6.247441e-02,2.113248e-09,6.546073e-10,9.281747e-08,1.675795e-07
171966464,1082387,1375731712,34932465,1.509386e-01,6.247451e-02,2.362698e-09,6.498503e-10,1.037737e-07,1.663617e-07
172228608,1082389,1377828864,34985957,1.509409e-01,6.247466e-02,2.588018e-09,6.420864e-10,1.136701e-07,1.643741e-07
172490752,1082401,1379926016,35039110,1.509382e-01,6.247623e-02,2.325184e-09,5.652412e-10,1.021260e-07,1.447018e-07
172752896,1082430,1382023168,35092413,1.509381e-01,6.247647e-02,2.316569e-09,5.534354e-10,1.017477e-07,1.416795e-07
173015040,1082435,1384120320,35145550,1.509378e-01,6.247679e-02,2.283695e-09,5.388101e-10,1.003038e-07,1.379354e-07
173277184,1082439,1386217472,35199151,1.509388e-01,6.247836e-02,2.385932e-09,4.681375e-10,1.047942e-07,1.198432e-07
173539328,1082449,1388314624,35252307,1.509375e-01,6.247775e-02,2.255300e-09,4.949483e-10,9.905661e-08,1.267068e-07
173801472,1082467,1390411776,35305704,1.509386e-01,6.247832e-02,2.365596e-09,4.702355e-10,1.039010e-07,1.203803e-07
174063616,1082475,1392508928,35359475,1.509410e-01,6.247715e-02,2.601681e-09,5.219948e-10,1.142702e-07,1.336307e-07
174325760,1082506,1394606080,35412722,1.509417e-01,6.247633e-02,2.675158e-09,5.601160e-10,1.174975e-07,1.433897e-07
174587904,1082557,1396703232,35466094,1.509420e-01,6.247624e-02,2.704525e-09,5.645329e-10,1.187874e-07,1.445204e-07
174850048,1082566,1398800384,35519762,1.509430e-01,6.247642e-02,2.809364e-09,5.560677e-10,1.233920e-07,1.423533e-07
175112192,1082594,1400897536,35572783,1.509381e-01,6.247732e-02,2.310835e-09,5.145318e-10,1.014958e-07,1.317201e-07
175374336,1082604,1402994688,35625928,1.509399e-01,6.247760e-02,2.487434e-09,5.019345e-10,1.092523e-07,1.284952e-07
175636480,1082610,1405091840,35679672,1.509401e-01,6.247877e-02,2.508287e-09,4.505730e-10,1.101682e-07,1.153467e-07
175898624,1082637,1407188992,35732748,1.509335e-01,6.247530e-02,1.891945e-09,6.102086e-10,8.309742e-08,1.562134e-07
176160768,1082643,1409286144,35785784,1.509345e-01,6.247560e-02,1.985101e-09,5.955736e-10,8.718902e-08,1.524668e-07
176422912,1082666,1411383296,35839231,1.509327e-01,6.247436e-02,1.821320e-09,6.574697e-10,7.999546e-08,1.683123e-07
176685056,1082708,1413480448,35892643,1.509335e-01,6.247639e-02,1.889353e-09,5.574741e-10,8.298359e-08,1.427134e-07
176947200,1082816,1415577600,35946247,1.509328e-01,6.247652e-02,1.830234e-09,5.513341e-10,8.038699e-08,1.411415e-07
177209344,1082823,1417674752,35999229,1.509306e-01,6.247364e-02,1.651241e-09,6.948577e-10,7.252532e-08,1.778836e-07
177471488,1083023,1419771904,36052634,1.509355e-01,6.247326e-02,2.066925e-09,7.148355e-10,9.078285e-08,1.829979e-07
177733632,1083251,1421869056,36105772,1.509352e-01,6.247420e-02,2.045303e-09,6.657102e-10,8.983318e-08,1.704218e-07
177995776,1087429,1423966208,36159831,1.509389e-01,6.247535e-02,2.393217e-09,6.074510e-10,1.051141e-07,1.555075e-07
178257920,1095438,1426063360,36213115,1.509408e-01,6.247468e-02,2.584986e-09,6.409542e-10,1.135370e-07,1.640843e-07
178520064,1095642,1428160512,36266736,1.509425e-01,6.247549e-02,2.752785e-09,6.008583e-10,1.209070e-07,1.538197e-07
178782208,1095955,1430257664,36319709,1.509418e-01,6.247383e-02,2.682871e-09,6.846825e-10,1.178362e-07,1.752787e-07
179044352,1096007,1432354816,36372635,1.509430e-01,6.247500e-02,2.806205e-09,6.250211e-10,1.232533e-07,1.600054e-07
179306496,1096021,1434451968,36426669,1.509524e-01,6.247655e-02,3.898237e-09,5.497607e-10,1.712172e-07,1.407387e-07
179568640,1096380,1436549120,36479080,1.509505e-01,6.247584e-02,3.663701e-09,5.836335e-10,1.609160e-07,1.494102e-07
179830784,1096381,1438646272,36531554,1.509463e-01,6.247450e-02,3.172662e-09,6.500402e-10,1.393487e-07,1.664103e-07
180092928,1096576,1440743424,36585231,1.509472e-01,6.247545e-02,3.277592e-09,6.026860e-10,1.439574e-07,1.542876e-07
180355072,1096606,1442840576,36638323,1.509462e-01,6.247422e-02,3.154224e-09,6.647494e-10,1.385389e-07,1.701758e-07
180617216,1096631,1444937728,36691383,1.509468e-01,6.247565e-02,3.228300e-09,5.928493e-10,1.417924e-07,1.517694e-07
180879360,1096655,1447034880,36744436,1.509427e-01,6.247297e-02,2.773150e-09,7.306591e-10,1.218014e-07,1.870487e-07
181141504,1096661,1449132032,36797937,1.509442e-01,6.247407e-02,2.942002e-09,6.724554e-10,1.292177e-07,1.721486e-07
181403648,1096749,1451229184,36850593,1.509413e-01,6.247152e-02,2.627587e-09,8.113137e-10,1.154081e-07,2.076963e-07
181665792,1096825,1453326336,36903576,1.509415e-01,6.246917e-02,2.650552e-09,9.505199e-10,1.164168e-07,2.433331e-07
181927936,1096835,1455423488,36956497,1.509410e-01,6.246731e-02,2.601681e-09,1.068842e-09,1.142702e-07,2.736235e-07
182190080,1096938,1457520640,37009371,1.509412e-01,6.246439e-02,2.626060e-09,1.268076e-09,1.153410e-07,3.246274e-07
182452224,1096972,1459617792,37062957,1.509455e-01,6.246515e-02,3.081008e-09,1.214269e-09,1.353231e-07,3.108529e-07
182714368,1096973,1461714944,37116118,1.509438e-01,6.246413e-02,2.898519e-09,1.286716e-09,1.273079e-07,3.293992e-07
182976512,1097082,1463812096,37169753,1.509436e-01,6.246147e-02,2.871307e-09,1.484900e-09,1.261127e-07,3.801345e-07
183238656,1097103,1465909248,37223797,1.509437e-01,6.246222e-02,2.887298e-09,1.427471e-09,1.268151e-07,3.654327e-07
183500800,1097121,1468006400,37276668,1.509435e-01,6.246051e-02,2.866518e-09,1.559602e-09,1.259023e-07,3.992582e-07
183762944,1097127,1470103552,37329780,1.509423e-01,6.245930e-02,2.735612e-09,1.656089e-09,1.201527e-07,4.239587e-07
184025088,1097134,1472200704,37383017,1.509468e-01,6.246046e-02,3.226607e-09,1.563135e-09,1.417180e-07,4.001626e-07
184287232,1097139,1474297856,37436640,1.509480e-01,6.246007e-02,3.361729e-09,1.594218e-09,1.476528e-07,4.081198e-07
184549376,1097140,1476395008,37490182,1.509465e-01,6.246064e-02,3.197892e-09,1.549321e-09,1.404568e-07,3.966262e-07
184811520,1097143,1478492160,37543866,1.509485e-01,6.246046e-02,3.422479e-09,1.563724e-09,1.503211e-07,4.003135e-07
185073664,1097159,1480589312,37597048,1.509487e-01,6.246043e-02,3.441684e-09,1.566082e-09,1.511646e-07,4.009171e-07
185335808,1097165,1482686464,37650072,1.509499e-01,6.246423e-02,3.582976e-09,1.279776e-09,1.573704e-07,3.276228e-07
185597952,1097185,1484783616,37702776,1.509458e-01,6.246138e-02,3.114181e-09,1.491223e-09,1.367801e-07,3.817531e-07
185860096,1097202,1486880768,37755838,1.509499e-01,6.246304e-02,3.588330e-09,1.366214e-09,1.576055e-07,3.497507e-07
186122240,1097207,1488977920,37809118,1.509465e-01,6.246128e-02,3.191154e-09,1.499290e-09,1.401609e-07,3.838182e-07
186384384,1097218,1491075072,37862551,1.509467e-01,6.246305e-02,3.216457e-09,1.365388e-09,1.412723e-07,3.495393e-07
186646528,1097248,1493172224,37915148,1.509436e-01,6.246106e-02,2.871307e-09,1.516649e-09,1.261127e-07,3.882623e-07
186908672,1097271,1495269376,37968148,1.509406e-01,6.246015e-02,2.560800e-09,1.588274e-09,1.124747e-07,4.065981e-07
187170816,1097278,1497366528,38021254,1.509396e-01,6.245912e-02,2.459274e-09,1.671284e-09,1.080155e-07,4.278486e-07
187432960,1097318,1499463680,38074856,1.509417e-01,6.246000e-02,2.676700e-09,1.599875e-09,1.175652e-07,4.095681e-07
187695104,1097376,1501560832,38127855,1.509452e-01,6.246364e-02,3.049657e-09,1.321694e-09,1.339461e-07,3.383536e-07
187957248,1097395,1503657984,38180618,1.509433e-01,6.246281e-02,2.841045e-09,1.383341e-09,1.247835e-07,3.541354e-07
188219392,1097404,1505755136,38233846,1.509409e-01,6.246121e-02,2.594086e-09,1.504776e-09,1.139367e-07,3.852228e-07
188481536,1097416,1507852288,38287271,1.509423e-01,6.246163e-02,2.738730e-09,1.472295e-09,1.202897e-07,3.769074e-07
188743680,1097457,1509949440,38340270,1.509425e-01,6.246341e-02,2.752785e-09,1.338814e-09,1.209070e-07,3.427363e-07
189005824,1097465,1512046592,38393553,1.509427e-01,6.246288e-02,2.774719e-09,1.377805e-09,1.218704e-07,3.527180e-07
189267968,1097474,1514143744,38446819,1.509418e-01,6.246375e-02,2.685959e-09,1.314120e-09,1.179719e-07,3.364148e-07
189530112,1097501,1516240896,38499811,1.509410e-01,6.246321e-02,2.598642e-09,1.353301e-09,1.141368e-07,3.464451e-07
189792256,1097534,1518338048,38552856,1.509357e-01,6.246356e-02,2.090022e-09,1.328203e-09,9.179733e-08,3.400199e-07
190054400,1097563,1520435200,38605692,1.509350e-01,6.246287e-02,2.027819e-09,1.378635e-09,8.906525e-08,3.529304e-07
190316544,1097574,1522532352,38658960,1.509341e-01,6.246135e-02,1.946781e-09,1.493526e-09,8.550592e-08,3.823426e-07
190578688,1097618,1524629504,38712005,1.509299e-01,6.246244e-02,1.593623e-09,1.410632e-09,6.999463e-08,3.611217e-07
190840832,1097639,1526726656,38764356,1.509271e-01,6.246137e-02,1.378911e-09,1.492662e-09,6.056413e-08,3.821215e-07
191102976,1097641,1528823808,38817468,1.509276e-01,6.245969e-02,1.413431e-09,1.624706e-09,6.208031e-08,4.159247e-07
191365120,1097643,1530920960,38870658,1.509291e-01,6.245988e-02,1.530026e-09,1.609426e-09,6.720134e-08,4.120130e-07
191627264,1097660,1533018112,38923739,1.509310e-01,6.245927e-02,1.682878e-09,1.658819e-09,7.391486e-08,4.246576e-07
191889408,1097725,1535115264,38976487,1.509264e-01,6.245850e-02,1.323049e-09,1.721919e-09,5.811054e-08,4.408112e-07
192151552,1097738,1537212416,39029376,1.509234e-01,6.245790e-02,1.116121e-09,1.772682e-09,4.902195e-08,4.538066e-07
192413696,1097768,1539309568,39083213,1.509255e-01,6.245907e-02,1.259864e-09,1.674941e-09,5.533537e-08,4.287848e-07
192675840,1097793,1541406720,39136657,1.509258e-01,6.245974e-02,1.285380e-09,1.621104e-09,5.645607e-08,4.150027e-07
192937984,1097852,1543503872,39190132,1.509262e-01,6.245938e-02,1.311151e-09,1.650030e-09,5.758798e-08,4.224078e-07
193200128,1098948,1545601024,39243558,1.509240e-01,6.246036e-02,1.154277e-09,1.571689e-09,5.069779e-08,4.023525e-07
193462272,1099112,1547698176,39296146,1.509239e-01,6.245892e-02,1.150230e-09,1.687772e-09,5.052006e-08,4.320696e-07
193724416,1102955,1549795328,39349636,1.509223e-01,6.245707e-02,1.040773e-09,1.842686e-09,4.571252e-08,4.717276e-07
193986560,1106700,1551892480,39402992,1.509265e-01,6.245708e-02,1.330648e-09,1.841727e-09,5.844430e-08,4.714821e-07
194248704,1108923,1553989632,39455919,1.509282e-01,6.245703e-02,1.463160e-09,1.846846e-09,6.426450e-08,4.727926e-07
194510848,1110289,1556086784,39509189,1.509255e-01,6.245502e-02,1.263040e-09,2.023124e-09,5.547485e-08,5.179198e-07
194772992,1122879,1558183936,39561804,1.509214e-01,6.245365e-02,9.885648e-10,2.147983e-09,4.341944e-08,5.498836e-07
195035136,1125296,1560281088,39614879,1.509201e-01,6.245380e-02,9.087240e-10,2.134537e-09,3.991270e-08,5.464415e-07
195297280,1133928,1562378240,39667764,1.509190e-01,6.245380e-02,8.417287e-10,2.134193e-09,3.697015e-08,5.463534e-07
195559424,1134012,1564475392,39720490,1.509188e-01,6.245503e-02,8.296672e-10,2.022119e-09,3.644039e-08,5.176625e-07
195821568,1136181,1566572544,39773775,1.509186e-01,6.245602e-02,8.202514e-10,1.933981e-09,3.602684e-08,4.950992e-07
196083712,1141766,1568669696,39826555,1.509131e-01,6.245479e-02,5.327740e-10,2.043618e-09,2.340034e-08,5.231663e-07
196345856,1148466,1570766848,39880283,1.509176e-01,6.245744e-02,7.607694e-10,1.811476e-09,3.341428e-08,4.637379e-07
196608000,1150331,1572864000,39933320,1.509154e-01,6.245801e-02,6.477627e-10,1.762971e-09,2.845084e-08,4.513205e-07
196870144,1154519,1574961152,39986830,1.509186e-01,6.245769e-02,8.168408e-10,1.790292e-09,3.587704e-08,4.583148e-07
197132288,1175777,1577058304,40040037,1.509214e-01,6.245885e-02,9.895020e-10,1.693286e-09,4.346061e-08,4.334812e-07
197394432,1175871,1579155456,40093314,1.509239e-01,6.246113e-02,1.149220e-09,1.510852e-09,5.047567e-08,3.867781e-07
197656576,1176853,1581252608,40146393,1.509222e-01,6.245918e-02,1.035012e-09,1.666414e-09,4.545950e-08,4.266019e-07
197918720,1183043,1583349760,40199553,1.509270e-01,6.246107e-02,1.370072e-09,1.515489e-09,6.017589e-08,3.879652e-07
198180864,1191594,1585446912,40252928,1.509271e-01,6.246021e-02,1.377805e-09,1.582934e-09,6.051552e-08,4.052310e-07
198443008,1200504,1587544064,40306422,1.509284e-01,6.246080e-02,1.476872e-09,1.536736e-09,6.486673e-08,3.934045e-07
198705152,1200699,1589641216,40359547,1.509267e-01,6.245951e-02,1.345911e-09,1.639153e-09,5.911469e-08,4.196232e-07
198967296,1214372,1591738368,40412555,1.509222e-01,6.245600e-02,1.035971e-09,1.935620e-09,4.550162e-08,4.955186e-07
199229440,1221666,1593835520,40465198,1.509216e-01,6.245558e-02,1.001727e-09,1.973169e-09,4.399754e-08,5.051311e-07
199491584,1234116,1595932672,40518680,1.509210e-01,6.245476e-02,9.615777e-10,2.046988e-09,4.223413e-08,5.240289e-07
199753728,1235715,1598029824,40571308,1.509179e-01,6.245382e-02,7.764678e-10,2.132472e-09,3.410378e-08,5.459129e-07
200015872,1241481,1600126976,40624298,1.509192e-01,6.245657e-02,8.530066e-10,1.885792e-09,3.746550e-08,4.827628e-07
200278016,1247976,1602224128,40677819,1.509198e-01,6.245577e-02,8.864030e-10,1.956326e-09,3.893232e-08,5.008194e-07
200540160,1258407,1604321280,40731097,1.509190e-01,6.245711e-02,8.417287e-10,1.839489e-09,3.697015e-08,4.709092e-07
200802304,1258784,1606418432,40784254,1.509181e-01,6.245558e-02,7.914878e-10,1.972838e-09,3.476348e-08,5.050464e-07
201064448,1258854,1608515584,40837830,1.509182e-01,6.245335e-02,7.982095e-10,2.176044e-09,3.505872e-08,5.570672e-07
201326592,1258919,1610612736,40891421,1.509166e-01,6.245407e-02,7.058996e-10,2.109140e-09,3.100431e-08,5.399399e-07
201588736,1259002,1612709888,40944508,1.509182e-01,6.245487e-02,7.982095e-10,2.036888e-09,3.505872e-08,5.214433e-07
201850880,1259160,1614807040,40997750,1.509181e-01,6.245399e-02,7.881376e-10,2.117361e-09,3.461634e-08,5.420443e-07
202113024,1259187,1616904192,41051195,1.509183e-01,6.245334e-02,7.998944e-10,2.177434e-09,3.513272e-08,5.574232e-07
202375168,1259282,1619001344,41104888,1.509219e-01,6.245491e-02,1.019729e-09,2.033526e-09,4.478821e-08,5.205828e-07
202637312,1259299,1621098496,41158001,1.509193e-01,6.245178e-02,8.608583e-10,2.325543e-09,3.781036e-08,5.953390e-07
202899456,1259303,1623195648,41211848,1.509193e-01,6.245273e-02,8.591103e-10,2.234825e-09,3.773359e-08,5.721151e-07
203161600,1259323,1625292800,41264888,1.509195e-01,6.245084e-02,8.713832e-10,2.416967e-09,3.827263e-08,6.187435e-07
203423744,1259345,1627389952,41317949,1.509206e-01,6.245147e-02,9.367875e-10,2.354737e-09,4.114530e-08,6.028126e-07
203685888,1259415,1629487104,41371486,1.509195e-01,6.245056e-02,8.696246e-10,2.444148e-09,3.819539e-08,6.257019e-07
203948032,1259422,1631584256,41424646,1.509178e-01,6.245140e-02,7.739784e-10,2.361973e-09,3.399445e-08,6.046652e-07
204210176,1259452,1633681408,41477774,1.509161e-01,6.244977e-02,6.807890e-10,2.522861e-09,2.990141e-08,6.458524e-07
204472320,1259457,1635778560,41531236,1.509172e-01,6.245092e-02,7.403580e-10,2.408549e-09,3.251778e-08,6.165886e-07
204734464,1259500,1637875712,41583915,1.509146e-01,6.245118e-02,6.037839e-10,2.383749e-09,2.651921e-08,6.102398e-07
204996608,1259592,1639972864,41636990,1.509140e-01,6.245203e-02,5.741327e-10,2.301175e-09,2.521689e-08,5.891008e-07
205258752,1259615,1642070016,41691223,1.509196e-01,6.245304e-02,8.784353e-10,2.205686e-09,3.858237e-08,5.646557e-07
205520896,1259645,1644167168,41744386,1.509186e-01,6.245030e-02,8.176928e-10,2.470371e-09,3.591446e-08,6.324149e-07
205783040,1259681,1646264320,41797707,1.509207e-01,6.245111e-02,9.413539e-10,2.390666e-09,4.134586e-08,6.120105e-07
206045184,1259683,1648361472,41850816,1.509188e-01,6.245270e-02,8.296672e-10,2.237643e-09,3.644039e-08,5.728367e-07
206307328,1259697,1650458624,41903865,1.509205e-01,6.245469e-02,9.295045e-10,2.053398e-09,4.082541e-08,5.256698e-07
206569472,1259712,1652555776,41957336,1.509223e-01,6.245539e-02,1.044622e-09,1.989751e-09,4.588159e-08,5.093763e-07
206831616,1259720,1654652928,42009936,1.509195e-01,6.245570e-02,8.687460e-10,1.962922e-09,3.815680e-08,5.025081e-07
207093760,1259721,1656750080,42063018,1.509175e-01,6.245543e-02,7.542076e-10,1.986429e-09,3.312608e-08,5.085258e-07
207355904,1259762,1658847232,42116714,1.509198e-01,6.245615e-02,8.890668e-10,1.922530e-09,3.904932e-08,4.921677e-07
207618048,1259763,1660944384,42169664,1.509164e-01,6.245624e-02,6.980037e-10,1.914698e-09,3.065751e-08,4.901626e-07
207880192,1259778,1663041536,42223043,1.509189e-01,6.245607e-02,8.348258e-10,1.929724e-09,3.666697e-08,4.940093e-07
208142336,1259794,1665138688,42276505,1.509182e-01,6.245520e-02,7.956855e-10,2.007404e-09,3.494786e-08,5.138955e-07
208404480,1259798,1667235840,42330564,1.509193e-01,6.245623e-02,8.608583e-10,1.916002e-09,3.781036e-08,4.904965e-07
208666624,1259798,1669332992,42383781,1.509243e-01,6.245761e-02,1.178705e-09,1.797235e-09,5.177073e-08,4.600921e-07
208928768,1259800,1671430144,42437581,1.509250e-01,6.245828e-02,1.223113e-09,1.740208e-09,5.372118e-08,4.454932e-07
209190912,1259846,1673527296,42491582,1.509269e-01,6.245772e-02,1.361261e-09,1.787771e-09,5.978890e-08,4.576694e-07
209453056,1259938,1675624448,42544823,1.509265e-01,6.245835e-02,1.336089e-09,1.734308e-09,5.868329e-08,4.439828e-07
209715200,1259946,1677721600,42598598,1.509293e-01,6.245963e-02,1.541706e-09,1.629515e-09,6.771432e-08,4.171557e-07
209977344,1260053,1679818752,42651517,1.509304e-01,6.245819e-02,1.629515e-09,1.748298e-09,7.157104e-08,4.475644e-07
210239488,1260074,1681915904,42705024,1.509321e-01,6.245895e-02,1.777076e-09,1.685018e-09,7.805221e-08,4.313647e-07
210501632,1260107,1684013056,42758716,1.509387e-01,6.246146e-02,2.377206e-09,1.485187e-09,1.044109e-07,3.802080e-07
210763776,1260111,1686110208,42812133,1.509427e-01,6.246267e-02,2.782574e-09,1.393614e-09,1.222154e-07,3.567651e-07
211025920,1264842,1688207360,42865509,1.509403e-01,6.246097e-02,2.535226e-09,1.523330e-09,1.113514e-07,3.899726e-07
211288064,1273082,1690304512,42918791,1.509411e-01,6.246281e-02,2.609287e-09,1.383064e-09,1.146043e-07,3.540645e-07
211550208,1275992,1692401664,42972012,1.509402e-01,6.246540e-02,2.521738e-09,1.197194e-09,1.107590e-07,3.064818e-07
211812352,1276285,1694498816,43025054,1.509430e-01,6.246708e-02,2.810943e-09,1.083507e-09,1.234614e-07,2.773778e-07
212074496,1276645,1696595968,43077916,1.509395e-01,6.246684e-02,2.450414e-09,1.099507e-09,1.076263e-07,2.814737e-07
212336640,1276678,1698693120,43130822,1.509386e-01,6.246649e-02,2.364146e-09,1.122602e-09,1.038373e-07,2.873862e-07
212598784,1276750,1700790272,43183448,1.509364e-01,6.246744e-02,2.154549e-09,1.059848e-09,9.463145e-08,2.713212e-07
212860928,1277150,1702887424,43236664,1.509340e-01,6.246830e-02,1.937587e-09,1.004795e-09,8.510211e-08,2.572274e-07
213123072,1277175,1704984576,43290236,1.509363e-01,6.246959e-02,2.144876e-09,9.249670e-10,9.420661e-08,2.367915e-07
213385216,1277451,1707081728,43343072,1.509339e-01,6.247101e-02,1.929724e-09,8.402162e-10,8.475675e-08,2.150954e-07
213647360,1277472,1709178880,43396704,1.509363e-01,6.246934e-02,2.142117e-09,9.402112e-10,9.408541e-08,2.406941e-07
213909504,1277520,1711276032,43450156,1.509348e-01,6.247052e-02,2.009074e-09,8.689656e-10,8.824193e-08,2.224552e-07
214171648,1277532,1713373184,43503706,1.509386e-01,6.247416e-02,2.361249e-09,6.676339e-10,1.037101e-07,1.709143e-07
214433792,1277536,1715470336,43556819,1.509387e-01,6.247352e-02,2.377206e-09,7.011567e-10,1.044109e-07,1.794961e-07
214695936,1277559,1717567488,43610295,1.509380e-01,6.247390e-02,2.306539e-09,6.813723e-10,1.013071e-07,1.744313e-07
214958080,1277659,1719664640,43663634,1.509406e-01,6.247427e-02,2.557784e-09,6.618711e-10,1.123422e-07,1.694390e-07
215220224,1277693,1721761792,43716830,1.509401e-01,6.247614e-02,2.512767e-09,5.695005e-10,1.103650e-07,1.457921e-07
215482368,1277767,1723858944,43770315,1.509374e-01,6.247379e-02,2.248229e-09,6.872193e-10,9.874604e-08,1.759281e-07
215744512,1277792,1725956096,43823609,1.509369e-01,6.247443e-02,2.204637e-09,6.536545e-10,9.683139e-08,1.673355e-07
216006656,1277823,1728053248,43876768,1.509352e-01,6.247261e-02,2.045303e-09,7.503249e-10,8.983318e-08,1.920832e-07
216268800,1277823,1730150400,43929630,1.509304e-01,6.247259e-02,1.635535e-09,7.515499e-10,7.183549e-08,1.923968e-07
216530944,1277904,1732247552,43982761,1.509308e-01,6.247270e-02,1.663374e-09,7.452314e-10,7.305820e-08,1.907792e-07
216793088,1277931,1734344704,44035390,1.509284e-01,6.247272e-02,1.472295e-09,7.444181e-10,6.466567e-08,1.905710e-07
217055232,1277938,1736441856,44088291,1.509254e-01,6.247262e-02,1.251416e-09,7.495088e-10,5.496431e-08,1.918742e-07
217317376,1277992,1738539008,44141766,1.509245e-01,6.247244e-02,1.187932e-09,7.597423e-10,5.217598e-08,1.944940e-07
217579520,1277994,1740636160,44195280,1.509231e-01,6.247275e-02,1.096297e-09,7.427927e-10,4.815124e-08,1.901549e-07
217841664,1278017,1742733312,44248229,1.509206e-01,6.247101e-02,9.386127e-10,8.404322e-10,4.122546e-08,2.151506e-07
218103808,1278041,1744830464,44301725,1.509224e-01,6.247200e-02,1.053309e-09,7.839598e-10,4.626314e-08,2.006937e-07
218365952,1278067,1746927616,44354990,1.509200e-01,6.247335e-02,9.024461e-10,7.102612e-10,3.963696e-08,1.818269e-07
218628096,1278103,1749024768,44407681,1.509195e-01,6.247402e-02,8.678678e-10,6.751630e-10,3.811823e-08,1.728417e-07
218890240,1278108,1751121920,44461113,1.509185e-01,6.247257e-02,8.134373e-10,7.525716e-10,3.572755e-08,1.926583e-07
219152384,1278111,1753219072,44514557,1.509190e-01,6.247250e-02,8.425936e-10,7.560502e-10,3.700814e-08,1.935489e-07
219414528,1278148,1755316224,44567964,1.509177e-01,6.247429e-02,7.665344e-10,6.609130e-10,3.366749e-08,1.691937e-07
219676672,1278159,1757413376,44620846,1.509147e-01,6.247205e-02,6.081857e-10,7.814585e-10,2.671255e-08,2.000534e-07
219938816,1278166,1759510528,44674256,1.509172e-01,6.247205e-02,7.379273e-10,7.814585e-10,3.241102e-08,2.000534e-07
220200960,1278167,1761607680,44727485,1.509169e-01,6.247239e-02,7.226255e-10,7.624144e-10,3.173894e-08,1.951781e-07
220463104,1278179,1763704832,44781148,1.509209e-01,6.247433e-02,9.578847e-10,6.588077e-10,4.207192e-08,1.686548e-07
220725248,1278227,1765801984,44834336,1.509238e-01,6.247535e-02,1.141151e-09,6.074510e-10,5.012131e-08,1.555075e-07
220987392,1278244,1767899136,44886959,1.509247e-01,6.247526e-02,1.207528e-09,6.122348e-10,5.303669e-08,1.567321e-07
221249536,1278258,1769996288,44940284,1.509226e-01,6.247369e-02,1.060091e-09,6.921109e-10,4.656099e-08,1.771804e-07
221511680,1278268,1772093440,44993478,1.509203e-01,6.247276e-02,9.186332e-10,7.421836e-10,4.034793e-08,1.899990e-07
221773824,1278330,1774190592,45047059,1.509200e-01,6.247258e-02,9.033416e-10,7.517542e-10,3.967630e-08,1.924491e-07
222035968,1278348,1776287744,45100136,1.509203e-01,6.247224e-02,9.213450e-10,7.704587e-10,4.046704e-08,1.972374e-07
222298112,1278390,1778384896,45152745,1.509211e-01,6.247252e-02,9.680576e-10,7.550263e-10,4.251874e-08,1.932867e-07
222560256,1278401,1780482048,45206631,1.509202e-01,6.247162e-02,9.150236e-10,8.051710e-10,4.018939e-08,2.061238e-07
222822400,1278404,1782579200,45259562,1.509219e-01,6.247280e-02,1.016875e-09,7.397499e-10,4.466290e-08,1.893760e-07
223084544,1278410,1784676352,45312942,1.509223e-01,6.247463e-02,1.045586e-09,6.437867e-10,4.592390e-08,1.648094e-07
223346688,1278434,1786773504,45366091,1.509233e-01,6.247611e-02,1.108170e-09,5.705678e-10,4.867273e-08,1.460654e-07
223608832,1278480,1788870656,45419793,1.509249e-01,6.247732e-02,1.219988e-09,5.145318e-10,5.358393e-08,1.317201e-07
223870976,1278522,1790967808,45473058,1.509236e-01,6.247598e-02,1.132109e-09,5.771716e-10,4.972413e-08,1.477559e-07
224133120,1278536,1793064960,45526960,1.509286e-01,6.247821e-02,1.492950e-09,4.746079e-10,6.557290e-08,1.214996e-07
224395264,1278564,1795162112,45580377,1.509301e-01,6.247894e-02,1.605543e-09,4.433274e-10,7.051815e-08,1.134918e-07
224657408,1278594,1797259264,45633424,1.509282e-01,6.247970e-02,1.456329e-09,4.120537e-10,6.396444e-08,1.054858e-07
224919552,1278619,1799356416,45685992,1.509253e-01,6.247647e-02,1.247202e-09,5.536107e-10,5.477924e-08,1.417243e-07
225181696,1278659,1801453568,45739600,1.509268e-01,6.247603e-02,1.353575e-09,5.746684e-10,5.945132e-08,1.471151e-07
225443840,1278741,1803550720,45792587,1.509278e-01,6.247585e-02,1.428035e-09,5.830936e-10,6.272170e-08,1.492720e-07
225705984,1278782,1805647872,45846547,1.509310e-01,6.247683e-02,1.682878e-09,5.367368e-10,7.391486e-08,1.374046e-07
225968128,1278816,1807745024,45899480,1.509322e-01,6.247787e-02,1.780847e-09,4.896583e-10,7.821784e-08,1.253525e-07
226230272,1278837,1809842176,45952712,1.509302e-01,6.247605e-02,1.619904e-09,5.735973e-10,7.114896e-08,1.468409e-07
226492416,1279961,1811939328,46005764,1.509297e-01,6.247594e-02,1.577011e-09,5.789630e-10,6.926498e-08,1.482145e-07
226754560,1280014,1814036480,46058302,1.509265e-01,6.247444e-02,1.331735e-09,6.532735e-10,5.849206e-08,1.672380e-07
227016704,1280094,1816133632,46111267,1.509243e-01,6.247440e-02,1.176660e-09,6.551792e-10,5.168089e-08,1.677259e-07
227278848,1283707,1818230784,46164045,1.509248e-01,6.247397e-02,1.210637e-09,6.776821e-10,5.317324e-08,1.734866e-07
227540992,1287343,1820327936,46216917,1.509262e-01,6.247339e-02,1.314391e-09,7.080787e-10,5.773027e-08,1.812681e-07
227803136,1290144,1822425088,46270104,1.509280e-01,6.247518e-02,1.444978e-09,6.159274e-10,6.346587e-08,1.576774e-07
228065280,1302478,1824522240,46323226,1.509280e-01,6.247560e-02,1.446111e-09,5.953918e-10,6.351565e-08,1.524203e-07
228327424,1313243,1826619392,46376111,1.509302e-01,6.247661e-02,1.618705e-09,5.471434e-10,7.109627e-08,1.400687e-07
228589568,1314533,1828716544,46429184,1.509277e-01,6.247496e-02,1.421285e-09,6.270718e-10,6.242526e-08,1.605304e-07
228851712,1318874,1830813696,46482009,1.509230e-01,6.247330e-02,1.089401e-09,7.126460e-10,4.784833e-08,1.824374e-07
229113856,1324133,1832910848,46534896,1.509205e-01,6.247367e-02,9.304133e-10,6.932874e-10,4.086533e-08,1.774816e-07
229376000,1325560,1835008000,46588276,1.509207e-01,6.247305e-02,9.431835e-10,7.262351e-10,4.142622e-08,1.859162e-07
229638144,1327344,1837105152,46642058,1.509243e-01,6.247320e-02,1.174616e-09,7.180263e-10,5.159113e-08,1.838147e-07
229900288,1335640,1839202304,46695747,1.509275e-01,6.247342e-02,1.406717e-09,7.062955e-10,6.178539e-08,1.808117e-07
230162432,1352940,1841299456,46748645,1.509258e-01,6.247225e-02,1.283244e-09,7.698384e-10,5.636224e-08,1.970786e-07
230424576,1353087,1843396608,46801841,1.509259e-01,6.247235e-02,1.289657e-09,7.642670e-10,5.664393e-08,1.956523e-07
230686720,1354035,1845493760,46855071,1.509222e-01,6.247137e-02,1.039812e-09,8.196114e-10,4.567030e-08,2.098205e-07
230948864,1360350,1847590912,46908364,1.509211e-01,6.247098e-02,9.652779e-10,8.419448e-10,4.239664e-08,2.155379e-07
231211008,1373151,1849688064,46961964,1.509228e-01,6.247318e-02,1.074696e-09,7.192247e-10,4.720247e-08,1.841215e-07
231473152,1377427,1851785216,47014619,1.509206e-01,6.247187e-02,9.376999e-10,7.914878e-10,4.118537e-08,2.026209e-07
231735296,1378077,1853882368,47067825,1.509250e-01,6.247208e-02,1.224155e-09,7.793771e-10,5.376697e-08,1.995205e-07
231997440,1382080,1855979520,47121490,1.509278e-01,6.247346e-02,1.429161e-09,7.045146e-10,6.277119e-08,1.803557e-07
232259584,1385177,1858076672,47174901,1.509284e-01,6.247278e-02,1.472295e-09,7.411691e-10,6.466567e-08,1.897393e-07
232521728,1391571,1860173824,47228309,1.509265e-01,6.247288e-02,1.335000e-09,7.355005e-10,5.863545e-08,1.882881e-07
232783872,1398781,1862270976,47282207,1.509297e-01,6.247524e-02,1.578194e-09,6.131569e-10,6.931699e-08,1.569682e-07
233046016,1411108,1864368128,47335830,1.509344e-01,6.247648e-02,1.973169e-09,5.530849e-10,8.666492e-08,1.415897e-07
233308160,1417244,1866465280,47388372,1.509331e-01,6.247625e-02,1.860961e-09,5.640020e-10,8.173658e-08,1.443845e-07
233570304,1418718,1868562432,47441743,1.509303e-01,6.247650e-02,1.623505e-09,5.520341e-10,7.130709e-08,1.413207e-07
233832448,1425008,1870659584,47494245,1.509292e-01,6.247471e-02,1.534693e-09,6.394461e-10,6.740630e-08,1.636982e-07
234094592,1435466,1872756736,47547887,1.509320e-01,6.247492e-02,1.764535e-09,6.289389e-10,7.750139e-08,1.610084e-07
234356736,1435878,1874853888,47600869,1.509320e-01,6.247650e-02,1.764535e-09,5.522092e-10,7.750139e-08,1.413655e-07
234618880,1435901,1876951040,47654788,1.509355e-01,6.247764e-02,2.069635e-09,4.997669e-10,9.090190e-08,1.279403e-07
234881024,1436059,1879048192,47707434,1.509322e-01,6.247720e-02,1.780847e-09,5.197842e-10,7.821784e-08,1.330648e-07
235143168,1436141,1881145344,47760697,1.509332e-01,6.247713e-02,1.867395e-09,5.228463e-10,8.201916e-08,1.338486e-07
235405312,1436375,1883242496,47814596,1.509327e-01,6.247729e-02,1.825138e-09,5.155463e-10,8.016315e-08,1.319798e-07
235667456,1436403,1885339648,47867542,1.509304e-01,6.247573e-02,1.633126e-09,5.890458e-10,7.172965e-08,1.507957e-07
235929600,1436438,1887436800,47920855,1.509278e-01,6.247577e-02,1.426909e-09,5.870584e-10,6.267224e-08,1.502870e-07
236191744,1436441,1889533952,47974641,1.509295e-01,6.247891e-02,1.564019e-09,4.445833e-10,6.869438e-08,1.138133e-07
236453888,1436578,1891631104,48027753,1.509283e-01,6.247878e-02,1.464301e-09,4.504148e-10,6.431458e-08,1.153062e-07
236716032,1436679,1893728256,48080719,1.509290e-01,6.247938e-02,1.521877e-09,4.251630e-10,6.684342e-08,1.088417e-07
236978176,1436693,1895825408,48134471,1.509323e-01,6.247925e-02,1.789662e-09,4.307116e-10,7.860499e-08,1.102622e-07
237240320,1436726,1897922560,48187385,1.509343e-01,6.247975e-02,1.962592e-09,4.100900e-10,8.620037e-08,1.049830e-07
237502464,1436728,1900019712,48240828,1.509334e-01,6.248098e-02,1.888058e-09,3.616694e-10,8.292670e-08,9.258736e-08
237764608,1436781,1902116864,48293811,1.509317e-01,6.247934e-02,1.740830e-09,4.270085e-10,7.646019e-08,1.093142e-07
238026752,1436808,1904214016,48347148,1.509327e-01,6.248182e-02,1.820048e-09,3.306266e-10,7.993961e-08,8.464042e-08
238288896,1436818,1906311168,48399676,1.509284e-01,6.248272e-02,1.476872e-09,2.986544e-10,6.486673e-08,7.645554e-08
238551040,1436881,1908408320,48453049,1.509271e-01,6.248401e-02,1.375593e-09,2.556464e-10,6.041839e-08,6.544548e-08
238813184,1436917,1910505472,48505723,1.509240e-01,6.248218e-02,1.159345e-09,3.176162e-10,5.092039e-08,8.130974e-08
239075328,1436946,1912602624,48559033,1.509240e-01,6.248279e-02,1.156303e-09,2.963413e-10,5.078677e-08,7.586337e-08
239337472,1437020,1914699776,48612585,1.509186e-01,6.248155e-02,8.211052e-10,3.403153e-10,3.606433e-08,8.712072e-08
239599616,1437036,1916796928,48665725,1.509175e-01,6.248096e-02,7.558454e-10,3.626619e-10,3.319801e-08,9.284145e-08
239861760,1437045,1918894080,48718133,1.509132e-01,6.247800e-02,5.382914e-10,4.839049e-10,2.364267e-08,1.238797e-07
240123904,1437049,1920991232,48771781,1.509143e-01,6.247732e-02,5.885035e-10,5.143628e-10,2.584807e-08,1.316769e-07
240386048,1437058,1923088384,48824737,1.509106e-01,6.247582e-02,4.240883e-10,5.848941e-10,1.862668e-08,1.497329e-07
240648192,1437077,1925185536,48877927,1.509109e-01,6.247552e-02,4.352074e-10,5.993981e-10,1.911505e-08,1.534459e-07
240910336,1437088,1927282688,48931380,1.509113e-01,6.247656e-02,4.546943e-10,5.492368e-10,1.997095e-08,1.406046e-07
241172480,1437096,1929379840,48984821,1.509135e-01,6.247829e-02,5.543122e-10,4.715289e-10,2.434633e-08,1.207114e-07
241434624,1437116,1931476992,49038469,1.509158e-01,6.247875e-02,6.653258e-10,4.516807e-10,2.922224e-08,1.156303e-07
241696768,1437138,1933574144,49091673,1.509151e-01,6.247884e-02,6.311831e-10,4.478884e-10,2.772263e-08,1.146594e-07
241958912,1437209,1935671296,49145303,1.509116e-01,6.247619e-02,4.649190e-10,5.668366e-10,2.042003e-08,1.451102e-07
242221056,1437247,1937768448,49198054,1.509098e-01,6.247463e-02,3.933656e-10,6.434087e-10,1.727729e-08,1.647126e-07
242483200,1437340,1939865600,49251559,1.509125e-01,6.247587e-02,5.049436e-10,5.821944e-10,2.217798e-08,1.490418e-07
242745344,1437376,1941962752,49304486,1.509120e-01,6.247483e-02,4.830858e-10,6.334313e-10,2.121795e-08,1.621584e-07
243007488,1437399,1944059904,49358179,1.509111e-01,6.247452e-02,4.439551e-10,6.494705e-10,1.949926e-08,1.662644e-07
243269632,1437426,1946157056,49411803,1.509109e-01,6.247605e-02,4.352074e-10,5.735973e-10,1.911505e-08,1.468409e-07
243531776,1437438,1948254208,49465244,1.509097e-01,6.247517e-02,3.874769e-10,6.166672e-10,1.701865e-08,1.578668e-07
243793920,1437591,1950351360,49517967,1.509101e-01,6.247529e-02,4.058762e-10,6.107608e-10,1.782677e-08,1.563548e-07
244056064,1442225,1952448512,49570964,1.509092e-01,6.247590e-02,3.700775e-10,5.805776e-10,1.625443e-08,1.486279e-07
244318208,1445515,1954545664,49624011,1.509089e-01,6.247460e-02,3.592646e-10,6.452999e-10,1.577951e-08,1.651968e-07
244580352,1450480,1956642816,49676967,1.509061e-01,6.247431e-02,2.599529e-10,6.597642e-10,1.141758e-08,1.688996e-07
244842496,1457326,1958739968,49730184,1.509065e-01,6.247545e-02,2.716130e-10,6.025030e-10,1.192970e-08,1.542408e-07
245104640,1457424,1960837120,49783664,1.509055e-01,6.247454e-02,2.420144e-10,6.483317e-10,1.062968e-08,1.659729e-07
245366784,1457735,1962934272,49837067,1.509048e-01,6.247389e-02,2.185061e-10,6.817613e-10,9.597160e-09,1.745309e-07
245628928,1458144,1965031424,49890691,1.509059e-01,6.247513e-02,2.537439e-10,6.187041e-10,1.114486e-08,1.583882e-07
245891072,1458145,1967128576,49943581,1.509028e-01,6.247461e-02,1.634612e-10,6.447323e-10,7.179495e-09,1.650515e-07
246153216,1458316,1969225728,49997149,1.509043e-01,6.247422e-02,2.042102e-10,6.643652e-10,8.969259e-09,1.700775e-07
246415360,1458742,1971322880,50050622,1.509032e-01,6.247377e-02,1.746978e-10,6.880008e-10,7.673024e-09,1.761282e-07
246677504,1458780,1973420032,50103084,1.508997e-01,6.247238e-02,9.381385e-11,7.628259e-10,4.120463e-09,1.952834e-07
246939648,1458863,1975517184,50156533,1.508974e-01,6.247164e-02,5.462653e-11,8.045369e-10,2.399290e-09,2.059615e-07
247201792,1459191,1977614336,50209319,1.508936e-01,6.247147e-02,1.311151e-11,8.138624e-10,5.758799e-10,2.083488e-07
247463936,1459198,1979711488,50262437,1.508934e-01,6.247045e-02,1.144174e-11,8.733637e-10,5.025405e-10,2.235811e-07
247726080,1459267,1981808640,50315791,1.508938e-01,6.247012e-02,1.421285e-11,8.930701e-10,6.242527e-10,2.286260e-07
247988224,1459277,1983905792,50369402,1.508952e-01,6.246966e-02,2.689049e-11,9.204406e-10,1.181076e-09,2.356328e-07
248250368,1459278,1986002944,50422886,1.508930e-01,6.246907e-02,8.881784e-12,9.569625e-10,3.901031e-10,2.449824e-07
248512512,1459286,1988100096,50476310,1.508944e-01,6.246869e-02,1.971845e-11,9.803828e-10,8.660678e-10,2.509780e-07
248774656,1459300,1990197248,50528654,1.508937e-01,6.246851e-02,1.398903e-11,9.916125e-10,6.144220e-10,2.538528e-07
249036800,1459319,1992294400,50581634,1.508934e-01,6.246848e-02,1.154277e-11,9.932555e-10,5.069779e-10,2.542734e-07
249298944,1459372,1994391552,50634745,1.508935e-01,6.246815e-02,1.247202e-11,1.014738e-09,5.477924e-10,2.597730e-07
249561088,1459398,1996488704,50687992,1.508961e-01,6.246724e-02,3.732570e-11,1.073475e-09,1.639408e-09,2.748096e-07
249823232,1459511,1998585856,50741201,1.508970e-01,6.246749e-02,4.904965e-11,1.056940e-09,2.154344e-09,2.705765e-07
250085376,1459551,2000683008,50794265,1.508974e-01,6.246801e-02,5.418688e-11,1.023539e-09,2.379980e-09,2.620259e-07
250347520,1459595,2002780160,50847663,1.508994e-01,6.247015e-02,8.868994e-11,8.908450e-10,3.895413e-09,2.280563e-07
250609664,1459600,2004877312,50900988,1.509002e-01,6.247143e-02,1.044933e-10,8.164150e-10,4.589523e-09,2.090022e-07
250871808,1459651,2006974464,50954066,1.508988e-01,6.247076e-02,7.729373e-11,8.549661e-10,3.394871e-09,2.188713e-07
251133952,1459662,2009071616,51006079,1.508945e-01,6.246948e-02,2.011746e-11,9.313226e-10,8.835932e-10,2.384186e-07
251396096,1459691,2011168768,51058747,1.508914e-01,6.246731e-02,2.003953e-12,1.068842e-09,8.801701e-11,2.736235e-07
251658240,1459692,2013265920,51111782,1.508912e-01,6.246710e-02,1.385780e-12,1.082281e-09,6.086583e-11,2.770639e-07
251920384,1459708,2015363072,51164197,1.508911e-01,6.246622e-02,1.282530e-12,1.141151e-09,5.633088e-11,2.921348e-07
252182528,1459744,2017460224,51216964,1.508894e-01,6.246519e-02,3.377298e-13,1.211415e-09,1.483367e-11,3.101222e-07
252444672,1459779,2019557376,51270929,1.508909e-01,6.246436e-02,7.469581e-13,1.270199e-09,3.280767e-11,3.251710e-07
252706816,1459806,2021654528,51324898,1.508909e-01,6.246552e-02,9.094947e-13,1.188959e-09,3.994655e-11,3.043735e-07
252968960,1459862,2023751680,51377921,1.508886e-01,6.246392e-02,1.879386e-12,1.301995e-09,8.254580e-11,3.333106e-07
253231104,1459880,2025848832,51430898,1.508880e-01,6.246403e-02,3.927747e-12,1.293674e-09,1.725133e-10,3.311805e-07
253493248,1459883,2027945984,51484249,1.508920e-01,6.246485e-02,4.228617e-12,1.235652e-09,1.857280e-10,3.163269e-07
253755392,1459900,2030043136,51537097,1.508921e-01,6.246621e-02,4.414469e-12,1.141655e-09,1.938910e-10,2.922636e-07
254017536,1459920,2032140288,51590201,1.508918e-01,6.246578e-02,3.414158e-12,1.171044e-09,1.499556e-10,2.997872e-07
254279680,1459941,2034237440,51643860,1.508928e-01,6.246539e-02,8.015810e-12,1.197710e-09,3.520680e-10,3.066137e-07
254541824,1459955,2036334592,51697137,1.508911e-01,6.246543e-02,1.249001e-12,1.195390e-09,5.485824e-11,3.060200e-07
254803968,1459965,2038431744,51750869,1.508918e-01,6.246586e-02,3.414158e-12,1.165441e-09,1.499556e-10,2.983530e-07
255066112,1459968,2040528896,51803962,1.508931e-01,6.246592e-02,9.422685e-12,1.161629e-09,4.138603e-10,2.973771e-07
255328256,1459972,2042626048,51857064,1.508908e-01,6.246595e-02,6.716849e-13,1.159091e-09,2.950154e-11,2.967273e-07
255590400,1459999,2044723200,51910551,1.508908e-01,6.246546e-02,6.237233e-13,1.192816e-09,2.739499e-11,3.053609e-07
255852544,1460036,2046820352,51964200,1.508924e-01,6.246588e-02,5.613510e-12,1.164424e-09,2.465549e-10,2.980926e-07
256114688,1460075,2048917504,52017568,1.508914e-01,6.246670e-02,2.089218e-12,1.109163e-09,9.176198e-11,2.839457e-07
256376832,1460107,2051014656,52070547,1.508896e-01,6.246568e-02,1.387779e-13,1.177682e-09,6.095360e-12,3.014866e-07
256638976,1460127,2053111808,52124096,1.508905e-01,6.246723e-02,2.720046e-13,1.073963e-09,1.194691e-11,2.749346e-07
256901120,1460177,2055208960,52177538,1.508887e-01,6.246882e-02,1.758815e-12,9.722347e-10,7.725016e-11,2.488921e-07
257163264,1460178,2057306112,52230853,1.508879e-01,6.247028e-02,4.414469e-12,8.830787e-10,1.938910e-10,2.260682e-07
257425408,1460193,2059403264,52283426,1.508832e-01,6.246960e-02,4.657696e-11,9.240608e-10,2.045740e-09,2.365596e-07
257687552,1460337,2061500416,52337069,1.508859e-01,6.247137e-02,1.667022e-11,8.196114e-10,7.321844e-10,2.098205e-07
257949696,1460343,2063597568,52389883,1.508843e-01,6.247070e-02,3.257150e-11,8.584553e-10,1.430596e-09,2.197646e-07
258211840,1460401,2065694720,52442743,1.508845e-01,6.247094e-02,2.990697e-11,8.445411e-10,1.313565e-09,2.162025e-07
258473984,1460428,2067791872,52495777,1.508836e-01,6.247142e-02,4.067502e-11,8.166279e-10,1.786516e-09,2.090567e-07
258736128,1460464,2069889024,52549436,1.508843e-01,6.247148e-02,3.206324e-11,8.136498e-10,1.408272e-09,2.082944e-07
258998272,1460499,2071986176,52602999,1.508854e-01,6.247199e-02,2.065570e-11,7.847945e-10,9.072333e-10,2.009074e-07
259260416,1460636,2074083328,52656150,1.508879e-01,6.247256e-02,4.477307e-12,7.527760e-10,1.966509e-10,1.927106e-07
259522560,1460705,2076180480,52710115,1.508863e-01,6.247221e-02,1.365663e-11,7.721140e-10,5.998225e-10,1.976612e-07
259784704,1460861,2078277632,52763270,1.508851e-01,6.247124e-02,2.432743e-11,8.273082e-10,1.068502e-09,2.117909e-07
260046848,1461647,2080374784,52816859,1.508846e-01,6.247151e-02,2.942002e-11,8.115260e-10,1.292177e-09,2.077506e-07
260308992,1461744,2082471936,52870461,1.508860e-01,6.247189e-02,1.594813e-11,7.902306e-10,7.004691e-10,2.022990e-07
260571136,1464742,2084569088,52923433,1.508853e-01,6.247239e-02,2.175349e-11,7.624144e-10,9.554502e-10,1.951781e-07
260833280,1480048,2086666240,52977007,1.508864e-01,6.247124e-02,1.278977e-11,8.270939e-10,5.617484e-10,2.117361e-07
261095424,1490767,2088763392,53030150,1.508870e-01,6.247190e-02,8.793188e-12,7.893931e-10,3.862117e-10,2.020846e-07
261357568,1493914,2090860544,53083086,1.508859e-01,6.247169e-02,1.716050e-11,8.015810e-10,7.537181e-10,2.052047e-07
261619712,1494489,2092957696,53136503,1.508864e-01,6.247254e-02,1.321965e-11,7.537984e-10,5.806294e-10,1.929724e-07
261881856,1496101,2095054848,53189135,1.508845e-01,6.247098e-02,3.056244e-11,8.419448e-10,1.342354e-09,2.155379e-07
262144000,1496560,2097152000,53242539,1.508828e-01,6.247044e-02,5.158629e-11,8.738041e-10,2.265757e-09,2.236939e-07
262406144,1500259,2099249152,53295723,1.508836e-01,6.247264e-02,4.048517e-11,7.486931e-10,1.778177e-09,1.916654e-07
262668288,1501845,2101346304,53349179,1.508828e-01,6.247194e-02,5.137246e-11,7.873011e-10,2.256366e-09,2.015491e-07
262930432,1503191,2103443456,53402042,1.508811e-01,6.247139e-02,7.860934e-11,8.187584e-10,3.452655e-09,2.096021e-07
263192576,1504957,2105540608,53454770,1.508791e-01,6.247006e-02,1.196279e-10,8.964131e-10,5.254259e-09,2.294817e-07
263454720,1517195,2107637760,53507901,1.508794e-01,6.246996e-02,1.113030e-10,9.022223e-10,4.888615e-09,2.309689e-07
263716864,1530950,2109734912,53560976,1.508783e-01,6.246861e-02,1.361331e-10,9.850540e-10,5.979197e-09,2.521738e-07
263979008,1531078,2111832064,53614069,1.508765e-01,6.246782e-02,1.822622e-10,1.035732e-09,8.005266e-09,2.651473e-07
264241152,1532109,2113929216,53667480,1.508777e-01,6.246780e-02,1.518627e-10,1.036691e-09,6.670069e-09,2.653929e-07
264503296,1538476,2116026368,53720731,1.508782e-01,6.246691e-02,1.389291e-10,1.094818e-09,6.102001e-09,2.802733e-07
264765440,1554594,2118123520,53774210,1.508804e-01,6.246856e-02,9.123391e-11,9.883305e-10,4.007148e-09,2.530126e-07
265027584,1555423,2120220672,53827016,1.508793e-01,6.246889e-02,1.138325e-10,9.680576e-10,4.999716e-09,2.478228e-07
265289728,1556273,2122317824,53880322,1.508777e-01,6.246744e-02,1.522302e-10,1.060333e-09,6.686210e-09,2.714454e-07
265551872,1563490,2124414976,53933688,1.508788e-01,6.246901e-02,1.245672e-10,9.604229e-10,5.471205e-09,2.458683e-07
265814016,1569904,2126512128,53986664,1.508798e-01,6.246898e-02,1.047982e-10,9.620398e-10,4.602914e-09,2.462822e-07
266076160,1575200,2128609280,54039493,1.508793e-01,6.246880e-02,1.144693e-10,9.731642e-10,5.027687e-09,2.491300e-07
266338304,1577095,2130706432,54093230,1.508817e-01,6.246885e-02,6.864198e-11,9.701451e-10,3.014872e-09,2.483571e-07
266600448,1589444,2132803584,54146201,1.508833e-01,6.246915e-02,4.416822e-11,9.518986e-10,1.939943e-09,2.436860e-07
266862592,1597127,2134900736,54199039,1.508806e-01,6.246780e-02,8.812950e-11,1.036931e-09,3.870797e-09,2.654543e-07
267124736,1598755,2136997888,54252912,1.508825e-01,6.246829e-02,5.551115e-11,1.005267e-09,2.438144e-09,2.573483e-07
267386880,1603469,2139095040,54305633,1.508812e-01,6.246850e-02,7.677059e-11,9.920818e-10,3.371895e-09,2.539729e-07
267649024,1613921,2141192192,54358997,1.508787e-01,6.246718e-02,1.272424e-10,1.077384e-09,5.588704e-09,2.758104e-07
267911168,1614234,2143289344,54412861,1.508801e-01,6.246827e-02,9.760392e-11,1.006921e-09,4.286930e-09,2.577718e-07
268173312,1614377,2145386496,54466165,1.508794e-01,6.246722e-02,1.128806e-10,1.074452e-09,4.957907e-09,2.750596e-07
268435456,1614565,2147483648,54519128,1.508774e-01,6.246681e-02,1.574216e-10,1.101484e-09,6.914225e-09,2.819799e-07
268697600,1614645,2149580800,54571550,1.508768e-01,6.246628e-02,1.746978e-10,1.136877e-09,7.673024e-09,2.910404e-07
268959744,1614876,2151677952,54624348,1.508771e-01,6.246579e-02,1.672937e-10,1.170024e-09,7.347825e-09,2.995262e-07
269221888,1614882,2153775104,54677719,1.508777e-01,6.246632e-02,1.500320e-10,1.134617e-09,6.589659e-09,2.904619e-07
269484032,1614915,2155872256,54731059,1.508766e-01,6.246703e-02,1.790577e-10,1.087189e-09,7.864516e-09,2.783203e-07
269746176,1614918,2157969408,54784395,1.508795e-01,6.246841e-02,1.106750e-10,9.981926e-10,4.861035e-09,2.555373e-07
270008320,1615164,2160066560,54837832,1.508799e-01,6.246891e-02,1.014691e-10,9.664356e-10,4.456693e-09,2.474075e-07
270270464,1615241,2162163712,54891340,1.508814e-01,6.246956e-02,7.366907e-11,9.263271e-10,3.235671e-09,2.371397e-07
270532608,1615260,2164260864,54943977,1.508817e-01,6.246934e-02,6.888912e-11,9.399828e-10,3.025727e-09,2.406356e-07
270794752,1615307,2166358016,54997323,1.508783e-01,6.246844e-02,1.357856e-10,9.960752e-10,5.963934e-09,2.549953e-07
271056896,1615320,2168455168,55049986,1.508745e-01,6.246704e-02,2.406255e-10,1.086452e-09,1.056868e-08,2.781317e-07
271319040,1615321,2170552320,55102211,1.508724e-01,6.246563e-02,3.081277e-10,1.181521e-09,1.353349e-08,3.024693e-07
271581184,1615359,2172649472,55155677,1.508740e-01,6.246559e-02,2.566003e-10,1.183827e-09,1.127032e-08,3.030596e-07
271843328,1615364,2174746624,55208507,1.508736e-01,6.246605e-02,2.686740e-10,1.152758e-09,1.180062e-08,2.951061e-07
272105472,1615418,2176843776,55262380,1.508767e-01,6.246744e-02,1.774660e-10,1.060333e-09,7.794610e-09,2.714454e-07
272367616,1615438,2178940928,55315896,1.508788e-01,6.246884e-02,1.262359e-10,9.710736e-10,5.544496e-09,2.485948e-07
272629760,1615502,2181038080,55368859,1.508785e-01,6.246827e-02,1.313085e-10,1.006685e-09,5.767293e-09,2.577113e-07
272891904,1615556,2183135232,55422539,1.508798e-01,6.246714e-02,1.047982e-10,1.079586e-09,4.602914e-09,2.763741e-07
273154048,1615577,2185232384,55475688,1.508805e-01,6.246753e-02,9.009882e-11,1.054519e-09,3.957293e-09,2.699568e-07
273416192,1615637,2187329536,55528552,1.508789e-01,6.246563e-02,1.235714e-10,1.181521e-09,5.427464e-09,3.024693e-07
273678336,1615660,2189426688,55581918,1.508774e-01,6.246521e-02,1.589209e-10,1.210637e-09,6.980075e-09,3.099231e-07
273940480,1615705,2191523840,55634449,1.508754e-01,6.246585e-02,2.123821e-10,1.165950e-09,9.328183e-09,2.984832e-07
274202624,1615713,2193620992,55687849,1.508765e-01,6.246610e-02,1.822622e-10,1.148967e-09,8.005266e-09,2.941356e-07
274464768,1615729,2195718144,55741555,1.508794e-01,6.246765e-02,1.128806e-10,1.046791e-09,4.957907e-09,2.679784e-07
274726912,1615731,2197815296,55794976,1.508792e-01,6.246712e-02,1.170344e-10,1.080811e-09,5.140349e-09,2.766876e-07
274989056,1615746,2199912448,55848330,1.508798e-01,6.246696e-02,1.035814e-10,1.091369e-09,4.549470e-09,2.793905e-07
275251200,1615782,2202009600,55901696,1.508799e-01,6.246618e-02,1.020704e-10,1.143670e-09,4.483103e-09,2.927794e-07
275513344,1615807,2204106752,55954560,1.508793e-01,6.246635e-02,1.147884e-10,1.132610e-09,5.041702e-09,2.899482e-07
275775488,1615953,2206203904,56007487,1.508768e-01,6.246580e-02,1.739109e-10,1.169769e-09,7.638461e-09,2.994609e-07
276037632,1615977,2208301056,56061352,1.508764e-01,6.246484e-02,1.859013e-10,1.236438e-09,8.165101e-09,3.165280e-07
276299776,1616064,2210398208,56114061,1.508766e-01,6.246641e-02,1.790577e-10,1.128101e-09,7.864516e-09,2.887939e-07
276561920,1616076,2212495360,56167735,1.508766e-01,6.246758e-02,1.790577e-10,1.051376e-09,7.864516e-09,2.691522e-07
276824064,1616135,2214592512,56221094,1.508754e-01,6.246681e-02,2.123821e-10,1.101731e-09,9.328183e-09,2.820432e-07
277086208,1616187,2216689664,56274776,1.508769e-01,6.246735e-02,1.715608e-10,1.065921e-09,7.535240e-09,2.728758e-07
277348352,1616245,2218786816,56328684,1.508786e-01,6.246878e-02,1.306264e-10,9.745593e-10,5.737333e-09,2.494872e-07
277610496,1620967,2220883968,56381753,1.508767e-01,6.246900e-02,1.762770e-10,9.611156e-10,7.742385e-09,2.460456e-07
277872640,1624053,2222981120,56434655,1.508779e-01,6.247006e-02,1.460434e-10,8.961900e-10,6.414473e-09,2.294246e-07
278134784,1629075,2225078272,56488352,1.508791e-01,6.246970e-02,1.196279e-10,9.181816e-10,5.254259e-09,2.350545e-07
278396928,1635849,2227175424,56541215,1.508774e-01,6.246863e-02,1.592968e-10,9.838852e-10,6.996586e-09,2.518746e-07
278659072,1638827,2229272576,56594096,1.508784e-01,6.246806e-02,1.337099e-10,1.019966e-09,5.872767e-09,2.611114e-07
278921216,1639159,2231369728,56647292,1.508788e-01,6.246892e-02,1.259013e-10,9.657408e-10,5.529798e-09,2.472297e-07
279183360,1639600,2233466880,56699904,1.508762e-01,6.246915e-02,1.891662e-10,9.514389e-10,8.308502e-09,2.435684e-07
279445504,1639645,2235564032,56752745,1.508741e-01,6.246912e-02,2.523217e-10,9.537384e-10,1.108240e-08,2.441570e-07
279707648,1639919,2237661184,56805635,1.508729e-01,6.246836e-02,2.905978e-10,1.001019e-09,1.276355e-08,2.562610e-07
279969792,1640305,2239758336,56858502,1.508732e-01,6.246815e-02,2.810252e-10,1.014264e-09,1.234310e-08,2.596515e-07
280231936,1640369,2241855488,56911469,1.508733e-01,6.246752e-02,2.775389e-10,1.055003e-09,1.218998e-08,2.700807e-07
280494080,1640378,2243952640,56965109,1.508721e-01,6.246705e-02,3.202774e-10,1.085715e-09,1.406713e-08,2.779431e-07
280756224,1640752,2246049792,57018524,1.508704e-01,6.246699e-02,3.857190e-10,1.089647e-09,1.694144e-08,2.789496e-07
281018368,1640760,2248146944,57072005,1.508710e-01,6.246741e-02,3.603953e-10,1.062032e-09,1.582917e-08,2.718803e-07
281280512,1640811,2250244096,57125598,1.508711e-01,6.246768e-02,3.581357e-10,1.044863e-09,1.572993e-08,2.674850e-07
281542656,1640863,2252341248,57179004,1.508714e-01,6.246814e-02,3.441747e-10,1.014976e-09,1.511674e-08,2.598338e-07
281804800,1640890,2254438400,57232364,1.508708e-01,6.246750e-02,3.683596e-10,1.056213e-09,1.617898e-08,2.703906e-07
282066944,1640959,2256535552,57285795,1.508731e-01,6.246945e-02,2.840308e-10,9.335976e-10,1.247512e-08,2.390010e-07
282329088,1640993,2258632704,57339147,1.508725e-01,6.246943e-02,3.049969e-10,9.342808e-10,1.339598e-08,2.391759e-07
282591232,1641012,2260729856,57392422,1.508727e-01,6.246933e-02,3.003306e-10,9.404397e-10,1.319103e-08,2.407526e-07
282853376,1641021,2262827008,57445951,1.508717e-01,6.246990e-02,3.332057e-10,9.060308e-10,1.463496e-08,2.319439e-07
283115520,1641044,2264924160,57499355,1.508726e-01,6.247153e-02,3.018821e-10,8.104651e-10,1.325917e-08,2.074791e-07
283377664,1641047,2267021312,57552309,1.508683e-01,6.247025e-02,4.726621e-10,8.852942e-10,2.076012e-08,2.266353e-07
283639808,1641168,2269118464,57605099,1.508669e-01,6.247012e-02,5.327740e-10,8.926249e-10,2.340034e-08,2.285120e-07
283901952,1641193,2271215616,57658685,1.508659e-01,6.247075e-02,5.805776e-10,8.556198e-10,2.549995e-08,2.190387e-07
284164096,1641214,2273312768,57711940,1.508651e-01,6.247182e-02,6.207443e-10,7.942150e-10,2.726415e-08,2.033190e-07
284426240,1641217,2275409920,57765117,1.508627e-01,6.247100e-02,7.427927e-10,8.408643e-10,3.262472e-08,2.152613e-07
284688384,1641230,2277507072,57819254,1.508641e-01,6.247126e-02,6.684042e-10,8.260229e-10,2.935745e-08,2.114619e-07
284950528,1641276,2279604224,57872140,1.508622e-01,6.247040e-02,7.748078e-10,8.760079e-10,3.403087e-08,2.242580e-07
285212672,1641332,2281701376,57925123,1.508629e-01,6.246955e-02,7.346925e-10,9.274612e-10,3.226894e-08,2.374301e-07
285474816,1641378,2283798528,57978756,1.508624e-01,6.246893e-02,7.640610e-10,9.655093e-10,3.355886e-08,2.471704e-07
285736960,1641398,2285895680,58031791,1.508616e-01,6.246819e-02,8.058054e-10,1.012129e-09,3.539234e-08,2.591051e-07
285999104,1641461,2287992832,58085397,1.508639e-01,6.246838e-02,6.784582e-10,1.000077e-09,2.979904e-08,2.560196e-07
286261248,1641472,2290089984,58138277,1.508639e-01,6.246894e-02,6.823451e-10,9.648149e-10,2.996975e-08,2.469926e-07
286523392,1641525,2292187136,58191904,1.508648e-01,6.246851e-02,6.341816e-10,9.913779e-10,2.785433e-08,2.537927e-07
286785536,1641544,2294284288,58245019,1.508652e-01,6.246872e-02,6.148184e-10,9.782843e-10,2.700387e-08,2.504408e-07
287047680,1641558,2296381440,58297859,1.508639e-01,6.246839e-02,6.831238e-10,9.993699e-10,3.000395e-08,2.558387e-07
287309824,1641560,2298478592,58350407,1.508612e-01,6.246793e-02,8.279513e-10,1.028551e-09,3.636502e-08,2.633089e-07
287571968,1641570,2300575744,58403769,1.508630e-01,6.246781e-02,7.306591e-10,1.036451e-09,3.209179e-08,2.653314e-07
287834112,1641616,2302672896,58456552,1.508607e-01,6.246715e-02,8.564918e-10,1.078852e-09,3.761858e-08,2.761861e-07
288096256,1641627,2304770048,58510011,1.508597e-01,6.246703e-02,9.195367e-10,1.086943e-09,4.038761e-08,2.782574e-07
288358400,1641642,2306867200,58563075,1.508582e-01,6.246720e-02,1.013078e-09,1.075917e-09,4.449609e-08,2.754349e-07
288620544,1641676,2308964352,58615554,1.508547e-01,6.246624e-02,1.242996e-09,1.139893e-09,5.459449e-08,2.918127e-07
288882688,1641706,2311061504,58668831,1.508566e-01,6.246718e-02,1.118114e-09,1.076895e-09,4.910945e-08,2.756852e-07
289144832,1641712,2313158656,58722120,1.508555e-01,6.246568e-02,1.193073e-09,1.177938e-09,5.240181e-08,3.015521e-07
289406976,1641726,2315255808,58775941,1.508561e-01,6.246669e-02,1.146191e-09,1.109411e-09,5.034264e-08,2.840092e-07
289669120,1641764,2317352960,58829671,1.508574e-01,6.246850e-02,1.059121e-09,9.925512e-10,4.651838e-08,2.540931e-07
289931264,1641791,2319450112,58882859,1.508570e-01,6.246878e-02,1.091369e-09,9.747919e-10,4.793478e-08,2.495467e-07
290193408,1641843,2321547264,58935909,1.508576e-01,6.246914e-02,1.046550e-09,9.521285e-10,4.596625e-08,2.437449e-07
290455552,1641879,2323644416,58989680,1.508553e-01,6.246946e-02,1.203389e-09,9.326873e-10,5.285491e-08,2.387679e-07
290717696,1641942,2325741568,59043742,1.508577e-01,6.247137e-02,1.044622e-09,8.193981e-10,4.588159e-08,2.097659e-07
290979840,1641960,2327838720,59096876,1.508577e-01,6.247088e-02,1.039812e-09,8.477921e-10,4.567030e-08,2.170348e-07
291241984,1642066,2329935872,59150540,1.508590e-01,6.247113e-02,9.625021e-10,8.337497e-10,4.227473e-08,2.134399e-07
291504128,1642076,2332033024,59203896,1.508559e-01,6.247015e-02,1.161375e-09,8.908450e-10,5.100957e-08,2.280563e-07
291766272,1642148,2334130176,59257160,1.508532e-01,6.247067e-02,1.353575e-09,8.604211e-10,5.945132e-08,2.202678e-07
292028416,1642148,2336227328,59311310,1.508554e-01,6.247153e-02,1.194103e-09,8.104651e-10,5.244702e-08,2.074791e-07
292290560,1642171,2338324480,59365033,1.508569e-01,6.247216e-02,1.092354e-09,7.748078e-10,4.797803e-08,1.983508e-07
292552704,1642216,2340421632,59417738,1.508541e-01,6.247091e-02,1.291799e-09,8.460574e-10,5.673799e-08,2.165907e-07
292814848,1642380,2342518784,59471330,1.508542e-01,6.246956e-02,1.280043e-09,9.267807e-10,5.622166e-08,2.372558e-07
293076992,1642538,2344615936,59523910,1.508531e-01,6.246936e-02,1.359063e-09,9.388410e-10,5.969236e-08,2.403433e-07
293339136,1642556,2346713088,59577823,1.508571e-01,6.247125e-02,1.079586e-09,8.266655e-10,4.741727e-08,2.116264e-07
293601280,1643135,2348810240,59631501,1.508583e-01,6.247335e-02,1.003614e-09,7.100627e-10,4.408044e-08,1.817760e-07
293863424,1643284,2350907392,59684763,1.508594e-01,6.247371e-02,9.367875e-10,6.909353e-10,4.114530e-08,1.768794e-07
294125568,1643468,2353004544,59737985,1.508589e-01,6.247355e-02,9.662040e-10,6.995793e-10,4.243732e-08,1.790923e-07
294387712,1658528,2355101696,59790741,1.508572e-01,6.247151e-02,1.073719e-09,8.115260e-10,4.715957e-08,2.077506e-07
294649856,1669141,2357198848,59844076,1.508571e-01,6.247175e-02,1.084488e-09,7.979990e-10,4.763255e-08,2.042877e-07
294912000,1672516,2359296000,59897502,1.508606e-01,6.247386e-02,8.634835e-10,6.835133e-10,3.792566e-08,1.749794e-07
295174144,1673166,2361393152,59951149,1.508626e-01,6.247403e-02,7.501209e-10,6.745824e-10,3.294658e-08,1.726931e-07
295436288,1675073,2363490304,60004217,1.508604e-01,6.247438e-02,8.757874e-10,6.561331e-10,3.846607e-08,1.679701e-07
295698432,1677685,2365587456,60057659,1.508609e-01,6.247503e-02,8.443246e-10,6.235319e-10,3.708417e-08,1.596242e-07
295960576,1678747,2367684608,60111195,1.508620e-01,6.247678e-02,7.839598e-10,5.391561e-10,3.443285e-08,1.380239e-07
296222720,1680403,2369781760,60164654,1.508626e-01,6.247704e-02,7.525716e-10,5.272851e-10,3.305422e-08,1.349850e-07
296484864,1681572,2371878912,60218017,1.508635e-01,6.247692e-02,7.003678e-10,5.326021e-10,3.076134e-08,1.363461e-07
296747008,1683395,2373976064,60271665,1.508645e-01,6.247726e-02,6.515608e-10,5.170699e-10,2.861766e-08,1.323699e-07
297009152,1698656,2376073216,60324383,1.508631e-01,6.247610e-02,7.226255e-10,5.711018e-10,3.173894e-08,1.462021e-07
297271296,1709420,2378170368,60377106,1.508647e-01,6.247655e-02,6.379397e-10,5.497607e-10,2.801940e-08,1.407387e-07
297533440,1709523,2380267520,60430561,1.508678e-01,6.247699e-02,4.909781e-10,5.296830e-10,2.156459e-08,1.355989e-07
297795584,1710727,2382364672,60484296,1.508670e-01,6.247730e-02,5.279697e-10,5.153771e-10,2.318932e-08,1.319365e-07
298057728,1717180,2384461824,60538538,1.508698e-01,6.247830e-02,4.094867e-10,4.708820e-10,1.798535e-08,1.205458e-07
298319872,1733791,2386558976,60591301,1.508691e-01,6.247761e-02,4.383216e-10,5.014339e-10,1.925183e-08,1.283671e-07
298582016,1734805,2388656128,60644806,1.508716e-01,6.247976e-02,3.386680e-10,4.097883e-10,1.487487e-08,1.049058e-07
298844160,1736024,2390753280,60698080,1.508734e-01,6.247824e-02,2.765468e-10,4.733103e-10,1.214640e-08,1.211674e-07
299106304,1744862,2392850432,60752044,1.508767e-01,6.248116e-02,1.766729e-10,3.550405e-10,7.759773e-09,9.089037e-08
299368448,1748475,2394947584,60805409,1.508774e-01,6.248150e-02,1.589209e-10,3.422423e-10,6.980075e-09,8.761403e-08
299630592,1753962,2397044736,60858657,1.508769e-01,6.248150e-02,1.719513e-10,3.421045e-10,7.552395e-09,8.757874e-08
299892736,1755575,2399141888,60911703,1.508777e-01,6.248087e-02,1.500320e-10,3.657901e-10,6.589659e-09,9.364227e-08
300154880,1767915,2401239040,60964352,1.508790e-01,6.247966e-02,1.212632e-10,4.138706e-10,5.326087e-09,1.059509e-07
300417024,1775646,2403336192,61017726,1.508780e-01,6.248040e-02,1.446063e-10,3.841111e-10,6.351355e-09,9.833244e-08
300679168,1780312,2405433344,61071429,1.508808e-01,6.248078e-02,8.425616e-11,3.692180e-10,3.700674e-09,9.451982e-08
300941312,1781923,2407530496,61124914,1.508819e-01,6.248043e-02,6.474821e-11,3.830896e-10,2.843851e-09,9.807094e-08
301203456,1792370,2409627648,61178428,1.508807e-01,6.247972e-02,8.673617e-11,4.114490e-10,3.809600e-09,1.053309e-07
301465600,1792633,2411724800,61231325,1.508789e-01,6.247795e-02,1.225795e-10,4.860379e-10,5.383900e-09,1.244257e-07
301727744,1792914,2413821952,61284524,1.508815e-01,6.247840e-02,7.239565e-11,4.663659e-10,3.179740e-09,1.193897e-07
301989888,1793039,2415919104,61337687,1.508808e-01,6.247788e-02,8.425616e-11,4.893286e-10,3.700674e-09,1.252681e-07
302252032,1793068,2418016256,61390855,1.508788e-01,6.247789e-02,1.242348e-10,4.889991e-10,5.456605e-09,1.251838e-07
302514176,1793317,2420113408,61444095,1.508792e-01,6.247734e-02,1.173570e-10,5.136871e-10,5.154519e-09,1.315039e-07
302776320,1793402,2422210560,61497929,1.508826e-01,6.247946e-02,5.484702e-11,4.220960e-10,2.408974e-09,1.080566e-07
303038464,1793459,2424307712,61551333,1.508816e-01,6.247990e-02,6.963319e-11,4.039272e-10,3.058408e-09,1.034054e-07
303300608,1793488,2426404864,61604131,1.508811e-01,6.248063e-02,7.940404e-11,3.751111e-10,3.487560e-09,9.602843e-08
303562752,1793642,2428502016,61657625,1.508800e-01,6.248087e-02,9.997358e-11,3.657901e-10,4.391009e-09,9.364227e-08
303824896,1793794,2430599168,61710669,1.508777e-01,6.248057e-02,1.518627e-10,3.775682e-10,6.670069e-09,9.665746e-08
304087040,1793821,2432696320,61763396,1.508735e-01,6.247831e-02,2.725962e-10,4.705587e-10,1.197289e-08,1.204630e-07
304349184,1793887,2434793472,61816588,1.508736e-01,6.247877e-02,2.696519e-10,4.505730e-10,1.184357e-08,1.153467e-07
304611328,1793900,2436890624,61870064,1.508746e-01,6.248001e-02,2.355671e-10,3.997453e-10,1.034651e-08,1.023348e-07
304873472,1793917,2438987776,61923895,1.508750e-01,6.248135e-02,2.251641e-10,3.476389e-10,9.889590e-09,8.899556e-08
305135616,1793942,2441084928,61977055,1.508757e-01,6.248285e-02,2.033593e-10,2.940371e-10,8.931888e-09,7.527350e-08
305397760,1793948,2443182080,62030700,1.508767e-01,6.248326e-02,1.766729e-10,2.801516e-10,7.759773e-09,7.171880e-08
305659904,1793956,2445279232,62084039,1.508768e-01,6.248358e-02,1.727338e-10,2.697742e-10,7.586762e-09,6.906220e-08
305922048,1794030,2447376384,62136922,1.508746e-01,6.248186e-02,2.364828e-10,3.291381e-10,1.038673e-08,8.425936e-08
306184192,1794061,2449473536,62190541,1.508745e-01,6.248257e-02,2.415510e-10,3.036971e-10,1.060933e-08,7.774646e-08
306446336,1794175,2451570688,62243939,1.508743e-01,6.248194e-02,2.452707e-10,3.263056e-10,1.077271e-08,8.353425e-08
306708480,1794198,2453667840,62297715,1.508746e-01,6.248209e-02,2.374003e-10,3.206775e-10,1.042702e-08,8.209344e-08
306970624,1794208,2455764992,62351361,1.508759e-01,6.248283e-02,1.995524e-10,2.946763e-10,8.764679e-09,7.543713e-08
307232768,1794241,2457862144,62404209,1.508756e-01,6.248207e-02,2.072023e-10,3.213450e-10,9.100675e-09,8.226431e-08
307494912,1794266,2459959296,62457689,1.508758e-01,6.248258e-02,2.008174e-10,3.034375e-10,8.820240e-09,7.768000e-08
307757056,1794275,2462056448,62510431,1.508738e-01,6.248111e-02,2.623610e-10,3.568679e-10,1.152334e-08,9.135817e-08
308019200,1794322,2464153600,62564063,1.508752e-01,6.248341e-02,2.185061e-10,2.751855e-10,9.597160e-09,7.044750e-08
308281344,1794333,2466250752,62617193,1.508741e-01,6.248280e-02,2.513758e-10,2.958285e-10,1.104085e-08,7.573209e-08
308543488,1794435,2468347904,62669926,1.508735e-01,6.248172e-02,2.735812e-10,3.341584e-10,1.201615e-08,8.554454e-08
308805632,1794446,2470445056,62723305,1.508712e-01,6.248292e-02,3.530778e-10,2.918693e-10,1.550778e-08,7.471853e-08
309067776,1794452,2472542208,62776968,1.508721e-01,6.248293e-02,3.213450e-10,2.912331e-10,1.411402e-08,7.455569e-08
309329920,1794540,2474639360,62829840,1.508692e-01,6.248281e-02,4.339649e-10,2.955722e-10,1.906048e-08,7.566649e-08
309592064,1794630,2476736512,62883662,1.508714e-01,6.248349e-02,3.463898e-10,2.725962e-10,1.521403e-08,6.978462e-08
309854208,1794703,2478833664,62936393,1.508742e-01,6.248485e-02,2.485487e-10,2.295454e-10,1.091668e-08,5.876362e-08
310116352,1794781,2480930816,62989536,1.508755e-01,6.248480e-02,2.102161e-10,2.309020e-10,9.233046e-09,5.911091e-08
310378496,1794824,2483027968,63042270,1.508727e-01,6.248422e-02,2.992986e-10,2.490188e-10,1.314570e-08,6.374881e-08
310640640,1794885,2485125120,63095649,1.508720e-01,6.248485e-02,3.245584e-10,2.295454e-10,1.425516e-08,5.876362e-08
310902784,1794890,2487222272,63148532,1.508719e-01,6.248464e-02,3.277878e-10,2.357959e-10,1.439700e-08,6.036375e-08
311164928,1799675,2489319424,63201483,1.508701e-01,6.248383e-02,3.975140e-10,2.615169e-10,1.745949e-08,6.694833e-08
311427072,1802552,2491416576,63255258,1.508705e-01,6.248364e-02,3.793075e-10,2.675760e-10,1.665983e-08,6.849945e-08
311689216,1807667,2493513728,63307846,1.508719e-01,6.248413e-02,3.288678e-10,2.518485e-10,1.444443e-08,6.447323e-08
311951360,1814272,2495610880,63361209,1.508716e-01,6.248304e-02,3.381198e-10,2.875575e-10,1.485079e-08,7.361473e-08
312213504,1820235,2497708032,63414122,1.508705e-01,6.248313e-02,3.810507e-10,2.845333e-10,1.673640e-08,7.284052e-08
312475648,1820709,2499805184,63467552,1.508702e-01,6.248289e-02,3.910048e-10,2.927609e-10,1.717359e-08,7.494680e-08
312737792,1821029,2501902336,63520294,1.508706e-01,6.248186e-02,3.764109e-10,3.291381e-10,1.653261e-08,8.425936e-08
312999936,1821073,2503999488,63573335,1.508707e-01,6.248125e-02,3.723744e-10,3.515395e-10,1.635531e-08,8.999410e-08
313262080,1821498,2506096640,63626260,1.508703e-01,6.248123e-02,3.880638e-10,3.523781e-10,1.704442e-08,9.020880e-08
313524224,1821789,2508193792,63679287,1.508703e-01,6.248102e-02,3.892389e-10,3.603953e-10,1.709603e-08,9.226119e-08
313786368,1821804,2510290944,63732305,1.508684e-01,6.248148e-02,4.668488e-10,3.430698e-10,2.050479e-08,8.782587e-08
314048512,1821913,2512388096,63785940,1.508692e-01,6.248089e-02,4.321044e-10,3.652204e-10,1.897875e-08,9.349641e-08
314310656,1821981,2514485248,63838821,1.508710e-01,6.248110e-02,3.598297e-10,3.571494e-10,1.580433e-08,9.143025e-08
314572800,1822225,2516582400,63892911,1.508729e-01,6.248212e-02,2.931435e-10,3.196110e-10,1.287536e-08,8.182042e-08
314834944,1822261,2518679552,63946196,1.508711e-01,6.248094e-02,3.553213e-10,3.632297e-10,1.560631e-08,9.298680e-08
315097088,1822423,2520776704,63999163,1.508714e-01,6.248114e-02,3.452814e-10,3.558833e-10,1.516534e-08,9.110613e-08
315359232,1822461,2522873856,64052182,1.508698e-01,6.248058e-02,4.058762e-10,3.772787e-10,1.782677e-08,9.658335e-08
315621376,1822518,2524971008,64105180,1.508687e-01,6.247941e-02,4.521559e-10,4.240883e-10,1.985945e-08,1.085666e-07
315883520,1822574,2527068160,64158131,1.508694e-01,6.247965e-02,4.228617e-10,4.140222e-10,1.857280e-08,1.059897e-07
316145664,1822598,2529165312,64211586,1.508706e-01,6.248023e-02,3.746783e-10,3.908575e-10,1.645651e-08,1.000595e-07
316407808,1822649,2531262464,64264592,1.508697e-01,6.248096e-02,4.106937e-10,3.625200e-10,1.803836e-08,9.280512e-08
316669952,1822662,2533359616,64318376,1.508711e-01,6.248116e-02,3.570086e-10,3.547598e-10,1.568042e-08,9.081850e-08
316932096,1822728,2535456768,64371432,1.508709e-01,6.248064e-02,3.655052e-10,3.748225e-10,1.605361e-08,9.595456e-08
317194240,1822731,2537553920,64425144,1.508712e-01,6.248051e-02,3.530778e-10,3.800333e-10,1.550778e-08,9.728853e-08
317456384,1822749,2539651072,64478049,1.508713e-01,6.247999e-02,3.502834e-10,4.003414e-10,1.538504e-08,1.024874e-07
317718528,1822771,2541748224,64531312,1.508718e-01,6.248074e-02,3.321186e-10,3.710815e-10,1.458721e-08,9.499686e-08
317980672,1822826,2543845376,64584798,1.508713e-01,6.248029e-02,3.480558e-10,3.883574e-10,1.528720e-08,9.941949e-08
318242816,1822860,2545942528,64637852,1.508714e-01,6.247969e-02,3.458354e-10,4.125076e-10,1.518968e-08,1.056019e-07
318504960,1822903,2548039680,64690817,1.508725e-01,6.248085e-02,3.065603e-10,3.667883e-10,1.346465e-08,9.389780e-08
318767104,1822936,2550136832,64744115,1.508739e-01,6.248159e-02,2.580345e-10,3.390794e-10,1.133331e-08,8.680433e-08
319029248,1822965,2552233984,64797078,1.508752e-01,6.248266e-02,2.202718e-10,3.008473e-10,9.674712e-09,7.701692e-08
319291392,1822985,2554331136,64850410,1.508756e-01,6.248391e-02,2.059173e-10,2.589928e-10,9.044236e-09,6.630216e-08
319553536,1823063,2556428288,64903280,1.508765e-01,6.248288e-02,1.810572e-10,2.930159e-10,7.952338e-09,7.501208e-08
319815680,1823087,2558525440,64955991,1.508720e-01,6.248117e-02,3.224143e-10,3.546194e-10,1.416098e-08,9.078258e-08
320077824,1823095,2560622592,65008703,1.508693e-01,6.248057e-02,4.271625e-10,3.775682e-10,1.876170e-08,9.665746e-08
320339968,1823102,2562719744,65062186,1.508715e-01,6.248076e-02,3.419667e-10,3.702209e-10,1.501976e-08,9.477654e-08
320602112,1823141,2564816896,65116067,1.508723e-01,6.248162e-02,3.139091e-10,3.379828e-10,1.378742e-08,8.652358e-08
320864256,1823173,2566914048,65169218,1.508705e-01,6.248156e-02,3.793075e-10,3.401779e-10,1.665983e-08,8.708554e-08
321126400,1823218,2569011200,65222795,1.508724e-01,6.248201e-02,3.102238e-10,3.237535e-10,1.362556e-08,8.288090e-08
321388544,1823282,2571108352,65275596,1.508706e-01,6.248200e-02,3.775682e-10,3.238876e-10,1.658344e-08,8.291522e-08
321650688,1823285,2573205504,65328513,1.508665e-01,6.248033e-02,5.508094e-10,3.867440e-10,2.419249e-08,9.900646e-08
321912832,1823322,2575302656,65381515,1.508631e-01,6.247936e-02,7.250309e-10,4.259315e-10,3.184459e-08,1.090385e-07
322174976,1823341,2577399808,65434187,1.508634e-01,6.248013e-02,7.074841e-10,3.948447e-10,3.107390e-08,1.010802e-07
322437120,1823396,2579496960,65487218,1.508623e-01,6.248023e-02,7.690117e-10,3.910048e-10,3.377630e-08,1.000972e-07
322699264,1823437,2581594112,65540729,1.508622e-01,6.247990e-02,7.723211e-10,4.039272e-10,3.392165e-08,1.034054e-07
322961408,1823441,2583691264,65594278,1.508624e-01,6.248045e-02,7.607694e-10,3.822151e-10,3.341428e-08,9.784708e-08
323223552,1823472,2585788416,65647572,1.508644e-01,6.248047e-02,6.538450e-10,3.813417e-10,2.871798e-08,9.762347e-08
323485696,1823504,2587885568,65701024,1.508630e-01,6.247963e-02,7.306591e-10,4.147805e-10,3.209179e-08,1.061838e-07
323747840,1823578,2589982720,65753723,1.508613e-01,6.248027e-02,8.253807e-10,3.893859e-10,3.625212e-08,9.968278e-08
324009984,1823584,2592079872,65807304,1.508632e-01,6.248083e-02,7.202241e-10,3.673593e-10,3.163347e-08,9.404397e-08
324272128,1823634,2594177024,65860774,1.508633e-01,6.247995e-02,7.114531e-10,4.019829e-10,3.124823e-08,1.029076e-07
324534272,1823694,2596274176,65913648,1.508666e-01,6.248040e-02,5.494114e-10,3.842571e-10,2.413108e-08,9.836982e-08
324796416,1823754,2598371328,65967249,1.508674e-01,6.248271e-02,5.096423e-10,2.987832e-10,2.238436e-08,7.648850e-08
325058560,1823787,2600468480,66020687,1.508673e-01,6.248251e-02,5.157155e-10,3.060387e-10,2.265110e-08,7.834592e-08
325320704,1823860,2602565632,66074251,1.508672e-01,6.248182e-02,5.197842e-10,3.304912e-10,2.282981e-08,8.460574e-08
325582848,1823889,2604662784,66127298,1.508669e-01,6.248187e-02,5.341507e-10,3.288678e-10,2.346081e-08,8.419016e-08
325844992,1823894,2606759936,66180770,1.508651e-01,6.248218e-02,6.207443e-10,3.174834e-10,2.726415e-08,8.127574e-08
326107136,1823908,2608857088,66233717,1.508649e-01,6.248265e-02,6.319321e-10,3.009766e-10,2.775553e-08,7.705000e-08
326369280,1823913,2610954240,66287163,1.508669e-01,6.248341e-02,5.313991e-10,2.751855e-10,2.333995e-08,7.044750e-08
326631424,1824072,2613051392,66340809,1.508652e-01,6.248367e-02,6.140797e-10,2.667235e-10,2.697142e-08,6.828122e-08
326893568,1824291,2615148544,66394474,1.508657e-01,6.248277e-02,5.885035e-10,2.969829e-10,2.584807e-08,7.602763e-08
327155712,1824590,2617245696,66448416,1.508680e-01,6.248365e-02,4.857095e-10,2.674541e-10,2.133318e-08,6.846825e-08
327417856,1825173,2619342848,66501687,1.508675e-01,6.248460e-02,5.069547e-10,2.372855e-10,2.226631e-08,6.074509e-08
327680000,1825615,2621440000,66554885,1.508683e-01,6.248600e-02,4.720144e-10,1.959899e-10,2.073168e-08,5.017343e-08
327942144,1836927,2623537152,66608014,1.508691e-01,6.248568e-02,4.358294e-10,2.050629e-10,1.914237e-08,5.249609e-08
328204288,1847547,2625634304,66661075,1.508670e-01,6.248428e-02,5.286547e-10,2.470241e-10,2.321941e-08,6.323816e-08
328466432,1851092,2627731456,66714559,1.508676e-01,6.248425e-02,5.022684e-10,2.479618e-10,2.206048e-08,6.347821e-08
328728576,1851829,2629828608,66767600,1.508696e-01,6.248403e-02,4.149323e-10,2.550511e-10,1.822453e-08,6.529308e-08
328990720,1853498,2631925760,66820648,1.508698e-01,6.248379e-02,4.094867e-10,2.627232e-10,1.798535e-08,6.725713e-08
329252864,1857178,2634022912,66874308,1.508709e-01,6.248383e-02,3.632297e-10,2.615169e-10,1.595367e-08,6.694833e-08
329515008,1858918,2636120064,66926894,1.508698e-01,6.248385e-02,4.064769e-10,2.606742e-10,1.785316e-08,6.673260e-08
329777152,1859254,2638217216,66980414,1.508693e-01,6.248390e-02,4.277787e-10,2.591127e-10,1.878877e-08,6.633286e-08
330039296,1859857,2640314368,67034060,1.508711e-01,6.248529e-02,3.587000e-10,2.163090e-10,1.575471e-08,5.537510e-08
330301440,1861777,2642411520,67087526,1.508718e-01,6.248580e-02,3.299496e-10,2.016629e-10,1.449195e-08,5.162570e-08
330563584,1880118,2644508672,67140406,1.508704e-01,6.248464e-02,3.833813e-10,2.357959e-10,1.683876e-08,6.036375e-08
330825728,1887966,2646605824,67193235,1.508701e-01,6.248327e-02,3.963265e-10,2.800269e-10,1.740733e-08,7.168688e-08
331087872,1887983,2648702976,67247031,1.508709e-01,6.248258e-02,3.655052e-10,3.035673e-10,1.605361e-08,7.771322e-08
331350016,1889415,2650800128,67300348,1.508725e-01,6.248271e-02,3.055176e-10,2.990408e-10,1.341885e-08,7.655446e-08
331612160,1895773,2652897280,67353930,1.508735e-01,6.248334e-02,2.721043e-10,2.775389e-10,1.195129e-08,7.104995e-08
331874304,1912206,2654994432,67407143,1.508734e-01,6.248252e-02,2.750620e-10,3.053874e-10,1.208119e-08,7.817917e-08
332136448,1913353,2657091584,67460288,1.508720e-01,6.248210e-02,3.250955e-10,3.202774e-10,1.427875e-08,8.199100e-08
332398592,1917461,2659188736,67513367,1.508711e-01,6.248075e-02,3.564458e-10,3.706511e-10,1.565570e-08,9.488667e-08
332660736,1926320,2661285888,67566978,1.508711e-01,6.248047e-02,3.575720e-10,3.813417e-10,1.570517e-08,9.762347e-08
332922880,1927041,2663383040,67620271,1.508728e-01,6.248019e-02,2.972398e-10,3.924794e-10,1.305528e-08,1.004747e-07
333185024,1932678,2665480192,67673299,1.508725e-01,6.247950e-02,3.055176e-10,4.204139e-10,1.341885e-08,1.076260e-07
333447168,1934012,2667577344,67726446,1.508715e-01,6.247856e-02,3.419667e-10,4.597924e-10,1.501976e-08,1.177069e-07
333709312,1946362,2669674496,67779505,1.508715e-01,6.247741e-02,3.425180e-10,5.104837e-10,1.504397e-08,1.306838e-07
333971456,1954214,2671771648,67832840,1.508725e-01,6.247670e-02,3.060387e-10,5.429688e-10,1.344174e-08,1.390000e-07
334233600,1960372,2673868800,67885837,1.508717e-01,6.247478e-02,3.332057e-10,6.358714e-10,1.463496e-08,1.627831e-07
334495744,1961844,2675965952,67939161,1.508706e-01,6.247481e-02,3.746783e-10,6.345569e-10,1.645651e-08,1.624466e-07
334757888,1970759,2678063104,67992505,1.508732e-01,6.247550e-02,2.825260e-10,6.003105e-10,1.240902e-08,1.536795e-07
335020032,1970906,2680160256,68045947,1.508749e-01,6.247599e-02,2.274056e-10,5.764559e-10,9.988043e-09,1.475727e-07
335282176,1971408,2682257408,68099156,1.508742e-01,6.247662e-02,2.494893e-10,5.464466e-10,1.095799e-08,1.398903e-07
335544320,1971490,2684354560,68152412,1.508732e-01,6.247661e-02,2.825260e-10,5.473177e-10,1.240902e-08,1.401133e-07
335806464,1971543,2686451712,68205763,1.508755e-01,6.247722e-02,2.102161e-10,5.187655e-10,9.233046e-09,1.328040e-07
336068608,1971781,2688548864,68259718,1.508754e-01,6.247740e-02,2.132516e-10,5.108204e-10,9.366374e-09,1.307700e-07
336330752,1971876,2690646016,68312889,1.508738e-01,6.247657e-02,2.618785e-10,5.488876e-10,1.150215e-08,1.405152e-07
336592896,1971920,2692743168,68365316,1.508730e-01,6.247471e-02,2.890757e-10,6.398229e-10,1.269669e-08,1.637947e-07
336855040,1972034,2694840320,68418871,1.508747e-01,6.247453e-02,2.332856e-10,6.485215e-10,1.024630e-08,1.660215e-07
337117184,1972127,2696937472,68471893,1.508747e-01,6.247562e-02,2.328306e-10,5.944831e-10,1.022632e-08,1.521877e-07
337379328,1972335,2699034624,68524749,1.508728e-01,6.247468e-02,2.941649e-10,6.413315e-10,1.292022e-08,1.641809e-07
337641472,1972343,2701131776,68578067,1.508720e-01,6.247325e-02,3.240217e-10,7.156326e-10,1.423158e-08,1.832019e-07
337903616,1972368,2703228928,68631129,1.508716e-01,6.247348e-02,3.375720e-10,7.035261e-10,1.482673e-08,1.801027e-07
338165760,1972369,2705326080,68683762,1.508699e-01,6.247253e-02,4.022818e-10,7.544122e-10,1.766890e-08,1.931295e-07
338427904,1972455,2707423232,68736868,1.508706e-01,6.247367e-02,3.775682e-10,6.934836e-10,1.658344e-08,1.775318e-07
338690048,1972492,2709520384,68790903,1.508730e-01,6.247436e-02,2.875575e-10,6.576608e-10,1.263002e-08,1.683612e-07
338952192,1972494,2711617536,68844196,1.508737e-01,6.247505e-02,2.642955e-10,6.224161e-10,1.160831e-08,1.593385e-07
339214336,1972512,2713714688,68897542,1.508746e-01,6.247511e-02,2.360248e-10,6.194456e-10,1.036661e-08,1.585781e-07
339476480,1972570,2715811840,68951171,1.508753e-01,6.247399e-02,2.171865e-10,6.765189e-10,9.539200e-09,1.731888e-07
339738624,1972634,2717908992,69004858,1.508763e-01,6.247548e-02,1.875302e-10,6.012236e-10,8.236645e-09,1.539132e-07
340000768,1972685,2720006144,69057804,1.508749e-01,6.247429e-02,2.265077e-10,6.611046e-10,9.948603e-09,1.692428e-07
340262912,1972689,2722103296,69111364,1.508753e-01,6.247503e-02,2.145593e-10,6.237180e-10,9.423807e-09,1.596718e-07
340525056,1972765,2724200448,69164415,1.508772e-01,6.247629e-02,1.642242e-10,5.622339e-10,7.213006e-09,1.439319e-07
340787200,1972847,2726297600,69217220,1.508756e-01,6.247455e-02,2.084912e-10,6.477627e-10,9.157288e-09,1.658273e-07
341049344,1972852,2728394752,69270670,1.508756e-01,6.247484e-02,2.063452e-10,6.332438e-10,9.063029e-09,1.621104e-07
341311488,1972878,2730491904,69323516,1.508747e-01,6.247411e-02,2.346532e-10,6.701389e-10,1.030637e-08,1.715556e-07
341573632,1972895,2732589056,69376865,1.508752e-01,6.247421e-02,2.176259e-10,6.649415e-10,9.558500e-09,1.702250e-07
341835776,1972899,2734686208,69430293,1.508759e-01,6.247578e-02,1.974529e-10,5.865169e-10,8.672468e-09,1.501483e-07
342097920,1972900,2736783360,69483604,1.508772e-01,6.247478e-02,1.638425e-10,6.358714e-10,7.196240e-09,1.627831e-07
342360064,1973033,2738880512,69536591,1.508789e-01,6.247638e-02,1.222498e-10,5.578260e-10,5.369417e-09,1.428035e-07
342622208,1973083,2740977664,69589858,1.508766e-01,6.247522e-02,1.790577e-10,6.140797e-10,7.864516e-09,1.572044e-07
342884352,1973262,2743074816,69643537,1.508776e-01,6.247555e-02,1.537046e-10,5.975754e-10,6.750967e-09,1.529793e-07
343146496,1973288,2745171968,69697637,1.508798e-01,6.247654e-02,1.047982e-10,5.502849e-10,4.602914e-09,1.408729e-07
343408640,1973301,2747269120,69751380,1.508825e-01,6.247722e-02,5.685141e-11,5.191050e-10,2.497011e-09,1.328909e-07
343670784,1973443,2749366272,69804699,1.508831e-01,6.247645e-02,4.718914e-11,5.544876e-10,2.072627e-09,1.419488e-07
343932928,1973520,2751463424,69857236,1.508819e-01,6.247562e-02,6.595280e-11,5.943015e-10,2.896759e-09,1.521412e-07
344195072,1973532,2753560576,69910278,1.508851e-01,6.247655e-02,2.432743e-11,5.497607e-10,1.068502e-09,1.407387e-07
344457216,1973673,2755657728,69963751,1.508868e-01,6.247766e-02,9.885648e-12,4.989344e-10,4.341945e-10,1.277272e-07
344719360,1978366,2757754880,70016645,1.508871e-01,6.247728e-02,8.617329e-12,5.163925e-10,3.784877e-10,1.321965e-07
344981504,1981069,2759852032,70070505,1.508890e-01,6.247779e-02,9.967582e-13,4.932921e-10,4.377932e-11,1.262828e-07
345243648,1986332,2761949184,70123907,1.508903e-01,6.247910e-02,1.074696e-13,4.369188e-10,4.720247e-12,1.118512e-07
345505792,1994791,2764046336,70177579,1.508906e-01,6.247917e-02,3.377298e-13,4.338097e-10,1.483367e-11,1.110553e-07
345767936,2000415,2766143488,70230970,1.508899e-01,6.247906e-02,1.998401e-15,4.386336e-10,8.777319e-14,1.122902e-07
346030080,2001574,2768240640,70284190,1.508905e-01,6.247853e-02,2.877698e-13,4.607515e-10,1.263934e-11,1.179524e-07
346292224,2002186,2770337792,70337637,1.508915e-01,6.247913e-02,2.132516e-12,4.356738e-10,9.366374e-11,1.115325e-07
346554368,2002451,2772434944,70390113,1.508898e-01,6.247726e-02,2.220446e-14,5.172394e-10,9.752575e-13,1.324133e-07
346816512,2002516,2774532096,70442727,1.508883e-01,6.247703e-02,2.735812e-12,5.277985e-10,1.201615e-10,1.351164e-07
347078656,2003290,2776629248,70496326,1.508909e-01,6.247761e-02,9.094947e-13,5.011003e-10,3.994655e-11,1.282817e-07
347340800,2003292,2778726400,70549597,1.508907e-01,6.247768e-02,5.551115e-13,4.981027e-10,2.438144e-11,1.275143e-07
347602944,2003446,2780823552,70602770,1.508907e-01,6.247835e-02,4.904965e-13,4.687826e-10,2.154344e-11,1.200083e-07
347865088,2003554,2782920704,70655433,1.508894e-01,6.247849e-02,3.039791e-13,4.626726e-10,1.335128e-11,1.184442e-07
348127232,2003712,2785017856,70709277,1.508899e-01,6.247914e-02,1.088019e-14,4.352074e-10,4.778763e-13,1.114131e-07
348389376,2003766,2787115008,70762279,1.508910e-01,6.247896e-02,1.026734e-12,4.428569e-10,4.509591e-11,1.133714e-07
348651520,2003900,2789212160,70816284,1.508931e-01,6.248048e-02,9.792167e-12,3.810507e-10,4.300886e-10,9.754899e-08
348913664,2004030,2791309312,70869684,1.508920e-01,6.248123e-02,4.046763e-12,3.522383e-10,1.777407e-10,9.017300e-08
349175808,2004074,2793406464,70923436,1.508918e-01,6.248133e-02,3.091749e-12,3.484729e-10,1.357949e-10,8.920907e-08
349437952,2004113,2795503616,70976633,1.508933e-01,6.248232e-02,1.094325e-11,3.127222e-10,4.806460e-10,8.005688e-08
349700096,2004182,2797600768,71030069,1.508941e-01,6.248343e-02,1.703726e-11,2.746914e-10,7.483055e-10,7.032099e-08
349962240,2004183,2799697920,71082825,1.508921e-01,6.248216e-02,4.540590e-12,3.181475e-10,1.994304e-10,8.144576e-08
350224384,2004255,2801795072,71136271,1.508916e-01,6.248166e-02,2.735812e-12,3.362045e-10,1.201615e-10,8.606834e-08
350486528,2004318,2803892224,71189247,1.508905e-01,6.248122e-02,3.039791e-13,3.525180e-10,1.335128e-11,9.024461e-08
350748672,2004329,2805989376,71242535,1.508919e-01,6.248156e-02,3.469447e-12,3.399031e-10,1.523840e-10,8.701520e-08
351010816,2004340,2808086528,71296209,1.508906e-01,6.248203e-02,3.377298e-13,3.229497e-10,1.483367e-11,8.267511e-08
351272960,2004379,2810183680,71349360,1.508902e-01,6.248134e-02,3.752554e-14,3.480558e-10,1.648185e-12,8.910229e-08
351535104,2004393,2812280832,71401986,1.508898e-01,6.248075e-02,3.197442e-14,3.706511e-10,1.404371e-12,9.488667e-08
351797248,2004399,2814377984,71455231,1.508917e-01,6.248181e-02,2.885692e-12,3.307621e-10,1.267445e-10,8.467511e-08
352059392,2004439,2816475136,71508590,1.508944e-01,6.248300e-02,1.932343e-11,2.889490e-10,8.487179e-10,7.397094e-08
352321536,2004482,2818572288,71561458,1.508925e-01,6.248309e-02,6.417089e-12,2.857914e-10,2.818494e-10,7.316261e-08
352583680,2004544,2820669440,71614816,1.508915e-01,6.248291e-02,2.355671e-12,2.921239e-10,1.034651e-10,7.478371e-08
352845824,2004614,2822766592,71667614,1.508902e-01,6.248143e-02,4.352074e-14,3.448661e-10,1.911505e-12,8.828573e-08
353107968,2004628,2824863744,71721293,1.508888e-01,6.248057e-02,1.316502e-12,3.774234e-10,5.782302e-11,9.662040e-08
353370112,2004658,2826960896,71774999,1.508886e-01,6.248128e-02,2.046363e-12,3.505623e-10,8.987974e-11,8.974395e-08
353632256,2004676,2829058048,71827893,1.508872e-01,6.248024e-02,7.681855e-12,3.902685e-10,3.374001e-10,9.990873e-08
353894400,2004754,2831155200,71881318,1.508858e-01,6.247994e-02,1.728417e-11,4.024312e-10,7.591503e-10,1.030224e-07
354156544,2004765,2833252352,71934567,1.508843e-01,6.247911e-02,3.206324e-11,4.362961e-10,1.408272e-09,1.116918e-07
354418688,2004800,2835349504,71987560,1.508843e-01,6.247858e-02,3.274181e-11,4.586748e-10,1.438076e-09,1.174207e-07
354680832,2004828,2837446656,72040266,1.508830e-01,6.247822e-02,4.946799e-11,4.742833e-10,2.172718e-09,1.214165e-07
354942976,2004883,2839543808,72093831,1.508859e-01,6.247950e-02,1.703726e-11,4.204139e-10,7.483055e-10,1.076260e-07
355205120,2004884,2841640960,72146383,1.508845e-01,6.247858e-02,3.039791e-11,4.589940e-10,1.335128e-09,1.175025e-07
355467264,2004962,2843738112,72200478,1.508858e-01,6.247955e-02,1.740830e-11,4.181255e-10,7.646019e-10,1.070401e-07
355729408,2005010,2845835264,72254021,1.508857e-01,6.247950e-02,1.854539e-11,4.204139e-10,8.145449e-10,1.076260e-07
355991552,2005109,2847932416,72307164,1.508845e-01,6.247983e-02,3.056244e-11,4.067773e-10,1.342354e-09,1.041350e-07
356253696,2005113,2850029568,72360481,1.508848e-01,6.247993e-02,2.689049e-11,4.027302e-10,1.181076e-09,1.030989e-07
356515840,2005161,2852126720,72414448,1.508860e-01,6.248052e-02,1.594813e-11,3.795977e-10,7.004691e-10,9.717702e-08
356777984,2005169,2854223872,72467692,1.508857e-01,6.248111e-02,1.803557e-11,3.567271e-10,7.921530e-10,9.132215e-08
357040128,2005207,2856321024,72521458,1.508861e-01,6.248179e-02,1.489497e-11,3.315757e-10,6.542126e-10,8.488337e-08
357302272,2005276,2858418176,72574198,1.508857e-01,6.248117e-02,1.880296e-11,3.546194e-10,8.258579e-10,9.078258e-08
357564416,2005288,2860515328,72627756,1.508879e-01,6.248192e-02,4.477307e-12,3.268442e-10,1.966509e-10,8.367212e-08
357826560,2005368,2862612480,72680575,1.508854e-01,6.248058e-02,2.079137e-11,3.769893e-10,9.131922e-10,9.650927e-08
358088704,2005390,2864709632,72733269,1.508840e-01,6.247969e-02,3.642087e-11,4.123563e-10,1.599666e-09,1.055632e-07
358350848,2005428,2866806784,72786692,1.508844e-01,6.247994e-02,3.072742e-11,4.025807e-10,1.349601e-09,1.030607e-07
358612992,2005491,2868903936,72839732,1.508830e-01,6.247961e-02,4.821832e-11,4.156915e-10,2.117830e-09,1.064170e-07
358875136,2005552,2871001088,72893110,1.508859e-01,6.247974e-02,1.703726e-11,4.105427e-10,7.483055e-10,1.050989e-07
359137280,2005575,2873098240,72946650,1.508868e-01,6.247880e-02,9.979573e-12,4.493086e-10,4.383198e-10,1.150230e-07
359399424,2005597,2875195392,72999420,1.508851e-01,6.247776e-02,2.359801e-11,4.944511e-10,1.036465e-09,1.265795e-07
359661568,2005605,2877292544,73052550,1.508837e-01,6.247696e-02,3.898237e-11,5.307124e-10,1.712172e-09,1.358624e-07
359923712,2005667,2879389696,73105618,1.508837e-01,6.247771e-02,3.973022e-11,4.969394e-10,1.745019e-09,1.272165e-07
360185856,2005677,2881486848,73158877,1.508829e-01,6.247691e-02,4.967782e-11,5.331180e-10,2.181934e-09,1.364782e-07
360448000,2005994,2883584000,73212790,1.508834e-01,6.247794e-02,4.357603e-11,4.866952e-10,1.913933e-09,1.245940e-07
360710144,2006044,2885681152,73265950,1.508834e-01,6.247836e-02,4.318346e-11,4.681375e-10,1.896691e-09,1.198432e-07
360972288,2006822,2887778304,73318880,1.508833e-01,6.247759e-02,4.436651e-11,5.021015e-10,1.948653e-09,1.285380e-07
361234432,2007263,2889875456,73372202,1.508830e-01,6.247812e-02,4.925860e-11,4.788375e-10,2.163521e-09,1.225824e-07
361496576,2015379,2891972608,73426093,1.508860e-01,6.247819e-02,1.582934e-11,4.755823e-10,6.952515e-10,1.217491e-07
361758720,2026081,2894069760,73479843,1.508891e-01,6.247895e-02,7.469581e-13,4.430137e-10,3.280767e-11,1.134115e-07
362020864,2029758,2896166912,73533185,1.508881e-01,6.247854e-02,3.469447e-12,4.604317e-10,1.523840e-10,1.178705e-07
362283008,2030494,2898264064,73586997,1.508875e-01,6.247881e-02,6.417089e-12,4.489928e-10,2.818494e-10,1.149422e-07
362545152,2032098,2900361216,73640187,1.508863e-01,6.247839e-02,1.332823e-11,4.668488e-10,5.853984e-10,1.195133e-07
362807296,2035714,2902458368,73693553,1.508864e-01,6.247803e-02,1.300382e-11,4.827583e-10,5.711498e-10,1.235861e-07
363069440,2037573,2904555520,73746630,1.508861e-01,6.247734e-02,1.535860e-11,5.133494e-10,6.745760e-10,1.314175e-07
363331584,2038230,2906652672,73799430,1.508863e-01,6.247739e-02,1.332823e-11,5.111572e-10,5.853984e-10,1.308563e-07
363593728,2040276,2908749824,73853566,1.508895e-01,6.247883e-02,2.566836e-13,4.482038e-10,1.127398e-11,1.147402e-07
363855872,2040934,2910846976,73906454,1.508898e-01,6.247940e-02,3.752554e-14,4.242418e-10,1.648185e-12,1.086059e-07
364118016,2061735,2912944128,73959311,1.508879e-01,6.247766e-02,4.414469e-12,4.992673e-10,1.938910e-10,1.278124e-07
364380160,2066539,2915041280,74012774,1.508895e-01,6.247790e-02,2.566836e-13,4.885049e-10,1.127398e-11,1.250573e-07
364642304,2066645,2917138432,74065947,1.508878e-01,6.247788e-02,4.798162e-12,4.894934e-10,2.107434e-10,1.253103e-07
364904448,2068070,2919235584,74119598,1.508887e-01,6.247825e-02,1.566747e-12,4.729862e-10,6.881418e-11,1.210845e-07
365166592,2074495,2921332736,74172989,1.508873e-01,6.247644e-02,7.114531e-12,5.548385e-10,3.124823e-10,1.420387e-07
365428736,2090667,2923429888,74225923,1.508881e-01,6.247595e-02,3.695044e-12,5.786045e-10,1.622926e-10,1.481228e-07
365690880,2091924,2925527040,74278462,1.508881e-01,6.247564e-02,3.752554e-12,5.933937e-10,1.648185e-10,1.519088e-07
365953024,2099100,2927624192,74330914,1.508883e-01,6.247518e-02,2.936540e-12,6.161123e-10,1.289778e-10,1.577247e-07
366215168,2105697,2929721344,74384081,1.508883e-01,6.247534e-02,2.785328e-12,6.080020e-10,1.223363e-10,1.556485e-07
366477312,2107802,2931818496,74437959,1.508906e-01,6.247716e-02,3.552714e-13,5.218246e-10,1.560412e-11,1.335871e-07
366739456,2111342,2933915648,74491088,1.508932e-01,6.247800e-02,1.007394e-11,4.839049e-10,4.424646e-10,1.238797e-07
367001600,2112501,2936012800,74544174,1.508912e-01,6.247717e-02,1.350919e-12,5.213141e-10,5.933467e-11,1.334564e-07
367263744,2124895,2938109952,74597595,1.508909e-01,6.247769e-02,8.262280e-13,4.977702e-10,3.628934e-11,1.274292e-07
367525888,2132829,2940207104,74650713,1.508911e-01,6.247636e-02,1.183276e-12,5.588823e-10,5.197148e-11,1.430739e-07
367788032,2138922,2942304256,74704004,1.508907e-01,6.247613e-02,5.551115e-13,5.698562e-10,2.438144e-11,1.458832e-07
368050176,2143449,2944401408,74757372,1.508897e-01,6.247635e-02,7.194245e-14,5.592347e-10,3.159835e-12,1.431641e-07
368312320,2149199,2946498560,74810614,1.508891e-01,6.247554e-02,7.214229e-13,5.984864e-10,3.168612e-11,1.532125e-07
368574464,2149307,2948595712,74863050,1.508883e-01,6.247517e-02,2.987832e-12,6.162972e-10,1.312307e-10,1.577721e-07
368836608,2149932,2950692864,74916599,1.508900e-01,6.247672e-02,2.220446e-16,5.419276e-10,9.752576e-15,1.387335e-07
369098752,2149947,2952790016,74969859,1.508919e-01,6.247771e-02,3.752554e-12,4.967733e-10,1.648185e-10,1.271740e-07
369360896,2150003,2954887168,75022832,1.508908e-01,6.247794e-02,7.214229e-13,4.866952e-10,3.168612e-11,1.245940e-07
369623040,2150399,2956984320,75076170,1.508905e-01,6.247799e-02,2.133849e-13,4.842328e-10,9.372226e-12,1.239636e-07
369885184,2150419,2959081472,75129613,1.508914e-01,6.247853e-02,1.961986e-12,4.607515e-10,8.617376e-11,1.179524e-07
370147328,2150614,2961178624,75182501,1.508916e-01,6.247824e-02,2.542189e-12,4.734724e-10,1.116573e-10,1.212089e-07
370409472,2150687,2963275776,75236384,1.508920e-01,6.247841e-02,4.167555e-12,4.662051e-10,1.830461e-10,1.193485e-07
370671616,2150851,2965372928,75289572,1.508909e-01,6.247848e-02,7.469581e-13,4.633139e-10,3.280767e-11,1.186084e-07
370933760,2150883,2967470080,75342969,1.508897e-01,6.247813e-02,1.074696e-13,4.785115e-10,4.720247e-12,1.224989e-07
371195904,2150917,2969567232,75395854,1.508883e-01,6.247774e-02,2.936540e-12,4.954457e-10,1.289778e-10,1.268341e-07
371458048,2150945,2971664384,75449347,1.508879e-01,6.247699e-02,4.540590e-12,5.295115e-10,1.994304e-10,1.355550e-07
371720192,2151033,2973761536,75503223,1.508880e-01,6.247676e-02,4.167555e-12,5.400214e-10,1.830461e-10,1.382455e-07
371982336,2151045,2975858688,75556439,1.508857e-01,6.247634e-02,1.816236e-11,5.595871e-10,7.977218e-10,1.432543e-07
372244480,2151072,2977955840,75609249,1.508845e-01,6.247568e-02,3.007017e-11,5.915801e-10,1.320733e-09,1.514445e-07
372506624,2151115,2980052992,75662758,1.508859e-01,6.247553e-02,1.716050e-11,5.986687e-10,7.537181e-10,1.532592e-07
372768768,2151164,2982150144,75716270,1.508867e-01,6.247605e-02,1.104206e-11,5.734189e-10,4.849858e-10,1.467952e-07
373030912,2151182,2984247296,75769676,1.508871e-01,6.247536e-02,8.530066e-12,6.069002e-10,3.746550e-10,1.553665e-07
373293056,2151232,2986344448,75823476,1.508882e-01,6.247537e-02,3.250955e-12,6.065332e-10,1.427875e-10,1.552725e-07
373555200,2151314,2988441600,75876377,1.508881e-01,6.247380e-02,3.581357e-12,6.862431e-10,1.572993e-10,1.756782e-07
373817344,2151368,2990538752,75929447,1.508884e-01,6.247371e-02,2.589928e-12,6.909353e-10,1.137540e-10,1.768794e-07
374079488,2151382,2992635904,75982837,1.508881e-01,6.247284e-02,3.581357e-12,7.379273e-10,1.572993e-10,1.889094e-07
374341632,2151488,2994733056,76036922,1.508896e-01,6.247447e-02,1.174616e-13,6.519412e-10,5.159112e-12,1.668970e-07
374603776,2151514,2996830208,76089869,1.508863e-01,6.247340e-02,1.354672e-11,7.074841e-10,5.949949e-10,1.811159e-07
374865920,2151524,2998927360,76143897,1.508878e-01,6.247324e-02,4.668488e-12,7.162306e-10,2.050479e-10,1.833550e-07
375128064,2151534,3001024512,76197299,1.508877e-01,6.247405e-02,5.266010e-12,6.736152e-10,2.312921e-10,1.724455e-07
375390208,2151601,3003121664,76250954,1.508867e-01,6.247386e-02,1.055245e-11,6.835133e-10,4.634814e-10,1.749794e-07
375652352,2151601,3005218816,76304433,1.508873e-01,6.247516e-02,7.355005e-12,6.168522e-10,3.230443e-10,1.579142e-07
375914496,2151690,3007315968,76357875,1.508871e-01,6.247533e-02,8.617329e-12,6.083695e-10,3.784877e-10,1.557426e-07
376176640,2151766,3009413120,76411503,1.508874e-01,6.247583e-02,6.645573e-12,5.843537e-10,2.918848e-10,1.495945e-07
376438784,2151862,3011510272,76465159,1.508871e-01,6.247674e-02,8.185452e-12,5.410608e-10,3.595190e-10,1.385116e-07
376700928,2151990,3013607424,76518858,1.508885e-01,6.247858e-02,2.355671e-12,4.589940e-10,1.034651e-10,1.175025e-07
376963072,2152009,3015704576,76571992,1.508891e-01,6.247814e-02,7.469581e-13,4.778598e-10,3.280767e-11,1.223321e-07
377225216,2152080,3017801728,76625422,1.508903e-01,6.247851e-02,9.792167e-14,4.620318e-10,4.300886e-12,1.182801e-07
377487360,2152104,3019898880,76679509,1.508938e-01,6.248045e-02,1.432543e-11,3.822151e-10,6.291972e-10,9.784708e-08
377749504,2152287,3021996032,76732724,1.508933e-01,6.248007e-02,1.094325e-11,3.973655e-10,4.806460e-10,1.017256e-07
378011648,2152508,3024093184,76785765,1.508929e-01,6.247929e-02,8.443246e-12,4.288581e-10,3.708417e-10,1.097877e-07
378273792,2157037,3026190336,76839054,1.508937e-01,6.247904e-02,1.387779e-11,4.394142e-10,6.095360e-10,1.124900e-07
378535936,2159600,3028287488,76892440,1.508964e-01,6.247990e-02,4.143885e-11,4.039272e-10,1.820065e-09,1.034054e-07
378798080,2164969,3030384640,76945536,1.508958e-01,6.247929e-02,3.429457e-11,4.288581e-10,1.506276e-09,1.097877e-07
379060224,2173198,3032481792,76998891,1.508973e-01,6.247948e-02,5.374901e-11,4.211781e-10,2.360748e-09,1.078216e-07
379322368,2178986,3034578944,77051473,1.508941e-01,6.247878e-02,1.691447e-11,4.504148e-10,7.429122e-10,1.153062e-07
379584512,2182990,3036676096,77105446,1.508982e-01,6.248113e-02,6.741296e-11,3.561645e-10,2.960892e-09,9.117811e-08
379846656,2183762,3038773248,77158749,1.508958e-01,6.248096e-02,3.342748e-11,3.625200e-10,1.468192e-09,9.280512e-08
380108800,2183998,3040870400,77212516,1.508951e-01,6.248048e-02,2.627587e-11,3.809053e-10,1.154081e-09,9.751176e-08
380370944,2184083,3042967552,77265951,1.508963e-01,6.248185e-02,3.973022e-11,3.294085e-10,1.745019e-09,8.432858e-08
380633088,2184882,3045064704,77319254,1.508959e-01,6.248120e-02,3.464451e-11,3.534979e-10,1.521646e-09,9.049546e-08
380895232,2185085,3047161856,77371736,1.508959e-01,6.248121e-02,3.446932e-11,3.532178e-10,1.513951e-09,9.042375e-08
381157376,2185086,3049259008,77424929,1.508942e-01,6.248045e-02,1.765788e-11,3.820695e-10,7.755639e-10,9.780979e-08
381419520,2185167,3051356160,77477926,1.508944e-01,6.248138e-02,1.906231e-11,3.466672e-10,8.372489e-10,8.874680e-08
381681664,2185234,3053453312,77530752,1.508932e-01,6.248137e-02,1.026401e-11,3.472223e-10,4.508129e-10,8.888891e-08
381943808,2185351,3055550464,77583942,1.508930e-01,6.248151e-02,8.970824e-12,3.418289e-10,3.940138e-10,8.750820e-08
382205952,2185451,3057647616,77637158,1.508931e-01,6.248079e-02,9.606538e-12,3.690749e-10,4.219354e-10,9.448317e-08
382468096,2185473,3059744768,77689620,1.508927e-01,6.248077e-02,7.599477e-12,3.699342e-10,3.337819e-10,9.470315e-08
382730240,2185709,3061841920,77742513,1.508934e-01,6.248028e-02,1.184852e-11,3.887980e-10,5.204072e-10,9.953229e-08
382992384,2185788,3063939072,77795547,1.508900e-01,6.247878e-02,0.000000e+00,4.504148e-10,0.000000e+00,1.153062e-07
383254528,2185844,3066036224,77848826,1.508900e-01,6.247986e-02,8.881784e-16,4.057261e-10,3.901030e-14,1.038659e-07
383516672,2185906,3068133376,77901976,1.508884e-01,6.248011e-02,2.448042e-12,3.955852e-10,1.075222e-10,1.012698e-07
383778816,2185961,3070230528,77954985,1.508872e-01,6.247959e-02,7.931655e-12,4.167555e-10,3.483717e-10,1.066894e-07
384040960,2185965,3072327680,78008241,1.508868e-01,6.247948e-02,1.035971e-11,4.208723e-10,4.550162e-10,1.077433e-07
384303104,2186016,3074424832,78061651,1.508877e-01,6.247971e-02,5.266010e-12,4.116001e-10,2.312921e-10,1.053696e-07
384565248,2186036,3076521984,78114918,1.508881e-01,6.248017e-02,3.414158e-12,3.930701e-10,1.499556e-10,1.006259e-07
384827392,2186042,3078619136,78168100,1.508891e-01,6.248027e-02,7.993606e-13,3.893859e-10,3.510927e-11,9.968278e-08
385089536,2186134,3080716288,78220971,1.508875e-01,6.247975e-02,5.972112e-12,4.100900e-10,2.623053e-10,1.049830e-07
385351680,2186157,3082813440,78274446,1.508866e-01,6.247998e-02,1.164424e-11,4.009379e-10,5.114349e-10,1.026401e-07
385613824,2186181,3084910592,78328099,1.508871e-01,6.248018e-02,8.100409e-12,3.929224e-10,3.557837e-10,1.005881e-07
385875968,2186204,3087007744,78380988,1.508864e-01,6.247959e-02,1.278977e-11,4.167555e-10,5.617484e-10,1.066894e-07
386138112,2186271,3089104896,78434200,1.508856e-01,6.247956e-02,1.945466e-11,4.176686e-10,8.544818e-10,1.069232e-07
386400256,2186331,3091202048,78487353,1.508870e-01,6.248085e-02,9.150236e-12,3.667883e-10,4.018939e-10,9.389780e-08
386662400,2186397,3093299200,78540106,1.508864e-01,6.248125e-02,1.289657e-11,3.515395e-10,5.664393e-10,8.999410e-08
386924544,2186417,3095396352,78593667,1.508869e-01,6.248100e-02,9.514389e-12,3.611028e-10,4.178881e-10,9.244232e-08
387186688,2186420,3097493504,78646813,1.508859e-01,6.248120e-02,1.703726e-11,3.533578e-10,7.483055e-10,9.045961e-08
387448832,2186452,3099590656,78700041,1.508855e-01,6.248110e-02,2.052047e-11,3.572903e-10,9.012940e-10,9.146630e-08
387710976,2186557,3101687808,78752893,1.508861e-01,6.248160e-02,1.489497e-11,3.385309e-10,6.542126e-10,8.666390e-08
387973120,2186580,3103784960,78806500,1.508871e-01,6.248242e-02,8.270939e-12,3.091749e-10,3.632737e-10,7.914878e-08
388235264,2186583,3105882112,78859822,1.508849e-01,6.248200e-02,2.581957e-11,3.241558e-10,1.134039e-09,8.298389e-08
388497408,2186593,3107979264,78912894,1.508844e-01,6.248254e-02,3.139178e-11,3.048668e-10,1.378780e-09,7.804590e-08
388759552,2186635,3110076416,78966755,1.508848e-01,6.248271e-02,2.658229e-11,2.989120e-10,1.167539e-09,7.652147e-08
389021696,2186720,3112173568,79020077,1.508856e-01,6.248273e-02,1.906231e-11,2.982683e-10,8.372489e-10,7.635668e-08
389283840,2186832,3114270720,79073597,1.508860e-01,6.248360e-02,1.582934e-11,2.689183e-10,6.952515e-10,6.884308e-08
389545984,2186893,3116367872,79126708,1.508855e-01,6.248377e-02,1.985101e-11,2.633274e-10,8.718901e-10,6.741180e-08
389808128,2186932,3118465024,79179900,1.508847e-01,6.248361e-02,2.814105e-11,2.686740e-10,1.236003e-09,6.878054e-08
390070272,2186933,3120562176,79232912,1.508846e-01,6.248355e-02,2.925860e-11,2.705089e-10,1.285087e-09,6.925029e-08
390332416,2186954,3122659328,79285803,1.508836e-01,6.248304e-02,4.086531e-11,2.878103e-10,1.794874e-09,7.367943e-08
390594560,2187007,3124756480,79338580,1.508825e-01,6.248350e-02,5.595613e-11,2.722272e-10,2.457688e-09,6.969017e-08
390856704,2187044,3126853632,79392235,1.508836e-01,6.248395e-02,4.143885e-11,2.575560e-10,1.820065e-09,6.593433e-08
391118848,2187122,3128950784,79445447,1.508834e-01,6.248405e-02,4.298784e-11,2.543377e-10,1.888099e-09,6.511044e-08
391380992,2187126,3131047936,79499010,1.508838e-01,6.248434e-02,3.824163e-11,2.451540e-10,1.679638e-09,6.275943e-08
391643136,2187151,3133145088,79552353,1.508842e-01,6.248579e-02,3.342748e-11,2.019804e-10,1.468192e-09,5.170699e-08
391905280,2187252,3135242240,79605775,1.508833e-01,6.248598e-02,4.416822e-11,1.965118e-10,1.939943e-09,5.030703e-08
392167424,2187278,3137339392,79658861,1.508841e-01,6.248606e-02,3.482015e-11,1.942208e-10,1.529360e-09,4.972052e-08
392429568,2187366,3139436544,79711584,1.508829e-01,6.248539e-02,5.052159e-11,2.134693e-10,2.218994e-09,5.464814e-08
392691712,2187395,3141533696,79765113,1.508839e-01,6.248470e-02,3.660094e-11,2.340829e-10,1.607576e-09,5.992521e-08
392953856,2187413,3143630848,79818252,1.508839e-01,6.248413e-02,3.714384e-11,2.517303e-10,1.631421e-09,6.444296e-08
393216000,2187467,3145728000,79870831,1.508832e-01,6.248419e-02,4.576695e-11,2.500781e-10,2.010162e-09,6.401999e-08
393478144,2187469,3147825152,79924171,1.508840e-01,6.248481e-02,3.588330e-11,2.306756e-10,1.576055e-09,5.905295e-08
393740288,2187587,3149922304,79976339,1.508819e-01,6.248454e-02,6.571099e-11,2.388950e-10,2.886138e-09,6.115712e-08
394002432,2187715,3152019456,80029825,1.508831e-01,6.248521e-02,4.801159e-11,2.186163e-10,2.108751e-09,5.596576e-08
394264576,2187769,3154116608,80082946,1.508834e-01,6.248508e-02,4.298784e-11,2.226001e-10,1.888099e-09,5.698562e-08
394526720,2188609,3156213760,80135953,1.508830e-01,6.248651e-02,4.821832e-11,1.820611e-10,2.117830e-09,4.660764e-08
394788864,2189057,3158310912,80189671,1.508833e-01,6.248646e-02,4.536460e-11,1.832695e-10,1.992490e-09,4.691698e-08
395051008,2193878,3160408064,80242846,1.508821e-01,6.248630e-02,6.166823e-11,1.876323e-10,2.708573e-09,4.803386e-08
395313152,2204468,3162505216,80296063,1.508795e-01,6.248656e-02,1.106750e-10,1.806564e-10,4.861035e-09,4.624803e-08
395575296,2208274,3164602368,80349207,1.508820e-01,6.248708e-02,6.426948e-11,1.669085e-10,2.822825e-09,4.272857e-08
395837440,2209156,3166699520,80402751,1.508811e-01,6.248748e-02,7.834533e-11,1.566747e-10,3.441060e-09,4.010872e-08
396099584,2210691,3168796672,80455636,1.508807e-01,6.248673e-02,8.562950e-11,1.759804e-10,3.760993e-09,4.505097e-08
396361728,2214171,3170893824,80508515,1.508799e-01,6.248727e-02,1.017695e-10,1.619407e-10,4.469888e-09,4.145681e-08
396623872,2215969,3172990976,80561839,1.508796e-01,6.248679e-02,1.078713e-10,1.745009e-10,4.737889e-09,4.467223e-08
396886016,2216567,3175088128,80614341,1.508790e-01,6.248613e-02,1.206077e-10,1.923563e-10,5.297297e-09,4.924320e-08
397148160,2218651,3177185280,80667535,1.508794e-01,6.248690e-02,1.119327e-10,1.716584e-10,4.916273e-09,4.394454e-08
397410304,2222578,3179282432,80720661,1.508807e-01,6.248701e-02,8.645884e-11,1.687424e-10,3.797419e-09,4.319805e-08
397672448,2243281,3181379584,80773890,1.508792e-01,6.248671e-02,1.167122e-10,1.766729e-10,5.126197e-09,4.522826e-08
397934592,2244976,3183476736,80827301,1.508795e-01,6.248775e-02,1.100489e-10,1.500320e-10,4.833533e-09,3.840819e-08
398196736,2245165,3185573888,80880219,1.508778e-01,6.248645e-02,1.493028e-10,1.834712e-10,6.557633e-09,4.696864e-08
398458880,2246604,3187671040,80933821,1.508785e-01,6.248624e-02,1.313085e-10,1.892687e-10,5.767293e-09,4.845279e-08
398721024,2253092,3189768192,80986529,1.508756e-01,6.248536e-02,2.067735e-10,2.143410e-10,9.081843e-09,5.487131e-08
398983168,2269073,3191865344,81040062,1.508765e-01,6.248575e-02,1.810572e-10,2.029346e-10,7.952338e-09,5.195125e-08
399245312,2270467,3193962496,81093646,1.508775e-01,6.248515e-02,1.559295e-10,2.204930e-10,6.848688e-09,5.644621e-08
399507456,2280641,3196059648,81146780,1.508783e-01,6.248379e-02,1.361331e-10,2.626024e-10,5.979197e-09,6.722622e-08
399769600,2284321,3198156800,81199919,1.508791e-01,6.248434e-02,1.183276e-10,2.453874e-10,5.197147e-09,6.281917e-08
400031744,2289277,3200253952,81253204,1.508779e-01,6.248436e-02,1.453240e-10,2.444546e-10,6.382876e-09,6.258037e-08
400293888,2289923,3202351104,81306663,1.508792e-01,6.248536e-02,1.160692e-10,2.144501e-10,5.097955e-09,5.489924e-08
400556032,2290982,3204448256,81359868,1.508809e-01,6.248626e-02,8.343748e-11,1.886542e-10,3.664716e-09,4.829548e-08
400818176,2303432,3206545408,81413265,1.508821e-01,6.248612e-02,6.166823e-11,1.926664e-10,2.708573e-09,4.932259e-08
401080320,2311301,3208642560,81466577,1.508807e-01,6.248623e-02,8.701395e-11,1.896790e-10,3.821801e-09,4.855781e-08
401342464,2317396,3210739712,81519602,1.508814e-01,6.248675e-02,7.392509e-11,1.754865e-10,3.246916e-09,4.492455e-08
401604608,2325002,3212836864,81572925,1.508821e-01,6.248643e-02,6.260792e-11,1.842795e-10,2.749846e-09,4.717555e-08
401866752,2327640,3214934016,81626126,1.508825e-01,6.248638e-02,5.617928e-11,1.853937e-10,2.467490e-09,4.746079e-08
402128896,2327682,3217031168,81679194,1.508825e-01,6.248586e-02,5.685141e-11,2.000790e-10,2.497011e-09,5.122022e-08
402391040,2328430,3219128320,81732412,1.508822e-01,6.248609e-02,6.027201e-11,1.933910e-10,2.647249e-09,4.950809e-08
402653184,2328462,3221225472,81785919,1.508825e-01,6.248620e-02,5.595613e-11,1.905007e-10,2.457688e-09,4.876819e-08
402915328,2328508,3223322624,81839176,1.508807e-01,6.248514e-02,8.590550e-11,2.208250e-10,3.773116e-09,5.653121e-08
403177472,2328932,3225419776,81892219,1.508817e-01,6.248480e-02,6.814904e-11,2.311285e-10,2.993222e-09,5.916889e-08
403439616,2328937,3227516928,81944805,1.508799e-01,6.248498e-02,1.017695e-10,2.257235e-10,4.469888e-09,5.778520e-08
403701760,2329177,3229614080,81998189,1.508809e-01,6.248488e-02,8.289391e-11,2.286432e-10,3.640841e-09,5.853267e-08
403963904,2329194,3231711232,82051683,1.508818e-01,6.248441e-02,6.741296e-11,2.431749e-10,2.960892e-09,6.225277e-08
404226048,2329295,3233808384,82104938,1.508813e-01,6.248496e-02,7.572964e-11,2.262835e-10,3.326175e-09,5.792857e-08
404488192,2329366,3235905536,82158118,1.508811e-01,6.248477e-02,7.834533e-11,2.319220e-10,3.441060e-09,5.937204e-08
404750336,2329495,3238002688,82211153,1.508806e-01,6.248472e-02,8.812950e-11,2.333994e-10,3.870797e-09,5.975025e-08
405012480,2329529,3240099840,82264370,1.508822e-01,6.248552e-02,6.027201e-11,2.097842e-10,2.647249e-09,5.370475e-08
405274624,2329540,3242196992,82317819,1.508819e-01,6.248527e-02,6.498824e-11,2.168572e-10,2.854394e-09,5.551545e-08
405536768,2329574,3244294144,82370592,1.508802e-01,6.248497e-02,9.672263e-11,2.258354e-10,4.248222e-09,5.781386e-08
405798912,2329685,3246391296,82423999,1.508773e-01,6.248462e-02,1.611831e-10,2.365974e-10,7.079433e-09,6.056894e-08
406061056,2329757,3248488448,82478072,1.508788e-01,6.248590e-02,1.249001e-10,1.988163e-10,5.485825e-09,5.089698e-08
406323200,2329761,3250585600,82531380,1.508773e-01,6.248448e-02,1.611831e-10,2.408567e-10,7.079433e-09,6.165932e-08
406585344,2329777,3252682752,82584620,1.508766e-01,6.248450e-02,1.786591e-10,2.403944e-10,7.847010e-09,6.154097e-08
406847488,2329786,3254779904,82637366,1.508752e-01,6.248390e-02,2.198297e-10,2.593527e-10,9.655294e-09,6.639428e-08
407109632,2329794,3256877056,82690562,1.508747e-01,6.248297e-02,2.346532e-10,2.899631e-10,1.030637e-08,7.423054e-08
407371776,2329802,3258974208,82743633,1.508742e-01,6.248252e-02,2.504317e-10,3.055176e-10,1.099938e-08,7.821251e-08
407633920,2329934,3261071360,82796769,1.508753e-01,6.248300e-02,2.167475e-10,2.890757e-10,9.519918e-09,7.400337e-08
407896064,2330038,3263168512,82850613,1.508764e-01,6.248173e-02,1.854952e-10,3.338860e-10,8.147263e-09,8.547482e-08
408158208,2330083,3265265664,82903395,1.508734e-01,6.248018e-02,2.765468e-10,3.929224e-10,1.214640e-08,1.005881e-07
408420352,2330178,3267362816,82956798,1.508735e-01,6.248030e-02,2.711220e-10,3.880638e-10,1.190814e-08,9.934433e-08
408682496,2330185,3269459968,83009936,1.508737e-01,6.248101e-02,2.657510e-10,3.606782e-10,1.167223e-08,9.233362e-08
408944640,2330202,3271557120,83063416,1.508749e-01,6.248030e-02,2.265077e-10,3.882106e-10,9.948603e-09,9.938191e-08
409206784,2330212,3273654272,83116550,1.508740e-01,6.247890e-02,2.556464e-10,4.450547e-10,1.122842e-08,1.139340e-07
409468928,2330340,3275751424,83169869,1.508741e-01,6.247847e-02,2.537439e-10,4.636347e-10,1.114486e-08,1.186905e-07
409731072,2330409,3277848576,83223040,1.508734e-01,6.247765e-02,2.760514e-10,4.996004e-10,1.212465e-08,1.278977e-07
409993216,2330465,3279945728,83276275,1.508734e-01,6.247815e-02,2.760514e-10,4.773713e-10,1.212465e-08,1.222070e-07
410255360,2330675,3282042880,83328881,1.508722e-01,6.247813e-02,3.176162e-10,4.785115e-10,1.395024e-08,1.224989e-07
410517504,2330709,3284140032,83381614,1.508704e-01,6.247747e-02,3.851339e-10,5.077938e-10,1.691574e-08,1.299952e-07
410779648,2330732,3286237184,83434692,1.508695e-01,6.247666e-02,4.210252e-10,5.448802e-10,1.849214e-08,1.394893e-07
411041792,2330734,3288334336,83487820,1.508698e-01,6.247690e-02,4.076794e-10,5.334622e-10,1.790597e-08,1.365663e-07
411303936,2331044,3290431488,83541281,1.508689e-01,6.247748e-02,4.452119e-10,5.071225e-10,1.955446e-08,1.298233e-07
411566080,2331336,3292528640,83595258,1.508715e-01,6.247787e-02,3.403153e-10,4.898232e-10,1.494723e-08,1.253947e-07
411828224,2335655,3294625792,83648705,1.508705e-01,6.247689e-02,3.816327e-10,5.339785e-10,1.676196e-08,1.366985e-07
412090368,2338200,3296722944,83701860,1.508719e-01,6.247756e-02,3.256331e-10,5.036052e-10,1.430236e-08,1.289229e-07
412352512,2343610,3298820096,83754865,1.508701e-01,6.247716e-02,3.963265e-10,5.214842e-10,1.740733e-08,1.335000e-07
412614656,2351626,3300917248,83807581,1.508704e-01,6.247670e-02,3.827980e-10,5.429688e-10,1.681314e-08,1.390000e-07
412876800,2357568,3303014400,83860384,1.508696e-01,6.247597e-02,4.161473e-10,5.773507e-10,1.827790e-08,1.478018e-07
413138944,2364514,3305111552,83914246,1.508685e-01,6.247570e-02,4.629932e-10,5.904933e-10,2.033545e-08,1.511663e-07
413401088,2365310,3307208704,83967263,1.508670e-01,6.247494e-02,5.286547e-10,6.278183e-10,2.321941e-08,1.607215e-07
413663232,2365494,3309305856,84020448,1.508648e-01,6.247318e-02,6.371872e-10,7.192247e-10,2.798634e-08,1.841215e-07
413925376,2365616,3311403008,84073859,1.508655e-01,6.247360e-02,6.023202e-10,6.972165e-10,2.645492e-08,1.784874e-07
414187520,2366500,3313500160,84127440,1.508657e-01,6.247484e-02,5.913989e-10,6.332438e-10,2.597524e-08,1.621104e-07
414449664,2366700,3315597312,84180541,1.508651e-01,6.247473e-02,6.207443e-10,6.386927e-10,2.726415e-08,1.635053e-07
414711808,2366716,3317694464,84233158,1.508636e-01,6.247410e-02,6.948577e-10,6.709107e-10,3.051933e-08,1.717531e-07
414973952,2366789,3319791616,84286087,1.508640e-01,6.247446e-02,6.753567e-10,6.525120e-10,2.966281e-08,1.670431e-07
415236096,2366828,3321888768,84339029,1.508640e-01,6.247436e-02,6.745824e-10,6.576608e-10,2.962880e-08,1.683612e-07
415498240,2366862,3323985920,84392340,1.508636e-01,6.247487e-02,6.980037e-10,6.313703e-10,3.065751e-08,1.616308e-07
415760384,2366918,3326083072,84445903,1.508645e-01,6.247488e-02,6.500402e-10,6.309959e-10,2.855087e-08,1.615350e-07
416022528,2367009,3328180224,84499205,1.508653e-01,6.247440e-02,6.103926e-10,6.551792e-10,2.680948e-08,1.677259e-07
416284672,2367325,3330277376,84551875,1.508625e-01,6.247346e-02,7.542076e-10,7.041191e-10,3.312608e-08,1.802545e-07
416546816,2367387,3332374528,84605074,1.508621e-01,6.247364e-02,7.781296e-10,6.948577e-10,3.417678e-08,1.778836e-07
416808960,2367460,3334471680,84658167,1.508621e-01,6.247300e-02,7.789611e-10,7.290488e-10,3.421329e-08,1.866365e-07
417071104,2367474,3336568832,84711537,1.508615e-01,6.247276e-02,8.117382e-10,7.419807e-10,3.565292e-08,1.899471e-07
417333248,2367587,3338665984,84764398,1.508615e-01,6.247291e-02,8.108894e-10,7.340868e-10,3.561563e-08,1.879262e-07
417595392,2367592,3340763136,84817594,1.508619e-01,6.247275e-02,7.889744e-10,7.427927e-10,3.465310e-08,1.901549e-07
417857536,2367601,3342860288,84871238,1.508614e-01,6.247288e-02,8.151382e-10,7.357026e-10,3.580225e-08,1.883399e-07
418119680,2367754,3344957440,84924646,1.508621e-01,6.247342e-02,7.772984e-10,7.064935e-10,3.414027e-08,1.808623e-07
418381824,2367828,3347054592,84978272,1.508630e-01,6.247446e-02,7.290488e-10,6.523218e-10,3.202106e-08,1.669944e-07
418643968,2367829,3349151744,85031615,1.508624e-01,6.247445e-02,7.591263e-10,6.527024e-10,3.334211e-08,1.670918e-07
418906112,2367867,3351248896,85084700,1.508608e-01,6.247421e-02,8.547483e-10,6.653258e-10,3.754200e-08,1.703234e-07
419168256,2368003,3353346048,85138374,1.508612e-01,6.247438e-02,8.279513e-10,6.563240e-10,3.636502e-08,1.680189e-07
419430400,2368011,3355443200,85191941,1.508615e-01,6.247512e-02,8.100409e-10,6.188894e-10,3.557837e-08,1.584357e-07
419692544,2368029,3357540352,85244727,1.508611e-01,6.247382e-02,8.331045e-10,6.852675e-10,3.659137e-08,1.754285e-07
419954688,2368050,3359637504,85298084,1.508633e-01,6.247341e-02,7.114531e-10,7.068897e-10,3.124823e-08,1.809638e-07
420216832,2368135,3361734656,85351483,1.508633e-01,6.247384e-02,7.146364e-10,6.844876e-10,3.138804e-08,1.752288e-07
420478976,2368176,3363831808,85405005,1.508629e-01,6.247334e-02,7.322711e-10,7.108570e-10,3.216259e-08,1.819794e-07
420741120,2368188,3365928960,85458002,1.508596e-01,6.247225e-02,9.249670e-10,7.700451e-10,4.062612e-08,1.971316e-07
421003264,2368202,3368026112,85510822,1.508576e-01,6.247128e-02,1.050410e-09,8.249526e-10,4.613578e-08,2.111879e-07
421265408,2368226,3370123264,85564689,1.508586e-01,6.247131e-02,9.866916e-10,8.230278e-10,4.333717e-08,2.106951e-07
421527552,2368262,3372220416,85617847,1.508591e-01,6.247158e-02,9.569625e-10,8.074983e-10,4.203142e-08,2.067196e-07
421789696,2368349,3374317568,85671135,1.508593e-01,6.247209e-02,9.431835e-10,7.789611e-10,4.142622e-08,1.994140e-07
422051840,2368374,3376414720,85724566,1.508600e-01,6.247188e-02,8.979752e-10,7.906495e-10,3.944060e-08,2.024063e-07
422313984,2368376,3378511872,85777482,1.508611e-01,6.247241e-02,8.365488e-10,7.609749e-10,3.674264e-08,1.948096e-07
422576128,2368405,3380609024,85830418,1.508603e-01,6.247134e-02,8.793188e-10,8.215322e-10,3.862118e-08,2.103123e-07
422838272,2368633,3382706176,85883603,1.508589e-01,6.247095e-02,9.662040e-10,8.438917e-10,4.243732e-08,2.160363e-07
423100416,2368671,3384803328,85936332,1.508565e-01,6.247053e-02,1.121105e-09,8.683068e-10,4.924084e-08,2.222865e-07
423362560,2368682,3386900480,85988987,1.508551e-01,6.247075e-02,1.216867e-09,8.556198e-10,5.344686e-08,2.190387e-07
423624704,2368715,3388997632,86042238,1.508545e-01,6.247066e-02,1.256693e-09,8.606397e-10,5.519608e-08,2.203238e-07
423886848,2368725,3391094784,86095783,1.508554e-01,6.247064e-02,1.197194e-09,8.617329e-10,5.258281e-08,2.206036e-07
424148992,2368762,3393191936,86149034,1.508548e-01,6.247122e-02,1.241945e-09,8.281656e-10,5.454835e-08,2.120104e-07
424411136,2368852,3395289088,86202088,1.508543e-01,6.247111e-02,1.273653e-09,8.348258e-10,5.594102e-08,2.137154e-07
424673280,2368883,3397386240,86255310,1.508559e-01,6.247168e-02,1.165441e-09,8.020030e-10,5.118816e-08,2.053128e-07
424935424,2368924,3399483392,86307877,1.508544e-01,6.247167e-02,1.266219e-09,8.028472e-10,5.561450e-08,2.055289e-07
425197568,2368936,3401580544,86361775,1.508566e-01,6.247271e-02,1.112142e-09,7.448247e-10,4.884718e-08,1.906751e-07
425459712,2369036,3403677696,86414865,1.508579e-01,6.247329e-02,1.028312e-09,7.136408e-10,4.516519e-08,1.826920e-07
425721856,2369061,3405774848,86468585,1.508582e-01,6.247346e-02,1.011181e-09,7.045146e-10,4.441280e-08,1.803557e-07
425984000,2369065,3407872000,86521960,1.508595e-01,6.247425e-02,9.304133e-10,6.632135e-10,4.086533e-08,1.697827e-07
426246144,2369207,3409969152,86575202,1.508591e-01,6.247393e-02,9.541987e-10,6.796231e-10,4.191003e-08,1.739835e-07
426508288,2369211,3412066304,86628407,1.508599e-01,6.247361e-02,9.060308e-10,6.962332e-10,3.979441e-08,1.782357e-07
426770432,2369251,3414163456,86681373,1.508595e-01,6.247211e-02,9.322323e-10,7.777139e-10,4.094523e-08,1.990948e-07
427032576,2369252,3416260608,86734661,1.508590e-01,6.247129e-02,9.606538e-10,8.245247e-10,4.219354e-08,2.110783e-07
427294720,2369253,3418357760,86788176,1.508595e-01,6.247116e-02,9.322323e-10,8.320296e-10,4.094523e-08,2.129996e-07
427556864,2369462,3420454912,86841149,1.508583e-01,6.246999e-02,1.007394e-09,9.004328e-10,4.424646e-08,2.305108e-07
427819008,2369565,3422552064,86894516,1.508577e-01,6.246908e-02,1.042697e-09,9.560408e-10,4.579702e-08,2.447464e-07
428081152,2370355,3424649216,86948083,1.508589e-01,6.246979e-02,9.652779e-10,9.125461e-10,4.239664e-08,2.336118e-07
428343296,2372293,3426746368,87000791,1.508574e-01,6.246902e-02,1.060091e-09,9.599611e-10,4.656099e-08,2.457500e-07
428605440,2372790,3428843520,87054091,1.508593e-01,6.246957e-02,9.431835e-10,9.261003e-10,4.142622e-08,2.370817e-07
428867584,2382846,3430940672,87107345,1.508591e-01,6.246971e-02,9.532783e-10,9.177301e-10,4.186960e-08,2.349389e-07
429129728,2386849,3433037824,87160706,1.508603e-01,6.247093e-02,8.802028e-10,8.449742e-10,3.866000e-08,2.163134e-07
429391872,2387831,3435134976,87213582,1.508593e-01,6.247084e-02,9.450150e-10,8.501800e-10,4.150666e-08,2.176461e-07
429654016,2389256,3437232128,87266499,1.508608e-01,6.247156e-02,8.547483e-10,8.089810e-10,3.754200e-08,2.070991e-07
429916160,2392644,3439329280,87319218,1.508598e-01,6.247053e-02,9.141223e-10,8.683068e-10,4.014981e-08,2.222865e-07
430178304,2394405,3441426432,87372092,1.508599e-01,6.246926e-02,9.078258e-10,9.450150e-10,3.987325e-08,2.419238e-07
430440448,2394912,3443523584,87425489,1.508602e-01,6.246982e-02,8.872905e-10,9.109714e-10,3.897131e-08,2.332087e-07
430702592,2396986,3445620736,87478498,1.508584e-01,6.246983e-02,9.988990e-10,9.102968e-10,4.387334e-08,2.330360e-07
430964736,2404303,3447717888,87531804,1.508570e-01,6.246937e-02,1.089401e-09,9.381562e-10,4.784833e-08,2.401680e-07
431226880,2423390,3449815040,87584881,1.508580e-01,6.246979e-02,1.026401e-09,9.125461e-10,4.508128e-08,2.336118e-07
431489024,2423659,3451912192,87637890,1.508577e-01,6.247063e-02,1.044622e-09,8.623892e-10,4.588159e-08,2.207716e-07
431751168,2424850,3454009344,87691023,1.508572e-01,6.247095e-02,1.074696e-09,8.436752e-10,4.720247e-08,2.159809e-07
432013312,2425166,3456106496,87744847,1.508588e-01,6.247106e-02,9.736292e-10,8.374110e-10,4.276345e-08,2.143772e-07
432275456,2431686,3458203648,87797837,1.508583e-01,6.247221e-02,1.003614e-09,7.721140e-10,4.408044e-08,1.976612e-07
432537600,2447445,3460300800,87851138,1.508588e-01,6.247273e-02,9.717702e-10,7.438083e-10,4.268180e-08,1.904149e-07
432799744,2448983,3462397952,87904321,1.508591e-01,6.247312e-02,9.541987e-10,7.224252e-10,4.191003e-08,1.849409e-07
433061888,2462154,3464495104,87957306,1.508580e-01,6.247296e-02,1.021633e-09,7.310619e-10,4.487185e-08,1.871519e-07
433324032,2462977,3466592256,88010813,1.508582e-01,6.247356e-02,1.013078e-09,6.991852e-10,4.449609e-08,1.789914e-07
433586176,2468466,3468689408,88064140,1.508596e-01,6.247368e-02,9.213450e-10,6.928951e-10,4.046704e-08,1.773812e-07
433848320,2469392,3470786560,88117445,1.508616e-01,6.247435e-02,8.074983e-10,6.578519e-10,3.546670e-08,1.684101e-07
434110464,2470770,3472883712,88170826,1.508608e-01,6.247396e-02,8.521364e-10,6.782641e-10,3.742728e-08,1.736356e-07
434372608,2481916,3474980864,88224368,1.508605e-01,6.247358e-02,8.722632e-10,6.978068e-10,3.831128e-08,1.786385e-07
434634752,2489684,3477078016,88278192,1.508637e-01,6.247511e-02,6.932874e-10,6.194456e-10,3.045036e-08,1.585781e-07
434896896,2495821,3479175168,88331722,1.508647e-01,6.247576e-02,6.394461e-10,5.876001e-10,2.808556e-08,1.504256e-07
435159040,2506018,3481272320,88384724,1.508649e-01,6.247628e-02,6.289389e-10,5.624106e-10,2.762406e-08,1.439771e-07
435421184,2506046,3483369472,88437839,1.508654e-01,6.247703e-02,6.030518e-10,5.274562e-10,2.648706e-08,1.350288e-07
435683328,2506586,3485466624,88490906,1.508664e-01,6.247746e-02,5.550140e-10,5.079617e-10,2.437716e-08,1.300382e-07
435945472,2506787,3487563776,88543306,1.508652e-01,6.247719e-02,6.155576e-10,5.201240e-10,2.703634e-08,1.331517e-07
436207616,2506873,3489660928,88596361,1.508650e-01,6.247721e-02,6.259528e-10,5.194445e-10,2.749291e-08,1.329778e-07
436469760,2506996,3491758080,88650164,1.508659e-01,6.247773e-02,5.827339e-10,4.959433e-10,2.559466e-08,1.269615e-07
436731904,2507329,3493855232,88703664,1.508672e-01,6.247754e-02,5.197842e-10,5.042742e-10,2.282981e-08,1.290942e-07
436994048,2507397,3495952384,88756941,1.508669e-01,6.247715e-02,5.341507e-10,5.223353e-10,2.346081e-08,1.337178e-07
437256192,2507609,3498049536,88810319,1.508668e-01,6.247739e-02,5.382914e-10,5.113257e-10,2.364267e-08,1.308994e-07
437518336,2507628,3500146688,88863605,1.508683e-01,6.247765e-02,4.713672e-10,4.996004e-10,2.070325e-08,1.278977e-07
437780480,2507636,3502243840,88916751,1.508689e-01,6.247758e-02,4.464704e-10,5.027695e-10,1.960974e-08,1.287090e-07
438042624,2507798,3504340992,88970014,1.508703e-01,6.247865e-02,3.892389e-10,4.558071e-10,1.709603e-08,1.166866e-07
438304768,2508014,3506438144,89023858,1.508717e-01,6.247938e-02,3.342946e-10,4.253167e-10,1.468279e-08,1.088811e-07
438566912,2508029,3508535296,89077390,1.508717e-01,6.247892e-02,3.353853e-10,4.442691e-10,1.473069e-08,1.137329e-07
438829056,2508031,3510632448,89131238,1.508744e-01,6.247950e-02,2.438725e-10,4.204139e-10,1.071129e-08,1.076260e-07
439091200,2508048,3512729600,89184318,1.508726e-01,6.247803e-02,3.018821e-10,4.825946e-10,1.325917e-08,1.235442e-07
439353344,2508186,3514826752,89237771,1.508726e-01,6.247790e-02,3.034375e-10,4.885049e-10,1.332749e-08,1.250573e-07
439615488,2508189,3516923904,89291815,1.508746e-01,6.247962e-02,2.369414e-10,4.152359e-10,1.040687e-08,1.063004e-07
439877632,2508213,3519021056,89344802,1.508750e-01,6.247975e-02,2.238245e-10,4.099391e-10,9.830752e-09,1.049444e-07
440139776,2508238,3521118208,89397777,1.508742e-01,6.247883e-02,2.490188e-10,4.483616e-10,1.093733e-08,1.147806e-07
440401920,2508259,3523215360,89450786,1.508726e-01,6.247843e-02,3.034375e-10,4.652403e-10,1.332749e-08,1.191015e-07
440664064,2508334,3525312512,89504606,1.508729e-01,6.247837e-02,2.921239e-10,4.676540e-10,1.283058e-08,1.197194e-07
440926208,2508353,3527409664,89557987,1.508740e-01,6.247873e-02,2.556464e-10,4.523143e-10,1.122842e-08,1.157925e-07
441188352,2508357,3529506816,89611062,1.508727e-01,6.247762e-02,2.992986e-10,5.009335e-10,1.314570e-08,1.282390e-07
441450496,2508436,3531603968,89664645,1.508725e-01,6.247823e-02,3.065603e-10,4.739589e-10,1.346465e-08,1.213335e-07
441712640,2508662,3533701120,89718087,1.508718e-01,6.247877e-02,3.315757e-10,4.507311e-10,1.456337e-08,1.153872e-07
441974784,2508742,3535798272,89771445,1.508716e-01,6.247865e-02,3.370246e-10,4.556480e-10,1.480269e-08,1.166459e-07
442236928,2508770,3537895424,89824287,1.508700e-01,6.247849e-02,3.992986e-10,4.626726e-10,1.753787e-08,1.184442e-07
442499072,2508781,3539992576,89876873,1.508690e-01,6.247851e-02,4.414469e-10,4.618717e-10,1.938909e-08,1.182391e-07
442761216,2508797,3542089728,89929654,1.508676e-01,6.247786e-02,5.002667e-10,4.901530e-10,2.197256e-08,1.254792e-07
443023360,2508947,3544186880,89982799,1.508663e-01,6.247661e-02,5.592347e-10,5.473177e-10,2.456253e-08,1.401133e-07
443285504,2508970,3546284032,90036026,1.508655e-01,6.247639e-02,5.993981e-10,5.576500e-10,2.632658e-08,1.427584e-07
443547648,2508995,3548381184,90089642,1.508643e-01,6.247686e-02,6.607215e-10,5.353568e-10,2.902001e-08,1.370513e-07
443809792,2509233,3550478336,90142698,1.508640e-01,6.247665e-02,6.730352e-10,5.450541e-10,2.956085e-08,1.395339e-07
444071936,2509247,3552575488,90195660,1.508626e-01,6.247566e-02,7.493048e-10,5.923052e-10,3.291074e-08,1.516301e-07
444334080,2509329,3554672640,90249419,1.508630e-01,6.247535e-02,7.298537e-10,6.078183e-10,3.205642e-08,1.556015e-07
444596224,2509405,3556769792,90302538,1.508613e-01,6.247433e-02,8.219594e-10,6.588077e-10,3.610186e-08,1.686548e-07
444858368,2509696,3558866944,90355735,1.508618e-01,6.247515e-02,7.956855e-10,6.174075e-10,3.494786e-08,1.580563e-07
445120512,2510053,3560964096,90408653,1.508621e-01,6.247535e-02,7.797931e-10,6.078183e-10,3.424984e-08,1.556015e-07
445382656,2514210,3563061248,90461685,1.508617e-01,6.247479e-02,8.024250e-10,6.354957e-10,3.524387e-08,1.626869e-07
445644800,2516758,3565158400,90514869,1.508610e-01,6.247419e-02,8.391368e-10,6.662870e-10,3.685631e-08,1.705695e-07
445906944,2522150,3567255552,90568165,1.508617e-01,6.247437e-02,8.024250e-10,6.568968e-10,3.524387e-08,1.681656e-07
446169088,2530056,3569352704,90621726,1.508622e-01,6.247570e-02,7.739784e-10,5.903123e-10,3.399445e-08,1.511199e-07
446431232,2536069,3571449856,90675299,1.508638e-01,6.247596e-02,6.862431e-10,5.780670e-10,3.014096e-08,1.479851e-07
446693376,2545999,3573547008,90728341,1.508627e-01,6.247559e-02,7.436052e-10,5.959373e-10,3.266040e-08,1.525599e-07
446955520,2546902,3575644160,90781104,1.508616e-01,6.247471e-02,8.066516e-10,6.398229e-10,3.542951e-08,1.637947e-07
447217664,2547070,3577741312,90835129,1.508649e-01,6.247602e-02,6.304346e-10,5.748471e-10,2.768976e-08,1.471608e-07
447479808,2547164,3579838464,90888028,1.508628e-01,6.247612e-02,7.411691e-10,5.700340e-10,3.255341e-08,1.459287e-07
447741952,2548045,3581935616,90940988,1.508618e-01,6.247657e-02,7.923264e-10,5.488876e-10,3.480033e-08,1.405152e-07
448004096,2548195,3584032768,90994007,1.508629e-01,6.247773e-02,7.314649e-10,4.957774e-10,3.212718e-08,1.269190e-07
448266240,2548210,3586129920,91047345,1.508619e-01,6.247757e-02,7.873011e-10,5.031037e-10,3.457960e-08,1.287945e-07
448528384,2548285,3588227072,91100574,1.508624e-01,6.247740e-02,7.607694e-10,5.106520e-10,3.341428e-08,1.307269e-07
448790528,2548528,3590324224,91153725,1.508620e-01,6.247748e-02,7.822918e-10,5.071225e-10,3.435959e-08,1.298233e-07
449052672,2548536,3592421376,91206751,1.508620e-01,6.247761e-02,7.822918e-10,5.012671e-10,3.435959e-08,1.283244e-07
449314816,2548569,3594518528,91260377,1.508636e-01,6.247787e-02,6.956435e-10,4.898232e-10,3.055385e-08,1.253947e-07
449576960,2548597,3596615680,91313833,1.508636e-01,6.247746e-02,6.972165e-10,5.081296e-10,3.062294e-08,1.300812e-07
449839104,2548992,3598712832,91366631,1.508631e-01,6.247780e-02,7.234269e-10,4.929612e-10,3.177414e-08,1.261981e-07
450101248,2548995,3600809984,91419416,1.508627e-01,6.247846e-02,7.468595e-10,4.641161e-10,3.280334e-08,1.188137e-07
450363392,2549030,3602907136,91472219,1.508621e-01,6.247832e-02,7.756376e-10,4.702355e-10,3.406732e-08,1.203803e-07
450625536,2549116,3605004288,91525716,1.508624e-01,6.247805e-02,7.607694e-10,4.816131e-10,3.341428e-08,1.232929e-07
450887680,2549189,3607101440,91578799,1.508621e-01,6.247709e-02,7.806256e-10,5.250633e-10,3.428640e-08,1.344162e-07
451149824,2549247,3609198592,91632108,1.508636e-01,6.247767e-02,6.972165e-10,4.987680e-10,3.062294e-08,1.276846e-07
451411968,2549292,3611295744,91685482,1.508631e-01,6.247744e-02,7.258336e-10,5.089698e-10,3.187985e-08,1.302963e-07
451674112,2549421,3613392896,91739106,1.508625e-01,6.247679e-02,7.566650e-10,5.388101e-10,3.323401e-08,1.379354e-07
451936256,2549457,3615490048,91792432,1.508632e-01,6.247732e-02,7.154333e-10,5.145318e-10,3.142305e-08,1.317201e-07
452198400,2549622,3617587200,91846362,1.508632e-01,6.247752e-02,7.186254e-10,5.052785e-10,3.156325e-08,1.293513e-07
452460544,2549625,3619684352,91899759,1.508628e-01,6.247763e-02,7.387371e-10,5.002667e-10,3.244659e-08,1.280683e-07
452722688,2549693,3621781504,91952675,1.508628e-01,6.247751e-02,7.403580e-10,5.057811e-10,3.251778e-08,1.294800e-07
452984832,2549765,3623878656,92006020,1.508625e-01,6.247716e-02,7.574850e-10,5.214842e-10,3.327003e-08,1.335000e-07
453246976,2549815,3625975808,92059214,1.508608e-01,6.247701e-02,8.503973e-10,5.286547e-10,3.735089e-08,1.353356e-07
453509120,2549846,3628072960,92112353,1.508598e-01,6.247757e-02,9.132215e-10,5.029366e-10,4.011024e-08,1.287518e-07
453771264,2549864,3630170112,92165417,1.508583e-01,6.247762e-02,1.004558e-09,5.009335e-10,4.412191e-08,1.282390e-07
454033408,2549891,3632267264,92218239,1.508580e-01,6.247789e-02,1.024492e-09,4.889991e-10,4.499745e-08,1.251838e-07
454295552,2549892,3634364416,92271590,1.508583e-01,6.247796e-02,1.006448e-09,4.857095e-10,4.420493e-08,1.243416e-07
454557696,2549971,3636461568,92324572,1.508582e-01,6.247896e-02,1.013078e-09,4.428569e-10,4.449609e-08,1.133714e-07
454819840,2549997,3638558720,92377956,1.508566e-01,6.247845e-02,1.115126e-09,4.642766e-10,4.897823e-08,1.188548e-07
455081984,2550025,3640655872,92431564,1.508557e-01,6.247774e-02,1.178705e-09,4.956116e-10,5.177073e-08,1.268766e-07
455344128,2550128,3642753024,92483756,1.508531e-01,6.247646e-02,1.360162e-09,5.543122e-10,5.974062e-08,1.419039e-07
455606272,2550136,3644850176,92536225,1.508531e-01,6.247628e-02,1.364562e-09,5.627641e-10,5.993388e-08,1.440676e-07
455868416,2550154,3646947328,92589109,1.508529e-01,6.247689e-02,1.378911e-09,5.341507e-10,6.056413e-08,1.367426e-07
456130560,2550156,3649044480,92642738,1.508533e-01,6.247617e-02,1.348099e-09,5.679014e-10,5.921078e-08,1.453828e-07
456392704,2550429,3651141632,92696226,1.508531e-01,6.247585e-02,1.359063e-09,5.834535e-10,5.969236e-08,1.493641e-07
456654848,2550448,3653238784,92749079,1.508524e-01,6.247581e-02,1.415673e-09,5.852546e-10,6.217876e-08,1.498252e-07
456916992,2550505,3655335936,92802515,1.508516e-01,6.247582e-02,1.474582e-09,5.848941e-10,6.476617e-08,1.497329e-07
457179136,2550517,3657433088,92855566,1.508500e-01,6.247611e-02,1.603155e-09,5.707458e-10,7.041330e-08,1.461109e-07
457441280,2550525,3659530240,92909312,1.508512e-01,6.247600e-02,1.503332e-09,5.759194e-10,6.602888e-08,1.474354e-07
457703424,2550553,3661627392,92962122,1.508514e-01,6.247574e-02,1.490648e-09,5.883227e-10,6.547179e-08,1.506106e-07
457965568,2550621,3663724544,93014628,1.508494e-01,6.247475e-02,1.646401e-09,6.375634e-10,7.231271e-08,1.632162e-07
458227712,2550642,3665821696,93068213,1.508495e-01,6.247395e-02,1.637947e-09,6.784582e-10,7.194141e-08,1.736853e-07
458489856,2550689,3667918848,93121238,1.508480e-01,6.247367e-02,1.763284e-09,6.930913e-10,7.744642e-08,1.774314e-07
458752000,2550758,3670016000,93174099,1.508483e-01,6.247435e-02,1.738344e-09,6.578519e-10,7.635101e-08,1.684101e-07
459014144,2550759,3672113152,93227351,1.508487e-01,6.247474e-02,1.708650e-09,6.381279e-10,7.504681e-08,1.633607e-07
459276288,2550778,3674210304,93280674,1.508484e-01,6.247475e-02,1.733377e-09,6.377515e-10,7.613286e-08,1.632644e-07
459538432,2550783,3676307456,93333275,1.508470e-01,6.247488e-02,1.851973e-09,6.311831e-10,8.134179e-08,1.615829e-07
459800576,2550795,3678404608,93386394,1.508474e-01,6.247542e-02,1.812428e-09,6.041501e-10,7.960491e-08,1.546624e-07
460062720,2550905,3680501760,93439885,1.508485e-01,6.247586e-02,1.724702e-09,5.827339e-10,7.575186e-08,1.491799e-07
460324864,2551024,3682598912,93493352,1.508491e-01,6.247564e-02,1.669457e-09,5.933937e-10,7.332537e-08,1.519088e-07
460587008,2551027,3684696064,93546724,1.508489e-01,6.247566e-02,1.690222e-09,5.923052e-10,7.423740e-08,1.516301e-07
460849152,2551066,3686793216,93600288,1.508489e-01,6.247611e-02,1.688996e-09,5.709238e-10,7.418360e-08,1.461565e-07
461111296,2551073,3688890368,93653686,1.508486e-01,6.247544e-02,1.713581e-09,6.032348e-10,7.526340e-08,1.544281e-07
461373440,2551324,3690987520,93707333,1.508503e-01,6.247554e-02,1.579379e-09,5.983041e-10,6.936899e-08,1.531659e-07
461635584,2551412,3693084672,93760740,1.508505e-01,6.247544e-02,1.556955e-09,6.030518e-10,6.838413e-08,1.543813e-07
461897728,2552080,3695181824,93813755,1.508499e-01,6.247484e-02,1.607932e-09,6.330563e-10,7.062310e-08,1.620624e-07
462159872,2554539,3697278976,93866700,1.508514e-01,6.247515e-02,1.491799e-09,6.175926e-10,6.552234e-08,1.581037e-07
462422016,2561213,3699376128,93920209,1.508517e-01,6.247507e-02,1.467724e-09,6.213013e-10,6.446493e-08,1.590531e-07
462684160,2565416,3701473280,93973596,1.508517e-01,6.247506e-02,1.464301e-09,6.220444e-10,6.431458e-08,1.592434e-07
462946304,2566494,3703570432,94026567,1.508525e-01,6.247552e-02,1.408953e-09,5.992157e-10,6.188362e-08,1.533992e-07
463208448,2567892,3705667584,94079565,1.508517e-01,6.247519e-02,1.467724e-09,6.153728e-10,6.446493e-08,1.575354e-07
463470592,2571062,3707764736,94132585,1.508519e-01,6.247551e-02,1.452919e-09,5.997630e-10,6.381466e-08,1.535393e-07
463732736,2572823,3709861888,94186270,1.508525e-01,6.247660e-02,1.402249e-09,5.476664e-10,6.158917e-08,1.402026e-07
463994880,2573325,3711959040,94240006,1.508519e-01,6.247712e-02,1.450648e-09,5.233575e-10,6.371490e-08,1.339795e-07
464257024,2575330,3714056192,94293839,1.508518e-01,6.247690e-02,1.458604e-09,5.334622e-10,6.406437e-08,1.365663e-07
464519168,2586020,3716153344,94346822,1.508524e-01,6.247689e-02,1.413431e-09,5.339785e-10,6.208031e-08,1.366985e-07
464781312,2601860,3718250496,94399280,1.508504e-01,6.247577e-02,1.569918e-09,5.868779e-10,6.895345e-08,1.502407e-07
465043456,2602182,3720347648,94452732,1.508502e-01,6.247517e-02,1.582934e-09,6.166672e-10,6.952514e-08,1.578668e-07
465305600,2603702,3722444800,94506576,1.508509e-01,6.247585e-02,1.530026e-09,5.834535e-10,6.720134e-08,1.493641e-07
465567744,2606478,3724541952,94560463,1.508515e-01,6.247714e-02,1.480310e-09,5.226759e-10,6.501774e-08,1.338050e-07
465829888,2610299,3726639104,94614267,1.508505e-01,6.247722e-02,1.556955e-09,5.187655e-10,6.838413e-08,1.328040e-07
466092032,2625800,3728736256,94667659,1.508502e-01,6.247744e-02,1.581748e-09,5.088017e-10,6.947307e-08,1.302532e-07
466354176,2627464,3730833408,94720746,1.508513e-01,6.247789e-02,1.495254e-09,4.886696e-10,6.567409e-08,1.250994e-07
466616320,2641527,3732930560,94774282,1.508512e-01,6.247908e-02,1.507957e-09,4.378538e-10,6.623205e-08,1.120906e-07
466878464,2643777,3735027712,94827179,1.508512e-01,6.247932e-02,1.501022e-09,4.276246e-10,6.592741e-08,1.094719e-07
467140608,2647012,3737124864,94880575,1.508510e-01,6.247942e-02,1.520714e-09,4.236281e-10,6.679237e-08,1.084488e-07
467402752,2647795,3739222016,94934018,1.508522e-01,6.248042e-02,1.430288e-09,3.835272e-10,6.282067e-08,9.818297e-08
467664896,2652278,3741319168,94986262,1.508496e-01,6.248021e-02,1.633126e-09,3.914469e-10,7.172965e-08,1.002104e-07
467927040,2660328,3743416320,95039676,1.508496e-01,6.247981e-02,1.633126e-09,4.076794e-10,7.172965e-08,1.043659e-07
468189184,2668183,3745513472,95092354,1.508481e-01,6.247993e-02,1.752039e-09,4.027302e-10,7.695251e-08,1.030989e-07
468451328,2674256,3747610624,95145988,1.508485e-01,6.247983e-02,1.723465e-09,4.067773e-10,7.569751e-08,1.041350e-07
468713472,2684386,3749707776,95199456,1.508494e-01,6.247980e-02,1.650030e-09,4.079804e-10,7.247214e-08,1.044430e-07
468975616,2684461,3751804928,95253001,1.508510e-01,6.247977e-02,1.519552e-09,4.093359e-10,6.674134e-08,1.047900e-07
469237760,2685154,3753902080,95306146,1.508517e-01,6.247941e-02,1.465441e-09,4.237815e-10,6.436467e-08,1.084881e-07
469499904,2685255,3755999232,95358611,1.508491e-01,6.247871e-02,1.668239e-09,4.532655e-10,7.327190e-08,1.160360e-07
469762048,2685452,3758096384,95411725,1.508479e-01,6.247783e-02,1.770800e-09,4.913084e-10,7.777655e-08,1.257749e-07
470024192,2685729,3760193536,95465397,1.508477e-01,6.247786e-02,1.784622e-09,4.903180e-10,7.838364e-08,1.255214e-07
470286336,2685849,3762290688,95519206,1.508485e-01,6.247750e-02,1.719755e-09,5.061163e-10,7.553457e-08,1.295658e-07
470548480,2685987,3764387840,95572194,1.508476e-01,6.247738e-02,1.798498e-09,5.116627e-10,7.899310e-08,1.309857e-07
470810624,2686073,3766484992,95625694,1.508474e-01,6.247793e-02,1.812428e-09,4.871884e-10,7.960491e-08,1.247202e-07
471072768,2686077,3768582144,95679274,1.508479e-01,6.247810e-02,1.768293e-09,4.798162e-10,7.766644e-08,1.228329e-07
471334912,2686193,3770679296,95732568,1.508477e-01,6.247777e-02,1.788401e-09,4.941199e-10,7.854963e-08,1.264947e-07
471597056,2686440,3772776448,95786359,1.508477e-01,6.247734e-02,1.784622e-09,5.135182e-10,7.838364e-08,1.314607e-07
471859200,2686501,3774873600,95838651,1.508450e-01,6.247610e-02,2.025136e-09,5.711018e-10,8.894740e-08,1.462021e-07
472121344,2686532,3776970752,95891868,1.508456e-01,6.247673e-02,1.969199e-09,5.414074e-10,8.649057e-08,1.386003e-07
472383488,2686566,3779067904,95944986,1.508458e-01,6.247655e-02,1.954678e-09,5.499354e-10,8.585280e-08,1.407835e-07
472645632,2686599,3781165056,95997774,1.508446e-01,6.247562e-02,2.056100e-09,5.944831e-10,9.030738e-08,1.521877e-07
472907776,2686600,3783262208,96051085,1.508432e-01,6.247451e-02,2.192061e-09,6.498503e-10,9.627903e-08,1.663617e-07
473169920,2686619,3785359360,96104157,1.508433e-01,6.247381e-02,2.183697e-09,6.856576e-10,9.591167e-08,1.755284e-07
473432064,2686666,3787456512,96157671,1.508449e-01,6.247461e-02,2.035879e-09,6.447323e-10,8.941926e-08,1.650515e-07
473694208,2686685,3789553664,96211011,1.508459e-01,6.247513e-02,1.940212e-09,6.187041e-10,8.521739e-08,1.583882e-07
473956352,2686704,3791650816,96264450,1.508466e-01,6.247450e-02,1.884175e-09,6.500402e-10,8.275616e-08,1.664103e-07
474218496,2686845,3793747968,96317299,1.508463e-01,6.247346e-02,1.906231e-09,7.043168e-10,8.372488e-08,1.803051e-07
474480640,2686855,3795845120,96370944,1.508466e-01,6.247438e-02,1.879004e-09,6.565149e-10,8.252903e-08,1.680678e-07
474742784,2686856,3797942272,96424191,1.508461e-01,6.247522e-02,1.924491e-09,6.138950e-10,8.452690e-08,1.571571e-07
475004928,2687178,3800039424,96477559,1.508470e-01,6.247526e-02,1.846846e-09,6.122348e-10,8.111662e-08,1.567321e-07
475267072,2687316,3802136576,96530629,1.508472e-01,6.247559e-02,1.827685e-09,5.957554e-10,8.027502e-08,1.525134e-07
475529216,2687328,3804233728,96583589,1.508473e-01,6.247600e-02,1.825138e-09,5.759194e-10,8.016315e-08,1.474354e-07
475791360,2687349,3806330880,96636598,1.508479e-01,6.247586e-02,1.773309e-09,5.829137e-10,7.788677e-08,1.492259e-07
476053504,2687382,3808428032,96690148,1.508487e-01,6.247557e-02,1.701267e-09,5.966651e-10,7.472252e-08,1.527463e-07
476315648,2687437,3810525184,96743531,1.508473e-01,6.247490e-02,1.821320e-09,6.302475e-10,7.999546e-08,1.613434e-07
476577792,2687497,3812622336,96796875,1.508459e-01,6.247442e-02,1.946781e-09,6.542261e-10,8.550592e-08,1.674819e-07
476839936,2687507,3814719488,96849975,1.508457e-01,6.247397e-02,1.962592e-09,6.776821e-10,8.620037e-08,1.734866e-07
477102080,2687719,3816816640,96903492,1.508453e-01,6.247406e-02,1.994407e-09,6.726487e-10,8.759773e-08,1.721981e-07
477364224,2687766,3818913792,96955782,1.508425e-01,6.247348e-02,2.256716e-09,7.035261e-10,9.911878e-08,1.801027e-07
477626368,2687930,3821010944,97009526,1.508446e-01,6.247405e-02,2.057451e-09,6.734218e-10,9.036674e-08,1.723960e-07
477888512,2688047,3823108096,97062781,1.508458e-01,6.247468e-02,1.949412e-09,6.409542e-10,8.562147e-08,1.640843e-07
478150656,2688227,3825205248,97116050,1.508449e-01,6.247496e-02,2.037224e-09,6.268852e-10,8.947833e-08,1.604826e-07
478412800,2688311,3827302400,97168844,1.508450e-01,6.247522e-02,2.025136e-09,6.138950e-10,8.894740e-08,1.571571e-07
478674944,2688767,3829399552,97222095,1.508445e-01,6.247519e-02,2.069635e-09,6.157425e-10,9.090190e-08,1.576301e-07
478937088,2692771,3831496704,97275635,1.508434e-01,6.247593e-02,2.169792e-09,5.791423e-10,9.530097e-08,1.482604e-07
479199232,2695237,3833593856,97328964,1.508430e-01,6.247690e-02,2.210238e-09,5.334622e-10,9.707740e-08,1.365663e-07
479461376,2700693,3835691008,97382692,1.508441e-01,6.247741e-02,2.107772e-09,5.101470e-10,9.257693e-08,1.305976e-07
479723520,2708438,3837788160,97435835,1.508437e-01,6.247672e-02,2.140738e-09,5.421011e-10,9.402484e-08,1.387779e-07
479985664,2714491,3839885312,97489118,1.508445e-01,6.247673e-02,2.066925e-09,5.414074e-10,9.078285e-08,1.386003e-07
480247808,2727500,3841982464,97542420,1.508460e-01,6.247804e-02,1.937587e-09,4.822673e-10,8.510211e-08,1.234604e-07
480509952,2728549,3844079616,97595852,1.508451e-01,6.247789e-02,2.018435e-09,4.886696e-10,8.865312e-08,1.250994e-07
480772096,2728695,3846176768,97649307,1.508464e-01,6.247786e-02,1.901030e-09,4.903180e-10,8.349645e-08,1.255214e-07
481034240,2728737,3848273920,97702142,1.508447e-01,6.247706e-02,2.054748e-09,5.264300e-10,9.024804e-08,1.347661e-07
481296384,2729099,3850371072,97755352,1.508447e-01,6.247726e-02,2.050698e-09,5.170699e-10,9.007012e-08,1.323699e-07
481558528,2729680,3852468224,97808727,1.508460e-01,6.247767e-02,1.932343e-09,4.987680e-10,8.487179e-08,1.276846e-07
481820672,2729704,3854565376,97861663,1.508442e-01,6.247726e-02,2.096840e-09,5.172394e-10,9.209678e-08,1.324133e-07
482082816,2729777,3856662528,97915012,1.508431e-01,6.247647e-02,2.200441e-09,5.537860e-10,9.664709e-08,1.417692e-07
482344960,2730005,3858759680,97968050,1.508437e-01,6.247656e-02,2.140738e-09,5.495860e-10,9.402484e-08,1.406940e-07
482607104,2730162,3860856832,98020766,1.508428e-01,6.247589e-02,2.228489e-09,5.811163e-10,9.787904e-08,1.487658e-07
482869248,2730184,3862953984,98073705,1.508434e-01,6.247578e-02,2.172570e-09,5.866974e-10,9.542295e-08,1.501945e-07
483131392,2730232,3865051136,98126882,1.508433e-01,6.247587e-02,2.183697e-09,5.821944e-10,9.591167e-08,1.490418e-07
483393536,2730348,3867148288,98179601,1.508423e-01,6.247494e-02,2.278002e-09,6.278183e-10,1.000537e-07,1.607215e-07
483655680,2730616,3869245440,98233297,1.508432e-01,6.247624e-02,2.193456e-09,5.645329e-10,9.634032e-08,1.445204e-07
483917824,2730704,3871342592,98286309,1.508428e-01,6.247640e-02,2.231304e-09,5.567707e-10,9.800267e-08,1.425333e-07
484179968,2730729,3873439744,98339912,1.508438e-01,6.247687e-02,2.133849e-09,5.348397e-10,9.372226e-08,1.369190e-07
484442112,2730860,3875536896,98393831,1.508454e-01,6.247735e-02,1.985101e-09,5.130119e-10,8.718902e-08,1.313310e-07
484704256,2730892,3877634048,98446889,1.508441e-01,6.247642e-02,2.103669e-09,5.558920e-10,9.239672e-08,1.423084e-07
484966400,2730900,3879731200,98500079,1.508430e-01,6.247516e-02,2.206036e-09,6.168522e-10,9.689286e-08,1.579142e-07
485228544,2731078,3881828352,98553614,1.508424e-01,6.247455e-02,2.263800e-09,6.475731e-10,9.942994e-08,1.657787e-07
485490688,2731136,3883925504,98607539,1.508449e-01,6.247516e-02,2.031847e-09,6.168522e-10,8.924218e-08,1.579142e-07
485752832,2731172,3886022656,98660214,1.508438e-01,6.247439e-02,2.132472e-09,6.559423e-10,9.366180e-08,1.679212e-07
486014976,2731375,3888119808,98713292,1.508435e-01,6.247376e-02,2.162857e-09,6.885872e-10,9.499635e-08,1.762783e-07
486277120,2731465,3890216960,98766151,1.508439e-01,6.247408e-02,2.121477e-09,6.716828e-10,9.317885e-08,1.719508e-07
486539264,2731472,3892314112,98819278,1.508438e-01,6.247381e-02,2.129721e-09,6.856576e-10,9.354095e-08,1.755284e-07
486801408,2731584,3894411264,98872616,1.508430e-01,6.247314e-02,2.208837e-09,7.212242e-10,9.701585e-08,1.846334e-07
487063552,2731643,3896508416,98925391,1.508423e-01,6.247315e-02,2.278002e-09,7.208241e-10,1.000537e-07,1.845310e-07
487325696,2731656,3898605568,98978882,1.508424e-01,6.247376e-02,2.269475e-09,6.885872e-10,9.967922e-08,1.762783e-07
487587840,2731660,3900702720,99032949,1.508434e-01,6.247509e-02,2.172570e-09,6.205587e-10,9.542295e-08,1.588630e-07
487849984,2731661,3902799872,99086783,1.508444e-01,6.247602e-02,2.076420e-09,5.750257e-10,9.119989e-08,1.472066e-07
488112128,2731712,3904897024,99139504,1.508443e-01,6.247680e-02,2.084576e-09,5.384643e-10,9.155811e-08,1.378469e-07
488374272,2731778,3906994176,99192406,1.508427e-01,6.247628e-02,2.235529e-09,5.625873e-10,9.818824e-08,1.440224e-07
488636416,2731819,3909091328,99245209,1.508411e-01,6.247628e-02,2.385932e-09,5.627641e-10,1.047942e-07,1.440676e-07
488898560,2731878,3911188480,99298563,1.508416e-01,6.247610e-02,2.345346e-09,5.712799e-10,1.030116e-07,1.462477e-07
489160704,2731905,3913285632,99352035,1.508434e-01,6.247666e-02,2.171181e-09,5.447063e-10,9.536195e-08,1.394448e-07
489422848,2731914,3915382784,99405253,1.508444e-01,6.247685e-02,2.083216e-09,5.357016e-10,9.149836e-08,1.371396e-07
489684992,2731973,3917479936,99458360,1.508446e-01,6.247635e-02,2.060156e-09,5.592347e-10,9.048554e-08,1.431641e-07
489947136,2732066,3919577088,99511681,1.508455e-01,6.247749e-02,1.982446e-09,5.067869e-10,8.707240e-08,1.297375e-07
490209280,2732263,3921674240,99565008,1.508465e-01,6.247811e-02,1.891945e-09,4.791636e-10,8.309742e-08,1.226659e-07
490471424,2732276,3923771392,99618098,1.508474e-01,6.247785e-02,1.809891e-09,4.904830e-10,7.949348e-08,1.255636e-07
490733568,2732319,3925868544,99671563,1.508473e-01,6.247795e-02,1.821320e-09,4.860379e-10,7.999546e-08,1.244257e-07
490995712,2732345,3927965696,99724381,1.508460e-01,6.247758e-02,1.938899e-09,5.026025e-10,8.515975e-08,1.286662e-07
491257856,2732356,3930062848,99778357,1.508480e-01,6.247821e-02,1.764535e-09,4.746079e-10,7.750139e-08,1.214996e-07
491520000,2732366,3932160000,99831648,1.508497e-01,6.247915e-02,1.621104e-09,4.345859e-10,7.120165e-08,1.112540e-07
491782144,2732368,3934257152,99884900,1.508484e-01,6.247810e-02,1.725940e-09,4.798162e-10,7.580623e-08,1.228329e-07
492044288,2732429,3936354304,99937595,1.508473e-01,6.247796e-02,1.818777e-09,4.857095e-10,7.988378e-08,1.243416e-07
492306432,2732452,3938451456,99990295,1.508470e-01,6.247677e-02,1.846846e-09,5.395021e-10,8.111662e-08,1.381125e-07
492568576,2732508,3940548608,100043511,1.508478e-01,6.247638e-02,1.779590e-09,5.578260e-10,7.816262e-08,1.428035e-07
492830720,2732599,3942645760,100096482,1.508463e-01,6.247547e-02,1.906231e-09,6.017717e-10,8.372488e-08,1.540536e-07
493092864,2732603,3944742912,100149743,1.508462e-01,6.247594e-02,1.914046e-09,5.787837e-10,8.406815e-08,1.481686e-07
493355008,2732716,3946840064,100203271,1.508473e-01,6.247629e-02,1.825138e-09,5.620573e-10,8.016315e-08,1.438867e-07
493617152,2732738,3948937216,100256287,1.508462e-01,6.247656e-02,1.919265e-09,5.495860e-10,8.429736e-08,1.406940e-07
493879296,2732886,3951034368,100309902,1.508467e-01,6.247678e-02,1.869972e-09,5.389831e-10,8.213234e-08,1.379797e-07
494141440,2732902,3953131520,100362823,1.508466e-01,6.247608e-02,1.886763e-09,5.721706e-10,8.286982e-08,1.464757e-07
494403584,2732959,3955228672,100415984,1.508476e-01,6.247599e-02,1.797235e-09,5.766348e-10,7.893759e-08,1.476185e-07
494665728,2732965,3957325824,100468892,1.508454e-01,6.247507e-02,1.985101e-09,6.213013e-10,8.718902e-08,1.590531e-07
494927872,2733193,3959422976,100521985,1.508442e-01,6.247408e-02,2.094112e-09,6.718759e-10,9.197695e-08,1.720002e-07
495190016,2733320,3961520128,100575172,1.508453e-01,6.247501e-02,1.999734e-09,6.242763e-10,8.783172e-08,1.598147e-07
495452160,2733881,3963617280,100628408,1.508467e-01,6.247445e-02,1.876421e-09,6.528927e-10,8.241560e-08,1.671405e-07
495714304,2736391,3965714432,100681375,1.508469e-01,6.247404e-02,1.855822e-09,6.738086e-10,8.151088e-08,1.724950e-07
495976448,2739609,3967811584,100734825,1.508459e-01,6.247424e-02,1.945466e-09,6.634054e-10,8.544818e-08,1.698318e-07
496238592,2743884,3969908736,100787829,1.508457e-01,6.247473e-02,1.962592e-09,6.386927e-10,8.620037e-08,1.635053e-07
496500736,2745040,3972005888,100841036,1.508456e-01,6.247483e-02,1.973169e-09,6.336188e-10,8.666492e-08,1.622064e-07
496762880,2746406,3974103040,100894602,1.508452e-01,6.247537e-02,2.003734e-09,6.065332e-10,8.800740e-08,1.552725e-07
497025024,2749486,3976200192,100948474,1.508460e-01,6.247576e-02,1.933653e-09,5.874195e-10,8.492935e-08,1.503794e-07
497287168,2751168,3978297344,101001612,1.508451e-01,6.247588e-02,2.013083e-09,5.818349e-10,8.841804e-08,1.489497e-07
497549312,2751663,3980394496,101054883,1.508463e-01,6.247677e-02,1.907532e-09,5.395021e-10,8.378206e-08,1.381125e-07
497811456,2753678,3982491648,101107972,1.508470e-01,6.247653e-02,1.845566e-09,5.508094e-10,8.106038e-08,1.410072e-07
498073600,2767754,3984588800,101160677,1.508469e-01,6.247586e-02,1.855822e-09,5.827339e-10,8.151088e-08,1.491799e-07
498335744,2780322,3986685952,101213471,1.508450e-01,6.247560e-02,2.026477e-09,5.953918e-10,8.900631e-08,1.524203e-07
498597888,2780652,3988783104,101267176,1.508457e-01,6.247669e-02,1.962592e-09,5.434898e-10,8.620037e-08,1.391334e-07
498860032,2782115,3990880256,101320306,1.508449e-01,6.247684e-02,2.037224e-09,5.362191e-10,8.947833e-08,1.372721e-07
499122176,2788152,3992977408,101373801,1.508455e-01,6.247766e-02,1.982446e-09,4.989344e-10,8.707240e-08,1.277272e-07
499384320,2788761,3995074560,101427225,1.508463e-01,6.247759e-02,1.906231e-09,5.022684e-10,8.372488e-08,1.285807e-07
499646464,2804106,3997171712,101480884,1.508456e-01,6.247697e-02,1.970522e-09,5.305407e-10,8.654866e-08,1.358184e-07
499908608,2805901,3999268864,101534064,1.508451e-01,6.247716e-02,2.011746e-09,5.218246e-10,8.835932e-08,1.335871e-07
500170752,2820051,4001366016,101586990,1.508446e-01,6.247675e-02,2.061509e-09,5.405409e-10,9.054496e-08,1.383785e-07
500432896,2825467,4003463168,101640296,1.508442e-01,6.247650e-02,2.094112e-09,5.520341e-10,9.197695e-08,1.413207e-07
500695040,2825515,4005560320,101693723,1.508442e-01,6.247566e-02,2.099571e-09,5.924866e-10,9.221671e-08,1.516766e-07
500957184,2826172,4007657472,101746901,1.508428e-01,6.247507e-02,2.222865e-09,6.214871e-10,9.763202e-08,1.591007e-07
501219328,2833809,4009754624,101800488,1.508433e-01,6.247536e-02,2.179521e-09,6.072673e-10,9.572825e-08,1.554604e-07
501481472,2838719,4011851776,101853851,1.508419e-01,6.247488e-02,2.313701e-09,6.308088e-10,1.016217e-07,1.614871e-07
501743616,2846594,4013948928,101906898,1.508414e-01,6.247450e-02,2.365596e-09,6.502302e-10,1.039010e-07,1.664589e-07
502005760,2852625,4016046080,101960070,1.508415e-01,6.247539e-02,2.351123e-09,6.056161e-10,1.032653e-07,1.550377e-07
502267904,2862748,4018143232,102012922,1.508413e-01,6.247508e-02,2.368496e-09,6.211157e-10,1.040284e-07,1.590056e-07
502530048,2862792,4020240384,102066547,1.508415e-01,6.247532e-02,2.354014e-09,6.091048e-10,1.033923e-07,1.559308e-07
502792192,2863618,4022337536,102119933,1.508407e-01,6.247592e-02,2.432743e-09,5.798597e-10,1.068502e-07,1.484441e-07
503054336,2863725,4024434688,102173625,1.508435e-01,6.247683e-02,2.158701e-09,5.369094e-10,9.481380e-08,1.374488e-07
503316480,2863909,4026531840,102227521,1.508451e-01,6.247688e-02,2.011746e-09,5.346674e-10,8.835932e-08,1.368749e-07
503578624,2864139,4028628992,102280552,1.508449e-01,6.247631e-02,2.030504e-09,5.613510e-10,8.918317e-08,1.437058e-07
503840768,2864342,4030726144,102334219,1.508453e-01,6.247668e-02,1.994407e-09,5.436634e-10,8.759773e-08,1.391778e-07
504102912,2864470,4032823296,102387520,1.508443e-01,6.247526e-02,2.087298e-09,6.120504e-10,9.167769e-08,1.566849e-07
504365056,2864510,4034920448,102440437,1.508445e-01,6.247594e-02,2.066925e-09,5.787837e-10,9.078285e-08,1.481686e-07
504627200,2864528,4037017600,102494729,1.508480e-01,6.247740e-02,1.765788e-09,5.106520e-10,7.755638e-08,1.307269e-07
504889344,2864667,4039114752,102548320,1.508486e-01,6.247716e-02,1.713581e-09,5.214842e-10,7.526340e-08,1.335000e-07
505151488,2864883,4041211904,102600773,1.508470e-01,6.247608e-02,1.844286e-09,5.723489e-10,8.100416e-08,1.465213e-07
505413632,2864968,4043309056,102654283,1.508455e-01,6.247498e-02,1.981119e-09,6.257664e-10,8.701414e-08,1.601962e-07
505675776,2865006,4045406208,102707973,1.508460e-01,6.247541e-02,1.932343e-09,6.048829e-10,8.487179e-08,1.548500e-07
505937920,2865027,4047503360,102760496,1.508457e-01,6.247504e-02,1.961272e-09,6.227879e-10,8.614240e-08,1.594337e-07
506200064,2865036,4049600512,102814802,1.508463e-01,6.247567e-02,1.910136e-09,5.919426e-10,8.389642e-08,1.515373e-07
506462208,2865053,4051697664,102867649,1.508453e-01,6.247533e-02,1.995738e-09,6.087371e-10,8.765619e-08,1.558367e-07
506724352,2865055,4053794816,102921020,1.508452e-01,6.247550e-02,2.007738e-09,6.004930e-10,8.818327e-08,1.537262e-07
506986496,2865075,4055891968,102973694,1.508443e-01,6.247613e-02,2.084576e-09,5.696783e-10,9.155811e-08,1.458376e-07
507248640,2865110,4057989120,103027299,1.508448e-01,6.247595e-02,2.038569e-09,5.784253e-10,8.953744e-08,1.480769e-07
507510784,2865119,4060086272,103080070,1.508442e-01,6.247576e-02,2.092748e-09,5.874195e-10,9.191707e-08,1.503794e-07
507772928,2865255,4062183424,103133255,1.508461e-01,6.247579e-02,1.929724e-09,5.863365e-10,8.475675e-08,1.501022e-07
508035072,2865412,4064280576,103186901,1.508464e-01,6.247582e-02,1.898432e-09,5.845338e-10,8.338234e-08,1.496407e-07
508297216,2865446,4066377728,103239590,1.508464e-01,6.247514e-02,1.902329e-09,6.179630e-10,8.355353e-08,1.581985e-07
508559360,2865778,4068474880,103292740,1.508452e-01,6.247490e-02,2.007738e-09,6.300605e-10,8.818327e-08,1.612955e-07
508821504,2865846,4070572032,103346064,1.508457e-01,6.247501e-02,1.959952e-09,6.242763e-10,8.608444e-08,1.598147e-07
509083648,2865850,4072669184,103399000,1.508445e-01,6.247531e-02,2.072348e-09,6.098405e-10,9.102104e-08,1.561192e-07
509345792,2865855,4074766336,103452134,1.508438e-01,6.247432e-02,2.132472e-09,6.593815e-10,9.366180e-08,1.688017e-07
509607936,2865934,4076863488,103505389,1.508450e-01,6.247429e-02,2.026477e-09,6.609130e-10,8.900631e-08,1.691937e-07
509870080,2866010,4078960640,103558851,1.508457e-01,6.247494e-02,1.962592e-09,6.281917e-10,8.620037e-08,1.608171e-07
510132224,2866082,4081057792,103612328,1.508452e-01,6.247426e-02,2.009074e-09,6.626380e-10,8.824193e-08,1.696353e-07
510394368,2866142,4083154944,103665775,1.508455e-01,6.247449e-02,1.981119e-09,6.506102e-10,8.701414e-08,1.665562e-07
510656512,2866296,4085252096,103718895,1.508455e-01,6.247427e-02,1.979793e-09,6.622545e-10,8.695589e-08,1.695371e-07
510918656,2866419,4087349248,103772055,1.508454e-01,6.247447e-02,1.985101e-09,6.515608e-10,8.718902e-08,1.667996e-07
511180800,2866492,4089446400,103825083,1.508445e-01,6.247378e-02,2.070991e-09,6.874146e-10,9.096145e-08,1.759781e-07
511442944,2866719,4091543552,103878567,1.508458e-01,6.247434e-02,1.950728e-09,6.586165e-10,8.567926e-08,1.686058e-07
511705088,2866944,4093640704,103931457,1.508459e-01,6.247362e-02,1.946781e-09,6.958401e-10,8.550592e-08,1.781351e-07
511967232,2867460,4095737856,103984457,1.508455e-01,6.247376e-02,1.978467e-09,6.883917e-10,8.689766e-08,1.762283e-07
512229376,2869868,4097835008,104038016,1.508460e-01,6.247391e-02,1.936275e-09,6.805946e-10,8.504450e-08,1.742322e-07
512491520,2871418,4099932160,104091444,1.508452e-01,6.247361e-02,2.002400e-09,6.964298e-10,8.794882e-08,1.782860e-07
512753664,2873770,4102029312,104144627,1.508445e-01,6.247346e-02,2.069635e-09,7.043168e-10,9.090190e-08,1.803051e-07
513015808,2879247,4104126464,104197582,1.508429e-01,6.247373e-02,2.214443e-09,6.901522e-10,9.726209e-08,1.766790e-07
513277952,2886810,4106223616,104250655,1.508423e-01,6.247375e-02,2.270895e-09,6.891738e-10,9.974158e-08,1.764285e-07
513540096,2893047,4108320768,104304117,1.508429e-01,6.247360e-02,2.213041e-09,6.968231e-10,9.720051e-08,1.783867e-07
513802240,2907513,4110417920,104357574,1.508433e-01,6.247376e-02,2.179521e-09,6.885872e-10,9.572825e-08,1.762783e-07
514064384,2909057,4112515072,104411232,1.508433e-01,6.247383e-02,2.176739e-09,6.848775e-10,9.560608e-08,1.753286e-07
514326528,2910145,4114612224,104464880,1.508452e-01,6.247431e-02,2.010410e-09,6.597642e-10,8.830061e-08,1.688996e-07
514588672,2910200,4116709376,104517234,1.508434e-01,6.247360e-02,2.168404e-09,6.972165e-10,9.524001e-08,1.784874e-07
514850816,2910240,4118806528,104570575,1.508436e-01,6.247415e-02,2.153166e-09,6.682116e-10,9.457069e-08,1.710622e-07
515112960,2911124,4120903680,104624061,1.508435e-01,6.247412e-02,2.160086e-09,6.697533e-10,9.487462e-08,1.714568e-07
515375104,2911263,4123000832,104677403,1.508435e-01,6.247417e-02,2.158701e-09,6.670565e-10,9.481380e-08,1.707665e-07
515637248,2911372,4125097984,104730982,1.508442e-01,6.247421e-02,2.098205e-09,6.649415e-10,9.215672e-08,1.702250e-07
515899392,2911649,4127195136,104784015,1.508445e-01,6.247524e-02,2.073705e-09,6.129724e-10,9.108064e-08,1.569209e-07
516161536,2911767,4129292288,104837244,1.508457e-01,6.247586e-02,1.963913e-09,5.827339e-10,8.625837e-08,1.491799e-07
516423680,2911818,4131389440,104891067,1.508453e-01,6.247592e-02,1.993076e-09,5.798597e-10,8.753928e-08,1.484441e-07
516685824,2911847,4133486592,104944415,1.508466e-01,6.247580e-02,1.879004e-09,5.854348e-10,8.252903e-08,1.498713e-07
516947968,2911970,4135583744,104997897,1.508477e-01,6.247615e-02,1.792184e-09,5.689672e-10,7.871579e-08,1.456556e-07
517210112,2912244,4137680896,105051231,1.508485e-01,6.247695e-02,1.718520e-09,5.313991e-10,7.548030e-08,1.360382e-07
517472256,2912288,4139778048,105104285,1.508476e-01,6.247678e-02,1.799762e-09,5.389831e-10,7.904862e-08,1.379797e-07
517734400,2912428,4141875200,105157430,1.508488e-01,6.247749e-02,1.695126e-09,5.066192e-10,7.445281e-08,1.296945e-07
517996544,2912550,4143972352,105210621,1.508493e-01,6.247715e-02,1.654876e-09,5.221650e-10,7.268497e-08,1.336742e-07
518258688,2912555,4146069504,105263942,1.508505e-01,6.247652e-02,1.558132e-09,5.511592e-10,6.843578e-08,1.410967e-07
518520832,2912605,4148166656,105317000,1.508501e-01,6.247503e-02,1.587680e-09,6.235319e-10,6.973361e-08,1.596242e-07
518782976,2912757,4150263808,105369556,1.508492e-01,6.247518e-02,1.662158e-09,6.159274e-10,7.300483e-08,1.576774e-07
519045120,2912810,4152360960,105422450,1.508501e-01,6.247550e-02,1.591245e-09,6.001279e-10,6.989017e-08,1.536328e-07
519307264,2912868,4154458112,105475779,1.508509e-01,6.247556e-02,1.530026e-09,5.973932e-10,6.720134e-08,1.529327e-07
519569408,2913001,4156555264,105528753,1.508501e-01,6.247472e-02,1.593623e-09,6.388809e-10,6.999463e-08,1.635535e-07
519831552,2913209,4158652416,105582027,1.508508e-01,6.247556e-02,1.539366e-09,5.973932e-10,6.761158e-08,1.529327e-07
520093696,2913282,4160749568,105635139,1.508493e-01,6.247496e-02,1.656089e-09,6.268852e-10,7.273824e-08,1.604826e-07
520355840,2913358,4162846720,105688253,1.508491e-01,6.247533e-02,1.674331e-09,6.083695e-10,7.353946e-08,1.557426e-07
520617984,2913378,4164943872,105741603,1.508510e-01,6.247570e-02,1.523040e-09,5.904933e-10,6.689449e-08,1.511663e-07
520880128,2913397,4167041024,105795202,1.508531e-01,6.247593e-02,1.359063e-09,5.791423e-10,5.969236e-08,1.482604e-07
521142272,2913429,4169138176,105847843,1.508523e-01,6.247529e-02,1.420162e-09,6.103926e-10,6.237592e-08,1.562605e-07
521404416,2913454,4171235328,105901465,1.508527e-01,6.247578e-02,1.392223e-09,5.865169e-10,6.114881e-08,1.501483e-07
521666560,2913515,4173332480,105955137,1.508524e-01,6.247521e-02,1.415673e-09,6.146337e-10,6.217876e-08,1.573462e-07
521928704,2913630,4175429632,106007799,1.508523e-01,6.247515e-02,1.421285e-09,6.175926e-10,6.242526e-08,1.581037e-07
522190848,2913656,4177526784,106061528,1.508543e-01,6.247584e-02,1.273653e-09,5.836335e-10,5.594102e-08,1.494102e-07
522452992,2913667,4179623936,106114930,1.508538e-01,6.247560e-02,1.308994e-09,5.952100e-10,5.749323e-08,1.523738e-07
522715136,2913672,4181721088,106167966,1.508522e-01,6.247446e-02,1.430288e-09,6.521315e-10,6.282067e-08,1.669457e-07
522977280,2913688,4183818240,106221683,1.508538e-01,6.247479e-02,1.313310e-09,6.354957e-10,5.768282e-08,1.626869e-07
523239424,2913792,4185915392,106274877,1.508536e-01,6.247448e-02,1.324133e-09,6.511805e-10,5.815816e-08,1.667022e-07
523501568,2913890,4188012544,106327901,1.508534e-01,6.247465e-02,1.340450e-09,6.426529e-10,5.887483e-08,1.645192e-07
523763712,2913946,4190109696,106379714,1.508514e-01,6.247307e-02,1.488347e-09,7.254322e-10,6.537075e-08,1.857106e-07
524025856,2913997,4192206848,106432741,1.508521e-01,6.247308e-02,1.433671e-09,7.248303e-10,6.296926e-08,1.855566e-07
524288000,2914081,4194304000,106486723,1.508544e-01,6.247365e-02,1.266219e-09,6.944650e-10,5.561450e-08,1.777830e-07
524550144,2914090,4196401152,106539935,1.508544e-01,6.247334e-02,1.269403e-09,7.108570e-10,5.575432e-08,1.819794e-07
524812288,2914118,4198498304,106592918,1.508539e-01,6.247305e-02,1.300382e-09,7.260343e-10,5.711498e-08,1.858648e-07
525074432,2914128,4200595456,106646270,1.508546e-01,6.247335e-02,1.249308e-09,7.100627e-10,5.487174e-08,1.817760e-07
525336576,2914156,4202692608,106700056,1.508552e-01,6.247342e-02,1.211674e-09,7.062955e-10,5.321879e-08,1.808117e-07
525598720,2914203,4204789760,106753141,1.508567e-01,6.247352e-02,1.111149e-09,7.011567e-10,4.880354e-08,1.794961e-07
525860864,2914209,4206886912,106806382,1.508555e-01,6.247323e-02,1.193073e-09,7.166295e-10,5.240181e-08,1.834571e-07
526123008,2914308,4208984064,106859865,1.508548e-01,6.247326e-02,1.238797e-09,7.150348e-10,5.441005e-08,1.830489e-07
526385152,2914349,4211081216,106912829,1.508546e-01,6.247224e-02,1.250362e-09,7.704587e-10,5.491802e-08,1.972374e-07
526647296,2914457,4213178368,106965571,1.508546e-01,6.247214e-02,1.250362e-09,7.762602e-10,5.491802e-08,1.987226e-07
526909440,2914564,4215275520,107018977,1.508538e-01,6.247158e-02,1.310072e-09,8.074983e-10,5.754060e-08,2.067196e-07
527171584,2914588,4217372672,107071936,1.508524e-01,6.247116e-02,1.410072e-09,8.318147e-10,6.193275e-08,2.129446e-07
527433728,2914703,4219469824,107124859,1.508533e-01,6.247108e-02,1.343725e-09,8.365488e-10,5.901869e-08,2.141565e-07
527695872,2914703,4221566976,107178037,1.508529e-01,6.247102e-02,1.373383e-09,8.400003e-10,6.032133e-08,2.150401e-07
527958016,2914815,4223664128,107231728,1.508539e-01,6.247139e-02,1.304684e-09,8.187584e-10,5.730395e-08,2.096021e-07
528220160,2914860,4225761280,107285308,1.508552e-01,6.247285e-02,1.207528e-09,7.371179e-10,5.303669e-08,1.887022e-07
528482304,2915049,4227858432,107338316,1.508553e-01,6.247292e-02,1.205458e-09,7.332795e-10,5.294576e-08,1.877196e-07
528744448,2915138,4229955584,107391807,1.508555e-01,6.247293e-02,1.188959e-09,7.328761e-10,5.222110e-08,1.876163e-07
529006592,2915615,4232052736,107444292,1.508548e-01,6.247251e-02,1.236700e-09,7.556406e-10,5.431794e-08,1.934440e-07
529268736,2917971,4234149888,107497820,1.508546e-01,6.247235e-02,1.252470e-09,7.642670e-10,5.501062e-08,1.956523e-07
529530880,2919013,4236247040,107550550,1.508547e-01,6.247300e-02,1.242996e-09,7.290488e-10,5.459449e-08,1.866365e-07
529793024,2922390,4238344192,107603693,1.508548e-01,6.247287e-02,1.238797e-09,7.361068e-10,5.441005e-08,1.884434e-07
530055168,2923578,4240441344,107656674,1.508536e-01,6.247213e-02,1.326303e-09,7.766754e-10,5.825346e-08,1.988289e-07
530317312,2924898,4242538496,107709617,1.508521e-01,6.247116e-02,1.439319e-09,8.320296e-10,6.321732e-08,2.129996e-07
530579456,2927927,4244635648,107763254,1.508522e-01,6.247120e-02,1.431415e-09,8.292381e-10,6.287019e-08,2.122849e-07
530841600,2929564,4246732800,107816496,1.508520e-01,6.247201e-02,1.442713e-09,7.835426e-10,6.336640e-08,2.005869e-07
531103744,2929962,4248829952,107869753,1.508514e-01,6.247166e-02,1.487198e-09,8.030583e-10,6.532026e-08,2.055829e-07
531365888,2932056,4250927104,107922660,1.508521e-01,6.247162e-02,1.434800e-09,8.055939e-10,6.301885e-08,2.062320e-07
531628032,2949440,4253024256,107976091,1.508515e-01,6.247094e-02,1.483752e-09,8.443246e-10,6.516890e-08,2.161471e-07
531890176,2958795,4255121408,108029216,1.508503e-01,6.247053e-02,1.575827e-09,8.683068e-10,6.921302e-08,2.222865e-07
532152320,2959095,4257218560,108081752,1.508486e-01,6.247061e-02,1.714815e-09,8.637024e-10,7.531759e-08,2.211078e-07
532414464,2960616,4259315712,108135402,1.508483e-01,6.247065e-02,1.738344e-09,8.612955e-10,7.635101e-08,2.204917e-07
532676608,2967328,4261412864,108188895,1.508485e-01,6.247059e-02,1.723465e-09,8.652359e-10,7.569751e-08,2.215004e-07
532938752,2969694,4263510016,108241652,1.508481e-01,6.247018e-02,1.754535e-09,8.890668e-10,7.706214e-08,2.276011e-07
533200896,2982426,4265607168,108295041,1.508468e-01,6.246991e-02,1.863534e-09,9.051340e-10,8.184956e-08,2.317143e-07
533463040,2984303,4267704320,108348344,1.508481e-01,6.247041e-02,1.752039e-09,8.755670e-10,7.695251e-08,2.241451e-07
533725184,2998564,4269801472,108401078,1.508480e-01,6.247008e-02,1.762033e-09,8.952981e-10,7.739146e-08,2.291963e-07
533987328,3003965,4271898624,108453521,1.508467e-01,6.247000e-02,1.869972e-09,9.002093e-10,8.213234e-08,2.304536e-07
534249472,3004538,4273995776,108506861,1.508462e-01,6.246990e-02,1.917959e-09,9.060308e-10,8.424003e-08,2.319439e-07
534511616,3007120,4276092928,108559935,1.508461e-01,6.246960e-02,1.927106e-09,9.242873e-10,8.464180e-08,2.366176e-07
534773760,3015292,4278190080,108613381,1.508459e-01,6.246975e-02,1.948096e-09,9.152490e-10,8.556368e-08,2.343037e-07
535035904,3017058,4280287232,108666379,1.508454e-01,6.246918e-02,1.991746e-09,9.498309e-10,8.748086e-08,2.431567e-07
535298048,3025043,4282384384,108719720,1.508445e-01,6.246889e-02,2.073705e-09,9.678258e-10,9.108064e-08,2.477634e-07
535560192,3031073,4284481536,108772503,1.508431e-01,6.246872e-02,2.196249e-09,9.782843e-10,9.646298e-08,2.504408e-07
535822336,3041142,4286578688,108826018,1.508431e-01,6.246826e-02,2.199043e-09,1.007158e-09,9.658570e-08,2.578324e-07
536084480,3041225,4288675840,108879516,1.508420e-01,6.246782e-02,2.306539e-09,1.035492e-09,1.013071e-07,2.650859e-07
536346624,3042089,4290772992,108933163,1.508433e-01,6.246783e-02,2.180912e-09,1.035012e-09,9.578937e-08,2.649631e-07
536608768,3042206,4292870144,108986613,1.508444e-01,6.246789e-02,2.083216e-09,1.031181e-09,9.149836e-08,2.639823e-07
536870912,3042408,4294967296,109040062,1.508448e-01,6.246793e-02,2.046651e-09,1.028312e-09,8.989239e-08,2.632478e-07
537133056,3042581,4297064448,109093306,1.508454e-01,6.246857e-02,1.991746e-09,9.880963e-10,8.748086e-08,2.529526e-07
537395200,3042766,4299161600,109146427,1.508461e-01,6.246900e-02,1.925798e-09,9.611156e-10,8.458433e-08,2.460456e-07
537657344,3042953,4301258752,109199295,1.508453e-01,6.246835e-02,1.994407e-09,1.001727e-09,8.759773e-08,2.564420e-07
537919488,3042973,4303355904,109252483,1.508451e-01,6.246795e-02,2.017097e-09,1.027117e-09,8.859431e-08,2.629421e-07
538181632,3042981,4305453056,109305274,1.508446e-01,6.246715e-02,2.056100e-09,1.079097e-09,9.030738e-08,2.762488e-07
538443776,3043212,4307550208,109359131,1.508450e-01,6.246737e-02,2.026477e-09,1.064948e-09,8.900631e-08,2.726267e-07
538705920,3043370,4309647360,109412218,1.508462e-01,6.246832e-02,1.919265e-09,1.003850e-09,8.429736e-08,2.569856e-07
538968064,3043402,4311744512,109465433,1.508466e-01,6.246855e-02,1.885469e-09,9.887990e-10,8.281298e-08,2.531326e-07
539230208,3043467,4313841664,109518733,1.508486e-01,6.246883e-02,1.709882e-09,9.715380e-10,7.510093e-08,2.487137e-07
539492352,3043509,4315938816,109571950,1.508481e-01,6.246838e-02,1.753286e-09,9.996055e-10,7.700731e-08,2.558990e-07
539754496,3043515,4318035968,109625027,1.508483e-01,6.246885e-02,1.734618e-09,9.701451e-10,7.618736e-08,2.483571e-07
540016640,3043568,4320133120,109678031,1.508468e-01,6.246865e-02,1.862247e-09,9.827170e-10,8.179307e-08,2.515756e-07
540278784,3043623,4322230272,109730994,1.508456e-01,6.246818e-02,1.971845e-09,1.012603e-09,8.660678e-08,2.592265e-07
540540928,3043635,4324327424,109784535,1.508470e-01,6.246848e-02,1.849409e-09,9.937251e-10,8.122917e-08,2.543936e-07
540803072,3043663,4326424576,109838043,1.508477e-01,6.246930e-02,1.790923e-09,9.422685e-10,7.866037e-08,2.412207e-07
541065216,3043670,4328521728,109891217,1.508476e-01,6.246916e-02,1.797235e-09,9.512091e-10,7.893759e-08,2.435095e-07
541327360,3043672,4330618880,109944088,1.508471e-01,6.246829e-02,1.837892e-09,1.005267e-09,8.072333e-08,2.573483e-07
541589504,3043960,4332716032,109997483,1.508473e-01,6.246828e-02,1.822592e-09,1.006212e-09,8.005133e-08,2.575903e-07
541851648,3044011,4334813184,110051078,1.508469e-01,6.246779e-02,1.858391e-09,1.037411e-09,8.162369e-08,2.655771e-07
542113792,3044422,4336910336,110104309,1.508465e-01,6.246748e-02,1.890649e-09,1.057424e-09,8.304049e-08,2.707006e-07
542375936,3044443,4339007488,110157507,1.508460e-01,6.246723e-02,1.934964e-09,1.073719e-09,8.498692e-08,2.748721e-07
542638080,3044444,4341104640,110210646,1.508464e-01,6.246758e-02,1.903629e-09,1.051134e-09,8.361063e-08,2.690904e-07
542900224,3044483,4343201792,110263608,1.508444e-01,6.246755e-02,2.076420e-09,1.052826e-09,9.119989e-08,2.695234e-07
543162368,3044493,4345298944,110316725,1.508431e-01,6.246750e-02,2.203238e-09,1.056213e-09,9.676994e-08,2.703906e-07
543424512,3044609,4347396096,110369927,1.508426e-01,6.246801e-02,2.243992e-09,1.023300e-09,9.855993e-08,2.619649e-07
543686656,3044693,4349493248,110423303,1.508413e-01,6.246812e-02,2.374301e-09,1.016163e-09,1.042833e-07,2.601377e-07
543948800,3044719,4351590400,110476567,1.508406e-01,6.246776e-02,2.441571e-09,1.039331e-09,1.072379e-07,2.660688e-07
544210944,3044868,4353687552,110530099,1.508400e-01,6.246855e-02,2.494872e-09,9.892677e-10,1.095790e-07,2.532525e-07
544473088,3045052,4355784704,110583518,1.508402e-01,6.246867e-02,2.482977e-09,9.813161e-10,1.090566e-07,2.512169e-07
544735232,3045511,4357881856,110637224,1.508406e-01,6.246832e-02,2.441571e-09,1.003378e-09,1.072379e-07,2.568648e-07
544997376,3045623,4359979008,110690352,1.508394e-01,6.246737e-02,2.560800e-09,1.064705e-09,1.124747e-07,2.725645e-07
545259520,3046193,4362076160,110743754,1.508395e-01,6.246788e-02,2.547244e-09,1.031420e-09,1.118793e-07,2.640435e-07
545521664,3046462,4364173312,110797198,1.508384e-01,6.246777e-02,2.658229e-09,1.039091e-09,1.167539e-07,2.660073e-07
545783808,3049967,4366270464,110850264,1.508371e-01,6.246746e-02,2.793590e-09,1.058878e-09,1.226992e-07,2.710728e-07
546045952,3051477,4368367616,110903798,1.508386e-01,6.246836e-02,2.644418e-09,1.001019e-09,1.161473e-07,2.562610e-07
546308096,3052286,4370464768,110956724,1.508376e-01,6.246732e-02,2.746534e-09,1.067868e-09,1.206324e-07,2.733742e-07
546570240,3057806,4372561920,111009960,1.508385e-01,6.246788e-02,2.647484e-09,1.031659e-09,1.162820e-07,2.641048e-07
546832384,3065154,4374659072,111063197,1.508391e-01,6.246806e-02,2.588018e-09,1.019966e-09,1.136701e-07,2.611114e-07
547094528,3071530,4376756224,111116460,1.508394e-01,6.246817e-02,2.562308e-09,1.013315e-09,1.125409e-07,2.594086e-07
547356672,3085935,4378853376,111169285,1.508379e-01,6.246725e-02,2.709177e-09,1.072743e-09,1.189917e-07,2.746222e-07
547618816,3090666,4380950528,111222423,1.508371e-01,6.246629e-02,2.795165e-09,1.136374e-09,1.227684e-07,2.909118e-07
547880960,3091758,4383047680,111275170,1.508354e-01,6.246604e-02,2.976046e-09,1.153517e-09,1.307130e-07,2.953005e-07
548143104,3091833,4385144832,111328930,1.508364e-01,6.246661e-02,2.869710e-09,1.114628e-09,1.260425e-07,2.853449e-07
548405248,3091839,4387241984,111381135,1.508348e-01,6.246575e-02,3.051303e-09,1.172829e-09,1.340184e-07,3.002443e-07
548667392,3092668,4389339136,111434901,1.508345e-01,6.246572e-02,3.077700e-09,1.175127e-09,1.351778e-07,3.008324e-07
548929536,3092873,4391436288,111488234,1.508344e-01,6.246598e-02,3.087628e-09,1.157063e-09,1.356139e-07,2.962081e-07
549191680,3093044,4393533440,111541267,1.508340e-01,6.246574e-02,3.132502e-09,1.173850e-09,1.375848e-07,3.005056e-07
549453824,3093277,4395630592,111594173,1.508335e-01,6.246543e-02,3.196207e-09,1.195133e-09,1.403828e-07,3.059540e-07
549715968,3093321,4397727744,111647790,1.508354e-01,6.246592e-02,2.982553e-09,1.161121e-09,1.309988e-07,2.972471e-07
549978112,3093469,4399824896,111700920,1.508350e-01,6.246688e-02,3.023382e-09,1.097037e-09,1.327921e-07,2.808416e-07
550240256,3093485,4401922048,111754311,1.508351e-01,6.246651e-02,3.008651e-09,1.121604e-09,1.321451e-07,2.871307e-07
550502400,3093645,4404019200,111807174,1.508349e-01,6.246556e-02,3.034863e-09,1.186135e-09,1.332963e-07,3.036505e-07
550764544,3093911,4406116352,111859853,1.508342e-01,6.246483e-02,3.107532e-09,1.236700e-09,1.364881e-07,3.165951e-07
551026688,3094026,4408213504,111912985,1.508329e-01,6.246389e-02,3.255449e-09,1.303608e-09,1.429849e-07,3.337237e-07
551288832,3094132,4410310656,111966358,1.508323e-01,6.246394e-02,3.323821e-09,1.300382e-09,1.459879e-07,3.328978e-07
551550976,3094161,4412407808,112020130,1.508336e-01,6.246457e-02,3.176020e-09,1.255108e-09,1.394962e-07,3.213078e-07
551813120,3094217,4414504960,112072852,1.508326e-01,6.246420e-02,3.291256e-09,1.281376e-09,1.445576e-07,3.280323e-07
552075264,3094280,4416602112,112125522,1.508315e-01,6.246472e-02,3.418993e-09,1.244572e-09,1.501680e-07,3.186105e-07
552337408,3094462,4418699264,112178265,1.508300e-01,6.246509e-02,3.595474e-09,1.218427e-09,1.579193e-07,3.119172e-07
552599552,3094495,4420796416,112231032,1.508287e-01,6.246476e-02,3.759931e-09,1.241683e-09,1.651426e-07,3.178708e-07
552861696,3094628,4422893568,112284147,1.508281e-01,6.246508e-02,3.826006e-09,1.219207e-09,1.680447e-07,3.121170e-07
553123840,3094728,4424990720,112337549,1.508283e-01,6.246507e-02,3.802080e-09,1.219988e-09,1.669938e-07,3.123168e-07
553385984,3094967,4427087872,112390645,1.508280e-01,6.246579e-02,3.848159e-09,1.170024e-09,1.690177e-07,2.995262e-07
553648128,3095092,4429185024,112443984,1.508296e-01,6.246634e-02,3.649284e-09,1.133112e-09,1.602828e-07,2.900766e-07
553910272,3095136,4431282176,112497855,1.508307e-01,6.246655e-02,3.515508e-09,1.118861e-09,1.544071e-07,2.864284e-07
554172416,3095163,4433379328,112551309,1.508316e-01,6.246658e-02,3.412026e-09,1.116868e-09,1.498620e-07,2.859183e-07
554434560,3095179,4435476480,112604965,1.508310e-01,6.246723e-02,3.480256e-09,1.073719e-09,1.528588e-07,2.748721e-07
554696704,3095211,4437573632,112658405,1.508308e-01,6.246684e-02,3.504914e-09,1.099260e-09,1.539418e-07,2.814105e-07
554958848,3095259,4439670784,112711345,1.508295e-01,6.246695e-02,3.660094e-09,1.092108e-09,1.607576e-07,2.795795e-07
555220992,3095304,4441767936,112764175,1.508287e-01,6.246690e-02,3.761759e-09,1.095804e-09,1.652228e-07,2.805258e-07
555483136,3095451,4443865088,112817062,1.508280e-01,6.246613e-02,3.842615e-09,1.147452e-09,1.687742e-07,2.937478e-07
555745280,3095473,4445962240,112870076,1.508271e-01,6.246564e-02,3.956133e-09,1.180752e-09,1.737601e-07,3.022726e-07
556007424,3095521,4448059392,112922834,1.508263e-01,6.246567e-02,4.052310e-09,1.178705e-09,1.779844e-07,3.017485e-07
556269568,3095536,4450156544,112975469,1.508262e-01,6.246536e-02,4.067502e-09,1.199774e-09,1.786516e-07,3.071420e-07
556531712,3095545,4452253696,113029090,1.508271e-01,6.246521e-02,3.959883e-09,1.210637e-09,1.739248e-07,3.099231e-07
556793856,3095618,4454350848,113082012,1.508259e-01,6.246426e-02,4.111335e-09,1.277379e-09,1.805768e-07,3.270089e-07
557056000,3095668,4456448000,113134765,1.508255e-01,6.246389e-02,4.155404e-09,1.303608e-09,1.825124e-07,3.337237e-07
557318144,3095814,4458545152,113188098,1.508259e-01,6.246437e-02,4.109425e-09,1.269403e-09,1.804929e-07,3.249671e-07
557580288,3095829,4460642304,113241402,1.508256e-01,6.246421e-02,4.143885e-09,1.280843e-09,1.820065e-07,3.278957e-07
557842432,3095871,4462739456,113295288,1.508261e-01,6.246430e-02,4.078914e-09,1.274185e-09,1.791528e-07,3.261914e-07
558104576,3095930,4464836608,113348918,1.508266e-01,6.246507e-02,4.023903e-09,1.220248e-09,1.767367e-07,3.123835e-07
558366720,3095984,4466933760,113402425,1.508268e-01,6.246541e-02,3.999364e-09,1.196679e-09,1.756589e-07,3.063498e-07
558628864,3095984,4469030912,113455988,1.508265e-01,6.246510e-02,4.027685e-09,1.217907e-09,1.769028e-07,3.117841e-07
558891008,3096017,4471128064,113509188,1.508269e-01,6.246576e-02,3.974900e-09,1.172319e-09,1.745844e-07,3.001136e-07
559153152,3096031,4473225216,113562142,1.508272e-01,6.246615e-02,3.937410e-09,1.145938e-09,1.729378e-07,2.933602e-07
559415296,3096147,4475322368,113615376,1.508269e-01,6.246522e-02,3.978659e-09,1.209600e-09,1.747495e-07,3.096577e-07
559677440,3096180,4477419520,113668691,1.508270e-01,6.246531e-02,3.967388e-09,1.203389e-09,1.742545e-07,3.080677e-07
559939584,3096184,4479516672,113721468,1.508257e-01,6.246487e-02,4.130467e-09,1.234343e-09,1.814171e-07,3.159917e-07
560201728,3096301,4481613824,113775294,1.508265e-01,6.246546e-02,4.029577e-09,1.193331e-09,1.769858e-07,3.054926e-07
560463872,3096388,4483710976,113828491,1.508263e-01,6.246539e-02,4.052310e-09,1.197710e-09,1.779844e-07,3.066137e-07
560726016,3096390,4485808128,113881590,1.508270e-01,6.246567e-02,3.973022e-09,1.178705e-09,1.745019e-07,3.017485e-07
560988160,3096496,4487905280,113934881,1.508292e-01,6.246714e-02,3.690810e-09,1.079586e-09,1.621066e-07,2.763741e-07
561250304,3096585,4490002432,113988550,1.508308e-01,6.246850e-02,3.506679e-09,9.923165e-10,1.540193e-07,2.540330e-07
561512448,3096589,4492099584,114042061,1.508313e-01,6.246948e-02,3.441684e-09,9.313226e-10,1.511646e-07,2.384186e-07
561774592,3096675,4494196736,114095650,1.508324e-01,6.247004e-02,3.311805e-09,8.977520e-10,1.454601e-07,2.298245e-07
562036736,3096713,4496293888,114148719,1.508333e-01,6.247015e-02,3.214767e-09,8.912898e-10,1.411980e-07,2.281702e-07
562298880,3096964,4498391040,114202636,1.508350e-01,6.247042e-02,3.021743e-09,8.749057e-10,1.327201e-07,2.239759e-07
562561024,3097046,4500488192,114256072,1.508346e-01,6.247013e-02,3.071090e-09,8.921797e-10,1.348875e-07,2.283980e-07
562823168,3097379,4502585344,114309083,1.508342e-01,6.246975e-02,3.112518e-09,9.150236e-10,1.367071e-07,2.342460e-07
563085312,3100849,4504682496,114362068,1.508351e-01,6.247028e-02,3.010286e-09,8.830787e-10,1.322169e-07,2.260682e-07
563347456,3100918,4506779648,114415234,1.508352e-01,6.247019e-02,3.005383e-09,8.888447e-10,1.320015e-07,2.275442e-07
563609600,3102121,4508876800,114468428,1.508359e-01,6.247030e-02,2.922636e-09,8.821933e-10,1.283671e-07,2.258415e-07
563871744,3103443,4510973952,114521191,1.508352e-01,6.246980e-02,3.000483e-09,9.123211e-10,1.317863e-07,2.335542e-07
564133888,3106345,4513071104,114573940,1.508345e-01,6.246923e-02,3.084317e-09,9.470774e-10,1.354684e-07,2.424518e-07
564396032,3107941,4515168256,114627475,1.508353e-01,6.246943e-02,2.992327e-09,9.342808e-10,1.314281e-07,2.391759e-07
564658176,3108336,4517265408,114680451,1.508353e-01,6.246908e-02,2.995588e-09,9.560408e-10,1.315713e-07,2.447464e-07
564920320,3110490,4519362560,114733786,1.508353e-01,6.246900e-02,2.987438e-09,9.608847e-10,1.312133e-07,2.459865e-07
565182464,3131173,4521459712,114787152,1.508362e-01,6.247004e-02,2.888900e-09,8.975288e-10,1.268854e-07,2.297674e-07
565444608,3137316,4523556864,114840146,1.508367e-01,6.246973e-02,2.844223e-09,9.163764e-10,1.249231e-07,2.345923e-07
565706752,3137638,4525654016,114893056,1.508352e-01,6.246880e-02,3.007017e-09,9.731642e-10,1.320733e-07,2.491300e-07
565968896,3139199,4527751168,114946266,1.508346e-01,6.246880e-02,3.069439e-09,9.736292e-10,1.348150e-07,2.492491e-07
566231040,3145852,4529848320,114998709,1.508336e-01,6.246899e-02,3.176020e-09,9.613467e-10,1.394962e-07,2.461047e-07
566493184,3151455,4531945472,115052166,1.508341e-01,6.246991e-02,3.120837e-09,9.055823e-10,1.370725e-07,2.318291e-07
566755328,3160777,4534042624,115105238,1.508340e-01,6.246949e-02,3.135839e-09,9.308679e-10,1.377314e-07,2.383022e-07
567017472,3162744,4536139776,115158305,1.508332e-01,6.247018e-02,3.226607e-09,8.895112e-10,1.417180e-07,2.277149e-07
567279616,3177142,4538236928,115212286,1.508347e-01,6.247072e-02,3.059540e-09,8.575823e-10,1.343802e-07,2.195411e-07
567541760,3182436,4540334080,115265495,1.508358e-01,6.247100e-02,2.940386e-09,8.410803e-10,1.291468e-07,2.153166e-07
567803904,3183055,4542431232,115319322,1.508365e-01,6.247171e-02,2.860139e-09,8.003159e-10,1.256222e-07,2.048809e-07
568066048,3188764,4544528384,115372133,1.508369e-01,6.247235e-02,2.822015e-09,7.646790e-10,1.239477e-07,1.957578e-07
568328192,3195504,4546625536,115425597,1.508363e-01,6.247246e-02,2.882496e-09,7.585106e-10,1.266041e-07,1.941787e-07
568590336,3196842,4548722688,115479145,1.508370e-01,6.247291e-02,2.812524e-09,7.338850e-10,1.235308e-07,1.878745e-07
568852480,3203455,4550819840,115532143,1.508376e-01,6.247287e-02,2.748096e-09,7.359047e-10,1.207010e-07,1.883916e-07
569114624,3209460,4552916992,115585756,1.508378e-01,6.247352e-02,2.726267e-09,7.013540e-10,1.197423e-07,1.795466e-07
569376768,3219474,4555014144,115638791,1.508369e-01,6.247294e-02,2.823598e-09,7.322711e-10,1.240172e-07,1.874614e-07
569638912,3219563,4557111296,115692224,1.508377e-01,6.247311e-02,2.734053e-09,7.232265e-10,1.200843e-07,1.851460e-07
569901056,3220478,4559208448,115746126,1.508384e-01,6.247284e-02,2.659766e-09,7.377249e-10,1.168214e-07,1.888576e-07
570163200,3220597,4561305600,115799215,1.508386e-01,6.247282e-02,2.642886e-09,7.387371e-10,1.160800e-07,1.891167e-07
570425344,3220842,4563402752,115852402,1.508388e-01,6.247289e-02,2.624533e-09,7.348945e-10,1.152739e-07,1.881330e-07
570687488,3221004,4565499904,115905745,1.508381e-01,6.247218e-02,2.692141e-09,7.739784e-10,1.182434e-07,1.981385e-07
570949632,3221113,4567597056,115959231,1.508388e-01,6.247217e-02,2.618429e-09,7.743930e-10,1.150059e-07,1.982446e-07
571211776,3221326,4569694208,116012038,1.508391e-01,6.247209e-02,2.594086e-09,7.791691e-10,1.139367e-07,1.994673e-07
571473920,3221352,4571791360,116065808,1.508404e-01,6.247223e-02,2.462230e-09,7.710793e-10,1.081454e-07,1.973963e-07
571736064,3221353,4573888512,116118746,1.508409e-01,6.247171e-02,2.409281e-09,8.001051e-10,1.058197e-07,2.048269e-07
571998208,3221627,4575985664,116171893,1.508398e-01,6.247133e-02,2.518746e-09,8.219594e-10,1.106276e-07,2.104216e-07
572260352,3221781,4578082816,116224676,1.508392e-01,6.247080e-02,2.577416e-09,8.527890e-10,1.132045e-07,2.183140e-07
572522496,3221797,4580179968,116278122,1.508396e-01,6.247111e-02,2.536726e-09,8.346105e-10,1.114173e-07,2.136603e-07
572784640,3221806,4582277120,116331139,1.508387e-01,6.247035e-02,2.635231e-09,8.793188e-10,1.157438e-07,2.251056e-07
573046784,3221913,4584374272,116383848,1.508379e-01,6.247003e-02,2.713833e-09,8.979752e-10,1.191961e-07,2.298817e-07
573308928,3221948,4586471424,116437000,1.508381e-01,6.247060e-02,2.693687e-09,8.643595e-10,1.183113e-07,2.212760e-07
573571072,3221949,4588568576,116490279,1.508369e-01,6.247035e-02,2.817267e-09,8.793188e-10,1.237392e-07,2.251056e-07
573833216,3222010,4590665728,116543568,1.508371e-01,6.246999e-02,2.799894e-09,9.008800e-10,1.229761e-07,2.306253e-07
574095360,3222082,4592762880,116597118,1.508384e-01,6.247067e-02,2.665917e-09,8.604211e-10,1.170916e-07,2.202678e-07
574357504,3222093,4594860032,116650413,1.508388e-01,6.247061e-02,2.621480e-09,8.637024e-10,1.151398e-07,2.211078e-07
574619648,3222116,4596957184,116704120,1.508390e-01,6.247051e-02,2.603201e-09,8.694049e-10,1.143370e-07,2.225676e-07
574881792,3222252,4599054336,116757367,1.508386e-01,6.247055e-02,2.642886e-09,8.674289e-10,1.160800e-07,2.220618e-07
575143936,3222437,4601151488,116810588,1.508389e-01,6.247063e-02,2.613856e-09,8.626080e-10,1.148050e-07,2.208276e-07
575406080,3222565,4603248640,116864664,1.508410e-01,6.247146e-02,2.404894e-09,8.142875e-10,1.056270e-07,2.084576e-07
575668224,3222877,4605345792,116917425,1.508402e-01,6.247149e-02,2.481493e-09,8.127999e-10,1.089914e-07,2.080768e-07
575930368,3222971,4607442944,116970675,1.508398e-01,6.247137e-02,2.518746e-09,8.196114e-10,1.106276e-07,2.098205e-07
576192512,3222984,4609540096,117024368,1.508409e-01,6.247174e-02,2.410744e-09,7.986306e-10,1.058840e-07,2.044494e-07
576454656,3222994,4611637248,117076776,1.508402e-01,6.247131e-02,2.482977e-09,8.232415e-10,1.090566e-07,2.107498e-07
576716800,3223007,4613734400,117130453,1.508407e-01,6.247174e-02,2.429804e-09,7.984200e-10,1.067211e-07,2.043955e-07
576978944,3223208,4615831552,117183261,1.508400e-01,6.247189e-02,2.499340e-09,7.902306e-10,1.097753e-07,2.022990e-07
577241088,3223250,4617928704,117236459,1.508394e-01,6.247199e-02,2.563817e-09,7.845857e-10,1.126072e-07,2.008539e-07
577503232,3223256,4620025856,117289850,1.508399e-01,6.247160e-02,2.514261e-09,8.064400e-10,1.104306e-07,2.064486e-07
577765376,3223368,4622123008,117343605,1.508395e-01,6.247136e-02,2.553264e-09,8.202514e-10,1.121437e-07,2.099844e-07
578027520,3223587,4624220160,117396609,1.508400e-01,6.247114e-02,2.499340e-09,8.331045e-10,1.097753e-07,2.132747e-07
578289664,3224182,4626317312,117450019,1.508405e-01,6.247128e-02,2.453366e-09,8.247386e-10,1.077560e-07,2.111331e-07
578551808,3224310,4628414464,117503782,1.508418e-01,6.247192e-02,2.319439e-09,7.887652e-10,1.018737e-07,2.019239e-07
578813952,3224926,4630511616,117557088,1.508403e-01,6.247143e-02,2.469630e-09,8.162021e-10,1.084704e-07,2.089477e-07
579076096,3225042,4632608768,117611040,1.508409e-01,6.247175e-02,2.407818e-09,7.982095e-10,1.057555e-07,2.043416e-07
579338240,3228514,4634705920,117664744,1.508414e-01,6.247272e-02,2.358354e-09,7.442148e-10,1.035829e-07,1.905190e-07
579600384,3230820,4636803072,117718636,1.508422e-01,6.247327e-02,2.287970e-09,7.144372e-10,1.004915e-07,1.828959e-07
579862528,3233130,4638900224,117772028,1.508420e-01,6.247300e-02,2.299388e-09,7.292500e-10,1.009930e-07,1.866880e-07
580124672,3236338,4640997376,117825408,1.508412e-01,6.247267e-02,2.378659e-09,7.466558e-10,1.044748e-07,1.911439e-07
580386816,3243521,4643094528,117879098,1.508416e-01,6.247343e-02,2.342460e-09,7.058996e-10,1.028848e-07,1.807103e-07
580648960,3249981,4645191680,117932726,1.508414e-01,6.247277e-02,2.356907e-09,7.415749e-10,1.035193e-07,1.898432e-07
580911104,3264347,4647288832,117985803,1.508423e-01,6.247264e-02,2.270895e-09,7.484893e-10,9.974158e-08,1.916133e-07
581173248,3272293,4649385984,118039340,1.508431e-01,6.247333e-02,2.203238e-09,7.112544e-10,9.676994e-08,1.820811e-07
581435392,3273322,4651483136,118092961,1.508433e-01,6.247357e-02,2.179521e-09,6.985943e-10,9.572825e-08,1.788401e-07
581697536,3273419,4653580288,118146145,1.508447e-01,6.247436e-02,2.054748e-09,6.574697e-10,9.024804e-08,1.683123e-07
581959680,3273444,4655677440,118199368,1.508441e-01,6.247444e-02,2.105036e-09,6.530831e-10,9.245677e-08,1.671893e-07
582221824,3274149,4657774592,118252904,1.508441e-01,6.247415e-02,2.109140e-09,6.680190e-10,9.263703e-08,1.710129e-07
582483968,3274519,4659871744,118306217,1.508448e-01,6.247429e-02,2.043955e-09,6.611046e-10,8.977398e-08,1.692428e-07
582746112,3274688,4661968896,118359431,1.508448e-01,6.247412e-02,2.045303e-09,6.695605e-10,8.983318e-08,1.714075e-07
583008256,3274742,4664066048,118412873,1.508450e-01,6.247505e-02,2.023795e-09,6.226020e-10,8.888849e-08,1.593861e-07
583270400,3274924,4666163200,118465940,1.508439e-01,6.247447e-02,2.122849e-09,6.515608e-10,9.323915e-08,1.667996e-07
583532544,3274995,4668260352,118519537,1.508454e-01,6.247498e-02,1.986429e-09,6.259528e-10,8.724734e-08,1.602439e-07
583794688,3275093,4670357504,118572897,1.508457e-01,6.247552e-02,1.965234e-09,5.993981e-10,8.631640e-08,1.534459e-07
584056832,3275161,4672454656,118626112,1.508467e-01,6.247557e-02,1.871261e-09,5.970291e-10,8.218895e-08,1.528394e-07
584318976,3275498,4674551808,118679174,1.508464e-01,6.247535e-02,1.899730e-09,6.076346e-10,8.343937e-08,1.555545e-07
584581120,3275547,4676648960,118732362,1.508462e-01,6.247529e-02,1.920571e-09,6.107608e-10,8.435472e-08,1.563548e-07
584843264,3275702,4678746112,118785798,1.508460e-01,6.247487e-02,1.933653e-09,6.317448e-10,8.492935e-08,1.617267e-07
585105408,3275773,4680843264,118839011,1.508465e-01,6.247497e-02,1.891945e-09,6.266987e-10,8.309742e-08,1.604349e-07
585367552,3275803,4682940416,118892172,1.508462e-01,6.247482e-02,1.920571e-09,6.339940e-10,8.435472e-08,1.623025e-07
585629696,3275857,4685037568,118945504,1.508465e-01,6.247491e-02,1.890649e-09,6.296865e-10,8.304049e-08,1.611998e-07
585891840,3275999,4687134720,118999272,1.508474e-01,6.247516e-02,1.812428e-09,6.168522e-10,7.960491e-08,1.579142e-07
586153984,3276111,4689231872,119052079,1.508465e-01,6.247429e-02,1.888058e-09,6.611046e-10,8.292670e-08,1.692428e-07
586416128,3276195,4691329024,119105892,1.508476e-01,6.247439e-02,1.801027e-09,6.557515e-10,7.910416e-08,1.678724e-07
586678272,3276357,4693426176,119159506,1.508484e-01,6.247493e-02,1.728417e-09,6.285653e-10,7.591502e-08,1.609127e-07
586940416,3276405,4695523328,119212750,1.508482e-01,6.247489e-02,1.744562e-09,6.306217e-10,7.662413e-08,1.614391e-07
587202560,3276742,4697620480,119265689,1.508486e-01,6.247475e-02,1.714815e-09,6.373753e-10,7.531759e-08,1.631681e-07
587464704,3276864,4699717632,119318818,1.508476e-01,6.247517e-02,1.798498e-09,6.162972e-10,7.899310e-08,1.577721e-07
587726848,3276881,4701814784,119372401,1.508487e-01,6.247546e-02,1.706187e-09,6.023202e-10,7.493864e-08,1.541940e-07
587988992,3276917,4703911936,119425022,1.508489e-01,6.247575e-02,1.685324e-09,5.881420e-10,7.402229e-08,1.505644e-07
588251136,3276934,4706009088,119478294,1.508483e-01,6.247480e-02,1.737101e-09,6.351201e-10,7.629644e-08,1.625907e-07
588513280,3276984,4708106240,119531766,1.508481e-01,6.247535e-02,1.757032e-09,6.076346e-10,7.717183e-08,1.555545e-07
588775424,3276985,4710203392,119584478,1.508474e-01,6.247493e-02,1.811159e-09,6.283785e-10,7.954920e-08,1.608649e-07
589037568,3277153,4712300544,119637563,1.508465e-01,6.247504e-02,1.889353e-09,6.231599e-10,8.298359e-08,1.595289e-07
589299712,3277240,4714397696,119690638,1.508467e-01,6.247504e-02,1.873840e-09,6.229739e-10,8.230223e-08,1.594813e-07
589561856,3277261,4716494848,119743533,1.508458e-01,6.247441e-02,1.955996e-09,6.549886e-10,8.591068e-08,1.676771e-07
589824000,3277320,4718592000,119797099,1.508470e-01,6.247498e-02,1.851973e-09,6.261393e-10,8.134179e-08,1.602916e-07
590086144,3277357,4720689152,119850519,1.508466e-01,6.247526e-02,1.884175e-09,6.122348e-10,8.275616e-08,1.567321e-07
590348288,3277401,4722786304,119903733,1.508464e-01,6.247511e-02,1.897133e-09,6.196311e-10,8.332532e-08,1.586256e-07
590610432,3277417,4724883456,119957226,1.508470e-01,6.247611e-02,1.844286e-09,5.705678e-10,8.100416e-08,1.460654e-07
590872576,3277466,4726980608,120010662,1.508473e-01,6.247598e-02,1.821320e-09,5.768137e-10,7.999546e-08,1.476643e-07
591134720,3277507,4729077760,120064025,1.508469e-01,6.247534e-02,1.859676e-09,6.080020e-10,8.168012e-08,1.556485e-07
591396864,3277665,4731174912,120117536,1.508477e-01,6.247532e-02,1.788401e-09,6.091048e-10,7.854963e-08,1.559308e-07
591659008,3277703,4733272064,120171062,1.508483e-01,6.247552e-02,1.742073e-09,5.990333e-10,7.651483e-08,1.533525e-07
591921152,3277720,4735369216,120223774,1.508474e-01,6.247479e-02,1.809891e-09,6.353079e-10,7.949348e-08,1.626388e-07
592183296,3277723,4737466368,120277321,1.508488e-01,6.247529e-02,1.697581e-09,6.105767e-10,7.456063e-08,1.563076e-07
592445440,3277813,4739563520,120330189,1.508477e-01,6.247485e-02,1.790923e-09,6.324941e-10,7.866037e-08,1.619185e-07
592707584,3277839,4741660672,120383328,1.508480e-01,6.247440e-02,1.763284e-09,6.551792e-10,7.744642e-08,1.677259e-07
592969728,3277851,4743757824,120436745,1.508484e-01,6.247493e-02,1.725940e-09,6.283785e-10,7.580623e-08,1.608649e-07
593231872,3277997,4745854976,120489861,1.508491e-01,6.247581e-02,1.670674e-09,5.852546e-10,7.337886e-08,1.498252e-07
593494016,3278013,4747952128,120542656,1.508487e-01,6.247582e-02,1.704956e-09,5.847139e-10,7.488459e-08,1.496868e-07
593756160,3278036,4750049280,120596183,1.508499e-01,6.247584e-02,1.610323e-09,5.836335e-10,7.072811e-08,1.494102e-07
594018304,3278138,4752146432,120649070,1.508486e-01,6.247587e-02,1.711115e-09,5.823742e-10,7.515507e-08,1.490878e-07
594280448,3278164,4754243584,120702442,1.508498e-01,6.247663e-02,1.613913e-09,5.460983e-10,7.088579e-08,1.398012e-07
594542592,3278412,4756340736,120756065,1.508501e-01,6.247692e-02,1.587680e-09,5.327740e-10,6.973361e-08,1.363902e-07
594804736,3278436,4758437888,120809266,1.508506e-01,6.247709e-02,1.552255e-09,5.248926e-10,6.817768e-08,1.343725e-07
595066880,3278466,4760535040,120862385,1.508502e-01,6.247658e-02,1.581748e-09,5.487131e-10,6.947307e-08,1.404705e-07
595329024,3278492,4762632192,120916276,1.508508e-01,6.247718e-02,1.539366e-09,5.206339e-10,6.761158e-08,1.332823e-07
595591168,3278500,4764729344,120969443,1.508515e-01,6.247715e-02,1.484900e-09,5.219948e-10,6.521935e-08,1.336307e-07
595853312,3278876,4766826496,121022990,1.508515e-01,6.247682e-02,1.482604e-09,5.370820e-10,6.511849e-08,1.374930e-07
596115456,3278926,4768923648,121075812,1.508514e-01,6.247696e-02,1.487198e-09,5.307124e-10,6.532026e-08,1.358624e-07
596377600,3279150,4771020800,121129337,1.508508e-01,6.247652e-02,1.534693e-09,5.511592e-10,6.740630e-08,1.410967e-07
596639744,3279343,4773117952,121182526,1.508508e-01,6.247691e-02,1.533525e-09,5.331180e-10,6.735504e-08,1.364782e-07
596901888,3280718,4775215104,121235754,1.508504e-01,6.247671e-02,1.568737e-09,5.422746e-10,6.890160e-08,1.388223e-07
597164032,3281941,4777312256,121288745,1.508509e-01,6.247719e-02,1.527696e-09,5.201240e-10,6.709898e-08,1.331517e-07
597426176,3282735,4779409408,121341516,1.508494e-01,6.247660e-02,1.651241e-09,5.474921e-10,7.252532e-08,1.401580e-07
597688320,3284723,4781506560,121394399,1.508490e-01,6.247649e-02,1.676771e-09,5.527345e-10,7.364662e-08,1.415000e-07
597950464,3286289,4783603712,121447566,1.508489e-01,6.247618e-02,1.686548e-09,5.675463e-10,7.407605e-08,1.452919e-07
598212608,3286675,4785700864,121500677,1.508494e-01,6.247684e-02,1.645192e-09,5.365642e-10,7.225961e-08,1.373604e-07
598474752,3288849,4787798016,121554125,1.508487e-01,6.247634e-02,1.706187e-09,5.597633e-10,7.493864e-08,1.432994e-07
598736896,3312913,4789895168,121607166,1.508494e-01,6.247592e-02,1.645192e-09,5.800391e-10,7.225961e-08,1.484900e-07
598999040,3315782,4791992320,121660040,1.508486e-01,6.247501e-02,1.714815e-09,6.244625e-10,7.531759e-08,1.598624e-07
599261184,3315987,4794089472,121713810,1.508497e-01,6.247585e-02,1.625907e-09,5.834535e-10,7.141262e-08,1.493641e-07
599523328,3317723,4796186624,121766970,1.508486e-01,6.247589e-02,1.711115e-09,5.811163e-10,7.515507e-08,1.487658e-07
599785472,3324488,4798283776,121820143,1.508479e-01,6.247618e-02,1.770800e-09,5.671914e-10,7.777655e-08,1.452010e-07
600047616,3333120,4800380928,121873629,1.508481e-01,6.247630e-02,1.753286e-09,5.615275e-10,7.700731e-08,1.437510e-07
600309760,3339086,4802478080,121926781,1.508481e-01,6.247607e-02,1.753286e-09,5.728837e-10,7.700731e-08,1.466582e-07
600571904,3341185,4804575232,121979589,1.508473e-01,6.247685e-02,1.826411e-09,5.357016e-10,8.021907e-08,1.371396e-07
600834048,3355629,4806672384,122032956,1.508469e-01,6.247634e-02,1.857106e-09,5.597633e-10,8.156727e-08,1.432994e-07
601096192,3360936,4808769536,122085632,1.508464e-01,6.247595e-02,1.902329e-09,5.784253e-10,8.355353e-08,1.480769e-07
601358336,3361434,4810866688,122138691,1.508450e-01,6.247615e-02,2.027819e-09,5.686118e-10,8.906525e-08,1.455646e-07
601620480,3370535,4812963840,122191308,1.508444e-01,6.247573e-02,2.075062e-09,5.888650e-10,9.114025e-08,1.507494e-07
601882624,3373825,4815060992,122244652,1.508442e-01,6.247580e-02,2.092748e-09,5.857954e-10,9.191707e-08,1.499636e-07
602144768,3378418,4817158144,122297772,1.508439e-01,6.247574e-02,2.122849e-09,5.885035e-10,9.323915e-08,1.506569e-07
602406912,3381902,4819255296,122350705,1.508446e-01,6.247632e-02,2.058803e-09,5.606451e-10,9.042614e-08,1.435251e-07
602669056,3388406,4821352448,122403376,1.508437e-01,6.247646e-02,2.140738e-09,5.541367e-10,9.402484e-08,1.418590e-07
602931200,3397811,4823449600,122456385,1.508430e-01,6.247590e-02,2.208837e-09,5.805776e-10,9.701585e-08,1.486279e-07
603193344,3397962,4825546752,122509118,1.508421e-01,6.247567e-02,2.293675e-09,5.919426e-10,1.007421e-07,1.515373e-07
603455488,3398870,4827643904,122562659,1.508420e-01,6.247495e-02,2.302247e-09,6.274450e-10,1.011186e-07,1.606259e-07
603717632,3399056,4829741056,122615861,1.508418e-01,6.247573e-02,2.318004e-09,5.890458e-10,1.018107e-07,1.507957e-07
603979776,3399217,4831838208,122668772,1.508413e-01,6.247569e-02,2.374301e-09,5.910366e-10,1.042833e-07,1.513054e-07
604241920,3399461,4833935360,122721705,1.508402e-01,6.247466e-02,2.478524e-09,6.418976e-10,1.088610e-07,1.643258e-07
604504064,3399479,4836032512,122774309,1.508399e-01,6.247508e-02,2.509780e-09,6.209300e-10,1.102338e-07,1.589581e-07
604766208,3399651,4838129664,122827530,1.508406e-01,6.247520e-02,2.438626e-09,6.148184e-10,1.071086e-07,1.573935e-07
605028352,3399736,4840226816,122880872,1.508402e-01,6.247563e-02,2.475558e-09,5.939383e-10,1.087307e-07,1.520482e-07
605290496,3399795,4842323968,122934665,1.508399e-01,6.247565e-02,2.512767e-09,5.930307e-10,1.103650e-07,1.518159e-07
605552640,3400041,4844421120,122987564,1.508396e-01,6.247540e-02,2.541231e-09,6.050661e-10,1.116152e-07,1.548969e-07
605814784,3400123,4846518272,123040579,1.508396e-01,6.247550e-02,2.542734e-09,6.003105e-10,1.116812e-07,1.536795e-07
606076928,3400148,4848615424,123093644,1.508394e-01,6.247479e-02,2.560800e-09,6.356835e-10,1.124747e-07,1.627350e-07
606339072,3400305,4850712576,123146977,1.508386e-01,6.247446e-02,2.644418e-09,6.521315e-10,1.161473e-07,1.669457e-07
606601216,3400316,4852809728,123200176,1.508377e-01,6.247449e-02,2.729380e-09,6.506102e-10,1.198790e-07,1.665562e-07
606863360,3400387,4854906880,123253710,1.508378e-01,6.247442e-02,2.726267e-09,6.544166e-10,1.197423e-07,1.675307e-07
607125504,3400391,4857004032,123306720,1.508364e-01,6.247394e-02,2.874502e-09,6.790405e-10,1.262530e-07,1.738344e-07
607387648,3400399,4859101184,123359935,1.508359e-01,6.247421e-02,2.922636e-09,6.653258e-10,1.283671e-07,1.703234e-07
607649792,3400537,4861198336,123413923,1.508366e-01,6.247504e-02,2.850584e-09,6.227879e-10,1.252025e-07,1.594337e-07
607911936,3400565,4863295488,123467581,1.508383e-01,6.247532e-02,2.673617e-09,6.089209e-10,1.174298e-07,1.558838e-07
608174080,3400654,4865392640,123520909,1.508387e-01,6.247578e-02,2.626060e-09,5.866974e-10,1.153410e-07,1.501945e-07
608436224,3400796,4867489792,123574238,1.508390e-01,6.247635e-02,2.600161e-09,5.592347e-10,1.142035e-07,1.431641e-07
608698368,3400869,4869586944,123627623,1.508392e-01,6.247635e-02,2.581957e-09,5.594109e-10,1.134039e-07,1.432092e-07
608960512,3401084,4871684096,123680986,1.508387e-01,6.247579e-02,2.629115e-09,5.861561e-10,1.154752e-07,1.500560e-07
609222656,3401315,4873781248,123734035,1.508395e-01,6.247566e-02,2.545741e-09,5.924866e-10,1.118133e-07,1.516766e-07
609484800,3401489,4875878400,123786379,1.508383e-01,6.247635e-02,2.667456e-09,5.594109e-10,1.171592e-07,1.432092e-07
609746944,3401524,4877975552,123839637,1.508393e-01,6.247645e-02,2.571367e-09,5.546630e-10,1.129388e-07,1.419937e-07
610009088,3401639,4880072704,123892799,1.508393e-01,6.247712e-02,2.571367e-09,5.236984e-10,1.129388e-07,1.340668e-07
610271232,3401669,4882169856,123946406,1.508408e-01,6.247821e-02,2.416600e-09,4.746079e-10,1.061412e-07,1.214996e-07
610533376,3401728,4884267008,123999604,1.508410e-01,6.247810e-02,2.404894e-09,4.794898e-10,1.056270e-07,1.227494e-07
610795520,3401799,4886364160,124053005,1.508410e-01,6.247845e-02,2.397592e-09,4.642766e-10,1.053063e-07,1.188548e-07
611057664,3401817,4888461312,124106218,1.508408e-01,6.247791e-02,2.423931e-09,4.881756e-10,1.064632e-07,1.249730e-07
611319808,3401847,4890558464,124159574,1.508403e-01,6.247790e-02,2.469630e-09,4.885049e-10,1.084704e-07,1.250573e-07
611581952,3402147,4892655616,124212723,1.508415e-01,6.247865e-02,2.346790e-09,4.558071e-10,1.030750e-07,1.166866e-07
611844096,3402789,4894752768,124266019,1.508413e-01,6.247831e-02,2.371397e-09,4.705587e-10,1.041558e-07,1.204630e-07
612106240,3402929,4896849920,124319402,1.508424e-01,6.247877e-02,2.260965e-09,4.505730e-10,9.930542e-08,1.153467e-07
612368384,3403569,4898947072,124372285,1.508416e-01,6.247853e-02,2.345346e-09,4.607515e-10,1.030116e-07,1.179524e-07
612630528,3403616,4901044224,124425362,1.508413e-01,6.247927e-02,2.374301e-09,4.297843e-10,1.042833e-07,1.100248e-07
612892672,3406982,4903141376,124478283,1.508412e-01,6.247924e-02,2.383022e-09,4.310209e-10,1.046664e-07,1.103413e-07
613154816,3409433,4905238528,124531504,1.508420e-01,6.247966e-02,2.303677e-09,4.137191e-10,1.011814e-07,1.059121e-07
613416960,3414807,4907335680,124585180,1.508422e-01,6.248067e-02,2.287970e-09,3.738135e-10,1.004915e-07,9.569625e-08
613679104,3414831,4909432832,124638200,1.508416e-01,6.248074e-02,2.342460e-09,3.709380e-10,1.028848e-07,9.496013e-08
613941248,3421874,4911529984,124691366,1.508413e-01,6.248086e-02,2.374301e-09,3.663603e-10,1.042833e-07,9.378824e-08
614203392,3428415,4913627136,124744331,1.508408e-01,6.248068e-02,2.416600e-09,3.730936e-10,1.061412e-07,9.551195e-08
614465536,3442707,4915724288,124797769,1.508393e-01,6.248086e-02,2.574391e-09,3.662177e-10,1.130716e-07,9.375174e-08
614727680,3453081,4917821440,124850726,1.508391e-01,6.248090e-02,2.584986e-09,3.649356e-10,1.135370e-07,9.342352e-08
614989824,3453952,4919918592,124903620,1.508388e-01,6.248109e-02,2.618429e-09,3.577129e-10,1.150059e-07,9.157449e-08
615251968,3454903,4922015744,124957306,1.508401e-01,6.248180e-02,2.485948e-09,3.311688e-10,1.091871e-07,8.477920e-08
615514112,3455055,4924112896,125011116,1.508400e-01,6.248160e-02,2.503811e-09,3.386680e-10,1.099716e-07,8.669900e-08
615776256,3455081,4926210048,125064451,1.508403e-01,6.248174e-02,2.466669e-09,3.334777e-10,1.083403e-07,8.537030e-08
616038400,3455710,4928307200,125117331,1.508398e-01,6.248084e-02,2.517251e-09,3.669310e-10,1.105619e-07,9.393433e-08
616300544,3456177,4930404352,125170474,1.508399e-01,6.248102e-02,2.514261e-09,3.603953e-10,1.104306e-07,9.226119e-08
616562688,3456333,4932501504,125223506,1.508409e-01,6.248154e-02,2.410744e-09,3.407278e-10,1.058840e-07,8.722631e-08
616824832,3456614,4934598656,125276273,1.508406e-01,6.248147e-02,2.437155e-09,3.434839e-10,1.070440e-07,8.793188e-08
617086976,3456675,4936695808,125329952,1.508409e-01,6.248221e-02,2.407818e-09,3.165548e-10,1.057555e-07,8.103802e-08
617349120,3456736,4938792960,125383061,1.508410e-01,6.248177e-02,2.399052e-09,3.322543e-10,1.053704e-07,8.505711e-08
617611264,3456825,4940890112,125436424,1.508416e-01,6.248224e-02,2.341018e-09,3.153628e-10,1.028215e-07,8.073289e-08
617873408,3457268,4942987264,125489586,1.508409e-01,6.248162e-02,2.409281e-09,3.378458e-10,1.058197e-07,8.648853e-08
618135552,3457406,4945084416,125543360,1.508409e-01,6.248103e-02,2.409281e-09,3.599711e-10,1.058197e-07,9.215259e-08
618397696,3457420,4947181568,125596896,1.508411e-01,6.248109e-02,2.385932e-09,3.574311e-10,1.047942e-07,9.150236e-08
618659840,3457490,4949278720,125650020,1.508407e-01,6.248065e-02,2.434213e-09,3.745341e-10,1.069148e-07,9.588072e-08
618921984,3457493,4951375872,125703228,1.508400e-01,6.248039e-02,2.503811e-09,3.846954e-10,1.099716e-07,9.848202e-08
619184128,3457586,4953473024,125756458,1.508410e-01,6.248126e-02,2.397592e-09,3.512601e-10,1.053063e-07,8.992259e-08
619446272,3457716,4955570176,125809480,1.508414e-01,6.248161e-02,2.358354e-09,3.382568e-10,1.035829e-07,8.659373e-08
619708416,3457756,4957667328,125862638,1.508397e-01,6.248079e-02,2.533725e-09,3.689318e-10,1.112855e-07,9.444653e-08
619970560,3457775,4959764480,125916258,1.508400e-01,6.248039e-02,2.500830e-09,3.846954e-10,1.098407e-07,9.848202e-08
620232704,3457996,4961861632,125969127,1.508403e-01,6.248061e-02,2.474075e-09,3.758329e-10,1.086656e-07,9.621323e-08
620494848,3458087,4963958784,126021909,1.508388e-01,6.248105e-02,2.618429e-09,3.589822e-10,1.150059e-07,9.189945e-08
620756992,3458171,4966055936,126074948,1.508387e-01,6.248176e-02,2.632172e-09,3.325260e-10,1.156095e-07,8.512666e-08
621019136,3458656,4968153088,126128067,1.508386e-01,6.248116e-02,2.645951e-09,3.549001e-10,1.162147e-07,9.085443e-08
621281280,3458729,4970250240,126180924,1.508380e-01,6.248072e-02,2.699878e-09,3.717995e-10,1.185832e-07,9.518067e-08
621543424,3458730,4972347392,126234212,1.508389e-01,6.248159e-02,2.615380e-09,3.389423e-10,1.148719e-07,8.676922e-08
621805568,3458737,4974444544,126287227,1.508386e-01,6.248146e-02,2.641354e-09,3.437601e-10,1.160128e-07,8.800259e-08
622067712,3458775,4976541696,126340508,1.508390e-01,6.248146e-02,2.601681e-09,3.436220e-10,1.142702e-07,8.796724e-08
622329856,3458784,4978638848,126393670,1.508395e-01,6.248168e-02,2.547244e-09,3.355217e-10,1.118793e-07,8.589356e-08
622592000,3458851,4980736000,126446642,1.508402e-01,6.248127e-02,2.481493e-09,3.507018e-10,1.089914e-07,8.977966e-08
622854144,3459061,4982833152,126500406,1.508419e-01,6.248206e-02,2.309403e-09,3.217457e-10,1.014329e-07,8.236691e-08
623116288,3459082,4984930304,126553651,1.508413e-01,6.248136e-02,2.372849e-09,3.475000e-10,1.042195e-07,8.896001e-08
623378432,3459090,4987027456,126607090,1.508413e-01,6.248131e-02,2.367045e-09,3.494472e-10,1.039647e-07,8.945848e-08
623640576,3459167,4989124608,126659876,1.508418e-01,6.248085e-02,2.323747e-09,3.667883e-10,1.020629e-07,9.389780e-08
623902720,3459176,4991221760,126713034,1.508391e-01,6.248023e-02,2.591051e-09,3.910048e-10,1.138034e-07,1.000972e-07
624164864,3459202,4993318912,126765779,1.508380e-01,6.248015e-02,2.704525e-09,3.939569e-10,1.187874e-07,1.008530e-07
624427008,3459205,4995416064,126819028,1.508381e-01,6.248081e-02,2.696782e-09,3.683596e-10,1.184472e-07,9.430005e-08
624689152,3459254,4997513216,126872187,1.508383e-01,6.248132e-02,2.672076e-09,3.488903e-10,1.173621e-07,8.931592e-08
624951296,3459317,4999610368,126925285,1.508380e-01,6.248084e-02,2.701427e-09,3.669310e-10,1.186512e-07,9.393433e-08
625213440,3459334,5001707520,126978385,1.508374e-01,6.248037e-02,2.766876e-09,3.852801e-10,1.215259e-07,9.863172e-08
625475584,3459535,5003804672,127031445,1.508369e-01,6.248121e-02,2.822015e-09,3.530778e-10,1.239477e-07,9.038791e-08
625737728,3459546,5005901824,127084650,1.508365e-01,6.248106e-02,2.863328e-09,3.585588e-10,1.257622e-07,9.179107e-08
625999872,3459574,5007998976,127138170,1.508362e-01,6.248126e-02,2.893707e-09,3.512601e-10,1.270966e-07,8.992259e-08
626262016,3459595,5010096128,127191944,1.508362e-01,6.248131e-02,2.895311e-09,3.494472e-10,1.271670e-07,8.945848e-08
626524160,3459653,5012193280,127244543,1.508349e-01,6.248079e-02,3.038148e-09,3.690749e-10,1.334406e-07,9.448317e-08
626786304,3459696,5014290432,127297542,1.508344e-01,6.248140e-02,3.092598e-09,3.458354e-10,1.358322e-07,8.853385e-08
627048448,3459728,5016387584,127350771,1.508337e-01,6.248146e-02,3.164274e-09,3.436220e-10,1.389803e-07,8.796724e-08
627310592,3459832,5018484736,127403955,1.508349e-01,6.248195e-02,3.036505e-09,3.256331e-10,1.333685e-07,8.336207e-08
627572736,3459884,5020581888,127456921,1.508357e-01,6.248171e-02,2.950090e-09,3.344308e-10,1.295730e-07,8.561429e-08
627834880,3459981,5022679040,127510386,1.508367e-01,6.248161e-02,2.836281e-09,3.381198e-10,1.245743e-07,8.655866e-08
628097024,3460045,5024776192,127563168,1.508358e-01,6.248098e-02,2.940386e-09,3.618111e-10,1.291468e-07,9.262364e-08
628359168,3460058,5026873344,127616509,1.508354e-01,6.248081e-02,2.979299e-09,3.683596e-10,1.308559e-07,9.430005e-08
628621312,3460344,5028970496,127669922,1.508354e-01,6.248050e-02,2.980926e-09,3.801786e-10,1.309273e-07,9.732572e-08
628883456,3460359,5031067648,127723085,1.508338e-01,6.248007e-02,3.157572e-09,3.970685e-10,1.386859e-07,1.016495e-07
629145600,3460364,5033164800,127775852,1.508333e-01,6.247957e-02,3.216457e-09,4.175164e-10,1.412723e-07,1.068842e-07
629407744,3460391,5035261952,127828547,1.508334e-01,6.247948e-02,3.208012e-09,4.208723e-10,1.409013e-07,1.077433e-07
629669888,3460473,5037359104,127881760,1.508333e-01,6.247921e-02,3.209700e-09,4.321044e-10,1.409755e-07,1.106187e-07
629932032,3460530,5039456256,127935373,1.508333e-01,6.247977e-02,3.211389e-09,4.093359e-10,1.410497e-07,1.047900e-07
630194176,3460811,5041553408,127988376,1.508327e-01,6.247932e-02,3.284421e-09,4.276246e-10,1.442573e-07,1.094719e-07
630456320,3460821,5043650560,128041366,1.508315e-01,6.247878e-02,3.420736e-09,4.500986e-10,1.502445e-07,1.152252e-07
630718464,3460966,5045747712,128094702,1.508308e-01,6.247856e-02,3.504914e-09,4.594730e-10,1.539418e-07,1.176251e-07
630980608,3463163,5047844864,128148303,1.508314e-01,6.247839e-02,3.438189e-09,4.670098e-10,1.510111e-07,1.195545e-07
631242752,3464628,5049942016,128201534,1.508312e-01,6.247769e-02,3.453934e-09,4.977702e-10,1.517027e-07,1.274292e-07
631504896,3464779,5052039168,128254424,1.508303e-01,6.247708e-02,3.558045e-09,5.254048e-10,1.562754e-07,1.345036e-07
631767040,3464957,5054136320,128308149,1.508314e-01,6.247765e-02,3.432948e-09,4.996004e-10,1.507809e-07,1.278977e-07
632029184,3467192,5056233472,128361256,1.508302e-01,6.247710e-02,3.579409e-09,5.243807e-10,1.572137e-07,1.342414e-07
632291328,3494252,5058330624,128414824,1.508301e-01,6.247742e-02,3.590115e-09,5.098105e-10,1.576839e-07,1.305115e-07
632553472,3494379,5060427776,128467856,1.508291e-01,6.247714e-02,3.708937e-09,5.225056e-10,1.629028e-07,1.337614e-07
632815616,3494681,5062524928,128521515,1.508295e-01,6.247731e-02,3.660094e-09,5.147008e-10,1.607576e-07,1.317634e-07
633077760,3496185,5064622080,128574849,1.508292e-01,6.247706e-02,3.690810e-09,5.262591e-10,1.621066e-07,1.347223e-07
633339904,3502970,5066719232,128628325,1.508296e-01,6.247762e-02,3.642087e-09,5.007668e-10,1.599666e-07,1.281963e-07
633602048,3514771,5068816384,128681750,1.508299e-01,6.247789e-02,3.616950e-09,4.889991e-10,1.588626e-07,1.251838e-07
633864192,3517427,5070913536,128734996,1.508300e-01,6.247750e-02,3.595474e-09,5.061163e-10,1.579193e-07,1.295658e-07
634126336,3519530,5073010688,128788290,1.508293e-01,6.247737e-02,3.688999e-09,5.119998e-10,1.620271e-07,1.310720e-07
634388480,3534114,5075107840,128841670,1.508289e-01,6.247755e-02,3.736212e-09,5.041069e-10,1.641008e-07,1.290514e-07
634650624,3539395,5077204992,128895128,1.508287e-01,6.247832e-02,3.754451e-09,4.700740e-10,1.649018e-07,1.203389e-07
634912768,3539819,5079302144,128947998,1.508288e-01,6.247906e-02,3.747150e-09,4.384776e-10,1.645812e-07,1.122503e-07
635174912,3552193,5081399296,129001531,1.508293e-01,6.247929e-02,3.687189e-09,4.290124e-10,1.619476e-07,1.098272e-07
635437056,3552385,5083496448,129054885,1.508292e-01,6.248040e-02,3.694432e-09,3.842571e-10,1.622657e-07,9.836982e-08
635699200,3560032,5085593600,129108519,1.508288e-01,6.248034e-02,3.747150e-09,3.864510e-10,1.645812e-07,9.893145e-08
635961344,3560231,5087690752,129161409,1.508288e-01,6.248009e-02,3.748974e-09,3.964749e-10,1.646613e-07,1.014976e-07
636223488,3566765,5089787904,129214980,1.508297e-01,6.247997e-02,3.638490e-09,4.012364e-10,1.598087e-07,1.027165e-07
636485632,3575994,5091885056,129268781,1.508311e-01,6.248040e-02,3.469715e-09,3.842571e-10,1.523958e-07,9.836982e-08
636747776,3576337,5093982208,129322326,1.508317e-01,6.248015e-02,3.396377e-09,3.941047e-10,1.491746e-07,1.008908e-07
637009920,3577199,5096079360,129375548,1.508317e-01,6.247991e-02,3.403328e-09,4.034781e-10,1.494799e-07,1.032904e-07
637272064,3577442,5098176512,129428968,1.508314e-01,6.247975e-02,3.434695e-09,4.099391e-10,1.508576e-07,1.049444e-07
637534208,3577654,5100273664,129482802,1.508318e-01,6.247998e-02,3.382496e-09,4.007888e-10,1.485650e-07,1.026019e-07
637796352,3577784,5102370816,129535971,1.508321e-01,6.248014e-02,3.354821e-09,3.942527e-10,1.473494e-07,1.009287e-07
638058496,3577820,5104467968,129588570,1.508317e-01,6.248006e-02,3.401589e-09,3.976626e-10,1.494036e-07,1.018016e-07
638320640,3577975,5106565120,129642304,1.508323e-01,6.248054e-02,3.323821e-09,3.788723e-10,1.459879e-07,9.699130e-08
638582784,3578109,5108662272,129695072,1.508321e-01,6.248007e-02,3.356547e-09,3.970685e-10,1.474253e-07,1.016495e-07
638844928,3578194,5110759424,129748195,1.508307e-01,6.247932e-02,3.510209e-09,4.274706e-10,1.541743e-07,1.094325e-07
639107072,3578392,5112856576,129801609,1.508296e-01,6.247963e-02,3.642087e-09,4.150841e-10,1.599666e-07,1.062615e-07
639369216,3578453,5114953728,129854338,1.508300e-01,6.248005e-02,3.600837e-09,3.978112e-10,1.581549e-07,1.018397e-07
639631360,3578491,5117050880,129907318,1.508297e-01,6.247991e-02,3.638490e-09,4.034781e-10,1.598087e-07,1.032904e-07
639893504,3578699,5119148032,129961019,1.508312e-01,6.248026e-02,3.457438e-09,3.896800e-10,1.518565e-07,9.975807e-08
640155648,3578717,5121245184,130014065,1.508310e-01,6.248029e-02,3.482015e-09,3.886511e-10,1.529360e-07,9.949468e-08
640417792,3578785,5123342336,130067720,1.508319e-01,6.248022e-02,3.372105e-09,3.912995e-10,1.481086e-07,1.001727e-07
640679936,3578836,5125439488,130120561,1.508311e-01,6.247997e-02,3.466205e-09,4.013856e-10,1.522416e-07,1.027547e-07
640942080,3578901,5127536640,130173708,1.508312e-01,6.248036e-02,3.453934e-09,3.857190e-10,1.517027e-07,9.874407e-08
641204224,3578945,5129633792,130226743,1.508315e-01,6.248061e-02,3.424223e-09,3.761219e-10,1.503977e-07,9.628720e-08
641466368,3579057,5131730944,130279763,1.508303e-01,6.248003e-02,3.561601e-09,3.988521e-10,1.564316e-07,1.021061e-07
641728512,3579179,5133828096,130333065,1.508305e-01,6.247989e-02,3.543837e-09,4.043766e-10,1.556514e-07,1.035204e-07
641990656,3579298,5135925248,130386396,1.508311e-01,6.248027e-02,3.462697e-09,3.890919e-10,1.520875e-07,9.960752e-08
642252800,3579339,5138022400,130439958,1.508330e-01,6.247994e-02,3.245255e-09,4.024312e-10,1.425371e-07,1.030224e-07
642514944,3579565,5140119552,130493584,1.508336e-01,6.247959e-02,3.182742e-09,4.164514e-10,1.397914e-07,1.066116e-07
642777088,3579656,5142216704,130546237,1.508330e-01,6.247928e-02,3.248651e-09,4.294755e-10,1.426863e-07,1.099457e-07
643039232,3580005,5144313856,130599013,1.508328e-01,6.247935e-02,3.274181e-09,4.265468e-10,1.438076e-07,1.091960e-07
643301376,3580061,5146411008,130652597,1.508333e-01,6.247984e-02,3.213078e-09,4.063266e-10,1.411238e-07,1.040196e-07
643563520,3580208,5148508160,130704950,1.508339e-01,6.247986e-02,3.145860e-09,4.057261e-10,1.381715e-07,1.038659e-07
643825664,3580225,5150605312,130757959,1.508337e-01,6.247950e-02,3.174341e-09,4.201084e-10,1.394224e-07,1.075478e-07
644087808,3580252,5152702464,130811265,1.508346e-01,6.248051e-02,3.072742e-09,3.800333e-10,1.349600e-07,9.728853e-08
644349952,3580315,5154799616,130864519,1.508350e-01,6.248006e-02,3.028300e-09,3.975140e-10,1.330081e-07,1.017636e-07
644612096,3580412,5156896768,130917922,1.508346e-01,6.248070e-02,3.066138e-09,3.726620e-10,1.346700e-07,9.540146e-08
644874240,3580418,5158993920,130971755,1.508341e-01,6.248022e-02,3.125834e-09,3.912995e-10,1.372919e-07,1.001727e-07
645136384,3580662,5161091072,131024898,1.508344e-01,6.248058e-02,3.094256e-09,3.772787e-10,1.359050e-07,9.658335e-08
645398528,3581324,5163188224,131077576,1.508330e-01,6.248016e-02,3.245255e-09,3.938090e-10,1.425371e-07,1.008151e-07
645660672,3581487,5165285376,131130370,1.508330e-01,6.247999e-02,3.252050e-09,4.004905e-10,1.428355e-07,1.025256e-07
645922816,3582047,5167382528,131183399,1.508328e-01,6.247969e-02,3.270771e-09,4.125076e-10,1.436578e-07,1.056019e-07
646184960,3582284,5169479680,131236652,1.508337e-01,6.247981e-02,3.167628e-09,4.076794e-10,1.391276e-07,1.043659e-07
646447104,3585414,5171576832,131290039,1.508342e-01,6.247977e-02,3.112518e-09,4.093359e-10,1.367071e-07,1.047900e-07
646709248,3588099,5173673984,131343768,1.508339e-01,6.247963e-02,3.142518e-09,4.147805e-10,1.380247e-07,1.061838e-07
646971392,3593303,5175771136,131397136,1.508357e-01,6.247980e-02,2.945236e-09,4.079804e-10,1.293598e-07,1.044430e-07
647233536,3596449,5177868288,131450308,1.508360e-01,6.247958e-02,2.919415e-09,4.169076e-10,1.282257e-07,1.067284e-07
647495680,3600254,5179965440,131503702,1.508359e-01,6.247932e-02,2.927472e-09,4.277787e-10,1.285795e-07,1.095113e-07
647757824,3606749,5182062592,131557097,1.508351e-01,6.247909e-02,3.008651e-09,4.372304e-10,1.321451e-07,1.119310e-07
648019968,3621020,5184159744,131610547,1.508347e-01,6.247864e-02,3.057892e-09,4.561252e-10,1.343078e-07,1.167681e-07
648282112,3631425,5186256896,131663952,1.508343e-01,6.247855e-02,3.097572e-09,4.599522e-10,1.360506e-07,1.177478e-07
648544256,3635608,5188354048,131717418,1.508345e-01,6.247835e-02,3.076047e-09,4.686213e-10,1.351052e-07,1.199670e-07
648806400,3636121,5190451200,131770898,1.508362e-01,6.247908e-02,2.898519e-09,4.375420e-10,1.273079e-07,1.120108e-07
649068544,3636477,5192548352,131824184,1.508372e-01,6.247956e-02,2.785719e-09,4.176686e-10,1.223535e-07,1.069232e-07
649330688,3636711,5194645504,131877253,1.508376e-01,6.247925e-02,2.746534e-09,4.307116e-10,1.206324e-07,1.102622e-07
649592832,3636744,5196742656,131930051,1.508369e-01,6.247888e-02,2.823598e-09,4.461556e-10,1.240172e-07,1.142158e-07
649854976,3637408,5198839808,131982869,1.508369e-01,6.247859e-02,2.820432e-09,4.585152e-10,1.238782e-07,1.173799e-07
650117120,3637693,5200936960,132035993,1.508366e-01,6.247875e-02,2.847403e-09,4.516807e-10,1.250628e-07,1.156303e-07
650379264,3637849,5203034112,132089028,1.508368e-01,6.247897e-02,2.826766e-09,4.423866e-10,1.241564e-07,1.132510e-07
650641408,3637976,5205131264,132141721,1.508367e-01,6.247895e-02,2.836281e-09,4.431705e-10,1.245743e-07,1.134516e-07
650903552,3638278,5207228416,132195436,1.508378e-01,6.247979e-02,2.727824e-09,4.085826e-10,1.198107e-07,1.045971e-07
651165696,3638379,5209325568,132248983,1.508375e-01,6.248034e-02,2.757478e-09,3.865975e-10,1.211131e-07,9.896895e-08
651427840,3638430,5211422720,132301781,1.508377e-01,6.248053e-02,2.737171e-09,3.791624e-10,1.202212e-07,9.706557e-08
651689984,3638575,5213519872,132355028,1.508379e-01,6.248074e-02,2.713833e-09,3.709380e-10,1.191961e-07,9.496013e-08
651952128,3638833,5215617024,132407390,1.508367e-01,6.247997e-02,2.837869e-09,4.012364e-10,1.246440e-07,1.027165e-07
652214272,3638918,5217714176,132460616,1.508364e-01,6.247922e-02,2.871307e-09,4.319495e-10,1.261127e-07,1.105791e-07
652476416,3639197,5219811328,132513832,1.508365e-01,6.247892e-02,2.866518e-09,4.444262e-10,1.259023e-07,1.137731e-07
652738560,3639222,5221908480,132567347,1.508372e-01,6.247932e-02,2.787292e-09,4.274706e-10,1.224226e-07,1.094325e-07
653000704,3639311,5224005632,132620892,1.508375e-01,6.247942e-02,2.754349e-09,4.236281e-10,1.209757e-07,1.084488e-07
653262848,3639328,5226102784,132674589,1.508384e-01,6.247970e-02,2.665917e-09,4.122050e-10,1.170916e-07,1.055245e-07
653524992,3639409,5228199936,132727923,1.508381e-01,6.247972e-02,2.693687e-09,4.111468e-10,1.183113e-07,1.052536e-07
653787136,3639429,5230297088,132781197,1.508383e-01,6.247981e-02,2.672076e-09,4.076794e-10,1.173621e-07,1.043659e-07
654049280,3639538,5232394240,132834559,1.508384e-01,6.248040e-02,2.662841e-09,3.839651e-10,1.169565e-07,9.829506e-08
654311424,3639778,5234491392,132887316,1.508383e-01,6.248033e-02,2.675158e-09,3.870371e-10,1.174975e-07,9.908149e-08
654573568,3639845,5236588544,132940774,1.508394e-01,6.248092e-02,2.560800e-09,3.642243e-10,1.124747e-07,9.324143e-08
654835712,3639940,5238685696,132993743,1.508392e-01,6.248108e-02,2.580443e-09,3.581357e-10,1.133374e-07,9.168275e-08
655097856,3640498,5240782848,133047056,1.508395e-01,6.248086e-02,2.553264e-09,3.662177e-10,1.121437e-07,9.375174e-08
655360000,3640500,5242880000,133099264,1.508375e-01,6.248034e-02,2.757478e-09,3.864510e-10,1.211131e-07,9.893145e-08
655622144,3640508,5244977152,133152245,1.508371e-01,6.248015e-02,2.801471e-09,3.941047e-10,1.230454e-07,1.008908e-07
655884288,3640571,5247074304,133205216,1.508363e-01,6.247994e-02,2.887298e-09,4.022818e-10,1.268151e-07,1.029841e-07
656146432,3640628,5249171456,133258220,1.508353e-01,6.247915e-02,2.993957e-09,4.347412e-10,1.314997e-07,1.112938e-07
656408576,3640682,5251268608,133311935,1.508368e-01,6.247979e-02,2.834694e-09,4.082814e-10,1.245046e-07,1.045200e-07
656670720,3640744,5253365760,133365133,1.508367e-01,6.247944e-02,2.836281e-09,4.227085e-10,1.245743e-07,1.082134e-07
656932864,3640827,5255462912,133418416,1.508368e-01,6.247998e-02,2.829936e-09,4.007888e-10,1.242956e-07,1.026019e-07
657195008,3640950,5257560064,133471811,1.508374e-01,6.247960e-02,2.770012e-09,4.159953e-10,1.216636e-07,1.064948e-07
657457152,3640956,5259657216,133524627,1.508366e-01,6.247962e-02,2.848993e-09,4.153877e-10,1.251326e-07,1.063393e-07
657719296,3641011,5261754368,133577883,1.508358e-01,6.247993e-02,2.933925e-09,4.027302e-10,1.288630e-07,1.030989e-07
657981440,3641028,5263851520,133631182,1.508354e-01,6.247991e-02,2.976046e-09,4.036278e-10,1.307130e-07,1.033287e-07
658243584,3641063,5265948672,133683759,1.508356e-01,6.248002e-02,2.961432e-09,3.990009e-10,1.300711e-07,1.021442e-07
658505728,3641114,5268045824,133737181,1.508355e-01,6.247989e-02,2.974421e-09,4.045264e-10,1.306416e-07,1.035588e-07
658767872,3641247,5270142976,133790619,1.508345e-01,6.247943e-02,3.084317e-09,4.230150e-10,1.354684e-07,1.082918e-07
659030016,3641257,5272240128,133843767,1.508343e-01,6.247959e-02,3.099231e-09,4.166034e-10,1.361235e-07,1.066505e-07
659292160,3641376,5274337280,133896585,1.508334e-01,6.247931e-02,3.201263e-09,4.280870e-10,1.406049e-07,1.095903e-07
659554304,3641410,5276434432,133949483,1.508335e-01,6.247925e-02,3.192838e-09,4.304024e-10,1.402349e-07,1.101830e-07
659816448,3641438,5278531584,134002488,1.508324e-01,6.247913e-02,3.315236e-09,4.353629e-10,1.456108e-07,1.114529e-07
660078592,3641453,5280628736,134055177,1.508321e-01,6.247870e-02,3.346195e-09,4.537415e-10,1.469706e-07,1.161578e-07
660340736,3641509,5282725888,134108314,1.508324e-01,6.247897e-02,3.322103e-09,4.423866e-10,1.459124e-07,1.132510e-07
660602880,3641516,5284823040,134161263,1.508331e-01,6.247960e-02,3.231687e-09,4.161473e-10,1.419412e-07,1.065337e-07
660865024,3641598,5286920192,134214612,1.508315e-01,6.247874e-02,3.425967e-09,4.521559e-10,1.504743e-07,1.157519e-07
661127168,3641612,5289017344,134268072,1.508325e-01,6.247944e-02,3.310090e-09,4.227085e-10,1.453848e-07,1.082134e-07
661389312,3641722,5291114496,134321253,1.508324e-01,6.247987e-02,3.311805e-09,4.051260e-10,1.454601e-07,1.037123e-07
661651456,3641855,5293211648,134374713,1.508322e-01,6.247996e-02,3.344472e-09,4.016842e-10,1.468949e-07,1.028312e-07
661913600,3641889,5295308800,134427437,1.508307e-01,6.247964e-02,3.517275e-09,4.144771e-10,1.544847e-07,1.061061e-07
662175744,3641909,5297405952,134480271,1.508299e-01,6.247913e-02,3.615158e-09,4.355183e-10,1.587839e-07,1.114927e-07
662437888,3641940,5299503104,134533917,1.508301e-01,6.247902e-02,3.582976e-09,4.403518e-10,1.573704e-07,1.127300e-07
662700032,3642178,5301600256,134587422,1.508303e-01,6.247938e-02,3.565159e-09,4.251630e-10,1.565878e-07,1.088417e-07
662962176,3642181,5303697408,134640284,1.508300e-01,6.247898e-02,3.599049e-09,4.419166e-10,1.580763e-07,1.131307e-07
663224320,3642268,5305794560,134693294,1.508298e-01,6.247878e-02,3.624123e-09,4.504148e-10,1.591776e-07,1.153062e-07
663486464,3642291,5307891712,134746601,1.508293e-01,6.247865e-02,3.688999e-09,4.559662e-10,1.620271e-07,1.167273e-07
663748608,3642412,5309988864,134799186,1.508288e-01,6.247862e-02,3.745326e-09,4.572398e-10,1.645011e-07,1.170534e-07
664010752,3642748,5312086016,134852519,1.508290e-01,6.247842e-02,3.718018e-09,4.655618e-10,1.633016e-07,1.191838e-07
664272896,3642803,5314183168,134906559,1.508305e-01,6.247882e-02,3.536744e-09,4.485193e-10,1.553398e-07,1.148209e-07
664535040,3642862,5316280320,134959945,1.508316e-01,6.247960e-02,3.410286e-09,4.161473e-10,1.497855e-07,1.065337e-07
664797184,3642970,5318377472,135013860,1.508339e-01,6.248036e-02,3.142518e-09,3.857190e-10,1.380247e-07,9.874407e-08
665059328,3643174,5320474624,135067384,1.508351e-01,6.248126e-02,3.010286e-09,3.512601e-10,1.322169e-07,8.992259e-08
665321472,3645517,5322571776,135120647,1.508340e-01,6.248124e-02,3.130834e-09,3.520985e-10,1.375116e-07,9.013721e-08
665583616,3646687,5324668928,135173956,1.508345e-01,6.248156e-02,3.076047e-09,3.399031e-10,1.351052e-07,8.701520e-08
665845760,3672711,5326766080,135227911,1.508360e-01,6.248236e-02,2.912977e-09,3.111431e-10,1.279429e-07,7.965264e-08
666107904,3672806,5328863232,135281234,1.508370e-01,6.248213e-02,2.804627e-09,3.192115e-10,1.231840e-07,8.171816e-08
666370048,3674576,5330960384,135334059,1.508364e-01,6.248173e-02,2.874502e-09,3.336138e-10,1.262530e-07,8.540513e-08
666632192,3676383,5333057536,135387009,1.508357e-01,6.248109e-02,2.951709e-09,3.577129e-10,1.296441e-07,9.157449e-08
666894336,3681458,5335154688,135440149,1.508365e-01,6.248096e-02,2.856952e-09,3.626619e-10,1.254822e-07,9.284145e-08
667156480,3695733,5337251840,135493615,1.508368e-01,6.248136e-02,2.828351e-09,3.475000e-10,1.242260e-07,8.896001e-08
667418624,3696437,5339348992,135546307,1.508362e-01,6.248134e-02,2.890502e-09,3.480558e-10,1.269558e-07,8.910229e-08
667680768,3697890,5341446144,135599300,1.508359e-01,6.248151e-02,2.922636e-09,3.419667e-10,1.283671e-07,8.754347e-08
667942912,3712573,5343543296,135652470,1.508372e-01,6.248229e-02,2.784146e-09,3.137771e-10,1.222844e-07,8.032694e-08
668205056,3717853,5345640448,135706057,1.508376e-01,6.248255e-02,2.743411e-09,3.043467e-10,1.204953e-07,7.791274e-08
668467200,3718240,5347737600,135759549,1.508378e-01,6.248277e-02,2.724711e-09,2.967262e-10,1.196739e-07,7.596191e-08
668729344,3730540,5349834752,135812611,1.508370e-01,6.248261e-02,2.804627e-09,3.025297e-10,1.231840e-07,7.744760e-08
668991488,3734243,5351931904,135866137,1.508381e-01,6.248314e-02,2.690595e-09,2.842820e-10,1.181755e-07,7.277619e-08
669253632,3738603,5354029056,135919375,1.508380e-01,6.248277e-02,2.704525e-09,2.967262e-10,1.187874e-07,7.596191e-08
669515776,3741658,5356126208,135972637,1.508380e-01,6.248279e-02,2.706076e-09,2.962131e-10,1.188554e-07,7.583054e-08
669777920,3745152,5358223360,136026100,1.508385e-01,6.248284e-02,2.652087e-09,2.944205e-10,1.164841e-07,7.537166e-08
670040064,3754283,5360320512,136078784,1.508376e-01,6.248304e-02,2.744972e-09,2.876839e-10,1.205638e-07,7.364707e-08
670302208,3754721,5362417664,136132263,1.508382e-01,6.248332e-02,2.681327e-09,2.781598e-10,1.177685e-07,7.120892e-08
670564352,3755636,5364514816,136185744,1.508377e-01,6.248296e-02,2.730937e-09,2.904708e-10,1.199474e-07,7.436051e-08
670826496,3755802,5366611968,136238503,1.508376e-01,6.248317e-02,2.749659e-09,2.834033e-10,1.207697e-07,7.255125e-08
671088640,3756044,5368709120,136291638,1.508371e-01,6.248286e-02,2.796741e-09,2.939094e-10,1.228376e-07,7.524081e-08
671350784,3756094,5370806272,136344668,1.508370e-01,6.248302e-02,2.810943e-09,2.883161e-10,1.234614e-07,7.380892e-08
671612928,3756189,5372903424,136398191,1.508369e-01,6.248329e-02,2.814105e-09,2.792793e-10,1.236003e-07,7.149551e-08
671875072,3756328,5375000576,136451527,1.508375e-01,6.248355e-02,2.760609e-09,2.707541e-10,1.212506e-07,6.931305e-08
672137216,3756548,5377097728,136504377,1.508359e-01,6.248254e-02,2.921025e-09,3.048668e-10,1.282964e-07,7.804590e-08
672399360,3756620,5379194880,136557313,1.508348e-01,6.248229e-02,3.048012e-09,3.136452e-10,1.338739e-07,8.029316e-08
672661504,3756751,5381292032,136610416,1.508341e-01,6.248239e-02,3.124168e-09,3.102238e-10,1.372187e-07,7.941730e-08
672923648,3756771,5383389184,136663547,1.508344e-01,6.248254e-02,3.094256e-09,3.049969e-10,1.359050e-07,7.807921e-08
673185792,3756833,5385486336,136716652,1.508340e-01,6.248230e-02,3.139178e-09,3.131176e-10,1.378780e-07,8.015810e-08
673447936,3757019,5387583488,136769796,1.508355e-01,6.248268e-02,2.971171e-09,2.999434e-10,1.304989e-07,7.678551e-08
673710080,3757036,5389680640,136822634,1.508349e-01,6.248181e-02,3.033222e-09,3.308976e-10,1.332242e-07,8.470980e-08
673972224,3757247,5391777792,136875553,1.508356e-01,6.248218e-02,2.961432e-09,3.174834e-10,1.300711e-07,8.127574e-08
674234368,3757286,5393874944,136928818,1.508352e-01,6.248242e-02,3.002116e-09,3.091749e-10,1.318580e-07,7.914878e-08
674496512,3757366,5395972096,136981991,1.508358e-01,6.248229e-02,2.940386e-09,3.137771e-10,1.291468e-07,8.032694e-08
674758656,3757409,5398069248,137035746,1.508370e-01,6.248323e-02,2.810943e-09,2.812751e-10,1.234614e-07,7.200642e-08
675020800,3757502,5400166400,137088618,1.508364e-01,6.248292e-02,2.874502e-09,2.918693e-10,1.262530e-07,7.471853e-08
675282944,3757738,5402263552,137141855,1.508354e-01,6.248213e-02,2.980926e-09,3.192115e-10,1.309273e-07,8.171816e-08
675545088,3757738,5404360704,137194706,1.508347e-01,6.248205e-02,3.056244e-09,3.221468e-10,1.342354e-07,8.246958e-08
675807232,3757780,5406457856,137247965,1.508356e-01,6.248267e-02,2.953328e-09,3.003306e-10,1.297152e-07,7.688465e-08
676069376,3757973,5408555008,137301442,1.508360e-01,6.248268e-02,2.912977e-09,2.999434e-10,1.279429e-07,7.678551e-08
676331520,3758120,5410652160,137355015,1.508364e-01,6.248372e-02,2.876100e-09,2.649014e-10,1.263232e-07,6.781477e-08
676593664,3758547,5412749312,137408569,1.508374e-01,6.248371e-02,2.765308e-09,2.655081e-10,1.214570e-07,6.797008e-08
676855808,3758678,5414846464,137461955,1.508379e-01,6.248341e-02,2.713833e-09,2.751855e-10,1.191961e-07,7.044750e-08
677117952,3758738,5416943616,137514957,1.508371e-01,6.248320e-02,2.801471e-09,2.824008e-10,1.230454e-07,7.229460e-08
677380096,3758827,5419040768,137568266,1.508370e-01,6.248315e-02,2.809364e-09,2.837797e-10,1.233920e-07,7.264761e-08
677642240,3758857,5421137920,137621846,1.508377e-01,6.248380e-02,2.734053e-09,2.623610e-10,1.200843e-07,6.716442e-08
677904384,3758874,5423235072,137674912,1.508363e-01,6.248318e-02,2.879297e-09,2.827765e-10,1.264636e-07,7.239079e-08
678166528,3758924,5425332224,137728299,1.508355e-01,6.248289e-02,2.971171e-09,2.927609e-10,1.304989e-07,7.494680e-08
678428672,3758983,5427429376,137781713,1.508351e-01,6.248293e-02,3.008651e-09,2.913603e-10,1.321451e-07,7.458824e-08
678690816,3759140,5429526528,137833787,1.508334e-01,6.248164e-02,3.199577e-09,3.370246e-10,1.405309e-07,8.627831e-08
678952960,3759865,5431623680,137887120,1.508340e-01,6.248104e-02,3.134170e-09,3.594058e-10,1.376581e-07,9.200789e-08
679215104,3760087,5433720832,137940946,1.508345e-01,6.248081e-02,3.082662e-09,3.683596e-10,1.353958e-07,9.430005e-08
679477248,3760523,5435817984,137994078,1.508349e-01,6.248086e-02,3.038148e-09,3.662177e-10,1.334406e-07,9.375174e-08
679739392,3760871,5437915136,138047506,1.508348e-01,6.248041e-02,3.051303e-09,3.838191e-10,1.340184e-07,9.825769e-08
680001536,3763824,5440012288,138100824,1.508341e-01,6.248049e-02,3.127500e-09,3.807599e-10,1.373651e-07,9.747454e-08
680263680,3766678,5442109440,138154777,1.508343e-01,6.248070e-02,3.097572e-09,3.726620e-10,1.360506e-07,9.540146e-08
680525824,3771918,5444206592,138208655,1.508348e-01,6.248146e-02,3.049657e-09,3.436220e-10,1.339461e-07,8.796724e-08
680787968,3778092,5446303744,138261915,1.508358e-01,6.248211e-02,2.937155e-09,3.201440e-10,1.290048e-07,8.195687e-08
681050112,3778622,5448400896,138315929,1.508363e-01,6.248170e-02,2.880896e-09,3.349760e-10,1.265339e-07,8.575387e-08
681312256,3785171,5450498048,138368898,1.508361e-01,6.248146e-02,2.908154e-09,3.437601e-10,1.277311e-07,8.800259e-08
681574400,3799421,5452595200,138422047,1.508355e-01,6.248145e-02,2.972796e-09,3.441747e-10,1.305702e-07,8.810872e-08
681836544,3809771,5454692352,138475311,1.508368e-01,6.248226e-02,2.826766e-09,3.145695e-10,1.241564e-07,8.052979e-08
682098688,3814599,5456789504,138527912,1.508358e-01,6.248164e-02,2.942002e-09,3.371614e-10,1.292177e-07,8.631332e-08
682360832,3816254,5458886656,138581166,1.508366e-01,6.248179e-02,2.847403e-09,3.315757e-10,1.250628e-07,8.488337e-08
682622976,3817204,5460983808,138634573,1.508368e-01,6.248248e-02,2.834694e-09,3.069518e-10,1.245046e-07,7.857966e-08
682885120,3817320,5463080960,138687269,1.508362e-01,6.248276e-02,2.895311e-09,2.971113e-10,1.271670e-07,7.606050e-08
683147264,3818071,5465178112,138740609,1.508355e-01,6.248276e-02,2.967923e-09,2.973682e-10,1.303562e-07,7.612627e-08
683409408,3818335,5467275264,138793832,1.508362e-01,6.248266e-02,2.898519e-09,3.007181e-10,1.273079e-07,7.698384e-08
683671552,3818353,5469372416,138847205,1.508357e-01,6.248188e-02,2.948472e-09,3.283276e-10,1.295019e-07,8.405186e-08
683933696,3819065,5471469568,138900998,1.508357e-01,6.248199e-02,2.943619e-09,3.242900e-10,1.292887e-07,8.301824e-08
684195840,3819492,5473566720,138954586,1.508363e-01,6.248210e-02,2.884097e-09,3.204107e-10,1.266744e-07,8.202514e-08
684457984,3819595,5475663872,139007686,1.508367e-01,6.248188e-02,2.842634e-09,3.284626e-10,1.248533e-07,8.408642e-08
684720128,3819888,5477761024,139061033,1.508368e-01,6.248207e-02,2.829936e-09,3.214785e-10,1.242956e-07,8.229850e-08
684982272,3819981,5479858176,139114122,1.508374e-01,6.248233e-02,2.766876e-09,3.121954e-10,1.215259e-07,7.992202e-08
685244416,3820080,5481955328,139167157,1.508383e-01,6.248304e-02,2.676700e-09,2.875575e-10,1.175652e-07,7.361473e-08
685506560,3820122,5484052480,139220785,1.508389e-01,6.248313e-02,2.612333e-09,2.845333e-10,1.147381e-07,7.284052e-08
685768704,3820267,5486149632,139273977,1.508392e-01,6.248335e-02,2.577416e-09,2.772907e-10,1.132045e-07,7.098642e-08
686030848,3820553,5488246784,139327039,1.508386e-01,6.248339e-02,2.638292e-09,2.758039e-10,1.158782e-07,7.060579e-08
686292992,3820898,5490343936,139380208,1.508389e-01,6.248358e-02,2.607765e-09,2.697742e-10,1.145375e-07,6.906220e-08
686555136,3820916,5492441088,139433384,1.508380e-01,6.248320e-02,2.698330e-09,2.821504e-10,1.185152e-07,7.223051e-08
686817280,3820934,5494538240,139486592,1.508387e-01,6.248339e-02,2.630643e-09,2.759276e-10,1.155423e-07,7.063747e-08
687079424,3821050,5496635392,139539970,1.508390e-01,6.248336e-02,2.598642e-09,2.767946e-10,1.141368e-07,7.085943e-08
687341568,3821137,5498732544,139593823,1.508403e-01,6.248372e-02,2.466669e-09,2.651440e-10,1.083403e-07,6.787687e-08
687603712,3821217,5500829696,139646813,1.508389e-01,6.248325e-02,2.610810e-09,2.806506e-10,1.146712e-07,7.184656e-08
687865856,3821273,5502926848,139699814,1.508387e-01,6.248295e-02,2.632172e-09,2.908518e-10,1.156095e-07,7.445807e-08
688128000,3821436,5505024000,139752839,1.508378e-01,6.248230e-02,2.724711e-09,3.131176e-10,1.196739e-07,8.015810e-08
688390144,3821487,5507121152,139805908,1.508386e-01,6.248322e-02,2.641354e-09,2.816500e-10,1.160128e-07,7.210241e-08
688652288,3821510,5509218304,139859053,1.508390e-01,6.248341e-02,2.601681e-09,2.751855e-10,1.142702e-07,7.044750e-08
688914432,3821562,5511315456,139912430,1.508390e-01,6.248378e-02,2.601681e-09,2.632065e-10,1.142702e-07,6.738085e-08
689176576,3821724,5513412608,139965751,1.508389e-01,6.248410e-02,2.610810e-09,2.529138e-10,1.146712e-07,6.474593e-08
689438720,3822241,5515509760,140019169,1.508391e-01,6.248401e-02,2.594086e-09,2.555273e-10,1.139367e-07,6.541498e-08
689700864,3822276,5517606912,140072605,1.508395e-01,6.248469e-02,2.548749e-09,2.344250e-10,1.119454e-07,6.001279e-08
689963008,3822279,5519704064,140125492,1.508384e-01,6.248393e-02,2.656693e-09,2.582739e-10,1.166865e-07,6.611812e-08
690225152,3822368,5521801216,140179211,1.508384e-01,6.248377e-02,2.661303e-09,2.633274e-10,1.168890e-07,6.741180e-08
690487296,3822433,5523898368,140232377,1.508378e-01,6.248385e-02,2.720046e-09,2.606742e-10,1.194691e-07,6.673260e-08
690749440,3822491,5525995520,140285539,1.508384e-01,6.248383e-02,2.665917e-09,2.613965e-10,1.170916e-07,6.691749e-08
691011584,3822541,5528092672,140339139,1.508379e-01,6.248379e-02,2.712280e-09,2.628440e-10,1.191280e-07,6.728806e-08
691273728,3822647,5530189824,140392804,1.508383e-01,6.248369e-02,2.670536e-09,2.658724e-10,1.172945e-07,6.806334e-08
691535872,3822688,5532286976,140446228,1.508383e-01,6.248379e-02,2.667456e-09,2.628440e-10,1.171592e-07,6.728806e-08
691798016,3822784,5534384128,140499441,1.508380e-01,6.248419e-02,2.706076e-09,2.500781e-10,1.188554e-07,6.401999e-08
692060160,3822846,5536481280,140553073,1.508382e-01,6.248397e-02,2.679784e-09,2.568391e-10,1.177007e-07,6.575080e-08
692322304,3822885,5538578432,140606838,1.508388e-01,6.248410e-02,2.621480e-09,2.526769e-10,1.151398e-07,6.468528e-08
692584448,3822933,5540675584,140659966,1.508401e-01,6.248485e-02,2.491896e-09,2.295454e-10,1.094483e-07,5.876362e-08
692846592,3822986,5542772736,140712702,1.508400e-01,6.248505e-02,2.499340e-09,2.233789e-10,1.097753e-07,5.718499e-08
693108736,3823119,5544869888,140766142,1.508412e-01,6.248549e-02,2.381567e-09,2.105403e-10,1.046025e-07,5.389831e-08
693370880,3823144,5546967040,140819247,1.508412e-01,6.248526e-02,2.381567e-09,2.174061e-10,1.046025e-07,5.565597e-08
693633024,3823198,5549064192,140872509,1.508409e-01,6.248501e-02,2.413671e-09,2.248288e-10,1.060125e-07,5.755618e-08
693895168,3823224,5551161344,140925405,1.508403e-01,6.248470e-02,2.471111e-09,2.340829e-10,1.085354e-07,5.992521e-08
694157312,3823232,5553258496,140979260,1.508406e-01,6.248493e-02,2.440098e-09,2.270687e-10,1.071733e-07,5.812959e-08
694419456,3823269,5555355648,141032812,1.508414e-01,6.248548e-02,2.365596e-09,2.108647e-10,1.039010e-07,5.398137e-08
694681600,3823356,5557452800,141086552,1.508416e-01,6.248533e-02,2.339577e-09,2.152146e-10,1.027582e-07,5.509493e-08
694943744,3823434,5559549952,141139752,1.508413e-01,6.248529e-02,2.368496e-09,2.164186e-10,1.040284e-07,5.540315e-08
695205888,3823509,5561647104,141193089,1.508413e-01,6.248597e-02,2.371397e-09,1.969298e-10,1.041558e-07,5.041403e-08
695468032,3823612,5563744256,141246293,1.508401e-01,6.248550e-02,2.491896e-09,2.102161e-10,1.094483e-07,5.381531e-08
695730176,3823706,5565841408,141299822,1.508401e-01,6.248596e-02,2.488921e-09,1.972436e-10,1.093176e-07,5.049436e-08
695992320,3823731,5567938560,141352996,1.508400e-01,6.248624e-02,2.499340e-09,1.892687e-10,1.097753e-07,4.845279e-08
696254464,3823779,5570035712,141406373,1.508396e-01,6.248603e-02,2.535226e-09,1.952605e-10,1.113514e-07,4.998669e-08
696516608,3823810,5572132864,141459787,1.508398e-01,6.248607e-02,2.521738e-09,1.941169e-10,1.107590e-07,4.969394e-08
696778752,3823895,5574230016,141512779,1.508394e-01,6.248579e-02,2.560800e-09,2.018746e-10,1.124747e-07,5.167989e-08
697040896,3824002,5576327168,141565456,1.508382e-01,6.248519e-02,2.684415e-09,2.193881e-10,1.179041e-07,5.616334e-08
697303040,3824020,5578424320,141618838,1.508381e-01,6.248513e-02,2.692141e-09,2.210465e-10,1.182434e-07,5.658791e-08
697565184,3824156,5580521472,141672389,1.508383e-01,6.248527e-02,2.667456e-09,2.168572e-10,1.171592e-07,5.551545e-08
697827328,3824180,5582618624,141726665,1.508395e-01,6.248596e-02,2.553264e-09,1.970344e-10,1.121437e-07,5.044080e-08
698089472,3824287,5584715776,141779797,1.508393e-01,6.248533e-02,2.571367e-09,2.153239e-10,1.129388e-07,5.512291e-08
698351616,3824631,5586812928,141833177,1.508406e-01,6.248579e-02,2.438626e-09,2.019804e-10,1.071086e-07,5.170699e-08
698613760,3824724,5588910080,141886597,1.508409e-01,6.248546e-02,2.410744e-09,2.112977e-10,1.058840e-07,5.409221e-08
698875904,3824744,5591007232,141939616,1.508411e-01,6.248578e-02,2.394675e-09,2.022982e-10,1.051782e-07,5.178835e-08
699138048,3828504,5593104384,141992717,1.508409e-01,6.248566e-02,2.409281e-09,2.055967e-10,1.058197e-07,5.263275e-08
699400192,3851226,5595201536,142045978,1.508413e-01,6.248608e-02,2.369946e-09,1.938057e-10,1.040921e-07,4.961425e-08
699662336,3851245,5597298688,142098800,1.508407e-01,6.248606e-02,2.425399e-09,1.944285e-10,1.065276e-07,4.977369e-08
699924480,3853015,5599395840,142151939,1.508402e-01,6.248539e-02,2.475558e-09,2.133605e-10,1.087307e-07,5.462028e-08
700186624,3857991,5601492992,142204997,1.508397e-01,6.248534e-02,2.529227e-09,2.148868e-10,1.110879e-07,5.501102e-08
700448768,3859937,5603590144,142257976,1.508413e-01,6.248535e-02,2.372849e-09,2.145593e-10,1.042195e-07,5.492717e-08
700710912,3874083,5605687296,142311638,1.508415e-01,6.248544e-02,2.355460e-09,2.120565e-10,1.034558e-07,5.428646e-08
700973056,3876320,5607784448,142364931,1.508409e-01,6.248530e-02,2.407818e-09,2.161994e-10,1.057555e-07,5.534705e-08
701235200,3878131,5609881600,142417900,1.508407e-01,6.248532e-02,2.425399e-09,2.154332e-10,1.065276e-07,5.515091e-08
701497344,3890963,5611978752,142471555,1.508415e-01,6.248573e-02,2.349678e-09,2.036782e-10,1.032018e-07,5.214162e-08
701759488,3896311,5614075904,142524544,1.508412e-01,6.248557e-02,2.377206e-09,2.081686e-10,1.044109e-07,5.329116e-08
702021632,3896627,5616173056,142577950,1.508419e-01,6.248573e-02,2.315135e-09,2.035719e-10,1.016846e-07,5.211440e-08
702283776,3908819,5618270208,142630386,1.508404e-01,6.248566e-02,2.462230e-09,2.057035e-10,1.081454e-07,5.266010e-08
702545920,3916158,5620367360,142683499,1.508405e-01,6.248567e-02,2.453366e-09,2.054898e-10,1.077560e-07,5.260540e-08
702808064,3916856,5622464512,142736517,1.508391e-01,6.248564e-02,2.588018e-09,2.063452e-10,1.136701e-07,5.282436e-08
703070208,3923268,5624561664,142789572,1.508388e-01,6.248531e-02,2.621480e-09,2.157614e-10,1.151398e-07,5.523492e-08
703332352,3923508,5626658816,142842682,1.508402e-01,6.248569e-02,2.480008e-09,2.046363e-10,1.089262e-07,5.238689e-08
703594496,3932562,5628755968,142895859,1.508401e-01,6.248586e-02,2.493383e-09,1.998682e-10,1.095136e-07,5.116627e-08
703856640,3933126,5630853120,142949436,1.508411e-01,6.248640e-02,2.388845e-09,1.849881e-10,1.049221e-07,4.735697e-08
704118784,3934002,5632950272,143002765,1.508411e-01,6.248708e-02,2.391759e-09,1.669085e-10,1.050501e-07,4.272857e-08
704380928,3934214,5635047424,143055624,1.508418e-01,6.248764e-02,2.320874e-09,1.526902e-10,1.019367e-07,3.908869e-08
704643072,3934380,5637144576,143108903,1.508412e-01,6.248701e-02,2.381567e-09,1.686456e-10,1.046025e-07,4.317327e-08
704905216,3934422,5639241728,143162219,1.508413e-01,6.248694e-02,2.369946e-09,1.706836e-10,1.040921e-07,4.369500e-08
705167360,3934505,5641338880,143215064,1.508415e-01,6.248694e-02,2.349678e-09,1.704890e-10,1.032018e-07,4.364518e-08
705429504,3934673,5643436032,143267975,1.508419e-01,6.248774e-02,2.312268e-09,1.503059e-10,1.015587e-07,3.847831e-08
705691648,3934955,5645533184,143320440,1.508415e-01,6.248785e-02,2.354014e-09,1.476686e-10,1.033923e-07,3.780316e-08
705953792,3934988,5647630336,143373366,1.508412e-01,6.248777e-02,2.384477e-09,1.494849e-10,1.047303e-07,3.826814e-08
706215936,3935023,5649727488,143426431,1.508405e-01,6.248779e-02,2.451890e-09,1.491208e-10,1.076912e-07,3.817492e-08
706478080,3935169,5651824640,143478953,1.508407e-01,6.248824e-02,2.429804e-09,1.383150e-10,1.067211e-07,3.540865e-08
706740224,3935253,5653921792,143532435,1.508418e-01,6.248930e-02,2.325184e-09,1.145491e-10,1.021260e-07,2.932456e-08
707002368,3935327,5656018944,143585702,1.508420e-01,6.248887e-02,2.307971e-09,1.238200e-10,1.013700e-07,3.169791e-08
707264512,3935342,5658116096,143639145,1.508418e-01,6.248866e-02,2.325184e-09,1.286752e-10,1.021260e-07,3.294085e-08
707526656,3935617,5660213248,143692326,1.508411e-01,6.248805e-02,2.393217e-09,1.427310e-10,1.051141e-07,3.653912e-08
707788800,3935736,5662310400,143745450,1.508402e-01,6.248813e-02,2.478524e-09,1.408678e-10,1.088610e-07,3.606216e-08
708050944,3935775,5664407552,143798475,1.508395e-01,6.248763e-02,2.550254e-09,1.530587e-10,1.120115e-07,3.918302e-08
708313088,3935858,5666504704,143851814,1.508399e-01,6.248724e-02,2.511273e-09,1.628902e-10,1.102994e-07,4.169989e-08
708575232,3935860,5668601856,143904726,1.508393e-01,6.248716e-02,2.571367e-09,1.647976e-10,1.129388e-07,4.218818e-08
708837376,3936095,5670699008,143957756,1.508389e-01,6.248711e-02,2.606243e-09,1.662354e-10,1.144706e-07,4.255626e-08
709099520,3936267,5672796160,144010925,1.508388e-01,6.248716e-02,2.621480e-09,1.649889e-10,1.151398e-07,4.223716e-08
709361664,3936292,5674893312,144064369,1.508388e-01,6.248696e-02,2.624533e-09,1.701001e-10,1.152739e-07,4.354562e-08
709623808,3936349,5676990464,144117944,1.508385e-01,6.248661e-02,2.650552e-09,1.793569e-10,1.164168e-07,4.591536e-08
709885952,3936558,5679087616,144170823,1.508378e-01,6.248586e-02,2.727824e-09,2.000790e-10,1.198107e-07,5.122022e-08
710148096,3936998,5681184768,144224054,1.508377e-01,6.248594e-02,2.734053e-09,1.976624e-10,1.200843e-07,5.060157e-08
710410240,3937252,5683281920,144277316,1.508380e-01,6.248580e-02,2.702976e-09,2.017687e-10,1.187193e-07,5.165279e-08
710672384,3937314,5685379072,144330460,1.508378e-01,6.248507e-02,2.727824e-09,2.229337e-10,1.198107e-07,5.707102e-08
710934528,3937395,5687476224,144383036,1.508364e-01,6.248450e-02,2.874502e-09,2.402789e-10,1.262530e-07,6.151140e-08
711196672,3937416,5689573376,144435999,1.508363e-01,6.248438e-02,2.885697e-09,2.439888e-10,1.267447e-07,6.246114e-08
711458816,3937442,5691670528,144489827,1.508371e-01,6.248401e-02,2.801471e-09,2.556464e-10,1.230454e-07,6.544548e-08
711720960,3937458,5693767680,144542933,1.508370e-01,6.248368e-02,2.810943e-09,2.663586e-10,1.234614e-07,6.818780e-08
711983104,3937549,5695864832,144596438,1.508363e-01,6.248314e-02,2.884097e-09,2.842820e-10,1.266744e-07,7.277619e-08
712245248,3937590,5697961984,144649579,1.508349e-01,6.248281e-02,3.039791e-09,2.955722e-10,1.335128e-07,7.566649e-08
712507392,3938387,5700059136,144703120,1.508352e-01,6.248309e-02,2.997219e-09,2.857914e-10,1.316430e-07,7.316261e-08
712769536,3938615,5702156288,144755984,1.508346e-01,6.248271e-02,3.069439e-09,2.987832e-10,1.348150e-07,7.648850e-08
713031680,3938992,5704253440,144809161,1.508346e-01,6.248256e-02,3.071090e-09,3.042167e-10,1.348875e-07,7.787948e-08
713293824,3939451,5706350592,144862245,1.508338e-01,6.248223e-02,3.155898e-09,3.156275e-10,1.386124e-07,8.080065e-08
713555968,3942158,5708447744,144915544,1.508340e-01,6.248246e-02,3.139178e-09,3.076048e-10,1.378780e-07,7.874684e-08
713818112,3945267,5710544896,144968063,1.508324e-01,6.248211e-02,3.320386e-09,3.198775e-10,1.458370e-07,8.188863e-08
714080256,3950327,5712642048,145020723,1.508314e-01,6.248156e-02,3.429457e-09,3.400405e-10,1.506276e-07,8.705037e-08
714342400,3956902,5714739200,145074171,1.508324e-01,6.248248e-02,3.322103e-09,3.068213e-10,1.459124e-07,7.854625e-08
714604544,3959709,5716836352,145127480,1.508324e-01,6.248182e-02,3.315236e-09,3.303557e-10,1.456108e-07,8.457107e-08
714866688,3963477,5718933504,145181374,1.508335e-01,6.248187e-02,3.194522e-09,3.287327e-10,1.403089e-07,8.415557e-08
715128832,3977843,5721030656,145235179,1.508331e-01,6.248127e-02,3.235076e-09,3.507018e-10,1.420900e-07,8.977966e-08
715390976,3988003,5723127808,145288002,1.508323e-01,6.248059e-02,3.332418e-09,3.767001e-10,1.463655e-07,9.643522e-08
715653120,3992958,5725224960,145341113,1.508311e-01,6.247996e-02,3.464451e-09,4.015349e-10,1.521646e-07,1.027929e-07
715915264,3994717,5727322112,145394753,1.508313e-01,6.248014e-02,3.445182e-09,3.942527e-10,1.513183e-07,1.009287e-07
716177408,3995731,5729419264,145448269,1.508309e-01,6.248017e-02,3.494336e-09,3.930701e-10,1.534771e-07,1.006259e-07
716439552,3998293,5731516416,145500591,1.508309e-01,6.248061e-02,3.496098e-09,3.758329e-10,1.535546e-07,9.621323e-08
716701696,3998844,5733613568,145554025,1.508298e-01,6.248059e-02,3.622329e-09,3.768447e-10,1.590989e-07,9.647223e-08
716963840,3999693,5735710720,145607031,1.508295e-01,6.248064e-02,3.654687e-09,3.749668e-10,1.605201e-07,9.599150e-08
717225984,3999771,5737807872,145659814,1.508294e-01,6.248073e-02,3.674533e-09,3.715122e-10,1.613917e-07,9.510713e-08
717488128,3999781,5739905024,145713249,1.508292e-01,6.248106e-02,3.698055e-09,3.588411e-10,1.624249e-07,9.186331e-08
717750272,3999916,5742002176,145766278,1.508283e-01,6.248084e-02,3.811273e-09,3.669310e-10,1.673976e-07,9.393433e-08
718012416,3999987,5744099328,145819593,1.508276e-01,6.248077e-02,3.896377e-09,3.696476e-10,1.711355e-07,9.462980e-08
718274560,4000756,5746196480,145872908,1.508276e-01,6.248128e-02,3.898237e-09,3.502834e-10,1.712172e-07,8.967254e-08
718536704,4001132,5748293632,145925513,1.508265e-01,6.248085e-02,4.025794e-09,3.667883e-10,1.768197e-07,9.389780e-08
718798848,4001253,5750390784,145978804,1.508260e-01,6.248061e-02,4.097970e-09,3.758329e-10,1.799898e-07,9.621323e-08
719060992,4001535,5752487936,146032436,1.508279e-01,6.248124e-02,3.851857e-09,3.520985e-10,1.691801e-07,9.013721e-08
719323136,4001745,5754585088,146085454,1.508285e-01,6.248169e-02,3.787393e-09,3.351124e-10,1.663487e-07,8.578878e-08
719585280,4001863,5756682240,146138985,1.508288e-01,6.248165e-02,3.745326e-09,3.367511e-10,1.645011e-07,8.620829e-08
719847424,4002018,5758779392,146192510,1.508286e-01,6.248106e-02,3.774565e-09,3.585588e-10,1.657853e-07,9.179107e-08
720109568,4002260,5760876544,146245613,1.508272e-01,6.248058e-02,3.943023e-09,3.771340e-10,1.731843e-07,9.654630e-08
720371712,4002260,5762973696,146298466,1.508275e-01,6.248078e-02,3.901960e-09,3.695044e-10,1.713807e-07,9.459313e-08
720633856,4002588,5765070848,146351299,1.508268e-01,6.248068e-02,3.991829e-09,3.730936e-10,1.753279e-07,9.551195e-08
720896000,4002622,5767168000,146404740,1.508259e-01,6.248002e-02,4.109425e-09,3.992986e-10,1.804929e-07,1.022204e-07
721158144,4002661,5769265152,146458509,1.508258e-01,6.248076e-02,4.117070e-09,3.702209e-10,1.808287e-07,9.477654e-08
721420288,4002697,5771362304,146511192,1.508240e-01,6.248003e-02,4.355636e-09,3.988521e-10,1.913069e-07,1.021061e-07
721682432,4002912,5773459456,146564379,1.508245e-01,6.248002e-02,4.285116e-09,3.992986e-10,1.882096e-07,1.022204e-07
721944576,4003042,5775556608,146617090,1.508250e-01,6.247999e-02,4.220979e-09,4.003414e-10,1.853926e-07,1.024874e-07
722206720,4003078,5777653760,146670095,1.508244e-01,6.247971e-02,4.300738e-09,4.117513e-10,1.888957e-07,1.054083e-07
722468864,4003244,5779750912,146723432,1.508246e-01,6.247930e-02,4.275368e-09,4.285495e-10,1.877814e-07,1.097087e-07
722731008,4003355,5781848064,146776399,1.508242e-01,6.247861e-02,4.326183e-09,4.575585e-10,1.900133e-07,1.171350e-07
722993152,4003525,5783945216,146830050,1.508250e-01,6.247868e-02,4.220979e-09,4.543766e-10,1.853926e-07,1.163204e-07
723255296,4004041,5786042368,146883336,1.508245e-01,6.247876e-02,4.285116e-09,4.512058e-10,1.882096e-07,1.155087e-07
723517440,4004121,5788139520,146936299,1.508244e-01,6.247858e-02,4.304647e-09,4.589940e-10,1.890674e-07,1.175025e-07
723779584,4004141,5790236672,146989811,1.508241e-01,6.247884e-02,4.339915e-09,4.475731e-10,1.906164e-07,1.145787e-07
724041728,4004204,5792333824,147043047,1.508248e-01,6.247839e-02,4.250072e-09,4.670098e-10,1.866704e-07,1.195545e-07
724303872,4004261,5794430976,147096194,1.508244e-01,6.247831e-02,4.302692e-09,4.703971e-10,1.889816e-07,1.204217e-07
724566016,4004314,5796528128,147149365,1.508248e-01,6.247820e-02,4.255903e-09,4.752574e-10,1.869265e-07,1.216659e-07
724828160,4004396,5798625280,147202055,1.508241e-01,6.247774e-02,4.341879e-09,4.956116e-10,1.907027e-07,1.268766e-07
725090304,4004441,5800722432,147255088,1.508241e-01,6.247735e-02,4.347772e-09,5.130119e-10,1.909615e-07,1.313310e-07
725352448,4004470,5802819584,147307705,1.508228e-01,6.247696e-02,4.520416e-09,5.308840e-10,1.985444e-07,1.359063e-07
725614592,4004613,5804916736,147360925,1.508223e-01,6.247707e-02,4.582745e-09,5.255756e-10,2.012819e-07,1.345474e-07
725876736,4004711,5807013888,147414110,1.508225e-01,6.247686e-02,4.554543e-09,5.353568e-10,2.000433e-07,1.370513e-07
726138880,4004778,5809111040,147467325,1.508226e-01,6.247672e-02,4.538467e-09,5.421011e-10,1.993372e-07,1.387779e-07
726401024,4004812,5811208192,147520644,1.508217e-01,6.247623e-02,4.669908e-09,5.650641e-10,2.051103e-07,1.446564e-07
726663168,4004891,5813305344,147573978,1.508219e-01,6.247611e-02,4.635350e-09,5.707458e-10,2.035924e-07,1.461109e-07
726925312,4004944,5815402496,147626775,1.508216e-01,6.247574e-02,4.682136e-09,5.883227e-10,2.056474e-07,1.506106e-07
727187456,4005000,5817499648,147679703,1.508207e-01,6.247601e-02,4.797030e-09,5.757406e-10,2.106937e-07,1.473896e-07
727449600,4005061,5819596800,147733170,1.508203e-01,6.247611e-02,4.859154e-09,5.705678e-10,2.134223e-07,1.460654e-07
727711744,4005092,5821693952,147786561,1.508204e-01,6.247644e-02,4.838402e-09,5.548385e-10,2.125108e-07,1.420387e-07
727973888,4005097,5823791104,147839864,1.508212e-01,6.247628e-02,4.731206e-09,5.625873e-10,2.078026e-07,1.440224e-07
728236032,4005121,5825888256,147893163,1.508215e-01,6.247609e-02,4.690296e-09,5.716361e-10,2.060058e-07,1.463388e-07
728498176,4005182,5827985408,147946384,1.508211e-01,6.247604e-02,4.751727e-09,5.741327e-10,2.087039e-07,1.469780e-07
728760320,4005266,5830082560,147999184,1.508214e-01,6.247590e-02,4.708683e-09,5.809367e-10,2.068134e-07,1.487198e-07
729022464,4005370,5832179712,148052091,1.508208e-01,6.247614e-02,4.792903e-09,5.691450e-10,2.105125e-07,1.457011e-07
729284608,4005489,5834276864,148105336,1.508203e-01,6.247581e-02,4.857077e-09,5.850743e-10,2.133311e-07,1.497790e-07
729546752,4005564,5836374016,148158677,1.508209e-01,6.247595e-02,4.778471e-09,5.782461e-10,2.098786e-07,1.480310e-07
729808896,4005710,5838471168,148211566,1.508211e-01,6.247612e-02,4.751727e-09,5.702119e-10,2.087039e-07,1.459743e-07
730071040,4005732,5840568320,148264430,1.508207e-01,6.247620e-02,4.794966e-09,5.666592e-10,2.106031e-07,1.450648e-07
730333184,4005870,5842665472,148318144,1.508208e-01,6.247647e-02,4.784654e-09,5.537860e-10,2.101501e-07,1.417692e-07
730595328,4005929,5844762624,148371467,1.508204e-01,6.247668e-02,4.842549e-09,5.436634e-10,2.126930e-07,1.391778e-07
730857472,4005944,5846859776,148424578,1.508209e-01,6.247689e-02,4.780532e-09,5.339785e-10,2.099691e-07,1.366985e-07
731119616,4006072,5848956928,148477624,1.508202e-01,6.247589e-02,4.875788e-09,5.811163e-10,2.141529e-07,1.487658e-07
731381760,4006139,5851054080,148531912,1.508220e-01,6.247682e-02,4.619132e-09,5.374274e-10,2.028801e-07,1.375814e-07
731643904,4006214,5853151232,148585177,1.508231e-01,6.247689e-02,4.474447e-09,5.339785e-10,1.965253e-07,1.366985e-07
731906048,4006550,5855248384,148638563,1.508234e-01,6.247739e-02,4.440622e-09,5.109888e-10,1.950397e-07,1.308131e-07
732168192,4006593,5857345536,148691715,1.508234e-01,6.247779e-02,4.438636e-09,4.931267e-10,1.949524e-07,1.262404e-07
732430336,4006692,5859442688,148745302,1.508233e-01,6.247733e-02,4.446582e-09,5.138560e-10,1.953014e-07,1.315471e-07
732692480,4010506,5861539840,148798410,1.508227e-01,6.247684e-02,4.526429e-09,5.365642e-10,1.988085e-07,1.373604e-07
732954624,4029714,5863636992,148851594,1.508227e-01,6.247688e-02,4.528435e-09,5.346674e-10,1.988965e-07,1.368749e-07
733216768,4029737,5865734144,148904850,1.508230e-01,6.247638e-02,4.482425e-09,5.578260e-10,1.968757e-07,1.428035e-07
733478912,4031443,5867831296,148958027,1.508228e-01,6.247668e-02,4.508402e-09,5.440109e-10,1.980167e-07,1.392668e-07
733741056,4038517,5869928448,149010873,1.508227e-01,6.247634e-02,4.532446e-09,5.595871e-10,1.990727e-07,1.432543e-07
734003200,4039715,5872025600,149064037,1.508220e-01,6.247657e-02,4.625210e-09,5.488876e-10,2.031471e-07,1.405152e-07
734265344,4052495,5874122752,149117742,1.508237e-01,6.247701e-02,4.399014e-09,5.284834e-10,1.932122e-07,1.352917e-07
734527488,4054753,5876219904,149170809,1.508239e-01,6.247707e-02,4.365476e-09,5.259173e-10,1.917391e-07,1.346348e-07
734789632,4059844,5878317056,149224014,1.508238e-01,6.247733e-02,4.379270e-09,5.140249e-10,1.923450e-07,1.315904e-07
735051776,4069532,5880414208,149277300,1.508238e-01,6.247747e-02,4.385189e-09,5.076259e-10,1.926050e-07,1.299522e-07
735313920,4074804,5882511360,149330700,1.508237e-01,6.247755e-02,4.400992e-09,5.039396e-10,1.932990e-07,1.290085e-07
735576064,4075198,5884608512,149384418,1.508234e-01,6.247768e-02,4.428714e-09,4.982690e-10,1.945166e-07,1.275569e-07
735838208,4087199,5886705664,149438025,1.508243e-01,6.247805e-02,4.318346e-09,4.816131e-10,1.896691e-07,1.232929e-07
736100352,4095233,5888802816,149491722,1.508250e-01,6.247864e-02,4.228728e-09,4.561252e-10,1.857329e-07,1.167681e-07
736362496,4098038,5890899968,149544692,1.508241e-01,6.247829e-02,4.345807e-09,4.712054e-10,1.908752e-07,1.206286e-07
736624640,4102084,5892997120,149598329,1.508251e-01,6.247825e-02,4.211303e-09,4.729862e-10,1.849676e-07,1.210845e-07
736886784,4104834,5895094272,149650930,1.508253e-01,6.247842e-02,4.186199e-09,4.655618e-10,1.838650e-07,1.191838e-07
737148928,4110799,5897191424,149704580,1.508256e-01,6.247854e-02,4.141967e-09,4.605916e-10,1.819222e-07,1.179114e-07
737411072,4111596,5899288576,149757749,1.508250e-01,6.247800e-02,4.219043e-09,4.840688e-10,1.853075e-07,1.239216e-07
737673216,4112534,5901385728,149811476,1.508247e-01,6.247750e-02,4.261738e-09,5.064515e-10,1.871827e-07,1.296516e-07
737935360,4112727,5903482880,149864922,1.508261e-01,6.247831e-02,4.082722e-09,4.705587e-10,1.793201e-07,1.204630e-07
738197504,4112762,5905580032,149918413,1.508275e-01,6.247829e-02,3.900098e-09,4.713672e-10,1.712989e-07,1.206700e-07
738459648,4112833,5907677184,149971913,1.508280e-01,6.247826e-02,3.842615e-09,4.725002e-10,1.687742e-07,1.209600e-07
738721792,4112937,5909774336,150024864,1.508274e-01,6.247835e-02,3.913137e-09,4.686213e-10,1.718716e-07,1.199670e-07
738983936,4113081,5911871488,150078397,1.508284e-01,6.247891e-02,3.794733e-09,4.448975e-10,1.666711e-07,1.138938e-07
739246080,4113426,5913968640,150131434,1.508273e-01,6.247881e-02,3.926198e-09,4.491507e-10,1.724453e-07,1.149826e-07
739508224,4113453,5916065792,150185262,1.508282e-01,6.247924e-02,3.818636e-09,4.310209e-10,1.677210e-07,1.103413e-07
739770368,4113509,5918162944,150238472,1.508283e-01,6.247943e-02,3.805756e-09,4.233215e-10,1.671552e-07,1.083703e-07
740032512,4113627,5920260096,150292174,1.508289e-01,6.247929e-02,3.738034e-09,4.288581e-10,1.641808e-07,1.097877e-07
740294656,4113719,5922357248,150345110,1.508286e-01,6.247905e-02,3.770904e-09,4.387897e-10,1.656245e-07,1.123302e-07
740556800,4113772,5924454400,150398439,1.508283e-01,6.247846e-02,3.802080e-09,4.637951e-10,1.669938e-07,1.187315e-07
740818944,4113817,5926551552,150451505,1.508288e-01,6.247875e-02,3.748974e-09,4.516807e-10,1.646613e-07,1.156303e-07
741081088,4114271,5928648704,150505167,1.508287e-01,6.247907e-02,3.754451e-09,4.381656e-10,1.649018e-07,1.121704e-07
741343232,4114299,5930745856,150558518,1.508293e-01,6.247939e-02,3.688999e-09,4.248558e-10,1.620271e-07,1.087631e-07
741605376,4114347,5932843008,150611768,1.508297e-01,6.247938e-02,3.636693e-09,4.250094e-10,1.597297e-07,1.088024e-07
741867520,4114438,5934940160,150665497,1.508300e-01,6.247915e-02,3.600837e-09,4.347412e-10,1.581549e-07,1.112938e-07
742129664,4114614,5937037312,150718822,1.508308e-01,6.247935e-02,3.504914e-09,4.263929e-10,1.539418e-07,1.091566e-07
742391808,4114787,5939134464,150771886,1.508311e-01,6.247965e-02,3.466205e-09,4.141738e-10,1.522416e-07,1.060285e-07
742653952,4114843,5941231616,150825087,1.508307e-01,6.247932e-02,3.515508e-09,4.277787e-10,1.544071e-07,1.095113e-07
742916096,4114952,5943328768,150878727,1.508308e-01,6.247948e-02,3.508444e-09,4.210252e-10,1.540968e-07,1.077825e-07
743178240,4115099,5945425920,150932355,1.508306e-01,6.247911e-02,3.524349e-09,4.362961e-10,1.547954e-07,1.116918e-07
743440384,4115476,5947523072,150985275,1.508301e-01,6.247918e-02,3.584760e-09,4.333442e-10,1.574488e-07,1.109361e-07
743702528,4115493,5949620224,151038375,1.508298e-01,6.247870e-02,3.625918e-09,4.535828e-10,1.592565e-07,1.161172e-07
743964672,4115861,5951717376,151091433,1.508288e-01,6.247764e-02,3.743502e-09,4.997669e-10,1.644210e-07,1.279403e-07
744226816,4115957,5953814528,151144663,1.508298e-01,6.247758e-02,3.627712e-09,5.027695e-10,1.593353e-07,1.287090e-07
744488960,4116044,5955911680,151197817,1.508302e-01,6.247779e-02,3.575844e-09,4.932921e-10,1.570571e-07,1.262828e-07
744751104,4116053,5958008832,151250943,1.508296e-01,6.247734e-02,3.647484e-09,5.136871e-10,1.602037e-07,1.315039e-07
745013248,4116080,5960105984,151304199,1.508296e-01,6.247726e-02,3.652886e-09,5.172394e-10,1.604409e-07,1.324133e-07
745275392,4116125,5962203136,151356982,1.508288e-01,6.247720e-02,3.739856e-09,5.196144e-10,1.642609e-07,1.330213e-07
745537536,4116171,5964300288,151409906,1.508285e-01,6.247699e-02,3.781892e-09,5.295115e-10,1.661071e-07,1.355550e-07
745799680,4116203,5966397440,151463288,1.508285e-01,6.247668e-02,3.785559e-09,5.438372e-10,1.662682e-07,1.392223e-07
746061824,4117033,5968494592,151516310,1.508285e-01,6.247673e-02,3.783725e-09,5.414074e-10,1.661876e-07,1.386003e-07
746323968,4117191,5970591744,151569838,1.508285e-01,6.247674e-02,3.780060e-09,5.408874e-10,1.660266e-07,1.384672e-07
746586112,4117422,5972688896,151622892,1.508285e-01,6.247695e-02,3.781892e-09,5.312274e-10,1.661071e-07,1.359942e-07
746848256,4118148,5974786048,151676642,1.508301e-01,6.247744e-02,3.590115e-09,5.089698e-10,1.576839e-07,1.302963e-07
747110400,4120582,5976883200,151729766,1.508298e-01,6.247754e-02,3.622329e-09,5.042742e-10,1.590989e-07,1.290942e-07
747372544,4124015,5978980352,151782718,1.508297e-01,6.247784e-02,3.634896e-09,4.911432e-10,1.596508e-07,1.257327e-07
747634688,4128783,5981077504,151836386,1.508294e-01,6.247775e-02,3.676339e-09,4.951141e-10,1.614711e-07,1.267492e-07
747896832,4135276,5983174656,151889507,1.508296e-01,6.247777e-02,3.652886e-09,4.942855e-10,1.604409e-07,1.265371e-07
748158976,4141424,5985271808,151942943,1.508303e-01,6.247782e-02,3.559823e-09,4.921344e-10,1.563535e-07,1.259864e-07
748421120,4141870,5987368960,151996160,1.508301e-01,6.247756e-02,3.588330e-09,5.036052e-10,1.576055e-07,1.289229e-07
748683264,4156365,5989466112,152049112,1.508299e-01,6.247700e-02,3.611575e-09,5.289973e-10,1.586265e-07,1.354233e-07
748945408,4166390,5991563264,152102325,1.508302e-01,6.247654e-02,3.570499e-09,5.502849e-10,1.568224e-07,1.408729e-07
749207552,4171471,5993660416,152155773,1.508305e-01,6.247628e-02,3.538517e-09,5.624106e-10,1.554177e-07,1.439771e-07
749469696,4173364,5995757568,152208858,1.508303e-01,6.247618e-02,3.568719e-09,5.671914e-10,1.567442e-07,1.452010e-07
749731840,4174185,5997854720,152262386,1.508315e-01,6.247640e-02,3.422479e-09,5.571223e-10,1.503211e-07,1.426233e-07
749993984,4176711,5999951872,152315686,1.508311e-01,6.247668e-02,3.462697e-09,5.436634e-10,1.520875e-07,1.391778e-07
750256128,4178096,6002049024,152368831,1.508312e-01,6.247642e-02,3.457438e-09,5.562434e-10,1.518565e-07,1.423983e-07
750518272,4178179,6004146176,152422324,1.508312e-01,6.247632e-02,3.452183e-09,5.606451e-10,1.516257e-07,1.435251e-07
750780416,4180579,6006243328,152476225,1.508311e-01,6.247663e-02,3.471471e-09,5.462724e-10,1.524729e-07,1.398457e-07
751042560,4180692,6008340480,152529446,1.508316e-01,6.247610e-02,3.413767e-09,5.712799e-10,1.499385e-07,1.462477e-07
751304704,4181401,6010437632,152583363,1.508325e-01,6.247656e-02,3.310090e-09,5.492368e-10,1.453848e-07,1.406046e-07
751566848,4181711,6012534784,152636415,1.508322e-01,6.247682e-02,3.337581e-09,5.374274e-10,1.465922e-07,1.375814e-07
751828992,4181718,6014631936,152689051,1.508316e-01,6.247676e-02,3.408545e-09,5.400214e-10,1.497091e-07,1.382455e-07
752091136,4182523,6016729088,152742256,1.508312e-01,6.247724e-02,3.455686e-09,5.179174e-10,1.517796e-07,1.325868e-07
752353280,4182878,6018826240,152794987,1.508310e-01,6.247709e-02,3.480256e-09,5.248926e-10,1.528588e-07,1.343725e-07
752615424,4182980,6020923392,152848663,1.508317e-01,6.247713e-02,3.403328e-09,5.228463e-10,1.494799e-07,1.338486e-07
752877568,4183321,6023020544,152901681,1.508305e-01,6.247661e-02,3.536744e-09,5.471434e-10,1.553398e-07,1.400687e-07
753139712,4183677,6025117696,152954998,1.508308e-01,6.247630e-02,3.499623e-09,5.618807e-10,1.537094e-07,1.438414e-07
753401856,4183680,6027214848,153008310,1.508307e-01,6.247642e-02,3.513741e-09,5.558920e-10,1.543295e-07,1.423084e-07
753664000,4183836,6029312000,153061450,1.508297e-01,6.247627e-02,3.629508e-09,5.631176e-10,1.594141e-07,1.441581e-07
753926144,4184033,6031409152,153114306,1.508288e-01,6.247611e-02,3.745326e-09,5.707458e-10,1.645011e-07,1.461109e-07
754188288,4184428,6033506304,153167749,1.508285e-01,6.247564e-02,3.776396e-09,5.932122e-10,1.658657e-07,1.518623e-07
754450432,4184433,6035603456,153220744,1.508279e-01,6.247617e-02,3.853708e-09,5.679014e-10,1.692614e-07,1.453828e-07
754712576,4184443,6037700608,153273819,1.508283e-01,6.247621e-02,3.803917e-09,5.657728e-10,1.670745e-07,1.448378e-07
754974720,4184463,6039797760,153326820,1.508279e-01,6.247574e-02,3.859260e-09,5.883227e-10,1.695052e-07,1.506106e-07
755236864,4184716,6041894912,153379645,1.508269e-01,6.247512e-02,3.984301e-09,6.190748e-10,1.749973e-07,1.584831e-07
755499008,4184980,6043992064,153432538,1.508262e-01,6.247452e-02,4.067502e-09,6.490908e-10,1.786516e-07,1.661672e-07
755761152,4185020,6046089216,153485455,1.508251e-01,6.247386e-02,4.213238e-09,6.833185e-10,1.850525e-07,1.749295e-07
756023296,4185063,6048186368,153539063,1.508258e-01,6.247413e-02,4.124723e-09,6.693677e-10,1.811648e-07,1.713581e-07
756285440,4185235,6050283520,153592008,1.508256e-01,6.247403e-02,4.151563e-09,6.745824e-10,1.823437e-07,1.726931e-07
756547584,4185461,6052380672,153645115,1.508260e-01,6.247360e-02,4.094155e-09,6.968231e-10,1.798223e-07,1.783867e-07
756809728,4185866,6054477824,153698113,1.508259e-01,6.247332e-02,4.113247e-09,7.120494e-10,1.806608e-07,1.822847e-07
757071872,4186022,6056574976,153751603,1.508266e-01,6.247419e-02,4.012568e-09,6.659024e-10,1.762388e-07,1.704710e-07
757334016,4186097,6058672128,153804735,1.508255e-01,6.247416e-02,4.161169e-09,6.678265e-10,1.827656e-07,1.709636e-07
757596160,4186126,6060769280,153858319,1.508264e-01,6.247433e-02,4.040936e-09,6.591903e-10,1.774848e-07,1.687527e-07
757858304,4186151,6062866432,153911559,1.508271e-01,6.247430e-02,3.956133e-09,6.607215e-10,1.737601e-07,1.691447e-07
758120448,4186250,6064963584,153965189,1.508265e-01,6.247473e-02,4.031468e-09,6.385044e-10,1.770689e-07,1.634571e-07
758382592,4186304,6067060736,154018535,1.508263e-01,6.247478e-02,4.052310e-09,6.358714e-10,1.779844e-07,1.627831e-07
758644736,4186333,6069157888,154071384,1.508262e-01,6.247482e-02,4.075108e-09,6.338064e-10,1.789857e-07,1.622544e-07
758906880,4186366,6071255040,154124515,1.508260e-01,6.247474e-02,4.090342e-09,6.381279e-10,1.796548e-07,1.633607e-07
759169024,4186516,6073352192,154178225,1.508263e-01,6.247516e-02,4.056106e-09,6.172224e-10,1.781511e-07,1.580089e-07
759431168,4186655,6075449344,154231459,1.508270e-01,6.247494e-02,3.973022e-09,6.278183e-10,1.745019e-07,1.607215e-07
759693312,4186818,6077546496,154284847,1.508269e-01,6.247482e-02,3.974900e-09,6.339940e-10,1.745844e-07,1.623025e-07
759955456,4186828,6079643648,154337773,1.508261e-01,6.247446e-02,4.084626e-09,6.525120e-10,1.794037e-07,1.670431e-07
760217600,4186832,6081740800,154391153,1.508256e-01,6.247424e-02,4.149642e-09,6.634054e-10,1.822594e-07,1.698318e-07
760479744,4186834,6083837952,154444396,1.508261e-01,6.247427e-02,4.078914e-09,6.620627e-10,1.791528e-07,1.694881e-07
760741888,4186962,6085935104,154497908,1.508266e-01,6.247411e-02,4.022013e-09,6.703318e-10,1.766536e-07,1.716050e-07
761004032,4187021,6088032256,154551072,1.508272e-01,6.247431e-02,3.946766e-09,6.597642e-10,1.733487e-07,1.688996e-07
761266176,4187049,6090129408,154604178,1.508269e-01,6.247474e-02,3.982420e-09,6.383161e-10,1.749146e-07,1.634089e-07
761528320,4187090,6092226560,154657177,1.508271e-01,6.247465e-02,3.952385e-09,6.428418e-10,1.735955e-07,1.645675e-07
761790464,4187108,6094323712,154709679,1.508275e-01,6.247519e-02,3.905684e-09,6.155576e-10,1.715443e-07,1.575827e-07
762052608,4187130,6096420864,154762871,1.508283e-01,6.247535e-02,3.802080e-09,6.076346e-10,1.669938e-07,1.555545e-07
762314752,4187207,6098518016,154816114,1.508278e-01,6.247468e-02,3.866669e-09,6.409542e-10,1.698307e-07,1.640843e-07
762576896,4187401,6100615168,154869151,1.508267e-01,6.247370e-02,4.010681e-09,6.917189e-10,1.761559e-07,1.770800e-07
762839040,4187428,6102712320,154921808,1.508260e-01,6.247358e-02,4.099878e-09,6.978068e-10,1.800736e-07,1.786385e-07
763101184,4187547,6104809472,154975280,1.508264e-01,6.247377e-02,4.042830e-09,6.880008e-10,1.775680e-07,1.761282e-07
763363328,4187683,6106906624,155028431,1.508262e-01,6.247364e-02,4.073206e-09,6.950541e-10,1.789021e-07,1.779339e-07
763625472,4187818,6109003776,155081386,1.508253e-01,6.247322e-02,4.186199e-09,7.172279e-10,1.838650e-07,1.836104e-07
763887616,4187846,6111100928,155135252,1.508253e-01,6.247297e-02,4.182343e-09,7.308605e-10,1.836956e-07,1.871003e-07
764149760,4187909,6113198080,155188779,1.508266e-01,6.247318e-02,4.022013e-09,7.192247e-10,1.766536e-07,1.841215e-07
764411904,4187927,6115295232,155241896,1.508268e-01,6.247328e-02,3.991829e-09,7.138399e-10,1.753279e-07,1.827430e-07
764674048,4188046,6117392384,155295602,1.508274e-01,6.247351e-02,3.916867e-09,7.019461e-10,1.720354e-07,1.796982e-07
764936192,4188095,6119489536,155348954,1.508280e-01,6.247342e-02,3.844463e-09,7.066916e-10,1.688553e-07,1.809130e-07
765198336,4188166,6121586688,155402663,1.508281e-01,6.247350e-02,3.827850e-09,7.021435e-10,1.681257e-07,1.797487e-07
765460480,4188486,6123683840,155455376,1.508280e-01,6.247364e-02,3.840768e-09,6.946613e-10,1.686930e-07,1.778333e-07
765722624,4188584,6125780992,155508250,1.508279e-01,6.247348e-02,3.857409e-09,7.031309e-10,1.694239e-07,1.800015e-07
765984768,4188742,6127878144,155561458,1.508275e-01,6.247290e-02,3.907546e-09,7.344906e-10,1.716261e-07,1.880296e-07
766246912,4192490,6129975296,155614925,1.508285e-01,6.247336e-02,3.778228e-09,7.098642e-10,1.659462e-07,1.817252e-07
766509056,4208161,6132072448,155667759,1.508283e-01,6.247295e-02,3.803917e-09,7.314649e-10,1.670745e-07,1.872550e-07
766771200,4208182,6134169600,155720359,1.508277e-01,6.247309e-02,3.879652e-09,7.240282e-10,1.704009e-07,1.853512e-07
767033344,4209882,6136266752,155773306,1.508272e-01,6.247277e-02,3.946766e-09,7.413720e-10,1.733487e-07,1.897912e-07
767295488,4217126,6138363904,155826676,1.508267e-01,6.247231e-02,4.005020e-09,7.669470e-10,1.759073e-07,1.963384e-07
767557632,4221461,6140461056,155880040,1.508267e-01,6.247210e-02,4.006907e-09,7.785453e-10,1.759902e-07,1.993076e-07
767819776,4230901,6142558208,155933315,1.508261e-01,6.247208e-02,4.082722e-09,7.793771e-10,1.793201e-07,1.995205e-07
768081920,4233174,6144655360,155986042,1.508262e-01,6.247189e-02,4.073206e-09,7.900212e-10,1.789021e-07,2.022454e-07
768344064,4241601,6146752512,156039469,1.508275e-01,6.247205e-02,3.907546e-09,7.810420e-10,1.716261e-07,1.999467e-07
768606208,4247838,6148849664,156092400,1.508264e-01,6.247179e-02,4.048517e-09,7.956855e-10,1.778177e-07,2.036955e-07
768868352,4253240,6150946816,156145960,1.508265e-01,6.247107e-02,4.037148e-09,8.367643e-10,1.773184e-07,2.142117e-07
769130496,4253661,6153043968,156199258,1.508271e-01,6.247114e-02,3.952385e-09,8.328894e-10,1.735955e-07,2.132197e-07
769392640,4265529,6155141120,156252272,1.508272e-01,6.247152e-02,3.937410e-09,8.111015e-10,1.729378e-07,2.076420e-07
769654784,4273562,6157238272,156305559,1.508268e-01,6.247162e-02,3.989946e-09,8.055939e-10,1.752452e-07,2.062320e-07
769916928,4279975,6159335424,156359035,1.508276e-01,6.247192e-02,3.892657e-09,7.887652e-10,1.709721e-07,2.019239e-07
770179072,4280481,6161432576,156412035,1.508284e-01,6.247228e-02,3.792897e-09,7.683920e-10,1.665905e-07,1.967084e-07
770441216,4286499,6163529728,156465398,1.508281e-01,6.247275e-02,3.833383e-09,7.423867e-10,1.683687e-07,1.900510e-07
770703360,4289048,6165626880,156518235,1.508278e-01,6.247242e-02,3.862963e-09,7.605639e-10,1.696679e-07,1.947044e-07
770965504,4290007,6167724032,156570984,1.508275e-01,6.247262e-02,3.905684e-09,7.495088e-10,1.715443e-07,1.918742e-07
771227648,4290953,6169821184,156623468,1.508268e-01,6.247279e-02,3.988064e-09,7.405607e-10,1.751626e-07,1.895835e-07
771489792,4291038,6171918336,156676251,1.508263e-01,6.247230e-02,4.061802e-09,7.671533e-10,1.784012e-07,1.963913e-07
771751936,4291144,6174015488,156729907,1.508275e-01,6.247262e-02,3.907546e-09,7.495088e-10,1.716261e-07,1.918742e-07
772014080,4291198,6176112640,156783368,1.508272e-01,6.247231e-02,3.937410e-09,7.669470e-10,1.729378e-07,1.963384e-07
772276224,4291261,6178209792,156836277,1.508271e-01,6.247195e-02,3.956133e-09,7.866741e-10,1.737601e-07,2.013886e-07
772538368,4291513,6180306944,156889528,1.508275e-01,6.247235e-02,3.909410e-09,7.646790e-10,1.717079e-07,1.957578e-07
772800512,4291824,6182404096,156943073,1.508280e-01,6.247215e-02,3.837075e-09,7.756376e-10,1.685309e-07,1.985632e-07
773062656,4291830,6184501248,156996286,1.508279e-01,6.247241e-02,3.855558e-09,7.613861e-10,1.693427e-07,1.949148e-07
773324800,4291856,6186598400,157049702,1.508281e-01,6.247266e-02,3.826006e-09,7.474704e-10,1.680447e-07,1.913524e-07
773586944,4292011,6188695552,157103267,1.508283e-01,6.247256e-02,3.809434e-09,7.527760e-10,1.673168e-07,1.927106e-07
773849088,4292038,6190792704,157156432,1.508279e-01,6.247249e-02,3.857409e-09,7.570749e-10,1.694239e-07,1.938112e-07
774111232,4292205,6192889856,157210156,1.508289e-01,6.247304e-02,3.734391e-09,7.270385e-10,1.640208e-07,1.861219e-07
774373376,4292250,6194987008,157263293,1.508289e-01,6.247338e-02,3.732570e-09,7.088720e-10,1.639408e-07,1.814712e-07
774635520,4292703,6197084160,157316935,1.508294e-01,6.247389e-02,3.669115e-09,6.815668e-10,1.611538e-07,1.744811e-07
774897664,4292771,6199181312,157370004,1.508298e-01,6.247406e-02,3.620536e-09,6.726487e-10,1.590201e-07,1.721981e-07
775159808,4292794,6201278464,157423508,1.508302e-01,6.247432e-02,3.574062e-09,6.595729e-10,1.569789e-07,1.688507e-07
775421952,4292919,6203375616,157476860,1.508304e-01,6.247415e-02,3.556267e-09,6.682116e-10,1.561973e-07,1.710622e-07
775684096,4293104,6205472768,157529881,1.508309e-01,6.247440e-02,3.494336e-09,6.551792e-10,1.534771e-07,1.677259e-07
775946240,4293196,6207569920,157582612,1.508300e-01,6.247409e-02,3.600837e-09,6.711037e-10,1.581549e-07,1.718025e-07
776208384,4293451,6209667072,157636181,1.508307e-01,6.247516e-02,3.510209e-09,6.172224e-10,1.541743e-07,1.580089e-07
776470528,4293571,6211764224,157689469,1.508306e-01,6.247558e-02,3.529659e-09,5.963011e-10,1.550286e-07,1.526531e-07
776732672,4293589,6213861376,157742308,1.508301e-01,6.247545e-02,3.590115e-09,6.028689e-10,1.576839e-07,1.543344e-07
776994816,4293882,6215958528,157795206,1.508289e-01,6.247519e-02,3.734391e-09,6.157425e-10,1.640208e-07,1.576301e-07
777256960,4293897,6218055680,157848525,1.508286e-01,6.247529e-02,3.769074e-09,6.103926e-10,1.655441e-07,1.562605e-07
777519104,4294492,6220152832,157901565,1.508285e-01,6.247513e-02,3.785559e-09,6.185188e-10,1.662682e-07,1.583408e-07
777781248,4294547,6222249984,157954559,1.508291e-01,6.247599e-02,3.705308e-09,5.762770e-10,1.627434e-07,1.475269e-07
778043392,4294558,6224347136,158007703,1.508286e-01,6.247590e-02,3.769074e-09,5.809367e-10,1.655441e-07,1.487198e-07
778305536,4294606,6226444288,158060738,1.508285e-01,6.247566e-02,3.778228e-09,5.924866e-10,1.659462e-07,1.516766e-07
778567680,4294617,6228541440,158114343,1.508295e-01,6.247541e-02,3.661898e-09,6.048829e-10,1.608368e-07,1.548500e-07
778829824,4294624,6230638592,158167308,1.508294e-01,6.247533e-02,3.670920e-09,6.087371e-10,1.612331e-07,1.558367e-07
779091968,4294750,6232735744,158220101,1.508291e-01,6.247567e-02,3.703494e-09,5.919426e-10,1.626638e-07,1.515373e-07
779354112,4294831,6234832896,158273560,1.508299e-01,6.247528e-02,3.609784e-09,6.113133e-10,1.585478e-07,1.564962e-07
779616256,4295596,6236930048,158326767,1.508299e-01,6.247483e-02,3.613366e-09,6.336188e-10,1.587052e-07,1.622064e-07
779878400,4295690,6239027200,158380527,1.508301e-01,6.247530e-02,3.590115e-09,6.102086e-10,1.576839e-07,1.562134e-07
780140544,4295957,6241124352,158433991,1.508307e-01,6.247525e-02,3.510209e-09,6.126035e-10,1.541743e-07,1.568265e-07
780402688,4296636,6243221504,158487432,1.508303e-01,6.247431e-02,3.568719e-09,6.597642e-10,1.567442e-07,1.688996e-07
780664832,4299045,6245318656,158540976,1.508312e-01,6.247446e-02,3.455686e-09,6.521315e-10,1.517796e-07,1.669457e-07
780926976,4302577,6247415808,158593994,1.508313e-01,6.247482e-02,3.443433e-09,6.339940e-10,1.512414e-07,1.623025e-07
781189120,4307253,6249512960,158647966,1.508322e-01,6.247474e-02,3.341025e-09,6.379397e-10,1.467435e-07,1.633126e-07
781451264,4313603,6251610112,158701233,1.508331e-01,6.247488e-02,3.240164e-09,6.308088e-10,1.423135e-07,1.614871e-07
781713408,4320210,6253707264,158754090,1.508324e-01,6.247453e-02,3.316952e-09,6.485215e-10,1.456862e-07,1.660215e-07
781975552,4323135,6255804416,158807957,1.508333e-01,6.247550e-02,3.214767e-09,6.003105e-10,1.411980e-07,1.536795e-07
782237696,4334844,6257901568,158861444,1.508342e-01,6.247607e-02,3.107532e-09,5.727054e-10,1.364881e-07,1.466126e-07
782499840,4344782,6259998720,158914430,1.508339e-01,6.247613e-02,3.149204e-09,5.698562e-10,1.383184e-07,1.458832e-07
782761984,4349903,6262095872,158967659,1.508338e-01,6.247587e-02,3.154224e-09,5.821944e-10,1.385389e-07,1.490418e-07
783024128,4351913,6264193024,159021166,1.508347e-01,6.247599e-02,3.057892e-09,5.762770e-10,1.343078e-07,1.475269e-07
783286272,4352693,6266290176,159074306,1.508338e-01,6.247568e-02,3.157572e-09,5.913989e-10,1.386859e-07,1.513981e-07
783548416,4355064,6268387328,159127863,1.508329e-01,6.247559e-02,3.258851e-09,5.957554e-10,1.431343e-07,1.525134e-07
783810560,4356421,6270484480,159181427,1.508328e-01,6.247545e-02,3.269067e-09,6.028689e-10,1.435830e-07,1.543344e-07
784072704,4356510,6272581632,159234477,1.508336e-01,6.247634e-02,3.176020e-09,5.595871e-10,1.394962e-07,1.432543e-07
784334848,4359122,6274678784,159287263,1.508340e-01,6.247678e-02,3.137508e-09,5.391561e-10,1.378047e-07,1.380239e-07
784596992,4362309,6276775936,159339970,1.508336e-01,6.247697e-02,3.182742e-09,5.305407e-10,1.397914e-07,1.358184e-07
784859136,4362987,6278873088,159392529,1.508329e-01,6.247625e-02,3.257150e-09,5.640020e-10,1.430596e-07,1.443845e-07
785121280,4363352,6280970240,159445041,1.508328e-01,6.247637e-02,3.269067e-09,5.585301e-10,1.435830e-07,1.429837e-07
785383424,4363458,6283067392,159497951,1.508328e-01,6.247633e-02,3.274181e-09,5.601160e-10,1.438076e-07,1.433897e-07
785645568,4364281,6285164544,159551126,1.508322e-01,6.247584e-02,3.339303e-09,5.836335e-10,1.466679e-07,1.494102e-07
785907712,4364582,6287261696,159604692,1.508319e-01,6.247612e-02,3.370374e-09,5.700340e-10,1.480326e-07,1.459287e-07
786169856,4364672,6289358848,159658388,1.508315e-01,6.247595e-02,3.422479e-09,5.782461e-10,1.503211e-07,1.480310e-07
786432000,4365022,6291456000,159712128,1.508316e-01,6.247570e-02,3.408545e-09,5.906744e-10,1.497091e-07,1.512126e-07
786694144,4365424,6293553152,159765333,1.508315e-01,6.247641e-02,3.425967e-09,5.564191e-10,1.504743e-07,1.424433e-07
786956288,4365494,6295650304,159818730,1.508300e-01,6.247606e-02,3.595474e-09,5.730621e-10,1.579193e-07,1.467039e-07
787218432,4365592,6297747456,159872009,1.508293e-01,6.247555e-02,3.688999e-09,5.975754e-10,1.620271e-07,1.529793e-07
787480576,4365774,6299844608,159924913,1.508283e-01,6.247524e-02,3.811273e-09,6.129724e-10,1.673976e-07,1.569209e-07
787742720,4366162,6301941760,159978310,1.508292e-01,6.247579e-02,3.694432e-09,5.863365e-10,1.622657e-07,1.501022e-07
788004864,4366170,6304038912,160032181,1.508301e-01,6.247582e-02,3.591901e-09,5.845338e-10,1.577624e-07,1.496407e-07
788267008,4366205,6306136064,160085377,1.508305e-01,6.247577e-02,3.540290e-09,5.868779e-10,1.554956e-07,1.502407e-07
788529152,4366531,6308233216,160138523,1.508306e-01,6.247578e-02,3.522580e-09,5.866974e-10,1.547177e-07,1.501945e-07
788791296,4366759,6310330368,160191248,1.508306e-01,6.247571e-02,3.526118e-09,5.897693e-10,1.548731e-07,1.509810e-07
789053440,4366947,6312427520,160244742,1.508308e-01,6.247600e-02,3.506679e-09,5.760982e-10,1.540193e-07,1.474811e-07
789315584,4366966,6314524672,160298483,1.508320e-01,6.247644e-02,3.363457e-09,5.550140e-10,1.477287e-07,1.420836e-07
789577728,4367081,6316621824,160351404,1.508312e-01,6.247604e-02,3.455686e-09,5.739542e-10,1.517796e-07,1.469323e-07
789839872,4367374,6318718976,160404281,1.508309e-01,6.247629e-02,3.497860e-09,5.620573e-10,1.536320e-07,1.438867e-07
790102016,4367666,6320816128,160457393,1.508308e-01,6.247682e-02,3.503150e-09,5.374274e-10,1.538643e-07,1.375814e-07
790364160,4367886,6322913280,160510514,1.508303e-01,6.247644e-02,3.558045e-09,5.550140e-10,1.562754e-07,1.420836e-07
790626304,4367911,6325010432,160563384,1.508301e-01,6.247628e-02,3.584760e-09,5.627641e-10,1.574488e-07,1.440676e-07
790888448,4367958,6327107584,160616427,1.508292e-01,6.247602e-02,3.698055e-09,5.750257e-10,1.624249e-07,1.472066e-07
791150592,4367971,6329204736,160669477,1.508290e-01,6.247569e-02,3.719835e-09,5.908555e-10,1.633815e-07,1.512590e-07
791412736,4368043,6331301888,160723106,1.508293e-01,6.247561e-02,3.683571e-09,5.950282e-10,1.617887e-07,1.523272e-07
791674880,4368137,6333399040,160776271,1.508298e-01,6.247607e-02,3.624123e-09,5.728837e-10,1.591776e-07,1.466582e-07
791937024,4368154,6335496192,160828929,1.508294e-01,6.247542e-02,3.667310e-09,6.041501e-10,1.610745e-07,1.546624e-07
792199168,4368284,6337593344,160883584,1.508310e-01,6.247586e-02,3.485533e-09,5.825540e-10,1.530905e-07,1.491338e-07
792461312,4368307,6339690496,160937036,1.508315e-01,6.247631e-02,3.420736e-09,5.611744e-10,1.502445e-07,1.436607e-07
792723456,4368481,6341787648,160990270,1.508320e-01,6.247636e-02,3.366915e-09,5.588823e-10,1.478806e-07,1.430739e-07
792985600,4368545,6343884800,161043373,1.508318e-01,6.247644e-02,3.384230e-09,5.548385e-10,1.486411e-07,1.420387e-07
793247744,4368660,6345981952,161096718,1.508324e-01,6.247614e-02,3.320386e-09,5.691450e-10,1.458370e-07,1.457011e-07
793509888,4368702,6348079104,161150208,1.508326e-01,6.247658e-02,3.294677e-09,5.485385e-10,1.447078e-07,1.404259e-07
793772032,4368755,6350176256,161203697,1.508333e-01,6.247673e-02,3.218148e-09,5.415808e-10,1.413465e-07,1.386447e-07
794034176,4368755,6352273408,161256835,1.508336e-01,6.247680e-02,3.181061e-09,5.381185e-10,1.397176e-07,1.377583e-07
794296320,4368854,6354370560,161310626,1.508343e-01,6.247717e-02,3.099231e-09,5.213141e-10,1.361235e-07,1.334564e-07
794558464,4368876,6356467712,161364130,1.508354e-01,6.247765e-02,2.985809e-09,4.996004e-10,1.311418e-07,1.278977e-07
794820608,4368923,6358564864,161417324,1.508361e-01,6.247773e-02,2.900124e-09,4.961093e-10,1.273784e-07,1.270040e-07
795082752,4369019,6360662016,161470617,1.508361e-01,6.247821e-02,2.901729e-09,4.746079e-10,1.274489e-07,1.214996e-07
795344896,4369031,6362759168,161524136,1.508353e-01,6.247849e-02,2.990697e-09,4.625124e-10,1.313565e-07,1.184032e-07
795607040,4369065,6364856320,161577564,1.508366e-01,6.247872e-02,2.853767e-09,4.526313e-10,1.253423e-07,1.158736e-07
795869184,4369130,6366953472,161630948,1.508364e-01,6.247872e-02,2.869710e-09,4.527898e-10,1.260425e-07,1.159142e-07
796131328,4369303,6369050624,161684137,1.508364e-01,6.247839e-02,2.874502e-09,4.670098e-10,1.262530e-07,1.195545e-07
796393472,4369343,6371147776,161737136,1.508369e-01,6.247867e-02,2.815686e-09,4.550121e-10,1.236697e-07,1.164831e-07
796655616,4369442,6373244928,161790536,1.508365e-01,6.247856e-02,2.863328e-09,4.594730e-10,1.257622e-07,1.176251e-07
796917760,4369606,6375342080,161843462,1.508362e-01,6.247826e-02,2.898519e-09,4.725002e-10,1.273079e-07,1.209600e-07
797179904,4369676,6377439232,161896654,1.508363e-01,6.247823e-02,2.887298e-09,4.739589e-10,1.268151e-07,1.213335e-07
797442048,4369768,6379536384,161949702,1.508360e-01,6.247886e-02,2.914586e-09,4.467853e-10,1.280136e-07,1.143770e-07
797704192,4369784,6381633536,162002333,1.508359e-01,6.247852e-02,2.922636e-09,4.613914e-10,1.283671e-07,1.181162e-07
797966336,4369871,6383730688,162056206,1.508365e-01,6.247852e-02,2.863328e-09,4.612314e-10,1.257622e-07,1.180752e-07
798228480,4369969,6385827840,162109027,1.508361e-01,6.247798e-02,2.901729e-09,4.848888e-10,1.274489e-07,1.241315e-07
798490624,4370026,6387924992,162162349,1.508357e-01,6.247818e-02,2.948472e-09,4.762324e-10,1.295019e-07,1.219155e-07
798752768,4370066,6390022144,162216004,1.508353e-01,6.247780e-02,2.992327e-09,4.927958e-10,1.314281e-07,1.261557e-07
799014912,4370345,6392119296,162269439,1.508356e-01,6.247812e-02,2.959810e-09,4.788375e-10,1.299999e-07,1.225824e-07
799277056,4370528,6394216448,162322329,1.508357e-01,6.247792e-02,2.950090e-09,4.876819e-10,1.295730e-07,1.248466e-07
799539200,4370721,6396313600,162375610,1.508357e-01,6.247782e-02,2.946854e-09,4.918039e-10,1.294308e-07,1.259018e-07
799801344,4374394,6398410752,162428777,1.508360e-01,6.247738e-02,2.912977e-09,5.116627e-10,1.279429e-07,1.309857e-07
800063488,4386668,6400507904,162482394,1.508366e-01,6.247753e-02,2.848993e-09,5.051111e-10,1.251326e-07,1.293084e-07
800325632,4386679,6402605056,162535237,1.508361e-01,6.247757e-02,2.900124e-09,5.029366e-10,1.273784e-07,1.287518e-07
800587776,4388369,6404702208,162589080,1.508360e-01,6.247754e-02,2.911369e-09,5.044415e-10,1.278723e-07,1.291370e-07
800849920,4395649,6406799360,162642048,1.508357e-01,6.247699e-02,2.943619e-09,5.293401e-10,1.292887e-07,1.355111e-07
801112064,4403157,6408896512,162695463,1.508356e-01,6.247667e-02,2.963054e-09,5.441848e-10,1.301424e-07,1.393113e-07
801374208,4409285,6410993664,162748456,1.508352e-01,6.247621e-02,3.007017e-09,5.657728e-10,1.320733e-07,1.448378e-07
801636352,4411560,6413090816,162801351,1.508347e-01,6.247623e-02,3.059540e-09,5.650641e-10,1.343802e-07,1.446564e-07
801898496,4423348,6415187968,162853681,1.508338e-01,6.247549e-02,3.157572e-09,6.006756e-10,1.386859e-07,1.537730e-07
802160640,4426175,6417285120,162906643,1.508335e-01,6.247574e-02,3.194522e-09,5.886842e-10,1.403089e-07,1.507032e-07
802422784,4431649,6419382272,162960309,1.508333e-01,6.247547e-02,3.209700e-09,6.015890e-10,1.409755e-07,1.540068e-07
802684928,4432012,6421479424,163013628,1.508329e-01,6.247566e-02,3.255449e-09,5.923052e-10,1.429849e-07,1.516301e-07
802947072,4443744,6423576576,163066429,1.508321e-01,6.247567e-02,3.351369e-09,5.921239e-10,1.471978e-07,1.515837e-07
803209216,4451763,6425673728,163119444,1.508306e-01,6.247491e-02,3.524349e-09,6.296865e-10,1.547954e-07,1.611998e-07
803471360,4458757,6427770880,163172572,1.508302e-01,6.247501e-02,3.577626e-09,6.242763e-10,1.571354e-07,1.598147e-07
803733504,4461918,6429868032,163225766,1.508304e-01,6.247441e-02,3.545612e-09,6.546073e-10,1.557293e-07,1.675795e-07
803995648,4467057,6431965184,163278959,1.508308e-01,6.247420e-02,3.506679e-09,6.655180e-10,1.540193e-07,1.703726e-07
804257792,4468198,6434062336,163332325,1.508315e-01,6.247465e-02,3.424223e-09,6.428418e-10,1.503977e-07,1.645675e-07
804519936,4468201,6436159488,163385762,1.508331e-01,6.247503e-02,3.233382e-09,6.237180e-10,1.420156e-07,1.596718e-07
804782080,4469134,6438256640,163439489,1.508338e-01,6.247510e-02,3.157572e-09,6.200020e-10,1.386859e-07,1.587205e-07
805044224,4469155,6440353792,163493154,1.508344e-01,6.247524e-02,3.092598e-09,6.131569e-10,1.358322e-07,1.569682e-07
805306368,4469292,6442450944,163545770,1.508340e-01,6.247519e-02,3.135839e-09,6.157425e-10,1.377314e-07,1.576301e-07
805568512,4469382,6444548096,163598611,1.508331e-01,6.247539e-02,3.231687e-09,6.056161e-10,1.419412e-07,1.550377e-07
805830656,4469382,6446645248,163652566,1.508337e-01,6.247599e-02,3.167628e-09,5.766348e-10,1.391276e-07,1.476185e-07
806092800,4469741,6448742400,163705690,1.508345e-01,6.247648e-02,3.077700e-09,5.532602e-10,1.351778e-07,1.416346e-07
806354944,4469909,6450839552,163759076,1.508355e-01,6.247674e-02,2.974421e-09,5.412341e-10,1.306416e-07,1.385559e-07
806617088,4469918,6452936704,163811984,1.508347e-01,6.247682e-02,3.057892e-09,5.374274e-10,1.343078e-07,1.375814e-07
806879232,4469985,6455033856,163865223,1.508348e-01,6.247714e-02,3.046367e-09,5.225056e-10,1.338016e-07,1.337614e-07
807141376,4470147,6457131008,163918556,1.508358e-01,6.247757e-02,2.942002e-09,5.029366e-10,1.292177e-07,1.287518e-07
807403520,4470250,6459228160,163972005,1.508361e-01,6.247788e-02,2.906547e-09,4.893286e-10,1.276605e-07,1.252681e-07
807665664,4470411,6461325312,164025940,1.508361e-01,6.247775e-02,2.901729e-09,4.952799e-10,1.274489e-07,1.267916e-07
807927808,4470448,6463422464,164078863,1.508361e-01,6.247745e-02,2.906547e-09,5.086336e-10,1.276605e-07,1.302102e-07
808189952,4470961,6465519616,164132186,1.508359e-01,6.247752e-02,2.929085e-09,5.052785e-10,1.286504e-07,1.293513e-07
808452096,4470961,6467616768,164185452,1.508357e-01,6.247743e-02,2.951709e-09,5.093060e-10,1.296441e-07,1.303823e-07
808714240,4471020,6469713920,164238366,1.508356e-01,6.247730e-02,2.961432e-09,5.152080e-10,1.300711e-07,1.318932e-07
808976384,4471080,6471811072,164290986,1.508353e-01,6.247756e-02,2.995588e-09,5.034380e-10,1.315713e-07,1.288801e-07
809238528,4471309,6473908224,164343749,1.508341e-01,6.247713e-02,3.127500e-09,5.228463e-10,1.373651e-07,1.338486e-07
809500672,4471349,6476005376,164396889,1.508342e-01,6.247746e-02,3.115844e-09,5.079617e-10,1.368532e-07,1.300382e-07
809762816,4471721,6478102528,164449856,1.508344e-01,6.247733e-02,3.095914e-09,5.138560e-10,1.359778e-07,1.315471e-07
810024960,4471893,6480199680,164503752,1.508357e-01,6.247733e-02,2.946854e-09,5.140249e-10,1.294308e-07,1.315904e-07
810287104,4472072,6482296832,164556432,1.508350e-01,6.247688e-02,3.026660e-09,5.346674e-10,1.329360e-07,1.368749e-07
810549248,4472073,6484393984,164609752,1.508356e-01,6.247718e-02,2.953328e-09,5.206339e-10,1.297152e-07,1.332823e-07
810811392,4472499,6486491136,164663185,1.508364e-01,6.247684e-02,2.876100e-09,5.363916e-10,1.263232e-07,1.373162e-07
811073536,4472723,6488588288,164716798,1.508359e-01,6.247691e-02,2.922636e-09,5.329460e-10,1.283671e-07,1.364342e-07
811335680,4472798,6490685440,164769894,1.508360e-01,6.247670e-02,2.916195e-09,5.429688e-10,1.280843e-07,1.390000e-07
811597824,4472809,6492782592,164823237,1.508353e-01,6.247628e-02,2.995588e-09,5.624106e-10,1.315713e-07,1.439771e-07
811859968,4472852,6494879744,164875887,1.508349e-01,6.247616e-02,3.031581e-09,5.682566e-10,1.331522e-07,1.454737e-07
812122112,4472902,6496976896,164929430,1.508350e-01,6.247621e-02,3.028300e-09,5.659500e-10,1.330081e-07,1.448832e-07
812384256,4472906,6499074048,164982940,1.508349e-01,6.247640e-02,3.038148e-09,5.571223e-10,1.334406e-07,1.426233e-07
812646400,4473005,6501171200,165036653,1.508358e-01,6.247736e-02,2.938770e-09,5.126744e-10,1.290758e-07,1.312446e-07
812908544,4473154,6503268352,165090097,1.508362e-01,6.247773e-02,2.895311e-09,4.959433e-10,1.271670e-07,1.269615e-07
813170688,4473842,6505365504,165143560,1.508363e-01,6.247706e-02,2.882496e-09,5.260882e-10,1.266041e-07,1.346786e-07
813432832,4473912,6507462656,165196939,1.508371e-01,6.247745e-02,2.793590e-09,5.082976e-10,1.226992e-07,1.301242e-07
813694976,4474170,6509559808,165250112,1.508366e-01,6.247712e-02,2.852175e-09,5.236984e-10,1.252724e-07,1.340668e-07
813957120,4474886,6511656960,165303197,1.508362e-01,6.247711e-02,2.888900e-09,5.240395e-10,1.268854e-07,1.341541e-07
814219264,4477177,6513754112,165355796,1.508360e-01,6.247708e-02,2.916195e-09,5.252341e-10,1.280843e-07,1.344599e-07
814481408,4480798,6515851264,165408799,1.508364e-01,6.247695e-02,2.869710e-09,5.312274e-10,1.260425e-07,1.359942e-07
814743552,4485368,6517948416,165461752,1.508369e-01,6.247681e-02,2.817267e-09,5.379457e-10,1.237392e-07,1.377141e-07
815005696,4491624,6520045568,165515151,1.508369e-01,6.247700e-02,2.818849e-09,5.289973e-10,1.238086e-07,1.354233e-07
815267840,4498174,6522142720,165567986,1.508369e-01,6.247671e-02,2.818849e-09,5.422746e-10,1.238086e-07,1.388223e-07
815529984,4504898,6524239872,165621087,1.508375e-01,6.247631e-02,2.759043e-09,5.611744e-10,1.211819e-07,1.436607e-07
815792128,4512725,6526337024,165674655,1.508381e-01,6.247642e-02,2.693687e-09,5.560677e-10,1.183113e-07,1.423533e-07
816054272,4522581,6528434176,165728102,1.508386e-01,6.247642e-02,2.636761e-09,5.558920e-10,1.158110e-07,1.423084e-07
816316416,4527804,6530531328,165781318,1.508383e-01,6.247622e-02,2.673617e-09,5.654184e-10,1.174298e-07,1.447471e-07
816578560,4529869,6532628480,165834429,1.508372e-01,6.247593e-02,2.787292e-09,5.795009e-10,1.224226e-07,1.483522e-07
816840704,4530593,6534725632,165888361,1.508375e-01,6.247567e-02,2.759043e-09,5.921239e-10,1.211819e-07,1.515837e-07
817102848,4532870,6536822784,165941991,1.508380e-01,6.247585e-02,2.698330e-09,5.834535e-10,1.185152e-07,1.493641e-07
817364992,4534089,6538919936,165995093,1.508375e-01,6.247598e-02,2.757478e-09,5.768137e-10,1.211131e-07,1.476643e-07
817627136,4534313,6541017088,166047908,1.508371e-01,6.247606e-02,2.795165e-09,5.730621e-10,1.227684e-07,1.467039e-07
817889280,4536831,6543114240,166100887,1.508368e-01,6.247591e-02,2.831522e-09,5.802186e-10,1.243653e-07,1.485360e-07
818151424,4543970,6545211392,166153560,1.508361e-01,6.247538e-02,2.904941e-09,6.061662e-10,1.275899e-07,1.551786e-07
818413568,4544689,6547308544,166206389,1.508361e-01,6.247513e-02,2.908154e-09,6.187041e-10,1.277311e-07,1.583882e-07
818675712,4545015,6549405696,166259651,1.508365e-01,6.247448e-02,2.866518e-09,6.511805e-10,1.259023e-07,1.667022e-07
818937856,4545202,6551502848,166313601,1.508371e-01,6.247468e-02,2.798317e-09,6.413315e-10,1.229068e-07,1.641809e-07
819200000,4546017,6553600000,166366449,1.508376e-01,6.247465e-02,2.741850e-09,6.424641e-10,1.204267e-07,1.644708e-07
819462144,4546276,6555697152,166419620,1.508375e-01,6.247455e-02,2.754349e-09,6.475731e-10,1.209757e-07,1.657787e-07
819724288,4546357,6557794304,166473082,1.508387e-01,6.247509e-02,2.633701e-09,6.203731e-10,1.156766e-07,1.588155e-07
819986432,4546764,6559891456,166526382,1.508393e-01,6.247542e-02,2.565326e-09,6.039670e-10,1.126735e-07,1.546155e-07
820248576,4547303,6561988608,166579689,1.508400e-01,6.247570e-02,2.496361e-09,5.904933e-10,1.096444e-07,1.511663e-07
820510720,4547356,6564085760,166633341,1.508398e-01,6.247533e-02,2.515756e-09,6.085533e-10,1.104963e-07,1.557896e-07
820772864,4547412,6566182912,166686120,1.508390e-01,6.247515e-02,2.601681e-09,6.175926e-10,1.142702e-07,1.581037e-07
821035008,4547578,6568280064,166739302,1.508389e-01,6.247528e-02,2.609287e-09,6.111291e-10,1.146043e-07,1.564491e-07
821297152,4547926,6570377216,166792316,1.508383e-01,6.247510e-02,2.675158e-09,6.201876e-10,1.174975e-07,1.587680e-07
821559296,4547998,6572474368,166845822,1.508390e-01,6.247572e-02,2.604722e-09,5.895884e-10,1.144038e-07,1.509346e-07
821821440,4548017,6574571520,166898997,1.508392e-01,6.247564e-02,2.577416e-09,5.932122e-10,1.132045e-07,1.518623e-07
822083584,4548376,6576668672,166951777,1.508379e-01,6.247540e-02,2.709177e-09,6.052494e-10,1.189917e-07,1.549438e-07
822345728,4548587,6578765824,167004252,1.508370e-01,6.247518e-02,2.804627e-09,6.161123e-10,1.231840e-07,1.577247e-07
822607872,4548821,6580862976,167057130,1.508369e-01,6.247509e-02,2.818849e-09,6.203731e-10,1.238086e-07,1.588155e-07
822870016,4548904,6582960128,167109770,1.508360e-01,6.247504e-02,2.916195e-09,6.227879e-10,1.280843e-07,1.594337e-07
823132160,4548948,6585057280,167162938,1.508353e-01,6.247493e-02,2.987438e-09,6.287521e-10,1.312133e-07,1.609605e-07
823394304,4549260,6587154432,167215775,1.508348e-01,6.247461e-02,3.048012e-09,6.447323e-10,1.338739e-07,1.650515e-07
823656448,4549555,6589251584,167269319,1.508350e-01,6.247423e-02,3.028300e-09,6.639812e-10,1.330081e-07,1.699792e-07
823918592,4549818,6591348736,167322404,1.508356e-01,6.247467e-02,2.959810e-09,6.415202e-10,1.299999e-07,1.642292e-07
824180736,4549841,6593445888,167375380,1.508349e-01,6.247480e-02,3.039791e-09,6.349323e-10,1.335128e-07,1.625427e-07
824442880,4549845,6595543040,167428838,1.508354e-01,6.247486e-02,2.977672e-09,6.321194e-10,1.307844e-07,1.618226e-07
824705024,4549886,6597640192,167481654,1.508350e-01,6.247451e-02,3.020105e-09,6.498503e-10,1.326481e-07,1.663617e-07
824967168,4549950,6599737344,167535330,1.508355e-01,6.247474e-02,2.974421e-09,6.381279e-10,1.306416e-07,1.633607e-07
825229312,4550027,6601834496,167588301,1.508350e-01,6.247452e-02,3.023382e-09,6.494705e-10,1.327921e-07,1.662644e-07
825491456,4550064,6603931648,167641017,1.508347e-01,6.247422e-02,3.052950e-09,6.645573e-10,1.340907e-07,1.701267e-07
825753600,4550156,6606028800,167694071,1.508346e-01,6.247475e-02,3.066138e-09,6.377515e-10,1.346700e-07,1.632644e-07
826015744,4550179,6608125952,167747318,1.508345e-01,6.247498e-02,3.084317e-09,6.261393e-10,1.354684e-07,1.602916e-07
826277888,4550262,6610223104,167800482,1.508351e-01,6.247496e-02,3.010286e-09,6.270718e-10,1.322169e-07,1.605304e-07
826540032,4550510,6612320256,167853221,1.508343e-01,6.247469e-02,3.097572e-09,6.403884e-10,1.360506e-07,1.639394e-07
826802176,4550544,6614417408,167906742,1.508348e-01,6.247505e-02,3.048012e-09,6.224161e-10,1.338739e-07,1.593385e-07
827064320,4550659,6616514560,167959518,1.508344e-01,6.247488e-02,3.085972e-09,6.308088e-10,1.355411e-07,1.614871e-07
827326464,4550668,6618611712,168012339,1.508349e-01,6.247545e-02,3.038148e-09,6.025030e-10,1.334406e-07,1.542408e-07
827588608,4550801,6620708864,168065984,1.508348e-01,6.247586e-02,3.044722e-09,5.825540e-10,1.337294e-07,1.491338e-07
827850752,4550843,6622806016,168118851,1.508347e-01,6.247592e-02,3.054597e-09,5.796803e-10,1.341631e-07,1.483982e-07
828112896,4550849,6624903168,168171778,1.508339e-01,6.247560e-02,3.142518e-09,5.953918e-10,1.380247e-07,1.524203e-07
828375040,4551001,6627000320,168225571,1.508349e-01,6.247571e-02,3.033222e-09,5.899503e-10,1.332242e-07,1.510273e-07
828637184,4551062,6629097472,168279039,1.508346e-01,6.247595e-02,3.069439e-09,5.786045e-10,1.348150e-07,1.481228e-07
828899328,4551079,6631194624,168332011,1.508348e-01,6.247592e-02,3.041434e-09,5.800391e-10,1.335849e-07,1.484900e-07
829161472,4551090,6633291776,168385413,1.508356e-01,6.247637e-02,2.953328e-09,5.583540e-10,1.297152e-07,1.429386e-07
829423616,4551281,6635388928,168439239,1.508365e-01,6.247668e-02,2.858545e-09,5.440109e-10,1.255522e-07,1.392668e-07
829685760,4551330,6637486080,168493516,1.508379e-01,6.247690e-02,2.710729e-09,5.338064e-10,1.190598e-07,1.366544e-07
829947904,4551352,6639583232,168546174,1.508378e-01,6.247658e-02,2.720046e-09,5.487131e-10,1.194691e-07,1.404705e-07
830210048,4551614,6641680384,168599196,1.508368e-01,6.247696e-02,2.825182e-09,5.310557e-10,1.240868e-07,1.359503e-07
830472192,4551643,6643777536,168651919,1.508366e-01,6.247644e-02,2.847403e-09,5.551896e-10,1.250628e-07,1.421285e-07
830734336,4551675,6645874688,168705320,1.508362e-01,6.247617e-02,2.888900e-09,5.680790e-10,1.268854e-07,1.454282e-07
830996480,4551834,6647971840,168759239,1.508368e-01,6.247665e-02,2.833108e-09,5.454021e-10,1.244349e-07,1.396229e-07
831258624,4551867,6650068992,168812720,1.508371e-01,6.247703e-02,2.796741e-09,5.277985e-10,1.228376e-07,1.351164e-07
831520768,4551986,6652166144,168865888,1.508376e-01,6.247682e-02,2.749659e-09,5.374274e-10,1.207697e-07,1.375814e-07
831782912,4552021,6654263296,168919418,1.508381e-01,6.247692e-02,2.693687e-09,5.327740e-10,1.183113e-07,1.363902e-07
832045056,4552030,6656360448,168973234,1.508394e-01,6.247751e-02,2.562308e-09,5.057811e-10,1.125409e-07,1.294800e-07
832307200,4552319,6658457600,169026772,1.508391e-01,6.247771e-02,2.589534e-09,4.967733e-10,1.137367e-07,1.271740e-07
832569344,4552570,6660554752,169080334,1.508401e-01,6.247801e-02,2.488921e-09,4.834134e-10,1.093176e-07,1.237538e-07
832831488,4552733,6662651904,169133499,1.508401e-01,6.247785e-02,2.491896e-09,4.904830e-10,1.094483e-07,1.255636e-07
833093632,4556376,6664749056,169187025,1.508397e-01,6.247799e-02,2.526230e-09,4.843967e-10,1.109563e-07,1.240056e-07
833355776,4564426,6666846208,169240431,1.508403e-01,6.247764e-02,2.466669e-09,5.001001e-10,1.083403e-07,1.280256e-07
833617920,4564520,6668943360,169293800,1.508407e-01,6.247754e-02,2.432743e-09,5.042742e-10,1.068502e-07,1.290942e-07
833880064,4566167,6671040512,169346388,1.508401e-01,6.247725e-02,2.485948e-09,5.175783e-10,1.091871e-07,1.325000e-07
834142208,4584859,6673137664,169399333,1.508401e-01,6.247712e-02,2.493383e-09,5.233575e-10,1.095136e-07,1.339795e-07
834404352,4586918,6675234816,169452741,1.508401e-01,6.247719e-02,2.491896e-09,5.202939e-10,1.094483e-07,1.331952e-07
834666496,4589311,6677331968,169505729,1.508399e-01,6.247680e-02,2.514261e-09,5.382914e-10,1.104306e-07,1.378026e-07
834928640,4604052,6679429120,169559017,1.508407e-01,6.247683e-02,2.432743e-09,5.367368e-10,1.068502e-07,1.374046e-07
835190784,4605146,6681526272,169612154,1.508406e-01,6.247686e-02,2.441571e-09,5.355292e-10,1.072379e-07,1.370955e-07
835452928,4609603,6683623424,169665181,1.508405e-01,6.247685e-02,2.453366e-09,5.360465e-10,1.077560e-07,1.372279e-07
835715072,4609914,6685720576,169719013,1.508413e-01,6.247720e-02,2.367045e-09,5.199541e-10,1.039647e-07,1.331082e-07
835977216,4613903,6687817728,169772274,1.508408e-01,6.247687e-02,2.420998e-09,5.348397e-10,1.063343e-07,1.369190e-07
836239360,4621615,6689914880,169826035,1.508413e-01,6.247728e-02,2.368496e-09,5.163925e-10,1.040284e-07,1.321965e-07
836501504,4629707,6692012032,169879711,1.508417e-01,6.247743e-02,2.330935e-09,5.094741e-10,1.023786e-07,1.304254e-07
836763648,4636672,6694109184,169932950,1.508420e-01,6.247760e-02,2.306539e-09,5.016008e-10,1.013071e-07,1.284098e-07
837025792,4642316,6696206336,169986697,1.508420e-01,6.247809e-02,2.305108e-09,4.801426e-10,1.012443e-07,1.229165e-07
837287936,4643852,6698303488,170039829,1.508423e-01,6.247858e-02,2.273737e-09,4.586748e-10,9.986638e-08,1.174207e-07
837550080,4644878,6700400640,170092668,1.508412e-01,6.247817e-02,2.381567e-09,4.767203e-10,1.046025e-07,1.220404e-07
837812224,4646215,6702497792,170146212,1.508410e-01,6.247818e-02,2.403433e-09,4.760699e-10,1.055629e-07,1.218739e-07
838074368,4647136,6704594944,170199327,1.508409e-01,6.247835e-02,2.413671e-09,4.687826e-10,1.060125e-07,1.200083e-07
838336512,4647154,6706692096,170252797,1.508409e-01,6.247779e-02,2.410744e-09,4.932921e-10,1.058840e-07,1.262828e-07
838598656,4647348,6708789248,170306559,1.508413e-01,6.247827e-02,2.371397e-09,4.723382e-10,1.041558e-07,1.209186e-07
838860800,4647374,6710886400,170359951,1.508425e-01,6.247837e-02,2.259548e-09,4.679763e-10,9.924319e-08,1.198019e-07
839122944,4647412,6712983552,170413291,1.508423e-01,6.247761e-02,2.276580e-09,5.012671e-10,9.999125e-08,1.283244e-07
839385088,4647774,6715080704,170466693,1.508434e-01,6.247807e-02,2.168404e-09,4.811227e-10,9.524001e-08,1.231674e-07
839647232,4647849,6717177856,170520091,1.508440e-01,6.247805e-02,2.114619e-09,4.819402e-10,9.287765e-08,1.233767e-07
839909376,4647882,6719275008,170572971,1.508440e-01,6.247776e-02,2.113248e-09,4.946168e-10,9.281747e-08,1.266219e-07
840171520,4647973,6721372160,170626930,1.508449e-01,6.247869e-02,2.029161e-09,4.540590e-10,8.912420e-08,1.162391e-07
840433664,4648106,6723469312,170680499,1.508458e-01,6.247925e-02,1.955996e-09,4.305570e-10,8.591068e-08,1.102226e-07
840695808,4648300,6725566464,170733588,1.508463e-01,6.247916e-02,1.906231e-09,4.344306e-10,8.372488e-08,1.112142e-07
840957952,4648377,6727663616,170786585,1.508460e-01,6.247878e-02,1.932343e-09,4.502567e-10,8.487179e-08,1.152657e-07
841220096,4648487,6729760768,170839935,1.508458e-01,6.247845e-02,1.950728e-09,4.644372e-10,8.567926e-08,1.188959e-07
841482240,4648910,6731857920,170893363,1.508461e-01,6.247840e-02,1.924491e-09,4.665269e-10,8.452690e-08,1.194309e-07
841744384,4649045,6733955072,170946006,1.508458e-01,6.247765e-02,1.950728e-09,4.996004e-10,8.567926e-08,1.278977e-07
842006528,4649079,6736052224,170999157,1.508460e-01,6.247822e-02,1.937587e-09,4.744456e-10,8.510211e-08,1.214581e-07
842268672,4649084,6738149376,171051906,1.508452e-01,6.247826e-02,2.006403e-09,4.725002e-10,8.812464e-08,1.209600e-07
842530816,4649321,6740246528,171105166,1.508455e-01,6.247823e-02,1.982446e-09,4.737967e-10,8.707240e-08,1.212919e-07
842792960,4649413,6742343680,171158748,1.508467e-01,6.247838e-02,1.875130e-09,4.673318e-10,8.235891e-08,1.196370e-07
843055104,4649788,6744440832,171212600,1.508469e-01,6.247860e-02,1.858391e-09,4.580367e-10,8.162369e-08,1.172574e-07
843317248,4649909,6746537984,171266029,1.508470e-01,6.247877e-02,1.849409e-09,4.505730e-10,8.122917e-08,1.153467e-07
843579392,4649975,6748635136,171319626,1.508478e-01,6.247904e-02,1.780847e-09,4.392580e-10,7.821784e-08,1.124501e-07
843841536,4650081,6750732288,171372289,1.508473e-01,6.247871e-02,1.821320e-09,4.532655e-10,7.999546e-08,1.160360e-07
844103680,4650177,6752829440,171425551,1.508475e-01,6.247868e-02,1.802292e-09,4.545354e-10,7.915972e-08,1.163611e-07
844365824,4650649,6754926592,171477932,1.508465e-01,6.247778e-02,1.893241e-09,4.937887e-10,8.315435e-08,1.264099e-07
844627968,4650767,6757023744,171530710,1.508456e-01,6.247734e-02,1.969199e-09,5.136871e-10,8.649057e-08,1.315039e-07
844890112,4650782,6759120896,171583685,1.508460e-01,6.247773e-02,1.937587e-09,4.961093e-10,8.510211e-08,1.270040e-07
845152256,4650836,6761218048,171636469,1.508465e-01,6.247781e-02,1.891945e-09,4.924651e-10,8.309742e-08,1.260711e-07
845414400,4651005,6763315200,171690119,1.508471e-01,6.247780e-02,1.840448e-09,4.927958e-10,8.083560e-08,1.261557e-07
845676544,4651015,6765412352,171743133,1.508471e-01,6.247790e-02,1.841727e-09,4.883403e-10,8.089176e-08,1.250151e-07
845938688,4651043,6767509504,171796252,1.508477e-01,6.247794e-02,1.792184e-09,4.865308e-10,7.871579e-08,1.245519e-07
846200832,4651050,6769606656,171849938,1.508486e-01,6.247782e-02,1.717284e-09,4.919692e-10,7.542605e-08,1.259441e-07
846462976,4651287,6771703808,171903763,1.508490e-01,6.247832e-02,1.680434e-09,4.700740e-10,7.380751e-08,1.203389e-07
846725120,4651862,6773800960,171957162,1.508495e-01,6.247860e-02,1.641567e-09,4.580367e-10,7.210041e-08,1.172574e-07
846987264,4651992,6775898112,172010840,1.508496e-01,6.247856e-02,1.634330e-09,4.596327e-10,7.178256e-08,1.176660e-07
847249408,4652327,6777995264,172063819,1.508492e-01,6.247881e-02,1.662158e-09,4.489928e-10,7.300483e-08,1.149422e-07
847511552,4652982,6780092416,172116568,1.508487e-01,6.247887e-02,1.708650e-09,4.463130e-10,7.504681e-08,1.142561e-07
847773696,4655282,6782189568,172169975,1.508489e-01,6.247890e-02,1.687772e-09,4.453691e-10,7.412982e-08,1.140145e-07
848035840,4658916,6784286720,172222742,1.508491e-01,6.247906e-02,1.674331e-09,4.383216e-10,7.353946e-08,1.122103e-07
848297984,4663512,6786383872,172275522,1.508484e-01,6.247871e-02,1.729657e-09,4.534242e-10,7.596946e-08,1.160766e-07
848560128,4669688,6788481024,172328795,1.508484e-01,6.247862e-02,1.733377e-09,4.572398e-10,7.613286e-08,1.170534e-07
848822272,4676362,6790578176,172381683,1.508490e-01,6.247887e-02,1.682878e-09,4.463130e-10,7.391486e-08,1.142561e-07
849084416,4686576,6792675328,172435386,1.508502e-01,6.247927e-02,1.581748e-09,4.296299e-10,6.947307e-08,1.099853e-07
849346560,4691038,6794772480,172488446,1.508499e-01,6.247903e-02,1.609127e-09,4.397266e-10,7.067560e-08,1.125700e-07
849608704,4700814,6796869632,172542300,1.508510e-01,6.247938e-02,1.517230e-09,4.250094e-10,6.663931e-08,1.088024e-07
849870848,4706176,6798966784,172595521,1.508509e-01,6.247932e-02,1.525367e-09,4.274706e-10,6.699671e-08,1.094325e-07
850132992,4708227,6801063936,172648709,1.508505e-01,6.247930e-02,1.561663e-09,4.283953e-10,6.859089e-08,1.096692e-07
850395136,4709030,6803161088,172702020,1.508504e-01,6.247887e-02,1.566377e-09,4.463130e-10,6.879796e-08,1.142561e-07
850657280,4711143,6805258240,172754869,1.508509e-01,6.247921e-02,1.530026e-09,4.321044e-10,6.720134e-08,1.106187e-07
850919424,4712317,6807355392,172807935,1.508515e-01,6.247927e-02,1.484900e-09,4.299388e-10,6.521935e-08,1.100643e-07
851181568,4712560,6809452544,172861469,1.508515e-01,6.247916e-02,1.479164e-09,4.341201e-10,6.496739e-08,1.111347e-07
851443712,4715187,6811549696,172914688,1.508510e-01,6.247883e-02,1.517230e-09,4.480461e-10,6.663931e-08,1.146998e-07
851705856,4725677,6813646848,172968209,1.508518e-01,6.247883e-02,1.455192e-09,4.482038e-10,6.391448e-08,1.147402e-07
851968000,4726334,6815744000,173020794,1.508524e-01,6.247915e-02,1.415673e-09,4.348966e-10,6.217876e-08,1.113335e-07
852230144,4726716,6817841152,173073802,1.508520e-01,6.247888e-02,1.446111e-09,4.461556e-10,6.351565e-08,1.142158e-07
852492288,4726939,6819938304,173127150,1.508526e-01,6.247925e-02,1.398903e-09,4.305570e-10,6.144220e-08,1.102226e-07
852754432,4727783,6822035456,173180811,1.508526e-01,6.247920e-02,1.400018e-09,4.327241e-10,6.149116e-08,1.107774e-07
853016576,4727949,6824132608,173233663,1.508521e-01,6.247936e-02,1.433671e-09,4.260853e-10,6.296926e-08,1.090778e-07
853278720,4727979,6826229760,173287125,1.508536e-01,6.248014e-02,1.327388e-09,3.945486e-10,5.830114e-08,1.010044e-07
853540864,4728443,6828326912,173340936,1.508544e-01,6.248051e-02,1.268341e-09,3.798881e-10,5.570769e-08,9.725136e-08
853803008,4729065,6830424064,173394079,1.508545e-01,6.248038e-02,1.256693e-09,3.851339e-10,5.519608e-08,9.859428e-08
854065152,4729116,6832521216,173447837,1.508540e-01,6.248040e-02,1.298234e-09,3.839651e-10,5.702062e-08,9.829506e-08
854327296,4729263,6834618368,173501306,1.508550e-01,6.248067e-02,1.221029e-09,3.735254e-10,5.362966e-08,9.562251e-08
854589440,4729352,6836715520,173554594,1.508549e-01,6.248051e-02,1.228329e-09,3.797429e-10,5.395031e-08,9.721418e-08
854851584,4729652,6838812672,173607824,1.508546e-01,6.248033e-02,1.251416e-09,3.868905e-10,5.496431e-08,9.904397e-08
855113728,4729720,6840909824,173661393,1.508556e-01,6.248102e-02,1.183827e-09,3.603953e-10,5.199567e-08,9.226119e-08
855375872,4729754,6843006976,173715227,1.508572e-01,6.248127e-02,1.075673e-09,3.509809e-10,4.724539e-08,8.985111e-08
855638016,4730159,6845104128,173768451,1.508580e-01,6.248172e-02,1.022586e-09,3.342946e-10,4.491370e-08,8.557942e-08
855900160,4730391,6847201280,173822001,1.508576e-01,6.248178e-02,1.046550e-09,3.318470e-10,4.596625e-08,8.495284e-08
856162304,4730765,6849298432,173875586,1.508572e-01,6.248160e-02,1.075673e-09,3.385309e-10,4.724539e-08,8.666390e-08
856424448,4730777,6851395584,173928915,1.508580e-01,6.248148e-02,1.026401e-09,3.430698e-10,4.508128e-08,8.782587e-08
856686592,4730780,6853492736,173982368,1.508588e-01,6.248173e-02,9.717702e-10,3.337499e-10,4.268180e-08,8.543998e-08
856948736,4731042,6855589888,174035487,1.508589e-01,6.248174e-02,9.680576e-10,3.334777e-10,4.251874e-08,8.537030e-08
857210880,4731376,6857687040,174088507,1.508584e-01,6.248147e-02,9.988990e-10,3.433459e-10,4.387334e-08,8.789654e-08
857473024,4731652,6859784192,174141319,1.508574e-01,6.248052e-02,1.060091e-09,3.794526e-10,4.656099e-08,9.713986e-08
857735168,4731684,6861881344,174194995,1.508580e-01,6.248126e-02,1.021633e-09,3.511205e-10,4.487185e-08,8.988685e-08
857997312,4731703,6863978496,174248579,1.508577e-01,6.248130e-02,1.045586e-09,3.498651e-10,4.592390e-08,8.956548e-08
858259456,4731771,6866075648,174301880,1.508579e-01,6.248192e-02,1.032138e-09,3.267095e-10,4.533325e-08,8.363764e-08
858521600,4731784,6868172800,174355331,1.508581e-01,6.248171e-02,1.014976e-09,3.347034e-10,4.457945e-08,8.568406e-08
858783744,4731822,6870269952,174409144,1.508583e-01,6.248189e-02,1.006448e-09,3.279227e-10,4.420493e-08,8.394821e-08
859045888,4731840,6872367104,174462829,1.508591e-01,6.248187e-02,9.560408e-10,3.288678e-10,4.199093e-08,8.419016e-08
859308032,4731929,6874464256,174515855,1.508575e-01,6.248069e-02,1.056213e-09,3.728058e-10,4.639068e-08,9.543828e-08
859570176,4731974,6876561408,174569395,1.508587e-01,6.248108e-02,9.810828e-10,3.579947e-10,4.309082e-08,9.164665e-08
859832320,4732107,6878658560,174622277,1.508587e-01,6.248131e-02,9.792167e-10,3.491687e-10,4.300886e-08,8.938719e-08
860094464,4732360,6880755712,174675230,1.508581e-01,6.248118e-02,1.014026e-09,3.540584e-10,4.453776e-08,9.063896e-08
860356608,4732415,6882852864,174728706,1.508579e-01,6.248140e-02,1.027356e-09,3.459739e-10,4.512323e-08,8.856932e-08
860618752,4732525,6884950016,174781627,1.508576e-01,6.248119e-02,1.049444e-09,3.539183e-10,4.609337e-08,9.060308e-08
860880896,4732613,6887047168,174835240,1.508582e-01,6.248147e-02,1.012129e-09,3.434839e-10,4.445443e-08,8.793188e-08
861143040,4732711,6889144320,174888392,1.508580e-01,6.248111e-02,1.025447e-09,3.568679e-10,4.503936e-08,9.135817e-08
861405184,4732739,6891241472,174942112,1.508585e-01,6.248141e-02,9.895020e-10,3.455583e-10,4.346061e-08,8.846293e-08
861667328,4732794,6893338624,174995680,1.508577e-01,6.248148e-02,1.045586e-09,3.429318e-10,4.592390e-08,8.779054e-08
861929472,4732884,6895435776,175048720,1.508572e-01,6.248173e-02,1.074696e-09,3.337499e-10,4.720247e-08,8.543998e-08
862191616,4732983,6897532928,175102326,1.508582e-01,6.248225e-02,1.013078e-09,3.149661e-10,4.449609e-08,8.063131e-08
862453760,4732995,6899630080,175156452,1.508580e-01,6.248185e-02,1.024492e-09,3.294085e-10,4.499745e-08,8.432858e-08
862715904,4733010,6901727232,175209246,1.508582e-01,6.248147e-02,1.011181e-09,3.434839e-10,4.441280e-08,8.793188e-08
862978048,4733186,6903824384,175261903,1.508576e-01,6.248123e-02,1.052342e-09,3.522383e-10,4.622067e-08,9.017300e-08
863240192,4733236,6905921536,175315155,1.508572e-01,6.248107e-02,1.078607e-09,3.582767e-10,4.737427e-08,9.171885e-08
863502336,4733263,6908018688,175369037,1.508571e-01,6.248122e-02,1.082526e-09,3.527978e-10,4.754638e-08,9.031625e-08
863764480,4733495,6910115840,175422812,1.508583e-01,6.248178e-02,1.006448e-09,3.321186e-10,4.420493e-08,8.502235e-08
864026624,4733537,6912212992,175476194,1.508591e-01,6.248197e-02,9.523584e-10,3.250955e-10,4.182920e-08,8.322445e-08
864288768,4733574,6914310144,175529720,1.508603e-01,6.248259e-02,8.837431e-10,3.031780e-10,3.881550e-08,7.761356e-08
864550912,4733765,6916407296,175582793,1.508602e-01,6.248245e-02,8.864030e-10,3.081277e-10,3.893232e-08,7.888070e-08
864813056,4733771,6918504448,175635803,1.508600e-01,6.248221e-02,8.988685e-10,3.164222e-10,3.947983e-08,8.100409e-08
865075200,4733901,6920601600,175688844,1.508604e-01,6.248231e-02,8.757874e-10,3.128540e-10,3.846607e-08,8.009062e-08
865337344,4733915,6922698752,175742399,1.508611e-01,6.248274e-02,8.322445e-10,2.978824e-10,3.655359e-08,7.625789e-08
865599488,4733915,6924795904,175796134,1.508612e-01,6.248293e-02,8.305259e-10,2.913603e-10,3.647811e-08,7.458824e-08
865861632,4734200,6926893056,175849852,1.508607e-01,6.248290e-02,8.556198e-10,2.923786e-10,3.758027e-08,7.484893e-08
866123776,4734554,6928990208,175902551,1.508603e-01,6.248214e-02,8.828573e-10,3.188123e-10,3.877659e-08,8.161595e-08
866385920,4734721,6931087360,175955675,1.508597e-01,6.248176e-02,9.195367e-10,3.327978e-10,4.038761e-08,8.519623e-08
866648064,4738248,6933184512,176009192,1.508594e-01,6.248146e-02,9.386127e-10,3.437601e-10,4.122546e-08,8.800259e-08
866910208,4742769,6935281664,176062607,1.508593e-01,6.248115e-02,9.440990e-10,3.554618e-10,4.146643e-08,9.099821e-08
867172352,4743026,6937378816,176115608,1.508586e-01,6.248089e-02,9.857557e-10,3.653627e-10,4.329607e-08,9.353286e-08
867434496,4744706,6939475968,176168991,1.508592e-01,6.248090e-02,9.505199e-10,3.647933e-10,4.174845e-08,9.338709e-08
867696640,4765275,6941573120,176221632,1.508585e-01,6.248084e-02,9.932555e-10,3.669310e-10,4.362547e-08,9.393433e-08
867958784,4766558,6943670272,176274787,1.508580e-01,6.248072e-02,1.024492e-09,3.716558e-10,4.499745e-08,9.514389e-08
868220928,4767721,6945767424,176328530,1.508587e-01,6.248114e-02,9.801495e-10,3.556023e-10,4.304983e-08,9.103418e-08
868483072,4782414,6947864576,176382372,1.508587e-01,6.248131e-02,9.801495e-10,3.493079e-10,4.304983e-08,8.942283e-08
868745216,4786861,6949961728,176435269,1.508588e-01,6.248137e-02,9.736292e-10,3.472223e-10,4.276345e-08,8.888891e-08
869007360,4787980,6952058880,176488242,1.508587e-01,6.248117e-02,9.801495e-10,3.544792e-10,4.304983e-08,9.074667e-08
869269504,4788287,6954156032,176541422,1.508584e-01,6.248043e-02,9.960752e-10,3.827980e-10,4.374931e-08,9.799629e-08
869531648,4792556,6956253184,176594356,1.508576e-01,6.248014e-02,1.049444e-09,3.944006e-10,4.609337e-08,1.009666e-07
869793792,4799884,6958350336,176646973,1.508570e-01,6.247966e-02,1.089401e-09,4.137191e-10,4.784833e-08,1.059121e-07
870055936,4807931,6960447488,176700698,1.508574e-01,6.247943e-02,1.063976e-09,4.230150e-10,4.673162e-08,1.082918e-07
870318080,4814976,6962544640,176754169,1.508578e-01,6.247870e-02,1.037891e-09,4.537415e-10,4.558592e-08,1.161578e-07
870580224,4823111,6964641792,176807348,1.508579e-01,6.247905e-02,1.031181e-09,4.389458e-10,4.529121e-08,1.123701e-07
870842368,4824271,6966738944,176860940,1.508587e-01,6.247938e-02,9.792167e-10,4.250094e-10,4.300886e-08,1.088024e-07
871104512,4824608,6968836096,176914075,1.508587e-01,6.247925e-02,9.764209e-10,4.305570e-10,4.288607e-08,1.102226e-07
871366656,4825474,6970933248,176967618,1.508588e-01,6.247931e-02,9.726995e-10,4.282411e-10,4.272261e-08,1.096297e-07
871628800,4825644,6973030400,177020893,1.508591e-01,6.247930e-02,9.541987e-10,4.283953e-10,4.191003e-08,1.096692e-07
871890944,4825657,6975127552,177073907,1.508605e-01,6.247991e-02,8.669900e-10,4.034781e-10,3.807967e-08,1.032904e-07
872153088,4825689,6977224704,177127594,1.508607e-01,6.248011e-02,8.599841e-10,3.955852e-10,3.777196e-08,1.012698e-07
872415232,4825747,6979321856,177181780,1.508615e-01,6.248079e-02,8.117382e-10,3.689318e-10,3.565292e-08,9.444653e-08
872677376,4825817,6981419008,177235098,1.508612e-01,6.248059e-02,8.270939e-10,3.768447e-10,3.632737e-08,9.647223e-08
872939520,4826194,6983516160,177288663,1.508612e-01,6.248051e-02,8.279513e-10,3.797429e-10,3.636502e-08,9.721418e-08
873201664,4826203,6985613312,177341656,1.508605e-01,6.248046e-02,8.687460e-10,3.819239e-10,3.815680e-08,9.777251e-08
873463808,4826223,6987710464,177395038,1.508609e-01,6.248042e-02,8.451908e-10,3.832354e-10,3.712221e-08,9.810827e-08
873725952,4826357,6989807616,177448670,1.508601e-01,6.248020e-02,8.908450e-10,3.920367e-10,3.912742e-08,1.003614e-07
873988096,4826460,6991904768,177501543,1.508600e-01,6.248005e-02,9.024461e-10,3.979598e-10,3.963696e-08,1.018777e-07
874250240,4826683,6994001920,177554975,1.508601e-01,6.248036e-02,8.952981e-10,3.858653e-10,3.932301e-08,9.878153e-08
874512384,4826766,6996099072,177607921,1.508596e-01,6.248027e-02,9.258736e-10,3.893859e-10,4.066594e-08,9.968278e-08
874774528,4826811,6998196224,177661501,1.508598e-01,6.248029e-02,9.114212e-10,3.883574e-10,4.003116e-08,9.941949e-08
875036672,4827267,7000293376,177714479,1.508601e-01,6.248062e-02,8.926249e-10,3.755441e-10,3.920560e-08,9.613929e-08
875298816,4827364,7002390528,177766706,1.508590e-01,6.248036e-02,9.578847e-10,3.855727e-10,4.207192e-08,9.870661e-08
875560960,4827432,7004487680,177819795,1.508595e-01,6.248021e-02,9.285961e-10,3.914469e-10,4.078552e-08,1.002104e-07
875823104,4827533,7006584832,177873235,1.508597e-01,6.248023e-02,9.159253e-10,3.908575e-10,4.022899e-08,1.000595e-07
876085248,4827738,7008681984,177926954,1.508603e-01,6.248055e-02,8.837431e-10,3.782924e-10,3.881550e-08,9.684285e-08
876347392,4827834,7010779136,177980171,1.508602e-01,6.248054e-02,8.872905e-10,3.785823e-10,3.897131e-08,9.691706e-08
876609536,4828291,7012876288,178033527,1.508609e-01,6.248038e-02,8.477921e-10,3.851339e-10,3.723647e-08,9.859428e-08
876871680,4828500,7014973440,178087078,1.508611e-01,6.248027e-02,8.331045e-10,3.893859e-10,3.659137e-08,9.968278e-08
877133824,4828574,7017070592,178140478,1.508606e-01,6.248024e-02,8.652359e-10,3.902685e-10,3.800263e-08,9.990873e-08
877395968,4828724,7019167744,178193103,1.508598e-01,6.247974e-02,9.123211e-10,4.103918e-10,4.007069e-08,1.050603e-07
877658112,4829186,7021264896,178245997,1.508593e-01,6.247975e-02,9.440990e-10,4.102408e-10,4.146643e-08,1.050217e-07
877920256,4829219,7023362048,178299693,1.508597e-01,6.247999e-02,9.186332e-10,4.004905e-10,4.034793e-08,1.025256e-07
878182400,4829257,7025459200,178353586,1.508601e-01,6.248034e-02,8.944065e-10,3.864510e-10,3.928385e-08,9.893145e-08
878444544,4829277,7027556352,178406562,1.508595e-01,6.248030e-02,9.267807e-10,3.882106e-10,4.070578e-08,9.938191e-08
878706688,4829471,7029653504,178459289,1.508588e-01,6.248033e-02,9.708414e-10,3.870371e-10,4.264101e-08,9.908149e-08
878968832,4829472,7031750656,178512921,1.508592e-01,6.248039e-02,9.486831e-10,3.846954e-10,4.166778e-08,9.848202e-08
879230976,4829529,7033847808,178566079,1.508585e-01,6.248003e-02,9.923165e-10,3.988521e-10,4.358423e-08,1.021061e-07
879493120,4829545,7035944960,178619531,1.508590e-01,6.248031e-02,9.615777e-10,3.876236e-10,4.223413e-08,9.923164e-08
879755264,4829744,7038042112,178672912,1.508591e-01,6.248051e-02,9.514389e-10,3.798881e-10,4.178881e-08,9.725136e-08
880017408,4830319,7040139264,178725987,1.508594e-01,6.248083e-02,9.331425e-10,3.676449e-10,4.098520e-08,9.411710e-08
880279552,4830483,7042236416,178778860,1.508586e-01,6.248053e-02,9.848202e-10,3.791624e-10,4.325498e-08,9.706557e-08
880541696,4830749,7044333568,178832326,1.508588e-01,6.248078e-02,9.699130e-10,3.692180e-10,4.260023e-08,9.451982e-08
880803840,4831493,7046430720,178886680,1.508593e-01,6.248085e-02,9.404397e-10,3.666456e-10,4.130571e-08,9.386127e-08
881065984,4831594,7048527872,178940193,1.508598e-01,6.248102e-02,9.105217e-10,3.602538e-10,3.999166e-08,9.222498e-08
881328128,4833691,7050625024,178992916,1.508589e-01,6.248062e-02,9.689851e-10,3.756885e-10,4.255947e-08,9.617625e-08
881590272,4837368,7052722176,179045971,1.508585e-01,6.248072e-02,9.895020e-10,3.716558e-10,4.346061e-08,9.514389e-08
881852416,4842134,7054819328,179099595,1.508590e-01,6.248114e-02,9.588073e-10,3.558833e-10,4.211244e-08,9.110613e-08
882114560,4848071,7056916480,179153021,1.508594e-01,6.248128e-02,9.358756e-10,3.502834e-10,4.110525e-08,8.967254e-08
882376704,4854888,7059013632,179206777,1.508603e-01,6.248137e-02,8.819721e-10,3.470835e-10,3.873771e-08,8.885337e-08
882638848,4868216,7061110784,179259988,1.508602e-01,6.248127e-02,8.899557e-10,3.507018e-10,3.908837e-08,8.977966e-08
882900992,4869422,7063207936,179313462,1.508604e-01,6.248157e-02,8.775523e-10,3.394912e-10,3.854358e-08,8.690974e-08
883163136,4879238,7065305088,179366870,1.508601e-01,6.248135e-02,8.926249e-10,3.479168e-10,3.920560e-08,8.906670e-08
883425280,4884611,7067402240,179419877,1.508600e-01,6.248115e-02,9.015511e-10,3.551809e-10,3.959765e-08,9.092631e-08
883687424,4886659,7069499392,179472953,1.508598e-01,6.248138e-02,9.123211e-10,3.468059e-10,4.007069e-08,8.878231e-08
883949568,4887523,7071596544,179525074,1.508594e-01,6.248124e-02,9.376999e-10,3.520985e-10,4.118537e-08,9.013721e-08
884211712,4889510,7073693696,179578224,1.508590e-01,6.248111e-02,9.606538e-10,3.570086e-10,4.219354e-08,9.139421e-08
884473856,4890611,7075790848,179631492,1.508590e-01,6.248111e-02,9.634269e-10,3.567271e-10,4.231534e-08,9.132215e-08
884736000,4890859,7077888000,179684536,1.508584e-01,6.248107e-02,9.988990e-10,3.582767e-10,4.387334e-08,9.171885e-08
884998144,4893538,7079985152,179737879,1.508590e-01,6.248091e-02,9.588073e-10,3.643665e-10,4.211244e-08,9.327783e-08
885260288,4907368,7082082304,179791062,1.508594e-01,6.248090e-02,9.376999e-10,3.647933e-10,4.118537e-08,9.338709e-08
885522432,4907886,7084179456,179843977,1.508595e-01,6.248096e-02,9.304133e-10,3.626619e-10,4.086533e-08,9.284145e-08
885784576,4908307,7086276608,179897151,1.508595e-01,6.248091e-02,9.276881e-10,3.645088e-10,4.074564e-08,9.331424e-08
886046720,4908635,7088373760,179950470,1.508589e-01,6.248058e-02,9.689851e-10,3.771340e-10,4.255947e-08,9.654630e-08
886308864,4909469,7090470912,180003372,1.508586e-01,6.248070e-02,9.848202e-10,3.725181e-10,4.325498e-08,9.536464e-08
886571008,4909611,7092568064,180055951,1.508580e-01,6.248000e-02,1.023539e-09,3.998943e-10,4.495556e-08,1.023730e-07
886833152,4909654,7094665216,180109466,1.508586e-01,6.248029e-02,9.885648e-10,3.886511e-10,4.341944e-08,9.949468e-08
887095296,4910104,7096762368,180162618,1.508581e-01,6.248002e-02,1.014026e-09,3.990009e-10,4.453776e-08,1.021442e-07
887357440,4910831,7098859520,180215983,1.508588e-01,6.248016e-02,9.717702e-10,3.935133e-10,4.268180e-08,1.007394e-07
887619584,4910836,7100956672,180269272,1.508598e-01,6.248074e-02,9.132215e-10,3.707945e-10,4.011024e-08,9.492339e-08
887881728,4911079,7103053824,180322447,1.508604e-01,6.248086e-02,8.740244e-10,3.662177e-10,3.838864e-08,9.375174e-08
888143872,4911082,7105150976,180374608,1.508595e-01,6.248017e-02,9.285961e-10,3.930701e-10,4.078552e-08,1.006259e-07
888406016,4911344,7107248128,180427175,1.508590e-01,6.247980e-02,9.615777e-10,4.079804e-10,4.223413e-08,1.044430e-07
888668160,4911387,7109345280,180479915,1.508586e-01,6.247940e-02,9.838852e-10,4.243952e-10,4.321391e-08,1.086452e-07
888930304,4911465,7111442432,180532885,1.508581e-01,6.247944e-02,1.016875e-09,4.228617e-10,4.466290e-08,1.082526e-07
889192448,4911872,7113539584,180585972,1.508574e-01,6.247979e-02,1.061061e-09,4.085826e-10,4.660362e-08,1.045971e-07
889454592,4912179,7115636736,180638451,1.508568e-01,6.247954e-02,1.100248e-09,4.187352e-10,4.832476e-08,1.071962e-07
889716736,4912512,7117733888,180691814,1.508571e-01,6.247955e-02,1.083507e-09,4.181255e-10,4.758946e-08,1.070401e-07
889978880,4912583,7119831040,180744576,1.508571e-01,6.247971e-02,1.083507e-09,4.117513e-10,4.758946e-08,1.054083e-07
890241024,4912690,7121928192,180797632,1.508556e-01,6.247946e-02,1.182801e-09,4.217899e-10,5.195065e-08,1.079782e-07
890503168,4912860,7124025344,180850903,1.508562e-01,6.248005e-02,1.140145e-09,3.981084e-10,5.007710e-08,1.019158e-07
890765312,4913195,7126122496,180904382,1.508566e-01,6.248019e-02,1.116121e-09,3.924794e-10,4.902195e-08,1.004747e-07
891027456,4913347,7128219648,180957939,1.508570e-01,6.248017e-02,1.086452e-09,3.933656e-10,4.771881e-08,1.007016e-07
891289600,4913442,7130316800,181011571,1.508572e-01,6.248040e-02,1.072743e-09,3.839651e-10,4.711668e-08,9.829506e-08
891551744,4913538,7132413952,181064790,1.508570e-01,6.248045e-02,1.086452e-09,3.820695e-10,4.771881e-08,9.780979e-08
891813888,4913553,7134511104,181118071,1.508572e-01,6.248059e-02,1.077629e-09,3.768447e-10,4.733129e-08,9.647223e-08
892076032,4913633,7136608256,181170903,1.508569e-01,6.248011e-02,1.097284e-09,3.955852e-10,4.819459e-08,1.012698e-07
892338176,4913669,7138705408,181224327,1.508572e-01,6.247990e-02,1.076651e-09,4.040770e-10,4.728833e-08,1.034437e-07
892600320,4913689,7140802560,181277540,1.508575e-01,6.247972e-02,1.058151e-09,4.111468e-10,4.647579e-08,1.052536e-07
892862464,4913784,7142899712,181330132,1.508571e-01,6.247912e-02,1.082526e-09,4.359849e-10,4.754638e-08,1.116121e-07
893124608,4913837,7144996864,181383034,1.508570e-01,6.247894e-02,1.091369e-09,4.434842e-10,4.793478e-08,1.135320e-07
893386752,4913938,7147094016,181437057,1.508577e-01,6.247932e-02,1.044622e-09,4.274706e-10,4.588159e-08,1.094325e-07
893648896,4914161,7149191168,181490418,1.508592e-01,6.247997e-02,9.496013e-10,4.013856e-10,4.170810e-08,1.027547e-07
893911040,4914347,7151288320,181542705,1.508577e-01,6.247929e-02,1.040773e-09,4.287038e-10,4.571252e-08,1.097482e-07
894173184,4914408,7153385472,181595606,1.508571e-01,6.247897e-02,1.082526e-09,4.422299e-10,4.754638e-08,1.132109e-07
894435328,4914544,7155482624,181648714,1.508573e-01,6.247880e-02,1.067868e-09,4.494666e-10,4.690256e-08,1.150634e-07
894697472,4914611,7157579776,181702252,1.508575e-01,6.247897e-02,1.053309e-09,4.420733e-10,4.626314e-08,1.131708e-07
894959616,4914624,7159676928,181755596,1.508576e-01,6.247853e-02,1.047514e-09,4.610714e-10,4.600860e-08,1.180343e-07
895221760,4914743,7161774080,181809065,1.508581e-01,6.247849e-02,1.019729e-09,4.626726e-10,4.478821e-08,1.184442e-07
895483904,4914766,7163871232,181862259,1.508581e-01,6.247799e-02,1.018777e-09,4.845607e-10,4.474642e-08,1.240475e-07
895746048,4914816,7165968384,181915218,1.508575e-01,6.247724e-02,1.054277e-09,5.179174e-10,4.630563e-08,1.325868e-07
896008192,4914897,7168065536,181968889,1.508581e-01,6.247758e-02,1.015925e-09,5.026025e-10,4.462117e-08,1.286662e-07
896270336,4914986,7170162688,182022212,1.508582e-01,6.247779e-02,1.012129e-09,4.934576e-10,4.445443e-08,1.263251e-07
896532480,4915122,7172259840,182076183,1.508582e-01,6.247789e-02,1.009287e-09,4.889991e-10,4.432959e-08,1.251838e-07
896794624,4915125,7174356992,182129995,1.508586e-01,6.247788e-02,9.857557e-10,4.891638e-10,4.329607e-08,1.252259e-07
897056768,4915129,7176454144,182182710,1.508583e-01,6.247789e-02,1.002670e-09,4.889991e-10,4.403898e-08,1.251838e-07
897318912,4915357,7178551296,182236603,1.508585e-01,6.247771e-02,9.913779e-10,4.969394e-10,4.354300e-08,1.272165e-07
897581056,4915389,7180648448,182290108,1.508583e-01,6.247723e-02,1.007394e-09,5.182565e-10,4.424646e-08,1.326737e-07
897843200,4915428,7182745600,182343990,1.508597e-01,6.247747e-02,9.186332e-10,5.077938e-10,4.034793e-08,1.299952e-07
898105344,4915675,7184842752,182397976,1.508599e-01,6.247795e-02,9.060308e-10,4.862022e-10,3.979441e-08,1.244678e-07
898367488,4915686,7186939904,182451164,1.508597e-01,6.247775e-02,9.195367e-10,4.952799e-10,4.038761e-08,1.267916e-07
898629632,4915835,7189037056,182504327,1.508590e-01,6.247765e-02,9.625021e-10,4.994338e-10,4.227473e-08,1.278551e-07
898891776,4915839,7191134208,182558131,1.508600e-01,6.247768e-02,9.015511e-10,4.982690e-10,3.959765e-08,1.275569e-07
899153920,4915850,7193231360,182610964,1.508598e-01,6.247832e-02,9.123211e-10,4.700740e-10,4.007069e-08,1.203389e-07
899416064,4916040,7195328512,182664201,1.508606e-01,6.247856e-02,8.626080e-10,4.594730e-10,3.788720e-08,1.176251e-07
899678208,4916461,7197425664,182717251,1.508598e-01,6.247815e-02,9.087240e-10,4.773713e-10,3.991270e-08,1.222070e-07
899940352,4916674,7199522816,182770775,1.508597e-01,6.247865e-02,9.150236e-10,4.558071e-10,4.018939e-08,1.166866e-07
900202496,4920618,7201619968,182823842,1.508593e-01,6.247813e-02,9.431835e-10,4.783485e-10,4.142622e-08,1.224572e-07
900464640,4921142,7203717120,182877540,1.508592e-01,6.247796e-02,9.505199e-10,4.858737e-10,4.174845e-08,1.243837e-07
900726784,4921612,7205814272,182931395,1.508598e-01,6.247864e-02,9.105217e-10,4.561252e-10,3.999166e-08,1.167681e-07
900988928,4923271,7207911424,182984513,1.508592e-01,6.247855e-02,9.486831e-10,4.599522e-10,4.166778e-08,1.177478e-07
901251072,4943685,7210008576,183038175,1.508592e-01,6.247860e-02,9.477654e-10,4.578773e-10,4.162747e-08,1.172166e-07
901513216,4946136,7212105728,183091374,1.508595e-01,6.247859e-02,9.322323e-10,4.585152e-10,4.094523e-08,1.173799e-07
901775360,4948267,7214202880,183144475,1.508595e-01,6.247826e-02,9.267807e-10,4.726621e-10,4.070578e-08,1.210015e-07
902037504,4960784,7216300032,183197837,1.508599e-01,6.247834e-02,9.042376e-10,4.692666e-10,3.971565e-08,1.201323e-07
902299648,4966429,7218397184,183251240,1.508602e-01,6.247845e-02,8.864030e-10,4.645977e-10,3.893232e-08,1.189370e-07
902561792,4966745,7220494336,183304604,1.508595e-01,6.247815e-02,9.285961e-10,4.775341e-10,4.078552e-08,1.222487e-07
902823936,4968627,7222591488,183357959,1.508591e-01,6.247810e-02,9.514389e-10,4.794898e-10,4.178881e-08,1.227494e-07
903086080,4971215,7224688640,183411689,1.508600e-01,6.247837e-02,9.015511e-10,4.678152e-10,3.959765e-08,1.197607e-07
903348224,4978288,7226785792,183465672,1.508603e-01,6.247860e-02,8.802028e-10,4.580367e-10,3.866000e-08,1.172574e-07
903610368,4986292,7228882944,183519662,1.508608e-01,6.247891e-02,8.495284e-10,4.445833e-10,3.731273e-08,1.138133e-07
903872512,4993420,7230980096,183572824,1.508607e-01,6.247871e-02,8.564918e-10,4.534242e-10,3.761858e-08,1.160766e-07
904134656,5001402,7233077248,183626179,1.508607e-01,6.247863e-02,8.582370e-10,4.566028e-10,3.769523e-08,1.168903e-07
904396800,5003078,7235174400,183679029,1.508606e-01,6.247916e-02,8.661127e-10,4.342753e-10,3.804114e-08,1.111745e-07
904658944,5003884,7237271552,183731562,1.508608e-01,6.247885e-02,8.503973e-10,4.472579e-10,3.735089e-08,1.144980e-07
904921088,5003948,7239368704,183784600,1.508609e-01,6.247907e-02,8.469245e-10,4.380097e-10,3.719836e-08,1.121305e-07
905183232,5004115,7241465856,183837350,1.508600e-01,6.247828e-02,8.979752e-10,4.718526e-10,3.944060e-08,1.207943e-07
905445376,5004133,7243563008,183890097,1.508601e-01,6.247821e-02,8.935155e-10,4.749326e-10,3.924471e-08,1.215827e-07
905707520,5004317,7245660160,183943260,1.508601e-01,6.247803e-02,8.917347e-10,4.827583e-10,3.916650e-08,1.235861e-07
905969664,5004550,7247757312,183996626,1.508608e-01,6.247806e-02,8.538772e-10,4.814496e-10,3.750374e-08,1.232511e-07
906231808,5004678,7249854464,184050137,1.508606e-01,6.247818e-02,8.652359e-10,4.760699e-10,3.800263e-08,1.218739e-07
906493952,5004697,7251951616,184103474,1.508605e-01,6.247862e-02,8.687460e-10,4.569212e-10,3.815680e-08,1.169718e-07
906756096,5004775,7254048768,184157279,1.508612e-01,6.247906e-02,8.313850e-10,4.383216e-10,3.651584e-08,1.122103e-07
907018240,5004911,7256145920,184210845,1.508611e-01,6.247893e-02,8.356871e-10,4.437981e-10,3.670480e-08,1.136123e-07
907280384,5005102,7258243072,184263861,1.508614e-01,6.247892e-02,8.202514e-10,4.442691e-10,3.602684e-08,1.137329e-07
907542528,5005180,7260340224,184316765,1.508613e-01,6.247893e-02,8.236691e-10,4.437981e-10,3.617695e-08,1.136123e-07
907804672,5005263,7262437376,184369811,1.508615e-01,6.247905e-02,8.100409e-10,4.389458e-10,3.557837e-08,1.123701e-07
908066816,5005739,7264534528,184423412,1.508611e-01,6.247929e-02,8.374110e-10,4.287038e-10,3.678052e-08,1.097482e-07
908328960,5005761,7266631680,184476367,1.508607e-01,6.247871e-02,8.556198e-10,4.531069e-10,3.758027e-08,1.159954e-07
908591104,5005842,7268728832,184529933,1.508608e-01,6.247883e-02,8.538772e-10,4.482038e-10,3.750374e-08,1.147402e-07
908853248,5006052,7270825984,184583672,1.508611e-01,6.247915e-02,8.339649e-10,4.345859e-10,3.662915e-08,1.112540e-07
909115392,5006145,7272923136,184636519,1.508607e-01,6.247910e-02,8.564918e-10,4.366074e-10,3.761858e-08,1.117715e-07
909377536,5006253,7275020288,184689949,1.508605e-01,6.247924e-02,8.696246e-10,4.310209e-10,3.819539e-08,1.103413e-07
909639680,5006329,7277117440,184743473,1.508609e-01,6.247963e-02,8.460574e-10,4.150841e-10,3.716028e-08,1.062615e-07
909901824,5006826,7279214592,184795996,1.508601e-01,6.247948e-02,8.926249e-10,4.211781e-10,3.920560e-08,1.078216e-07
910163968,5006915,7281311744,184848545,1.508595e-01,6.247919e-02,9.313226e-10,4.331892e-10,4.090527e-08,1.108964e-07
910426112,5007065,7283408896,184901806,1.508594e-01,6.247929e-02,9.376999e-10,4.290124e-10,4.118537e-08,1.098272e-07
910688256,5007346,7285506048,184955246,1.508607e-01,6.247967e-02,8.591103e-10,4.132645e-10,3.773359e-08,1.057957e-07
910950400,5007647,7287603200,185008335,1.508597e-01,6.247924e-02,9.186332e-10,4.310209e-10,4.034793e-08,1.103413e-07
911212544,5007710,7289700352,185061598,1.508598e-01,6.247899e-02,9.096226e-10,4.414469e-10,3.995217e-08,1.130104e-07
911474688,5007732,7291797504,185115289,1.508606e-01,6.247947e-02,8.661127e-10,4.214840e-10,3.804114e-08,1.078999e-07
911736832,5007839,7293894656,185168866,1.508600e-01,6.247920e-02,9.006564e-10,4.325691e-10,3.955836e-08,1.107377e-07
911998976,5007860,7295991808,185222735,1.508603e-01,6.247956e-02,8.810872e-10,4.179732e-10,3.869885e-08,1.070011e-07
912261120,5007967,7298088960,185276315,1.508610e-01,6.247957e-02,8.434589e-10,4.173641e-10,3.704615e-08,1.068452e-07
912523264,5007992,7300186112,185329487,1.508613e-01,6.247948e-02,8.211052e-10,4.210252e-10,3.606433e-08,1.077825e-07
912785408,5008031,7302283264,185382823,1.508611e-01,6.247937e-02,8.374110e-10,4.257777e-10,3.678052e-08,1.089991e-07
913047552,5008038,7304380416,185436614,1.508621e-01,6.247955e-02,7.781296e-10,4.182779e-10,3.417678e-08,1.070791e-07
913309696,5008291,7306477568,185489444,1.508616e-01,6.247898e-02,8.066516e-10,4.417600e-10,3.542951e-08,1.130906e-07
913571840,5008770,7308574720,185542732,1.508617e-01,6.247915e-02,7.990517e-10,4.345859e-10,3.509571e-08,1.112540e-07
913833984,5009079,7310671872,185595833,1.508617e-01,6.247948e-02,7.990517e-10,4.210252e-10,3.509571e-08,1.077825e-07
914096128,5009276,7312769024,185649511,1.508630e-01,6.247994e-02,7.298537e-10,4.024312e-10,3.205642e-08,1.030224e-07
914358272,5010061,7314866176,185702861,1.508634e-01,6.248002e-02,7.082770e-10,3.992986e-10,3.110873e-08,1.022204e-07
914620416,5012164,7316963328,185755961,1.508635e-01,6.247982e-02,7.019461e-10,4.073786e-10,3.083066e-08,1.042889e-07
914882560,5013241,7319060480,185809193,1.508637e-01,6.247943e-02,6.909353e-10,4.231682e-10,3.034705e-08,1.083311e-07
915144704,5015925,7321157632,185862626,1.508635e-01,6.247958e-02,6.995793e-10,4.170598e-10,3.072671e-08,1.067673e-07
915406848,5020613,7323254784,185915795,1.508640e-01,6.247934e-02,6.745824e-10,4.270085e-10,2.962880e-08,1.093142e-07
915668992,5026458,7325351936,185969109,1.508634e-01,6.247889e-02,7.051080e-10,4.456836e-10,3.096954e-08,1.140950e-07
915931136,5033495,7327449088,186022351,1.508629e-01,6.247852e-02,7.363090e-10,4.612314e-10,3.233994e-08,1.180752e-07
916193280,5047838,7329546240,186074968,1.508613e-01,6.247796e-02,8.219594e-10,4.855453e-10,3.610186e-08,1.242996e-07
916455424,5050008,7331643392,186128733,1.508625e-01,6.247822e-02,7.542076e-10,4.742833e-10,3.312608e-08,1.214165e-07
916717568,5057731,7333740544,186182534,1.508622e-01,6.247779e-02,7.731495e-10,4.934576e-10,3.395804e-08,1.263251e-07
916979712,5063014,7335837696,186235847,1.508622e-01,6.247764e-02,7.739784e-10,4.997669e-10,3.399445e-08,1.279403e-07
917241856,5065075,7337934848,186288685,1.508619e-01,6.247758e-02,7.914878e-10,5.024354e-10,3.476348e-08,1.286235e-07
917504000,5066018,7340032000,186341416,1.508611e-01,6.247746e-02,8.365488e-10,5.079617e-10,3.674264e-08,1.300382e-07
917766144,5067856,7342129152,186394693,1.508614e-01,6.247701e-02,8.176928e-10,5.283121e-10,3.591446e-08,1.352479e-07
918028288,5069030,7344226304,186448528,1.508621e-01,6.247699e-02,7.806256e-10,5.296830e-10,3.428640e-08,1.355989e-07
918290432,5069290,7346323456,186501974,1.508629e-01,6.247733e-02,7.363090e-10,5.140249e-10,3.233994e-08,1.315904e-07
918552576,5071960,7348420608,186555035,1.508629e-01,6.247725e-02,7.330778e-10,5.175783e-10,3.219802e-08,1.325000e-07
918814720,5089040,7350517760,186607946,1.508627e-01,6.247730e-02,7.436052e-10,5.152080e-10,3.266040e-08,1.318932e-07
919076864,5089506,7352614912,186661032,1.508626e-01,6.247710e-02,7.517542e-10,5.242101e-10,3.301832e-08,1.341978e-07
919339008,5090055,7354712064,186714618,1.508626e-01,6.247685e-02,7.517542e-10,5.360465e-10,3.301832e-08,1.372279e-07
919601152,5090382,7356809216,186768303,1.508622e-01,6.247677e-02,7.714931e-10,5.396752e-10,3.388529e-08,1.381568e-07
919863296,5091189,7358906368,186821453,1.508621e-01,6.247692e-02,7.797931e-10,5.326021e-10,3.424984e-08,1.363461e-07
920125440,5091281,7361003520,186874830,1.508626e-01,6.247696e-02,7.509373e-10,5.308840e-10,3.298244e-08,1.359063e-07
920387584,5091349,7363100672,186928799,1.508628e-01,6.247701e-02,7.387371e-10,5.284834e-10,3.244659e-08,1.352917e-07
920649728,5091810,7365197824,186982860,1.508636e-01,6.247709e-02,6.948577e-10,5.250633e-10,3.051933e-08,1.344162e-07
920911872,5092598,7367294976,187036722,1.508648e-01,6.247766e-02,6.326815e-10,4.992673e-10,2.778845e-08,1.278124e-07
921174016,5092612,7369392128,187089560,1.508640e-01,6.247708e-02,6.761314e-10,5.254048e-10,2.969684e-08,1.345036e-07
921436160,5092860,7371489280,187142815,1.508643e-01,6.247752e-02,6.591903e-10,5.054460e-10,2.895276e-08,1.293942e-07
921698304,5092942,7373586432,187195911,1.508637e-01,6.247721e-02,6.925029e-10,5.192747e-10,3.041590e-08,1.329343e-07
921960448,5093071,7375683584,187249394,1.508634e-01,6.247688e-02,7.058996e-10,5.344952e-10,3.100431e-08,1.368308e-07
922222592,5093115,7377780736,187302880,1.508634e-01,6.247712e-02,7.090704e-10,5.233575e-10,3.114357e-08,1.339795e-07
922484736,5093258,7379877888,187355953,1.508633e-01,6.247662e-02,7.114531e-10,5.466207e-10,3.124823e-08,1.399349e-07
922746880,5093628,7381975040,187409624,1.508643e-01,6.247696e-02,6.607215e-10,5.307124e-10,2.902001e-08,1.358624e-07
923009024,5094018,7384072192,187462609,1.508644e-01,6.247718e-02,6.530831e-10,5.206339e-10,2.868452e-08,1.332823e-07
923271168,5094348,7386169344,187515905,1.508642e-01,6.247723e-02,6.668641e-10,5.182565e-10,2.928980e-08,1.326737e-07
923533312,5094478,7388266496,187568979,1.508636e-01,6.247737e-02,6.972165e-10,5.121684e-10,3.062294e-08,1.311151e-07
923795456,5094657,7390363648,187622412,1.508632e-01,6.247730e-02,7.170284e-10,5.152080e-10,3.149311e-08,1.318932e-07
924057600,5094736,7392460800,187675762,1.508635e-01,6.247735e-02,7.003678e-10,5.130119e-10,3.076134e-08,1.313310e-07
924319744,5095008,7394557952,187728636,1.508631e-01,6.247770e-02,7.218246e-10,4.971055e-10,3.170376e-08,1.272590e-07
924581888,5095013,7396655104,187782049,1.508636e-01,6.247789e-02,6.964298e-10,4.886696e-10,3.058838e-08,1.250994e-07
924844032,5095254,7398752256,187835304,1.508636e-01,6.247826e-02,6.964298e-10,4.726621e-10,3.058838e-08,1.210015e-07
925106176,5095373,7400849408,187888262,1.508633e-01,6.247829e-02,7.138399e-10,4.712054e-10,3.135306e-08,1.206286e-07
925368320,5095497,7402946560,187941614,1.508634e-01,6.247818e-02,7.090704e-10,4.759073e-10,3.114357e-08,1.218323e-07
925630464,5095521,7405043712,187994338,1.508632e-01,6.247820e-02,7.170284e-10,4.750950e-10,3.149311e-08,1.216243e-07
925892608,5095594,7407140864,188047812,1.508635e-01,6.247849e-02,7.011567e-10,4.628329e-10,3.079600e-08,1.184852e-07
926154752,5095631,7409238016,188100755,1.508629e-01,6.247813e-02,7.314649e-10,4.783485e-10,3.212718e-08,1.224572e-07
926416896,5095653,7411335168,188154217,1.508624e-01,6.247831e-02,7.607694e-10,4.703971e-10,3.341428e-08,1.204217e-07
926679040,5095711,7413432320,188207386,1.508621e-01,6.247853e-02,7.789611e-10,4.607515e-10,3.421329e-08,1.179524e-07
926941184,5095824,7415529472,188261004,1.508610e-01,6.247867e-02,8.391368e-10,4.550121e-10,3.685631e-08,1.164831e-07
927203328,5095991,7417626624,188314428,1.508611e-01,6.247875e-02,8.356871e-10,4.516807e-10,3.670480e-08,1.156303e-07
927465472,5096278,7419723776,188367750,1.508611e-01,6.247883e-02,8.356871e-10,4.480461e-10,3.670480e-08,1.146998e-07
927727616,5096376,7421820928,188421479,1.508617e-01,6.247886e-02,8.015810e-10,4.469428e-10,3.520680e-08,1.144174e-07
927989760,5096464,7423918080,188474327,1.508613e-01,6.247913e-02,8.253807e-10,4.355183e-10,3.625212e-08,1.114927e-07
928251904,5096518,7426015232,188527552,1.508613e-01,6.247927e-02,8.253807e-10,4.296299e-10,3.625212e-08,1.099853e-07
928514048,5096594,7428112384,188581126,1.508618e-01,6.247941e-02,7.956855e-10,4.240883e-10,3.494786e-08,1.085666e-07
928776192,5096716,7430209536,188634343,1.508613e-01,6.247901e-02,8.236691e-10,4.406645e-10,3.617695e-08,1.128101e-07
929038336,5096721,7432306688,188687643,1.508620e-01,6.247900e-02,7.856296e-10,4.409774e-10,3.450618e-08,1.128902e-07
929300480,5096729,7434403840,188741186,1.508622e-01,6.247944e-02,7.731495e-10,4.225554e-10,3.395804e-08,1.081742e-07
929562624,5096823,7436500992,188794464,1.508622e-01,6.247909e-02,7.739784e-10,4.373862e-10,3.399445e-08,1.119709e-07
929824768,5096994,7438598144,188847883,1.508624e-01,6.247940e-02,7.624144e-10,4.242418e-10,3.348653e-08,1.086059e-07
930086912,5097050,7440695296,188901004,1.508626e-01,6.247956e-02,7.484893e-10,4.179732e-10,3.287492e-08,1.070011e-07
930349056,5097058,7442792448,188954431,1.508624e-01,6.247963e-02,7.615917e-10,4.150841e-10,3.345040e-08,1.062615e-07
930611200,5097108,7444889600,189008215,1.508621e-01,6.247937e-02,7.764678e-10,4.254703e-10,3.410378e-08,1.089204e-07
930873344,5097300,7446986752,189062289,1.508629e-01,6.247963e-02,7.363090e-10,4.147805e-10,3.233994e-08,1.061838e-07
931135488,5097305,7449083904,189115889,1.508631e-01,6.247981e-02,7.234269e-10,4.078299e-10,3.177414e-08,1.044044e-07
931397632,5097403,7451181056,189169221,1.508630e-01,6.248006e-02,7.306591e-10,3.976626e-10,3.209179e-08,1.018016e-07
931659776,5097619,7453278208,189222452,1.508627e-01,6.248013e-02,7.427927e-10,3.948447e-10,3.262472e-08,1.010802e-07
931921920,5097647,7455375360,189275496,1.508626e-01,6.247984e-02,7.525716e-10,4.063266e-10,3.305422e-08,1.040196e-07
932184064,5097713,7457472512,189328472,1.508629e-01,6.247951e-02,7.322711e-10,4.198031e-10,3.216259e-08,1.074696e-07
932446208,5097753,7459569664,189381335,1.508627e-01,6.247982e-02,7.436052e-10,4.073786e-10,3.266040e-08,1.042889e-07
932708352,5097781,7461666816,189434891,1.508624e-01,6.247966e-02,7.591263e-10,4.135675e-10,3.334211e-08,1.058733e-07
932970496,5097914,7463763968,189488012,1.508617e-01,6.247983e-02,8.024250e-10,4.069276e-10,3.524387e-08,1.041735e-07
933232640,5098443,7465861120,189541202,1.508617e-01,6.248010e-02,8.015810e-10,3.958817e-10,3.520680e-08,1.013457e-07
933494784,5098679,7467958272,189594306,1.508612e-01,6.247977e-02,8.296672e-10,4.091852e-10,3.644039e-08,1.047514e-07
933756928,5099539,7470055424,189647194,1.508600e-01,6.247903e-02,9.024461e-10,4.397266e-10,3.963696e-08,1.125700e-07
934019072,5100223,7472152576,189700316,1.508600e-01,6.247908e-02,8.979752e-10,4.376979e-10,3.944060e-08,1.120507e-07
934281216,5101903,7474249728,189753810,1.508610e-01,6.247903e-02,8.425936e-10,4.398829e-10,3.700814e-08,1.126100e-07
934543360,5102582,7476346880,189807186,1.508606e-01,6.247888e-02,8.643595e-10,4.459982e-10,3.796413e-08,1.141755e-07
934805504,5122111,7478444032,189860732,1.508602e-01,6.247843e-02,8.890668e-10,4.652403e-10,3.904932e-08,1.191015e-07
935067648,5124580,7480541184,189913993,1.508604e-01,6.247837e-02,8.731436e-10,4.678152e-10,3.834995e-08,1.197607e-07
935329792,5129993,7482638336,189966695,1.508601e-01,6.247837e-02,8.961900e-10,4.678152e-10,3.936219e-08,1.197607e-07
935591936,5139208,7484735488,190020441,1.508604e-01,6.247851e-02,8.775523e-10,4.620318e-10,3.854358e-08,1.182801e-07
935854080,5144869,7486832640,190073516,1.508605e-01,6.247882e-02,8.669900e-10,4.485193e-10,3.807967e-08,1.148209e-07
936116224,5145208,7488929792,190126468,1.508607e-01,6.247907e-02,8.564918e-10,4.381656e-10,3.761858e-08,1.121704e-07
936378368,5149892,7491026944,190179468,1.508602e-01,6.247888e-02,8.899557e-10,4.461556e-10,3.908837e-08,1.142158e-07
936640512,5150404,7493124096,190232468,1.508594e-01,6.247883e-02,9.358756e-10,4.482038e-10,4.110525e-08,1.147402e-07
936902656,5156726,7495221248,190285652,1.508586e-01,6.247875e-02,9.876280e-10,4.516807e-10,4.337830e-08,1.156303e-07
937164800,5164691,7497318400,190339070,1.508584e-01,6.247838e-02,9.951349e-10,4.673318e-10,4.370801e-08,1.196370e-07
937426944,5171824,7499415552,190391913,1.508580e-01,6.247827e-02,1.021633e-09,4.720144e-10,4.487185e-08,1.208357e-07
937689088,5179790,7501512704,190445133,1.508583e-01,6.247786e-02,1.007394e-09,4.899881e-10,4.424646e-08,1.254370e-07
937951232,5181547,7503609856,190498078,1.508577e-01,6.247780e-02,1.043659e-09,4.929612e-10,4.583929e-08,1.261981e-07
938213376,5182206,7505707008,190551095,1.508574e-01,6.247742e-02,1.060091e-09,5.098105e-10,4.656099e-08,1.305115e-07
938475520,5182278,7507804160,190603516,1.508570e-01,6.247705e-02,1.091369e-09,5.267720e-10,4.793478e-08,1.348536e-07
938737664,5182578,7509901312,190656378,1.508567e-01,6.247725e-02,1.108170e-09,5.175783e-10,4.867273e-08,1.325000e-07
938999808,5182669,7511998464,190709635,1.508569e-01,6.247688e-02,1.094325e-09,5.343229e-10,4.806460e-08,1.367867e-07
939261952,5182700,7514095616,190763231,1.508573e-01,6.247685e-02,1.069816e-09,5.357016e-10,4.698816e-08,1.371396e-07
939524096,5182977,7516192768,190816179,1.508570e-01,6.247623e-02,1.091369e-09,5.650641e-10,4.793478e-08,1.446564e-07
939786240,5183155,7518289920,190868957,1.508561e-01,6.247553e-02,1.147200e-09,5.986687e-10,5.038697e-08,1.532592e-07
940048384,5183160,7520387072,190922868,1.508561e-01,6.247555e-02,1.150230e-09,5.979397e-10,5.052006e-08,1.530726e-07
940310528,5183260,7522484224,190975965,1.508560e-01,6.247551e-02,1.154277e-09,5.999454e-10,5.069779e-08,1.535860e-07
940572672,5183406,7524581376,191029118,1.508557e-01,6.247515e-02,1.175638e-09,6.174075e-10,5.163600e-08,1.580563e-07
940834816,5183459,7526678528,191082394,1.508552e-01,6.247487e-02,1.210637e-09,6.313703e-10,5.317324e-08,1.616308e-07
941096960,5183751,7528775680,191135509,1.508551e-01,6.247497e-02,1.215827e-09,6.265122e-10,5.340120e-08,1.603871e-07
941359104,5183973,7530872832,191188348,1.508548e-01,6.247454e-02,1.235652e-09,6.481420e-10,5.427193e-08,1.659244e-07
941621248,5184049,7532969984,191241745,1.508555e-01,6.247518e-02,1.191015e-09,6.159274e-10,5.231142e-08,1.576774e-07
941883392,5184191,7535067136,191294815,1.508559e-01,6.247512e-02,1.162391e-09,6.192602e-10,5.105419e-08,1.585306e-07
942145536,5184241,7537164288,191348539,1.508561e-01,6.247516e-02,1.149220e-09,6.168522e-10,5.047567e-08,1.579142e-07
942407680,5184474,7539261440,191402074,1.508566e-01,6.247506e-02,1.115126e-09,6.220444e-10,4.897823e-08,1.592434e-07
942669824,5184623,7541358592,191455145,1.508564e-01,6.247500e-02,1.128101e-09,6.250211e-10,4.954812e-08,1.600054e-07
942931968,5184738,7543455744,191508335,1.508572e-01,6.247523e-02,1.074696e-09,6.137105e-10,4.720247e-08,1.571099e-07
943194112,5185316,7545552896,191561194,1.508570e-01,6.247467e-02,1.088417e-09,6.415202e-10,4.780514e-08,1.642292e-07
943456256,5185435,7547650048,191614684,1.508574e-01,6.247480e-02,1.059121e-09,6.349323e-10,4.651838e-08,1.625427e-07
943718400,5185563,7549747200,191667950,1.508578e-01,6.247465e-02,1.038851e-09,6.424641e-10,4.562810e-08,1.644708e-07
943980544,5185975,7551844352,191721567,1.508583e-01,6.247474e-02,1.003614e-09,6.383161e-10,4.408044e-08,1.634089e-07
944242688,5186126,7553941504,191774841,1.508580e-01,6.247432e-02,1.022586e-09,6.593815e-10,4.491370e-08,1.688017e-07
944504832,5186279,7556038656,191827922,1.508580e-01,6.247444e-02,1.022586e-09,6.534640e-10,4.491370e-08,1.672868e-07
944766976,5186308,7558135808,191881870,1.508587e-01,6.247481e-02,9.820165e-10,6.345569e-10,4.313183e-08,1.624466e-07
945029120,5186439,7560232960,191935261,1.508591e-01,6.247519e-02,9.551195e-10,6.153728e-10,4.195048e-08,1.575354e-07
945291264,5186493,7562330112,191988631,1.508596e-01,6.247527e-02,9.258736e-10,6.116818e-10,4.066594e-08,1.565905e-07
945553408,5186556,7564427264,192041649,1.508598e-01,6.247520e-02,9.096226e-10,6.150032e-10,3.995217e-08,1.574408e-07
945815552,5186591,7566524416,192095180,1.508600e-01,6.247529e-02,8.979752e-10,6.105767e-10,3.944060e-08,1.563076e-07
946077696,5186593,7568621568,192148419,1.508600e-01,6.247544e-02,8.997623e-10,6.034178e-10,3.951909e-08,1.544750e-07
946339840,5186766,7570718720,192201338,1.508603e-01,6.247545e-02,8.802028e-10,6.026860e-10,3.866000e-08,1.542876e-07
946601984,5187233,7572815872,192253987,1.508596e-01,6.247482e-02,9.231551e-10,6.338064e-10,4.054654e-08,1.622544e-07
946864128,5187661,7574913024,192307311,1.508598e-01,6.247506e-02,9.123211e-10,6.218586e-10,4.007069e-08,1.591958e-07
947126272,5187728,7577010176,192360421,1.508592e-01,6.247500e-02,9.459313e-10,6.248349e-10,4.154691e-08,1.599577e-07
947388416,5188149,7579107328,192413480,1.508590e-01,6.247528e-02,9.615777e-10,6.113133e-10,4.223413e-08,1.564962e-07
947650560,5188682,7581204480,192466458,1.508586e-01,6.247544e-02,9.866916e-10,6.030518e-10,4.333717e-08,1.543813e-07
947912704,5189607,7583301632,192520391,1.508587e-01,6.247598e-02,9.782843e-10,5.771716e-10,4.296791e-08,1.477559e-07
948174848,5190586,7585398784,192573715,1.508591e-01,6.247574e-02,9.541987e-10,5.883227e-10,4.191003e-08,1.506106e-07
948436992,5194434,7587495936,192627375,1.508596e-01,6.247616e-02,9.231551e-10,5.684342e-10,4.054654e-08,1.455192e-07
948699136,5194931,7589593088,192681482,1.508612e-01,6.247678e-02,8.279513e-10,5.391561e-10,3.636502e-08,1.380239e-07
948961280,5199206,7591690240,192734850,1.508608e-01,6.247639e-02,8.521364e-10,5.576500e-10,3.742728e-08,1.427584e-07
949223424,5204914,7593787392,192788247,1.508613e-01,6.247642e-02,8.228140e-10,5.558920e-10,3.613939e-08,1.423084e-07
949485568,5211970,7595884544,192841380,1.508613e-01,6.247632e-02,8.211052e-10,5.608215e-10,3.606433e-08,1.435703e-07
949747712,5226253,7597981696,192895216,1.508620e-01,6.247625e-02,7.814585e-10,5.640020e-10,3.432298e-08,1.443845e-07
950009856,5231679,7600078848,192948420,1.508618e-01,6.247599e-02,7.940051e-10,5.766348e-10,3.487405e-08,1.476185e-07
950272000,5236181,7602176000,193001625,1.508617e-01,6.247569e-02,8.032695e-10,5.910366e-10,3.528096e-08,1.513054e-07
950534144,5241526,7604273152,193054647,1.508616e-01,6.247547e-02,8.058054e-10,6.019545e-10,3.539234e-08,1.541004e-07
950796288,5243575,7606370304,193107019,1.508612e-01,6.247551e-02,8.313850e-10,5.995805e-10,3.651584e-08,1.534926e-07
951058432,5244486,7608467456,193159995,1.508606e-01,6.247503e-02,8.643595e-10,6.237180e-10,3.796413e-08,1.596718e-07
951320576,5246319,7610564608,193213326,1.508606e-01,6.247541e-02,8.617329e-10,6.048829e-10,3.784877e-08,1.548500e-07
951582720,5247414,7612661760,193266494,1.508613e-01,6.247565e-02,8.228140e-10,5.928493e-10,3.613939e-08,1.517694e-07
951844864,5247700,7614758912,193319897,1.508613e-01,6.247576e-02,8.236691e-10,5.876001e-10,3.617695e-08,1.504256e-07
952107008,5250277,7616856064,193373151,1.508613e-01,6.247574e-02,8.253807e-10,5.886842e-10,3.625212e-08,1.507032e-07
952369152,5270706,7618953216,193426067,1.508614e-01,6.247587e-02,8.185452e-10,5.821944e-10,3.595190e-08,1.490418e-07
952631296,5271090,7621050368,193478826,1.508602e-01,6.247510e-02,8.899557e-10,6.201876e-10,3.908837e-08,1.587680e-07
952893440,5271694,7623147520,193532140,1.508601e-01,6.247488e-02,8.917347e-10,6.309959e-10,3.916650e-08,1.615350e-07
953155584,5272003,7625244672,193585038,1.508593e-01,6.247467e-02,9.404397e-10,6.415202e-10,4.130571e-08,1.642292e-07
953417728,5272861,7627341824,193638242,1.508591e-01,6.247447e-02,9.569625e-10,6.515608e-10,4.203142e-08,1.667996e-07
953679872,5272876,7629438976,193691395,1.508593e-01,6.247444e-02,9.404397e-10,6.534640e-10,4.130571e-08,1.672868e-07
953942016,5273022,7631536128,193744697,1.508597e-01,6.247428e-02,9.159253e-10,6.614878e-10,4.022899e-08,1.693409e-07
954204160,5273441,7633633280,193798343,1.508602e-01,6.247464e-02,8.846293e-10,6.432197e-10,3.885442e-08,1.646642e-07
954466304,5274291,7635730432,193851800,1.508603e-01,6.247453e-02,8.828573e-10,6.489010e-10,3.877659e-08,1.661187e-07
954728448,5274366,7637827584,193904704,1.508598e-01,6.247455e-02,9.132215e-10,6.477627e-10,4.011024e-08,1.658273e-07
954990592,5274569,7639924736,193958336,1.508602e-01,6.247516e-02,8.881784e-10,6.168522e-10,3.901031e-08,1.579142e-07
955252736,5274717,7642021888,194011700,1.508594e-01,6.247489e-02,9.340531e-10,6.306217e-10,4.102519e-08,1.614391e-07
955514880,5274749,7644119040,194065190,1.508593e-01,6.247560e-02,9.422685e-10,5.952100e-10,4.138603e-08,1.523738e-07
955777024,5274768,7646216192,194118315,1.508593e-01,6.247534e-02,9.395260e-10,6.081857e-10,4.126558e-08,1.556955e-07
956039168,5275017,7648313344,194171450,1.508584e-01,6.247512e-02,9.970160e-10,6.192602e-10,4.379064e-08,1.585306e-07
956301312,5275298,7650410496,194224266,1.508575e-01,6.247451e-02,1.053309e-09,6.496604e-10,4.626314e-08,1.663131e-07
956563456,5275776,7652507648,194278075,1.508576e-01,6.247453e-02,1.049444e-09,6.487112e-10,4.609337e-08,1.660701e-07
956825600,5276134,7654604800,194331615,1.508580e-01,6.247461e-02,1.022586e-09,6.445431e-10,4.491370e-08,1.650030e-07
957087744,5276186,7656701952,194385270,1.508586e-01,6.247513e-02,9.885648e-10,6.187041e-10,4.341944e-08,1.583882e-07
957349888,5276493,7658799104,194439034,1.508582e-01,6.247480e-02,1.012129e-09,6.351201e-10,4.445443e-08,1.625907e-07
957612032,5276532,7660896256,194491867,1.508577e-01,6.247448e-02,1.039812e-09,6.513706e-10,4.567030e-08,1.667509e-07
957874176,5276599,7662993408,194545636,1.508580e-01,6.247444e-02,1.026401e-09,6.530831e-10,4.508128e-08,1.671893e-07
958136320,5276801,7665090560,194599012,1.508579e-01,6.247475e-02,1.029268e-09,6.375634e-10,4.520718e-08,1.632162e-07
958398464,5277031,7667187712,194652182,1.508581e-01,6.247530e-02,1.018777e-09,6.100245e-10,4.474642e-08,1.561663e-07
958660608,5277209,7669284864,194706190,1.508589e-01,6.247557e-02,9.662040e-10,5.966651e-10,4.243732e-08,1.527463e-07
958922752,5277307,7671382016,194759466,1.508591e-01,6.247555e-02,9.541987e-10,5.979397e-10,4.191003e-08,1.530726e-07
959184896,5277342,7673479168,194812901,1.508593e-01,6.247587e-02,9.450150e-10,5.821944e-10,4.150666e-08,1.490418e-07
959447040,5277350,7675576320,194865818,1.508582e-01,6.247562e-02,1.009287e-09,5.944831e-10,4.432959e-08,1.521877e-07
959709184,5277507,7677673472,194919660,1.508581e-01,6.247554e-02,1.016875e-09,5.981219e-10,4.466290e-08,1.531192e-07
959971328,5277509,7679770624,194972884,1.508587e-01,6.247568e-02,9.820165e-10,5.913989e-10,4.313183e-08,1.513981e-07
960233472,5277510,7681867776,195025612,1.508576e-01,6.247511e-02,1.049444e-09,6.194456e-10,4.609337e-08,1.585781e-07
960495616,5277650,7683964928,195079106,1.508569e-01,6.247499e-02,1.094325e-09,6.255801e-10,4.806460e-08,1.601485e-07
960757760,5277848,7686062080,195132570,1.508571e-01,6.247486e-02,1.080566e-09,6.321194e-10,4.746029e-08,1.618226e-07
961019904,5277901,7688159232,195185723,1.508575e-01,6.247536e-02,1.054277e-09,6.072673e-10,4.630563e-08,1.554604e-07
961282048,5278161,7690256384,195239118,1.508577e-01,6.247558e-02,1.043659e-09,5.961192e-10,4.583929e-08,1.526065e-07
961544192,5278205,7692353536,195292155,1.508576e-01,6.247547e-02,1.047514e-09,6.015890e-10,4.600860e-08,1.540068e-07
961806336,5278261,7694450688,195345271,1.508572e-01,6.247517e-02,1.072743e-09,6.162972e-10,4.711668e-08,1.577721e-07
962068480,5278439,7696547840,195398150,1.508571e-01,6.247546e-02,1.083507e-09,6.023202e-10,4.758946e-08,1.541940e-07
962330624,5278440,7698644992,195450973,1.508565e-01,6.247536e-02,1.120108e-09,6.069002e-10,4.919703e-08,1.553665e-07
962592768,5278535,7700742144,195504410,1.508563e-01,6.247520e-02,1.134115e-09,6.151880e-10,4.981226e-08,1.574881e-07
962854912,5278574,7702839296,195557549,1.508567e-01,6.247533e-02,1.109163e-09,6.085533e-10,4.871631e-08,1.557896e-07
963117056,5278581,7704936448,195611302,1.508570e-01,6.247549e-02,1.091369e-09,6.006756e-10,4.793478e-08,1.537730e-07
963379200,5278691,7707033600,195664632,1.508567e-01,6.247537e-02,1.108170e-09,6.067167e-10,4.867273e-08,1.553195e-07
963641344,5278755,7709130752,195718259,1.508574e-01,6.247585e-02,1.063976e-09,5.834535e-10,4.673162e-08,1.493641e-07
963903488,5278889,7711227904,195771708,1.508581e-01,6.247611e-02,1.014976e-09,5.709238e-10,4.457945e-08,1.461565e-07
964165632,5278895,7713325056,195825132,1.508584e-01,6.247621e-02,1.000784e-09,5.661273e-10,4.395612e-08,1.449286e-07
964427776,5278896,7715422208,195878839,1.508580e-01,6.247617e-02,1.023539e-09,5.677239e-10,4.495556e-08,1.453373e-07
964689920,5278964,7717519360,195932279,1.508577e-01,6.247637e-02,1.043659e-09,5.581780e-10,4.583929e-08,1.428936e-07
964952064,5279117,7719616512,195985984,1.508568e-01,6.247621e-02,1.104206e-09,5.661273e-10,4.849858e-08,1.449286e-07
965214208,5279130,7721713664,196038530,1.508562e-01,6.247573e-02,1.141151e-09,5.888650e-10,5.012131e-08,1.507494e-07
965476352,5279241,7723810816,196091529,1.508561e-01,6.247544e-02,1.148210e-09,6.034178e-10,5.043131e-08,1.544750e-07
965738496,5279503,7725907968,196144397,1.508559e-01,6.247513e-02,1.161375e-09,6.187041e-10,5.100957e-08,1.583882e-07
966000640,5279515,7728005120,196198221,1.508553e-01,6.247480e-02,1.206493e-09,6.351201e-10,5.299122e-08,1.625907e-07
966262784,5279618,7730102272,196251824,1.508551e-01,6.247497e-02,1.214788e-09,6.265122e-10,5.335557e-08,1.603871e-07
966524928,5279642,7732199424,196305207,1.508561e-01,6.247500e-02,1.151241e-09,6.248349e-10,5.056446e-08,1.599577e-07
966787072,5279663,7734296576,196358109,1.508555e-01,6.247450e-02,1.186905e-09,6.500402e-10,5.213087e-08,1.664103e-07
967049216,5279777,7736393728,196411726,1.508556e-01,6.247423e-02,1.184852e-09,6.641732e-10,5.204072e-08,1.700283e-07
967311360,5280346,7738490880,196465073,1.508554e-01,6.247383e-02,1.196163e-09,6.850725e-10,5.253753e-08,1.753786e-07
967573504,5280441,7740588032,196517955,1.508554e-01,6.247398e-02,1.199258e-09,6.772943e-10,5.267343e-08,1.733873e-07
967835648,5280566,7742685184,196571513,1.508558e-01,6.247421e-02,1.168496e-09,6.649415e-10,5.132231e-08,1.702250e-07
968097792,5284362,7744782336,196625055,1.508562e-01,6.247405e-02,1.143166e-09,6.732285e-10,5.020978e-08,1.723465e-07
968359936,5300516,7746879488,196678421,1.508566e-01,6.247390e-02,1.114131e-09,6.813723e-10,4.893452e-08,1.744313e-07
968622080,5303055,7748976640,196732008,1.508570e-01,6.247461e-02,1.088417e-09,6.445431e-10,4.780514e-08,1.650030e-07
968884224,5311620,7751073792,196785481,1.508568e-01,6.247434e-02,1.102226e-09,6.582341e-10,4.841163e-08,1.685079e-07
969146368,5317576,7753170944,196839649,1.508577e-01,6.247464e-02,1.045586e-09,6.432197e-10,4.592390e-08,1.646642e-07
969408512,5323324,7755268096,196892774,1.508581e-01,6.247485e-02,1.019729e-09,6.323067e-10,4.478821e-08,1.618705e-07
969670656,5323650,7757365248,196945983,1.508576e-01,6.247435e-02,1.047514e-09,6.580430e-10,4.600860e-08,1.684590e-07
969932800,5328459,7759462400,196998703,1.508568e-01,6.247404e-02,1.104206e-09,6.740020e-10,4.849858e-08,1.725445e-07
970194944,5332217,7761559552,197051705,1.508570e-01,6.247376e-02,1.089401e-09,6.883917e-10,4.784833e-08,1.762283e-07
970457088,5335156,7763656704,197105070,1.508572e-01,6.247358e-02,1.075673e-09,6.980037e-10,4.724539e-08,1.786889e-07
970719232,5343109,7765753856,197158028,1.508577e-01,6.247364e-02,1.039812e-09,6.946613e-10,4.567030e-08,1.778333e-07
970981376,5350232,7767851008,197211617,1.508579e-01,6.247369e-02,1.033096e-09,6.923069e-10,4.537531e-08,1.772306e-07
971243520,5358135,7769948160,197264513,1.508578e-01,6.247367e-02,1.035012e-09,6.932874e-10,4.545950e-08,1.774816e-07
971505664,5359933,7772045312,197318014,1.508579e-01,6.247367e-02,1.031181e-09,6.934836e-10,4.529121e-08,1.775318e-07
971767808,5360502,7774142464,197370696,1.508571e-01,6.247370e-02,1.080566e-09,6.919149e-10,4.746029e-08,1.771302e-07
972029952,5360585,7776239616,197424220,1.508573e-01,6.247377e-02,1.067868e-09,6.881962e-10,4.690256e-08,1.761782e-07
972292096,5361030,7778336768,197477627,1.508569e-01,6.247382e-02,1.092354e-09,6.854626e-10,4.797803e-08,1.754784e-07
972554240,5361061,7780433920,197531137,1.508569e-01,6.247355e-02,1.096297e-09,6.997763e-10,4.815124e-08,1.791427e-07
972816384,5361235,7782531072,197585085,1.508576e-01,6.247372e-02,1.047514e-09,6.907395e-10,4.600860e-08,1.768293e-07
973078528,5361445,7784628224,197637972,1.508574e-01,6.247339e-02,1.063004e-09,7.080787e-10,4.668894e-08,1.812681e-07
973340672,5361572,7786725376,197691011,1.508573e-01,6.247360e-02,1.071767e-09,6.972165e-10,4.707382e-08,1.784874e-07
973602816,5361590,7788822528,197743765,1.508566e-01,6.247302e-02,1.112142e-09,7.278423e-10,4.884718e-08,1.863276e-07
973864960,5361605,7790919680,197796449,1.508561e-01,6.247266e-02,1.151241e-09,7.476741e-10,5.056446e-08,1.914046e-07
974127104,5361838,7793016832,197849418,1.508554e-01,6.247221e-02,1.199258e-09,7.725282e-10,5.267343e-08,1.977672e-07
974389248,5361859,7795113984,197902121,1.508554e-01,6.247262e-02,1.198226e-09,7.499168e-10,5.262811e-08,1.919787e-07
974651392,5362228,7797211136,197955510,1.508555e-01,6.247270e-02,1.189987e-09,7.450280e-10,5.226625e-08,1.907272e-07
974913536,5362330,7799308288,198008049,1.508546e-01,6.247233e-02,1.250362e-09,7.655033e-10,5.491802e-08,1.959689e-07
975175680,5362356,7801405440,198060849,1.508535e-01,6.247151e-02,1.330648e-09,8.115260e-10,5.844430e-08,2.077506e-07
975437824,5362663,7803502592,198114351,1.508538e-01,6.247153e-02,1.312231e-09,8.106772e-10,5.763539e-08,2.075334e-07
975699968,5362683,7805599744,198168153,1.508544e-01,6.247204e-02,1.266219e-09,7.818751e-10,5.561450e-08,2.001600e-07
975962112,5362920,7807696896,198221567,1.508541e-01,6.247210e-02,1.290728e-09,7.785453e-10,5.669095e-08,1.993076e-07
976224256,5363091,7809794048,198274128,1.508535e-01,6.247199e-02,1.330648e-09,7.847945e-10,5.844430e-08,2.009074e-07
976486400,5363124,7811891200,198327435,1.508537e-01,6.247162e-02,1.319798e-09,8.055939e-10,5.796779e-08,2.062320e-07
976748544,5363753,7813988352,198379875,1.508530e-01,6.247104e-02,1.370072e-09,8.389209e-10,6.017589e-08,2.147638e-07
977010688,5363851,7816085504,198432761,1.508523e-01,6.247085e-02,1.423533e-09,8.497456e-10,6.252400e-08,2.175349e-07
977272832,5364104,7818182656,198485985,1.508517e-01,6.247021e-02,1.465441e-09,8.877344e-10,6.436467e-08,2.272600e-07
977534976,5364551,7820279808,198539858,1.508524e-01,6.247080e-02,1.411191e-09,8.527890e-10,6.198191e-08,2.183140e-07
977797120,5364608,7822376960,198592852,1.508522e-01,6.247056e-02,1.424658e-09,8.665513e-10,6.257340e-08,2.218371e-07
978059264,5364788,7824474112,198646260,1.508533e-01,6.247095e-02,1.343725e-09,8.436752e-10,5.901869e-08,2.159809e-07
978321408,5364798,7826571264,198699312,1.508534e-01,6.247088e-02,1.341541e-09,8.482260e-10,5.892277e-08,2.171459e-07
978583552,5364808,7828668416,198752043,1.508535e-01,6.247121e-02,1.330648e-09,8.290235e-10,5.844430e-08,2.122300e-07
978845696,5364992,7830765568,198805344,1.508539e-01,6.247171e-02,1.301457e-09,8.003159e-10,5.716220e-08,2.048809e-07
979107840,5365004,7832862720,198858426,1.508541e-01,6.247206e-02,1.291799e-09,7.804174e-10,5.673799e-08,1.997869e-07
979369984,5365091,7834959872,198911890,1.508536e-01,6.247181e-02,1.325217e-09,7.944250e-10,5.820581e-08,2.033728e-07
979632128,5365141,7837057024,198965093,1.508537e-01,6.247184e-02,1.318716e-09,7.931655e-10,5.792025e-08,2.030504e-07
979894272,5365280,7839154176,199018407,1.508532e-01,6.247195e-02,1.354672e-09,7.866741e-10,5.949950e-08,2.013886e-07
980156416,5365600,7841251328,199071863,1.508538e-01,6.247169e-02,1.310072e-09,8.013701e-10,5.754060e-08,2.051507e-07
980418560,5366129,7843348480,199124500,1.508530e-01,6.247143e-02,1.365663e-09,8.162021e-10,5.998224e-08,2.089477e-07
980680704,5366265,7845445632,199178134,1.508526e-01,6.247141e-02,1.398903e-09,8.174798e-10,6.144220e-08,2.092748e-07
980942848,5367267,7847542784,199231605,1.508527e-01,6.247183e-02,1.392223e-09,7.935853e-10,6.114881e-08,2.031578e-07
981204992,5369110,7849639936,199284798,1.508524e-01,6.247163e-02,1.410072e-09,8.049597e-10,6.193275e-08,2.060697e-07
981467136,5370041,7851737088,199337897,1.508522e-01,6.247160e-02,1.429161e-09,8.066516e-10,6.277119e-08,2.065028e-07
981729280,5371517,7853834240,199391037,1.508519e-01,6.247137e-02,1.452919e-09,8.196114e-10,6.381466e-08,2.098205e-07
981991424,5372982,7855931392,199443665,1.508510e-01,6.247113e-02,1.519552e-09,8.333195e-10,6.674134e-08,2.133298e-07
982253568,5376532,7858028544,199497100,1.508517e-01,6.247105e-02,1.467724e-09,8.380580e-10,6.446493e-08,2.145428e-07
982515712,5377811,7860125696,199550728,1.508520e-01,6.247135e-02,1.442713e-09,8.208917e-10,6.336640e-08,2.101483e-07
982777856,5383440,7862222848,199604353,1.508520e-01,6.247151e-02,1.443845e-09,8.119505e-10,6.341612e-08,2.078593e-07
983040000,5390535,7864320000,199657967,1.508519e-01,6.247121e-02,1.449513e-09,8.288090e-10,6.366506e-08,2.121751e-07
983302144,5404626,7866417152,199711429,1.508516e-01,6.247131e-02,1.473438e-09,8.232415e-10,6.471592e-08,2.107498e-07
983564288,5413371,7868514304,199764719,1.508515e-01,6.247133e-02,1.478018e-09,8.221730e-10,6.491705e-08,2.104763e-07
983826432,5414600,7870611456,199817987,1.508515e-01,6.247077e-02,1.483752e-09,8.543127e-10,6.516890e-08,2.187040e-07
984088576,5420066,7872708608,199871165,1.508513e-01,6.247100e-02,1.499867e-09,8.408643e-10,6.587671e-08,2.152613e-07
984350720,5422071,7874805760,199924622,1.508508e-01,6.247077e-02,1.535860e-09,8.545304e-10,6.745759e-08,2.187598e-07
984612864,5422969,7876902912,199978357,1.508508e-01,6.247079e-02,1.535860e-09,8.530066e-10,6.745759e-08,2.183697e-07
984875008,5424721,7879000064,200031330,1.508505e-01,6.247061e-02,1.556955e-09,8.634835e-10,6.838413e-08,2.210518e-07
985137152,5425785,7881097216,200084579,1.508501e-01,6.247047e-02,1.587680e-09,8.720431e-10,6.973361e-08,2.232430e-07
985399296,5426264,7883194368,200137720,1.508493e-01,6.247045e-02,1.654876e-09,8.731436e-10,7.268497e-08,2.235248e-07
985661440,5428686,7885291520,200191092,1.508497e-01,6.247057e-02,1.622304e-09,8.661127e-10,7.125436e-08,2.217249e-07
985923584,5452347,7887388672,200244353,1.508491e-01,6.247029e-02,1.673112e-09,8.828573e-10,7.348590e-08,2.260115e-07
986185728,5452766,7889485824,200297162,1.508485e-01,6.247002e-02,1.724702e-09,8.990919e-10,7.575186e-08,2.301675e-07
986447872,5453411,7891582976,200350665,1.508486e-01,6.246970e-02,1.714815e-09,9.181816e-10,7.531759e-08,2.350545e-07
986710016,5453666,7893680128,200403686,1.508479e-01,6.246940e-02,1.768293e-09,9.365595e-10,7.766644e-08,2.397592e-07
986972160,5454536,7895777280,200456598,1.508479e-01,6.246934e-02,1.770800e-09,9.397544e-10,7.777655e-08,2.405771e-07
987234304,5454647,7897874432,200509232,1.508474e-01,6.246945e-02,1.812428e-09,9.331425e-10,7.960491e-08,2.388845e-07
987496448,5454696,7899971584,200562514,1.508483e-01,6.247029e-02,1.742073e-09,8.826360e-10,7.651483e-08,2.259548e-07
987758592,5455136,7902068736,200615265,1.508483e-01,6.247027e-02,1.740830e-09,8.837431e-10,7.646019e-08,2.262382e-07
988020736,5456074,7904165888,200668826,1.508484e-01,6.247038e-02,1.732136e-09,8.771109e-10,7.607837e-08,2.245404e-07
988282880,5456134,7906263040,200721782,1.508484e-01,6.247031e-02,1.728417e-09,8.815296e-10,7.591502e-08,2.256716e-07
988545024,5456153,7908360192,200775179,1.508484e-01,6.247026e-02,1.729657e-09,8.841861e-10,7.596946e-08,2.263516e-07
988807168,5456226,7910457344,200827886,1.508484e-01,6.247061e-02,1.728417e-09,8.637024e-10,7.591502e-08,2.211078e-07
989069312,5456420,7912554496,200881172,1.508490e-01,6.247090e-02,1.680434e-09,8.467077e-10,7.380751e-08,2.167572e-07
989331456,5456490,7914651648,200934157,1.508486e-01,6.247092e-02,1.714815e-09,8.456241e-10,7.531759e-08,2.164798e-07
989593600,5456593,7916748800,200987423,1.508486e-01,6.247039e-02,1.716050e-09,8.768902e-10,7.537180e-08,2.244839e-07
989855744,5456759,7918845952,201040900,1.508490e-01,6.247014e-02,1.679212e-09,8.917347e-10,7.375385e-08,2.282841e-07
990117888,5457017,7920943104,201093666,1.508485e-01,6.247014e-02,1.724702e-09,8.915122e-10,7.575186e-08,2.282271e-07
990380032,5457315,7923040256,201146901,1.508479e-01,6.246968e-02,1.769547e-09,9.193107e-10,7.772149e-08,2.353435e-07
990642176,5457593,7925137408,201200454,1.508480e-01,6.246959e-02,1.759531e-09,9.245139e-10,7.728160e-08,2.366755e-07
990904320,5457929,7927234560,201253415,1.508474e-01,6.246932e-02,1.813697e-09,9.411253e-10,7.966064e-08,2.409281e-07
991166464,5457969,7929331712,201307077,1.508473e-01,6.246943e-02,1.826411e-09,9.342808e-10,8.021907e-08,2.391759e-07
991428608,5458151,7931428864,201360396,1.508470e-01,6.246963e-02,1.844286e-09,9.224761e-10,8.100416e-08,2.361539e-07
991690752,5458353,7933526016,201414475,1.508478e-01,6.246987e-02,1.778333e-09,9.076013e-10,7.810740e-08,2.323459e-07
991952896,5458436,7935623168,201467694,1.508480e-01,6.246965e-02,1.767040e-09,9.211188e-10,7.761140e-08,2.358064e-07
992215040,5458616,7937720320,201521220,1.508485e-01,6.246990e-02,1.718520e-09,9.062551e-10,7.548030e-08,2.320013e-07
992477184,5458825,7939817472,201575056,1.508487e-01,6.247018e-02,1.701267e-09,8.890668e-10,7.472252e-08,2.276011e-07
992739328,5459038,7941914624,201628160,1.508479e-01,6.246991e-02,1.775820e-09,9.055823e-10,7.799704e-08,2.318291e-07
993001472,5459079,7944011776,201681614,1.508479e-01,6.247009e-02,1.770800e-09,8.948522e-10,7.777655e-08,2.290822e-07
993263616,5459188,7946108928,201734715,1.508480e-01,6.247022e-02,1.759531e-09,8.866248e-10,7.728160e-08,2.269759e-07
993525760,5459189,7948206080,201788190,1.508485e-01,6.247061e-02,1.718520e-09,8.634835e-10,7.548030e-08,2.210518e-07
993787904,5459192,7950303232,201840809,1.508481e-01,6.247030e-02,1.753286e-09,8.819721e-10,7.700731e-08,2.257848e-07
994050048,5459207,7952400384,201894532,1.508483e-01,6.247027e-02,1.734618e-09,8.839646e-10,7.618736e-08,2.262949e-07
994312192,5459321,7954497536,201948216,1.508486e-01,6.247008e-02,1.711115e-09,8.950751e-10,7.515507e-08,2.291392e-07
994574336,5459389,7956594688,202001545,1.508492e-01,6.247016e-02,1.667022e-09,8.904003e-10,7.321844e-08,2.279425e-07
994836480,5459499,7958691840,202055271,1.508496e-01,6.247056e-02,1.634330e-09,8.665513e-10,7.178256e-08,2.218371e-07
995098624,5459785,7960788992,202108862,1.508505e-01,6.247072e-02,1.556955e-09,8.573642e-10,6.838413e-08,2.194852e-07
995360768,5460081,7962886144,202161685,1.508499e-01,6.247004e-02,1.605543e-09,8.975288e-10,7.051815e-08,2.297674e-07
995622912,5460095,7964983296,202215073,1.508500e-01,6.246988e-02,1.599577e-09,9.069281e-10,7.025615e-08,2.321736e-07
995885056,5460172,7967080448,202268504,1.508498e-01,6.247011e-02,1.611519e-09,8.932928e-10,7.078064e-08,2.286829e-07
996147200,5460369,7969177600,202321766,1.508497e-01,6.247026e-02,1.625907e-09,8.846293e-10,7.141262e-08,2.264651e-07
996409344,5460395,7971274752,202375018,1.508492e-01,6.247016e-02,1.660944e-09,8.904003e-10,7.295146e-08,2.279425e-07
996671488,5460425,7973371904,202429011,1.508507e-01,6.247095e-02,1.544047e-09,8.438917e-10,6.781717e-08,2.160363e-07
996933632,5460443,7975469056,202482092,1.508499e-01,6.247113e-02,1.607932e-09,8.333195e-10,7.062310e-08,2.133298e-07
997195776,5460510,7977566208,202535356,1.508501e-01,6.247061e-02,1.592434e-09,8.634835e-10,6.994239e-08,2.210518e-07
997457920,5460616,7979663360,202589113,1.508509e-01,6.247111e-02,1.525367e-09,8.346105e-10,6.699671e-08,2.136603e-07
997720064,5460789,7981760512,202643356,1.508525e-01,6.247189e-02,1.402249e-09,7.902306e-10,6.158917e-08,2.022990e-07
997982208,5460793,7983857664,202696303,1.508518e-01,6.247167e-02,1.462021e-09,8.028472e-10,6.421444e-08,2.055289e-07
998244352,5460808,7985954816,202749695,1.508517e-01,6.247145e-02,1.464301e-09,8.153509e-10,6.431458e-08,2.087298e-07
998506496,5460838,7988051968,202803204,1.508517e-01,6.247144e-02,1.468866e-09,8.157764e-10,6.451509e-08,2.088388e-07
998768640,5460982,7990149120,202856624,1.508522e-01,6.247134e-02,1.430288e-09,8.213187e-10,6.282067e-08,2.102576e-07
999030784,5461030,7992246272,202910050,1.508520e-01,6.247100e-02,1.443845e-09,8.408643e-10,6.341612e-08,2.152613e-07
999292928,5461147,7994343424,202963341,1.508525e-01,6.247105e-02,1.408953e-09,8.378423e-10,6.188362e-08,2.144876e-07
999555072,5461426,7996440576,203016573,1.508527e-01,6.247112e-02,1.387779e-09,8.341801e-10,6.095360e-08,2.135501e-07
999817216,5461492,7998537728,203069938,1.508529e-01,6.247111e-02,1.376699e-09,8.346105e-10,6.046695e-08,2.136603e-07
1000079360,5461495,8000634880,203122929,1.508518e-01,6.247079e-02,1.458604e-09,8.534418e-10,6.406437e-08,2.184811e-07
1000341504,5461524,8002732032,203175806,1.508512e-01,6.247025e-02,1.505644e-09,8.850725e-10,6.613043e-08,2.265786e-07
1000603648,5461550,8004829184,203229386,1.508520e-01,6.247067e-02,1.446111e-09,8.602026e-10,6.351565e-08,2.202119e-07
1000865792,5461555,8006926336,203282310,1.508517e-01,6.247059e-02,1.470008e-09,8.647976e-10,6.456526e-08,2.213882e-07
1001127936,5462343,8009023488,203335858,1.508519e-01,6.247070e-02,1.452919e-09,8.586736e-10,6.381466e-08,2.198204e-07
1001390080,5462454,8011120640,203389169,1.508515e-01,6.247041e-02,1.481457e-09,8.753465e-10,6.506811e-08,2.240887e-07
1001652224,5466208,8013217792,203441843,1.508512e-01,6.247024e-02,1.505644e-09,8.857376e-10,6.613043e-08,2.267488e-07
1001914368,5478890,8015314944,203496205,1.508524e-01,6.247068e-02,1.416795e-09,8.595472e-10,6.222802e-08,2.200441e-07
1002176512,5481513,8017412096,203549447,1.508528e-01,6.247119e-02,1.381125e-09,8.298818e-10,6.066137e-08,2.124497e-07
1002438656,5493254,8019509248,203602395,1.508529e-01,6.247116e-02,1.373383e-09,8.315998e-10,6.032133e-08,2.128895e-07
1002700800,5495961,8021606400,203655764,1.508528e-01,6.247082e-02,1.380018e-09,8.514840e-10,6.061274e-08,2.179799e-07
1002962944,5501819,8023703552,203708829,1.508522e-01,6.247063e-02,1.428035e-09,8.623892e-10,6.272170e-08,2.207716e-07
1003225088,5502011,8025800704,203762295,1.508519e-01,6.247079e-02,1.451783e-09,8.530066e-10,6.376477e-08,2.183697e-07
1003487232,5507034,8027897856,203815433,1.508523e-01,6.247072e-02,1.422409e-09,8.575823e-10,6.247461e-08,2.195411e-07
1003749376,5513600,8029995008,203869015,1.508521e-01,6.247055e-02,1.432543e-09,8.672094e-10,6.291972e-08,2.220056e-07
1004011520,5513948,8032092160,203922415,1.508519e-01,6.247033e-02,1.454055e-09,8.804238e-10,6.386456e-08,2.253885e-07
1004273664,5521547,8034189312,203975238,1.508520e-01,6.247062e-02,1.442713e-09,8.632646e-10,6.336640e-08,2.209957e-07
1004535808,5528551,8036286464,204028456,1.508524e-01,6.247052e-02,1.412311e-09,8.691852e-10,6.203111e-08,2.225114e-07
1004797952,5536472,8038383616,204081642,1.508526e-01,6.247077e-02,1.397789e-09,8.543127e-10,6.139326e-08,2.187040e-07
1005060096,5538282,8040480768,204134683,1.508523e-01,6.247056e-02,1.417917e-09,8.669900e-10,6.227732e-08,2.219494e-07
1005322240,5538817,8042577920,204188050,1.508527e-01,6.247048e-02,1.392223e-09,8.713832e-10,6.114881e-08,2.230741e-07
1005584384,5538861,8044675072,204241390,1.508529e-01,6.247053e-02,1.372279e-09,8.687460e-10,6.027282e-08,2.223990e-07
1005846528,5539403,8046772224,204294663,1.508526e-01,6.247055e-02,1.397789e-09,8.672094e-10,6.139326e-08,2.220056e-07
1006108672,5539549,8048869376,204347481,1.508526e-01,6.247038e-02,1.396675e-09,8.771109e-10,6.134433e-08,2.245404e-07
1006370816,5539786,8050966528,204400267,1.508522e-01,6.247025e-02,1.431415e-09,8.850725e-10,6.287019e-08,2.265786e-07
1006632960,5539945,8053063680,204452740,1.508518e-01,6.246984e-02,1.462021e-09,9.098473e-10,6.421444e-08,2.329209e-07
1006895104,5539949,8055160832,204506368,1.508523e-01,6.246964e-02,1.423533e-09,9.215712e-10,6.252400e-08,2.359222e-07
1007157248,5539954,8057257984,204558855,1.508518e-01,6.246940e-02,1.458604e-09,9.365595e-10,6.406437e-08,2.397592e-07
1007419392,5539972,8059355136,204612144,1.508515e-01,6.246913e-02,1.483752e-09,9.528183e-10,6.516890e-08,2.439215e-07
1007681536,5540214,8061452288,204666689,1.508521e-01,6.246934e-02,1.435929e-09,9.399828e-10,6.306844e-08,2.406356e-07
1007943680,5540302,8063549440,204720520,1.508523e-01,6.246987e-02,1.423533e-09,9.076013e-10,6.252400e-08,2.323459e-07
1008205824,5540615,8065646592,204773183,1.508512e-01,6.246963e-02,1.501022e-09,9.222498e-10,6.592741e-08,2.360960e-07
1008467968,5540683,8067743744,204826547,1.508512e-01,6.246928e-02,1.505644e-09,9.434123e-10,6.613043e-08,2.415136e-07
1008730112,5540767,8069840896,204880054,1.508514e-01,6.246927e-02,1.488347e-09,9.443279e-10,6.537075e-08,2.417480e-07
1008992256,5541026,8071938048,204933439,1.508516e-01,6.246958e-02,1.471151e-09,9.251936e-10,6.461546e-08,2.368496e-07
1009254400,5541177,8074035200,204987463,1.508524e-01,6.246991e-02,1.412311e-09,9.053581e-10,6.203111e-08,2.317717e-07
1009516544,5541388,8076132352,205040647,1.508530e-01,6.247035e-02,1.366765e-09,8.793188e-10,6.003062e-08,2.251056e-07
1009778688,5541541,8078229504,205093782,1.508531e-01,6.247024e-02,1.362361e-09,8.857376e-10,5.983722e-08,2.267488e-07
1010040832,5541622,8080326656,205147154,1.508534e-01,6.246998e-02,1.337178e-09,9.011037e-10,5.873114e-08,2.306825e-07
1010302976,5542101,8082423808,205199777,1.508532e-01,6.247006e-02,1.354672e-09,8.961900e-10,5.949950e-08,2.294246e-07
1010565120,5542315,8084520960,205252749,1.508523e-01,6.247000e-02,1.417917e-09,8.997623e-10,6.227732e-08,2.303391e-07
1010827264,5542700,8086618112,205305985,1.508526e-01,6.247027e-02,1.395561e-09,8.839646e-10,6.129542e-08,2.262949e-07
1011089408,5542981,8088715264,205359358,1.508525e-01,6.247040e-02,1.403365e-09,8.764490e-10,6.163819e-08,2.243710e-07
1011351552,5543203,8090812416,205412691,1.508528e-01,6.247033e-02,1.386669e-09,8.804238e-10,6.090485e-08,2.253885e-07
1011613696,5543278,8092909568,205465835,1.508525e-01,6.247058e-02,1.403365e-09,8.656743e-10,6.163819e-08,2.216126e-07
1011875840,5543300,8095006720,205519084,1.508525e-01,6.247072e-02,1.403365e-09,8.573642e-10,6.163819e-08,2.194852e-07
1012137984,5543301,8097103872,205572200,1.508520e-01,6.247047e-02,1.440450e-09,8.718231e-10,6.326700e-08,2.231867e-07
1012400128,5543448,8099201024,205626313,1.508516e-01,6.247042e-02,1.475727e-09,8.749057e-10,6.481644e-08,2.239759e-07
1012662272,5543586,8101298176,205679056,1.508512e-01,6.247014e-02,1.506800e-09,8.915122e-10,6.618122e-08,2.282271e-07
1012924416,5543632,8103395328,205732043,1.508509e-01,6.246974e-02,1.526531e-09,9.156998e-10,6.704784e-08,2.344192e-07
1013186560,5543712,8105492480,205785247,1.508512e-01,6.246960e-02,1.505644e-09,9.240608e-10,6.613043e-08,2.365596e-07
1013448704,5543735,8107589632,205838562,1.508520e-01,6.246982e-02,1.447244e-09,9.107465e-10,6.356543e-08,2.331511e-07
1013710848,5543927,8109686784,205891512,1.508519e-01,6.246995e-02,1.452919e-09,9.031177e-10,6.381466e-08,2.311981e-07
1013972992,5544552,8111783936,205944647,1.508522e-01,6.247025e-02,1.430288e-09,8.850725e-10,6.282067e-08,2.265786e-07
1014235136,5544889,8113881088,205998332,1.508528e-01,6.247039e-02,1.382233e-09,8.768902e-10,6.071003e-08,2.244839e-07
1014497280,5545897,8115978240,206051646,1.508531e-01,6.247047e-02,1.362361e-09,8.722632e-10,5.983722e-08,2.232994e-07
1014759424,5547574,8118075392,206104984,1.508532e-01,6.247059e-02,1.355769e-09,8.652359e-10,5.954768e-08,2.215004e-07
1015021568,5551518,8120172544,206158401,1.508533e-01,6.247104e-02,1.349193e-09,8.384894e-10,5.925885e-08,2.146533e-07
1015283712,5551886,8122269696,206212111,1.508535e-01,6.247129e-02,1.335000e-09,8.245247e-10,5.863545e-08,2.110783e-07
1015545856,5553469,8124366848,206265364,1.508536e-01,6.247164e-02,1.327388e-09,8.043256e-10,5.830114e-08,2.059074e-07
1015808000,5556515,8126464000,206318558,1.508534e-01,6.247145e-02,1.340450e-09,8.149255e-10,5.887483e-08,2.086209e-07
1016070144,5558226,8128561152,206371372,1.508528e-01,6.247112e-02,1.386669e-09,8.339649e-10,6.090485e-08,2.134950e-07
1016332288,5561954,8130658304,206424834,1.508528e-01,6.247114e-02,1.386669e-09,8.328894e-10,6.090485e-08,2.132197e-07
1016594432,5569116,8132755456,206477693,1.508525e-01,6.247073e-02,1.406717e-09,8.567098e-10,6.178539e-08,2.193177e-07
1016856576,5582964,8134852608,206530664,1.508523e-01,6.247027e-02,1.421285e-09,8.839646e-10,6.242526e-08,2.262949e-07
1017118720,5592948,8136949760,206584169,1.508532e-01,6.247030e-02,1.353575e-09,8.819721e-10,5.945132e-08,2.257848e-07
1017380864,5595016,8139046912,206637353,1.508529e-01,6.247003e-02,1.378911e-09,8.979752e-10,6.056413e-08,2.298817e-07
1017643008,5598512,8141144064,206691136,1.508529e-01,6.246980e-02,1.375593e-09,9.120961e-10,6.041839e-08,2.334966e-07
1017905152,5600491,8143241216,206744487,1.508527e-01,6.246974e-02,1.391111e-09,9.156998e-10,6.109998e-08,2.344192e-07
1018167296,5601417,8145338368,206797636,1.508528e-01,6.246990e-02,1.381125e-09,9.062551e-10,6.066137e-08,2.320013e-07
1018429440,5603093,8147435520,206850438,1.508530e-01,6.246971e-02,1.367867e-09,9.172788e-10,6.007903e-08,2.348234e-07
1018691584,5604100,8149532672,206903824,1.508536e-01,6.247014e-02,1.326303e-09,8.917347e-10,5.825346e-08,2.282841e-07
1018953728,5604797,8151629824,206957241,1.508528e-01,6.246973e-02,1.384450e-09,9.161508e-10,6.080740e-08,2.345346e-07
1019215872,5606967,8153726976,207010612,1.508528e-01,6.246986e-02,1.381125e-09,9.084994e-10,6.066137e-08,2.325758e-07
1019478016,5633948,8155824128,207063502,1.508521e-01,6.246972e-02,1.437058e-09,9.166019e-10,6.311804e-08,2.346501e-07
1019740160,5634371,8157921280,207116912,1.508520e-01,6.246983e-02,1.440450e-09,9.100721e-10,6.326700e-08,2.329785e-07
1020002304,5634444,8160018432,207170168,1.508524e-01,6.246994e-02,1.412311e-09,9.037895e-10,6.203111e-08,2.313701e-07
1020264448,5634970,8162115584,207223780,1.508526e-01,6.247031e-02,1.396675e-09,8.813084e-10,6.134433e-08,2.256149e-07
1020526592,5635359,8164212736,207277274,1.508533e-01,6.247049e-02,1.347005e-09,8.709434e-10,5.916273e-08,2.229615e-07
1020788736,5635807,8166309888,207330628,1.508533e-01,6.247074e-02,1.345911e-09,8.562737e-10,5.911469e-08,2.192061e-07
1021050880,5636113,8168407040,207384183,1.508535e-01,6.247083e-02,1.333911e-09,8.508319e-10,5.858764e-08,2.178130e-07
1021313024,5636292,8170504192,207436783,1.508517e-01,6.247025e-02,1.465441e-09,8.852942e-10,6.436467e-08,2.266353e-07
1021575168,5636306,8172601344,207490163,1.508526e-01,6.247092e-02,1.395561e-09,8.454074e-10,6.129542e-08,2.164243e-07
1021837312,5636760,8174698496,207543633,1.508534e-01,6.247126e-02,1.340450e-09,8.258088e-10,5.887483e-08,2.114071e-07
1022099456,5637574,8176795648,207596946,1.508534e-01,6.247128e-02,1.338268e-09,8.247386e-10,5.877902e-08,2.111331e-07
1022361600,5637813,8178892800,207650455,1.508532e-01,6.247128e-02,1.356867e-09,8.249526e-10,5.959588e-08,2.111879e-07
1022623744,5637822,8180989952,207704452,1.508535e-01,6.247147e-02,1.333911e-09,8.140749e-10,5.858764e-08,2.084032e-07
1022885888,5637952,8183087104,207757391,1.508520e-01,6.247085e-02,1.441581e-09,8.497456e-10,6.331669e-08,2.175349e-07
1023148032,5638103,8185184256,207810547,1.508524e-01,6.247083e-02,1.413431e-09,8.510492e-10,6.208031e-08,2.178686e-07
1023410176,5638151,8187281408,207863786,1.508527e-01,6.247106e-02,1.393335e-09,8.376266e-10,6.119765e-08,2.144324e-07
1023672320,5638353,8189378560,207917195,1.508530e-01,6.247147e-02,1.365663e-09,8.140749e-10,5.998224e-08,2.084032e-07
1023934464,5638449,8191475712,207970712,1.508537e-01,6.247178e-02,1.316552e-09,7.963161e-10,5.782521e-08,2.038569e-07
1024196608,5638716,8193572864,208023527,1.508539e-01,6.247186e-02,1.305761e-09,7.919070e-10,5.735124e-08,2.027282e-07
1024458752,5639374,8195670016,208076508,1.508537e-01,6.247213e-02,1.319798e-09,7.766754e-10,5.796779e-08,1.988289e-07
1024720896,5639658,8197767168,208130027,1.508544e-01,6.247224e-02,1.267280e-09,7.704587e-10,5.566108e-08,1.972374e-07
1024983040,5639730,8199864320,208183658,1.508546e-01,6.247240e-02,1.255636e-09,7.617973e-10,5.514969e-08,1.950201e-07
1025245184,5639750,8201961472,208237295,1.508550e-01,6.247214e-02,1.222070e-09,7.760526e-10,5.367541e-08,1.986695e-07
1025507328,5640117,8204058624,208290442,1.508548e-01,6.247209e-02,1.237748e-09,7.789611e-10,5.436399e-08,1.994140e-07
1025769472,5640286,8206155776,208343641,1.508554e-01,6.247221e-02,1.195133e-09,7.721140e-10,5.249226e-08,1.976612e-07
1026031616,5640405,8208252928,208396809,1.508552e-01,6.247211e-02,1.210637e-09,7.779217e-10,5.317324e-08,1.991480e-07
1026293760,5640665,8210350080,208449837,1.508554e-01,6.247221e-02,1.198226e-09,7.725282e-10,5.262811e-08,1.977672e-07
1026555904,5640930,8212447232,208503681,1.508552e-01,6.247224e-02,1.210637e-09,7.708724e-10,5.317324e-08,1.973433e-07
1026818048,5640938,8214544384,208557023,1.508552e-01,6.247240e-02,1.207528e-09,7.620030e-10,5.303669e-08,1.950728e-07
1027080192,5640964,8216641536,208609586,1.508546e-01,6.247193e-02,1.249308e-09,7.879284e-10,5.487174e-08,2.017097e-07
1027342336,5641020,8218738688,208662767,1.508551e-01,6.247225e-02,1.216867e-09,7.700451e-10,5.344686e-08,1.971316e-07
1027604480,5641058,8220835840,208715491,1.508549e-01,6.247249e-02,1.232511e-09,7.570749e-10,5.413398e-08,1.938112e-07
1027866624,5641086,8222932992,208768758,1.508543e-01,6.247246e-02,1.271527e-09,7.587158e-10,5.584763e-08,1.942312e-07
1028128768,5641271,8225030144,208822015,1.508546e-01,6.247243e-02,1.253525e-09,7.603585e-10,5.505696e-08,1.946518e-07
1028390912,5641324,8227127296,208875447,1.508546e-01,6.247225e-02,1.254581e-09,7.700451e-10,5.510331e-08,1.971316e-07
1028653056,5641597,8229224448,208928747,1.508544e-01,6.247242e-02,1.264099e-09,7.605639e-10,5.552138e-08,1.947044e-07
1028915200,5641925,8231321600,208982494,1.508555e-01,6.247286e-02,1.189987e-09,7.363090e-10,5.226625e-08,1.884951e-07
1029177344,5641958,8233418752,209036336,1.508558e-01,6.247296e-02,1.170534e-09,7.312634e-10,5.141184e-08,1.872034e-07
1029439488,5642028,8235515904,209089585,1.508562e-01,6.247324e-02,1.139139e-09,7.160312e-10,5.003291e-08,1.833040e-07
1029701632,5642168,8237613056,209143057,1.508563e-01,6.247333e-02,1.136123e-09,7.110557e-10,4.990046e-08,1.820303e-07
1029963776,5642194,8239710208,209196293,1.508564e-01,6.247339e-02,1.130104e-09,7.080787e-10,4.963609e-08,1.812681e-07
1030225920,5642208,8241807360,209248710,1.508558e-01,6.247304e-02,1.167477e-09,7.270385e-10,5.127757e-08,1.861219e-07
1030488064,5642304,8243904512,209302120,1.508555e-01,6.247280e-02,1.188959e-09,7.399526e-10,5.222110e-08,1.894279e-07
1030750208,5642401,8246001664,209354926,1.508544e-01,6.247267e-02,1.264099e-09,7.470631e-10,5.552138e-08,1.912481e-07
1031012352,5642542,8248098816,209408200,1.508538e-01,6.247230e-02,1.313310e-09,7.671533e-10,5.768282e-08,1.963913e-07
1031274496,5642608,8250195968,209461274,1.508527e-01,6.247196e-02,1.392223e-09,7.860473e-10,6.114881e-08,2.012281e-07
1031536640,5642633,8252293120,209514140,1.508522e-01,6.247172e-02,1.429161e-09,7.996837e-10,6.277119e-08,2.047190e-07
1031798784,5642667,8254390272,209567612,1.508530e-01,6.247215e-02,1.370072e-09,7.756376e-10,6.017589e-08,1.985632e-07
1032060928,5642777,8256487424,209620932,1.508535e-01,6.247210e-02,1.332823e-09,7.783374e-10,5.853984e-08,1.992544e-07
1032323072,5642835,8258584576,209674764,1.508536e-01,6.247187e-02,1.321965e-09,7.912782e-10,5.806293e-08,2.025672e-07
1032585216,5642882,8260681728,209728050,1.508539e-01,6.247196e-02,1.304684e-09,7.864651e-10,5.730395e-08,2.013351e-07
1032847360,5643044,8262778880,209781489,1.508539e-01,6.247213e-02,1.303608e-09,7.766754e-10,5.725668e-08,1.988289e-07
1033109504,5643312,8264876032,209834799,1.508538e-01,6.247216e-02,1.310072e-09,7.752226e-10,5.754060e-08,1.984570e-07
1033371648,5643379,8266973184,209888285,1.508542e-01,6.247234e-02,1.284312e-09,7.650911e-10,5.640914e-08,1.958633e-07
1033633792,5643388,8269070336,209941814,1.508545e-01,6.247247e-02,1.258807e-09,7.581002e-10,5.528893e-08,1.940737e-07
1033895936,5643433,8271167488,209995114,1.508541e-01,6.247281e-02,1.291799e-09,7.395473e-10,5.673799e-08,1.893241e-07
1034158080,5643452,8273264640,210048266,1.508536e-01,6.247291e-02,1.321965e-09,7.338850e-10,5.806293e-08,1.878745e-07
1034420224,5643456,8275361792,210101214,1.508526e-01,6.247243e-02,1.398903e-09,7.599477e-10,6.144220e-08,1.945466e-07
1034682368,5644250,8277458944,210154484,1.508525e-01,6.247254e-02,1.408953e-09,7.542076e-10,6.188362e-08,1.930771e-07
1034944512,5644345,8279556096,210207560,1.508517e-01,6.247235e-02,1.465441e-09,7.644730e-10,6.436467e-08,1.957051e-07
1035206656,5647971,8281653248,210260386,1.508517e-01,6.247193e-02,1.468866e-09,7.877193e-10,6.451509e-08,2.016561e-07
1035468800,5657211,8283750400,210313387,1.508521e-01,6.247191e-02,1.433671e-09,7.889744e-10,6.296926e-08,2.019775e-07
1035730944,5659859,8285847552,210366544,1.508521e-01,6.247225e-02,1.435929e-09,7.700451e-10,6.306844e-08,1.971316e-07
1035993088,5674333,8287944704,210419429,1.508520e-01,6.247243e-02,1.442713e-09,7.601531e-10,6.336640e-08,1.945992e-07
1036255232,5674945,8290041856,210473551,1.508526e-01,6.247235e-02,1.401133e-09,7.644730e-10,6.154016e-08,1.957051e-07
1036517376,5680182,8292139008,210526689,1.508528e-01,6.247228e-02,1.386669e-09,7.683920e-10,6.090485e-08,1.967084e-07
1036779520,5680286,8294236160,210579999,1.508527e-01,6.247240e-02,1.392223e-09,7.615917e-10,6.114881e-08,1.949675e-07
1037041664,5685578,8296333312,210633698,1.508528e-01,6.247277e-02,1.384450e-09,7.413720e-10,6.080740e-08,1.897912e-07
1037303808,5692056,8298430464,210686739,1.508531e-01,6.247257e-02,1.364562e-09,7.521628e-10,5.993388e-08,1.925537e-07
1037565952,5695639,8300527616,210740024,1.508531e-01,6.247225e-02,1.363461e-09,7.702519e-10,5.988554e-08,1.971845e-07
1037828096,5699884,8302624768,210792705,1.508525e-01,6.247197e-02,1.403365e-09,7.856296e-10,6.163819e-08,2.011212e-07
1038090240,5706859,8304721920,210846437,1.508541e-01,6.247238e-02,1.285380e-09,7.628259e-10,5.645607e-08,1.952834e-07
1038352384,5714701,8306819072,210899541,1.508545e-01,6.247270e-02,1.258807e-09,7.452314e-10,5.528893e-08,1.907792e-07
1038614528,5716651,8308916224,210952975,1.508548e-01,6.247275e-02,1.240895e-09,7.427927e-10,5.450223e-08,1.901549e-07
1038876672,5717090,8311013376,211005366,1.508548e-01,6.247300e-02,1.241945e-09,7.288476e-10,5.454835e-08,1.865850e-07
1039138816,5717230,8313110528,211058490,1.508542e-01,6.247274e-02,1.282176e-09,7.429958e-10,5.631536e-08,1.902069e-07
1039400960,5717723,8315207680,211111937,1.508537e-01,6.247289e-02,1.316552e-09,7.350965e-10,5.782521e-08,1.881847e-07
1039663104,5717926,8317304832,211165002,1.508540e-01,6.247327e-02,1.295014e-09,7.142381e-10,5.687922e-08,1.828449e-07
1039925248,5718200,8319401984,211218419,1.508543e-01,6.247318e-02,1.272590e-09,7.192247e-10,5.589431e-08,1.841215e-07
1040187392,5718246,8321499136,211271332,1.508537e-01,6.247251e-02,1.315471e-09,7.556406e-10,5.777773e-08,1.934440e-07
1040449536,5718258,8323596288,211324211,1.508531e-01,6.247262e-02,1.363461e-09,7.495088e-10,5.988554e-08,1.918742e-07
1040711680,5718272,8325693440,211377000,1.508526e-01,6.247250e-02,1.398903e-09,7.564600e-10,6.144220e-08,1.936538e-07
1040973824,5718422,8327790592,211429732,1.508525e-01,6.247281e-02,1.405599e-09,7.391421e-10,6.173629e-08,1.892204e-07
1041235968,5718595,8329887744,211482680,1.508519e-01,6.247275e-02,1.451783e-09,7.423867e-10,6.376477e-08,1.900510e-07
1041498112,5718768,8331984896,211536941,1.508527e-01,6.247332e-02,1.387779e-09,7.116518e-10,6.095360e-08,1.821829e-07
1041760256,5718937,8334082048,211590250,1.508532e-01,6.247320e-02,1.350288e-09,7.184257e-10,5.930694e-08,1.839170e-07
1042022400,5718981,8336179200,211643186,1.508533e-01,6.247313e-02,1.345911e-09,7.222250e-10,5.911469e-08,1.848896e-07
1042284544,5719135,8338276352,211696100,1.508534e-01,6.247330e-02,1.342633e-09,7.126460e-10,5.897072e-08,1.824374e-07
1042546688,5719434,8340373504,211748984,1.508526e-01,6.247273e-02,1.397789e-09,7.436052e-10,6.139326e-08,1.903629e-07
1042808832,5719560,8342470656,211802013,1.508524e-01,6.247240e-02,1.416795e-09,7.620030e-10,6.222802e-08,1.950728e-07
1043070976,5719741,8344567808,211854890,1.508517e-01,6.247225e-02,1.463160e-09,7.700451e-10,6.426450e-08,1.971316e-07
1043333120,5719870,8346664960,211908125,1.508523e-01,6.247217e-02,1.421285e-09,7.743930e-10,6.242526e-08,1.982446e-07
1043595264,5720123,8348762112,211960852,1.508523e-01,6.247197e-02,1.420162e-09,7.856296e-10,6.237592e-08,2.011212e-07
1043857408,5720476,8350859264,212014551,1.508527e-01,6.247165e-02,1.393335e-09,8.036918e-10,6.119765e-08,2.057451e-07
1044119552,5720713,8352956416,212067256,1.508516e-01,6.247164e-02,1.471151e-09,8.045369e-10,6.461546e-08,2.059615e-07
1044381696,5721162,8355053568,212121024,1.508524e-01,6.247176e-02,1.411191e-09,7.973677e-10,6.198191e-08,2.041261e-07
1044643840,5721516,8357150720,212174611,1.508520e-01,6.247139e-02,1.447244e-09,8.183321e-10,6.356543e-08,2.094930e-07
1044905984,5721521,8359247872,212227474,1.508515e-01,6.247109e-02,1.479164e-09,8.359025e-10,6.496739e-08,2.139910e-07
1045168128,5721718,8361345024,212280960,1.508508e-01,6.247076e-02,1.535860e-09,8.551840e-10,6.745759e-08,2.189271e-07
1045430272,5721743,8363442176,212334225,1.508512e-01,6.247106e-02,1.502176e-09,8.376266e-10,6.597814e-08,2.144324e-07
1045692416,5721786,8365539328,212387687,1.508515e-01,6.247143e-02,1.479164e-09,8.162021e-10,6.496739e-08,2.089477e-07
1045954560,5721796,8367636480,212440561,1.508507e-01,6.247096e-02,1.545218e-09,8.432425e-10,6.786860e-08,2.158701e-07
1046216704,5722022,8369733632,212493376,1.508505e-01,6.247093e-02,1.555780e-09,8.449742e-10,6.833249e-08,2.163134e-07
1046478848,5722039,8371830784,212546048,1.508511e-01,6.247100e-02,1.516069e-09,8.408643e-10,6.658833e-08,2.152613e-07
1046740992,5722090,8373927936,212598967,1.508510e-01,6.247147e-02,1.518391e-09,8.138624e-10,6.669030e-08,2.083488e-07
1047003136,5722163,8376025088,212652476,1.508515e-01,6.247135e-02,1.481457e-09,8.211052e-10,6.506811e-08,2.102029e-07
1047265280,5722309,8378122240,212705131,1.508515e-01,6.247102e-02,1.482604e-09,8.400003e-10,6.511849e-08,2.150401e-07
1047527424,5722857,8380219392,212758440,1.508511e-01,6.247107e-02,1.516069e-09,8.367643e-10,6.658833e-08,2.142117e-07
1047789568,5723402,8382316544,212811368,1.508514e-01,6.247082e-02,1.491799e-09,8.517014e-10,6.552234e-08,2.180356e-07
1048051712,5724455,8384413696,212864609,1.508514e-01,6.247068e-02,1.486049e-09,8.595472e-10,6.526979e-08,2.200441e-07
1048313856,5725917,8386510848,212917577,1.508507e-01,6.247047e-02,1.542876e-09,8.718231e-10,6.776575e-08,2.231867e-07
1048576000,5729946,8388608000,212970980,1.508498e-01,6.247021e-02,1.611519e-09,8.872905e-10,7.078064e-08,2.271464e-07
1048838144,5733727,8390705152,213023992,1.508498e-01,6.247000e-02,1.613913e-09,9.002093e-10,7.088579e-08,2.304536e-07
1049100288,5735047,8392802304,213076375,1.508487e-01,6.246984e-02,1.706187e-09,9.098473e-10,7.493864e-08,2.329209e-07
1049362432,5735318,8394899456,213129350,1.508491e-01,6.246990e-02,1.673112e-09,9.062551e-10,7.348590e-08,2.320013e-07
1049624576,5739869,8396996608,213183110,1.508490e-01,6.247004e-02,1.677991e-09,8.977520e-10,7.370023e-08,2.298245e-07
1049886720,5740443,8399093760,213235978,1.508483e-01,6.246990e-02,1.740830e-09,9.062551e-10,7.646019e-08,2.320013e-07
1050148864,5747507,8401190912,213288824,1.508480e-01,6.246983e-02,1.767040e-09,9.102968e-10,7.761140e-08,2.330360e-07
1050411008,5761298,8403288064,213342316,1.508480e-01,6.247018e-02,1.767040e-09,8.892890e-10,7.761140e-08,2.276580e-07
1050673152,5771196,8405385216,213395624,1.508486e-01,6.247025e-02,1.714815e-09,8.848509e-10,7.531759e-08,2.265218e-07
1050935296,5776710,8407482368,213448993,1.508483e-01,6.247043e-02,1.739586e-09,8.742447e-10,7.640559e-08,2.238066e-07
1051197440,5776804,8409579520,213501926,1.508481e-01,6.247017e-02,1.754535e-09,8.897334e-10,7.706214e-08,2.277717e-07
1051459584,5778815,8411676672,213554961,1.508479e-01,6.247047e-02,1.769547e-09,8.718231e-10,7.772149e-08,2.231867e-07
1051721728,5779909,8413773824,213608375,1.508482e-01,6.247078e-02,1.745807e-09,8.538772e-10,7.667881e-08,2.185926e-07
1051983872,5781304,8415870976,213660861,1.508478e-01,6.247046e-02,1.778333e-09,8.727033e-10,7.810740e-08,2.234120e-07
1052246016,5782376,8417968128,213713858,1.508479e-01,6.246993e-02,1.774565e-09,9.044616e-10,7.794190e-08,2.315422e-07
1052508160,5783209,8420065280,213767455,1.508482e-01,6.247027e-02,1.749545e-09,8.839646e-10,7.684298e-08,2.262949e-07
1052770304,5785181,8422162432,213820037,1.508481e-01,6.247016e-02,1.754535e-09,8.904003e-10,7.706214e-08,2.279425e-07
1053032448,5812727,8424259584,213873264,1.508478e-01,6.247025e-02,1.777076e-09,8.848509e-10,7.805221e-08,2.265218e-07
1053294592,5814194,8426356736,213926776,1.508474e-01,6.247038e-02,1.809891e-09,8.771109e-10,7.949348e-08,2.245404e-07
1053556736,5815541,8428453888,213980204,1.508474e-01,6.247047e-02,1.817506e-09,8.722632e-10,7.982797e-08,2.232994e-07
1053818880,5815943,8430551040,214033486,1.508466e-01,6.247059e-02,1.882881e-09,8.647976e-10,8.269935e-08,2.213882e-07
1054081024,5816023,8432648192,214087169,1.508462e-01,6.247062e-02,1.915350e-09,8.630457e-10,8.412542e-08,2.209397e-07
1054343168,5816533,8434745344,214140052,1.508458e-01,6.247044e-02,1.953361e-09,8.735839e-10,8.579494e-08,2.236375e-07
1054605312,5816977,8436842496,214193548,1.508460e-01,6.247069e-02,1.937587e-09,8.593287e-10,8.510211e-08,2.199882e-07
1054867456,5817705,8438939648,214247405,1.508466e-01,6.247094e-02,1.886763e-09,8.443246e-10,8.286982e-08,2.161471e-07
1055129600,5817887,8441036800,214301002,1.508467e-01,6.247122e-02,1.875130e-09,8.283801e-10,8.235891e-08,2.120653e-07
1055391744,5818022,8443133952,214353839,1.508464e-01,6.247105e-02,1.897133e-09,8.378423e-10,8.332532e-08,2.144876e-07
1055653888,5818376,8445231104,214407262,1.508475e-01,6.247140e-02,1.803557e-09,8.179059e-10,7.921529e-08,2.093839e-07
1055916032,5819530,8447328256,214460845,1.508478e-01,6.247146e-02,1.778333e-09,8.147128e-10,7.810740e-08,2.085665e-07
1056178176,5819567,8449425408,214514160,1.508482e-01,6.247117e-02,1.750792e-09,8.313850e-10,7.689773e-08,2.128345e-07
1056440320,5819598,8451522560,214568186,1.508489e-01,6.247176e-02,1.686548e-09,7.973677e-10,7.407605e-08,2.041261e-07
1056702464,5819756,8453619712,214621493,1.508493e-01,6.247187e-02,1.659729e-09,7.912782e-10,7.289812e-08,2.025672e-07
1056964608,5819772,8455716864,214674674,1.508492e-01,6.247177e-02,1.660944e-09,7.971573e-10,7.295146e-08,2.040723e-07
1057226752,5820062,8457814016,214727868,1.508484e-01,6.247159e-02,1.728417e-09,8.072866e-10,7.591502e-08,2.066654e-07
1057488896,5820092,8459911168,214781186,1.508485e-01,6.247158e-02,1.719755e-09,8.077100e-10,7.553457e-08,2.067738e-07
1057751040,5820371,8462008320,214834718,1.508494e-01,6.247147e-02,1.651241e-09,8.140749e-10,7.252532e-08,2.084032e-07
1058013184,5821170,8464105472,214888150,1.508492e-01,6.247164e-02,1.662158e-09,8.045369e-10,7.300483e-08,2.059615e-07
1058275328,5821274,8466202624,214941280,1.508494e-01,6.247184e-02,1.645192e-09,7.931655e-10,7.225961e-08,2.030504e-07
1058537472,5821299,8468299776,214994862,1.508494e-01,6.247181e-02,1.643983e-09,7.946350e-10,7.220653e-08,2.034266e-07
1058799616,5821495,8470396928,215048530,1.508504e-01,6.247197e-02,1.565198e-09,7.856296e-10,6.874615e-08,2.011212e-07
1059061760,5821900,8472494080,215102114,1.508512e-01,6.247234e-02,1.502176e-09,7.650911e-10,6.597814e-08,1.958633e-07
1059323904,5822165,8474591232,215155356,1.508513e-01,6.247238e-02,1.498713e-09,7.626201e-10,6.582603e-08,1.952307e-07
1059586048,5822226,8476688384,215209327,1.508522e-01,6.247284e-02,1.424658e-09,7.377249e-10,6.257340e-08,1.888576e-07
1059848192,5822446,8478785536,215262569,1.508531e-01,6.247347e-02,1.357965e-09,7.037237e-10,5.964412e-08,1.801533e-07
1060110336,5822577,8480882688,215316159,1.508527e-01,6.247336e-02,1.387779e-09,7.094672e-10,6.095360e-08,1.816236e-07
1060372480,5822736,8482979840,215369709,1.508529e-01,6.247381e-02,1.377805e-09,6.860479e-10,6.051552e-08,1.756283e-07
1060634624,5822745,8485076992,215423260,1.508528e-01,6.247365e-02,1.382233e-09,6.942686e-10,6.071003e-08,1.777328e-07
1060896768,5822799,8487174144,215476628,1.508525e-01,6.247332e-02,1.405599e-09,7.120494e-10,6.173629e-08,1.822847e-07
1061158912,5822830,8489271296,215529707,1.508522e-01,6.247329e-02,1.426909e-09,7.134418e-10,6.267224e-08,1.826411e-07
1061421056,5822871,8491368448,215582559,1.508518e-01,6.247322e-02,1.458604e-09,7.170284e-10,6.406437e-08,1.835593e-07
1061683200,5823069,8493465600,215635990,1.508516e-01,6.247302e-02,1.471151e-09,7.278423e-10,6.461546e-08,1.863276e-07
1061945344,5823107,8495562752,215689202,1.508516e-01,6.247253e-02,1.473438e-09,7.548215e-10,6.471592e-08,1.932343e-07
1062207488,5823356,8497659904,215742252,1.508513e-01,6.247219e-02,1.499867e-09,7.731495e-10,6.587671e-08,1.979263e-07
1062469632,5823774,8499757056,215794640,1.508506e-01,6.247201e-02,1.548735e-09,7.833341e-10,6.802306e-08,2.005335e-07
1062731776,5823793,8501854208,215848177,1.508509e-01,6.247213e-02,1.530026e-09,7.768831e-10,6.720134e-08,1.988821e-07
1062993920,5823861,8503951360,215901430,1.508510e-01,6.247206e-02,1.523040e-09,7.804174e-10,6.689449e-08,1.997869e-07
1063256064,5823925,8506048512,215954463,1.508500e-01,6.247144e-02,1.596004e-09,8.155637e-10,7.009919e-08,2.087843e-07
1063518208,5823988,8508145664,216008564,1.508511e-01,6.247254e-02,1.514909e-09,7.537984e-10,6.653738e-08,1.929724e-07
1063780352,5824020,8510242816,216061841,1.508517e-01,6.247285e-02,1.470008e-09,7.373202e-10,6.456526e-08,1.887540e-07
1064042496,5824159,8512339968,216115112,1.508517e-01,6.247334e-02,1.470008e-09,7.106584e-10,6.456526e-08,1.819286e-07
1064304640,5824274,8514437120,216168604,1.508517e-01,6.247342e-02,1.464301e-09,7.064935e-10,6.431458e-08,1.808623e-07
1064566784,5824389,8516534272,216221521,1.508521e-01,6.247371e-02,1.434800e-09,6.909353e-10,6.301885e-08,1.768794e-07
1064828928,5824414,8518631424,216275323,1.508528e-01,6.247387e-02,1.385559e-09,6.827344e-10,6.085612e-08,1.747800e-07
1065091072,5824447,8520728576,216329022,1.508535e-01,6.247407e-02,1.328474e-09,6.724554e-10,5.834885e-08,1.721486e-07
1065353216,5824553,8522825728,216382410,1.508538e-01,6.247434e-02,1.313310e-09,6.582341e-10,5.768282e-08,1.685079e-07
1065615360,5824608,8524922880,216435795,1.508539e-01,6.247444e-02,1.300382e-09,6.530831e-10,5.711498e-08,1.671893e-07
1065877504,5824712,8527020032,216489197,1.508536e-01,6.247446e-02,1.323049e-09,6.523218e-10,5.811054e-08,1.669944e-07
1066139648,5824733,8529117184,216543636,1.508542e-01,6.247416e-02,1.284312e-09,6.678265e-10,5.640914e-08,1.709636e-07
1066401792,5824939,8531214336,216596837,1.508535e-01,6.247406e-02,1.332823e-09,6.730352e-10,5.853984e-08,1.722970e-07
1066663936,5825170,8533311488,216650720,1.508544e-01,6.247416e-02,1.268341e-09,6.676339e-10,5.570769e-08,1.709143e-07
1066926080,5825235,8535408640,216704190,1.508556e-01,6.247431e-02,1.181777e-09,6.601470e-10,5.190564e-08,1.689976e-07
1067188224,5825255,8537505792,216757294,1.508553e-01,6.247393e-02,1.204423e-09,6.796231e-10,5.290032e-08,1.739835e-07
1067450368,5825278,8539602944,216810106,1.508553e-01,6.247408e-02,1.204423e-09,6.718759e-10,5.290032e-08,1.720002e-07
1067712512,5825318,8541700096,216863532,1.508549e-01,6.247422e-02,1.228329e-09,6.643652e-10,5.395031e-08,1.700775e-07
1067974656,5825345,8543797248,216916895,1.508551e-01,6.247426e-02,1.219988e-09,6.626380e-10,5.358393e-08,1.696353e-07
1068236800,5826090,8545894400,216969867,1.508551e-01,6.247425e-02,1.214788e-09,6.628298e-10,5.335557e-08,1.696844e-07
1068498944,5826150,8547991552,217023022,1.508550e-01,6.247383e-02,1.222070e-09,6.848775e-10,5.367541e-08,1.753286e-07
1068761088,5829768,8550088704,217076990,1.508558e-01,6.247420e-02,1.171554e-09,6.655180e-10,5.145663e-08,1.703726e-07
1069023232,5835464,8552185856,217129992,1.508554e-01,6.247397e-02,1.197194e-09,6.776821e-10,5.258281e-08,1.734866e-07
1069285376,5838230,8554283008,217183452,1.508550e-01,6.247424e-02,1.225198e-09,6.637892e-10,5.381277e-08,1.699300e-07
1069547520,5852732,8556380160,217236716,1.508551e-01,6.247414e-02,1.215827e-09,6.689822e-10,5.340120e-08,1.712594e-07
1069809664,5856637,8558477312,217289948,1.508550e-01,6.247417e-02,1.227285e-09,6.670565e-10,5.390445e-08,1.707665e-07
1070071808,5858513,8560574464,217342903,1.508552e-01,6.247411e-02,1.208564e-09,6.705247e-10,5.308219e-08,1.716543e-07
1070333952,5858546,8562671616,217397037,1.508555e-01,6.247424e-02,1.187932e-09,6.635973e-10,5.217598e-08,1.698809e-07
1070596096,5864046,8564768768,217449817,1.508548e-01,6.247386e-02,1.240895e-09,6.833185e-10,5.450223e-08,1.749295e-07
1070858240,5870523,8566865920,217502882,1.508552e-01,6.247364e-02,1.211674e-09,6.948577e-10,5.321879e-08,1.778836e-07
1071120384,5877281,8568963072,217556459,1.508553e-01,6.247386e-02,1.206493e-09,6.831238e-10,5.299122e-08,1.748797e-07
1071382528,5878130,8571060224,217609862,1.508560e-01,6.247406e-02,1.156303e-09,6.726487e-10,5.078677e-08,1.721981e-07
1071644672,5885052,8573157376,217662335,1.508555e-01,6.247398e-02,1.187932e-09,6.771004e-10,5.217598e-08,1.733377e-07
1071906816,5893002,8575254528,217715723,1.508559e-01,6.247455e-02,1.163407e-09,6.479524e-10,5.109883e-08,1.658758e-07
1072168960,5894927,8577351680,217769075,1.508554e-01,6.247430e-02,1.195133e-09,6.603385e-10,5.249226e-08,1.690467e-07
1072431104,5895502,8579448832,217822196,1.508559e-01,6.247459e-02,1.165441e-09,6.454892e-10,5.118816e-08,1.652452e-07
1072693248,5895637,8581545984,217875144,1.508558e-01,6.247468e-02,1.168496e-09,6.413315e-10,5.132231e-08,1.641809e-07
1072955392,5896125,8583643136,217928402,1.508557e-01,6.247472e-02,1.173595e-09,6.392576e-10,5.154628e-08,1.636500e-07
1073217536,5896390,8585740288,217982344,1.508564e-01,6.247484e-02,1.128101e-09,6.328689e-10,4.954812e-08,1.620144e-07
1073479680,5896481,8587837440,218035758,1.508564e-01,6.247503e-02,1.128101e-09,6.237180e-10,4.954812e-08,1.596718e-07
1073741824,5896578,8589934592,218089415,1.508568e-01,6.247535e-02,1.104206e-09,6.078183e-10,4.849858e-08,1.556015e-07
1074003968,5896638,8592031744,218143216,1.508575e-01,6.247539e-02,1.057182e-09,6.054327e-10,4.643323e-08,1.549908e-07
1074266112,5896716,8594128896,218196703,1.508583e-01,6.247550e-02,1.007394e-09,6.003105e-10,4.424646e-08,1.536795e-07
1074528256,5896860,8596226048,218249858,1.508587e-01,6.247610e-02,9.792167e-10,5.711018e-10,4.300886e-08,1.462021e-07
1074790400,5897019,8598323200,218302545,1.508583e-01,6.247598e-02,1.005503e-09,5.769927e-10,4.416341e-08,1.477101e-07
1075052544,5897231,8600420352,218355486,1.508580e-01,6.247592e-02,1.021633e-09,5.798597e-10,4.487185e-08,1.484441e-07
1075314688,5897344,8602517504,218408801,1.508577e-01,6.247558e-02,1.040773e-09,5.964831e-10,4.571252e-08,1.526997e-07
1075576832,5897346,8604614656,218462252,1.508579e-01,6.247613e-02,1.031181e-09,5.696783e-10,4.529121e-08,1.458376e-07
1075838976,5897499,8606711808,218515016,1.508572e-01,6.247582e-02,1.072743e-09,5.847139e-10,4.711668e-08,1.496868e-07
1076101120,5897818,8608808960,218568016,1.508577e-01,6.247617e-02,1.045586e-09,5.680790e-10,4.592390e-08,1.454282e-07
1076363264,5897909,8610906112,218620822,1.508578e-01,6.247625e-02,1.037891e-09,5.638250e-10,4.558592e-08,1.443392e-07
1076625408,5898147,8613003264,218674077,1.508580e-01,6.247592e-02,1.021633e-09,5.800391e-10,4.487185e-08,1.484900e-07
1076887552,5898190,8615100416,218727121,1.508577e-01,6.247576e-02,1.039812e-09,5.876001e-10,4.567030e-08,1.504256e-07
1077149696,5898607,8617197568,218780178,1.508578e-01,6.247585e-02,1.035012e-09,5.832735e-10,4.545950e-08,1.493180e-07
1077411840,5898808,8619294720,218833045,1.508577e-01,6.247582e-02,1.043659e-09,5.845338e-10,4.583929e-08,1.496407e-07
1077673984,5899144,8621391872,218885713,1.508578e-01,6.247587e-02,1.035971e-09,5.823742e-10,4.550162e-08,1.490878e-07
1077936128,5899628,8623489024,218938705,1.508574e-01,6.247570e-02,1.062032e-09,5.904933e-10,4.664627e-08,1.511663e-07
1078198272,5899824,8625586176,218991863,1.508577e-01,6.247625e-02,1.045586e-09,5.638250e-10,4.592390e-08,1.443392e-07
1078460416,5899910,8627683328,219045069,1.508580e-01,6.247669e-02,1.021633e-09,5.434898e-10,4.487185e-08,1.391334e-07
1078722560,5900154,8629780480,219097732,1.508571e-01,6.247620e-02,1.079586e-09,5.666592e-10,4.741727e-08,1.450648e-07
1078984704,5900158,8631877632,219150697,1.508566e-01,6.247576e-02,1.116121e-09,5.877807e-10,4.902195e-08,1.504719e-07
1079246848,5900272,8633974784,219203912,1.508570e-01,6.247599e-02,1.086452e-09,5.764559e-10,4.771881e-08,1.475727e-07
1079508992,5900285,8636071936,219256666,1.508569e-01,6.247569e-02,1.097284e-09,5.912177e-10,4.819459e-08,1.513517e-07
1079771136,5900393,8638169088,219310395,1.508570e-01,6.247589e-02,1.085470e-09,5.812959e-10,4.767568e-08,1.488118e-07
1080033280,5900503,8640266240,219363633,1.508571e-01,6.247608e-02,1.081546e-09,5.723489e-10,4.750332e-08,1.465213e-07
1080295424,5900518,8642363392,219416403,1.508568e-01,6.247587e-02,1.104206e-09,5.823742e-10,4.849858e-08,1.490878e-07
1080557568,5900665,8644460544,219469703,1.508564e-01,6.247564e-02,1.127100e-09,5.935752e-10,4.950416e-08,1.519552e-07
1080819712,5900789,8646557696,219523049,1.508567e-01,6.247584e-02,1.106187e-09,5.836335e-10,4.858562e-08,1.494102e-07
1081081856,5901234,8648654848,219576804,1.508571e-01,6.247618e-02,1.082526e-09,5.673689e-10,4.754638e-08,1.452464e-07
1081344000,5901914,8650752000,219630480,1.508573e-01,6.247636e-02,1.070791e-09,5.590585e-10,4.703098e-08,1.431190e-07
1081606144,5903044,8652849152,219684167,1.508574e-01,6.247624e-02,1.061061e-09,5.647099e-10,4.660362e-08,1.445657e-07
1081868288,5904336,8654946304,219738135,1.508577e-01,6.247640e-02,1.043659e-09,5.571223e-10,4.583929e-08,1.426233e-07
1082130432,5908385,8657043456,219791822,1.508582e-01,6.247644e-02,1.008340e-09,5.551896e-10,4.428802e-08,1.421285e-07
1082392576,5913649,8659140608,219845512,1.508579e-01,6.247652e-02,1.027356e-09,5.513341e-10,4.512323e-08,1.411415e-07
1082654720,5915563,8661237760,219898545,1.508577e-01,6.247649e-02,1.040773e-09,5.529097e-10,4.571252e-08,1.415449e-07
1082916864,5917127,8663334912,219952013,1.508577e-01,6.247663e-02,1.045586e-09,5.462724e-10,4.592390e-08,1.398457e-07
1083179008,5918882,8665432064,220004907,1.508577e-01,6.247647e-02,1.040773e-09,5.534354e-10,4.571252e-08,1.416795e-07
1083441152,5921471,8667529216,220058196,1.508575e-01,6.247655e-02,1.057182e-09,5.499354e-10,4.643323e-08,1.407835e-07
1083703296,5925924,8669626368,220111534,1.508573e-01,6.247616e-02,1.069816e-09,5.682566e-10,4.698816e-08,1.454737e-07
1083965440,5939671,8671723520,220165290,1.508573e-01,6.247604e-02,1.065921e-09,5.739542e-10,4.681706e-08,1.469323e-07
1084227584,5949524,8673820672,220218544,1.508576e-01,6.247645e-02,1.049444e-09,5.546630e-10,4.609337e-08,1.419937e-07
1084489728,5955199,8675917824,220272177,1.508577e-01,6.247659e-02,1.041735e-09,5.481896e-10,4.575476e-08,1.403365e-07
1084751872,5957159,8678014976,220325940,1.508578e-01,6.247697e-02,1.035971e-09,5.305407e-10,4.550162e-08,1.358184e-07
1085014016,5958370,8680112128,220379030,1.508581e-01,6.247691e-02,1.019729e-09,5.329460e-10,4.478821e-08,1.364342e-07
1085276160,5958459,8682209280,220432115,1.508574e-01,6.247674e-02,1.061061e-09,5.408874e-10,4.660362e-08,1.384672e-07
1085538304,5959665,8684306432,220485676,1.508579e-01,6.247704e-02,1.028312e-09,5.269430e-10,4.516519e-08,1.348974e-07
1085800448,5960728,8686403584,220539275,1.508584e-01,6.247735e-02,9.998411e-10,5.130119e-10,4.391472e-08,1.313310e-07
1086062592,5961779,8688500736,220592443,1.508580e-01,6.247718e-02,1.020680e-09,5.208039e-10,4.483002e-08,1.333258e-07
1086324736,5963442,8690597888,220646317,1.508583e-01,6.247736e-02,1.001727e-09,5.125057e-10,4.399754e-08,1.312015e-07
1086586880,5991117,8692695040,220699103,1.508573e-01,6.247650e-02,1.071767e-09,5.520341e-10,4.707382e-08,1.413207e-07
1086849024,5992583,8694792192,220752303,1.508565e-01,6.247601e-02,1.120108e-09,5.753831e-10,4.919703e-08,1.472981e-07
1087111168,5994547,8696889344,220805419,1.508568e-01,6.247650e-02,1.099260e-09,5.520341e-10,4.828135e-08,1.413207e-07
1087373312,5997212,8698986496,220858444,1.508575e-01,6.247690e-02,1.055245e-09,5.336342e-10,4.634814e-08,1.366104e-07
1087635456,5997569,8701083648,220911682,1.508569e-01,6.247650e-02,1.098272e-09,5.522092e-10,4.823796e-08,1.413655e-07
1087897600,5998159,8703180800,220965117,1.508569e-01,6.247653e-02,1.095311e-09,5.509843e-10,4.810791e-08,1.410520e-07
1088159744,5998643,8705277952,221018465,1.508570e-01,6.247647e-02,1.087434e-09,5.534354e-10,4.776196e-08,1.416795e-07
1088421888,5999295,8707375104,221072004,1.508569e-01,6.247674e-02,1.095311e-09,5.412341e-10,4.810791e-08,1.385559e-07
1088684032,5999574,8709472256,221125586,1.508570e-01,6.247719e-02,1.087434e-09,5.202939e-10,4.776196e-08,1.331952e-07
1088946176,5999714,8711569408,221178891,1.508568e-01,6.247719e-02,1.100248e-09,5.202939e-10,4.832476e-08,1.331952e-07
1089208320,6000007,8713666560,221232030,1.508571e-01,6.247706e-02,1.084488e-09,5.260882e-10,4.763255e-08,1.346786e-07
1089470464,6001231,8715763712,221285548,1.508579e-01,6.247733e-02,1.027356e-09,5.138560e-10,4.512323e-08,1.315471e-07
1089732608,6001316,8717860864,221339147,1.508587e-01,6.247773e-02,9.792167e-10,4.961093e-10,4.300886e-08,1.270040e-07
1089994752,6001335,8719958016,221392238,1.508587e-01,6.247795e-02,9.773524e-10,4.863665e-10,4.292698e-08,1.245098e-07
1090256896,6001438,8722055168,221445503,1.508586e-01,6.247796e-02,9.829506e-10,4.858737e-10,4.317286e-08,1.243837e-07
1090519040,6001464,8724152320,221499007,1.508589e-01,6.247807e-02,9.680576e-10,4.807959e-10,4.251874e-08,1.230838e-07
1090781184,6001842,8726249472,221552667,1.508591e-01,6.247810e-02,9.551195e-10,4.796530e-10,4.195048e-08,1.227912e-07
1091043328,6001862,8728346624,221606421,1.508594e-01,6.247805e-02,9.367875e-10,4.819402e-10,4.114530e-08,1.233767e-07
1091305472,6002129,8730443776,221659928,1.508594e-01,6.247796e-02,9.331425e-10,4.855453e-10,4.098520e-08,1.242996e-07
1091567616,6002916,8732540928,221713580,1.508593e-01,6.247826e-02,9.422685e-10,4.725002e-10,4.138603e-08,1.209600e-07
1091829760,6003049,8734638080,221766957,1.508590e-01,6.247806e-02,9.615777e-10,4.812861e-10,4.223413e-08,1.232092e-07
1092091904,6003112,8736735232,221820347,1.508592e-01,6.247791e-02,9.505199e-10,4.881756e-10,4.174845e-08,1.249730e-07
1092354048,6003277,8738832384,221873776,1.508589e-01,6.247804e-02,9.643522e-10,4.821037e-10,4.235599e-08,1.234186e-07
1092616192,6003775,8740929536,221926105,1.508586e-01,6.247806e-02,9.876280e-10,4.814496e-10,4.337830e-08,1.232511e-07
1092878336,6004065,8743026688,221978945,1.508584e-01,6.247792e-02,9.970160e-10,4.873529e-10,4.379064e-08,1.247623e-07
1093140480,6004097,8745123840,222032544,1.508586e-01,6.247792e-02,9.866916e-10,4.875174e-10,4.333717e-08,1.248044e-07
1093402624,6004270,8747220992,222086068,1.508591e-01,6.247827e-02,9.541987e-10,4.721763e-10,4.191003e-08,1.208771e-07
1093664768,6004282,8749318144,222139289,1.508586e-01,6.247826e-02,9.857557e-10,4.726621e-10,4.329607e-08,1.210015e-07
1093926912,6004584,8751415296,222191725,1.508579e-01,6.247801e-02,1.032138e-09,4.835772e-10,4.533325e-08,1.237958e-07
1094189056,6004613,8753512448,222245675,1.508579e-01,6.247783e-02,1.032138e-09,4.914735e-10,4.533325e-08,1.258172e-07
1094451200,6004617,8755609600,222299291,1.508582e-01,6.247820e-02,1.008340e-09,4.754198e-10,4.428802e-08,1.217075e-07
1094713344,6004701,8757706752,222351692,1.508578e-01,6.247802e-02,1.038851e-09,4.829220e-10,4.562810e-08,1.236280e-07
1094975488,6004762,8759803904,222405294,1.508578e-01,6.247819e-02,1.035012e-09,4.755823e-10,4.545950e-08,1.217491e-07
1095237632,6004959,8761901056,222458256,1.508583e-01,6.247821e-02,1.006448e-09,4.747702e-10,4.420493e-08,1.215412e-07
1095499776,6005010,8763998208,222511497,1.508583e-01,6.247772e-02,1.006448e-09,4.964412e-10,4.420493e-08,1.270890e-07
1095761920,6005178,8766095360,222564184,1.508584e-01,6.247759e-02,1.000784e-09,5.021015e-10,4.395612e-08,1.285380e-07
1096024064,6005676,8768192512,222616875,1.508576e-01,6.247734e-02,1.048479e-09,5.133494e-10,4.605097e-08,1.314175e-07
1096286208,6005697,8770289664,222669479,1.508574e-01,6.247741e-02,1.063004e-09,5.104837e-10,4.668894e-08,1.306838e-07
1096548352,6005708,8772386816,222722369,1.508568e-01,6.247729e-02,1.103216e-09,5.158847e-10,4.845510e-08,1.320665e-07
1096810496,6005725,8774483968,222775512,1.508568e-01,6.247732e-02,1.101237e-09,5.141938e-10,4.836818e-08,1.316336e-07
1097072640,6005877,8776581120,222827991,1.508570e-01,6.247732e-02,1.091369e-09,5.143628e-10,4.793478e-08,1.316769e-07
1097334784,6005929,8778678272,222880465,1.508566e-01,6.247701e-02,1.115126e-09,5.286547e-10,4.897823e-08,1.353356e-07
1097596928,6006019,8780775424,222933385,1.508567e-01,6.247698e-02,1.108170e-09,5.298545e-10,4.867273e-08,1.356428e-07
1097859072,6006181,8782872576,222986667,1.508573e-01,6.247719e-02,1.071767e-09,5.201240e-10,4.707382e-08,1.331517e-07
1098121216,6006302,8784969728,223039770,1.508572e-01,6.247707e-02,1.072743e-09,5.259173e-10,4.711668e-08,1.346348e-07
1098383360,6006333,8787066880,223092755,1.508568e-01,6.247685e-02,1.101237e-09,5.357016e-10,4.836818e-08,1.371396e-07
1098645504,6006367,8789164032,223146477,1.508571e-01,6.247680e-02,1.084488e-09,5.382914e-10,4.763255e-08,1.378026e-07
1098907648,6006463,8791261184,223199683,1.508568e-01,6.247672e-02,1.103216e-09,5.421011e-10,4.845510e-08,1.387779e-07
1099169792,6006523,8793358336,223253098,1.508571e-01,6.247664e-02,1.084488e-09,5.455761e-10,4.763255e-08,1.396675e-07
1099431936,6006576,8795455488,223306314,1.508573e-01,6.247703e-02,1.068842e-09,5.274562e-10,4.694535e-08,1.350288e-07
1099694080,6006658,8797552640,223359253,1.508566e-01,6.247676e-02,1.118114e-09,5.401946e-10,4.910945e-08,1.382898e-07
1099956224,6006806,8799649792,223412662,1.508569e-01,6.247693e-02,1.093339e-09,5.322582e-10,4.802131e-08,1.362581e-07
1100218368,6007025,8801746944,223466030,1.508574e-01,6.247694e-02,1.063976e-09,5.319145e-10,4.673162e-08,1.361701e-07
1100480512,6007105,8803844096,223519303,1.508573e-01,6.247704e-02,1.067868e-09,5.271140e-10,4.690256e-08,1.349412e-07
1100742656,6007178,8805941248,223571931,1.508562e-01,6.247698e-02,1.141151e-09,5.298545e-10,5.012131e-08,1.356428e-07
1101004800,6007251,8808038400,223625510,1.508567e-01,6.247743e-02,1.107179e-09,5.093060e-10,4.862916e-08,1.303823e-07
1101266944,6007268,8810135552,223678609,1.508563e-01,6.247692e-02,1.133112e-09,5.326021e-10,4.976819e-08,1.363461e-07
1101529088,6007288,8812232704,223731563,1.508561e-01,6.247672e-02,1.148210e-09,5.417542e-10,5.043131e-08,1.386891e-07
1101791232,6007976,8814329856,223784468,1.508558e-01,6.247654e-02,1.169514e-09,5.502849e-10,5.136706e-08,1.408729e-07
1102053376,6008070,8816427008,223837848,1.508568e-01,6.247704e-02,1.101237e-09,5.271140e-10,4.836818e-08,1.349412e-07
1102315520,6011657,8818524160,223891074,1.508563e-01,6.247671e-02,1.135119e-09,5.424481e-10,4.985635e-08,1.388667e-07
1102577664,6013789,8820621312,223944924,1.508565e-01,6.247654e-02,1.123102e-09,5.502849e-10,4.932854e-08,1.408729e-07
1102839808,6016619,8822718464,223998210,1.508567e-01,6.247630e-02,1.109163e-09,5.617041e-10,4.871631e-08,1.437962e-07
1103101952,6031299,8824815616,224051460,1.508563e-01,6.247615e-02,1.133112e-09,5.689672e-10,4.976819e-08,1.456556e-07
1103364096,6036957,8826912768,224104972,1.508569e-01,6.247622e-02,1.097284e-09,5.655956e-10,4.819459e-08,1.447925e-07
1103626240,6036977,8829009920,224157961,1.508569e-01,6.247588e-02,1.098272e-09,5.820147e-10,4.823796e-08,1.489958e-07
1103888384,6038342,8831107072,224211029,1.508566e-01,6.247569e-02,1.114131e-09,5.912177e-10,4.893452e-08,1.513517e-07
1104150528,6042682,8833204224,224264757,1.508565e-01,6.247584e-02,1.123102e-09,5.838135e-10,4.932854e-08,1.494563e-07
1104412672,6049020,8835301376,224317987,1.508564e-01,6.247599e-02,1.130104e-09,5.766348e-10,4.963609e-08,1.476185e-07
1104674816,6056488,8837398528,224371602,1.508562e-01,6.247569e-02,1.143166e-09,5.910366e-10,5.020978e-08,1.513054e-07
1104936960,6058973,8839495680,224424614,1.508562e-01,6.247580e-02,1.140145e-09,5.854348e-10,5.007710e-08,1.498713e-07
1105199104,6063462,8841592832,224477635,1.508568e-01,6.247554e-02,1.104206e-09,5.983041e-10,4.849858e-08,1.531659e-07
1105461248,6071385,8843689984,224531901,1.508565e-01,6.247576e-02,1.124101e-09,5.877807e-10,4.937241e-08,1.504719e-07
1105723392,6073390,8845787136,224585387,1.508567e-01,6.247617e-02,1.106187e-09,5.679014e-10,4.858562e-08,1.453828e-07
1105985536,6073934,8847884288,224638811,1.508569e-01,6.247640e-02,1.096297e-09,5.567707e-10,4.815124e-08,1.425333e-07
1106247680,6074176,8849981440,224691484,1.508563e-01,6.247633e-02,1.138133e-09,5.602923e-10,4.998874e-08,1.434348e-07
1106509824,6074635,8852078592,224744025,1.508560e-01,6.247605e-02,1.154277e-09,5.734189e-10,5.069779e-08,1.467952e-07
1106771968,6074932,8854175744,224797638,1.508561e-01,6.247608e-02,1.148210e-09,5.719925e-10,5.043131e-08,1.464301e-07
1107034112,6074932,8856272896,224850386,1.508556e-01,6.247576e-02,1.182801e-09,5.877807e-10,5.195065e-08,1.504719e-07
1107296256,6074969,8858370048,224903564,1.508554e-01,6.247582e-02,1.199258e-09,5.847139e-10,5.267343e-08,1.496868e-07
1107558400,6075071,8860467200,224956941,1.508557e-01,6.247616e-02,1.176660e-09,5.684342e-10,5.168089e-08,1.455192e-07
1107820544,6075218,8862564352,225009749,1.508557e-01,6.247622e-02,1.178705e-09,5.654184e-10,5.177073e-08,1.447471e-07
1108082688,6075371,8864661504,225062352,1.508552e-01,6.247589e-02,1.211674e-09,5.811163e-10,5.321879e-08,1.487658e-07
1108344832,6075609,8866758656,225115116,1.508549e-01,6.247554e-02,1.229374e-09,5.983041e-10,5.399620e-08,1.531659e-07
1108606976,6075712,8868855808,225169068,1.508562e-01,6.247602e-02,1.144174e-09,5.750257e-10,5.025405e-08,1.472066e-07
1108869120,6075730,8870952960,225222188,1.508558e-01,6.247588e-02,1.166459e-09,5.820147e-10,5.123286e-08,1.489958e-07
1109131264,6075852,8873050112,225275416,1.508562e-01,6.247598e-02,1.141151e-09,5.771716e-10,5.012131e-08,1.477559e-07
1109393408,6076006,8875147264,225328871,1.508560e-01,6.247605e-02,1.153264e-09,5.737757e-10,5.065333e-08,1.468866e-07
1109655552,6076333,8877244416,225382410,1.508564e-01,6.247618e-02,1.127100e-09,5.673689e-10,4.950416e-08,1.452464e-07
1109917696,6076402,8879341568,225435895,1.508565e-01,6.247602e-02,1.122103e-09,5.750257e-10,4.928468e-08,1.472066e-07
1110179840,6076547,8881438720,225489362,1.508575e-01,6.247634e-02,1.053309e-09,5.595871e-10,4.626314e-08,1.432543e-07
1110441984,6076682,8883535872,225543014,1.508581e-01,6.247636e-02,1.019729e-09,5.590585e-10,4.478821e-08,1.431190e-07
1110704128,6077141,8885633024,225596217,1.508590e-01,6.247707e-02,9.588073e-10,5.255756e-10,4.211244e-08,1.345474e-07
1110966272,6077227,8887730176,225649853,1.508596e-01,6.247727e-02,9.222498e-10,5.167312e-10,4.050678e-08,1.322832e-07
1111228416,6077666,8889827328,225702593,1.508595e-01,6.247742e-02,9.285961e-10,5.099788e-10,4.078552e-08,1.305546e-07
1111490560,6078177,8891924480,225755726,1.508598e-01,6.247786e-02,9.132215e-10,4.901530e-10,4.011024e-08,1.254792e-07
1111752704,6078216,8894021632,225808891,1.508593e-01,6.247788e-02,9.440990e-10,4.893286e-10,4.146643e-08,1.252681e-07
1112014848,6078314,8896118784,225862331,1.508594e-01,6.247798e-02,9.340531e-10,4.848888e-10,4.102519e-08,1.241315e-07
1112276992,6078630,8898215936,225916463,1.508607e-01,6.247844e-02,8.564918e-10,4.649190e-10,3.761858e-08,1.190193e-07
1112539136,6078659,8900313088,225969683,1.508603e-01,6.247790e-02,8.802028e-10,4.883403e-10,3.866000e-08,1.250151e-07
1112801280,6078793,8902410240,226023377,1.508608e-01,6.247837e-02,8.503973e-10,4.679763e-10,3.735089e-08,1.198019e-07
1113063424,6078797,8904507392,226076177,1.508608e-01,6.247826e-02,8.521364e-10,4.726621e-10,3.742728e-08,1.210015e-07
1113325568,6078838,8906604544,226129428,1.508615e-01,6.247846e-02,8.142875e-10,4.641161e-10,3.576489e-08,1.188137e-07
1113587712,6078898,8908701696,226182844,1.508616e-01,6.247854e-02,8.083454e-10,4.604317e-10,3.550390e-08,1.178705e-07
1113849856,6078906,8910798848,226235798,1.508611e-01,6.247832e-02,8.331045e-10,4.699124e-10,3.659137e-08,1.202976e-07
1114112000,6079186,8912896000,226289077,1.508621e-01,6.247877e-02,7.756376e-10,4.505730e-10,3.406732e-08,1.153467e-07
1114374144,6079289,8914993152,226342276,1.508616e-01,6.247870e-02,8.058054e-10,4.537415e-10,3.539234e-08,1.161578e-07
1114636288,6079635,8917090304,226395041,1.508615e-01,6.247885e-02,8.091929e-10,4.474155e-10,3.554113e-08,1.145384e-07
1114898432,6080607,8919187456,226448394,1.508620e-01,6.247895e-02,7.822918e-10,4.431705e-10,3.435959e-08,1.134516e-07
1115160576,6081697,8921284608,226501593,1.508622e-01,6.247929e-02,7.706655e-10,4.287038e-10,3.384894e-08,1.097482e-07
1115422720,6082745,8923381760,226554732,1.508619e-01,6.247884e-02,7.906495e-10,4.477307e-10,3.472667e-08,1.146191e-07
1115684864,6086990,8925478912,226608649,1.508625e-01,6.247909e-02,7.574850e-10,4.372304e-10,3.327003e-08,1.119310e-07
1115947008,6092272,8927576064,226661836,1.508625e-01,6.247896e-02,7.574850e-10,4.427001e-10,3.327003e-08,1.133312e-07
1116209152,6097352,8929673216,226714876,1.508621e-01,6.247894e-02,7.781296e-10,4.436412e-10,3.417678e-08,1.135721e-07
1116471296,6097468,8931770368,226767888,1.508623e-01,6.247872e-02,7.648850e-10,4.529483e-10,3.359505e-08,1.159548e-07
1116733440,6099130,8933867520,226821596,1.508624e-01,6.247870e-02,7.599477e-10,4.539003e-10,3.337819e-08,1.161985e-07
1116995584,6103118,8935964672,226875005,1.508628e-01,6.247910e-02,7.387371e-10,4.367631e-10,3.244659e-08,1.118114e-07
1117257728,6104324,8938061824,226927963,1.508629e-01,6.247935e-02,7.338850e-10,4.263929e-10,3.223347e-08,1.091566e-07
1117519872,6118068,8940158976,226981002,1.508625e-01,6.247906e-02,7.550263e-10,4.384776e-10,3.316203e-08,1.122503e-07
1117782016,6128018,8942256128,227034678,1.508625e-01,6.247917e-02,7.566650e-10,4.338097e-10,3.323401e-08,1.110553e-07
1118044160,6133639,8944353280,227087966,1.508625e-01,6.247933e-02,7.550263e-10,4.273165e-10,3.316203e-08,1.093930e-07
1118306304,6135557,8946450432,227141429,1.508624e-01,6.247949e-02,7.599477e-10,4.207195e-10,3.337819e-08,1.077042e-07
1118568448,6137025,8948547584,227194337,1.508622e-01,6.247961e-02,7.698384e-10,4.156915e-10,3.381261e-08,1.064170e-07
1118830592,6137943,8950644736,227247411,1.508618e-01,6.247937e-02,7.931655e-10,4.257777e-10,3.483718e-08,1.089991e-07
1119092736,6139074,8952741888,227300748,1.508618e-01,6.247906e-02,7.948451e-10,4.384776e-10,3.491095e-08,1.122503e-07
1119354880,6140064,8954839040,227354656,1.508624e-01,6.247949e-02,7.599477e-10,4.207195e-10,3.337819e-08,1.077042e-07
1119617024,6140333,8956936192,227407815,1.508627e-01,6.247959e-02,7.444181e-10,4.164514e-10,3.269610e-08,1.066116e-07
1119879168,6141895,8959033344,227461744,1.508628e-01,6.247974e-02,7.419807e-10,4.103918e-10,3.258905e-08,1.050603e-07
1120141312,6169694,8961130496,227515157,1.508630e-01,6.248004e-02,7.282444e-10,3.984058e-10,3.198573e-08,1.019919e-07
1120403456,6171002,8963227648,227568284,1.508627e-01,6.248012e-02,7.436052e-10,3.951408e-10,3.266040e-08,1.011560e-07
1120665600,6173013,8965324800,227622162,1.508641e-01,6.248033e-02,6.714898e-10,3.870371e-10,2.949297e-08,9.908149e-08
1120927744,6178883,8967421952,227675697,1.508643e-01,6.248028e-02,6.614878e-10,3.887980e-10,2.905366e-08,9.953229e-08
1121189888,6179179,8969519104,227728744,1.508635e-01,6.247986e-02,7.043168e-10,4.054260e-10,3.093479e-08,1.037891e-07
1121452032,6179774,8971616256,227782109,1.508637e-01,6.247975e-02,6.925029e-10,4.100900e-10,3.041590e-08,1.049830e-07
1121714176,6180281,8973713408,227835222,1.508633e-01,6.247946e-02,7.146364e-10,4.219430e-10,3.138804e-08,1.080174e-07
1121976320,6180917,8975810560,227889747,1.508638e-01,6.247954e-02,6.854626e-10,4.184303e-10,3.010668e-08,1.071182e-07
1122238464,6181209,8977907712,227942580,1.508636e-01,6.247958e-02,6.980037e-10,4.170598e-10,3.065751e-08,1.067673e-07
1122500608,6181380,8980004864,227995253,1.508625e-01,6.247912e-02,7.533894e-10,4.358294e-10,3.309014e-08,1.115723e-07
1122762752,6181670,8982102016,228048886,1.508635e-01,6.247938e-02,7.035261e-10,4.251630e-10,3.090006e-08,1.088417e-07
1123024896,6182924,8984199168,228101780,1.508637e-01,6.247953e-02,6.925029e-10,4.188876e-10,3.041590e-08,1.072352e-07
1123287040,6182978,8986296320,228154795,1.508640e-01,6.247953e-02,6.769065e-10,4.188876e-10,2.973088e-08,1.072352e-07
1123549184,6183009,8988393472,228207976,1.508648e-01,6.247992e-02,6.334313e-10,4.031789e-10,2.782138e-08,1.032138e-07
1123811328,6183130,8990490624,228261181,1.508649e-01,6.248012e-02,6.296865e-10,3.952889e-10,2.765690e-08,1.011940e-07
1124073472,6183148,8992587776,228313959,1.508649e-01,6.247991e-02,6.296865e-10,4.036278e-10,2.765690e-08,1.033287e-07
1124335616,6183547,8994684928,228367392,1.508649e-01,6.248008e-02,6.311831e-10,3.966232e-10,2.772263e-08,1.015355e-07
1124597760,6183676,8996782080,228420921,1.508648e-01,6.247991e-02,6.349323e-10,4.037775e-10,2.788730e-08,1.033670e-07
1124859904,6183853,8998879232,228474131,1.508649e-01,6.247965e-02,6.289389e-10,4.143255e-10,2.762406e-08,1.060673e-07
1125122048,6184474,9000976384,228527057,1.508652e-01,6.247950e-02,6.170373e-10,4.202612e-10,2.710132e-08,1.075869e-07
1125384192,6184757,9003073536,228580018,1.508652e-01,6.247930e-02,6.133414e-10,4.285495e-10,2.693899e-08,1.097087e-07
1125646336,6184839,9005170688,228633576,1.508656e-01,6.247906e-02,5.972112e-10,4.383216e-10,2.623053e-08,1.122103e-07
1125908480,6184992,9007267840,228686559,1.508662e-01,6.247939e-02,5.670140e-10,4.248558e-10,2.490422e-08,1.087631e-07
1126170624,6185518,9009364992,228739660,1.508667e-01,6.247946e-02,5.424481e-10,4.220960e-10,2.382524e-08,1.080566e-07
1126432768,6185848,9011462144,228792728,1.508670e-01,6.247961e-02,5.286547e-10,4.156915e-10,2.321941e-08,1.064170e-07
1126694912,6185988,9013559296,228846094,1.508669e-01,6.247957e-02,5.313991e-10,4.173641e-10,2.333995e-08,1.068452e-07
1126957056,6186062,9015656448,228899652,1.508671e-01,6.247962e-02,5.238689e-10,4.153877e-10,2.300921e-08,1.063393e-07
1127219200,6186064,9017753600,228953472,1.508669e-01,6.247943e-02,5.320864e-10,4.230150e-10,2.337014e-08,1.082918e-07
1127481344,6186324,9019850752,229006791,1.508664e-01,6.247904e-02,5.550140e-10,4.392580e-10,2.437716e-08,1.124501e-07
1127743488,6186366,9021947904,229059997,1.508663e-01,6.247911e-02,5.599397e-10,4.364518e-10,2.459350e-08,1.117317e-07
1128005632,6186395,9024045056,229113048,1.508673e-01,6.247930e-02,5.163925e-10,4.285495e-10,2.268084e-08,1.097087e-07
1128267776,6186455,9026142208,229166530,1.508673e-01,6.247918e-02,5.143628e-10,4.336545e-10,2.259168e-08,1.110156e-07
1128529920,6186587,9028239360,229219856,1.508670e-01,6.247918e-02,5.307124e-10,4.334993e-10,2.330979e-08,1.109758e-07
1128792064,6186849,9030336512,229272702,1.508668e-01,6.247909e-02,5.396752e-10,4.370746e-10,2.370345e-08,1.118911e-07
1129054208,6186867,9032433664,229326829,1.508674e-01,6.247903e-02,5.082976e-10,4.398829e-10,2.232530e-08,1.126100e-07
1129316352,6186984,9034530816,229379543,1.508673e-01,6.247909e-02,5.150389e-10,4.372304e-10,2.262138e-08,1.119310e-07
1129578496,6187528,9036627968,229432896,1.508676e-01,6.247906e-02,5.022684e-10,4.383216e-10,2.206048e-08,1.122103e-07
1129840640,6187531,9038725120,229486285,1.508682e-01,6.247939e-02,4.746079e-10,4.248558e-10,2.084558e-08,1.087631e-07
1130102784,6187551,9040822272,229539777,1.508684e-01,6.247980e-02,4.681375e-10,4.081309e-10,2.056139e-08,1.044815e-07
1130364928,6187590,9042919424,229593090,1.508681e-01,6.247948e-02,4.778598e-10,4.210252e-10,2.098841e-08,1.077825e-07
1130627072,6187613,9045016576,229645962,1.508676e-01,6.247929e-02,5.016008e-10,4.288581e-10,2.203116e-08,1.097877e-07
1130889216,6187755,9047113728,229699158,1.508673e-01,6.247900e-02,5.157155e-10,4.411339e-10,2.265110e-08,1.129303e-07
1131151360,6187877,9049210880,229751928,1.508663e-01,6.247878e-02,5.606451e-10,4.500986e-10,2.462448e-08,1.152252e-07
1131413504,6188052,9051308032,229804985,1.508666e-01,6.247887e-02,5.466207e-10,4.466278e-10,2.400851e-08,1.143367e-07
1131675648,6188166,9053405184,229858952,1.508674e-01,6.247918e-02,5.103153e-10,4.333442e-10,2.241392e-08,1.109361e-07
1131937792,6188190,9055502336,229912517,1.508681e-01,6.248013e-02,4.804692e-10,3.946966e-10,2.110303e-08,1.010423e-07
1132199936,6188213,9057599488,229965299,1.508676e-01,6.247997e-02,5.036052e-10,4.012364e-10,2.211919e-08,1.027165e-07
1132462080,6188254,9059696640,230018713,1.508671e-01,6.247967e-02,5.218246e-10,4.131131e-10,2.291942e-08,1.057570e-07
1132724224,6188370,9061793792,230072479,1.508672e-01,6.248005e-02,5.191050e-10,3.981084e-10,2.279997e-08,1.019158e-07
1132986368,6188395,9063890944,230125551,1.508681e-01,6.248013e-02,4.811227e-10,3.948447e-10,2.113172e-08,1.010802e-07
1133248512,6188538,9065988096,230178643,1.508680e-01,6.248008e-02,4.830858e-10,3.966232e-10,2.121795e-08,1.015355e-07
1133510656,6188563,9068085248,230232013,1.508685e-01,6.248008e-02,4.623522e-10,3.969201e-10,2.030729e-08,1.016115e-07
1133772800,6188886,9070182400,230285560,1.508688e-01,6.248026e-02,4.483616e-10,3.895329e-10,1.969280e-08,9.972042e-08
1134034944,6188952,9072279552,230338940,1.508690e-01,6.248076e-02,4.401954e-10,3.700775e-10,1.933413e-08,9.473985e-08
1134297088,6188993,9074376704,230392554,1.508697e-01,6.248130e-02,4.137191e-10,3.495865e-10,1.817124e-08,8.949414e-08
1134559232,6189088,9076473856,230445689,1.508700e-01,6.248138e-02,4.010872e-10,3.468059e-10,1.761643e-08,8.878231e-08
1134821376,6189165,9078571008,230499060,1.508703e-01,6.248129e-02,3.892389e-10,3.500045e-10,1.709603e-08,8.960116e-08
1135083520,6189197,9080668160,230552325,1.508701e-01,6.248125e-02,3.957334e-10,3.516792e-10,1.738128e-08,9.002987e-08
1135345664,6189861,9082765312,230605437,1.508700e-01,6.248112e-02,3.981084e-10,3.565864e-10,1.748560e-08,9.128613e-08
1135607808,6189929,9084862464,230658648,1.508702e-01,6.248139e-02,3.915943e-10,3.463898e-10,1.719949e-08,8.867579e-08
1135869952,6192203,9086959616,230711829,1.508705e-01,6.248115e-02,3.793075e-10,3.554618e-10,1.665983e-08,9.099821e-08
1136132096,6193459,9089056768,230765082,1.508699e-01,6.248119e-02,4.040770e-10,3.537781e-10,1.774775e-08,9.056720e-08
1136394240,6195014,9091153920,230817842,1.508697e-01,6.248068e-02,4.131131e-10,3.733814e-10,1.814463e-08,9.558565e-08
1136656384,6209891,9093251072,230871587,1.508703e-01,6.248108e-02,3.880638e-10,3.578538e-10,1.704442e-08,9.161057e-08
1136918528,6215387,9095348224,230924460,1.508693e-01,6.248071e-02,4.296299e-10,3.722306e-10,1.887008e-08,9.529103e-08
1137180672,6215483,9097445376,230977978,1.508696e-01,6.248083e-02,4.149323e-10,3.675021e-10,1.822453e-08,9.408053e-08
1137442816,6219940,9099542528,231030868,1.508699e-01,6.248088e-02,4.034781e-10,3.655052e-10,1.772145e-08,9.356933e-08
1137704960,6221401,9101639680,231084198,1.508704e-01,6.248102e-02,3.822151e-10,3.602538e-10,1.678754e-08,9.222498e-08
1137967104,6227490,9103736832,231137454,1.508698e-01,6.248076e-02,4.082814e-10,3.702209e-10,1.793241e-08,9.477654e-08
1138229248,6234945,9105833984,231190305,1.508693e-01,6.248074e-02,4.296299e-10,3.710815e-10,1.887008e-08,9.499686e-08
1138491392,6240602,9107931136,231243411,1.508690e-01,6.248076e-02,4.389458e-10,3.702209e-10,1.927924e-08,9.477654e-08
1138753536,6241887,9110028288,231297013,1.508699e-01,6.248129e-02,4.022818e-10,3.500045e-10,1.766890e-08,8.960116e-08
1139015680,6249835,9112125440,231350988,1.508706e-01,6.248171e-02,3.752554e-10,3.347034e-10,1.648185e-08,8.568406e-08
1139277824,6251842,9114222592,231404464,1.508706e-01,6.248160e-02,3.752554e-10,3.386680e-10,1.648185e-08,8.669900e-08
1139539968,6252513,9116319744,231458144,1.508700e-01,6.248127e-02,3.987033e-10,3.508414e-10,1.751172e-08,8.981539e-08
1139802112,6252755,9118416896,231511478,1.508701e-01,6.248152e-02,3.975140e-10,3.415535e-10,1.745949e-08,8.743768e-08
1140064256,6253244,9120514048,231564338,1.508700e-01,6.248171e-02,3.981084e-10,3.347034e-10,1.748560e-08,8.568406e-08
1140326400,6253343,9122611200,231617370,1.508696e-01,6.248150e-02,4.161473e-10,3.422423e-10,1.827790e-08,8.761403e-08
1140588544,6253419,9124708352,231670492,1.508699e-01,6.248194e-02,4.022818e-10,3.261711e-10,1.766890e-08,8.349980e-08
1140850688,6253461,9126805504,231723972,1.508703e-01,6.248195e-02,3.874769e-10,3.257675e-10,1.701865e-08,8.339649e-08
1141112832,6253483,9128902656,231776895,1.508699e-01,6.248165e-02,4.040770e-10,3.368879e-10,1.774775e-08,8.624329e-08
1141374976,6253902,9130999808,231829970,1.508701e-01,6.248196e-02,3.969201e-10,3.254986e-10,1.743340e-08,8.332765e-08
1141637120,6253919,9133096960,231883000,1.508702e-01,6.248209e-02,3.921843e-10,3.208109e-10,1.722540e-08,8.212760e-08
1141899264,6254154,9135194112,231935979,1.508701e-01,6.248219e-02,3.945486e-10,3.172179e-10,1.732925e-08,8.120779e-08
1142161408,6254308,9137291264,231988999,1.508701e-01,6.248226e-02,3.957334e-10,3.145695e-10,1.738128e-08,8.052979e-08
1142423552,6254314,9139388416,232042230,1.508702e-01,6.248207e-02,3.904157e-10,3.213450e-10,1.714772e-08,8.226431e-08
1142685696,6254449,9141485568,232095226,1.508694e-01,6.248173e-02,4.253167e-10,3.338860e-10,1.868063e-08,8.547482e-08
1142947840,6254663,9143582720,232149081,1.508701e-01,6.248220e-02,3.939569e-10,3.168200e-10,1.730325e-08,8.110591e-08
1143209984,6254804,9145679872,232202988,1.508707e-01,6.248216e-02,3.712251e-10,3.184134e-10,1.630484e-08,8.151382e-08
1143472128,6255011,9147777024,232256055,1.508705e-01,6.248198e-02,3.816327e-10,3.245584e-10,1.676196e-08,8.308695e-08
1143734272,6255059,9149874176,232309225,1.508707e-01,6.248188e-02,3.723744e-10,3.284626e-10,1.635531e-08,8.408642e-08
1143996416,6255200,9151971328,232361793,1.508698e-01,6.248149e-02,4.094867e-10,3.426559e-10,1.798535e-08,8.771991e-08
1144258560,6255696,9154068480,232415383,1.508699e-01,6.248137e-02,4.052760e-10,3.469447e-10,1.780041e-08,8.881784e-08
1144520704,6255763,9156165632,232469170,1.508703e-01,6.248160e-02,3.863045e-10,3.383938e-10,1.696715e-08,8.662882e-08
1144782848,6256252,9158262784,232522418,1.508703e-01,6.248156e-02,3.886511e-10,3.400405e-10,1.707022e-08,8.705037e-08
1145044992,6256658,9160359936,232575616,1.508700e-01,6.248129e-02,4.016842e-10,3.500045e-10,1.764265e-08,8.960116e-08
1145307136,6256759,9162457088,232629195,1.508704e-01,6.248116e-02,3.857190e-10,3.549001e-10,1.694144e-08,9.085443e-08
1145569280,6256803,9164554240,232682917,1.508705e-01,6.248111e-02,3.816327e-10,3.568679e-10,1.676196e-08,9.135817e-08
1145831424,6257193,9166651392,232735598,1.508697e-01,6.248070e-02,4.137191e-10,3.726620e-10,1.817124e-08,9.540146e-08
1146093568,6257214,9168748544,232788547,1.508696e-01,6.248063e-02,4.143255e-10,3.752554e-10,1.819788e-08,9.606538e-08
1146355712,6257254,9170845696,232842288,1.508704e-01,6.248092e-02,3.839651e-10,3.640822e-10,1.686440e-08,9.320503e-08
1146617856,6257326,9172942848,232895288,1.508699e-01,6.248081e-02,4.052760e-10,3.680736e-10,1.780041e-08,9.422685e-08
1146880000,6257337,9175040000,232948289,1.508699e-01,6.248092e-02,4.040770e-10,3.642243e-10,1.774775e-08,9.324143e-08
1147142144,6257445,9177137152,233001392,1.508701e-01,6.248105e-02,3.975140e-10,3.592646e-10,1.745949e-08,9.197174e-08
1147404288,6257475,9179234304,233054562,1.508693e-01,6.248070e-02,4.296299e-10,3.726620e-10,1.887008e-08,9.540146e-08
1147666432,6257774,9181331456,233107827,1.508698e-01,6.248054e-02,4.070779e-10,3.787273e-10,1.787955e-08,9.695418e-08
1147928576,6257802,9183428608,233160879,1.508692e-01,6.248036e-02,4.321044e-10,3.857190e-10,1.897875e-08,9.874407e-08
1148190720,6258124,9185525760,233214449,1.508688e-01,6.248027e-02,4.496246e-10,3.893859e-10,1.974828e-08,9.968278e-08
1148452864,6259279,9187622912,233267819,1.508690e-01,6.247991e-02,4.420733e-10,4.036278e-10,1.941661e-08,1.033287e-07
1148715008,6260365,9189720064,233322165,1.508695e-01,6.248063e-02,4.179732e-10,3.751111e-10,1.835809e-08,9.602843e-08
1148977152,6261236,9191817216,233375840,1.508694e-01,6.248059e-02,4.222491e-10,3.768447e-10,1.854590e-08,9.647223e-08
1149239296,6265464,9193914368,233429369,1.508695e-01,6.248029e-02,4.185827e-10,3.883574e-10,1.838487e-08,9.941949e-08
1149501440,6270841,9196011520,233481870,1.508695e-01,6.248033e-02,4.198031e-10,3.867440e-10,1.843846e-08,9.900646e-08
1149763584,6275850,9198108672,233534710,1.508696e-01,6.248052e-02,4.173641e-10,3.793075e-10,1.833134e-08,9.710271e-08
1150025728,6279275,9200205824,233587746,1.508693e-01,6.248011e-02,4.271625e-10,3.955852e-10,1.876170e-08,1.012698e-07
1150287872,6280976,9202302976,233641167,1.508694e-01,6.248010e-02,4.228617e-10,3.958817e-10,1.857280e-08,1.013457e-07
1150550016,6282771,9204400128,233694455,1.508694e-01,6.248013e-02,4.234748e-10,3.946966e-10,1.859973e-08,1.010423e-07
1150812160,6284723,9206497280,233747477,1.508686e-01,6.247945e-02,4.566028e-10,4.222491e-10,2.005477e-08,1.080958e-07
1151074304,6296607,9208594432,233801145,1.508681e-01,6.247954e-02,4.785115e-10,4.184303e-10,2.101704e-08,1.071182e-07
1151336448,6306493,9210691584,233853991,1.508684e-01,6.247963e-02,4.662051e-10,4.147805e-10,2.047652e-08,1.061838e-07
1151598592,6312156,9212788736,233906938,1.508683e-01,6.247978e-02,4.713672e-10,4.088838e-10,2.070325e-08,1.046743e-07
1151860736,6314094,9214885888,233961188,1.508691e-01,6.248008e-02,4.376979e-10,3.967716e-10,1.922443e-08,1.015735e-07
1152122880,6315727,9216983040,234014250,1.508695e-01,6.248029e-02,4.204139e-10,3.883574e-10,1.846530e-08,9.941949e-08
1152385024,6316413,9219080192,234067197,1.508695e-01,6.248012e-02,4.185827e-10,3.952889e-10,1.838487e-08,1.011940e-07
1152647168,6317491,9221177344,234120190,1.508690e-01,6.248001e-02,4.389458e-10,3.995964e-10,1.927924e-08,1.022967e-07
1152909312,6319122,9223274496,234173049,1.508687e-01,6.247967e-02,4.527898e-10,4.134160e-10,1.988730e-08,1.058345e-07
1153171456,6320404,9225371648,234226303,1.508688e-01,6.247952e-02,4.502567e-10,4.193452e-10,1.977604e-08,1.073524e-07
1153433600,6321708,9227468800,234279441,1.508689e-01,6.247951e-02,4.458409e-10,4.198031e-10,1.958209e-08,1.074696e-07
1153695744,6348320,9229565952,234332567,1.508687e-01,6.247961e-02,4.546943e-10,4.158434e-10,1.997095e-08,1.064559e-07
1153957888,6349554,9231663104,234386362,1.508692e-01,6.247976e-02,4.321044e-10,4.094867e-10,1.897875e-08,1.048286e-07
1154220032,6351486,9233760256,234439163,1.508693e-01,6.248013e-02,4.296299e-10,3.948447e-10,1.887008e-08,1.010802e-07
1154482176,6360450,9235857408,234492017,1.508693e-01,6.248036e-02,4.265468e-10,3.858653e-10,1.873466e-08,9.878153e-08
1154744320,6360803,9237954560,234545209,1.508691e-01,6.248040e-02,4.364518e-10,3.841111e-10,1.916970e-08,9.833244e-08
1155006464,6361377,9240051712,234598381,1.508695e-01,6.248039e-02,4.191927e-10,3.845493e-10,1.841165e-08,9.844462e-08
1155268608,6361857,9242148864,234651387,1.508690e-01,6.248041e-02,4.401954e-10,3.838191e-10,1.933413e-08,9.825769e-08
1155530752,6362560,9244246016,234704752,1.508688e-01,6.248011e-02,4.489928e-10,3.955852e-10,1.972053e-08,1.012698e-07
1155792896,6362872,9246343168,234758152,1.508688e-01,6.248030e-02,4.502567e-10,3.880638e-10,1.977604e-08,9.934433e-08
1156055040,6363080,9248440320,234811341,1.508688e-01,6.248041e-02,4.489928e-10,3.838191e-10,1.972053e-08,9.825769e-08
1156317184,6363265,9250537472,234864954,1.508690e-01,6.248059e-02,4.401954e-10,3.765555e-10,1.933413e-08,9.639820e-08
1156579328,6364571,9252634624,234917540,1.508688e-01,6.248071e-02,4.471004e-10,3.720869e-10,1.963741e-08,9.525424e-08
1156841472,6364663,9254731776,234971154,1.508688e-01,6.248062e-02,4.483616e-10,3.753997e-10,1.969280e-08,9.610233e-08
1157103616,6364747,9256828928,235024435,1.508688e-01,6.248065e-02,4.477307e-10,3.745341e-10,1.966509e-08,9.588072e-08
1157365760,6364754,9258926080,235078090,1.508685e-01,6.248060e-02,4.610714e-10,3.762664e-10,2.025104e-08,9.632419e-08
1157627904,6364777,9261023232,235131026,1.508680e-01,6.248055e-02,4.837410e-10,3.781475e-10,2.124673e-08,9.680576e-08
1157890048,6365257,9263120384,235184042,1.508681e-01,6.248083e-02,4.798162e-10,3.676449e-10,2.107434e-08,9.411710e-08
1158152192,6365470,9265217536,235237098,1.508680e-01,6.248118e-02,4.830858e-10,3.543389e-10,2.121795e-08,9.071076e-08
1158414336,6365531,9267314688,235290729,1.508692e-01,6.248165e-02,4.321044e-10,3.367511e-10,1.897875e-08,8.620829e-08
1158676480,6366008,9269411840,235344354,1.508693e-01,6.248166e-02,4.277787e-10,3.364777e-10,1.878877e-08,8.613830e-08
1158938624,6366429,9271508992,235397786,1.508694e-01,6.248156e-02,4.228617e-10,3.399031e-10,1.857280e-08,8.701520e-08
1159200768,6366561,9273606144,235450556,1.508691e-01,6.248135e-02,4.352074e-10,3.477779e-10,1.911505e-08,8.903113e-08
1159462912,6366674,9275703296,235503445,1.508686e-01,6.248143e-02,4.559662e-10,3.447278e-10,2.002681e-08,8.825032e-08
1159725056,6367267,9277800448,235556336,1.508682e-01,6.248132e-02,4.759073e-10,3.488903e-10,2.090266e-08,8.931592e-08
1159987200,6367587,9279897600,235609211,1.508681e-01,6.248128e-02,4.791636e-10,3.505623e-10,2.104568e-08,8.974395e-08
1160249344,6367710,9281994752,235663178,1.508688e-01,6.248181e-02,4.502567e-10,3.310332e-10,1.977604e-08,8.474450e-08
1160511488,6367837,9284091904,235716555,1.508686e-01,6.248185e-02,4.566028e-10,3.294085e-10,2.005477e-08,8.432858e-08
1160773632,6367956,9286189056,235769520,1.508679e-01,6.248146e-02,4.889991e-10,3.438983e-10,2.147767e-08,8.803796e-08
1161035776,6368063,9288286208,235823058,1.508688e-01,6.248176e-02,4.489928e-10,3.326619e-10,1.972053e-08,8.516145e-08
1161297920,6368109,9290383360,235876796,1.508692e-01,6.248194e-02,4.339649e-10,3.260365e-10,1.906048e-08,8.346535e-08
1161560064,6368141,9292480512,235929984,1.508691e-01,6.248202e-02,4.358294e-10,3.233515e-10,1.914237e-08,8.277797e-08
1161822208,6368251,9294577664,235983011,1.508688e-01,6.248177e-02,4.508893e-10,3.323902e-10,1.980382e-08,8.509188e-08
1162084352,6368425,9296674816,236036432,1.508689e-01,6.248179e-02,4.464704e-10,3.315757e-10,1.960974e-08,8.488337e-08
1162346496,6368647,9298771968,236089734,1.508689e-01,6.248174e-02,4.458409e-10,3.334777e-10,1.958209e-08,8.537030e-08
1162608640,6368696,9300869120,236143265,1.508690e-01,6.248172e-02,4.420733e-10,3.340222e-10,1.941661e-08,8.550968e-08
1162870784,6368808,9302966272,236196736,1.508691e-01,6.248173e-02,4.345859e-10,3.338860e-10,1.908775e-08,8.547482e-08
1163132928,6369364,9305063424,236250022,1.508696e-01,6.248227e-02,4.143255e-10,3.144374e-10,1.819788e-08,8.049597e-08
1163395072,6369381,9307160576,236303894,1.508698e-01,6.248244e-02,4.070779e-10,3.082585e-10,1.787955e-08,7.891418e-08
1163657216,6369406,9309257728,236356589,1.508692e-01,6.248230e-02,4.321044e-10,3.131176e-10,1.897875e-08,8.015810e-08
1163919360,6369422,9311354880,236410240,1.508694e-01,6.248245e-02,4.222491e-10,3.081277e-10,1.854590e-08,7.888070e-08
1164181504,6369442,9313452032,236462982,1.508690e-01,6.248266e-02,4.395704e-10,3.005889e-10,1.930668e-08,7.695077e-08
1164443648,6369619,9315549184,236516627,1.508690e-01,6.248276e-02,4.420733e-10,2.971113e-10,1.941661e-08,7.606050e-08
1164705792,6369678,9317646336,236570045,1.508690e-01,6.248266e-02,4.420733e-10,3.008473e-10,1.941661e-08,7.701692e-08
1164967936,6369819,9319743488,236623295,1.508693e-01,6.248245e-02,4.296299e-10,3.081277e-10,1.887008e-08,7.888070e-08
1165230080,6370029,9321840640,236676635,1.508691e-01,6.248246e-02,4.383216e-10,3.077355e-10,1.925183e-08,7.878029e-08
1165492224,6370067,9323937792,236729969,1.508696e-01,6.248238e-02,4.143255e-10,3.104864e-10,1.819788e-08,7.948451e-08
1165754368,6370072,9326034944,236783471,1.508698e-01,6.248258e-02,4.070779e-10,3.035673e-10,1.787955e-08,7.771322e-08
1166016512,6370105,9328132096,236836333,1.508697e-01,6.248270e-02,4.100900e-10,2.991697e-10,1.801185e-08,7.658744e-08
1166278656,6370188,9330229248,236890180,1.508698e-01,6.248278e-02,4.058762e-10,2.964696e-10,1.782677e-08,7.589621e-08
1166540800,6370212,9332326400,236942870,1.508695e-01,6.248285e-02,4.204139e-10,2.941649e-10,1.846530e-08,7.530622e-08
1166802944,6370362,9334423552,236996486,1.508698e-01,6.248302e-02,4.076794e-10,2.881896e-10,1.790597e-08,7.377653e-08
1167065088,6370424,9336520704,237049987,1.508703e-01,6.248315e-02,3.863045e-10,2.839052e-10,1.696715e-08,7.267974e-08
1167327232,6370612,9338617856,237103372,1.508701e-01,6.248325e-02,3.951408e-10,2.805258e-10,1.735526e-08,7.181461e-08
1167589376,6370764,9340715008,237156879,1.508705e-01,6.248323e-02,3.793075e-10,2.812751e-10,1.665983e-08,7.200642e-08
1167851520,6370782,9342812160,237209953,1.508703e-01,6.248311e-02,3.880638e-10,2.851620e-10,1.704442e-08,7.300147e-08
1168113664,6370834,9344909312,237263310,1.508700e-01,6.248301e-02,4.010872e-10,2.886957e-10,1.761643e-08,7.390611e-08
1168375808,6370963,9347006464,237316337,1.508698e-01,6.248279e-02,4.058762e-10,2.960848e-10,1.782677e-08,7.579771e-08
1168637952,6371020,9349103616,237369528,1.508702e-01,6.248268e-02,3.921843e-10,2.999434e-10,1.722540e-08,7.678551e-08
1168900096,6371021,9351200768,237422740,1.508704e-01,6.248250e-02,3.857190e-10,3.062995e-10,1.694144e-08,7.841267e-08
1169162240,6371708,9353297920,237475982,1.508708e-01,6.248263e-02,3.677878e-10,3.018821e-10,1.615386e-08,7.728181e-08
1169424384,6371848,9355395072,237529097,1.508701e-01,6.248250e-02,3.963265e-10,3.061691e-10,1.740733e-08,7.837929e-08
1169686528,6373462,9357492224,237582476,1.508700e-01,6.248259e-02,4.016842e-10,3.031780e-10,1.764265e-08,7.761356e-08
1169948672,6375223,9359589376,237635500,1.508695e-01,6.248251e-02,4.216369e-10,3.059084e-10,1.851901e-08,7.831255e-08
1170210816,6388521,9361686528,237688829,1.508694e-01,6.248257e-02,4.240883e-10,3.039569e-10,1.862668e-08,7.781296e-08
1170472960,6393854,9363783680,237741914,1.508691e-01,6.248245e-02,4.358294e-10,3.078662e-10,1.914237e-08,7.881376e-08
1170735104,6393967,9365880832,237794523,1.508690e-01,6.248251e-02,4.395704e-10,3.060387e-10,1.930668e-08,7.834592e-08
1170997248,6400078,9367977984,237848085,1.508688e-01,6.248241e-02,4.508893e-10,3.094370e-10,1.980382e-08,7.921587e-08
1171259392,6401617,9370075136,237901178,1.508690e-01,6.248236e-02,4.414469e-10,3.112746e-10,1.938909e-08,7.968629e-08
1171521536,6406009,9372172288,237954820,1.508693e-01,6.248234e-02,4.296299e-10,3.118006e-10,1.887008e-08,7.982095e-08
1171783680,6413351,9374269440,238008241,1.508701e-01,6.248243e-02,3.969201e-10,3.087820e-10,1.743340e-08,7.904819e-08
1172045824,6420374,9376366592,238061804,1.508710e-01,6.248275e-02,3.598297e-10,2.974967e-10,1.580433e-08,7.615917e-08
1172307968,6422214,9378463744,238115399,1.508709e-01,6.248279e-02,3.626619e-10,2.962131e-10,1.592873e-08,7.583054e-08
1172570112,6428182,9380560896,238168714,1.508707e-01,6.248286e-02,3.723744e-10,2.937817e-10,1.635531e-08,7.520811e-08
1172832256,6430329,9382658048,238221773,1.508713e-01,6.248321e-02,3.508414e-10,2.817751e-10,1.540955e-08,7.213443e-08
1173094400,6431119,9384755200,238275283,1.508711e-01,6.248309e-02,3.553213e-10,2.860434e-10,1.560631e-08,7.322711e-08
1173356544,6431327,9386852352,238327908,1.508705e-01,6.248266e-02,3.798881e-10,3.005889e-10,1.668533e-08,7.695077e-08
1173618688,6431814,9388949504,238381152,1.508702e-01,6.248282e-02,3.904157e-10,2.953161e-10,1.714772e-08,7.560092e-08
1173880832,6431886,9391046656,238434461,1.508704e-01,6.248312e-02,3.857190e-10,2.849104e-10,1.694144e-08,7.293707e-08
1174142976,6431916,9393143808,238487939,1.508700e-01,6.248325e-02,3.992986e-10,2.805258e-10,1.753787e-08,7.181461e-08
1174405120,6431919,9395240960,238541192,1.508701e-01,6.248317e-02,3.969201e-10,2.832779e-10,1.743340e-08,7.251914e-08
1174667264,6432102,9397338112,238593713,1.508696e-01,6.248292e-02,4.167555e-10,2.917420e-10,1.830461e-08,7.468594e-08
1174929408,6432339,9399435264,238647004,1.508695e-01,6.248324e-02,4.210252e-10,2.810252e-10,1.849214e-08,7.194245e-08
1175191552,6432562,9401532416,238700304,1.508694e-01,6.248328e-02,4.222491e-10,2.795284e-10,1.854590e-08,7.155927e-08
1175453696,6432644,9403629568,238753056,1.508689e-01,6.248287e-02,4.433274e-10,2.933987e-10,1.947169e-08,7.511007e-08
1175715840,6432845,9405726720,238806161,1.508688e-01,6.248266e-02,4.489928e-10,3.008473e-10,1.972053e-08,7.701692e-08
1175977984,6432917,9407823872,238859872,1.508691e-01,6.248271e-02,4.352074e-10,2.987832e-10,1.911505e-08,7.648850e-08
1176240128,6432997,9409921024,238912999,1.508688e-01,6.248254e-02,4.471004e-10,3.049969e-10,1.963741e-08,7.807921e-08
1176502272,6433294,9412018176,238966138,1.508682e-01,6.248229e-02,4.759073e-10,3.135132e-10,2.090266e-08,8.025938e-08
1176764416,6433341,9414115328,239019403,1.508678e-01,6.248252e-02,4.929612e-10,3.055176e-10,2.165170e-08,7.821251e-08
1177026560,6433533,9416212480,239072552,1.508671e-01,6.248227e-02,5.225056e-10,3.144374e-10,2.294933e-08,8.049597e-08
1177288704,6433760,9418309632,239125733,1.508667e-01,6.248233e-02,5.403678e-10,3.121954e-10,2.373387e-08,7.992202e-08
1177550848,6433767,9420406784,239179200,1.508671e-01,6.248277e-02,5.218246e-10,2.968545e-10,2.291942e-08,7.599476e-08
1177812992,6434261,9422503936,239232236,1.508672e-01,6.248295e-02,5.177478e-10,2.908518e-10,2.274036e-08,7.445807e-08
1178075136,6434320,9424601088,239285620,1.508674e-01,6.248299e-02,5.103153e-10,2.893291e-10,2.241392e-08,7.406824e-08
1178337280,6434993,9426698240,239338952,1.508677e-01,6.248327e-02,4.962752e-10,2.800269e-10,2.179725e-08,7.168688e-08
1178599424,6435105,9428795392,239392102,1.508677e-01,6.248361e-02,4.949483e-10,2.686740e-10,2.173897e-08,6.878054e-08
1178861568,6435279,9430892544,239445960,1.508680e-01,6.248377e-02,4.843967e-10,2.634483e-10,2.127553e-08,6.744276e-08
1179123712,6435494,9432989696,239498807,1.508680e-01,6.248391e-02,4.850529e-10,2.589928e-10,2.130435e-08,6.630216e-08
1179385856,6435762,9435086848,239551745,1.508679e-01,6.248344e-02,4.876819e-10,2.741977e-10,2.141982e-08,7.019460e-08
1179648000,6435816,9437184000,239604701,1.508676e-01,6.248334e-02,5.029366e-10,2.776630e-10,2.208983e-08,7.108173e-08
1179910144,6435836,9439281152,239658146,1.508677e-01,6.248315e-02,4.989344e-10,2.839052e-10,2.191405e-08,7.267974e-08
1180172288,6435927,9441378304,239711292,1.508673e-01,6.248335e-02,5.150389e-10,2.771666e-10,2.262138e-08,7.095466e-08
1180434432,6435962,9443475456,239764932,1.508680e-01,6.248365e-02,4.830858e-10,2.674541e-10,2.121795e-08,6.846825e-08
1180696576,6436010,9445572608,239818552,1.508691e-01,6.248429e-02,4.383216e-10,2.469070e-10,1.925183e-08,6.320819e-08
1180958720,6436059,9447669760,239872151,1.508690e-01,6.248435e-02,4.427001e-10,2.449208e-10,1.944414e-08,6.269971e-08
1181220864,6436334,9449766912,239925463,1.508684e-01,6.248427e-02,4.649190e-10,2.474927e-10,2.042003e-08,6.335813e-08
1181483008,6436450,9451864064,239978187,1.508683e-01,6.248407e-02,4.726621e-10,2.538626e-10,2.076012e-08,6.498882e-08
1181745152,6436671,9453961216,240031112,1.508682e-01,6.248425e-02,4.765577e-10,2.479618e-10,2.093122e-08,6.347821e-08
1182007296,6437975,9456058368,240084368,1.508679e-01,6.248425e-02,4.883403e-10,2.480791e-10,2.144873e-08,6.350825e-08
1182269440,6438996,9458155520,240137677,1.508682e-01,6.248435e-02,4.739589e-10,2.449208e-10,2.081708e-08,6.269971e-08
1182531584,6439785,9460252672,240191079,1.508681e-01,6.248451e-02,4.798162e-10,2.400480e-10,2.107434e-08,6.145228e-08
1182793728,6443992,9462349824,240243622,1.508670e-01,6.248416e-02,5.279697e-10,2.509035e-10,2.318932e-08,6.423130e-08
1183055872,6449430,9464446976,240296905,1.508669e-01,6.248404e-02,5.320864e-10,2.546943e-10,2.337014e-08,6.520173e-08
1183318016,6454334,9466544128,240350309,1.508676e-01,6.248423e-02,5.016008e-10,2.487837e-10,2.203116e-08,6.368863e-08
1183580160,6461159,9468641280,240404083,1.508681e-01,6.248451e-02,4.811227e-10,2.398172e-10,2.113172e-08,6.139319e-08
1183842304,6461322,9470738432,240457083,1.508681e-01,6.248455e-02,4.804692e-10,2.386648e-10,2.110303e-08,6.109818e-08
1184104448,6462857,9472835584,240509888,1.508678e-01,6.248442e-02,4.903180e-10,2.427104e-10,2.153560e-08,6.213385e-08
1184366592,6466302,9474932736,240563036,1.508679e-01,6.248451e-02,4.870240e-10,2.400480e-10,2.139092e-08,6.145228e-08
1184628736,6475100,9477029888,240616100,1.508677e-01,6.248395e-02,4.956116e-10,2.576755e-10,2.176810e-08,6.596494e-08
1184890880,6484965,9479127040,240669640,1.508680e-01,6.248423e-02,4.824310e-10,2.487837e-10,2.118919e-08,6.368863e-08
1185153024,6490675,9481224192,240722997,1.508678e-01,6.248446e-02,4.936231e-10,2.414352e-10,2.168077e-08,6.180741e-08
1185415168,6492561,9483321344,240776481,1.508685e-01,6.248477e-02,4.623522e-10,2.320355e-10,2.030729e-08,5.940109e-08
1185677312,6494448,9485418496,240830209,1.508685e-01,6.248464e-02,4.623522e-10,2.357959e-10,2.030729e-08,6.036375e-08
1185939456,6494834,9487515648,240883285,1.508684e-01,6.248454e-02,4.674929e-10,2.390102e-10,2.053308e-08,6.118661e-08
1186201600,6495880,9489612800,240936454,1.508682e-01,6.248415e-02,4.759073e-10,2.511396e-10,2.090266e-08,6.429174e-08
1186463744,6497729,9491709952,240989289,1.508680e-01,6.248386e-02,4.837410e-10,2.605539e-10,2.124673e-08,6.670180e-08
1186725888,6498811,9493807104,241041782,1.508676e-01,6.248374e-02,5.029366e-10,2.644166e-10,2.208983e-08,6.769065e-08
1186988032,6503347,9495904256,241095214,1.508674e-01,6.248356e-02,5.116627e-10,2.703864e-10,2.247310e-08,6.921893e-08
1187250176,6526899,9498001408,241148053,1.508674e-01,6.248352e-02,5.123371e-10,2.716130e-10,2.250271e-08,6.953292e-08
1187512320,6528089,9500098560,241201671,1.508677e-01,6.248343e-02,4.949483e-10,2.744445e-10,2.173897e-08,7.025778e-08
1187774464,6529999,9502195712,241254849,1.508675e-01,6.248344e-02,5.056136e-10,2.743211e-10,2.220741e-08,7.022619e-08
1188036608,6542008,9504292864,241308108,1.508676e-01,6.248344e-02,5.009335e-10,2.741977e-10,2.200185e-08,7.019460e-08
1188298752,6542370,9506390016,241361433,1.508674e-01,6.248326e-02,5.089698e-10,2.801516e-10,2.235481e-08,7.171880e-08
1188560896,6542950,9508487168,241415049,1.508679e-01,6.248360e-02,4.883403e-10,2.687961e-10,2.144873e-08,6.881180e-08
1188823040,6543387,9510584320,241468066,1.508678e-01,6.248352e-02,4.903180e-10,2.716130e-10,2.153560e-08,6.953292e-08
1189085184,6544095,9512681472,241521183,1.508675e-01,6.248315e-02,5.056136e-10,2.840308e-10,2.220741e-08,7.271188e-08
1189347328,6544441,9514778624,241574077,1.508667e-01,6.248304e-02,5.445324e-10,2.875575e-10,2.391679e-08,7.361473e-08
1189609472,6544778,9516875776,241627006,1.508668e-01,6.248330e-02,5.376002e-10,2.790304e-10,2.361231e-08,7.143177e-08
1189871616,6544830,9518972928,241680087,1.508669e-01,6.248326e-02,5.320864e-10,2.802763e-10,2.337014e-08,7.175073e-08
1190133760,6546199,9521070080,241732828,1.508673e-01,6.248354e-02,5.150389e-10,2.709993e-10,2.262138e-08,6.937583e-08
1190395904,6546283,9523167232,241785680,1.508666e-01,6.248357e-02,5.466207e-10,2.700190e-10,2.400851e-08,6.912487e-08
1190658048,6546345,9525264384,241838363,1.508668e-01,6.248355e-02,5.376002e-10,2.705089e-10,2.361231e-08,6.925029e-08
1190920192,6546363,9527361536,241891296,1.508668e-01,6.248356e-02,5.396752e-10,2.703864e-10,2.370345e-08,6.921893e-08
1191182336,6546444,9529458688,241944960,1.508669e-01,6.248387e-02,5.341507e-10,2.601933e-10,2.346081e-08,6.660947e-08
1191444480,6546974,9531555840,241998472,1.508672e-01,6.248356e-02,5.191050e-10,2.701415e-10,2.279997e-08,6.915621e-08
1191706624,6547170,9533652992,242051843,1.508673e-01,6.248343e-02,5.143628e-10,2.746914e-10,2.259168e-08,7.032099e-08
1191968768,6547214,9535750144,242105460,1.508673e-01,6.248331e-02,5.136871e-10,2.786571e-10,2.256201e-08,7.133622e-08
1192230912,6547504,9537847296,242158379,1.508671e-01,6.248362e-02,5.252341e-10,2.683077e-10,2.306917e-08,6.868677e-08
1192493056,6548097,9539944448,242211903,1.508669e-01,6.248335e-02,5.313991e-10,2.772907e-10,2.333995e-08,7.098642e-08
1192755200,6548251,9542041600,242265022,1.508670e-01,6.248325e-02,5.272851e-10,2.805258e-10,2.315926e-08,7.181461e-08
1193017344,6548332,9544138752,242318292,1.508669e-01,6.248340e-02,5.313991e-10,2.754328e-10,2.333995e-08,7.051079e-08
1193279488,6549067,9546235904,242371947,1.508669e-01,6.248377e-02,5.320864e-10,2.634483e-10,2.337014e-08,6.744276e-08
1193541632,6549067,9548333056,242425090,1.508669e-01,6.248391e-02,5.320864e-10,2.587531e-10,2.337014e-08,6.624079e-08
1193803776,6549309,9550430208,242478024,1.508667e-01,6.248393e-02,5.445324e-10,2.582739e-10,2.391679e-08,6.611812e-08
1194065920,6549323,9552527360,242531665,1.508671e-01,6.248391e-02,5.218246e-10,2.589928e-10,2.291942e-08,6.630216e-08
1194328064,6549528,9554624512,242585019,1.508675e-01,6.248399e-02,5.049436e-10,2.562424e-10,2.217798e-08,6.559804e-08
1194590208,6549719,9556721664,242638350,1.508676e-01,6.248408e-02,5.016008e-10,2.533880e-10,2.203116e-08,6.486732e-08
1194852352,6549789,9558818816,242691858,1.508682e-01,6.248457e-02,4.759073e-10,2.382046e-10,2.090266e-08,6.098037e-08
1195114496,6549846,9560915968,242745061,1.508679e-01,6.248444e-02,4.883403e-10,2.420144e-10,2.144873e-08,6.195569e-08
1195376640,6549913,9563013120,242797866,1.508671e-01,6.248415e-02,5.238689e-10,2.511396e-10,2.300921e-08,6.429174e-08
1195638784,6550028,9565110272,242851159,1.508670e-01,6.248417e-02,5.279697e-10,2.506675e-10,2.318932e-08,6.417089e-08
1195900928,6550252,9567207424,242904203,1.508667e-01,6.248393e-02,5.445324e-10,2.583936e-10,2.391679e-08,6.614877e-08
1196163072,6550439,9569304576,242957868,1.508666e-01,6.248382e-02,5.452281e-10,2.617579e-10,2.394734e-08,6.701003e-08
1196425216,6550570,9571401728,243011235,1.508673e-01,6.248420e-02,5.163925e-10,2.496070e-10,2.268084e-08,6.389939e-08
1196687360,6550591,9573498880,243064095,1.508667e-01,6.248407e-02,5.403678e-10,2.537439e-10,2.373387e-08,6.495844e-08
1196949504,6551085,9575596032,243117592,1.508665e-01,6.248384e-02,5.522092e-10,2.611556e-10,2.425396e-08,6.685583e-08
1197211648,6551106,9577693184,243171041,1.508673e-01,6.248432e-02,5.143628e-10,2.457377e-10,2.259168e-08,6.290884e-08
1197473792,6551209,9579790336,243224724,1.508676e-01,6.248427e-02,5.022684e-10,2.473755e-10,2.206048e-08,6.332813e-08
1197735936,6551230,9581887488,243278119,1.508680e-01,6.248439e-02,4.837410e-10,2.436398e-10,2.124673e-08,6.237180e-08
1197998080,6551323,9583984640,243331389,1.508676e-01,6.248457e-02,5.036052e-10,2.382046e-10,2.211919e-08,6.098037e-08
1198260224,6551377,9586081792,243384599,1.508675e-01,6.248457e-02,5.056136e-10,2.382046e-10,2.220741e-08,6.098037e-08
1198522368,6551436,9588178944,243437745,1.508673e-01,6.248409e-02,5.130119e-10,2.530323e-10,2.253235e-08,6.477627e-08
1198784512,6551552,9590276096,243491325,1.508677e-01,6.248431e-02,4.962752e-10,2.462051e-10,2.179725e-08,6.302849e-08
1199046656,6551804,9592373248,243544452,1.508675e-01,6.248421e-02,5.069547e-10,2.493716e-10,2.226631e-08,6.383914e-08
1199308800,6551887,9594470400,243597505,1.508674e-01,6.248420e-02,5.103153e-10,2.494893e-10,2.241392e-08,6.386927e-08
1199570944,6551945,9596567552,243650831,1.508677e-01,6.248412e-02,4.949483e-10,2.523217e-10,2.173897e-08,6.459436e-08
1199833088,6551958,9598664704,243704365,1.508685e-01,6.248422e-02,4.597924e-10,2.489012e-10,2.019486e-08,6.371872e-08
1200095232,6551982,9600761856,243757745,1.508687e-01,6.248441e-02,4.546943e-10,2.430587e-10,1.997095e-08,6.222302e-08
1200357376,6551996,9602859008,243810842,1.508683e-01,6.248448e-02,4.726621e-10,2.409724e-10,2.076012e-08,6.168892e-08
1200619520,6552015,9604956160,243864592,1.508685e-01,6.248465e-02,4.597924e-10,2.356815e-10,2.019486e-08,6.033446e-08
1200881664,6552183,9607053312,243918348,1.508688e-01,6.248466e-02,4.502567e-10,2.352242e-10,1.977604e-08,6.021739e-08
1201143808,6552279,9609150464,243971232,1.508687e-01,6.248411e-02,4.540590e-10,2.525585e-10,1.994304e-08,6.465497e-08
1201405952,6552587,9611247616,244024322,1.508692e-01,6.248433e-02,4.333442e-10,2.455041e-10,1.903321e-08,6.284905e-08
1201668096,6552593,9613344768,244077148,1.508688e-01,6.248388e-02,4.502567e-10,2.598328e-10,1.977604e-08,6.651720e-08
1201930240,6552601,9615441920,244130508,1.508690e-01,6.248359e-02,4.389458e-10,2.691627e-10,1.927924e-08,6.890565e-08
1202192384,6552823,9617539072,244183815,1.508690e-01,6.248404e-02,4.408209e-10,2.546943e-10,1.936160e-08,6.520173e-08
1202454528,6552854,9619636224,244237467,1.508690e-01,6.248391e-02,4.414469e-10,2.589928e-10,1.938909e-08,6.630216e-08
1202716672,6552918,9621733376,244291024,1.508692e-01,6.248424e-02,4.333442e-10,2.483139e-10,1.903321e-08,6.356835e-08
1202978816,6553511,9623830528,244344454,1.508699e-01,6.248429e-02,4.052760e-10,2.466729e-10,1.780041e-08,6.314826e-08
1203240960,6553718,9625927680,244397889,1.508704e-01,6.248463e-02,3.839651e-10,2.361392e-10,1.686440e-08,6.045164e-08
1203503104,6557027,9628024832,244450760,1.508702e-01,6.248450e-02,3.910048e-10,2.402789e-10,1.717359e-08,6.151140e-08
1203765248,6567125,9630121984,244504345,1.508706e-01,6.248450e-02,3.775682e-10,2.403944e-10,1.658344e-08,6.154097e-08
1204027392,6572350,9632219136,244557108,1.508700e-01,6.248428e-02,3.998943e-10,2.471412e-10,1.756404e-08,6.326815e-08
1204289536,6572559,9634316288,244610747,1.508698e-01,6.248412e-02,4.088838e-10,2.520851e-10,1.795887e-08,6.453378e-08
1204551680,6578863,9636413440,244663865,1.508694e-01,6.248379e-02,4.240883e-10,2.626024e-10,1.862668e-08,6.722622e-08
1204813824,6583366,9638510592,244717283,1.508698e-01,6.248391e-02,4.070779e-10,2.588729e-10,1.787955e-08,6.627147e-08
1205075968,6584471,9640607744,244770923,1.508700e-01,6.248403e-02,4.010872e-10,2.549321e-10,1.761643e-08,6.526263e-08
1205338112,6591840,9642704896,244824301,1.508697e-01,6.248392e-02,4.119025e-10,2.586332e-10,1.809146e-08,6.621011e-08
1205600256,6598812,9644802048,244877979,1.508695e-01,6.248379e-02,4.210252e-10,2.628440e-10,1.849214e-08,6.728806e-08
1205862400,6603853,9646899200,244931446,1.508702e-01,6.248414e-02,3.933656e-10,2.516121e-10,1.727729e-08,6.441270e-08
1206124544,6606559,9648996352,244985064,1.508703e-01,6.248424e-02,3.874769e-10,2.483139e-10,1.701865e-08,6.356835e-08
1206386688,6608795,9651093504,245038035,1.508698e-01,6.248412e-02,4.070779e-10,2.522034e-10,1.787955e-08,6.456406e-08
1206648832,6609750,9653190656,245092026,1.508699e-01,6.248409e-02,4.034781e-10,2.530323e-10,1.772145e-08,6.477627e-08
1206910976,6609855,9655287808,245144986,1.508694e-01,6.248409e-02,4.228617e-10,2.530323e-10,1.857280e-08,6.477627e-08
1207173120,6610324,9657384960,245198641,1.508696e-01,6.248431e-02,4.143255e-10,2.463220e-10,1.819788e-08,6.305842e-08
1207435264,6610414,9659482112,245251926,1.508698e-01,6.248469e-02,4.070779e-10,2.344250e-10,1.787955e-08,6.001279e-08
1207697408,6610443,9661579264,245305402,1.508703e-01,6.248465e-02,3.886511e-10,2.355671e-10,1.707022e-08,6.030518e-08
1207959552,6610486,9663676416,245358517,1.508700e-01,6.248500e-02,3.987033e-10,2.250523e-10,1.751172e-08,5.761339e-08
1208221696,6610606,9665773568,245411956,1.508705e-01,6.248532e-02,3.816327e-10,2.154332e-10,1.676196e-08,5.515091e-08
1208483840,6610827,9667870720,245464787,1.508705e-01,6.248521e-02,3.810507e-10,2.187264e-10,1.673640e-08,5.599397e-08
1208745984,6611152,9669967872,245518247,1.508712e-01,6.248555e-02,3.547598e-10,2.087064e-10,1.558165e-08,5.342885e-08
1209008128,6611217,9672065024,245572344,1.508716e-01,6.248597e-02,3.381198e-10,1.968253e-10,1.485079e-08,5.038727e-08
1209270272,6611346,9674162176,245625999,1.508720e-01,6.248623e-02,3.234855e-10,1.895764e-10,1.420803e-08,4.853155e-08
1209532416,6611491,9676259328,245678532,1.508713e-01,6.248585e-02,3.491687e-10,2.002898e-10,1.533608e-08,5.127419e-08
1209794560,6611516,9678356480,245731462,1.508706e-01,6.248550e-02,3.752554e-10,2.101081e-10,1.648185e-08,5.378766e-08
1210056704,6611811,9680453632,245784791,1.508705e-01,6.248532e-02,3.787273e-10,2.154332e-10,1.663435e-08,5.515091e-08
1210318848,6612026,9682550784,245838307,1.508713e-01,6.248546e-02,3.480558e-10,2.114060e-10,1.528720e-08,5.411994e-08
1210580992,6612074,9684647936,245892080,1.508717e-01,6.248530e-02,3.337499e-10,2.161994e-10,1.465886e-08,5.534705e-08
1210843136,6612283,9686745088,245944933,1.508712e-01,6.248486e-02,3.513998e-10,2.293197e-10,1.543407e-08,5.870584e-08
1211105280,6612516,9688842240,245997900,1.508709e-01,6.248487e-02,3.643665e-10,2.288686e-10,1.600360e-08,5.859036e-08
1211367424,6612795,9690939392,246051007,1.508705e-01,6.248499e-02,3.781475e-10,2.253878e-10,1.660888e-08,5.769927e-08
1211629568,6613018,9693036544,246104649,1.508707e-01,6.248495e-02,3.712251e-10,2.263956e-10,1.630484e-08,5.795727e-08
1211891712,6613562,9695133696,246157807,1.508704e-01,6.248510e-02,3.857190e-10,2.219336e-10,1.694144e-08,5.681500e-08
1212153856,6613674,9697230848,246210734,1.508701e-01,6.248462e-02,3.969201e-10,2.364828e-10,1.743340e-08,6.053961e-08
1212416000,6613752,9699328000,246264399,1.508702e-01,6.248448e-02,3.921843e-10,2.408567e-10,1.722540e-08,6.165932e-08
1212678144,6614126,9701425152,246317277,1.508701e-01,6.248419e-02,3.963265e-10,2.500781e-10,1.740733e-08,6.401999e-08
1212940288,6614284,9703522304,246370791,1.508693e-01,6.248379e-02,4.283953e-10,2.628440e-10,1.881585e-08,6.728806e-08
1213202432,6614313,9705619456,246423922,1.508690e-01,6.248330e-02,4.414469e-10,2.790304e-10,1.938909e-08,7.143177e-08
1213464576,6614411,9707716608,246477496,1.508692e-01,6.248343e-02,4.339649e-10,2.746914e-10,1.906048e-08,7.032099e-08
1213726720,6614426,9709813760,246530675,1.508694e-01,6.248344e-02,4.234748e-10,2.743211e-10,1.859973e-08,7.022619e-08
1213988864,6614490,9711910912,246583898,1.508692e-01,6.248349e-02,4.339649e-10,2.724732e-10,1.906048e-08,6.975313e-08
1214251008,6614643,9714008064,246637797,1.508694e-01,6.248354e-02,4.259315e-10,2.708767e-10,1.870763e-08,6.934444e-08
1214513152,6614704,9716105216,246690933,1.508690e-01,6.248333e-02,4.395704e-10,2.779114e-10,1.930668e-08,7.114531e-08
1214775296,6614825,9718202368,246743861,1.508684e-01,6.248287e-02,4.662051e-10,2.933987e-10,2.047652e-08,7.511007e-08
1215037440,6615115,9720299520,246796972,1.508681e-01,6.248271e-02,4.772085e-10,2.989120e-10,2.095981e-08,7.652147e-08
1215299584,6615183,9722396672,246849791,1.508678e-01,6.248242e-02,4.929612e-10,3.089130e-10,2.165170e-08,7.908172e-08
1215561728,6616664,9724493824,246902603,1.508679e-01,6.248237e-02,4.876819e-10,3.108803e-10,2.141982e-08,7.958536e-08
1215823872,6617621,9726590976,246955631,1.508680e-01,6.248203e-02,4.857095e-10,3.229497e-10,2.133318e-08,8.267511e-08
1216086016,6618316,9728688128,247008780,1.508680e-01,6.248191e-02,4.824310e-10,3.272485e-10,2.118919e-08,8.377560e-08
1216348160,6622573,9730785280,247062264,1.508677e-01,6.248185e-02,4.976040e-10,3.295437e-10,2.185561e-08,8.436319e-08
1216610304,6628039,9732882432,247115208,1.508674e-01,6.248165e-02,5.082976e-10,3.366144e-10,2.232530e-08,8.617329e-08
1216872448,6632825,9734979584,247168327,1.508671e-01,6.248154e-02,5.231870e-10,3.405903e-10,2.297927e-08,8.719111e-08
1217134592,6639853,9737076736,247221803,1.508674e-01,6.248158e-02,5.089698e-10,3.392167e-10,2.235481e-08,8.683946e-08
1217396736,6643039,9739173888,247274821,1.508672e-01,6.248143e-02,5.211440e-10,3.448661e-10,2.288953e-08,8.828573e-08
1217658880,6644765,9741271040,247327863,1.508671e-01,6.248151e-02,5.231870e-10,3.418289e-10,2.297927e-08,8.750820e-08
1217921024,6647973,9743368192,247380903,1.508669e-01,6.248142e-02,5.348397e-10,3.452814e-10,2.349107e-08,8.839203e-08
1218183168,6653608,9745465344,247434094,1.508668e-01,6.248135e-02,5.389831e-10,3.479168e-10,2.367305e-08,8.906670e-08
1218445312,6663441,9747562496,247486964,1.508663e-01,6.248134e-02,5.613510e-10,3.481948e-10,2.465549e-08,8.913787e-08
1218707456,6669227,9749659648,247540113,1.508669e-01,6.248128e-02,5.355292e-10,3.505623e-10,2.352135e-08,8.974395e-08
1218969600,6671063,9751756800,247593563,1.508673e-01,6.248165e-02,5.163925e-10,3.367511e-10,2.268084e-08,8.620829e-08
1219231744,6673152,9753853952,247646276,1.508666e-01,6.248140e-02,5.452281e-10,3.458354e-10,2.394734e-08,8.853385e-08
1219493888,6673321,9755951104,247699456,1.508665e-01,6.248155e-02,5.515091e-10,3.403153e-10,2.422322e-08,8.712072e-08
1219756032,6674300,9758048256,247752531,1.508661e-01,6.248156e-02,5.705678e-10,3.399031e-10,2.506031e-08,8.701520e-08
1220018176,6676391,9760145408,247806148,1.508662e-01,6.248185e-02,5.655956e-10,3.294085e-10,2.484192e-08,8.432858e-08
1220280320,6677299,9762242560,247859652,1.508662e-01,6.248210e-02,5.670140e-10,3.202774e-10,2.490422e-08,8.199100e-08
1220542464,6685005,9764339712,247913265,1.508671e-01,6.248246e-02,5.225056e-10,3.076048e-10,2.294933e-08,7.874684e-08
1220804608,6705541,9766436864,247966698,1.508677e-01,6.248269e-02,4.976040e-10,2.996854e-10,2.185561e-08,7.671946e-08
1221066752,6706658,9768534016,248020330,1.508684e-01,6.248270e-02,4.642766e-10,2.991697e-10,2.039182e-08,7.658744e-08
1221328896,6708579,9770631168,248073412,1.508685e-01,6.248281e-02,4.604317e-10,2.954442e-10,2.022294e-08,7.563371e-08
1221591040,6723624,9772728320,248127386,1.508689e-01,6.248278e-02,4.445833e-10,2.965979e-10,1.952685e-08,7.592905e-08
1221853184,6723959,9774825472,248180682,1.508689e-01,6.248285e-02,4.464704e-10,2.942927e-10,1.960974e-08,7.533893e-08
1222115328,6724557,9776922624,248233837,1.508690e-01,6.248299e-02,4.427001e-10,2.892023e-10,1.944414e-08,7.403580e-08
1222377472,6724982,9779019776,248286880,1.508686e-01,6.248278e-02,4.566028e-10,2.964696e-10,2.005477e-08,7.589621e-08
1222639616,6725704,9781116928,248340232,1.508694e-01,6.248304e-02,4.259315e-10,2.878103e-10,1.870763e-08,7.367943e-08
1222901760,6726083,9783214080,248393339,1.508690e-01,6.248321e-02,4.408209e-10,2.820253e-10,1.936160e-08,7.219847e-08
1223163904,6726450,9785311232,248446270,1.508684e-01,6.248306e-02,4.662051e-10,2.869261e-10,2.047652e-08,7.345309e-08
1223426048,6726561,9787408384,248499761,1.508688e-01,6.248319e-02,4.496246e-10,2.826512e-10,1.974828e-08,7.235872e-08
1223688192,6727502,9789505536,248552912,1.508689e-01,6.248311e-02,4.464704e-10,2.851620e-10,1.960974e-08,7.300147e-08
1223950336,6727900,9791602688,248606077,1.508690e-01,6.248347e-02,4.395704e-10,2.732116e-10,1.930668e-08,6.994216e-08
1224212480,6727964,9793699840,248659384,1.508693e-01,6.248389e-02,4.277787e-10,2.594727e-10,1.878877e-08,6.642500e-08
1224474624,6727981,9795796992,248713125,1.508697e-01,6.248415e-02,4.119025e-10,2.513758e-10,1.809146e-08,6.435221e-08
1224736768,6727982,9797894144,248766300,1.508696e-01,6.248418e-02,4.143255e-10,2.503138e-10,1.819788e-08,6.408033e-08
1224998912,6728282,9799991296,248820021,1.508700e-01,6.248415e-02,3.981084e-10,2.513758e-10,1.748560e-08,6.435221e-08
1225261056,6728702,9802088448,248873059,1.508705e-01,6.248440e-02,3.816327e-10,2.432911e-10,1.676196e-08,6.228251e-08
1225523200,6728874,9804185600,248926465,1.508705e-01,6.248483e-02,3.787273e-10,2.299971e-10,1.663435e-08,5.887927e-08
1225785344,6729062,9806282752,248979288,1.508704e-01,6.248481e-02,3.822151e-10,2.307888e-10,1.678754e-08,5.908193e-08
1226047488,6729085,9808379904,249031763,1.508702e-01,6.248460e-02,3.910048e-10,2.372855e-10,1.717359e-08,6.074509e-08
1226309632,6729830,9810477056,249085327,1.508713e-01,6.248530e-02,3.491687e-10,2.161994e-10,1.533608e-08,5.534705e-08
1226571776,6730000,9812574208,249138273,1.508713e-01,6.248501e-02,3.486120e-10,2.246055e-10,1.531163e-08,5.749900e-08
1226833920,6730039,9814671360,249191259,1.508711e-01,6.248502e-02,3.570086e-10,2.243822e-10,1.568042e-08,5.744184e-08
1227096064,6730431,9816768512,249244747,1.508714e-01,6.248502e-02,3.469447e-10,2.244938e-10,1.523840e-08,5.747042e-08
1227358208,6730900,9818865664,249297905,1.508718e-01,6.248517e-02,3.321186e-10,2.199402e-10,1.458721e-08,5.630469e-08
1227620352,6730916,9820962816,249350896,1.508716e-01,6.248541e-02,3.392167e-10,2.129254e-10,1.489897e-08,5.450889e-08
1227882496,6731102,9823059968,249404370,1.508715e-01,6.248546e-02,3.419667e-10,2.112977e-10,1.501976e-08,5.409221e-08
1228144640,6731260,9825157120,249457526,1.508718e-01,6.248544e-02,3.326619e-10,2.119480e-10,1.461108e-08,5.425869e-08
1228406784,6731351,9827254272,249510471,1.508721e-01,6.248540e-02,3.218794e-10,2.130341e-10,1.413749e-08,5.453673e-08
1228668928,6731591,9829351424,249563242,1.508721e-01,6.248537e-02,3.192115e-10,2.140139e-10,1.402031e-08,5.478757e-08
1228931072,6731724,9831448576,249616340,1.508718e-01,6.248534e-02,3.315757e-10,2.148868e-10,1.456337e-08,5.501102e-08
1229193216,6731726,9833545728,249669134,1.508711e-01,6.248517e-02,3.553213e-10,2.200507e-10,1.560631e-08,5.633298e-08
1229455360,6731861,9835642880,249722243,1.508717e-01,6.248542e-02,3.332057e-10,2.125993e-10,1.463496e-08,5.442543e-08
1229717504,6732126,9837740032,249775997,1.508722e-01,6.248544e-02,3.181475e-10,2.119480e-10,1.397358e-08,5.425869e-08
1229979648,6732270,9839837184,249829094,1.508723e-01,6.248556e-02,3.118006e-10,2.084912e-10,1.369481e-08,5.337375e-08
1230241792,6732389,9841934336,249882464,1.508725e-01,6.248577e-02,3.044767e-10,2.024042e-10,1.337313e-08,5.181548e-08
1230503936,6732460,9844031488,249935581,1.508725e-01,6.248593e-02,3.055176e-10,1.979768e-10,1.341885e-08,5.068205e-08
1230766080,6732858,9846128640,249988652,1.508723e-01,6.248579e-02,3.144374e-10,2.018746e-10,1.381062e-08,5.167989e-08
1231028224,6732884,9848225792,250042551,1.508721e-01,6.248575e-02,3.192115e-10,2.029346e-10,1.402031e-08,5.195125e-08
1231290368,6733044,9850322944,250095774,1.508722e-01,6.248574e-02,3.170852e-10,2.032531e-10,1.392692e-08,5.203279e-08
1231552512,6733087,9852420096,250149404,1.508730e-01,6.248604e-02,2.895826e-10,1.948443e-10,1.271896e-08,4.988013e-08
1231814656,6733178,9854517248,250202276,1.508729e-01,6.248595e-02,2.916147e-10,1.973483e-10,1.280821e-08,5.052116e-08
1232076800,6733206,9856614400,250255782,1.508729e-01,6.248595e-02,2.905978e-10,1.974529e-10,1.276355e-08,5.054795e-08
1232338944,6733244,9858711552,250309070,1.508727e-01,6.248612e-02,2.987832e-10,1.926664e-10,1.312307e-08,4.932259e-08
1232601088,6733357,9860808704,250363131,1.508739e-01,6.248638e-02,2.580345e-10,1.855967e-10,1.133331e-08,4.751275e-08
1232863232,6733597,9862905856,250415425,1.508731e-01,6.248593e-02,2.865477e-10,1.980816e-10,1.258566e-08,5.070889e-08
1233125376,6733774,9865003008,250468710,1.508729e-01,6.248593e-02,2.926335e-10,1.979768e-10,1.285296e-08,5.068205e-08
1233387520,6733844,9867100160,250521773,1.508728e-01,6.248603e-02,2.941649e-10,1.951564e-10,1.292022e-08,4.996004e-08
1233649664,6733886,9869197312,250575470,1.508729e-01,6.248591e-02,2.936540e-10,1.986063e-10,1.289778e-08,5.084320e-08
1233911808,6733906,9871294464,250628560,1.508725e-01,6.248581e-02,3.070824e-10,2.012399e-10,1.348758e-08,5.151742e-08
1234173952,6733925,9873391616,250681811,1.508723e-01,6.248586e-02,3.128540e-10,2.000790e-10,1.374108e-08,5.122022e-08
1234436096,6733998,9875488768,250734692,1.508727e-01,6.248583e-02,2.987832e-10,2.007118e-10,1.312307e-08,5.138222e-08
1234698240,6734209,9877585920,250788148,1.508725e-01,6.248563e-02,3.060387e-10,2.065593e-10,1.344174e-08,5.287917e-08
1234960384,6734399,9879683072,250841352,1.508724e-01,6.248561e-02,3.107490e-10,2.069878e-10,1.364862e-08,5.298888e-08
1235222528,6734442,9881780224,250894603,1.508720e-01,6.248543e-02,3.229497e-10,2.121650e-10,1.418450e-08,5.431424e-08
1235484672,6734456,9883877376,250947755,1.508717e-01,6.248552e-02,3.359313e-10,2.097842e-10,1.475467e-08,5.370475e-08
1235746816,6734723,9885974528,251001160,1.508711e-01,6.248515e-02,3.558833e-10,2.203824e-10,1.563100e-08,5.641789e-08
1236008960,6734799,9888071680,251054565,1.508710e-01,6.248483e-02,3.592646e-10,2.299971e-10,1.577951e-08,5.887927e-08
1236271104,6734816,9890168832,251108248,1.508711e-01,6.248477e-02,3.575720e-10,2.318086e-10,1.570517e-08,5.934300e-08
1236533248,6735378,9892265984,251161131,1.508711e-01,6.248469e-02,3.558833e-10,2.343109e-10,1.563100e-08,5.998359e-08
1236795392,6735693,9894363136,251214148,1.508712e-01,6.248524e-02,3.525180e-10,2.178458e-10,1.548319e-08,5.576852e-08
1237057536,6738892,9896460288,251268012,1.508717e-01,6.248540e-02,3.353853e-10,2.130341e-10,1.473069e-08,5.453673e-08
1237319680,6745687,9898557440,251322118,1.508720e-01,6.248546e-02,3.250955e-10,2.112977e-10,1.427875e-08,5.409221e-08
1237581824,6750833,9900654592,251375499,1.508723e-01,6.248571e-02,3.112746e-10,2.043167e-10,1.367171e-08,5.230507e-08
1237843968,6751098,9902751744,251428778,1.508719e-01,6.248558e-02,3.261711e-10,2.080611e-10,1.432599e-08,5.326365e-08
1238106112,6757697,9904848896,251481727,1.508724e-01,6.248558e-02,3.096992e-10,2.078462e-10,1.360251e-08,5.320864e-08
1238368256,6762899,9906946048,251534998,1.508721e-01,6.248557e-02,3.208109e-10,2.082761e-10,1.409056e-08,5.331869e-08
1238630400,6765087,9909043200,251588125,1.508711e-01,6.248531e-02,3.570086e-10,2.158709e-10,1.568042e-08,5.526294e-08
1238892544,6770289,9911140352,251641016,1.508714e-01,6.248545e-02,3.458354e-10,2.116227e-10,1.518968e-08,5.417542e-08
1239154688,6777329,9913237504,251694400,1.508714e-01,6.248570e-02,3.458354e-10,2.045297e-10,1.518968e-08,5.235961e-08
1239416832,6784948,9915334656,251747674,1.508714e-01,6.248595e-02,3.447278e-10,1.974529e-10,1.514103e-08,5.054795e-08
1239678976,6785611,9917431808,251800842,1.508715e-01,6.248602e-02,3.419667e-10,1.953646e-10,1.501976e-08,5.001334e-08
1239941120,6787382,9919528960,251855010,1.508722e-01,6.248640e-02,3.170852e-10,1.849881e-10,1.392692e-08,4.735697e-08
1240203264,6788401,9921626112,251908609,1.508726e-01,6.248665e-02,3.024001e-10,1.781615e-10,1.328193e-08,4.560934e-08
1240465408,6788415,9923723264,251961889,1.508724e-01,6.248670e-02,3.086511e-10,1.768710e-10,1.355648e-08,4.527898e-08
1240727552,6788755,9925820416,252015253,1.508728e-01,6.248683e-02,2.946763e-10,1.735181e-10,1.294268e-08,4.442063e-08
1240989696,6788859,9927917568,252068059,1.508725e-01,6.248699e-02,3.060387e-10,1.692266e-10,1.344174e-08,4.332202e-08
1241251840,6788964,9930014720,252121057,1.508724e-01,6.248705e-02,3.102238e-10,1.677759e-10,1.362556e-08,4.295064e-08
1241513984,6789063,9932111872,252173988,1.508723e-01,6.248719e-02,3.112746e-10,1.641287e-10,1.367171e-08,4.201695e-08
1241776128,6789114,9934209024,252227520,1.508726e-01,6.248711e-02,3.034375e-10,1.660433e-10,1.332749e-08,4.250709e-08
1242038272,6789336,9936306176,252281455,1.508732e-01,6.248766e-02,2.820253e-10,1.523222e-10,1.238703e-08,3.899448e-08
1242300416,6789692,9938403328,252334795,1.508726e-01,6.248749e-02,3.039569e-10,1.563950e-10,1.335030e-08,4.003713e-08
1242562560,6789827,9940500480,252388118,1.508724e-01,6.248747e-02,3.081277e-10,1.569546e-10,1.353349e-08,4.018037e-08
1242824704,6789892,9942597632,252441545,1.508724e-01,6.248739e-02,3.102238e-10,1.590148e-10,1.362556e-08,4.070779e-08
1243086848,6789982,9944694784,252494492,1.508716e-01,6.248704e-02,3.381198e-10,1.679690e-10,1.485079e-08,4.300006e-08
1243348992,6790038,9946791936,252547978,1.508715e-01,6.248682e-02,3.419667e-10,1.738126e-10,1.501976e-08,4.449604e-08
1243611136,6790434,9948889088,252601195,1.508718e-01,6.248720e-02,3.304912e-10,1.637471e-10,1.451573e-08,4.191927e-08
1243873280,6790531,9950986240,252654102,1.508714e-01,6.248704e-02,3.447278e-10,1.679690e-10,1.514103e-08,4.300006e-08
1244135424,6790694,9953083392,252707585,1.508715e-01,6.248717e-02,3.408653e-10,1.646063e-10,1.497138e-08,4.213922e-08
1244397568,6790851,9955180544,252760984,1.508720e-01,6.248732e-02,3.234855e-10,1.608994e-10,1.420803e-08,4.119025e-08
1244659712,6791207,9957277696,252813539,1.508718e-01,6.248743e-02,3.326619e-10,1.580767e-10,1.461108e-08,4.046763e-08
1244921856,6791302,9959374848,252866953,1.508720e-01,6.248743e-02,3.224143e-10,1.579830e-10,1.416098e-08,4.044365e-08
1245184000,6791692,9961472000,252920656,1.508726e-01,6.248710e-02,3.039569e-10,1.664276e-10,1.335030e-08,4.260545e-08
1245446144,6792086,9963569152,252973630,1.508721e-01,6.248694e-02,3.186793e-10,1.704890e-10,1.399694e-08,4.364518e-08
1245708288,6792340,9965666304,253026967,1.508724e-01,6.248687e-02,3.081277e-10,1.724402e-10,1.353349e-08,4.414469e-08
1245970432,6792400,9967763456,253080147,1.508719e-01,6.248659e-02,3.283276e-10,1.798561e-10,1.442070e-08,4.604317e-08
1246232576,6792684,9969860608,253133085,1.508714e-01,6.248637e-02,3.452814e-10,1.856982e-10,1.516534e-08,4.753873e-08
1246494720,6792919,9971957760,253186670,1.508716e-01,6.248643e-02,3.392167e-10,1.840773e-10,1.489897e-08,4.712378e-08
1246756864,6792931,9974054912,253240168,1.508722e-01,6.248664e-02,3.160248e-10,1.784600e-10,1.388034e-08,4.568575e-08
1247019008,6792939,9976152064,253293231,1.508716e-01,6.248607e-02,3.370246e-10,1.940132e-10,1.480269e-08,4.966737e-08
1247281152,6792940,9978249216,253346285,1.508718e-01,6.248632e-02,3.310332e-10,1.871223e-10,1.453954e-08,4.790331e-08
1247543296,6793024,9980346368,253399341,1.508710e-01,6.248597e-02,3.609613e-10,1.968253e-10,1.585403e-08,5.038727e-08
1247805440,6793337,9982443520,253452110,1.508705e-01,6.248558e-02,3.798881e-10,2.080611e-10,1.668533e-08,5.326365e-08
1248067584,6793369,9984540672,253505602,1.508707e-01,6.248565e-02,3.723744e-10,2.058104e-10,1.635531e-08,5.268746e-08
1248329728,6793388,9986637824,253559449,1.508707e-01,6.248570e-02,3.712251e-10,2.044232e-10,1.630484e-08,5.233234e-08
1248591872,6793725,9988734976,253612996,1.508706e-01,6.248552e-02,3.746783e-10,2.096763e-10,1.645651e-08,5.367713e-08
1248854016,6793858,9990832128,253665788,1.508704e-01,6.248504e-02,3.851339e-10,2.239360e-10,1.691574e-08,5.732761e-08
1249116160,6795280,9992929280,253719660,1.508711e-01,6.248510e-02,3.575720e-10,2.219336e-10,1.570517e-08,5.681500e-08
1249378304,6796265,9995026432,253772966,1.508711e-01,6.248523e-02,3.587000e-10,2.181758e-10,1.575471e-08,5.585301e-08
1249640448,6796905,9997123584,253826103,1.508707e-01,6.248512e-02,3.729497e-10,2.213790e-10,1.638058e-08,5.667302e-08
1249902592,6801233,9999220736,253879339,1.508703e-01,6.248498e-02,3.892389e-10,2.256115e-10,1.709603e-08,5.775655e-08
1250164736,6806632,10001317888,253932379,1.508698e-01,6.248489e-02,4.094867e-10,2.284180e-10,1.798535e-08,5.847500e-08
1250426880,6811335,10003415040,253984919,1.508695e-01,6.248438e-02,4.198031e-10,2.438725e-10,1.843846e-08,6.243135e-08
1250689024,6818384,10005512192,254038115,1.508694e-01,6.248426e-02,4.253167e-10,2.478445e-10,1.868063e-08,6.344818e-08
1250951168,6824933,10007609344,254091123,1.508693e-01,6.248399e-02,4.277787e-10,2.562424e-10,1.878877e-08,6.559804e-08
1251213312,6826722,10009706496,254144263,1.508691e-01,6.248388e-02,4.345859e-10,2.598328e-10,1.908775e-08,6.651720e-08
1251475456,6829613,10011803648,254197437,1.508690e-01,6.248383e-02,4.420733e-10,2.613965e-10,1.941661e-08,6.691749e-08
1251737600,6832084,10013900800,254250718,1.508694e-01,6.248402e-02,4.222491e-10,2.552891e-10,1.854590e-08,6.535402e-08
1251999744,6841884,10015997952,254303976,1.508689e-01,6.248395e-02,4.458409e-10,2.576755e-10,1.958209e-08,6.596494e-08
1252261888,6847754,10018095104,254357018,1.508686e-01,6.248386e-02,4.572398e-10,2.604337e-10,2.008275e-08,6.667102e-08
1252524032,6849536,10020192256,254409899,1.508686e-01,6.248388e-02,4.578773e-10,2.597128e-10,2.011075e-08,6.648646e-08
1252786176,6851730,10022289408,254462974,1.508686e-01,6.248404e-02,4.572398e-10,2.548132e-10,2.008275e-08,6.523217e-08
1253048320,6851868,10024386560,254516592,1.508689e-01,6.248439e-02,4.433274e-10,2.436398e-10,1.947169e-08,6.237180e-08
1253310464,6852627,10026483712,254569711,1.508685e-01,6.248439e-02,4.597924e-10,2.437561e-10,2.019486e-08,6.240157e-08
1253572608,6855016,10028580864,254622243,1.508685e-01,6.248439e-02,4.623522e-10,2.436398e-10,2.030729e-08,6.237180e-08
1253834752,6855680,10030678016,254676116,1.508687e-01,6.248457e-02,4.527898e-10,2.379746e-10,1.988730e-08,6.092151e-08
1254096896,6866753,10032775168,254729589,1.508688e-01,6.248482e-02,4.508893e-10,2.303363e-10,1.980382e-08,5.896608e-08
1254359040,6884158,10034872320,254783337,1.508689e-01,6.248476e-02,4.445833e-10,2.321490e-10,1.952685e-08,5.943015e-08
1254621184,6885126,10036969472,254836400,1.508687e-01,6.248496e-02,4.527898e-10,2.262835e-10,1.988730e-08,5.792857e-08
1254883328,6887097,10039066624,254889430,1.508688e-01,6.248497e-02,4.502567e-10,2.259474e-10,1.977604e-08,5.784253e-08
1255145472,6905264,10041163776,254943426,1.508686e-01,6.248502e-02,4.566028e-10,2.243822e-10,2.005477e-08,5.744184e-08
1255407616,6905570,10043260928,254996486,1.508684e-01,6.248438e-02,4.668488e-10,2.439888e-10,2.050479e-08,6.246114e-08
1255669760,6905946,10045358080,255049842,1.508690e-01,6.248430e-02,4.389458e-10,2.464389e-10,1.927924e-08,6.308836e-08
1255931904,6906158,10047455232,255103121,1.508688e-01,6.248397e-02,4.508893e-10,2.568391e-10,1.980382e-08,6.575080e-08
1256194048,6906611,10049552384,255156561,1.508693e-01,6.248398e-02,4.296299e-10,2.564809e-10,1.887008e-08,6.565912e-08
1256456192,6907290,10051649536,255209895,1.508692e-01,6.248378e-02,4.308662e-10,2.629648e-10,1.892438e-08,6.731898e-08
1256718336,6907681,10053746688,255263823,1.508702e-01,6.248440e-02,3.910048e-10,2.434073e-10,1.717359e-08,6.231227e-08
1256980480,6908032,10055843840,255317609,1.508709e-01,6.248476e-02,3.637979e-10,2.323761e-10,1.597862e-08,5.948829e-08
1257242624,6908366,10057940992,255371324,1.508713e-01,6.248484e-02,3.486120e-10,2.298842e-10,1.531163e-08,5.885035e-08
1257504768,6908865,10060038144,255424784,1.508712e-01,6.248483e-02,3.541987e-10,2.299971e-10,1.555700e-08,5.887927e-08
1257766912,6909602,10062135296,255478133,1.508715e-01,6.248465e-02,3.408653e-10,2.355671e-10,1.497138e-08,6.030518e-08
1258029056,6909669,10064232448,255531518,1.508715e-01,6.248452e-02,3.425180e-10,2.395865e-10,1.504397e-08,6.133413e-08
1258291200,6909670,10066329600,255584279,1.508714e-01,6.248410e-02,3.452814e-10,2.526769e-10,1.516534e-08,6.468528e-08
1258553344,6909729,10068426752,255638145,1.508718e-01,6.248414e-02,3.294085e-10,2.514939e-10,1.446818e-08,6.438245e-08
1258815488,6910056,10070523904,255691346,1.508716e-01,6.248409e-02,3.392167e-10,2.532694e-10,1.489897e-08,6.483697e-08
1259077632,6910459,10072621056,255744338,1.508720e-01,6.248406e-02,3.250955e-10,2.541001e-10,1.427875e-08,6.504962e-08
1259339776,6910602,10074718208,255797920,1.508715e-01,6.248394e-02,3.436220e-10,2.579148e-10,1.509246e-08,6.602619e-08
1259601920,6910671,10076815360,255851842,1.508715e-01,6.248368e-02,3.430698e-10,2.664802e-10,1.506821e-08,6.821894e-08
1259864064,6910928,10078912512,255905666,1.508714e-01,6.248373e-02,3.463898e-10,2.646590e-10,1.521403e-08,6.775269e-08
1260126208,6911506,10081009664,255958606,1.508716e-01,6.248387e-02,3.392167e-10,2.600731e-10,1.489897e-08,6.657871e-08
1260388352,6911834,10083106816,256012510,1.508721e-01,6.248412e-02,3.208109e-10,2.522034e-10,1.409056e-08,6.456406e-08
1260650496,6911889,10085203968,256065620,1.508719e-01,6.248392e-02,3.288678e-10,2.586332e-10,1.444443e-08,6.621011e-08
1260912640,6912575,10087301120,256118980,1.508723e-01,6.248411e-02,3.118006e-10,2.525585e-10,1.369481e-08,6.465497e-08
1261174784,6912696,10089398272,256171971,1.508721e-01,6.248413e-02,3.192115e-10,2.518485e-10,1.402031e-08,6.447323e-08
1261436928,6912869,10091495424,256224748,1.508723e-01,6.248415e-02,3.123271e-10,2.513758e-10,1.371793e-08,6.435221e-08
1261699072,6913044,10093592576,256278621,1.508725e-01,6.248421e-02,3.055176e-10,2.492540e-10,1.341885e-08,6.380903e-08
1261961216,6913063,10095689728,256331513,1.508731e-01,6.248458e-02,2.870524e-10,2.377448e-10,1.260783e-08,6.086267e-08
1262223360,6913340,10097786880,256385366,1.508738e-01,6.248489e-02,2.618785e-10,2.283054e-10,1.150215e-08,5.844618e-08
1262485504,6913558,10099884032,256438134,1.508738e-01,6.248536e-02,2.628440e-10,2.144501e-10,1.154455e-08,5.489924e-08
1262747648,6913616,10101981184,256491003,1.508733e-01,6.248529e-02,2.780356e-10,2.164186e-10,1.221180e-08,5.540315e-08
1263009792,6913683,10104078336,256544719,1.508739e-01,6.248572e-02,2.580345e-10,2.039973e-10,1.133331e-08,5.222331e-08
1263271936,6913971,10106175488,256598062,1.508738e-01,6.248536e-02,2.638112e-10,2.142320e-10,1.158704e-08,5.484339e-08
1263534080,6914131,10108272640,256651004,1.508736e-01,6.248529e-02,2.686740e-10,2.163090e-10,1.180062e-08,5.537510e-08
1263796224,6914207,10110369792,256703496,1.508730e-01,6.248524e-02,2.900900e-10,2.179558e-10,1.274124e-08,5.579668e-08
1264058368,6914365,10112466944,256756748,1.508730e-01,6.248534e-02,2.895826e-10,2.148868e-10,1.271896e-08,5.501102e-08
1264320512,6914663,10114564096,256809824,1.508731e-01,6.248511e-02,2.845333e-10,2.218226e-10,1.249719e-08,5.678659e-08
1264582656,6914677,10116661248,256863085,1.508734e-01,6.248518e-02,2.755565e-10,2.197193e-10,1.210291e-08,5.624813e-08
1264844800,6914871,10118758400,256916329,1.508734e-01,6.248509e-02,2.765468e-10,2.222667e-10,1.214640e-08,5.690028e-08
1265106944,6914958,10120855552,256969383,1.508728e-01,6.248521e-02,2.967262e-10,2.187264e-10,1.303272e-08,5.599397e-08
1265369088,6915035,10122952704,257022514,1.508729e-01,6.248517e-02,2.921239e-10,2.198297e-10,1.283058e-08,5.627641e-08
1265631232,6915037,10125049856,257075459,1.508729e-01,6.248527e-02,2.916147e-10,2.170767e-10,1.280821e-08,5.557164e-08
1265893376,6915120,10127147008,257128732,1.508730e-01,6.248540e-02,2.885692e-10,2.132516e-10,1.267445e-08,5.459242e-08
1266155520,6915215,10129244160,257182187,1.508732e-01,6.248568e-02,2.805258e-10,2.051696e-10,1.232117e-08,5.252341e-08
1266417664,6915401,10131341312,257235593,1.508732e-01,6.248556e-02,2.810252e-10,2.084912e-10,1.234310e-08,5.337375e-08
1266679808,6915634,10133438464,257288417,1.508728e-01,6.248531e-02,2.951881e-10,2.157614e-10,1.296516e-08,5.523492e-08
1266941952,6915653,10135535616,257341274,1.508730e-01,6.248542e-02,2.890757e-10,2.125993e-10,1.269669e-08,5.442543e-08
1267204096,6915790,10137632768,257394832,1.508729e-01,6.248570e-02,2.911060e-10,2.044232e-10,1.278587e-08,5.233234e-08
1267466240,6915816,10139729920,257447599,1.508728e-01,6.248553e-02,2.972398e-10,2.092450e-10,1.305528e-08,5.356671e-08
1267728384,6915819,10141827072,257501031,1.508728e-01,6.248558e-02,2.967262e-10,2.079537e-10,1.303272e-08,5.323614e-08
1267990528,6915865,10143924224,257554024,1.508726e-01,6.248567e-02,3.013645e-10,2.054898e-10,1.323644e-08,5.260540e-08
1268252672,6916186,10146021376,257607415,1.508721e-01,6.248556e-02,3.208109e-10,2.084912e-10,1.409056e-08,5.337375e-08
1268514816,6916242,10148118528,257660477,1.508715e-01,6.248547e-02,3.403153e-10,2.110812e-10,1.494723e-08,5.403678e-08
1268776960,6916309,10150215680,257714407,1.508719e-01,6.248557e-02,3.272485e-10,2.082761e-10,1.437331e-08,5.331869e-08
1269039104,6916344,10152312832,257767817,1.508718e-01,6.248529e-02,3.310332e-10,2.163090e-10,1.453954e-08,5.537510e-08
1269301248,6916564,10154409984,257821668,1.508723e-01,6.248555e-02,3.128540e-10,2.088141e-10,1.374108e-08,5.345641e-08
1269563392,6916671,10156507136,257874959,1.508726e-01,6.248593e-02,3.029186e-10,1.979768e-10,1.330470e-08,5.068205e-08
1269825536,6916705,10158604288,257928041,1.508721e-01,6.248585e-02,3.218794e-10,2.001844e-10,1.413749e-08,5.124720e-08
1270087680,6917244,10160701440,257981149,1.508721e-01,6.248611e-02,3.197442e-10,1.928733e-10,1.404371e-08,4.937556e-08
1270349824,6917607,10162798592,258034234,1.508722e-01,6.248619e-02,3.170852e-10,1.906036e-10,1.392692e-08,4.879452e-08
1270611968,6920757,10164895744,258087557,1.508721e-01,6.248596e-02,3.197442e-10,1.971390e-10,1.404371e-08,5.046758e-08
1270874112,6924174,10166992896,258140329,1.508721e-01,6.248606e-02,3.208109e-10,1.944285e-10,1.409056e-08,4.977369e-08
1271136256,6929320,10169090048,258193572,1.508717e-01,6.248613e-02,3.332057e-10,1.922529e-10,1.463496e-08,4.921675e-08
1271398400,6929615,10171187200,258247123,1.508721e-01,6.248596e-02,3.192115e-10,1.970344e-10,1.402031e-08,5.044080e-08
1271660544,6936436,10173284352,258300230,1.508715e-01,6.248595e-02,3.403153e-10,1.973483e-10,1.494723e-08,5.052116e-08
1271922688,6941340,10175381504,258353130,1.508713e-01,6.248580e-02,3.480558e-10,2.015571e-10,1.528720e-08,5.159862e-08
1272184832,6946845,10177478656,258406283,1.508713e-01,6.248594e-02,3.497258e-10,1.976624e-10,1.536055e-08,5.060157e-08
1272446976,6948609,10179575808,258459184,1.508708e-01,6.248598e-02,3.677878e-10,1.966163e-10,1.615386e-08,5.033377e-08
1272709120,6955750,10181672960,258512419,1.508707e-01,6.248562e-02,3.706511e-10,2.068806e-10,1.627962e-08,5.296144e-08
1272971264,6963332,10183770112,258566004,1.508710e-01,6.248551e-02,3.598297e-10,2.100001e-10,1.580433e-08,5.376002e-08
1273233408,6965954,10185867264,258619578,1.508716e-01,6.248561e-02,3.381198e-10,2.072023e-10,1.485079e-08,5.304378e-08
1273495552,6966972,10187964416,258672801,1.508717e-01,6.248568e-02,3.359313e-10,2.051696e-10,1.475467e-08,5.252341e-08
1273757696,6966981,10190061568,258725964,1.508712e-01,6.248564e-02,3.525180e-10,2.063452e-10,1.548319e-08,5.282436e-08
1274019840,6967203,10192158720,258779096,1.508706e-01,6.248571e-02,3.746783e-10,2.041037e-10,1.645651e-08,5.225056e-08
1274281984,6967272,10194255872,258832266,1.508703e-01,6.248565e-02,3.863045e-10,2.058104e-10,1.696715e-08,5.268746e-08
1274544128,6967368,10196353024,258885657,1.508709e-01,6.248568e-02,3.637979e-10,2.049562e-10,1.597862e-08,5.246878e-08
1274806272,6967442,10198450176,258938231,1.508711e-01,6.248560e-02,3.587000e-10,2.074168e-10,1.575471e-08,5.309870e-08
1275068416,6967559,10200547328,258991684,1.508711e-01,6.248552e-02,3.575720e-10,2.096763e-10,1.570517e-08,5.367713e-08
1275330560,6967722,10202644480,259044955,1.508714e-01,6.248562e-02,3.475000e-10,2.068806e-10,1.526279e-08,5.296144e-08
1275592704,6967840,10204741632,259098018,1.508709e-01,6.248564e-02,3.660752e-10,2.062382e-10,1.607864e-08,5.279697e-08
1275854848,6968191,10206838784,259150947,1.508710e-01,6.248569e-02,3.615277e-10,2.047429e-10,1.587891e-08,5.241418e-08
1276116992,6968362,10208935936,259203834,1.508708e-01,6.248607e-02,3.695044e-10,1.940132e-10,1.622926e-08,4.966737e-08
1276379136,6968466,10211033088,259256871,1.508704e-01,6.248586e-02,3.839651e-10,2.000790e-10,1.686440e-08,5.122022e-08
1276641280,6968509,10213130240,259310122,1.508708e-01,6.248607e-02,3.689318e-10,1.939094e-10,1.620411e-08,4.964080e-08
1276903424,6968607,10215227392,259363489,1.508713e-01,6.248660e-02,3.480558e-10,1.795565e-10,1.528720e-08,4.596646e-08
1277165568,6969002,10217324544,259416682,1.508719e-01,6.248688e-02,3.277878e-10,1.722446e-10,1.439700e-08,4.409461e-08
1277427712,6969032,10219421696,259469712,1.508721e-01,6.248738e-02,3.186793e-10,1.592028e-10,1.399694e-08,4.075591e-08
1277689856,6969278,10221518848,259522678,1.508723e-01,6.248752e-02,3.144374e-10,1.558365e-10,1.381062e-08,3.989414e-08
1277952000,6969423,10223616000,259575840,1.508725e-01,6.248723e-02,3.055176e-10,1.630804e-10,1.341885e-08,4.174859e-08
1278214144,6969789,10225713152,259628123,1.508721e-01,6.248704e-02,3.218794e-10,1.678724e-10,1.413749e-08,4.297534e-08
1278476288,6969847,10227810304,259681503,1.508721e-01,6.248692e-02,3.213450e-10,1.711706e-10,1.411402e-08,4.381968e-08
1278738432,6970298,10229907456,259735260,1.508721e-01,6.248714e-02,3.186793e-10,1.652761e-10,1.399694e-08,4.231069e-08
1279000576,6970632,10232004608,259788244,1.508720e-01,6.248728e-02,3.240217e-10,1.618459e-10,1.423158e-08,4.143255e-08
1279262720,6970917,10234101760,259841651,1.508722e-01,6.248746e-02,3.181475e-10,1.573282e-10,1.397358e-08,4.027601e-08
1279524864,6970951,10236198912,259895413,1.508729e-01,6.248749e-02,2.931435e-10,1.563950e-10,1.287536e-08,4.003713e-08
1279787008,6971258,10238296064,259948255,1.508723e-01,6.248716e-02,3.112746e-10,1.649889e-10,1.367171e-08,4.223716e-08
1280049152,6971413,10240393216,260001595,1.508725e-01,6.248685e-02,3.060387e-10,1.729297e-10,1.344174e-08,4.427001e-08
1280311296,6971416,10242490368,260055450,1.508731e-01,6.248675e-02,2.850362e-10,1.756840e-10,1.251928e-08,4.497510e-08
1280573440,6971522,10244587520,260108961,1.508733e-01,6.248701e-02,2.790304e-10,1.686456e-10,1.225549e-08,4.317327e-08
1280835584,6971605,10246684672,260162351,1.508735e-01,6.248687e-02,2.716130e-10,1.723424e-10,1.192970e-08,4.411964e-08
1281097728,6971651,10248781824,260215960,1.508739e-01,6.248710e-02,2.585134e-10,1.663314e-10,1.135435e-08,4.258085e-08
1281359872,6972026,10250878976,260269693,1.508741e-01,6.248722e-02,2.523217e-10,1.633660e-10,1.108240e-08,4.182170e-08
1281622016,6972049,10252976128,260322534,1.508737e-01,6.248731e-02,2.647802e-10,1.609939e-10,1.162960e-08,4.121445e-08
1281884160,6972091,10255073280,260375273,1.508735e-01,6.248701e-02,2.725962e-10,1.686456e-10,1.197289e-08,4.317327e-08
1282146304,6972200,10257170432,260427830,1.508732e-01,6.248689e-02,2.835288e-10,1.718537e-10,1.245306e-08,4.399454e-08
1282408448,6972522,10259267584,260481464,1.508733e-01,6.248694e-02,2.770426e-10,1.706836e-10,1.216818e-08,4.369500e-08
1282670592,6973848,10261364736,260534628,1.508730e-01,6.248639e-02,2.880631e-10,1.851909e-10,1.265222e-08,4.740886e-08
1282932736,6974811,10263461888,260587164,1.508728e-01,6.248607e-02,2.972398e-10,1.940132e-10,1.305528e-08,4.966737e-08
1283194880,6975373,10265559040,260640919,1.508731e-01,6.248606e-02,2.845333e-10,1.943246e-10,1.249719e-08,4.974710e-08
1283457024,6979884,10267656192,260694325,1.508732e-01,6.248603e-02,2.825260e-10,1.951564e-10,1.240902e-08,4.996004e-08
1283719168,6985218,10269753344,260747526,1.508729e-01,6.248588e-02,2.911060e-10,1.992368e-10,1.278587e-08,5.100461e-08
1283981312,6989905,10271850496,260800961,1.508730e-01,6.248616e-02,2.875575e-10,1.915305e-10,1.263002e-08,4.903180e-08
1284243456,6996966,10273947648,260854378,1.508737e-01,6.248609e-02,2.652654e-10,1.934946e-10,1.165091e-08,4.953462e-08
1284505600,7006846,10276044800,260906981,1.508731e-01,6.248621e-02,2.870524e-10,1.902951e-10,1.260783e-08,4.871555e-08
1284767744,7008675,10278141952,260960122,1.508728e-01,6.248632e-02,2.957004e-10,1.870204e-10,1.298766e-08,4.787723e-08
1285029888,7010539,10280239104,261013494,1.508728e-01,6.248593e-02,2.951881e-10,1.980816e-10,1.296516e-08,5.070889e-08
1285292032,7011252,10282336256,261067459,1.508736e-01,6.248625e-02,2.686740e-10,1.890638e-10,1.180062e-08,4.840033e-08
1285554176,7020357,10284433408,261121281,1.508735e-01,6.248597e-02,2.730884e-10,1.969298e-10,1.199451e-08,5.041403e-08
1285816320,7026306,10286530560,261174093,1.508731e-01,6.248610e-02,2.845333e-10,1.931838e-10,1.249719e-08,4.945506e-08
1286078464,7028012,10288627712,261227184,1.508735e-01,6.248609e-02,2.716130e-10,1.935983e-10,1.192970e-08,4.956116e-08
1286340608,7030189,10290724864,261280787,1.508736e-01,6.248606e-02,2.681857e-10,1.942208e-10,1.177917e-08,4.972052e-08
1286602752,7030553,10292822016,261334457,1.508746e-01,6.248645e-02,2.374003e-10,1.835722e-10,1.042702e-08,4.699448e-08
1286864896,7031025,10294919168,261387580,1.508748e-01,6.248644e-02,2.301102e-10,1.839762e-10,1.010683e-08,4.709790e-08
1287127040,7033683,10297016320,261440658,1.508744e-01,6.248643e-02,2.424783e-10,1.842795e-10,1.065006e-08,4.717555e-08
1287389184,7034133,10299113472,261493998,1.508749e-01,6.248655e-02,2.274056e-10,1.808567e-10,9.988043e-09,4.629932e-08
1287651328,7049014,10301210624,261547062,1.508741e-01,6.248635e-02,2.532694e-10,1.863079e-10,1.112402e-08,4.769481e-08
1287913472,7062973,10303307776,261600611,1.508742e-01,6.248670e-02,2.504317e-10,1.768710e-10,1.099938e-08,4.527898e-08
1288175616,7063915,10305404928,261654650,1.508749e-01,6.248686e-02,2.265077e-10,1.725380e-10,9.948603e-09,4.416974e-08
1288437760,7079057,10307502080,261708410,1.508753e-01,6.248684e-02,2.149960e-10,1.732238e-10,9.442990e-09,4.434529e-08
1288699904,7084577,10309599232,261761578,1.508753e-01,6.248669e-02,2.163090e-10,1.772676e-10,9.500658e-09,4.538050e-08
1288962048,7087096,10311696384,261815154,1.508757e-01,6.248663e-02,2.050629e-10,1.788583e-10,9.006709e-09,4.578773e-08
1289224192,7087328,10313793536,261868241,1.508760e-01,6.248638e-02,1.961986e-10,1.854952e-10,8.617376e-09,4.748676e-08
1289486336,7088062,10315890688,261921630,1.508766e-01,6.248644e-02,1.802560e-10,1.839762e-10,7.917151e-09,4.709790e-08
1289748480,7088407,10317987840,261975312,1.508770e-01,6.248671e-02,1.692266e-10,1.765739e-10,7.432721e-09,4.520291e-08
1290010624,7089103,10320084992,262029255,1.508776e-01,6.248712e-02,1.548150e-10,1.659473e-10,6.799740e-09,4.248251e-08
1290272768,7089572,10322182144,262082542,1.508772e-01,6.248695e-02,1.642242e-10,1.702945e-10,7.213006e-09,4.359538e-08
1290534912,7089752,10324279296,262135185,1.508771e-01,6.248676e-02,1.672937e-10,1.751905e-10,7.347825e-09,4.484878e-08
1290797056,7090310,10326376448,262188772,1.508775e-01,6.248694e-02,1.551861e-10,1.706836e-10,6.816037e-09,4.369500e-08
1291059200,7091454,10328473600,262242121,1.508777e-01,6.248705e-02,1.511291e-10,1.675830e-10,6.637848e-09,4.290124e-08
1291321344,7091529,10330570752,262294905,1.508779e-01,6.248673e-02,1.453240e-10,1.759804e-10,6.382876e-09,4.505097e-08
1291583488,7091555,10332667904,262347983,1.508778e-01,6.248682e-02,1.489389e-10,1.737144e-10,6.541648e-09,4.447089e-08
1291845632,7091615,10334765056,262400991,1.508781e-01,6.248678e-02,1.424640e-10,1.747963e-10,6.257262e-09,4.474785e-08
1292107776,7092073,10336862208,262454779,1.508781e-01,6.248678e-02,1.410447e-10,1.746978e-10,6.194924e-09,4.472264e-08
1292369920,7092338,10338959360,262508384,1.508777e-01,6.248667e-02,1.514957e-10,1.777639e-10,6.653948e-09,4.550757e-08
1292632064,7092386,10341056512,262561494,1.508774e-01,6.248641e-02,1.577958e-10,1.846843e-10,6.930658e-09,4.727917e-08
1292894208,7092392,10343153664,262614472,1.508776e-01,6.248628e-02,1.548150e-10,1.883473e-10,6.799740e-09,4.821692e-08
1293156352,7092948,10345250816,262668112,1.508776e-01,6.248646e-02,1.548150e-10,1.832695e-10,6.799740e-09,4.691698e-08
1293418496,7093418,10347347968,262721396,1.508775e-01,6.248676e-02,1.563019e-10,1.751905e-10,6.865043e-09,4.484878e-08
1293680640,7093714,10349445120,262774732,1.508769e-01,6.248651e-02,1.711706e-10,1.820611e-10,7.518104e-09,4.660764e-08
1293942784,7093844,10351542272,262827904,1.508765e-01,6.248621e-02,1.810572e-10,1.900896e-10,7.952338e-09,4.866294e-08
1294204928,7094422,10353639424,262880524,1.508764e-01,6.248567e-02,1.842795e-10,2.054898e-10,8.093868e-09,5.260540e-08
1294467072,7094609,10355736576,262933845,1.508760e-01,6.248524e-02,1.970344e-10,2.179558e-10,8.654085e-09,5.579668e-08
1294729216,7094790,10357833728,262986928,1.508760e-01,6.248543e-02,1.957814e-10,2.122735e-10,8.599051e-09,5.434203e-08
1294991360,7094821,10359930880,263039886,1.508760e-01,6.248545e-02,1.966163e-10,2.118396e-10,8.635721e-09,5.423093e-08
1295253504,7094927,10362028032,263093456,1.508767e-01,6.248567e-02,1.766729e-10,2.052763e-10,7.759773e-09,5.255073e-08
1295515648,7095300,10364125184,263146599,1.508765e-01,6.248557e-02,1.818601e-10,2.082761e-10,7.987603e-09,5.331869e-08
1295777792,7095384,10366222336,263199721,1.508767e-01,6.248568e-02,1.762770e-10,2.049562e-10,7.742385e-09,5.246878e-08
1296039936,7095697,10368319488,263253388,1.508773e-01,6.248588e-02,1.604272e-10,1.992368e-10,7.046236e-09,5.100461e-08
1296302080,7095724,10370416640,263305975,1.508768e-01,6.248590e-02,1.735181e-10,1.988163e-10,7.621209e-09,5.089698e-08
1296564224,7095930,10372513792,263359708,1.508769e-01,6.248615e-02,1.719513e-10,1.918399e-10,7.552395e-09,4.911102e-08
1296826368,7096058,10374610944,263412642,1.508767e-01,6.248598e-02,1.774660e-10,1.966163e-10,7.794610e-09,5.033377e-08
1297088512,7096122,10376708096,263465331,1.508766e-01,6.248609e-02,1.802560e-10,1.935983e-10,7.917151e-09,4.956116e-08
1297350656,7096200,10378805248,263518753,1.508766e-01,6.248618e-02,1.782610e-10,1.909123e-10,7.829525e-09,4.887355e-08
1297612800,7096573,10380902400,263571997,1.508773e-01,6.248665e-02,1.623202e-10,1.781615e-10,7.129377e-09,4.560934e-08
1297874944,7096638,10382999552,263625641,1.508776e-01,6.248661e-02,1.544445e-10,1.793569e-10,6.783463e-09,4.591536e-08
1298137088,7096877,10385096704,263678799,1.508780e-01,6.248678e-02,1.428200e-10,1.746978e-10,6.272896e-09,4.472264e-08
1298399232,7096954,10387193856,263731584,1.508779e-01,6.248669e-02,1.453240e-10,1.771684e-10,6.382876e-09,4.535511e-08
1298661376,7097018,10389291008,263784605,1.508776e-01,6.248660e-02,1.544445e-10,1.796563e-10,6.783463e-09,4.599202e-08
1298923520,7097052,10391388160,263837816,1.508776e-01,6.248651e-02,1.548150e-10,1.820611e-10,6.799740e-09,4.660764e-08
1299185664,7097069,10393485312,263891307,1.508777e-01,6.248645e-02,1.503973e-10,1.834712e-10,6.605703e-09,4.696864e-08
1299447808,7097285,10395582464,263944112,1.508768e-01,6.248612e-02,1.743041e-10,1.925630e-10,7.655734e-09,4.929612e-08
1299709952,7097334,10397679616,263997202,1.508768e-01,6.248611e-02,1.731257e-10,1.929768e-10,7.603976e-09,4.940205e-08
1299972096,7097638,10399776768,264050301,1.508762e-01,6.248556e-02,1.891662e-10,2.085988e-10,8.308502e-09,5.340130e-08
1300234240,7097687,10401873920,264103740,1.508763e-01,6.248560e-02,1.871223e-10,2.074168e-10,8.218730e-09,5.309870e-08
1300496384,7097750,10403971072,264156948,1.508762e-01,6.248564e-02,1.899869e-10,2.063452e-10,8.344548e-09,5.282436e-08
1300758528,7097773,10406068224,264210348,1.508763e-01,6.248552e-02,1.883473e-10,2.097842e-10,8.272536e-09,5.370475e-08
1301020672,7097832,10408165376,264263637,1.508766e-01,6.248598e-02,1.794567e-10,1.965118e-10,7.882042e-09,5.030703e-08
1301282816,7098073,10410262528,264316918,1.508765e-01,6.248577e-02,1.822622e-10,2.024042e-10,8.005266e-09,5.181548e-08
1301544960,7098169,10412359680,264370145,1.508770e-01,6.248629e-02,1.676794e-10,1.880407e-10,7.364765e-09,4.813842e-08
1301807104,7098266,10414456832,264423337,1.508768e-01,6.248600e-02,1.739109e-10,1.960943e-10,7.638461e-09,5.020013e-08
1302069248,7098296,10416553984,264476858,1.508764e-01,6.248594e-02,1.834712e-10,1.977671e-10,8.058368e-09,5.062839e-08
1302331392,7098381,10418651136,264530350,1.508767e-01,6.248597e-02,1.762770e-10,1.967208e-10,7.742385e-09,5.036052e-08
1302593536,7098495,10420748288,264584014,1.508772e-01,6.248626e-02,1.642242e-10,1.887566e-10,7.213006e-09,4.832168e-08
1302855680,7098626,10422845440,264636892,1.508775e-01,6.248635e-02,1.551861e-10,1.863079e-10,6.816037e-09,4.769481e-08
1303117824,7098787,10424942592,264690656,1.508771e-01,6.248624e-02,1.665237e-10,1.892687e-10,7.314004e-09,4.845279e-08
1303379968,7099248,10427039744,264744184,1.508777e-01,6.248634e-02,1.514957e-10,1.867149e-10,6.653948e-09,4.779901e-08
1303642112,7099728,10429136896,264796644,1.508772e-01,6.248626e-02,1.638425e-10,1.886542e-10,7.196240e-09,4.829548e-08
1303904256,7103015,10431234048,264849303,1.508768e-01,6.248607e-02,1.727338e-10,1.940132e-10,7.586762e-09,4.966737e-08
1304166400,7103153,10433331200,264902565,1.508766e-01,6.248591e-02,1.806564e-10,1.983963e-10,7.934735e-09,5.078946e-08
1304428544,7108046,10435428352,264955859,1.508768e-01,6.248600e-02,1.746978e-10,1.960943e-10,7.673024e-09,5.020013e-08
1304690688,7108512,10437525504,265009132,1.508772e-01,6.248612e-02,1.646063e-10,1.926664e-10,7.229790e-09,4.932259e-08
1304952832,7109715,10439622656,265061710,1.508777e-01,6.248615e-02,1.514957e-10,1.918399e-10,6.653948e-09,4.911102e-08
1305214976,7120409,10441719808,265115181,1.508783e-01,6.248672e-02,1.375275e-10,1.762770e-10,6.040443e-09,4.512691e-08
1305477120,7127212,10443816960,265168602,1.508786e-01,6.248707e-02,1.289289e-10,1.671974e-10,5.662775e-09,4.280253e-08
1305739264,7127243,10445914112,265222008,1.508789e-01,6.248702e-02,1.225795e-10,1.685489e-10,5.383900e-09,4.314851e-08
1306001408,7129696,10448011264,265274987,1.508788e-01,6.248710e-02,1.252334e-10,1.664276e-10,5.500462e-09,4.260545e-08
1306263552,7134441,10450108416,265328418,1.508791e-01,6.248707e-02,1.176801e-10,1.671011e-10,5.168709e-09,4.277787e-08
1306525696,7141955,10452205568,265381823,1.508790e-01,6.248726e-02,1.199540e-10,1.623202e-10,5.268585e-09,4.155396e-08
1306787840,7144636,10454302720,265434750,1.508794e-01,6.248726e-02,1.131975e-10,1.624151e-10,4.971825e-09,4.157826e-08
1307049984,7145741,10456399872,265487500,1.508791e-01,6.248717e-02,1.196279e-10,1.647019e-10,5.254259e-09,4.216369e-08
1307312128,7145755,10458497024,265540629,1.508791e-01,6.248718e-02,1.193021e-10,1.643197e-10,5.239952e-09,4.206584e-08
1307574272,7145881,10460594176,265593758,1.508791e-01,6.248716e-02,1.193021e-10,1.648932e-10,5.239952e-09,4.221267e-08
1307836416,7146120,10462691328,265647127,1.508793e-01,6.248732e-02,1.138325e-10,1.608049e-10,4.999716e-09,4.116606e-08
1308098560,7146134,10464788480,265700517,1.508794e-01,6.248704e-02,1.128806e-10,1.679690e-10,4.957907e-09,4.300006e-08
1308360704,7146294,10466885632,265754276,1.508793e-01,6.248693e-02,1.141507e-10,1.707809e-10,5.013692e-09,4.371992e-08
1308622848,7146601,10468982784,265807432,1.508794e-01,6.248713e-02,1.131975e-10,1.657554e-10,4.971825e-09,4.243338e-08
1308884992,7146613,10471079936,265860361,1.508793e-01,6.248686e-02,1.144693e-10,1.725380e-10,5.027687e-09,4.416974e-08
1309147136,7147007,10473177088,265912907,1.508793e-01,6.248712e-02,1.144693e-10,1.659473e-10,5.027687e-09,4.248251e-08
1309409280,7147032,10475274240,265965487,1.508785e-01,6.248678e-02,1.319924e-10,1.747963e-10,5.797331e-09,4.474785e-08
1309671424,7147180,10477371392,266018631,1.508777e-01,6.248670e-02,1.522302e-10,1.769701e-10,6.686210e-09,4.530435e-08
1309933568,7147306,10479468544,266071513,1.508775e-01,6.248673e-02,1.551861e-10,1.759804e-10,6.816037e-09,4.505097e-08
1310195712,7147364,10481565696,266125155,1.508779e-01,6.248682e-02,1.471259e-10,1.736162e-10,6.462018e-09,4.444576e-08
1310457856,7147741,10483662848,266178328,1.508774e-01,6.248618e-02,1.592968e-10,1.910153e-10,6.996586e-09,4.889991e-08
1310720000,7147869,10485760000,266231478,1.508777e-01,6.248689e-02,1.507630e-10,1.717560e-10,6.621765e-09,4.396954e-08
1310982144,7148113,10487857152,266284761,1.508776e-01,6.248667e-02,1.537046e-10,1.776646e-10,6.750967e-09,4.548214e-08
1311244288,7148115,10489954304,266338221,1.508775e-01,6.248641e-02,1.570479e-10,1.845830e-10,6.897813e-09,4.725326e-08
1311506432,7148524,10492051456,266390749,1.508768e-01,6.248601e-02,1.746978e-10,1.956772e-10,7.673024e-09,5.009335e-08
1311768576,7148603,10494148608,266444068,1.508767e-01,6.248586e-02,1.762770e-10,1.998682e-10,7.742385e-09,5.116627e-08
1312030720,7149042,10496245760,266497316,1.508766e-01,6.248576e-02,1.790577e-10,2.027223e-10,7.864516e-09,5.189692e-08
1312292864,7149055,10498342912,266549883,1.508763e-01,6.248553e-02,1.871223e-10,2.092450e-10,8.218730e-09,5.356671e-08
1312555008,7149442,10500440064,266603492,1.508763e-01,6.248568e-02,1.887566e-10,2.051696e-10,8.290509e-09,5.252341e-08
1312817152,7149615,10502537216,266656875,1.508759e-01,6.248553e-02,1.991316e-10,2.092450e-10,8.746198e-09,5.356671e-08
1313079296,7149655,10504634368,266710613,1.508758e-01,6.248562e-02,2.020863e-10,2.067735e-10,8.875976e-09,5.293401e-08
1313341440,7150073,10506731520,266763747,1.508758e-01,6.248556e-02,2.008174e-10,2.085988e-10,8.820240e-09,5.340130e-08
1313603584,7150117,10508828672,266816864,1.508750e-01,6.248500e-02,2.260594e-10,2.250523e-10,9.928912e-09,5.761339e-08
1313865728,7150120,10510925824,266870281,1.508754e-01,6.248529e-02,2.136871e-10,2.164186e-10,9.385499e-09,5.540315e-08
1314127872,7150259,10513022976,266923906,1.508758e-01,6.248575e-02,2.008174e-10,2.029346e-10,8.820240e-09,5.195125e-08
1314390016,7150403,10515120128,266977303,1.508758e-01,6.248577e-02,2.008174e-10,2.025102e-10,8.820240e-09,5.184262e-08
1314652160,7150505,10517217280,267030678,1.508755e-01,6.248594e-02,2.106484e-10,1.975577e-10,9.252035e-09,5.057476e-08
1314914304,7150779,10519314432,267084315,1.508756e-01,6.248596e-02,2.063452e-10,1.970344e-10,9.063029e-09,5.044080e-08
1315176448,7150814,10521411584,267137369,1.508756e-01,6.248584e-02,2.067735e-10,2.003953e-10,9.081843e-09,5.130119e-08
1315438592,7150882,10523508736,267190580,1.508754e-01,6.248568e-02,2.141229e-10,2.049562e-10,9.404644e-09,5.246878e-08
1315700736,7151331,10525605888,267244478,1.508763e-01,6.248615e-02,1.875302e-10,1.917368e-10,8.236645e-09,4.908461e-08
1315962880,7152648,10527703040,267297424,1.508758e-01,6.248571e-02,2.012399e-10,2.041037e-10,8.838799e-09,5.225056e-08
1316225024,7153621,10529800192,267350614,1.508758e-01,6.248558e-02,2.020863e-10,2.080611e-10,8.875976e-09,5.326365e-08
1316487168,7154055,10531897344,267404007,1.508759e-01,6.248592e-02,1.982914e-10,1.982914e-10,8.709295e-09,5.076259e-08
1316749312,7155138,10533994496,267456874,1.508753e-01,6.248580e-02,2.149960e-10,2.015571e-10,9.442990e-09,5.159862e-08
1317011456,7158838,10536091648,267509880,1.508749e-01,6.248553e-02,2.278553e-10,2.093528e-10,1.000779e-08,5.359431e-08
1317273600,7163888,10538188800,267563791,1.508749e-01,6.248583e-02,2.278553e-10,2.007118e-10,1.000779e-08,5.138222e-08
1317535744,7175717,10540285952,267616451,1.508743e-01,6.248563e-02,2.471412e-10,2.065593e-10,1.085486e-08,5.287917e-08
1317797888,7186474,10542383104,267669692,1.508743e-01,6.248547e-02,2.457377e-10,2.110812e-10,1.079322e-08,5.403678e-08
1318060032,7189242,10544480256,267723385,1.508743e-01,6.248539e-02,2.457377e-10,2.135782e-10,1.079322e-08,5.467601e-08
1318322176,7190640,10546577408,267776938,1.508746e-01,6.248533e-02,2.383196e-10,2.153239e-10,1.046740e-08,5.512291e-08
1318584320,7191554,10548674560,267830311,1.508743e-01,6.248521e-02,2.452707e-10,2.188366e-10,1.077271e-08,5.602218e-08
1318846464,7193135,10550771712,267883407,1.508745e-01,6.248514e-02,2.410880e-10,2.208250e-10,1.058900e-08,5.653121e-08
1319108608,7199083,10552868864,267936707,1.508739e-01,6.248507e-02,2.604337e-10,2.229337e-10,1.143869e-08,5.707102e-08
1319370752,7205013,10554966016,267990344,1.508742e-01,6.248507e-02,2.499603e-10,2.228224e-10,1.097868e-08,5.704254e-08
1319632896,7206689,10557063168,268043723,1.508742e-01,6.248508e-02,2.494893e-10,2.227112e-10,1.095799e-08,5.701408e-08
1319895040,7208849,10559160320,268096910,1.508745e-01,6.248513e-02,2.415510e-10,2.210465e-10,1.060933e-08,5.658791e-08
1320157184,7209555,10561257472,268149853,1.508740e-01,6.248525e-02,2.551701e-10,2.175160e-10,1.120751e-08,5.568410e-08
1320419328,7209655,10563354624,268203057,1.508736e-01,6.248507e-02,2.681857e-10,2.230449e-10,1.177917e-08,5.709950e-08
1320681472,7212533,10565451776,268256505,1.508740e-01,6.248537e-02,2.546943e-10,2.140139e-10,1.118660e-08,5.478757e-08
1320943616,7212897,10567548928,268310186,1.508741e-01,6.248561e-02,2.532694e-10,2.070950e-10,1.112402e-08,5.301633e-08
1321205760,7230438,10569646080,268363567,1.508741e-01,6.248562e-02,2.532694e-10,2.066664e-10,1.112402e-08,5.290659e-08
1321467904,7241563,10571743232,268417374,1.508749e-01,6.248610e-02,2.269565e-10,1.930803e-10,9.968313e-09,4.942855e-08
1321730048,7242523,10573840384,268470435,1.508746e-01,6.248586e-02,2.355671e-10,1.998682e-10,1.034651e-08,5.116627e-08
1321992192,7257687,10575937536,268523141,1.508747e-01,6.248571e-02,2.337410e-10,2.041037e-10,1.026630e-08,5.225056e-08
1322254336,7263104,10578034688,268576047,1.508742e-01,6.248562e-02,2.499603e-10,2.068806e-10,1.097868e-08,5.296144e-08
1322516480,7268719,10580131840,268629121,1.508740e-01,6.248552e-02,2.542189e-10,2.095684e-10,1.116572e-08,5.364952e-08
1322778624,7268973,10582228992,268682447,1.508740e-01,6.248518e-02,2.561231e-10,2.197193e-10,1.124936e-08,5.624813e-08
1323040768,7269686,10584326144,268735348,1.508742e-01,6.248539e-02,2.480791e-10,2.135782e-10,1.089606e-08,5.467601e-08
1323302912,7270012,10586423296,268788769,1.508745e-01,6.248547e-02,2.401634e-10,2.110812e-10,1.054839e-08,5.403678e-08
1323565056,7270730,10588520448,268842309,1.508743e-01,6.248546e-02,2.452707e-10,2.115144e-10,1.077271e-08,5.414768e-08
1323827200,7271157,10590617600,268895281,1.508745e-01,6.248538e-02,2.401634e-10,2.136871e-10,1.054839e-08,5.470389e-08
1324089344,7271373,10592714752,268948540,1.508741e-01,6.248489e-02,2.513758e-10,2.283054e-10,1.104085e-08,5.844618e-08
1324351488,7272025,10594811904,269001556,1.508745e-01,6.248502e-02,2.387799e-10,2.242706e-10,1.048762e-08,5.741327e-08
1324613632,7273126,10596909056,269054297,1.508742e-01,6.248492e-02,2.504317e-10,2.274056e-10,1.099938e-08,5.821585e-08
1324875776,7273187,10599006208,269107708,1.508745e-01,6.248489e-02,2.392406e-10,2.284180e-10,1.050786e-08,5.847500e-08
1325137920,7273227,10601103360,269160702,1.508745e-01,6.248485e-02,2.415510e-10,2.294325e-10,1.060933e-08,5.873473e-08
1325400064,7273243,10603200512,269214062,1.508741e-01,6.248480e-02,2.523217e-10,2.310152e-10,1.108240e-08,5.913989e-08
1325662208,7273724,10605297664,269267218,1.508742e-01,6.248461e-02,2.494893e-10,2.368267e-10,1.095799e-08,6.062763e-08
1325924352,7273893,10607394816,269320782,1.508739e-01,6.248457e-02,2.585134e-10,2.382046e-10,1.135435e-08,6.098037e-08
1326186496,7274006,10609491968,269373328,1.508728e-01,6.248429e-02,2.957004e-10,2.469070e-10,1.298766e-08,6.320819e-08
1326448640,7274034,10611589120,269426467,1.508734e-01,6.248443e-02,2.750620e-10,2.424783e-10,1.208119e-08,6.207443e-08
1326710784,7274653,10613686272,269480136,1.508741e-01,6.248457e-02,2.518485e-10,2.380896e-10,1.106162e-08,6.095094e-08
1326972928,7275029,10615783424,269532468,1.508742e-01,6.248463e-02,2.494893e-10,2.363683e-10,1.095799e-08,6.051027e-08
1327235072,7275326,10617880576,269585490,1.508741e-01,6.248460e-02,2.513758e-10,2.371708e-10,1.104085e-08,6.071572e-08
1327497216,7275795,10619977728,269638475,1.508738e-01,6.248435e-02,2.609148e-10,2.448042e-10,1.145982e-08,6.266987e-08
1327759360,7276056,10622074880,269691566,1.508738e-01,6.248451e-02,2.609148e-10,2.399326e-10,1.145982e-08,6.142274e-08
1328021504,7276282,10624172032,269745457,1.508740e-01,6.248453e-02,2.546943e-10,2.394712e-10,1.118660e-08,6.130462e-08
1328283648,7276447,10626269184,269798365,1.508737e-01,6.248421e-02,2.642955e-10,2.493716e-10,1.160831e-08,6.383914e-08
1328545792,7276460,10628366336,269851762,1.508742e-01,6.248446e-02,2.485487e-10,2.415510e-10,1.091668e-08,6.183706e-08
1328807936,7276559,10630463488,269905370,1.508749e-01,6.248442e-02,2.278553e-10,2.425943e-10,1.000779e-08,6.210414e-08
1329070080,7276886,10632560640,269958503,1.508748e-01,6.248463e-02,2.319220e-10,2.363683e-10,1.018641e-08,6.051027e-08
1329332224,7277078,10634657792,270011945,1.508745e-01,6.248469e-02,2.406255e-10,2.344250e-10,1.056868e-08,6.001279e-08
1329594368,7277434,10636754944,270065304,1.508746e-01,6.248472e-02,2.355671e-10,2.335133e-10,1.034651e-08,5.977940e-08
1329856512,7277445,10638852096,270118723,1.508745e-01,6.248470e-02,2.401634e-10,2.339689e-10,1.054839e-08,5.989604e-08
1330118656,7277773,10640949248,270172360,1.508746e-01,6.248463e-02,2.374003e-10,2.363683e-10,1.042702e-08,6.051027e-08
1330380800,7277798,10643046400,270225502,1.508742e-01,6.248428e-02,2.509035e-10,2.472583e-10,1.102011e-08,6.329813e-08
1330642944,7277851,10645143552,270279068,1.508745e-01,6.248453e-02,2.397018e-10,2.392406e-10,1.052811e-08,6.124560e-08
1330905088,7277854,10647240704,270332359,1.508745e-01,6.248459e-02,2.387799e-10,2.375151e-10,1.048762e-08,6.080387e-08
1331167232,7278243,10649337856,270385141,1.508743e-01,6.248448e-02,2.462051e-10,2.409724e-10,1.081374e-08,6.168892e-08
1331429376,7278261,10651435008,270437948,1.508742e-01,6.248445e-02,2.490188e-10,2.417826e-10,1.093733e-08,6.189636e-08
1331691520,7278540,10653532160,270491332,1.508743e-01,6.248435e-02,2.471412e-10,2.449208e-10,1.085486e-08,6.269971e-08
1331953664,7278686,10655629312,270544442,1.508743e-01,6.248485e-02,2.462051e-10,2.296583e-10,1.081374e-08,5.879252e-08
1332215808,7278772,10657726464,270598048,1.508740e-01,6.248493e-02,2.551701e-10,2.271810e-10,1.120751e-08,5.815834e-08
1332477952,7278861,10659823616,270651216,1.508740e-01,6.248524e-02,2.542189e-10,2.179558e-10,1.116572e-08,5.579668e-08
1332740096,7278875,10661920768,270704688,1.508742e-01,6.248532e-02,2.480791e-10,2.155426e-10,1.089606e-08,5.517891e-08
1333002240,7278971,10664017920,270757842,1.508738e-01,6.248481e-02,2.623610e-10,2.306756e-10,1.152334e-08,5.905295e-08
1333264384,7279039,10666115072,270810842,1.508738e-01,6.248460e-02,2.618785e-10,2.370560e-10,1.150215e-08,6.068635e-08
1333526528,7279280,10668212224,270863524,1.508735e-01,6.248450e-02,2.711220e-10,2.402789e-10,1.190814e-08,6.151140e-08
1333788672,7279418,10670309376,270916626,1.508736e-01,6.248431e-02,2.691627e-10,2.462051e-10,1.182208e-08,6.302849e-08
1334050816,7279526,10672406528,270969228,1.508729e-01,6.248404e-02,2.936540e-10,2.546943e-10,1.289778e-08,6.520173e-08
1334312960,7279550,10674503680,271023217,1.508739e-01,6.248416e-02,2.589928e-10,2.507855e-10,1.137540e-08,6.420109e-08
1334575104,7279585,10676600832,271075979,1.508737e-01,6.248416e-02,2.652654e-10,2.510215e-10,1.165091e-08,6.426151e-08
1334837248,7279968,10678697984,271128940,1.508731e-01,6.248387e-02,2.845333e-10,2.603134e-10,1.249719e-08,6.664024e-08
1335099392,7279976,10680795136,271181983,1.508731e-01,6.248400e-02,2.845333e-10,2.560039e-10,1.249719e-08,6.553699e-08
1335361536,7280050,10682892288,271235194,1.508732e-01,6.248432e-02,2.805258e-10,2.459713e-10,1.232117e-08,6.296865e-08
1335623680,7280104,10684989440,271288578,1.508735e-01,6.248432e-02,2.706315e-10,2.457377e-10,1.188659e-08,6.290884e-08
1335885824,7280126,10687086592,271341693,1.508734e-01,6.248451e-02,2.760514e-10,2.400480e-10,1.212465e-08,6.145228e-08
1336147968,7280136,10689183744,271394631,1.508732e-01,6.248410e-02,2.835288e-10,2.526769e-10,1.245306e-08,6.468528e-08
1336410112,7280243,10691280896,271447490,1.508728e-01,6.248388e-02,2.951881e-10,2.598328e-10,1.296516e-08,6.651720e-08
1336672256,7280574,10693378048,271500608,1.508727e-01,6.248373e-02,2.987832e-10,2.647802e-10,1.312307e-08,6.778373e-08
1336934400,7280918,10695475200,271554084,1.508729e-01,6.248381e-02,2.911060e-10,2.619991e-10,1.278587e-08,6.707177e-08
1337196544,7281424,10697572352,271606967,1.508727e-01,6.248360e-02,3.003306e-10,2.689183e-10,1.319103e-08,6.884308e-08
1337458688,7281593,10699669504,271659976,1.508730e-01,6.248379e-02,2.885692e-10,2.627232e-10,1.267445e-08,6.725713e-08
1337720832,7284900,10701766656,271713321,1.508730e-01,6.248408e-02,2.890757e-10,2.533880e-10,1.269669e-08,6.486732e-08
1337982976,7286653,10703863808,271766581,1.508729e-01,6.248417e-02,2.911060e-10,2.506675e-10,1.278587e-08,6.417089e-08
1338245120,7287115,10705960960,271820027,1.508725e-01,6.248390e-02,3.044767e-10,2.593527e-10,1.337313e-08,6.639428e-08
1338507264,7288472,10708058112,271873406,1.508728e-01,6.248426e-02,2.946763e-10,2.476099e-10,1.294268e-08,6.338814e-08
1338769408,7298988,10710155264,271926376,1.508728e-01,6.248431e-02,2.957004e-10,2.462051e-10,1.298766e-08,6.302849e-08
1339031552,7305681,10712252416,271979849,1.508726e-01,6.248436e-02,3.039569e-10,2.446876e-10,1.335030e-08,6.264003e-08
1339293696,7305951,10714349568,272033215,1.508729e-01,6.248434e-02,2.936540e-10,2.451540e-10,1.289778e-08,6.275943e-08
1339555840,7311388,10716446720,272086603,1.508726e-01,6.248445e-02,3.018821e-10,2.418985e-10,1.325917e-08,6.192602e-08
1339817984,7313043,10718543872,272140482,1.508732e-01,6.248485e-02,2.830272e-10,2.294325e-10,1.243103e-08,5.873473e-08
1340080128,7320494,10720641024,272193715,1.508734e-01,6.248504e-02,2.750620e-10,2.238245e-10,1.208119e-08,5.729908e-08
1340342272,7323226,10722738176,272246718,1.508733e-01,6.248490e-02,2.785328e-10,2.280803e-10,1.223363e-08,5.838855e-08
1340604416,7324347,10724835328,272299958,1.508732e-01,6.248466e-02,2.825260e-10,2.352242e-10,1.240902e-08,6.021739e-08
1340866560,7324380,10726932480,272353102,1.508732e-01,6.248477e-02,2.830272e-10,2.320355e-10,1.243103e-08,5.940109e-08
1341128704,7324501,10729029632,272406330,1.508729e-01,6.248432e-02,2.911060e-10,2.457377e-10,1.278587e-08,6.290884e-08
1341390848,7324688,10731126784,272459358,1.508728e-01,6.248427e-02,2.962131e-10,2.474927e-10,1.301018e-08,6.335813e-08
1341652992,7324784,10733223936,272512303,1.508730e-01,6.248448e-02,2.895826e-10,2.407411e-10,1.271896e-08,6.162972e-08
1341915136,7324888,10735321088,272565563,1.508731e-01,6.248461e-02,2.840308e-10,2.369414e-10,1.247512e-08,6.065699e-08
1342177280,7325286,10737418240,272619093,1.508735e-01,6.248480e-02,2.730884e-10,2.310152e-10,1.199451e-08,5.913989e-08
1342439424,7325354,10739515392,272672923,1.508735e-01,6.248501e-02,2.706315e-10,2.248288e-10,1.188659e-08,5.755618e-08
1342701568,7325540,10741612544,272726151,1.508736e-01,6.248496e-02,2.672105e-10,2.262835e-10,1.173634e-08,5.792857e-08
1342963712,7325618,10743709696,272779356,1.508736e-01,6.248514e-02,2.681857e-10,2.209358e-10,1.177917e-08,5.655956e-08
1343225856,7325776,10745806848,272832698,1.508728e-01,6.248491e-02,2.957004e-10,2.277428e-10,1.298766e-08,5.830217e-08
1343488000,7325894,10747904000,272885993,1.508736e-01,6.248521e-02,2.686740e-10,2.186163e-10,1.180062e-08,5.596576e-08
1343750144,7326121,10750001152,272939557,1.508733e-01,6.248519e-02,2.785328e-10,2.193881e-10,1.223363e-08,5.616334e-08
1344012288,7326385,10752098304,272993102,1.508736e-01,6.248533e-02,2.691627e-10,2.153239e-10,1.182208e-08,5.512291e-08
1344274432,7326602,10754195456,273046284,1.508738e-01,6.248512e-02,2.623610e-10,2.214898e-10,1.152334e-08,5.670140e-08
1344536576,7326716,10756292608,273099887,1.508743e-01,6.248524e-02,2.466729e-10,2.177358e-10,1.083429e-08,5.574038e-08
1344798720,7326860,10758389760,273153591,1.508749e-01,6.248557e-02,2.269565e-10,2.082761e-10,9.968313e-09,5.331869e-08
1345060864,7327052,10760486912,273206808,1.508753e-01,6.248543e-02,2.149960e-10,2.123821e-10,9.442990e-09,5.436982e-08
1345323008,7327246,10762584064,273260152,1.508754e-01,6.248574e-02,2.128167e-10,2.034656e-10,9.347269e-09,5.208719e-08
1345585152,7327734,10764681216,273313562,1.508754e-01,6.248576e-02,2.141229e-10,2.027223e-10,9.404644e-09,5.189692e-08
1345847296,7328060,10766778368,273366933,1.508761e-01,6.248593e-02,1.941169e-10,1.980816e-10,8.525946e-09,5.070889e-08
1346109440,7328223,10768875520,273419945,1.508755e-01,6.248581e-02,2.106484e-10,2.014514e-10,9.252035e-09,5.157155e-08
1346371584,7328282,10770972672,273473468,1.508758e-01,6.248630e-02,2.020863e-10,1.876323e-10,8.875976e-09,4.803386e-08
1346633728,7328651,10773069824,273527080,1.508760e-01,6.248650e-02,1.953646e-10,1.823628e-10,8.580745e-09,4.668488e-08
1346895872,7328697,10775166976,273580267,1.508759e-01,6.248626e-02,1.978719e-10,1.888589e-10,8.690871e-09,4.834789e-08
1347158016,7328723,10777264128,273633181,1.508760e-01,6.248640e-02,1.970344e-10,1.848868e-10,8.654085e-09,4.733103e-08
1347420160,7328892,10779361280,273686731,1.508761e-01,6.248615e-02,1.928733e-10,1.917368e-10,8.471321e-09,4.908461e-08
1347682304,7329078,10781458432,273739497,1.508754e-01,6.248612e-02,2.119480e-10,1.926664e-10,9.309117e-09,4.932259e-08
1347944448,7329237,10783555584,273793189,1.508759e-01,6.248634e-02,1.978719e-10,1.866131e-10,8.690871e-09,4.777295e-08
1348206592,7329411,10785652736,273846308,1.508759e-01,6.248635e-02,1.987113e-10,1.863079e-10,8.727737e-09,4.769481e-08
1348468736,7329481,10787749888,273899251,1.508760e-01,6.248626e-02,1.966163e-10,1.887566e-10,8.635721e-09,4.832168e-08
1348730880,7329569,10789847040,273952942,1.508760e-01,6.248625e-02,1.966163e-10,1.891662e-10,8.635721e-09,4.842656e-08
1348993024,7329954,10791944192,274005822,1.508754e-01,6.248610e-02,2.128167e-10,1.931838e-10,9.347269e-09,4.945506e-08
1349255168,7330625,10794041344,274059314,1.508754e-01,6.248655e-02,2.123821e-10,1.808567e-10,9.328183e-09,4.629932e-08
1349517312,7331301,10796138496,274112134,1.508749e-01,6.248629e-02,2.278553e-10,1.880407e-10,1.000779e-08,4.813842e-08
1349779456,7332307,10798235648,274164723,1.508743e-01,6.248594e-02,2.466729e-10,1.977671e-10,1.083429e-08,5.062839e-08
1350041600,7332749,10800332800,274218226,1.508749e-01,6.248594e-02,2.283054e-10,1.975577e-10,1.002756e-08,5.057476e-08
1350303744,7333815,10802429952,274271691,1.508752e-01,6.248627e-02,2.189469e-10,1.885519e-10,9.616517e-09,4.826929e-08
1350565888,7337644,10804527104,274324798,1.508754e-01,6.248650e-02,2.123821e-10,1.822622e-10,9.328183e-09,4.665912e-08
1350828032,7342517,10806624256,274378166,1.508750e-01,6.248648e-02,2.247171e-10,1.826648e-10,9.869958e-09,4.676218e-08
1351090176,7354394,10808721408,274431394,1.508754e-01,6.248655e-02,2.128167e-10,1.808567e-10,9.347269e-09,4.629932e-08
1351352320,7365171,10810818560,274484565,1.508756e-01,6.248653e-02,2.059173e-10,1.813581e-10,9.044236e-09,4.642766e-08
1351614464,7367703,10812915712,274537273,1.508747e-01,6.248648e-02,2.332856e-10,1.827655e-10,1.024630e-08,4.678796e-08
1351876608,7372385,10815012864,274589962,1.508747e-01,6.248622e-02,2.351099e-10,1.899869e-10,1.032643e-08,4.863665e-08
1352138752,7373529,10817110016,274643316,1.508753e-01,6.248639e-02,2.171865e-10,1.851909e-10,9.539200e-09,4.740886e-08
1352400896,7374756,10819207168,274696511,1.508760e-01,6.248650e-02,1.957814e-10,1.822622e-10,8.599051e-09,4.665912e-08
1352663040,7377660,10821304320,274750282,1.508764e-01,6.248638e-02,1.834712e-10,1.854952e-10,8.058368e-09,4.748676e-08
1352925184,7383597,10823401472,274803340,1.508765e-01,6.248634e-02,1.814584e-10,1.866131e-10,7.969962e-09,4.777295e-08
1353187328,7385259,10825498624,274855961,1.508758e-01,6.248597e-02,2.016629e-10,1.968253e-10,8.857377e-09,5.038727e-08
1353449472,7387377,10827595776,274909301,1.508760e-01,6.248619e-02,1.970344e-10,1.906036e-10,8.654085e-09,4.879452e-08
1353711616,7388187,10829692928,274962882,1.508760e-01,6.248626e-02,1.970344e-10,1.887566e-10,8.654085e-09,4.832168e-08
1353973760,7388312,10831790080,275016537,1.508756e-01,6.248640e-02,2.076315e-10,1.848868e-10,9.119527e-09,4.733103e-08
1354235904,7391175,10833887232,275069657,1.508751e-01,6.248640e-02,2.216007e-10,1.848868e-10,9.733080e-09,4.733103e-08
1354498048,7391439,10835984384,275123476,1.508754e-01,6.248645e-02,2.119480e-10,1.835722e-10,9.309117e-09,4.699448e-08
1354760192,7412103,10838081536,275177133,1.508757e-01,6.248637e-02,2.042102e-10,1.857997e-10,8.969259e-09,4.756473e-08
1355022336,7420168,10840178688,275230523,1.508757e-01,6.248630e-02,2.037845e-10,1.876323e-10,8.950563e-09,4.803386e-08
1355284480,7421133,10842275840,275283399,1.508753e-01,6.248589e-02,2.163090e-10,1.990265e-10,9.500658e-09,5.095078e-08
1355546624,7436386,10844372992,275337013,1.508756e-01,6.248598e-02,2.072023e-10,1.965118e-10,9.100675e-09,5.030703e-08
1355808768,7441726,10846470144,275390688,1.508755e-01,6.248602e-02,2.097842e-10,1.953646e-10,9.214078e-09,5.001334e-08
1356070912,7450200,10848567296,275444035,1.508757e-01,6.248635e-02,2.042102e-10,1.863079e-10,8.969259e-09,4.769481e-08
1356333056,7450606,10850664448,275497514,1.508755e-01,6.248657e-02,2.102161e-10,1.802560e-10,9.233046e-09,4.614554e-08
1356595200,7451257,10852761600,275550927,1.508753e-01,6.248626e-02,2.171865e-10,1.886542e-10,9.539200e-09,4.829548e-08
1356857344,7451580,10854858752,275604757,1.508755e-01,6.248619e-02,2.102161e-10,1.907065e-10,9.233046e-09,4.882085e-08
1357119488,7452272,10856955904,275657905,1.508756e-01,6.248602e-02,2.076315e-10,1.954688e-10,9.119527e-09,5.004000e-08
1357381632,7452717,10859053056,275711400,1.508757e-01,6.248615e-02,2.054898e-10,1.919431e-10,9.025464e-09,4.913744e-08
1357643776,7452913,10861150208,275764758,1.508752e-01,6.248599e-02,2.180658e-10,1.963030e-10,9.577820e-09,5.025356e-08
1357905920,7453737,10863247360,275818279,1.508753e-01,6.248597e-02,2.158709e-10,1.967208e-10,9.481416e-09,5.036052e-08
1358168064,7454709,10865344512,275871557,1.508751e-01,6.248603e-02,2.216007e-10,1.952605e-10,9.733080e-09,4.998669e-08
1358430208,7454712,10867441664,275924859,1.508749e-01,6.248611e-02,2.292069e-10,1.929768e-10,1.006716e-08,4.940205e-08
1358692352,7454820,10869538816,275977602,1.508752e-01,6.248593e-02,2.180658e-10,1.980816e-10,9.577820e-09,5.070889e-08
1358954496,7454905,10871635968,276030999,1.508751e-01,6.248601e-02,2.211573e-10,1.956772e-10,9.713604e-09,5.009335e-08
1359216640,7455400,10873733120,276084294,1.508748e-01,6.248587e-02,2.310152e-10,1.996576e-10,1.014658e-08,5.111236e-08
1359478784,7455421,10875830272,276137709,1.508751e-01,6.248615e-02,2.224889e-10,1.918399e-10,9.772092e-09,4.911102e-08
1359740928,7455595,10877927424,276190717,1.508750e-01,6.248638e-02,2.242706e-10,1.854952e-10,9.850345e-09,4.748676e-08
1360003072,7455622,10880024576,276243860,1.508743e-01,6.248595e-02,2.466729e-10,1.974529e-10,1.083429e-08,5.054795e-08
1360265216,7456245,10882121728,276297062,1.508741e-01,6.248607e-02,2.513758e-10,1.941169e-10,1.104085e-08,4.969394e-08
1360527360,7456612,10884218880,276350593,1.508744e-01,6.248588e-02,2.429426e-10,1.993419e-10,1.067045e-08,5.103153e-08
1360789504,7456889,10886316032,276403888,1.508737e-01,6.248543e-02,2.642955e-10,2.122735e-10,1.160831e-08,5.434203e-08
1361051648,7457478,10888413184,276457213,1.508743e-01,6.248586e-02,2.476099e-10,1.999736e-10,1.087545e-08,5.119324e-08
1361313792,7457579,10890510336,276510876,1.508742e-01,6.248591e-02,2.485487e-10,1.983963e-10,1.091668e-08,5.078946e-08
1361575936,7457924,10892607488,276563862,1.508742e-01,6.248584e-02,2.490188e-10,2.005007e-10,1.093733e-08,5.132819e-08
1361838080,7457982,10894704640,276616594,1.508741e-01,6.248569e-02,2.532694e-10,2.047429e-10,1.112402e-08,5.241418e-08
1362100224,7458123,10896801792,276669632,1.508742e-01,6.248589e-02,2.499603e-10,1.990265e-10,1.097868e-08,5.095078e-08
1362362368,7458151,10898898944,276722880,1.508737e-01,6.248586e-02,2.657510e-10,2.000790e-10,1.167223e-08,5.122022e-08
1362624512,7458444,10900996096,276775989,1.508735e-01,6.248571e-02,2.716130e-10,2.042102e-10,1.192970e-08,5.227781e-08
1362886656,7458687,10903093248,276829110,1.508731e-01,6.248570e-02,2.845333e-10,2.044232e-10,1.249719e-08,5.233234e-08
1363148800,7459076,10905190400,276882160,1.508729e-01,6.248548e-02,2.921239e-10,2.108647e-10,1.283058e-08,5.398137e-08
1363410944,7459194,10907287552,276935911,1.508729e-01,6.248541e-02,2.911060e-10,2.129254e-10,1.278587e-08,5.450889e-08
1363673088,7459369,10909384704,276989210,1.508727e-01,6.248580e-02,3.003306e-10,2.017687e-10,1.319103e-08,5.165279e-08
1363935232,7459475,10911481856,277042098,1.508726e-01,6.248581e-02,3.024001e-10,2.014514e-10,1.328193e-08,5.157155e-08
1364197376,7459558,10913579008,277094926,1.508727e-01,6.248582e-02,2.982683e-10,2.010286e-10,1.310045e-08,5.146332e-08
1364459520,7459623,10915676160,277148401,1.508731e-01,6.248588e-02,2.845333e-10,1.994471e-10,1.249719e-08,5.105847e-08
1364721664,7459848,10917773312,277201661,1.508730e-01,6.248583e-02,2.890757e-10,2.009230e-10,1.269669e-08,5.143628e-08
1364983808,7459895,10919870464,277254954,1.508730e-01,6.248562e-02,2.890757e-10,2.066664e-10,1.269669e-08,5.290659e-08
1365245952,7460088,10921967616,277308321,1.508733e-01,6.248567e-02,2.795284e-10,2.052763e-10,1.227736e-08,5.255073e-08
1365508096,7460284,10924064768,277361405,1.508732e-01,6.248567e-02,2.820253e-10,2.054898e-10,1.238703e-08,5.260540e-08
1365770240,7460342,10926161920,277415284,1.508737e-01,6.248612e-02,2.642955e-10,1.926664e-10,1.160831e-08,4.932259e-08
1366032384,7460417,10928259072,277469031,1.508742e-01,6.248616e-02,2.490188e-10,1.915305e-10,1.093733e-08,4.903180e-08
1366294528,7460553,10930356224,277522022,1.508741e-01,6.248620e-02,2.537439e-10,1.905007e-10,1.114486e-08,4.876819e-08
1366556672,7460637,10932453376,277575156,1.508740e-01,6.248581e-02,2.551701e-10,2.012399e-10,1.120751e-08,5.151742e-08
1366818816,7460729,10934550528,277628294,1.508738e-01,6.248565e-02,2.628440e-10,2.059173e-10,1.154455e-08,5.271482e-08
1367080960,7460799,10936647680,277682331,1.508738e-01,6.248559e-02,2.618785e-10,2.077388e-10,1.150215e-08,5.318114e-08
1367343104,7460879,10938744832,277735485,1.508736e-01,6.248540e-02,2.686740e-10,2.131429e-10,1.180062e-08,5.456457e-08
1367605248,7460980,10940841984,277788491,1.508738e-01,6.248539e-02,2.618785e-10,2.134693e-10,1.150215e-08,5.464814e-08
1367867392,7461171,10942939136,277841591,1.508738e-01,6.248526e-02,2.633274e-10,2.171865e-10,1.156578e-08,5.559974e-08
1368129536,7461186,10945036288,277894273,1.508733e-01,6.248541e-02,2.785328e-10,2.128167e-10,1.223363e-08,5.448106e-08
1368391680,7461279,10947133440,277947381,1.508731e-01,6.248537e-02,2.845333e-10,2.141229e-10,1.249719e-08,5.481547e-08
1368653824,7461512,10949230592,278000695,1.508731e-01,6.248545e-02,2.850362e-10,2.116227e-10,1.251928e-08,5.417542e-08
1368915968,7461717,10951327744,278054399,1.508735e-01,6.248589e-02,2.706315e-10,1.990265e-10,1.188659e-08,5.095078e-08
1369178112,7461791,10953424896,278107296,1.508730e-01,6.248549e-02,2.885692e-10,2.104322e-10,1.267445e-08,5.387064e-08
1369440256,7461796,10955522048,278160696,1.508731e-01,6.248538e-02,2.845333e-10,2.137960e-10,1.249719e-08,5.473177e-08
1369702400,7461880,10957619200,278214230,1.508730e-01,6.248553e-02,2.890757e-10,2.093528e-10,1.269669e-08,5.359431e-08
1369964544,7461982,10959716352,278267402,1.508731e-01,6.248527e-02,2.870524e-10,2.168572e-10,1.260783e-08,5.551545e-08
1370226688,7462040,10961813504,278320891,1.508734e-01,6.248550e-02,2.765468e-10,2.101081e-10,1.214640e-08,5.378766e-08
1370488832,7462322,10963910656,278373908,1.508733e-01,6.248551e-02,2.800269e-10,2.098921e-10,1.229926e-08,5.373238e-08
1370750976,7462439,10966007808,278427234,1.508734e-01,6.248542e-02,2.760514e-10,2.124907e-10,1.212465e-08,5.439762e-08
1371013120,7463080,10968104960,278480432,1.508730e-01,6.248538e-02,2.900900e-10,2.137960e-10,1.274124e-08,5.473177e-08
1371275264,7465255,10970202112,278533559,1.508731e-01,6.248532e-02,2.860434e-10,2.154332e-10,1.256351e-08,5.515091e-08
1371537408,7465697,10972299264,278586474,1.508727e-01,6.248520e-02,2.987832e-10,2.191674e-10,1.312307e-08,5.610686e-08
1371799552,7467211,10974396416,278639752,1.508725e-01,6.248534e-02,3.055176e-10,2.149960e-10,1.341885e-08,5.503898e-08
1372061696,7467738,10976493568,278693360,1.508722e-01,6.248509e-02,3.181475e-10,2.222667e-10,1.397358e-08,5.690028e-08
1372323840,7477584,10978590720,278746207,1.508720e-01,6.248482e-02,3.250955e-10,2.305625e-10,1.427875e-08,5.902399e-08
1372585984,7484183,10980687872,278799461,1.508724e-01,6.248479e-02,3.096992e-10,2.313551e-10,1.360251e-08,5.922690e-08
1372848128,7484714,10982785024,278852976,1.508720e-01,6.248466e-02,3.224143e-10,2.352242e-10,1.416098e-08,6.021739e-08
1373110272,7491592,10984882176,278905628,1.508718e-01,6.248412e-02,3.326619e-10,2.522034e-10,1.461108e-08,6.456406e-08
1373372416,7493092,10986979328,278959384,1.508722e-01,6.248458e-02,3.160248e-10,2.377448e-10,1.388034e-08,6.086267e-08
1373634560,7498990,10989076480,279012657,1.508723e-01,6.248461e-02,3.144374e-10,2.369414e-10,1.381062e-08,6.065699e-08
1373896704,7501892,10991173632,279066560,1.508731e-01,6.248504e-02,2.850362e-10,2.239360e-10,1.251928e-08,5.732761e-08
1374158848,7503062,10993270784,279119923,1.508741e-01,6.248576e-02,2.518485e-10,2.028284e-10,1.106162e-08,5.192408e-08
1374420992,7503082,10995367936,279172959,1.508743e-01,6.248582e-02,2.466729e-10,2.010286e-10,1.083429e-08,5.146332e-08
1374683136,7503145,10997465088,279226039,1.508742e-01,6.248575e-02,2.509035e-10,2.029346e-10,1.102011e-08,5.195125e-08
1374945280,7503273,10999562240,279279439,1.508742e-01,6.248587e-02,2.499603e-10,1.995524e-10,1.097868e-08,5.108541e-08
1375207424,7503444,11001659392,279333041,1.508743e-01,6.248592e-02,2.452707e-10,1.981865e-10,1.077271e-08,5.073574e-08
1375469568,7503490,11003756544,279386535,1.508747e-01,6.248556e-02,2.351099e-10,2.085988e-10,1.032643e-08,5.340130e-08
1375731712,7504049,11005853696,279439820,1.508749e-01,6.248553e-02,2.292069e-10,2.094606e-10,1.006716e-08,5.362191e-08
1375993856,7504065,11007950848,279493450,1.508753e-01,6.248576e-02,2.167475e-10,2.027223e-10,9.519918e-09,5.189692e-08
1376256000,7504158,11010048000,279546855,1.508751e-01,6.248572e-02,2.211573e-10,2.037845e-10,9.713604e-09,5.216884e-08
1376518144,7504211,11012145152,279600379,1.508754e-01,6.248584e-02,2.115144e-10,2.003953e-10,9.290070e-09,5.130119e-08
1376780288,7504556,11014242304,279653997,1.508752e-01,6.248561e-02,2.193881e-10,2.069878e-10,9.635896e-09,5.298888e-08
1377042432,7504702,11016339456,279707151,1.508751e-01,6.248553e-02,2.207143e-10,2.094606e-10,9.694149e-09,5.362191e-08
1377304576,7504856,11018436608,279760640,1.508746e-01,6.248517e-02,2.360248e-10,2.199402e-10,1.036661e-08,5.630469e-08
1377566720,7505052,11020533760,279814041,1.508749e-01,6.248496e-02,2.274056e-10,2.260594e-10,9.988043e-09,5.787120e-08
1377828864,7505306,11022630912,279867075,1.508748e-01,6.248492e-02,2.310152e-10,2.274056e-10,1.014658e-08,5.821585e-08
1378091008,7505411,11024728064,279920317,1.508745e-01,6.248473e-02,2.397018e-10,2.332856e-10,1.052811e-08,5.972112e-08
1378353152,7505543,11026825216,279973158,1.508747e-01,6.248511e-02,2.332856e-10,2.218226e-10,1.024630e-08,5.678659e-08
1378615296,7505675,11028922368,280026422,1.508743e-01,6.248523e-02,2.471412e-10,2.180658e-10,1.085486e-08,5.582484e-08
1378877440,7505909,11031019520,280079625,1.508743e-01,6.248519e-02,2.462051e-10,2.192777e-10,1.081374e-08,5.613510e-08
1379139584,7506454,11033116672,280133152,1.508743e-01,6.248505e-02,2.452707e-10,2.234902e-10,1.077271e-08,5.721350e-08
1379401728,7506647,11035213824,280186843,1.508749e-01,6.248549e-02,2.265077e-10,2.104322e-10,9.948603e-09,5.387064e-08
1379663872,7506848,11037310976,280239849,1.508747e-01,6.248540e-02,2.346532e-10,2.130341e-10,1.030637e-08,5.453673e-08
1379926016,7506879,11039408128,280292635,1.508738e-01,6.248519e-02,2.618785e-10,2.193881e-10,1.150215e-08,5.616334e-08
1380188160,7507246,11041505280,280345954,1.508736e-01,6.248476e-02,2.701415e-10,2.322626e-10,1.186507e-08,5.945921e-08
1380450304,7507318,11043602432,280398523,1.508731e-01,6.248469e-02,2.865477e-10,2.344250e-10,1.258566e-08,6.001279e-08
1380712448,7507324,11045699584,280451772,1.508729e-01,6.248487e-02,2.926335e-10,2.288686e-10,1.285296e-08,5.859036e-08
1380974592,7507494,11047796736,280504553,1.508727e-01,6.248485e-02,2.977538e-10,2.296583e-10,1.307785e-08,5.879252e-08
1381236736,7507776,11049893888,280558272,1.508736e-01,6.248516e-02,2.696519e-10,2.201612e-10,1.184357e-08,5.636128e-08
1381498880,7507915,11051991040,280611115,1.508725e-01,6.248476e-02,3.044767e-10,2.321490e-10,1.337313e-08,5.943015e-08
1381761024,7508075,11054088192,280664406,1.508727e-01,6.248488e-02,2.992986e-10,2.286432e-10,1.314570e-08,5.853267e-08
1382023168,7508134,11056185344,280717543,1.508726e-01,6.248500e-02,3.018821e-10,2.249406e-10,1.325917e-08,5.758478e-08
1382285312,7508147,11058282496,280770890,1.508727e-01,6.248514e-02,2.982683e-10,2.209358e-10,1.310045e-08,5.655956e-08
1382547456,7508615,11060379648,280824953,1.508735e-01,6.248505e-02,2.730884e-10,2.233789e-10,1.199451e-08,5.718499e-08
1382809600,7509952,11062476800,280877576,1.508735e-01,6.248518e-02,2.721043e-10,2.194984e-10,1.195129e-08,5.619160e-08
1383071744,7510969,11064573952,280931737,1.508747e-01,6.248552e-02,2.323761e-10,2.095684e-10,1.020635e-08,5.364952e-08
1383333888,7511391,11066671104,280984648,1.508744e-01,6.248537e-02,2.420144e-10,2.139049e-10,1.062968e-08,5.475967e-08
1383596032,7512156,11068768256,281038198,1.508750e-01,6.248555e-02,2.256115e-10,2.088141e-10,9.909241e-09,5.345641e-08
1383858176,7512470,11070865408,281091029,1.508748e-01,6.248521e-02,2.314684e-10,2.187264e-10,1.016649e-08,5.599397e-08
1384120320,7516357,11072962560,281144102,1.508738e-01,6.248472e-02,2.623610e-10,2.335133e-10,1.152334e-08,5.977940e-08
1384382464,7521216,11075059712,281197172,1.508738e-01,6.248472e-02,2.633274e-10,2.333994e-10,1.156578e-08,5.975025e-08
1384644608,7533084,11077156864,281250199,1.508738e-01,6.248466e-02,2.609148e-10,2.353385e-10,1.145982e-08,6.024665e-08
1384906752,7543905,11079254016,281303339,1.508736e-01,6.248451e-02,2.691627e-10,2.398172e-10,1.182208e-08,6.139319e-08
1385168896,7546203,11081351168,281356709,1.508739e-01,6.248486e-02,2.575560e-10,2.290941e-10,1.131230e-08,5.864809e-08
1385431040,7554043,11083448320,281409908,1.508745e-01,6.248464e-02,2.397018e-10,2.357959e-10,1.052811e-08,6.036375e-08
1385693184,7555331,11085545472,281463507,1.508748e-01,6.248490e-02,2.296583e-10,2.280803e-10,1.008698e-08,5.838855e-08
1385955328,7556206,11087642624,281516364,1.508747e-01,6.248469e-02,2.346532e-10,2.343109e-10,1.030637e-08,5.998359e-08
1386217472,7556278,11089739776,281569720,1.508748e-01,6.248478e-02,2.296583e-10,2.315818e-10,1.008698e-08,5.928493e-08
1386479616,7562212,11091836928,281622838,1.508747e-01,6.248457e-02,2.328306e-10,2.382046e-10,1.022632e-08,6.098037e-08
1386741760,7563883,11093934080,281676500,1.508750e-01,6.248458e-02,2.260594e-10,2.376300e-10,9.928912e-09,6.083327e-08
1387003904,7565941,11096031232,281729487,1.508753e-01,6.248464e-02,2.145593e-10,2.357959e-10,9.423807e-09,6.036375e-08
1387266048,7566654,11098128384,281782906,1.508753e-01,6.248464e-02,2.171865e-10,2.360248e-10,9.539200e-09,6.042234e-08
1387528192,7567026,11100225536,281836188,1.508753e-01,6.248491e-02,2.149960e-10,2.278553e-10,9.442990e-09,5.833095e-08
1387790336,7569864,11102322688,281889674,1.508755e-01,6.248505e-02,2.097842e-10,2.236016e-10,9.214078e-09,5.724202e-08
1388052480,7569981,11104419840,281943170,1.508757e-01,6.248518e-02,2.037845e-10,2.196088e-10,8.950563e-09,5.621986e-08
1388314624,7593636,11106516992,281996429,1.508756e-01,6.248526e-02,2.072023e-10,2.174061e-10,9.100675e-09,5.565597e-08
1388576768,7598841,11108614144,282049816,1.508757e-01,6.248491e-02,2.037845e-10,2.276304e-10,8.950563e-09,5.827339e-08
1388838912,7599721,11110711296,282103816,1.508756e-01,6.248502e-02,2.084912e-10,2.244938e-10,9.157288e-09,5.747042e-08
1389101056,7615106,11112808448,282157631,1.508760e-01,6.248495e-02,1.945324e-10,2.266198e-10,8.544194e-09,5.801468e-08
1389363200,7620398,11114905600,282210812,1.508768e-01,6.248504e-02,1.731257e-10,2.238245e-10,7.603976e-09,5.729908e-08
1389625344,7631674,11117002752,282264064,1.508769e-01,6.248498e-02,1.711706e-10,2.256115e-10,7.518104e-09,5.775655e-08
1389887488,7632277,11119099904,282317443,1.508768e-01,6.248485e-02,1.727338e-10,2.296583e-10,7.586762e-09,5.879252e-08
1390149632,7632849,11121197056,282370063,1.508763e-01,6.248466e-02,1.887566e-10,2.352242e-10,8.290509e-09,6.021739e-08
1390411776,7633113,11123294208,282423176,1.508766e-01,6.248473e-02,1.798561e-10,2.330581e-10,7.899587e-09,5.966287e-08
1390673920,7633757,11125391360,282476630,1.508773e-01,6.248489e-02,1.615617e-10,2.281928e-10,7.096062e-09,5.841736e-08
1390936064,7634246,11127488512,282529541,1.508773e-01,6.248492e-02,1.604272e-10,2.274056e-10,7.046236e-09,5.821585e-08
1391198208,7634486,11129585664,282582540,1.508771e-01,6.248480e-02,1.657554e-10,2.310152e-10,7.280259e-09,5.913989e-08
1391460352,7635444,11131682816,282635953,1.508770e-01,6.248492e-02,1.684521e-10,2.274056e-10,7.398705e-09,5.821585e-08
1391722496,7636232,11133779968,282689231,1.508773e-01,6.248535e-02,1.615617e-10,2.146684e-10,7.096062e-09,5.495511e-08
1391984640,7636333,11135877120,282741841,1.508771e-01,6.248547e-02,1.672937e-10,2.110812e-10,7.347825e-09,5.403678e-08
1392246784,7636452,11137974272,282794853,1.508770e-01,6.248517e-02,1.680656e-10,2.198297e-10,7.381725e-09,5.627641e-08
1392508928,7636550,11140071424,282847960,1.508765e-01,6.248517e-02,1.810572e-10,2.198297e-10,7.952338e-09,5.627641e-08
1392771072,7636947,11142168576,282901527,1.508768e-01,6.248501e-02,1.746978e-10,2.246055e-10,7.673024e-09,5.749900e-08
1393033216,7637118,11144265728,282955059,1.508769e-01,6.248528e-02,1.703917e-10,2.166378e-10,7.483894e-09,5.545929e-08
1393295360,7637213,11146362880,283008329,1.508769e-01,6.248557e-02,1.719513e-10,2.081686e-10,7.552395e-09,5.329116e-08
1393557504,7637243,11148460032,283061279,1.508763e-01,6.248526e-02,1.875302e-10,2.171865e-10,8.236645e-09,5.559974e-08
1393819648,7637826,11150557184,283113814,1.508762e-01,6.248534e-02,1.912213e-10,2.148868e-10,8.398763e-09,5.501102e-08
1394081792,7638149,11152654336,283166282,1.508749e-01,6.248504e-02,2.265077e-10,2.239360e-10,9.948603e-09,5.732761e-08
1394343936,7638440,11154751488,283219326,1.508749e-01,6.248510e-02,2.274056e-10,2.220446e-10,9.988043e-09,5.684342e-08
1394606080,7639034,11156848640,283272370,1.508745e-01,6.248490e-02,2.401634e-10,2.279678e-10,1.054839e-08,5.835975e-08
1394868224,7639140,11158945792,283326101,1.508748e-01,6.248499e-02,2.310152e-10,2.252759e-10,1.014658e-08,5.767064e-08
1395130368,7639230,11161042944,283380109,1.508753e-01,6.248512e-02,2.149960e-10,2.212681e-10,9.442990e-09,5.664464e-08
1395392512,7639537,11163140096,283433245,1.508755e-01,6.248546e-02,2.110812e-10,2.114060e-10,9.271043e-09,5.411994e-08
1395654656,7639552,11165237248,283487124,1.508760e-01,6.248538e-02,1.961986e-10,2.136871e-10,8.617376e-09,5.470389e-08
1395916800,7639693,11167334400,283540028,1.508761e-01,6.248565e-02,1.916336e-10,2.059173e-10,8.416873e-09,5.271482e-08
1396178944,7639723,11169431552,283593716,1.508757e-01,6.248538e-02,2.037845e-10,2.136871e-10,8.950563e-09,5.470389e-08
1396441088,7639961,11171528704,283646536,1.508753e-01,6.248548e-02,2.163090e-10,2.108647e-10,9.500658e-09,5.398137e-08
1396703232,7640268,11173625856,283700874,1.508759e-01,6.248590e-02,1.987113e-10,1.988163e-10,8.727737e-09,5.089698e-08
1396965376,7640749,11175723008,283754055,1.508755e-01,6.248572e-02,2.093528e-10,2.039973e-10,9.195129e-09,5.222331e-08
1397227520,7640895,11177820160,283807336,1.508758e-01,6.248594e-02,2.008174e-10,1.975577e-10,8.820240e-09,5.057476e-08
1397489664,7640925,11179917312,283860523,1.508756e-01,6.248583e-02,2.080611e-10,2.007118e-10,9.138398e-09,5.138222e-08
1397751808,7641033,11182014464,283914593,1.508760e-01,6.248572e-02,1.966163e-10,2.037845e-10,8.635721e-09,5.216884e-08
1398013952,7641259,11184111616,283968186,1.508763e-01,6.248561e-02,1.887566e-10,2.070950e-10,8.290509e-09,5.301633e-08
1398276096,7641441,11186208768,284021545,1.508767e-01,6.248581e-02,1.762770e-10,2.013456e-10,7.742385e-09,5.154448e-08
1398538240,7641452,11188305920,284075091,1.508771e-01,6.248577e-02,1.669085e-10,2.025102e-10,7.330904e-09,5.184262e-08
1398800384,7641558,11190403072,284128016,1.508771e-01,6.248578e-02,1.672937e-10,2.022982e-10,7.347825e-09,5.178835e-08
1399062528,7641629,11192500224,284180828,1.508764e-01,6.248575e-02,1.850895e-10,2.029346e-10,8.129445e-09,5.195125e-08
1399324672,7642047,11194597376,284234678,1.508770e-01,6.248590e-02,1.696145e-10,1.987113e-10,7.449759e-09,5.087009e-08
1399586816,7642054,11196694528,284288690,1.508777e-01,6.248610e-02,1.511291e-10,1.930803e-10,6.637848e-09,4.942855e-08
1399848960,7642149,11198791680,284342531,1.508783e-01,6.248627e-02,1.357856e-10,1.885519e-10,5.963934e-09,4.826929e-08
1400111104,7642474,11200888832,284396034,1.508788e-01,6.248651e-02,1.245672e-10,1.818601e-10,5.471205e-09,4.655618e-08
1400373248,7642506,11202985984,284449339,1.508786e-01,6.248660e-02,1.289289e-10,1.796563e-10,5.662775e-09,4.599202e-08
1400635392,7642548,11205083136,284502641,1.508790e-01,6.248684e-02,1.202807e-10,1.732238e-10,5.282931e-09,4.434529e-08
1400897536,7642573,11207180288,284555876,1.508793e-01,6.248692e-02,1.147884e-10,1.709757e-10,5.041702e-09,4.376979e-08
1401159680,7642580,11209277440,284609622,1.508797e-01,6.248676e-02,1.066367e-10,1.751905e-10,4.683665e-09,4.484878e-08
1401421824,7642777,11211374592,284663564,1.508799e-01,6.248679e-02,1.026734e-10,1.745993e-10,4.509591e-09,4.469743e-08
1401683968,7642848,11213471744,284717019,1.508799e-01,6.248699e-02,1.008695e-10,1.692266e-10,4.430362e-09,4.332202e-08
1401946112,7643016,11215568896,284769954,1.508798e-01,6.248703e-02,1.035814e-10,1.682588e-10,4.549470e-09,4.307425e-08
1402208256,7643061,11217666048,284823054,1.508798e-01,6.248705e-02,1.041889e-10,1.677759e-10,4.576152e-09,4.295064e-08
1402470400,7643279,11219763200,284876272,1.508799e-01,6.248706e-02,1.020704e-10,1.673901e-10,4.483103e-09,4.285187e-08
1402732544,7643280,11221860352,284929410,1.508804e-01,6.248706e-02,9.208989e-11,1.674865e-10,4.044745e-09,4.287655e-08
1402994688,7643618,11223957504,284982981,1.508804e-01,6.248731e-02,9.123391e-11,1.610885e-10,4.007148e-09,4.123865e-08
1403256832,7643737,11226054656,285036170,1.508805e-01,6.248744e-02,9.038192e-11,1.577022e-10,3.969728e-09,4.037176e-08
1403518976,7643830,11228151808,285089540,1.508803e-01,6.248724e-02,9.352541e-11,1.627001e-10,4.107795e-09,4.165122e-08
1403781120,7643859,11230248960,285142792,1.508804e-01,6.248721e-02,9.266277e-11,1.636518e-10,4.069906e-09,4.189486e-08
1404043264,7643907,11232346112,285196095,1.508804e-01,6.248733e-02,9.123391e-11,1.604272e-10,4.007148e-09,4.106937e-08
1404305408,7643985,11234443264,285249110,1.508805e-01,6.248740e-02,9.066548e-11,1.586392e-10,3.982181e-09,4.061164e-08
1404567552,7644029,11236540416,285302172,1.508797e-01,6.248732e-02,1.069447e-10,1.607105e-10,4.697192e-09,4.114188e-08
1404829696,7644286,11238637568,285355477,1.508792e-01,6.248716e-02,1.154279e-10,1.647976e-10,5.069789e-09,4.218818e-08
1405091840,7644781,11240734720,285408791,1.508794e-01,6.248736e-02,1.113030e-10,1.597673e-10,4.888615e-09,4.090044e-08
1405353984,7645906,11242831872,285461964,1.508792e-01,6.248714e-02,1.170344e-10,1.654678e-10,5.140349e-09,4.235975e-08
1405616128,7649404,11244929024,285515166,1.508797e-01,6.248744e-02,1.069447e-10,1.577958e-10,4.697192e-09,4.039572e-08
1405878272,7656210,11247026176,285568242,1.508801e-01,6.248741e-02,9.819368e-11,1.585454e-10,4.312833e-09,4.058762e-08
1406140416,7662721,11249123328,285621159,1.508800e-01,6.248764e-02,9.937851e-11,1.528744e-10,4.364873e-09,3.913584e-08
1406402560,7663451,11251220480,285674575,1.508796e-01,6.248755e-02,1.075620e-10,1.549078e-10,4.724304e-09,3.965639e-08
1406664704,7670069,11253317632,285728340,1.508798e-01,6.248774e-02,1.032783e-10,1.503059e-10,4.536157e-09,3.847831e-08
1406926848,7674687,11255414784,285781379,1.508800e-01,6.248770e-02,9.908163e-11,1.514040e-10,4.351834e-09,3.875943e-08
1407188992,7677466,11257511936,285834653,1.508803e-01,6.248752e-02,9.381385e-11,1.558365e-10,4.120463e-09,3.989414e-08
1407451136,7680559,11259609088,285887869,1.508807e-01,6.248738e-02,8.618195e-11,1.592028e-10,3.785258e-09,4.075591e-08
1407713280,7681776,11261706240,285940988,1.508808e-01,6.248758e-02,8.452994e-11,1.543519e-10,3.712699e-09,3.951408e-08
1407975424,7681808,11263803392,285994446,1.508807e-01,6.248746e-02,8.645884e-11,1.572347e-10,3.797419e-09,4.025209e-08
1408237568,7681824,11265900544,286047514,1.508805e-01,6.248729e-02,9.066548e-11,1.614670e-10,3.982181e-09,4.133554e-08
1408499712,7681882,11267997696,286100715,1.508805e-01,6.248751e-02,9.094947e-11,1.560225e-10,3.994655e-09,3.994177e-08
1408761856,7682053,11270094848,286153965,1.508806e-01,6.248722e-02,8.897083e-11,1.633660e-10,3.907750e-09,4.182170e-08
1409024000,7682080,11272192000,286207223,1.508807e-01,6.248674e-02,8.645884e-11,1.757827e-10,3.797419e-09,4.500038e-08
1409286144,7682754,11274289152,286260745,1.508808e-01,6.248689e-02,8.480416e-11,1.717560e-10,3.724743e-09,4.396954e-08
1409548288,7682802,11276386304,286314144,1.508813e-01,6.248726e-02,7.521184e-11,1.623202e-10,3.303432e-09,4.155396e-08
1409810432,7682805,11278483456,286367428,1.508811e-01,6.248749e-02,7.860934e-11,1.563950e-10,3.452655e-09,4.003713e-08
1410072576,7682810,11280580608,286420938,1.508807e-01,6.248705e-02,8.618195e-11,1.677759e-10,3.785258e-09,4.295064e-08
1410334720,7683346,11282677760,286474713,1.508808e-01,6.248723e-02,8.507883e-11,1.631756e-10,3.736806e-09,4.177295e-08
1410596864,7683427,11284774912,286528019,1.508804e-01,6.248729e-02,9.180412e-11,1.616564e-10,4.032193e-09,4.138403e-08
1410859008,7683630,11286872064,286581822,1.508805e-01,6.248729e-02,9.038192e-11,1.614670e-10,3.969728e-09,4.133554e-08
1411121152,7683798,11288969216,286634846,1.508808e-01,6.248697e-02,8.370993e-11,1.699058e-10,3.676682e-09,4.349588e-08
1411383296,7683987,11291066368,286688138,1.508808e-01,6.248696e-02,8.535395e-11,1.701001e-10,3.748890e-09,4.354562e-08
1411645440,7684039,11293163520,286741019,1.508800e-01,6.248676e-02,9.908163e-11,1.753878e-10,4.351834e-09,4.489928e-08
1411907584,7684259,11295260672,286793750,1.508794e-01,6.248646e-02,1.113030e-10,1.832695e-10,4.888615e-09,4.691698e-08
1412169728,7684296,11297357824,286847175,1.508792e-01,6.248654e-02,1.157483e-10,1.811574e-10,5.083862e-09,4.637630e-08
1412431872,7684589,11299454976,286900837,1.508799e-01,6.248685e-02,1.020704e-10,1.728318e-10,4.483103e-09,4.424493e-08
1412694016,7685146,11301552128,286953557,1.508794e-01,6.248649e-02,1.122482e-10,1.824634e-10,4.930132e-09,4.671064e-08
1412956160,7685239,11303649280,287006395,1.508792e-01,6.248647e-02,1.160692e-10,1.829670e-10,5.097955e-09,4.683955e-08
1413218304,7685466,11305746432,287059765,1.508788e-01,6.248651e-02,1.249001e-10,1.819606e-10,5.485825e-09,4.658191e-08
1413480448,7685491,11307843584,287112302,1.508787e-01,6.248635e-02,1.285907e-10,1.862062e-10,5.647921e-09,4.766878e-08
1413742592,7685757,11309940736,287165464,1.508789e-01,6.248653e-02,1.239029e-10,1.815588e-10,5.442025e-09,4.647905e-08
1414004736,7685925,11312037888,287218262,1.508786e-01,6.248611e-02,1.292675e-10,1.928733e-10,5.677648e-09,4.937556e-08
1414266880,7685939,11314135040,287272003,1.508783e-01,6.248604e-02,1.375275e-10,1.949483e-10,6.040443e-09,4.990676e-08
1414529024,7686115,11316232192,287325190,1.508786e-01,6.248618e-02,1.296065e-10,1.910153e-10,5.692540e-09,4.889991e-08
1414791168,7686422,11318329344,287378814,1.508788e-01,6.248634e-02,1.252334e-10,1.866131e-10,5.500462e-09,4.777295e-08
1415053312,7686607,11320426496,287432404,1.508791e-01,6.248640e-02,1.180036e-10,1.849881e-10,5.182919e-09,4.735697e-08
1415315456,7686712,11322523648,287485436,1.508788e-01,6.248619e-02,1.255671e-10,1.907065e-10,5.515121e-09,4.882085e-08
1415577600,7686802,11324620800,287539322,1.508789e-01,6.248620e-02,1.222498e-10,1.905007e-10,5.369417e-09,4.876819e-08
1415839744,7686838,11326717952,287591938,1.508784e-01,6.248638e-02,1.350919e-10,1.853937e-10,5.933468e-09,4.746079e-08
1416101888,7687308,11328815104,287645037,1.508781e-01,6.248637e-02,1.421085e-10,1.856982e-10,6.241649e-09,4.753873e-08
1416364032,7688614,11330912256,287698397,1.508780e-01,6.248632e-02,1.438905e-10,1.870204e-10,6.319913e-09,4.787723e-08
1416626176,7689579,11333009408,287751236,1.508780e-01,6.248623e-02,1.438905e-10,1.896790e-10,6.319913e-09,4.855781e-08
1416888320,7690173,11335106560,287804098,1.508780e-01,6.248614e-02,1.442482e-10,1.921496e-10,6.335624e-09,4.919031e-08
1417150464,7691167,11337203712,287857620,1.508779e-01,6.248626e-02,1.453240e-10,1.887566e-10,6.382876e-09,4.832168e-08
1417412608,7693705,11339300864,287911095,1.508781e-01,6.248632e-02,1.406910e-10,1.872242e-10,6.179388e-09,4.792941e-08
1417674752,7695086,11341398016,287964701,1.508781e-01,6.248648e-02,1.421085e-10,1.827655e-10,6.241649e-09,4.678796e-08
1417936896,7700096,11343495168,288017821,1.508777e-01,6.248624e-02,1.511291e-10,1.893712e-10,6.637848e-09,4.847904e-08
1418199040,7711839,11345592320,288071572,1.508775e-01,6.248589e-02,1.563019e-10,1.990265e-10,6.865043e-09,5.095078e-08
1418461184,7722659,11347689472,288125369,1.508781e-01,6.248603e-02,1.424640e-10,1.950523e-10,6.257262e-09,4.993339e-08
1418723328,7724719,11349786624,288178085,1.508775e-01,6.248576e-02,1.551861e-10,2.027223e-10,6.816037e-09,5.189692e-08
1418985472,7734819,11351883776,288231317,1.508774e-01,6.248561e-02,1.592968e-10,2.072023e-10,6.996586e-09,5.304378e-08
1419247616,7735703,11353980928,288284692,1.508774e-01,6.248580e-02,1.592968e-10,2.017687e-10,6.996586e-09,5.165279e-08
1419509760,7737119,11356078080,288337605,1.508765e-01,6.248559e-02,1.830678e-10,2.075241e-10,8.040647e-09,5.312618e-08
1419771904,7737769,11358175232,288391673,1.508768e-01,6.248551e-02,1.739109e-10,2.098921e-10,7.638461e-09,5.373238e-08
1420034048,7740857,11360272384,288444748,1.508767e-01,6.248536e-02,1.762770e-10,2.143410e-10,7.742385e-09,5.487131e-08
1420296192,7742561,11362369536,288497637,1.508768e-01,6.248555e-02,1.731257e-10,2.089218e-10,7.603976e-09,5.348397e-08
1420558336,7744548,11364466688,288550728,1.508765e-01,6.248519e-02,1.810572e-10,2.193881e-10,7.952338e-09,5.616334e-08
1420820480,7745163,11366563840,288603940,1.508763e-01,6.248523e-02,1.863079e-10,2.181758e-10,8.182958e-09,5.585301e-08
1421082624,7745839,11368660992,288657568,1.508766e-01,6.248520e-02,1.802560e-10,2.190571e-10,7.917151e-09,5.607862e-08
1421344768,7748471,11370758144,288710304,1.508761e-01,6.248476e-02,1.932874e-10,2.321490e-10,8.489510e-09,5.943015e-08
1421606912,7748567,11372855296,288763494,1.508759e-01,6.248473e-02,1.999736e-10,2.330581e-10,8.783180e-09,5.966287e-08
1421869056,7775184,11374952448,288816642,1.508758e-01,6.248476e-02,2.025102e-10,2.322626e-10,8.894594e-09,5.945921e-08
1422131200,7777516,11377049600,288869936,1.508759e-01,6.248466e-02,1.987113e-10,2.353385e-10,8.727737e-09,6.024665e-08
1422393344,7778319,11379146752,288923013,1.508764e-01,6.248492e-02,1.859013e-10,2.274056e-10,8.165101e-09,5.821585e-08
1422655488,7793814,11381243904,288976489,1.508764e-01,6.248530e-02,1.859013e-10,2.161994e-10,8.165101e-09,5.534705e-08
1422917632,7799023,11383341056,289029366,1.508760e-01,6.248540e-02,1.961986e-10,2.131429e-10,8.617376e-09,5.456457e-08
1423179776,7813040,11385438208,289082390,1.508761e-01,6.248563e-02,1.932874e-10,2.065593e-10,8.489510e-09,5.287917e-08
1423441920,7813858,11387535360,289135929,1.508764e-01,6.248530e-02,1.854952e-10,2.159804e-10,8.147263e-09,5.529097e-08
1423704064,7814354,11389632512,289189326,1.508766e-01,6.248540e-02,1.806564e-10,2.131429e-10,7.934735e-09,5.456457e-08
1423966208,7814508,11391729664,289241984,1.508766e-01,6.248548e-02,1.782610e-10,2.107565e-10,7.829525e-09,5.395367e-08
1424228352,7815190,11393826816,289294901,1.508770e-01,6.248562e-02,1.680656e-10,2.067735e-10,7.381725e-09,5.293401e-08
1424490496,7815654,11395923968,289347653,1.508765e-01,6.248538e-02,1.814584e-10,2.136871e-10,7.969962e-09,5.470389e-08
1424752640,7815931,11398021120,289400905,1.508763e-01,6.248561e-02,1.883473e-10,2.070950e-10,8.272536e-09,5.301633e-08
1425014784,7816994,11400118272,289453816,1.508756e-01,6.248540e-02,2.063452e-10,2.130341e-10,9.063029e-09,5.453673e-08
1425276928,7817654,11402215424,289506775,1.508753e-01,6.248522e-02,2.167475e-10,2.183960e-10,9.519918e-09,5.590937e-08
1425539072,7817766,11404312576,289560557,1.508761e-01,6.248573e-02,1.916336e-10,2.036782e-10,8.416873e-09,5.214162e-08
1425801216,7817838,11406409728,289614129,1.508754e-01,6.248540e-02,2.132516e-10,2.131429e-10,9.366374e-09,5.456457e-08
1426063360,7818021,11408506880,289666475,1.508748e-01,6.248516e-02,2.319220e-10,2.201612e-10,1.018641e-08,5.636128e-08
1426325504,7818083,11410604032,289718929,1.508739e-01,6.248479e-02,2.604337e-10,2.312417e-10,1.143869e-08,5.919789e-08
1426587648,7818393,11412701184,289772128,1.508739e-01,6.248470e-02,2.599529e-10,2.341969e-10,1.141758e-08,5.995440e-08
1426849792,7818669,11414798336,289824988,1.508738e-01,6.248450e-02,2.618785e-10,2.402789e-10,1.150215e-08,6.151140e-08
1427111936,7818698,11416895488,289878055,1.508737e-01,6.248455e-02,2.642955e-10,2.385497e-10,1.160831e-08,6.106872e-08
1427374080,7818749,11418992640,289931087,1.508740e-01,6.248454e-02,2.551701e-10,2.391254e-10,1.120751e-08,6.121610e-08
1427636224,7819303,11421089792,289983761,1.508738e-01,6.248442e-02,2.633274e-10,2.427104e-10,1.156578e-08,6.213385e-08
1427898368,7819633,11423186944,290037334,1.508738e-01,6.248448e-02,2.633274e-10,2.408567e-10,1.156578e-08,6.165932e-08
1428160512,7819958,11425284096,290090104,1.508738e-01,6.248435e-02,2.638112e-10,2.448042e-10,1.158704e-08,6.266987e-08
1428422656,7820615,11427381248,290143101,1.508736e-01,6.248407e-02,2.681857e-10,2.538626e-10,1.177917e-08,6.498882e-08
1428684800,7820749,11429478400,290196217,1.508733e-01,6.248390e-02,2.790304e-10,2.591127e-10,1.225549e-08,6.633286e-08
1428946944,7820970,11431575552,290249011,1.508734e-01,6.248377e-02,2.760514e-10,2.635692e-10,1.212465e-08,6.747372e-08
1429209088,7821054,11433672704,290302402,1.508732e-01,6.248335e-02,2.825260e-10,2.772907e-10,1.240902e-08,7.098642e-08
1429471232,7821188,11435769856,290356404,1.508736e-01,6.248345e-02,2.676979e-10,2.738277e-10,1.175774e-08,7.009989e-08
1429733376,7821194,11437867008,290410263,1.508741e-01,6.248379e-02,2.537439e-10,2.627232e-10,1.114486e-08,6.725713e-08
1429995520,7821401,11439964160,290463933,1.508738e-01,6.248368e-02,2.623610e-10,2.663586e-10,1.152334e-08,6.818780e-08
1430257664,7821734,11442061312,290517619,1.508748e-01,6.248355e-02,2.314684e-10,2.707541e-10,1.016649e-08,6.931305e-08
1430519808,7822333,11444158464,290570990,1.508751e-01,6.248372e-02,2.229337e-10,2.651440e-10,9.791626e-09,6.787687e-08
1430781952,7822399,11446255616,290623815,1.508750e-01,6.248385e-02,2.260594e-10,2.609148e-10,9.928912e-09,6.679420e-08
1431044096,7822417,11448352768,290677505,1.508755e-01,6.248382e-02,2.089218e-10,2.618785e-10,9.176199e-09,6.704090e-08
1431306240,7822480,11450449920,290730960,1.508757e-01,6.248399e-02,2.046363e-10,2.562424e-10,8.987974e-09,6.559804e-08
1431568384,7822522,11452547072,290784272,1.508760e-01,6.248400e-02,1.953646e-10,2.561231e-10,8.580745e-09,6.556752e-08
1431830528,7822847,11454644224,290837293,1.508758e-01,6.248429e-02,2.008174e-10,2.466729e-10,8.820240e-09,6.314826e-08
1432092672,7822891,11456741376,290890881,1.508759e-01,6.248442e-02,1.982914e-10,2.425943e-10,8.709295e-09,6.210414e-08
1432354816,7822930,11458838528,290943877,1.508761e-01,6.248436e-02,1.941169e-10,2.445711e-10,8.525946e-09,6.261020e-08
1432616960,7823061,11460935680,290997961,1.508767e-01,6.248450e-02,1.766729e-10,2.401634e-10,7.759773e-09,6.148184e-08
1432879104,7823119,11463032832,291051356,1.508769e-01,6.248445e-02,1.711706e-10,2.417826e-10,7.518104e-09,6.189636e-08
1433141248,7823125,11465129984,291104530,1.508767e-01,6.248434e-02,1.754865e-10,2.453874e-10,7.707666e-09,6.281917e-08
1433403392,7823573,11467227136,291158085,1.508764e-01,6.248427e-02,1.859013e-10,2.473755e-10,8.165101e-09,6.332813e-08
1433665536,7823639,11469324288,291210929,1.508761e-01,6.248403e-02,1.924596e-10,2.550511e-10,8.453153e-09,6.529308e-08
1433927680,7823673,11471421440,291264689,1.508765e-01,6.248421e-02,1.818601e-10,2.492540e-10,7.987603e-09,6.380903e-08
1434189824,7823996,11473518592,291318418,1.508772e-01,6.248464e-02,1.634612e-10,2.357959e-10,7.179495e-09,6.036375e-08
1434451968,7824058,11475615744,291371431,1.508774e-01,6.248502e-02,1.592968e-10,2.242706e-10,6.996586e-09,5.741327e-08
1434714112,7824167,11477712896,291424358,1.508769e-01,6.248479e-02,1.715608e-10,2.313551e-10,7.535240e-09,5.922690e-08
1434976256,7824168,11479810048,291477539,1.508764e-01,6.248468e-02,1.846843e-10,2.346532e-10,8.111646e-09,6.007122e-08
1435238400,7824311,11481907200,291530771,1.508766e-01,6.248484e-02,1.786591e-10,2.298842e-10,7.847010e-09,5.885035e-08
1435500544,7824370,11484004352,291584209,1.508778e-01,6.248498e-02,1.496672e-10,2.256115e-10,6.573635e-09,5.775655e-08
1435762688,7824415,11486101504,291638284,1.508781e-01,6.248530e-02,1.403377e-10,2.160899e-10,6.163873e-09,5.531901e-08
1436024832,7824420,11488198656,291691320,1.508777e-01,6.248547e-02,1.514957e-10,2.110812e-10,6.653948e-09,5.403678e-08
1436286976,7824647,11490295808,291744766,1.508777e-01,6.248567e-02,1.514957e-10,2.053831e-10,6.653948e-09,5.257806e-08
1436549120,7824681,11492392960,291798229,1.508778e-01,6.248575e-02,1.493028e-10,2.030407e-10,6.557633e-09,5.197842e-08
1436811264,7824734,11494490112,291850836,1.508776e-01,6.248564e-02,1.544445e-10,2.063452e-10,6.783463e-09,5.282436e-08
1437073408,7824750,11496587264,291903663,1.508769e-01,6.248527e-02,1.703917e-10,2.169669e-10,7.483894e-09,5.554354e-08
1437335552,7825267,11498684416,291956731,1.508773e-01,6.248561e-02,1.600500e-10,2.072023e-10,7.029667e-09,5.304378e-08
1437597696,7825420,11500781568,292009963,1.508778e-01,6.248555e-02,1.478497e-10,2.087064e-10,6.493811e-09,5.342885e-08
1437859840,7825491,11502878720,292062955,1.508775e-01,6.248524e-02,1.566747e-10,2.177358e-10,6.881418e-09,5.574038e-08
1438121984,7825631,11504975872,292115955,1.508776e-01,6.248538e-02,1.533353e-10,2.136871e-10,6.734748e-09,5.470389e-08
1438384128,7825730,11507073024,292169286,1.508777e-01,6.248527e-02,1.500320e-10,2.168572e-10,6.589659e-09,5.551545e-08
1438646272,7825805,11509170176,292222061,1.508771e-01,6.248540e-02,1.661393e-10,2.132516e-10,7.297122e-09,5.459242e-08
1438908416,7826444,11511267328,292274950,1.508772e-01,6.248517e-02,1.627001e-10,2.198297e-10,7.146064e-09,5.627641e-08
1439170560,7830847,11513364480,292328845,1.508776e-01,6.248530e-02,1.533353e-10,2.159804e-10,6.734748e-09,5.529097e-08
1439432704,7834838,11515461632,292382000,1.508772e-01,6.248548e-02,1.634612e-10,2.108647e-10,7.179495e-09,5.398137e-08
1439694848,7841271,11517558784,292435626,1.508775e-01,6.248579e-02,1.566747e-10,2.018746e-10,6.881418e-09,5.167989e-08
1439956992,7842194,11519655936,292489114,1.508776e-01,6.248587e-02,1.540743e-10,1.997629e-10,6.767205e-09,5.113931e-08
1440219136,7848670,11521753088,292542234,1.508775e-01,6.248568e-02,1.563019e-10,2.051696e-10,6.865043e-09,5.252341e-08
1440481280,7855980,11523850240,292596054,1.508779e-01,6.248583e-02,1.464038e-10,2.009230e-10,6.430302e-09,5.143628e-08
1440743424,7856298,11525947392,292649350,1.508783e-01,6.248605e-02,1.378773e-10,1.947403e-10,6.055804e-09,4.985351e-08
1441005568,7859237,11528044544,292701853,1.508775e-01,6.248582e-02,1.551861e-10,2.010286e-10,6.816037e-09,5.146332e-08
1441267712,7860478,11530141696,292754417,1.508773e-01,6.248567e-02,1.623202e-10,2.053831e-10,7.129377e-09,5.257806e-08
1441529856,7860508,11532238848,292808317,1.508779e-01,6.248586e-02,1.456835e-10,2.000790e-10,6.398666e-09,5.122022e-08
1441792000,7860538,11534336000,292861511,1.508780e-01,6.248579e-02,1.442482e-10,2.018746e-10,6.335624e-09,5.167989e-08
1442054144,7860562,11536433152,292915138,1.508784e-01,6.248588e-02,1.333655e-10,1.994471e-10,5.857641e-09,5.105847e-08
1442316288,7860722,11538530304,292968516,1.508786e-01,6.248596e-02,1.292675e-10,1.972436e-10,5.677648e-09,5.049436e-08
1442578432,7860734,11540627456,293022188,1.508788e-01,6.248590e-02,1.262359e-10,1.989214e-10,5.544496e-09,5.092387e-08
1442840576,7861408,11542724608,293075259,1.508784e-01,6.248584e-02,1.333655e-10,2.003953e-10,5.857641e-09,5.130119e-08
1443102720,7861442,11544821760,293128000,1.508783e-01,6.248588e-02,1.361331e-10,1.993419e-10,5.979197e-09,5.103153e-08
1443364864,7861445,11546918912,293180852,1.508786e-01,6.248609e-02,1.306264e-10,1.933910e-10,5.737333e-09,4.950809e-08
1443627008,7861548,11549016064,293234007,1.508790e-01,6.248617e-02,1.206077e-10,1.913243e-10,5.297297e-09,4.897902e-08
1443889152,7862058,11551113216,293286693,1.508790e-01,6.248628e-02,1.215916e-10,1.882451e-10,5.340511e-09,4.819075e-08
1444151296,7862112,11553210368,293339958,1.508791e-01,6.248633e-02,1.183276e-10,1.869185e-10,5.197147e-09,4.785115e-08
1444413440,7862446,11555307520,293393123,1.508793e-01,6.248679e-02,1.138325e-10,1.745993e-10,4.999716e-09,4.469743e-08
1444675584,7862494,11557404672,293446834,1.508794e-01,6.248698e-02,1.131975e-10,1.696145e-10,4.971825e-09,4.342132e-08
1444937728,7862615,11559501824,293500156,1.508790e-01,6.248667e-02,1.199540e-10,1.775653e-10,5.268585e-09,4.545672e-08
1445199872,7862716,11561598976,293553319,1.508790e-01,6.248666e-02,1.202807e-10,1.779627e-10,5.282931e-09,4.555844e-08
1445462016,7862999,11563696128,293606838,1.508788e-01,6.248658e-02,1.255671e-10,1.801560e-10,5.515121e-09,4.611994e-08
1445724160,7863059,11565793280,293660228,1.508788e-01,6.248671e-02,1.262359e-10,1.766729e-10,5.544496e-09,4.522826e-08
1445986304,7863321,11567890432,293713009,1.508782e-01,6.248656e-02,1.389291e-10,1.807565e-10,6.102001e-09,4.627367e-08
1446248448,7863845,11569987584,293766386,1.508782e-01,6.248651e-02,1.396325e-10,1.818601e-10,6.132898e-09,4.655618e-08
1446510592,7863868,11572084736,293819693,1.508783e-01,6.248685e-02,1.364810e-10,1.728318e-10,5.994480e-09,4.424493e-08
1446772736,7864029,11574181888,293872510,1.508784e-01,6.248701e-02,1.337099e-10,1.688392e-10,5.872767e-09,4.322283e-08
1447034880,7864174,11576279040,293925661,1.508786e-01,6.248716e-02,1.299461e-10,1.647976e-10,5.707452e-09,4.218818e-08
1447297024,7864347,11578376192,293979199,1.508788e-01,6.248743e-02,1.245672e-10,1.579830e-10,5.471205e-09,4.044365e-08
1447559168,7864563,11580473344,294033190,1.508791e-01,6.248772e-02,1.176801e-10,1.507630e-10,5.168709e-09,3.859532e-08
1447821312,7864618,11582570496,294086298,1.508797e-01,6.248794e-02,1.063292e-10,1.455037e-10,4.670158e-09,3.724894e-08
1448083456,7864818,11584667648,294139963,1.508797e-01,6.248785e-02,1.051035e-10,1.475781e-10,4.616324e-09,3.777999e-08
1448345600,7865141,11586764800,294193856,1.508802e-01,6.248770e-02,9.526269e-11,1.512207e-10,4.184099e-09,3.871250e-08
1448607744,7865243,11588861952,294246231,1.508801e-01,6.248771e-02,9.848922e-11,1.509460e-10,4.325813e-09,3.864217e-08
1448869888,7865409,11590959104,294299468,1.508798e-01,6.248756e-02,1.041889e-10,1.547224e-10,4.576152e-09,3.960892e-08
1449132032,7865521,11593056256,294352268,1.508791e-01,6.248748e-02,1.176801e-10,1.568612e-10,5.168709e-09,4.015648e-08
1449394176,7865524,11595153408,294405257,1.508790e-01,6.248735e-02,1.202807e-10,1.601442e-10,5.282931e-09,4.099693e-08
1449656320,7866030,11597250560,294459342,1.508795e-01,6.248715e-02,1.091129e-10,1.651804e-10,4.792426e-09,4.228617e-08
1449918464,7867308,11599347712,294512409,1.508797e-01,6.248743e-02,1.051035e-10,1.580767e-10,4.616324e-09,4.046763e-08
1450180608,7868274,11601444864,294565693,1.508797e-01,6.248759e-02,1.063292e-10,1.538894e-10,4.670158e-09,3.939569e-08
1450442752,7868855,11603542016,294618792,1.508794e-01,6.248777e-02,1.113030e-10,1.494849e-10,4.888615e-09,3.826814e-08
1450704896,7869907,11605639168,294671616,1.508788e-01,6.248767e-02,1.242348e-10,1.520464e-10,5.456605e-09,3.892389e-08
1450967040,7873747,11607736320,294724893,1.508787e-01,6.248745e-02,1.285907e-10,1.575151e-10,5.647921e-09,4.032387e-08
1451229184,7875093,11609833472,294777721,1.508784e-01,6.248704e-02,1.344000e-10,1.679690e-10,5.903078e-09,4.300006e-08
1451491328,7878755,11611930624,294831021,1.508781e-01,6.248692e-02,1.421085e-10,1.711706e-10,6.241649e-09,4.381968e-08
1451753472,7890519,11614027776,294884244,1.508781e-01,6.248668e-02,1.421085e-10,1.773668e-10,6.241649e-09,4.540590e-08
1452015616,7901367,11616124928,294937491,1.508783e-01,6.248704e-02,1.368294e-10,1.680656e-10,6.009782e-09,4.302478e-08
1452277760,7903254,11618222080,294991081,1.508781e-01,6.248704e-02,1.424640e-10,1.679690e-10,6.257262e-09,4.300006e-08
1452539904,7913395,11620319232,295044397,1.508783e-01,6.248710e-02,1.357856e-10,1.663314e-10,5.963934e-09,4.258085e-08
1452802048,7917314,11622416384,295097582,1.508781e-01,6.248723e-02,1.406910e-10,1.630804e-10,6.179388e-09,4.174859e-08
1453064192,7918936,11624513536,295150279,1.508778e-01,6.248716e-02,1.493028e-10,1.649889e-10,6.557633e-09,4.223716e-08
1453326336,7919172,11626610688,295203213,1.508775e-01,6.248721e-02,1.551861e-10,1.636518e-10,6.816037e-09,4.189486e-08
1453588480,7919523,11628707840,295256476,1.508774e-01,6.248734e-02,1.574216e-10,1.603329e-10,6.914225e-09,4.104522e-08
1453850624,7921207,11630804992,295310514,1.508777e-01,6.248738e-02,1.518627e-10,1.592968e-10,6.670069e-09,4.077998e-08
1454112768,7923187,11632902144,295364061,1.508782e-01,6.248735e-02,1.399849e-10,1.601442e-10,6.148375e-09,4.099693e-08
1454374912,7923655,11634999296,295417625,1.508781e-01,6.248719e-02,1.410447e-10,1.642242e-10,6.194924e-09,4.204139e-08
1454637056,7924584,11637096448,295470612,1.508781e-01,6.248711e-02,1.406910e-10,1.660433e-10,6.179388e-09,4.250709e-08
1454899200,7927034,11639193600,295523721,1.508784e-01,6.248725e-02,1.337099e-10,1.626051e-10,5.872767e-09,4.162689e-08
1455161344,7927195,11641290752,295576381,1.508783e-01,6.248739e-02,1.364810e-10,1.589209e-10,5.994480e-09,4.068374e-08
1455423488,7956213,11643387904,295629535,1.508781e-01,6.248742e-02,1.417535e-10,1.582641e-10,6.226055e-09,4.051561e-08
1455685632,7956757,11645485056,295682907,1.508784e-01,6.248753e-02,1.347458e-10,1.554647e-10,5.918263e-09,3.979895e-08
1455947776,7956950,11647582208,295735863,1.508780e-01,6.248742e-02,1.431764e-10,1.581704e-10,6.288549e-09,4.049161e-08
1456209920,7972550,11649679360,295789196,1.508780e-01,6.248713e-02,1.431764e-10,1.656595e-10,6.288549e-09,4.240883e-08
1456472064,7977654,11651776512,295842344,1.508778e-01,6.248721e-02,1.485754e-10,1.635565e-10,6.525683e-09,4.187047e-08
1456734208,7994550,11653873664,295896128,1.508780e-01,6.248735e-02,1.435332e-10,1.601442e-10,6.304222e-09,4.099693e-08
1456996352,7995422,11655970816,295949224,1.508782e-01,6.248728e-02,1.385780e-10,1.618459e-10,6.086583e-09,4.143255e-08
1457258496,7995918,11658067968,296002158,1.508780e-01,6.248719e-02,1.442482e-10,1.640333e-10,6.335624e-09,4.199252e-08
1457520640,7996092,11660165120,296055353,1.508780e-01,6.248724e-02,1.428200e-10,1.628902e-10,6.272896e-09,4.169989e-08
1457782784,7996502,11662262272,296108777,1.508783e-01,6.248729e-02,1.368294e-10,1.615617e-10,6.009782e-09,4.135978e-08
1458044928,7996774,11664359424,296162301,1.508783e-01,6.248712e-02,1.375275e-10,1.658513e-10,6.040443e-09,4.245794e-08
1458307072,7997179,11666456576,296215363,1.508777e-01,6.248694e-02,1.507630e-10,1.704890e-10,6.621765e-09,4.364518e-08
1458569216,7997521,11668553728,296268462,1.508777e-01,6.248691e-02,1.518627e-10,1.712681e-10,6.670069e-09,4.384464e-08
1458831360,7998575,11670650880,296322255,1.508782e-01,6.248705e-02,1.399849e-10,1.677759e-10,6.148375e-09,4.295064e-08
1459093504,7999164,11672748032,296375502,1.508780e-01,6.248687e-02,1.438905e-10,1.724402e-10,6.319913e-09,4.414469e-08
1459355648,7999460,11674845184,296428533,1.508780e-01,6.248691e-02,1.449649e-10,1.714632e-10,6.367106e-09,4.389458e-08
1459617792,7999700,11676942336,296481748,1.508785e-01,6.248679e-02,1.309672e-10,1.745009e-10,5.752304e-09,4.467223e-08
1459879936,7999714,11679039488,296535144,1.508784e-01,6.248693e-02,1.337099e-10,1.707809e-10,5.872767e-09,4.371992e-08
1460142080,7999912,11681136640,296587679,1.508780e-01,6.248663e-02,1.449649e-10,1.788583e-10,6.367106e-09,4.578773e-08
1460404224,8000296,11683233792,296641330,1.508783e-01,6.248695e-02,1.375275e-10,1.702945e-10,6.040443e-09,4.359538e-08
1460666368,8000307,11685330944,296694294,1.508786e-01,6.248708e-02,1.289289e-10,1.668122e-10,5.662775e-09,4.270393e-08
1460928512,8000433,11687428096,296748175,1.508787e-01,6.248707e-02,1.269065e-10,1.672937e-10,5.573948e-09,4.282720e-08
1461190656,8000869,11689525248,296801258,1.508786e-01,6.248713e-02,1.302860e-10,1.655636e-10,5.722382e-09,4.238429e-08
1461452800,8001048,11691622400,296855015,1.508787e-01,6.248702e-02,1.282530e-10,1.684521e-10,5.633089e-09,4.312375e-08
1461714944,8001141,11693719552,296908439,1.508792e-01,6.248734e-02,1.170344e-10,1.602385e-10,5.140349e-09,4.102107e-08
1461977088,8001559,11695816704,296962219,1.508789e-01,6.248731e-02,1.232403e-10,1.609939e-10,5.412924e-09,4.121445e-08
1462239232,8001655,11697913856,297015658,1.508793e-01,6.248745e-02,1.138325e-10,1.576086e-10,4.999716e-09,4.034781e-08
1462501376,8002161,11700011008,297068814,1.508794e-01,6.248743e-02,1.128806e-10,1.578894e-10,4.957907e-09,4.041968e-08
1462763520,8002513,11702108160,297121836,1.508786e-01,6.248726e-02,1.306264e-10,1.624151e-10,5.737333e-09,4.157826e-08
1463025664,8002520,11704205312,297175064,1.508787e-01,6.248720e-02,1.269065e-10,1.638425e-10,5.573948e-09,4.194368e-08
1463287808,8002674,11706302464,297228263,1.508783e-01,6.248721e-02,1.361331e-10,1.636518e-10,5.979197e-09,4.189486e-08
1463549952,8002727,11708399616,297280954,1.508781e-01,6.248715e-02,1.413989e-10,1.651804e-10,6.210480e-09,4.228617e-08
1463812096,8002784,11710496768,297334417,1.508780e-01,6.248709e-02,1.428200e-10,1.666198e-10,6.272896e-09,4.265468e-08
1464074240,8002891,11712593920,297387384,1.508782e-01,6.248709e-02,1.399849e-10,1.667160e-10,6.148375e-09,4.267930e-08
1464336384,8003367,11714691072,297440844,1.508779e-01,6.248719e-02,1.464038e-10,1.641287e-10,6.430302e-09,4.201695e-08
1464598528,8003447,11716788224,297494395,1.508783e-01,6.248720e-02,1.364810e-10,1.637471e-10,5.994480e-09,4.191927e-08
1464860672,8004005,11718885376,297548145,1.508779e-01,6.248682e-02,1.464038e-10,1.738126e-10,6.430302e-09,4.449604e-08
1465122816,8004044,11720982528,297601675,1.508781e-01,6.248702e-02,1.417535e-10,1.684521e-10,6.226055e-09,4.312375e-08
1465384960,8004084,11723079680,297654949,1.508778e-01,6.248703e-02,1.482123e-10,1.682588e-10,6.509737e-09,4.307425e-08
1465647104,8004099,11725176832,297707858,1.508778e-01,6.248690e-02,1.496672e-10,1.716584e-10,6.573635e-09,4.394454e-08
1465909248,8004506,11727273984,297761057,1.508774e-01,6.248672e-02,1.585454e-10,1.762770e-10,6.963583e-09,4.512691e-08
1466171392,8004514,11729371136,297813411,1.508770e-01,6.248687e-02,1.684521e-10,1.723424e-10,7.398705e-09,4.411964e-08
1466433536,8004600,11731468288,297866709,1.508767e-01,6.248682e-02,1.774660e-10,1.737144e-10,7.794610e-09,4.447089e-08
1466695680,8004808,11733565440,297919955,1.508767e-01,6.248686e-02,1.774660e-10,1.725380e-10,7.794610e-09,4.416974e-08
1466957824,8004912,11735662592,297973133,1.508766e-01,6.248685e-02,1.802560e-10,1.730277e-10,7.917151e-09,4.429510e-08
1467219968,8005181,11737759744,298026064,1.508763e-01,6.248681e-02,1.867149e-10,1.741075e-10,8.200834e-09,4.457151e-08
1467482112,8005259,11739856896,298079512,1.508761e-01,6.248678e-02,1.924596e-10,1.748948e-10,8.453153e-09,4.477307e-08
1467744256,8005282,11741954048,298132481,1.508759e-01,6.248659e-02,1.978719e-10,1.797562e-10,8.690871e-09,4.601759e-08
1468006400,8005590,11744051200,298185633,1.508757e-01,6.248644e-02,2.042102e-10,1.838751e-10,8.969259e-09,4.707204e-08
1468268544,8005648,11746148352,298239038,1.508755e-01,6.248661e-02,2.097842e-10,1.792571e-10,9.214078e-09,4.588982e-08
1468530688,8005883,11748245504,298292437,1.508757e-01,6.248661e-02,2.050629e-10,1.792571e-10,9.006709e-09,4.588982e-08
1468792832,8005916,11750342656,298346169,1.508759e-01,6.248662e-02,1.995524e-10,1.790577e-10,8.764679e-09,4.583876e-08
1469054976,8005919,11752439808,298399274,1.508755e-01,6.248631e-02,2.093528e-10,1.875302e-10,9.195129e-09,4.800773e-08
1469317120,8005975,11754536960,298452456,1.508752e-01,6.248603e-02,2.193881e-10,1.951564e-10,9.635896e-09,4.996004e-08
1469579264,8006051,11756634112,298505665,1.508750e-01,6.248593e-02,2.247171e-10,1.978719e-10,9.869958e-09,5.065522e-08
1469841408,8006242,11758731264,298558651,1.508753e-01,6.248605e-02,2.145593e-10,1.946363e-10,9.423807e-09,4.982690e-08
1470103552,8006336,11760828416,298612076,1.508752e-01,6.248611e-02,2.180658e-10,1.929768e-10,9.577820e-09,4.940205e-08
1470365696,8006352,11762925568,298665067,1.508750e-01,6.248601e-02,2.251641e-10,1.956772e-10,9.889590e-09,5.009335e-08
1470627840,8006518,11765022720,298718445,1.508748e-01,6.248600e-02,2.314684e-10,1.958857e-10,1.016649e-08,5.014673e-08
1470889984,8006974,11767119872,298771879,1.508749e-01,6.248604e-02,2.292069e-10,1.949483e-10,1.006716e-08,4.990676e-08
1471152128,8007030,11769217024,298825070,1.508746e-01,6.248576e-02,2.364828e-10,2.028284e-10,1.038673e-08,5.192408e-08
1471414272,8007297,11771314176,298878014,1.508747e-01,6.248574e-02,2.323761e-10,2.033593e-10,1.020635e-08,5.205999e-08
1471676416,8007488,11773411328,298931655,1.508747e-01,6.248597e-02,2.337410e-10,1.968253e-10,1.026630e-08,5.038727e-08
1471938560,8007500,11775508480,298984617,1.508746e-01,6.248609e-02,2.383196e-10,1.933910e-10,1.046740e-08,4.950809e-08
1472200704,8007759,11777605632,299037384,1.508746e-01,6.248591e-02,2.360248e-10,1.983963e-10,1.036661e-08,5.078946e-08
1472462848,8008147,11779702784,299090775,1.508747e-01,6.248592e-02,2.346532e-10,1.982914e-10,1.030637e-08,5.076259e-08
1472724992,8013496,11781799936,299143943,1.508743e-01,6.248603e-02,2.462051e-10,1.950523e-10,1.081374e-08,4.993339e-08
1472987136,8014178,11783897088,299197648,1.508745e-01,6.248630e-02,2.406255e-10,1.876323e-10,1.056868e-08,4.803386e-08
1473249280,8019868,11785994240,299250695,1.508744e-01,6.248637e-02,2.420144e-10,1.857997e-10,1.062968e-08,4.756473e-08
1473511424,8021059,11788091392,299304294,1.508748e-01,6.248680e-02,2.319220e-10,1.742058e-10,1.018641e-08,4.459668e-08
1473773568,8027260,11790188544,299357766,1.508752e-01,6.248691e-02,2.198297e-10,1.712681e-10,9.655294e-09,4.384464e-08
1474035712,8034514,11792285696,299411761,1.508755e-01,6.248723e-02,2.089218e-10,1.631756e-10,9.176199e-09,4.177295e-08
1474297856,8037969,11794382848,299465264,1.508754e-01,6.248730e-02,2.115144e-10,1.613723e-10,9.290070e-09,4.131131e-08
1474560000,8038047,11796480000,299518776,1.508754e-01,6.248721e-02,2.136871e-10,1.635565e-10,9.385499e-09,4.187047e-08
1474822144,8039210,11798577152,299572465,1.508756e-01,6.248712e-02,2.067735e-10,1.659473e-10,9.081843e-09,4.248251e-08
1475084288,8039229,11800674304,299626005,1.508755e-01,6.248699e-02,2.110812e-10,1.693236e-10,9.271043e-09,4.334683e-08
1475346432,8039253,11802771456,299679111,1.508757e-01,6.248721e-02,2.054898e-10,1.634612e-10,9.025464e-09,4.184608e-08
1475608576,8039384,11804868608,299732763,1.508756e-01,6.248753e-02,2.063452e-10,1.554647e-10,9.063029e-09,3.979895e-08
1475870720,8039435,11806965760,299785567,1.508754e-01,6.248766e-02,2.119480e-10,1.523222e-10,9.309117e-09,3.899448e-08
1476132864,8039486,11809062912,299839206,1.508757e-01,6.248785e-02,2.042102e-10,1.476686e-10,8.969259e-09,3.780316e-08
1476395008,8040121,11811160064,299892783,1.508755e-01,6.248765e-02,2.102161e-10,1.525982e-10,9.233046e-09,3.906513e-08
1476657152,8040149,11813257216,299946400,1.508760e-01,6.248783e-02,1.961986e-10,1.482123e-10,8.617376e-09,3.794236e-08
1476919296,8040159,11815354368,299999650,1.508760e-01,6.248775e-02,1.970344e-10,1.500320e-10,8.654085e-09,3.840819e-08
1477181440,8040324,11817451520,300052727,1.508762e-01,6.248802e-02,1.908094e-10,1.436225e-10,8.380671e-09,3.676735e-08
1477443584,8040815,11819548672,300105875,1.508760e-01,6.248809e-02,1.957814e-10,1.417535e-10,8.599051e-09,3.628890e-08
1477705728,8040858,11821645824,300159286,1.508760e-01,6.248809e-02,1.957814e-10,1.417535e-10,8.599051e-09,3.628890e-08
1477967872,8041258,11823742976,300212440,1.508761e-01,6.248864e-02,1.916336e-10,1.290981e-10,8.416873e-09,3.304912e-08
1478230016,8041285,11825840128,300265581,1.508759e-01,6.248827e-02,1.987113e-10,1.375275e-10,8.727737e-09,3.520705e-08
1478492160,8041340,11827937280,300318854,1.508758e-01,6.248813e-02,2.003953e-10,1.407794e-10,8.801700e-09,3.603953e-08
1478754304,8041355,11830034432,300371932,1.508756e-01,6.248804e-02,2.080611e-10,1.430872e-10,9.138398e-09,3.663033e-08
1479016448,8041699,11832131584,300424897,1.508751e-01,6.248796e-02,2.207143e-10,1.448752e-10,9.694149e-09,3.708806e-08
1479278592,8041819,11834228736,300478440,1.508754e-01,6.248827e-02,2.115144e-10,1.376149e-10,9.290070e-09,3.522942e-08
1479540736,8042011,11836325888,300532085,1.508756e-01,6.248843e-02,2.080611e-10,1.337961e-10,9.138398e-09,3.425180e-08
1479802880,8042432,11838423040,300584919,1.508752e-01,6.248825e-02,2.180658e-10,1.381398e-10,9.577820e-09,3.536380e-08
1480065024,8042667,11840520192,300637566,1.508746e-01,6.248815e-02,2.369414e-10,1.403377e-10,1.040687e-08,3.592646e-08
1480327168,8042738,11842617344,300690997,1.508745e-01,6.248800e-02,2.406255e-10,1.439798e-10,1.056868e-08,3.685884e-08
1480589312,8042856,11844714496,300744182,1.508743e-01,6.248805e-02,2.457377e-10,1.427310e-10,1.079322e-08,3.653912e-08
1480851456,8043010,11846811648,300798313,1.508750e-01,6.248832e-02,2.238245e-10,1.363070e-10,9.830752e-09,3.489460e-08
1481113600,8043231,11848908800,300851412,1.508749e-01,6.248860e-02,2.269565e-10,1.300310e-10,9.968313e-09,3.328794e-08
1481375744,8043406,11851005952,300904520,1.508749e-01,6.248849e-02,2.278553e-10,1.325923e-10,1.000779e-08,3.394362e-08
1481637888,8043486,11853103104,300957556,1.508748e-01,6.248842e-02,2.305625e-10,1.340548e-10,1.012669e-08,3.431802e-08
1481900032,8043886,11855200256,301010744,1.508746e-01,6.248852e-02,2.369414e-10,1.318213e-10,1.040687e-08,3.374625e-08
1482162176,8043936,11857297408,301064741,1.508756e-01,6.248886e-02,2.080611e-10,1.241518e-10,9.138398e-09,3.178286e-08
1482424320,8044150,11859394560,301118350,1.508755e-01,6.248889e-02,2.110812e-10,1.234886e-10,9.271043e-09,3.161307e-08
1482686464,8044314,11861491712,301171980,1.508756e-01,6.248891e-02,2.072023e-10,1.230749e-10,9.100675e-09,3.150718e-08
1482948608,8044343,11863588864,301224828,1.508751e-01,6.248866e-02,2.216007e-10,1.285907e-10,9.733080e-09,3.291922e-08
1483210752,8044722,11865686016,301278217,1.508753e-01,6.248849e-02,2.167475e-10,1.325065e-10,9.519918e-09,3.392167e-08
1483472896,8046142,11867783168,301331637,1.508754e-01,6.248852e-02,2.119480e-10,1.317357e-10,9.309117e-09,3.372435e-08
1483735040,8047124,11869880320,301384595,1.508756e-01,6.248866e-02,2.072023e-10,1.286752e-10,9.100675e-09,3.294085e-08
1483997184,8047691,11871977472,301438112,1.508753e-01,6.248843e-02,2.163090e-10,1.339685e-10,9.500658e-09,3.429594e-08
1484259328,8048742,11874074624,301491094,1.508753e-01,6.248844e-02,2.171865e-10,1.336238e-10,9.539200e-09,3.420769e-08
1484521472,8052418,11876171776,301544178,1.508752e-01,6.248843e-02,2.202718e-10,1.338823e-10,9.674712e-09,3.427387e-08
1484783616,8056632,11878268928,301597690,1.508751e-01,6.248872e-02,2.216007e-10,1.271584e-10,9.733080e-09,3.255255e-08
1485045760,8057526,11880366080,301651035,1.508750e-01,6.248868e-02,2.256115e-10,1.282530e-10,9.909241e-09,3.283276e-08
1485307904,8069264,11882463232,301704176,1.508748e-01,6.248854e-02,2.319220e-10,1.312232e-10,1.018641e-08,3.359313e-08
1485570048,8080123,11884560384,301757407,1.508746e-01,6.248842e-02,2.360248e-10,1.340548e-10,1.036661e-08,3.431802e-08
1485832192,8081824,11886657536,301810355,1.508749e-01,6.248826e-02,2.292069e-10,1.377898e-10,1.006716e-08,3.527419e-08
1486094336,8092082,11888754688,301863761,1.508744e-01,6.248810e-02,2.434073e-10,1.415761e-10,1.069086e-08,3.624349e-08
1486356480,8098279,11890851840,301916863,1.508742e-01,6.248794e-02,2.485487e-10,1.453240e-10,1.091668e-08,3.720294e-08
1486618624,8098937,11892948992,301969362,1.508738e-01,6.248778e-02,2.633274e-10,1.492118e-10,1.156578e-08,3.819821e-08
1486880768,8099987,11895046144,302022933,1.508741e-01,6.248775e-02,2.532694e-10,1.499407e-10,1.112402e-08,3.838483e-08
1487142912,8100682,11897143296,302076080,1.508742e-01,6.248753e-02,2.509035e-10,1.554647e-10,1.102011e-08,3.979895e-08
1487405056,8100818,11899240448,302129981,1.508745e-01,6.248743e-02,2.406255e-10,1.579830e-10,1.056868e-08,4.044365e-08
1487667200,8101959,11901337600,302182739,1.508744e-01,6.248732e-02,2.424783e-10,1.608049e-10,1.065006e-08,4.116606e-08
1487929344,8102286,11903434752,302236106,1.508747e-01,6.248767e-02,2.346532e-10,1.519546e-10,1.030637e-08,3.890037e-08
1488191488,8103381,11905531904,302289543,1.508743e-01,6.248771e-02,2.452707e-10,1.510375e-10,1.077271e-08,3.866561e-08
1488453632,8105634,11907629056,302342361,1.508739e-01,6.248752e-02,2.599529e-10,1.556505e-10,1.141758e-08,3.984653e-08
1488715776,8105880,11909726208,302395304,1.508738e-01,6.248718e-02,2.609148e-10,1.644152e-10,1.145982e-08,4.209029e-08
1488977920,8134931,11911823360,302448255,1.508741e-01,6.248697e-02,2.518485e-10,1.699058e-10,1.106162e-08,4.349588e-08
1489240064,8135642,11913920512,302500854,1.508738e-01,6.248685e-02,2.623610e-10,1.729297e-10,1.152334e-08,4.427001e-08
1489502208,8138345,11916017664,302553982,1.508739e-01,6.248672e-02,2.580345e-10,1.762770e-10,1.133331e-08,4.512691e-08
1489764352,8151266,11918114816,302607280,1.508738e-01,6.248661e-02,2.618785e-10,1.792571e-10,1.150215e-08,4.588982e-08
1490026496,8156366,11920211968,302659973,1.508734e-01,6.248624e-02,2.755565e-10,1.894738e-10,1.210291e-08,4.850529e-08
1490288640,8175383,11922309120,302713334,1.508737e-01,6.248635e-02,2.657510e-10,1.862062e-10,1.167223e-08,4.766878e-08
1490550784,8176068,11924406272,302766585,1.508733e-01,6.248653e-02,2.770426e-10,1.814584e-10,1.216818e-08,4.645335e-08
1490812928,8177024,11926503424,302820438,1.508739e-01,6.248642e-02,2.604337e-10,1.844818e-10,1.143869e-08,4.722735e-08
1491075072,8177679,11928600576,302874639,1.508743e-01,6.248675e-02,2.476099e-10,1.754865e-10,1.087545e-08,4.492455e-08
1491337216,8177684,11930697728,302928282,1.508744e-01,6.248687e-02,2.434073e-10,1.724402e-10,1.069086e-08,4.414469e-08
1491599360,8178381,11932794880,302981970,1.508747e-01,6.248689e-02,2.332856e-10,1.719513e-10,1.024630e-08,4.401954e-08
1491861504,8178733,11934892032,303035338,1.508744e-01,6.248656e-02,2.424783e-10,1.805563e-10,1.065006e-08,4.622240e-08
1492123648,8179143,11936989184,303088346,1.508740e-01,6.248613e-02,2.556464e-10,1.922529e-10,1.122842e-08,4.921675e-08
1492385792,8179658,11939086336,303141108,1.508738e-01,6.248590e-02,2.638112e-10,1.987113e-10,1.158704e-08,5.087009e-08
1492647936,8180153,11941183488,303194873,1.508741e-01,6.248616e-02,2.532694e-10,1.915305e-10,1.112402e-08,4.903180e-08
1492910080,8180446,11943280640,303248073,1.508743e-01,6.248645e-02,2.448042e-10,1.836731e-10,1.075222e-08,4.702032e-08
1493172224,8180738,11945377792,303301749,1.508749e-01,6.248673e-02,2.292069e-10,1.759804e-10,1.006716e-08,4.505097e-08
1493434368,8181088,11947474944,303354564,1.508747e-01,6.248657e-02,2.351099e-10,1.802560e-10,1.032643e-08,4.614554e-08
1493696512,8181350,11949572096,303407734,1.508751e-01,6.248679e-02,2.216007e-10,1.744025e-10,9.733080e-09,4.464704e-08
1493958656,8181353,11951669248,303460821,1.508750e-01,6.248655e-02,2.233789e-10,1.809569e-10,9.811179e-09,4.632497e-08
1494220800,8181482,11953766400,303514366,1.508749e-01,6.248631e-02,2.287559e-10,1.875302e-10,1.004735e-08,4.800773e-08
1494482944,8181877,11955863552,303568122,1.508756e-01,6.248644e-02,2.067735e-10,1.838751e-10,9.081843e-09,4.707204e-08
1494745088,8181955,11957960704,303621341,1.508755e-01,6.248645e-02,2.097842e-10,1.836731e-10,9.214078e-09,4.702032e-08
1495007232,8182163,11960057856,303674572,1.508753e-01,6.248635e-02,2.163090e-10,1.862062e-10,9.500658e-09,4.766878e-08
1495269376,8182348,11962155008,303727467,1.508754e-01,6.248628e-02,2.132516e-10,1.881429e-10,9.366374e-09,4.816458e-08
1495531520,8182434,11964252160,303780407,1.508751e-01,6.248593e-02,2.229337e-10,1.980816e-10,9.791626e-09,5.070889e-08
1495793664,8182730,11966349312,303834031,1.508753e-01,6.248578e-02,2.163090e-10,2.021923e-10,9.500658e-09,5.176122e-08
1496055808,8183201,11968446464,303886981,1.508749e-01,6.248580e-02,2.274056e-10,2.015571e-10,9.988043e-09,5.159862e-08
1496317952,8183714,11970543616,303940321,1.508751e-01,6.248586e-02,2.216007e-10,1.998682e-10,9.733080e-09,5.116627e-08
1496580096,8184054,11972640768,303993172,1.508752e-01,6.248594e-02,2.180658e-10,1.976624e-10,9.577820e-09,5.060157e-08
1496842240,8184266,11974737920,304046215,1.508756e-01,6.248617e-02,2.072023e-10,1.913243e-10,9.100675e-09,4.897902e-08
1497104384,8184303,11976835072,304099384,1.508759e-01,6.248599e-02,1.995524e-10,1.964074e-10,8.764679e-09,5.028029e-08
1497366528,8184331,11978932224,304152761,1.508762e-01,6.248618e-02,1.908094e-10,1.910153e-10,8.380671e-09,4.889991e-08
1497628672,8184351,11981029376,304205829,1.508767e-01,6.248607e-02,1.770692e-10,1.941169e-10,7.777182e-09,4.969394e-08
1497890816,8184563,11983126528,304259292,1.508767e-01,6.248588e-02,1.774660e-10,1.992368e-10,7.794610e-09,5.100461e-08
1498152960,8184977,11985223680,304312774,1.508766e-01,6.248590e-02,1.806564e-10,1.987113e-10,7.934735e-09,5.087009e-08
1498415104,8185596,11987320832,304365359,1.508765e-01,6.248602e-02,1.818601e-10,1.954688e-10,7.987603e-09,5.004000e-08
1498677248,8185674,11989417984,304418749,1.508763e-01,6.248591e-02,1.863079e-10,1.983963e-10,8.182958e-09,5.078946e-08
1498939392,8185679,11991515136,304471974,1.508764e-01,6.248593e-02,1.834712e-10,1.980816e-10,8.058368e-09,5.070889e-08
1499201536,8185764,11993612288,304525659,1.508768e-01,6.248590e-02,1.739109e-10,1.987113e-10,7.638461e-09,5.087009e-08
1499463680,8186086,11995709440,304578618,1.508762e-01,6.248567e-02,1.895764e-10,2.054898e-10,8.326515e-09,5.260540e-08
1499725824,8186171,11997806592,304631837,1.508765e-01,6.248568e-02,1.810572e-10,2.051696e-10,7.952338e-09,5.252341e-08
1499987968,8186275,11999903744,304684977,1.508764e-01,6.248575e-02,1.854952e-10,2.030407e-10,8.147263e-09,5.197842e-08
1500250112,8186422,12002000896,304738534,1.508765e-01,6.248578e-02,1.826648e-10,2.020863e-10,8.022947e-09,5.173410e-08
1500512256,8186557,12004098048,304791474,1.508763e-01,6.248575e-02,1.875302e-10,2.031469e-10,8.236645e-09,5.200560e-08
1500774400,8186774,12006195200,304844259,1.508759e-01,6.248550e-02,1.991316e-10,2.102161e-10,8.746198e-09,5.381531e-08
1501036544,8186916,12008292352,304897224,1.508754e-01,6.248550e-02,2.119480e-10,2.101081e-10,9.309117e-09,5.378766e-08
1501298688,8186935,12010389504,304950533,1.508752e-01,6.248527e-02,2.193881e-10,2.169669e-10,9.635896e-09,5.554354e-08
1501560832,8187188,12012486656,305003753,1.508752e-01,6.248547e-02,2.189469e-10,2.110812e-10,9.616517e-09,5.403678e-08
1501822976,8187245,12014583808,305057367,1.508752e-01,6.248526e-02,2.189469e-10,2.172963e-10,9.616517e-09,5.562785e-08
1502085120,8187459,12016680960,305110510,1.508753e-01,6.248551e-02,2.158709e-10,2.100001e-10,9.481416e-09,5.376002e-08
1502347264,8187540,12018778112,305164017,1.508758e-01,6.248562e-02,2.016629e-10,2.066664e-10,8.857377e-09,5.290659e-08
1502609408,8187545,12020875264,305217326,1.508757e-01,6.248554e-02,2.050629e-10,2.091372e-10,9.006709e-09,5.353913e-08
1502871552,8187705,12022972416,305270992,1.508760e-01,6.248588e-02,1.949483e-10,1.994471e-10,8.562460e-09,5.105847e-08
1503133696,8187819,12025069568,305324311,1.508760e-01,6.248585e-02,1.966163e-10,2.002898e-10,8.635721e-09,5.127419e-08
1503395840,8187887,12027166720,305377591,1.508763e-01,6.248591e-02,1.871223e-10,1.985013e-10,8.218730e-09,5.081633e-08
1503657984,8187915,12029263872,305430703,1.508760e-01,6.248574e-02,1.949483e-10,2.034656e-10,8.562460e-09,5.208719e-08
1503920128,8188070,12031361024,305484327,1.508765e-01,6.248579e-02,1.822622e-10,2.019804e-10,8.005266e-09,5.170699e-08
1504182272,8188322,12033458176,305537696,1.508767e-01,6.248592e-02,1.778633e-10,1.981865e-10,7.812058e-09,5.073574e-08
1504444416,8188553,12035555328,305590674,1.508762e-01,6.248576e-02,1.891662e-10,2.028284e-10,8.308502e-09,5.192408e-08
1504706560,8188773,12037652480,305643866,1.508762e-01,6.248605e-02,1.903979e-10,1.946363e-10,8.362600e-09,4.982690e-08
1504968704,8189173,12039749632,305697432,1.508764e-01,6.248594e-02,1.854952e-10,1.976624e-10,8.147263e-09,5.060157e-08
1505230848,8189267,12041846784,305750103,1.508760e-01,6.248596e-02,1.957814e-10,1.970344e-10,8.599051e-09,5.044080e-08
1505492992,8189392,12043943936,305803748,1.508760e-01,6.248584e-02,1.945324e-10,2.005007e-10,8.544194e-09,5.132819e-08
1505755136,8189786,12046041088,305857039,1.508764e-01,6.248617e-02,1.842795e-10,1.912213e-10,8.093868e-09,4.895264e-08
1506017280,8189874,12048138240,305910124,1.508763e-01,6.248604e-02,1.867149e-10,1.948443e-10,8.200834e-09,4.988013e-08
1506279424,8192238,12050235392,305962681,1.508753e-01,6.248589e-02,2.145593e-10,1.990265e-10,9.423807e-09,5.095078e-08
1506541568,8195791,12052332544,306016162,1.508753e-01,6.248603e-02,2.145593e-10,1.951564e-10,9.423807e-09,4.996004e-08
1506803712,8198490,12054429696,306069152,1.508755e-01,6.248605e-02,2.093528e-10,1.945324e-10,9.195129e-09,4.980029e-08
1507065856,8199806,12056526848,306122022,1.508749e-01,6.248624e-02,2.278553e-10,1.894738e-10,1.000779e-08,4.850529e-08
1507328000,8205832,12058624000,306174893,1.508747e-01,6.248593e-02,2.328306e-10,1.980816e-10,1.022632e-08,5.070889e-08
1507590144,8213140,12060721152,306228353,1.508748e-01,6.248602e-02,2.319220e-10,1.954688e-10,1.018641e-08,5.004000e-08
1507852288,8216703,12062818304,306281576,1.508750e-01,6.248656e-02,2.242706e-10,1.805563e-10,9.850345e-09,4.622240e-08
1508114432,8217918,12064915456,306335022,1.508754e-01,6.248684e-02,2.136871e-10,1.732238e-10,9.385499e-09,4.434529e-08
1508376576,8217964,12067012608,306388062,1.508751e-01,6.248678e-02,2.229337e-10,1.746978e-10,9.791626e-09,4.472264e-08
1508638720,8218008,12069109760,306441331,1.508748e-01,6.248636e-02,2.301102e-10,1.860029e-10,1.010683e-08,4.761674e-08
1508900864,8218098,12071206912,306494340,1.508742e-01,6.248621e-02,2.480791e-10,1.901924e-10,1.089606e-08,4.868924e-08
1509163008,8218181,12073304064,306547398,1.508737e-01,6.248566e-02,2.652654e-10,2.055967e-10,1.165091e-08,5.263275e-08
1509425152,8218196,12075401216,306600730,1.508741e-01,6.248591e-02,2.523217e-10,1.986063e-10,1.108240e-08,5.084320e-08
1509687296,8218869,12077498368,306653291,1.508738e-01,6.248561e-02,2.633274e-10,2.069878e-10,1.156578e-08,5.298888e-08
1509949440,8218875,12079595520,306706158,1.508736e-01,6.248560e-02,2.672105e-10,2.074168e-10,1.173634e-08,5.309870e-08
1510211584,8218968,12081692672,306759550,1.508734e-01,6.248586e-02,2.755565e-10,1.998682e-10,1.210291e-08,5.116627e-08
1510473728,8219106,12083789824,306812562,1.508731e-01,6.248577e-02,2.870524e-10,2.024042e-10,1.260783e-08,5.181548e-08
1510735872,8219637,12085886976,306865536,1.508732e-01,6.248576e-02,2.820253e-10,2.027223e-10,1.238703e-08,5.189692e-08
1510998016,8219678,12087984128,306918325,1.508734e-01,6.248594e-02,2.765468e-10,1.975577e-10,1.214640e-08,5.057476e-08
1511260160,8219724,12090081280,306971543,1.508733e-01,6.248585e-02,2.775389e-10,2.001844e-10,1.218998e-08,5.124720e-08
1511522304,8219946,12092178432,307025345,1.508737e-01,6.248598e-02,2.662370e-10,1.966163e-10,1.169358e-08,5.033377e-08
1511784448,8220018,12094275584,307078759,1.508734e-01,6.248621e-02,2.750620e-10,1.901924e-10,1.208119e-08,4.868924e-08
1512046592,8220077,12096372736,307131705,1.508732e-01,6.248593e-02,2.810252e-10,1.980816e-10,1.234310e-08,5.070889e-08
1512308736,8220186,12098469888,307185057,1.508740e-01,6.248647e-02,2.556464e-10,1.830678e-10,1.122842e-08,4.686535e-08
1512570880,8220399,12100567040,307237698,1.508736e-01,6.248664e-02,2.696519e-10,1.783605e-10,1.184357e-08,4.566028e-08
1512833024,8220613,12102664192,307291127,1.508732e-01,6.248649e-02,2.830272e-10,1.825641e-10,1.243103e-08,4.673641e-08
1513095168,8220749,12104761344,307344433,1.508737e-01,6.248680e-02,2.647802e-10,1.743041e-10,1.162960e-08,4.462186e-08
1513357312,8221083,12106858496,307397837,1.508741e-01,6.248687e-02,2.513758e-10,1.724402e-10,1.104085e-08,4.414469e-08
1513619456,8221366,12108955648,307450922,1.508739e-01,6.248664e-02,2.589928e-10,1.783605e-10,1.137540e-08,4.566028e-08
1513881600,8221571,12111052800,307504678,1.508740e-01,6.248647e-02,2.542189e-10,1.831686e-10,1.116572e-08,4.689116e-08
1514143744,8221575,12113149952,307557917,1.508745e-01,6.248662e-02,2.415510e-10,1.791574e-10,1.060933e-08,4.586429e-08
1514405888,8221761,12115247104,307611738,1.508746e-01,6.248687e-02,2.369414e-10,1.724402e-10,1.040687e-08,4.414469e-08
1514668032,8221857,12117344256,307665023,1.508747e-01,6.248683e-02,2.332856e-10,1.735181e-10,1.024630e-08,4.442063e-08
1514930176,8222143,12119441408,307718147,1.508745e-01,6.248660e-02,2.410880e-10,1.794567e-10,1.058900e-08,4.594091e-08
1515192320,8222148,12121538560,307772078,1.508745e-01,6.248670e-02,2.401634e-10,1.768710e-10,1.054839e-08,4.527898e-08
1515454464,8222613,12123635712,307825632,1.508750e-01,6.248694e-02,2.233789e-10,1.705863e-10,9.811179e-09,4.367008e-08
1515716608,8222668,12125732864,307879106,1.508752e-01,6.248714e-02,2.180658e-10,1.652761e-10,9.577820e-09,4.231069e-08
1515978752,8222940,12127830016,307931962,1.508752e-01,6.248700e-02,2.198297e-10,1.689360e-10,9.655294e-09,4.324761e-08
1516240896,8223097,12129927168,307984723,1.508747e-01,6.248691e-02,2.341969e-10,1.714632e-10,1.028633e-08,4.389458e-08
1516503040,8223269,12132024320,308038179,1.508747e-01,6.248672e-02,2.328306e-10,1.764749e-10,1.022632e-08,4.517757e-08
1516765184,8223479,12134121472,308091593,1.508749e-01,6.248682e-02,2.283054e-10,1.737144e-10,1.002756e-08,4.447089e-08
1517027328,8224880,12136218624,308144832,1.508754e-01,6.248722e-02,2.128167e-10,1.632708e-10,9.347269e-09,4.179732e-08
1517289472,8225903,12138315776,308197866,1.508749e-01,6.248716e-02,2.278553e-10,1.649889e-10,1.000779e-08,4.223716e-08
1517551616,8226517,12140412928,308250892,1.508751e-01,6.248720e-02,2.207143e-10,1.639379e-10,9.694149e-09,4.196810e-08
1517813760,8227698,12142510080,308304195,1.508750e-01,6.248691e-02,2.260594e-10,1.713656e-10,9.928912e-09,4.386960e-08
1518075904,8231072,12144607232,308357228,1.508747e-01,6.248677e-02,2.323761e-10,1.750919e-10,1.020635e-08,4.482354e-08
1518338048,8236258,12146704384,308410710,1.508753e-01,6.248690e-02,2.171865e-10,1.715608e-10,9.539200e-09,4.391956e-08
1518600192,8238157,12148801536,308464415,1.508758e-01,6.248690e-02,2.003953e-10,1.716584e-10,8.801700e-09,4.394454e-08
1518862336,8248004,12150898688,308518052,1.508761e-01,6.248693e-02,1.916336e-10,1.707809e-10,8.416873e-09,4.371992e-08
1519124480,8258917,12152995840,308570865,1.508760e-01,6.248661e-02,1.949483e-10,1.793569e-10,8.562460e-09,4.591536e-08
1519386624,8260457,12155092992,308623994,1.508759e-01,6.248629e-02,1.982914e-10,1.879386e-10,8.709295e-09,4.811227e-08
1519648768,8270839,12157190144,308677297,1.508760e-01,6.248616e-02,1.949483e-10,1.914274e-10,8.562460e-09,4.900541e-08
1519910912,8277154,12159287296,308730429,1.508759e-01,6.248601e-02,1.978719e-10,1.956772e-10,8.690871e-09,5.009335e-08
1520173056,8278819,12161384448,308784060,1.508760e-01,6.248619e-02,1.949483e-10,1.907065e-10,8.562460e-09,4.882085e-08
1520435200,8280531,12163481600,308837976,1.508763e-01,6.248644e-02,1.871223e-10,1.838751e-10,8.218730e-09,4.707204e-08
1520697344,8280753,12165578752,308891200,1.508761e-01,6.248649e-02,1.916336e-10,1.824634e-10,8.416873e-09,4.671064e-08
1520959488,8280895,12167675904,308944929,1.508765e-01,6.248689e-02,1.810572e-10,1.719513e-10,7.952338e-09,4.401954e-08
1521221632,8282251,12169773056,308998360,1.508765e-01,6.248666e-02,1.822622e-10,1.778633e-10,8.005266e-09,4.553300e-08
1521483776,8282272,12171870208,309051084,1.508761e-01,6.248657e-02,1.937019e-10,1.803561e-10,8.507718e-09,4.617116e-08
1521745920,8282669,12173967360,309104220,1.508761e-01,6.248622e-02,1.937019e-10,1.899869e-10,8.507718e-09,4.863665e-08
1522008064,8284277,12176064512,309157560,1.508762e-01,6.248621e-02,1.895764e-10,1.901924e-10,8.326515e-09,4.868924e-08
1522270208,8284613,12178161664,309210371,1.508759e-01,6.248619e-02,1.982914e-10,1.906036e-10,8.709295e-09,4.879452e-08
1522532352,8313704,12180258816,309263721,1.508758e-01,6.248629e-02,2.003953e-10,1.880407e-10,8.801700e-09,4.813842e-08
1522794496,8314367,12182355968,309316803,1.508759e-01,6.248600e-02,1.978719e-10,1.959899e-10,8.690871e-09,5.017343e-08
1523056640,8319935,12184453120,309370089,1.508759e-01,6.248588e-02,1.995524e-10,1.994471e-10,8.764679e-09,5.105847e-08
1523318784,8330035,12186550272,309423233,1.508761e-01,6.248591e-02,1.916336e-10,1.983963e-10,8.416873e-09,5.078946e-08
1523580928,8335063,12188647424,309476310,1.508765e-01,6.248603e-02,1.814584e-10,1.952605e-10,7.969962e-09,4.998669e-08
1523843072,8354210,12190744576,309529044,1.508758e-01,6.248579e-02,2.020863e-10,2.019804e-10,8.875976e-09,5.170699e-08
1524105216,8357544,12192841728,309582252,1.508753e-01,6.248594e-02,2.167475e-10,1.977671e-10,9.519918e-09,5.062839e-08
1524367360,8358379,12194938880,309635407,1.508755e-01,6.248582e-02,2.089218e-10,2.010286e-10,9.176199e-09,5.146332e-08
1524629504,8358615,12197036032,309688337,1.508756e-01,6.248571e-02,2.084912e-10,2.041037e-10,9.157288e-09,5.225056e-08
1524891648,8359204,12199133184,309741483,1.508757e-01,6.248570e-02,2.042102e-10,2.045297e-10,8.969259e-09,5.235961e-08
1525153792,8359225,12201230336,309794454,1.508756e-01,6.248574e-02,2.080611e-10,2.032531e-10,9.138398e-09,5.203279e-08
1525415936,8359294,12203327488,309847561,1.508758e-01,6.248584e-02,2.003953e-10,2.005007e-10,8.801700e-09,5.132819e-08
1525678080,8359916,12205424640,309900956,1.508757e-01,6.248608e-02,2.037845e-10,1.937019e-10,8.950563e-09,4.958770e-08
1525940224,8360284,12207521792,309954506,1.508760e-01,6.248639e-02,1.970344e-10,1.851909e-10,8.654085e-09,4.740886e-08
1526202368,8360741,12209618944,310007315,1.508757e-01,6.248615e-02,2.054898e-10,1.919431e-10,9.025464e-09,4.913744e-08
1526464512,8361313,12211716096,310060760,1.508757e-01,6.248610e-02,2.050629e-10,1.931838e-10,9.006709e-09,4.945506e-08
1526726656,8361629,12213813248,310113768,1.508760e-01,6.248626e-02,1.957814e-10,1.886542e-10,8.599051e-09,4.829548e-08
1526988800,8362302,12215910400,310167872,1.508764e-01,6.248667e-02,1.842795e-10,1.777639e-10,8.093868e-09,4.550757e-08
1527250944,8362722,12218007552,310220981,1.508765e-01,6.248679e-02,1.818601e-10,1.745009e-10,7.987603e-09,4.467223e-08
1527513088,8362968,12220104704,310273997,1.508762e-01,6.248657e-02,1.899869e-10,1.803561e-10,8.344548e-09,4.617116e-08
1527775232,8362969,12222201856,310327630,1.508766e-01,6.248676e-02,1.798561e-10,1.751905e-10,7.899587e-09,4.484878e-08
1528037376,8363035,12224299008,310380950,1.508767e-01,6.248643e-02,1.774660e-10,1.842795e-10,7.794610e-09,4.717555e-08
1528299520,8363429,12226396160,310433660,1.508765e-01,6.248638e-02,1.822622e-10,1.853937e-10,8.005266e-09,4.746079e-08
1528561664,8363571,12228493312,310487284,1.508768e-01,6.248644e-02,1.731257e-10,1.838751e-10,7.603976e-09,4.707204e-08
1528823808,8363889,12230590464,310540527,1.508770e-01,6.248646e-02,1.680656e-10,1.832695e-10,7.381725e-09,4.691698e-08
1529085952,8364025,12232687616,310593487,1.508772e-01,6.248653e-02,1.627001e-10,1.814584e-10,7.146064e-09,4.645335e-08
1529348096,8364267,12234784768,310646602,1.508769e-01,6.248663e-02,1.707809e-10,1.786591e-10,7.500988e-09,4.573673e-08
1529610240,8364838,12236881920,310700073,1.508773e-01,6.248680e-02,1.615617e-10,1.743041e-10,7.096062e-09,4.462186e-08
1529872384,8365306,12238979072,310753715,1.508777e-01,6.248689e-02,1.511291e-10,1.719513e-10,6.637848e-09,4.401954e-08
1530134528,8365630,12241076224,310806531,1.508771e-01,6.248678e-02,1.665237e-10,1.746978e-10,7.314004e-09,4.472264e-08
1530396672,8365853,12243173376,310859067,1.508766e-01,6.248662e-02,1.794567e-10,1.789580e-10,7.882042e-09,4.581324e-08
1530658816,8365933,12245270528,310912411,1.508766e-01,6.248678e-02,1.786591e-10,1.748948e-10,7.847010e-09,4.477307e-08
1530920960,8365967,12247367680,310965119,1.508765e-01,6.248675e-02,1.830678e-10,1.755852e-10,8.040647e-09,4.494982e-08
1531183104,8366020,12249464832,311018156,1.508760e-01,6.248654e-02,1.961986e-10,1.811574e-10,8.617376e-09,4.637630e-08
1531445248,8366123,12251561984,311071387,1.508758e-01,6.248670e-02,2.020863e-10,1.767719e-10,8.875976e-09,4.525362e-08
1531707392,8366581,12253659136,311125452,1.508762e-01,6.248675e-02,1.903979e-10,1.754865e-10,8.362600e-09,4.492455e-08
1531969536,8367146,12255756288,311178214,1.508763e-01,6.248679e-02,1.875302e-10,1.745993e-10,8.236645e-09,4.469743e-08
1532231680,8367167,12257853440,311231255,1.508761e-01,6.248681e-02,1.941169e-10,1.739109e-10,8.525946e-09,4.452119e-08
1532493824,8367357,12259950592,311283847,1.508755e-01,6.248672e-02,2.093528e-10,1.762770e-10,9.195129e-09,4.512691e-08
1532755968,8367362,12262047744,311337387,1.508754e-01,6.248670e-02,2.132516e-10,1.769701e-10,9.366374e-09,4.530435e-08
1533018112,8367659,12264144896,311390358,1.508755e-01,6.248653e-02,2.089218e-10,1.815588e-10,9.176199e-09,4.647905e-08
1533280256,8367704,12266242048,311443949,1.508759e-01,6.248657e-02,1.991316e-10,1.803561e-10,8.746198e-09,4.617116e-08
1533542400,8367979,12268339200,311497442,1.508758e-01,6.248638e-02,2.020863e-10,1.853937e-10,8.875976e-09,4.746079e-08
1533804544,8368079,12270436352,311550849,1.508765e-01,6.248656e-02,1.826648e-10,1.807565e-10,8.022947e-09,4.627367e-08
1534066688,8368249,12272533504,311603927,1.508768e-01,6.248649e-02,1.731257e-10,1.824634e-10,7.603976e-09,4.671064e-08
1534328832,8368335,12274630656,311656914,1.508765e-01,6.248645e-02,1.818601e-10,1.836731e-10,7.987603e-09,4.702032e-08
1534590976,8368601,12276727808,311709935,1.508762e-01,6.248654e-02,1.908094e-10,1.810572e-10,8.380671e-09,4.635064e-08
1534853120,8368611,12278824960,311763210,1.508763e-01,6.248627e-02,1.883473e-10,1.884496e-10,8.272536e-09,4.824310e-08
1535115264,8368804,12280922112,311816160,1.508761e-01,6.248596e-02,1.937019e-10,1.972436e-10,8.507718e-09,5.049436e-08
1535377408,8368823,12283019264,311869111,1.508762e-01,6.248621e-02,1.908094e-10,1.901924e-10,8.380671e-09,4.868924e-08
1535639552,8368987,12285116416,311921785,1.508762e-01,6.248613e-02,1.891662e-10,1.923563e-10,8.308502e-09,4.924320e-08
1535901696,8369093,12287213568,311976022,1.508768e-01,6.248640e-02,1.743041e-10,1.850895e-10,7.655734e-09,4.738291e-08
1536163840,8369188,12289310720,312029524,1.508767e-01,6.248635e-02,1.770692e-10,1.864096e-10,7.777182e-09,4.772085e-08
1536425984,8369367,12291407872,312082779,1.508767e-01,6.248622e-02,1.774660e-10,1.897816e-10,7.794610e-09,4.858408e-08
1536688128,8369471,12293505024,312135702,1.508765e-01,6.248614e-02,1.818601e-10,1.921496e-10,7.987603e-09,4.919031e-08
1536950272,8369539,12295602176,312188661,1.508767e-01,6.248616e-02,1.774660e-10,1.915305e-10,7.794610e-09,4.903180e-08
1537212416,8369618,12297699328,312241586,1.508766e-01,6.248627e-02,1.806564e-10,1.884496e-10,7.934735e-09,4.824310e-08
1537474560,8369907,12299796480,312294944,1.508769e-01,6.248641e-02,1.715608e-10,1.845830e-10,7.535240e-09,4.725326e-08
1537736704,8370037,12301893632,312347741,1.508765e-01,6.248647e-02,1.810572e-10,1.830678e-10,7.952338e-09,4.686535e-08
1537998848,8370116,12303990784,312401163,1.508759e-01,6.248645e-02,1.978719e-10,1.835722e-10,8.690871e-09,4.699448e-08
1538260992,8370586,12306087936,312454187,1.508760e-01,6.248651e-02,1.957814e-10,1.819606e-10,8.599051e-09,4.658191e-08
1538523136,8370978,12308185088,312508004,1.508764e-01,6.248665e-02,1.854952e-10,1.782610e-10,8.147263e-09,4.563481e-08
1538785280,8371021,12310282240,312560702,1.508765e-01,6.248640e-02,1.826648e-10,1.849881e-10,8.022947e-09,4.735697e-08
1539047424,8371051,12312379392,312613741,1.508762e-01,6.248659e-02,1.908094e-10,1.797562e-10,8.380671e-09,4.601759e-08
1539309568,8371300,12314476544,312666730,1.508763e-01,6.248680e-02,1.863079e-10,1.743041e-10,8.182958e-09,4.462186e-08
1539571712,8371589,12316573696,312719528,1.508760e-01,6.248694e-02,1.957814e-10,1.706836e-10,8.599051e-09,4.369500e-08
1539833856,8371705,12318670848,312772586,1.508764e-01,6.248717e-02,1.859013e-10,1.645108e-10,8.165101e-09,4.211475e-08
1540096000,8377169,12320768000,312825540,1.508759e-01,6.248705e-02,1.991316e-10,1.676794e-10,8.746198e-09,4.292593e-08
1540358144,8377396,12322865152,312878680,1.508765e-01,6.248747e-02,1.814584e-10,1.569546e-10,7.969962e-09,4.018037e-08
1540620288,8378709,12324962304,312931648,1.508765e-01,6.248761e-02,1.814584e-10,1.536122e-10,7.969962e-09,3.932474e-08
1540882432,8384518,12327059456,312984521,1.508763e-01,6.248758e-02,1.879386e-10,1.542593e-10,8.254581e-09,3.949039e-08
1541144576,8391815,12329156608,313037433,1.508759e-01,6.248736e-02,1.991316e-10,1.598615e-10,8.746198e-09,4.092455e-08
1541406720,8395421,12331253760,313090543,1.508761e-01,6.248742e-02,1.937019e-10,1.582641e-10,8.507718e-09,4.051561e-08
1541668864,8396609,12333350912,313143335,1.508761e-01,6.248727e-02,1.924596e-10,1.620355e-10,8.453153e-09,4.148109e-08
1541931008,8396679,12335448064,313196084,1.508761e-01,6.248724e-02,1.916336e-10,1.628902e-10,8.416873e-09,4.169989e-08
1542193152,8396740,12337545216,313249666,1.508763e-01,6.248726e-02,1.863079e-10,1.622252e-10,8.182958e-09,4.152966e-08
1542455296,8396813,12339642368,313302980,1.508759e-01,6.248724e-02,1.978719e-10,1.627001e-10,8.690871e-09,4.165122e-08
1542717440,8396910,12341739520,313356845,1.508761e-01,6.248732e-02,1.941169e-10,1.608994e-10,8.525946e-09,4.119025e-08
1542979584,8397014,12343836672,313410228,1.508760e-01,6.248744e-02,1.961986e-10,1.577022e-10,8.617376e-09,4.037176e-08
1543241728,8397588,12345933824,313462838,1.508757e-01,6.248742e-02,2.054898e-10,1.581704e-10,9.025464e-09,4.049161e-08
1543503872,8397647,12348030976,313516253,1.508759e-01,6.248773e-02,1.978719e-10,1.504886e-10,8.690871e-09,3.852509e-08
1543766016,8397762,12350128128,313569470,1.508758e-01,6.248787e-02,2.008174e-10,1.470355e-10,8.820240e-09,3.764109e-08
1544028160,8397947,12352225280,313622911,1.508760e-01,6.248774e-02,1.953646e-10,1.503059e-10,8.580745e-09,3.847831e-08
1544290304,8398524,12354322432,313676379,1.508764e-01,6.248806e-02,1.838751e-10,1.425530e-10,8.076109e-09,3.649356e-08
1544552448,8398564,12356419584,313730159,1.508769e-01,6.248814e-02,1.715608e-10,1.406910e-10,7.535240e-09,3.601690e-08
1544814592,8398615,12358516736,313783556,1.508769e-01,6.248820e-02,1.707809e-10,1.392806e-10,7.500988e-09,3.565583e-08
1545076736,8398696,12360613888,313836300,1.508766e-01,6.248834e-02,1.802560e-10,1.360462e-10,7.917151e-09,3.482782e-08
1545338880,8398972,12362711040,313889539,1.508769e-01,6.248831e-02,1.703917e-10,1.367423e-10,7.483894e-09,3.500603e-08
1545601024,8399107,12364808192,313942557,1.508767e-01,6.248832e-02,1.754865e-10,1.364810e-10,7.707666e-09,3.493915e-08
1545863168,8399135,12366905344,313995637,1.508760e-01,6.248797e-02,1.945324e-10,1.446063e-10,8.544194e-09,3.701922e-08
1546125312,8399451,12369002496,314048660,1.508759e-01,6.248816e-02,1.991316e-10,1.400731e-10,8.746198e-09,3.585871e-08
1546387456,8399454,12371099648,314101542,1.508757e-01,6.248812e-02,2.029346e-10,1.412218e-10,8.913231e-09,3.615277e-08
1546649600,8399723,12373196800,314154879,1.508758e-01,6.248805e-02,2.020863e-10,1.427310e-10,8.875976e-09,3.653912e-08
1546911744,8400053,12375293952,314208544,1.508763e-01,6.248823e-02,1.871223e-10,1.385780e-10,8.218730e-09,3.547598e-08
1547173888,8400253,12377391104,314260490,1.508757e-01,6.248817e-02,2.050629e-10,1.399849e-10,9.006709e-09,3.583614e-08
1547436032,8400472,12379488256,314313551,1.508758e-01,6.248806e-02,2.020863e-10,1.424640e-10,8.875976e-09,3.647079e-08
1547698176,8400489,12381585408,314366453,1.508756e-01,6.248811e-02,2.059173e-10,1.414875e-10,9.044236e-09,3.622080e-08
1547960320,8400508,12383682560,314419915,1.508756e-01,6.248838e-02,2.076315e-10,1.350054e-10,9.119527e-09,3.456137e-08
1548222464,8400878,12385779712,314473375,1.508756e-01,6.248832e-02,2.059173e-10,1.364810e-10,9.044236e-09,3.493915e-08
1548484608,8400895,12387876864,314526306,1.508754e-01,6.248815e-02,2.115144e-10,1.403377e-10,9.290070e-09,3.592646e-08
1548746752,8401309,12389974016,314579546,1.508754e-01,6.248822e-02,2.141229e-10,1.386658e-10,9.404644e-09,3.549843e-08
1549008896,8401336,12392071168,314632704,1.508754e-01,6.248829e-02,2.141229e-10,1.371783e-10,9.404644e-09,3.511764e-08
1549271040,8401466,12394168320,314686303,1.508758e-01,6.248846e-02,2.008174e-10,1.332795e-10,8.820240e-09,3.411956e-08
1549533184,8401648,12396265472,314740117,1.508765e-01,6.248864e-02,1.818601e-10,1.290135e-10,7.987603e-09,3.302745e-08
1549795328,8401992,12398362624,314793406,1.508763e-01,6.248857e-02,1.871223e-10,1.307116e-10,8.218730e-09,3.346216e-08
1550057472,8402204,12400459776,314846471,1.508760e-01,6.248860e-02,1.949483e-10,1.299461e-10,8.562460e-09,3.326619e-08
1550319616,8402303,12402556928,314900725,1.508764e-01,6.248892e-02,1.850895e-10,1.227445e-10,8.129445e-09,3.142260e-08
1550581760,8403664,12404654080,314953231,1.508761e-01,6.248868e-02,1.928733e-10,1.282530e-10,8.471321e-09,3.283276e-08
1550843904,8404655,12406751232,315006038,1.508757e-01,6.248856e-02,2.033593e-10,1.307968e-10,8.931888e-09,3.348397e-08
1551106048,8405472,12408848384,315059528,1.508757e-01,6.248900e-02,2.029346e-10,1.210992e-10,8.913231e-09,3.100139e-08
1551368192,8406570,12410945536,315113112,1.508757e-01,6.248897e-02,2.042102e-10,1.216738e-10,8.969259e-09,3.114849e-08
1551630336,8409846,12413042688,315166751,1.508757e-01,6.248894e-02,2.042102e-10,1.223322e-10,8.969259e-09,3.131703e-08
1551892480,8415015,12415139840,315220003,1.508760e-01,6.248870e-02,1.961986e-10,1.275788e-10,8.617376e-09,3.266018e-08
1552154624,8419734,12417236992,315273540,1.508760e-01,6.248847e-02,1.957814e-10,1.328498e-10,8.599051e-09,3.400955e-08
1552416768,8426759,12419334144,315326496,1.508755e-01,6.248819e-02,2.097842e-10,1.393685e-10,9.214078e-09,3.567834e-08
1552678912,8437751,12421431296,315379709,1.508754e-01,6.248806e-02,2.132516e-10,1.425530e-10,9.366374e-09,3.649356e-08
1552941056,8439112,12423528448,315432703,1.508750e-01,6.248805e-02,2.247171e-10,1.428200e-10,9.869958e-09,3.656191e-08
1553203200,8449514,12425625600,315486016,1.508750e-01,6.248811e-02,2.233789e-10,1.413989e-10,9.811179e-09,3.619812e-08
1553465344,8455932,12427722752,315539859,1.508752e-01,6.248841e-02,2.202718e-10,1.344000e-10,9.674712e-09,3.440641e-08
1553727488,8457583,12429819904,315593362,1.508754e-01,6.248855e-02,2.141229e-10,1.310525e-10,9.404644e-09,3.354944e-08
1553989632,8459498,12431917056,315646694,1.508754e-01,6.248850e-02,2.132516e-10,1.321637e-10,9.366374e-09,3.383390e-08
1554251776,8459528,12434014208,315700011,1.508752e-01,6.248860e-02,2.176259e-10,1.299461e-10,9.558500e-09,3.326619e-08
1554513920,8461109,12436111360,315753238,1.508751e-01,6.248865e-02,2.220446e-10,1.288443e-10,9.752577e-09,3.298414e-08
1554776064,8462071,12438208512,315806407,1.508753e-01,6.248851e-02,2.145593e-10,1.319068e-10,9.423807e-09,3.376815e-08
1555038208,8462929,12440305664,315860044,1.508754e-01,6.248844e-02,2.141229e-10,1.336238e-10,9.404644e-09,3.420769e-08
1555300352,8463387,12442402816,315913339,1.508752e-01,6.248831e-02,2.176259e-10,1.365681e-10,9.558500e-09,3.496143e-08
1555562496,8463827,12444499968,315966583,1.508751e-01,6.248833e-02,2.211573e-10,1.361331e-10,9.713604e-09,3.485007e-08
1555824640,8464548,12446597120,316019870,1.508758e-01,6.248863e-02,2.025102e-10,1.293522e-10,8.894594e-09,3.311417e-08
1556086784,8492448,12448694272,316073552,1.508759e-01,6.248881e-02,1.995524e-10,1.252334e-10,8.764679e-09,3.205975e-08
1556348928,8493067,12450791424,316126775,1.508762e-01,6.248869e-02,1.899869e-10,1.280000e-10,8.344548e-09,3.276799e-08
1556611072,8501582,12452888576,316179744,1.508762e-01,6.248850e-02,1.912213e-10,1.321637e-10,8.398763e-09,3.383390e-08
1556873216,8508774,12454985728,316232869,1.508762e-01,6.248862e-02,1.912213e-10,1.295217e-10,8.398763e-09,3.315757e-08
1557135360,8513786,12457082880,316286453,1.508762e-01,6.248862e-02,1.899869e-10,1.296065e-10,8.344548e-09,3.317928e-08
1557397504,8533125,12459180032,316339887,1.508764e-01,6.248876e-02,1.838751e-10,1.264034e-10,8.076109e-09,3.235927e-08
1557659648,8537050,12461277184,316393070,1.508762e-01,6.248867e-02,1.908094e-10,1.283374e-10,8.380671e-09,3.285436e-08
1557921792,8538014,12463374336,316446737,1.508765e-01,6.248889e-02,1.814584e-10,1.234886e-10,7.969962e-09,3.161307e-08
1558183936,8539053,12465471488,316500373,1.508768e-01,6.248923e-02,1.743041e-10,1.159087e-10,7.655734e-09,2.967262e-08
1558446080,8540247,12467568640,316553552,1.508773e-01,6.248921e-02,1.600500e-10,1.163905e-10,7.029667e-09,2.979596e-08
1558708224,8540263,12469665792,316606876,1.508779e-01,6.248946e-02,1.453240e-10,1.109888e-10,6.382876e-09,2.841313e-08
1558970368,8540729,12471762944,316660570,1.508785e-01,6.248982e-02,1.330216e-10,1.036572e-10,5.842534e-09,2.653625e-08
1559232512,8541043,12473860096,316713890,1.508785e-01,6.248995e-02,1.323350e-10,1.009444e-10,5.812379e-09,2.584176e-08
1559494656,8541509,12475957248,316767447,1.508786e-01,6.248996e-02,1.299461e-10,1.008695e-10,5.707452e-09,2.582260e-08
1559756800,8541787,12478054400,316820778,1.508784e-01,6.248971e-02,1.350919e-10,1.058687e-10,5.933468e-09,2.710239e-08
1560018944,8542395,12480151552,316874146,1.508783e-01,6.248976e-02,1.364810e-10,1.049508e-10,5.994480e-09,2.686740e-08
1560281088,8543169,12482248704,316927750,1.508785e-01,6.248956e-02,1.323350e-10,1.089573e-10,5.812379e-09,2.789308e-08
1560543232,8543894,12484345856,316980796,1.508787e-01,6.248968e-02,1.279157e-10,1.064060e-10,5.618274e-09,2.723994e-08
1560805376,8544455,12486443008,317033747,1.508782e-01,6.248957e-02,1.399849e-10,1.087242e-10,6.148375e-09,2.783338e-08
1561067520,8544598,12488540160,317086597,1.508780e-01,6.248931e-02,1.438905e-10,1.143100e-10,6.319913e-09,2.926335e-08
1561329664,8544666,12490637312,317139273,1.508779e-01,6.248900e-02,1.471259e-10,1.210992e-10,6.462018e-09,3.100139e-08
1561591808,8544701,12492734464,317192579,1.508778e-01,6.248868e-02,1.493028e-10,1.280843e-10,6.557633e-09,3.278957e-08
1561853952,8545031,12494831616,317245093,1.508774e-01,6.248870e-02,1.589209e-10,1.276630e-10,6.980075e-09,3.268173e-08
1562116096,8545227,12496928768,317298165,1.508772e-01,6.248866e-02,1.642242e-10,1.285907e-10,7.213006e-09,3.291922e-08
1562378240,8545563,12499025920,317351096,1.508773e-01,6.248862e-02,1.600500e-10,1.294370e-10,7.029667e-09,3.313586e-08
1562640384,8545630,12501123072,317404056,1.508772e-01,6.248857e-02,1.630804e-10,1.307116e-10,7.162769e-09,3.346216e-08
1562902528,8545833,12503220224,317457468,1.508771e-01,6.248840e-02,1.665237e-10,1.345729e-10,7.314004e-09,3.445065e-08
1563164672,8546488,12505317376,317511355,1.508772e-01,6.248837e-02,1.638425e-10,1.351785e-10,7.196240e-09,3.460571e-08
1563426816,8546902,12507414528,317564132,1.508771e-01,6.248829e-02,1.672937e-10,1.371783e-10,7.347825e-09,3.511764e-08
1563688960,8547234,12509511680,317617167,1.508771e-01,6.248860e-02,1.661393e-10,1.299461e-10,7.297122e-09,3.326619e-08
1563951104,8547547,12511608832,317670387,1.508776e-01,6.248869e-02,1.533353e-10,1.278314e-10,6.734748e-09,3.272485e-08
1564213248,8547566,12513705984,317723581,1.508773e-01,6.248839e-02,1.604272e-10,1.347458e-10,7.046236e-09,3.449492e-08
1564475392,8547655,12515803136,317777294,1.508770e-01,6.248813e-02,1.676794e-10,1.408678e-10,7.364765e-09,3.606216e-08
1564737536,8547774,12517900288,317831151,1.508773e-01,6.248833e-02,1.604272e-10,1.362200e-10,7.046236e-09,3.487233e-08
1564999680,8547889,12519997440,317883857,1.508767e-01,6.248800e-02,1.754865e-10,1.440693e-10,7.707666e-09,3.688173e-08
1565261824,8548208,12522094592,317936521,1.508765e-01,6.248798e-02,1.814584e-10,1.445167e-10,7.969962e-09,3.699629e-08
1565523968,8548708,12524191744,317989711,1.508766e-01,6.248787e-02,1.802560e-10,1.471259e-10,7.917151e-09,3.766422e-08
1565786112,8548768,12526288896,318042729,1.508762e-01,6.248776e-02,1.899869e-10,1.498495e-10,8.344548e-09,3.836148e-08
1566048256,8548975,12528386048,318095742,1.508756e-01,6.248768e-02,2.076315e-10,1.516792e-10,9.119527e-09,3.882987e-08
1566310400,8549036,12530483200,318148979,1.508756e-01,6.248786e-02,2.076315e-10,1.473971e-10,9.119527e-09,3.773366e-08
1566572544,8549189,12532580352,318202445,1.508753e-01,6.248770e-02,2.145593e-10,1.513124e-10,9.423807e-09,3.873596e-08
1566834688,8549352,12534677504,318255012,1.508753e-01,6.248744e-02,2.163090e-10,1.577958e-10,9.500658e-09,4.039572e-08
1567096832,8549656,12536774656,318308220,1.508752e-01,6.248737e-02,2.180658e-10,1.593908e-10,9.577820e-09,4.080406e-08
1567358976,8549705,12538871808,318361209,1.508750e-01,6.248754e-02,2.247171e-10,1.551861e-10,9.869958e-09,3.972764e-08
1567621120,8549732,12540968960,318414519,1.508754e-01,6.248753e-02,2.115144e-10,1.555576e-10,9.290070e-09,3.982274e-08
1567883264,8549947,12543066112,318467378,1.508752e-01,6.248764e-02,2.180658e-10,1.528744e-10,9.577820e-09,3.913584e-08
1568145408,8550020,12545163264,318520161,1.508747e-01,6.248758e-02,2.332856e-10,1.543519e-10,1.024630e-08,3.951408e-08
1568407552,8550290,12547260416,318573174,1.508745e-01,6.248740e-02,2.406255e-10,1.588270e-10,1.056868e-08,4.065970e-08
1568669696,8550306,12549357568,318626725,1.508751e-01,6.248773e-02,2.216007e-10,1.506715e-10,9.733080e-09,3.857190e-08
1568931840,8550355,12551454720,318679600,1.508747e-01,6.248777e-02,2.323761e-10,1.496672e-10,1.020635e-08,3.831479e-08
1569193984,8550434,12553551872,318732230,1.508743e-01,6.248755e-02,2.462051e-10,1.550005e-10,1.081374e-08,3.968013e-08
1569456128,8550527,12555649024,318784992,1.508739e-01,6.248759e-02,2.580345e-10,1.538894e-10,1.133331e-08,3.939569e-08
1569718272,8550701,12557746176,318838963,1.508744e-01,6.248800e-02,2.438725e-10,1.440693e-10,1.071129e-08,3.688173e-08
1569980416,8550761,12559843328,318891917,1.508743e-01,6.248803e-02,2.448042e-10,1.433547e-10,1.075222e-08,3.669881e-08
1570242560,8551007,12561940480,318944552,1.508737e-01,6.248792e-02,2.647802e-10,1.459534e-10,1.162960e-08,3.736406e-08
1570504704,8551066,12564037632,318998283,1.508740e-01,6.248818e-02,2.556464e-10,1.398087e-10,1.122842e-08,3.579102e-08
1570766848,8551109,12566134784,319051508,1.508739e-01,6.248807e-02,2.580345e-10,1.422862e-10,1.133331e-08,3.642528e-08
1571028992,8551512,12568231936,319104767,1.508738e-01,6.248808e-02,2.613965e-10,1.420197e-10,1.148098e-08,3.635705e-08
1571291136,8551594,12570329088,319157963,1.508737e-01,6.248813e-02,2.647802e-10,1.408678e-10,1.162960e-08,3.606216e-08
1571553280,8551798,12572426240,319211096,1.508736e-01,6.248809e-02,2.676979e-10,1.417535e-10,1.175774e-08,3.628890e-08
1571815424,8551939,12574523392,319264898,1.508737e-01,6.248822e-02,2.642955e-10,1.386658e-10,1.160831e-08,3.549843e-08
1572077568,8552440,12576620544,319318451,1.508739e-01,6.248829e-02,2.589928e-10,1.370910e-10,1.137540e-08,3.509530e-08
1572339712,8552812,12578717696,319371136,1.508738e-01,6.248844e-02,2.609148e-10,1.335377e-10,1.145982e-08,3.418565e-08
1572601856,8552888,12580814848,319424125,1.508738e-01,6.248844e-02,2.623610e-10,1.337099e-10,1.152334e-08,3.422974e-08
1572864000,8553259,12582912000,319476797,1.508737e-01,6.248839e-02,2.642955e-10,1.347458e-10,1.160831e-08,3.449492e-08
1573126144,8553389,12585009152,319529420,1.508735e-01,6.248827e-02,2.706315e-10,1.376149e-10,1.188659e-08,3.522942e-08
1573388288,8553625,12587106304,319582687,1.508733e-01,6.248807e-02,2.770426e-10,1.422862e-10,1.216818e-08,3.642528e-08
1573650432,8555814,12589203456,319636011,1.508737e-01,6.248808e-02,2.657510e-10,1.421085e-10,1.167223e-08,3.637979e-08
1573912576,8557702,12591300608,319689237,1.508736e-01,6.248830e-02,2.686740e-10,1.368294e-10,1.180062e-08,3.502834e-08
1574174720,8559731,12593397760,319743109,1.508740e-01,6.248870e-02,2.561231e-10,1.277472e-10,1.124936e-08,3.270328e-08
1574436864,8563380,12595494912,319796277,1.508739e-01,6.248852e-02,2.594727e-10,1.317357e-10,1.139648e-08,3.372435e-08
1574699008,8570462,12597592064,319849921,1.508737e-01,6.248863e-02,2.647802e-10,1.293522e-10,1.162960e-08,3.311417e-08
1574961152,8574213,12599689216,319903502,1.508740e-01,6.248913e-02,2.566003e-10,1.182465e-10,1.127032e-08,3.027111e-08
1575223296,8575362,12601786368,319956812,1.508743e-01,6.248906e-02,2.471412e-10,1.197094e-10,1.085486e-08,3.064560e-08
1575485440,8575428,12603883520,320009496,1.508737e-01,6.248884e-02,2.657510e-10,1.245672e-10,1.167223e-08,3.188921e-08
1575747584,8575501,12605980672,320062973,1.508737e-01,6.248884e-02,2.657510e-10,1.246504e-10,1.167223e-08,3.191051e-08
1576009728,8575521,12608077824,320116421,1.508733e-01,6.248847e-02,2.790304e-10,1.330216e-10,1.225549e-08,3.405353e-08
1576271872,8575633,12610174976,320169127,1.508728e-01,6.248871e-02,2.946763e-10,1.274106e-10,1.294268e-08,3.261711e-08
1576534016,8575843,12612272128,320222598,1.508730e-01,6.248880e-02,2.895826e-10,1.254002e-10,1.271896e-08,3.210245e-08
1576796160,8576273,12614369280,320275718,1.508732e-01,6.248868e-02,2.830272e-10,1.282530e-10,1.243103e-08,3.283276e-08
1577058304,8576347,12616466432,320328264,1.508727e-01,6.248842e-02,2.992986e-10,1.341410e-10,1.314570e-08,3.434011e-08
1577320448,8576554,12618563584,320381172,1.508728e-01,6.248836e-02,2.951881e-10,1.355253e-10,1.296516e-08,3.469447e-08
1577582592,8576787,12620660736,320434566,1.508731e-01,6.248812e-02,2.850362e-10,1.410447e-10,1.251928e-08,3.610745e-08
1577844736,8577333,12622757888,320488375,1.508734e-01,6.248809e-02,2.765468e-10,1.419310e-10,1.214640e-08,3.633433e-08
1578106880,8577333,12624855040,320540729,1.508726e-01,6.248777e-02,3.024001e-10,1.496672e-10,1.328193e-08,3.831479e-08
1578369024,8577384,12626952192,320594670,1.508732e-01,6.248781e-02,2.815250e-10,1.485754e-10,1.236506e-08,3.803530e-08
1578631168,8577416,12629049344,320647974,1.508738e-01,6.248788e-02,2.638112e-10,1.468549e-10,1.158704e-08,3.759485e-08
1578893312,8577812,12631146496,320701304,1.508741e-01,6.248815e-02,2.513758e-10,1.403377e-10,1.104085e-08,3.592646e-08
1579155456,8577838,12633243648,320754478,1.508742e-01,6.248845e-02,2.480791e-10,1.334516e-10,1.089606e-08,3.416361e-08
1579417600,8577999,12635340800,320807471,1.508741e-01,6.248850e-02,2.513758e-10,1.323350e-10,1.104085e-08,3.387777e-08
1579679744,8578188,12637437952,320860752,1.508743e-01,6.248844e-02,2.452707e-10,1.335377e-10,1.077271e-08,3.418565e-08
1579941888,8578299,12639535104,320914054,1.508741e-01,6.248832e-02,2.527953e-10,1.363070e-10,1.110320e-08,3.489460e-08
1580204032,8578343,12641632256,320967578,1.508738e-01,6.248809e-02,2.609148e-10,1.419310e-10,1.145982e-08,3.633433e-08
1580466176,8578792,12643729408,321020790,1.508739e-01,6.248815e-02,2.589928e-10,1.405143e-10,1.137540e-08,3.597167e-08
1580728320,8579059,12645826560,321074350,1.508739e-01,6.248828e-02,2.580345e-10,1.372655e-10,1.133331e-08,3.513998e-08
1580990464,8579228,12647923712,321127377,1.508739e-01,6.248846e-02,2.589928e-10,1.331075e-10,1.137540e-08,3.407553e-08
1581252608,8579237,12650020864,321180576,1.508743e-01,6.248836e-02,2.471412e-10,1.354385e-10,1.085486e-08,3.467227e-08
1581514752,8579340,12652118016,321233202,1.508733e-01,6.248790e-02,2.790304e-10,1.464939e-10,1.225549e-08,3.750245e-08
1581776896,8579572,12654215168,321286081,1.508734e-01,6.248802e-02,2.750620e-10,1.434439e-10,1.208119e-08,3.672165e-08
1582039040,8579675,12656312320,321339510,1.508737e-01,6.248807e-02,2.642955e-10,1.423751e-10,1.160831e-08,3.644803e-08
1582301184,8580057,12658409472,321393068,1.508740e-01,6.248802e-02,2.566003e-10,1.436225e-10,1.127032e-08,3.676735e-08
1582563328,8580308,12660506624,321446567,1.508739e-01,6.248794e-02,2.594727e-10,1.453240e-10,1.139648e-08,3.720294e-08
1582825472,8580366,12662603776,321499702,1.508738e-01,6.248803e-02,2.633274e-10,1.432655e-10,1.156578e-08,3.667597e-08
1583087616,8580876,12664700928,321553170,1.508738e-01,6.248785e-02,2.628440e-10,1.475781e-10,1.154455e-08,3.777999e-08
1583349760,8581091,12666798080,321607047,1.508738e-01,6.248774e-02,2.638112e-10,1.503973e-10,1.158704e-08,3.850170e-08
1583611904,8581126,12668895232,321660790,1.508739e-01,6.248785e-02,2.589928e-10,1.475781e-10,1.137540e-08,3.777999e-08
1583874048,8582428,12670992384,321714153,1.508739e-01,6.248777e-02,2.604337e-10,1.494849e-10,1.143869e-08,3.826814e-08
1584136192,8583034,12673089536,321767773,1.508736e-01,6.248776e-02,2.672105e-10,1.498495e-10,1.173634e-08,3.836148e-08
1584398336,8583402,12675186688,321820655,1.508738e-01,6.248794e-02,2.609148e-10,1.455037e-10,1.145982e-08,3.724894e-08
1584660480,8584320,12677283840,321873288,1.508733e-01,6.248775e-02,2.770426e-10,1.501233e-10,1.216818e-08,3.843155e-08
1584922624,8585402,12679380992,321926430,1.508729e-01,6.248751e-02,2.916147e-10,1.560225e-10,1.280821e-08,3.994177e-08
1585184768,8588655,12681478144,321979944,1.508734e-01,6.248783e-02,2.755565e-10,1.482123e-10,1.210291e-08,3.794236e-08
1585446912,8593701,12683575296,322033338,1.508739e-01,6.248822e-02,2.585134e-10,1.388413e-10,1.135435e-08,3.554337e-08
1585709056,8601309,12685672448,322086596,1.508739e-01,6.248828e-02,2.604337e-10,1.372655e-10,1.143869e-08,3.513998e-08
1585971200,8605484,12687769600,322139961,1.508740e-01,6.248833e-02,2.551701e-10,1.362200e-10,1.120751e-08,3.487233e-08
1586233344,8616486,12689866752,322193021,1.508738e-01,6.248808e-02,2.618785e-10,1.420197e-10,1.150215e-08,3.635705e-08
1586495488,8617768,12691963904,322246081,1.508740e-01,6.248815e-02,2.570779e-10,1.405143e-10,1.129130e-08,3.597167e-08
1586757632,8628205,12694061056,322298690,1.508734e-01,6.248811e-02,2.740743e-10,1.414875e-10,1.203781e-08,3.622080e-08
1587019776,8634775,12696158208,322352489,1.508737e-01,6.248833e-02,2.667235e-10,1.362200e-10,1.171495e-08,3.487233e-08
1587281920,8636356,12698255360,322405784,1.508735e-01,6.248840e-02,2.735812e-10,1.345729e-10,1.201615e-08,3.445065e-08
1587544064,8638154,12700352512,322458158,1.508735e-01,6.248857e-02,2.721043e-10,1.305413e-10,1.195129e-08,3.341856e-08
1587806208,8638324,12702449664,322511774,1.508736e-01,6.248882e-02,2.681857e-10,1.249834e-10,1.177917e-08,3.199574e-08
1588068352,8640005,12704546816,322565629,1.508736e-01,6.248906e-02,2.691627e-10,1.197094e-10,1.182208e-08,3.064560e-08
1588330496,8641607,12706643968,322618928,1.508736e-01,6.248894e-02,2.696519e-10,1.224146e-10,1.184357e-08,3.133813e-08
1588592640,8642048,12708741120,322672593,1.508739e-01,6.248889e-02,2.585134e-10,1.234058e-10,1.135435e-08,3.159188e-08
1588854784,8643649,12710838272,322725892,1.508741e-01,6.248890e-02,2.523217e-10,1.232403e-10,1.108240e-08,3.154952e-08
1589116928,8645443,12712935424,322779723,1.508743e-01,6.248907e-02,2.476099e-10,1.195464e-10,1.087545e-08,3.060387e-08
1589379072,8646440,12715032576,322832751,1.508743e-01,6.248928e-02,2.476099e-10,1.148682e-10,1.087545e-08,2.940627e-08
1589641216,8671133,12717129728,322885833,1.508743e-01,6.248948e-02,2.452707e-10,1.107534e-10,1.077271e-08,2.835288e-08
1589903360,8671822,12719226880,322939586,1.508745e-01,6.248946e-02,2.401634e-10,1.111458e-10,1.054839e-08,2.845333e-08
1590165504,8683287,12721324032,322993602,1.508744e-01,6.248936e-02,2.443381e-10,1.131182e-10,1.073174e-08,2.895826e-08
1590427648,8687467,12723421184,323046691,1.508742e-01,6.248949e-02,2.509035e-10,1.105183e-10,1.102011e-08,2.829269e-08
1590689792,8692510,12725518336,323100343,1.508741e-01,6.248950e-02,2.532694e-10,1.102052e-10,1.112402e-08,2.821254e-08
1590951936,8711939,12727615488,323153423,1.508734e-01,6.248939e-02,2.755565e-10,1.126432e-10,1.210291e-08,2.883667e-08
1591214080,8715764,12729712640,323205906,1.508729e-01,6.248906e-02,2.905978e-10,1.197094e-10,1.276355e-08,3.064560e-08
1591476224,8716783,12731809792,323259158,1.508732e-01,6.248910e-02,2.825260e-10,1.187331e-10,1.240902e-08,3.039569e-08
1591738368,8719178,12733906944,323312923,1.508732e-01,6.248912e-02,2.805258e-10,1.184086e-10,1.232117e-08,3.031261e-08
1592000512,8720650,12736004096,323365960,1.508738e-01,6.248957e-02,2.628440e-10,1.088019e-10,1.154455e-08,2.785328e-08
1592262656,8721884,12738101248,323419604,1.508740e-01,6.248971e-02,2.542189e-10,1.058687e-10,1.116572e-08,2.710239e-08
1592524800,8722393,12740198400,323472461,1.508741e-01,6.248972e-02,2.537439e-10,1.056388e-10,1.114486e-08,2.704354e-08
1592786944,8722802,12742295552,323525490,1.508738e-01,6.248952e-02,2.618785e-10,1.097364e-10,1.150215e-08,2.809253e-08
1593049088,8723173,12744392704,323578516,1.508736e-01,6.248961e-02,2.672105e-10,1.080261e-10,1.173634e-08,2.765468e-08
1593311232,8723363,12746489856,323632009,1.508737e-01,6.248952e-02,2.657510e-10,1.098926e-10,1.167223e-08,2.813250e-08
1593573376,8724058,12748587008,323685645,1.508738e-01,6.248973e-02,2.613965e-10,1.054092e-10,1.148098e-08,2.698476e-08
1593835520,8724730,12750684160,323739032,1.508735e-01,6.248968e-02,2.721043e-10,1.064060e-10,1.195129e-08,2.723994e-08
1594097664,8725541,12752781312,323792707,1.508736e-01,6.248971e-02,2.686740e-10,1.058687e-10,1.180062e-08,2.710239e-08
1594359808,8726209,12754878464,323846318,1.508739e-01,6.248978e-02,2.575560e-10,1.044933e-10,1.131230e-08,2.675029e-08
1594621952,8726252,12756975616,323899519,1.508739e-01,6.248995e-02,2.594727e-10,1.010941e-10,1.139648e-08,2.588010e-08
1594884096,8726344,12759072768,323952600,1.508738e-01,6.248996e-02,2.618785e-10,1.008695e-10,1.150215e-08,2.582260e-08
1595146240,8726428,12761169920,324006084,1.508737e-01,6.248990e-02,2.647802e-10,1.019951e-10,1.162960e-08,2.611074e-08
1595408384,8726649,12763267072,324058643,1.508736e-01,6.248989e-02,2.672105e-10,1.022210e-10,1.173634e-08,2.616856e-08
1595670528,8726926,12765364224,324111533,1.508728e-01,6.248978e-02,2.962131e-10,1.044172e-10,1.301018e-08,2.673079e-08
1595932672,8727149,12767461376,324164729,1.508724e-01,6.248963e-02,3.096992e-10,1.076392e-10,1.360251e-08,2.755565e-08
1596194816,8727288,12769558528,324218113,1.508721e-01,6.248929e-02,3.213450e-10,1.147086e-10,1.411402e-08,2.936540e-08
1596456960,8727489,12771655680,324271257,1.508719e-01,6.248925e-02,3.288678e-10,1.156682e-10,1.444443e-08,2.961105e-08
1596719104,8728212,12773752832,324324713,1.508720e-01,6.248927e-02,3.224143e-10,1.151879e-10,1.416098e-08,2.948810e-08
1596981248,8728322,12775849984,324377710,1.508715e-01,6.248920e-02,3.408653e-10,1.165513e-10,1.497138e-08,2.983712e-08
1597243392,8728502,12777947136,324430074,1.508714e-01,6.248886e-02,3.447278e-10,1.240688e-10,1.514103e-08,3.176162e-08
1597505536,8728897,12780044288,324483376,1.508712e-01,6.248865e-02,3.536380e-10,1.288443e-10,1.553238e-08,3.298414e-08
1597767680,8729145,12782141440,324536299,1.508712e-01,6.248865e-02,3.519587e-10,1.287597e-10,1.545862e-08,3.296249e-08
1598029824,8729240,12784238592,324589884,1.508712e-01,6.248864e-02,3.519587e-10,1.290981e-10,1.545862e-08,3.304912e-08
1598291968,8729341,12786335744,324642972,1.508713e-01,6.248867e-02,3.508414e-10,1.283374e-10,1.540955e-08,3.285436e-08
1598554112,8729403,12788432896,324696582,1.508712e-01,6.248863e-02,3.519587e-10,1.292675e-10,1.545862e-08,3.309248e-08
1598816256,8729816,12790530048,324749150,1.508713e-01,6.248857e-02,3.502834e-10,1.306264e-10,1.538504e-08,3.344036e-08
1599078400,8729880,12792627200,324802442,1.508711e-01,6.248855e-02,3.570086e-10,1.311378e-10,1.568042e-08,3.357128e-08
1599340544,8730270,12794724352,324855666,1.508711e-01,6.248827e-02,3.564458e-10,1.377023e-10,1.565570e-08,3.525180e-08
1599602688,8730384,12796821504,324909023,1.508711e-01,6.248824e-02,3.570086e-10,1.384027e-10,1.568042e-08,3.543109e-08
1599864832,8730684,12798918656,324962369,1.508708e-01,6.248789e-02,3.672165e-10,1.465841e-10,1.612877e-08,3.752554e-08
1600126976,8730728,12801015808,325015850,1.508705e-01,6.248787e-02,3.787273e-10,1.470355e-10,1.663435e-08,3.764109e-08
1600389120,8730772,12803112960,325069304,1.508706e-01,6.248774e-02,3.775682e-10,1.502146e-10,1.658344e-08,3.845493e-08
1600651264,8731002,12805210112,325123412,1.508706e-01,6.248778e-02,3.758329e-10,1.492118e-10,1.650722e-08,3.819821e-08
1600913408,8731503,12807307264,325176485,1.508709e-01,6.248778e-02,3.643665e-10,1.493938e-10,1.600360e-08,3.824482e-08
1601175552,8731520,12809404416,325230319,1.508717e-01,6.248803e-02,3.359313e-10,1.432655e-10,1.475467e-08,3.667597e-08
1601437696,8731695,12811501568,325283313,1.508712e-01,6.248796e-02,3.536380e-10,1.449649e-10,1.553238e-08,3.711102e-08
1601699840,8731698,12813598720,325336998,1.508714e-01,6.248803e-02,3.463898e-10,1.431764e-10,1.521403e-08,3.665315e-08
1601961984,8732025,12815695872,325390503,1.508713e-01,6.248798e-02,3.508414e-10,1.445167e-10,1.540955e-08,3.699629e-08
1602224128,8732035,12817793024,325443554,1.508717e-01,6.248794e-02,3.337499e-10,1.453240e-10,1.465886e-08,3.720294e-08
1602486272,8732039,12819890176,325496983,1.508719e-01,6.248795e-02,3.261711e-10,1.452342e-10,1.432599e-08,3.717995e-08
1602748416,8732082,12821987328,325551179,1.508726e-01,6.248818e-02,3.024001e-10,1.398087e-10,1.328193e-08,3.579102e-08
1603010560,8732136,12824084480,325604587,1.508723e-01,6.248817e-02,3.139091e-10,1.398968e-10,1.378742e-08,3.581357e-08
1603272704,8732301,12826181632,325657656,1.508725e-01,6.248802e-02,3.055176e-10,1.434439e-10,1.341885e-08,3.672165e-08
1603534848,8732451,12828278784,325710674,1.508725e-01,6.248793e-02,3.070824e-10,1.456835e-10,1.348758e-08,3.729497e-08
1603796992,8732731,12830375936,325763532,1.508725e-01,6.248784e-02,3.049969e-10,1.477592e-10,1.339598e-08,3.782634e-08
1604059136,8732740,12832473088,325816925,1.508729e-01,6.248810e-02,2.936540e-10,1.415761e-10,1.289778e-08,3.624349e-08
1604321280,8732796,12834570240,325870199,1.508731e-01,6.248809e-02,2.860434e-10,1.417535e-10,1.256351e-08,3.628890e-08
1604583424,8733237,12836667392,325923615,1.508732e-01,6.248817e-02,2.805258e-10,1.398968e-10,1.232117e-08,3.581357e-08
1604845568,8733401,12838764544,325976804,1.508731e-01,6.248840e-02,2.855396e-10,1.346593e-10,1.254138e-08,3.447278e-08
1605107712,8733718,12840861696,326029991,1.508727e-01,6.248824e-02,2.992986e-10,1.383150e-10,1.314570e-08,3.540865e-08
1605369856,8733820,12842958848,326083629,1.508726e-01,6.248831e-02,3.013645e-10,1.365681e-10,1.323644e-08,3.496143e-08
1605632000,8734278,12845056000,326137241,1.508725e-01,6.248839e-02,3.070824e-10,1.347458e-10,1.348758e-08,3.449492e-08
1605894144,8734439,12847153152,326189805,1.508722e-01,6.248812e-02,3.170852e-10,1.411332e-10,1.392692e-08,3.613011e-08
1606156288,8734593,12849250304,326243325,1.508725e-01,6.248847e-02,3.055176e-10,1.328498e-10,1.341885e-08,3.400955e-08
1606418432,8734781,12851347456,326296407,1.508726e-01,6.248854e-02,3.029186e-10,1.313939e-10,1.330470e-08,3.363684e-08
1606680576,8734935,12853444608,326349316,1.508723e-01,6.248808e-02,3.123271e-10,1.421974e-10,1.371793e-08,3.640253e-08
1606942720,8735321,12855541760,326402406,1.508718e-01,6.248797e-02,3.326619e-10,1.447856e-10,1.461108e-08,3.706511e-08
1607204864,8735542,12857638912,326456027,1.508720e-01,6.248819e-02,3.250955e-10,1.393685e-10,1.427875e-08,3.567834e-08
1607467008,8736571,12859736064,326509254,1.508719e-01,6.248830e-02,3.272485e-10,1.369166e-10,1.437331e-08,3.505065e-08
1607729152,8741377,12861833216,326562577,1.508721e-01,6.248819e-02,3.213450e-10,1.394565e-10,1.411402e-08,3.570086e-08
1607991296,8742078,12863930368,326615427,1.508722e-01,6.248830e-02,3.149661e-10,1.368294e-10,1.383384e-08,3.502834e-08
1608253440,8749103,12866027520,326668832,1.508719e-01,6.248813e-02,3.288678e-10,1.408678e-10,1.444443e-08,3.606216e-08
1608515584,8752952,12868124672,326721929,1.508718e-01,6.248820e-02,3.321186e-10,1.391927e-10,1.458721e-08,3.563332e-08
1608777728,8754034,12870221824,326775433,1.508721e-01,6.248852e-02,3.186793e-10,1.318213e-10,1.399694e-08,3.374625e-08
1609039872,8754132,12872318976,326828359,1.508721e-01,6.248841e-02,3.202774e-10,1.342274e-10,1.406713e-08,3.436220e-08
1609302016,8754175,12874416128,326882157,1.508723e-01,6.248848e-02,3.128540e-10,1.327639e-10,1.374108e-08,3.398756e-08
1609564160,8754215,12876513280,326935586,1.508725e-01,6.248829e-02,3.060387e-10,1.370910e-10,1.344174e-08,3.509530e-08
1609826304,8754229,12878610432,326988452,1.508725e-01,6.248842e-02,3.065603e-10,1.340548e-10,1.346465e-08,3.431802e-08
1610088448,8754606,12880707584,327041717,1.508727e-01,6.248880e-02,2.992986e-10,1.254002e-10,1.314570e-08,3.210245e-08
1610350592,8754928,12882804736,327094854,1.508729e-01,6.248858e-02,2.921239e-10,1.304561e-10,1.283058e-08,3.339677e-08
1610612736,8755023,12884901888,327148509,1.508735e-01,6.248860e-02,2.730884e-10,1.298611e-10,1.199451e-08,3.324445e-08
1610874880,8755266,12886999040,327202276,1.508733e-01,6.248847e-02,2.770426e-10,1.328498e-10,1.216818e-08,3.400955e-08
1611137024,8755633,12889096192,327255991,1.508739e-01,6.248877e-02,2.575560e-10,1.261522e-10,1.131230e-08,3.229497e-08
1611399168,8756056,12891193344,327309046,1.508742e-01,6.248837e-02,2.509035e-10,1.351785e-10,1.102011e-08,3.460571e-08
1611661312,8756099,12893290496,327363408,1.508749e-01,6.248852e-02,2.283054e-10,1.318213e-10,1.002756e-08,3.374625e-08
1611923456,8756135,12895387648,327416341,1.508740e-01,6.248843e-02,2.542189e-10,1.337961e-10,1.116572e-08,3.425180e-08
1612185600,8756192,12897484800,327469490,1.508742e-01,6.248843e-02,2.480791e-10,1.338823e-10,1.089606e-08,3.427387e-08
1612447744,8756502,12899581952,327522731,1.508737e-01,6.248829e-02,2.647802e-10,1.370910e-10,1.162960e-08,3.509530e-08
1612709888,8756738,12901679104,327576460,1.508741e-01,6.248830e-02,2.532694e-10,1.368294e-10,1.112402e-08,3.502834e-08
1612972032,8756813,12903776256,327629860,1.508741e-01,6.248849e-02,2.532694e-10,1.325065e-10,1.112402e-08,3.392167e-08
1613234176,8756879,12905873408,327684157,1.508744e-01,6.248873e-02,2.438725e-10,1.270744e-10,1.071129e-08,3.253105e-08
1613496320,8756985,12907970560,327737965,1.508746e-01,6.248887e-02,2.364828e-10,1.239029e-10,1.038673e-08,3.171914e-08
1613758464,8757165,12910067712,327790864,1.508744e-01,6.248875e-02,2.434073e-10,1.264872e-10,1.069086e-08,3.238071e-08
1614020608,8757495,12912164864,327844065,1.508746e-01,6.248881e-02,2.369414e-10,1.251500e-10,1.040687e-08,3.203840e-08
1614282752,8757798,12914262016,327897472,1.508746e-01,6.248862e-02,2.383196e-10,1.294370e-10,1.046740e-08,3.313586e-08
1614544896,8757915,12916359168,327950761,1.508745e-01,6.248864e-02,2.406255e-10,1.290135e-10,1.056868e-08,3.302745e-08
1614807040,8757930,12918456320,328003256,1.508745e-01,6.248847e-02,2.387799e-10,1.330216e-10,1.048762e-08,3.405353e-08
1615069184,8758119,12920553472,328056405,1.508743e-01,6.248845e-02,2.448042e-10,1.334516e-10,1.075222e-08,3.416361e-08
1615331328,8758299,12922650624,328109280,1.508740e-01,6.248835e-02,2.542189e-10,1.357856e-10,1.116572e-08,3.476111e-08
1615593472,8758334,12924747776,328162143,1.508742e-01,6.248839e-02,2.494893e-10,1.348323e-10,1.095799e-08,3.451706e-08
1615855616,8758797,12926844928,328215613,1.508741e-01,6.248827e-02,2.532694e-10,1.377023e-10,1.112402e-08,3.525180e-08
1616117760,8758990,12928942080,328269146,1.508738e-01,6.248823e-02,2.638112e-10,1.385780e-10,1.158704e-08,3.547598e-08
1616379904,8759000,12931039232,328322311,1.508739e-01,6.248848e-02,2.594727e-10,1.326781e-10,1.139648e-08,3.396559e-08
1616642048,8759682,12933136384,328375303,1.508738e-01,6.248838e-02,2.633274e-10,1.350054e-10,1.156578e-08,3.456137e-08
1616904192,8759768,12935233536,328428809,1.508742e-01,6.248888e-02,2.480791e-10,1.237371e-10,1.089606e-08,3.167669e-08
1617166336,8759901,12937330688,328482289,1.508745e-01,6.248881e-02,2.387799e-10,1.252334e-10,1.048762e-08,3.205975e-08
1617428480,8761134,12939427840,328535909,1.508750e-01,6.248891e-02,2.238245e-10,1.229923e-10,9.830752e-09,3.148603e-08
1617690624,8762105,12941524992,328588967,1.508749e-01,6.248894e-02,2.287559e-10,1.222498e-10,1.004735e-08,3.129594e-08
1617952768,8763073,12943622144,328641924,1.508747e-01,6.248878e-02,2.351099e-10,1.259849e-10,1.032643e-08,3.225214e-08
1618214912,8764169,12945719296,328695324,1.508745e-01,6.248865e-02,2.415510e-10,1.289289e-10,1.060933e-08,3.300579e-08
1618477056,8764751,12947816448,328748471,1.508748e-01,6.248878e-02,2.319220e-10,1.259849e-10,1.018641e-08,3.225214e-08
1618739200,8767456,12949913600,328801882,1.508749e-01,6.248851e-02,2.283054e-10,1.319924e-10,1.002756e-08,3.379006e-08
1619001344,8772366,12952010752,328854808,1.508747e-01,6.248840e-02,2.337410e-10,1.344864e-10,1.026630e-08,3.442853e-08
1619263488,8782902,12954107904,328908827,1.508753e-01,6.248865e-02,2.158709e-10,1.287597e-10,9.481416e-09,3.296249e-08
1619525632,8784161,12956205056,328962507,1.508757e-01,6.248889e-02,2.050629e-10,1.234058e-10,9.006709e-09,3.159188e-08
1619787776,8795195,12958302208,329015362,1.508753e-01,6.248880e-02,2.145593e-10,1.254836e-10,9.423807e-09,3.212381e-08
1620049920,8796419,12960399360,329068088,1.508751e-01,6.248865e-02,2.216007e-10,1.287597e-10,9.733080e-09,3.296249e-08
1620312064,8806836,12962496512,329121080,1.508750e-01,6.248859e-02,2.256115e-10,1.301160e-10,9.909241e-09,3.330969e-08
1620574208,8813483,12964593664,329174324,1.508747e-01,6.248855e-02,2.346532e-10,1.311378e-10,1.030637e-08,3.357128e-08
1620836352,8815077,12966690816,329227006,1.508744e-01,6.248837e-02,2.434073e-10,1.352652e-10,1.069086e-08,3.462789e-08
1621098496,8816773,12968787968,329280140,1.508740e-01,6.248848e-02,2.556464e-10,1.326781e-10,1.122842e-08,3.396559e-08
1621360640,8817003,12970885120,329333719,1.508742e-01,6.248864e-02,2.485487e-10,1.290981e-10,1.091668e-08,3.304912e-08
1621622784,8818850,12972982272,329386926,1.508738e-01,6.248856e-02,2.609148e-10,1.307968e-10,1.145982e-08,3.348397e-08
1621884928,8820204,12975079424,329440601,1.508742e-01,6.248885e-02,2.490188e-10,1.242348e-10,1.093733e-08,3.180412e-08
1622147072,8820730,12977176576,329493608,1.508739e-01,6.248881e-02,2.580345e-10,1.252334e-10,1.133331e-08,3.205975e-08
1622409216,8825154,12979273728,329546309,1.508740e-01,6.248884e-02,2.570779e-10,1.244841e-10,1.129130e-08,3.186793e-08
1622671360,8826989,12981370880,329599959,1.508733e-01,6.248875e-02,2.770426e-10,1.265710e-10,1.216818e-08,3.240217e-08
1622933504,8828293,12983468032,329653528,1.508736e-01,6.248902e-02,2.672105e-10,1.206077e-10,1.173634e-08,3.087558e-08
1623195648,8849797,12985565184,329706517,1.508733e-01,6.248880e-02,2.795284e-10,1.254002e-10,1.227736e-08,3.210245e-08
1623457792,8850463,12987662336,329759402,1.508726e-01,6.248856e-02,3.018821e-10,1.309672e-10,1.325917e-08,3.352761e-08
1623719936,8864878,12989759488,329812270,1.508723e-01,6.248844e-02,3.144374e-10,1.336238e-10,1.381062e-08,3.420769e-08
1623982080,8866082,12991856640,329865153,1.508721e-01,6.248812e-02,3.218794e-10,1.412218e-10,1.413749e-08,3.615277e-08
1624244224,8871173,12993953792,329918757,1.508722e-01,6.248818e-02,3.181475e-10,1.396325e-10,1.397358e-08,3.574593e-08
1624506368,8890643,12996050944,329972272,1.508722e-01,6.248832e-02,3.160248e-10,1.363070e-10,1.388034e-08,3.489460e-08
1624768512,8894508,12998148096,330025873,1.508725e-01,6.248846e-02,3.070824e-10,1.331075e-10,1.348758e-08,3.407553e-08
1625030656,8895561,13000245248,330079434,1.508725e-01,6.248832e-02,3.049969e-10,1.364810e-10,1.339598e-08,3.493915e-08
1625292800,8897951,13002342400,330132703,1.508724e-01,6.248827e-02,3.107490e-10,1.377023e-10,1.364862e-08,3.525180e-08
1625554944,8902108,13004439552,330185854,1.508725e-01,6.248864e-02,3.076048e-10,1.290135e-10,1.351053e-08,3.302745e-08
1625817088,8903424,13006536704,330239375,1.508727e-01,6.248895e-02,2.982683e-10,1.220028e-10,1.310045e-08,3.123271e-08
1626079232,8903909,13008633856,330292815,1.508727e-01,6.248918e-02,2.992986e-10,1.170344e-10,1.314570e-08,2.996080e-08
1626341376,8904409,13010731008,330345956,1.508725e-01,6.248917e-02,3.060387e-10,1.171956e-10,1.344174e-08,3.000208e-08
1626603520,8904683,13012828160,330398939,1.508721e-01,6.248891e-02,3.192115e-10,1.229097e-10,1.402031e-08,3.146488e-08
1626865664,8904826,13014925312,330451946,1.508719e-01,6.248891e-02,3.277878e-10,1.230749e-10,1.439700e-08,3.150718e-08
1627127808,8905652,13017022464,330505178,1.508725e-01,6.248900e-02,3.070824e-10,1.209353e-10,1.348758e-08,3.095943e-08
1627389952,8906150,13019119616,330558012,1.508727e-01,6.248907e-02,2.987832e-10,1.195464e-10,1.312307e-08,3.060387e-08
1627652096,8906942,13021216768,330611052,1.508728e-01,6.248923e-02,2.946763e-10,1.160692e-10,1.294268e-08,2.971370e-08
1627914240,8907097,13023313920,330663728,1.508725e-01,6.248898e-02,3.055176e-10,1.214274e-10,1.341885e-08,3.108541e-08
1628176384,8907785,13025411072,330717292,1.508729e-01,6.248878e-02,2.926335e-10,1.258177e-10,1.285296e-08,3.220933e-08
1628438528,8907879,13027508224,330770310,1.508728e-01,6.248861e-02,2.941649e-10,1.296914e-10,1.292022e-08,3.320099e-08
1628700672,8907939,13029605376,330823765,1.508728e-01,6.248878e-02,2.951881e-10,1.259013e-10,1.296516e-08,3.223073e-08
1628962816,8908048,13031702528,330876865,1.508729e-01,6.248888e-02,2.936540e-10,1.237371e-10,1.289778e-08,3.167669e-08
1629224960,8908150,13033799680,330930482,1.508732e-01,6.248897e-02,2.830272e-10,1.217560e-10,1.243103e-08,3.116953e-08
1629487104,8908548,13035896832,330983799,1.508733e-01,6.248911e-02,2.785328e-10,1.185708e-10,1.223363e-08,3.035413e-08
1629749248,8908715,13037993984,331037366,1.508730e-01,6.248930e-02,2.900900e-10,1.143896e-10,1.274124e-08,2.928374e-08
1630011392,8908934,13040091136,331090912,1.508729e-01,6.248935e-02,2.926335e-10,1.133560e-10,1.285296e-08,2.901915e-08
1630273536,8909020,13042188288,331143824,1.508727e-01,6.248938e-02,2.987832e-10,1.128806e-10,1.312307e-08,2.889743e-08
1630535680,8909843,13044285440,331197529,1.508728e-01,6.248976e-02,2.951881e-10,1.048745e-10,1.296516e-08,2.684786e-08
1630797824,8910038,13046382592,331250607,1.508730e-01,6.248978e-02,2.885692e-10,1.044933e-10,1.267445e-08,2.675029e-08
1631059968,8910551,13048479744,331303993,1.508732e-01,6.248973e-02,2.810252e-10,1.055623e-10,1.234310e-08,2.702394e-08
1631322112,8910717,13050576896,331357614,1.508733e-01,6.248979e-02,2.770426e-10,1.043410e-10,1.216818e-08,2.671131e-08
1631584256,8910825,13052674048,331411595,1.508735e-01,6.248991e-02,2.711220e-10,1.018447e-10,1.190814e-08,2.607223e-08
1631846400,8910945,13054771200,331464702,1.508729e-01,6.248968e-02,2.905978e-10,1.064829e-10,1.276355e-08,2.725962e-08
1632108544,8910945,13056868352,331518390,1.508733e-01,6.248991e-02,2.790304e-10,1.018447e-10,1.225549e-08,2.607223e-08
1632370688,8911457,13058965504,331572252,1.508732e-01,6.248988e-02,2.820253e-10,1.024471e-10,1.238703e-08,2.622645e-08
1632632832,8911500,13061062656,331625920,1.508732e-01,6.249017e-02,2.830272e-10,9.672263e-11,1.243103e-08,2.476099e-08
1632894976,8911660,13063159808,331679458,1.508735e-01,6.249027e-02,2.725962e-10,9.475433e-11,1.197289e-08,2.425711e-08
1633157120,8911900,13065256960,331732370,1.508736e-01,6.249010e-02,2.696519e-10,9.797231e-11,1.184357e-08,2.508091e-08
1633419264,8912225,13067354112,331785842,1.508740e-01,6.249030e-02,2.546943e-10,9.403046e-11,1.118660e-08,2.407180e-08
1633681408,8912306,13069451264,331838731,1.508739e-01,6.249018e-02,2.575560e-10,9.650293e-11,1.131230e-08,2.470475e-08
1633943552,8912310,13071548416,331891686,1.508738e-01,6.249021e-02,2.609148e-10,9.591829e-11,1.145982e-08,2.455508e-08
1634205696,8912642,13073645568,331945146,1.508742e-01,6.249004e-02,2.485487e-10,9.915581e-11,1.091668e-08,2.538389e-08
1634467840,8912991,13075742720,331998848,1.508746e-01,6.249033e-02,2.383196e-10,9.345337e-11,1.046740e-08,2.392406e-08
1634729984,8913119,13077839872,332051916,1.508747e-01,6.249039e-02,2.328306e-10,9.244773e-11,1.022632e-08,2.366662e-08
1634992128,8913174,13079937024,332105680,1.508749e-01,6.249015e-02,2.283054e-10,9.694258e-11,1.002756e-08,2.481730e-08
1635254272,8913259,13082034176,332159287,1.508753e-01,6.249004e-02,2.171865e-10,9.923001e-11,9.539200e-09,2.540288e-08
1635516416,8913315,13084131328,332212387,1.508754e-01,6.249007e-02,2.119480e-10,9.856317e-11,9.309117e-09,2.523217e-08
1635778560,8913575,13086228480,332266332,1.508757e-01,6.249016e-02,2.050629e-10,9.679592e-11,9.006709e-09,2.477976e-08
1636040704,8913635,13088325632,332319362,1.508753e-01,6.248979e-02,2.158709e-10,1.042649e-10,9.481416e-09,2.669183e-08
1636302848,8913641,13090422784,332372765,1.508754e-01,6.249002e-02,2.132516e-10,9.967582e-11,9.366374e-09,2.551701e-08
1636564992,8913674,13092519936,332425868,1.508753e-01,6.248988e-02,2.158709e-10,1.023717e-10,9.481416e-09,2.620715e-08
1636827136,8913721,13094617088,332478656,1.508749e-01,6.248989e-02,2.283054e-10,1.021456e-10,1.002756e-08,2.614928e-08
1637089280,8913771,13096714240,332531811,1.508745e-01,6.248974e-02,2.410880e-10,1.053328e-10,1.058900e-08,2.696519e-08
1637351424,8914059,13098811392,332585194,1.508746e-01,6.248958e-02,2.374003e-10,1.086465e-10,1.042702e-08,2.781350e-08
1637613568,8914282,13100908544,332639120,1.508747e-01,6.248972e-02,2.332856e-10,1.057154e-10,1.024630e-08,2.706315e-08
1637875712,8914331,13103005696,332692362,1.508744e-01,6.248970e-02,2.443381e-10,1.060221e-10,1.073174e-08,2.714165e-08
1638137856,8914337,13105102848,332745168,1.508739e-01,6.248953e-02,2.594727e-10,1.096584e-10,1.139648e-08,2.807255e-08
1638400000,8914814,13107200000,332798801,1.508737e-01,6.248939e-02,2.657510e-10,1.125642e-10,1.167223e-08,2.881643e-08
1638662144,8915188,13109297152,332851638,1.508729e-01,6.248887e-02,2.916147e-10,1.239858e-10,1.280821e-08,3.174037e-08
1638924288,8915447,13111394304,332904966,1.508728e-01,6.248900e-02,2.962131e-10,1.210172e-10,1.301018e-08,3.098041e-08
1639186432,8915484,13113491456,332958463,1.508729e-01,6.248897e-02,2.926335e-10,1.217560e-10,1.285296e-08,3.116953e-08
1639448576,8915561,13115588608,333011724,1.508730e-01,6.248904e-02,2.885692e-10,1.201990e-10,1.267445e-08,3.077094e-08
1639710720,8915975,13117685760,333065559,1.508737e-01,6.248906e-02,2.647802e-10,1.196279e-10,1.162960e-08,3.062473e-08
1639972864,8916259,13119782912,333118454,1.508733e-01,6.248890e-02,2.770426e-10,1.232403e-10,1.216818e-08,3.154952e-08
1640235008,8916518,13121880064,333172155,1.508735e-01,6.248918e-02,2.711220e-10,1.171150e-10,1.190814e-08,2.998144e-08
1640497152,8916582,13123977216,333225373,1.508738e-01,6.248945e-02,2.623610e-10,1.113816e-10,1.152334e-08,2.851369e-08
1640759296,8917146,13126074368,333278882,1.508733e-01,6.248952e-02,2.790304e-10,1.098926e-10,1.225549e-08,2.813250e-08
1641021440,8917363,13128171520,333332211,1.508731e-01,6.248967e-02,2.840308e-10,1.067906e-10,1.247512e-08,2.733840e-08
1641283584,8920813,13130268672,333386140,1.508729e-01,6.248939e-02,2.921239e-10,1.124851e-10,1.283058e-08,2.879620e-08
1641545728,8922985,13132365824,333439513,1.508727e-01,6.248947e-02,2.987832e-10,1.109103e-10,1.312307e-08,2.839304e-08
1641807872,8927663,13134462976,333492633,1.508725e-01,6.248932e-02,3.060387e-10,1.139915e-10,1.344174e-08,2.918183e-08
1642070016,8931664,13136560128,333546029,1.508723e-01,6.248913e-02,3.144374e-10,1.182465e-10,1.381062e-08,3.027111e-08
1642332160,8932753,13138657280,333599825,1.508721e-01,6.248909e-02,3.192115e-10,1.189768e-10,1.402031e-08,3.045807e-08
1642594304,8932874,13140754432,333653335,1.508726e-01,6.248913e-02,3.013645e-10,1.182465e-10,1.323644e-08,3.027111e-08
1642856448,8932884,13142851584,333707057,1.508727e-01,6.248914e-02,2.987832e-10,1.179227e-10,1.312307e-08,3.018821e-08
1643118592,8932888,13144948736,333759884,1.508724e-01,6.248884e-02,3.107490e-10,1.246504e-10,1.364862e-08,3.191051e-08
1643380736,8932934,13147045888,333813219,1.508726e-01,6.248921e-02,3.008473e-10,1.163905e-10,1.321373e-08,2.979596e-08
1643642880,8933344,13149143040,333866096,1.508724e-01,6.248906e-02,3.091749e-10,1.196279e-10,1.357949e-08,3.062473e-08
1643905024,8933616,13151240192,333919971,1.508731e-01,6.248951e-02,2.840308e-10,1.099707e-10,1.247512e-08,2.815250e-08
1644167168,8933778,13153337344,333973261,1.508733e-01,6.248970e-02,2.775389e-10,1.060988e-10,1.218998e-08,2.716130e-08
1644429312,8934004,13155434496,334026833,1.508735e-01,6.248980e-02,2.721043e-10,1.041128e-10,1.195129e-08,2.665289e-08
1644691456,8934476,13157531648,334080082,1.508737e-01,6.248998e-02,2.647802e-10,1.004211e-10,1.162960e-08,2.570779e-08
1644953600,8934748,13159628800,334133539,1.508738e-01,6.248986e-02,2.638112e-10,1.029000e-10,1.158704e-08,2.634241e-08
1645215744,8934759,13161725952,334186937,1.508741e-01,6.248974e-02,2.527953e-10,1.053328e-10,1.110320e-08,2.696519e-08
1645477888,8934935,13163823104,334240377,1.508743e-01,6.248968e-02,2.452707e-10,1.064060e-10,1.077271e-08,2.723994e-08
1645740032,8934971,13165920256,334293190,1.508740e-01,6.248965e-02,2.566003e-10,1.071759e-10,1.127032e-08,2.743704e-08
1646002176,8935187,13168017408,334346602,1.508740e-01,6.248959e-02,2.542189e-10,1.084136e-10,1.116572e-08,2.775389e-08
1646264320,8935576,13170114560,334400208,1.508742e-01,6.248979e-02,2.504317e-10,1.043410e-10,1.099938e-08,2.671131e-08
1646526464,8935588,13172211712,334453177,1.508737e-01,6.248959e-02,2.657510e-10,1.083361e-10,1.167223e-08,2.773403e-08
1646788608,8935603,13174308864,334506966,1.508739e-01,6.248950e-02,2.585134e-10,1.102052e-10,1.135435e-08,2.821254e-08
1647050752,8935640,13176406016,334560223,1.508741e-01,6.248961e-02,2.523217e-10,1.078713e-10,1.108240e-08,2.761504e-08
1647312896,8936045,13178503168,334613374,1.508744e-01,6.248990e-02,2.434073e-10,1.020704e-10,1.069086e-08,2.613001e-08
1647575040,8936141,13180600320,334666923,1.508746e-01,6.248970e-02,2.369414e-10,1.061756e-10,1.040687e-08,2.718095e-08
1647837184,8936566,13182697472,334719459,1.508741e-01,6.248958e-02,2.537439e-10,1.085688e-10,1.114486e-08,2.779362e-08
1648099328,8936573,13184794624,334773012,1.508746e-01,6.248979e-02,2.374003e-10,1.041889e-10,1.042702e-08,2.667235e-08
1648361472,8936689,13186891776,334826459,1.508749e-01,6.248990e-02,2.292069e-10,1.019951e-10,1.006716e-08,2.611074e-08
1648623616,8936922,13188988928,334879562,1.508743e-01,6.248992e-02,2.462051e-10,1.015441e-10,1.081374e-08,2.599529e-08
1648885760,8936949,13191086080,334932646,1.508742e-01,6.249002e-02,2.490188e-10,9.960145e-11,1.093733e-08,2.549797e-08
1649147904,8937094,13193183232,334985734,1.508741e-01,6.249024e-02,2.537439e-10,9.526269e-11,1.114486e-08,2.438725e-08
1649410048,8937452,13195280384,335039230,1.508741e-01,6.249022e-02,2.523217e-10,9.569950e-11,1.108240e-08,2.449907e-08
1649672192,8937662,13197377536,335092519,1.508745e-01,6.249037e-02,2.401634e-10,9.273450e-11,1.054839e-08,2.374003e-08
1649934336,8937689,13199474688,335145911,1.508747e-01,6.249050e-02,2.332856e-10,9.031111e-11,1.024630e-08,2.311964e-08
1650196480,8938422,13201571840,335198474,1.508748e-01,6.249042e-02,2.296583e-10,9.173275e-11,1.008698e-08,2.348358e-08
1650458624,8938470,13203668992,335251586,1.508744e-01,6.249034e-02,2.424783e-10,9.338136e-11,1.065006e-08,2.390563e-08
1650720768,8938628,13205766144,335304934,1.508741e-01,6.249008e-02,2.527953e-10,9.848922e-11,1.110320e-08,2.521324e-08
1650982912,8939839,13207863296,335358314,1.508743e-01,6.249038e-02,2.457377e-10,9.259106e-11,1.079322e-08,2.370331e-08
1651245056,8940846,13209960448,335411637,1.508745e-01,6.249013e-02,2.406255e-10,9.745676e-11,1.056868e-08,2.494893e-08
1651507200,8941943,13212057600,335464758,1.508747e-01,6.249008e-02,2.323761e-10,9.848922e-11,1.020635e-08,2.521324e-08
1651769344,8942955,13214154752,335518095,1.508749e-01,6.249013e-02,2.265077e-10,9.745676e-11,9.948603e-09,2.494893e-08
1652031488,8946174,13216251904,335570900,1.508748e-01,6.248990e-02,2.314684e-10,1.020704e-10,1.016649e-08,2.613001e-08
1652293632,8946362,13218349056,335624053,1.508747e-01,6.249000e-02,2.341969e-10,1.000481e-10,1.028633e-08,2.561231e-08
1652555776,8951023,13220446208,335677209,1.508748e-01,6.248987e-02,2.310152e-10,1.025979e-10,1.014658e-08,2.626507e-08
1652817920,8962903,13222543360,335730544,1.508745e-01,6.248971e-02,2.415510e-10,1.057921e-10,1.060933e-08,2.708277e-08
1653080064,8964399,13224640512,335783850,1.508745e-01,6.248966e-02,2.415510e-10,1.069447e-10,1.060933e-08,2.737784e-08
1653342208,8973885,13226737664,335837109,1.508748e-01,6.248957e-02,2.305625e-10,1.088019e-10,1.012669e-08,2.785328e-08
1653604352,8975129,13228834816,335890232,1.508747e-01,6.248946e-02,2.323761e-10,1.111458e-10,1.020635e-08,2.845333e-08
1653866496,8985497,13230931968,335943341,1.508747e-01,6.248942e-02,2.337410e-10,1.120115e-10,1.026630e-08,2.867495e-08
1654128640,8992332,13233029120,335996111,1.508747e-01,6.248965e-02,2.337410e-10,1.070217e-10,1.026630e-08,2.739757e-08
1654390784,8993961,13235126272,336049712,1.508745e-01,6.248985e-02,2.406255e-10,1.030512e-10,1.056868e-08,2.638112e-08
1654652928,8995360,13237223424,336102812,1.508740e-01,6.248973e-02,2.542189e-10,1.054857e-10,1.116572e-08,2.700435e-08
1654915072,8995838,13239320576,336156286,1.508740e-01,6.248982e-02,2.542189e-10,1.035814e-10,1.116572e-08,2.651683e-08
1655177216,8997681,13241417728,336208750,1.508736e-01,6.248960e-02,2.672105e-10,1.082585e-10,1.173634e-08,2.771418e-08
1655439360,8998950,13243514880,336261816,1.508736e-01,6.248939e-02,2.696519e-10,1.126432e-10,1.184357e-08,2.883667e-08
1655701504,8999470,13245612032,336314926,1.508737e-01,6.248948e-02,2.652654e-10,1.106750e-10,1.165091e-08,2.833281e-08
1655963648,9006596,13247709184,336368249,1.508740e-01,6.248931e-02,2.566003e-10,1.143100e-10,1.127032e-08,2.926335e-08
1656225792,9008499,13249806336,336421774,1.508743e-01,6.248932e-02,2.476099e-10,1.140711e-10,1.087545e-08,2.920220e-08
1656487936,9010040,13251903488,336475422,1.508746e-01,6.248931e-02,2.378597e-10,1.143100e-10,1.044720e-08,2.926335e-08
1656750080,9028447,13254000640,336528668,1.508747e-01,6.248938e-02,2.341969e-10,1.127223e-10,1.028633e-08,2.885692e-08
1657012224,9029151,13256097792,336581549,1.508746e-01,6.248898e-02,2.364828e-10,1.215095e-10,1.038673e-08,3.110643e-08
1657274368,9044839,13258194944,336634768,1.508744e-01,6.248874e-02,2.434073e-10,1.268226e-10,1.069086e-08,3.246658e-08
1657536512,9046460,13260292096,336688461,1.508749e-01,6.248890e-02,2.265077e-10,1.232403e-10,9.948603e-09,3.154952e-08
1657798656,9050000,13262389248,336741848,1.508754e-01,6.248916e-02,2.119480e-10,1.174377e-10,9.309117e-09,3.006406e-08
1658060800,9069504,13264486400,336795091,1.508755e-01,6.248920e-02,2.097842e-10,1.166317e-10,9.214078e-09,2.985772e-08
1658322944,9073346,13266583552,336847905,1.508754e-01,6.248923e-02,2.123821e-10,1.159087e-10,9.328183e-09,2.967262e-08
1658585088,9074468,13268680704,336901391,1.508755e-01,6.248940e-02,2.106484e-10,1.124061e-10,9.252035e-09,2.877597e-08
1658847232,9076897,13270777856,336954770,1.508755e-01,6.248917e-02,2.106484e-10,1.171956e-10,9.252035e-09,3.000208e-08
1659109376,9083629,13272875008,337008303,1.508757e-01,6.248945e-02,2.050629e-10,1.113030e-10,9.006709e-09,2.849356e-08
1659371520,9084982,13274972160,337062327,1.508758e-01,6.248943e-02,2.012399e-10,1.117751e-10,8.838799e-09,2.861442e-08
1659633664,9085440,13277069312,337115398,1.508756e-01,6.248947e-02,2.076315e-10,1.109103e-10,9.119527e-09,2.839304e-08
1659895808,9085735,13279166464,337168906,1.508759e-01,6.248964e-02,1.995524e-10,1.074075e-10,8.764679e-09,2.749631e-08
1660157952,9086175,13281263616,337222009,1.508756e-01,6.248955e-02,2.067735e-10,1.091129e-10,9.081843e-09,2.793291e-08
1660420096,9086197,13283360768,337274776,1.508752e-01,6.248949e-02,2.193881e-10,1.104400e-10,9.635896e-09,2.827264e-08
1660682240,9086346,13285457920,337328062,1.508755e-01,6.248950e-02,2.110812e-10,1.102052e-10,9.271043e-09,2.821254e-08
1660944384,9087252,13287555072,337381559,1.508757e-01,6.248950e-02,2.050629e-10,1.102835e-10,9.006709e-09,2.823257e-08
1661206528,9087663,13289652224,337435491,1.508759e-01,6.248961e-02,1.974529e-10,1.078713e-10,8.672468e-09,2.761504e-08
1661468672,9088718,13291749376,337488632,1.508759e-01,6.248958e-02,1.987113e-10,1.084912e-10,8.727737e-09,2.777375e-08
1661730816,9089370,13293846528,337541592,1.508759e-01,6.248983e-02,1.987113e-10,1.033540e-10,8.727737e-09,2.645863e-08
1661992960,9089530,13295943680,337595128,1.508756e-01,6.248988e-02,2.059173e-10,1.024471e-10,9.044236e-09,2.622645e-08
1662255104,9089595,13298040832,337648295,1.508757e-01,6.248984e-02,2.037845e-10,1.031269e-10,8.950563e-09,2.640049e-08
1662517248,9089687,13300137984,337701252,1.508756e-01,6.248984e-02,2.063452e-10,1.032026e-10,9.063029e-09,2.641986e-08
1662779392,9089718,13302235136,337754552,1.508756e-01,6.248975e-02,2.072023e-10,1.051035e-10,9.100675e-09,2.690649e-08
1663041536,9090148,13304332288,337807645,1.508753e-01,6.248950e-02,2.171865e-10,1.102835e-10,9.539200e-09,2.823257e-08
1663303680,9090304,13306429440,337861015,1.508757e-01,6.248961e-02,2.054898e-10,1.080261e-10,9.025464e-09,2.765468e-08
1663565824,9090536,13308526592,337913617,1.508756e-01,6.248954e-02,2.063452e-10,1.095024e-10,9.063029e-09,2.803262e-08
1663827968,9090652,13310623744,337967256,1.508761e-01,6.248949e-02,1.920464e-10,1.104400e-10,8.435003e-09,2.827264e-08
1664090112,9091453,13312720896,338019876,1.508757e-01,6.248936e-02,2.029346e-10,1.132767e-10,8.913231e-09,2.899884e-08
1664352256,9091699,13314818048,338073112,1.508757e-01,6.248937e-02,2.033593e-10,1.129598e-10,8.931888e-09,2.891770e-08
1664614400,9091716,13316915200,338126447,1.508757e-01,6.248923e-02,2.042102e-10,1.159087e-10,8.969259e-09,2.967262e-08
1664876544,9092246,13319012352,338179238,1.508757e-01,6.248918e-02,2.037845e-10,1.170344e-10,8.950563e-09,2.996080e-08
1665138688,9092295,13321109504,338232871,1.508757e-01,6.248923e-02,2.037845e-10,1.159087e-10,8.950563e-09,2.967262e-08
1665400832,9092389,13323206656,338285631,1.508757e-01,6.248905e-02,2.029346e-10,1.199540e-10,8.913231e-09,3.070824e-08
1665662976,9092510,13325303808,338339042,1.508759e-01,6.248916e-02,1.987113e-10,1.174377e-10,8.727737e-09,3.006406e-08
1665925120,9092511,13327400960,338392804,1.508763e-01,6.248944e-02,1.875302e-10,1.115389e-10,8.236645e-09,2.855396e-08
1666187264,9093079,13329498112,338445605,1.508762e-01,6.248960e-02,1.895764e-10,1.081810e-10,8.326515e-09,2.769434e-08
1666449408,9093172,13331595264,338498903,1.508765e-01,6.248962e-02,1.810572e-10,1.077939e-10,7.952338e-09,2.759524e-08
1666711552,9093176,13333692416,338552178,1.508770e-01,6.248983e-02,1.680656e-10,1.034298e-10,7.381725e-09,2.647802e-08
1666973696,9093471,13335789568,338605215,1.508767e-01,6.248937e-02,1.778633e-10,1.129598e-10,7.812058e-09,2.891770e-08
1667235840,9093842,13337886720,338658929,1.508766e-01,6.248945e-02,1.798561e-10,1.112244e-10,7.899587e-09,2.847344e-08
1667497984,9093863,13339983872,338711440,1.508759e-01,6.248914e-02,1.974529e-10,1.178418e-10,8.672468e-09,3.016750e-08
1667760128,9093945,13342081024,338765295,1.508761e-01,6.248920e-02,1.916336e-10,1.167122e-10,8.416873e-09,2.987832e-08
1668022272,9094211,13344178176,338818176,1.508759e-01,6.248912e-02,1.978719e-10,1.184086e-10,8.690871e-09,3.031261e-08
1668284416,9094508,13346275328,338872116,1.508765e-01,6.248897e-02,1.826648e-10,1.216738e-10,8.022947e-09,3.114849e-08
1668546560,9094798,13348372480,338925098,1.508763e-01,6.248882e-02,1.879386e-10,1.249834e-10,8.254581e-09,3.199574e-08
1668808704,9094894,13350469632,338978560,1.508760e-01,6.248849e-02,1.961986e-10,1.325923e-10,8.617376e-09,3.394362e-08
1669070848,9094898,13352566784,339031870,1.508762e-01,6.248862e-02,1.895764e-10,1.296065e-10,8.326515e-09,3.317928e-08
1669332992,9095024,13354663936,339085320,1.508770e-01,6.248906e-02,1.688392e-10,1.197909e-10,7.415702e-09,3.066647e-08
1669595136,9095124,13356761088,339138576,1.508772e-01,6.248897e-02,1.646063e-10,1.216738e-10,7.229790e-09,3.114849e-08
1669857280,9095248,13358858240,339191880,1.508774e-01,6.248898e-02,1.596732e-10,1.213453e-10,7.013116e-09,3.106439e-08
1670119424,9095283,13360955392,339245608,1.508776e-01,6.248901e-02,1.544445e-10,1.207714e-10,6.783463e-09,3.091749e-08
1670381568,9095303,13363052544,339299313,1.508777e-01,6.248905e-02,1.503973e-10,1.199540e-10,6.605703e-09,3.070824e-08
1670643712,9095366,13365149696,339352026,1.508779e-01,6.248904e-02,1.471259e-10,1.200357e-10,6.462018e-09,3.072913e-08
1670905856,9095403,13367246848,339404434,1.508776e-01,6.248878e-02,1.525982e-10,1.259849e-10,6.702370e-09,3.225214e-08
1671168000,9095741,13369344000,339457926,1.508776e-01,6.248858e-02,1.525982e-10,1.304561e-10,6.702370e-09,3.339677e-08
1671430144,9095874,13371441152,339511414,1.508776e-01,6.248834e-02,1.533353e-10,1.360462e-10,6.734748e-09,3.482782e-08
1671692288,9095932,13373538304,339564476,1.508773e-01,6.248828e-02,1.600500e-10,1.373529e-10,7.029667e-09,3.516233e-08
1671954432,9096119,13375635456,339617923,1.508777e-01,6.248847e-02,1.507630e-10,1.328498e-10,6.621765e-09,3.400955e-08
1672216576,9096486,13377732608,339671163,1.508775e-01,6.248844e-02,1.566747e-10,1.337099e-10,6.881418e-09,3.422974e-08
1672478720,9096965,13379829760,339725176,1.508776e-01,6.248840e-02,1.544445e-10,1.345729e-10,6.783463e-09,3.445065e-08
1672740864,9097292,13381926912,339778204,1.508774e-01,6.248862e-02,1.596732e-10,1.295217e-10,7.013116e-09,3.315757e-08
1673003008,9097330,13384024064,339831580,1.508772e-01,6.248882e-02,1.642242e-10,1.249834e-10,7.213006e-09,3.199574e-08
1673265152,9097774,13386121216,339885135,1.508772e-01,6.248874e-02,1.627001e-10,1.267387e-10,7.146064e-09,3.244510e-08
1673527296,9097938,13388218368,339938656,1.508772e-01,6.248881e-02,1.634612e-10,1.251500e-10,7.179495e-09,3.203840e-08
1673789440,9098120,13390315520,339992198,1.508773e-01,6.248873e-02,1.611831e-10,1.269904e-10,7.079433e-09,3.250955e-08
1674051584,9098478,13392412672,340045701,1.508772e-01,6.248869e-02,1.627001e-10,1.278314e-10,7.146064e-09,3.272485e-08
1674313728,9099134,13394509824,340099169,1.508766e-01,6.248833e-02,1.786591e-10,1.361331e-10,7.847010e-09,3.485007e-08
1674575872,9099214,13396606976,340153074,1.508771e-01,6.248846e-02,1.653719e-10,1.331075e-10,7.263416e-09,3.407553e-08
1674838016,9099693,13398704128,340205982,1.508771e-01,6.248846e-02,1.665237e-10,1.331935e-10,7.314004e-09,3.409754e-08
1675100160,9104767,13400801280,340258830,1.508773e-01,6.248862e-02,1.619407e-10,1.295217e-10,7.112710e-09,3.315757e-08
1675362304,9106341,13402898432,340312443,1.508776e-01,6.248862e-02,1.529665e-10,1.296065e-10,6.718550e-09,3.317928e-08
1675624448,9110571,13404995584,340365939,1.508780e-01,6.248877e-02,1.435332e-10,1.260685e-10,6.304222e-09,3.227355e-08
1675886592,9111635,13407092736,340419610,1.508781e-01,6.248878e-02,1.421085e-10,1.259849e-10,6.241649e-09,3.225214e-08
1676148736,9111651,13409189888,340472627,1.508779e-01,6.248875e-02,1.453240e-10,1.266548e-10,6.382876e-09,3.242363e-08
1676410880,9111657,13411287040,340526235,1.508781e-01,6.248879e-02,1.424640e-10,1.257341e-10,6.257262e-09,3.218794e-08
1676673024,9111776,13413384192,340579377,1.508778e-01,6.248884e-02,1.496672e-10,1.246504e-10,6.573635e-09,3.191051e-08
1676935168,9111830,13415481344,340633245,1.508783e-01,6.248913e-02,1.371783e-10,1.180846e-10,6.025102e-09,3.022965e-08
1677197312,9112203,13417578496,340686716,1.508786e-01,6.248913e-02,1.299461e-10,1.180846e-10,5.707452e-09,3.022965e-08
1677459456,9112411,13419675648,340740214,1.508789e-01,6.248944e-02,1.232403e-10,1.116176e-10,5.412924e-09,2.857411e-08
1677721600,9112648,13421772800,340793265,1.508790e-01,6.248953e-02,1.215916e-10,1.096584e-10,5.340511e-09,2.807255e-08
1677983744,9112777,13423869952,340846064,1.508787e-01,6.248942e-02,1.285907e-10,1.119327e-10,5.647921e-09,2.865477e-08
1678245888,9113458,13425967104,340899377,1.508782e-01,6.248925e-02,1.392806e-10,1.155080e-10,6.117440e-09,2.957004e-08
1678508032,9113544,13428064256,340952559,1.508781e-01,6.248927e-02,1.417535e-10,1.150280e-10,6.226055e-09,2.944717e-08
1678770176,9113548,13430161408,341005830,1.508779e-01,6.248933e-02,1.460434e-10,1.138325e-10,6.414473e-09,2.914112e-08
1679032320,9113745,13432258560,341058946,1.508780e-01,6.248916e-02,1.449649e-10,1.175993e-10,6.367106e-09,3.010542e-08
1679294464,9113822,13434355712,341112569,1.508784e-01,6.248943e-02,1.333655e-10,1.117751e-10,5.857641e-09,2.861442e-08
1679556608,9113921,13436452864,341166265,1.508789e-01,6.248957e-02,1.222498e-10,1.088796e-10,5.369417e-09,2.787317e-08
1679818752,9114352,13438550016,341219919,1.508788e-01,6.248951e-02,1.245672e-10,1.099707e-10,5.471205e-09,2.815250e-08
1680080896,9114517,13440647168,341272691,1.508786e-01,6.248932e-02,1.296065e-10,1.140711e-10,5.692540e-09,2.920220e-08
1680343040,9114530,13442744320,341326045,1.508788e-01,6.248923e-02,1.249001e-10,1.159889e-10,5.485825e-09,2.969316e-08
1680605184,9114960,13444841472,341379356,1.508785e-01,6.248933e-02,1.316502e-10,1.139120e-10,5.782303e-09,2.916147e-08
1680867328,9114973,13446938624,341432671,1.508786e-01,6.248944e-02,1.306264e-10,1.114602e-10,5.737333e-09,2.853382e-08
1681129472,9115322,13449035776,341486089,1.508784e-01,6.248931e-02,1.337099e-10,1.143100e-10,5.872767e-09,2.926335e-08
1681391616,9115387,13451132928,341539590,1.508785e-01,6.248911e-02,1.309672e-10,1.186520e-10,5.752304e-09,3.037491e-08
1681653760,9115436,13453230080,341592873,1.508787e-01,6.248898e-02,1.279157e-10,1.215095e-10,5.618274e-09,3.110643e-08
1681915904,9115502,13455327232,341646362,1.508784e-01,6.248910e-02,1.333655e-10,1.188143e-10,5.857641e-09,3.041647e-08
1682178048,9115700,13457424384,341699812,1.508787e-01,6.248908e-02,1.282530e-10,1.193021e-10,5.633089e-09,3.054134e-08
1682440192,9115739,13459521536,341752537,1.508784e-01,6.248908e-02,1.354385e-10,1.193021e-10,5.948691e-09,3.054134e-08
1682702336,9115919,13461618688,341805653,1.508779e-01,6.248887e-02,1.456835e-10,1.239029e-10,6.398666e-09,3.171914e-08
1682964480,9116262,13463715840,341858225,1.508776e-01,6.248854e-02,1.540743e-10,1.313085e-10,6.767205e-09,3.361498e-08
1683226624,9116422,13465812992,341911583,1.508780e-01,6.248855e-02,1.428200e-10,1.310525e-10,6.272896e-09,3.354944e-08
1683488768,9116478,13467910144,341964640,1.508780e-01,6.248870e-02,1.442482e-10,1.276630e-10,6.335624e-09,3.268173e-08
1683750912,9117257,13470007296,342017259,1.508777e-01,6.248863e-02,1.507630e-10,1.293522e-10,6.621765e-09,3.311417e-08
1684013056,9117408,13472104448,342070348,1.508777e-01,6.248856e-02,1.514957e-10,1.308820e-10,6.653948e-09,3.350579e-08
1684275200,9117426,13474201600,342123333,1.508773e-01,6.248838e-02,1.611831e-10,1.350054e-10,7.079433e-09,3.456137e-08
1684537344,9118662,13476298752,342176749,1.508772e-01,6.248857e-02,1.630804e-10,1.305413e-10,7.162769e-09,3.341856e-08
1684799488,9119658,13478395904,342229821,1.508770e-01,6.248851e-02,1.696145e-10,1.319068e-10,7.449759e-09,3.376815e-08
1685061632,9120878,13480493056,342282819,1.508767e-01,6.248830e-02,1.778633e-10,1.368294e-10,7.812058e-09,3.502834e-08
1685323776,9121705,13482590208,342336092,1.508767e-01,6.248842e-02,1.754865e-10,1.341410e-10,7.707666e-09,3.434011e-08
1685585920,9124998,13484687360,342389386,1.508769e-01,6.248848e-02,1.703917e-10,1.327639e-10,7.483894e-09,3.398756e-08
1685848064,9128167,13486784512,342442426,1.508769e-01,6.248847e-02,1.723424e-10,1.328498e-10,7.569570e-09,3.400955e-08
1686110208,9129780,13488881664,342495696,1.508765e-01,6.248833e-02,1.810572e-10,1.361331e-10,7.952338e-09,3.485007e-08
1686372352,9141678,13490978816,342549415,1.508772e-01,6.248869e-02,1.638425e-10,1.280000e-10,7.196240e-09,3.276799e-08
1686634496,9145883,13493075968,342603126,1.508772e-01,6.248896e-02,1.630804e-10,1.218382e-10,7.162769e-09,3.119058e-08
1686896640,9152713,13495173120,342656621,1.508773e-01,6.248902e-02,1.615617e-10,1.205259e-10,7.096062e-09,3.085464e-08
1687158784,9153922,13497270272,342709267,1.508771e-01,6.248894e-02,1.649889e-10,1.224146e-10,7.246593e-09,3.133813e-08
1687420928,9164356,13499367424,342762532,1.508771e-01,6.248920e-02,1.672937e-10,1.165513e-10,7.347825e-09,2.983712e-08
1687683072,9171205,13501464576,342815579,1.508772e-01,6.248909e-02,1.638425e-10,1.190581e-10,7.196240e-09,3.047888e-08
1687945216,9172870,13503561728,342869312,1.508774e-01,6.248908e-02,1.596732e-10,1.191394e-10,7.013116e-09,3.049969e-08
1688207360,9174046,13505658880,342922021,1.508770e-01,6.248882e-02,1.676794e-10,1.249834e-10,7.364765e-09,3.199574e-08
1688469504,9174702,13507756032,342975175,1.508768e-01,6.248884e-02,1.750919e-10,1.244841e-10,7.690335e-09,3.186793e-08
1688731648,9176553,13509853184,343027476,1.508762e-01,6.248841e-02,1.899869e-10,1.344000e-10,8.344548e-09,3.440641e-08
1688993792,9177780,13511950336,343080705,1.508761e-01,6.248822e-02,1.920464e-10,1.388413e-10,8.435003e-09,3.554337e-08
1689255936,9178260,13514047488,343134172,1.508761e-01,6.248803e-02,1.916336e-10,1.433547e-10,8.416873e-09,3.669881e-08
1689518080,9188188,13516144640,343187885,1.508764e-01,6.248811e-02,1.846843e-10,1.414875e-10,8.111646e-09,3.622080e-08
1689780224,9190120,13518241792,343241401,1.508762e-01,6.248784e-02,1.903979e-10,1.478497e-10,8.362600e-09,3.784953e-08
1690042368,9191882,13520338944,343294931,1.508762e-01,6.248773e-02,1.903979e-10,1.505800e-10,8.362600e-09,3.854849e-08
1690304512,9207270,13522436096,343348093,1.508764e-01,6.248773e-02,1.834712e-10,1.505800e-10,8.058368e-09,3.854849e-08
1690566656,9208001,13524533248,343401582,1.508767e-01,6.248801e-02,1.774660e-10,1.437118e-10,7.794610e-09,3.679021e-08
1690828800,9223636,13526630400,343455365,1.508775e-01,6.248823e-02,1.566747e-10,1.384903e-10,6.881418e-09,3.545353e-08
1691090944,9228114,13528727552,343508253,1.508772e-01,6.248828e-02,1.627001e-10,1.372655e-10,7.146064e-09,3.513998e-08
1691353088,9228826,13530824704,343561667,1.508775e-01,6.248859e-02,1.563019e-10,1.301160e-10,6.865043e-09,3.330969e-08
1691615232,9248325,13532921856,343615287,1.508773e-01,6.248861e-02,1.608049e-10,1.296914e-10,7.062826e-09,3.320099e-08
1691877376,9252257,13535019008,343668648,1.508774e-01,6.248884e-02,1.589209e-10,1.246504e-10,6.980075e-09,3.191051e-08
1692139520,9253259,13537116160,343721810,1.508771e-01,6.248862e-02,1.669085e-10,1.295217e-10,7.330904e-09,3.315757e-08
1692401664,9255746,13539213312,343774600,1.508768e-01,6.248881e-02,1.735181e-10,1.253168e-10,7.621209e-09,3.208109e-08
1692663808,9264421,13541310464,343827710,1.508768e-01,6.248887e-02,1.746978e-10,1.239858e-10,7.673024e-09,3.174037e-08
1692925952,9265073,13543407616,343880098,1.508762e-01,6.248873e-02,1.895764e-10,1.269065e-10,8.326515e-09,3.248806e-08
1693188096,9266498,13545504768,343932877,1.508767e-01,6.248884e-02,1.754865e-10,1.246504e-10,7.707666e-09,3.191051e-08
1693450240,9266954,13547601920,343986231,1.508767e-01,6.248890e-02,1.762770e-10,1.231576e-10,7.742385e-09,3.152835e-08
1693712384,9267773,13549699072,344039500,1.508768e-01,6.248903e-02,1.727338e-10,1.202807e-10,7.586762e-09,3.079185e-08
1693974528,9267792,13551796224,344092698,1.508768e-01,6.248916e-02,1.727338e-10,1.174377e-10,7.586762e-09,3.006406e-08
1694236672,9267884,13553893376,344146052,1.508767e-01,6.248909e-02,1.774660e-10,1.190581e-10,7.794610e-09,3.047888e-08
1694498816,9268896,13555990528,344199575,1.508766e-01,6.248916e-02,1.782610e-10,1.174377e-10,7.829525e-09,3.006406e-08
1694760960,9269124,13558087680,344252708,1.508767e-01,6.248900e-02,1.766729e-10,1.209353e-10,7.759773e-09,3.095943e-08
1695023104,9270250,13560184832,344305916,1.508766e-01,6.248902e-02,1.794567e-10,1.205259e-10,7.882042e-09,3.085464e-08
1695285248,9270455,13562281984,344358930,1.508764e-01,6.248898e-02,1.834712e-10,1.214274e-10,8.058368e-09,3.108541e-08
1695547392,9270951,13564379136,344412388,1.508769e-01,6.248911e-02,1.711706e-10,1.186520e-10,7.518104e-09,3.037491e-08
1695809536,9271162,13566476288,344465316,1.508763e-01,6.248888e-02,1.871223e-10,1.236542e-10,8.218730e-09,3.165548e-08
1696071680,9271179,13568573440,344517927,1.508759e-01,6.248882e-02,1.982914e-10,1.250667e-10,8.709295e-09,3.201707e-08
1696333824,9271249,13570670592,344571404,1.508760e-01,6.248892e-02,1.945324e-10,1.228271e-10,8.544194e-09,3.144374e-08
1696595968,9271390,13572767744,344624888,1.508758e-01,6.248893e-02,2.012399e-10,1.225795e-10,8.838799e-09,3.138035e-08
1696858112,9271718,13574864896,344677861,1.508757e-01,6.248883e-02,2.037845e-10,1.247336e-10,8.950563e-09,3.193180e-08
1697120256,9271831,13576962048,344731347,1.508765e-01,6.248906e-02,1.830678e-10,1.197909e-10,8.040647e-09,3.066647e-08
1697382400,9272066,13579059200,344784412,1.508765e-01,6.248919e-02,1.826648e-10,1.167927e-10,8.022947e-09,2.989893e-08
1697644544,9272293,13581156352,344837872,1.508769e-01,6.248908e-02,1.715608e-10,1.192208e-10,7.535240e-09,3.052051e-08
1697906688,9273009,13583253504,344891242,1.508770e-01,6.248912e-02,1.676794e-10,1.183276e-10,7.364765e-09,3.029186e-08
1698168832,9273205,13585350656,344944701,1.508770e-01,6.248921e-02,1.676794e-10,1.163905e-10,7.364765e-09,2.979596e-08
1698430976,9273513,13587447808,344998098,1.508773e-01,6.248927e-02,1.611831e-10,1.151079e-10,7.079433e-09,2.946763e-08
1698693120,9273821,13589544960,345050898,1.508771e-01,6.248926e-02,1.665237e-10,1.152679e-10,7.314004e-09,2.950857e-08
1698955264,9273839,13591642112,345103351,1.508762e-01,6.248905e-02,1.912213e-10,1.199540e-10,8.398763e-09,3.070824e-08
1699217408,9273938,13593739264,345156293,1.508759e-01,6.248891e-02,1.999736e-10,1.230749e-10,8.783180e-09,3.150718e-08
1699479552,9274013,13595836416,345210080,1.508756e-01,6.248892e-02,2.059173e-10,1.226620e-10,9.044236e-09,3.140147e-08
1699741696,9274094,13597933568,345263854,1.508760e-01,6.248887e-02,1.970344e-10,1.239029e-10,8.654085e-09,3.171914e-08
1700003840,9274624,13600030720,345317547,1.508761e-01,6.248932e-02,1.941169e-10,1.141507e-10,8.525946e-09,2.922258e-08
1700265984,9274632,13602127872,345370914,1.508759e-01,6.248913e-02,1.987113e-10,1.181655e-10,8.727737e-09,3.025038e-08
1700528128,9274771,13604225024,345424574,1.508763e-01,6.248927e-02,1.863079e-10,1.150280e-10,8.182958e-09,2.944717e-08
1700790272,9274985,13606322176,345477545,1.508758e-01,6.248922e-02,2.012399e-10,1.162297e-10,8.838799e-09,2.975482e-08
1701052416,9275399,13608419328,345531124,1.508759e-01,6.248878e-02,1.999736e-10,1.259849e-10,8.783180e-09,3.225214e-08
1701314560,9275458,13610516480,345584216,1.508758e-01,6.248847e-02,2.020863e-10,1.329357e-10,8.875976e-09,3.403153e-08
1701576704,9275589,13612613632,345637186,1.508757e-01,6.248855e-02,2.029346e-10,1.311378e-10,8.913231e-09,3.357128e-08
1701838848,9275765,13614710784,345689885,1.508757e-01,6.248866e-02,2.042102e-10,1.286752e-10,8.969259e-09,3.294085e-08
1702100992,9276430,13616807936,345743828,1.508757e-01,6.248901e-02,2.033593e-10,1.207714e-10,8.931888e-09,3.091749e-08
1702363136,9276529,13618905088,345797074,1.508755e-01,6.248904e-02,2.106484e-10,1.201990e-10,9.252035e-09,3.077094e-08
1702625280,9276601,13621002240,345850767,1.508759e-01,6.248931e-02,1.974529e-10,1.142303e-10,8.672468e-09,2.924296e-08
1702887424,9276697,13623099392,345904069,1.508757e-01,6.248911e-02,2.054898e-10,1.186520e-10,9.025464e-09,3.037491e-08
1703149568,9276793,13625196544,345957007,1.508754e-01,6.248900e-02,2.123821e-10,1.210172e-10,9.328183e-09,3.098041e-08
1703411712,9276813,13627293696,346010303,1.508752e-01,6.248891e-02,2.193881e-10,1.229923e-10,9.635896e-09,3.148603e-08
1703673856,9276815,13629390848,346064072,1.508752e-01,6.248875e-02,2.189469e-10,1.266548e-10,9.616517e-09,3.242363e-08
1703936000,9276890,13631488000,346117431,1.508751e-01,6.248881e-02,2.224889e-10,1.251500e-10,9.772092e-09,3.203840e-08
1704198144,9276946,13633585152,346170020,1.508748e-01,6.248872e-02,2.296583e-10,1.272424e-10,1.008698e-08,3.257406e-08
1704460288,9277046,13635682304,346223307,1.508750e-01,6.248887e-02,2.238245e-10,1.238200e-10,9.830752e-09,3.169791e-08
1704722432,9277334,13637779456,346276872,1.508751e-01,6.248894e-02,2.211573e-10,1.223322e-10,9.713604e-09,3.131703e-08
1704984576,9277425,13639876608,346329825,1.508750e-01,6.248871e-02,2.256115e-10,1.274106e-10,9.909241e-09,3.261711e-08
1705246720,9277514,13641973760,346383598,1.508752e-01,6.248891e-02,2.202718e-10,1.230749e-10,9.674712e-09,3.150718e-08
1705508864,9277701,13644070912,346436184,1.508751e-01,6.248886e-02,2.220446e-10,1.240688e-10,9.752577e-09,3.176162e-08
1705771008,9278056,13646168064,346489705,1.508751e-01,6.248866e-02,2.211573e-10,1.285062e-10,9.713604e-09,3.289759e-08
1706033152,9278572,13648265216,346542330,1.508746e-01,6.248858e-02,2.364828e-10,1.303711e-10,1.038673e-08,3.337499e-08
1706295296,9278750,13650362368,346596198,1.508747e-01,6.248843e-02,2.323761e-10,1.339685e-10,1.020635e-08,3.429594e-08
1706557440,9279044,13652459520,346649466,1.508745e-01,6.248836e-02,2.392406e-10,1.355253e-10,1.050786e-08,3.469447e-08
1706819584,9279067,13654556672,346702076,1.508742e-01,6.248799e-02,2.509035e-10,1.443377e-10,1.102011e-08,3.695044e-08
1707081728,9279472,13656653824,346755364,1.508744e-01,6.248796e-02,2.443381e-10,1.448752e-10,1.073174e-08,3.708806e-08
1707343872,9279557,13658750976,346808505,1.508741e-01,6.248784e-02,2.532694e-10,1.478497e-10,1.112402e-08,3.784953e-08
1707606016,9279625,13660848128,346861348,1.508742e-01,6.248760e-02,2.509035e-10,1.537970e-10,1.102011e-08,3.937203e-08
1707868160,9280289,13662945280,346914781,1.508743e-01,6.248764e-02,2.471412e-10,1.527823e-10,1.085486e-08,3.911227e-08
1708130304,9280959,13665042432,346968726,1.508746e-01,6.248790e-02,2.369414e-10,1.464939e-10,1.040687e-08,3.750245e-08
1708392448,9281046,13667139584,347022035,1.508748e-01,6.248798e-02,2.301102e-10,1.444272e-10,1.010683e-08,3.697336e-08
1708654592,9285031,13669236736,347075501,1.508749e-01,6.248788e-02,2.287559e-10,1.468549e-10,1.004735e-08,3.759485e-08
1708916736,9286408,13671333888,347128614,1.508748e-01,6.248765e-02,2.310152e-10,1.525982e-10,1.014658e-08,3.906513e-08
1709178880,9289437,13673431040,347182578,1.508752e-01,6.248799e-02,2.180658e-10,1.441587e-10,9.577820e-09,3.690463e-08
1709441024,9290419,13675528192,347236691,1.508751e-01,6.248791e-02,2.229337e-10,1.462235e-10,9.791626e-09,3.743322e-08
1709703168,9290422,13677625344,347290610,1.508756e-01,6.248803e-02,2.080611e-10,1.432655e-10,9.138398e-09,3.667597e-08
1709965312,9290506,13679722496,347344075,1.508756e-01,6.248815e-02,2.059173e-10,1.404260e-10,9.044236e-09,3.594906e-08
1710227456,9290573,13681819648,347396919,1.508755e-01,6.248786e-02,2.093528e-10,1.473067e-10,9.195129e-09,3.771051e-08
1710489600,9290666,13683916800,347449688,1.508749e-01,6.248752e-02,2.292069e-10,1.558365e-10,1.006716e-08,3.989414e-08
1710751744,9291010,13686013952,347503142,1.508749e-01,6.248748e-02,2.269565e-10,1.568612e-10,9.968313e-09,4.015648e-08
1711013888,9291210,13688111104,347555689,1.508750e-01,6.248748e-02,2.233789e-10,1.568612e-10,9.811179e-09,4.015648e-08
1711276032,9291554,13690208256,347608120,1.508743e-01,6.248743e-02,2.466729e-10,1.579830e-10,1.083429e-08,4.044365e-08
1711538176,9291561,13692305408,347661529,1.508744e-01,6.248767e-02,2.429426e-10,1.520464e-10,1.067045e-08,3.892389e-08
1711800320,9292296,13694402560,347714538,1.508744e-01,6.248726e-02,2.438725e-10,1.624151e-10,1.071129e-08,4.157826e-08
1712062464,9292329,13696499712,347767803,1.508743e-01,6.248745e-02,2.448042e-10,1.575151e-10,1.075222e-08,4.032387e-08
1712324608,9292408,13698596864,347820754,1.508740e-01,6.248711e-02,2.551701e-10,1.661393e-10,1.120751e-08,4.253167e-08
1712586752,9292546,13700694016,347873518,1.508739e-01,6.248707e-02,2.604337e-10,1.672937e-10,1.143869e-08,4.282720e-08
1712848896,9292622,13702791168,347926979,1.508740e-01,6.248713e-02,2.561231e-10,1.655636e-10,1.124936e-08,4.238429e-08
1713111040,9292688,13704888320,347980586,1.508741e-01,6.248705e-02,2.532694e-10,1.677759e-10,1.112402e-08,4.295064e-08
1713373184,9293096,13706985472,348034220,1.508743e-01,6.248723e-02,2.448042e-10,1.629853e-10,1.075222e-08,4.172424e-08
1713635328,9293404,13709082624,348087518,1.508743e-01,6.248724e-02,2.471412e-10,1.627951e-10,1.085486e-08,4.167555e-08
1713897472,9293438,13711179776,348140978,1.508745e-01,6.248691e-02,2.415510e-10,1.714632e-10,1.060933e-08,4.389458e-08
1714159616,9293777,13713276928,348194038,1.508744e-01,6.248657e-02,2.424783e-10,1.802560e-10,1.065006e-08,4.614554e-08
1714421760,9293792,13715374080,348247233,1.508747e-01,6.248643e-02,2.323761e-10,1.842795e-10,1.020635e-08,4.717555e-08
1714683904,9294118,13717471232,348301042,1.508749e-01,6.248662e-02,2.265077e-10,1.790577e-10,9.948603e-09,4.583876e-08
1714946048,9294229,13719568384,348354872,1.508754e-01,6.248694e-02,2.123821e-10,1.704890e-10,9.328183e-09,4.364518e-08
1715208192,9294271,13721665536,348408214,1.508757e-01,6.248700e-02,2.050629e-10,1.691297e-10,9.006709e-09,4.329721e-08
1715470336,9294324,13723762688,348460969,1.508760e-01,6.248709e-02,1.957814e-10,1.666198e-10,8.599051e-09,4.265468e-08
1715732480,9294557,13725859840,348513903,1.508762e-01,6.248708e-02,1.895764e-10,1.668122e-10,8.326515e-09,4.270393e-08
1715994624,9294586,13727956992,348567359,1.508758e-01,6.248705e-02,2.016629e-10,1.677759e-10,8.857377e-09,4.295064e-08
1716256768,9294742,13730054144,348620561,1.508757e-01,6.248709e-02,2.054898e-10,1.666198e-10,9.025464e-09,4.265468e-08
1716518912,9295056,13732151296,348673675,1.508756e-01,6.248707e-02,2.059173e-10,1.672937e-10,9.044236e-09,4.282720e-08
1716781056,9295189,13734248448,348726529,1.508755e-01,6.248694e-02,2.097842e-10,1.704890e-10,9.214078e-09,4.364518e-08
1717043200,9295265,13736345600,348779832,1.508754e-01,6.248671e-02,2.119480e-10,1.765739e-10,9.309117e-09,4.520291e-08
1717305344,9296034,13738442752,348832684,1.508751e-01,6.248664e-02,2.220446e-10,1.783605e-10,9.752577e-09,4.566028e-08
1717567488,9296252,13740539904,348885994,1.508751e-01,6.248662e-02,2.229337e-10,1.789580e-10,9.791626e-09,4.581324e-08
1717829632,9296258,13742637056,348939022,1.508756e-01,6.248691e-02,2.067735e-10,1.712681e-10,9.081843e-09,4.384464e-08
1718091776,9297463,13744734208,348992197,1.508755e-01,6.248677e-02,2.093528e-10,1.749934e-10,9.195129e-09,4.479830e-08
1718353920,9298489,13746831360,349045775,1.508758e-01,6.248692e-02,2.016629e-10,1.710732e-10,8.857377e-09,4.379473e-08
1718616064,9299787,13748928512,349098708,1.508754e-01,6.248666e-02,2.123821e-10,1.779627e-10,9.328183e-09,4.555844e-08
1718878208,9300532,13751025664,349151879,1.508756e-01,6.248685e-02,2.067735e-10,1.728318e-10,9.081843e-09,4.424493e-08
1719140352,9303841,13753122816,349204860,1.508757e-01,6.248700e-02,2.029346e-10,1.691297e-10,8.913231e-09,4.329721e-08
1719402496,9308609,13755219968,349258825,1.508764e-01,6.248705e-02,1.854952e-10,1.677759e-10,8.147263e-09,4.295064e-08
1719664640,9309788,13757317120,349311755,1.508759e-01,6.248699e-02,1.991316e-10,1.692266e-10,8.746198e-09,4.332202e-08
1719926784,9320467,13759414272,349365170,1.508757e-01,6.248700e-02,2.042102e-10,1.691297e-10,8.969259e-09,4.329721e-08
1720188928,9327433,13761511424,349418162,1.508755e-01,6.248679e-02,2.097842e-10,1.744025e-10,9.214078e-09,4.464704e-08
1720451072,9331516,13763608576,349471313,1.508755e-01,6.248672e-02,2.097842e-10,1.763759e-10,9.214078e-09,4.515224e-08
1720713216,9332755,13765705728,349525123,1.508757e-01,6.248676e-02,2.033593e-10,1.751905e-10,8.931888e-09,4.484878e-08
1720975360,9343241,13767802880,349578395,1.508759e-01,6.248696e-02,1.987113e-10,1.700029e-10,8.727737e-09,4.352074e-08
1721237504,9350136,13769900032,349631786,1.508761e-01,6.248701e-02,1.924596e-10,1.688392e-10,8.453153e-09,4.322283e-08
1721499648,9351780,13771997184,349685389,1.508761e-01,6.248743e-02,1.920464e-10,1.579830e-10,8.435003e-09,4.044365e-08
1721761792,9352779,13774094336,349738971,1.508765e-01,6.248755e-02,1.814584e-10,1.549078e-10,7.969962e-09,3.965639e-08
1722023936,9353578,13776191488,349791888,1.508762e-01,6.248759e-02,1.895764e-10,1.539818e-10,8.326515e-09,3.941935e-08
1722286080,9355464,13778288640,349844967,1.508765e-01,6.248752e-02,1.810572e-10,1.556505e-10,7.952338e-09,3.984653e-08
1722548224,9356643,13780385792,349897742,1.508763e-01,6.248784e-02,1.875302e-10,1.478497e-10,8.236645e-09,3.784953e-08
1722810368,9357019,13782482944,349951017,1.508759e-01,6.248792e-02,1.982914e-10,1.458634e-10,8.709295e-09,3.734102e-08
1723072512,9369764,13784580096,350003766,1.508757e-01,6.248771e-02,2.029346e-10,1.511291e-10,8.913231e-09,3.868905e-08
1723334656,9371740,13786677248,350057502,1.508757e-01,6.248777e-02,2.046363e-10,1.494849e-10,8.987974e-09,3.826814e-08
1723596800,9373744,13788774400,350110494,1.508755e-01,6.248760e-02,2.097842e-10,1.537970e-10,9.214078e-09,3.937203e-08
1723858944,9386004,13790871552,350163288,1.508752e-01,6.248755e-02,2.176259e-10,1.549078e-10,9.558500e-09,3.965639e-08
1724121088,9386924,13792968704,350216242,1.508753e-01,6.248774e-02,2.167475e-10,1.503059e-10,9.519918e-09,3.847831e-08
1724383232,9402360,13795065856,350268488,1.508748e-01,6.248754e-02,2.305625e-10,1.552789e-10,1.012669e-08,3.975140e-08
1724645376,9407725,13797163008,350321699,1.508747e-01,6.248774e-02,2.346532e-10,1.503973e-10,1.030637e-08,3.850170e-08
1724907520,9409727,13799260160,350374835,1.508743e-01,6.248775e-02,2.448042e-10,1.499407e-10,1.075222e-08,3.838483e-08
1725169664,9427178,13801357312,350428171,1.508743e-01,6.248786e-02,2.466729e-10,1.473971e-10,1.083429e-08,3.773366e-08
1725431808,9431150,13803454464,350481106,1.508741e-01,6.248778e-02,2.518485e-10,1.493938e-10,1.106162e-08,3.824482e-08
1725693952,9432147,13805551616,350534159,1.508739e-01,6.248756e-02,2.580345e-10,1.546297e-10,1.133331e-08,3.958520e-08
1725956096,9434640,13807648768,350587732,1.508741e-01,6.248778e-02,2.537439e-10,1.492118e-10,1.114486e-08,3.819821e-08
1726218240,9443126,13809745920,350641998,1.508745e-01,6.248785e-02,2.387799e-10,1.476686e-10,1.048762e-08,3.780316e-08
1726480384,9446588,13811843072,350695185,1.508745e-01,6.248775e-02,2.392406e-10,1.501233e-10,1.050786e-08,3.843155e-08
1726742528,9448099,13813940224,350748834,1.508751e-01,6.248800e-02,2.216007e-10,1.440693e-10,9.733080e-09,3.688173e-08
1727004672,9448504,13816037376,350802557,1.508751e-01,6.248797e-02,2.207143e-10,1.446959e-10,9.694149e-09,3.704216e-08
1727266816,9449194,13818134528,350855292,1.508751e-01,6.248768e-02,2.220446e-10,1.518627e-10,9.752577e-09,3.887686e-08
1727528960,9449394,13820231680,350908458,1.508752e-01,6.248802e-02,2.189469e-10,1.434439e-10,9.616517e-09,3.672165e-08
1727791104,9449434,13822328832,350961945,1.508749e-01,6.248788e-02,2.265077e-10,1.468549e-10,9.948603e-09,3.759485e-08
1728053248,9449460,13824425984,351015379,1.508749e-01,6.248779e-02,2.278553e-10,1.490298e-10,1.000779e-08,3.815163e-08
1728315392,9450518,13826523136,351068836,1.508749e-01,6.248777e-02,2.274056e-10,1.496672e-10,9.988043e-09,3.831479e-08
1728577536,9450588,13828620288,351122497,1.508753e-01,6.248788e-02,2.158709e-10,1.469452e-10,9.481416e-09,3.761797e-08
1728839680,9451855,13830717440,351176105,1.508759e-01,6.248810e-02,1.991316e-10,1.415761e-10,8.746198e-09,3.624349e-08
1729101824,9452574,13832814592,351229297,1.508759e-01,6.248814e-02,1.974529e-10,1.406027e-10,8.672468e-09,3.599428e-08
1729363968,9452601,13834911744,351282249,1.508757e-01,6.248810e-02,2.054898e-10,1.416648e-10,9.025464e-09,3.626619e-08
1729626112,9452731,13837008896,351335768,1.508757e-01,6.248803e-02,2.037845e-10,1.431764e-10,8.950563e-09,3.665315e-08
1729888256,9452825,13839106048,351388525,1.508756e-01,6.248780e-02,2.072023e-10,1.488479e-10,9.100675e-09,3.810507e-08
1730150400,9452949,13841203200,351442356,1.508759e-01,6.248799e-02,1.995524e-10,1.443377e-10,8.764679e-09,3.695044e-08
1730412544,9453049,13843300352,351495153,1.508753e-01,6.248791e-02,2.154332e-10,1.461335e-10,9.462193e-09,3.741016e-08
1730674688,9453310,13845397504,351548776,1.508754e-01,6.248803e-02,2.141229e-10,1.433547e-10,9.404644e-09,3.669881e-08
1730936832,9453379,13847494656,351602211,1.508755e-01,6.248802e-02,2.097842e-10,1.435332e-10,9.214078e-09,3.674450e-08
1731198976,9453733,13849591808,351655317,1.508752e-01,6.248803e-02,2.198297e-10,1.433547e-10,9.655294e-09,3.669881e-08
1731461120,9453970,13851688960,351708924,1.508754e-01,6.248812e-02,2.141229e-10,1.412218e-10,9.404644e-09,3.615277e-08
1731723264,9454581,13853786112,351762204,1.508752e-01,6.248807e-02,2.202718e-10,1.422862e-10,9.674712e-09,3.642528e-08
1731985408,9454873,13855883264,351815564,1.508750e-01,6.248828e-02,2.233789e-10,1.373529e-10,9.811179e-09,3.516233e-08
1732247552,9455390,13857980416,351869222,1.508751e-01,6.248851e-02,2.229337e-10,1.319068e-10,9.791626e-09,3.376815e-08
1732509696,9455489,13860077568,351921948,1.508745e-01,6.248835e-02,2.406255e-10,1.356120e-10,1.056868e-08,3.471668e-08
1732771840,9455530,13862174720,351974964,1.508748e-01,6.248834e-02,2.319220e-10,1.360462e-10,1.018641e-08,3.482782e-08
1733033984,9455533,13864271872,352028478,1.508753e-01,6.248851e-02,2.145593e-10,1.319068e-10,9.423807e-09,3.376815e-08
1733296128,9455657,13866369024,352081175,1.508751e-01,6.248833e-02,2.220446e-10,1.362200e-10,9.752577e-09,3.487233e-08
1733558272,9456111,13868466176,352134327,1.508747e-01,6.248847e-02,2.337410e-10,1.328498e-10,1.026630e-08,3.400955e-08
1733820416,9456159,13870563328,352188101,1.508747e-01,6.248842e-02,2.337410e-10,1.341410e-10,1.026630e-08,3.434011e-08
1734082560,9456561,13872660480,352241770,1.508749e-01,6.248851e-02,2.265077e-10,1.320780e-10,9.948603e-09,3.381198e-08
1734344704,9456600,13874757632,352295071,1.508749e-01,6.248869e-02,2.287559e-10,1.278314e-10,1.004735e-08,3.272485e-08
1734606848,9456946,13876854784,352347996,1.508747e-01,6.248868e-02,2.328306e-10,1.280843e-10,1.022632e-08,3.278957e-08
1734868992,9457041,13878951936,352401200,1.508745e-01,6.248879e-02,2.397018e-10,1.257341e-10,1.052811e-08,3.218794e-08
1735131136,9457334,13881049088,352454274,1.508745e-01,6.248880e-02,2.410880e-10,1.254836e-10,1.058900e-08,3.212381e-08
1735393280,9457368,13883146240,352507764,1.508747e-01,6.248888e-02,2.341969e-10,1.237371e-10,1.028633e-08,3.167669e-08
1735655424,9457521,13885243392,352560692,1.508746e-01,6.248881e-02,2.355671e-10,1.253168e-10,1.034651e-08,3.208109e-08
1735917568,9458138,13887340544,352613793,1.508747e-01,6.248914e-02,2.328306e-10,1.179227e-10,1.022632e-08,3.018821e-08
1736179712,9458241,13889437696,352667529,1.508746e-01,6.248927e-02,2.383196e-10,1.151879e-10,1.046740e-08,2.948810e-08
1736441856,9458266,13891534848,352720516,1.508746e-01,6.248904e-02,2.378597e-10,1.201173e-10,1.044720e-08,3.075003e-08
1736704000,9458287,13893632000,352773129,1.508741e-01,6.248888e-02,2.523217e-10,1.235714e-10,1.108240e-08,3.163427e-08
1736966144,9458412,13895729152,352826880,1.508742e-01,6.248904e-02,2.499603e-10,1.200357e-10,1.097868e-08,3.072913e-08
1737228288,9458428,13897826304,352879894,1.508739e-01,6.248892e-02,2.604337e-10,1.226620e-10,1.143869e-08,3.140147e-08
1737490432,9458448,13899923456,352932938,1.508737e-01,6.248877e-02,2.667235e-10,1.261522e-10,1.171495e-08,3.229497e-08
1737752576,9458556,13902020608,352985815,1.508731e-01,6.248854e-02,2.850362e-10,1.312232e-10,1.251928e-08,3.359313e-08
1738014720,9458590,13904117760,353039579,1.508731e-01,6.248888e-02,2.840308e-10,1.236542e-10,1.247512e-08,3.165548e-08
1738276864,9458673,13906214912,353093030,1.508733e-01,6.248868e-02,2.785328e-10,1.282530e-10,1.223363e-08,3.283276e-08
1738539008,9458974,13908312064,353146388,1.508731e-01,6.248843e-02,2.865477e-10,1.339685e-10,1.258566e-08,3.429594e-08
1738801152,9459016,13910409216,353199572,1.508732e-01,6.248856e-02,2.820253e-10,1.309672e-10,1.238703e-08,3.352761e-08
1739063296,9459067,13912506368,353252149,1.508730e-01,6.248853e-02,2.900900e-10,1.316502e-10,1.274124e-08,3.370246e-08
1739325440,9459350,13914603520,353304976,1.508726e-01,6.248833e-02,3.034375e-10,1.361331e-10,1.332749e-08,3.485007e-08
1739587584,9459670,13916700672,353359124,1.508732e-01,6.248858e-02,2.810252e-10,1.304561e-10,1.234310e-08,3.339677e-08
1739849728,9460550,13918797824,353412489,1.508731e-01,6.248862e-02,2.850362e-10,1.294370e-10,1.251928e-08,3.313586e-08
1740111872,9460874,13920894976,353465901,1.508728e-01,6.248856e-02,2.957004e-10,1.307968e-10,1.298766e-08,3.348397e-08
1740374016,9460889,13922992128,353519183,1.508731e-01,6.248843e-02,2.855396e-10,1.338823e-10,1.254138e-08,3.427387e-08
1740636160,9461160,13925089280,353572469,1.508731e-01,6.248852e-02,2.855396e-10,1.317357e-10,1.254138e-08,3.372435e-08
1740898304,9461183,13927186432,353625958,1.508734e-01,6.248854e-02,2.750620e-10,1.313085e-10,1.208119e-08,3.361498e-08
1741160448,9461331,13929283584,353679273,1.508735e-01,6.248850e-02,2.716130e-10,1.323350e-10,1.192970e-08,3.387777e-08
1741422592,9462180,13931380736,353732171,1.508733e-01,6.248851e-02,2.770426e-10,1.320780e-10,1.216818e-08,3.381198e-08
1741684736,9462753,13933477888,353785720,1.508734e-01,6.248827e-02,2.760514e-10,1.376149e-10,1.212465e-08,3.522942e-08
1741946880,9463007,13935575040,353839061,1.508740e-01,6.248877e-02,2.546943e-10,1.261522e-10,1.118660e-08,3.229497e-08
1742209024,9463674,13937672192,353891681,1.508732e-01,6.248832e-02,2.810252e-10,1.364810e-10,1.234310e-08,3.493915e-08
1742471168,9468097,13939769344,353945326,1.508734e-01,6.248833e-02,2.755565e-10,1.361331e-10,1.210291e-08,3.485007e-08
1742733312,9468269,13941866496,353998477,1.508734e-01,6.248830e-02,2.740743e-10,1.370038e-10,1.203781e-08,3.507297e-08
1742995456,9469176,13943963648,354052100,1.508738e-01,6.248854e-02,2.623610e-10,1.313085e-10,1.152334e-08,3.361498e-08
1743257600,9469205,13946060800,354105749,1.508738e-01,6.248837e-02,2.613965e-10,1.353519e-10,1.148098e-08,3.465007e-08
1743519744,9469358,13948157952,354159057,1.508740e-01,6.248839e-02,2.542189e-10,1.348323e-10,1.116572e-08,3.451706e-08
1743781888,9469359,13950255104,354212580,1.508738e-01,6.248849e-02,2.609148e-10,1.325923e-10,1.145982e-08,3.394362e-08
1744044032,9469499,13952352256,354265231,1.508736e-01,6.248823e-02,2.696519e-10,1.385780e-10,1.184357e-08,3.547598e-08
1744306176,9469853,13954449408,354318794,1.508736e-01,6.248809e-02,2.672105e-10,1.419310e-10,1.173634e-08,3.633433e-08
1744568320,9469992,13956546560,354371340,1.508734e-01,6.248794e-02,2.755565e-10,1.454138e-10,1.210291e-08,3.722593e-08
1744830464,9470314,13958643712,354424308,1.508733e-01,6.248800e-02,2.780356e-10,1.440693e-10,1.221180e-08,3.688173e-08
1745092608,9470418,13960740864,354478009,1.508735e-01,6.248806e-02,2.735812e-10,1.424640e-10,1.201615e-08,3.647079e-08
1745354752,9471131,13962838016,354531276,1.508733e-01,6.248793e-02,2.790304e-10,1.457734e-10,1.225549e-08,3.731799e-08
1745616896,9471188,13964935168,354584715,1.508732e-01,6.248805e-02,2.830272e-10,1.427310e-10,1.243103e-08,3.653912e-08
1745879040,9471262,13967032320,354637961,1.508732e-01,6.248817e-02,2.835288e-10,1.399849e-10,1.245306e-08,3.583614e-08
1746141184,9471395,13969129472,354691126,1.508732e-01,6.248812e-02,2.805258e-10,1.411332e-10,1.232117e-08,3.613011e-08
1746403328,9471495,13971226624,354744816,1.508736e-01,6.248805e-02,2.696519e-10,1.427310e-10,1.184357e-08,3.653912e-08
1746665472,9471497,13973323776,354797746,1.508736e-01,6.248801e-02,2.696519e-10,1.438011e-10,1.184357e-08,3.681308e-08
1746927616,9471872,13975420928,354850376,1.508730e-01,6.248772e-02,2.880631e-10,1.508545e-10,1.265222e-08,3.861874e-08
1747189760,9472302,13977518080,354903282,1.508731e-01,6.248764e-02,2.850362e-10,1.528744e-10,1.251928e-08,3.913584e-08
1747451904,9472380,13979615232,354956990,1.508732e-01,6.248762e-02,2.835288e-10,1.533353e-10,1.245306e-08,3.925385e-08
1747714048,9472642,13981712384,355010015,1.508732e-01,6.248753e-02,2.835288e-10,1.555576e-10,1.245306e-08,3.982274e-08
1747976192,9472650,13983809536,355063357,1.508734e-01,6.248775e-02,2.750620e-10,1.500320e-10,1.208119e-08,3.840819e-08
1748238336,9472933,13985906688,355116338,1.508731e-01,6.248770e-02,2.870524e-10,1.512207e-10,1.260783e-08,3.871250e-08
1748500480,9473011,13988003840,355169094,1.508726e-01,6.248770e-02,3.018821e-10,1.512207e-10,1.325917e-08,3.871250e-08
1748762624,9473047,13990100992,355222011,1.508722e-01,6.248740e-02,3.181475e-10,1.587331e-10,1.397358e-08,4.063567e-08
1749024768,9473217,13992198144,355275365,1.508725e-01,6.248747e-02,3.049969e-10,1.570479e-10,1.339598e-08,4.020427e-08
1749286912,9473462,13994295296,355329388,1.508727e-01,6.248764e-02,2.982683e-10,1.526902e-10,1.310045e-08,3.908869e-08
1749549056,9473503,13996392448,355383145,1.508733e-01,6.248782e-02,2.775389e-10,1.483938e-10,1.218998e-08,3.798881e-08
1749811200,9473623,13998489600,355435982,1.508736e-01,6.248807e-02,2.681857e-10,1.422862e-10,1.177917e-08,3.642528e-08
1750073344,9473909,14000586752,355488968,1.508733e-01,6.248808e-02,2.770426e-10,1.421085e-10,1.216818e-08,3.637979e-08
1750335488,9473958,14002683904,355541889,1.508730e-01,6.248778e-02,2.880631e-10,1.493938e-10,1.265222e-08,3.824482e-08
1750597632,9474149,14004781056,355595539,1.508732e-01,6.248780e-02,2.830272e-10,1.488479e-10,1.243103e-08,3.810507e-08
1750859776,9474838,14006878208,355649167,1.508733e-01,6.248809e-02,2.795284e-10,1.417535e-10,1.227736e-08,3.628890e-08
1751121920,9475112,14008975360,355702067,1.508732e-01,6.248787e-02,2.835288e-10,1.471259e-10,1.245306e-08,3.766422e-08
1751384064,9475158,14011072512,355755267,1.508725e-01,6.248778e-02,3.070824e-10,1.493028e-10,1.348758e-08,3.822151e-08
1751646208,9476337,14013169664,355808700,1.508726e-01,6.248791e-02,3.029186e-10,1.462235e-10,1.330470e-08,3.743322e-08
1751908352,9477355,14015266816,355862306,1.508723e-01,6.248776e-02,3.128540e-10,1.497583e-10,1.374108e-08,3.833813e-08
1752170496,9478761,14017363968,355915528,1.508722e-01,6.248765e-02,3.170852e-10,1.524141e-10,1.392692e-08,3.901802e-08
1752432640,9479366,14019461120,355968326,1.508721e-01,6.248756e-02,3.197442e-10,1.546297e-10,1.404371e-08,3.958520e-08
1752694784,9482778,14021558272,356021347,1.508716e-01,6.248730e-02,3.364777e-10,1.613723e-10,1.477867e-08,4.131131e-08
1752956928,9487371,14023655424,356074732,1.508716e-01,6.248734e-02,3.370246e-10,1.602385e-10,1.480269e-08,4.102107e-08
1753219072,9491423,14025752576,356128209,1.508717e-01,6.248740e-02,3.342946e-10,1.587331e-10,1.468279e-08,4.063567e-08
1753481216,9499279,14027849728,356182012,1.508723e-01,6.248760e-02,3.144374e-10,1.537970e-10,1.381062e-08,3.937203e-08
1753743360,9508928,14029946880,356235731,1.508721e-01,6.248761e-02,3.202774e-10,1.534276e-10,1.406713e-08,3.927747e-08
1754005504,9510290,14032044032,356289088,1.508719e-01,6.248739e-02,3.267095e-10,1.590148e-10,1.434964e-08,4.070779e-08
1754267648,9511648,14034141184,356342810,1.508725e-01,6.248768e-02,3.060387e-10,1.516792e-10,1.344174e-08,3.882987e-08
1754529792,9522106,14036238336,356396113,1.508728e-01,6.248781e-02,2.962131e-10,1.486662e-10,1.301018e-08,3.805855e-08
1754791936,9529040,14038335488,356449335,1.508725e-01,6.248796e-02,3.049969e-10,1.450546e-10,1.339598e-08,3.713399e-08
1755054080,9530662,14040432640,356502083,1.508725e-01,6.248790e-02,3.076048e-10,1.464939e-10,1.351053e-08,3.750245e-08
1755316224,9531497,14042529792,356555733,1.508725e-01,6.248758e-02,3.070824e-10,1.543519e-10,1.348758e-08,3.951408e-08
1755578368,9532482,14044626944,356608441,1.508720e-01,6.248730e-02,3.240217e-10,1.612777e-10,1.423158e-08,4.128708e-08
1755840512,9534368,14046724096,356661528,1.508722e-01,6.248734e-02,3.181475e-10,1.603329e-10,1.397358e-08,4.104522e-08
1756102656,9535495,14048821248,356715015,1.508723e-01,6.248759e-02,3.112746e-10,1.540743e-10,1.367171e-08,3.944302e-08
1756364800,9535818,14050918400,356768222,1.508726e-01,6.248751e-02,3.039569e-10,1.561156e-10,1.335030e-08,3.996560e-08
1756626944,9551256,14053015552,356821524,1.508725e-01,6.248749e-02,3.070824e-10,1.564882e-10,1.348758e-08,4.006098e-08
1756889088,9553319,14055112704,356874846,1.508727e-01,6.248754e-02,2.998144e-10,1.552789e-10,1.316836e-08,3.975140e-08
1757151232,9555692,14057209856,356928133,1.508728e-01,6.248779e-02,2.957004e-10,1.491208e-10,1.298766e-08,3.817492e-08
1757413376,9564864,14059307008,356981616,1.508728e-01,6.248797e-02,2.967262e-10,1.446063e-10,1.303272e-08,3.701922e-08
1757675520,9565861,14061404160,357035006,1.508729e-01,6.248800e-02,2.905978e-10,1.439798e-10,1.276355e-08,3.685884e-08
1757937664,9581203,14063501312,357087964,1.508727e-01,6.248812e-02,2.977538e-10,1.410447e-10,1.307785e-08,3.610745e-08
1758199808,9586555,14065598464,357140892,1.508728e-01,6.248813e-02,2.967262e-10,1.409563e-10,1.303272e-08,3.608480e-08
1758461952,9591341,14067695616,357194051,1.508728e-01,6.248809e-02,2.941649e-10,1.419310e-10,1.292022e-08,3.633433e-08
1758724096,9606074,14069792768,357247150,1.508726e-01,6.248815e-02,3.039569e-10,1.404260e-10,1.335030e-08,3.594906e-08
1758986240,9610157,14071889920,357301306,1.508726e-01,6.248797e-02,3.018821e-10,1.446959e-10,1.325917e-08,3.704216e-08
1759248384,9611034,14073987072,357354144,1.508724e-01,6.248784e-02,3.102238e-10,1.478497e-10,1.362556e-08,3.784953e-08
1759510528,9613537,14076084224,357407506,1.508725e-01,6.248780e-02,3.065603e-10,1.488479e-10,1.346465e-08,3.810507e-08
1759772672,9621937,14078181376,357461116,1.508726e-01,6.248773e-02,3.018821e-10,1.505800e-10,1.325917e-08,3.854849e-08
1760034816,9627986,14080278528,357514956,1.508728e-01,6.248798e-02,2.957004e-10,1.444272e-10,1.298766e-08,3.697336e-08
1760296960,9628108,14082375680,357568258,1.508729e-01,6.248780e-02,2.905978e-10,1.487571e-10,1.276355e-08,3.808181e-08
1760559104,9629644,14084472832,357621545,1.508731e-01,6.248780e-02,2.850362e-10,1.487571e-10,1.251928e-08,3.808181e-08
1760821248,9629921,14086569984,357674977,1.508732e-01,6.248792e-02,2.830272e-10,1.460434e-10,1.243103e-08,3.738711e-08
1761083392,9630884,14088667136,357727692,1.508729e-01,6.248778e-02,2.926335e-10,1.493938e-10,1.285296e-08,3.824482e-08
1761345536,9630948,14090764288,357780809,1.508729e-01,6.248792e-02,2.931435e-10,1.460434e-10,1.287536e-08,3.738711e-08
1761607680,9630956,14092861440,357834071,1.508729e-01,6.248801e-02,2.931435e-10,1.437118e-10,1.287536e-08,3.679021e-08
1761869824,9631716,14094958592,357887544,1.508730e-01,6.248803e-02,2.885692e-10,1.433547e-10,1.267445e-08,3.669881e-08
1762131968,9631962,14097055744,357940786,1.508728e-01,6.248805e-02,2.951881e-10,1.428200e-10,1.296516e-08,3.656191e-08
1762394112,9631980,14099152896,357992946,1.508721e-01,6.248768e-02,3.208109e-10,1.517709e-10,1.409056e-08,3.885336e-08
1762656256,9633471,14101250048,358046434,1.508721e-01,6.248761e-02,3.197442e-10,1.535199e-10,1.404371e-08,3.930110e-08
1762918400,9634174,14103347200,358099340,1.508722e-01,6.248775e-02,3.170852e-10,1.499407e-10,1.392692e-08,3.838483e-08
1763180544,9634238,14105444352,358152429,1.508720e-01,6.248765e-02,3.245584e-10,1.525061e-10,1.425516e-08,3.904157e-08
1763442688,9634309,14107541504,358205834,1.508720e-01,6.248758e-02,3.245584e-10,1.542593e-10,1.425516e-08,3.949039e-08
1763704832,9634518,14109638656,358259155,1.508720e-01,6.248760e-02,3.234855e-10,1.537970e-10,1.420803e-08,3.937203e-08
1763966976,9634628,14111735808,358312542,1.508720e-01,6.248787e-02,3.250955e-10,1.472163e-10,1.427875e-08,3.768736e-08
1764229120,9634768,14113832960,358366038,1.508722e-01,6.248816e-02,3.165548e-10,1.402495e-10,1.390362e-08,3.590387e-08
1764491264,9634831,14115930112,358419335,1.508722e-01,6.248831e-02,3.181475e-10,1.367423e-10,1.397358e-08,3.500603e-08
1764753408,9635202,14118027264,358472409,1.508715e-01,6.248800e-02,3.403153e-10,1.439798e-10,1.494723e-08,3.685884e-08
1765015552,9635589,14120124416,358525733,1.508718e-01,6.248803e-02,3.299496e-10,1.431764e-10,1.449195e-08,3.665315e-08
1765277696,9636026,14122221568,358579607,1.508723e-01,6.248820e-02,3.133813e-10,1.392806e-10,1.376424e-08,3.565583e-08
1765539840,9636495,14124318720,358632967,1.508720e-01,6.248821e-02,3.250955e-10,1.390169e-10,1.427875e-08,3.558833e-08
1765801984,9636543,14126415872,358686362,1.508722e-01,6.248844e-02,3.154952e-10,1.335377e-10,1.385708e-08,3.418565e-08
1766064128,9636928,14128513024,358740005,1.508720e-01,6.248835e-02,3.240217e-10,1.356988e-10,1.423158e-08,3.473889e-08
1766326272,9636978,14130610176,358792723,1.508713e-01,6.248802e-02,3.502834e-10,1.434439e-10,1.538504e-08,3.672165e-08
1766588416,9637056,14132707328,358846420,1.508714e-01,6.248797e-02,3.458354e-10,1.446959e-10,1.518968e-08,3.704216e-08
1766850560,9637061,14134804480,358899353,1.508714e-01,6.248793e-02,3.452814e-10,1.456835e-10,1.516534e-08,3.729497e-08
1767112704,9637093,14136901632,358952459,1.508714e-01,6.248782e-02,3.458354e-10,1.483938e-10,1.518968e-08,3.798881e-08
1767374848,9637525,14138998784,359005873,1.508711e-01,6.248767e-02,3.553213e-10,1.521383e-10,1.560631e-08,3.894741e-08
1767636992,9637615,14141095936,359059335,1.508715e-01,6.248762e-02,3.408653e-10,1.531509e-10,1.497138e-08,3.920663e-08
1767899136,9638009,14143193088,359112256,1.508711e-01,6.248763e-02,3.564458e-10,1.530587e-10,1.565570e-08,3.918302e-08
1768161280,9638149,14145290240,359166350,1.508714e-01,6.248776e-02,3.463898e-10,1.497583e-10,1.521403e-08,3.833813e-08
1768423424,9638402,14147387392,359219984,1.508717e-01,6.248763e-02,3.359313e-10,1.530587e-10,1.475467e-08,3.918302e-08
1768685568,9638534,14149484544,359273107,1.508718e-01,6.248759e-02,3.315757e-10,1.540743e-10,1.456337e-08,3.944302e-08
1768947712,9638909,14151581696,359326497,1.508721e-01,6.248774e-02,3.186793e-10,1.503059e-10,1.399694e-08,3.847831e-08
1769209856,9638931,14153678848,359379650,1.508722e-01,6.248794e-02,3.176162e-10,1.453240e-10,1.395024e-08,3.720294e-08
1769472000,9639763,14155776000,359433121,1.508717e-01,6.248775e-02,3.342946e-10,1.501233e-10,1.468279e-08,3.843155e-08
1769734144,9639791,14157873152,359485895,1.508714e-01,6.248759e-02,3.447278e-10,1.540743e-10,1.514103e-08,3.944302e-08
1769996288,9639841,14159970304,359538445,1.508709e-01,6.248754e-02,3.643665e-10,1.553718e-10,1.600360e-08,3.977517e-08
1770258432,9639885,14162067456,359591799,1.508707e-01,6.248736e-02,3.729497e-10,1.598615e-10,1.638058e-08,4.092455e-08
1770520576,9639890,14164164608,359645101,1.508705e-01,6.248719e-02,3.810507e-10,1.641287e-10,1.673640e-08,4.201695e-08
1770782720,9640019,14166261760,359698246,1.508707e-01,6.248702e-02,3.741016e-10,1.683555e-10,1.643118e-08,4.309900e-08
1771044864,9640036,14168358912,359751379,1.508704e-01,6.248700e-02,3.839651e-10,1.691297e-10,1.686440e-08,4.329721e-08
1771307008,9640118,14170456064,359804819,1.508705e-01,6.248697e-02,3.804692e-10,1.698087e-10,1.671085e-08,4.347102e-08
1771569152,9640118,14172553216,359857458,1.508704e-01,6.248676e-02,3.833813e-10,1.751905e-10,1.683876e-08,4.484878e-08
1771831296,9640233,14174650368,359910993,1.508705e-01,6.248648e-02,3.816327e-10,1.826648e-10,1.676196e-08,4.676218e-08
1772093440,9640457,14176747520,359964255,1.508707e-01,6.248664e-02,3.735254e-10,1.784600e-10,1.640587e-08,4.568575e-08
1772355584,9640467,14178844672,360017246,1.508707e-01,6.248674e-02,3.717995e-10,1.758815e-10,1.633006e-08,4.502567e-08
1772617728,9640567,14180941824,360069933,1.508705e-01,6.248665e-02,3.810507e-10,1.782610e-10,1.673640e-08,4.563481e-08
1772879872,9640958,14183038976,360123602,1.508703e-01,6.248648e-02,3.874769e-10,1.826648e-10,1.701865e-08,4.676218e-08
1773142016,9641194,14185136128,360176261,1.508700e-01,6.248611e-02,4.004905e-10,1.929768e-10,1.759023e-08,4.940205e-08
1773404160,9642247,14187233280,360229325,1.508702e-01,6.248624e-02,3.921843e-10,1.894738e-10,1.722540e-08,4.850529e-08
1773666304,9642465,14189330432,360282500,1.508706e-01,6.248649e-02,3.775682e-10,1.824634e-10,1.658344e-08,4.671064e-08
1773928448,9642584,14191427584,360335859,1.508709e-01,6.248655e-02,3.626619e-10,1.808567e-10,1.592873e-08,4.629932e-08
1774190592,9642594,14193524736,360388946,1.508711e-01,6.248659e-02,3.575720e-10,1.797562e-10,1.570517e-08,4.601759e-08
1774452736,9642635,14195621888,360442414,1.508714e-01,6.248662e-02,3.458354e-10,1.791574e-10,1.518968e-08,4.586429e-08
1774714880,9642683,14197719040,360496273,1.508712e-01,6.248665e-02,3.530778e-10,1.782610e-10,1.550778e-08,4.563481e-08
1774977024,9643099,14199816192,360550094,1.508715e-01,6.248696e-02,3.425180e-10,1.701001e-10,1.504397e-08,4.354562e-08
1775239168,9643932,14201913344,360603785,1.508716e-01,6.248701e-02,3.370246e-10,1.686456e-10,1.480269e-08,4.317327e-08
1775501312,9644467,14204010496,360656956,1.508714e-01,6.248683e-02,3.469447e-10,1.734200e-10,1.523840e-08,4.439551e-08
1775763456,9644840,14206107648,360709841,1.508712e-01,6.248662e-02,3.536380e-10,1.790577e-10,1.553238e-08,4.583876e-08
1776025600,9647142,14208204800,360762937,1.508710e-01,6.248661e-02,3.598297e-10,1.792571e-10,1.580433e-08,4.588982e-08
1776287744,9648042,14210301952,360816770,1.508714e-01,6.248663e-02,3.463898e-10,1.787587e-10,1.521403e-08,4.576222e-08
1776549888,9648080,14212399104,360869978,1.508713e-01,6.248646e-02,3.497258e-10,1.833703e-10,1.536055e-08,4.694281e-08
1776812032,9648266,14214496256,360922645,1.508710e-01,6.248637e-02,3.598297e-10,1.859013e-10,1.580433e-08,4.759073e-08
1777074176,9648326,14216593408,360975338,1.508707e-01,6.248656e-02,3.717995e-10,1.806564e-10,1.633006e-08,4.624803e-08
1777336320,9648343,14218690560,361028497,1.508712e-01,6.248657e-02,3.547598e-10,1.803561e-10,1.558165e-08,4.617116e-08
1777598464,9648769,14220787712,361081527,1.508707e-01,6.248644e-02,3.717995e-10,1.839762e-10,1.633006e-08,4.709790e-08
1777860608,9648926,14222884864,361134195,1.508703e-01,6.248639e-02,3.874769e-10,1.851909e-10,1.701865e-08,4.740886e-08
1778122752,9649303,14224982016,361187381,1.508707e-01,6.248625e-02,3.729497e-10,1.889613e-10,1.638058e-08,4.837410e-08
1778384896,9649458,14227079168,361241057,1.508711e-01,6.248629e-02,3.575720e-10,1.880407e-10,1.570517e-08,4.813842e-08
1778647040,9649899,14229176320,361294019,1.508709e-01,6.248592e-02,3.632297e-10,1.982914e-10,1.595367e-08,5.076259e-08
1778909184,9650077,14231273472,361347332,1.508711e-01,6.248593e-02,3.558833e-10,1.979768e-10,1.563100e-08,5.068205e-08
1779171328,9650160,14233370624,361400362,1.508710e-01,6.248577e-02,3.615277e-10,2.025102e-10,1.587891e-08,5.184262e-08
1779433472,9650187,14235467776,361453325,1.508707e-01,6.248579e-02,3.741016e-10,2.018746e-10,1.643118e-08,5.167989e-08
1779695616,9650272,14237564928,361506732,1.508708e-01,6.248575e-02,3.677878e-10,2.031469e-10,1.615386e-08,5.200560e-08
1779957760,9650361,14239662080,361560804,1.508714e-01,6.248583e-02,3.458354e-10,2.007118e-10,1.518968e-08,5.138222e-08
1780219904,9650461,14241759232,361613941,1.508713e-01,6.248584e-02,3.480558e-10,2.005007e-10,1.528720e-08,5.132819e-08
1780482048,9650705,14243856384,361667036,1.508714e-01,6.248597e-02,3.447278e-10,1.969298e-10,1.514103e-08,5.041403e-08
1780744192,9651268,14245953536,361720943,1.508721e-01,6.248634e-02,3.202774e-10,1.866131e-10,1.406713e-08,4.777295e-08
1781006336,9651286,14248050688,361774368,1.508716e-01,6.248602e-02,3.386680e-10,1.955729e-10,1.487487e-08,5.006667e-08
1781268480,9651613,14250147840,361827515,1.508717e-01,6.248620e-02,3.342946e-10,1.903979e-10,1.468279e-08,4.874187e-08
1781530624,9651626,14252244992,361880963,1.508716e-01,6.248630e-02,3.386680e-10,1.877343e-10,1.487487e-08,4.805999e-08
1781792768,9651809,14254342144,361934193,1.508718e-01,6.248645e-02,3.294085e-10,1.834712e-10,1.446818e-08,4.696864e-08
1782054912,9651919,14256439296,361987183,1.508713e-01,6.248613e-02,3.486120e-10,1.922529e-10,1.531163e-08,4.921675e-08
1782317056,9651982,14258536448,362040339,1.508715e-01,6.248602e-02,3.425180e-10,1.954688e-10,1.504397e-08,5.004000e-08
1782579200,9652114,14260633600,362093773,1.508717e-01,6.248603e-02,3.332057e-10,1.951564e-10,1.463496e-08,4.996004e-08
1782841344,9652385,14262730752,362146818,1.508716e-01,6.248600e-02,3.397658e-10,1.958857e-10,1.492309e-08,5.014673e-08
1783103488,9652483,14264827904,362199879,1.508711e-01,6.248602e-02,3.570086e-10,1.954688e-10,1.568042e-08,5.004000e-08
1783365632,9652539,14266925056,362252828,1.508710e-01,6.248610e-02,3.598297e-10,1.931838e-10,1.580433e-08,4.945506e-08
1783627776,9652824,14269022208,362305320,1.508702e-01,6.248575e-02,3.904157e-10,2.030407e-10,1.714772e-08,5.197842e-08
1783889920,9652837,14271119360,362357965,1.508700e-01,6.248555e-02,3.981084e-10,2.087064e-10,1.748560e-08,5.342885e-08
1784152064,9653132,14273216512,362411575,1.508703e-01,6.248564e-02,3.880638e-10,2.063452e-10,1.704442e-08,5.282436e-08
1784414208,9653763,14275313664,362464697,1.508701e-01,6.248575e-02,3.951408e-10,2.031469e-10,1.735526e-08,5.200560e-08
1784676352,9654023,14277410816,362517952,1.508698e-01,6.248564e-02,4.064769e-10,2.062382e-10,1.785316e-08,5.279697e-08
1784938496,9654083,14279507968,362571125,1.508697e-01,6.248565e-02,4.137191e-10,2.059173e-10,1.817124e-08,5.271482e-08
1785200640,9655300,14281605120,362624299,1.508696e-01,6.248551e-02,4.149323e-10,2.098921e-10,1.822453e-08,5.373238e-08
1785462784,9656276,14283702272,362677111,1.508698e-01,6.248545e-02,4.076794e-10,2.116227e-10,1.790597e-08,5.417542e-08
1785724928,9657713,14285799424,362730215,1.508696e-01,6.248523e-02,4.155396e-10,2.181758e-10,1.825121e-08,5.585301e-08
1785987072,9658265,14287896576,362783201,1.508694e-01,6.248498e-02,4.253167e-10,2.256115e-10,1.868063e-08,5.775655e-08
1786249216,9661620,14289993728,362836322,1.508692e-01,6.248484e-02,4.339649e-10,2.298842e-10,1.906048e-08,5.885035e-08
1786511360,9666301,14292090880,362888868,1.508690e-01,6.248460e-02,4.427001e-10,2.371708e-10,1.944414e-08,6.071572e-08
1786773504,9672904,14294188032,362942024,1.508685e-01,6.248451e-02,4.604317e-10,2.399326e-10,2.022294e-08,6.142274e-08
1787035648,9678211,14296285184,362995191,1.508683e-01,6.248445e-02,4.687826e-10,2.418985e-10,2.058973e-08,6.192602e-08
1787297792,9689189,14298382336,363048608,1.508679e-01,6.248431e-02,4.883403e-10,2.463220e-10,2.144873e-08,6.305842e-08
1787559936,9690335,14300479488,363102204,1.508681e-01,6.248415e-02,4.804692e-10,2.512577e-10,2.110303e-08,6.432197e-08
1787822080,9690613,14302576640,363155039,1.508681e-01,6.248401e-02,4.811227e-10,2.557655e-10,2.113172e-08,6.547597e-08
1788084224,9701071,14304673792,363207761,1.508679e-01,6.248427e-02,4.883403e-10,2.474927e-10,2.144873e-08,6.335813e-08
1788346368,9708069,14306770944,363260963,1.508676e-01,6.248427e-02,5.029366e-10,2.473755e-10,2.208983e-08,6.332813e-08
1788608512,9709689,14308868096,363314472,1.508677e-01,6.248435e-02,4.989344e-10,2.450374e-10,2.191405e-08,6.272957e-08
1788870656,9710356,14310965248,363367220,1.508677e-01,6.248455e-02,4.989344e-10,2.385497e-10,2.191405e-08,6.106872e-08
1789132800,9711505,14313062400,363420375,1.508677e-01,6.248439e-02,4.956116e-10,2.435235e-10,2.176810e-08,6.234202e-08
1789394944,9713356,14315159552,363473328,1.508677e-01,6.248460e-02,4.989344e-10,2.371708e-10,2.191405e-08,6.071572e-08
1789657088,9714466,14317256704,363526420,1.508676e-01,6.248459e-02,5.022684e-10,2.375151e-10,2.206048e-08,6.080387e-08
1789919232,9714721,14319353856,363579747,1.508676e-01,6.248462e-02,5.029366e-10,2.364828e-10,2.208983e-08,6.053961e-08
1790181376,9732683,14321451008,363633363,1.508680e-01,6.248495e-02,4.850529e-10,2.266198e-10,2.130435e-08,5.801468e-08
1790443520,9734861,14323548160,363686491,1.508682e-01,6.248519e-02,4.765577e-10,2.193881e-10,2.093122e-08,5.616334e-08
1790705664,9737310,14325645312,363739548,1.508679e-01,6.248534e-02,4.863665e-10,2.149960e-10,2.136204e-08,5.503898e-08
1790967808,9743800,14327742464,363792903,1.508681e-01,6.248540e-02,4.778598e-10,2.131429e-10,2.098841e-08,5.456457e-08
1791229952,9744949,14329839616,363846406,1.508678e-01,6.248515e-02,4.909781e-10,2.203824e-10,2.156459e-08,5.641789e-08
1791492096,9760173,14331936768,363899202,1.508676e-01,6.248524e-02,5.009335e-10,2.179558e-10,2.200185e-08,5.579668e-08
1791754240,9765494,14334033920,363952200,1.508675e-01,6.248535e-02,5.042742e-10,2.145593e-10,2.214858e-08,5.492717e-08
1792016384,9772857,14336131072,364005456,1.508676e-01,6.248532e-02,5.022684e-10,2.155426e-10,2.206048e-08,5.517891e-08
1792278528,9784940,14338228224,364057916,1.508671e-01,6.248511e-02,5.245513e-10,2.217117e-10,2.303918e-08,5.675819e-08
1792540672,9789262,14340325376,364111010,1.508674e-01,6.248519e-02,5.082976e-10,2.193881e-10,2.232530e-08,5.616334e-08
1792802816,9789978,14342422528,364164193,1.508678e-01,6.248546e-02,4.936231e-10,2.114060e-10,2.168077e-08,5.411994e-08
1793064960,9792525,14344519680,364217794,1.508679e-01,6.248556e-02,4.889991e-10,2.085988e-10,2.147767e-08,5.340130e-08
1793327104,9800774,14346616832,364270659,1.508680e-01,6.248542e-02,4.857095e-10,2.124907e-10,2.133318e-08,5.439762e-08
1793589248,9806938,14348713984,364324099,1.508678e-01,6.248508e-02,4.916387e-10,2.226001e-10,2.159361e-08,5.698562e-08
1793851392,9809392,14350811136,364376800,1.508679e-01,6.248511e-02,4.883403e-10,2.218226e-10,2.144873e-08,5.678659e-08
1794113536,9810841,14352908288,364430075,1.508683e-01,6.248506e-02,4.713672e-10,2.232675e-10,2.070325e-08,5.715649e-08
1794375680,9811188,14355005440,364483332,1.508684e-01,6.248489e-02,4.655618e-10,2.284180e-10,2.044827e-08,5.847500e-08
1794637824,9811328,14357102592,364536284,1.508685e-01,6.248522e-02,4.597924e-10,2.185061e-10,2.019486e-08,5.593756e-08
1794899968,9812347,14359199744,364589109,1.508683e-01,6.248507e-02,4.687826e-10,2.228224e-10,2.058973e-08,5.704254e-08
1795162112,9812438,14361296896,364642286,1.508685e-01,6.248507e-02,4.610714e-10,2.228224e-10,2.025104e-08,5.704254e-08
1795424256,9812532,14363394048,364695650,1.508683e-01,6.248502e-02,4.720144e-10,2.244938e-10,2.073168e-08,5.747042e-08
1795686400,9813440,14365491200,364749194,1.508685e-01,6.248507e-02,4.636347e-10,2.230449e-10,2.036362e-08,5.709950e-08
1795948544,9813496,14367588352,364802448,1.508683e-01,6.248504e-02,4.687826e-10,2.237131e-10,2.058973e-08,5.727054e-08
1796210688,9814987,14369685504,364855928,1.508688e-01,6.248513e-02,4.508893e-10,2.210465e-10,1.980382e-08,5.658791e-08
1796472832,9815582,14371782656,364909322,1.508691e-01,6.248529e-02,4.383216e-10,2.165282e-10,1.925183e-08,5.543122e-08
1796734976,9815759,14373879808,364963058,1.508692e-01,6.248539e-02,4.314851e-10,2.133605e-10,1.895156e-08,5.462028e-08
1796997120,9815783,14375976960,365016108,1.508689e-01,6.248514e-02,4.433274e-10,2.209358e-10,1.947169e-08,5.655956e-08
1797259264,9815863,14378074112,365069290,1.508690e-01,6.248509e-02,4.420733e-10,2.222667e-10,1.941661e-08,5.690028e-08
1797521408,9816017,14380171264,365122181,1.508691e-01,6.248493e-02,4.345859e-10,2.270687e-10,1.908775e-08,5.812959e-08
1797783552,9816184,14382268416,365175268,1.508691e-01,6.248493e-02,4.370746e-10,2.270687e-10,1.919706e-08,5.812959e-08
1798045696,9816241,14384365568,365228382,1.508694e-01,6.248491e-02,4.247023e-10,2.276304e-10,1.865365e-08,5.827339e-08
1798307840,9816255,14386462720,365281956,1.508695e-01,6.248517e-02,4.179732e-10,2.199402e-10,1.835809e-08,5.630469e-08
1798569984,9816629,14388559872,365335510,1.508694e-01,6.248520e-02,4.247023e-10,2.191674e-10,1.865365e-08,5.610686e-08
1798832128,9817177,14390657024,365389396,1.508695e-01,6.248514e-02,4.185827e-10,2.209358e-10,1.838487e-08,5.655956e-08
1799094272,9817535,14392754176,365442692,1.508701e-01,6.248558e-02,3.957334e-10,2.080611e-10,1.738128e-08,5.326365e-08
1799356416,9817958,14394851328,365495789,1.508695e-01,6.248561e-02,4.191927e-10,2.072023e-10,1.841165e-08,5.304378e-08
1799618560,9818327,14396948480,365548892,1.508693e-01,6.248552e-02,4.271625e-10,2.097842e-10,1.876170e-08,5.370475e-08
1799880704,9818439,14399045632,365601905,1.508695e-01,6.248535e-02,4.216369e-10,2.146684e-10,1.851901e-08,5.495511e-08
1800142848,9818529,14401142784,365655168,1.508696e-01,6.248558e-02,4.167555e-10,2.078462e-10,1.830461e-08,5.320864e-08
1800404992,9818620,14403239936,365708462,1.508693e-01,6.248556e-02,4.265468e-10,2.085988e-10,1.873466e-08,5.340130e-08
1800667136,9818658,14405337088,365761487,1.508696e-01,6.248562e-02,4.167555e-10,2.066664e-10,1.830461e-08,5.290659e-08
1800929280,9818970,14407434240,365814101,1.508694e-01,6.248562e-02,4.247023e-10,2.067735e-10,1.865365e-08,5.293401e-08
1801191424,9819054,14409531392,365867487,1.508695e-01,6.248555e-02,4.210252e-10,2.087064e-10,1.849214e-08,5.342885e-08
1801453568,9819405,14411628544,365920014,1.508690e-01,6.248546e-02,4.427001e-10,2.114060e-10,1.944414e-08,5.411994e-08
1801715712,9819615,14413725696,365973432,1.508694e-01,6.248565e-02,4.240883e-10,2.058104e-10,1.862668e-08,5.268746e-08
1801977856,9819890,14415822848,366027200,1.508696e-01,6.248576e-02,4.167555e-10,2.028284e-10,1.830461e-08,5.192408e-08
1802240000,9820016,14417920000,366080466,1.508698e-01,6.248597e-02,4.082814e-10,1.969298e-10,1.793241e-08,5.041403e-08
1802502144,9820350,14420017152,366134089,1.508696e-01,6.248580e-02,4.143255e-10,2.016629e-10,1.819788e-08,5.162570e-08
1802764288,9820469,14422114304,366186928,1.508692e-01,6.248565e-02,4.333442e-10,2.059173e-10,1.903321e-08,5.271482e-08
1803026432,9821271,14424211456,366239943,1.508692e-01,6.248570e-02,4.339649e-10,2.044232e-10,1.906048e-08,5.233234e-08
1803288576,9821294,14426308608,366293318,1.508691e-01,6.248552e-02,4.370746e-10,2.096763e-10,1.919706e-08,5.367713e-08
1803550720,9821312,14428405760,366346580,1.508693e-01,6.248567e-02,4.265468e-10,2.054898e-10,1.873466e-08,5.260540e-08
1803812864,9821335,14430502912,366398958,1.508689e-01,6.248548e-02,4.464704e-10,2.109729e-10,1.960974e-08,5.400907e-08
1804075008,9821341,14432600064,366452508,1.508692e-01,6.248568e-02,4.321044e-10,2.051696e-10,1.897875e-08,5.252341e-08
1804337152,9821354,14434697216,366505547,1.508689e-01,6.248548e-02,4.439551e-10,2.108647e-10,1.949926e-08,5.398137e-08
1804599296,9821588,14436794368,366559031,1.508690e-01,6.248547e-02,4.408209e-10,2.111894e-10,1.936160e-08,5.406449e-08
1804861440,9821621,14438891520,366611985,1.508687e-01,6.248549e-02,4.515224e-10,2.106484e-10,1.983163e-08,5.392599e-08
1805123584,9821661,14440988672,366665250,1.508690e-01,6.248571e-02,4.395704e-10,2.041037e-10,1.930668e-08,5.225056e-08
1805385728,9821669,14443085824,366718752,1.508690e-01,6.248590e-02,4.395704e-10,1.987113e-10,1.930668e-08,5.087009e-08
1805647872,9821847,14445182976,366772072,1.508688e-01,6.248572e-02,4.477307e-10,2.038909e-10,1.966509e-08,5.219608e-08
1805910016,9821918,14447280128,366824692,1.508687e-01,6.248571e-02,4.534242e-10,2.041037e-10,1.991516e-08,5.225056e-08
1806172160,9821948,14449377280,366877722,1.508686e-01,6.248574e-02,4.585152e-10,2.032531e-10,2.013877e-08,5.203279e-08
1806434304,9822096,14451474432,366930729,1.508685e-01,6.248578e-02,4.610714e-10,2.021923e-10,2.025104e-08,5.176122e-08
1806696448,9822565,14453571584,366984164,1.508686e-01,6.248580e-02,4.578773e-10,2.017687e-10,2.011075e-08,5.165279e-08
1806958592,9822743,14455668736,367037342,1.508687e-01,6.248572e-02,4.521559e-10,2.039973e-10,1.985945e-08,5.222331e-08
1807220736,9823906,14457765888,367090254,1.508689e-01,6.248558e-02,4.439551e-10,2.079537e-10,1.949926e-08,5.323614e-08
1807482880,9823983,14459863040,367143579,1.508689e-01,6.248584e-02,4.464704e-10,2.003953e-10,1.960974e-08,5.130119e-08
1807745024,9824164,14461960192,367197011,1.508688e-01,6.248600e-02,4.471004e-10,1.958857e-10,1.963741e-08,5.014673e-08
1808007168,9824292,14464057344,367250518,1.508693e-01,6.248615e-02,4.290124e-10,1.917368e-10,1.884295e-08,4.908461e-08
1808269312,9824356,14466154496,367303629,1.508694e-01,6.248627e-02,4.234748e-10,1.885519e-10,1.859973e-08,4.826929e-08
1808531456,9824846,14468251648,367356424,1.508690e-01,6.248606e-02,4.401954e-10,1.943246e-10,1.933413e-08,4.974710e-08
1808793600,9825688,14470348800,367409607,1.508691e-01,6.248600e-02,4.364518e-10,1.960943e-10,1.916970e-08,5.020013e-08
1809055744,9826066,14472445952,367463122,1.508692e-01,6.248577e-02,4.321044e-10,2.024042e-10,1.897875e-08,5.181548e-08
1809317888,9826174,14474543104,367517259,1.508697e-01,6.248596e-02,4.106937e-10,1.972436e-10,1.803836e-08,5.049436e-08
1809580032,9826672,14476640256,367570762,1.508700e-01,6.248598e-02,4.004905e-10,1.966163e-10,1.759023e-08,5.033377e-08
1809842176,9826893,14478737408,367623969,1.508701e-01,6.248622e-02,3.969201e-10,1.898842e-10,1.743340e-08,4.861036e-08
1810104320,9827040,14480834560,367677116,1.508701e-01,6.248614e-02,3.951408e-10,1.921496e-10,1.735526e-08,4.919031e-08
1810366464,9827178,14482931712,367729995,1.508694e-01,6.248597e-02,4.228617e-10,1.967208e-10,1.857280e-08,5.036052e-08
1810628608,9827217,14485028864,367783319,1.508694e-01,6.248603e-02,4.253167e-10,1.950523e-10,1.868063e-08,4.993339e-08
1810890752,9827271,14487126016,367836919,1.508693e-01,6.248605e-02,4.290124e-10,1.946363e-10,1.884295e-08,4.982690e-08
1811152896,9827651,14489223168,367890307,1.508697e-01,6.248635e-02,4.137191e-10,1.862062e-10,1.817124e-08,4.766878e-08
1811415040,9827806,14491320320,367943901,1.508699e-01,6.248629e-02,4.052760e-10,1.879386e-10,1.780041e-08,4.811227e-08
1811677184,9828198,14493417472,367996990,1.508700e-01,6.248618e-02,4.004905e-10,1.909123e-10,1.759023e-08,4.887355e-08
1811939328,9828502,14495514624,368050573,1.508698e-01,6.248628e-02,4.058762e-10,1.883473e-10,1.782677e-08,4.821692e-08
1812201472,9829026,14497611776,368103796,1.508699e-01,6.248616e-02,4.046763e-10,1.916336e-10,1.777407e-08,4.905820e-08
1812463616,9829087,14499708928,368157060,1.508696e-01,6.248600e-02,4.149323e-10,1.958857e-10,1.822453e-08,5.014673e-08
1812725760,9829133,14501806080,368210081,1.508694e-01,6.248611e-02,4.259315e-10,1.928733e-10,1.870763e-08,4.937556e-08
1812987904,9829191,14503903232,368263765,1.508694e-01,6.248605e-02,4.234748e-10,1.945324e-10,1.859973e-08,4.980029e-08
1813250048,9829227,14506000384,368316731,1.508691e-01,6.248626e-02,4.383216e-10,1.887566e-10,1.925183e-08,4.832168e-08
1813512192,9829379,14508097536,368369999,1.508690e-01,6.248619e-02,4.395704e-10,1.908094e-10,1.930668e-08,4.884720e-08
1813774336,9829658,14510194688,368423891,1.508694e-01,6.248621e-02,4.240883e-10,1.900896e-10,1.862668e-08,4.866294e-08
1814036480,9830185,14512291840,368476968,1.508694e-01,6.248618e-02,4.228617e-10,1.911182e-10,1.857280e-08,4.892627e-08
1814298624,9830228,14514388992,368529648,1.508690e-01,6.248587e-02,4.389458e-10,1.995524e-10,1.927924e-08,5.108541e-08
1814560768,9830576,14516486144,368583293,1.508689e-01,6.248594e-02,4.433274e-10,1.977671e-10,1.947169e-08,5.062839e-08
1814822912,9830591,14518583296,368636211,1.508688e-01,6.248580e-02,4.502567e-10,2.015571e-10,1.977604e-08,5.159862e-08
1815085056,9830707,14520680448,368689594,1.508690e-01,6.248583e-02,4.401954e-10,2.008174e-10,1.933413e-08,5.140924e-08
1815347200,9830840,14522777600,368743260,1.508693e-01,6.248593e-02,4.283953e-10,1.979768e-10,1.881585e-08,5.068205e-08
1815609344,9830890,14524874752,368796174,1.508694e-01,6.248613e-02,4.228617e-10,1.922529e-10,1.857280e-08,4.921675e-08
1815871488,9831036,14526971904,368849683,1.508699e-01,6.248641e-02,4.028797e-10,1.846843e-10,1.769516e-08,4.727917e-08
1816133632,9831377,14529069056,368902871,1.508702e-01,6.248637e-02,3.927747e-10,1.856982e-10,1.725133e-08,4.753873e-08
1816395776,9831425,14531166208,368955991,1.508704e-01,6.248657e-02,3.839651e-10,1.803561e-10,1.686440e-08,4.617116e-08
1816657920,9831443,14533263360,369009433,1.508701e-01,6.248643e-02,3.939569e-10,1.841784e-10,1.730325e-08,4.714966e-08
1816920064,9831508,14535360512,369062612,1.508705e-01,6.248665e-02,3.816327e-10,1.782610e-10,1.676196e-08,4.563481e-08
1817182208,9831735,14537457664,369115884,1.508707e-01,6.248648e-02,3.741016e-10,1.827655e-10,1.643118e-08,4.678796e-08
1817444352,9831791,14539554816,369169373,1.508708e-01,6.248651e-02,3.689318e-10,1.820611e-10,1.620411e-08,4.660764e-08
1817706496,9832037,14541651968,369222703,1.508708e-01,6.248644e-02,3.677878e-10,1.838751e-10,1.615386e-08,4.707204e-08
1817968640,9832679,14543749120,369275967,1.508708e-01,6.248636e-02,3.666456e-10,1.860029e-10,1.610370e-08,4.761674e-08
1818230784,9832958,14545846272,369329389,1.508710e-01,6.248619e-02,3.609613e-10,1.906036e-10,1.585403e-08,4.879452e-08
1818492928,9833035,14547943424,369382958,1.508708e-01,6.248626e-02,3.683596e-10,1.887566e-10,1.617898e-08,4.832168e-08
1818755072,9834182,14550040576,369436058,1.508708e-01,6.248621e-02,3.672165e-10,1.902951e-10,1.612877e-08,4.871555e-08
1819017216,9835154,14552137728,369488695,1.508706e-01,6.248626e-02,3.775682e-10,1.886542e-10,1.658344e-08,4.829548e-08
1819279360,9836708,14554234880,369542340,1.508710e-01,6.248630e-02,3.603953e-10,1.876323e-10,1.582917e-08,4.803386e-08
1819541504,9837217,14556332032,369595601,1.508717e-01,6.248626e-02,3.348397e-10,1.887566e-10,1.470673e-08,4.832168e-08
1819803648,9840649,14558429184,369648529,1.508714e-01,6.248592e-02,3.458354e-10,1.981865e-10,1.518968e-08,5.073574e-08
1820065792,9845203,14560526336,369700978,1.508710e-01,6.248574e-02,3.598297e-10,2.033593e-10,1.580433e-08,5.205999e-08
1820327936,9854481,14562623488,369753781,1.508712e-01,6.248577e-02,3.513998e-10,2.026163e-10,1.543407e-08,5.186977e-08
1820590080,9857069,14564720640,369806851,1.508711e-01,6.248551e-02,3.587000e-10,2.100001e-10,1.575471e-08,5.376002e-08
1820852224,9868125,14566817792,369859780,1.508708e-01,6.248558e-02,3.666456e-10,2.078462e-10,1.610370e-08,5.320864e-08
1821114368,9869583,14568914944,369913334,1.508715e-01,6.248607e-02,3.408653e-10,1.941169e-10,1.497138e-08,4.969394e-08
1821376512,9871759,14571012096,369966648,1.508715e-01,6.248640e-02,3.408653e-10,1.848868e-10,1.497138e-08,4.733103e-08
1821638656,9880055,14573109248,370019880,1.508714e-01,6.248643e-02,3.447278e-10,1.842795e-10,1.514103e-08,4.717555e-08
1821900800,9887072,14575206400,370073692,1.508718e-01,6.248657e-02,3.310332e-10,1.804562e-10,1.453954e-08,4.619677e-08
1822162944,9888687,14577303552,370126529,1.508715e-01,6.248643e-02,3.430698e-10,1.841784e-10,1.506821e-08,4.714966e-08
1822425088,9889166,14579400704,370179886,1.508718e-01,6.248669e-02,3.326619e-10,1.770692e-10,1.461108e-08,4.532973e-08
1822687232,9890463,14581497856,370233953,1.508722e-01,6.248695e-02,3.165548e-10,1.702945e-10,1.390362e-08,4.359538e-08
1822949376,9892258,14583595008,370287654,1.508725e-01,6.248691e-02,3.060387e-10,1.712681e-10,1.344174e-08,4.384464e-08
1823211520,9893423,14585692160,370341031,1.508725e-01,6.248694e-02,3.065603e-10,1.704890e-10,1.346465e-08,4.364518e-08
1823473664,9893624,14587789312,370393895,1.508725e-01,6.248700e-02,3.076048e-10,1.691297e-10,1.351053e-08,4.329721e-08
1823735808,9914176,14589886464,370446774,1.508726e-01,6.248679e-02,3.039569e-10,1.745993e-10,1.335030e-08,4.469743e-08
1823997952,9916511,14591983616,370500318,1.508725e-01,6.248669e-02,3.065603e-10,1.771684e-10,1.346465e-08,4.535511e-08
1824260096,9919034,14594080768,370553788,1.508723e-01,6.248651e-02,3.128540e-10,1.819606e-10,1.374108e-08,4.658191e-08
1824522240,9922607,14596177920,370606729,1.508725e-01,6.248652e-02,3.049969e-10,1.816592e-10,1.339598e-08,4.650475e-08
1824784384,9923852,14598275072,370659772,1.508729e-01,6.248669e-02,2.916147e-10,1.771684e-10,1.280821e-08,4.535511e-08
1825046528,9939036,14600372224,370712270,1.508724e-01,6.248644e-02,3.107490e-10,1.837741e-10,1.364862e-08,4.704617e-08
1825308672,9944374,14602469376,370764989,1.508719e-01,6.248638e-02,3.283276e-10,1.855967e-10,1.442070e-08,4.751275e-08
1825570816,9954441,14604566528,370818451,1.508715e-01,6.248649e-02,3.425180e-10,1.825641e-10,1.504397e-08,4.673641e-08
1825832960,9963795,14606663680,370871469,1.508715e-01,6.248643e-02,3.436220e-10,1.841784e-10,1.509246e-08,4.714966e-08
1826095104,9968258,14608760832,370924802,1.508718e-01,6.248656e-02,3.310332e-10,1.807565e-10,1.453954e-08,4.627367e-08
1826357248,9968942,14610857984,370978030,1.508716e-01,6.248634e-02,3.364777e-10,1.865113e-10,1.477867e-08,4.774689e-08
1826619392,9971595,14612955136,371031872,1.508716e-01,6.248657e-02,3.370246e-10,1.803561e-10,1.480269e-08,4.617116e-08
1826881536,9979567,14615052288,371084920,1.508718e-01,6.248689e-02,3.326619e-10,1.717560e-10,1.461108e-08,4.396954e-08
1827143680,9985747,14617149440,371137791,1.508716e-01,6.248695e-02,3.364777e-10,1.701972e-10,1.477867e-08,4.357049e-08
1827405824,9989979,14619246592,371191106,1.508716e-01,6.248686e-02,3.392167e-10,1.727338e-10,1.489897e-08,4.421986e-08
1827667968,9990891,14621343744,371244570,1.508719e-01,6.248682e-02,3.261711e-10,1.737144e-10,1.432599e-08,4.447089e-08
1827930112,9992822,14623440896,371297898,1.508723e-01,6.248699e-02,3.144374e-10,1.693236e-10,1.381062e-08,4.334683e-08
1828192256,9992832,14625538048,371351247,1.508727e-01,6.248719e-02,3.003306e-10,1.641287e-10,1.319103e-08,4.201695e-08
1828454400,9993880,14627635200,371405023,1.508731e-01,6.248728e-02,2.860434e-10,1.617511e-10,1.256351e-08,4.140828e-08
1828716544,9993934,14629732352,371458654,1.508733e-01,6.248731e-02,2.790304e-10,1.610885e-10,1.225549e-08,4.123865e-08
1828978688,9994215,14631829504,371511183,1.508730e-01,6.248727e-02,2.900900e-10,1.619407e-10,1.274124e-08,4.145681e-08
1829240832,9994508,14633926656,371563709,1.508729e-01,6.248715e-02,2.931435e-10,1.651804e-10,1.287536e-08,4.228617e-08
1829502976,9994934,14636023808,371616918,1.508730e-01,6.248737e-02,2.890757e-10,1.593908e-10,1.269669e-08,4.080406e-08
1829765120,9995030,14638120960,371670281,1.508734e-01,6.248751e-02,2.750620e-10,1.561156e-10,1.208119e-08,3.996560e-08
1830027264,9996571,14640218112,371723304,1.508734e-01,6.248748e-02,2.760514e-10,1.567679e-10,1.212465e-08,4.013259e-08
1830289408,9997356,14642315264,371776522,1.508735e-01,6.248749e-02,2.730884e-10,1.565814e-10,1.199451e-08,4.008485e-08
1830551552,9997474,14644412416,371829606,1.508734e-01,6.248725e-02,2.745679e-10,1.626051e-10,1.205949e-08,4.162689e-08
1830813696,9997481,14646509568,371883478,1.508739e-01,6.248742e-02,2.580345e-10,1.581704e-10,1.133331e-08,4.049161e-08
1831075840,9997724,14648606720,371937122,1.508741e-01,6.248762e-02,2.518485e-10,1.532431e-10,1.106162e-08,3.923023e-08
1831337984,9997731,14650703872,371990511,1.508741e-01,6.248767e-02,2.513758e-10,1.519546e-10,1.104085e-08,3.890037e-08
1831600128,9997820,14652801024,372043610,1.508745e-01,6.248799e-02,2.406255e-10,1.443377e-10,1.056868e-08,3.695044e-08
1831862272,9997875,14654898176,372097283,1.508749e-01,6.248809e-02,2.292069e-10,1.419310e-10,1.006716e-08,3.633433e-08
1832124416,9998159,14656995328,372150292,1.508751e-01,6.248825e-02,2.229337e-10,1.380523e-10,9.791626e-09,3.534139e-08
1832386560,9998842,14659092480,372203137,1.508751e-01,6.248841e-02,2.224889e-10,1.344000e-10,9.772092e-09,3.440641e-08
1832648704,9999039,14661189632,372256037,1.508750e-01,6.248807e-02,2.242706e-10,1.423751e-10,9.850345e-09,3.644803e-08
1832910848,9999571,14663286784,372309044,1.508749e-01,6.248789e-02,2.287559e-10,1.467646e-10,1.004735e-08,3.757174e-08
1833172992,9999896,14665383936,372361924,1.508744e-01,6.248768e-02,2.429426e-10,1.517709e-10,1.067045e-08,3.885336e-08
1833435136,9999904,14667481088,372416376,1.508744e-01,6.248750e-02,2.443381e-10,1.563019e-10,1.073174e-08,4.001328e-08
1833697280,10000059,14669578240,372469858,1.508748e-01,6.248770e-02,2.310152e-10,1.512207e-10,1.014658e-08,3.871250e-08
1833959424,10000094,14671675392,372523275,1.508748e-01,6.248764e-02,2.310152e-10,1.526902e-10,1.014658e-08,3.908869e-08
1834221568,10000174,14673772544,372576341,1.508744e-01,6.248741e-02,2.434073e-10,1.584516e-10,1.069086e-08,4.056361e-08
1834483712,10000333,14675869696,372629705,1.508746e-01,6.248733e-02,2.355671e-10,1.605216e-10,1.034651e-08,4.109353e-08
1834745856,10000509,14677966848,372682595,1.508746e-01,6.248719e-02,2.378597e-10,1.641287e-10,1.044720e-08,4.201695e-08
1835008000,10000516,14680064000,372735903,1.508749e-01,6.248724e-02,2.292069e-10,1.627001e-10,1.006716e-08,4.165122e-08
1835270144,10000939,14682161152,372788826,1.508744e-01,6.248725e-02,2.424783e-10,1.626051e-10,1.065006e-08,4.162689e-08
1835532288,10001269,14684258304,372841800,1.508745e-01,6.248723e-02,2.406255e-10,1.631756e-10,1.056868e-08,4.177295e-08
1835794432,10001438,14686355456,372895184,1.508745e-01,6.248728e-02,2.415510e-10,1.618459e-10,1.060933e-08,4.143255e-08
1836056576,10001627,14688452608,372948550,1.508745e-01,6.248736e-02,2.401634e-10,1.597673e-10,1.054839e-08,4.090044e-08
1836318720,10001976,14690549760,373002461,1.508747e-01,6.248746e-02,2.341969e-10,1.573282e-10,1.028633e-08,4.027601e-08
1836580864,10002141,14692646912,373055432,1.508747e-01,6.248764e-02,2.346532e-10,1.526902e-10,1.030637e-08,3.908869e-08
1836843008,10002842,14694744064,373108518,1.508745e-01,6.248756e-02,2.410880e-10,1.547224e-10,1.058900e-08,3.960892e-08
1837105152,10002881,14696841216,373161765,1.508745e-01,6.248760e-02,2.410880e-10,1.537046e-10,1.058900e-08,3.934838e-08
1837367296,10002896,14698938368,373215034,1.508746e-01,6.248755e-02,2.383196e-10,1.550005e-10,1.046740e-08,3.968013e-08
1837629440,10002982,14701035520,373268219,1.508742e-01,6.248746e-02,2.494893e-10,1.573282e-10,1.095799e-08,4.027601e-08
1837891584,10003061,14703132672,373321619,1.508741e-01,6.248742e-02,2.523217e-10,1.581704e-10,1.108240e-08,4.049161e-08
1838153728,10003149,14705229824,373374577,1.508743e-01,6.248727e-02,2.476099e-10,1.620355e-10,1.087545e-08,4.148109e-08
1838415872,10003234,14707326976,373426965,1.508740e-01,6.248732e-02,2.566003e-10,1.607105e-10,1.127032e-08,4.114188e-08
1838678016,10003332,14709424128,373479791,1.508738e-01,6.248726e-02,2.618785e-10,1.623202e-10,1.150215e-08,4.155396e-08
1838940160,10003423,14711521280,373533304,1.508739e-01,6.248719e-02,2.594727e-10,1.640333e-10,1.139648e-08,4.199252e-08
1839202304,10003502,14713618432,373586975,1.508742e-01,6.248732e-02,2.490188e-10,1.608994e-10,1.093733e-08,4.119025e-08
1839464448,10003530,14715715584,373640178,1.508737e-01,6.248705e-02,2.642955e-10,1.677759e-10,1.160831e-08,4.295064e-08
1839726592,10003569,14717812736,373693492,1.508739e-01,6.248733e-02,2.575560e-10,1.605216e-10,1.131230e-08,4.109353e-08
1839988736,10003954,14719909888,373747258,1.508738e-01,6.248742e-02,2.609148e-10,1.581704e-10,1.145982e-08,4.049161e-08
1840250880,10004215,14722007040,373800628,1.508740e-01,6.248749e-02,2.566003e-10,1.564882e-10,1.127032e-08,4.006098e-08
1840513024,10004389,14724104192,373854263,1.508742e-01,6.248769e-02,2.494893e-10,1.514957e-10,1.095799e-08,3.878290e-08
1840775168,10004936,14726201344,373907486,1.508738e-01,6.248766e-02,2.613965e-10,1.522302e-10,1.148098e-08,3.897094e-08
1841037312,10005471,14728298496,373960799,1.508735e-01,6.248746e-02,2.716130e-10,1.571413e-10,1.192970e-08,4.022818e-08
1841299456,10005626,14730395648,374014024,1.508735e-01,6.248744e-02,2.721043e-10,1.577958e-10,1.195129e-08,4.039572e-08
1841561600,10005745,14732492800,374067327,1.508738e-01,6.248777e-02,2.623610e-10,1.496672e-10,1.152334e-08,3.831479e-08
1841823744,10005750,14734589952,374120340,1.508737e-01,6.248765e-02,2.662370e-10,1.524141e-10,1.169358e-08,3.901802e-08
1842085888,10005916,14736687104,374173177,1.508737e-01,6.248747e-02,2.652654e-10,1.569546e-10,1.165091e-08,4.018037e-08
1842348032,10005979,14738784256,374225774,1.508734e-01,6.248766e-02,2.760514e-10,1.523222e-10,1.212465e-08,3.899448e-08
1842610176,10006032,14740881408,374278749,1.508735e-01,6.248768e-02,2.725962e-10,1.518627e-10,1.197289e-08,3.887686e-08
1842872320,10006086,14742978560,374332627,1.508738e-01,6.248772e-02,2.623610e-10,1.508545e-10,1.152334e-08,3.861874e-08
1843134464,10006229,14745075712,374385891,1.508739e-01,6.248788e-02,2.599529e-10,1.468549e-10,1.141758e-08,3.759485e-08
1843396608,10006302,14747172864,374439894,1.508743e-01,6.248811e-02,2.457377e-10,1.413989e-10,1.079322e-08,3.619812e-08
1843658752,10006550,14749270016,374493969,1.508747e-01,6.248835e-02,2.337410e-10,1.356120e-10,1.026630e-08,3.471668e-08
1843920896,10006678,14751367168,374547349,1.508752e-01,6.248838e-02,2.202718e-10,1.349188e-10,9.674712e-09,3.453921e-08
1844183040,10006720,14753464320,374600823,1.508755e-01,6.248851e-02,2.093528e-10,1.319068e-10,9.195129e-09,3.376815e-08
1844445184,10007136,14755561472,374653467,1.508751e-01,6.248828e-02,2.207143e-10,1.372655e-10,9.694149e-09,3.513998e-08
1844707328,10007517,14757658624,374706436,1.508748e-01,6.248795e-02,2.314684e-10,1.452342e-10,1.016649e-08,3.717995e-08
1844969472,10007598,14759755776,374759615,1.508750e-01,6.248805e-02,2.242706e-10,1.427310e-10,9.850345e-09,3.653912e-08
1845231616,10007942,14761852928,374812573,1.508748e-01,6.248795e-02,2.314684e-10,1.452342e-10,1.016649e-08,3.717995e-08
1845493760,10008010,14763950080,374865760,1.508747e-01,6.248793e-02,2.341969e-10,1.456835e-10,1.028633e-08,3.729497e-08
1845755904,10008033,14766047232,374918601,1.508745e-01,6.248791e-02,2.406255e-10,1.461335e-10,1.056868e-08,3.741016e-08
1846018048,10008051,14768144384,374971298,1.508741e-01,6.248773e-02,2.523217e-10,1.504886e-10,1.108240e-08,3.852509e-08
1846280192,10008132,14770241536,375025669,1.508746e-01,6.248780e-02,2.378597e-10,1.488479e-10,1.044720e-08,3.810507e-08
1846542336,10008141,14772338688,375078712,1.508746e-01,6.248780e-02,2.355671e-10,1.488479e-10,1.034651e-08,3.810507e-08
1846804480,10008284,14774435840,375132004,1.508745e-01,6.248797e-02,2.415510e-10,1.446063e-10,1.060933e-08,3.701922e-08
1847066624,10008574,14776532992,375185244,1.508745e-01,6.248808e-02,2.387799e-10,1.421085e-10,1.048762e-08,3.637979e-08
1847328768,10008607,14778630144,375238563,1.508746e-01,6.248821e-02,2.364828e-10,1.389291e-10,1.038673e-08,3.556585e-08
1847590912,10009217,14780727296,375292015,1.508748e-01,6.248832e-02,2.319220e-10,1.363940e-10,1.018641e-08,3.491687e-08
1847853056,10009238,14782824448,375345549,1.508747e-01,6.248843e-02,2.332856e-10,1.337961e-10,1.024630e-08,3.425180e-08
1848115200,10009486,14784921600,375398735,1.508746e-01,6.248865e-02,2.383196e-10,1.288443e-10,1.046740e-08,3.298414e-08
1848377344,10009578,14787018752,375452149,1.508747e-01,6.248869e-02,2.341969e-10,1.278314e-10,1.028633e-08,3.272485e-08
1848639488,10009652,14789115904,375505429,1.508749e-01,6.248878e-02,2.287559e-10,1.258177e-10,1.004735e-08,3.220933e-08
1848901632,10009729,14791213056,375558918,1.508752e-01,6.248898e-02,2.202718e-10,1.213453e-10,9.674712e-09,3.106439e-08
1849163776,10009863,14793310208,375612189,1.508750e-01,6.248908e-02,2.256115e-10,1.191394e-10,9.909241e-09,3.049969e-08
1849425920,10009920,14795407360,375665839,1.508753e-01,6.248933e-02,2.145593e-10,1.137530e-10,9.423807e-09,2.912077e-08
1849688064,10010359,14797504512,375718890,1.508752e-01,6.248929e-02,2.198297e-10,1.147086e-10,9.655294e-09,2.936540e-08
1849950208,10010415,14799601664,375771890,1.508753e-01,6.248954e-02,2.167475e-10,1.094245e-10,9.519918e-09,2.801266e-08
1850212352,10010432,14801698816,375825776,1.508754e-01,6.248961e-02,2.141229e-10,1.079487e-10,9.404644e-09,2.763486e-08
1850474496,10010560,14803795968,375878997,1.508751e-01,6.248969e-02,2.216007e-10,1.062524e-10,9.733080e-09,2.720060e-08
1850736640,10010762,14805893120,375932140,1.508754e-01,6.248958e-02,2.115144e-10,1.086465e-10,9.290070e-09,2.781350e-08
1850998784,10010962,14807990272,375985566,1.508757e-01,6.248970e-02,2.033593e-10,1.060221e-10,8.931888e-09,2.714165e-08
1851260928,10011614,14810087424,376039175,1.508758e-01,6.248987e-02,2.016629e-10,1.025979e-10,8.857377e-09,2.626507e-08
1851523072,10011936,14812184576,376092396,1.508756e-01,6.248982e-02,2.059173e-10,1.036572e-10,9.044236e-09,2.653625e-08
1851785216,10012035,14814281728,376145293,1.508752e-01,6.248958e-02,2.185061e-10,1.086465e-10,9.597160e-09,2.781350e-08
1852047360,10013105,14816378880,376198339,1.508751e-01,6.248963e-02,2.224889e-10,1.075620e-10,9.772092e-09,2.753586e-08
1852309504,10013160,14818476032,376251978,1.508751e-01,6.248959e-02,2.224889e-10,1.083361e-10,9.772092e-09,2.773403e-08
1852571648,10014135,14820573184,376305453,1.508753e-01,6.248987e-02,2.145593e-10,1.025979e-10,9.423807e-09,2.626507e-08
1852833792,10015715,14822670336,376358428,1.508749e-01,6.248976e-02,2.292069e-10,1.047982e-10,1.006716e-08,2.682833e-08
1853095936,10016245,14824767488,376411423,1.508748e-01,6.248981e-02,2.314684e-10,1.038849e-10,1.016649e-08,2.659453e-08
1853358080,10019703,14826864640,376464720,1.508753e-01,6.249001e-02,2.154332e-10,9.982465e-11,9.462193e-09,2.555511e-08
1853620224,10024059,14828961792,376517841,1.508751e-01,6.249001e-02,2.211573e-10,9.989910e-11,9.713604e-09,2.557417e-08
1853882368,10036012,14831058944,376571354,1.508751e-01,6.248994e-02,2.207143e-10,1.012440e-10,9.694149e-09,2.591847e-08
1854144512,10036119,14833156096,376625250,1.508756e-01,6.249014e-02,2.067735e-10,9.730972e-11,9.081843e-09,2.491129e-08
1854406656,10047074,14835253248,376678585,1.508757e-01,6.248997e-02,2.050629e-10,1.005704e-10,9.006709e-09,2.574603e-08
1854668800,10048518,14837350400,376731612,1.508760e-01,6.249000e-02,1.961986e-10,1.000481e-10,8.617376e-09,2.561231e-08
1854930944,10053295,14839447552,376784416,1.508757e-01,6.248977e-02,2.046363e-10,1.046457e-10,8.987974e-09,2.678929e-08
1855193088,10059044,14841544704,376837327,1.508754e-01,6.248972e-02,2.115144e-10,1.057154e-10,9.290070e-09,2.706315e-08
1855455232,10066111,14843641856,376890728,1.508755e-01,6.248995e-02,2.093528e-10,1.010941e-10,9.195129e-09,2.588010e-08
1855717376,10067687,14845739008,376944069,1.508754e-01,6.248994e-02,2.119480e-10,1.012440e-10,9.309117e-09,2.591847e-08
1855979520,10067963,14847836160,376997275,1.508756e-01,6.249018e-02,2.063452e-10,9.635660e-11,9.063029e-09,2.466729e-08
1856241664,10069455,14849933312,377050001,1.508754e-01,6.249018e-02,2.123821e-10,9.650293e-11,9.328183e-09,2.470475e-08
1856503808,10071233,14852030464,377102793,1.508754e-01,6.248993e-02,2.136871e-10,1.013940e-10,9.385499e-09,2.595687e-08
1856765952,10072371,14854127616,377156634,1.508758e-01,6.249006e-02,2.016629e-10,9.878520e-11,8.857377e-09,2.528901e-08
1857028096,10072438,14856224768,377210317,1.508755e-01,6.248994e-02,2.093528e-10,1.011691e-10,9.195129e-09,2.589928e-08
1857290240,10095695,14858321920,377263497,1.508756e-01,6.248997e-02,2.084912e-10,1.006452e-10,9.157288e-09,2.576516e-08
1857552384,10098184,14860419072,377316826,1.508755e-01,6.248989e-02,2.097842e-10,1.022210e-10,9.214078e-09,2.616856e-08
1857814528,10100791,14862516224,377368998,1.508752e-01,6.248976e-02,2.176259e-10,1.049508e-10,9.558500e-09,2.686740e-08
1858076672,10101522,14864613376,377421534,1.508747e-01,6.248953e-02,2.337410e-10,1.095804e-10,1.026630e-08,2.805258e-08
1858338816,10102882,14866710528,377475068,1.508748e-01,6.248969e-02,2.305625e-10,1.063292e-10,1.012669e-08,2.722027e-08
1858600960,10117977,14868807680,377528024,1.508745e-01,6.248965e-02,2.415510e-10,1.070988e-10,1.060933e-08,2.741730e-08
1858863104,10123276,14870904832,377581922,1.508746e-01,6.248963e-02,2.378597e-10,1.076392e-10,1.044720e-08,2.755565e-08
1859125248,10136093,14873001984,377635104,1.508743e-01,6.248968e-02,2.476099e-10,1.064829e-10,1.087545e-08,2.725962e-08
1859387392,10142655,14875099136,377687563,1.508738e-01,6.248961e-02,2.628440e-10,1.080261e-10,1.154455e-08,2.765468e-08
1859649536,10147248,14877196288,377740473,1.508737e-01,6.248960e-02,2.662370e-10,1.081810e-10,1.169358e-08,2.769434e-08
1859911680,10147943,14879293440,377794244,1.508738e-01,6.248963e-02,2.613965e-10,1.074847e-10,1.148098e-08,2.751608e-08
1860173824,10150678,14881390592,377848251,1.508741e-01,6.248976e-02,2.518485e-10,1.048745e-10,1.106162e-08,2.684786e-08
1860435968,10158446,14883487744,377901047,1.508736e-01,6.248949e-02,2.686740e-10,1.104400e-10,1.180062e-08,2.827264e-08
1860698112,10164620,14885584896,377954043,1.508734e-01,6.248936e-02,2.750620e-10,1.131975e-10,1.208119e-08,2.897855e-08
1860960256,10169100,14887682048,378007416,1.508740e-01,6.248970e-02,2.551701e-10,1.061756e-10,1.120751e-08,2.718095e-08
1861222400,10172353,14889779200,378060173,1.508740e-01,6.248964e-02,2.556464e-10,1.073303e-10,1.122842e-08,2.747655e-08
1861484544,10173509,14891876352,378112527,1.508740e-01,6.248954e-02,2.561231e-10,1.094245e-10,1.124936e-08,2.801266e-08
1861746688,10174266,14893973504,378165294,1.508739e-01,6.248954e-02,2.604337e-10,1.094245e-10,1.143869e-08,2.801266e-08
1862008832,10174398,14896070656,378218327,1.508735e-01,6.248935e-02,2.711220e-10,1.133560e-10,1.190814e-08,2.901915e-08
1862270976,10175431,14898167808,378271040,1.508738e-01,6.248945e-02,2.638112e-10,1.113816e-10,1.158704e-08,2.851369e-08
1862533120,10175489,14900264960,378324083,1.508739e-01,6.248956e-02,2.580345e-10,1.090351e-10,1.133331e-08,2.791299e-08
1862795264,10175903,14902362112,378377172,1.508741e-01,6.248960e-02,2.513758e-10,1.081035e-10,1.104085e-08,2.767451e-08
1863057408,10176427,14904459264,378430750,1.508743e-01,6.248952e-02,2.457377e-10,1.098926e-10,1.079322e-08,2.813250e-08
1863319552,10176607,14906556416,378484363,1.508747e-01,6.248949e-02,2.337410e-10,1.103617e-10,1.026630e-08,2.825260e-08
1863581696,10178141,14908653568,378538141,1.508748e-01,6.248940e-02,2.319220e-10,1.123272e-10,1.018641e-08,2.875575e-08
1863843840,10178876,14910750720,378591021,1.508745e-01,6.248910e-02,2.397018e-10,1.188956e-10,1.052811e-08,3.043727e-08
1864105984,10178959,14912847872,378643758,1.508744e-01,6.248920e-02,2.438725e-10,1.165513e-10,1.071129e-08,2.983712e-08
1864368128,10179037,14914945024,378697403,1.508741e-01,6.248907e-02,2.513758e-10,1.194649e-10,1.104085e-08,3.058302e-08
1864630272,10179046,14917042176,378749740,1.508737e-01,6.248885e-02,2.642955e-10,1.243179e-10,1.160831e-08,3.182538e-08
1864892416,10179143,14919139328,378803271,1.508740e-01,6.248882e-02,2.561231e-10,1.249834e-10,1.124936e-08,3.199574e-08
1865154560,10179369,14921236480,378856301,1.508738e-01,6.248874e-02,2.623610e-10,1.267387e-10,1.152334e-08,3.244510e-08
1865416704,10179375,14923333632,378909452,1.508730e-01,6.248851e-02,2.895826e-10,1.320780e-10,1.271896e-08,3.381198e-08
1865678848,10179519,14925430784,378962325,1.508729e-01,6.248860e-02,2.931435e-10,1.298611e-10,1.287536e-08,3.324445e-08
1865940992,10179645,14927527936,379015403,1.508730e-01,6.248854e-02,2.895826e-10,1.313085e-10,1.271896e-08,3.361498e-08
1866203136,10180453,14929625088,379068488,1.508728e-01,6.248841e-02,2.957004e-10,1.342274e-10,1.298766e-08,3.436220e-08
1866465280,10180491,14931722240,379121666,1.508725e-01,6.248847e-02,3.044767e-10,1.330216e-10,1.337313e-08,3.405353e-08
1866727424,10181102,14933819392,379174894,1.508724e-01,6.248846e-02,3.086511e-10,1.331935e-10,1.355648e-08,3.409754e-08
1866989568,10181317,14935916544,379228193,1.508722e-01,6.248847e-02,3.181475e-10,1.329357e-10,1.397358e-08,3.403153e-08
1867251712,10181428,14938013696,379281186,1.508723e-01,6.248850e-02,3.139091e-10,1.322493e-10,1.378742e-08,3.385583e-08
1867513856,10181597,14940110848,379334650,1.508718e-01,6.248846e-02,3.315757e-10,1.331075e-10,1.456337e-08,3.407553e-08
1867776000,10181708,14942208000,379388173,1.508721e-01,6.248862e-02,3.218794e-10,1.294370e-10,1.413749e-08,3.313586e-08
1868038144,10181905,14944305152,379441933,1.508722e-01,6.248865e-02,3.154952e-10,1.289289e-10,1.385708e-08,3.300579e-08
1868300288,10181909,14946402304,379494887,1.508725e-01,6.248861e-02,3.070824e-10,1.296914e-10,1.348758e-08,3.320099e-08
1868562432,10181973,14948499456,379548311,1.508725e-01,6.248870e-02,3.070824e-10,1.275788e-10,1.348758e-08,3.266018e-08
1868824576,10182413,14950596608,379601442,1.508725e-01,6.248882e-02,3.065603e-10,1.249834e-10,1.346465e-08,3.199574e-08
1869086720,10182766,14952693760,379655003,1.508726e-01,6.248883e-02,3.039569e-10,1.248168e-10,1.335030e-08,3.195311e-08
1869348864,10182948,14954790912,379707887,1.508729e-01,6.248888e-02,2.926335e-10,1.237371e-10,1.285296e-08,3.167669e-08
1869611008,10182964,14956888064,379761137,1.508732e-01,6.248898e-02,2.835288e-10,1.213453e-10,1.245306e-08,3.106439e-08
1869873152,10183536,14958985216,379814159,1.508731e-01,6.248873e-02,2.840308e-10,1.269904e-10,1.247512e-08,3.250955e-08
1870135296,10183735,14961082368,379868008,1.508735e-01,6.248865e-02,2.735812e-10,1.287597e-10,1.201615e-08,3.296249e-08
1870397440,10183777,14963179520,379920765,1.508732e-01,6.248846e-02,2.815250e-10,1.332795e-10,1.236506e-08,3.411956e-08
1870659584,10184308,14965276672,379973695,1.508728e-01,6.248815e-02,2.972398e-10,1.404260e-10,1.305528e-08,3.594906e-08
1870921728,10184362,14967373824,380027019,1.508727e-01,6.248821e-02,2.987832e-10,1.390169e-10,1.312307e-08,3.558833e-08
1871183872,10184463,14969470976,380080560,1.508727e-01,6.248808e-02,2.992986e-10,1.421085e-10,1.314570e-08,3.637979e-08
1871446016,10184566,14971568128,380133117,1.508728e-01,6.248826e-02,2.957004e-10,1.377898e-10,1.298766e-08,3.527419e-08
1871708160,10184595,14973665280,380186784,1.508731e-01,6.248814e-02,2.850362e-10,1.406027e-10,1.251928e-08,3.599428e-08
1871970304,10184638,14975762432,380239001,1.508729e-01,6.248802e-02,2.916147e-10,1.435332e-10,1.280821e-08,3.674450e-08
1872232448,10184640,14977859584,380292592,1.508732e-01,6.248818e-02,2.825260e-10,1.396325e-10,1.240902e-08,3.574593e-08
1872494592,10184771,14979956736,380345671,1.508730e-01,6.248788e-02,2.900900e-10,1.469452e-10,1.274124e-08,3.761797e-08
1872756736,10184771,14982053888,380398871,1.508729e-01,6.248789e-02,2.931435e-10,1.467646e-10,1.287536e-08,3.757174e-08
1873018880,10184919,14984151040,380452173,1.508732e-01,6.248794e-02,2.830272e-10,1.454138e-10,1.243103e-08,3.722593e-08
1873281024,10184954,14986248192,380505803,1.508736e-01,6.248821e-02,2.691627e-10,1.391048e-10,1.182208e-08,3.561082e-08
1873543168,10184994,14988345344,380559090,1.508735e-01,6.248789e-02,2.716130e-10,1.467646e-10,1.192970e-08,3.757174e-08
1873805312,10184997,14990442496,380612310,1.508736e-01,6.248790e-02,2.676979e-10,1.463136e-10,1.175774e-08,3.745629e-08
1874067456,10185029,14992539648,380665053,1.508732e-01,6.248771e-02,2.805258e-10,1.509460e-10,1.232117e-08,3.864217e-08
1874329600,10185061,14994636800,380718465,1.508732e-01,6.248807e-02,2.805258e-10,1.423751e-10,1.232117e-08,3.644803e-08
1874591744,10185167,14996733952,380772165,1.508732e-01,6.248816e-02,2.820253e-10,1.401613e-10,1.238703e-08,3.588129e-08
1874853888,10185246,14998831104,380825336,1.508731e-01,6.248816e-02,2.870524e-10,1.400731e-10,1.260783e-08,3.585871e-08
1875116032,10185483,15000928256,380878998,1.508732e-01,6.248827e-02,2.825260e-10,1.376149e-10,1.240902e-08,3.522942e-08
1875378176,10185581,15003025408,380932418,1.508735e-01,6.248839e-02,2.721043e-10,1.348323e-10,1.195129e-08,3.451706e-08
1875640320,10185618,15005122560,380985612,1.508735e-01,6.248843e-02,2.725962e-10,1.337961e-10,1.197289e-08,3.425180e-08
1875902464,10185768,15007219712,381039120,1.508737e-01,6.248837e-02,2.647802e-10,1.351785e-10,1.162960e-08,3.460571e-08
1876164608,10185913,15009316864,381092346,1.508736e-01,6.248851e-02,2.676979e-10,1.319924e-10,1.175774e-08,3.379006e-08
1876426752,10186138,15011414016,381145686,1.508738e-01,6.248838e-02,2.638112e-10,1.350919e-10,1.158704e-08,3.458354e-08
1876688896,10186474,15013511168,381199083,1.508738e-01,6.248854e-02,2.628440e-10,1.312232e-10,1.154455e-08,3.359313e-08
1876951040,10186888,15015608320,381252008,1.508733e-01,6.248824e-02,2.780356e-10,1.383150e-10,1.221180e-08,3.540865e-08
1877213184,10186967,15017705472,381305793,1.508733e-01,6.248830e-02,2.775389e-10,1.369166e-10,1.218998e-08,3.505065e-08
1877475328,10187027,15019802624,381359266,1.508736e-01,6.248855e-02,2.701415e-10,1.310525e-10,1.186507e-08,3.354944e-08
1877737472,10187031,15021899776,381411482,1.508730e-01,6.248847e-02,2.885692e-10,1.330216e-10,1.267445e-08,3.405353e-08
1877999616,10187044,15023996928,381464231,1.508730e-01,6.248860e-02,2.885692e-10,1.299461e-10,1.267445e-08,3.326619e-08
1878261760,10187147,15026094080,381517857,1.508731e-01,6.248858e-02,2.850362e-10,1.303711e-10,1.251928e-08,3.337499e-08
1878523904,10187185,15028191232,381571400,1.508735e-01,6.248842e-02,2.706315e-10,1.340548e-10,1.188659e-08,3.431802e-08
1878786048,10187314,15030288384,381624715,1.508736e-01,6.248839e-02,2.676979e-10,1.347458e-10,1.175774e-08,3.449492e-08
1879048192,10187342,15032385536,381677891,1.508736e-01,6.248811e-02,2.681857e-10,1.413103e-10,1.177917e-08,3.617544e-08
1879310336,10187511,15034482688,381731035,1.508734e-01,6.248816e-02,2.745679e-10,1.401613e-10,1.205949e-08,3.588129e-08
1879572480,10187677,15036579840,381784454,1.508734e-01,6.248814e-02,2.740743e-10,1.406910e-10,1.203781e-08,3.601690e-08
1879834624,10188048,15038676992,381837860,1.508733e-01,6.248813e-02,2.780356e-10,1.408678e-10,1.221180e-08,3.606216e-08
1880096768,10188191,15040774144,381890439,1.508730e-01,6.248821e-02,2.880631e-10,1.391048e-10,1.265222e-08,3.561082e-08
1880358912,10188228,15042871296,381942943,1.508726e-01,6.248806e-02,3.029186e-10,1.425530e-10,1.330470e-08,3.649356e-08
1880621056,10188433,15044968448,381996116,1.508727e-01,6.248800e-02,2.987832e-10,1.439798e-10,1.312307e-08,3.685884e-08
1880883200,10188466,15047065600,382049125,1.508729e-01,6.248802e-02,2.931435e-10,1.436225e-10,1.287536e-08,3.676735e-08
1881145344,10188579,15049162752,382102473,1.508727e-01,6.248793e-02,2.987832e-10,1.457734e-10,1.312307e-08,3.731799e-08
1881407488,10188583,15051259904,382155753,1.508726e-01,6.248797e-02,3.013645e-10,1.446959e-10,1.323644e-08,3.704216e-08
1881669632,10188645,15053357056,382208982,1.508726e-01,6.248793e-02,3.013645e-10,1.457734e-10,1.323644e-08,3.731799e-08
1881931776,10188820,15055454208,382262207,1.508726e-01,6.248787e-02,3.039569e-10,1.472163e-10,1.335030e-08,3.768736e-08
1882193920,10188823,15057551360,382315530,1.508726e-01,6.248783e-02,3.029186e-10,1.481216e-10,1.330470e-08,3.791914e-08
1882456064,10189335,15059648512,382368959,1.508724e-01,6.248780e-02,3.107490e-10,1.489389e-10,1.364862e-08,3.812835e-08
1882718208,10189352,15061745664,382422117,1.508725e-01,6.248783e-02,3.055176e-10,1.481216e-10,1.341885e-08,3.791914e-08
1882980352,10189399,15063842816,382475470,1.508727e-01,6.248771e-02,3.003306e-10,1.510375e-10,1.319103e-08,3.866561e-08
1883242496,10189449,15065939968,382528822,1.508729e-01,6.248800e-02,2.911060e-10,1.439798e-10,1.278587e-08,3.685884e-08
1883504640,10189472,15068037120,382581798,1.508730e-01,6.248801e-02,2.900900e-10,1.438011e-10,1.274124e-08,3.681308e-08
1883766784,10189704,15070134272,382635141,1.508728e-01,6.248784e-02,2.941649e-10,1.479403e-10,1.292022e-08,3.787273e-08
1884028928,10189747,15072231424,382688098,1.508730e-01,6.248803e-02,2.885692e-10,1.432655e-10,1.267445e-08,3.667597e-08
1884291072,10189910,15074328576,382740858,1.508728e-01,6.248783e-02,2.941649e-10,1.480310e-10,1.292022e-08,3.789593e-08
1884553216,10190438,15076425728,382794652,1.508731e-01,6.248803e-02,2.870524e-10,1.431764e-10,1.260783e-08,3.665315e-08
1884815360,10190555,15078522880,382847579,1.508729e-01,6.248789e-02,2.936540e-10,1.467646e-10,1.289778e-08,3.757174e-08
1885077504,10190949,15080620032,382901197,1.508730e-01,6.248808e-02,2.875575e-10,1.421085e-10,1.263002e-08,3.637979e-08
1885339648,10191065,15082717184,382954187,1.508730e-01,6.248804e-02,2.895826e-10,1.430872e-10,1.271896e-08,3.663033e-08
1885601792,10192090,15084814336,383007601,1.508731e-01,6.248817e-02,2.870524e-10,1.398968e-10,1.260783e-08,3.581357e-08
1885863936,10193075,15086911488,383061022,1.508731e-01,6.248809e-02,2.845333e-10,1.419310e-10,1.249719e-08,3.633433e-08
1886126080,10194708,15089008640,383113833,1.508730e-01,6.248814e-02,2.890757e-10,1.406027e-10,1.269669e-08,3.599428e-08
1886388224,10194741,15091105792,383167331,1.508728e-01,6.248804e-02,2.957004e-10,1.430872e-10,1.298766e-08,3.663033e-08
1886650368,10195242,15093202944,383221093,1.508729e-01,6.248814e-02,2.936540e-10,1.406027e-10,1.289778e-08,3.599428e-08
1886912512,10198706,15095300096,383274487,1.508733e-01,6.248831e-02,2.775389e-10,1.365681e-10,1.218998e-08,3.496143e-08
1887174656,10202948,15097397248,383327762,1.508734e-01,6.248815e-02,2.760514e-10,1.405143e-10,1.212465e-08,3.597167e-08
1887436800,10214957,15099494400,383381182,1.508732e-01,6.248814e-02,2.810252e-10,1.406910e-10,1.234310e-08,3.601690e-08
1887698944,10217614,15101591552,383434530,1.508732e-01,6.248803e-02,2.805258e-10,1.432655e-10,1.232117e-08,3.667597e-08
1887961088,10225920,15103688704,383487839,1.508733e-01,6.248811e-02,2.785328e-10,1.413103e-10,1.223363e-08,3.617544e-08
1888223232,10227487,15105785856,383541173,1.508733e-01,6.248825e-02,2.780356e-10,1.381398e-10,1.221180e-08,3.536380e-08
1888485376,10234768,15107883008,383594730,1.508735e-01,6.248837e-02,2.735812e-10,1.353519e-10,1.201615e-08,3.465007e-08
1888747520,10238025,15109980160,383648025,1.508733e-01,6.248819e-02,2.780356e-10,1.394565e-10,1.221180e-08,3.570086e-08
1889009664,10245087,15112077312,383701440,1.508736e-01,6.248821e-02,2.676979e-10,1.389291e-10,1.175774e-08,3.556585e-08
1889271808,10246719,15114174464,383755295,1.508743e-01,6.248842e-02,2.452707e-10,1.340548e-10,1.077271e-08,3.431802e-08
1889533952,10246811,15116271616,383808581,1.508742e-01,6.248829e-02,2.509035e-10,1.371783e-10,1.102011e-08,3.511764e-08
1889796096,10248441,15118368768,383861453,1.508743e-01,6.248837e-02,2.476099e-10,1.353519e-10,1.087545e-08,3.465007e-08
1890058240,10250284,15120465920,383914555,1.508744e-01,6.248848e-02,2.429426e-10,1.326781e-10,1.067045e-08,3.396559e-08
1890320384,10251332,15122563072,383967993,1.508749e-01,6.248876e-02,2.269565e-10,1.264034e-10,9.968313e-09,3.235927e-08
1890582528,10251351,15124660224,384021272,1.508746e-01,6.248863e-02,2.360248e-10,1.292675e-10,1.036661e-08,3.309248e-08
1890844672,10277168,15126757376,384074171,1.508749e-01,6.248859e-02,2.287559e-10,1.302860e-10,1.004735e-08,3.335322e-08
1891106816,10279836,15128854528,384127097,1.508748e-01,6.248856e-02,2.319220e-10,1.308820e-10,1.018641e-08,3.350579e-08
1891368960,10280461,15130951680,384179733,1.508746e-01,6.248853e-02,2.378597e-10,1.315648e-10,1.044720e-08,3.368058e-08
1891631104,10281904,15133048832,384233222,1.508747e-01,6.248893e-02,2.337410e-10,1.225795e-10,1.026630e-08,3.138035e-08
1891893248,10282524,15135145984,384286523,1.508744e-01,6.248881e-02,2.434073e-10,1.253168e-10,1.069086e-08,3.208109e-08
1892155392,10296884,15137243136,384339145,1.508742e-01,6.248879e-02,2.499603e-10,1.257341e-10,1.097868e-08,3.218794e-08
1892417536,10302226,15139340288,384392483,1.508740e-01,6.248878e-02,2.542189e-10,1.258177e-10,1.116572e-08,3.220933e-08
1892679680,10317720,15141437440,384445699,1.508740e-01,6.248882e-02,2.570779e-10,1.249001e-10,1.129130e-08,3.197442e-08
1892941824,10321576,15143534592,384498207,1.508738e-01,6.248876e-02,2.638112e-10,1.264034e-10,1.158704e-08,3.235927e-08
1893203968,10326286,15145631744,384552171,1.508737e-01,6.248873e-02,2.642955e-10,1.269065e-10,1.160831e-08,3.248806e-08
1893466112,10326992,15147728896,384605648,1.508738e-01,6.248879e-02,2.638112e-10,1.257341e-10,1.158704e-08,3.218794e-08
1893728256,10329741,15149826048,384658618,1.508737e-01,6.248858e-02,2.647802e-10,1.303711e-10,1.162960e-08,3.337499e-08
1893990400,10337361,15151923200,384711875,1.508738e-01,6.248866e-02,2.628440e-10,1.286752e-10,1.154455e-08,3.294085e-08
1894252544,10343560,15154020352,384765233,1.508738e-01,6.248869e-02,2.628440e-10,1.279157e-10,1.154455e-08,3.274641e-08
1894514688,10348287,15156117504,384818622,1.508739e-01,6.248857e-02,2.604337e-10,1.305413e-10,1.143869e-08,3.341856e-08
1894776832,10352498,15158214656,384872109,1.508741e-01,6.248894e-02,2.518485e-10,1.223322e-10,1.106162e-08,3.131703e-08
1895038976,10353859,15160311808,384925048,1.508738e-01,6.248907e-02,2.613965e-10,1.194649e-10,1.148098e-08,3.058302e-08
1895301120,10355722,15162408960,384977822,1.508734e-01,6.248890e-02,2.740743e-10,1.231576e-10,1.203781e-08,3.152835e-08
1895563264,10356014,15164506112,385030895,1.508733e-01,6.248873e-02,2.785328e-10,1.270744e-10,1.223363e-08,3.253105e-08
1895825408,10356961,15166603264,385084415,1.508738e-01,6.248909e-02,2.633274e-10,1.189768e-10,1.156578e-08,3.045807e-08
1896087552,10356984,15168700416,385137761,1.508734e-01,6.248892e-02,2.755565e-10,1.228271e-10,1.210291e-08,3.144374e-08
1896349696,10357621,15170797568,385190958,1.508733e-01,6.248876e-02,2.800269e-10,1.262359e-10,1.229926e-08,3.231639e-08
1896611840,10357845,15172894720,385244674,1.508736e-01,6.248890e-02,2.696519e-10,1.232403e-10,1.184357e-08,3.154952e-08
1896873984,10357879,15174991872,385297530,1.508738e-01,6.248893e-02,2.623610e-10,1.225795e-10,1.152334e-08,3.138035e-08
1897136128,10358192,15177089024,385351013,1.508739e-01,6.248887e-02,2.594727e-10,1.239029e-10,1.139648e-08,3.171914e-08
1897398272,10359669,15179186176,385403680,1.508739e-01,6.248889e-02,2.589928e-10,1.233230e-10,1.137540e-08,3.157070e-08
1897660416,10360507,15181283328,385456850,1.508738e-01,6.248878e-02,2.623610e-10,1.259013e-10,1.152334e-08,3.223073e-08
1897922560,10360590,15183380480,385510173,1.508740e-01,6.248888e-02,2.542189e-10,1.237371e-10,1.116572e-08,3.167669e-08
1898184704,10360644,15185477632,385563727,1.508742e-01,6.248888e-02,2.504317e-10,1.237371e-10,1.099938e-08,3.167669e-08
1898446848,10360800,15187574784,385616958,1.508743e-01,6.248902e-02,2.452707e-10,1.205259e-10,1.077271e-08,3.085464e-08
1898708992,10360914,15189671936,385670028,1.508738e-01,6.248874e-02,2.609148e-10,1.268226e-10,1.145982e-08,3.246658e-08
1898971136,10361070,15191769088,385723337,1.508735e-01,6.248877e-02,2.706315e-10,1.261522e-10,1.188659e-08,3.229497e-08
1899233280,10361211,15193866240,385777236,1.508736e-01,6.248866e-02,2.681857e-10,1.285907e-10,1.177917e-08,3.291922e-08
1899495424,10361239,15195963392,385830686,1.508739e-01,6.248865e-02,2.585134e-10,1.287597e-10,1.135435e-08,3.296249e-08
1899757568,10361953,15198060544,385884135,1.508740e-01,6.248885e-02,2.546943e-10,1.244010e-10,1.118660e-08,3.184665e-08
1900019712,10361983,15200157696,385936555,1.508734e-01,6.248859e-02,2.745679e-10,1.301160e-10,1.205949e-08,3.330969e-08
1900281856,10362640,15202254848,385989885,1.508737e-01,6.248886e-02,2.652654e-10,1.241518e-10,1.165091e-08,3.178286e-08
1900544000,10362706,15204352000,386042977,1.508739e-01,6.248893e-02,2.599529e-10,1.225795e-10,1.141758e-08,3.138035e-08
1900806144,10362782,15206449152,386096142,1.508737e-01,6.248885e-02,2.642955e-10,1.243179e-10,1.160831e-08,3.182538e-08
1901068288,10362929,15208546304,386149358,1.508736e-01,6.248883e-02,2.701415e-10,1.247336e-10,1.186507e-08,3.193180e-08
1901330432,10363142,15210643456,386202323,1.508736e-01,6.248863e-02,2.686740e-10,1.293522e-10,1.180062e-08,3.311417e-08
1901592576,10363358,15212740608,386255769,1.508734e-01,6.248875e-02,2.750620e-10,1.264872e-10,1.208119e-08,3.238071e-08
1901854720,10363383,15214837760,386308841,1.508731e-01,6.248871e-02,2.855396e-10,1.274947e-10,1.254138e-08,3.263864e-08
1902116864,10363446,15216934912,386362090,1.508730e-01,6.248872e-02,2.890757e-10,1.272424e-10,1.269669e-08,3.257406e-08
1902379008,10363470,15219032064,386415172,1.508729e-01,6.248841e-02,2.916147e-10,1.342274e-10,1.280821e-08,3.436220e-08
1902641152,10363592,15221129216,386468818,1.508736e-01,6.248844e-02,2.676979e-10,1.335377e-10,1.175774e-08,3.418565e-08
1902903296,10363881,15223226368,386522038,1.508734e-01,6.248865e-02,2.760514e-10,1.288443e-10,1.212465e-08,3.298414e-08
1903165440,10363883,15225323520,386574639,1.508732e-01,6.248889e-02,2.810252e-10,1.233230e-10,1.234310e-08,3.157070e-08
1903427584,10363938,15227420672,386627761,1.508737e-01,6.248905e-02,2.657510e-10,1.199540e-10,1.167223e-08,3.070824e-08
1903689728,10363984,15229517824,386680697,1.508736e-01,6.248878e-02,2.701415e-10,1.259849e-10,1.186507e-08,3.225214e-08
1903951872,10364295,15231614976,386734738,1.508739e-01,6.248906e-02,2.580345e-10,1.197094e-10,1.133331e-08,3.064560e-08
1904214016,10364323,15233712128,386787757,1.508739e-01,6.248918e-02,2.599529e-10,1.170344e-10,1.141758e-08,2.996080e-08
1904476160,10364399,15235809280,386841453,1.508739e-01,6.248912e-02,2.575560e-10,1.183276e-10,1.131230e-08,3.029186e-08
1904738304,10364434,15237906432,386894034,1.508737e-01,6.248895e-02,2.642955e-10,1.220851e-10,1.160831e-08,3.125378e-08
1905000448,10364501,15240003584,386947439,1.508741e-01,6.248885e-02,2.532694e-10,1.242348e-10,1.112402e-08,3.180412e-08
1905262592,10364564,15242100736,387000368,1.508739e-01,6.248862e-02,2.589928e-10,1.295217e-10,1.137540e-08,3.315757e-08
1905524736,10365096,15244197888,387053336,1.508737e-01,6.248846e-02,2.642955e-10,1.332795e-10,1.160831e-08,3.411956e-08
1905786880,10365231,15246295040,387106206,1.508741e-01,6.248859e-02,2.527953e-10,1.302860e-10,1.110320e-08,3.335322e-08
1906049024,10365467,15248392192,387159720,1.508739e-01,6.248842e-02,2.575560e-10,1.340548e-10,1.131230e-08,3.431802e-08
1906311168,10365503,15250489344,387213597,1.508742e-01,6.248850e-02,2.485487e-10,1.322493e-10,1.091668e-08,3.385583e-08
1906573312,10365804,15252586496,387266499,1.508738e-01,6.248831e-02,2.638112e-10,1.365681e-10,1.158704e-08,3.496143e-08
1906835456,10365873,15254683648,387319434,1.508739e-01,6.248828e-02,2.599529e-10,1.372655e-10,1.141758e-08,3.513998e-08
1907097600,10365876,15256780800,387372984,1.508742e-01,6.248840e-02,2.485487e-10,1.345729e-10,1.091668e-08,3.445065e-08
1907359744,10365951,15258877952,387427103,1.508748e-01,6.248883e-02,2.314684e-10,1.248168e-10,1.016649e-08,3.195311e-08
1907621888,10366075,15260975104,387480083,1.508747e-01,6.248868e-02,2.351099e-10,1.281686e-10,1.032643e-08,3.281116e-08
1907884032,10366080,15263072256,387533368,1.508750e-01,6.248882e-02,2.251641e-10,1.249001e-10,9.889590e-09,3.197442e-08
1908146176,10366121,15265169408,387586291,1.508748e-01,6.248862e-02,2.310152e-10,1.294370e-10,1.014658e-08,3.313586e-08
1908408320,10366134,15267266560,387639137,1.508743e-01,6.248832e-02,2.452707e-10,1.363940e-10,1.077271e-08,3.491687e-08
1908670464,10366169,15269363712,387692576,1.508744e-01,6.248845e-02,2.434073e-10,1.333655e-10,1.069086e-08,3.414158e-08
1908932608,10366188,15271460864,387745756,1.508750e-01,6.248839e-02,2.256115e-10,1.348323e-10,9.909241e-09,3.451706e-08
1909194752,10366233,15273558016,387799164,1.508751e-01,6.248844e-02,2.216007e-10,1.335377e-10,9.733080e-09,3.418565e-08
1909456896,10366242,15275655168,387852287,1.508754e-01,6.248842e-02,2.119480e-10,1.341410e-10,9.309117e-09,3.434011e-08
1909719040,10366383,15277752320,387905251,1.508752e-01,6.248832e-02,2.198297e-10,1.363940e-10,9.655294e-09,3.491687e-08
1909981184,10366478,15279849472,387959013,1.508759e-01,6.248865e-02,1.978719e-10,1.287597e-10,8.690871e-09,3.296249e-08
1910243328,10366545,15281946624,388011883,1.508757e-01,6.248850e-02,2.042102e-10,1.321637e-10,8.969259e-09,3.383390e-08
1910505472,10366567,15284043776,388065788,1.508758e-01,6.248867e-02,2.016629e-10,1.283374e-10,8.857377e-09,3.285436e-08
1910767616,10366586,15286140928,388118969,1.508760e-01,6.248863e-02,1.953646e-10,1.292675e-10,8.580745e-09,3.309248e-08
1911029760,10366759,15288238080,388172434,1.508757e-01,6.248881e-02,2.046363e-10,1.253168e-10,8.987974e-09,3.208109e-08
1911291904,10366887,15290335232,388225548,1.508756e-01,6.248879e-02,2.080611e-10,1.255671e-10,9.138398e-09,3.214518e-08
1911554048,10367266,15292432384,388278295,1.508754e-01,6.248856e-02,2.136871e-10,1.307968e-10,9.385499e-09,3.348397e-08
1911816192,10367280,15294529536,388331412,1.508755e-01,6.248862e-02,2.089218e-10,1.296065e-10,9.176199e-09,3.317928e-08
1912078336,10367298,15296626688,388384067,1.508751e-01,6.248822e-02,2.211573e-10,1.387535e-10,9.713604e-09,3.552090e-08
1912340480,10367340,15298723840,388438538,1.508758e-01,6.248829e-02,2.016629e-10,1.371783e-10,8.857377e-09,3.511764e-08
1912602624,10367472,15300820992,388491608,1.508758e-01,6.248831e-02,2.020863e-10,1.365681e-10,8.875976e-09,3.496143e-08
1912864768,10367496,15302918144,388545229,1.508758e-01,6.248844e-02,2.012399e-10,1.335377e-10,8.838799e-09,3.418565e-08
1913126912,10367576,15305015296,388598229,1.508759e-01,6.248830e-02,1.987113e-10,1.370038e-10,8.727737e-09,3.507297e-08
1913389056,10367577,15307112448,388651867,1.508765e-01,6.248837e-02,1.810572e-10,1.351785e-10,7.952338e-09,3.460571e-08
1913651200,10367684,15309209600,388704766,1.508760e-01,6.248811e-02,1.949483e-10,1.413989e-10,8.562460e-09,3.619812e-08
1913913344,10367801,15311306752,388758419,1.508763e-01,6.248822e-02,1.867149e-10,1.387535e-10,8.200834e-09,3.552090e-08
1914175488,10367879,15313403904,388811310,1.508761e-01,6.248814e-02,1.916336e-10,1.406027e-10,8.416873e-09,3.599428e-08
1914437632,10368353,15315501056,388863906,1.508761e-01,6.248811e-02,1.920464e-10,1.413103e-10,8.435003e-09,3.617544e-08
1914699776,10368386,15317598208,388916834,1.508761e-01,6.248815e-02,1.924596e-10,1.403377e-10,8.453153e-09,3.592646e-08
1914961920,10368407,15319695360,388969796,1.508761e-01,6.248814e-02,1.924596e-10,1.406910e-10,8.453153e-09,3.601690e-08
1915224064,10368407,15321792512,389022708,1.508760e-01,6.248804e-02,1.949483e-10,1.430872e-10,8.562460e-09,3.663033e-08
1915486208,10368523,15323889664,389076164,1.508765e-01,6.248808e-02,1.810572e-10,1.420197e-10,7.952338e-09,3.635705e-08
1915748352,10368846,15325986816,389129791,1.508766e-01,6.248815e-02,1.794567e-10,1.403377e-10,7.882042e-09,3.592646e-08
1916010496,10368860,15328083968,389182939,1.508766e-01,6.248800e-02,1.798561e-10,1.438905e-10,7.899587e-09,3.683596e-08
1916272640,10368981,15330181120,389236419,1.508765e-01,6.248812e-02,1.814584e-10,1.410447e-10,7.969962e-09,3.610745e-08
1916534784,10369127,15332278272,389289172,1.508767e-01,6.248815e-02,1.774660e-10,1.405143e-10,7.794610e-09,3.597167e-08
1916796928,10369348,15334375424,389342713,1.508766e-01,6.248813e-02,1.794567e-10,1.408678e-10,7.882042e-09,3.606216e-08
1917059072,10369543,15336472576,389396507,1.508768e-01,6.248833e-02,1.743041e-10,1.361331e-10,7.655734e-09,3.485007e-08
1917321216,10369929,15338569728,389449761,1.508769e-01,6.248835e-02,1.719513e-10,1.357856e-10,7.552395e-09,3.476111e-08
1917583360,10370009,15340666880,389503526,1.508772e-01,6.248839e-02,1.634612e-10,1.348323e-10,7.179495e-09,3.451706e-08
1917845504,10370149,15342764032,389556966,1.508775e-01,6.248837e-02,1.570479e-10,1.352652e-10,6.897813e-09,3.462789e-08
1918107648,10370209,15344861184,389610263,1.508771e-01,6.248820e-02,1.665237e-10,1.391927e-10,7.314004e-09,3.563332e-08
1918369792,10371084,15346958336,389663051,1.508767e-01,6.248805e-02,1.770692e-10,1.429090e-10,7.777182e-09,3.658471e-08
1918631936,10371290,15349055488,389716351,1.508763e-01,6.248790e-02,1.887566e-10,1.463136e-10,8.290509e-09,3.745629e-08
1918894080,10371425,15351152640,389769712,1.508763e-01,6.248784e-02,1.863079e-10,1.477592e-10,8.182958e-09,3.782634e-08
1919156224,10372057,15353249792,389822782,1.508761e-01,6.248773e-02,1.928733e-10,1.504886e-10,8.471321e-09,3.852509e-08
1919418368,10372226,15355346944,389875728,1.508762e-01,6.248828e-02,1.899869e-10,1.372655e-10,8.344548e-09,3.513998e-08
1919680512,10373790,15357444096,389928609,1.508758e-01,6.248815e-02,2.008174e-10,1.403377e-10,8.820240e-09,3.592646e-08
1919942656,10374312,15359541248,389981356,1.508756e-01,6.248811e-02,2.084912e-10,1.413989e-10,9.157288e-09,3.619812e-08
1920204800,10376299,15361638400,390034283,1.508756e-01,6.248803e-02,2.076315e-10,1.432655e-10,9.119527e-09,3.667597e-08
1920466944,10377820,15363735552,390087356,1.508756e-01,6.248797e-02,2.076315e-10,1.446959e-10,9.119527e-09,3.704216e-08
1920729088,10381923,15365832704,390140602,1.508755e-01,6.248783e-02,2.110812e-10,1.481216e-10,9.271043e-09,3.791914e-08
1920991232,10394030,15367929856,390193999,1.508756e-01,6.248796e-02,2.067735e-10,1.448752e-10,9.081843e-09,3.708806e-08
1921253376,10399203,15370027008,390247560,1.508754e-01,6.248802e-02,2.115144e-10,1.436225e-10,9.290070e-09,3.676735e-08
1921515520,10404940,15372124160,390300420,1.508750e-01,6.248785e-02,2.247171e-10,1.476686e-10,9.869958e-09,3.780316e-08
1921777664,10406470,15374221312,390354357,1.508751e-01,6.248800e-02,2.216007e-10,1.438905e-10,9.733080e-09,3.683596e-08
1922039808,10416308,15376318464,390408061,1.508754e-01,6.248804e-02,2.128167e-10,1.429981e-10,9.347269e-09,3.660752e-08
1922301952,10417019,15378415616,390461301,1.508754e-01,6.248823e-02,2.132516e-10,1.385780e-10,9.366374e-09,3.547598e-08
1922564096,10424212,15380512768,390514984,1.508754e-01,6.248825e-02,2.132516e-10,1.379648e-10,9.366374e-09,3.531898e-08
1922826240,10425703,15382609920,390568086,1.508753e-01,6.248821e-02,2.154332e-10,1.391048e-10,9.462193e-09,3.561082e-08
1923088384,10425774,15384707072,390621633,1.508753e-01,6.248830e-02,2.171865e-10,1.369166e-10,9.539200e-09,3.505065e-08
1923350528,10427449,15386804224,390674676,1.508749e-01,6.248814e-02,2.292069e-10,1.406027e-10,1.006716e-08,3.599428e-08
1923612672,10429336,15388901376,390727508,1.508745e-01,6.248777e-02,2.410880e-10,1.495760e-10,1.058900e-08,3.829146e-08
1923874816,10430300,15390998528,390780449,1.508743e-01,6.248760e-02,2.462051e-10,1.537970e-10,1.081374e-08,3.937203e-08
1924136960,10430325,15393095680,390833465,1.508741e-01,6.248768e-02,2.532694e-10,1.516792e-10,1.112402e-08,3.882987e-08
1924399104,10458721,15395192832,390886424,1.508738e-01,6.248785e-02,2.613965e-10,1.475781e-10,1.148098e-08,3.777999e-08
1924661248,10459428,15397289984,390939679,1.508736e-01,6.248783e-02,2.691627e-10,1.482123e-10,1.182208e-08,3.794236e-08
1924923392,10460916,15399387136,390993677,1.508734e-01,6.248744e-02,2.740743e-10,1.577022e-10,1.203781e-08,4.037176e-08
1925185536,10461579,15401484288,391047184,1.508735e-01,6.248760e-02,2.735812e-10,1.537970e-10,1.201615e-08,3.937203e-08
1925447680,10464344,15403581440,391100413,1.508741e-01,6.248786e-02,2.518485e-10,1.473971e-10,1.106162e-08,3.773366e-08
1925709824,10475885,15405678592,391153209,1.508741e-01,6.248774e-02,2.523217e-10,1.503059e-10,1.108240e-08,3.847831e-08
1925971968,10481192,15407775744,391206389,1.508739e-01,6.248769e-02,2.575560e-10,1.514957e-10,1.131230e-08,3.878290e-08
1926234112,10499374,15409872896,391259227,1.508735e-01,6.248757e-02,2.721043e-10,1.545371e-10,1.195129e-08,3.956149e-08
1926496256,10500534,15411970048,391312549,1.508734e-01,6.248744e-02,2.755565e-10,1.577022e-10,1.210291e-08,4.037176e-08
1926758400,10505274,15414067200,391365420,1.508729e-01,6.248712e-02,2.931435e-10,1.658513e-10,1.287536e-08,4.245794e-08
1927020544,10506059,15416164352,391418961,1.508730e-01,6.248725e-02,2.895826e-10,1.626051e-10,1.271896e-08,4.162689e-08
1927282688,10508958,15418261504,391472042,1.508728e-01,6.248725e-02,2.946763e-10,1.626051e-10,1.294268e-08,4.162689e-08
1927544832,10516408,15420358656,391525949,1.508731e-01,6.248752e-02,2.855396e-10,1.557435e-10,1.254138e-08,3.987033e-08
1927806976,10522422,15422455808,391579272,1.508731e-01,6.248745e-02,2.840308e-10,1.575151e-10,1.247512e-08,4.032387e-08
1928069120,10527509,15424552960,391632568,1.508733e-01,6.248758e-02,2.795284e-10,1.542593e-10,1.227736e-08,3.949039e-08
1928331264,10531481,15426650112,391685873,1.508736e-01,6.248775e-02,2.672105e-10,1.499407e-10,1.173634e-08,3.838483e-08
1928593408,10535383,15428747264,391738749,1.508734e-01,6.248789e-02,2.740743e-10,1.465841e-10,1.203781e-08,3.752554e-08
1928855552,10536721,15430844416,391791529,1.508734e-01,6.248785e-02,2.740743e-10,1.475781e-10,1.203781e-08,3.777999e-08
1929117696,10537229,15432941568,391845229,1.508734e-01,6.248792e-02,2.740743e-10,1.460434e-10,1.203781e-08,3.738711e-08
1929379840,10537647,15435038720,391898289,1.508733e-01,6.248772e-02,2.790304e-10,1.508545e-10,1.225549e-08,3.861874e-08
1929641984,10538576,15437135872,391951306,1.508728e-01,6.248763e-02,2.962131e-10,1.530587e-10,1.301018e-08,3.918302e-08
1929904128,10538585,15439233024,392005086,1.508731e-01,6.248798e-02,2.840308e-10,1.444272e-10,1.247512e-08,3.697336e-08
1930166272,10539332,15441330176,392058759,1.508730e-01,6.248779e-02,2.885692e-10,1.491208e-10,1.267445e-08,3.817492e-08
1930428416,10539454,15443427328,392112630,1.508733e-01,6.248798e-02,2.770426e-10,1.445167e-10,1.216818e-08,3.699629e-08
1930690560,10539810,15445524480,392165896,1.508734e-01,6.248816e-02,2.745679e-10,1.401613e-10,1.205949e-08,3.588129e-08
1930952704,10541261,15447621632,392219627,1.508736e-01,6.248821e-02,2.681857e-10,1.389291e-10,1.177917e-08,3.556585e-08
1931214848,10541669,15449718784,392272378,1.508732e-01,6.248798e-02,2.810252e-10,1.445167e-10,1.234310e-08,3.699629e-08
1931476992,10542087,15451815936,392324746,1.508729e-01,6.248792e-02,2.931435e-10,1.460434e-10,1.287536e-08,3.738711e-08
1931739136,10542143,15453913088,392377784,1.508725e-01,6.248782e-02,3.044767e-10,1.483031e-10,1.337313e-08,3.796558e-08
1932001280,10542333,15456010240,392430996,1.508724e-01,6.248747e-02,3.091749e-10,1.569546e-10,1.357949e-08,4.018037e-08
1932263424,10542491,15458107392,392484003,1.508725e-01,6.248746e-02,3.055176e-10,1.573282e-10,1.341885e-08,4.027601e-08
1932525568,10542496,15460204544,392537067,1.508722e-01,6.248734e-02,3.181475e-10,1.602385e-10,1.397358e-08,4.102107e-08
1932787712,10542549,15462301696,392590978,1.508724e-01,6.248741e-02,3.102238e-10,1.584516e-10,1.362556e-08,4.056361e-08
1933049856,10542762,15464398848,392644099,1.508724e-01,6.248743e-02,3.086511e-10,1.580767e-10,1.355648e-08,4.046763e-08
1933312000,10542862,15466496000,392697608,1.508728e-01,6.248743e-02,2.962131e-10,1.580767e-10,1.301018e-08,4.046763e-08
1933574144,10542862,15468593152,392751060,1.508728e-01,6.248737e-02,2.957004e-10,1.595790e-10,1.298766e-08,4.085223e-08
1933836288,10542873,15470690304,392803858,1.508731e-01,6.248727e-02,2.850362e-10,1.619407e-10,1.251928e-08,4.145681e-08
1934098432,10542918,15472787456,392857631,1.508731e-01,6.248741e-02,2.865477e-10,1.584516e-10,1.258566e-08,4.056361e-08
1934360576,10542954,15474884608,392910758,1.508731e-01,6.248732e-02,2.840308e-10,1.608049e-10,1.247512e-08,4.116606e-08
1934622720,10543303,15476981760,392963986,1.508732e-01,6.248732e-02,2.810252e-10,1.607105e-10,1.234310e-08,4.114188e-08
1934884864,10543357,15479078912,393017701,1.508737e-01,6.248731e-02,2.657510e-10,1.609939e-10,1.167223e-08,4.121445e-08
1935147008,10543481,15481176064,393071023,1.508737e-01,6.248728e-02,2.647802e-10,1.617511e-10,1.162960e-08,4.140828e-08
1935409152,10543556,15483273216,393124302,1.508736e-01,6.248720e-02,2.676979e-10,1.637471e-10,1.175774e-08,4.191927e-08
1935671296,10543592,15485370368,393177263,1.508738e-01,6.248729e-02,2.613965e-10,1.614670e-10,1.148098e-08,4.133554e-08
1935933440,10544239,15487467520,393230557,1.508739e-01,6.248726e-02,2.594727e-10,1.624151e-10,1.139648e-08,4.157826e-08
1936195584,10544285,15489564672,393283738,1.508736e-01,6.248725e-02,2.686740e-10,1.625101e-10,1.180062e-08,4.160258e-08
1936457728,10544322,15491661824,393336588,1.508737e-01,6.248716e-02,2.647802e-10,1.648932e-10,1.162960e-08,4.221267e-08
1936719872,10544513,15493758976,393389902,1.508738e-01,6.248719e-02,2.633274e-10,1.640333e-10,1.156578e-08,4.199252e-08
1936982016,10544584,15495856128,393443053,1.508736e-01,6.248723e-02,2.676979e-10,1.631756e-10,1.175774e-08,4.177295e-08
1937244160,10544693,15497953280,393496525,1.508737e-01,6.248717e-02,2.657510e-10,1.646063e-10,1.167223e-08,4.213922e-08
1937506304,10544848,15500050432,393550478,1.508739e-01,6.248727e-02,2.585134e-10,1.619407e-10,1.135435e-08,4.145681e-08
1937768448,10544863,15502147584,393603858,1.508740e-01,6.248719e-02,2.546943e-10,1.642242e-10,1.118660e-08,4.204139e-08
1938030592,10544908,15504244736,393656805,1.508739e-01,6.248715e-02,2.594727e-10,1.650846e-10,1.139648e-08,4.226166e-08
1938292736,10545005,15506341888,393709696,1.508737e-01,6.248694e-02,2.667235e-10,1.704890e-10,1.171495e-08,4.364518e-08
1938554880,10545012,15508439040,393762500,1.508735e-01,6.248696e-02,2.721043e-10,1.701001e-10,1.195129e-08,4.354562e-08
1938817024,10545053,15510536192,393815440,1.508734e-01,6.248697e-02,2.755565e-10,1.698087e-10,1.210291e-08,4.347102e-08
1939079168,10545058,15512633344,393868987,1.508737e-01,6.248730e-02,2.667235e-10,1.612777e-10,1.171495e-08,4.128708e-08
1939341312,10545131,15514730496,393921789,1.508732e-01,6.248739e-02,2.815250e-10,1.591088e-10,1.236506e-08,4.073185e-08
1939603456,10545134,15516827648,393975620,1.508735e-01,6.248736e-02,2.711220e-10,1.596732e-10,1.190814e-08,4.087633e-08
1939865600,10545389,15518924800,394028538,1.508733e-01,6.248745e-02,2.800269e-10,1.574216e-10,1.229926e-08,4.029994e-08
1940127744,10545399,15521021952,394082319,1.508732e-01,6.248749e-02,2.815250e-10,1.564882e-10,1.236506e-08,4.006098e-08
1940389888,10545536,15523119104,394135643,1.508733e-01,6.248759e-02,2.780356e-10,1.540743e-10,1.221180e-08,3.944302e-08
1940652032,10545890,15525216256,394188982,1.508732e-01,6.248751e-02,2.810252e-10,1.559295e-10,1.234310e-08,3.991795e-08
1940914176,10545993,15527313408,394242500,1.508732e-01,6.248748e-02,2.830272e-10,1.566747e-10,1.243103e-08,4.010872e-08
1941176320,10546146,15529410560,394296167,1.508731e-01,6.248735e-02,2.850362e-10,1.601442e-10,1.251928e-08,4.099693e-08
1941438464,10546338,15531507712,394349114,1.508729e-01,6.248711e-02,2.936540e-10,1.662354e-10,1.289778e-08,4.255626e-08
1941700608,10546372,15533604864,394402388,1.508731e-01,6.248709e-02,2.855396e-10,1.666198e-10,1.254138e-08,4.265468e-08
1941962752,10546450,15535702016,394455543,1.508733e-01,6.248727e-02,2.790304e-10,1.621304e-10,1.225549e-08,4.150537e-08
1942224896,10546562,15537799168,394508597,1.508731e-01,6.248719e-02,2.860434e-10,1.640333e-10,1.256351e-08,4.199252e-08
1942487040,10546572,15539896320,394562005,1.508735e-01,6.248733e-02,2.706315e-10,1.604272e-10,1.188659e-08,4.106937e-08
1942749184,10546726,15541993472,394614955,1.508733e-01,6.248713e-02,2.795284e-10,1.655636e-10,1.227736e-08,4.238429e-08
1943011328,10546770,15544090624,394668042,1.508735e-01,6.248733e-02,2.725962e-10,1.604272e-10,1.197289e-08,4.106937e-08
1943273472,10546794,15546187776,394720708,1.508729e-01,6.248715e-02,2.926335e-10,1.651804e-10,1.285296e-08,4.228617e-08
1943535616,10546884,15548284928,394774526,1.508731e-01,6.248720e-02,2.865477e-10,1.639379e-10,1.258566e-08,4.196810e-08
1943797760,10547217,15550382080,394827910,1.508731e-01,6.248723e-02,2.845333e-10,1.631756e-10,1.249719e-08,4.177295e-08
1944059904,10547348,15552479232,394881934,1.508737e-01,6.248757e-02,2.642955e-10,1.544445e-10,1.160831e-08,3.953778e-08
1944322048,10547364,15554576384,394935683,1.508735e-01,6.248754e-02,2.711220e-10,1.552789e-10,1.190814e-08,3.975140e-08
1944584192,10547368,15556673536,394988646,1.508734e-01,6.248743e-02,2.740743e-10,1.579830e-10,1.203781e-08,4.044365e-08
1944846336,10547434,15558770688,395041701,1.508732e-01,6.248737e-02,2.810252e-10,1.594849e-10,1.234310e-08,4.082814e-08
1945108480,10547497,15560867840,395094533,1.508728e-01,6.248724e-02,2.941649e-10,1.628902e-10,1.292022e-08,4.169989e-08
1945370624,10547551,15562964992,395148205,1.508728e-01,6.248715e-02,2.972398e-10,1.651804e-10,1.305528e-08,4.228617e-08
1945632768,10547704,15565062144,395201748,1.508731e-01,6.248721e-02,2.850362e-10,1.634612e-10,1.251928e-08,4.184608e-08
1945894912,10547828,15567159296,395255653,1.508734e-01,6.248737e-02,2.760514e-10,1.593908e-10,1.212465e-08,4.080406e-08
1946157056,10547842,15569256448,395308897,1.508731e-01,6.248736e-02,2.845333e-10,1.597673e-10,1.249719e-08,4.090044e-08
1946419200,10547844,15571353600,395362295,1.508732e-01,6.248743e-02,2.835288e-10,1.579830e-10,1.245306e-08,4.044365e-08
1946681344,10547965,15573450752,395415355,1.508728e-01,6.248733e-02,2.946763e-10,1.604272e-10,1.294268e-08,4.106937e-08
1946943488,10548006,15575547904,395468575,1.508727e-01,6.248719e-02,2.998144e-10,1.642242e-10,1.316836e-08,4.204139e-08
1947205632,10548095,15577645056,395522032,1.508726e-01,6.248722e-02,3.018821e-10,1.632708e-10,1.325917e-08,4.179732e-08
1947467776,10548136,15579742208,395575037,1.508726e-01,6.248705e-02,3.013645e-10,1.675830e-10,1.323644e-08,4.290124e-08
1947729920,10548189,15581839360,395627933,1.508724e-01,6.248706e-02,3.096992e-10,1.673901e-10,1.360251e-08,4.285187e-08
1947992064,10548298,15583936512,395681176,1.508721e-01,6.248684e-02,3.197442e-10,1.732238e-10,1.404371e-08,4.434529e-08
1948254208,10548356,15586033664,395734636,1.508725e-01,6.248696e-02,3.060387e-10,1.700029e-10,1.344174e-08,4.352074e-08
1948516352,10548482,15588130816,395787525,1.508725e-01,6.248708e-02,3.065603e-10,1.668122e-10,1.346465e-08,4.270393e-08
1948778496,10548596,15590227968,395841205,1.508723e-01,6.248672e-02,3.123271e-10,1.762770e-10,1.371793e-08,4.512691e-08
1949040640,10548914,15592325120,395894646,1.508723e-01,6.248681e-02,3.112746e-10,1.741075e-10,1.367171e-08,4.457151e-08
1949302784,10549031,15594422272,395948176,1.508724e-01,6.248699e-02,3.102238e-10,1.693236e-10,1.362556e-08,4.334683e-08
1949564928,10549049,15596519424,396001144,1.508730e-01,6.248705e-02,2.895826e-10,1.675830e-10,1.271896e-08,4.290124e-08
1949827072,10549067,15598616576,396054036,1.508727e-01,6.248706e-02,2.982683e-10,1.674865e-10,1.310045e-08,4.287655e-08
1950089216,10549239,15600713728,396107409,1.508726e-01,6.248714e-02,3.034375e-10,1.654678e-10,1.332749e-08,4.235975e-08
1950351360,10549932,15602810880,396160601,1.508725e-01,6.248712e-02,3.076048e-10,1.659473e-10,1.351053e-08,4.248251e-08
1950613504,10550150,15604908032,396214422,1.508726e-01,6.248714e-02,3.029186e-10,1.652761e-10,1.330470e-08,4.231069e-08
1950875648,10550467,15607005184,396267225,1.508724e-01,6.248718e-02,3.107490e-10,1.644152e-10,1.364862e-08,4.209029e-08
1951137792,10551001,15609102336,396320993,1.508725e-01,6.248730e-02,3.065603e-10,1.613723e-10,1.346465e-08,4.131131e-08
1951399936,10551101,15611199488,396374874,1.508727e-01,6.248727e-02,3.003306e-10,1.619407e-10,1.319103e-08,4.145681e-08
1951662080,10551106,15613296640,396428345,1.508729e-01,6.248726e-02,2.916147e-10,1.624151e-10,1.280821e-08,4.157826e-08
1951924224,10551829,15615393792,396481460,1.508729e-01,6.248739e-02,2.926335e-10,1.591088e-10,1.285296e-08,4.073185e-08
1952186368,10551980,15617490944,396534665,1.508731e-01,6.248739e-02,2.840308e-10,1.589209e-10,1.247512e-08,4.068374e-08
1952448512,10552859,15619588096,396588670,1.508737e-01,6.248764e-02,2.667235e-10,1.527823e-10,1.171495e-08,3.911227e-08
1952710656,10553142,15621685248,396641536,1.508738e-01,6.248777e-02,2.633274e-10,1.496672e-10,1.156578e-08,3.831479e-08
1952972800,10553205,15623782400,396695183,1.508740e-01,6.248792e-02,2.556464e-10,1.460434e-10,1.122842e-08,3.738711e-08
1953234944,10553322,15625879552,396747705,1.508738e-01,6.248791e-02,2.628440e-10,1.462235e-10,1.154455e-08,3.743322e-08
1953497088,10554006,15627976704,396801158,1.508738e-01,6.248816e-02,2.633274e-10,1.401613e-10,1.156578e-08,3.588129e-08
1953759232,10557064,15630073856,396854881,1.508741e-01,6.248859e-02,2.527953e-10,1.302860e-10,1.110320e-08,3.335322e-08
1954021376,10558399,15632171008,396908753,1.508746e-01,6.248851e-02,2.364828e-10,1.319068e-10,1.038673e-08,3.376815e-08
1954283520,10560965,15634268160,396961979,1.508744e-01,6.248833e-02,2.434073e-10,1.362200e-10,1.069086e-08,3.487233e-08
1954545664,10573110,15636365312,397015045,1.508740e-01,6.248813e-02,2.561231e-10,1.408678e-10,1.124936e-08,3.606216e-08
1954807808,10580734,15638462464,397067921,1.508741e-01,6.248811e-02,2.518485e-10,1.413103e-10,1.106162e-08,3.617544e-08
1955069952,10584035,15640559616,397120789,1.508736e-01,6.248794e-02,2.701415e-10,1.454138e-10,1.186507e-08,3.722593e-08
1955332096,10585508,15642656768,397174223,1.508738e-01,6.248806e-02,2.628440e-10,1.424640e-10,1.154455e-08,3.647079e-08
1955594240,10596043,15644753920,397227509,1.508735e-01,6.248778e-02,2.721043e-10,1.492118e-10,1.195129e-08,3.819821e-08
1955856384,10597784,15646851072,397280758,1.508736e-01,6.248802e-02,2.681857e-10,1.436225e-10,1.177917e-08,3.676735e-08
1956118528,10603381,15648948224,397333912,1.508733e-01,6.248812e-02,2.770426e-10,1.412218e-10,1.216818e-08,3.615277e-08
1956380672,10604604,15651045376,397387229,1.508734e-01,6.248815e-02,2.760514e-10,1.405143e-10,1.212465e-08,3.597167e-08
1956642816,10604876,15653142528,397440494,1.508735e-01,6.248821e-02,2.706315e-10,1.391048e-10,1.188659e-08,3.561082e-08
1956904960,10606569,15655239680,397493666,1.508736e-01,6.248817e-02,2.701415e-10,1.399849e-10,1.186507e-08,3.583614e-08
1957167104,10608438,15657336832,397547014,1.508736e-01,6.248827e-02,2.696519e-10,1.375275e-10,1.184357e-08,3.520705e-08
1957429248,10609263,15659433984,397600091,1.508737e-01,6.248841e-02,2.662370e-10,1.343137e-10,1.169358e-08,3.438430e-08
1957691392,10609339,15661531136,397653282,1.508737e-01,6.248830e-02,2.647802e-10,1.370038e-10,1.162960e-08,3.507297e-08
1957953536,10638388,15663628288,397706363,1.508734e-01,6.248811e-02,2.750620e-10,1.413989e-10,1.208119e-08,3.619812e-08
1958215680,10639909,15665725440,397759866,1.508737e-01,6.248832e-02,2.647802e-10,1.363070e-10,1.162960e-08,3.489460e-08
1958477824,10640301,15667822592,397813355,1.508739e-01,6.248833e-02,2.604337e-10,1.362200e-10,1.143869e-08,3.487233e-08
1958739968,10643281,15669919744,397866766,1.508739e-01,6.248826e-02,2.599529e-10,1.377898e-10,1.141758e-08,3.527419e-08
1959002112,10646187,15672016896,397919995,1.508736e-01,6.248833e-02,2.676979e-10,1.362200e-10,1.175774e-08,3.487233e-08
1959264256,10654884,15674114048,397972912,1.508738e-01,6.248849e-02,2.628440e-10,1.324208e-10,1.154455e-08,3.389971e-08
1959526400,10660082,15676211200,398026413,1.508739e-01,6.248869e-02,2.575560e-10,1.278314e-10,1.131230e-08,3.272485e-08
1959788544,10679559,15678308352,398079666,1.508744e-01,6.248884e-02,2.443381e-10,1.244841e-10,1.073174e-08,3.186793e-08
1960050688,10681039,15680405504,398132732,1.508742e-01,6.248880e-02,2.485487e-10,1.254002e-10,1.091668e-08,3.210245e-08
1960312832,10684396,15682502656,398186302,1.508745e-01,6.248902e-02,2.397018e-10,1.206077e-10,1.052811e-08,3.087558e-08
1960574976,10685205,15684599808,398240002,1.508748e-01,6.248914e-02,2.310152e-10,1.178418e-10,1.014658e-08,3.016750e-08
1960837120,10688071,15686696960,398292882,1.508748e-01,6.248927e-02,2.305625e-10,1.151879e-10,1.012669e-08,2.948810e-08
1961099264,10695357,15688794112,398346051,1.508746e-01,6.248904e-02,2.355671e-10,1.201173e-10,1.034651e-08,3.075003e-08
1961361408,10701392,15690891264,398399595,1.508750e-01,6.248917e-02,2.233789e-10,1.172763e-10,9.811179e-09,3.002274e-08
1961623552,10706729,15692988416,398453262,1.508753e-01,6.248936e-02,2.167475e-10,1.132767e-10,9.519918e-09,2.899884e-08
1961885696,10710597,15695085568,398506821,1.508755e-01,6.248953e-02,2.106484e-10,1.096584e-10,9.252035e-09,2.807255e-08
1962147840,10715626,15697182720,398559877,1.508757e-01,6.248948e-02,2.050629e-10,1.106750e-10,9.006709e-09,2.833281e-08
1962409984,10716889,15699279872,398613406,1.508760e-01,6.248942e-02,1.970344e-10,1.118539e-10,8.654085e-09,2.863459e-08
1962672128,10718709,15701377024,398667494,1.508763e-01,6.248932e-02,1.883473e-10,1.141507e-10,8.272536e-09,2.922258e-08
1962934272,10719297,15703474176,398720856,1.508766e-01,6.248935e-02,1.786591e-10,1.133560e-10,7.847010e-09,2.901915e-08
1963196416,10720137,15705571328,398774357,1.508770e-01,6.248954e-02,1.684521e-10,1.095024e-10,7.398705e-09,2.803262e-08
1963458560,10720154,15707668480,398827746,1.508770e-01,6.248965e-02,1.688392e-10,1.070217e-10,7.415702e-09,2.739757e-08
1963720704,10720640,15709765632,398880299,1.508771e-01,6.248959e-02,1.672937e-10,1.084136e-10,7.347825e-09,2.775389e-08
1963982848,10720912,15711862784,398934057,1.508772e-01,6.248979e-02,1.627001e-10,1.043410e-10,7.146064e-09,2.671131e-08
1964244992,10720970,15713959936,398987559,1.508774e-01,6.248982e-02,1.574216e-10,1.037331e-10,6.914225e-09,2.655567e-08
1964507136,10721475,15716057088,399041027,1.508778e-01,6.248989e-02,1.489389e-10,1.022210e-10,6.541648e-09,2.616856e-08
1964769280,10721520,15718154240,399094434,1.508777e-01,6.248975e-02,1.503973e-10,1.051035e-10,6.605703e-09,2.690649e-08
1965031424,10721851,15720251392,399147905,1.508779e-01,6.248989e-02,1.471259e-10,1.022210e-10,6.462018e-09,2.616856e-08
1965293568,10721878,15722348544,399201664,1.508778e-01,6.248987e-02,1.493028e-10,1.025225e-10,6.557633e-09,2.624576e-08
1965555712,10721968,15724445696,399255298,1.508777e-01,6.248986e-02,1.507630e-10,1.029000e-10,6.621765e-09,2.634241e-08
1965817856,10722279,15726542848,399308415,1.508781e-01,6.249003e-02,1.417535e-10,9.930425e-11,6.226055e-09,2.542189e-08
1966080000,10722337,15728640000,399361792,1.508781e-01,6.248995e-02,1.424640e-10,1.010192e-10,6.257262e-09,2.586093e-08
1966342144,10722525,15730737152,399414890,1.508784e-01,6.249015e-02,1.337099e-10,9.701595e-11,5.872767e-09,2.483608e-08
1966604288,10722788,15732834304,399467957,1.508785e-01,6.249005e-02,1.326781e-10,9.908163e-11,5.827447e-09,2.536490e-08
1966866432,10723391,15734931456,399521354,1.508785e-01,6.249015e-02,1.309672e-10,9.701595e-11,5.752304e-09,2.483608e-08
1967128576,10723572,15737028608,399574203,1.508785e-01,6.248995e-02,1.309672e-10,1.010192e-10,5.752304e-09,2.586093e-08
1967390720,10723642,15739125760,399627701,1.508790e-01,6.249026e-02,1.219205e-10,9.489944e-11,5.354954e-09,2.429426e-08
1967652864,10723790,15741222912,399680878,1.508790e-01,6.249016e-02,1.202807e-10,9.679592e-11,5.282931e-09,2.477976e-08
1967915008,10723799,15743320064,399733724,1.508788e-01,6.249005e-02,1.259013e-10,9.900748e-11,5.529798e-09,2.534592e-08
1968177152,10723854,15745417216,399786834,1.508790e-01,6.249011e-02,1.202807e-10,9.775120e-11,5.282931e-09,2.502431e-08
1968439296,10723995,15747514368,399840233,1.508791e-01,6.249009e-02,1.180036e-10,9.819368e-11,5.182919e-09,2.513758e-08
1968701440,10724040,15749611520,399893950,1.508792e-01,6.248989e-02,1.157483e-10,1.022210e-10,5.083862e-09,2.616856e-08
1968963584,10724105,15751708672,399947156,1.508794e-01,6.248999e-02,1.116176e-10,1.001226e-10,4.902435e-09,2.563139e-08
1969225728,10724122,15753805824,400000527,1.508795e-01,6.248999e-02,1.106750e-10,1.002718e-10,4.861035e-09,2.566958e-08
1969487872,10724123,15755902976,400053848,1.508795e-01,6.248992e-02,1.103617e-10,1.015441e-10,4.847274e-09,2.599529e-08
1969750016,10724186,15758000128,400107300,1.508797e-01,6.248970e-02,1.069447e-10,1.060221e-10,4.697192e-09,2.714165e-08
1970012160,10724407,15760097280,400160309,1.508795e-01,6.248942e-02,1.103617e-10,1.118539e-10,4.847274e-09,2.863459e-08
1970274304,10724427,15762194432,400213419,1.508796e-01,6.248936e-02,1.072531e-10,1.131975e-10,4.710738e-09,2.897855e-08
1970536448,10724463,15764291584,400265903,1.508791e-01,6.248910e-02,1.186520e-10,1.187331e-10,5.211396e-09,3.039569e-08
1970798592,10724588,15766388736,400318598,1.508792e-01,6.248913e-02,1.173570e-10,1.182465e-10,5.154519e-09,3.027111e-08
1971060736,10724593,15768485888,400372026,1.508792e-01,6.248916e-02,1.154279e-10,1.175993e-10,5.069789e-09,3.010542e-08
1971322880,10725124,15770583040,400424925,1.508789e-01,6.248894e-02,1.222498e-10,1.223322e-10,5.369417e-09,3.131703e-08
1971585024,10725133,15772680192,400477824,1.508789e-01,6.248893e-02,1.235714e-10,1.224970e-10,5.427464e-09,3.135924e-08
1971847168,10725407,15774777344,400530588,1.508785e-01,6.248881e-02,1.313085e-10,1.252334e-10,5.767293e-09,3.205975e-08
1972109312,10725424,15776874496,400583935,1.508785e-01,6.248902e-02,1.313085e-10,1.205259e-10,5.767293e-09,3.085464e-08
1972371456,10725474,15778971648,400636978,1.508782e-01,6.248881e-02,1.382274e-10,1.252334e-10,6.071184e-09,3.205975e-08
1972633600,10725542,15781068800,400690049,1.508784e-01,6.248895e-02,1.347458e-10,1.221674e-10,5.918263e-09,3.127485e-08
1972895744,10725634,15783165952,400742971,1.508783e-01,6.248896e-02,1.378773e-10,1.219205e-10,6.055804e-09,3.121164e-08
1973157888,10725767,15785263104,400796213,1.508784e-01,6.248888e-02,1.354385e-10,1.237371e-10,5.948691e-09,3.167669e-08
1973420032,10725788,15787360256,400849738,1.508785e-01,6.248888e-02,1.309672e-10,1.236542e-10,5.752304e-09,3.165548e-08
1973682176,10725793,15789457408,400902203,1.508783e-01,6.248874e-02,1.378773e-10,1.268226e-10,6.055804e-09,3.246658e-08
1973944320,10725803,15791554560,400955819,1.508782e-01,6.248883e-02,1.396325e-10,1.247336e-10,6.132898e-09,3.193180e-08
1974206464,10725920,15793651712,401009534,1.508781e-01,6.248885e-02,1.413989e-10,1.242348e-10,6.210480e-09,3.180412e-08
1974468608,10726179,15795748864,401062975,1.508782e-01,6.248883e-02,1.396325e-10,1.248168e-10,6.132898e-09,3.195311e-08
1974730752,10726226,15797846016,401116485,1.508785e-01,6.248897e-02,1.326781e-10,1.215916e-10,5.827447e-09,3.112746e-08
1974992896,10726300,15799943168,401169452,1.508782e-01,6.248868e-02,1.389291e-10,1.280843e-10,6.102001e-09,3.278957e-08
1975255040,10726321,15802040320,401223282,1.508784e-01,6.248884e-02,1.350919e-10,1.245672e-10,5.933468e-09,3.188921e-08
1975517184,10726367,15804137472,401276394,1.508783e-01,6.248870e-02,1.364810e-10,1.276630e-10,5.994480e-09,3.268173e-08
1975779328,10726538,15806234624,401329402,1.508781e-01,6.248865e-02,1.424640e-10,1.288443e-10,6.257262e-09,3.298414e-08
1976041472,10726540,15808331776,401382464,1.508775e-01,6.248831e-02,1.555576e-10,1.367423e-10,6.832352e-09,3.500603e-08
1976303616,10726583,15810428928,401435924,1.508774e-01,6.248838e-02,1.585454e-10,1.349188e-10,6.963583e-09,3.453921e-08
1976565760,10726603,15812526080,401489511,1.508776e-01,6.248822e-02,1.540743e-10,1.387535e-10,6.767205e-09,3.552090e-08
1976827904,10726605,15814623232,401543138,1.508778e-01,6.248830e-02,1.493028e-10,1.369166e-10,6.557633e-09,3.505065e-08
1977090048,10726862,15816720384,401596545,1.508777e-01,6.248835e-02,1.511291e-10,1.356120e-10,6.637848e-09,3.471668e-08
1977352192,10727035,15818817536,401650183,1.508776e-01,6.248833e-02,1.548150e-10,1.362200e-10,6.799740e-09,3.487233e-08
1977614336,10727199,15820914688,401703308,1.508775e-01,6.248819e-02,1.551861e-10,1.395445e-10,6.816037e-09,3.572339e-08
1977876480,10727372,15823011840,401756793,1.508774e-01,6.248844e-02,1.577958e-10,1.336238e-10,6.930658e-09,3.420769e-08
1978138624,10727480,15825108992,401810253,1.508777e-01,6.248863e-02,1.511291e-10,1.293522e-10,6.637848e-09,3.311417e-08
1978400768,10727561,15827206144,401862363,1.508774e-01,6.248840e-02,1.581704e-10,1.344864e-10,6.947111e-09,3.442853e-08
1978662912,10727689,15829303296,401915321,1.508775e-01,6.248851e-02,1.559295e-10,1.319068e-10,6.848688e-09,3.376815e-08
1978925056,10728175,15831400448,401968624,1.508774e-01,6.248839e-02,1.589209e-10,1.348323e-10,6.980075e-09,3.451706e-08
1979187200,10728318,15833497600,402022272,1.508776e-01,6.248832e-02,1.548150e-10,1.364810e-10,6.799740e-09,3.493915e-08
1979449344,10728443,15835594752,402076262,1.508779e-01,6.248853e-02,1.464038e-10,1.314793e-10,6.430302e-09,3.365871e-08
1979711488,10728838,15837691904,402128920,1.508777e-01,6.248845e-02,1.511291e-10,1.334516e-10,6.637848e-09,3.416361e-08
1979973632,10728914,15839789056,402182250,1.508778e-01,6.248846e-02,1.485754e-10,1.331935e-10,6.525683e-09,3.409754e-08
1980235776,10728950,15841886208,402235452,1.508782e-01,6.248850e-02,1.399849e-10,1.322493e-10,6.148375e-09,3.385583e-08
1980497920,10729178,15843983360,402288277,1.508781e-01,6.248843e-02,1.406910e-10,1.339685e-10,6.179388e-09,3.429594e-08
1980760064,10729305,15846080512,402341008,1.508782e-01,6.248837e-02,1.392806e-10,1.353519e-10,6.117440e-09,3.465007e-08
1981022208,10729358,15848177664,402394850,1.508781e-01,6.248839e-02,1.403377e-10,1.348323e-10,6.163873e-09,3.451706e-08
1981284352,10729415,15850274816,402447702,1.508779e-01,6.248819e-02,1.453240e-10,1.393685e-10,6.382876e-09,3.567834e-08
1981546496,10729487,15852371968,402500860,1.508778e-01,6.248830e-02,1.478497e-10,1.370038e-10,6.493811e-09,3.507297e-08
1981808640,10729587,15854469120,402554527,1.508777e-01,6.248834e-02,1.500320e-10,1.360462e-10,6.589659e-09,3.482782e-08
1982070784,10729694,15856566272,402608255,1.508779e-01,6.248870e-02,1.453240e-10,1.276630e-10,6.382876e-09,3.268173e-08
1982332928,10729800,15858663424,402662647,1.508785e-01,6.248902e-02,1.319924e-10,1.205259e-10,5.797331e-09,3.085464e-08
1982595072,10729864,15860760576,402715758,1.508785e-01,6.248899e-02,1.330216e-10,1.211812e-10,5.842534e-09,3.102238e-08
1982857216,10729997,15862857728,402769014,1.508785e-01,6.248904e-02,1.326781e-10,1.201990e-10,5.827447e-09,3.077094e-08
1983119360,10730143,15864954880,402822510,1.508785e-01,6.248900e-02,1.330216e-10,1.210172e-10,5.842534e-09,3.098041e-08
1983381504,10730271,15867052032,402875503,1.508783e-01,6.248888e-02,1.361331e-10,1.236542e-10,5.979197e-09,3.165548e-08
1983643648,10730491,15869149184,402928403,1.508782e-01,6.248889e-02,1.392806e-10,1.234886e-10,6.117440e-09,3.161307e-08
1983905792,10730617,15871246336,402981440,1.508781e-01,6.248885e-02,1.424640e-10,1.243179e-10,6.257262e-09,3.182538e-08
1984167936,10730694,15873343488,403034366,1.508776e-01,6.248862e-02,1.529665e-10,1.295217e-10,6.718550e-09,3.315757e-08
1984430080,10731471,15875440640,403087517,1.508777e-01,6.248900e-02,1.507630e-10,1.210172e-10,6.621765e-09,3.098041e-08
1984692224,10731943,15877537792,403140403,1.508777e-01,6.248885e-02,1.500320e-10,1.242348e-10,6.589659e-09,3.180412e-08
1984954368,10732034,15879634944,403192887,1.508771e-01,6.248847e-02,1.661393e-10,1.330216e-10,7.297122e-09,3.405353e-08
1985216512,10732418,15881732096,403246800,1.508775e-01,6.248881e-02,1.551861e-10,1.252334e-10,6.816037e-09,3.205975e-08
1985478656,10732800,15883829248,403299952,1.508770e-01,6.248847e-02,1.684521e-10,1.328498e-10,7.398705e-09,3.400955e-08
1985740800,10732866,15885926400,403353329,1.508776e-01,6.248841e-02,1.533353e-10,1.342274e-10,6.734748e-09,3.436220e-08
1986002944,10733654,15888023552,403406403,1.508775e-01,6.248836e-02,1.551861e-10,1.355253e-10,6.816037e-09,3.469447e-08
1986265088,10733692,15890120704,403459796,1.508775e-01,6.248823e-02,1.563019e-10,1.384903e-10,6.865043e-09,3.545353e-08
1986527232,10734957,15892217856,403513111,1.508772e-01,6.248820e-02,1.642242e-10,1.391927e-10,7.213006e-09,3.563332e-08
1986789376,10735014,15894315008,403566517,1.508773e-01,6.248809e-02,1.600500e-10,1.418422e-10,7.029667e-09,3.631161e-08
1987051520,10735827,15896412160,403619949,1.508773e-01,6.248787e-02,1.604272e-10,1.470355e-10,7.046236e-09,3.764109e-08
1987313664,10736255,15898509312,403674025,1.508773e-01,6.248796e-02,1.600500e-10,1.450546e-10,7.029667e-09,3.713399e-08
1987575808,10739930,15900606464,403726740,1.508772e-01,6.248789e-02,1.646063e-10,1.465841e-10,7.229790e-09,3.752554e-08
1987837952,10740064,15902703616,403779909,1.508770e-01,6.248761e-02,1.696145e-10,1.535199e-10,7.449759e-09,3.930110e-08
1988100096,10752151,15904800768,403833538,1.508773e-01,6.248777e-02,1.604272e-10,1.494849e-10,7.046236e-09,3.826814e-08
1988362240,10762252,15906897920,403887179,1.508778e-01,6.248776e-02,1.496672e-10,1.497583e-10,6.573635e-09,3.833813e-08
1988624384,10763088,15908995072,403940515,1.508774e-01,6.248776e-02,1.581704e-10,1.498495e-10,6.947111e-09,3.836148e-08
1988886528,10764579,15911092224,403994278,1.508774e-01,6.248775e-02,1.596732e-10,1.501233e-10,7.013116e-09,3.843155e-08
1989148672,10775046,15913189376,404047472,1.508773e-01,6.248773e-02,1.615617e-10,1.505800e-10,7.096062e-09,3.854849e-08
1989410816,10779295,15915286528,404100951,1.508777e-01,6.248770e-02,1.514957e-10,1.512207e-10,6.653948e-09,3.871250e-08
1989672960,10782473,15917383680,404154167,1.508779e-01,6.248765e-02,1.464038e-10,1.525982e-10,6.430302e-09,3.906513e-08
1989935104,10783525,15919480832,404207665,1.508781e-01,6.248773e-02,1.406910e-10,1.504886e-10,6.179388e-09,3.852509e-08
1990197248,10783973,15921577984,404260935,1.508783e-01,6.248775e-02,1.361331e-10,1.500320e-10,5.979197e-09,3.840819e-08
1990459392,10785639,15923675136,404313546,1.508776e-01,6.248752e-02,1.537046e-10,1.557435e-10,6.750967e-09,3.987033e-08
1990721536,10787485,15925772288,404366273,1.508776e-01,6.248769e-02,1.544445e-10,1.514957e-10,6.783463e-09,3.878290e-08
1990983680,10788270,15927869440,404418928,1.508772e-01,6.248756e-02,1.630804e-10,1.548150e-10,7.162769e-09,3.963265e-08
1991245824,10788395,15929966592,404471638,1.508770e-01,6.248758e-02,1.692266e-10,1.542593e-10,7.432721e-09,3.949039e-08
1991507968,10817354,15932063744,404524650,1.508770e-01,6.248762e-02,1.676794e-10,1.531509e-10,7.364765e-09,3.920663e-08
1991770112,10818970,15934160896,404577626,1.508770e-01,6.248758e-02,1.684521e-10,1.543519e-10,7.398705e-09,3.951408e-08
1992032256,10821866,15936258048,404631173,1.508771e-01,6.248752e-02,1.661393e-10,1.556505e-10,7.297122e-09,3.984653e-08
1992294400,10824899,15938355200,404683930,1.508772e-01,6.248738e-02,1.646063e-10,1.592968e-10,7.229790e-09,4.077998e-08
1992556544,10827941,15940452352,404737014,1.508770e-01,6.248732e-02,1.688392e-10,1.608994e-10,7.415702e-09,4.119025e-08
1992818688,10833894,15942549504,404790215,1.508771e-01,6.248745e-02,1.653719e-10,1.574216e-10,7.263416e-09,4.029994e-08
1993080832,10839052,15944646656,404843316,1.508771e-01,6.248739e-02,1.672937e-10,1.590148e-10,7.347825e-09,4.070779e-08
1993342976,10858530,15946743808,404896247,1.508770e-01,6.248751e-02,1.676794e-10,1.561156e-10,7.364765e-09,3.996560e-08
1993605120,10862616,15948840960,404949522,1.508769e-01,6.248751e-02,1.703917e-10,1.561156e-10,7.483894e-09,3.996560e-08
1993867264,10863540,15950938112,405002694,1.508768e-01,6.248741e-02,1.750919e-10,1.585454e-10,7.690335e-09,4.058762e-08
1994129408,10864263,15953035264,405056133,1.508770e-01,6.248747e-02,1.688392e-10,1.569546e-10,7.415702e-09,4.018037e-08
1994391552,10867256,15955132416,405109534,1.508770e-01,6.248769e-02,1.692266e-10,1.514957e-10,7.432721e-09,3.878290e-08
1994653696,10874357,15957229568,405162622,1.508768e-01,6.248786e-02,1.739109e-10,1.473067e-10,7.638461e-09,3.771051e-08
1994915840,10880312,15959326720,405216039,1.508771e-01,6.248804e-02,1.653719e-10,1.429981e-10,7.263416e-09,3.660752e-08
1995177984,10885845,15961423872,405269540,1.508772e-01,6.248815e-02,1.646063e-10,1.405143e-10,7.229790e-09,3.597167e-08
1995440128,10889625,15963521024,405322095,1.508770e-01,6.248825e-02,1.676794e-10,1.381398e-10,7.364765e-09,3.536380e-08
1995702272,10894547,15965618176,405375495,1.508770e-01,6.248813e-02,1.696145e-10,1.409563e-10,7.449759e-09,3.608480e-08
1995964416,10898402,15967715328,405428286,1.508767e-01,6.248814e-02,1.758815e-10,1.406910e-10,7.725016e-09,3.601690e-08
1996226560,10899611,15969812480,405480755,1.508764e-01,6.248792e-02,1.838751e-10,1.459534e-10,8.076109e-09,3.736406e-08
1996488704,10900187,15971909632,405533722,1.508764e-01,6.248790e-02,1.854952e-10,1.463136e-10,8.147263e-09,3.745629e-08
1996750848,10900466,15974006784,405586819,1.508760e-01,6.248796e-02,1.966163e-10,1.450546e-10,8.635721e-09,3.713399e-08
1997012992,10900837,15976103936,405640451,1.508759e-01,6.248790e-02,1.974529e-10,1.464038e-10,8.672468e-09,3.747937e-08
1997275136,10900893,15978201088,405693604,1.508756e-01,6.248776e-02,2.080611e-10,1.497583e-10,9.138398e-09,3.833813e-08
1997537280,10900923,15980298240,405747078,1.508761e-01,6.248809e-02,1.937019e-10,1.419310e-10,8.507718e-09,3.633433e-08
1997799424,10900998,15982395392,405800121,1.508758e-01,6.248805e-02,2.020863e-10,1.428200e-10,8.875976e-09,3.656191e-08
1998061568,10901340,15984492544,405853000,1.508753e-01,6.248787e-02,2.149960e-10,1.472163e-10,9.442990e-09,3.768736e-08
1998323712,10901382,15986589696,405905732,1.508744e-01,6.248749e-02,2.424783e-10,1.563950e-10,1.065006e-08,4.003713e-08
1998585856,10901523,15988686848,405959097,1.508745e-01,6.248765e-02,2.397018e-10,1.524141e-10,1.052811e-08,3.901802e-08
1998848000,10901708,15990784000,406012704,1.508743e-01,6.248771e-02,2.466729e-10,1.511291e-10,1.083429e-08,3.868905e-08
1999110144,10901734,15992881152,406066429,1.508741e-01,6.248751e-02,2.513758e-10,1.559295e-10,1.104085e-08,3.991795e-08
1999372288,10902407,15994978304,406119605,1.508742e-01,6.248748e-02,2.504317e-10,1.568612e-10,1.099938e-08,4.015648e-08
1999634432,10902476,15997075456,406172936,1.508742e-01,6.248748e-02,2.504317e-10,1.566747e-10,1.099938e-08,4.010872e-08
1999896576,10902661,15999172608,406226319,1.508739e-01,6.248747e-02,2.594727e-10,1.569546e-10,1.139648e-08,4.018037e-08
2000158720,10902766,16001269760,406279505,1.508737e-01,6.248742e-02,2.642955e-10,1.583578e-10,1.160831e-08,4.053960e-08
2000420864,10902771,16003366912,406332794,1.508735e-01,6.248754e-02,2.716130e-10,1.552789e-10,1.192970e-08,3.975140e-08
2000683008,10902855,16005464064,406385804,1.508733e-01,6.248764e-02,2.775389e-10,1.528744e-10,1.218998e-08,3.913584e-08
2000945152,10903043,16007561216,406439380,1.508737e-01,6.248775e-02,2.652654e-10,1.500320e-10,1.165091e-08,3.840819e-08
2001207296,10903145,16009658368,406492834,1.508735e-01,6.248781e-02,2.711220e-10,1.486662e-10,1.190814e-08,3.805855e-08
2001469440,10903203,16011755520,406546648,1.508738e-01,6.248786e-02,2.623610e-10,1.474876e-10,1.152334e-08,3.775682e-08
2001731584,10903230,16013852672,406600031,1.508740e-01,6.248785e-02,2.566003e-10,1.475781e-10,1.127032e-08,3.777999e-08
2001993728,10903582,16015949824,406653855,1.508743e-01,6.248821e-02,2.476099e-10,1.390169e-10,1.087545e-08,3.558833e-08
2002255872,10903607,16018046976,406706802,1.508738e-01,6.248803e-02,2.618785e-10,1.432655e-10,1.150215e-08,3.667597e-08
2002518016,10904330,16020144128,406760647,1.508738e-01,6.248783e-02,2.618785e-10,1.481216e-10,1.150215e-08,3.791914e-08
2002780160,10904457,16022241280,406814210,1.508741e-01,6.248792e-02,2.527953e-10,1.460434e-10,1.110320e-08,3.738711e-08
2003042304,10904464,16024338432,406867711,1.508742e-01,6.248793e-02,2.485487e-10,1.457734e-10,1.091668e-08,3.731799e-08
2003304448,10904541,16026435584,406920920,1.508740e-01,6.248797e-02,2.561231e-10,1.446959e-10,1.124936e-08,3.704216e-08
2003566592,10904561,16028532736,406974297,1.508738e-01,6.248781e-02,2.618785e-10,1.484846e-10,1.150215e-08,3.801205e-08
2003828736,10904665,16030629888,407027768,1.508736e-01,6.248783e-02,2.701415e-10,1.481216e-10,1.186507e-08,3.791914e-08
2004090880,10904755,16032727040,407080696,1.508735e-01,6.248784e-02,2.721043e-10,1.477592e-10,1.195129e-08,3.782634e-08
2004353024,10904948,16034824192,407134847,1.508738e-01,6.248802e-02,2.633274e-10,1.434439e-10,1.156578e-08,3.672165e-08
2004615168,10905050,16036921344,407188431,1.508738e-01,6.248804e-02,2.623610e-10,1.430872e-10,1.152334e-08,3.663033e-08
2004877312,10905067,16039018496,407241732,1.508739e-01,6.248811e-02,2.599529e-10,1.413989e-10,1.141758e-08,3.619812e-08
2005139456,10905342,16041115648,407295093,1.508743e-01,6.248838e-02,2.452707e-10,1.350919e-10,1.077271e-08,3.458354e-08
2005401600,10905350,16043212800,407348751,1.508745e-01,6.248841e-02,2.387799e-10,1.342274e-10,1.048762e-08,3.436220e-08
2005663744,10905438,16045309952,407401886,1.508748e-01,6.248869e-02,2.310152e-10,1.278314e-10,1.014658e-08,3.272485e-08
2005925888,10905572,16047407104,407455525,1.508749e-01,6.248857e-02,2.287559e-10,1.305413e-10,1.004735e-08,3.341856e-08
2006188032,10905602,16049504256,407508954,1.508749e-01,6.248863e-02,2.269565e-10,1.293522e-10,9.968313e-09,3.311417e-08
2006450176,10905611,16051601408,407562052,1.508752e-01,6.248862e-02,2.185061e-10,1.295217e-10,9.597160e-09,3.315757e-08
2006712320,10905708,16053698560,407615350,1.508755e-01,6.248858e-02,2.097842e-10,1.304561e-10,9.214078e-09,3.339677e-08
2006974464,10905804,16055795712,407668647,1.508755e-01,6.248857e-02,2.089218e-10,1.307116e-10,9.176199e-09,3.346216e-08
2007236608,10906000,16057892864,407722269,1.508758e-01,6.248873e-02,2.020863e-10,1.269904e-10,8.875976e-09,3.250955e-08
2007498752,10906019,16059990016,407775449,1.508756e-01,6.248872e-02,2.067735e-10,1.272424e-10,9.081843e-09,3.257406e-08
2007760896,10906118,16062087168,407828446,1.508755e-01,6.248868e-02,2.106484e-10,1.281686e-10,9.252035e-09,3.281116e-08
2008023040,10906232,16064184320,407880756,1.508752e-01,6.248857e-02,2.202718e-10,1.306264e-10,9.674712e-09,3.344036e-08
2008285184,10906254,16066281472,407934006,1.508750e-01,6.248847e-02,2.260594e-10,1.330216e-10,9.928912e-09,3.405353e-08
2008547328,10906475,16068378624,407986990,1.508748e-01,6.248844e-02,2.296583e-10,1.337099e-10,1.008698e-08,3.422974e-08
2008809472,10906661,16070475776,408040343,1.508751e-01,6.248844e-02,2.224889e-10,1.335377e-10,9.772092e-09,3.418565e-08
2009071616,10906732,16072572928,408094170,1.508754e-01,6.248862e-02,2.132516e-10,1.295217e-10,9.366374e-09,3.315757e-08
2009333760,10907201,16074670080,408147604,1.508753e-01,6.248847e-02,2.145593e-10,1.330216e-10,9.423807e-09,3.405353e-08
2009595904,10907274,16076767232,408200897,1.508750e-01,6.248828e-02,2.242706e-10,1.374402e-10,9.850345e-09,3.518469e-08
2009858048,10907338,16078864384,408254394,1.508750e-01,6.248842e-02,2.247171e-10,1.340548e-10,9.869958e-09,3.431802e-08
2010120192,10907388,16080961536,408308311,1.508750e-01,6.248818e-02,2.238245e-10,1.396325e-10,9.830752e-09,3.574593e-08
2010382336,10907731,16083058688,408361923,1.508754e-01,6.248837e-02,2.115144e-10,1.353519e-10,9.290070e-09,3.465007e-08
2010644480,10907751,16085155840,408414800,1.508750e-01,6.248830e-02,2.251641e-10,1.370038e-10,9.889590e-09,3.507297e-08
2010906624,10907752,16087252992,408468194,1.508751e-01,6.248834e-02,2.229337e-10,1.360462e-10,9.791626e-09,3.482782e-08
2011168768,10908058,16089350144,408521650,1.508754e-01,6.248838e-02,2.141229e-10,1.350919e-10,9.404644e-09,3.458354e-08
2011430912,10908089,16091447296,408574473,1.508751e-01,6.248832e-02,2.224889e-10,1.363940e-10,9.772092e-09,3.491687e-08
2011693056,10908225,16093544448,408627996,1.508753e-01,6.248821e-02,2.163090e-10,1.391048e-10,9.500658e-09,3.561082e-08
2011955200,10908230,16095641600,408680888,1.508751e-01,6.248832e-02,2.207143e-10,1.363940e-10,9.694149e-09,3.491687e-08
2012217344,10908315,16097738752,408733834,1.508752e-01,6.248837e-02,2.180658e-10,1.353519e-10,9.577820e-09,3.465007e-08
2012479488,10908793,16099835904,408786981,1.508754e-01,6.248866e-02,2.136871e-10,1.285907e-10,9.385499e-09,3.291922e-08
2012741632,10909105,16101933056,408840605,1.508755e-01,6.248873e-02,2.097842e-10,1.269904e-10,9.214078e-09,3.250955e-08
2013003776,10909174,16104030208,408894111,1.508758e-01,6.248894e-02,2.025102e-10,1.224146e-10,8.894594e-09,3.133813e-08
2013265920,10909262,16106127360,408947011,1.508756e-01,6.248903e-02,2.080611e-10,1.202807e-10,9.138398e-09,3.079185e-08
2013528064,10910025,16108224512,409000663,1.508757e-01,6.248906e-02,2.050629e-10,1.197094e-10,9.006709e-09,3.064560e-08
2013790208,10910284,16110321664,409053665,1.508755e-01,6.248884e-02,2.110812e-10,1.244841e-10,9.271043e-09,3.186793e-08
2014052352,10910499,16112418816,409106321,1.508756e-01,6.248872e-02,2.072023e-10,1.273265e-10,9.100675e-09,3.259558e-08
2014314496,10910554,16114515968,409159646,1.508756e-01,6.248882e-02,2.063452e-10,1.249834e-10,9.063029e-09,3.199574e-08
2014576640,10910866,16116613120,409212246,1.508754e-01,6.248875e-02,2.132516e-10,1.266548e-10,9.366374e-09,3.242363e-08
2014838784,10910867,16118710272,409265637,1.508753e-01,6.248858e-02,2.149960e-10,1.303711e-10,9.442990e-09,3.337499e-08
2015100928,10911045,16120807424,409318774,1.508749e-01,6.248826e-02,2.269565e-10,1.377898e-10,9.968313e-09,3.527419e-08
2015363072,10911067,16122904576,409372680,1.508753e-01,6.248835e-02,2.158709e-10,1.356988e-10,9.481416e-09,3.473889e-08
2015625216,10911112,16125001728,409425884,1.508753e-01,6.248848e-02,2.145593e-10,1.327639e-10,9.423807e-09,3.398756e-08
2015887360,10911114,16127098880,409478455,1.508751e-01,6.248849e-02,2.216007e-10,1.325065e-10,9.733080e-09,3.392167e-08
2016149504,10911214,16129196032,409531282,1.508749e-01,6.248865e-02,2.265077e-10,1.287597e-10,9.948603e-09,3.296249e-08
2016411648,10911353,16131293184,409584484,1.508747e-01,6.248840e-02,2.351099e-10,1.344864e-10,1.032643e-08,3.442853e-08
2016673792,10911416,16133390336,409637674,1.508746e-01,6.248833e-02,2.369414e-10,1.362200e-10,1.040687e-08,3.487233e-08
2016935936,10911466,16135487488,409691121,1.508748e-01,6.248836e-02,2.296583e-10,1.354385e-10,1.008698e-08,3.467227e-08
2017198080,10911642,16137584640,409745419,1.508752e-01,6.248840e-02,2.180658e-10,1.346593e-10,9.577820e-09,3.447278e-08
2017460224,10911921,16139681792,409798491,1.508751e-01,6.248842e-02,2.211573e-10,1.341410e-10,9.713604e-09,3.434011e-08
2017722368,10912059,16141778944,409852170,1.508749e-01,6.248845e-02,2.269565e-10,1.333655e-10,9.968313e-09,3.414158e-08
2017984512,10912149,16143876096,409905295,1.508751e-01,6.248834e-02,2.211573e-10,1.360462e-10,9.713604e-09,3.482782e-08
2018246656,10912370,16145973248,409958283,1.508747e-01,6.248827e-02,2.323761e-10,1.377023e-10,1.020635e-08,3.525180e-08
2018508800,10912901,16148070400,410011066,1.508745e-01,6.248810e-02,2.392406e-10,1.416648e-10,1.050786e-08,3.626619e-08
2018770944,10913618,16150167552,410064607,1.508748e-01,6.248830e-02,2.314684e-10,1.369166e-10,1.016649e-08,3.505065e-08
2019033088,10914464,16152264704,410117583,1.508747e-01,6.248825e-02,2.332856e-10,1.381398e-10,1.024630e-08,3.536380e-08
2019295232,10914717,16154361856,410170658,1.508744e-01,6.248820e-02,2.424783e-10,1.392806e-10,1.065006e-08,3.565583e-08
2019557376,10915344,16156459008,410223993,1.508746e-01,6.248828e-02,2.369414e-10,1.373529e-10,1.040687e-08,3.516233e-08
2019819520,10915396,16158556160,410276921,1.508746e-01,6.248819e-02,2.369414e-10,1.394565e-10,1.040687e-08,3.570086e-08
2020081664,10915475,16160653312,410330207,1.508746e-01,6.248804e-02,2.374003e-10,1.429981e-10,1.042702e-08,3.660752e-08
2020343808,10916707,16162750464,410382908,1.508746e-01,6.248781e-02,2.383196e-10,1.485754e-10,1.046740e-08,3.803530e-08
2020605952,10916934,16164847616,410436395,1.508746e-01,6.248787e-02,2.374003e-10,1.471259e-10,1.042702e-08,3.766422e-08
2020868096,10917557,16166944768,410489227,1.508746e-01,6.248775e-02,2.369414e-10,1.501233e-10,1.040687e-08,3.843155e-08
2021130240,10919152,16169041920,410543040,1.508749e-01,6.248799e-02,2.287559e-10,1.441587e-10,1.004735e-08,3.690463e-08
2021392384,10921459,16171139072,410596417,1.508753e-01,6.248812e-02,2.171865e-10,1.412218e-10,9.539200e-09,3.615277e-08
2021654528,10931216,16173236224,410650308,1.508751e-01,6.248800e-02,2.224889e-10,1.440693e-10,9.772092e-09,3.688173e-08
2021916672,10942192,16175333376,410704031,1.508750e-01,6.248794e-02,2.247171e-10,1.453240e-10,9.869958e-09,3.720294e-08
2022178816,10943599,16177430528,410757689,1.508752e-01,6.248810e-02,2.185061e-10,1.416648e-10,9.597160e-09,3.626619e-08
2022440960,10943779,16179527680,410810709,1.508753e-01,6.248808e-02,2.158709e-10,1.421085e-10,9.481416e-09,3.637979e-08
2022703104,10954113,16181624832,410863715,1.508753e-01,6.248822e-02,2.158709e-10,1.387535e-10,9.481416e-09,3.552090e-08
2022965248,10960830,16183721984,410917250,1.508752e-01,6.248829e-02,2.189469e-10,1.370910e-10,9.616517e-09,3.509530e-08
2023227392,10961532,16185819136,410969825,1.508747e-01,6.248792e-02,2.323761e-10,1.460434e-10,1.020635e-08,3.738711e-08
2023489536,10962470,16187916288,411023523,1.508749e-01,6.248808e-02,2.287559e-10,1.421085e-10,1.004735e-08,3.637979e-08
2023751680,10963092,16190013440,411076499,1.508748e-01,6.248801e-02,2.296583e-10,1.438011e-10,1.008698e-08,3.681308e-08
2024013824,10964740,16192110592,411129965,1.508744e-01,6.248781e-02,2.420144e-10,1.486662e-10,1.062968e-08,3.805855e-08
2024275968,10966551,16194207744,411183261,1.508744e-01,6.248785e-02,2.429426e-10,1.475781e-10,1.067045e-08,3.777999e-08
2024538112,10967337,16196304896,411236428,1.508744e-01,6.248764e-02,2.438725e-10,1.528744e-10,1.071129e-08,3.913584e-08
2024800256,10967363,16198402048,411289047,1.508740e-01,6.248746e-02,2.542189e-10,1.572347e-10,1.116572e-08,4.025209e-08
2025062400,10996395,16200499200,411341952,1.508740e-01,6.248721e-02,2.556464e-10,1.636518e-10,1.122842e-08,4.189486e-08
2025324544,10998012,16202596352,411394620,1.508740e-01,6.248708e-02,2.570779e-10,1.669085e-10,1.129130e-08,4.272857e-08
2025586688,11003398,16204693504,411448394,1.508741e-01,6.248701e-02,2.523217e-10,1.688392e-10,1.108240e-08,4.322283e-08
2025848832,11006525,16206790656,411502114,1.508742e-01,6.248711e-02,2.504317e-10,1.662354e-10,1.099938e-08,4.255626e-08
2026110976,11009771,16208887808,411555812,1.508740e-01,6.248697e-02,2.556464e-10,1.699058e-10,1.122842e-08,4.349588e-08
2026373120,11012936,16210984960,411608739,1.508739e-01,6.248673e-02,2.575560e-10,1.759804e-10,1.131230e-08,4.505097e-08
2026635264,11018107,16213082112,411662411,1.508740e-01,6.248687e-02,2.561231e-10,1.723424e-10,1.124936e-08,4.411964e-08
2026897408,11037579,16215179264,411716155,1.508740e-01,6.248690e-02,2.561231e-10,1.715608e-10,1.124936e-08,4.391956e-08
2027159552,11042680,16217276416,411768994,1.508739e-01,6.248676e-02,2.580345e-10,1.751905e-10,1.133331e-08,4.484878e-08
2027421696,11043417,16219373568,411822893,1.508744e-01,6.248690e-02,2.429426e-10,1.716584e-10,1.067045e-08,4.394454e-08
2027683840,11044270,16221470720,411876457,1.508748e-01,6.248694e-02,2.296583e-10,1.705863e-10,1.008698e-08,4.367008e-08
2027945984,11046381,16223567872,411929928,1.508747e-01,6.248694e-02,2.337410e-10,1.706836e-10,1.026630e-08,4.369500e-08
2028208128,11053374,16225665024,411983391,1.508746e-01,6.248693e-02,2.378597e-10,1.707809e-10,1.044720e-08,4.371992e-08
2028470272,11059277,16227762176,412036948,1.508747e-01,6.248696e-02,2.341969e-10,1.701001e-10,1.028633e-08,4.354562e-08
2028732416,11065026,16229859328,412090420,1.508746e-01,6.248702e-02,2.369414e-10,1.683555e-10,1.040687e-08,4.309900e-08
2028994560,11068703,16231956480,412143375,1.508746e-01,6.248713e-02,2.378597e-10,1.656595e-10,1.044720e-08,4.240883e-08
2029256704,11073527,16234053632,412196480,1.508743e-01,6.248706e-02,2.471412e-10,1.674865e-10,1.085486e-08,4.287655e-08
2029518848,11078724,16236150784,412250053,1.508746e-01,6.248707e-02,2.355671e-10,1.672937e-10,1.034651e-08,4.282720e-08
2029780992,11079534,16238247936,412303398,1.508743e-01,6.248694e-02,2.448042e-10,1.704890e-10,1.075222e-08,4.364518e-08
2030043136,11079962,16240345088,412356538,1.508744e-01,6.248688e-02,2.438725e-10,1.722446e-10,1.071129e-08,4.409461e-08
2030305280,11080056,16242442240,412410178,1.508745e-01,6.248698e-02,2.410880e-10,1.694205e-10,1.058900e-08,4.337166e-08
2030567424,11080112,16244539392,412462895,1.508740e-01,6.248679e-02,2.566003e-10,1.745009e-10,1.127032e-08,4.467223e-08
2030829568,11080190,16246636544,412516351,1.508738e-01,6.248675e-02,2.618785e-10,1.755852e-10,1.150215e-08,4.494982e-08
2031091712,11080402,16248733696,412569402,1.508739e-01,6.248678e-02,2.599529e-10,1.748948e-10,1.141758e-08,4.477307e-08
2031353856,11080468,16250830848,412622597,1.508733e-01,6.248648e-02,2.775389e-10,1.828662e-10,1.218998e-08,4.681375e-08
2031616000,11080666,16252928000,412675726,1.508733e-01,6.248633e-02,2.770426e-10,1.869185e-10,1.216818e-08,4.785115e-08
2031878144,11081631,16255025152,412728673,1.508732e-01,6.248629e-02,2.830272e-10,1.878364e-10,1.243103e-08,4.808613e-08
2032140288,11081815,16257122304,412781709,1.508730e-01,6.248629e-02,2.890757e-10,1.880407e-10,1.269669e-08,4.813842e-08
2032402432,11081845,16259219456,412834401,1.508729e-01,6.248614e-02,2.905978e-10,1.921496e-10,1.276355e-08,4.919031e-08
2032664576,11081875,16261316608,412888264,1.508732e-01,6.248629e-02,2.835288e-10,1.880407e-10,1.245306e-08,4.813842e-08
2032926720,11081905,16263413760,412942217,1.508734e-01,6.248611e-02,2.740743e-10,1.929768e-10,1.203781e-08,4.940205e-08
2033188864,11082233,16265510912,412995489,1.508735e-01,6.248600e-02,2.721043e-10,1.958857e-10,1.195129e-08,5.014673e-08
2033451008,11082331,16267608064,413048840,1.508735e-01,6.248590e-02,2.721043e-10,1.987113e-10,1.195129e-08,5.087009e-08
2033713152,11082336,16269705216,413102239,1.508733e-01,6.248610e-02,2.795284e-10,1.930803e-10,1.227736e-08,4.942855e-08
2033975296,11082600,16271802368,413155538,1.508734e-01,6.248605e-02,2.765468e-10,1.947403e-10,1.214640e-08,4.985351e-08
2034237440,11082757,16273899520,413209552,1.508735e-01,6.248609e-02,2.716130e-10,1.933910e-10,1.192970e-08,4.950809e-08
2034499584,11082766,16275996672,413262632,1.508731e-01,6.248597e-02,2.860434e-10,1.967208e-10,1.256351e-08,5.036052e-08
2034761728,11083486,16278093824,413315941,1.508732e-01,6.248591e-02,2.805258e-10,1.983963e-10,1.232117e-08,5.078946e-08
2035023872,11083549,16280190976,413369124,1.508735e-01,6.248601e-02,2.735812e-10,1.957814e-10,1.201615e-08,5.012004e-08
2035286016,11083556,16282288128,413422232,1.508735e-01,6.248601e-02,2.716130e-10,1.957814e-10,1.192970e-08,5.012004e-08
2035548160,11083631,16284385280,413475859,1.508734e-01,6.248587e-02,2.765468e-10,1.997629e-10,1.214640e-08,5.113931e-08
2035810304,11083685,16286482432,413529365,1.508737e-01,6.248594e-02,2.657510e-10,1.976624e-10,1.167223e-08,5.060157e-08
2036072448,11083749,16288579584,413583324,1.508740e-01,6.248613e-02,2.570779e-10,1.924596e-10,1.129130e-08,4.926966e-08
2036334592,11083765,16290676736,413636725,1.508735e-01,6.248616e-02,2.716130e-10,1.916336e-10,1.192970e-08,4.905820e-08
2036596736,11083833,16292773888,413690174,1.508736e-01,6.248631e-02,2.691627e-10,1.873262e-10,1.182208e-08,4.795551e-08
2036858880,11084058,16294871040,413743386,1.508737e-01,6.248659e-02,2.657510e-10,1.797562e-10,1.167223e-08,4.601759e-08
2037121024,11084114,16296968192,413795792,1.508730e-01,6.248639e-02,2.880631e-10,1.852923e-10,1.265222e-08,4.743482e-08
2037383168,11084262,16299065344,413849283,1.508729e-01,6.248631e-02,2.911060e-10,1.875302e-10,1.278587e-08,4.800773e-08
2037645312,11084389,16301162496,413901923,1.508725e-01,6.248620e-02,3.049969e-10,1.903979e-10,1.339598e-08,4.874187e-08
2037907456,11084444,16303259648,413955214,1.508727e-01,6.248603e-02,2.987832e-10,1.950523e-10,1.312307e-08,4.993339e-08
2038169600,11084728,16305356800,414008448,1.508725e-01,6.248609e-02,3.055176e-10,1.933910e-10,1.341885e-08,4.950809e-08
2038431744,11084807,16307453952,414061643,1.508724e-01,6.248609e-02,3.102238e-10,1.935983e-10,1.362556e-08,4.956116e-08
2038693888,11084855,16309551104,414114687,1.508724e-01,6.248609e-02,3.086511e-10,1.933910e-10,1.355648e-08,4.950809e-08
2038956032,11085339,16311648256,414167570,1.508724e-01,6.248604e-02,3.107490e-10,1.948443e-10,1.364862e-08,4.988013e-08
2039218176,11085385,16313745408,414220780,1.508725e-01,6.248603e-02,3.070824e-10,1.951564e-10,1.348758e-08,4.996004e-08
2039480320,11085482,16315842560,414273533,1.508726e-01,6.248613e-02,3.018821e-10,1.923563e-10,1.325917e-08,4.924320e-08
2039742464,11085555,16317939712,414326630,1.508730e-01,6.248624e-02,2.895826e-10,1.893712e-10,1.271896e-08,4.847904e-08
2040004608,11085989,16320036864,414379542,1.508728e-01,6.248613e-02,2.941649e-10,1.922529e-10,1.292022e-08,4.921675e-08
2040266752,11086373,16322134016,414432951,1.508732e-01,6.248637e-02,2.835288e-10,1.856982e-10,1.245306e-08,4.753873e-08
2040528896,11086558,16324231168,414486608,1.508732e-01,6.248631e-02,2.805258e-10,1.873262e-10,1.232117e-08,4.795551e-08
2040791040,11086685,16326328320,414540809,1.508741e-01,6.248658e-02,2.537439e-10,1.800560e-10,1.114486e-08,4.609434e-08
2041053184,11087047,16328425472,414593547,1.508739e-01,6.248653e-02,2.599529e-10,1.814584e-10,1.141758e-08,4.645335e-08
2041315328,11087306,16330522624,414646608,1.508739e-01,6.248653e-02,2.604337e-10,1.815588e-10,1.143869e-08,4.647905e-08
2041577472,11087336,16332619776,414700089,1.508741e-01,6.248675e-02,2.513758e-10,1.754865e-10,1.104085e-08,4.492455e-08
2041839616,11087349,16334716928,414753353,1.508742e-01,6.248660e-02,2.509035e-10,1.796563e-10,1.102011e-08,4.599202e-08
2042101760,11087491,16336814080,414807193,1.508741e-01,6.248657e-02,2.537439e-10,1.803561e-10,1.114486e-08,4.617116e-08
2042363904,11087656,16338911232,414860056,1.508738e-01,6.248636e-02,2.613965e-10,1.861045e-10,1.148098e-08,4.764276e-08
2042626048,11087797,16341008384,414913646,1.508738e-01,6.248642e-02,2.638112e-10,1.844818e-10,1.158704e-08,4.722735e-08
2042888192,11088047,16343105536,414966527,1.508734e-01,6.248632e-02,2.760514e-10,1.870204e-10,1.212465e-08,4.787723e-08
2043150336,11088238,16345202688,415020024,1.508733e-01,6.248629e-02,2.795284e-10,1.879386e-10,1.227736e-08,4.811227e-08
2043412480,11088263,16347299840,415073103,1.508732e-01,6.248617e-02,2.820253e-10,1.913243e-10,1.238703e-08,4.897902e-08
2043674624,11088503,16349396992,415126072,1.508730e-01,6.248622e-02,2.885692e-10,1.897816e-10,1.267445e-08,4.858408e-08
2043936768,11088955,16351494144,415179221,1.508732e-01,6.248641e-02,2.835288e-10,1.846843e-10,1.245306e-08,4.727917e-08
2044198912,11089023,16353591296,415232366,1.508731e-01,6.248640e-02,2.840308e-10,1.849881e-10,1.247512e-08,4.735697e-08
2044461056,11089324,16355688448,415285656,1.508732e-01,6.248632e-02,2.825260e-10,1.872242e-10,1.240902e-08,4.792941e-08
2044723200,11089407,16357785600,415338947,1.508732e-01,6.248618e-02,2.815250e-10,1.911182e-10,1.236506e-08,4.892627e-08
2044985344,11089426,16359882752,415392702,1.508732e-01,6.248612e-02,2.810252e-10,1.927698e-10,1.234310e-08,4.934907e-08
2045247488,11089702,16361979904,415445971,1.508729e-01,6.248621e-02,2.911060e-10,1.902951e-10,1.278587e-08,4.871555e-08
2045509632,11089707,16364077056,415499448,1.508728e-01,6.248624e-02,2.946763e-10,1.892687e-10,1.294268e-08,4.845279e-08
2045771776,11089903,16366174208,415553406,1.508732e-01,6.248643e-02,2.810252e-10,1.841784e-10,1.234310e-08,4.714966e-08
2046033920,11089949,16368271360,415606411,1.508728e-01,6.248635e-02,2.946763e-10,1.862062e-10,1.294268e-08,4.766878e-08
2046296064,11090214,16370368512,415659373,1.508728e-01,6.248637e-02,2.941649e-10,1.857997e-10,1.292022e-08,4.756473e-08
2046558208,11090351,16372465664,415712386,1.508729e-01,6.248630e-02,2.926335e-10,1.876323e-10,1.285296e-08,4.803386e-08
2046820352,11090585,16374562816,415764912,1.508728e-01,6.248628e-02,2.941649e-10,1.881429e-10,1.292022e-08,4.816458e-08
2047082496,11090861,16376659968,415818233,1.508732e-01,6.248647e-02,2.815250e-10,1.829670e-10,1.236506e-08,4.683955e-08
2047344640,11091028,16378757120,415871401,1.508731e-01,6.248660e-02,2.850362e-10,1.795565e-10,1.251928e-08,4.596646e-08
2047606784,11091688,16380854272,415925063,1.508735e-01,6.248663e-02,2.725962e-10,1.787587e-10,1.197289e-08,4.576222e-08
2047868928,11091887,16382951424,415978451,1.508740e-01,6.248668e-02,2.542189e-10,1.774660e-10,1.116572e-08,4.543131e-08
2048131072,11092170,16385048576,416031326,1.508742e-01,6.248683e-02,2.504317e-10,1.734200e-10,1.099938e-08,4.439551e-08
2048393216,11092333,16387145728,416084794,1.508741e-01,6.248697e-02,2.527953e-10,1.699058e-10,1.110320e-08,4.349588e-08
2048655360,11092442,16389242880,416137664,1.508739e-01,6.248697e-02,2.585134e-10,1.698087e-10,1.135435e-08,4.347102e-08
2048917504,11092586,16391340032,416190204,1.508737e-01,6.248669e-02,2.647802e-10,1.772676e-10,1.162960e-08,4.538050e-08
2049179648,11092777,16393437184,416243485,1.508735e-01,6.248657e-02,2.716130e-10,1.804562e-10,1.192970e-08,4.619677e-08
2049441792,11092781,16395534336,416296383,1.508732e-01,6.248661e-02,2.835288e-10,1.793569e-10,1.245306e-08,4.591536e-08
2049703936,11092866,16397631488,416349499,1.508734e-01,6.248669e-02,2.750620e-10,1.771684e-10,1.208119e-08,4.535511e-08
2049966080,11092927,16399728640,416402555,1.508729e-01,6.248659e-02,2.911060e-10,1.798561e-10,1.278587e-08,4.604317e-08
2050228224,11093003,16401825792,416455897,1.508727e-01,6.248632e-02,2.987832e-10,1.871223e-10,1.312307e-08,4.790331e-08
2050490368,11093105,16403922944,416508235,1.508722e-01,6.248608e-02,3.176162e-10,1.937019e-10,1.395024e-08,4.958770e-08
2050752512,11093422,16406020096,416561250,1.508723e-01,6.248605e-02,3.123271e-10,1.945324e-10,1.371793e-08,4.980029e-08
2051014656,11093718,16408117248,416614903,1.508726e-01,6.248623e-02,3.029186e-10,1.896790e-10,1.330470e-08,4.855781e-08
2051276800,11093761,16410214400,416668116,1.508727e-01,6.248643e-02,2.992986e-10,1.840773e-10,1.314570e-08,4.712378e-08
2051538944,11093848,16412311552,416721253,1.508726e-01,6.248635e-02,3.039569e-10,1.864096e-10,1.335030e-08,4.772085e-08
2051801088,11094144,16414408704,416774396,1.508725e-01,6.248618e-02,3.076048e-10,1.909123e-10,1.351053e-08,4.887355e-08
2052063232,11094471,16416505856,416827806,1.508723e-01,6.248611e-02,3.123271e-10,1.928733e-10,1.371793e-08,4.937556e-08
2052325376,11094660,16418603008,416881318,1.508722e-01,6.248629e-02,3.149661e-10,1.879386e-10,1.383384e-08,4.811227e-08
2052587520,11095304,16420700160,416934236,1.508719e-01,6.248610e-02,3.283276e-10,1.932874e-10,1.442070e-08,4.948157e-08
2052849664,11096286,16422797312,416987180,1.508717e-01,6.248614e-02,3.353853e-10,1.920464e-10,1.473069e-08,4.916387e-08
2053111808,11096663,16424894464,417040416,1.508718e-01,6.248605e-02,3.310332e-10,1.947403e-10,1.453954e-08,4.985351e-08
2053373952,11097136,16426991616,417093362,1.508720e-01,6.248624e-02,3.245584e-10,1.893712e-10,1.425516e-08,4.847904e-08
2053636096,11097407,16429088768,417146615,1.508718e-01,6.248625e-02,3.304912e-10,1.890638e-10,1.451573e-08,4.840033e-08
2053898240,11098263,16431185920,417199726,1.508718e-01,6.248614e-02,3.326619e-10,1.920464e-10,1.461108e-08,4.916387e-08
2054160384,11098607,16433283072,417252923,1.508722e-01,6.248631e-02,3.181475e-10,1.875302e-10,1.397358e-08,4.800773e-08
2054422528,11098880,16435380224,417305710,1.508719e-01,6.248622e-02,3.256331e-10,1.898842e-10,1.430236e-08,4.861036e-08
2054684672,11099376,16437477376,417358893,1.508719e-01,6.248628e-02,3.288678e-10,1.883473e-10,1.444443e-08,4.821692e-08
2054946816,11103056,16439574528,417411496,1.508714e-01,6.248597e-02,3.447278e-10,1.968253e-10,1.514103e-08,5.038727e-08
2055208960,11110406,16441671680,417464602,1.508714e-01,6.248628e-02,3.441747e-10,1.883473e-10,1.511674e-08,4.821692e-08
2055471104,11121378,16443768832,417518222,1.508715e-01,6.248659e-02,3.408653e-10,1.799561e-10,1.497138e-08,4.606875e-08
2055733248,11122786,16445865984,417570868,1.508711e-01,6.248641e-02,3.564458e-10,1.845830e-10,1.565570e-08,4.725326e-08
2055995392,11125461,16447963136,417623763,1.508711e-01,6.248628e-02,3.553213e-10,1.883473e-10,1.560631e-08,4.821692e-08
2056257536,11133216,16450060288,417677193,1.508713e-01,6.248622e-02,3.480558e-10,1.897816e-10,1.528720e-08,4.858408e-08
2056519680,11140727,16452157440,417729957,1.508712e-01,6.248611e-02,3.547598e-10,1.929768e-10,1.558165e-08,4.940205e-08
2056781824,11141540,16454254592,417784081,1.508714e-01,6.248621e-02,3.452814e-10,1.901924e-10,1.516534e-08,4.868924e-08
2057043968,11142311,16456351744,417837426,1.508718e-01,6.248633e-02,3.299496e-10,1.869185e-10,1.449195e-08,4.785115e-08
2057306112,11142463,16458448896,417890212,1.508716e-01,6.248643e-02,3.364777e-10,1.841784e-10,1.477867e-08,4.714966e-08
2057568256,11143872,16460546048,417943068,1.508711e-01,6.248623e-02,3.553213e-10,1.896790e-10,1.560631e-08,4.855781e-08
2057830400,11145701,16462643200,417995835,1.508710e-01,6.248624e-02,3.609613e-10,1.894738e-10,1.585403e-08,4.850529e-08
2058092544,11146492,16464740352,418048221,1.508707e-01,6.248588e-02,3.723744e-10,1.992368e-10,1.635531e-08,5.100461e-08
2058354688,11146559,16466837504,418102137,1.508706e-01,6.248594e-02,3.746783e-10,1.975577e-10,1.645651e-08,5.057476e-08
2058616832,11175551,16468934656,418155496,1.508708e-01,6.248621e-02,3.666456e-10,1.900896e-10,1.610370e-08,4.866294e-08
2058878976,11177179,16471031808,418208932,1.508706e-01,6.248615e-02,3.746783e-10,1.917368e-10,1.645651e-08,4.908461e-08
2059141120,11185051,16473128960,418262737,1.508706e-01,6.248626e-02,3.764109e-10,1.887566e-10,1.653261e-08,4.832168e-08
2059403264,11188229,16475226112,418315736,1.508704e-01,6.248612e-02,3.839651e-10,1.926664e-10,1.686440e-08,4.932259e-08
2059665408,11191720,16477323264,418368645,1.508701e-01,6.248577e-02,3.963265e-10,2.025102e-10,1.740733e-08,5.184262e-08
2059927552,11192271,16479420416,418421386,1.508702e-01,6.248606e-02,3.904157e-10,1.943246e-10,1.714772e-08,4.974710e-08
2060189696,11197195,16481517568,418474832,1.508704e-01,6.248602e-02,3.845493e-10,1.955729e-10,1.689006e-08,5.006667e-08
2060451840,11216729,16483614720,418527444,1.508702e-01,6.248586e-02,3.904157e-10,1.999736e-10,1.714772e-08,5.119324e-08
2060713984,11221961,16485711872,418581255,1.508702e-01,6.248605e-02,3.927747e-10,1.946363e-10,1.725133e-08,4.982690e-08
2060976128,11222642,16487809024,418634361,1.508700e-01,6.248593e-02,4.004905e-10,1.979768e-10,1.759023e-08,5.068205e-08
2061238272,11225622,16489906176,418687911,1.508701e-01,6.248596e-02,3.945486e-10,1.970344e-10,1.732925e-08,5.044080e-08
2061500416,11226002,16492003328,418741107,1.508701e-01,6.248592e-02,3.939569e-10,1.981865e-10,1.730325e-08,5.073574e-08
2061762560,11232509,16494100480,418794517,1.508701e-01,6.248602e-02,3.939569e-10,1.955729e-10,1.730325e-08,5.006667e-08
2062024704,11238299,16496197632,418847134,1.508696e-01,6.248587e-02,4.149323e-10,1.996576e-10,1.822453e-08,5.111236e-08
2062286848,11244236,16498294784,418900458,1.508693e-01,6.248586e-02,4.265468e-10,2.000790e-10,1.873466e-08,5.122022e-08
2062548992,11247843,16500391936,418953612,1.508694e-01,6.248601e-02,4.234748e-10,1.957814e-10,1.859973e-08,5.012004e-08
2062811136,11252576,16502489088,419006695,1.508696e-01,6.248610e-02,4.149323e-10,1.932874e-10,1.822453e-08,4.948157e-08
2063073280,11257839,16504586240,419060121,1.508695e-01,6.248628e-02,4.191927e-10,1.883473e-10,1.841165e-08,4.821692e-08
2063335424,11258693,16506683392,419113413,1.508694e-01,6.248622e-02,4.259315e-10,1.899869e-10,1.870763e-08,4.863665e-08
2063597568,11259050,16508780544,419166870,1.508693e-01,6.248618e-02,4.277787e-10,1.911182e-10,1.878877e-08,4.892627e-08
2063859712,11259245,16510877696,419219910,1.508693e-01,6.248628e-02,4.265468e-10,1.882451e-10,1.873466e-08,4.819075e-08
2064121856,11259273,16512974848,419273203,1.508696e-01,6.248614e-02,4.167555e-10,1.920464e-10,1.830461e-08,4.916387e-08
2064384000,11259512,16515072000,419326530,1.508697e-01,6.248621e-02,4.137191e-10,1.902951e-10,1.817124e-08,4.871555e-08
2064646144,11259646,16517169152,419380020,1.508694e-01,6.248639e-02,4.240883e-10,1.852923e-10,1.862668e-08,4.743482e-08
2064908288,11259806,16519266304,419433586,1.508699e-01,6.248688e-02,4.052760e-10,1.720491e-10,1.780041e-08,4.404456e-08
2065170432,11260854,16521363456,419487009,1.508698e-01,6.248694e-02,4.058762e-10,1.705863e-10,1.782677e-08,4.367008e-08
2065432576,11261004,16523460608,419540139,1.508699e-01,6.248697e-02,4.028797e-10,1.697116e-10,1.769516e-08,4.344617e-08
2065694720,11261011,16525557760,419593327,1.508700e-01,6.248699e-02,3.998943e-10,1.692266e-10,1.756404e-08,4.332202e-08
2065956864,11261013,16527654912,419646307,1.508700e-01,6.248690e-02,3.987033e-10,1.715608e-10,1.751172e-08,4.391956e-08
2066219008,11261368,16529752064,419699036,1.508701e-01,6.248702e-02,3.969201e-10,1.683555e-10,1.743340e-08,4.309900e-08
2066481152,11261469,16531849216,419752712,1.508702e-01,6.248705e-02,3.921843e-10,1.677759e-10,1.722540e-08,4.295064e-08
2066743296,11261476,16533946368,419805848,1.508702e-01,6.248688e-02,3.921843e-10,1.721468e-10,1.722540e-08,4.406958e-08
2067005440,11261736,16536043520,419858412,1.508701e-01,6.248692e-02,3.957334e-10,1.710732e-10,1.738128e-08,4.379473e-08
2067267584,11261917,16538140672,419911019,1.508698e-01,6.248674e-02,4.088838e-10,1.758815e-10,1.795887e-08,4.502567e-08
2067529728,11262029,16540237824,419964168,1.508697e-01,6.248649e-02,4.106937e-10,1.824634e-10,1.803836e-08,4.671064e-08
2067791872,11262692,16542334976,420017840,1.508700e-01,6.248650e-02,3.992986e-10,1.823628e-10,1.753787e-08,4.668488e-08
2068054016,11262778,16544432128,420071196,1.508700e-01,6.248662e-02,3.998943e-10,1.791574e-10,1.756404e-08,4.586429e-08
2068316160,11262835,16546529280,420124195,1.508702e-01,6.248677e-02,3.933656e-10,1.749934e-10,1.727729e-08,4.479830e-08
2068578304,11262881,16548626432,420176527,1.508696e-01,6.248654e-02,4.149323e-10,1.811574e-10,1.822453e-08,4.637630e-08
2068840448,11262902,16550723584,420230346,1.508701e-01,6.248660e-02,3.969201e-10,1.794567e-10,1.743340e-08,4.594091e-08
2069102592,11262952,16552820736,420283993,1.508701e-01,6.248646e-02,3.969201e-10,1.833703e-10,1.743340e-08,4.694281e-08
2069364736,11263268,16554917888,420336285,1.508699e-01,6.248646e-02,4.040770e-10,1.833703e-10,1.774775e-08,4.694281e-08
2069626880,11263341,16557015040,420390091,1.508698e-01,6.248636e-02,4.058762e-10,1.860029e-10,1.782677e-08,4.761674e-08
2069889024,11263485,16559112192,420443658,1.508700e-01,6.248654e-02,4.016842e-10,1.812577e-10,1.764265e-08,4.640198e-08
2070151168,11263531,16561209344,420496736,1.508700e-01,6.248676e-02,3.987033e-10,1.753878e-10,1.751172e-08,4.489928e-08
2070413312,11264026,16563306496,420550482,1.508698e-01,6.248671e-02,4.076794e-10,1.765739e-10,1.790597e-08,4.520291e-08
2070675456,11264075,16565403648,420603732,1.508698e-01,6.248657e-02,4.076794e-10,1.804562e-10,1.790597e-08,4.619677e-08
2070937600,11264092,16567500800,420656759,1.508698e-01,6.248647e-02,4.082814e-10,1.830678e-10,1.793241e-08,4.686535e-08
2071199744,11264578,16569597952,420709915,1.508695e-01,6.248641e-02,4.185827e-10,1.846843e-10,1.838487e-08,4.727917e-08
2071461888,11264633,16571695104,420762951,1.508695e-01,6.248635e-02,4.198031e-10,1.863079e-10,1.843846e-08,4.769481e-08
2071724032,11264646,16573792256,420816342,1.508697e-01,6.248660e-02,4.137191e-10,1.794567e-10,1.817124e-08,4.594091e-08
2071986176,11264694,16575889408,420869839,1.508695e-01,6.248657e-02,4.198031e-10,1.804562e-10,1.843846e-08,4.619677e-08
2072248320,11265118,16577986560,420923164,1.508694e-01,6.248658e-02,4.234748e-10,1.801560e-10,1.859973e-08,4.611994e-08
2072510464,11265172,16580083712,420977234,1.508695e-01,6.248657e-02,4.179732e-10,1.804562e-10,1.835809e-08,4.619677e-08
2072772608,11265534,16582180864,421030606,1.508699e-01,6.248663e-02,4.028797e-10,1.788583e-10,1.769516e-08,4.578773e-08
2073034752,11265570,16584278016,421083651,1.508699e-01,6.248648e-02,4.040770e-10,1.828662e-10,1.774775e-08,4.681375e-08
2073296896,11265659,16586375168,421136842,1.508696e-01,6.248633e-02,4.173641e-10,1.868167e-10,1.833134e-08,4.782507e-08
2073559040,11265991,16588472320,421189702,1.508693e-01,6.248628e-02,4.271625e-10,1.881429e-10,1.876170e-08,4.816458e-08
2073821184,11266367,16590569472,421242702,1.508693e-01,6.248605e-02,4.290124e-10,1.946363e-10,1.884295e-08,4.982690e-08
2074083328,11266470,16592666624,421295696,1.508692e-01,6.248602e-02,4.314851e-10,1.955729e-10,1.895156e-08,5.006667e-08
2074345472,11267397,16594763776,421349062,1.508691e-01,6.248613e-02,4.352074e-10,1.922529e-10,1.911505e-08,4.921675e-08
2074607616,11267673,16596860928,421402792,1.508691e-01,6.248610e-02,4.370746e-10,1.932874e-10,1.919706e-08,4.948157e-08
2074869760,11268191,16598958080,421455867,1.508687e-01,6.248583e-02,4.553300e-10,2.008174e-10,1.999886e-08,5.140924e-08
2075131904,11268521,16601055232,421509053,1.508689e-01,6.248571e-02,4.458409e-10,2.042102e-10,1.958209e-08,5.227781e-08
2075394048,11268856,16603152384,421562041,1.508687e-01,6.248564e-02,4.521559e-10,2.062382e-10,1.985945e-08,5.279697e-08
2075656192,11269064,16605249536,421615656,1.508688e-01,6.248571e-02,4.502567e-10,2.042102e-10,1.977604e-08,5.227781e-08
2075918336,11269112,16607346688,421668704,1.508687e-01,6.248567e-02,4.527898e-10,2.053831e-10,1.988730e-08,5.257806e-08
2076180480,11269341,16609443840,421722613,1.508688e-01,6.248572e-02,4.471004e-10,2.038909e-10,1.963741e-08,5.219608e-08
2076442624,11269362,16611540992,421775750,1.508689e-01,6.248574e-02,4.458409e-10,2.032531e-10,1.958209e-08,5.203279e-08
2076704768,11269521,16613638144,421829622,1.508693e-01,6.248605e-02,4.296299e-10,1.946363e-10,1.887008e-08,4.982690e-08
2076966912,11269695,16615735296,421882608,1.508690e-01,6.248604e-02,4.389458e-10,1.949483e-10,1.927924e-08,4.990676e-08
2077229056,11269704,16617832448,421935719,1.508687e-01,6.248575e-02,4.546943e-10,2.029346e-10,1.997095e-08,5.195125e-08
2077491200,11269766,16619929600,421989126,1.508688e-01,6.248590e-02,4.508893e-10,1.987113e-10,1.980382e-08,5.087009e-08
2077753344,11270158,16622026752,422042089,1.508690e-01,6.248604e-02,4.427001e-10,1.949483e-10,1.944414e-08,4.990676e-08
2078015488,11270500,16624123904,422095067,1.508691e-01,6.248576e-02,4.370746e-10,2.028284e-10,1.919706e-08,5.192408e-08
2078277632,11270635,16626221056,422148984,1.508693e-01,6.248584e-02,4.296299e-10,2.003953e-10,1.887008e-08,5.130119e-08
2078539776,11270794,16628318208,422202690,1.508693e-01,6.248592e-02,4.265468e-10,1.981865e-10,1.873466e-08,5.073574e-08
2078801920,11270976,16630415360,422255512,1.508685e-01,6.248569e-02,4.604317e-10,2.048495e-10,2.022294e-08,5.244148e-08
2079064064,11271003,16632512512,422309072,1.508685e-01,6.248575e-02,4.636347e-10,2.030407e-10,2.036362e-08,5.197842e-08
2079326208,11271141,16634609664,422361837,1.508684e-01,6.248565e-02,4.642766e-10,2.058104e-10,2.039182e-08,5.268746e-08
2079588352,11271233,16636706816,422415230,1.508687e-01,6.248582e-02,4.534242e-10,2.011342e-10,1.991516e-08,5.149036e-08
2079850496,11271441,16638803968,422468650,1.508689e-01,6.248583e-02,4.458409e-10,2.007118e-10,1.958209e-08,5.138222e-08
2080112640,11271682,16640901120,422521736,1.508690e-01,6.248597e-02,4.395704e-10,1.969298e-10,1.930668e-08,5.041403e-08
2080374784,11271757,16642998272,422574960,1.508689e-01,6.248594e-02,4.464704e-10,1.977671e-10,1.960974e-08,5.062839e-08
2080636928,11272463,16645095424,422628076,1.508691e-01,6.248624e-02,4.352074e-10,1.892687e-10,1.911505e-08,4.845279e-08
2080899072,11272684,16647192576,422681048,1.508690e-01,6.248600e-02,4.389458e-10,1.960943e-10,1.927924e-08,5.020013e-08
2081161216,11273252,16649289728,422734774,1.508694e-01,6.248622e-02,4.247023e-10,1.899869e-10,1.865365e-08,4.863665e-08
2081423360,11273379,16651386880,422788747,1.508694e-01,6.248621e-02,4.222491e-10,1.901924e-10,1.854590e-08,4.868924e-08
2081685504,11273707,16653484032,422842196,1.508697e-01,6.248640e-02,4.125076e-10,1.849881e-10,1.811804e-08,4.735697e-08
2081947648,11273992,16655581184,422895019,1.508701e-01,6.248665e-02,3.963265e-10,1.781615e-10,1.740733e-08,4.560934e-08
2082209792,11274012,16657678336,422948350,1.508701e-01,6.248658e-02,3.963265e-10,1.800560e-10,1.740733e-08,4.609434e-08
2082471936,11274107,16659775488,423001545,1.508698e-01,6.248670e-02,4.058762e-10,1.767719e-10,1.782677e-08,4.525362e-08
2082734080,11274216,16661872640,423055203,1.508700e-01,6.248650e-02,3.987033e-10,1.821616e-10,1.751172e-08,4.663338e-08
2082996224,11274383,16663969792,423108561,1.508702e-01,6.248651e-02,3.915943e-10,1.820611e-10,1.719949e-08,4.660764e-08
2083258368,11274395,16666066944,423161978,1.508706e-01,6.248667e-02,3.746783e-10,1.777639e-10,1.645651e-08,4.550757e-08
2083520512,11274427,16668164096,423215395,1.508709e-01,6.248695e-02,3.643665e-10,1.703917e-10,1.600360e-08,4.362028e-08
2083782656,11274560,16670261248,423268164,1.508707e-01,6.248695e-02,3.723744e-10,1.703917e-10,1.635531e-08,4.362028e-08
2084044800,11274735,16672358400,423321659,1.508707e-01,6.248702e-02,3.729497e-10,1.684521e-10,1.638058e-08,4.312375e-08
2084306944,11274799,16674455552,423374945,1.508705e-01,6.248727e-02,3.810507e-10,1.620355e-10,1.673640e-08,4.148109e-08
2084569088,11275047,16676552704,423428128,1.508705e-01,6.248735e-02,3.816327e-10,1.599557e-10,1.676196e-08,4.094867e-08
2084831232,11275215,16678649856,423481158,1.508704e-01,6.248718e-02,3.822151e-10,1.643197e-10,1.678754e-08,4.206584e-08
2085093376,11275339,16680747008,423534507,1.508702e-01,6.248708e-02,3.927747e-10,1.670048e-10,1.725133e-08,4.275322e-08
2085355520,11275505,16682844160,423588265,1.508705e-01,6.248715e-02,3.781475e-10,1.650846e-10,1.660888e-08,4.226166e-08
2085617664,11275827,16684941312,423641565,1.508703e-01,6.248728e-02,3.868905e-10,1.618459e-10,1.699289e-08,4.143255e-08
2085879808,11275958,16687038464,423694471,1.508704e-01,6.248736e-02,3.851339e-10,1.597673e-10,1.691574e-08,4.090044e-08
2086141952,11276882,16689135616,423747903,1.508705e-01,6.248742e-02,3.804692e-10,1.581704e-10,1.671085e-08,4.049161e-08
2086404096,11277449,16691232768,423801806,1.508706e-01,6.248756e-02,3.758329e-10,1.547224e-10,1.650722e-08,3.960892e-08
2086666240,11278013,16693329920,423855120,1.508709e-01,6.248758e-02,3.637979e-10,1.542593e-10,1.597862e-08,3.949039e-08
2086928384,11278470,16695427072,423909085,1.508712e-01,6.248796e-02,3.547598e-10,1.449649e-10,1.558165e-08,3.711102e-08
2087190528,11278849,16697524224,423962158,1.508714e-01,6.248805e-02,3.475000e-10,1.428200e-10,1.526279e-08,3.656191e-08
2087452672,11279124,16699621376,424015415,1.508714e-01,6.248809e-02,3.475000e-10,1.419310e-10,1.526279e-08,3.633433e-08
2087714816,11280385,16701718528,424068206,1.508713e-01,6.248809e-02,3.508414e-10,1.419310e-10,1.540955e-08,3.633433e-08
2087976960,11280691,16703815680,424121123,1.508711e-01,6.248792e-02,3.581357e-10,1.460434e-10,1.572993e-08,3.738711e-08
2088239104,11281204,16705912832,424174247,1.508708e-01,6.248777e-02,3.666456e-10,1.496672e-10,1.610370e-08,3.831479e-08
2088501248,11284550,16708009984,424227580,1.508708e-01,6.248760e-02,3.666456e-10,1.537046e-10,1.610370e-08,3.934838e-08
2088763392,11289576,16710107136,424280334,1.508707e-01,6.248773e-02,3.723744e-10,1.505800e-10,1.635531e-08,3.854849e-08
2089025536,11300625,16712204288,424333239,1.508707e-01,6.248790e-02,3.723744e-10,1.464038e-10,1.635531e-08,3.747937e-08
2089287680,11301945,16714301440,424386448,1.508707e-01,6.248792e-02,3.741016e-10,1.458634e-10,1.643118e-08,3.734102e-08
2089549824,11306996,16716398592,424440097,1.508707e-01,6.248799e-02,3.717995e-10,1.443377e-10,1.633006e-08,3.695044e-08
2089811968,11312332,16718495744,424493745,1.508707e-01,6.248788e-02,3.741016e-10,1.468549e-10,1.643118e-08,3.759485e-08
2090074112,11319896,16720592896,424547633,1.508707e-01,6.248768e-02,3.723744e-10,1.518627e-10,1.635531e-08,3.887686e-08
2090336256,11320557,16722690048,424600753,1.508710e-01,6.248791e-02,3.620946e-10,1.462235e-10,1.590381e-08,3.743322e-08
2090598400,11321512,16724787200,424654025,1.508710e-01,6.248797e-02,3.615277e-10,1.446959e-10,1.587891e-08,3.704216e-08
2090860544,11323038,16726884352,424706811,1.508709e-01,6.248810e-02,3.649356e-10,1.416648e-10,1.602859e-08,3.626619e-08
2091122688,11323977,16728981504,424760565,1.508709e-01,6.248807e-02,3.626619e-10,1.422862e-10,1.592873e-08,3.642528e-08
2091384832,11324869,16731078656,424813820,1.508708e-01,6.248793e-02,3.672165e-10,1.457734e-10,1.612877e-08,3.731799e-08
2091646976,11325678,16733175808,424867382,1.508708e-01,6.248788e-02,3.672165e-10,1.469452e-10,1.612877e-08,3.761797e-08
2091909120,11325756,16735272960,424920782,1.508711e-01,6.248792e-02,3.570086e-10,1.459534e-10,1.568042e-08,3.736406e-08
2092171264,11354705,16737370112,424974638,1.508712e-01,6.248827e-02,3.536380e-10,1.377023e-10,1.553238e-08,3.525180e-08
2092433408,11356322,16739467264,425027600,1.508710e-01,6.248838e-02,3.603953e-10,1.350054e-10,1.582917e-08,3.456137e-08
2092695552,11366586,16741564416,425081334,1.508714e-01,6.248840e-02,3.469447e-10,1.344864e-10,1.523840e-08,3.442853e-08
2092957696,11369767,16743661568,425134649,1.508713e-01,6.248841e-02,3.486120e-10,1.344000e-10,1.531163e-08,3.440641e-08
2093219840,11371525,16745758720,425188181,1.508712e-01,6.248861e-02,3.519587e-10,1.297762e-10,1.545862e-08,3.322272e-08
2093481984,11373604,16747855872,425241091,1.508711e-01,6.248843e-02,3.570086e-10,1.339685e-10,1.568042e-08,3.429594e-08
2093744128,11376304,16749953024,425294667,1.508715e-01,6.248858e-02,3.419667e-10,1.303711e-10,1.501976e-08,3.337499e-08
2094006272,11395800,16752050176,425347361,1.508711e-01,6.248825e-02,3.575720e-10,1.381398e-10,1.570517e-08,3.536380e-08
2094268416,11401138,16754147328,425400200,1.508712e-01,6.248838e-02,3.519587e-10,1.350919e-10,1.545862e-08,3.458354e-08
2094530560,11401856,16756244480,425453844,1.508711e-01,6.248837e-02,3.564458e-10,1.353519e-10,1.565570e-08,3.465007e-08
2094792704,11404826,16758341632,425507276,1.508715e-01,6.248836e-02,3.430698e-10,1.355253e-10,1.506821e-08,3.469447e-08
2095054848,11407526,16760438784,425560205,1.508715e-01,6.248834e-02,3.430698e-10,1.360462e-10,1.506821e-08,3.482782e-08
2095316992,11411665,16762535936,425613538,1.508714e-01,6.248841e-02,3.469447e-10,1.342274e-10,1.523840e-08,3.436220e-08
2095579136,11417373,16764633088,425667518,1.508719e-01,6.248847e-02,3.272485e-10,1.330216e-10,1.437331e-08,3.405353e-08
2095841280,11423496,16766730240,425721160,1.508721e-01,6.248863e-02,3.186793e-10,1.291828e-10,1.399694e-08,3.307079e-08
2096103424,11426992,16768827392,425774361,1.508722e-01,6.248870e-02,3.154952e-10,1.277472e-10,1.385708e-08,3.270328e-08
2096365568,11431630,16770924544,425827549,1.508720e-01,6.248860e-02,3.250955e-10,1.299461e-10,1.427875e-08,3.326619e-08
2096627712,11436922,16773021696,425880638,1.508719e-01,6.248849e-02,3.272485e-10,1.325923e-10,1.437331e-08,3.394362e-08
2096889856,11437787,16775118848,425933959,1.508718e-01,6.248834e-02,3.321186e-10,1.359593e-10,1.458721e-08,3.480558e-08
2097152000,11438127,16777216000,425987564,1.508720e-01,6.248830e-02,3.234855e-10,1.370038e-10,1.420803e-08,3.507297e-08
2097414144,11438327,16779313152,426040639,1.508720e-01,6.248824e-02,3.245584e-10,1.383150e-10,1.425516e-08,3.540865e-08
2097676288,11438424,16781410304,426093453,1.508718e-01,6.248822e-02,3.304912e-10,1.388413e-10,1.451573e-08,3.554337e-08
2097938432,11438614,16783507456,426146520,1.508720e-01,6.248818e-02,3.250955e-10,1.398087e-10,1.427875e-08,3.579102e-08
2098200576,11438738,16785604608,426199636,1.508719e-01,6.248806e-02,3.277878e-10,1.425530e-10,1.439700e-08,3.649356e-08
2098462720,11438932,16787701760,426252760,1.508719e-01,6.248831e-02,3.256331e-10,1.367423e-10,1.430236e-08,3.500603e-08
2098724864,11440040,16789798912,426306243,1.508725e-01,6.248832e-02,3.065603e-10,1.363940e-10,1.346465e-08,3.491687e-08
2098987008,11440077,16791896064,426360019,1.508731e-01,6.248857e-02,2.865477e-10,1.306264e-10,1.258566e-08,3.344036e-08
2099249152,11440107,16793993216,426413409,1.508735e-01,6.248861e-02,2.730884e-10,1.297762e-10,1.199451e-08,3.322272e-08
2099511296,11440113,16796090368,426466871,1.508734e-01,6.248867e-02,2.750620e-10,1.284218e-10,1.208119e-08,3.287597e-08
2099773440,11440455,16798187520,426519612,1.508730e-01,6.248841e-02,2.875575e-10,1.343137e-10,1.263002e-08,3.438430e-08
2100035584,11440622,16800284672,426573349,1.508731e-01,6.248858e-02,2.855396e-10,1.304561e-10,1.254138e-08,3.339677e-08
2100297728,11440678,16802381824,426627264,1.508732e-01,6.248850e-02,2.825260e-10,1.321637e-10,1.240902e-08,3.383390e-08
2100559872,11441022,16804478976,426680520,1.508732e-01,6.248836e-02,2.825260e-10,1.355253e-10,1.240902e-08,3.469447e-08
2100822016,11441193,16806576128,426734118,1.508733e-01,6.248847e-02,2.800269e-10,1.328498e-10,1.229926e-08,3.400955e-08
2101084160,11441889,16808673280,426787307,1.508736e-01,6.248860e-02,2.681857e-10,1.298611e-10,1.177917e-08,3.324445e-08
2101346304,11441907,16810770432,426841397,1.508738e-01,6.248879e-02,2.623610e-10,1.257341e-10,1.152334e-08,3.218794e-08
2101608448,11441929,16812867584,426895135,1.508740e-01,6.248894e-02,2.570779e-10,1.223322e-10,1.129130e-08,3.131703e-08
2101870592,11441975,16814964736,426948113,1.508739e-01,6.248887e-02,2.599529e-10,1.239029e-10,1.141758e-08,3.171914e-08
2102132736,11442020,16817061888,427002119,1.508740e-01,6.248895e-02,2.561231e-10,1.221674e-10,1.124936e-08,3.127485e-08
2102394880,11442036,16819159040,427055072,1.508737e-01,6.248875e-02,2.657510e-10,1.264872e-10,1.167223e-08,3.238071e-08
2102657024,11442376,16821256192,427108305,1.508736e-01,6.248855e-02,2.696519e-10,1.311378e-10,1.184357e-08,3.357128e-08
2102919168,11442535,16823353344,427161755,1.508738e-01,6.248861e-02,2.618785e-10,1.296914e-10,1.150215e-08,3.320099e-08
2103181312,11442662,16825450496,427215164,1.508738e-01,6.248859e-02,2.638112e-10,1.302010e-10,1.158704e-08,3.333145e-08
2103443456,11443043,16827547648,427268733,1.508737e-01,6.248851e-02,2.647802e-10,1.320780e-10,1.162960e-08,3.381198e-08
2103705600,11443157,16829644800,427321600,1.508737e-01,6.248840e-02,2.662370e-10,1.344864e-10,1.169358e-08,3.442853e-08
2103967744,11443334,16831741952,427374228,1.508735e-01,6.248837e-02,2.716130e-10,1.351785e-10,1.192970e-08,3.460571e-08
2104229888,11443604,16833839104,427427910,1.508735e-01,6.248816e-02,2.735812e-10,1.402495e-10,1.201615e-08,3.590387e-08
2104492032,11443668,16835936256,427481364,1.508736e-01,6.248830e-02,2.672105e-10,1.370038e-10,1.173634e-08,3.507297e-08
2104754176,11443670,16838033408,427535119,1.508737e-01,6.248836e-02,2.647802e-10,1.355253e-10,1.162960e-08,3.469447e-08
2105016320,11443709,16840130560,427588646,1.508736e-01,6.248849e-02,2.691627e-10,1.325065e-10,1.182208e-08,3.392167e-08
2105278464,11444548,16842227712,427642051,1.508735e-01,6.248836e-02,2.721043e-10,1.355253e-10,1.195129e-08,3.469447e-08
2105540608,11444664,16844324864,427695015,1.508736e-01,6.248845e-02,2.691627e-10,1.334516e-10,1.182208e-08,3.416361e-08
2105802752,11444893,16846422016,427748168,1.508736e-01,6.248867e-02,2.676979e-10,1.283374e-10,1.175774e-08,3.285436e-08
2106064896,11445414,16848519168,427801544,1.508737e-01,6.248860e-02,2.647802e-10,1.300310e-10,1.162960e-08,3.328794e-08
2106327040,11445604,16850616320,427854617,1.508740e-01,6.248863e-02,2.570779e-10,1.291828e-10,1.129130e-08,3.307079e-08
2106589184,11446306,16852713472,427907840,1.508740e-01,6.248851e-02,2.570779e-10,1.319068e-10,1.129130e-08,3.376815e-08
2106851328,11446822,16854810624,427961166,1.508741e-01,6.248858e-02,2.527953e-10,1.303711e-10,1.110320e-08,3.337499e-08
2107113472,11446849,16856907776,428014490,1.508742e-01,6.248850e-02,2.499603e-10,1.323350e-10,1.097868e-08,3.387777e-08
2107375616,11447124,16859004928,428068390,1.508746e-01,6.248859e-02,2.383196e-10,1.302010e-10,1.046740e-08,3.333145e-08
2107637760,11447570,16861102080,428121254,1.508751e-01,6.248874e-02,2.216007e-10,1.268226e-10,9.733080e-09,3.246658e-08
2107899904,11448046,16863199232,428174243,1.508752e-01,6.248881e-02,2.193881e-10,1.253168e-10,9.635896e-09,3.208109e-08
2108162048,11448124,16865296384,428227494,1.508752e-01,6.248865e-02,2.185061e-10,1.287597e-10,9.597160e-09,3.296249e-08
2108424192,11448319,16867393536,428280108,1.508750e-01,6.248855e-02,2.251641e-10,1.311378e-10,9.889590e-09,3.357128e-08
2108686336,11449257,16869490688,428333456,1.508750e-01,6.248840e-02,2.256115e-10,1.344864e-10,9.909241e-09,3.442853e-08
2108948480,11449716,16871587840,428386178,1.508749e-01,6.248841e-02,2.278553e-10,1.343137e-10,1.000779e-08,3.438430e-08
2109210624,11449987,16873684992,428440294,1.508755e-01,6.248872e-02,2.093528e-10,1.273265e-10,9.195129e-09,3.259558e-08
2109472768,11450515,16875782144,428493720,1.508757e-01,6.248897e-02,2.042102e-10,1.217560e-10,8.969259e-09,3.116953e-08
2109734912,11450722,16877879296,428546651,1.508760e-01,6.248902e-02,1.953646e-10,1.205259e-10,8.580745e-09,3.085464e-08
2109997056,11450785,16879976448,428599996,1.508761e-01,6.248899e-02,1.924596e-10,1.211812e-10,8.453153e-09,3.102238e-08
2110259200,11450986,16882073600,428653278,1.508760e-01,6.248897e-02,1.970344e-10,1.216738e-10,8.654085e-09,3.114849e-08
2110521344,11451198,16884170752,428706849,1.508760e-01,6.248898e-02,1.966163e-10,1.214274e-10,8.635721e-09,3.108541e-08
2110783488,11451331,16886267904,428760194,1.508757e-01,6.248893e-02,2.054898e-10,1.224970e-10,9.025464e-09,3.135924e-08
2111045632,11451359,16888365056,428813346,1.508755e-01,6.248883e-02,2.093528e-10,1.248168e-10,9.195129e-09,3.195311e-08
2111307776,11451854,16890462208,428866564,1.508754e-01,6.248875e-02,2.115144e-10,1.264872e-10,9.290070e-09,3.238071e-08
2111569920,11452059,16892559360,428919439,1.508755e-01,6.248894e-02,2.093528e-10,1.222498e-10,9.195129e-09,3.129594e-08
2111832064,11452071,16894656512,428972379,1.508756e-01,6.248893e-02,2.063452e-10,1.225795e-10,9.063029e-09,3.138035e-08
2112094208,11452246,16896753664,429025599,1.508756e-01,6.248866e-02,2.059173e-10,1.286752e-10,9.044236e-09,3.294085e-08
2112356352,11452332,16898850816,429078508,1.508757e-01,6.248874e-02,2.046363e-10,1.268226e-10,8.987974e-09,3.246658e-08
2112618496,11452557,16900947968,429131342,1.508757e-01,6.248901e-02,2.054898e-10,1.206896e-10,9.025464e-09,3.089653e-08
2112880640,11452669,16903045120,429184238,1.508756e-01,6.248894e-02,2.059173e-10,1.224146e-10,9.044236e-09,3.133813e-08
2113142784,11452707,16905142272,429237100,1.508752e-01,6.248884e-02,2.185061e-10,1.244841e-10,9.597160e-09,3.186793e-08
2113404928,11452799,16907239424,429290592,1.508748e-01,6.248870e-02,2.310152e-10,1.277472e-10,1.014658e-08,3.270328e-08
2113667072,11453024,16909336576,429344109,1.508747e-01,6.248874e-02,2.341969e-10,1.268226e-10,1.028633e-08,3.246658e-08
2113929216,11453294,16911433728,429397409,1.508745e-01,6.248859e-02,2.415510e-10,1.301160e-10,1.060933e-08,3.330969e-08
2114191360,11453374,16913530880,429450415,1.508746e-01,6.248885e-02,2.383196e-10,1.244010e-10,1.046740e-08,3.184665e-08
2114453504,11454062,16915628032,429503569,1.508746e-01,6.248908e-02,2.355671e-10,1.192208e-10,1.034651e-08,3.052051e-08
2114715648,11454396,16917725184,429556314,1.508741e-01,6.248892e-02,2.518485e-10,1.228271e-10,1.106162e-08,3.144374e-08
2114977792,11454865,16919822336,429609026,1.508737e-01,6.248894e-02,2.652654e-10,1.223322e-10,1.165091e-08,3.131703e-08
2115239936,11454955,16921919488,429662193,1.508733e-01,6.248877e-02,2.790304e-10,1.260685e-10,1.225549e-08,3.227355e-08
2115502080,11455016,16924016640,429715858,1.508734e-01,6.248899e-02,2.760514e-10,1.211812e-10,1.212465e-08,3.102238e-08
2115764224,11455337,16926113792,429768864,1.508732e-01,6.248897e-02,2.810252e-10,1.215916e-10,1.234310e-08,3.112746e-08
2116026368,11455672,16928210944,429822381,1.508734e-01,6.248894e-02,2.755565e-10,1.223322e-10,1.210291e-08,3.131703e-08
2116288512,11455855,16930308096,429875239,1.508732e-01,6.248885e-02,2.830272e-10,1.244010e-10,1.243103e-08,3.184665e-08
2116550656,11455906,16932405248,429929332,1.508735e-01,6.248905e-02,2.721043e-10,1.199540e-10,1.195129e-08,3.070824e-08
2116812800,11456085,16934502400,429982858,1.508739e-01,6.248931e-02,2.585134e-10,1.142303e-10,1.135435e-08,2.924296e-08
2117074944,11456092,16936599552,430036664,1.508742e-01,6.248954e-02,2.499603e-10,1.093465e-10,1.097868e-08,2.799272e-08
2117337088,11456095,16938696704,430089458,1.508742e-01,6.248951e-02,2.499603e-10,1.101270e-10,1.097868e-08,2.819252e-08
2117599232,11456199,16940793856,430142250,1.508739e-01,6.248939e-02,2.575560e-10,1.126432e-10,1.131230e-08,2.883667e-08
2117861376,11456313,16942891008,430196155,1.508743e-01,6.248964e-02,2.457377e-10,1.072531e-10,1.079322e-08,2.745679e-08
2118123520,11456663,16944988160,430249533,1.508742e-01,6.248977e-02,2.499603e-10,1.045695e-10,1.097868e-08,2.676979e-08
2118385664,11456772,16947085312,430302865,1.508739e-01,6.248965e-02,2.589928e-10,1.071759e-10,1.137540e-08,2.743704e-08
2118647808,11456822,16949182464,430356544,1.508739e-01,6.248957e-02,2.589928e-10,1.087242e-10,1.137540e-08,2.783338e-08
2118909952,11456966,16951279616,430410115,1.508740e-01,6.248956e-02,2.561231e-10,1.090351e-10,1.124936e-08,2.791299e-08
2119172096,11457095,16953376768,430463062,1.508739e-01,6.248956e-02,2.594727e-10,1.089573e-10,1.139648e-08,2.789308e-08
2119434240,11457478,16955473920,430516807,1.508739e-01,6.248968e-02,2.585134e-10,1.064060e-10,1.135435e-08,2.723994e-08
2119696384,11457509,16957571072,430569783,1.508740e-01,6.248976e-02,2.566003e-10,1.047982e-10,1.127032e-08,2.682833e-08
2119958528,11458510,16959668224,430623670,1.508739e-01,6.248982e-02,2.604337e-10,1.036572e-10,1.143869e-08,2.653625e-08
2120220672,11459774,16961765376,430677144,1.508740e-01,6.248998e-02,2.566003e-10,1.004211e-10,1.127032e-08,2.570779e-08
2120482816,11460337,16963862528,430730492,1.508738e-01,6.248976e-02,2.618785e-10,1.047982e-10,1.150215e-08,2.682833e-08
2120744960,11460617,16965959680,430783094,1.508739e-01,6.248968e-02,2.589928e-10,1.064829e-10,1.137540e-08,2.725962e-08
2121007104,11460887,16968056832,430836165,1.508738e-01,6.248961e-02,2.609148e-10,1.080261e-10,1.145982e-08,2.765468e-08
2121269248,11462208,16970153984,430889244,1.508738e-01,6.248944e-02,2.628440e-10,1.116176e-10,1.154455e-08,2.857411e-08
2121531392,11462600,16972251136,430942235,1.508735e-01,6.248914e-02,2.721043e-10,1.179227e-10,1.195129e-08,3.018821e-08
2121793536,11462989,16974348288,430995298,1.508737e-01,6.248913e-02,2.667235e-10,1.182465e-10,1.171495e-08,3.027111e-08
2122055680,11465317,16976445440,431048381,1.508736e-01,6.248922e-02,2.676979e-10,1.163101e-10,1.175774e-08,2.977538e-08
2122317824,11466052,16978542592,431101345,1.508733e-01,6.248927e-02,2.775389e-10,1.150280e-10,1.218998e-08,2.944717e-08
2122579968,11474765,16980639744,431154551,1.508733e-01,6.248927e-02,2.780356e-10,1.151879e-10,1.221180e-08,2.948810e-08
2122842112,11475803,16982736896,431207718,1.508735e-01,6.248930e-02,2.735812e-10,1.145491e-10,1.201615e-08,2.932456e-08
2123104256,11484617,16984834048,431261369,1.508737e-01,6.248928e-02,2.667235e-10,1.149481e-10,1.171495e-08,2.942672e-08
2123366400,11488620,16986931200,431314051,1.508731e-01,6.248924e-02,2.855396e-10,1.158285e-10,1.254138e-08,2.965209e-08
2123628544,11491107,16989028352,431367919,1.508731e-01,6.248926e-02,2.850362e-10,1.153479e-10,1.251928e-08,2.952905e-08
2123890688,11491581,16991125504,431420763,1.508729e-01,6.248943e-02,2.905978e-10,1.116963e-10,1.276355e-08,2.859426e-08
2124152832,11492433,16993222656,431474138,1.508730e-01,6.248951e-02,2.875575e-10,1.099707e-10,1.263002e-08,2.815250e-08
2124414976,11493725,16995319808,431527011,1.508730e-01,6.248967e-02,2.875575e-10,1.066367e-10,1.263002e-08,2.729900e-08
2124677120,11495260,16997416960,431579557,1.508728e-01,6.248945e-02,2.962131e-10,1.113816e-10,1.301018e-08,2.851369e-08
2124939264,11495911,16999514112,431632522,1.508728e-01,6.248951e-02,2.941649e-10,1.099707e-10,1.292022e-08,2.815250e-08
2125201408,11496081,17001611264,431685681,1.508725e-01,6.248941e-02,3.055176e-10,1.122482e-10,1.341885e-08,2.873554e-08
2125463552,11505565,17003708416,431738947,1.508726e-01,6.248945e-02,3.039569e-10,1.112244e-10,1.335030e-08,2.847344e-08
2125725696,11520758,17005805568,431792688,1.508723e-01,6.248936e-02,3.139091e-10,1.131182e-10,1.378742e-08,2.895826e-08
2125987840,11522132,17007902720,431845979,1.508725e-01,6.248948e-02,3.076048e-10,1.106750e-10,1.351053e-08,2.833281e-08
2126249984,11535368,17009999872,431899320,1.508725e-01,6.248956e-02,3.065603e-10,1.090351e-10,1.346465e-08,2.791299e-08
2126512128,11539330,17012097024,431953010,1.508725e-01,6.248948e-02,3.070824e-10,1.107534e-10,1.348758e-08,2.835288e-08
2126774272,11548246,17014194176,432006087,1.508726e-01,6.248967e-02,3.024001e-10,1.066367e-10,1.328193e-08,2.729900e-08
2127036416,11551481,17016291328,432059733,1.508723e-01,6.248943e-02,3.128540e-10,1.116963e-10,1.374108e-08,2.859426e-08
2127298560,11555647,17018388480,432112899,1.508721e-01,6.248928e-02,3.192115e-10,1.149481e-10,1.402031e-08,2.942672e-08
2127560704,11555792,17020485632,432166547,1.508723e-01,6.248921e-02,3.112746e-10,1.163905e-10,1.367171e-08,2.979596e-08
2127822848,11560164,17022582784,432220128,1.508725e-01,6.248916e-02,3.055176e-10,1.174377e-10,1.341885e-08,3.006406e-08
2128084992,11560929,17024679936,432273530,1.508724e-01,6.248907e-02,3.086511e-10,1.193835e-10,1.355648e-08,3.056218e-08
2128347136,11563548,17026777088,432326276,1.508723e-01,6.248925e-02,3.139091e-10,1.155880e-10,1.378742e-08,2.959054e-08
2128609280,11569250,17028874240,432378709,1.508719e-01,6.248901e-02,3.283276e-10,1.206896e-10,1.442070e-08,3.089653e-08
2128871424,11574062,17030971392,432431987,1.508716e-01,6.248885e-02,3.392167e-10,1.243179e-10,1.489897e-08,3.182538e-08
2129133568,11579041,17033068544,432485530,1.508718e-01,6.248876e-02,3.304912e-10,1.263196e-10,1.451573e-08,3.233783e-08
2129395712,11582083,17035165696,432538580,1.508716e-01,6.248860e-02,3.381198e-10,1.300310e-10,1.485079e-08,3.328794e-08
2129657856,11589299,17037262848,432591833,1.508714e-01,6.248839e-02,3.463898e-10,1.347458e-10,1.521403e-08,3.449492e-08
2129920000,11625176,17039360000,432645242,1.508715e-01,6.248869e-02,3.414158e-10,1.280000e-10,1.499556e-08,3.276799e-08
2130182144,11626598,17041457152,432698297,1.508715e-01,6.248869e-02,3.419667e-10,1.278314e-10,1.501976e-08,3.272485e-08
2130444288,11627297,17043554304,432751532,1.508716e-01,6.248879e-02,3.375720e-10,1.256506e-10,1.482673e-08,3.216656e-08
2130706432,11627373,17045651456,432804705,1.508714e-01,6.248877e-02,3.447278e-10,1.260685e-10,1.514103e-08,3.227355e-08
2130968576,11628376,17047748608,432857660,1.508714e-01,6.248862e-02,3.469447e-10,1.295217e-10,1.523840e-08,3.315757e-08
2131230720,11628669,17049845760,432911360,1.508714e-01,6.248846e-02,3.447278e-10,1.331075e-10,1.514103e-08,3.407553e-08
2131492864,11628672,17051942912,432964356,1.508712e-01,6.248849e-02,3.547598e-10,1.325065e-10,1.558165e-08,3.392167e-08
2131755008,11628913,17054040064,433017522,1.508712e-01,6.248852e-02,3.536380e-10,1.317357e-10,1.553238e-08,3.372435e-08
2132017152,11629298,17056137216,433070447,1.508709e-01,6.248837e-02,3.632297e-10,1.352652e-10,1.595367e-08,3.462789e-08
2132279296,11629893,17058234368,433123852,1.508709e-01,6.248836e-02,3.655052e-10,1.354385e-10,1.605361e-08,3.467227e-08
2132541440,11631025,17060331520,433176511,1.508705e-01,6.248821e-02,3.793075e-10,1.391048e-10,1.665983e-08,3.561082e-08
2132803584,11631429,17062428672,433229406,1.508706e-01,6.248840e-02,3.775682e-10,1.345729e-10,1.658344e-08,3.445065e-08
2133065728,11631648,17064525824,433282854,1.508704e-01,6.248846e-02,3.839651e-10,1.331075e-10,1.686440e-08,3.407553e-08
2133327872,11632214,17066622976,433335434,1.508704e-01,6.248846e-02,3.857190e-10,1.332795e-10,1.694144e-08,3.411956e-08
2133590016,11632416,17068720128,433389129,1.508703e-01,6.248855e-02,3.874769e-10,1.311378e-10,1.701865e-08,3.357128e-08
2133852160,11632610,17070817280,433442617,1.508704e-01,6.248854e-02,3.822151e-10,1.313085e-10,1.678754e-08,3.361498e-08
2134114304,11632789,17072914432,433495908,1.508706e-01,6.248855e-02,3.746783e-10,1.310525e-10,1.645651e-08,3.354944e-08
2134376448,11632901,17075011584,433548640,1.508707e-01,6.248844e-02,3.741016e-10,1.335377e-10,1.643118e-08,3.418565e-08
2134638592,11632989,17077108736,433602150,1.508711e-01,6.248861e-02,3.581357e-10,1.297762e-10,1.572993e-08,3.322272e-08
2134900736,11633096,17079205888,433655693,1.508715e-01,6.248869e-02,3.408653e-10,1.279157e-10,1.497138e-08,3.274641e-08
2135162880,11633575,17081303040,433708726,1.508712e-01,6.248866e-02,3.536380e-10,1.285062e-10,1.553238e-08,3.289759e-08
2135425024,11633726,17083400192,433761583,1.508711e-01,6.248860e-02,3.575720e-10,1.298611e-10,1.570517e-08,3.324445e-08
2135687168,11633869,17085497344,433815012,1.508709e-01,6.248845e-02,3.643665e-10,1.333655e-10,1.600360e-08,3.414158e-08
2135949312,11633891,17087594496,433867860,1.508707e-01,6.248836e-02,3.735254e-10,1.355253e-10,1.640587e-08,3.469447e-08
2136211456,11634206,17089691648,433920881,1.508705e-01,6.248833e-02,3.787273e-10,1.362200e-10,1.663435e-08,3.487233e-08
2136473600,11634268,17091788800,433974549,1.508707e-01,6.248842e-02,3.712251e-10,1.341410e-10,1.630484e-08,3.434011e-08
2136735744,11634351,17093885952,434027374,1.508705e-01,6.248814e-02,3.798881e-10,1.406027e-10,1.668533e-08,3.599428e-08
2136997888,11634409,17095983104,434080496,1.508704e-01,6.248811e-02,3.845493e-10,1.414875e-10,1.689006e-08,3.622080e-08
2137260032,11634603,17098080256,434133602,1.508700e-01,6.248799e-02,4.010872e-10,1.442482e-10,1.761643e-08,3.692753e-08
2137522176,11634846,17100177408,434186889,1.508699e-01,6.248798e-02,4.022818e-10,1.444272e-10,1.766890e-08,3.697336e-08
2137784320,11635182,17102274560,434239837,1.508697e-01,6.248789e-02,4.125076e-10,1.465841e-10,1.811804e-08,3.752554e-08
2138046464,11635784,17104371712,434292836,1.508697e-01,6.248773e-02,4.131131e-10,1.504886e-10,1.814463e-08,3.852509e-08
2138308608,11636018,17106468864,434346448,1.508695e-01,6.248778e-02,4.185827e-10,1.493938e-10,1.838487e-08,3.824482e-08
2138570752,11636457,17108566016,434400229,1.508697e-01,6.248771e-02,4.119025e-10,1.510375e-10,1.809146e-08,3.866561e-08
2138832896,11636479,17110663168,434452676,1.508697e-01,6.248783e-02,4.106937e-10,1.481216e-10,1.803836e-08,3.791914e-08
2139095040,11636868,17112760320,434506223,1.508697e-01,6.248792e-02,4.131131e-10,1.458634e-10,1.814463e-08,3.734102e-08
2139357184,11637235,17114857472,434559208,1.508694e-01,6.248782e-02,4.240883e-10,1.483938e-10,1.862668e-08,3.798881e-08
2139619328,11637477,17116954624,434612358,1.508695e-01,6.248777e-02,4.185827e-10,1.494849e-10,1.838487e-08,3.826814e-08
2139881472,11637622,17119051776,434666479,1.508697e-01,6.248784e-02,4.112979e-10,1.478497e-10,1.806490e-08,3.784953e-08
2140143616,11637665,17121148928,434719570,1.508697e-01,6.248783e-02,4.112979e-10,1.481216e-10,1.806490e-08,3.791914e-08
2140405760,11637668,17123246080,434773075,1.508698e-01,6.248782e-02,4.076794e-10,1.483938e-10,1.790597e-08,3.798881e-08
2140667904,11637708,17125343232,434826023,1.508697e-01,6.248796e-02,4.106937e-10,1.449649e-10,1.803836e-08,3.711102e-08
2140930048,11637741,17127440384,434879229,1.508696e-01,6.248794e-02,4.149323e-10,1.453240e-10,1.822453e-08,3.720294e-08
2141192192,11637861,17129537536,434932622,1.508697e-01,6.248779e-02,4.131131e-10,1.490298e-10,1.814463e-08,3.815163e-08
2141454336,11638200,17131634688,434985548,1.508698e-01,6.248765e-02,4.076794e-10,1.525061e-10,1.790597e-08,3.904157e-08
2141716480,11638335,17133731840,435039062,1.508697e-01,6.248762e-02,4.100900e-10,1.532431e-10,1.801185e-08,3.923023e-08
2141978624,11638379,17135828992,435092041,1.508695e-01,6.248759e-02,4.204139e-10,1.540743e-10,1.846530e-08,3.944302e-08
2142240768,11638390,17137926144,435146148,1.508697e-01,6.248767e-02,4.106937e-10,1.521383e-10,1.803836e-08,3.894741e-08
2142502912,11638542,17140023296,435199467,1.508699e-01,6.248761e-02,4.022818e-10,1.536122e-10,1.766890e-08,3.932474e-08
2142765056,11638840,17142120448,435253112,1.508703e-01,6.248773e-02,3.886511e-10,1.505800e-10,1.707022e-08,3.854849e-08
2143027200,11638878,17144217600,435306616,1.508704e-01,6.248762e-02,3.833813e-10,1.532431e-10,1.683876e-08,3.923023e-08
2143289344,11639851,17146314752,435360204,1.508708e-01,6.248768e-02,3.695044e-10,1.518627e-10,1.622926e-08,3.887686e-08
2143551488,11641036,17148411904,435412913,1.508706e-01,6.248751e-02,3.746783e-10,1.560225e-10,1.645651e-08,3.994177e-08
2143813632,11641550,17150509056,435466164,1.508704e-01,6.248748e-02,3.851339e-10,1.567679e-10,1.691574e-08,4.013259e-08
2144075776,11641718,17152606208,435519471,1.508698e-01,6.248734e-02,4.070779e-10,1.602385e-10,1.787955e-08,4.102107e-08
2144337920,11641918,17154703360,435572398,1.508697e-01,6.248716e-02,4.106937e-10,1.647976e-10,1.803836e-08,4.218818e-08
2144600064,11643117,17156800512,435625328,1.508698e-01,6.248726e-02,4.094867e-10,1.622252e-10,1.798535e-08,4.152966e-08
2144862208,11643498,17158897664,435678427,1.508695e-01,6.248700e-02,4.191927e-10,1.690328e-10,1.841165e-08,4.327241e-08
2145124352,11643734,17160994816,435731966,1.508694e-01,6.248730e-02,4.222491e-10,1.613723e-10,1.854590e-08,4.131131e-08
2145386496,11646119,17163091968,435785071,1.508693e-01,6.248710e-02,4.265468e-10,1.663314e-10,1.873466e-08,4.258085e-08
2145648640,11665058,17165189120,435838235,1.508693e-01,6.248713e-02,4.302478e-10,1.656595e-10,1.889721e-08,4.240883e-08
2145910784,11679276,17167286272,435892092,1.508695e-01,6.248733e-02,4.179732e-10,1.606160e-10,1.835809e-08,4.111770e-08
2146172928,11715032,17169383424,435945584,1.508695e-01,6.248722e-02,4.191927e-10,1.632708e-10,1.841165e-08,4.179732e-08
2146435072,11717765,17171480576,435998760,1.508697e-01,6.248709e-02,4.137191e-10,1.666198e-10,1.817124e-08,4.265468e-08
2146697216,11721516,17173577728,436051742,1.508695e-01,6.248697e-02,4.179732e-10,1.697116e-10,1.835809e-08,4.344617e-08
2146959360,11735404,17175674880,436105172,1.508695e-01,6.248709e-02,4.179732e-10,1.667160e-10,1.835809e-08,4.267930e-08
2147221504,11749406,17177772032,436158987,1.508697e-01,6.248711e-02,4.119025e-10,1.662354e-10,1.809146e-08,4.255626e-08
2147483648,11901535,17179869184,436212484,1.508699e-01,6.248718e-02,4.046763e-10,1.644152e-10,1.777407e-08,4.209029e-08
