trueR,trueI
-6.440000e-02,-2.667000e-02
n_samples,time,n_paths,n_NZero_paths,estimateR,estimateI,varianceR,varianceI,RvarianceR,RvarianceI
262144,453653,3145728,9815,-1.036091e-01,3.272249e-02,1.537350e-03,3.527468e-03,3.706816e-01,4.959261e+00
524288,453665,6291456,19307,-3.371019e-02,-1.550100e-01,9.418649e-04,1.647116e-02,2.270998e-01,2.315679e+01
786432,453669,9437184,28855,-8.129349e-02,-1.299263e-01,2.853900e-04,1.066186e-02,6.881246e-02,1.498950e+01
1048576,453695,12582912,38275,-8.538083e-02,-1.085814e-01,4.401951e-04,6.709470e-03,1.061386e-01,9.432834e+00
1310720,453710,15728640,47803,-8.182835e-02,-8.035816e-02,3.037472e-04,2.882418e-03,7.323869e-02,4.052387e+00
1572864,453718,18874368,57559,-6.621215e-02,-7.112940e-02,3.283870e-06,1.976638e-03,7.917976e-04,2.778952e+00
1835008,453719,22020096,67366,-8.220696e-02,-7.252352e-02,3.170879e-04,2.102545e-03,7.645535e-02,2.955965e+00
2097152,453749,25165824,76874,-6.925417e-02,-6.910222e-02,2.356292e-05,1.800493e-03,5.681425e-03,2.531311e+00
2359296,453763,28311552,86416,-7.340246e-02,-6.526270e-02,8.104432e-05,1.489396e-03,1.954118e-02,2.093940e+00
2621440,453798,31457280,95874,-6.903709e-02,-5.239269e-02,2.150256e-05,6.616567e-04,5.184637e-03,9.302222e-01
2883584,453825,34603008,105670,-7.281575e-02,-5.467071e-02,7.082474e-05,7.840396e-04,1.707707e-02,1.102280e+00
3145728,453858,37748736,115166,-7.723965e-02,-4.647494e-02,1.648565e-04,3.922357e-04,3.974974e-02,5.514436e-01
3407872,453882,40894464,124780,-8.058512e-02,-4.614529e-02,2.619581e-04,3.792869e-04,6.316261e-02,5.332389e-01
3670016,453915,44040192,134516,-8.717029e-02,-5.033445e-02,5.184859e-04,5.600060e-04,1.250159e-01,7.873117e-01
3932160,453929,47185920,144239,-8.878962e-02,-5.018074e-02,5.948534e-04,5.527548e-04,1.434294e-01,7.771171e-01
4194304,453940,50331648,153941,-8.749016e-02,-5.680776e-02,5.331556e-04,9.082844e-04,1.285530e-01,1.276956e+00
4456448,453941,53477376,163409,-8.102593e-02,-5.061254e-02,2.764214e-04,5.732452e-04,6.664997e-02,8.059246e-01
4718592,453943,56623104,173128,-7.001477e-02,-4.799795e-02,3.152559e-05,4.548814e-04,7.601361e-03,6.395171e-01
4980736,453966,59768832,182767,-6.887697e-02,-4.001703e-02,2.004328e-05,1.781431e-04,4.832779e-03,2.504512e-01
5242880,453994,62914560,192348,-6.735990e-02,-3.249351e-02,8.761006e-06,3.391322e-05,2.112429e-03,4.767855e-02
5505024,454004,66060288,202076,-7.012936e-02,-3.399776e-02,3.282551e-05,5.369612e-05,7.914795e-03,7.549129e-02
5767168,454054,69206016,211637,-7.880494e-02,-4.558742e-02,2.075022e-04,3.578687e-04,5.003236e-02,5.031270e-01
6029312,454055,72351744,220988,-8.156940e-02,-4.281083e-02,2.947881e-04,2.605265e-04,7.107847e-02,3.662737e-01
6291456,454080,75497472,230488,-8.519587e-02,-4.516843e-02,4.324681e-04,3.421920e-04,1.042755e-01,4.810873e-01
6553600,454094,78643200,239993,-9.041155e-02,-4.497689e-02,6.766007e-04,3.351422e-04,1.631401e-01,4.711760e-01
6815744,454144,81788928,249662,-8.601869e-02,-4.508414e-02,4.673676e-04,3.390808e-04,1.126904e-01,4.767132e-01
7077888,454144,84934656,259261,-8.065879e-02,-4.374381e-02,2.643481e-04,2.915151e-04,6.373887e-02,4.098406e-01
7340032,454166,88080384,268743,-7.939196e-02,-4.651378e-02,2.247589e-04,3.937755e-04,5.419324e-02,5.536084e-01
7602176,454178,91226112,278302,-7.945786e-02,-4.950198e-02,2.267390e-04,5.212993e-04,5.467067e-02,7.328939e-01
7864320,454180,94371840,287827,-7.878952e-02,-4.896187e-02,2.070581e-04,4.969274e-04,4.992528e-02,6.986294e-01
8126464,454185,97517568,297490,-8.506833e-02,-5.215691e-02,4.271798e-04,6.495828e-04,1.030004e-01,9.132475e-01
8388608,454196,100663296,306980,-8.848799e-02,-5.396361e-02,5.802311e-04,7.449413e-04,1.399037e-01,1.047312e+00
8650752,454210,103809024,316557,-8.857447e-02,-5.004962e-02,5.844049e-04,5.466067e-04,1.409101e-01,7.684736e-01
8912896,454212,106954752,326055,-8.809850e-02,-4.466484e-02,5.616189e-04,3.238143e-04,1.354160e-01,4.552501e-01
9175040,454258,110100480,335602,-8.647222e-02,-4.682602e-02,4.871828e-04,4.062653e-04,1.174682e-01,5.711678e-01
9437184,454263,113246208,345199,-8.996464e-02,-4.837076e-02,6.535508e-04,4.709230e-04,1.575824e-01,6.620700e-01
9699328,454264,116391936,354780,-9.008196e-02,-5.015410e-02,6.595629e-04,5.515030e-04,1.590320e-01,7.753573e-01
9961472,454280,119537664,364599,-9.138043e-02,-4.866387e-02,7.279436e-04,4.837303e-04,1.755197e-01,6.800757e-01
10223616,454346,122683392,374311,-9.110826e-02,-4.890892e-02,7.133308e-04,4.945697e-04,1.719963e-01,6.953148e-01
10485760,454347,125829120,383724,-9.245631e-02,-4.746627e-02,7.871565e-04,4.324850e-04,1.897970e-01,6.080301e-01
10747904,454352,128974848,393565,-9.122715e-02,-4.886042e-02,7.196959e-04,4.924146e-04,1.735311e-01,6.922849e-01
11010048,454393,132120576,402776,-8.994759e-02,-4.861633e-02,6.526792e-04,4.816416e-04,1.573722e-01,6.771393e-01
11272192,454396,135266304,412337,-8.540852e-02,-4.557215e-02,4.413577e-04,3.572915e-04,1.064189e-01,5.023155e-01
11534336,454409,138412032,421996,-8.510037e-02,-5.054494e-02,4.285051e-04,5.700126e-04,1.033200e-01,8.013799e-01
11796480,454474,141557760,431817,-8.179045e-02,-5.331500e-02,3.024276e-04,7.099560e-04,7.292049e-02,9.981261e-01
12058624,454549,144703488,441313,-8.378899e-02,-5.376230e-02,3.759329e-04,7.339928e-04,9.064388e-02,1.031919e+00
12320768,454578,147849216,451071,-8.363241e-02,-5.360064e-02,3.698855e-04,7.252591e-04,8.918577e-02,1.019641e+00
12582912,454586,150994944,460702,-8.217832e-02,-5.276144e-02,3.160685e-04,6.807630e-04,7.620956e-02,9.570838e-01
12845056,455046,154140672,470431,-7.948422e-02,-4.898681e-02,2.275335e-04,4.980399e-04,5.486225e-02,7.001936e-01
13107200,455571,157286400,480188,-8.066189e-02,-4.897888e-02,2.644491e-04,4.976862e-04,6.376323e-02,6.996962e-01
13369344,461641,160432128,489861,-8.359697e-02,-4.854884e-02,3.685237e-04,4.786835e-04,8.885743e-02,6.729805e-01
13631488,461650,163577856,499409,-8.581416e-02,-5.232041e-02,4.585659e-04,6.579437e-04,1.105682e-01,9.250021e-01
13893632,461703,166723584,508855,-8.596897e-02,-4.992967e-02,4.652204e-04,5.410122e-04,1.121727e-01,7.606082e-01
14155776,461789,169869312,518424,-8.713948e-02,-4.517933e-02,5.170839e-04,3.425952e-04,1.246778e-01,4.816540e-01
14417920,461796,173015040,528059,-8.798476e-02,-4.584507e-02,5.562406e-04,3.676833e-04,1.341192e-01,5.169254e-01
14680064,461805,176160768,537439,-8.989989e-02,-4.562657e-02,6.502443e-04,3.593515e-04,1.567851e-01,5.052118e-01
14942208,461829,179306496,547006,-9.246066e-02,-4.729593e-02,7.874006e-04,4.254289e-04,1.898559e-01,5.981098e-01
15204352,461864,182452224,556613,-9.264276e-02,-4.465542e-02,7.976535e-04,3.234753e-04,1.923280e-01,4.547735e-01
15466496,461865,185597952,566359,-9.135503e-02,-4.606953e-02,7.265733e-04,3.763417e-04,1.751893e-01,5.290983e-01
15728640,461872,188743680,575936,-8.868113e-02,-4.227720e-02,5.895732e-04,2.435847e-04,1.421563e-01,3.424553e-01
15990784,461871,191889408,585394,-9.150315e-02,-4.097269e-02,7.345807e-04,2.045670e-04,1.771200e-01,2.876004e-01
16252928,461885,195035136,594836,-8.902550e-02,-4.140747e-02,6.064150e-04,2.171929e-04,1.462171e-01,3.053512e-01
16515072,461902,198180864,604419,-8.713941e-02,-4.073659e-02,5.170808e-04,1.978690e-04,1.246771e-01,2.781837e-01
16777216,461915,201326592,613902,-8.563594e-02,-4.020887e-02,4.509650e-04,1.833011e-04,1.087354e-01,2.577027e-01
17039360,461954,204472320,623661,-8.597278e-02,-4.047665e-02,4.653847e-04,1.906235e-04,1.122123e-01,2.679973e-01
17301504,461982,207618048,633027,-8.710966e-02,-4.078718e-02,5.157287e-04,1.992949e-04,1.243511e-01,2.801884e-01
17563648,462007,210763776,642662,-8.259121e-02,-4.039303e-02,3.309199e-04,1.883215e-04,7.979049e-02,2.647609e-01
17825792,462014,213909504,652126,-8.165675e-02,-4.014056e-02,2.977952e-04,1.814560e-04,7.180355e-02,2.551086e-01
18087936,462021,217055232,661812,-8.090961e-02,-3.812046e-02,2.725672e-04,1.311130e-04,6.572063e-02,1.843316e-01
18350080,462037,220200960,671459,-8.080715e-02,-3.823079e-02,2.691945e-04,1.336519e-04,6.490742e-02,1.879010e-01
18612224,462042,223346688,681195,-8.105518e-02,-3.748834e-02,2.773949e-04,1.170365e-04,6.688469e-02,1.645415e-01
18874368,462057,226492416,690708,-7.951541e-02,-3.703048e-02,2.284756e-04,1.073395e-04,5.508941e-02,1.509085e-01
19136512,462124,229638144,700193,-7.902936e-02,-3.709290e-02,2.140181e-04,1.086368e-04,5.160344e-02,1.527323e-01
19398656,462130,232783872,709757,-8.033027e-02,-3.564349e-02,2.537734e-04,8.052350e-05,6.118913e-02,1.132079e-01
19660800,462142,235929600,719444,-8.040804e-02,-3.511637e-02,2.562574e-04,7.134112e-05,6.178807e-02,1.002984e-01
19922944,462146,239075328,729166,-7.858847e-02,-3.174711e-02,2.013126e-04,2.577701e-05,4.853994e-02,3.623987e-02
20185088,462149,242221056,738967,-7.827093e-02,-3.116377e-02,1.924028e-04,2.019395e-05,4.639162e-02,2.839064e-02
20447232,462159,245366784,748566,-7.922083e-02,-3.352483e-02,2.196570e-04,4.698865e-05,5.296308e-02,6.606127e-02
20709376,462173,248512512,758065,-8.030821e-02,-3.586893e-02,2.530712e-04,8.462035e-05,6.101983e-02,1.189676e-01
20971520,462181,251658240,767660,-8.051874e-02,-3.499392e-02,2.598139e-04,6.928766e-05,6.264559e-02,9.741141e-02
21233664,462183,254803968,777202,-8.141143e-02,-3.552557e-02,2.893886e-04,7.842109e-05,6.977659e-02,1.102521e-01
21495808,462189,257949696,786866,-7.993128e-02,-3.713730e-02,2.412206e-04,1.095645e-04,5.816245e-02,1.540365e-01
21757952,462211,261095424,796232,-7.986961e-02,-3.939549e-02,2.393086e-04,1.619381e-04,5.770143e-02,2.276685e-01
22020096,462230,264241152,805878,-7.863266e-02,-4.027964e-02,2.025686e-04,1.852223e-04,4.884277e-02,2.604037e-01
22282240,462234,267386880,815516,-7.918036e-02,-4.091702e-02,2.184590e-04,2.029775e-04,5.267422e-02,2.853658e-01
22544384,462251,270532608,825177,-7.886565e-02,-4.105835e-02,2.092551e-04,2.070246e-04,5.045501e-02,2.910556e-01
22806528,462257,273678336,834840,-7.845446e-02,-4.250320e-02,1.975279e-04,2.506904e-04,4.762738e-02,3.524452e-01
23068672,462256,276824064,844459,-7.901450e-02,-4.268012e-02,2.135834e-04,2.563239e-04,5.149864e-02,3.603654e-01
23330816,462258,279969792,854034,-7.970212e-02,-4.257303e-02,2.341547e-04,2.529065e-04,5.645873e-02,3.555609e-01
23592960,462260,283115520,863636,-8.068340e-02,-4.369041e-02,2.651491e-04,2.896945e-04,6.393202e-02,4.072810e-01
23855104,462275,286261248,873301,-7.998203e-02,-4.434816e-02,2.427995e-04,3.125174e-04,5.854314e-02,4.393678e-01
24117248,462275,289406976,882873,-8.172479e-02,-4.710132e-02,3.001484e-04,4.174388e-04,7.237094e-02,5.868766e-01
24379392,462333,292552704,892731,-7.992617e-02,-4.571226e-02,2.410619e-04,3.626076e-04,5.812417e-02,5.097895e-01
24641536,462368,295698432,902335,-7.888427e-02,-4.685597e-02,2.097941e-04,4.074733e-04,5.058497e-02,5.728661e-01
24903680,462396,298844160,911870,-7.802308e-02,-4.570547e-02,1.855883e-04,3.623493e-04,4.474855e-02,5.094264e-01
25165824,462433,301989888,921265,-7.688320e-02,-4.527082e-02,1.558303e-04,3.459905e-04,3.757338e-02,4.864275e-01
25427968,462436,305135616,930686,-7.734402e-02,-4.337951e-02,1.675477e-04,2.792078e-04,4.039863e-02,3.925378e-01
25690112,462445,308281344,940690,-7.738763e-02,-4.241086e-02,1.686785e-04,2.477747e-04,4.067129e-02,3.483462e-01
25952256,462571,311427072,950263,-7.839484e-02,-4.162405e-02,1.958554e-04,2.236235e-04,4.722412e-02,3.143920e-01
26214400,462601,314572800,959854,-7.745862e-02,-4.117862e-02,1.705275e-04,2.105000e-04,4.111712e-02,2.959416e-01
26476544,462682,317718528,969406,-7.735211e-02,-4.160220e-02,1.677570e-04,2.229706e-04,4.044910e-02,3.134740e-01
26738688,462772,320864256,978890,-7.769080e-02,-4.062979e-02,1.766454e-04,1.948756e-04,4.259224e-02,2.739753e-01
27000832,462894,324009984,988340,-7.831256e-02,-3.953483e-02,1.935593e-04,1.655039e-04,4.667047e-02,2.326816e-01
27262976,462944,327155712,997963,-7.809893e-02,-4.045396e-02,1.876606e-04,1.899975e-04,4.524821e-02,2.671173e-01
27525120,462970,330301440,1007393,-7.723219e-02,-3.982786e-02,1.646650e-04,1.731294e-04,3.970357e-02,2.434024e-01
27787264,462985,333447168,1016891,-7.735413e-02,-3.917065e-02,1.678093e-04,1.562663e-04,4.046171e-02,2.196946e-01
28049408,463051,336592896,1026549,-7.733065e-02,-3.905337e-02,1.672016e-04,1.533479e-04,4.031519e-02,2.155917e-01
28311552,463344,339738624,1036219,-7.845521e-02,-3.872783e-02,1.975489e-04,1.453914e-04,4.763243e-02,2.044055e-01
28573696,463453,342884352,1046068,-7.861690e-02,-3.747673e-02,2.021202e-04,1.167853e-04,4.873467e-02,1.641883e-01
28835840,463716,346030080,1055662,-7.883658e-02,-3.791629e-02,2.084148e-04,1.264791e-04,5.025241e-02,1.778168e-01
29097984,474796,349175808,1065107,-7.784235e-02,-3.772615e-02,1.806968e-04,1.222384e-04,4.356912e-02,1.718547e-01
29360128,481522,352321536,1074544,-7.697445e-02,-3.669435e-02,1.581168e-04,1.004876e-04,3.812468e-02,1.412753e-01
29622272,484753,355467264,1083954,-7.645415e-02,-3.818470e-02,1.453024e-04,1.325883e-04,3.503492e-02,1.864057e-01
29884416,488605,358612992,1093630,-7.655843e-02,-3.901783e-02,1.478274e-04,1.524688e-04,3.564375e-02,2.143557e-01
30146560,493111,361758720,1103022,-7.586455e-02,-3.916211e-02,1.314358e-04,1.560529e-04,3.169143e-02,2.193946e-01
30408704,506779,364904448,1112637,-7.553484e-02,-3.865664e-02,1.239845e-04,1.436796e-04,2.989480e-02,2.019989e-01
30670848,511088,368050176,1122306,-7.463322e-02,-3.807594e-02,1.047187e-04,1.300955e-04,2.524948e-02,1.829011e-01
30932992,516685,371195904,1131973,-7.402534e-02,-3.638383e-02,9.264713e-05,9.435850e-05,2.233882e-02,1.326585e-01
31195136,518815,374341632,1141586,-7.532989e-02,-3.542902e-02,1.194625e-04,7.672050e-05,2.880447e-02,1.078612e-01
31457280,518972,377487360,1151178,-7.547762e-02,-3.546058e-02,1.227137e-04,7.727424e-05,2.958838e-02,1.086397e-01
31719424,521686,380633088,1160965,-7.531250e-02,-3.549773e-02,1.190827e-04,7.792874e-05,2.871288e-02,1.095599e-01
31981568,546713,383778816,1170445,-7.543346e-02,-3.505204e-02,1.217372e-04,7.025852e-05,2.935295e-02,9.877634e-02
32243712,572818,386924544,1179960,-7.497059e-02,-3.522612e-02,1.117373e-04,7.320716e-05,2.694178e-02,1.029218e-01
32505856,573114,390070272,1189636,-7.443666e-02,-3.578062e-02,1.007344e-04,8.300347e-05,2.428881e-02,1.166945e-01
32768000,584256,393216000,1199088,-7.388562e-02,-3.542420e-02,8.997694e-05,7.663594e-05,2.169499e-02,1.077424e-01
33030144,584611,396361728,1208694,-7.409233e-02,-3.502345e-02,9.394118e-05,6.978021e-05,2.265084e-02,9.810389e-02
33292288,626614,399507456,1218014,-7.258990e-02,-3.574280e-02,6.707437e-05,8.231572e-05,1.617278e-02,1.157276e-01
33554432,653507,402653184,1227710,-7.335951e-02,-3.528508e-02,8.027281e-05,7.421964e-05,1.935516e-02,1.043453e-01
33816576,892642,405798912,1237176,-7.266302e-02,-3.523581e-02,6.827740e-05,7.337319e-05,1.646286e-02,1.031553e-01
34078720,892786,408944640,1246756,-7.170599e-02,-3.497968e-02,5.337745e-05,6.905083e-05,1.287022e-02,9.707846e-02
34340864,892793,412090368,1256250,-7.168356e-02,-3.421448e-02,5.305026e-05,5.691921e-05,1.279133e-02,8.002263e-02
34603008,892845,415236096,1265703,-7.226241e-02,-3.336943e-02,6.181751e-05,4.488236e-05,1.490527e-02,6.310004e-02
34865152,892857,418381824,1275255,-7.212054e-02,-3.242415e-02,5.960670e-05,3.311023e-05,1.437220e-02,4.654961e-02
35127296,892875,421527552,1285034,-7.225040e-02,-3.371377e-02,6.162868e-05,4.961464e-05,1.485974e-02,6.975315e-02
35389440,892880,424673280,1294847,-7.321215e-02,-3.281150e-02,7.765389e-05,3.771803e-05,1.872369e-02,5.302772e-02
35651584,892930,427819008,1304573,-7.370900e-02,-3.161849e-02,8.665751e-05,2.448753e-05,2.089461e-02,3.442698e-02
35913728,892948,430964736,1314307,-7.394791e-02,-3.171267e-02,9.116261e-05,2.542856e-05,2.198088e-02,3.574998e-02
36175872,892991,434110464,1323858,-7.464106e-02,-3.143421e-02,1.048792e-04,2.269768e-05,2.528818e-02,3.191064e-02
36438016,893035,437256192,1333304,-7.471999e-02,-3.113562e-02,1.065021e-04,1.994177e-05,2.567949e-02,2.803611e-02
36700160,893045,440401920,1343003,-7.607854e-02,-3.069622e-02,1.363883e-04,1.621049e-05,3.288556e-02,2.279030e-02
36962304,893048,443547648,1352350,-7.746471e-02,-3.028576e-02,1.706867e-04,1.307372e-05,4.115550e-02,1.838032e-02
37224448,893050,446693376,1362205,-7.783458e-02,-3.011206e-02,1.804880e-04,1.184780e-05,4.351876e-02,1.665681e-02
37486592,893068,449839104,1371773,-7.773732e-02,-2.982605e-02,1.778840e-04,9.960623e-06,4.289088e-02,1.400363e-02
37748736,893114,452984832,1381502,-7.858638e-02,-3.021227e-02,2.012532e-04,1.254771e-05,4.852562e-02,1.764080e-02
38010880,893147,456130560,1390956,-7.776476e-02,-3.015668e-02,1.786169e-04,1.215692e-05,4.306760e-02,1.709140e-02
38273024,893159,459276288,1400477,-7.830402e-02,-3.029810e-02,1.933216e-04,1.316312e-05,4.661316e-02,1.850601e-02
38535168,893172,462422016,1410064,-7.786505e-02,-3.119942e-02,1.813075e-04,2.051563e-05,4.371636e-02,2.884289e-02
38797312,893185,465567744,1419661,-7.861120e-02,-3.082749e-02,2.019580e-04,1.728473e-05,4.869555e-02,2.430058e-02
39059456,893255,468713472,1429291,-7.867092e-02,-3.022086e-02,2.036591e-04,1.260859e-05,4.910571e-02,1.772639e-02
39321600,893309,471859200,1438800,-7.753270e-02,-3.015102e-02,1.724678e-04,1.211747e-05,4.158495e-02,1.703593e-02
39583744,893320,475004928,1448301,-7.707310e-02,-2.995924e-02,1.606073e-04,1.081910e-05,3.872519e-02,1.521055e-02
39845888,893323,478150656,1457938,-7.680664e-02,-2.907702e-02,1.539247e-04,5.793754e-06,3.711390e-02,8.145431e-03
40108032,893417,481296384,1467855,-7.608903e-02,-2.896562e-02,1.366334e-04,5.269866e-06,3.294467e-02,7.408897e-03
40370176,893423,484442112,1477536,-7.622233e-02,-2.889961e-02,1.397674e-04,4.971179e-06,3.370034e-02,6.988974e-03
40632320,893447,487587840,1487169,-7.596888e-02,-2.825098e-02,1.338390e-04,2.499514e-06,3.227089e-02,3.514064e-03
40894464,893460,490733568,1496547,-7.653049e-02,-2.833075e-02,1.471488e-04,2.758101e-06,3.548012e-02,3.877610e-03
41156608,893478,493879296,1506236,-7.623444e-02,-2.784373e-02,1.400539e-04,1.377653e-06,3.376940e-02,1.936840e-03
41418752,893482,497025024,1515969,-7.588591e-02,-2.690729e-02,1.319262e-04,5.630822e-08,3.180967e-02,7.916365e-05
41680896,893484,500170752,1525386,-7.620309e-02,-2.713205e-02,1.393129e-04,2.134864e-07,3.359075e-02,3.001402e-04
41943040,893510,503316480,1535105,-7.666140e-02,-2.647633e-02,1.503419e-04,3.750606e-08,3.625002e-02,5.272971e-05
42205184,893516,506462208,1544744,-7.658901e-02,-2.589395e-02,1.485719e-04,6.022545e-07,3.582325e-02,8.467088e-04
42467328,893528,509607936,1554384,-7.617018e-02,-2.687139e-02,1.385370e-04,4.055986e-08,3.340366e-02,5.702304e-05
42729472,893561,512753664,1563941,-7.551786e-02,-2.645364e-02,1.236068e-04,4.681295e-08,2.980373e-02,6.581425e-05
42991616,893615,515899392,1573396,-7.638409e-02,-2.648470e-02,1.436184e-04,3.433597e-08,3.462886e-02,4.827288e-05
43253760,893677,519045120,1583063,-7.538009e-02,-2.579450e-02,1.205623e-04,7.664922e-07,2.906964e-02,1.077610e-03
43515904,893678,522190848,1592714,-7.532614e-02,-2.640202e-02,1.193806e-04,7.181362e-08,2.878471e-02,1.009627e-04
43778048,893694,525336576,1602171,-7.550333e-02,-2.631621e-02,1.232838e-04,1.251706e-07,2.972585e-02,1.759771e-04
44040192,893703,528482304,1611706,-7.581386e-02,-2.668923e-02,1.302761e-04,3.699342e-10,3.141182e-02,5.200899e-07
44302336,893719,531628032,1621291,-7.560425e-02,-2.653510e-02,1.255352e-04,1.819756e-08,3.026870e-02,2.558393e-05
44564480,893762,534773760,1630662,-7.540398e-02,-2.639659e-02,1.210875e-04,7.475214e-08,2.919629e-02,1.050939e-04
44826624,893804,537919488,1640283,-7.560393e-02,-2.613273e-02,1.255280e-04,2.886578e-07,3.026697e-02,4.058235e-04
45088768,893829,541065216,1649753,-7.564583e-02,-2.617597e-02,1.264687e-04,2.440632e-07,3.049379e-02,3.431281e-04
45350912,893855,544210944,1659195,-7.533036e-02,-2.640706e-02,1.194728e-04,6.913858e-08,2.880694e-02,9.720183e-05
45613056,893998,547356672,1668850,-7.542745e-02,-2.583604e-02,1.216046e-04,6.954804e-07,2.932096e-02,9.777747e-04
45875200,894028,550502400,1678460,-7.506203e-02,-2.479441e-02,1.136788e-04,3.517833e-06,2.740992e-02,4.945716e-03
46137344,894263,553648128,1688164,-7.504509e-02,-2.463025e-02,1.133180e-04,4.160561e-06,2.732292e-02,5.849327e-03
46399488,894468,556793856,1697553,-7.529819e-02,-2.455963e-02,1.187705e-04,4.453644e-06,2.863761e-02,6.261371e-03
46661632,896166,559939584,1707012,-7.537790e-02,-2.457834e-02,1.205143e-04,4.375031e-06,2.905808e-02,6.150850e-03
46923776,906753,563085312,1716787,-7.482757e-02,-2.424562e-02,1.087343e-04,5.877626e-06,2.621770e-02,8.263347e-03
47185920,906991,566231040,1726378,-7.378346e-02,-2.430298e-02,8.804937e-05,5.602782e-06,2.123022e-02,7.876943e-03
47448064,907039,569376768,1736033,-7.428083e-02,-2.440804e-02,9.763072e-05,5.116450e-06,2.354045e-02,7.193210e-03
47710208,907075,572522496,1745679,-7.425123e-02,-2.434093e-02,9.704677e-05,5.424567e-06,2.339965e-02,7.626392e-03
47972352,907086,575668224,1755082,-7.495618e-02,-2.479293e-02,1.114329e-04,3.523397e-06,2.686838e-02,4.953539e-03
48234496,907093,578813952,1764599,-7.484043e-02,-2.461348e-02,1.090025e-04,4.229261e-06,2.628237e-02,5.945912e-03
48496640,907105,581959680,1774199,-7.426125e-02,-2.372357e-02,9.724417e-05,8.681443e-06,2.344724e-02,1.220523e-02
48758784,907129,585105408,1783809,-7.439584e-02,-2.319325e-02,9.991683e-05,1.208779e-05,2.409167e-02,1.699421e-02
49020928,907341,588251136,1793416,-7.511344e-02,-2.327804e-02,1.147777e-04,1.150542e-05,2.767488e-02,1.617546e-02
49283072,907350,591396864,1802972,-7.476444e-02,-2.327393e-02,1.074215e-04,1.153329e-05,2.590118e-02,1.621463e-02
49545216,907442,594542592,1812426,-7.475687e-02,-2.426968e-02,1.072647e-04,5.761545e-06,2.586336e-02,8.100148e-03
49807360,907451,597688320,1822156,-7.458738e-02,-2.438515e-02,1.037827e-04,5.220544e-06,2.502380e-02,7.339555e-03
50069504,907456,600834048,1831931,-7.418366e-02,-2.400300e-02,9.571992e-05,7.112882e-06,2.307972e-02,9.999990e-03
50331648,907482,603979776,1841439,-7.360996e-02,-2.310097e-02,8.482338e-05,1.273797e-05,2.045238e-02,1.790829e-02
50593792,907526,607125504,1851038,-7.345023e-02,-2.345161e-02,8.190662e-05,1.035805e-05,1.974910e-02,1.456236e-02
50855936,907543,610271232,1860621,-7.338981e-02,-2.405237e-02,8.081670e-05,6.851973e-06,1.948630e-02,9.633180e-03
51118080,907604,613416960,1870156,-7.310933e-02,-2.376299e-02,7.585237e-05,8.450706e-06,1.828931e-02,1.188084e-02
51380224,907606,616562688,1879869,-7.271227e-02,-2.354003e-02,6.909383e-05,9.796690e-06,1.665971e-02,1.377315e-02
51642368,907611,619708416,1889425,-7.311526e-02,-2.319995e-02,7.595571e-05,1.204124e-05,1.831423e-02,1.692875e-02
51904512,907628,622854144,1899022,-7.412527e-02,-2.295224e-02,9.458078e-05,1.382176e-05,2.280506e-02,1.943200e-02
52166656,907639,625999872,1908478,-7.320009e-02,-2.296151e-02,7.744157e-05,1.375289e-05,1.867250e-02,1.933517e-02
52428800,907667,629145600,1918263,-7.281427e-02,-2.274414e-02,7.079991e-05,1.541238e-05,1.707108e-02,2.166824e-02
52690944,907677,632291328,1927903,-7.334722e-02,-2.208806e-02,8.005268e-05,2.099417e-05,1.930208e-02,2.951567e-02
52953088,907685,635437056,1937346,-7.360939e-02,-2.253115e-02,8.481281e-05,1.713005e-05,2.044983e-02,2.408311e-02
53215232,907696,638582784,1946863,-7.330625e-02,-2.262991e-02,7.932120e-05,1.632228e-05,1.912571e-02,2.294748e-02
53477376,907702,641728512,1956247,-7.333346e-02,-2.306647e-02,7.980661e-05,1.298544e-05,1.924275e-02,1.825621e-02
53739520,907716,644874240,1965815,-7.368447e-02,-2.272137e-02,8.620132e-05,1.559164e-05,2.078462e-02,2.192027e-02
54001664,907741,648019968,1975326,-7.367680e-02,-2.234016e-02,8.605902e-05,1.874751e-05,2.075031e-02,2.635710e-02
54263808,907784,651165696,1985119,-7.386371e-02,-2.296979e-02,8.956186e-05,1.369155e-05,2.159490e-02,1.924893e-02
54525952,907792,654311424,1994549,-7.410543e-02,-2.243653e-02,9.419541e-05,1.792230e-05,2.271213e-02,2.519694e-02
54788096,907795,657457152,2004072,-7.408760e-02,-2.242886e-02,9.384965e-05,1.798730e-05,2.262877e-02,2.528832e-02
55050240,907834,660602880,2013609,-7.354943e-02,-2.201809e-02,8.371197e-05,2.164026e-05,2.018440e-02,3.042402e-02
55312384,907851,663748608,2023001,-7.276875e-02,-2.208221e-02,7.003590e-05,2.104782e-05,1.688686e-02,2.959110e-02
55574528,907903,666894336,2032621,-7.262981e-02,-2.193963e-02,6.772972e-05,2.237643e-05,1.633080e-02,3.145900e-02
55836672,907926,670040064,2042128,-7.198053e-02,-2.230923e-02,5.746438e-05,1.901629e-05,1.385565e-02,2.673497e-02
56098816,907936,673185792,2051754,-7.221437e-02,-2.173502e-02,6.106438e-05,2.435401e-05,1.472367e-02,3.423926e-02
56360960,907960,676331520,2061282,-7.261972e-02,-2.133777e-02,6.756378e-05,2.843267e-05,1.629079e-02,3.997345e-02
56623104,907984,679477248,2071008,-7.251228e-02,-2.116509e-02,6.580899e-05,3.030407e-05,1.586768e-02,4.260445e-02
56885248,908003,682622976,2080593,-7.286222e-02,-2.175132e-02,7.160905e-05,2.419341e-05,1.726618e-02,3.401348e-02
57147392,908037,685768704,2089994,-7.260720e-02,-2.230307e-02,6.735804e-05,1.907010e-05,1.624118e-02,2.681063e-02
57409536,908079,688914432,2099553,-7.226767e-02,-2.256009e-02,6.190014e-05,1.689139e-05,1.492519e-02,2.374758e-02
57671680,908106,692060160,2109236,-7.304494e-02,-2.221803e-02,7.473496e-05,1.982003e-05,1.801989e-02,2.786496e-02
57933824,908121,695205888,2118922,-7.274146e-02,-2.269645e-02,6.957998e-05,1.578908e-05,1.677693e-02,2.219784e-02
58195968,908127,698351616,2128757,-7.285625e-02,-2.252691e-02,7.150821e-05,1.716516e-05,1.724186e-02,2.413247e-02
58458112,908127,701497344,2138208,-7.325792e-02,-2.326887e-02,7.846263e-05,1.156766e-05,1.891869e-02,1.626296e-02
58720256,908274,704643072,2147869,-7.321473e-02,-2.442442e-02,7.769946e-05,5.042617e-06,1.873468e-02,7.089407e-03
58982400,908290,707788800,2157368,-7.321261e-02,-2.393294e-02,7.766203e-05,7.491519e-06,1.872565e-02,1.053231e-02
59244544,908325,710934528,2167141,-7.248449e-02,-2.388377e-02,6.535900e-05,7.763100e-06,1.575918e-02,1.091413e-02
59506688,908344,714080256,2176785,-7.220314e-02,-2.427130e-02,6.088903e-05,5.753750e-06,1.468139e-02,8.089189e-03
59768832,908379,717225984,2186479,-7.206216e-02,-2.494648e-02,5.870873e-05,2.970536e-06,1.415568e-02,4.176272e-03
60030976,908552,720371712,2196164,-7.180721e-02,-2.469267e-02,5.486677e-05,3.909849e-06,1.322932e-02,5.496851e-03
60293120,908557,723517440,2205659,-7.216431e-02,-2.516335e-02,6.028450e-05,2.270002e-06,1.453563e-02,3.191393e-03
60555264,908599,726663168,2215233,-7.218354e-02,-2.493712e-02,6.058349e-05,3.002887e-06,1.460772e-02,4.221755e-03
60817408,908605,729808896,2224707,-7.187928e-02,-2.466691e-02,5.593952e-05,4.012379e-06,1.348798e-02,5.640998e-03
61079552,909895,732954624,2234136,-7.195590e-02,-2.417043e-02,5.709166e-05,6.247828e-06,1.376578e-02,8.783812e-03
61341696,910140,736100352,2243486,-7.209838e-02,-2.446700e-02,5.926505e-05,4.853228e-06,1.428982e-02,6.823147e-03
61603840,910332,739246080,2252849,-7.232732e-02,-2.452149e-02,6.284242e-05,4.616091e-06,1.515239e-02,6.489756e-03
61865984,910727,742391808,2262297,-7.232527e-02,-2.453762e-02,6.280994e-05,4.547022e-06,1.514456e-02,6.392653e-03
62128128,920131,745537536,2271753,-7.216558e-02,-2.488587e-02,6.030417e-05,3.183130e-06,1.454037e-02,4.475157e-03
62390272,923836,748683264,2281482,-7.185277e-02,-2.414718e-02,5.554369e-05,6.364643e-06,1.339254e-02,8.948042e-03
62652416,927189,751828992,2291111,-7.224026e-02,-2.326573e-02,6.146957e-05,1.158909e-05,1.482137e-02,1.629308e-02
62914560,927994,754974720,2300659,-7.241134e-02,-2.322559e-02,6.418147e-05,1.186395e-05,1.547526e-02,1.667952e-02
63176704,932425,758120448,2310332,-7.235922e-02,-2.294385e-02,6.334913e-05,1.388423e-05,1.527457e-02,1.951982e-02
63438848,950618,761266176,2320222,-7.211900e-02,-2.386419e-02,5.958289e-05,7.872572e-06,1.436646e-02,1.106804e-02
63700992,953073,764411904,2330048,-7.218828e-02,-2.395645e-02,6.065728e-05,7.363373e-06,1.462551e-02,1.035216e-02
63963136,955961,767557632,2339676,-7.168297e-02,-2.389797e-02,5.304169e-05,7.684127e-06,1.278926e-02,1.080310e-02
64225280,958155,770703360,2349184,-7.222152e-02,-2.465896e-02,6.117610e-05,4.044268e-06,1.475061e-02,5.685830e-03
64487424,958208,773849088,2358746,-7.220963e-02,-2.453898e-02,6.099034e-05,4.541241e-06,1.470582e-02,6.384524e-03
64749568,961127,776994816,2368387,-7.239172e-02,-2.497384e-02,6.386753e-05,2.876965e-06,1.539956e-02,4.044722e-03
65011712,971918,780140544,2377949,-7.251961e-02,-2.529329e-02,6.592799e-05,1.895338e-06,1.589637e-02,2.664653e-03
65273856,972195,783286272,2387758,-7.249782e-02,-2.538322e-02,6.557469e-05,1.655794e-06,1.581119e-02,2.327879e-03
65536000,986126,786432000,2397573,-7.242931e-02,-2.493475e-02,6.446973e-05,3.011104e-06,1.554476e-02,4.233306e-03
65798144,1012142,789577728,2407196,-7.310685e-02,-2.500673e-02,7.580916e-05,2.766472e-06,1.827889e-02,3.889378e-03
66060288,1012473,792723456,2416805,-7.260265e-02,-2.470257e-02,6.728346e-05,3.870796e-06,1.622320e-02,5.441946e-03
66322432,1024135,795869184,2426249,-7.225626e-02,-2.442334e-02,6.172078e-05,5.047478e-06,1.488194e-02,7.096242e-03
66584576,1030704,799014912,2435997,-7.230309e-02,-2.430065e-02,6.245886e-05,5.613819e-06,1.505991e-02,7.892460e-03
66846720,1066405,802160640,2445424,-7.231694e-02,-2.462027e-02,6.267786e-05,4.201382e-06,1.511271e-02,5.906717e-03
67108864,1093420,805306368,2454865,-7.266767e-02,-2.489585e-02,6.835438e-05,3.147618e-06,1.648142e-02,4.425231e-03
67371008,1332303,808452096,2464467,-7.290491e-02,-2.486011e-02,7.233353e-05,3.275707e-06,1.744086e-02,4.605311e-03
67633152,1332440,811597824,2474012,-7.295757e-02,-2.462140e-02,7.323192e-05,4.196756e-06,1.765748e-02,5.900213e-03
67895296,1332447,814743552,2483449,-7.271026e-02,-2.457502e-02,6.906039e-05,4.388943e-06,1.665165e-02,6.170408e-03
68157440,1332513,817889280,2493169,-7.278548e-02,-2.437317e-02,7.031627e-05,5.275409e-06,1.695446e-02,7.416689e-03
68419584,1332571,821035008,2502803,-7.249562e-02,-2.441115e-02,6.553897e-05,5.102396e-06,1.580258e-02,7.173451e-03
68681728,1332662,824180736,2512362,-7.325663e-02,-2.442477e-02,7.843992e-05,5.041069e-06,1.891322e-02,7.087232e-03
68943872,1332665,827326464,2522041,-7.328304e-02,-2.476597e-02,7.890834e-05,3.625314e-06,1.902616e-02,5.096823e-03
69206016,1332694,830472192,2531643,-7.319435e-02,-2.463109e-02,7.734050e-05,4.157150e-06,1.864813e-02,5.844532e-03
69468160,1332727,833617920,2541246,-7.315745e-02,-2.411110e-02,7.669292e-05,6.547950e-06,1.849199e-02,9.205753e-03
69730304,1332732,836763648,2550902,-7.335135e-02,-2.356944e-02,8.012655e-05,9.613455e-06,1.931989e-02,1.351554e-02
69992448,1332743,839909376,2560526,-7.311670e-02,-2.321687e-02,7.598077e-05,1.192411e-05,1.832027e-02,1.676408e-02
70254592,1332802,843055104,2570257,-7.311612e-02,-2.337579e-02,7.597077e-05,1.085179e-05,1.831786e-02,1.525651e-02
70516736,1332813,846200832,2579725,-7.297616e-02,-2.280839e-02,7.355043e-05,1.491206e-05,1.773427e-02,2.096484e-02
70778880,1332873,849346560,2589538,-7.287510e-02,-2.244231e-02,7.182723e-05,1.787334e-05,1.731879e-02,2.512809e-02
71041024,1332905,852492288,2599248,-7.284655e-02,-2.265205e-02,7.134411e-05,1.614391e-05,1.720229e-02,2.269671e-02
71303168,1332926,855638016,2608892,-7.247657e-02,-2.283921e-02,6.523100e-05,1.467493e-05,1.572832e-02,2.063146e-02
71565312,1332938,858783744,2618579,-7.226896e-02,-2.202363e-02,6.192054e-05,2.158872e-05,1.493011e-02,3.035155e-02
71827456,1332952,861929472,2628295,-7.208724e-02,-2.219934e-02,5.909356e-05,1.998680e-05,1.424847e-02,2.809941e-02
72089600,1332980,865075200,2637692,-7.207236e-02,-2.229683e-02,5.886514e-05,1.912460e-05,1.419340e-02,2.688725e-02
72351744,1332983,868220928,2646962,-7.212687e-02,-2.188960e-02,5.970453e-05,2.285225e-05,1.439579e-02,3.212794e-02
72613888,1333069,871366656,2656607,-7.221533e-02,-2.174951e-02,6.107928e-05,2.421119e-05,1.472727e-02,3.403847e-02
72876032,1333104,874512384,2666389,-7.285725e-02,-2.202618e-02,7.152509e-05,2.156503e-05,1.724593e-02,3.031825e-02
73138176,1333192,877658112,2676339,-7.322770e-02,-2.183586e-02,7.792831e-05,2.336892e-05,1.878986e-02,3.285434e-02
73400320,1333268,880803840,2685976,-7.325161e-02,-2.163666e-02,7.835100e-05,2.533452e-05,1.889178e-02,3.561776e-02
73662464,1333276,883949568,2695491,-7.304868e-02,-2.196382e-02,7.479965e-05,2.214809e-05,1.803548e-02,3.113797e-02
73924608,1333291,887095296,2705179,-7.303047e-02,-2.168368e-02,7.448500e-05,2.486337e-05,1.795962e-02,3.495537e-02
74186752,1333338,890241024,2714684,-7.304597e-02,-2.126882e-02,7.475274e-05,2.917270e-05,1.802417e-02,4.101385e-02
74448896,1333349,893386752,2724182,-7.289084e-02,-2.131553e-02,7.209434e-05,2.867039e-05,1.738319e-02,4.030765e-02
74711040,1333367,896532480,2733524,-7.292543e-02,-2.152941e-02,7.268285e-05,2.642562e-05,1.752509e-02,3.715174e-02
74973184,1333418,899678208,2743066,-7.290532e-02,-2.139491e-02,7.234038e-05,2.782657e-05,1.744251e-02,3.912133e-02
75235328,1333420,902823936,2752570,-7.264061e-02,-2.137868e-02,6.790754e-05,2.799809e-05,1.637368e-02,3.936248e-02
75497472,1333426,905969664,2761968,-7.232815e-02,-2.169887e-02,6.285553e-05,2.471211e-05,1.515555e-02,3.474272e-02
75759616,1333520,909115392,2771585,-7.245132e-02,-2.164861e-02,6.482365e-05,2.521433e-05,1.563010e-02,3.544880e-02
76021760,1333551,912261120,2781279,-7.243408e-02,-2.108749e-02,6.454632e-05,3.116437e-05,1.556323e-02,4.381394e-02
76283904,1333583,915406848,2790986,-7.208791e-02,-2.146397e-02,5.910398e-05,2.710279e-05,1.425099e-02,3.810377e-02
76546048,1333621,918552576,2800428,-7.174760e-02,-2.114850e-02,5.398721e-05,3.048693e-05,1.301724e-02,4.286152e-02
76808192,1333637,921698304,2810184,-7.120418e-02,-2.087781e-02,4.629681e-05,3.354950e-05,1.116296e-02,4.716720e-02
77070336,1333659,924844032,2819768,-7.088429e-02,-2.088077e-02,4.204595e-05,3.351516e-05,1.013800e-02,4.711891e-02
77332480,1333676,927989760,2829560,-7.137498e-02,-2.078769e-02,4.865025e-05,3.460157e-05,1.173041e-02,4.864629e-02
77594624,1333684,931135488,2839239,-7.115555e-02,-2.056215e-02,4.563740e-05,3.730583e-05,1.100396e-02,5.244822e-02
77856768,1333771,934281216,2848979,-7.101542e-02,-2.073550e-02,4.376372e-05,3.521830e-05,1.055219e-02,4.951336e-02
78118912,1333779,937426944,2858600,-7.111194e-02,-2.032996e-02,4.505011e-05,4.019608e-05,1.086236e-02,5.651161e-02
78381056,1333834,940572672,2868098,-7.095110e-02,-2.031385e-02,4.291693e-05,4.040064e-05,1.034801e-02,5.679920e-02
78643200,1333867,943718400,2877481,-7.087670e-02,-2.039801e-02,4.194765e-05,3.933788e-05,1.011430e-02,5.530507e-02
78905344,1333910,946864128,2887126,-7.053578e-02,-2.017568e-02,3.764775e-05,4.217621e-05,9.077521e-03,5.929546e-02
79167488,1334048,950009856,2896621,-7.036705e-02,-1.992525e-02,3.560570e-05,4.549165e-05,8.585147e-03,6.395665e-02
79429632,1334055,953155584,2906381,-7.037327e-02,-1.993391e-02,3.567989e-05,4.537489e-05,8.603036e-03,6.379250e-02
79691776,1335082,956301312,2915690,-7.022150e-02,-2.024976e-02,3.388982e-05,4.121950e-05,8.171419e-03,5.795044e-02
79953920,1337385,959447040,2925192,-7.013407e-02,-2.039097e-02,3.287957e-05,3.942623e-05,7.927831e-03,5.542928e-02
80216064,1337714,962592768,2934930,-7.031015e-02,-1.986006e-02,3.492979e-05,4.637529e-05,8.422174e-03,6.519895e-02
80478208,1352788,965738496,2944558,-7.025170e-02,-2.009044e-02,3.424240e-05,4.329055e-05,8.256434e-03,6.086213e-02
80740352,1352789,968884224,2953991,-7.059240e-02,-2.011412e-02,3.834574e-05,4.297961e-05,9.245818e-03,6.042497e-02
81002496,1352819,972029952,2963680,-7.070050e-02,-2.019295e-02,3.969632e-05,4.195221e-05,9.571467e-03,5.898055e-02
81264640,1352960,975175680,2973288,-7.052520e-02,-2.033568e-02,3.751804e-05,4.012365e-05,9.046245e-03,5.640979e-02
81526784,1353055,978321408,2982897,-7.044583e-02,-2.015400e-02,3.655201e-05,4.245818e-05,8.813320e-03,5.969190e-02
81788928,1353065,981467136,2992350,-7.064188e-02,-1.971656e-02,3.896098e-05,4.835026e-05,9.394162e-03,6.797557e-02
82051072,1353206,984612864,3001852,-7.093117e-02,-1.959900e-02,4.265611e-05,4.999903e-05,1.028512e-02,7.029358e-02
82313216,1353347,987758592,3011470,-7.112443e-02,-1.906434e-02,4.521799e-05,5.784605e-05,1.090284e-02,8.132568e-02
82575360,1353397,990904320,3021080,-7.118270e-02,-1.918137e-02,4.600496e-05,5.607965e-05,1.109259e-02,7.884229e-02
82837504,1353462,994050048,3030773,-7.121689e-02,-1.897820e-02,4.646994e-05,5.916385e-05,1.120470e-02,8.317837e-02
83099648,1353523,997195776,3040590,-7.139203e-02,-1.870483e-02,4.888844e-05,6.344387e-05,1.178785e-02,8.919565e-02
83361792,1353565,1000341504,3050052,-7.142613e-02,-1.893886e-02,4.936648e-05,5.977046e-05,1.190311e-02,8.403122e-02
83623936,1353625,1003487232,3059683,-7.127537e-02,-1.908791e-02,4.727066e-05,5.748807e-05,1.139777e-02,8.082241e-02
83886080,1353647,1006632960,3069390,-7.103734e-02,-1.891365e-02,4.405421e-05,6.016103e-05,1.062223e-02,8.458031e-02
84148224,1353663,1009778688,3079130,-7.100147e-02,-1.912889e-02,4.357938e-05,5.686830e-05,1.050774e-02,7.995106e-02
84410368,1353669,1012924416,3088840,-7.122909e-02,-1.937195e-02,4.663637e-05,5.326160e-05,1.124483e-02,7.488041e-02
84672512,1353671,1016070144,3098248,-7.110489e-02,-1.926626e-02,4.495554e-05,5.481529e-05,1.083956e-02,7.706473e-02
84934656,1353679,1019215872,3107747,-7.100614e-02,-1.925337e-02,4.364108e-05,5.500635e-05,1.052261e-02,7.733335e-02
85196800,1353767,1022361600,3117399,-7.074677e-02,-1.887879e-02,4.028148e-05,6.070293e-05,9.712559e-03,8.534215e-02
85458944,1353781,1025507328,3127076,-7.115559e-02,-1.910417e-02,4.563790e-05,5.724176e-05,1.100408e-02,8.047610e-02
85721088,1353799,1028653056,3136675,-7.069204e-02,-1.873694e-02,3.958974e-05,6.293350e-05,9.545768e-03,8.847810e-02
85983232,1353817,1031798784,3146406,-7.088730e-02,-1.869988e-02,4.208500e-05,6.352279e-05,1.014742e-02,8.930660e-02
86245376,1353825,1034944512,3155985,-7.096781e-02,-1.947335e-02,4.313607e-05,5.179174e-05,1.040085e-02,7.281394e-02
86507520,1353845,1038090240,3165779,-7.076459e-02,-1.951601e-02,4.050802e-05,5.117962e-05,9.767182e-03,7.195336e-02
86769664,1353852,1041235968,3175349,-7.065830e-02,-1.955193e-02,3.916624e-05,5.066698e-05,9.443656e-03,7.123264e-02
87031808,1353874,1044381696,3184751,-7.085309e-02,-1.904193e-02,4.164236e-05,5.818737e-05,1.004069e-02,8.180553e-02
87293952,1353875,1047527424,3194583,-7.091937e-02,-1.864867e-02,4.250218e-05,6.434165e-05,1.024801e-02,9.045783e-02
87556096,1353890,1050673152,3204044,-7.101484e-02,-1.854951e-02,4.375603e-05,6.594239e-05,1.055033e-02,9.270832e-02
87818240,1353915,1053818880,3213734,-7.102915e-02,-1.830167e-02,4.394558e-05,7.002898e-05,1.059604e-02,9.845365e-02
88080384,1353948,1056964608,3223276,-7.061101e-02,-1.783759e-02,3.857668e-05,7.801146e-05,9.301502e-03,1.096762e-01
88342528,1354002,1060110336,3233051,-7.011238e-02,-1.802446e-02,3.263131e-05,7.474530e-05,7.867972e-03,1.050843e-01
88604672,1354108,1063256064,3242287,-6.940646e-02,-1.767970e-02,2.506466e-05,8.082554e-05,6.043523e-03,1.136325e-01
88866816,1354112,1066401792,3252004,-6.951796e-02,-1.786391e-02,2.619344e-05,7.754720e-05,6.315690e-03,1.090235e-01
89128960,1354119,1069547520,3261731,-6.957606e-02,-1.778440e-02,2.679160e-05,7.895395e-05,6.459916e-03,1.110012e-01
89391104,1354207,1072693248,3271437,-6.952379e-02,-1.819050e-02,2.625319e-05,7.190183e-05,6.330097e-03,1.010867e-01
89653248,1354214,1075838976,3281089,-6.958735e-02,-1.794804e-02,2.690857e-05,7.607266e-05,6.488121e-03,1.069505e-01
89915392,1354282,1078984704,3290762,-6.943625e-02,-1.784980e-02,2.536381e-05,7.779583e-05,6.115652e-03,1.093730e-01
90177536,1354290,1082130432,3300234,-6.926721e-02,-1.749363e-02,2.368974e-05,8.420583e-05,5.712005e-03,1.183849e-01
90439680,1354298,1085276160,3309785,-6.956135e-02,-1.748840e-02,2.663956e-05,8.430178e-05,6.423257e-03,1.185198e-01
90701824,1354338,1088421888,3319224,-6.919822e-02,-1.759981e-02,2.302290e-05,8.226837e-05,5.551219e-03,1.156610e-01
90963968,1354396,1091567616,3328913,-6.879341e-02,-1.765314e-02,1.930202e-05,8.130384e-05,4.654049e-03,1.143050e-01
91226112,1354447,1094713344,3338308,-6.891448e-02,-1.826717e-02,2.038051e-05,7.060752e-05,4.914093e-03,9.926701e-02
91488256,1354447,1097859072,3347907,-6.898839e-02,-1.835537e-02,2.105330e-05,6.913307e-05,5.076314e-03,9.719408e-02
91750400,1354458,1101004800,3357379,-6.926262e-02,-1.869924e-02,2.364509e-05,6.353307e-05,5.701237e-03,8.932105e-02
92012544,1354463,1104150528,3367032,-6.892739e-02,-1.864803e-02,2.049726e-05,6.435205e-05,4.942243e-03,9.047246e-02
92274688,1354476,1107296256,3376449,-6.878778e-02,-1.851933e-02,1.925256e-05,6.643337e-05,4.642123e-03,9.339859e-02
92536832,1354549,1110441984,3385873,-6.867775e-02,-1.789708e-02,1.829915e-05,7.696408e-05,4.412240e-03,1.082037e-01
92798976,1354559,1113587712,3395403,-6.849491e-02,-1.810093e-02,1.676826e-05,7.342895e-05,4.043115e-03,1.032337e-01
93061120,1354621,1116733440,3404934,-6.834324e-02,-1.843370e-02,1.554910e-05,6.783664e-05,3.749156e-03,9.537144e-02
93323264,1354665,1119879168,3414792,-6.841408e-02,-1.825000e-02,1.611286e-05,7.089636e-05,3.885087e-03,9.967309e-02
93585408,1354755,1123024896,3424462,-6.848565e-02,-1.800074e-02,1.669256e-05,7.515602e-05,4.024863e-03,1.056617e-01
93847552,1354800,1126170624,3434116,-6.845503e-02,-1.803682e-02,1.644321e-05,7.453176e-05,3.964742e-03,1.047841e-01
94109696,1354823,1129316352,3443759,-6.858680e-02,-1.822020e-02,1.752925e-05,7.139910e-05,4.226603e-03,1.003799e-01
94371840,1354875,1132462080,3453373,-6.851149e-02,-1.838305e-02,1.690430e-05,6.867359e-05,4.075918e-03,9.654810e-02
94633984,1357117,1135607808,3462825,-6.832018e-02,-1.862004e-02,1.536783e-05,6.480190e-05,3.705449e-03,9.110491e-02
94896128,1357875,1138753536,3472408,-6.895600e-02,-1.875171e-02,2.075714e-05,6.269927e-05,5.004903e-03,8.814882e-02
95158272,1358546,1141899264,3481949,-6.881803e-02,-1.840438e-02,1.951893e-05,6.832041e-05,4.706349e-03,9.605158e-02
95420416,1358584,1145044992,3491659,-6.893864e-02,-1.819233e-02,2.059926e-05,7.187085e-05,4.966835e-03,1.010431e-01
95682560,1363873,1148190720,3501260,-6.938478e-02,-1.824920e-02,2.484804e-05,7.090982e-05,5.991292e-03,9.969202e-02
95944704,1366279,1151336448,3510903,-6.960936e-02,-1.841951e-02,2.713740e-05,6.807059e-05,6.543293e-03,9.570032e-02
96206848,1367914,1154482176,3520380,-6.996424e-02,-1.811236e-02,3.096071e-05,7.323323e-05,7.465161e-03,1.029585e-01
96468992,1372691,1157627904,3529988,-6.983048e-02,-1.790356e-02,2.949014e-05,7.685038e-05,7.110580e-03,1.080438e-01
96731136,1373528,1160773632,3539662,-6.999848e-02,-1.767581e-02,3.134296e-05,8.089546e-05,7.557326e-03,1.137308e-01
96993280,1390890,1163919360,3549119,-7.010337e-02,-1.771089e-02,3.252840e-05,8.026564e-05,7.843157e-03,1.128453e-01
97255424,1395615,1167065088,3558586,-7.018818e-02,-1.755197e-02,3.350299e-05,8.313843e-05,8.078149e-03,1.168842e-01
97517568,1398013,1170210816,3568256,-7.006586e-02,-1.739880e-02,3.210198e-05,8.595513e-05,7.740341e-03,1.208442e-01
97779712,1398203,1173356544,3577798,-6.987240e-02,-1.716121e-02,2.994715e-05,9.041713e-05,7.220774e-03,1.271173e-01
98041856,1400890,1176502272,3587399,-6.997199e-02,-1.667199e-02,3.104700e-05,9.996014e-05,7.485967e-03,1.405338e-01
98304000,1401439,1179648000,3596980,-6.989383e-02,-1.665029e-02,3.018214e-05,1.003945e-04,7.277433e-03,1.411445e-01
98566144,1418298,1182793728,3606572,-7.010819e-02,-1.676192e-02,3.258341e-05,9.817012e-05,7.856420e-03,1.380172e-01
98828288,1418622,1185939456,3616205,-7.034142e-02,-1.676632e-02,3.530039e-05,9.808285e-05,8.511533e-03,1.378945e-01
99090432,1425893,1189085184,3625861,-7.000466e-02,-1.624056e-02,3.141215e-05,1.087733e-04,7.574011e-03,1.529242e-01
99352576,1451977,1192230912,3635445,-7.057222e-02,-1.639216e-02,3.809627e-05,1.056340e-04,9.185667e-03,1.485107e-01
99614720,1452458,1195376640,3645151,-7.037748e-02,-1.664706e-02,3.573020e-05,1.004593e-04,8.615166e-03,1.412355e-01
99876864,1463248,1198522368,3654644,-6.996235e-02,-1.643415e-02,3.093974e-05,1.047726e-04,7.460103e-03,1.472997e-01
100139008,1476410,1201668096,3664309,-6.971955e-02,-1.644784e-02,2.829762e-05,1.044926e-04,6.823044e-03,1.469060e-01
100401152,1505726,1204813824,3673971,-6.959465e-02,-1.658125e-02,2.698438e-05,1.017829e-04,6.506399e-03,1.430964e-01
100663296,1532776,1207959552,3683578,-6.963092e-02,-1.658149e-02,2.736251e-05,1.017781e-04,6.597572e-03,1.430897e-01
100925440,1771704,1211105280,3693242,-6.931157e-02,-1.622472e-02,2.412346e-05,1.091039e-04,5.816583e-03,1.533890e-01
101187584,1771768,1214251008,3702997,-6.945053e-02,-1.597399e-02,2.550780e-05,1.144046e-04,6.150370e-03,1.608413e-01
101449728,1771882,1217396736,3712444,-6.943560e-02,-1.625976e-02,2.535728e-05,1.083730e-04,6.114078e-03,1.523615e-01
101711872,1771946,1220542464,3722014,-6.941669e-02,-1.658773e-02,2.516712e-05,1.016522e-04,6.068226e-03,1.429127e-01
101974016,1772004,1223688192,3731670,-6.929776e-02,-1.673045e-02,2.398804e-05,9.879468e-05,5.783929e-03,1.388953e-01
102236160,1772017,1226833920,3741383,-6.929480e-02,-1.701131e-02,2.395907e-05,9.329020e-05,5.776946e-03,1.311565e-01
102498304,1772035,1229979648,3750961,-6.930743e-02,-1.700221e-02,2.408286e-05,9.346612e-05,5.806792e-03,1.314039e-01
102760448,1772074,1233125376,3760612,-6.921765e-02,-1.707602e-02,2.320975e-05,9.204453e-05,5.596270e-03,1.294053e-01
103022592,1772083,1236271104,3770244,-6.921124e-02,-1.701353e-02,2.314798e-05,9.324735e-05,5.581377e-03,1.310963e-01
103284736,1772112,1239416832,3779829,-6.935180e-02,-1.726788e-02,2.452030e-05,8.839994e-05,5.912266e-03,1.242814e-01
103546880,1772131,1242562560,3789316,-6.927198e-02,-1.756439e-02,2.373618e-05,8.291220e-05,5.723203e-03,1.165661e-01
103809024,1772168,1245708288,3798986,-6.901720e-02,-1.771219e-02,2.131853e-05,8.024234e-05,5.140265e-03,1.128126e-01
104071168,1772196,1248854016,3808675,-6.919038e-02,-1.792702e-02,2.294768e-05,7.643978e-05,5.533080e-03,1.074666e-01
104333312,1772248,1251999744,3818059,-6.938763e-02,-1.768992e-02,2.487643e-05,8.064178e-05,5.998134e-03,1.133742e-01
104595456,1772286,1255145472,3827550,-6.900270e-02,-1.734953e-02,2.118478e-05,8.687112e-05,5.108016e-03,1.221320e-01
104857600,1772417,1258291200,3837148,-6.910122e-02,-1.713647e-02,2.210147e-05,9.088820e-05,5.329043e-03,1.277796e-01
105119744,1772435,1261436928,3846557,-6.936946e-02,-1.722252e-02,2.469549e-05,8.925491e-05,5.954507e-03,1.254833e-01
105381888,1772468,1264582656,3856177,-6.921179e-02,-1.702013e-02,2.315328e-05,9.312001e-05,5.582656e-03,1.309173e-01
105644032,1772512,1267728384,3866073,-6.907942e-02,-1.710651e-02,2.189696e-05,9.146042e-05,5.279735e-03,1.285841e-01
105906176,1772521,1270874112,3875642,-6.853368e-02,-1.723415e-02,1.708730e-05,8.903529e-05,4.120043e-03,1.251746e-01
106168320,1772528,1274019840,3885282,-6.835388e-02,-1.761171e-02,1.563318e-05,8.205254e-05,3.769429e-03,1.153575e-01
106430464,1772558,1277165568,3894821,-6.827853e-02,-1.764542e-02,1.504297e-05,8.144299e-05,3.627118e-03,1.145006e-01
106692608,1772594,1280311296,3904385,-6.844138e-02,-1.786087e-02,1.633270e-05,7.760085e-05,3.938096e-03,1.090989e-01
106954752,1772611,1283457024,3913868,-6.842704e-02,-1.827230e-02,1.621704e-05,7.052140e-05,3.910208e-03,9.914593e-02
107216896,1772747,1286602752,3923529,-6.847031e-02,-1.836468e-02,1.656744e-05,6.897838e-05,3.994694e-03,9.697660e-02
107479040,1772910,1289748480,3933214,-6.841634e-02,-1.820522e-02,1.613099e-05,7.165247e-05,3.889458e-03,1.007361e-01
107741184,1772930,1292894208,3942650,-6.836396e-02,-1.838810e-02,1.571300e-05,6.858986e-05,3.788674e-03,9.643038e-02
108003328,1772950,1296039936,3952268,-6.803207e-02,-1.846121e-02,1.319192e-05,6.738416e-05,3.180800e-03,9.473528e-02
108265472,1772985,1299185664,3961765,-6.795710e-02,-1.856648e-02,1.265297e-05,6.566697e-05,3.050848e-03,9.232111e-02
108527616,1773022,1302331392,3971430,-6.771572e-02,-1.844785e-02,1.099398e-05,6.760372e-05,2.650838e-03,9.504396e-02
108789760,1773041,1305477120,3980882,-6.781265e-02,-1.857990e-02,1.164617e-05,6.544968e-05,2.808093e-03,9.201560e-02
109051904,1773061,1308622848,3990501,-6.760679e-02,-1.893071e-02,1.028350e-05,5.989653e-05,2.479529e-03,8.420844e-02
109314048,1773112,1311768576,4000075,-6.745780e-02,-1.865159e-02,9.350142e-06,6.429492e-05,2.254480e-03,9.039214e-02
109576192,1773140,1314914304,4009795,-6.692354e-02,-1.894288e-02,6.368224e-06,5.970844e-05,1.535488e-03,8.394402e-02
109838336,1773156,1318060032,4019406,-6.672572e-02,-1.892097e-02,5.408979e-06,6.004750e-05,1.304198e-03,8.442070e-02
110100480,1773173,1321205760,4029119,-6.675719e-02,-1.922712e-02,5.556321e-06,5.539644e-05,1.339725e-03,7.788178e-02
110362624,1773174,1324351488,4038685,-6.672787e-02,-1.952487e-02,5.418964e-06,5.105282e-05,1.306606e-03,7.177509e-02
110624768,1773230,1327497216,4048165,-6.676072e-02,-1.884169e-02,5.572982e-06,6.128241e-05,1.343742e-03,8.615685e-02
110886912,1773274,1330642944,4057841,-6.701906e-02,-1.913369e-02,6.859464e-06,5.679598e-05,1.653935e-03,7.984938e-02
111149056,1773300,1333788672,4067481,-6.668231e-02,-1.935728e-02,5.208923e-06,5.347591e-05,1.255961e-03,7.518170e-02
111411200,1773422,1336934400,4077109,-6.687002e-02,-1.921867e-02,6.100981e-06,5.552231e-05,1.471052e-03,7.805873e-02
111673344,1773427,1340080128,4086853,-6.671990e-02,-1.876233e-02,5.381912e-06,6.253128e-05,1.297671e-03,8.791262e-02
111935488,1773451,1343225856,4096492,-6.637889e-02,-1.899635e-02,3.916002e-06,5.888495e-05,9.442156e-04,8.278626e-02
112197632,1773464,1346371584,4106079,-6.634326e-02,-1.903245e-02,3.776261e-06,5.833216e-05,9.105215e-04,8.200910e-02
112459776,1773528,1349517312,4115652,-6.653717e-02,-1.894802e-02,4.567492e-06,5.962902e-05,1.101301e-03,8.383235e-02
112721920,1773768,1352663040,4125264,-6.647763e-02,-1.874133e-02,4.316553e-06,6.286377e-05,1.040795e-03,8.838008e-02
112984064,1773777,1355808768,4134912,-6.640076e-02,-1.858201e-02,4.003027e-06,6.541557e-05,9.651987e-04,9.196764e-02
113246208,1775317,1358954496,4144679,-6.630807e-02,-1.832538e-02,3.640708e-06,6.963272e-05,8.778373e-04,9.789655e-02
113508352,1777015,1362100224,4154304,-6.654614e-02,-1.852540e-02,4.605916e-06,6.633445e-05,1.110566e-03,9.325952e-02
113770496,1778144,1365245952,4163789,-6.676406e-02,-1.830339e-02,5.588753e-06,7.000024e-05,1.347545e-03,9.841324e-02
114032640,1798548,1368391680,4173541,-6.695222e-02,-1.840157e-02,6.513821e-06,6.836685e-05,1.570594e-03,9.611687e-02
114294784,1798623,1371537408,4182963,-6.696375e-02,-1.837649e-02,6.572787e-06,6.878230e-05,1.584812e-03,9.670094e-02
114556928,1798694,1374683136,4192702,-6.716768e-02,-1.817268e-02,7.660023e-06,7.220452e-05,1.846963e-03,1.015122e-01
114819072,1798741,1377828864,4202319,-6.686987e-02,-1.807958e-02,6.100245e-06,7.379533e-05,1.470874e-03,1.037487e-01
115081216,1798859,1380974592,4211969,-6.710838e-02,-1.793161e-02,7.335298e-06,7.635944e-05,1.768667e-03,1.073536e-01
115343360,1798917,1384120320,4221493,-6.648282e-02,-1.807245e-02,4.338128e-06,7.391782e-05,1.045997e-03,1.039210e-01
115605504,1799081,1387266048,4230902,-6.625737e-02,-1.808713e-02,3.449796e-06,7.366561e-05,8.318052e-04,1.035664e-01
115867648,1799202,1390411776,4240442,-6.629933e-02,-1.793474e-02,3.607461e-06,7.630476e-05,8.698210e-04,1.072768e-01
116129792,1799286,1393557504,4249902,-6.631871e-02,-1.759570e-02,3.681451e-06,8.234289e-05,8.876612e-04,1.157658e-01
116391936,1799292,1396703232,4259408,-6.642295e-02,-1.754105e-02,4.092334e-06,8.333777e-05,9.867323e-04,1.171645e-01
116654080,1799317,1399848960,4269032,-6.631722e-02,-1.741474e-02,3.675706e-06,8.565974e-05,8.862762e-04,1.204289e-01
116916224,1799419,1402994688,4278903,-6.636374e-02,-1.751342e-02,3.856283e-06,8.384288e-05,9.298163e-04,1.178746e-01
117178368,1799524,1406140416,4288477,-6.630272e-02,-1.753084e-02,3.620350e-06,8.352417e-05,8.729288e-04,1.174265e-01
117440512,1799533,1409286144,4298009,-6.655903e-02,-1.752692e-02,4.661407e-06,8.359589e-05,1.123946e-03,1.175273e-01
117702656,1799577,1412431872,4307723,-6.645308e-02,-1.736635e-02,4.215115e-06,8.655793e-05,1.016337e-03,1.216917e-01
117964800,1799620,1415577600,4317108,-6.641234e-02,-1.742553e-02,4.049491e-06,8.546019e-05,9.764021e-04,1.201484e-01
118226944,1799662,1418723328,4326629,-6.647169e-02,-1.753434e-02,4.291883e-06,8.346025e-05,1.034847e-03,1.173366e-01
118489088,1799664,1421869056,4336176,-6.627520e-02,-1.747532e-02,3.516373e-06,8.454207e-05,8.478580e-04,1.188576e-01
118751232,1799666,1425014784,4345439,-6.643487e-02,-1.764914e-02,4.140677e-06,8.137594e-05,9.983885e-04,1.144063e-01
119013376,1799693,1428160512,4355016,-6.655259e-02,-1.785652e-02,4.633620e-06,7.767740e-05,1.117246e-03,1.092065e-01
119275520,1799697,1431306240,4364679,-6.679574e-02,-1.819497e-02,5.739542e-06,7.182617e-05,1.383902e-03,1.009803e-01
119537664,1799756,1434451968,4374134,-6.681292e-02,-1.798162e-02,5.822160e-06,7.548799e-05,1.403823e-03,1.061285e-01
119799808,1799760,1437597696,4383723,-6.726962e-02,-1.776035e-02,8.234724e-06,7.938183e-05,1.985534e-03,1.116028e-01
120061952,1799767,1440743424,4393526,-6.776468e-02,-1.787230e-02,1.132104e-05,7.739948e-05,2.729697e-03,1.088158e-01
120324096,1799792,1443889152,4403217,-6.776176e-02,-1.803543e-02,1.130144e-05,7.455585e-05,2.724972e-03,1.048180e-01
120586240,1799891,1447034880,4412884,-6.768221e-02,-1.808186e-02,1.077286e-05,7.375619e-05,2.597523e-03,1.036937e-01
120848384,1799944,1450180608,4422543,-6.797286e-02,-1.806805e-02,1.276532e-05,7.399359e-05,3.077939e-03,1.040275e-01
121110528,1799983,1453326336,4432266,-6.814814e-02,-1.798803e-02,1.404851e-05,7.537663e-05,3.387337e-03,1.059719e-01
121372672,1799992,1456472064,4441802,-6.804281e-02,-1.769018e-02,1.327008e-05,8.063720e-05,3.199645e-03,1.133677e-01
121634816,1799994,1459617792,4451359,-6.818785e-02,-1.755492e-02,1.434777e-05,8.308467e-05,3.459495e-03,1.168086e-01
121896960,1799996,1462763520,4460956,-6.794482e-02,-1.767907e-02,1.256577e-05,8.083676e-05,3.029823e-03,1.136483e-01
122159104,1800000,1465909248,4470686,-6.766102e-02,-1.754488e-02,1.063422e-05,8.326773e-05,2.564093e-03,1.170660e-01
122421248,1800081,1469054976,4480267,-6.761330e-02,-1.724327e-02,1.032531e-05,8.886323e-05,2.489609e-03,1.249327e-01
122683392,1800132,1472200704,4489741,-6.763261e-02,-1.721090e-02,1.044974e-05,8.947452e-05,2.519612e-03,1.257921e-01
122945536,1800270,1475346432,4499443,-6.750800e-02,-1.743560e-02,9.659631e-06,8.527415e-05,2.329103e-03,1.198868e-01
123207680,1800406,1478492160,4509267,-6.732351e-02,-1.739106e-02,8.546916e-06,8.609866e-05,2.060809e-03,1.210460e-01
123469824,1800407,1481637888,4519130,-6.723321e-02,-1.756859e-02,8.027078e-06,8.283566e-05,1.935467e-03,1.164585e-01
123731968,1800407,1484783616,4528684,-6.728773e-02,-1.764473e-02,8.338960e-06,8.145547e-05,2.010667e-03,1.145181e-01
123994112,1800458,1487929344,4538417,-6.723408e-02,-1.749767e-02,8.032019e-06,8.413156e-05,1.936658e-03,1.182804e-01
124256256,1800511,1491075072,4547816,-6.716704e-02,-1.778958e-02,7.656477e-06,7.886178e-05,1.846108e-03,1.108717e-01
124518400,1800518,1494220800,4557599,-6.705202e-02,-1.776654e-02,7.033206e-06,7.927158e-05,1.695827e-03,1.114478e-01
124780544,1800539,1497366528,4567036,-6.727000e-02,-1.795769e-02,8.236905e-06,7.590438e-05,1.986060e-03,1.067139e-01
125042688,1800555,1500512256,4576767,-6.717665e-02,-1.790020e-02,7.709758e-06,7.690935e-05,1.858955e-03,1.081267e-01
125304832,1800590,1503657984,4586157,-6.730794e-02,-1.802945e-02,8.456111e-06,7.465914e-05,2.038914e-03,1.049632e-01
125566976,1800622,1506803712,4595785,-6.723701e-02,-1.775086e-02,8.048624e-06,7.955106e-05,1.940662e-03,1.118407e-01
125829120,1800635,1509949440,4605476,-6.708309e-02,-1.773624e-02,7.198962e-06,7.981200e-05,1.735794e-03,1.122076e-01
126091264,1800688,1513095168,4615019,-6.709269e-02,-1.796454e-02,7.250590e-06,7.578509e-05,1.748242e-03,1.065461e-01
126353408,1800787,1516240896,4624699,-6.693082e-02,-1.809858e-02,6.405053e-06,7.346924e-05,1.544369e-03,1.032903e-01
126615552,1800804,1519386624,4634251,-6.690802e-02,-1.777392e-02,6.290174e-06,7.914029e-05,1.516669e-03,1.112632e-01
126877696,1800811,1522532352,4643966,-6.679834e-02,-1.808526e-02,5.752044e-06,7.369782e-05,1.386917e-03,1.036117e-01
127139840,1800871,1525678080,4653492,-6.681126e-02,-1.780809e-02,5.814180e-06,7.853349e-05,1.401899e-03,1.104101e-01
127401984,1800934,1528823808,4663067,-6.691072e-02,-1.796617e-02,6.303710e-06,7.575672e-05,1.519933e-03,1.065063e-01
127664128,1801010,1531969536,4672760,-6.675003e-02,-1.811691e-02,5.522652e-06,7.315528e-05,1.331607e-03,1.028489e-01
127926272,1801052,1535115264,4682664,-6.687481e-02,-1.780685e-02,6.124671e-06,7.855548e-05,1.476764e-03,1.104410e-01
128188416,1803009,1538260992,4692358,-6.653168e-02,-1.772547e-02,4.544052e-06,8.000465e-05,1.095649e-03,1.124784e-01
128450560,1804213,1541406720,4702196,-6.656728e-02,-1.765401e-02,4.697090e-06,8.128802e-05,1.132549e-03,1.142827e-01
128712704,1804396,1544552448,4711817,-6.641193e-02,-1.758756e-02,4.047842e-06,8.249075e-05,9.760045e-04,1.159736e-01
128974848,1805345,1547698176,4721489,-6.642202e-02,-1.731907e-02,4.088537e-06,8.743985e-05,9.858167e-04,1.229315e-01
129236992,1806001,1550843904,4731189,-6.634403e-02,-1.750381e-02,3.779244e-06,8.401911e-05,9.112409e-04,1.181223e-01
129499136,1807445,1553989632,4740630,-6.634120e-02,-1.737072e-02,3.768244e-06,8.647658e-05,9.085886e-04,1.215773e-01
129761280,1812200,1557135360,4750648,-6.625845e-02,-1.740968e-02,3.453838e-06,8.575344e-05,8.327799e-04,1.205606e-01
130023424,1812270,1560281088,4759976,-6.613449e-02,-1.702618e-02,3.008448e-06,9.300317e-05,7.253886e-04,1.307530e-01
130285568,1819817,1563426816,4769786,-6.582624e-02,-1.665583e-02,2.034167e-06,1.002835e-04,4.904727e-04,1.409885e-01
130547712,1830556,1566572544,4779397,-6.554258e-02,-1.688337e-02,1.305481e-06,9.577806e-05,3.147739e-04,1.346542e-01
130809856,1834983,1569718272,4788831,-6.566522e-02,-1.679505e-02,1.600764e-06,9.751459e-05,3.859717e-04,1.370956e-01
131072000,1837444,1572864000,4798384,-6.564933e-02,-1.677067e-02,1.560821e-06,9.799665e-05,3.763409e-04,1.377733e-01
131334144,1837620,1576009728,4807907,-6.543272e-02,-1.652095e-02,1.066505e-06,1.030033e-04,2.571528e-04,1.448122e-01
131596288,1841064,1579155456,4817508,-6.550333e-02,-1.625542e-02,1.217330e-06,1.084634e-04,2.935192e-04,1.524885e-01
131858432,1847897,1582301184,4827066,-6.533092e-02,-1.652051e-02,8.665986e-07,1.030122e-04,2.089518e-04,1.448247e-01
132120576,1864107,1585446912,4836672,-6.520858e-02,-1.621628e-02,6.538044e-07,1.092803e-04,1.576435e-04,1.536370e-01
132382720,1864350,1588592640,4846209,-6.522323e-02,-1.640178e-02,6.777069e-07,1.054364e-04,1.634068e-04,1.482329e-01
132644864,1865381,1591738368,4855722,-6.568644e-02,-1.629721e-02,1.654927e-06,1.075948e-04,3.990314e-04,1.512674e-01
132907008,1891399,1594884096,4865221,-6.608889e-02,-1.620514e-02,2.852350e-06,1.095132e-04,6.877506e-04,1.539645e-01
133169152,1891988,1598029824,4874736,-6.587607e-02,-1.614524e-02,2.178788e-06,1.107706e-04,5.253433e-04,1.557322e-01
133431296,1902607,1601175552,4884441,-6.592450e-02,-1.625776e-02,2.324079e-06,1.084148e-04,5.603756e-04,1.524201e-01
133693440,1922442,1604321280,4894136,-6.586785e-02,-1.625001e-02,2.154573e-06,1.085761e-04,5.195047e-04,1.526470e-01
133955584,1945195,1607467008,4904121,-6.591027e-02,-1.615459e-02,2.280915e-06,1.105738e-04,5.499679e-04,1.554555e-01
134217728,1972303,1610612736,4913783,-6.573632e-02,-1.634608e-02,1.785735e-06,1.065833e-04,4.305714e-04,1.498453e-01
134479872,2211125,1613758464,4923360,-6.582171e-02,-1.606149e-02,2.021266e-06,1.125405e-04,4.873620e-04,1.582205e-01
134742016,2211186,1616904192,4933198,-6.572060e-02,-1.623672e-02,1.743986e-06,1.088534e-04,4.205050e-04,1.530368e-01
135004160,2211280,1620049920,4942813,-6.566053e-02,-1.610179e-02,1.588927e-06,1.116870e-04,3.831177e-04,1.570206e-01
135266304,2211284,1623195648,4952270,-6.552459e-02,-1.597699e-02,1.264687e-06,1.143404e-04,3.049379e-04,1.607510e-01
135528448,2211309,1626341376,4962002,-6.542029e-02,-1.631025e-02,1.040992e-06,1.073244e-04,2.510010e-04,1.508873e-01
135790592,2211322,1629487104,4971588,-6.546378e-02,-1.592847e-02,1.131626e-06,1.153804e-04,2.728544e-04,1.622132e-01
136052736,2211411,1632632832,4981360,-6.511451e-02,-1.586141e-02,5.105255e-07,1.168256e-04,1.230965e-04,1.642449e-01
136314880,2211415,1635778560,4990602,-6.517024e-02,-1.561480e-02,5.932598e-07,1.222175e-04,1.430451e-04,1.718254e-01
136577024,2211418,1638924288,5000264,-6.514508e-02,-1.554749e-02,5.551337e-07,1.237102e-04,1.338523e-04,1.739240e-01
136839168,2211420,1642070016,5009954,-6.537586e-02,-1.559511e-02,9.522924e-07,1.226532e-04,2.296141e-04,1.724379e-01
137101312,2211450,1645215744,5019419,-6.517336e-02,-1.562708e-02,5.980785e-07,1.219460e-04,1.442070e-04,1.714437e-01
137363456,2211569,1648361472,5029132,-6.510750e-02,-1.564161e-02,5.005558e-07,1.216254e-04,1.206926e-04,1.709929e-01
137625600,2211611,1651507200,5038667,-6.512786e-02,-1.581672e-02,5.297724e-07,1.177937e-04,1.277373e-04,1.656059e-01
137887744,2211691,1654652928,5048129,-6.528977e-02,-1.586831e-02,7.916919e-07,1.166765e-04,1.908906e-04,1.640353e-01
138149888,2211803,1657798656,5057712,-6.525776e-02,-1.615648e-02,7.357445e-07,1.105341e-04,1.774007e-04,1.553998e-01
138412032,2211856,1660944384,5067439,-6.530403e-02,-1.650234e-02,8.172588e-07,1.033813e-04,1.970552e-04,1.453436e-01
138674176,2211957,1664090112,5077095,-6.519781e-02,-1.671497e-02,6.364979e-07,9.910254e-05,1.534706e-04,1.393281e-01
138936320,2211992,1667235840,5086689,-6.522243e-02,-1.692970e-02,6.763827e-07,9.487349e-05,1.630875e-04,1.333825e-01
139198464,2212000,1670381568,5096204,-6.533076e-02,-1.687904e-02,8.663073e-07,9.586295e-05,2.088816e-04,1.347736e-01
139460608,2212068,1673527296,5105879,-6.516448e-02,-1.685348e-02,5.844209e-07,9.636399e-05,1.409139e-04,1.354780e-01
139722752,2212072,1676673024,5115479,-6.510200e-02,-1.689677e-02,4.928056e-07,9.551599e-05,1.188239e-04,1.342858e-01
139984896,2212146,1679818752,5125257,-6.505459e-02,-1.693656e-02,4.284824e-07,9.473975e-05,1.033145e-04,1.331945e-01
140247040,2212167,1682964480,5135020,-6.512304e-02,-1.680876e-02,5.227784e-07,9.724410e-05,1.260509e-04,1.367153e-01
140509184,2212311,1686110208,5144545,-6.534794e-02,-1.695114e-02,8.985853e-07,9.445620e-05,2.166644e-04,1.327958e-01
140771328,2212367,1689255936,5154245,-6.516875e-02,-1.700233e-02,5.909665e-07,9.346389e-05,1.424922e-04,1.314007e-01
141033472,2212511,1692401664,5163845,-6.503053e-02,-1.706742e-02,3.975652e-07,9.220951e-05,9.585983e-05,1.296372e-01
141295616,2212554,1695547392,5173490,-6.497373e-02,-1.705663e-02,3.291684e-07,9.241682e-05,7.936816e-05,1.299287e-01
141557760,2212566,1698693120,5183057,-6.519809e-02,-1.730359e-02,6.369378e-07,8.772963e-05,1.535767e-04,1.233390e-01
141819904,2212616,1701838848,5192893,-6.516454e-02,-1.737462e-02,5.845121e-07,8.640415e-05,1.409359e-04,1.214755e-01
142082048,2212621,1704984576,5202472,-6.530797e-02,-1.735533e-02,8.244140e-07,8.676303e-05,1.987804e-04,1.219800e-01
142344192,2212632,1708130304,5212256,-6.515685e-02,-1.734098e-02,5.728255e-07,8.703063e-05,1.381181e-04,1.223562e-01
142606336,2212647,1711276032,5221739,-6.501005e-02,-1.757255e-02,3.721562e-07,8.276365e-05,8.973328e-05,1.163573e-01
142868480,2212693,1714421760,5231305,-6.515201e-02,-1.758102e-02,5.655182e-07,8.260959e-05,1.363562e-04,1.161407e-01
143130624,2212738,1717567488,5240919,-6.505270e-02,-1.780277e-02,4.260084e-07,7.862767e-05,1.027180e-04,1.105425e-01
143392768,2212741,1720713216,5250462,-6.528374e-02,-1.797596e-02,7.809888e-07,7.558636e-05,1.883099e-04,1.062668e-01
143654912,2212743,1723858944,5260044,-6.547252e-02,-1.791357e-02,1.150296e-06,7.667505e-05,2.773562e-04,1.077973e-01
143917056,2212770,1727004672,5269536,-6.504212e-02,-1.823927e-02,4.123192e-07,7.107725e-05,9.941726e-05,9.992741e-02
144179200,2212823,1730150400,5279190,-6.520068e-02,-1.813010e-02,6.410831e-07,7.292980e-05,1.545762e-04,1.025319e-01
144441344,2212847,1733296128,5288806,-6.534253e-02,-1.813471e-02,8.883595e-07,7.285121e-05,2.141988e-04,1.024214e-01
144703488,2212926,1736441856,5298317,-6.520284e-02,-1.810716e-02,6.445478e-07,7.332218e-05,1.554116e-04,1.030835e-01
144965632,2213019,1739587584,5307780,-6.526470e-02,-1.830007e-02,7.477052e-07,7.005579e-05,1.802846e-04,9.849134e-02
145227776,2213072,1742733312,5317630,-6.538488e-02,-1.829561e-02,9.699834e-07,7.013034e-05,2.338797e-04,9.859614e-02
145489920,2213076,1745879040,5327016,-6.535538e-02,-1.838468e-02,9.127377e-07,6.864655e-05,2.200768e-04,9.651008e-02
145752064,2213106,1749024768,5336721,-6.517612e-02,-1.819734e-02,6.023615e-07,7.178591e-05,1.452397e-04,1.009237e-01
146014208,2213194,1752170496,5346322,-6.523009e-02,-1.817290e-02,6.890519e-07,7.220075e-05,1.661423e-04,1.015069e-01
146276352,2213231,1755316224,5356048,-6.519622e-02,-1.820429e-02,6.339682e-07,7.166820e-05,1.528607e-04,1.007582e-01
146538496,2213528,1758461952,5365447,-6.540457e-02,-1.812678e-02,1.009159e-06,7.298654e-05,2.433257e-04,1.026117e-01
146800640,2215731,1761607680,5374906,-6.537848e-02,-1.818042e-02,9.574178e-07,7.207289e-05,2.308499e-04,1.013272e-01
147062784,2216323,1764753408,5384462,-6.530537e-02,-1.822780e-02,8.196988e-07,7.127069e-05,1.976435e-04,1.001994e-01
147324928,2218924,1767899136,5394028,-6.540129e-02,-1.819812e-02,1.002584e-06,7.177269e-05,2.417402e-04,1.009051e-01
147587072,2242251,1771044864,5403694,-6.536886e-02,-1.839793e-02,9.386870e-07,6.842712e-05,2.263336e-04,9.620158e-02
147849216,2244738,1774190592,5413087,-6.539368e-02,-1.816651e-02,9.873929e-07,7.230927e-05,2.380775e-04,1.016595e-01
148111360,2244815,1777336320,5422714,-6.548639e-02,-1.806163e-02,1.180246e-06,7.410395e-05,2.845778e-04,1.041826e-01
148373504,2244876,1780482048,5432197,-6.536207e-02,-1.798906e-02,9.255808e-07,7.535865e-05,2.231735e-04,1.059466e-01
148635648,2244908,1783627776,5442025,-6.526115e-02,-1.787329e-02,7.415717e-07,7.738205e-05,1.788057e-04,1.087913e-01
148897792,2245106,1786773504,5451549,-6.511851e-02,-1.770681e-02,5.162483e-07,8.033871e-05,1.244764e-04,1.129481e-01
149159936,2245258,1789919232,5461078,-6.496667e-02,-1.771256e-02,3.211135e-07,8.023573e-05,7.742600e-05,1.128033e-01
149422080,2245381,1793064960,5470817,-6.510777e-02,-1.769590e-02,5.009354e-07,8.053450e-05,1.207842e-04,1.132233e-01
149684224,2245484,1796210688,5480433,-6.539137e-02,-1.787790e-02,9.828082e-07,7.730106e-05,2.369720e-04,1.086774e-01
149946368,2245503,1799356416,5489961,-6.525634e-02,-1.793093e-02,7.333181e-07,7.637139e-05,1.768156e-04,1.073704e-01
150208512,2245571,1802502144,5499547,-6.539505e-02,-1.781549e-02,9.901194e-07,7.840235e-05,2.387348e-04,1.102258e-01
150470656,2245617,1805647872,5509227,-6.539431e-02,-1.739963e-02,9.886519e-07,8.593976e-05,2.383810e-04,1.208226e-01
150732800,2245691,1808793600,5518773,-6.536880e-02,-1.757336e-02,9.385715e-07,8.274888e-05,2.263057e-04,1.163365e-01
150994944,2245726,1811939328,5528193,-6.516061e-02,-1.770949e-02,5.785237e-07,8.029070e-05,1.394920e-04,1.128806e-01
151257088,2245783,1815085056,5537915,-6.524205e-02,-1.799629e-02,7.090478e-07,7.523323e-05,1.709636e-04,1.057703e-01
151519232,2245888,1818230784,5547604,-6.550601e-02,-1.792573e-02,1.223256e-06,7.646219e-05,2.949480e-04,1.074981e-01
151781376,2245910,1821376512,5557302,-6.574918e-02,-1.788145e-02,1.820289e-06,7.723855e-05,4.389031e-04,1.085896e-01
152043520,2246001,1824522240,5566760,-6.603183e-02,-1.786557e-02,2.662857e-06,7.751801e-05,6.420606e-04,1.089825e-01
152305664,2246032,1827667968,5576403,-6.613756e-02,-1.791329e-02,3.019106e-06,7.667994e-05,7.279584e-04,1.078042e-01
152567808,2246049,1830813696,5585790,-6.622870e-02,-1.810849e-02,3.344118e-06,7.329943e-05,8.063243e-04,1.030516e-01
152829952,2246058,1833959424,5595397,-6.623372e-02,-1.774829e-02,3.362536e-06,7.959692e-05,8.107654e-04,1.119052e-01
153092096,2246083,1837105152,5605087,-6.623787e-02,-1.763133e-02,3.377773e-06,8.169759e-05,8.144393e-04,1.148585e-01
153354240,2246129,1840250880,5614784,-6.617918e-02,-1.732978e-02,3.165468e-06,8.723966e-05,7.632489e-04,1.226501e-01
153616384,2246165,1843396608,5624485,-6.626135e-02,-1.706458e-02,3.464619e-06,9.226418e-05,8.353793e-04,1.297141e-01
153878528,2246233,1846542336,5634014,-6.606153e-02,-1.696686e-02,2.760662e-06,9.415098e-05,6.656433e-04,1.323667e-01
154140672,2246337,1849688064,5643500,-6.618045e-02,-1.687912e-02,3.169977e-06,9.586124e-05,7.643360e-04,1.347712e-01
154402816,2246343,1852833792,5652945,-6.608943e-02,-1.706218e-02,2.854162e-06,9.231021e-05,6.881877e-04,1.297788e-01
154664960,2246426,1855979520,5662656,-6.613447e-02,-1.728396e-02,3.008370e-06,8.809768e-05,7.253698e-04,1.238564e-01
154927104,2246473,1859125248,5672095,-6.632368e-02,-1.736150e-02,3.700546e-06,8.664821e-05,8.922654e-04,1.218186e-01
155189248,2246505,1862270976,5681637,-6.630202e-02,-1.743792e-02,3.617657e-06,8.523126e-05,8.722795e-04,1.198265e-01
155451392,2246544,1865416704,5691352,-6.630144e-02,-1.749626e-02,3.615447e-06,8.415753e-05,8.717466e-04,1.183170e-01
155713536,2246553,1868562432,5700933,-6.626555e-02,-1.754837e-02,3.480280e-06,8.320410e-05,8.391554e-04,1.169765e-01
155975680,2246562,1871708160,5710478,-6.631447e-02,-1.745067e-02,3.665201e-06,8.499611e-05,8.837430e-04,1.194959e-01
156237824,2246565,1874853888,5719897,-6.632493e-02,-1.750736e-02,3.705363e-06,8.395404e-05,8.934268e-04,1.180309e-01
156499968,2246602,1877999616,5729384,-6.646056e-02,-1.734611e-02,4.245886e-06,8.693498e-05,1.023756e-03,1.222218e-01
156762112,2246664,1881145344,5739138,-6.612785e-02,-1.738305e-02,2.985463e-06,8.624743e-05,7.198465e-04,1.212551e-01
157024256,2246733,1884291072,5748676,-6.592404e-02,-1.741113e-02,2.322694e-06,8.572671e-05,5.600415e-04,1.205231e-01
157286400,2246935,1887436800,5758294,-6.583064e-02,-1.729739e-02,2.046726e-06,8.784572e-05,4.935007e-04,1.235022e-01
157548544,2246936,1890582528,5768007,-6.574557e-02,-1.728412e-02,1.810552e-06,8.809475e-05,4.365552e-04,1.238523e-01
157810688,2246991,1893728256,5777489,-6.576808e-02,-1.724534e-02,1.871631e-06,8.882416e-05,4.512825e-04,1.248777e-01
158072832,2247007,1896873984,5787149,-6.592899e-02,-1.725290e-02,2.337797e-06,8.868184e-05,5.636833e-04,1.246777e-01
158334976,2247044,1900019712,5796697,-6.600256e-02,-1.741482e-02,2.568200e-06,8.565836e-05,6.192371e-04,1.204270e-01
158597120,2247052,1903165440,5806252,-6.590909e-02,-1.729913e-02,2.277338e-06,8.781326e-05,5.491055e-04,1.234565e-01
158859264,2247086,1906311168,5815761,-6.588116e-02,-1.707129e-02,2.193837e-06,9.213523e-05,5.289717e-04,1.295328e-01
159121408,2247120,1909456896,5825370,-6.569532e-02,-1.692257e-02,1.677856e-06,9.501234e-05,4.045599e-04,1.335777e-01
159383552,2247131,1912602624,5835000,-6.558005e-02,-1.696248e-02,1.392507e-06,9.423587e-05,3.357574e-04,1.324861e-01
159645696,2247160,1915748352,5844588,-6.590723e-02,-1.722325e-02,2.271720e-06,8.924104e-05,5.477508e-04,1.254639e-01
159907840,2247231,1918894080,5854019,-6.595393e-02,-1.712927e-02,2.414700e-06,9.102548e-05,5.822256e-04,1.279726e-01
160169984,2247297,1922039808,5863602,-6.621628e-02,-1.716272e-02,3.298847e-06,9.038844e-05,7.954087e-04,1.270770e-01
160432128,2247375,1925185536,5873386,-6.640524e-02,-1.710584e-02,4.020965e-06,9.147322e-05,9.695239e-04,1.286021e-01
160694272,2247384,1928331264,5882905,-6.622224e-02,-1.694261e-02,3.320561e-06,9.462202e-05,8.006444e-04,1.330290e-01
160956416,2247384,1931476992,5892597,-6.614541e-02,-1.717132e-02,3.046457e-06,9.022492e-05,7.345533e-04,1.268471e-01
161218560,2247524,1934622720,5902109,-6.621826e-02,-1.718812e-02,3.306050e-06,8.990603e-05,7.971456e-04,1.263988e-01
161480704,2247525,1937768448,5911681,-6.640783e-02,-1.694716e-02,4.031370e-06,9.453362e-05,9.720327e-04,1.329047e-01
161742848,2247627,1940914176,5921281,-6.638308e-02,-1.668636e-02,3.932592e-06,9.967299e-05,9.482156e-04,1.401301e-01
162004992,2247663,1944059904,5930719,-6.633769e-02,-1.669958e-02,3.754632e-06,9.940929e-05,9.053066e-04,1.397594e-01
162267136,2250654,1947205632,5940526,-6.616471e-02,-1.682409e-02,3.114192e-06,9.694196e-05,7.508852e-04,1.362906e-01
162529280,2251857,1950351360,5950112,-6.619812e-02,-1.697596e-02,3.233220e-06,9.397433e-05,7.795850e-04,1.321184e-01
162791424,2251857,1953497088,5959524,-6.631283e-02,-1.679324e-02,3.658927e-06,9.755034e-05,8.822304e-04,1.371459e-01
163053568,2253111,1956642816,5969270,-6.651992e-02,-1.673038e-02,4.494034e-06,9.879609e-05,1.083589e-03,1.388973e-01
163315712,2253916,1959788544,5978728,-6.643390e-02,-1.673531e-02,4.136736e-06,9.869802e-05,9.974383e-04,1.387594e-01
163577856,2258485,1962934272,5988454,-6.641977e-02,-1.700702e-02,4.079443e-06,9.337315e-05,9.836239e-04,1.312732e-01
163840000,2266505,1966080000,5997925,-6.626342e-02,-1.696233e-02,3.472334e-06,9.423891e-05,8.372396e-04,1.324903e-01
164102144,2270287,1969225728,6007513,-6.608076e-02,-1.708383e-02,2.824959e-06,9.189466e-05,6.811465e-04,1.291946e-01
164364288,2274279,1972371456,6017053,-6.610484e-02,-1.698188e-02,2.906486e-06,9.385971e-05,7.008038e-04,1.319572e-01
164626432,2276768,1975517184,6026637,-6.615090e-02,-1.694284e-02,3.065629e-06,9.461767e-05,7.391761e-04,1.330228e-01
164888576,2276771,1978662912,6036371,-6.633794e-02,-1.694045e-02,3.755614e-06,9.466406e-05,9.055433e-04,1.330881e-01
165150720,2280628,1981808640,6045932,-6.624653e-02,-1.694296e-02,3.409671e-06,9.461524e-05,8.221305e-04,1.330194e-01
165412864,2294992,1984954368,6055498,-6.632954e-02,-1.688289e-02,3.723111e-06,9.578746e-05,8.977061e-04,1.346674e-01
165675008,2304925,1988100096,6065040,-6.636014e-02,-1.700113e-02,3.842133e-06,9.348708e-05,9.264045e-04,1.314334e-01
165937152,2310462,1991245824,6074653,-6.636985e-02,-1.699446e-02,3.880315e-06,9.361604e-05,9.356108e-04,1.316147e-01
166199296,2310531,1994391552,6084366,-6.632555e-02,-1.684492e-02,3.707744e-06,9.653221e-05,8.940010e-04,1.357145e-01
166461440,2330970,1997537280,6094101,-6.640452e-02,-1.705095e-02,4.018097e-06,9.252605e-05,9.688324e-04,1.300822e-01
166723584,2331609,2000683008,6103620,-6.656986e-02,-1.691062e-02,4.708270e-06,9.524541e-05,1.135245e-03,1.339054e-01
166985728,2341868,2003828736,6113445,-6.652033e-02,-1.664374e-02,4.495803e-06,1.005258e-04,1.084016e-03,1.413291e-01
167247872,2369056,2006974464,6122967,-6.657528e-02,-1.670524e-02,4.731839e-06,9.929634e-05,1.140928e-03,1.396006e-01
167510016,2384706,2010120192,6132695,-6.640764e-02,-1.659136e-02,4.030622e-06,1.015789e-04,9.718523e-04,1.428097e-01
167772160,2411819,2013265920,6142369,-6.641231e-02,-1.660822e-02,4.049371e-06,1.012394e-04,9.763731e-04,1.423323e-01
168034304,2650595,2016411648,6152012,-6.639028e-02,-1.684128e-02,3.961219e-06,9.660381e-05,9.551180e-04,1.358152e-01
168296448,2650642,2019557376,6161496,-6.646068e-02,-1.682860e-02,4.246378e-06,9.685317e-05,1.023875e-03,1.361657e-01
168558592,2650746,2022703104,6171185,-6.650247e-02,-1.701550e-02,4.420357e-06,9.320932e-05,1.065824e-03,1.310429e-01
168820736,2650775,2025848832,6181010,-6.679045e-02,-1.696801e-02,5.714224e-06,9.412864e-05,1.377798e-03,1.323353e-01
169082880,2650802,2028994560,6190749,-6.663494e-02,-1.697063e-02,4.994938e-06,9.407779e-05,1.204366e-03,1.322638e-01
169345024,2650844,2032140288,6200495,-6.660943e-02,-1.732742e-02,4.881592e-06,8.728382e-05,1.177036e-03,1.227122e-01
169607168,2650888,2035286016,6210016,-6.665561e-02,-1.717118e-02,5.087782e-06,9.022758e-05,1.226752e-03,1.268508e-01
169869312,2651020,2038431744,6219841,-6.680570e-02,-1.719524e-02,5.787371e-06,8.977108e-05,1.395435e-03,1.262090e-01
170131456,2651029,2041577472,6229575,-6.672066e-02,-1.725641e-02,5.385473e-06,8.861569e-05,1.298530e-03,1.245847e-01
170393600,2651042,2044723200,6239221,-6.672000e-02,-1.730072e-02,5.382396e-06,8.778348e-05,1.297788e-03,1.234147e-01
170655744,2651069,2047868928,6248758,-6.694341e-02,-1.742912e-02,6.468907e-06,8.539384e-05,1.559765e-03,1.200551e-01
170917888,2651071,2051014656,6258170,-6.693714e-02,-1.753383e-02,6.437073e-06,8.346954e-05,1.552089e-03,1.173497e-01
171180032,2651123,2054160384,6267670,-6.702239e-02,-1.747245e-02,6.876920e-06,8.459489e-05,1.658144e-03,1.189318e-01
171442176,2651230,2057306112,6277443,-6.704167e-02,-1.750751e-02,6.978383e-06,8.395114e-05,1.682609e-03,1.180268e-01
171704320,2651269,2060451840,6287182,-6.714107e-02,-1.754576e-02,7.513457e-06,8.325182e-05,1.811624e-03,1.170436e-01
171966464,2651374,2063597568,6296711,-6.711581e-02,-1.735950e-02,7.375590e-06,8.668549e-05,1.778382e-03,1.218710e-01
172228608,2651471,2066743296,6306124,-6.713822e-02,-1.721014e-02,7.497862e-06,8.948903e-05,1.807864e-03,1.258125e-01
172490752,2651516,2069889024,6315774,-6.735889e-02,-1.748217e-02,8.755008e-06,8.441620e-05,2.110983e-03,1.186806e-01
172752896,2651555,2073034752,6325553,-6.718884e-02,-1.726481e-02,7.777639e-06,8.845764e-05,1.875323e-03,1.243625e-01
173015040,2651668,2076180480,6335045,-6.724636e-02,-1.723030e-02,8.101724e-06,8.910796e-05,1.953465e-03,1.252768e-01
173277184,2651836,2079326208,6344496,-6.708082e-02,-1.729709e-02,7.186773e-06,8.785142e-05,1.732855e-03,1.235102e-01
173539328,2651854,2082471936,6354235,-6.694268e-02,-1.735202e-02,6.465194e-06,8.682480e-05,1.558870e-03,1.220669e-01
173801472,2651871,2085617664,6363839,-6.682540e-02,-1.723646e-02,5.882577e-06,8.899160e-05,1.418391e-03,1.251132e-01
174063616,2651955,2088763392,6373405,-6.678182e-02,-1.709462e-02,5.673050e-06,9.168794e-05,1.367870e-03,1.289039e-01
174325760,2651975,2091909120,6383113,-6.704828e-02,-1.714215e-02,7.013382e-06,9.077990e-05,1.691047e-03,1.276273e-01
174587904,2651981,2095054848,6392563,-6.709190e-02,-1.694671e-02,7.246298e-06,9.454227e-05,1.747207e-03,1.329168e-01
174850048,2652116,2098200576,6402423,-6.708241e-02,-1.695725e-02,7.195285e-06,9.433751e-05,1.734907e-03,1.326290e-01
175112192,2652136,2101346304,6412028,-6.710202e-02,-1.682966e-02,7.300913e-06,9.683221e-05,1.760376e-03,1.361362e-01
175374336,2652213,2104492032,6421565,-6.720328e-02,-1.681222e-02,7.858384e-06,9.717589e-05,1.894792e-03,1.366194e-01
175636480,2652252,2107637760,6431340,-6.728452e-02,-1.674293e-02,8.320468e-06,9.854671e-05,2.006208e-03,1.385467e-01
175898624,2652255,2110783488,6441080,-6.717586e-02,-1.670322e-02,7.705373e-06,9.933676e-05,1.857898e-03,1.396574e-01
176160768,2652266,2113929216,6450672,-6.715901e-02,-1.673446e-02,7.612134e-06,9.871487e-05,1.835417e-03,1.387831e-01
176422912,2652292,2117074944,6460346,-6.683825e-02,-1.665813e-02,5.945049e-06,1.002374e-04,1.433454e-03,1.409237e-01
176685056,2652300,2120220672,6469955,-6.679381e-02,-1.655284e-02,5.730335e-06,1.023569e-04,1.381683e-03,1.439034e-01
176947200,2652335,2123366400,6479563,-6.689350e-02,-1.655905e-02,6.217509e-06,1.022312e-04,1.499148e-03,1.437268e-01
177209344,2652563,2126512128,6489187,-6.678188e-02,-1.655058e-02,5.673334e-06,1.024026e-04,1.367939e-03,1.439676e-01
177471488,2652593,2129657856,6498631,-6.659334e-02,-1.665629e-02,4.810737e-06,1.002743e-04,1.159951e-03,1.409755e-01
177733632,2652620,2132803584,6508019,-6.650738e-02,-1.686783e-02,4.441058e-06,9.608247e-05,1.070816e-03,1.350822e-01
177995776,2652692,2135949312,6517483,-6.665434e-02,-1.683671e-02,5.082036e-06,9.669358e-05,1.225366e-03,1.359414e-01
178257920,2652741,2139095040,6527132,-6.682960e-02,-1.672704e-02,5.902942e-06,9.886238e-05,1.423301e-03,1.389905e-01
178520064,2652753,2142240768,6536685,-6.686877e-02,-1.691167e-02,6.094800e-06,9.522491e-05,1.469561e-03,1.338766e-01
178782208,2652815,2145386496,6546173,-6.693451e-02,-1.695912e-02,6.423734e-06,9.430115e-05,1.548873e-03,1.325779e-01
179044352,2652884,2148532224,6555844,-6.704754e-02,-1.721421e-02,7.009437e-06,8.941198e-05,1.690096e-03,1.257042e-01
179306496,2652951,2151677952,6565482,-6.736938e-02,-1.728047e-02,8.817198e-06,8.816332e-05,2.125978e-03,1.239487e-01
179568640,2653034,2154823680,6574820,-6.713559e-02,-1.740313e-02,7.483425e-06,8.587481e-05,1.804383e-03,1.207313e-01
179830784,2653108,2157969408,6584338,-6.729446e-02,-1.736593e-02,8.377862e-06,8.656566e-05,2.020047e-03,1.217025e-01
180092928,2653289,2161115136,6593863,-6.754015e-02,-1.751479e-02,9.860505e-06,8.381787e-05,2.377538e-03,1.178394e-01
180355072,2655763,2164260864,6603489,-6.727436e-02,-1.773364e-02,8.261943e-06,7.985858e-05,1.992096e-03,1.122731e-01
180617216,2656224,2167406592,6613282,-6.688455e-02,-1.782107e-02,6.173002e-06,7.830359e-05,1.488417e-03,1.100869e-01
180879360,2659912,2170552320,6622741,-6.680457e-02,-1.793507e-02,5.781960e-06,7.629894e-05,1.394130e-03,1.072686e-01
181141504,2681744,2173698048,6632256,-6.668879e-02,-1.786746e-02,5.238553e-06,7.748472e-05,1.263105e-03,1.089357e-01
181403648,2686651,2176843776,6641749,-6.674782e-02,-1.789205e-02,5.512256e-06,7.705247e-05,1.329100e-03,1.083280e-01
181665792,2691211,2179989504,6651303,-6.684420e-02,-1.799458e-02,5.974115e-06,7.526296e-05,1.440462e-03,1.058121e-01
181927936,2691336,2183135232,6660925,-6.692015e-02,-1.774562e-02,6.351126e-06,7.964463e-05,1.531366e-03,1.119723e-01
182190080,2691387,2186280960,6670511,-6.686033e-02,-1.760406e-02,6.053191e-06,8.219132e-05,1.459528e-03,1.155527e-01
182452224,2691409,2189426688,6680102,-6.695513e-02,-1.756951e-02,6.528661e-06,8.281891e-05,1.574173e-03,1.164350e-01
182714368,2691495,2192572416,6689803,-6.708882e-02,-1.750360e-02,7.229741e-06,8.402280e-05,1.743215e-03,1.181275e-01
182976512,2691789,2195718144,6699260,-6.729227e-02,-1.779024e-02,8.365187e-06,7.885004e-05,2.016991e-03,1.108552e-01
183238656,2691815,2198863872,6708878,-6.725364e-02,-1.780191e-02,8.143258e-06,7.864307e-05,1.963480e-03,1.105642e-01
183500800,2691956,2202009600,6718291,-6.737634e-02,-1.779056e-02,8.858574e-06,7.884452e-05,2.135955e-03,1.108474e-01
183762944,2691988,2205155328,6727892,-6.719095e-02,-1.767677e-02,7.789403e-06,8.087813e-05,1.878159e-03,1.137064e-01
184025088,2692003,2208301056,6737405,-6.707785e-02,-1.758354e-02,7.170883e-06,8.256372e-05,1.729023e-03,1.160762e-01
184287232,2692081,2211446784,6747090,-6.703401e-02,-1.759554e-02,6.938015e-06,8.234577e-05,1.672875e-03,1.157698e-01
184549376,2692185,2214592512,6756660,-6.712998e-02,-1.756441e-02,7.452762e-06,8.291169e-05,1.796989e-03,1.165654e-01
184811520,2692254,2217738240,6766333,-6.707975e-02,-1.756741e-02,7.181062e-06,8.285708e-05,1.731478e-03,1.164887e-01
185073664,2692260,2220883968,6775908,-6.697245e-02,-1.769494e-02,6.617484e-06,8.055165e-05,1.595589e-03,1.132474e-01
185335808,2692325,2224029696,6785575,-6.697377e-02,-1.772367e-02,6.624271e-06,8.003687e-05,1.597226e-03,1.125237e-01
185597952,2692409,2227175424,6795093,-6.682347e-02,-1.775930e-02,5.873184e-06,7.940055e-05,1.416126e-03,1.116291e-01
185860096,2692539,2230321152,6804806,-6.670362e-02,-1.766110e-02,5.306643e-06,8.116033e-05,1.279523e-03,1.141032e-01
186122240,2692578,2233466880,6814565,-6.670150e-02,-1.760976e-02,5.296899e-06,8.208794e-05,1.277173e-03,1.154073e-01
186384384,2692579,2236612608,6824137,-6.670398e-02,-1.766546e-02,5.308291e-06,8.108169e-05,1.279920e-03,1.139926e-01
186646528,2692711,2239758336,6833803,-6.660209e-02,-1.776971e-02,4.849183e-06,7.921517e-05,1.169222e-03,1.113685e-01
186908672,2692728,2242904064,6843058,-6.671166e-02,-1.780114e-02,5.343746e-06,7.865671e-05,1.288469e-03,1.105834e-01
187170816,2692741,2246049792,6852459,-6.671708e-02,-1.787661e-02,5.368852e-06,7.732363e-05,1.294523e-03,1.087092e-01
187432960,2692757,2249195520,6862014,-6.674460e-02,-1.780744e-02,5.497118e-06,7.854488e-05,1.325450e-03,1.104261e-01
187695104,2692896,2252341248,6871908,-6.697076e-02,-1.795828e-02,6.608785e-06,7.589400e-05,1.593492e-03,1.066993e-01
187957248,2692913,2255486976,6881617,-6.705900e-02,-1.774233e-02,7.070284e-06,7.970325e-05,1.704767e-03,1.120547e-01
188219392,2692927,2258632704,6891180,-6.719139e-02,-1.785358e-02,7.791858e-06,7.772924e-05,1.878751e-03,1.092794e-01
188481536,2693028,2261778432,6900794,-6.743746e-02,-1.776303e-02,9.226119e-06,7.933404e-05,2.224576e-03,1.115356e-01
188743680,2693092,2264924160,6910438,-6.753433e-02,-1.764394e-02,9.823994e-06,8.146982e-05,2.368734e-03,1.145383e-01
189005824,2693204,2268069888,6920083,-6.758928e-02,-1.780196e-02,1.017146e-05,7.864214e-05,2.452515e-03,1.105629e-01
189267968,2693265,2271215616,6929678,-6.781728e-02,-1.777854e-02,1.167777e-05,7.905805e-05,2.815712e-03,1.111476e-01
189530112,2693276,2274361344,6939381,-6.771575e-02,-1.772943e-02,1.099418e-05,7.993376e-05,2.650885e-03,1.123787e-01
189792256,2693304,2277507072,6948866,-6.757608e-02,-1.786383e-02,1.008747e-05,7.754861e-05,2.432263e-03,1.090255e-01
190054400,2693321,2280652800,6958444,-6.754588e-02,-1.790265e-02,9.896520e-06,7.686635e-05,2.386222e-03,1.080663e-01
190316544,2693323,2283798528,6967948,-6.760022e-02,-1.791481e-02,1.024140e-05,7.665342e-05,2.469377e-03,1.077669e-01
190578688,2693340,2286944256,6977534,-6.741395e-02,-1.796604e-02,9.083871e-06,7.575889e-05,2.190278e-03,1.065093e-01
190840832,2693345,2290089984,6986857,-6.729813e-02,-1.789085e-02,8.399139e-06,7.707340e-05,2.025177e-03,1.083574e-01
191102976,2693412,2293235712,6996495,-6.746581e-02,-1.797628e-02,9.399188e-06,7.558076e-05,2.266306e-03,1.062589e-01
191365120,2693677,2296381440,7006224,-6.743632e-02,-1.804147e-02,9.219240e-06,7.445160e-05,2.222918e-03,1.046714e-01
191627264,2693740,2299527168,7015962,-6.759625e-02,-1.816136e-02,1.021599e-05,7.239688e-05,2.463252e-03,1.017827e-01
191889408,2693775,2302672896,7025691,-6.755640e-02,-1.826083e-02,9.962821e-06,7.071412e-05,2.402208e-03,9.941687e-02
192151552,2693802,2305818624,7035201,-6.768670e-02,-1.804359e-02,1.080238e-05,7.441493e-05,2.604639e-03,1.046198e-01
192413696,2693846,2308964352,7044853,-6.781138e-02,-1.808804e-02,1.163748e-05,7.365011e-05,2.805997e-03,1.035446e-01
192675840,2693855,2312110080,7054489,-6.770209e-02,-1.824739e-02,1.090380e-05,7.094041e-05,2.629094e-03,9.973503e-02
192937984,2693980,2315255808,7064182,-6.777883e-02,-1.818365e-02,1.141650e-05,7.201816e-05,2.752714e-03,1.012502e-01
193200128,2694041,2318401536,7073748,-6.785879e-02,-1.821627e-02,1.196323e-05,7.146547e-05,2.884541e-03,1.004732e-01
193462272,2694057,2321547264,7083365,-6.784204e-02,-1.843650e-02,1.184765e-05,6.779044e-05,2.856673e-03,9.530649e-02
193724416,2694063,2324692992,7092956,-6.798058e-02,-1.836474e-02,1.282054e-05,6.897730e-05,3.091252e-03,9.697508e-02
193986560,2694095,2327838720,7102548,-6.790484e-02,-1.835832e-02,1.228387e-05,6.908408e-05,2.961852e-03,9.712521e-02
194248704,2694162,2330984448,7112081,-6.787036e-02,-1.827150e-02,1.204336e-05,7.053479e-05,2.903860e-03,9.916475e-02
194510848,2694210,2334130176,7121789,-6.796682e-02,-1.838665e-02,1.272218e-05,6.861396e-05,3.067537e-03,9.646426e-02
194772992,2694372,2337275904,7131352,-6.797222e-02,-1.816648e-02,1.276074e-05,7.230986e-05,3.076835e-03,1.016603e-01
195035136,2694445,2340421632,7141070,-6.789853e-02,-1.799308e-02,1.223967e-05,7.528888e-05,2.951196e-03,1.058485e-01
195297280,2694580,2343567360,7150492,-6.787225e-02,-1.796077e-02,1.205649e-05,7.585071e-05,2.907028e-03,1.066384e-01
195559424,2694599,2346713088,7159931,-6.780446e-02,-1.780247e-02,1.159030e-05,7.863303e-05,2.794622e-03,1.105501e-01
195821568,2694600,2349858816,7169547,-6.787815e-02,-1.788007e-02,1.209751e-05,7.726281e-05,2.916917e-03,1.086237e-01
196083712,2697280,2353004544,7179023,-6.798327e-02,-1.777736e-02,1.283981e-05,7.907905e-05,3.095898e-03,1.111771e-01
196345856,2699807,2356150272,7188572,-6.774189e-02,-1.772304e-02,1.116823e-05,8.004800e-05,2.692854e-03,1.125394e-01
196608000,2701073,2359296000,7198389,-6.780305e-02,-1.760522e-02,1.158072e-05,8.217015e-05,2.792310e-03,1.155229e-01
196870144,2702185,2362441728,7208140,-6.790009e-02,-1.776708e-02,1.225062e-05,7.926199e-05,2.953836e-03,1.114343e-01
197132288,2704998,2365587456,7217793,-6.797415e-02,-1.775196e-02,1.277453e-05,7.953149e-05,3.080160e-03,1.118132e-01
197394432,2710219,2368733184,7227322,-6.789478e-02,-1.772492e-02,1.221347e-05,8.001441e-05,2.944877e-03,1.124922e-01
197656576,2713480,2371878912,7236804,-6.801871e-02,-1.775800e-02,1.309506e-05,7.942369e-05,3.157445e-03,1.116617e-01
197918720,2713791,2375024640,7246474,-6.812303e-02,-1.776622e-02,1.386092e-05,7.927725e-05,3.342106e-03,1.114558e-01
198180864,2716197,2378170368,7256065,-6.809449e-02,-1.774646e-02,1.364925e-05,7.962956e-05,3.291070e-03,1.119511e-01
198443008,2716540,2381316096,7265716,-6.797617e-02,-1.773886e-02,1.278897e-05,7.976519e-05,3.083641e-03,1.121418e-01
198705152,2720488,2384461824,7275286,-6.776399e-02,-1.766523e-02,1.131642e-05,8.108591e-05,2.728585e-03,1.139986e-01
198967296,2742508,2387607552,7284863,-6.765290e-02,-1.771767e-02,1.058132e-05,8.014429e-05,2.551338e-03,1.126747e-01
199229440,2744683,2390753280,7294436,-6.778050e-02,-1.796334e-02,1.142778e-05,7.580584e-05,2.755434e-03,1.065753e-01
199491584,2756858,2393899008,7303855,-6.763212e-02,-1.795195e-02,1.044656e-05,7.600432e-05,2.518846e-03,1.068544e-01
199753728,2757101,2397044736,7313556,-6.770061e-02,-1.805333e-02,1.089401e-05,7.424705e-05,2.626733e-03,1.043838e-01
200015872,2770601,2400190464,7323219,-6.774129e-02,-1.812161e-02,1.116420e-05,7.307497e-05,2.691881e-03,1.027360e-01
200278016,2771376,2403336192,7333136,-6.770537e-02,-1.815357e-02,1.092546e-05,7.252966e-05,2.634316e-03,1.019694e-01
200540160,2781357,2406481920,7342643,-6.780983e-02,-1.824071e-02,1.162691e-05,7.105294e-05,2.803448e-03,9.989323e-02
200802304,2815786,2409627648,7352308,-6.800345e-02,-1.832464e-02,1.298480e-05,6.964497e-05,3.130860e-03,9.791376e-02
201064448,2824370,2412773376,7361784,-6.813911e-02,-1.832314e-02,1.398095e-05,6.967000e-05,3.371048e-03,9.794894e-02
201326592,2851478,2415919104,7371374,-6.812225e-02,-1.842324e-02,1.385515e-05,6.800900e-05,3.340715e-03,9.561376e-02
201588736,3090080,2419064832,7381035,-6.813623e-02,-1.840519e-02,1.395940e-05,6.830714e-05,3.365851e-03,9.603292e-02
201850880,3090236,2422210560,7390582,-6.791545e-02,-1.864854e-02,1.235835e-05,6.434377e-05,2.979811e-03,9.046083e-02
202113024,3090347,2425356288,7400183,-6.784830e-02,-1.855094e-02,1.189077e-05,6.591916e-05,2.867070e-03,9.267565e-02
202375168,3090446,2428502016,7409990,-6.794263e-02,-1.839380e-02,1.255024e-05,6.849552e-05,3.026079e-03,9.629774e-02
202637312,3090533,2431647744,7419785,-6.792287e-02,-1.852254e-02,1.241058e-05,6.638104e-05,2.992405e-03,9.332500e-02
202899456,3090545,2434793472,7429421,-6.785774e-02,-1.852524e-02,1.195597e-05,6.633715e-05,2.882789e-03,9.326331e-02
203161600,3090695,2437939200,7438909,-6.784578e-02,-1.847664e-02,1.187341e-05,6.713122e-05,2.862884e-03,9.437969e-02
203423744,3090698,2441084928,7448642,-6.793672e-02,-1.872781e-02,1.250836e-05,6.307830e-05,3.015981e-03,8.868168e-02
203685888,3090735,2444230656,7458401,-6.797104e-02,-1.884309e-02,1.275228e-05,6.126054e-05,3.074794e-03,8.612610e-02
203948032,3090769,2447376384,7468003,-6.787182e-02,-1.899099e-02,1.205355e-05,5.896719e-05,2.906317e-03,8.290189e-02
204210176,3090790,2450522112,7477736,-6.779337e-02,-1.906159e-02,1.151494e-05,5.788796e-05,2.776450e-03,8.138461e-02
204472320,3090805,2453667840,7487500,-6.782079e-02,-1.898249e-02,1.170182e-05,5.909782e-05,2.821511e-03,8.308555e-02
204734464,3090862,2456813568,7497043,-6.782624e-02,-1.911380e-02,1.173911e-05,5.709619e-05,2.830502e-03,8.027145e-02
204996608,3090990,2459959296,7506784,-6.778233e-02,-1.911091e-02,1.144017e-05,5.713986e-05,2.758423e-03,8.033284e-02
205258752,3091054,2463105024,7516298,-6.809494e-02,-1.928892e-02,1.365256e-05,5.448028e-05,3.291867e-03,7.659374e-02
205520896,3091103,2466250752,7525924,-6.802677e-02,-1.939005e-02,1.315347e-05,5.299764e-05,3.171528e-03,7.450930e-02
205783040,3091210,2469396480,7535731,-6.793839e-02,-1.948173e-02,1.252017e-05,5.167125e-05,3.018828e-03,7.264454e-02
206045184,3091231,2472542208,7545419,-6.777056e-02,-1.956187e-02,1.136063e-05,5.052548e-05,2.739243e-03,7.103370e-02
206307328,3091410,2475687936,7555034,-6.772994e-02,-1.964612e-02,1.108845e-05,4.933484e-05,2.673616e-03,6.935979e-02
206569472,3091559,2478833664,7564611,-6.781399e-02,-1.964346e-02,1.165533e-05,4.937221e-05,2.810300e-03,6.941232e-02
206831616,3091582,2481979392,7574430,-6.785527e-02,-1.972199e-02,1.193887e-05,4.827483e-05,2.878666e-03,6.786951e-02
207093760,3091660,2485125120,7584016,-6.784904e-02,-1.979992e-02,1.189586e-05,4.719799e-05,2.868297e-03,6.635560e-02
207355904,3091762,2488270848,7593426,-6.794203e-02,-1.991585e-02,1.254596e-05,4.561858e-05,3.025048e-03,6.413510e-02
207618048,3091766,2491416576,7603042,-6.772812e-02,-1.980289e-02,1.107640e-05,4.715718e-05,2.670710e-03,6.629822e-02
207880192,3091776,2494562304,7612503,-6.741741e-02,-1.992347e-02,9.104722e-06,4.551562e-05,2.195305e-03,6.399034e-02
208142336,3091852,2497708032,7621947,-6.722562e-02,-1.990991e-02,7.984116e-06,4.569885e-05,1.925108e-03,6.424795e-02
208404480,3091870,2500853760,7631362,-6.724099e-02,-1.990282e-02,8.071214e-06,4.579472e-05,1.946109e-03,6.438274e-02
208666624,3091904,2503999488,7640899,-6.729783e-02,-1.983138e-02,8.397412e-06,4.676672e-05,2.024761e-03,6.574927e-02
208928768,3091965,2507145216,7650375,-6.715379e-02,-1.972781e-02,7.583341e-06,4.819398e-05,1.828474e-03,6.775585e-02
209190912,3091979,2510290944,7660071,-6.703144e-02,-1.975108e-02,6.924441e-06,4.787141e-05,1.669602e-03,6.730235e-02
209453056,3092032,2513436672,7669695,-6.713221e-02,-1.953756e-02,7.464971e-06,5.087168e-05,1.799933e-03,7.152043e-02
209715200,3092088,2516582400,7679283,-6.699837e-02,-1.960392e-02,6.751514e-06,4.992944e-05,1.627906e-03,7.019573e-02
209977344,3092092,2519728128,7689019,-6.716505e-02,-1.948239e-02,7.645513e-06,5.166180e-05,1.843465e-03,7.263124e-02
210239488,3092314,2522873856,7698617,-6.735371e-02,-1.936154e-02,8.724392e-06,5.341360e-05,2.103601e-03,7.509410e-02
210501632,3092372,2526019584,7707968,-6.748066e-02,-1.966648e-02,9.490457e-06,4.904926e-05,2.288313e-03,6.895829e-02
210763776,3092509,2529165312,7717599,-6.757112e-02,-1.947117e-02,1.005598e-05,5.182311e-05,2.424669e-03,7.285804e-02
211025920,3092598,2532311040,7727354,-6.766072e-02,-1.961793e-02,1.063227e-05,4.973163e-05,2.563624e-03,6.991762e-02
211288064,3092609,2535456768,7736724,-6.761912e-02,-1.966072e-02,1.036269e-05,4.912994e-05,2.498622e-03,6.907171e-02
211550208,3092671,2538602496,7746219,-6.776746e-02,-1.987332e-02,1.133980e-05,4.619489e-05,2.734220e-03,6.494533e-02
211812352,3092684,2541748224,7755641,-6.766055e-02,-1.996440e-02,1.063116e-05,4.496501e-05,2.563355e-03,6.321624e-02
212074496,3092790,2544893952,7765183,-6.757908e-02,-1.985216e-02,1.010651e-05,4.648299e-05,2.436853e-03,6.535038e-02
212336640,3092841,2548039680,7774753,-6.770140e-02,-1.998547e-02,1.089922e-05,4.468287e-05,2.627990e-03,6.281959e-02
212598784,3092908,2551185408,7784344,-6.767161e-02,-2.008892e-02,1.070343e-05,4.331058e-05,2.580781e-03,6.089028e-02
212860928,3092925,2554331136,7793873,-6.737085e-02,-2.004839e-02,8.825961e-06,4.384577e-05,2.128091e-03,6.164271e-02
213123072,3093026,2557476864,7803404,-6.732474e-02,-2.023776e-02,8.554106e-06,4.137372e-05,2.062542e-03,5.816726e-02
213385216,3093205,2560622592,7813206,-6.727134e-02,-2.041211e-02,8.244562e-06,3.916116e-05,1.987906e-03,5.505662e-02
213647360,3093301,2563768320,7822796,-6.719936e-02,-2.038365e-02,7.836427e-06,3.951823e-05,1.889498e-03,5.555863e-02
213909504,3095398,2566914048,7832498,-6.706004e-02,-2.053511e-02,7.075792e-06,3.763685e-05,1.706095e-03,5.291359e-02
214171648,3096913,2570059776,7842150,-6.712485e-02,-2.056012e-02,7.424801e-06,3.733057e-05,1.790247e-03,5.248300e-02
214433792,3101064,2573205504,7851817,-6.706624e-02,-2.043708e-02,7.108848e-06,3.884933e-05,1.714066e-03,5.461821e-02
214695936,3121299,2576351232,7861592,-6.689329e-02,-2.043821e-02,6.216468e-06,3.883523e-05,1.498897e-03,5.459840e-02
214958080,3126451,2579496960,7871267,-6.685319e-02,-2.040922e-02,6.018120e-06,3.919737e-05,1.451072e-03,5.510753e-02
215220224,3131788,2582642688,7880899,-6.698883e-02,-2.046270e-02,6.702007e-06,3.853053e-05,1.615969e-03,5.417002e-02
215482368,3137981,2585788416,7890530,-6.701231e-02,-2.040456e-02,6.824152e-06,3.925568e-05,1.645420e-03,5.518951e-02
215744512,3138098,2588934144,7900154,-6.692162e-02,-2.035562e-02,6.358563e-06,3.987144e-05,1.533159e-03,5.605520e-02
216006656,3138252,2592079872,7909621,-6.694745e-02,-2.038733e-02,6.489465e-06,3.947192e-05,1.564722e-03,5.549352e-02
216268800,3138552,2595225600,7919336,-6.716256e-02,-2.051263e-02,7.631716e-06,3.791323e-05,1.840138e-03,5.330216e-02
216530944,3138619,2598371328,7928966,-6.708997e-02,-2.044238e-02,7.235912e-06,3.878323e-05,1.744703e-03,5.452529e-02
216793088,3138641,2601517056,7938420,-6.697886e-02,-2.042430e-02,6.650491e-06,3.900878e-05,1.603548e-03,5.484238e-02
217055232,3138701,2604662784,7948175,-6.697033e-02,-2.039293e-02,6.606564e-06,3.940162e-05,1.592956e-03,5.539469e-02
217317376,3138869,2607808512,7957594,-6.695175e-02,-2.022182e-02,6.511425e-06,4.157904e-05,1.570017e-03,5.845592e-02
217579520,3138967,2610954240,7967079,-6.689293e-02,-2.029255e-02,6.214685e-06,4.067191e-05,1.498468e-03,5.718057e-02
217841664,3139002,2614099968,7976584,-6.693137e-02,-2.024264e-02,6.407844e-06,4.131099e-05,1.545042e-03,5.807906e-02
218103808,3139357,2617245696,7986270,-6.679356e-02,-2.024343e-02,5.729123e-06,4.130079e-05,1.381390e-03,5.806473e-02
218365952,3139408,2620391424,7996053,-6.653980e-02,-2.037822e-02,4.578741e-06,3.958653e-05,1.104013e-03,5.565464e-02
218628096,3139415,2623537152,8005654,-6.652378e-02,-2.042311e-02,4.510412e-06,3.902360e-05,1.087538e-03,5.486322e-02
218890240,3139427,2626682880,8015275,-6.656659e-02,-2.041990e-02,4.694119e-06,3.906375e-05,1.131833e-03,5.491967e-02
219152384,3139696,2629828608,8024896,-6.670552e-02,-2.041407e-02,5.315400e-06,3.913664e-05,1.281635e-03,5.502215e-02
219414528,3139731,2632974336,8034502,-6.659136e-02,-2.039646e-02,4.802047e-06,3.935726e-05,1.157856e-03,5.533230e-02
219676672,3139778,2636120064,8043911,-6.654681e-02,-2.020244e-02,4.608763e-06,4.182939e-05,1.111252e-03,5.880787e-02
219938816,3139804,2639265792,8053532,-6.665009e-02,-2.002738e-02,5.062906e-06,4.412444e-05,1.220754e-03,6.203449e-02
220200960,3139835,2642411520,8063122,-6.681447e-02,-2.012163e-02,5.829641e-06,4.288119e-05,1.405627e-03,6.028660e-02
220463104,3139890,2645557248,8072837,-6.669652e-02,-2.005673e-02,5.273980e-06,4.373528e-05,1.271648e-03,6.148737e-02
220725248,3139979,2648702976,8082462,-6.675137e-02,-2.013944e-02,5.528922e-06,4.264815e-05,1.333118e-03,5.995897e-02
220987392,3140025,2651848704,8092207,-6.667677e-02,-2.019788e-02,5.183651e-06,4.188829e-05,1.249868e-03,5.889069e-02
221249536,3140099,2654994432,8101566,-6.687818e-02,-2.021285e-02,6.141388e-06,4.169476e-05,1.480794e-03,5.861861e-02
221511680,3140177,2658140160,8111106,-6.681591e-02,-2.031449e-02,5.836623e-06,4.039254e-05,1.407310e-03,5.678782e-02
221773824,3140316,2661285888,8120740,-6.670625e-02,-2.044108e-02,5.318767e-06,3.879944e-05,1.282446e-03,5.454808e-02
222035968,3140332,2664431616,8130336,-6.664725e-02,-2.040744e-02,5.050106e-06,3.921961e-05,1.217667e-03,5.513879e-02
222298112,3140367,2667577344,8139979,-6.672955e-02,-2.028414e-02,5.426806e-06,4.077917e-05,1.308496e-03,5.733138e-02
222560256,3140421,2670723072,8149452,-6.655896e-02,-2.010446e-02,4.661086e-06,4.310635e-05,1.123868e-03,6.060316e-02
222822400,3140434,2673868800,8159060,-6.679475e-02,-2.006458e-02,5.734795e-06,4.363160e-05,1.382758e-03,6.134161e-02
223084544,3140600,2677014528,8168924,-6.695259e-02,-2.004508e-02,6.515684e-06,4.388954e-05,1.571044e-03,6.170425e-02
223346688,3140629,2680160256,8178526,-6.703874e-02,-2.002317e-02,6.962922e-06,4.418028e-05,1.678880e-03,6.211299e-02
223608832,3140633,2683305984,8188226,-6.715178e-02,-1.997662e-02,7.572266e-06,4.480136e-05,1.825804e-03,6.298617e-02
223870976,3140712,2686451712,8197591,-6.722022e-02,-1.990774e-02,7.953619e-06,4.572817e-05,1.917754e-03,6.428917e-02
224133120,3140798,2689597440,8206920,-6.731675e-02,-2.003062e-02,8.507406e-06,4.408137e-05,2.051282e-03,6.197393e-02
224395264,3140822,2692743168,8216755,-6.728012e-02,-1.990028e-02,8.295085e-06,4.582917e-05,2.000088e-03,6.443116e-02
224657408,3140922,2695888896,8226268,-6.707542e-02,-1.994631e-02,7.157880e-06,4.520802e-05,1.725888e-03,6.355789e-02
224919552,3140929,2699034624,8236106,-6.711394e-02,-2.000634e-02,7.365436e-06,4.440441e-05,1.775933e-03,6.242809e-02
225181696,3141107,2702180352,8245645,-6.715339e-02,-1.998194e-02,7.581126e-06,4.473018e-05,1.827940e-03,6.288609e-02
225443840,3141215,2705326080,8255151,-6.703033e-02,-1.994530e-02,6.918600e-06,4.522154e-05,1.668194e-03,6.357690e-02
225705984,3141238,2708471808,8264811,-6.711364e-02,-2.005911e-02,7.363818e-06,4.370393e-05,1.775543e-03,6.144329e-02
225968128,3141241,2711617536,8274422,-6.699989e-02,-2.006031e-02,6.759415e-06,4.368804e-05,1.629811e-03,6.142096e-02
226230272,3141246,2714763264,8284070,-6.710340e-02,-1.994742e-02,7.308363e-06,4.519301e-05,1.762172e-03,6.353679e-02
226492416,3141260,2717908992,8293806,-6.712160e-02,-2.003966e-02,7.407067e-06,4.396139e-05,1.785971e-03,6.180526e-02
226754560,3141340,2721054720,8303462,-6.716774e-02,-2.016601e-02,7.660394e-06,4.230191e-05,1.847053e-03,5.947220e-02
227016704,3141716,2724200448,8313079,-6.731857e-02,-2.037271e-02,8.518058e-06,3.965582e-05,2.053850e-03,5.575206e-02
227278848,3141737,2727346176,8322569,-6.730243e-02,-2.042914e-02,8.424076e-06,3.894831e-05,2.031190e-03,5.475736e-02
227540992,3141833,2730491904,8332159,-6.734673e-02,-2.041275e-02,8.683200e-06,3.915316e-05,2.093669e-03,5.504538e-02
227803136,3142020,2733637632,8341643,-6.735411e-02,-2.034997e-02,8.726724e-06,3.994273e-05,2.104164e-03,5.615542e-02
228065280,3142484,2736783360,8351203,-6.730689e-02,-2.030311e-02,8.450002e-06,4.053734e-05,2.037441e-03,5.699138e-02
228327424,3142544,2739929088,8360757,-6.726635e-02,-2.045443e-02,8.215920e-06,3.863332e-05,1.981000e-03,5.431453e-02
228589568,3142649,2743074816,8370348,-6.733607e-02,-2.044360e-02,8.620479e-06,3.876808e-05,2.078546e-03,5.450398e-02
228851712,3143356,2746220544,8380258,-6.737738e-02,-2.055646e-02,8.864784e-06,3.737533e-05,2.137452e-03,5.254592e-02
229113856,3144030,2749366272,8390166,-6.759403e-02,-2.059655e-02,1.020181e-05,3.688680e-05,2.459831e-03,5.185910e-02
229376000,3145776,2752512000,8399798,-6.759372e-02,-2.061862e-02,1.019981e-05,3.661925e-05,2.459349e-03,5.148295e-02
229638144,3148188,2755657728,8409363,-6.750579e-02,-2.073303e-02,9.645928e-06,3.524765e-05,2.325799e-03,4.955461e-02
229900288,3149946,2758803456,8418837,-6.753554e-02,-2.071290e-02,9.831609e-06,3.548702e-05,2.370570e-03,4.989116e-02
230162432,3150241,2761949184,8428418,-6.741899e-02,-2.066743e-02,9.114302e-06,3.603086e-05,2.197615e-03,5.065574e-02
230424576,3151182,2765094912,8438150,-6.743692e-02,-2.081265e-02,9.222860e-06,3.430851e-05,2.223790e-03,4.823428e-02
230686720,3151713,2768240640,8447651,-6.734157e-02,-2.076213e-02,8.652797e-06,3.490287e-05,2.086339e-03,4.906990e-02
230948864,3153276,2771386368,8457104,-6.736352e-02,-2.069652e-02,8.782410e-06,3.568243e-05,2.117590e-03,5.016587e-02
231211008,3153810,2774532096,8466809,-6.724619e-02,-2.089681e-02,8.100791e-06,3.332968e-05,1.953240e-03,4.685815e-02
231473152,3155702,2777677824,8476466,-6.710889e-02,-2.082211e-02,7.338082e-06,3.419786e-05,1.769338e-03,4.807872e-02
231735296,3156356,2780823552,8486174,-6.699277e-02,-2.072318e-02,6.722468e-06,3.536461e-05,1.620903e-03,4.971905e-02
231997440,3160217,2783969280,8495651,-6.706344e-02,-2.077573e-02,7.093878e-06,3.474237e-05,1.710456e-03,4.884426e-02
232259584,3160703,2787115008,8505281,-6.705926e-02,-2.070780e-02,7.071670e-06,3.554783e-05,1.705102e-03,4.997665e-02
232521728,3184517,2790260736,8515008,-6.699692e-02,-2.078665e-02,6.743966e-06,3.461375e-05,1.626086e-03,4.866342e-02
232783872,3190143,2793406464,8524594,-6.682704e-02,-2.079119e-02,5.890494e-06,3.456045e-05,1.420300e-03,4.858848e-02
233046016,3203857,2796552192,8534160,-6.680211e-02,-2.076154e-02,5.770106e-06,3.490985e-05,1.391272e-03,4.907970e-02
233308160,3205107,2799697920,8543691,-6.687053e-02,-2.076761e-02,6.103484e-06,3.483815e-05,1.471655e-03,4.897891e-02
233570304,3210257,2802843648,8553560,-6.677626e-02,-2.070207e-02,5.646604e-06,3.561614e-05,1.361493e-03,5.007268e-02
233832448,3211224,2805989376,8563069,-6.682989e-02,-2.063038e-02,5.904354e-06,3.647702e-05,1.423642e-03,5.128299e-02
234094592,3220774,2809135104,8572639,-6.685898e-02,-2.067114e-02,6.046557e-06,3.598629e-05,1.457929e-03,5.059307e-02
234356736,3262736,2812280832,8582088,-6.695264e-02,-2.089005e-02,6.515950e-06,3.340780e-05,1.571108e-03,4.696798e-02
234618880,3264070,2815426560,8591659,-6.702091e-02,-2.092016e-02,6.869147e-06,3.306060e-05,1.656270e-03,4.647985e-02
234881024,3291216,2818572288,8601095,-6.685065e-02,-2.103725e-02,6.005661e-06,3.172782e-05,1.448068e-03,4.460609e-02
235143168,3529693,2821718016,8610749,-6.670384e-02,-2.102758e-02,5.307673e-06,3.183692e-05,1.279771e-03,4.475948e-02
235405312,3529973,2824863744,8620423,-6.673000e-02,-2.110770e-02,5.428889e-06,3.093916e-05,1.308999e-03,4.349732e-02
235667456,3529983,2828009472,8630068,-6.671271e-02,-2.105414e-02,5.348604e-06,3.153791e-05,1.289641e-03,4.433910e-02
235929600,3530283,2831155200,8639639,-6.688125e-02,-2.111807e-02,6.156574e-06,3.082391e-05,1.484456e-03,4.333529e-02
236191744,3530285,2834300928,8649446,-6.718067e-02,-2.119329e-02,7.732117e-06,2.999435e-05,1.864347e-03,4.216901e-02
236453888,3530342,2837446656,8658903,-6.716216e-02,-2.122740e-02,7.629535e-06,2.962186e-05,1.839612e-03,4.164533e-02
236716032,3530539,2840592384,8668264,-6.714972e-02,-2.112639e-02,7.560953e-06,3.073159e-05,1.823076e-03,4.320550e-02
236978176,3530574,2843738112,8678054,-6.716238e-02,-2.097246e-02,7.630728e-06,3.246197e-05,1.839900e-03,4.563824e-02
237240320,3530589,2846883840,8687653,-6.703610e-02,-2.093079e-02,6.949009e-06,3.293851e-05,1.675526e-03,4.630821e-02
237502464,3530905,2850029568,8697424,-6.698293e-02,-2.109136e-02,6.671527e-06,3.112128e-05,1.608620e-03,4.375335e-02
237764608,3530966,2853175296,8706683,-6.690979e-02,-2.096350e-02,6.299034e-06,3.256408e-05,1.518806e-03,4.578179e-02
238026752,3531035,2856321024,8716353,-6.681062e-02,-2.100890e-02,5.811055e-06,3.204808e-05,1.401145e-03,4.505634e-02
238288896,3531038,2859466752,8725971,-6.688058e-02,-2.100307e-02,6.153284e-06,3.211404e-05,1.483663e-03,4.514908e-02
238551040,3531376,2862612480,8735436,-6.687709e-02,-2.098997e-02,6.135961e-06,3.226268e-05,1.479486e-03,4.535806e-02
238813184,3531445,2865758208,8745018,-6.671908e-02,-2.109471e-02,5.378110e-06,3.108390e-05,1.296755e-03,4.370081e-02
239075328,3531456,2868903936,8754711,-6.659558e-02,-2.099196e-02,4.820579e-06,3.224011e-05,1.162325e-03,4.532632e-02
239337472,3531487,2872049664,8764393,-6.663632e-02,-2.095909e-02,5.001101e-06,3.261453e-05,1.205851e-03,4.585272e-02
239599616,3531666,2875195392,8774049,-6.669595e-02,-2.099983e-02,5.271380e-06,3.215086e-05,1.271021e-03,4.520085e-02
239861760,3531818,2878341120,8783602,-6.668219e-02,-2.109687e-02,5.208379e-06,3.105979e-05,1.255830e-03,4.366691e-02
240123904,3531854,2881486848,8793144,-6.672923e-02,-2.119313e-02,5.425314e-06,2.999612e-05,1.308137e-03,4.217150e-02
240386048,3531898,2884632576,8802820,-6.664450e-02,-2.106507e-02,5.037757e-06,3.141520e-05,1.214690e-03,4.416659e-02
240648192,3532136,2887778304,8812355,-6.670058e-02,-2.089724e-02,5.292647e-06,3.332478e-05,1.276148e-03,4.685126e-02
240910336,3532273,2890924032,8822046,-6.671574e-02,-2.082959e-02,5.362639e-06,3.411041e-05,1.293025e-03,4.795577e-02
241172480,3532281,2894069760,8831668,-6.661748e-02,-2.082002e-02,4.917213e-06,3.422226e-05,1.185625e-03,4.811303e-02
241434624,3532390,2897215488,8841534,-6.664702e-02,-2.077993e-02,5.049068e-06,3.469288e-05,1.217417e-03,4.877467e-02
241696768,3532460,2900361216,8851073,-6.664371e-02,-2.087843e-02,5.034212e-06,3.354230e-05,1.213835e-03,4.715706e-02
241958912,3532477,2903506944,8860557,-6.662632e-02,-2.079688e-02,4.956481e-06,3.449351e-05,1.195093e-03,4.849437e-02
242221056,3532562,2906652672,8870047,-6.655423e-02,-2.079799e-02,4.640712e-06,3.448049e-05,1.118956e-03,4.847608e-02
242483200,3532649,2909798400,8879571,-6.674474e-02,-2.064935e-02,5.497817e-06,3.624825e-05,1.325618e-03,5.096137e-02
242745344,3532744,2912944128,8889145,-6.665083e-02,-2.076761e-02,5.066226e-06,3.483824e-05,1.221554e-03,4.897904e-02
243007488,3532818,2916089856,8898718,-6.676049e-02,-2.084749e-02,5.571892e-06,3.390162e-05,1.343479e-03,4.766224e-02
243269632,3532987,2919235584,8908478,-6.679132e-02,-2.071834e-02,5.718392e-06,3.542221e-05,1.378803e-03,4.980003e-02
243531776,3533092,2922381312,8918038,-6.684686e-02,-2.072312e-02,5.987124e-06,3.536534e-05,1.443599e-03,4.972008e-02
243793920,3533500,2925527040,8927836,-6.705104e-02,-2.062848e-02,7.027991e-06,3.650000e-05,1.694570e-03,5.131530e-02
244056064,3533520,2928672768,8937454,-6.691504e-02,-2.056498e-02,6.325391e-06,3.727121e-05,1.525161e-03,5.239953e-02
244318208,3533539,2931818496,8947356,-6.695290e-02,-2.054546e-02,6.517282e-06,3.750994e-05,1.571429e-03,5.273516e-02
244580352,3533814,2934964224,8956892,-6.676901e-02,-2.075898e-02,5.612203e-06,3.494016e-05,1.353199e-03,4.912232e-02
244842496,3533869,2938109952,8966488,-6.667958e-02,-2.090407e-02,5.196483e-06,3.324597e-05,1.252962e-03,4.674046e-02
245104640,3534040,2941255680,8976182,-6.675481e-02,-2.101121e-02,5.545121e-06,3.202185e-05,1.337024e-03,4.501947e-02
245366784,3534257,2944401408,8985628,-6.670510e-02,-2.095062e-02,5.313476e-06,3.271129e-05,1.281171e-03,4.598876e-02
245628928,3534499,2947547136,8995138,-6.671568e-02,-2.081016e-02,5.362363e-06,3.433773e-05,1.292958e-03,4.827537e-02
245891072,3534797,2950692864,9005008,-6.664225e-02,-2.079847e-02,5.027662e-06,3.447490e-05,1.212256e-03,4.846821e-02
246153216,3535028,2953838592,9014635,-6.660994e-02,-2.087940e-02,4.883831e-06,3.353099e-05,1.177576e-03,4.714117e-02
246415360,3537061,2956984320,9024314,-6.660383e-02,-2.096303e-02,4.856865e-06,3.256950e-05,1.171074e-03,4.578942e-02
246677504,3537681,2960130048,9033884,-6.668126e-02,-2.079853e-02,5.204129e-06,3.447415e-05,1.254805e-03,4.846716e-02
246939648,3538064,2963275776,9043491,-6.663377e-02,-2.086332e-02,4.989711e-06,3.371752e-05,1.203105e-03,4.740341e-02
247201792,3541438,2966421504,9052891,-6.673901e-02,-2.100767e-02,5.470947e-06,3.206202e-05,1.319139e-03,4.507594e-02
247463936,3542304,2969567232,9062642,-6.670954e-02,-2.085116e-02,5.333968e-06,3.385890e-05,1.286112e-03,4.760218e-02
247726080,3544407,2972712960,9072133,-6.680686e-02,-2.095589e-02,5.792965e-06,3.265105e-05,1.396784e-03,4.590406e-02
247988224,3546275,2975858688,9081788,-6.686852e-02,-2.076835e-02,6.093585e-06,3.482945e-05,1.469269e-03,4.896667e-02
248250368,3565490,2979004416,9091257,-6.679700e-02,-2.073946e-02,5.745613e-06,3.517132e-05,1.385366e-03,4.944730e-02
248512512,3566422,2982150144,9100802,-6.682156e-02,-2.071546e-02,5.863943e-06,3.545654e-05,1.413897e-03,4.984830e-02
248774656,3574745,2985295872,9110609,-6.689443e-02,-2.097713e-02,6.222154e-06,3.240879e-05,1.500268e-03,4.556346e-02
249036800,3583996,2988441600,9120204,-6.683287e-02,-2.105249e-02,5.918846e-06,3.155636e-05,1.427136e-03,4.436504e-02
249298944,3584184,2991587328,9129907,-6.696693e-02,-2.118197e-02,6.589110e-06,3.011844e-05,1.588748e-03,4.234347e-02
249561088,3584370,2994733056,9139422,-6.691137e-02,-2.128920e-02,6.306965e-06,2.895305e-05,1.520718e-03,4.070505e-02
249823232,3584690,2997878784,9149128,-6.687661e-02,-2.142332e-02,6.133598e-06,2.752761e-05,1.478916e-03,3.870104e-02
250085376,3584701,3001024512,9158980,-6.682346e-02,-2.136777e-02,5.873148e-06,2.811368e-05,1.416117e-03,3.952498e-02
250347520,3584723,3004170240,9168437,-6.695417e-02,-2.126342e-02,6.523750e-06,2.923112e-05,1.572989e-03,4.109598e-02
250609664,3585081,3007315968,9178011,-6.706508e-02,-2.129981e-02,7.102652e-06,2.883890e-05,1.712572e-03,4.054457e-02
250871808,3585182,3010461696,9187583,-6.726860e-02,-2.119867e-02,8.228824e-06,2.993545e-05,1.984111e-03,4.208621e-02
251133952,3585526,3013607424,9197111,-6.707519e-02,-2.127001e-02,7.156605e-06,2.915984e-05,1.725581e-03,4.099578e-02
251396096,3585633,3016753152,9206751,-6.714658e-02,-2.140142e-02,7.543713e-06,2.775793e-05,1.818919e-03,3.902483e-02
251658240,3585690,3019898880,9216386,-6.721088e-02,-2.132468e-02,7.901050e-06,2.857249e-05,1.905079e-03,4.017002e-02
251920384,3586029,3023044608,9225996,-6.727982e-02,-2.134303e-02,8.293368e-06,2.837662e-05,1.999674e-03,3.989466e-02
252182528,3586054,3026190336,9235338,-6.736062e-02,-2.130192e-02,8.765241e-06,2.881624e-05,2.113451e-03,4.051271e-02
252444672,3586065,3029336064,9245126,-6.724375e-02,-2.128363e-02,8.086886e-06,2.901295e-05,1.949888e-03,4.078927e-02
252706816,3586090,3032481792,9254665,-6.733064e-02,-2.123418e-02,8.588614e-06,2.954817e-05,2.070863e-03,4.154173e-02
252968960,3586217,3035627520,9264111,-6.717832e-02,-2.105892e-02,7.719029e-06,3.148423e-05,1.861191e-03,4.426363e-02
253231104,3586338,3038773248,9273698,-6.711864e-02,-2.101367e-02,7.391016e-06,3.199407e-05,1.782101e-03,4.498041e-02
253493248,3586341,3041918976,9283282,-6.701958e-02,-2.105194e-02,6.862196e-06,3.156258e-05,1.654594e-03,4.437378e-02
253755392,3586499,3045064704,9292750,-6.698881e-02,-2.103952e-02,6.701930e-06,3.170235e-05,1.615951e-03,4.457029e-02
254017536,3586791,3048210432,9302552,-6.694744e-02,-2.101444e-02,6.489428e-06,3.198541e-05,1.564713e-03,4.496824e-02
254279680,3586822,3051356160,9312359,-6.695452e-02,-2.099072e-02,6.525539e-06,3.225420e-05,1.573420e-03,4.534613e-02
254541824,3586823,3054501888,9321803,-6.687343e-02,-2.104592e-02,6.117850e-06,3.163024e-05,1.475119e-03,4.446890e-02
254803968,3587020,3057647616,9331381,-6.685980e-02,-2.103123e-02,6.050625e-06,3.179576e-05,1.458910e-03,4.470161e-02
255066112,3587023,3060793344,9340929,-6.682353e-02,-2.097831e-02,5.873509e-06,3.239530e-05,1.416204e-03,4.554450e-02
255328256,3587245,3063939072,9350585,-6.683373e-02,-2.094573e-02,5.923016e-06,3.276725e-05,1.428141e-03,4.606742e-02
255590400,3587256,3067084800,9360380,-6.669158e-02,-2.088666e-02,5.251351e-06,3.344698e-05,1.266191e-03,4.702305e-02
255852544,3587334,3070230528,9369914,-6.665375e-02,-2.086944e-02,5.079382e-06,3.364654e-05,1.224726e-03,4.730362e-02
256114688,3587617,3073376256,9379672,-6.671343e-02,-2.100017e-02,5.351947e-06,3.214698e-05,1.290447e-03,4.519539e-02
256376832,3587892,3076521984,9389118,-6.681189e-02,-2.087947e-02,5.817199e-06,3.353026e-05,1.402627e-03,4.714014e-02
256638976,3588025,3079667712,9398800,-6.697631e-02,-2.088295e-02,6.637355e-06,3.348997e-05,1.600381e-03,4.708351e-02
256901120,3588140,3082813440,9408469,-6.692953e-02,-2.083564e-02,6.398531e-06,3.403975e-05,1.542796e-03,4.785644e-02
257163264,3588352,3085959168,9418169,-6.689893e-02,-2.084540e-02,6.244625e-06,3.392591e-05,1.505687e-03,4.769639e-02
257425408,3588483,3089104896,9427646,-6.687826e-02,-2.093071e-02,6.141757e-06,3.293945e-05,1.480883e-03,4.630953e-02
257687552,3588531,3092250624,9437369,-6.685272e-02,-2.096699e-02,6.015817e-06,3.252430e-05,1.450517e-03,4.572586e-02
257949696,3588633,3095396352,9446897,-6.691395e-02,-2.116301e-02,6.319920e-06,3.032688e-05,1.523841e-03,4.263652e-02
258211840,3588651,3098542080,9456531,-6.673928e-02,-2.113802e-02,5.472236e-06,3.060280e-05,1.319450e-03,4.302443e-02
258473984,3588819,3101687808,9466434,-6.660685e-02,-2.135405e-02,4.870174e-06,2.825933e-05,1.174283e-03,3.972975e-02
258736128,3589110,3104833536,9475800,-6.651324e-02,-2.132954e-02,4.465775e-06,2.852056e-05,1.076775e-03,4.009701e-02
258998272,3589587,3107979264,9485398,-6.649802e-02,-2.128579e-02,4.401673e-06,2.898974e-05,1.061319e-03,4.075664e-02
259260416,3589666,3111124992,9495108,-6.655449e-02,-2.148510e-02,4.641803e-06,2.688317e-05,1.119219e-03,3.779501e-02
259522560,3590117,3114270720,9504772,-6.653369e-02,-2.151500e-02,4.552632e-06,2.657401e-05,1.097718e-03,3.736037e-02
259784704,3590209,3117416448,9514657,-6.648046e-02,-2.157360e-02,4.328295e-06,2.597331e-05,1.043626e-03,3.651584e-02
260046848,3590331,3120562176,9524312,-6.648299e-02,-2.157417e-02,4.338842e-06,2.596749e-05,1.046169e-03,3.650765e-02
260308992,3590539,3123707904,9534036,-6.638189e-02,-2.162271e-02,3.927865e-06,2.547515e-05,9.470760e-04,3.581548e-02
260571136,3592504,3126853632,9543699,-6.632818e-02,-2.167692e-02,3.717880e-06,2.493086e-05,8.964448e-04,3.505026e-02
260833280,3592644,3129999360,9553505,-6.637823e-02,-2.175555e-02,3.913378e-06,2.415185e-05,9.435829e-04,3.395505e-02
261095424,3592808,3133145088,9562948,-6.635267e-02,-2.201431e-02,3.812922e-06,2.167546e-05,9.193612e-04,3.047349e-02
261357568,3593112,3136290816,9572314,-6.632007e-02,-2.213633e-02,3.686656e-06,2.055412e-05,8.889163e-04,2.889701e-02
261619712,3594120,3139436544,9581705,-6.638905e-02,-2.217563e-02,3.956297e-06,2.019934e-05,9.539313e-04,2.839822e-02
261881856,3594188,3142582272,9591226,-6.645744e-02,-2.227043e-02,4.233031e-06,1.935620e-05,1.020657e-03,2.721285e-02
262144000,3594511,3145728000,9600737,-6.640172e-02,-2.245918e-02,4.006873e-06,1.773098e-05,9.661263e-04,2.492796e-02
262406144,3595289,3148873728,9610348,-6.649711e-02,-2.268445e-02,4.397860e-06,1.588461e-05,1.060400e-03,2.233215e-02
262668288,3595489,3152019456,9619711,-6.653748e-02,-2.263651e-02,4.568830e-06,1.626903e-05,1.101624e-03,2.287261e-02
262930432,3596244,3155165184,9629169,-6.661550e-02,-2.262959e-02,4.908428e-06,1.632495e-05,1.183506e-03,2.295122e-02
263192576,3596326,3158310912,9638811,-6.669557e-02,-2.257033e-02,5.269635e-06,1.680733e-05,1.270600e-03,2.362940e-02
263454720,3596391,3161456640,9648398,-6.673182e-02,-2.267479e-02,5.437364e-06,1.596169e-05,1.311042e-03,2.244051e-02
263716864,3596466,3164602368,9657885,-6.685789e-02,-2.253335e-02,6.041208e-06,1.711189e-05,1.456639e-03,2.405758e-02
263979008,3597375,3167748096,9667320,-6.681091e-02,-2.265427e-02,5.812456e-06,1.612605e-05,1.401483e-03,2.267159e-02
264241152,3597989,3170893824,9677118,-6.679301e-02,-2.266613e-02,5.726484e-06,1.603094e-05,1.380754e-03,2.253788e-02
264503296,3599503,3174039552,9686858,-6.678031e-02,-2.283019e-02,5.665883e-06,1.474415e-05,1.366142e-03,2.072878e-02
264765440,3602055,3177185280,9696314,-6.673954e-02,-2.286486e-02,5.473456e-06,1.447910e-05,1.319745e-03,2.035615e-02
265027584,3602696,3180331008,9705658,-6.691241e-02,-2.288177e-02,6.312206e-06,1.435067e-05,1.521981e-03,2.017558e-02
265289728,3607152,3183476736,9715181,-6.699834e-02,-2.284442e-02,6.751359e-06,1.463504e-05,1.627869e-03,2.057538e-02
265551872,3607860,3186622464,9724842,-6.699272e-02,-2.279400e-02,6.722159e-06,1.502340e-05,1.620828e-03,2.112137e-02
265814016,3615851,3189768192,9734413,-6.697761e-02,-2.281859e-02,6.644075e-06,1.483334e-05,1.602001e-03,2.085418e-02
266076160,3624475,3192913920,9744094,-6.694686e-02,-2.283829e-02,6.486467e-06,1.468198e-05,1.563999e-03,2.064137e-02
266338304,3637483,3196059648,9753669,-6.688782e-02,-2.281353e-02,6.189228e-06,1.487234e-05,1.492329e-03,2.090900e-02
266600448,3650057,3199205376,9763456,-6.697679e-02,-2.272316e-02,6.639851e-06,1.557757e-05,1.600982e-03,2.190048e-02
266862592,3650150,3202351104,9773128,-6.697595e-02,-2.263003e-02,6.635512e-06,1.632135e-05,1.599936e-03,2.294616e-02
267124736,3651273,3205496832,9782477,-6.691030e-02,-2.258186e-02,6.301578e-06,1.671287e-05,1.519419e-03,2.349660e-02
267386880,3660520,3208642560,9792106,-6.683550e-02,-2.260892e-02,5.931650e-06,1.649236e-05,1.430223e-03,2.318658e-02
267649024,3668460,3211788288,9801660,-6.701674e-02,-2.265690e-02,6.847293e-06,1.610496e-05,1.651000e-03,2.264194e-02
267911168,3703990,3214934016,9811275,-6.695237e-02,-2.256645e-02,6.514581e-06,1.683916e-05,1.570778e-03,2.367415e-02
268173312,3709180,3218079744,9820873,-6.682444e-02,-2.249963e-02,5.877916e-06,1.739197e-05,1.417267e-03,2.445134e-02
268435456,3731176,3221225472,9830506,-6.696598e-02,-2.237076e-02,6.584253e-06,1.848343e-05,1.587577e-03,2.598584e-02
268697600,3969181,3224371200,9840121,-6.699321e-02,-2.223382e-02,6.724709e-06,1.967971e-05,1.621443e-03,2.766768e-02
268959744,3969517,3227516928,9849602,-6.684605e-02,-2.232090e-02,5.983150e-06,1.891470e-05,1.442641e-03,2.659215e-02
269221888,3969517,3230662656,9859194,-6.673644e-02,-2.223132e-02,5.458929e-06,1.970186e-05,1.316242e-03,2.769881e-02
269484032,3969843,3233808384,9869054,-6.664868e-02,-2.232456e-02,5.056571e-06,1.888286e-05,1.219226e-03,2.654738e-02
269746176,3969890,3236954112,9878813,-6.678033e-02,-2.230273e-02,5.665954e-06,1.907308e-05,1.366159e-03,2.681481e-02
270008320,3970023,3240099840,9888512,-6.683170e-02,-2.235872e-02,5.913156e-06,1.858717e-05,1.425764e-03,2.613168e-02
270270464,3970056,3243245568,9897860,-6.674130e-02,-2.243123e-02,5.481687e-06,1.796720e-05,1.321729e-03,2.526006e-02
270532608,3970223,3246391296,9907603,-6.668446e-02,-2.237823e-02,5.218757e-06,1.841927e-05,1.258332e-03,2.589562e-02
270794752,3970241,3249537024,9917155,-6.665798e-02,-2.241396e-02,5.098442e-06,1.811387e-05,1.229322e-03,2.546627e-02
271056896,3970511,3252682752,9926902,-6.672230e-02,-2.242276e-02,5.393083e-06,1.803907e-05,1.300365e-03,2.536110e-02
271319040,3970542,3255828480,9936648,-6.671713e-02,-2.244545e-02,5.369060e-06,1.784679e-05,1.294573e-03,2.509078e-02
271581184,3970690,3258974208,9946322,-6.669653e-02,-2.238434e-02,5.274049e-06,1.836688e-05,1.271664e-03,2.582197e-02
271843328,3970897,3262119936,9956005,-6.662766e-02,-2.225300e-02,4.962454e-06,1.950991e-05,1.196533e-03,2.742895e-02
272105472,3970921,3265265664,9965691,-6.662022e-02,-2.228737e-02,4.929348e-06,1.920747e-05,1.188551e-03,2.700375e-02
272367616,3971053,3268411392,9975308,-6.646951e-02,-2.223290e-02,4.282843e-06,1.968789e-05,1.032667e-03,2.767918e-02
272629760,3971148,3271557120,9985020,-6.653980e-02,-2.233712e-02,4.578741e-06,1.877381e-05,1.104013e-03,2.639407e-02
272891904,3971185,3274702848,9994582,-6.646379e-02,-2.239151e-02,4.259223e-06,1.830551e-05,1.026972e-03,2.573569e-02
273154048,3971194,3277848576,10004162,-6.662122e-02,-2.248271e-02,4.933815e-06,1.753343e-05,1.189628e-03,2.465022e-02
273416192,3971275,3280994304,10013755,-6.657281e-02,-2.244286e-02,4.721083e-06,1.786869e-05,1.138335e-03,2.512157e-02
273678336,3971316,3284140032,10023372,-6.647804e-02,-2.247558e-02,4.318256e-06,1.759314e-05,1.041206e-03,2.473417e-02
273940480,3971481,3287285760,10032980,-6.644339e-02,-2.261410e-02,4.175438e-06,1.645036e-05,1.006770e-03,2.312754e-02
274202624,3971798,3290431488,10042623,-6.646968e-02,-2.255789e-02,4.283552e-06,1.690943e-05,1.032838e-03,2.377294e-02
274464768,3971886,3293577216,10052152,-6.648168e-02,-2.246475e-02,4.333380e-06,1.768412e-05,1.044853e-03,2.486208e-02
274726912,3971962,3296722944,10061676,-6.638741e-02,-2.235294e-02,3.949809e-06,1.863701e-05,9.523669e-04,2.620174e-02
274989056,3971974,3299868672,10071328,-6.632138e-02,-2.239449e-02,3.691694e-06,1.827999e-05,8.901309e-04,2.569981e-02
275251200,3972068,3303014400,10080958,-6.638745e-02,-2.237253e-02,3.949957e-06,1.846827e-05,9.524025e-04,2.596451e-02
275513344,3972083,3306160128,10090388,-6.653779e-02,-2.238276e-02,4.570136e-06,1.838039e-05,1.101938e-03,2.584096e-02
275775488,3972331,3309305856,10100004,-6.664001e-02,-2.225864e-02,5.017643e-06,1.946013e-05,1.209840e-03,2.735897e-02
276037632,3972504,3312451584,10109525,-6.660724e-02,-2.225311e-02,4.871884e-06,1.950892e-05,1.174695e-03,2.742757e-02
276299776,3972520,3315597312,10119022,-6.651396e-02,-2.227168e-02,4.468798e-06,1.934520e-05,1.077504e-03,2.719739e-02
276561920,3972637,3318743040,10128741,-6.646149e-02,-2.238603e-02,4.249725e-06,1.835235e-05,1.024682e-03,2.580155e-02
276824064,3972767,3321888768,10138288,-6.633607e-02,-2.239904e-02,3.748341e-06,1.824113e-05,9.037894e-04,2.564518e-02
277086208,3972831,3325034496,10147937,-6.614508e-02,-2.238148e-02,3.045313e-06,1.839138e-05,7.342774e-04,2.585641e-02
277348352,3973041,3328180224,10157555,-6.589951e-02,-2.238065e-02,2.248512e-06,1.839850e-05,5.421549e-04,2.586643e-02
277610496,3973087,3331325952,10167135,-6.600083e-02,-2.223377e-02,2.562638e-06,1.968009e-05,6.178963e-04,2.766821e-02
277872640,3973381,3334471680,10176707,-6.609335e-02,-2.232460e-02,2.867419e-06,1.888250e-05,6.913841e-04,2.654688e-02
278134784,3973436,3337617408,10186625,-6.589938e-02,-2.242300e-02,2.248132e-06,1.803701e-05,5.420634e-04,2.535821e-02
278396928,3973618,3340763136,10196395,-6.602140e-02,-2.253089e-02,2.628923e-06,1.713219e-05,6.338786e-04,2.408612e-02
278659072,3973809,3343908864,10205989,-6.612340e-02,-2.256547e-02,2.970112e-06,1.684715e-05,7.161451e-04,2.368539e-02
278921216,3973947,3347054592,10215567,-6.619339e-02,-2.263368e-02,3.216228e-06,1.629184e-05,7.754880e-04,2.290467e-02
279183360,3974002,3350200320,10225027,-6.624258e-02,-2.278208e-02,3.395076e-06,1.511591e-05,8.186114e-04,2.125143e-02
279445504,3974469,3353346048,10234417,-6.622443e-02,-2.279925e-02,3.328522e-06,1.498270e-05,8.025639e-04,2.106416e-02
279707648,3976652,3356491776,10244146,-6.607106e-02,-2.292148e-02,2.792420e-06,1.405138e-05,6.733005e-04,1.975482e-02
279969792,3977827,3359637504,10253883,-6.595554e-02,-2.298062e-02,2.419704e-06,1.361149e-05,5.834322e-04,1.913637e-02
280231936,3978197,3362783232,10263392,-6.596623e-02,-2.296755e-02,2.453057e-06,1.370815e-05,5.914743e-04,1.927227e-02
280494080,3981158,3365928960,10272748,-6.592955e-02,-2.294889e-02,2.339507e-06,1.384664e-05,5.640953e-04,1.946697e-02
280756224,3983345,3369074688,10282414,-6.596388e-02,-2.294732e-02,2.445711e-06,1.385838e-05,5.897030e-04,1.948347e-02
281018368,3984375,3372220416,10291950,-6.590028e-02,-2.290602e-02,2.250836e-06,1.416755e-05,5.427154e-04,1.991814e-02
281280512,3986180,3375366144,10301722,-6.594644e-02,-2.297237e-02,2.391461e-06,1.367244e-05,5.766226e-04,1.922206e-02
281542656,3995455,3378511872,10311162,-6.592174e-02,-2.305901e-02,2.315682e-06,1.303926e-05,5.583507e-04,1.833187e-02
281804800,4004849,3381657600,10320838,-6.594869e-02,-2.313120e-02,2.398426e-06,1.252310e-05,5.783018e-04,1.760620e-02
282066944,4006067,3384803328,10330540,-6.597335e-02,-2.316443e-02,2.475419e-06,1.228905e-05,5.968663e-04,1.727716e-02
282329088,4014358,3387949056,10340182,-6.596643e-02,-2.322468e-02,2.453711e-06,1.187023e-05,5.916319e-04,1.668834e-02
282591232,4030229,3391094784,10349752,-6.597151e-02,-2.314759e-02,2.469632e-06,1.240737e-05,5.954708e-04,1.744350e-02
282853376,4030243,3394240512,10359312,-6.594970e-02,-2.317284e-02,2.401565e-06,1.223015e-05,5.790587e-04,1.719435e-02
283115520,4030535,3397386240,10368903,-6.597582e-02,-2.312388e-02,2.483186e-06,1.257498e-05,5.987388e-04,1.767915e-02
283377664,4030995,3400531968,10378527,-6.598677e-02,-2.314758e-02,2.517847e-06,1.240747e-05,6.070962e-04,1.744365e-02
283639808,4031213,3403677696,10387951,-6.605037e-02,-2.312881e-02,2.723699e-06,1.254000e-05,6.567306e-04,1.762997e-02
283901952,4031221,3406823424,10397494,-6.607481e-02,-2.307887e-02,2.804984e-06,1.289624e-05,6.763299e-04,1.813080e-02
284164096,4031509,3409969152,10406962,-6.607670e-02,-2.307987e-02,2.811301e-06,1.288906e-05,6.778531e-04,1.812071e-02
284426240,4031595,3413114880,10416547,-6.610341e-02,-2.307078e-02,2.901610e-06,1.295438e-05,6.996281e-04,1.821254e-02
284688384,4031679,3416260608,10426012,-6.589815e-02,-2.310315e-02,2.244447e-06,1.272241e-05,5.411748e-04,1.788641e-02
284950528,4032145,3419406336,10435418,-6.587472e-02,-2.308504e-02,2.174787e-06,1.285196e-05,5.243786e-04,1.806855e-02
285212672,4032279,3422552064,10445114,-6.569882e-02,-2.311521e-02,1.686920e-06,1.263653e-05,4.067456e-04,1.776567e-02
285474816,4032343,3425697792,10454780,-6.578624e-02,-2.298404e-02,1.921662e-06,1.358626e-05,4.633457e-04,1.910091e-02
285736960,4032400,3428843520,10464560,-6.578276e-02,-2.291004e-02,1.912027e-06,1.413730e-05,4.610227e-04,1.987560e-02
285999104,4032509,3431989248,10474577,-6.574464e-02,-2.298817e-02,1.808046e-06,1.355585e-05,4.359511e-04,1.905815e-02
286261248,4032647,3435134976,10484211,-6.573692e-02,-2.300104e-02,1.787348e-06,1.346123e-05,4.309604e-04,1.892512e-02
286523392,4032745,3438280704,10493804,-6.554908e-02,-2.308369e-02,1.320386e-06,1.286163e-05,3.183679e-04,1.808214e-02
286785536,4032944,3441426432,10503704,-6.546727e-02,-2.322220e-02,1.139056e-06,1.188732e-05,2.746461e-04,1.671236e-02
287047680,4033008,3444572160,10513414,-6.546102e-02,-2.320720e-02,1.125752e-06,1.199095e-05,2.714383e-04,1.685806e-02
287309824,4033191,3447717888,10523013,-6.551766e-02,-2.324158e-02,1.249167e-06,1.175406e-05,3.011958e-04,1.652502e-02
287571968,4033550,3450863616,10532591,-6.559123e-02,-2.319502e-02,1.419026e-06,1.207549e-05,3.421515e-04,1.697691e-02
287834112,4033601,3454009344,10542085,-6.560569e-02,-2.315767e-02,1.453689e-06,1.233643e-05,3.505094e-04,1.734376e-02
288096256,4033700,3457155072,10551834,-6.572137e-02,-2.321885e-02,1.746013e-06,1.191042e-05,4.209939e-04,1.674485e-02
288358400,4033752,3460300800,10561432,-6.581026e-02,-2.317789e-02,1.988815e-06,1.219482e-05,4.795374e-04,1.714467e-02
288620544,4033831,3463446528,10571111,-6.582135e-02,-2.294293e-02,2.020228e-06,1.389107e-05,4.871118e-04,1.952944e-02
288882688,4033860,3466592256,10580621,-6.585293e-02,-2.295187e-02,2.111006e-06,1.382451e-05,5.090000e-04,1.943585e-02
289144832,4033959,3469737984,10590267,-6.585581e-02,-2.307519e-02,2.119372e-06,1.292267e-05,5.110170e-04,1.816797e-02
289406976,4034000,3472883712,10599748,-6.569476e-02,-2.310573e-02,1.676408e-06,1.270401e-05,4.042109e-04,1.786055e-02
289669120,4034017,3476029440,10609266,-6.558831e-02,-2.321983e-02,1.412076e-06,1.190365e-05,3.404758e-04,1.673532e-02
289931264,4034125,3479175168,10618847,-6.561304e-02,-2.322081e-02,1.471457e-06,1.189691e-05,3.547937e-04,1.672585e-02
290193408,4034670,3482320896,10628509,-6.566803e-02,-2.317351e-02,1.607898e-06,1.222542e-05,3.876919e-04,1.718770e-02
290455552,4034781,3485466624,10637923,-6.557845e-02,-2.312646e-02,1.388729e-06,1.255669e-05,3.348465e-04,1.765344e-02
290717696,4034932,3488612352,10647646,-6.568962e-02,-2.309254e-02,1.663103e-06,1.279822e-05,4.010028e-04,1.799300e-02
290979840,4034939,3491758080,10657271,-6.568059e-02,-2.307236e-02,1.639913e-06,1.294304e-05,3.954113e-04,1.819660e-02
291241984,4035161,3494903808,10666918,-6.557585e-02,-2.316021e-02,1.382607e-06,1.231862e-05,3.333704e-04,1.731873e-02
291504128,4035193,3498049536,10676436,-6.544863e-02,-2.330122e-02,1.099629e-06,1.134869e-05,2.651395e-04,1.595511e-02
291766272,4035232,3501195264,10686026,-6.543813e-02,-2.327981e-02,1.077707e-06,1.149337e-05,2.598537e-04,1.615851e-02
292028416,4035260,3504340992,10695945,-6.561492e-02,-2.331825e-02,1.476034e-06,1.123420e-05,3.558972e-04,1.579415e-02
292290560,4035385,3507486720,10705737,-6.564935e-02,-2.328966e-02,1.560877e-06,1.142667e-05,3.763543e-04,1.606474e-02
292552704,4035567,3510632448,10715491,-6.563856e-02,-2.324254e-02,1.534018e-06,1.174745e-05,3.698781e-04,1.651572e-02
292814848,4035665,3513778176,10725100,-6.560491e-02,-2.327932e-02,1.451803e-06,1.149671e-05,3.500547e-04,1.616320e-02
293076992,4035980,3516923904,10734719,-6.561410e-02,-2.331791e-02,1.474025e-06,1.123654e-05,3.554129e-04,1.579743e-02
293339136,4036360,3520069632,10744150,-6.548675e-02,-2.325085e-02,1.181024e-06,1.169057e-05,2.847651e-04,1.643576e-02
293601280,4036582,3523215360,10753922,-6.545841e-02,-2.326225e-02,1.120226e-06,1.161274e-05,2.701057e-04,1.632633e-02
293863424,4036822,3526361088,10763412,-6.550536e-02,-2.328458e-02,1.221806e-06,1.146107e-05,2.945984e-04,1.611311e-02
294125568,4037082,3529506816,10773167,-6.548994e-02,-2.317696e-02,1.187965e-06,1.220131e-05,2.864388e-04,1.715380e-02
294387712,4037494,3532652544,10782849,-6.547675e-02,-2.323446e-02,1.159392e-06,1.180292e-05,2.795493e-04,1.659370e-02
294649856,4039040,3535798272,10792626,-6.542415e-02,-2.326685e-02,1.048882e-06,1.158141e-05,2.529035e-04,1.628229e-02
294912000,4039484,3538944000,10802236,-6.548931e-02,-2.331495e-02,1.186601e-06,1.125638e-05,2.861099e-04,1.582532e-02
295174144,4040257,3542089728,10811858,-6.553448e-02,-2.339225e-02,1.287039e-06,1.074367e-05,3.103273e-04,1.510451e-02
295436288,4041329,3545235456,10821542,-6.555190e-02,-2.329633e-02,1.326867e-06,1.138165e-05,3.199304e-04,1.600144e-02
295698432,4042333,3548381184,10830874,-6.549539e-02,-2.316509e-02,1.199867e-06,1.228440e-05,2.893086e-04,1.727062e-02
295960576,4042941,3551526912,10840451,-6.527662e-02,-2.313166e-02,7.684633e-07,1.251984e-05,1.852897e-04,1.760163e-02
296222720,4043431,3554672640,10850193,-6.537135e-02,-2.317134e-02,9.435152e-07,1.224065e-05,2.274978e-04,1.720911e-02
296484864,4044244,3557818368,10859594,-6.532649e-02,-2.311420e-02,8.583784e-07,1.264372e-05,2.069698e-04,1.777579e-02
296747008,4044460,3560964096,10869295,-6.540980e-02,-2.317234e-02,1.019695e-06,1.223363e-05,2.458660e-04,1.719924e-02
297009152,4047371,3564109824,10878968,-6.536205e-02,-2.335590e-02,9.255378e-07,1.098322e-05,2.231631e-04,1.544130e-02
297271296,4049397,3567255552,10888692,-6.540125e-02,-2.329418e-02,1.002494e-06,1.139617e-05,2.417186e-04,1.602186e-02
297533440,4049513,3570401280,10898042,-6.536850e-02,-2.323086e-02,9.379941e-07,1.182767e-05,2.261665e-04,1.662850e-02
297795584,4050659,3573547008,10907676,-6.539827e-02,-2.309482e-02,9.965351e-07,1.278191e-05,2.402818e-04,1.797007e-02
298057728,4051709,3576692736,10917214,-6.547545e-02,-2.302669e-02,1.156585e-06,1.327368e-05,2.788727e-04,1.866145e-02
298319872,4053962,3579838464,10926876,-6.556331e-02,-2.315558e-02,1.353276e-06,1.235114e-05,3.262981e-04,1.736444e-02
298582016,4054223,3582984192,10936572,-6.555175e-02,-2.308109e-02,1.326523e-06,1.288024e-05,3.198476e-04,1.810832e-02
298844160,4055838,3586129920,10946317,-6.559828e-02,-2.309887e-02,1.435867e-06,1.275296e-05,3.462124e-04,1.792937e-02
299106304,4059421,3589275648,10956134,-6.568080e-02,-2.314942e-02,1.640447e-06,1.239448e-05,3.955401e-04,1.742538e-02
299368448,4064207,3592421376,10965690,-6.571324e-02,-2.331421e-02,1.724598e-06,1.126134e-05,4.158302e-04,1.583230e-02
299630592,4066724,3595567104,10975051,-6.555670e-02,-2.333124e-02,1.337961e-06,1.114730e-05,3.226055e-04,1.567198e-02
299892736,4084817,3598712832,10984577,-6.568203e-02,-2.331229e-02,1.643598e-06,1.127419e-05,3.962998e-04,1.585037e-02
300154880,4089664,3601858560,10994464,-6.560045e-02,-2.328877e-02,1.441086e-06,1.143270e-05,3.474707e-04,1.607322e-02
300417024,4091255,3605004288,11004211,-6.561220e-02,-2.319682e-02,1.469416e-06,1.206300e-05,3.543014e-04,1.695935e-02
300679168,4096065,3608150016,11013911,-6.553041e-02,-2.326092e-02,1.277826e-06,1.162182e-05,3.081058e-04,1.633909e-02
300941312,4100191,3611295744,11023491,-6.551643e-02,-2.330861e-02,1.246404e-06,1.129894e-05,3.005295e-04,1.588516e-02
301203456,4114568,3614441472,11033165,-6.565578e-02,-2.319117e-02,1.576985e-06,1.210224e-05,3.802381e-04,1.701452e-02
301465600,4143748,3617587200,11042876,-6.555163e-02,-2.311001e-02,1.326249e-06,1.267350e-05,3.197815e-04,1.781766e-02
301727744,4155068,3620732928,11052298,-6.565291e-02,-2.306416e-02,1.569770e-06,1.300207e-05,3.784985e-04,1.827960e-02
301989888,4170675,3623878656,11061817,-6.565918e-02,-2.315811e-02,1.585529e-06,1.233335e-05,3.822983e-04,1.733944e-02
302252032,4407989,3627024384,11071419,-6.562959e-02,-2.312861e-02,1.511896e-06,1.254143e-05,3.645441e-04,1.763197e-02
302514176,4408219,3630170112,11081003,-6.558598e-02,-2.310391e-02,1.406539e-06,1.271700e-05,3.391408e-04,1.787881e-02
302776320,4408436,3633315840,11090417,-6.553268e-02,-2.319681e-02,1.282952e-06,1.206305e-05,3.093417e-04,1.695943e-02
303038464,4408447,3636461568,11099829,-6.544672e-02,-2.319818e-02,1.095617e-06,1.205352e-05,2.641721e-04,1.694603e-02
303300608,4408803,3639607296,11109690,-6.548702e-02,-2.315501e-02,1.181607e-06,1.235516e-05,2.849057e-04,1.737010e-02
303562752,4408919,3642753024,11119234,-6.555332e-02,-2.318661e-02,1.330147e-06,1.213400e-05,3.207214e-04,1.705917e-02
303824896,4408948,3645898752,11128753,-6.541221e-02,-2.307457e-02,1.024561e-06,1.292711e-05,2.470394e-04,1.817420e-02
304087040,4408979,3649044480,11138347,-6.543431e-02,-2.309809e-02,1.069786e-06,1.275853e-05,2.579438e-04,1.793720e-02
304349184,4409113,3652190208,11148045,-6.541134e-02,-2.318848e-02,1.022797e-06,1.212101e-05,2.466140e-04,1.704091e-02
304611328,4409278,3655335936,11157809,-6.542680e-02,-2.321914e-02,1.054307e-06,1.190843e-05,2.542115e-04,1.674205e-02
304873472,4409388,3658481664,11167369,-6.543650e-02,-2.315399e-02,1.074322e-06,1.236233e-05,2.590375e-04,1.738018e-02
305135616,4409636,3661627392,11176783,-6.538880e-02,-2.319418e-02,9.777182e-07,1.208133e-05,2.357447e-04,1.698512e-02
305397760,4409699,3664773120,11186378,-6.544644e-02,-2.311452e-02,1.095024e-06,1.264141e-05,2.640292e-04,1.777255e-02
305659904,4409814,3667918848,11196014,-6.528668e-02,-2.314601e-02,7.861991e-07,1.241848e-05,1.895661e-04,1.745913e-02
305922048,4409929,3671064576,11205535,-6.531042e-02,-2.307323e-02,8.288578e-07,1.293678e-05,1.998519e-04,1.818780e-02
306184192,4409992,3674210304,11215278,-6.532439e-02,-2.310938e-02,8.544897e-07,1.267798e-05,2.060322e-04,1.782396e-02
306446336,4410102,3677356032,11224967,-6.538716e-02,-2.305895e-02,9.744793e-07,1.303965e-05,2.349638e-04,1.833242e-02
306708480,4410113,3680501760,11234590,-6.555528e-02,-2.311041e-02,1.334671e-06,1.267069e-05,3.218121e-04,1.781370e-02
306970624,4410141,3683647488,11244072,-6.554452e-02,-2.318787e-02,1.309911e-06,1.212524e-05,3.158421e-04,1.704685e-02
307232768,4410347,3686793216,11253715,-6.550867e-02,-2.323105e-02,1.229146e-06,1.182637e-05,2.963684e-04,1.662668e-02
307494912,4410648,3689938944,11263331,-6.545740e-02,-2.314422e-02,1.118082e-06,1.243115e-05,2.695888e-04,1.747694e-02
307757056,4410664,3693084672,11272898,-6.547173e-02,-2.309354e-02,1.148603e-06,1.279105e-05,2.769479e-04,1.798292e-02
308019200,4410814,3696230400,11282534,-6.546668e-02,-2.316129e-02,1.137800e-06,1.231101e-05,2.743433e-04,1.730804e-02
308281344,4410977,3699376128,11292185,-6.546059e-02,-2.331748e-02,1.124851e-06,1.123936e-05,2.712211e-04,1.580140e-02
308543488,4411107,3702521856,11301756,-6.534977e-02,-2.335478e-02,9.020493e-07,1.099068e-05,2.174996e-04,1.545178e-02
308805632,4411129,3705667584,11311206,-6.519741e-02,-2.343583e-02,6.358561e-07,1.045986e-05,1.533159e-04,1.470550e-02
309067776,4411315,3708813312,11320745,-6.520890e-02,-2.342634e-02,6.543106e-07,1.052133e-05,1.577655e-04,1.479193e-02
309329920,4411415,3711959040,11330147,-6.518095e-02,-2.360895e-02,6.098790e-07,9.370054e-06,1.470523e-04,1.317334e-02
309592064,4411488,3715104768,11339680,-6.513485e-02,-2.351488e-02,5.400057e-07,9.954792e-06,1.302047e-04,1.399543e-02
309854208,4411501,3718250496,11349194,-6.516734e-02,-2.361946e-02,5.888035e-07,9.305770e-06,1.419707e-04,1.308297e-02
310116352,4411623,3721396224,11358687,-6.500147e-02,-2.353400e-02,3.617667e-07,9.834517e-06,8.722820e-05,1.382633e-02
310378496,4411690,3724541952,11368222,-6.504442e-02,-2.347251e-02,4.152715e-07,1.022394e-05,1.001291e-04,1.437382e-02
310640640,4411846,3727687680,11377912,-6.490315e-02,-2.343185e-02,2.531550e-07,1.048561e-05,6.104005e-05,1.474170e-02
310902784,4411912,3730833408,11387688,-6.482300e-02,-2.335120e-02,1.789284e-07,1.101446e-05,4.314271e-05,1.548521e-02
311164928,4411941,3733979136,11397031,-6.478265e-02,-2.338036e-02,1.464187e-07,1.082171e-05,3.530406e-05,1.521422e-02
311427072,4412117,3737124864,11406737,-6.472696e-02,-2.348724e-02,1.069037e-07,1.012996e-05,2.577632e-05,1.424169e-02
311689216,4412191,3740270592,11416387,-6.480943e-02,-2.331524e-02,1.676344e-07,1.125439e-05,4.041953e-05,1.582253e-02
311951360,4412581,3743416320,11426159,-6.480724e-02,-2.321110e-02,1.658455e-07,1.196399e-05,3.998820e-05,1.682016e-02
312213504,4412805,3746562048,11435640,-6.474281e-02,-2.330496e-02,1.175178e-07,1.132352e-05,2.833556e-05,1.591972e-02
312475648,4412868,3749707776,11445102,-6.467380e-02,-2.334954e-02,7.496312e-08,1.102545e-05,1.807490e-05,1.550066e-02
312737792,4413162,3752853504,11454676,-6.463911e-02,-2.337539e-02,5.717074e-08,1.085444e-05,1.378485e-05,1.526024e-02
312999936,4413225,3755999232,11464252,-6.466850e-02,-2.361799e-02,7.209041e-08,9.314749e-06,1.738224e-05,1.309559e-02
313262080,4415455,3759144960,11473728,-6.467585e-02,-2.360318e-02,7.608928e-08,9.405379e-06,1.834644e-05,1.322301e-02
313524224,4416772,3762290688,11483309,-6.468762e-02,-2.371231e-02,8.272225e-08,8.747955e-06,1.994576e-05,1.229874e-02
313786368,4417967,3765436416,11493029,-6.466531e-02,-2.362767e-02,7.038819e-08,9.255755e-06,1.697180e-05,1.301265e-02
314048512,4419999,3768582144,11502612,-6.467715e-02,-2.350225e-02,7.681030e-08,1.003464e-05,1.852028e-05,1.410769e-02
314310656,4423742,3771727872,11512287,-6.466006e-02,-2.371191e-02,6.762863e-08,8.750280e-06,1.630643e-05,1.230201e-02
314572800,4424996,3774873600,11521968,-6.470907e-02,-2.359232e-02,9.552577e-08,9.472093e-06,2.303291e-05,1.331680e-02
314834944,4425187,3778019328,11531592,-6.471457e-02,-2.362177e-02,9.895020e-08,9.291694e-06,2.385860e-05,1.306318e-02
315097088,4434941,3781165056,11541251,-6.478485e-02,-2.365123e-02,1.481113e-07,9.112952e-06,3.571218e-05,1.281189e-02
315359232,4443694,3784310784,11550951,-6.480663e-02,-2.370566e-02,1.653482e-07,8.787312e-06,3.986831e-05,1.235407e-02
315621376,4469501,3787456512,11560744,-6.483500e-02,-2.365008e-02,1.892204e-07,9.119925e-06,4.562429e-05,1.282169e-02
315883520,4472739,3790602240,11570223,-6.486129e-02,-2.367960e-02,2.127864e-07,8.942484e-06,5.130647e-05,1.257223e-02
316145664,4473710,3793747968,11579867,-6.488287e-02,-2.366648e-02,2.331583e-07,9.021127e-06,5.621848e-05,1.268279e-02
316407808,4474406,3796893696,11589230,-6.483669e-02,-2.366026e-02,1.906946e-07,9.058525e-06,4.597977e-05,1.273537e-02
316669952,4474479,3800039424,11598773,-6.479286e-02,-2.379166e-02,1.543344e-07,8.284852e-06,3.721269e-05,1.164766e-02
316932096,4474829,3803185152,11608225,-6.479974e-02,-2.379161e-02,1.597909e-07,8.285152e-06,3.852834e-05,1.164808e-02
317194240,4475164,3806330880,11617779,-6.485654e-02,-2.382792e-02,2.084304e-07,8.077397e-06,5.025616e-05,1.135600e-02
317456384,4475354,3809476608,11627512,-6.480152e-02,-2.389780e-02,1.612177e-07,7.685118e-06,3.887236e-05,1.080450e-02
317718528,4475383,3812622336,11637006,-6.479330e-02,-2.389372e-02,1.546800e-07,7.707710e-06,3.729601e-05,1.083626e-02
317980672,4475595,3815768064,11646522,-6.487068e-02,-2.399828e-02,2.215355e-07,7.138070e-06,5.341601e-05,1.003540e-02
318242816,4475885,3818913792,11656196,-6.483008e-02,-2.399644e-02,1.849665e-07,7.147917e-06,4.459861e-05,1.004925e-02
318504960,4476354,3822059520,11665768,-6.487607e-02,-2.415266e-02,2.266424e-07,6.336985e-06,5.464739e-05,8.909158e-03
318767104,4476385,3825205248,11675259,-6.483990e-02,-2.415074e-02,1.935095e-07,6.346667e-06,4.665848e-05,8.922770e-03
319029248,4476598,3828350976,11684764,-6.476849e-02,-2.405666e-02,1.357855e-07,6.829524e-06,3.274022e-05,9.601618e-03
319291392,4476606,3831496704,11694236,-6.475016e-02,-2.409347e-02,1.226137e-07,6.638507e-06,2.956427e-05,9.333067e-03
319553536,4476646,3834642432,11703869,-6.476434e-02,-2.410707e-02,1.327388e-07,6.568595e-06,3.200562e-05,9.234778e-03
319815680,4476717,3837788160,11713566,-6.468334e-02,-2.409695e-02,8.028049e-08,6.620579e-06,1.935701e-05,9.307863e-03
320077824,4477182,3840933888,11723133,-6.475973e-02,-2.411195e-02,1.294049e-07,6.543595e-06,3.120175e-05,9.199631e-03
320339968,4477303,3844079616,11732736,-6.478315e-02,-2.405176e-02,1.468009e-07,6.855172e-06,3.539624e-05,9.637676e-03
320602112,4477347,3847225344,11742129,-6.480924e-02,-2.409229e-02,1.674758e-07,6.644594e-06,4.038129e-05,9.341624e-03
320864256,4477629,3850371072,11751635,-6.477719e-02,-2.409361e-02,1.422690e-07,6.637768e-06,3.430351e-05,9.332028e-03
321126400,4477772,3853516800,11761083,-6.482378e-02,-2.407361e-02,1.795908e-07,6.741258e-06,4.330244e-05,9.477525e-03
321388544,4478017,3856662528,11770573,-6.476773e-02,-2.398864e-02,1.352260e-07,7.189680e-06,3.260532e-05,1.010796e-02
321650688,4478070,3859808256,11780043,-6.473735e-02,-2.406138e-02,1.138033e-07,6.804887e-06,2.743993e-05,9.566979e-03
321912832,4478087,3862953984,11789694,-6.472181e-02,-2.395020e-02,1.035588e-07,7.397286e-06,2.496980e-05,1.039983e-02
322174976,4478147,3866099712,11799185,-6.479131e-02,-2.405960e-02,1.531192e-07,6.814180e-06,3.691968e-05,9.580046e-03
322437120,4478230,3869245440,11808805,-6.482770e-02,-2.401084e-02,1.829214e-07,7.071135e-06,4.410551e-05,9.941299e-03
322699264,4478289,3872391168,11818393,-6.478878e-02,-2.406364e-02,1.511489e-07,6.793085e-06,3.644461e-05,9.550388e-03
322961408,4478726,3875536896,11827801,-6.480302e-02,-2.400129e-02,1.624226e-07,7.121986e-06,3.916287e-05,1.001279e-02
323223552,4479167,3878682624,11837394,-6.486275e-02,-2.412900e-02,2.141358e-07,6.456662e-06,5.163183e-05,9.077412e-03
323485696,4479380,3881828352,11846970,-6.487328e-02,-2.407884e-02,2.239900e-07,6.714106e-06,5.400784e-05,9.439351e-03
323747840,4479414,3884974080,11856472,-6.478085e-02,-2.408062e-02,1.450421e-07,6.704900e-06,3.497214e-05,9.426410e-03
324009984,4479415,3888119808,11866184,-6.472255e-02,-2.405547e-02,1.040388e-07,6.835766e-06,2.508556e-05,9.610394e-03
324272128,4479568,3891265536,11875834,-6.470080e-02,-2.405443e-02,9.047753e-08,6.841192e-06,2.181569e-05,9.618022e-03
324534272,4479835,3894411264,11885704,-6.469677e-02,-2.402686e-02,8.807334e-08,6.986199e-06,2.123600e-05,9.821887e-03
324796416,4479916,3897556992,11895200,-6.478751e-02,-2.411976e-02,1.501599e-07,6.503727e-06,3.620614e-05,9.143581e-03
325058560,4480112,3900702720,11904870,-6.484731e-02,-2.415372e-02,2.000867e-07,6.331679e-06,4.824435e-05,8.901699e-03
325320704,4480633,3903848448,11914351,-6.479470e-02,-2.409266e-02,1.557896e-07,6.642673e-06,3.756356e-05,9.338925e-03
325582848,4480939,3906994176,11924013,-6.479957e-02,-2.400489e-02,1.596539e-07,7.102791e-06,3.849532e-05,9.985803e-03
325844992,4481478,3910139904,11933630,-6.488608e-02,-2.405257e-02,2.362698e-07,6.850930e-06,5.696871e-05,9.631713e-03
326107136,4481726,3913285632,11943120,-6.489415e-02,-2.403940e-02,2.441791e-07,6.920031e-06,5.887579e-05,9.728861e-03
326369280,4482947,3916431360,11952827,-6.491244e-02,-2.404857e-02,2.625907e-07,6.871900e-06,6.331514e-05,9.661194e-03
326631424,4483800,3919577088,11962434,-6.486738e-02,-2.416326e-02,2.184393e-07,6.283766e-06,5.266949e-05,8.834338e-03
326893568,4485111,3922722816,11971922,-6.471164e-02,-2.403554e-02,9.711665e-08,6.940400e-06,2.341650e-05,9.757498e-03
327155712,4485646,3925868544,11981414,-6.473836e-02,-2.396816e-02,1.144829e-07,7.299926e-06,2.760380e-05,1.026295e-02
327417856,4487197,3929014272,11990998,-6.460321e-02,-2.390222e-02,4.129314e-08,7.660579e-06,9.956488e-06,1.077000e-02
327680000,4487644,3932160000,12000704,-6.465692e-02,-2.396527e-02,6.600705e-08,7.315566e-06,1.591544e-05,1.028494e-02
327942144,4489630,3935305728,12010122,-6.458028e-02,-2.391969e-02,3.250149e-08,7.564180e-06,7.836670e-06,1.063447e-02
328204288,4490006,3938451456,12019712,-6.449851e-02,-2.387146e-02,9.704531e-09,7.831798e-06,2.339929e-06,1.101071e-02
328466432,4493191,3941597184,12029465,-6.437521e-02,-2.401415e-02,6.144490e-10,7.053513e-06,1.481542e-07,9.916524e-03
328728576,4493556,3944742912,12039017,-6.436007e-02,-2.398341e-02,1.594813e-09,7.217755e-06,3.845369e-07,1.014743e-02
328990720,4494608,3947888640,12048687,-6.440113e-02,-2.392378e-02,1.265710e-12,7.541718e-06,3.051844e-10,1.060289e-02
329252864,4498009,3951034368,12058424,-6.440603e-02,-2.394024e-02,3.633099e-11,7.451582e-06,8.760028e-09,1.047617e-02
329515008,4498583,3954180096,12068215,-6.420337e-02,-2.414776e-02,3.866268e-08,6.361701e-06,9.322238e-06,8.943907e-03
329777152,4498833,3957325824,12077702,-6.419144e-02,-2.409770e-02,4.349899e-08,6.616746e-06,1.048835e-05,9.302474e-03
330039296,4502987,3960471552,12087124,-6.421100e-02,-2.406831e-02,3.572057e-08,6.768765e-06,8.612846e-06,9.516196e-03
330301440,4508636,3963617280,12096881,-6.435285e-02,-2.402094e-02,2.223568e-09,7.017517e-06,5.361405e-07,9.865916e-03
330563584,4511052,3966763008,12106453,-6.433284e-02,-2.398114e-02,4.511404e-09,7.229991e-06,1.087777e-06,1.016463e-02
330825728,4511541,3969908736,12116242,-6.427193e-02,-2.408311e-02,1.640333e-08,6.691990e-06,3.955126e-06,9.408259e-03
331087872,4514209,3973054464,12125826,-6.419732e-02,-2.404403e-02,4.108145e-08,6.895700e-06,9.905445e-06,9.694654e-03
331350016,4524006,3976200192,12135545,-6.415079e-02,-2.409742e-02,6.210785e-08,6.618164e-06,1.497527e-05,9.304469e-03
331612160,4528154,3979345920,12145056,-6.408259e-02,-2.410536e-02,1.007489e-07,6.577353e-06,2.429229e-05,9.247092e-03
331874304,4530054,3982491648,12154717,-6.394748e-02,-2.397109e-02,2.047797e-07,7.284133e-06,4.937591e-05,1.024075e-02
332136448,4530125,3985637376,12164278,-6.396981e-02,-2.389311e-02,1.850691e-07,7.711093e-06,4.462334e-05,1.084101e-02
332398592,4534541,3988783104,12173870,-6.404040e-02,-2.385180e-02,1.293138e-07,7.942266e-06,3.117978e-05,1.116602e-02
332660736,4538867,3991928832,12183779,-6.410661e-02,-2.377886e-02,8.607709e-08,8.358669e-06,2.075467e-05,1.175144e-02
332922880,4540491,3995074560,12193395,-6.412877e-02,-2.369893e-02,7.356622e-08,8.827256e-06,1.773808e-05,1.241023e-02
333185024,4542816,3998220288,12203020,-6.396725e-02,-2.357635e-02,1.872744e-07,9.570696e-06,4.515507e-05,1.345543e-02
333447168,4549709,4001366016,12212638,-6.394771e-02,-2.353770e-02,2.045640e-07,9.811306e-06,4.932390e-05,1.379370e-02
333709312,4550996,4004511744,12221832,-6.375879e-02,-2.348726e-02,4.111527e-07,1.012984e-05,9.913598e-05,1.424153e-02
333971456,4559509,4007657472,12231267,-6.377513e-02,-2.341057e-02,3.904659e-07,1.062389e-05,9.414807e-05,1.493612e-02
334233600,4560103,4010803200,12240898,-6.373487e-02,-2.324512e-02,4.423956e-07,1.172977e-05,1.066692e-04,1.649087e-02
334495744,4566723,4013948928,12250341,-6.369846e-02,-2.317813e-02,4.921677e-07,1.219314e-05,1.186701e-04,1.714232e-02
334757888,4576896,4017094656,12259806,-6.362825e-02,-2.322339e-02,5.956035e-07,1.187910e-05,1.436102e-04,1.670081e-02
335020032,4582546,4020240384,12269319,-6.359280e-02,-2.329420e-02,6.515772e-07,1.139603e-05,1.571065e-04,1.602166e-02
335282176,4600172,4023386112,12279015,-6.363946e-02,-2.344279e-02,5.784216e-07,1.041491e-05,1.394674e-04,1.464230e-02
335544320,4609910,4026531840,12288670,-6.349692e-02,-2.346926e-02,8.155488e-07,1.024471e-05,1.966429e-04,1.440302e-02
335806464,4847454,4029677568,12298274,-6.344695e-02,-2.353578e-02,9.083156e-07,9.823329e-06,2.190105e-04,1.381060e-02
336068608,4847626,4032823296,12307766,-6.332604e-02,-2.362599e-02,1.153399e-06,9.265992e-06,2.781042e-04,1.302704e-02
336330752,4847864,4035969024,12317232,-6.329011e-02,-2.357170e-02,1.231857e-06,9.599438e-06,2.970220e-04,1.349584e-02
336592896,4847908,4039114752,12326636,-6.319217e-02,-2.352375e-02,1.458868e-06,9.898888e-06,3.517581e-04,1.391683e-02
336855040,4848192,4042260480,12336348,-6.318031e-02,-2.356981e-02,1.487662e-06,9.611157e-06,3.587008e-04,1.351231e-02
337117184,4848305,4045406208,12346164,-6.327627e-02,-2.355502e-02,1.262778e-06,9.703099e-06,3.044774e-04,1.364157e-02
337379328,4848564,4048551936,12355587,-6.338386e-02,-2.349908e-02,1.032540e-06,1.005474e-05,2.489633e-04,1.413594e-02
337641472,4848567,4051697664,12365240,-6.341518e-02,-2.347674e-02,9.698807e-07,1.019688e-05,2.338549e-04,1.433578e-02
337903616,4848665,4054843392,12374871,-6.341647e-02,-2.360801e-02,9.673289e-07,9.375756e-06,2.332396e-04,1.318136e-02
338165760,4848691,4057989120,12384548,-6.335977e-02,-2.363118e-02,1.082089e-06,9.234449e-06,2.609103e-04,1.298270e-02
338427904,4848875,4061134848,12394367,-6.326309e-02,-2.361690e-02,1.292573e-06,9.321401e-06,3.116617e-04,1.310494e-02
338690048,4849189,4064280576,12403938,-6.317797e-02,-2.360096e-02,1.493374e-06,9.418980e-06,3.600781e-04,1.324213e-02
338952192,4849208,4067426304,12413588,-6.315763e-02,-2.369414e-02,1.543482e-06,8.855714e-06,3.721600e-04,1.245023e-02
339214336,4849371,4070572032,12422966,-6.313433e-02,-2.374958e-02,1.601933e-06,8.528868e-06,3.862536e-04,1.199072e-02
339476480,4849456,4073717760,12432437,-6.311454e-02,-2.370471e-02,1.652417e-06,8.792967e-06,3.984261e-04,1.236202e-02
339738624,4849462,4076863488,12442033,-6.317328e-02,-2.370429e-02,1.504850e-06,8.795409e-06,3.628452e-04,1.236545e-02
340000768,4849581,4080009216,12451687,-6.313548e-02,-2.366761e-02,1.599011e-06,9.014325e-06,3.855491e-04,1.267323e-02
340262912,4849592,4083154944,12461429,-6.322642e-02,-2.375582e-02,1.377303e-06,8.492419e-06,3.320915e-04,1.193948e-02
340525056,4849902,4086300672,12471137,-6.319382e-02,-2.387224e-02,1.454875e-06,7.827462e-06,3.507954e-04,1.100462e-02
340787200,4850018,4089446400,12480683,-6.314882e-02,-2.392961e-02,1.565460e-06,7.509740e-06,3.774594e-04,1.055793e-02
341049344,4850056,4092592128,12490324,-6.331088e-02,-2.387822e-02,1.186195e-06,7.794030e-06,2.860121e-04,1.095762e-02
341311488,4850273,4095737856,12499972,-6.331637e-02,-2.386079e-02,1.174264e-06,7.891638e-06,2.831353e-04,1.109484e-02
341573632,4850297,4098883584,12509600,-6.324431e-02,-2.381604e-02,1.335635e-06,8.145086e-06,3.220447e-04,1.145117e-02
341835776,4850641,4102029312,12519293,-6.306195e-02,-2.389633e-02,1.790397e-06,7.693248e-06,4.316956e-04,1.081593e-02
342097920,4850706,4105175040,12528632,-6.294478e-02,-2.394273e-02,2.117680e-06,7.438012e-06,5.106091e-04,1.045709e-02
342360064,4850850,4108320768,12538254,-6.290924e-02,-2.399102e-02,2.222378e-06,7.176950e-06,5.358537e-04,1.009006e-02
342622208,4850964,4111466496,12547853,-6.294076e-02,-2.394438e-02,2.129384e-06,7.428993e-06,5.134312e-04,1.044441e-02
342884352,4850992,4114612224,12557396,-6.286082e-02,-2.392682e-02,2.369092e-06,7.525031e-06,5.712290e-04,1.057943e-02
343146496,4851109,4117757952,12567164,-6.285642e-02,-2.385034e-02,2.382644e-06,7.950488e-06,5.744965e-04,1.117758e-02
343408640,4851157,4120903680,12576668,-6.281367e-02,-2.385222e-02,2.516452e-06,7.939904e-06,6.067600e-04,1.116270e-02
343670784,4851265,4124049408,12586378,-6.271944e-02,-2.369705e-02,2.824283e-06,8.838405e-06,6.809833e-04,1.242590e-02
343932928,4851317,4127195136,12596020,-6.275274e-02,-2.373282e-02,2.713478e-06,8.627032e-06,6.542663e-04,1.212873e-02
344195072,4851355,4130340864,12605492,-6.282137e-02,-2.381550e-02,2.492093e-06,8.148159e-06,6.008866e-04,1.145549e-02
344457216,4851484,4133486592,12615188,-6.280328e-02,-2.377508e-02,2.549535e-06,8.380569e-06,6.147369e-04,1.178223e-02
344719360,4851776,4136632320,12624719,-6.274213e-02,-2.379192e-02,2.748544e-06,8.283318e-06,6.627213e-04,1.164551e-02
344981504,4851844,4139778048,12634290,-6.279308e-02,-2.384866e-02,2.582212e-06,7.959934e-06,6.226159e-04,1.119086e-02
345243648,4851846,4142923776,12643906,-6.279751e-02,-2.386697e-02,2.567984e-06,7.856996e-06,6.191853e-04,1.104614e-02
345505792,4851870,4146069504,12653448,-6.276961e-02,-2.388294e-02,2.658166e-06,7.767710e-06,6.409296e-04,1.092061e-02
345767936,4852088,4149215232,12663197,-6.267948e-02,-2.381372e-02,2.960182e-06,8.158339e-06,7.137508e-04,1.146980e-02
346030080,4852545,4152360960,12672622,-6.270480e-02,-2.379174e-02,2.873706e-06,8.284391e-06,6.928999e-04,1.164701e-02
346292224,4852758,4155506688,12682204,-6.270251e-02,-2.376610e-02,2.881466e-06,8.432652e-06,6.947710e-04,1.185545e-02
346554368,4853129,4158652416,12691719,-6.277245e-02,-2.369193e-02,2.648917e-06,8.868910e-06,6.386996e-04,1.246879e-02
346816512,4854906,4161798144,12701265,-6.265443e-02,-2.356870e-02,3.047029e-06,9.618065e-06,7.346912e-04,1.352202e-02
347078656,4856461,4164943872,12710934,-6.260689e-02,-2.351002e-02,3.215240e-06,9.985446e-06,7.752496e-04,1.403852e-02
347340800,4858650,4168089600,12720567,-6.265810e-02,-2.341000e-02,3.034219e-06,1.062761e-05,7.316025e-04,1.494134e-02
347602944,4859716,4171235328,12730133,-6.257521e-02,-2.346589e-02,3.329854e-06,1.026633e-05,8.028852e-04,1.443341e-02
347865088,4864645,4174381056,12739855,-6.263815e-02,-2.334681e-02,3.104128e-06,1.104359e-05,7.484588e-04,1.552617e-02
348127232,4864811,4177526784,12749385,-6.267372e-02,-2.336170e-02,2.980059e-06,1.094487e-05,7.185435e-04,1.538738e-02
348389376,4864820,4180672512,12759080,-6.262179e-02,-2.328795e-02,3.162049e-06,1.143823e-05,7.624245e-04,1.608100e-02
348651520,4874852,4183818240,12768784,-6.266394e-02,-2.338649e-02,3.013904e-06,1.078146e-05,7.267040e-04,1.515764e-02
348913664,4883097,4186963968,12778477,-6.264216e-02,-2.336845e-02,3.090020e-06,1.090022e-05,7.450570e-04,1.532460e-02
349175808,4908929,4190109696,12787849,-6.266458e-02,-2.331265e-02,3.011679e-06,1.127180e-05,7.261678e-04,1.584701e-02
349437952,4912111,4193255424,12797591,-6.259333e-02,-2.335481e-02,3.264053e-06,1.099047e-05,7.870193e-04,1.545149e-02
349700096,4913469,4196401152,12807378,-6.260725e-02,-2.339958e-02,3.213957e-06,1.069562e-05,7.749404e-04,1.503695e-02
349962240,4914144,4199546880,12816877,-6.265014e-02,-2.351100e-02,3.062004e-06,9.979279e-06,7.383018e-04,1.402985e-02
350224384,4921368,4202692608,12826641,-6.274943e-02,-2.356946e-02,2.724387e-06,9.613352e-06,6.568967e-04,1.351540e-02
350486528,4921492,4205838336,12836072,-6.274720e-02,-2.360644e-02,2.731746e-06,9.385397e-06,6.586711e-04,1.319492e-02
350748672,4922162,4208984064,12845642,-6.278982e-02,-2.360626e-02,2.592687e-06,9.386481e-06,6.251414e-04,1.319644e-02
351010816,4922271,4212129792,12855268,-6.272939e-02,-2.356574e-02,2.790951e-06,9.636420e-06,6.729463e-04,1.354783e-02
351272960,4922381,4215275520,12865151,-6.274412e-02,-2.342554e-02,2.741952e-06,1.052652e-05,6.611319e-04,1.479922e-02
351535104,4922630,4218421248,12874843,-6.277230e-02,-2.341727e-02,2.649403e-06,1.058028e-05,6.388166e-04,1.487479e-02
351797248,4922921,4221566976,12884368,-6.281484e-02,-2.333638e-02,2.512742e-06,1.111303e-05,6.058654e-04,1.562379e-02
352059392,4923484,4224712704,12894078,-6.287812e-02,-2.325649e-02,2.316135e-06,1.165207e-05,5.584601e-04,1.638163e-02
352321536,4923533,4227858432,12903813,-6.298166e-02,-2.329613e-02,2.011702e-06,1.138297e-05,4.850559e-04,1.600329e-02
352583680,4923620,4231004160,12913447,-6.299650e-02,-2.330123e-02,1.969821e-06,1.134863e-05,4.749577e-04,1.595502e-02
352845824,4923684,4234149888,12923000,-6.300443e-02,-2.333974e-02,1.947632e-06,1.109061e-05,4.696075e-04,1.559227e-02
353107968,4923814,4237295616,12932642,-6.291208e-02,-2.336752e-02,2.213901e-06,1.090634e-05,5.338096e-04,1.533321e-02
353370112,4923981,4240441344,12942184,-6.293131e-02,-2.334416e-02,2.157045e-06,1.106123e-05,5.201007e-04,1.555096e-02
353632256,4924363,4243587072,12951899,-6.282965e-02,-2.326611e-02,2.466003e-06,1.158645e-05,5.945960e-04,1.628937e-02
353894400,4924568,4246732800,12961267,-6.288667e-02,-2.326238e-02,2.290174e-06,1.161189e-05,5.522004e-04,1.632513e-02
354156544,4924603,4249878528,12970628,-6.284645e-02,-2.323424e-02,2.413519e-06,1.180443e-05,5.819410e-04,1.659583e-02
354418688,4924659,4253024256,12980214,-6.290026e-02,-2.324812e-02,2.249227e-06,1.170923e-05,5.423273e-04,1.646199e-02
354680832,4925084,4256169984,12989366,-6.293480e-02,-2.320517e-02,2.146815e-06,1.200502e-05,5.176341e-04,1.687783e-02
354942976,4925093,4259315712,12998841,-6.297105e-02,-2.322405e-02,2.041910e-06,1.187459e-05,4.923398e-04,1.669447e-02
355205120,4925095,4262461440,13008294,-6.296005e-02,-2.319008e-02,2.073460e-06,1.210987e-05,4.999469e-04,1.702525e-02
355467264,4925102,4265607168,13017980,-6.288860e-02,-2.315651e-02,2.284337e-06,1.234458e-05,5.507931e-04,1.735522e-02
355729408,4925445,4268752896,13027760,-6.285621e-02,-2.297690e-02,2.383288e-06,1.363897e-05,5.746518e-04,1.917501e-02
355991552,4925483,4271898624,13037459,-6.291420e-02,-2.291855e-02,2.207608e-06,1.407336e-05,5.322924e-04,1.978571e-02
356253696,4925623,4275044352,13046993,-6.292039e-02,-2.284865e-02,2.189248e-06,1.460272e-05,5.278654e-04,2.052994e-02
356515840,4925837,4278190080,13056767,-6.293684e-02,-2.279083e-02,2.140837e-06,1.504795e-05,5.161926e-04,2.115589e-02
356777984,4926200,4281335808,13066159,-6.298053e-02,-2.274246e-02,2.014915e-06,1.542557e-05,4.858308e-04,2.168679e-02
357040128,4926443,4284481536,13075495,-6.310161e-02,-2.272139e-02,1.685817e-06,1.559151e-05,4.064796e-04,2.192008e-02
357302272,4926554,4287627264,13085336,-6.306968e-02,-2.270504e-02,1.769761e-06,1.572093e-05,4.267198e-04,2.210203e-02
357564416,4926865,4290772992,13095023,-6.311970e-02,-2.284146e-02,1.639169e-06,1.465772e-05,3.952318e-04,2.060727e-02
357826560,4926903,4293918720,13104549,-6.300559e-02,-2.286322e-02,1.944389e-06,1.449155e-05,4.688256e-04,2.037366e-02
358088704,4926971,4297064448,13113982,-6.300414e-02,-2.277276e-02,1.948422e-06,1.518844e-05,4.697980e-04,2.135340e-02
358350848,4927188,4300210176,13123596,-6.302956e-02,-2.281810e-02,1.878099e-06,1.483713e-05,4.528420e-04,2.085950e-02
358612992,4927582,4303355904,13133198,-6.300061e-02,-2.286110e-02,1.958294e-06,1.450772e-05,4.721782e-04,2.039639e-02
358875136,4927882,4306501632,13142787,-6.296039e-02,-2.295491e-02,2.072473e-06,1.380191e-05,4.997089e-04,1.940409e-02
359137280,4928234,4309647360,13152377,-6.296078e-02,-2.305814e-02,2.071358e-06,1.304552e-05,4.994400e-04,1.834069e-02
359399424,4928734,4312793088,13161925,-6.304537e-02,-2.295392e-02,1.835035e-06,1.380923e-05,4.424586e-04,1.941438e-02
359661568,4929798,4315938816,13171600,-6.291244e-02,-2.298839e-02,2.212837e-06,1.355422e-05,5.335530e-04,1.905586e-02
359923712,4930062,4319084544,13181177,-6.295086e-02,-2.289322e-02,2.100022e-06,1.426408e-05,5.063515e-04,2.005384e-02
360185856,4931028,4322230272,13190715,-6.301742e-02,-2.281095e-02,1.911533e-06,1.489227e-05,4.609034e-04,2.093702e-02
360448000,4932958,4325376000,13200294,-6.308413e-02,-2.284480e-02,1.731512e-06,1.463213e-05,4.174974e-04,2.057129e-02
360710144,4933154,4328521728,13209896,-6.306183e-02,-2.292145e-02,1.790716e-06,1.405159e-05,4.317725e-04,1.975512e-02
360972288,4934388,4331667456,13219490,-6.301592e-02,-2.299243e-02,1.915697e-06,1.352450e-05,4.619074e-04,1.901408e-02
361234432,4935107,4334813184,13229016,-6.303582e-02,-2.304030e-02,1.860984e-06,1.317469e-05,4.487153e-04,1.852228e-02
361496576,4937150,4337958912,13238484,-6.312563e-02,-2.311976e-02,1.624037e-06,1.260422e-05,3.915833e-04,1.772026e-02
361758720,4938106,4341104640,13248520,-6.318481e-02,-2.310116e-02,1.476686e-06,1.273664e-05,3.560544e-04,1.790642e-02
362020864,4938700,4344250368,13258108,-6.317015e-02,-2.299942e-02,1.512537e-06,1.347318e-05,3.646987e-04,1.894192e-02
362283008,4940189,4347396096,13267648,-6.307319e-02,-2.305748e-02,1.760436e-06,1.305029e-05,4.244715e-04,1.834738e-02
362545152,4940901,4350541824,13277309,-6.291900e-02,-2.314648e-02,2.193373e-06,1.241520e-05,5.288600e-04,1.745451e-02
362807296,4942235,4353687552,13287119,-6.302615e-02,-2.323646e-02,1.887463e-06,1.178923e-05,4.550999e-04,1.657446e-02
363069440,4942758,4356833280,13296557,-6.299274e-02,-2.319573e-02,1.980397e-06,1.207053e-05,4.775078e-04,1.696994e-02
363331584,4945343,4359979008,13305973,-6.298336e-02,-2.330168e-02,2.006886e-06,1.134555e-05,4.838947e-04,1.595070e-02
363593728,4945994,4363124736,13315433,-6.295002e-02,-2.321145e-02,2.102463e-06,1.196160e-05,5.069401e-04,1.681679e-02
363855872,4955542,4366270464,13324861,-6.289683e-02,-2.324461e-02,2.259541e-06,1.173327e-05,5.448143e-04,1.649578e-02
364118016,4958442,4369416192,13334422,-6.287459e-02,-2.327375e-02,2.326874e-06,1.153452e-05,5.610494e-04,1.621636e-02
364380160,4960201,4372561920,13344149,-6.293587e-02,-2.328177e-02,2.143672e-06,1.148011e-05,5.168763e-04,1.613987e-02
364642304,4961322,4375707648,13353694,-6.292110e-02,-2.324454e-02,2.187154e-06,1.173378e-05,5.273605e-04,1.649650e-02
364904448,4967348,4378853376,13363379,-6.296160e-02,-2.327377e-02,2.068999e-06,1.153440e-05,4.988714e-04,1.621620e-02
365166592,4969794,4381999104,13373184,-6.290065e-02,-2.325063e-02,2.248043e-06,1.169206e-05,5.420418e-04,1.643785e-02
365428736,4971139,4385144832,13382891,-6.285885e-02,-2.335924e-02,2.375151e-06,1.096112e-05,5.726899e-04,1.541023e-02
365690880,4978283,4388290560,13392418,-6.294595e-02,-2.341533e-02,2.114277e-06,1.059289e-05,5.097886e-04,1.489253e-02
365953024,4978346,4391436288,13402112,-6.298584e-02,-2.349976e-02,1.999841e-06,1.005043e-05,4.821962e-04,1.412988e-02
366215168,4982176,4394582016,13411847,-6.301948e-02,-2.349327e-02,1.905851e-06,1.009159e-05,4.595334e-04,1.418775e-02
366477312,4987569,4397727744,13421443,-6.297484e-02,-2.360014e-02,2.031087e-06,9.424011e-06,4.897300e-04,1.324920e-02
366739456,4988985,4400873472,13431120,-6.306098e-02,-2.373264e-02,1.792990e-06,8.628061e-06,4.323208e-04,1.213018e-02
367001600,4990137,4404019200,13440949,-6.311212e-02,-2.378776e-02,1.658629e-06,8.307277e-06,3.999239e-04,1.167919e-02
367263744,4990435,4407164928,13450543,-6.317431e-02,-2.388656e-02,1.502328e-06,7.747539e-06,3.622372e-04,1.089225e-02
367525888,5006830,4410310656,13460050,-6.319474e-02,-2.386519e-02,1.452647e-06,7.866939e-06,3.502582e-04,1.106012e-02
367788032,5007212,4413456384,13469684,-6.324388e-02,-2.393922e-02,1.336617e-06,7.457156e-06,3.222814e-04,1.048400e-02
368050176,5013924,4416602112,13479430,-6.325097e-02,-2.393159e-02,1.320284e-06,7.498893e-06,3.183432e-04,1.054268e-02
368312320,5022051,4419747840,13488915,-6.329852e-02,-2.391036e-02,1.213272e-06,7.615598e-06,2.925408e-04,1.070676e-02
368574464,5024427,4422893568,13498516,-6.339160e-02,-2.391428e-02,1.016883e-06,7.594014e-06,2.451881e-04,1.067641e-02
368836608,5048291,4426039296,13508184,-6.348648e-02,-2.391022e-02,8.345245e-07,7.616400e-06,2.012183e-04,1.070789e-02
369098752,5049745,4429185024,13517757,-6.344184e-02,-2.377469e-02,9.180698e-07,8.382823e-06,2.213624e-04,1.178540e-02
369360896,5287144,4432330752,13527577,-6.347027e-02,-2.374602e-02,8.644083e-07,8.549639e-06,2.084237e-04,1.201993e-02
369623040,5287160,4435476480,13537438,-6.357191e-02,-2.370504e-02,6.857410e-07,8.791012e-06,1.653440e-04,1.235927e-02
369885184,5287639,4438622208,13547142,-6.351016e-02,-2.355794e-02,7.918244e-07,9.684889e-06,1.909225e-04,1.361597e-02
370147328,5287680,4441767936,13556765,-6.362404e-02,-2.362320e-02,6.021187e-07,9.282987e-06,1.451812e-04,1.305094e-02
370409472,5287927,4444913664,13566408,-6.354588e-02,-2.357081e-02,7.295331e-07,9.604979e-06,1.759030e-04,1.350363e-02
370671616,5288161,4448059392,13576117,-6.368318e-02,-2.371370e-02,5.138314e-07,8.739694e-06,1.238936e-04,1.228712e-02
370933760,5288314,4451205120,13585794,-6.374011e-02,-2.373415e-02,4.354554e-07,8.619221e-06,1.049958e-04,1.211775e-02
371195904,5288320,4454350848,13595417,-6.385029e-02,-2.376385e-02,3.021825e-07,8.445681e-06,7.286140e-05,1.187377e-02
371458048,5288322,4457496576,13604939,-6.389489e-02,-2.374065e-02,2.551382e-07,8.581115e-06,6.151823e-05,1.206418e-02
371720192,5288412,4460642304,13614495,-6.390588e-02,-2.379406e-02,2.441570e-07,8.271004e-06,5.887047e-05,1.162819e-02
371982336,5288641,4463788032,13623871,-6.380253e-02,-2.380652e-02,3.569698e-07,8.199538e-06,8.607158e-05,1.152772e-02
372244480,5288833,4466933760,13633558,-6.387032e-02,-2.377578e-02,2.805653e-07,8.376525e-06,6.764912e-05,1.177655e-02
372506624,5289043,4470079488,13643265,-6.401059e-02,-2.369455e-02,1.516417e-07,8.853330e-06,3.656343e-05,1.244688e-02
372768768,5289058,4473225216,13652785,-6.399692e-02,-2.369849e-02,1.624766e-07,8.829868e-06,3.917591e-05,1.241390e-02
373030912,5289145,4476370944,13662403,-6.392164e-02,-2.374580e-02,2.288326e-07,8.550946e-06,5.517549e-05,1.202176e-02
373293056,5289286,4479516672,13672040,-6.394749e-02,-2.369365e-02,2.047662e-07,8.858673e-06,4.937266e-05,1.245440e-02
373555200,5289452,4482662400,13681553,-6.394854e-02,-2.362838e-02,2.038166e-07,9.251437e-06,4.914368e-05,1.300658e-02
373817344,5289619,4485808128,13690981,-6.407252e-02,-2.369043e-02,1.072450e-07,8.877854e-06,2.585862e-05,1.248136e-02
374079488,5289621,4488953856,13700786,-6.410000e-02,-2.375313e-02,9.000305e-08,8.508146e-06,2.170129e-05,1.196159e-02
374341632,5289923,4492099584,13710600,-6.413133e-02,-2.379901e-02,7.218647e-08,8.242583e-06,1.740540e-05,1.158824e-02
374603776,5290070,4495245312,13720315,-6.403708e-02,-2.366008e-02,1.317147e-07,9.059624e-06,3.175869e-05,1.273691e-02
374865920,5290271,4498391040,13729924,-6.400793e-02,-2.361336e-02,1.537204e-07,9.343070e-06,3.706463e-05,1.313541e-02
375128064,5290418,4501536768,13739651,-6.397069e-02,-2.358043e-02,1.843070e-07,9.545428e-06,4.443959e-05,1.341990e-02
375390208,5290597,4504682496,13749386,-6.395996e-02,-2.354957e-02,1.936406e-07,9.737094e-06,4.669009e-05,1.368937e-02
375652352,5290609,4507828224,13759027,-6.408505e-02,-2.353686e-02,9.919410e-08,9.816581e-06,2.391741e-05,1.380112e-02
375914496,5290847,4510973952,13768698,-6.412830e-02,-2.358641e-02,7.382106e-08,9.508530e-06,1.779953e-05,1.336803e-02
376176640,5290863,4514119680,13778195,-6.411020e-02,-2.346479e-02,8.398708e-08,1.027335e-05,2.025073e-05,1.444328e-02
376438784,5291121,4517265408,13787681,-6.406431e-02,-2.351131e-02,1.126900e-07,9.977337e-06,2.717151e-05,1.402712e-02
376700928,5291211,4520411136,13797354,-6.411465e-02,-2.346358e-02,8.142875e-08,1.028116e-05,1.963388e-05,1.445427e-02
376963072,5291246,4523556864,13806899,-6.428970e-02,-2.355782e-02,1.216574e-08,9.685677e-06,2.933368e-06,1.361708e-02
377225216,5291333,4526702592,13816521,-6.429137e-02,-2.359706e-02,1.180036e-08,9.442948e-06,2.845270e-06,1.327583e-02
377487360,5291453,4529848320,13826006,-6.438551e-02,-2.343345e-02,2.100001e-10,1.047527e-05,5.063463e-08,1.472717e-02
377749504,5291523,4532994048,13835604,-6.440183e-02,-2.343341e-02,3.332057e-12,1.047551e-05,8.034163e-10,1.472751e-02
378011648,5291567,4536139776,13845208,-6.460162e-02,-2.339119e-02,4.064768e-08,1.075056e-05,9.800857e-06,1.511420e-02
378273792,5291718,4539285504,13854768,-6.464276e-02,-2.345663e-02,5.892990e-08,1.032571e-05,1.420901e-05,1.451690e-02
378535936,5291769,4542431232,13864195,-6.468509e-02,-2.343331e-02,8.127574e-08,1.047613e-05,1.959698e-05,1.472838e-02
378798080,5291849,4545576960,13873729,-6.461850e-02,-2.351677e-02,4.774038e-08,9.942865e-06,1.151103e-05,1.397866e-02
379060224,5291986,4548722688,13883272,-6.465888e-02,-2.355896e-02,6.701775e-08,9.678548e-06,1.615913e-05,1.360706e-02
379322368,5292268,4551868416,13892865,-6.476018e-02,-2.352415e-02,1.297267e-07,9.896380e-06,3.127935e-05,1.391331e-02
379584512,5292890,4555014144,13902558,-6.474197e-02,-2.356354e-02,1.169413e-07,9.650105e-06,2.819655e-05,1.356707e-02
379846656,5293133,4558159872,13912149,-6.473658e-02,-2.360314e-02,1.132861e-07,9.405619e-06,2.731523e-05,1.322335e-02
380108800,5294711,4561305600,13921788,-6.466300e-02,-2.355927e-02,6.916797e-08,9.676659e-06,1.667759e-05,1.360440e-02
380370944,5295166,4564451328,13931509,-6.465232e-02,-2.363241e-02,6.366607e-08,9.226957e-06,1.535099e-05,1.297216e-02
380633088,5296679,4567597056,13941152,-6.473593e-02,-2.366634e-02,1.128452e-07,9.021955e-06,2.720891e-05,1.268395e-02
380895232,5299343,4570742784,13950858,-6.467412e-02,-2.371809e-02,7.513866e-08,8.713744e-06,1.811723e-05,1.225064e-02
381157376,5299620,4573888512,13960528,-6.468536e-02,-2.365102e-02,8.142875e-08,9.114223e-06,1.963388e-05,1.281367e-02
381419520,5304796,4577034240,13970286,-6.473911e-02,-2.359219e-02,1.149927e-07,9.472907e-06,2.772672e-05,1.331795e-02
381681664,5304935,4580179968,13979896,-6.478348e-02,-2.357469e-02,1.470580e-07,9.580946e-06,3.545821e-05,1.346984e-02
381943808,5305780,4583325696,13989462,-6.466489e-02,-2.366119e-02,7.016303e-08,9.052909e-06,1.691751e-05,1.272747e-02
382205952,5315035,4586471424,13999296,-6.471581e-02,-2.363804e-02,9.973454e-08,9.192758e-06,2.404771e-05,1.292408e-02
382468096,5322979,4589617152,14008992,-6.475766e-02,-2.349584e-02,1.279190e-07,1.007531e-05,3.084348e-05,1.416487e-02
382730240,5348692,4592762880,14018683,-6.481796e-02,-2.350570e-02,1.746866e-07,1.001282e-05,4.211994e-05,1.407701e-02
382992384,5351878,4595908608,14028327,-6.474697e-02,-2.356113e-02,1.203855e-07,9.665086e-06,2.902701e-05,1.358813e-02
383254528,5353823,4599054336,14037942,-6.459141e-02,-2.359836e-02,3.663603e-08,9.434959e-06,8.833578e-06,1.326459e-02
383516672,5354091,4602200064,14047475,-6.453355e-02,-2.351469e-02,1.783405e-08,9.955991e-06,4.300098e-06,1.399711e-02
383778816,5369105,4605345792,14057225,-6.456508e-02,-2.357660e-02,2.725224e-08,9.569095e-06,6.570984e-06,1.345318e-02
384040960,5369148,4608491520,14066757,-6.453077e-02,-2.368687e-02,1.710147e-08,8.899067e-06,4.123459e-06,1.251119e-02
384303104,5369785,4611637248,14076284,-6.444235e-02,-2.368541e-02,1.793446e-09,8.907771e-06,4.324308e-07,1.252342e-02
384565248,5369975,4614782976,14086081,-6.445823e-02,-2.368446e-02,3.390300e-09,8.913476e-06,8.174599e-07,1.253144e-02
384827392,5370085,4617928704,14095751,-6.439324e-02,-2.368598e-02,4.566619e-11,8.904402e-06,1.101091e-08,1.251869e-02
385089536,5370382,4621074432,14105379,-6.431408e-02,-2.371231e-02,7.382263e-09,8.747900e-06,1.779991e-06,1.229866e-02
385351680,5370394,4624220160,14114735,-6.442642e-02,-2.377255e-02,6.980037e-10,8.395221e-06,1.683007e-07,1.180283e-02
385613824,5370977,4627365888,14124297,-6.436804e-02,-2.375735e-02,1.021633e-09,8.483507e-06,2.463333e-07,1.192695e-02
385875968,5371123,4630511616,14133811,-6.438595e-02,-2.373048e-02,1.974529e-10,8.640802e-06,4.760930e-08,1.214809e-02
386138112,5371335,4633657344,14143430,-6.437647e-02,-2.373830e-02,5.539614e-10,8.594860e-06,1.335696e-07,1.208350e-02
386400256,5371528,4636803072,14153344,-6.436861e-02,-2.383145e-02,9.857557e-10,8.057377e-06,2.376827e-07,1.132786e-02
386662400,5371616,4639948800,14163103,-6.432657e-02,-2.378920e-02,5.392394e-09,8.299001e-06,1.300199e-06,1.166755e-02
386924544,5371761,4643094528,14172802,-6.436738e-02,-2.381656e-02,1.063976e-09,8.142099e-06,2.565429e-07,1.144697e-02
387186688,5372145,4646240256,14182558,-6.444773e-02,-2.373829e-02,2.278002e-09,8.594925e-06,5.492655e-07,1.208359e-02
387448832,5372315,4649385984,14192247,-6.442674e-02,-2.371115e-02,7.150348e-10,8.754766e-06,1.724072e-07,1.230831e-02
387710976,5372440,4652531712,14201896,-6.447903e-02,-2.365931e-02,6.245473e-09,9.064222e-06,1.505891e-06,1.274338e-02
387973120,5372444,4655677440,14211467,-6.441338e-02,-2.365674e-02,1.790577e-10,9.079706e-06,4.317388e-08,1.276515e-02
388235264,5372732,4658823168,14221303,-6.440990e-02,-2.359954e-02,9.804607e-11,9.427728e-06,2.364060e-08,1.325443e-02
388497408,5372756,4661968896,14230740,-6.435526e-02,-2.364330e-02,2.001733e-09,9.160934e-06,4.826524e-07,1.287934e-02
388759552,5372819,4665114624,14240300,-6.425984e-02,-2.360383e-02,1.964492e-08,9.401381e-06,4.736727e-06,1.321739e-02
389021696,5373011,4668260352,14249827,-6.437095e-02,-2.356442e-02,8.438917e-10,9.644609e-06,2.034768e-07,1.355934e-02
389283840,5373306,4671406080,14259389,-6.432138e-02,-2.357793e-02,6.180873e-09,9.560868e-06,1.490315e-06,1.344161e-02
389545984,5373425,4674551808,14269119,-6.436988e-02,-2.351610e-02,9.073769e-10,9.947084e-06,2.187842e-07,1.398459e-02
389808128,5373569,4677697536,14278934,-6.443772e-02,-2.351776e-02,1.422971e-09,9.936594e-06,3.431028e-07,1.396984e-02
390070272,5373614,4680843264,14288365,-6.438969e-02,-2.353847e-02,1.063292e-10,9.806476e-06,2.563779e-08,1.378691e-02
390332416,5373793,4683988992,14297931,-6.440929e-02,-2.350709e-02,8.632034e-11,1.000402e-05,2.081332e-08,1.406464e-02
390594560,5374294,4687134720,14307560,-6.443033e-02,-2.347451e-02,9.199886e-10,1.021116e-05,2.218251e-07,1.435586e-02
390856704,5374399,4690280448,14317288,-6.443875e-02,-2.353094e-02,1.501022e-09,9.853674e-06,3.619221e-07,1.385327e-02
391118848,5374755,4693426176,14327038,-6.440980e-02,-2.351293e-02,9.599127e-11,9.967067e-06,2.314515e-08,1.401269e-02
391380992,5374806,4696571904,14336771,-6.442721e-02,-2.353610e-02,7.403580e-10,9.821309e-06,1.785131e-07,1.380776e-02
391643136,5374819,4699717632,14346429,-6.441523e-02,-2.362302e-02,2.319220e-10,9.284088e-06,5.592040e-08,1.305249e-02
391905280,5374985,4702863360,14356008,-6.442837e-02,-2.364880e-02,8.049597e-10,9.127656e-06,1.940896e-07,1.283256e-02
392167424,5375504,4706009088,14365553,-6.444056e-02,-2.363091e-02,1.644587e-09,9.236045e-06,3.965383e-07,1.298494e-02
392429568,5375601,4709154816,14375094,-6.457859e-02,-2.359850e-02,3.189188e-08,9.434112e-06,7.689681e-06,1.326341e-02
392691712,5376022,4712300544,14384694,-6.456649e-02,-2.369208e-02,2.771914e-08,8.868012e-06,6.683563e-06,1.246753e-02
392953856,5376516,4715446272,14394641,-6.453006e-02,-2.371750e-02,1.691491e-08,8.717263e-06,4.078477e-06,1.225559e-02
393216000,5377958,4718592000,14404484,-6.452916e-02,-2.374204e-02,1.668123e-08,8.572933e-06,4.022130e-06,1.205267e-02
393478144,5378781,4721737728,14414145,-6.449708e-02,-2.370436e-02,9.423287e-09,8.795000e-06,2.272117e-06,1.236488e-02
393740288,5378920,4724883456,14423730,-6.449135e-02,-2.374902e-02,8.345109e-09,8.532122e-06,2.012149e-06,1.199530e-02
394002432,5379297,4728029184,14433338,-6.443273e-02,-2.384363e-02,1.070791e-09,7.988348e-06,2.581863e-07,1.123081e-02
394264576,5380985,4731174912,14443128,-6.445970e-02,-2.390506e-02,3.563380e-09,7.644874e-06,8.591922e-07,1.074792e-02
394526720,5381256,4734320640,14452720,-6.451076e-02,-2.379546e-02,1.226785e-08,8.262970e-06,2.957990e-06,1.161690e-02
394788864,5381984,4737466368,14462397,-6.448510e-02,-2.387751e-02,7.242100e-09,7.797973e-06,1.746195e-06,1.096316e-02
395051008,5382229,4740612096,14471547,-6.454140e-02,-2.394198e-02,1.999314e-08,7.442067e-06,4.820692e-06,1.046279e-02
395313152,5383091,4743757824,14481138,-6.453416e-02,-2.394882e-02,1.799761e-08,7.404817e-06,4.339532e-06,1.041042e-02
395575296,5384700,4746903552,14490658,-6.451047e-02,-2.404003e-02,1.220357e-08,6.916719e-06,2.942490e-06,9.724205e-03
395837440,5386976,4750049280,14500206,-6.440441e-02,-2.394466e-02,1.945466e-11,7.427470e-06,4.690853e-09,1.044227e-02
396099584,5387856,4753195008,14509692,-6.435338e-02,-2.397927e-02,2.173264e-09,7.240011e-06,5.240115e-07,1.017872e-02
396361728,5388602,4756340736,14519246,-6.430931e-02,-2.400528e-02,8.225750e-09,7.100706e-06,1.983370e-06,9.982873e-03
396623872,5391628,4759486464,14528920,-6.425539e-02,-2.400289e-02,2.091157e-08,7.113478e-06,5.042139e-06,1.000083e-02
396886016,5393288,4762632192,14538562,-6.427795e-02,-2.405632e-02,1.489571e-08,6.831345e-06,3.591611e-06,9.604177e-03
397148160,5393868,4765777920,14548264,-6.417416e-02,-2.397611e-02,5.100461e-08,7.257061e-06,1.229809e-05,1.020269e-02
397410304,5403133,4768923648,14558101,-6.427869e-02,-2.404654e-02,1.471620e-08,6.882519e-06,3.548330e-06,9.676123e-03
397672448,5406274,4772069376,14567940,-6.426921e-02,-2.412648e-02,1.710732e-08,6.469495e-06,4.124869e-06,9.095453e-03
397934592,5406910,4775215104,14577246,-6.424547e-02,-2.407728e-02,2.388029e-08,6.722178e-06,5.757950e-06,9.450700e-03
398196736,5409277,4778360832,14586801,-6.416305e-02,-2.422080e-02,5.614569e-08,5.998560e-06,1.353769e-05,8.433367e-03
398458880,5409465,4781506560,14596517,-6.409387e-02,-2.422815e-02,9.371524e-08,5.962647e-06,2.259636e-05,8.382877e-03
398721024,5409778,4784652288,14606065,-6.412514e-02,-2.417608e-02,7.554767e-08,6.219636e-06,1.821585e-05,8.744177e-03
398983168,5418096,4787798016,14615632,-6.424727e-02,-2.418877e-02,2.332856e-08,6.156500e-06,5.624918e-06,8.655415e-03
399245312,5418802,4790943744,14625106,-6.420404e-02,-2.425090e-02,3.839943e-08,5.852023e-06,9.258762e-06,8.227351e-03
399507456,5426947,4794089472,14634659,-6.422316e-02,-2.430329e-02,3.127485e-08,5.601310e-06,7.540906e-06,7.874873e-03
399769600,5428585,4797235200,14644182,-6.426005e-02,-2.427575e-02,1.958648e-08,5.732449e-06,4.722637e-06,8.059242e-03
400031744,5430299,4800380928,14653756,-6.428201e-02,-2.426937e-02,1.392103e-08,5.763020e-06,3.356599e-06,8.102223e-03
400293888,5430358,4803526656,14663449,-6.431391e-02,-2.423731e-02,7.411739e-09,5.917976e-06,1.787098e-06,8.320075e-03
400556032,5435225,4806672384,14673058,-6.441204e-02,-2.425462e-02,1.447856e-10,5.834058e-06,3.491029e-08,8.202094e-03
400818176,5437615,4809818112,14682585,-6.438765e-02,-2.431440e-02,1.525982e-10,5.548833e-06,3.679404e-08,7.801095e-03
401080320,5454497,4812963840,14692246,-6.430952e-02,-2.437490e-02,8.186603e-09,5.267497e-06,1.973931e-06,7.405567e-03
401342464,5454645,4816109568,14701901,-6.429547e-02,-2.443920e-02,1.092686e-08,4.976447e-06,2.634655e-06,6.996379e-03
401604608,5461546,4819255296,14711517,-6.430779e-02,-2.445841e-02,8.502386e-09,4.891144e-06,2.050072e-06,6.876452e-03
401866752,5461899,4822401024,14720912,-6.429595e-02,-2.452145e-02,1.082740e-08,4.616251e-06,2.610673e-06,6.489981e-03
402128896,5472211,4825546752,14730876,-6.416690e-02,-2.451222e-02,5.433855e-08,4.656020e-06,1.310196e-05,6.545892e-03
402391040,5489204,4828692480,14740407,-6.404629e-02,-2.456045e-02,1.251100e-07,4.450217e-06,3.016617e-05,6.256553e-03
402653184,5495453,4831838208,14750090,-6.399652e-02,-2.465165e-02,1.628011e-07,4.073734e-06,3.925415e-05,5.727257e-03
402915328,5726378,4834983936,14759925,-6.405642e-02,-2.470444e-02,1.180496e-07,3.863412e-06,2.846380e-05,5.431564e-03
403177472,5726463,4838129664,14769628,-6.396282e-02,-2.470955e-02,1.911309e-07,3.843353e-06,4.608495e-05,5.403364e-03
403439616,5726789,4841275392,14779219,-6.398423e-02,-2.466740e-02,1.728665e-07,4.010387e-06,4.168109e-05,5.638197e-03
403701760,5727080,4844421120,14788822,-6.408963e-02,-2.454602e-02,9.632881e-08,4.511275e-06,2.322654e-05,6.342394e-03
403963904,5727261,4847566848,14798402,-6.420484e-02,-2.458865e-02,3.808762e-08,4.332023e-06,9.183583e-06,6.090385e-03
404226048,5727344,4850712576,14808077,-6.416028e-02,-2.457615e-02,5.746685e-08,4.384222e-06,1.385625e-05,6.163771e-03
404488192,5727644,4853858304,14817470,-6.419969e-02,-2.454997e-02,4.012364e-08,4.494540e-06,9.674501e-06,6.318867e-03
404750336,5727645,4857004032,14827076,-6.424746e-02,-2.449814e-02,2.326942e-08,4.716980e-06,5.610659e-06,6.631595e-03
405012480,5727916,4860149760,14836639,-6.424128e-02,-2.440149e-02,2.519195e-08,5.146154e-06,6.074213e-06,7.234971e-03
405274624,5727923,4863295488,14846122,-6.428992e-02,-2.442124e-02,1.211812e-08,5.056940e-06,2.921887e-06,7.109545e-03
405536768,5727970,4866441216,14855950,-6.427480e-02,-2.446888e-02,1.567493e-08,4.844911e-06,3.779496e-06,6.811453e-03
405798912,5728224,4869586944,14865461,-6.420753e-02,-2.461079e-02,3.704503e-08,4.240346e-06,8.932195e-06,5.961497e-03
406061056,5728322,4872732672,14875085,-6.417491e-02,-2.458657e-02,5.066528e-08,4.340681e-06,1.221627e-05,6.102556e-03
406323200,5728333,4875878400,14884671,-6.414360e-02,-2.451369e-02,6.574316e-08,4.649672e-06,1.585181e-05,6.536967e-03
406585344,5728582,4879024128,14894192,-6.417872e-02,-2.458283e-02,4.896583e-08,4.356264e-06,1.180650e-05,6.124465e-03
406847488,5728854,4882169856,14903673,-6.410304e-02,-2.455488e-02,8.818393e-08,4.473713e-06,2.126267e-05,6.289588e-03
407109632,5728989,4885315584,14912943,-6.408536e-02,-2.456317e-02,9.899708e-08,4.438750e-06,2.386990e-05,6.240433e-03
407371776,5729286,4888461312,14922336,-6.410589e-02,-2.448774e-02,8.650167e-08,4.762276e-06,2.085704e-05,6.695276e-03
407633920,5729444,4891607040,14931857,-6.422726e-02,-2.446028e-02,2.983970e-08,4.882851e-06,7.194865e-06,6.864793e-03
407896064,5729445,4894752768,14941562,-6.421335e-02,-2.445465e-02,3.483895e-08,4.907759e-06,8.400270e-06,6.899812e-03
408158208,5729738,4897898496,14951063,-6.416826e-02,-2.442360e-02,5.370475e-08,5.046298e-06,1.294914e-05,7.094582e-03
408420352,5729915,4901044224,14960459,-6.419519e-02,-2.445601e-02,4.194673e-08,4.901745e-06,1.011408e-05,6.891356e-03
408682496,5730048,4904189952,14970058,-6.420052e-02,-2.446909e-02,3.979301e-08,4.844000e-06,9.594779e-06,6.810173e-03
408944640,5730060,4907335680,14979594,-6.422099e-02,-2.456136e-02,3.204374e-08,4.446351e-06,7.726298e-06,6.251118e-03
409206784,5730195,4910481408,14989354,-6.417150e-02,-2.471085e-02,5.221310e-08,3.838271e-06,1.258948e-05,5.396220e-03
409468928,5730353,4913627136,14999031,-6.418487e-02,-2.466798e-02,4.628009e-08,4.008082e-06,1.115893e-05,5.634957e-03
409731072,5730434,4916772864,15008596,-6.423453e-02,-2.465018e-02,2.738030e-08,4.079691e-06,6.601863e-06,5.735632e-03
409993216,5730564,4919918592,15018166,-6.424198e-02,-2.467036e-02,2.497012e-08,3.998571e-06,6.020726e-06,5.621585e-03
410255360,5730664,4923064320,15027856,-6.428720e-02,-2.461653e-02,1.272424e-08,4.216744e-06,3.068034e-06,5.928315e-03
410517504,5730674,4926210048,15037449,-6.428714e-02,-2.456960e-02,1.273769e-08,4.411659e-06,3.071277e-06,6.202345e-03
410779648,5730961,4929355776,15047174,-6.429078e-02,-2.451681e-02,1.193021e-08,4.636235e-06,2.876580e-06,6.518075e-03
411041792,5731040,4932501504,15056866,-6.420575e-02,-2.456030e-02,3.773366e-08,4.450830e-06,9.098236e-06,6.257416e-03
411303936,5731078,4935647232,15066365,-6.422408e-02,-2.461528e-02,3.094894e-08,4.221879e-06,7.462322e-06,5.935534e-03
411566080,5731198,4938792960,15075852,-6.430832e-02,-2.459877e-02,8.405111e-09,4.290008e-06,2.026617e-06,6.031317e-03
411828224,5731297,4941938688,15085387,-6.432123e-02,-2.453651e-02,6.205499e-09,4.551790e-06,1.496253e-06,6.399355e-03
412090368,5731356,4945084416,15094884,-6.431925e-02,-2.454743e-02,6.521668e-09,4.505318e-06,1.572487e-06,6.334020e-03
412352512,5731428,4948230144,15104196,-6.440835e-02,-2.456338e-02,6.963319e-11,4.437856e-06,1.678976e-08,6.239175e-03
412614656,5731771,4951375872,15113772,-6.438281e-02,-2.454482e-02,2.957004e-10,4.516380e-06,7.129844e-08,6.349572e-03
412876800,5731864,4954521600,15123403,-6.441302e-02,-2.464913e-02,1.694205e-10,4.083921e-06,4.085021e-08,5.741578e-03
413138944,5732676,4957667328,15133149,-6.441394e-02,-2.462070e-02,1.943246e-10,4.199626e-06,4.685501e-08,5.904248e-03
413401088,5732948,4960813056,15142638,-6.440894e-02,-2.458551e-02,7.993606e-11,4.345114e-06,1.927396e-08,6.108789e-03
413663232,5734092,4963958784,15152179,-6.448186e-02,-2.469344e-02,6.700982e-09,3.906807e-06,1.615722e-06,5.492575e-03
413925376,5734391,4967104512,15161845,-6.447782e-02,-2.471718e-02,6.054997e-09,3.813497e-06,1.459964e-06,5.361390e-03
414187520,5736157,4970250240,15171294,-6.439666e-02,-2.461410e-02,1.114131e-11,4.226718e-06,2.686362e-09,5.942337e-03
414449664,5739103,4973395968,15180834,-6.437071e-02,-2.453727e-02,8.578006e-10,4.548539e-06,2.068305e-07,6.394785e-03
414711808,5739659,4976541696,15190368,-6.441989e-02,-2.440263e-02,3.954371e-10,5.140967e-06,9.534669e-08,7.227678e-03
414973952,5744323,4979687424,15199956,-6.442808e-02,-2.431414e-02,7.885559e-10,5.550079e-06,1.901344e-07,7.802848e-03
415236096,5744438,4982833152,15209703,-6.444170e-02,-2.443439e-02,1.738344e-09,4.997944e-06,4.191446e-07,7.026602e-03
415498240,5746541,4985978880,15219067,-6.439850e-02,-2.441097e-02,2.265077e-12,5.103229e-06,5.461491e-10,7.174622e-03
415760384,5754564,4989124608,15228899,-6.438503e-02,-2.440449e-02,2.242706e-10,5.132549e-06,5.407551e-08,7.215843e-03
416022528,5762594,4992270336,15238546,-6.438110e-02,-2.434660e-02,3.572903e-10,5.398197e-06,8.614884e-08,7.589317e-03
416284672,5787912,4995416064,15248157,-6.446032e-02,-2.448235e-02,3.638490e-09,4.785823e-06,8.773027e-07,6.728383e-03
416546816,5791263,4998561792,15257772,-6.453933e-02,-2.454539e-02,1.941169e-08,4.513950e-06,4.680494e-06,6.346154e-03
416808960,5793066,5001707520,15267459,-6.450137e-02,-2.456464e-02,1.027489e-08,4.432552e-06,2.477454e-06,6.231718e-03
417071104,5793951,5004853248,15277222,-6.439891e-02,-2.451886e-02,1.199540e-12,4.627384e-06,2.892299e-10,6.505632e-03
417333248,5816265,5007998976,15286759,-6.440561e-02,-2.449760e-02,3.147532e-11,4.719319e-06,7.589242e-09,6.634883e-03
417595392,5816461,5011144704,15296623,-6.442255e-02,-2.451161e-02,5.082976e-10,4.658657e-06,1.225593e-07,6.549599e-03
417857536,5816942,5014290432,15306362,-6.435704e-02,-2.444646e-02,1.845566e-09,4.944131e-06,4.449977e-07,6.950946e-03
418119680,5817259,5017436160,15316006,-6.422423e-02,-2.442426e-02,3.089653e-08,5.043344e-06,7.449686e-06,7.090430e-03
418381824,5817338,5020581888,15325720,-6.420066e-02,-2.449677e-02,3.973655e-08,4.722945e-06,9.581166e-06,6.639982e-03
418643968,5817560,5023727616,15335198,-6.426127e-02,-2.455054e-02,1.924596e-08,4.492108e-06,4.640533e-06,6.315447e-03
418906112,5817673,5026873344,15344502,-6.426959e-02,-2.455380e-02,1.700806e-08,4.478293e-06,4.100937e-06,6.296026e-03
419168256,5818231,5030019072,15354178,-6.424911e-02,-2.457065e-02,2.276979e-08,4.407286e-06,5.490188e-06,6.196197e-03
419430400,5818279,5033164800,15363900,-6.429927e-02,-2.459514e-02,1.014691e-08,4.305044e-06,2.446593e-06,6.052455e-03
419692544,5818415,5036310528,15373622,-6.433732e-02,-2.466623e-02,3.929000e-09,4.015110e-06,9.473495e-07,5.644838e-03
419954688,5818636,5039456256,15383082,-6.433737e-02,-2.462410e-02,3.923398e-09,4.185690e-06,9.459988e-07,5.884655e-03
420216832,5818885,5042601984,15392515,-6.437550e-02,-2.459124e-02,6.001279e-10,4.321253e-06,1.447012e-07,6.075243e-03
420478976,5819047,5045747712,15402074,-6.427352e-02,-2.450910e-02,1.599746e-08,4.669478e-06,3.857263e-06,6.564812e-03
420741120,5819125,5048893440,15411639,-6.424194e-02,-2.448325e-02,2.498425e-08,4.781872e-06,6.024133e-06,6.722826e-03
421003264,5819456,5052039168,15420999,-6.424142e-02,-2.446643e-02,2.514703e-08,4.855732e-06,6.063382e-06,6.826667e-03
421265408,5819597,5055184896,15430710,-6.431694e-02,-2.437492e-02,6.898810e-09,5.267369e-06,1.663422e-06,7.405387e-03
421527552,5819789,5058330624,15440331,-6.429299e-02,-2.444042e-02,1.145172e-08,4.971047e-06,2.761206e-06,6.988787e-03
421789696,5819948,5061476352,15450069,-6.436266e-02,-2.448581e-02,1.394448e-09,4.770669e-06,3.362255e-07,6.707077e-03
422051840,5820100,5064622080,15459549,-6.424516e-02,-2.451598e-02,2.397710e-08,4.639797e-06,5.781292e-06,6.523083e-03
422313984,5820135,5067767808,15469152,-6.433089e-02,-2.447496e-02,4.776411e-09,4.818200e-06,1.151675e-06,6.773899e-03
422576128,5820252,5070913536,15478576,-6.436370e-02,-2.445392e-02,1.318175e-09,4.910995e-06,3.178347e-07,6.904360e-03
422838272,5820428,5074059264,15488036,-6.445342e-02,-2.444260e-02,2.852971e-09,4.961317e-06,6.879005e-07,6.975108e-03
423100416,5820717,5077204992,15497892,-6.444290e-02,-2.446353e-02,1.840448e-09,4.868497e-06,4.437638e-07,6.844613e-03
423362560,5820778,5080350720,15507502,-6.440710e-02,-2.449856e-02,5.041573e-11,4.715152e-06,1.215610e-08,6.629026e-03
423624704,5820966,5083496448,15517033,-6.440281e-02,-2.439269e-02,7.889744e-12,5.186145e-06,1.902353e-09,7.291194e-03
423886848,5821049,5086642176,15526702,-6.431950e-02,-2.432205e-02,6.480817e-09,5.512868e-06,1.562637e-06,7.750534e-03
424148992,5821092,5089787904,15536410,-6.436436e-02,-2.430532e-02,1.270465e-09,5.591721e-06,3.063309e-07,7.861393e-03
424411136,5821296,5092933632,15545955,-6.437492e-02,-2.434944e-02,6.289389e-10,5.385006e-06,1.516480e-07,7.570772e-03
424673280,5821868,5096079360,15555586,-6.445738e-02,-2.429773e-02,3.292111e-09,5.627640e-06,7.937847e-07,7.911892e-03
424935424,5822033,5099225088,15565159,-6.443170e-02,-2.438683e-02,1.004558e-09,5.212852e-06,2.422163e-07,7.328741e-03
425197568,5822090,5102370816,15574682,-6.433900e-02,-2.437786e-02,3.720744e-09,5.253912e-06,8.971356e-07,7.386466e-03
425459712,5822290,5105516544,15584263,-6.432035e-02,-2.430482e-02,6.344785e-09,5.594074e-06,1.529837e-06,7.864700e-03
425721856,5822340,5108662272,15593913,-6.436351e-02,-2.433999e-02,1.331735e-09,5.428924e-06,3.211042e-07,7.632516e-03
425984000,5822577,5111808000,15603205,-6.438525e-02,-2.429069e-02,2.176259e-10,5.661095e-06,5.247335e-08,7.958926e-03
426246144,5822859,5114953728,15612857,-6.432467e-02,-2.425515e-02,5.675034e-09,5.831512e-06,1.368348e-06,8.198515e-03
426508288,5822962,5118099456,15622532,-6.434207e-02,-2.428273e-02,3.356547e-09,5.699033e-06,8.093213e-07,8.012262e-03
426770432,5823328,5121245184,15632004,-6.436504e-02,-2.425366e-02,1.222591e-09,5.838684e-06,2.947879e-07,8.208597e-03
427032576,5823956,5124390912,15641500,-6.433374e-02,-2.423283e-02,4.390124e-09,5.939783e-06,1.058535e-06,8.350732e-03
427294720,5825461,5127536640,15650988,-6.440568e-02,-2.430349e-02,3.223222e-11,5.600357e-06,7.771743e-09,7.873534e-03
427556864,5826156,5130682368,15660471,-6.433729e-02,-2.430238e-02,3.932737e-09,5.605622e-06,9.482505e-07,7.880936e-03
427819008,5827642,5133828096,15669960,-6.431343e-02,-2.430853e-02,7.494070e-09,5.576518e-06,1.806949e-06,7.840018e-03
428081152,5828803,5136973824,15679608,-6.432874e-02,-2.438028e-02,5.078672e-09,5.242817e-06,1.224555e-06,7.370869e-03
428343296,5829109,5140119552,15688997,-6.438514e-02,-2.435494e-02,2.209358e-10,5.359491e-06,5.327142e-08,7.534900e-03
428605440,5829648,5143265280,15698505,-6.432379e-02,-2.430617e-02,5.808267e-09,5.587687e-06,1.400473e-06,7.855722e-03
428867584,5830703,5146411008,15708207,-6.434641e-02,-2.436551e-02,2.872105e-09,5.310651e-06,6.925140e-07,7.466238e-03
429129728,5831892,5149556736,15718050,-6.438672e-02,-2.436563e-02,1.764749e-10,5.310111e-06,4.255114e-08,7.465477e-03
429391872,5835234,5152702464,15727937,-6.429058e-02,-2.441257e-02,1.197420e-08,5.096003e-06,2.887185e-06,7.164462e-03
429654016,5835409,5155848192,15737583,-6.430684e-02,-2.444538e-02,8.679169e-09,4.948953e-06,2.092697e-06,6.957726e-03
429916160,5836022,5158993920,15747178,-6.428140e-02,-2.441341e-02,1.406733e-08,5.092211e-06,3.391877e-06,7.159132e-03
430178304,5840229,5162139648,15756545,-6.420726e-02,-2.435589e-02,3.715122e-08,5.355111e-06,8.957800e-06,7.528743e-03
430440448,5840967,5165285376,15765998,-6.419974e-02,-2.430323e-02,4.010573e-08,5.601592e-06,9.670182e-06,7.875270e-03
430702592,5841324,5168431104,15775823,-6.432012e-02,-2.429461e-02,6.381633e-09,5.642497e-06,1.538722e-06,7.932778e-03
430964736,5846055,5171576832,15785423,-6.427333e-02,-2.436815e-02,1.604650e-08,5.298528e-06,3.869086e-06,7.449192e-03
431226880,5849281,5174722560,15794977,-6.431602e-02,-2.435637e-02,7.053135e-09,5.352870e-06,1.700632e-06,7.525591e-03
431489024,5850240,5177868288,15804654,-6.429696e-02,-2.436854e-02,1.061756e-08,5.296728e-06,2.560076e-06,7.446661e-03
431751168,5853469,5181014016,15814403,-6.432670e-02,-2.442993e-02,5.372716e-09,5.017910e-06,1.295454e-06,7.054673e-03
432013312,5856894,5184159744,15823981,-6.436979e-02,-2.442579e-02,9.127712e-10,5.036470e-06,2.200849e-07,7.080765e-03
432275456,5857648,5187305472,15833622,-6.433799e-02,-2.444619e-02,3.845387e-09,4.945340e-06,9.271890e-07,6.952647e-03
432537600,5858189,5190451200,15843437,-6.429858e-02,-2.444364e-02,1.028698e-08,4.956696e-06,2.480368e-06,6.968612e-03
432799744,5865973,5193596928,15853017,-6.436242e-02,-2.442826e-02,1.412311e-09,5.025390e-06,3.405325e-07,7.065188e-03
433061888,5867666,5196742656,15862655,-6.423929e-02,-2.438917e-02,2.582978e-08,5.202191e-06,6.228006e-06,7.313753e-03
433324032,5869705,5199888384,15872291,-6.418941e-02,-2.443931e-02,4.434843e-08,4.975973e-06,1.069317e-05,6.995713e-03
433586176,5875079,5203034112,15881967,-6.412187e-02,-2.444706e-02,7.735640e-08,4.941472e-06,1.865196e-05,6.947208e-03
433848320,5877726,5206179840,15891435,-6.411279e-02,-2.447826e-02,8.249098e-08,4.803704e-06,1.989000e-05,6.753521e-03
434110464,5882475,5209325568,15901026,-6.410870e-02,-2.449570e-02,8.485732e-08,4.727569e-06,2.046056e-05,6.646482e-03
434372608,5884792,5212471296,15910487,-6.411033e-02,-2.452959e-02,8.390936e-08,4.581372e-06,2.023199e-05,6.440944e-03
434634752,5901374,5215617024,15920036,-6.407722e-02,-2.448416e-02,1.041879e-07,4.777889e-06,2.512150e-05,6.717228e-03
434896896,5901998,5218762752,15929742,-6.404155e-02,-2.447640e-02,1.284846e-07,4.811881e-06,3.097984e-05,6.765016e-03
435159040,5902065,5221908480,15939400,-6.405802e-02,-2.448988e-02,1.169514e-07,4.752923e-06,2.819901e-05,6.682128e-03
435421184,5908711,5225054208,15948960,-6.405256e-02,-2.448109e-02,1.207166e-07,4.791310e-06,2.910685e-05,6.736095e-03
435683328,5919439,5228199936,15958706,-6.406578e-02,-2.446768e-02,1.117067e-07,4.850209e-06,2.693442e-05,6.818901e-03
435945472,5928738,5231345664,15968090,-6.410450e-02,-2.446939e-02,8.732317e-08,4.842672e-06,2.105512e-05,6.808306e-03
436207616,5942665,5234491392,15977620,-6.409829e-02,-2.442495e-02,9.102968e-08,5.040258e-06,2.194882e-05,7.086091e-03
436469760,6165548,5237637120,15987081,-6.410683e-02,-2.441124e-02,8.595035e-08,5.101984e-06,2.072411e-05,7.172871e-03
436731904,6165687,5240782848,15996767,-6.419308e-02,-2.434742e-02,4.281794e-08,5.394398e-06,1.032414e-05,7.583977e-03
436994048,6166237,5243928576,16006547,-6.424516e-02,-2.438831e-02,2.397710e-08,5.206109e-06,5.781292e-06,7.319262e-03
437256192,6166512,5247074304,16016161,-6.419448e-02,-2.447007e-02,4.224022e-08,4.839681e-06,1.018485e-05,6.804099e-03
437518336,6166513,5250220032,16025772,-6.417999e-02,-2.459145e-02,4.840361e-08,4.320354e-06,1.167094e-05,6.073980e-03
437780480,6166543,5253365760,16035476,-6.409702e-02,-2.453667e-02,9.180010e-08,4.551075e-06,2.213459e-05,6.398349e-03
438042624,6166973,5256511488,16045235,-6.409342e-02,-2.453712e-02,9.399371e-08,4.549159e-06,2.266350e-05,6.395657e-03
438304768,6167065,5259657216,16054949,-6.408356e-02,-2.454449e-02,1.001349e-07,4.517781e-06,2.414426e-05,6.351541e-03
438566912,6167203,5262802944,16064671,-6.405593e-02,-2.459101e-02,1.183878e-07,4.322205e-06,2.854534e-05,6.076582e-03
438829056,6167499,5265948672,16074396,-6.411184e-02,-2.463953e-02,8.303541e-08,4.122799e-06,2.002127e-05,5.796237e-03
439091200,6167518,5269094400,16084129,-6.410460e-02,-2.463093e-02,8.726153e-08,4.157789e-06,2.104026e-05,5.845429e-03
439353344,6167586,5272240128,16093901,-6.416548e-02,-2.482202e-02,5.500053e-08,3.415018e-06,1.326158e-05,4.801170e-03
439615488,6167589,5275385856,16103699,-6.423778e-02,-2.482111e-02,2.631581e-08,3.418379e-06,6.345196e-06,4.805894e-03
439877632,6167656,5278531584,16113227,-6.423170e-02,-2.484980e-02,2.832528e-08,3.313112e-06,6.829713e-06,4.657899e-03
440139776,6167882,5281677312,16122721,-6.427589e-02,-2.478837e-02,1.540373e-08,3.540528e-06,3.714105e-06,4.977623e-03
440401920,6168355,5284823040,16132317,-6.414209e-02,-2.475283e-02,6.652105e-08,3.675535e-06,1.603937e-05,5.167429e-03
440664064,6168489,5287968768,16141975,-6.415958e-02,-2.465419e-02,5.780312e-08,4.063492e-06,1.393733e-05,5.712857e-03
440926208,6168852,5291114496,16151648,-6.418436e-02,-2.463813e-02,4.650154e-08,4.128497e-06,1.121232e-05,5.804247e-03
441188352,6168921,5294260224,16161356,-6.422546e-02,-2.461319e-02,3.046587e-08,4.230456e-06,7.345846e-06,5.947592e-03
441450496,6169086,5297405952,16170895,-6.412537e-02,-2.466899e-02,7.542485e-08,4.004025e-06,1.818623e-05,5.629254e-03
441712640,6169324,5300551680,16180259,-6.404696e-02,-2.466139e-02,1.246413e-07,4.034512e-06,3.005316e-05,5.672114e-03
441974784,6169385,5303697408,16189749,-6.407887e-02,-2.465606e-02,1.031229e-07,4.055933e-06,2.486470e-05,5.702231e-03
442236928,6169464,5306843136,16199420,-6.413111e-02,-2.473632e-02,7.230261e-08,3.739100e-06,1.743340e-05,5.256795e-03
442499072,6169659,5309988864,16209120,-6.412927e-02,-2.478967e-02,7.329568e-08,3.535637e-06,1.767285e-05,4.970748e-03
442761216,6169773,5313134592,16218743,-6.413947e-02,-2.478947e-02,6.787687e-08,3.536387e-06,1.636628e-05,4.971802e-03
443023360,6169915,5316280320,16228342,-6.421938e-02,-2.477885e-02,3.262518e-08,3.576438e-06,7.866493e-06,5.028110e-03
443285504,6169930,5319426048,16237861,-6.414337e-02,-2.487572e-02,6.586165e-08,3.219443e-06,1.588038e-05,4.526210e-03
443547648,6170010,5322571776,16247298,-6.415921e-02,-2.489955e-02,5.798238e-08,3.134506e-06,1.398055e-05,4.406797e-03
443809792,6170105,5325717504,16256988,-6.422693e-02,-2.504436e-02,2.995306e-08,2.642712e-06,7.222200e-06,3.715386e-03
444071936,6170305,5328863232,16266623,-6.408968e-02,-2.501120e-02,9.630106e-08,2.751608e-06,2.321985e-05,3.868482e-03
444334080,6170509,5332008960,16276089,-6.414573e-02,-2.492425e-02,6.465497e-08,3.047654e-06,1.558943e-05,4.284691e-03
444596224,6170733,5335154688,16285719,-6.419246e-02,-2.490955e-02,4.307425e-08,3.099182e-06,1.038594e-05,4.357135e-03
444858368,6170779,5338300416,16295182,-6.424017e-02,-2.492646e-02,2.554796e-08,3.039932e-06,6.160054e-06,4.273836e-03
445120512,6170780,5341446144,16304540,-6.425089e-02,-2.506199e-02,2.223334e-08,2.585679e-06,5.360840e-06,3.635203e-03
445382656,6170789,5344591872,16314044,-6.428994e-02,-2.507345e-02,1.211320e-08,2.548982e-06,2.920701e-06,3.583611e-03
445644800,6171000,5347737600,16323705,-6.419517e-02,-2.508742e-02,4.195589e-08,2.504553e-06,1.011629e-05,3.521147e-03
445906944,6171005,5350883328,16333003,-6.420102e-02,-2.508484e-02,3.959410e-08,2.512731e-06,9.546819e-06,3.532644e-03
446169088,6171035,5354029056,16342468,-6.416728e-02,-2.510772e-02,5.415808e-08,2.440715e-06,1.305844e-05,3.431397e-03
446431232,6171564,5357174784,16352146,-6.421324e-02,-2.510639e-02,3.488068e-08,2.444872e-06,8.410333e-06,3.437242e-03
446693376,6172128,5360320512,16361808,-6.413935e-02,-2.506234e-02,6.793900e-08,2.584577e-06,1.638126e-05,3.633654e-03
446955520,6172499,5363466240,16371448,-6.422295e-02,-2.512277e-02,3.134605e-08,2.393916e-06,7.558071e-06,3.365603e-03
447217664,6173376,5366611968,16380977,-6.429929e-02,-2.522070e-02,1.014390e-08,2.100460e-06,2.445870e-06,2.953033e-03
447479808,6173800,5369757696,16390756,-6.427843e-02,-2.526223e-02,1.477954e-08,1.981802e-06,3.563601e-06,2.786212e-03
447741952,6175679,5372903424,16400527,-6.435882e-02,-2.532978e-02,1.696353e-09,1.796179e-06,4.090200e-07,2.525245e-03
448004096,6178454,5376049152,16410034,-6.434677e-02,-2.533447e-02,2.833901e-09,1.783629e-06,6.833024e-07,2.507602e-03
448266240,6180039,5379194880,16419604,-6.443378e-02,-2.541524e-02,1.140648e-09,1.574417e-06,2.750299e-07,2.213471e-03
448528384,6183736,5382340608,16429335,-6.451602e-02,-2.532024e-02,1.345901e-08,1.821863e-06,3.245200e-06,2.561354e-03
448790528,6184145,5385486336,16438990,-6.458144e-02,-2.532751e-02,3.291922e-08,1.802280e-06,7.937390e-06,2.533823e-03
449052672,6187248,5388632064,16448614,-6.454381e-02,-2.527289e-02,2.068163e-08,1.951918e-06,4.986699e-06,2.744198e-03
449314816,6194217,5391777792,16458231,-6.456342e-02,-2.524925e-02,2.670643e-08,2.018518e-06,6.439382e-06,2.837832e-03
449576960,6202007,5394923520,16467881,-6.456687e-02,-2.531729e-02,2.784581e-08,1.829811e-06,6.714106e-06,2.572529e-03
449839104,6227490,5398069248,16477463,-6.459365e-02,-2.539921e-02,3.749956e-08,1.614902e-06,9.041791e-06,2.270388e-03
450101248,6230637,5401214976,16486924,-6.457739e-02,-2.540007e-02,3.146488e-08,1.612710e-06,7.586725e-06,2.267307e-03
450363392,6232310,5404360704,16496605,-6.452810e-02,-2.543149e-02,1.640906e-08,1.533907e-06,3.956505e-06,2.156518e-03
450625536,6233583,5407506432,16506293,-6.449389e-02,-2.541751e-02,8.814349e-09,1.568720e-06,2.125291e-06,2.205461e-03
450887680,6258028,5410652160,16515698,-6.449500e-02,-2.544334e-02,9.025447e-09,1.504694e-06,2.176191e-06,2.115448e-03
451149824,6260714,5413797888,16525254,-6.449278e-02,-2.536952e-02,8.608515e-09,1.691254e-06,2.075661e-06,2.377731e-03
451411968,6263417,5416943616,16535085,-6.442739e-02,-2.538214e-02,7.501209e-10,1.658585e-06,1.808670e-07,2.331803e-03
451674112,6263563,5420089344,16544734,-6.442121e-02,-2.530572e-02,4.496246e-10,1.861249e-06,1.084122e-07,2.616727e-03
451936256,6264295,5423235072,16554470,-6.436908e-02,-2.542670e-02,9.560408e-10,1.545806e-06,2.305179e-07,2.173246e-03
452198400,6264305,5426380800,16564176,-6.444065e-02,-2.553840e-02,1.651847e-09,1.280510e-06,3.982887e-07,1.800267e-03
452460544,6264325,5429526528,16573804,-6.447093e-02,-2.556804e-02,5.030998e-09,1.214323e-06,1.213060e-06,1.707215e-03
452722688,6264680,5432672256,16583565,-6.449358e-02,-2.559139e-02,8.757084e-09,1.163406e-06,2.111484e-06,1.635631e-03
452984832,6264760,5435817984,16593290,-6.447218e-02,-2.552475e-02,5.209054e-09,1.311587e-06,1.255993e-06,1.843959e-03
453246976,6265493,5438963712,16602918,-6.441209e-02,-2.554612e-02,1.460434e-10,1.263113e-06,3.521358e-08,1.775808e-03
453509120,6265533,5442109440,16612565,-6.442524e-02,-2.553258e-02,6.371872e-10,1.293734e-06,1.536368e-07,1.818859e-03
453771264,6265768,5445255168,16622148,-6.434226e-02,-2.554129e-02,3.334139e-09,1.273984e-06,8.039182e-07,1.791092e-03
454033408,6265931,5448400896,16631796,-6.435698e-02,-2.550902e-02,1.850690e-09,1.347869e-06,4.462334e-07,1.894966e-03
454295552,6266542,5451546624,16641141,-6.435262e-02,-2.549972e-02,2.244698e-09,1.369554e-06,5.412354e-07,1.925454e-03
454557696,6266555,5454692352,16650798,-6.434641e-02,-2.547174e-02,2.872105e-09,1.435836e-06,6.925140e-07,2.018640e-03
454819840,6266645,5457838080,16660032,-6.433237e-02,-2.554398e-02,4.574678e-09,1.267919e-06,1.103034e-06,1.782566e-03
455081984,6266735,5460983808,16669608,-6.430791e-02,-2.557900e-02,8.480416e-09,1.190276e-06,2.044774e-06,1.673408e-03
455344128,6266969,5464129536,16679070,-6.432348e-02,-2.559417e-02,5.854922e-09,1.157399e-06,1.411723e-06,1.627185e-03
455606272,6267117,5467275264,16688885,-6.426324e-02,-2.554909e-02,1.870408e-08,1.256448e-06,4.509875e-06,1.766438e-03
455868416,6267420,5470420992,16698228,-6.428233e-02,-2.559689e-02,1.384728e-08,1.151555e-06,3.338818e-06,1.618969e-03
456130560,6267424,5473566720,16707874,-6.435212e-02,-2.555837e-02,2.292962e-09,1.235710e-06,5.528726e-07,1.737282e-03
456392704,6267648,5476712448,16717351,-6.432430e-02,-2.550610e-02,5.730172e-09,1.354672e-06,1.381643e-06,1.904531e-03
456654848,6267728,5479858176,16727230,-6.430354e-02,-2.551856e-02,9.305047e-09,1.325824e-06,2.243607e-06,1.863974e-03
456916992,6268133,5483003904,16736617,-6.430700e-02,-2.549471e-02,8.648655e-09,1.381298e-06,2.085340e-06,1.941964e-03
457179136,6268170,5486149632,16746373,-6.428693e-02,-2.548926e-02,1.278483e-08,1.394143e-06,3.082642e-06,1.960023e-03
457441280,6268209,5489295360,16755911,-6.432603e-02,-2.550891e-02,5.472569e-09,1.348132e-06,1.319531e-06,1.895337e-03
457703424,6268251,5492441088,16765421,-6.433716e-02,-2.552146e-02,3.948639e-09,1.319154e-06,9.520849e-07,1.854597e-03
457965568,6268608,5495586816,16775151,-6.432179e-02,-2.554434e-02,6.117773e-09,1.267106e-06,1.475101e-06,1.781422e-03
458227712,6269111,5498732544,16784590,-6.430316e-02,-2.551535e-02,9.378498e-09,1.333217e-06,2.261318e-06,1.874367e-03
458489856,6269202,5501878272,16794132,-6.434074e-02,-2.554996e-02,3.511975e-09,1.254494e-06,8.467977e-07,1.763692e-03
458752000,6269578,5505024000,16803622,-6.430435e-02,-2.556465e-02,9.149028e-09,1.221802e-06,2.205988e-06,1.717729e-03
459014144,6269635,5508169728,16813234,-6.436090e-02,-2.556292e-02,1.528861e-09,1.225634e-06,3.686346e-07,1.723117e-03
459276288,6269893,5511315456,16822744,-6.433386e-02,-2.558188e-02,4.374341e-09,1.184013e-06,1.054729e-06,1.664603e-03
459538432,6269925,5514461184,16832580,-6.434530e-02,-2.557939e-02,2.992327e-09,1.189439e-06,7.215014e-07,1.672231e-03
459800576,6269935,5517606912,16842143,-6.432675e-02,-2.550142e-02,5.366164e-09,1.365590e-06,1.293875e-06,1.919880e-03
460062720,6270358,5520752640,16851955,-6.438589e-02,-2.550372e-02,1.991316e-10,1.360210e-06,4.801406e-08,1.912317e-03
460324864,6270371,5523898368,16861499,-6.434502e-02,-2.551391e-02,3.022562e-09,1.336552e-06,7.287918e-07,1.879057e-03
460587008,6271560,5527044096,16871026,-6.448263e-02,-2.552472e-02,6.827211e-09,1.311673e-06,1.646158e-06,1.844079e-03
460849152,6272943,5530189824,16880734,-6.449371e-02,-2.554311e-02,8.780805e-09,1.269871e-06,2.117204e-06,1.785309e-03
461111296,6273531,5533335552,16890354,-6.453123e-02,-2.554901e-02,1.722054e-08,1.256611e-06,4.152170e-06,1.766667e-03
461373440,6276260,5536481280,16900137,-6.444745e-02,-2.551352e-02,2.251056e-09,1.337440e-06,5.427684e-07,1.880304e-03
461635584,6276357,5539627008,16909594,-6.437457e-02,-2.549849e-02,6.466255e-10,1.372424e-06,1.559125e-07,1.929489e-03
461897728,6276622,5542772736,16919110,-6.445861e-02,-2.549101e-02,3.434695e-09,1.390020e-06,8.281640e-07,1.954227e-03
462159872,6277038,5545918464,16928842,-6.444429e-02,-2.556225e-02,1.961272e-09,1.227107e-06,4.728965e-07,1.725188e-03
462422016,6278145,5549064192,16938570,-6.440065e-02,-2.560986e-02,4.201639e-13,1.123892e-06,1.013088e-10,1.580077e-03
462684160,6279062,5552209920,16948308,-6.440442e-02,-2.558830e-02,1.952044e-11,1.170078e-06,4.706715e-09,1.645011e-03
462946304,6282307,5555355648,16957935,-6.437384e-02,-2.565188e-02,6.842927e-10,1.036576e-06,1.649948e-07,1.457321e-03
463208448,6283200,5558501376,16967503,-6.438382e-02,-2.569179e-02,2.618785e-10,9.568967e-07,6.314342e-08,1.345300e-03
463470592,6283799,5561647104,16976985,-6.438010e-02,-2.568045e-02,3.960299e-10,9.792143e-07,9.548963e-08,1.376676e-03
463732736,6285394,5564792832,16986594,-6.436931e-02,-2.570847e-02,9.422685e-10,9.245310e-07,2.271972e-07,1.299797e-03
463994880,6288245,5567938560,16996385,-6.434751e-02,-2.565618e-02,2.755913e-09,1.027829e-06,6.644981e-07,1.445024e-03
464257024,6288749,5571084288,17005838,-6.425446e-02,-2.565795e-02,2.118396e-08,1.024248e-06,5.107817e-06,1.439989e-03
464519168,6288778,5574230016,17015388,-6.420977e-02,-2.564033e-02,3.618961e-08,1.060228e-06,8.725940e-06,1.490574e-03
464781312,6288921,5577375744,17025121,-6.418765e-02,-2.560711e-02,4.509210e-08,1.129732e-06,1.087248e-05,1.588289e-03
465043456,6297084,5580521472,17034662,-6.418078e-02,-2.563169e-02,4.805672e-08,1.078082e-06,1.158730e-05,1.515674e-03
465305600,6297100,5583667200,17044347,-6.421209e-02,-2.567186e-02,3.531058e-08,9.962897e-07,8.513988e-06,1.400682e-03
465567744,6300448,5586812928,17053870,-6.419303e-02,-2.570406e-02,4.283953e-08,9.330398e-07,1.032935e-05,1.311759e-03
465829888,6304145,5589958656,17063318,-6.421033e-02,-2.577786e-02,3.597449e-08,7.959204e-07,8.674070e-06,1.118983e-03
466092032,6306783,5593104384,17072918,-6.419828e-02,-2.579291e-02,4.069276e-08,7.692832e-07,9.811726e-06,1.081534e-03
466354176,6306814,5596250112,17082625,-6.415693e-02,-2.577082e-02,5.908193e-08,8.085160e-07,1.424567e-05,1.136692e-03
466616320,6309152,5599395840,17092226,-6.421132e-02,-2.580259e-02,3.559958e-08,7.524059e-07,8.583672e-06,1.057807e-03
466878464,6313057,5602541568,17101907,-6.421392e-02,-2.577220e-02,3.462789e-08,8.060391e-07,8.349380e-06,1.133209e-03
467140608,6323283,5605687296,17111468,-6.422292e-02,-2.582710e-02,3.135924e-08,7.104820e-07,7.561253e-06,9.988656e-04
467402752,6325172,5608833024,17120988,-6.418291e-02,-2.579771e-02,4.712701e-08,7.608959e-07,1.136313e-05,1.069742e-03
467664896,6329499,5611978752,17130608,-6.415964e-02,-2.589974e-02,5.777446e-08,5.932970e-07,1.393042e-05,8.341155e-04
467927040,6331794,5615124480,17140194,-6.410066e-02,-2.591748e-02,8.960562e-08,5.662917e-07,2.160546e-05,7.961487e-04
468189184,6340922,5618270208,17149861,-6.408127e-02,-2.592325e-02,1.015925e-07,5.576318e-07,2.449571e-05,7.839738e-04
468451328,6348957,5621415936,17159553,-6.408957e-02,-2.589127e-02,9.636582e-08,6.064161e-07,2.323546e-05,8.525595e-04
468713472,6349134,5624561664,17169148,-6.402726e-02,-2.591860e-02,1.389389e-07,5.646053e-07,3.350056e-05,7.937778e-04
468975616,6355770,5627707392,17178605,-6.405708e-02,-2.596793e-02,1.175944e-07,4.929024e-07,2.835404e-05,6.929708e-04
469237760,6366523,5630853120,17188013,-6.398811e-02,-2.598088e-02,1.696537e-07,4.748826e-07,4.090644e-05,6.676367e-04
469499904,6368199,5633998848,17197461,-6.403126e-02,-2.590092e-02,1.359722e-07,5.914764e-07,3.278525e-05,8.315557e-04
469762048,6389739,5637144576,17207076,-6.396743e-02,-2.583580e-02,1.871196e-07,6.958843e-07,4.511777e-05,9.783428e-04
470024192,6604899,5640290304,17216529,-6.395090e-02,-2.583565e-02,2.016896e-07,6.961361e-07,4.863084e-05,9.786966e-04
470286336,6605019,5643436032,17226036,-6.405129e-02,-2.583073e-02,1.216035e-07,7.043658e-07,2.932071e-05,9.902669e-04
470548480,6605525,5646581760,17235680,-6.402729e-02,-2.583656e-02,1.389167e-07,6.946138e-07,3.349521e-05,9.765567e-04
470810624,6605728,5649727488,17245437,-6.400025e-02,-2.589205e-02,1.598028e-07,6.052099e-07,3.853121e-05,8.508638e-04
471072768,6605759,5652873216,17255047,-6.397713e-02,-2.586396e-02,1.788212e-07,6.497022e-07,4.311688e-05,9.134153e-04
471334912,6606035,5656018944,17264625,-6.391048e-02,-2.583899e-02,2.396352e-07,6.905711e-07,5.778018e-05,9.708730e-04
471597056,6606408,5659164672,17274130,-6.375944e-02,-2.587896e-02,4.103218e-07,6.257403e-07,9.893566e-05,8.797273e-04
471859200,6606522,5662310400,17283696,-6.380696e-02,-2.588559e-02,3.517010e-07,6.152964e-07,8.480118e-05,8.650442e-04
472121344,6606540,5665456128,17293308,-6.388248e-02,-2.582899e-02,2.678319e-07,7.072985e-07,6.457888e-05,9.943900e-04
472383488,6606746,5668601856,17302937,-6.386386e-02,-2.591354e-02,2.874501e-07,5.722335e-07,6.930918e-05,8.045023e-04
472645632,6606888,5671747584,17312729,-6.385064e-02,-2.591326e-02,3.017976e-07,5.726507e-07,7.276861e-05,8.050887e-04
472907776,6606929,5674893312,17322406,-6.384367e-02,-2.599196e-02,3.095085e-07,4.597409e-07,7.462782e-05,6.463491e-04
473169920,6607092,5678039040,17332144,-6.383856e-02,-2.604482e-02,3.152132e-07,3.908455e-07,7.600333e-05,5.494891e-04
473432064,6607143,5681184768,17341488,-6.386562e-02,-2.601379e-02,2.855678e-07,4.306163e-07,6.885531e-05,6.054029e-04
473694208,6607251,5684330496,17350926,-6.381968e-02,-2.603358e-02,3.367693e-07,4.050295e-07,8.120088e-05,5.694304e-04
473956352,6607838,5687476224,17360650,-6.380688e-02,-2.608984e-02,3.517982e-07,3.365877e-07,8.482461e-05,4.732082e-04
474218496,6607935,5690621952,17370284,-6.382593e-02,-2.605248e-02,3.295617e-07,3.813275e-07,7.946300e-05,5.361077e-04
474480640,6608231,5693767680,17379729,-6.390588e-02,-2.599821e-02,2.441570e-07,4.512955e-07,5.887047e-05,6.344757e-04
474742784,6608251,5696913408,17389269,-6.398585e-02,-2.601708e-02,1.715186e-07,4.263100e-07,4.135608e-05,5.993486e-04
475004928,6608520,5700059136,17399008,-6.400774e-02,-2.599066e-02,1.538723e-07,4.615006e-07,3.710126e-05,6.488230e-04
475267072,6608788,5703204864,17408655,-6.395303e-02,-2.598031e-02,1.997802e-07,4.756685e-07,4.817045e-05,6.687415e-04
475529216,6608795,5706350592,17418266,-6.393769e-02,-2.595971e-02,2.137292e-07,5.045118e-07,5.153379e-05,7.092924e-04
475791360,6608819,5709496320,17428006,-6.387414e-02,-2.599910e-02,2.765308e-07,4.501076e-07,6.667635e-05,6.328056e-04
476053504,6609097,5712642048,17437512,-6.383163e-02,-2.599386e-02,3.230417e-07,4.571605e-07,7.789091e-05,6.427213e-04
476315648,6609262,5715787776,17446964,-6.375149e-02,-2.598337e-02,4.205697e-07,4.714616e-07,1.014066e-04,6.628271e-04
476577792,6609336,5718933504,17456423,-6.365209e-02,-2.599145e-02,5.593718e-07,4.604282e-07,1.348742e-04,6.473153e-04
476839936,6609599,5722079232,17465843,-6.359962e-02,-2.607558e-02,6.406059e-07,3.533289e-07,1.544611e-04,4.967446e-04
477102080,6609645,5725224960,17475327,-6.361471e-02,-2.603390e-02,6.166823e-07,4.046194e-07,1.486927e-04,5.688539e-04
477364224,6609701,5728370688,17484943,-6.360684e-02,-2.594416e-02,6.291012e-07,5.268481e-07,1.516871e-04,7.406950e-04
477626368,6609768,5731516416,17494522,-6.359006e-02,-2.599430e-02,6.559991e-07,4.565663e-07,1.581727e-04,6.418859e-04
477888512,6609943,5734662144,17504085,-6.359187e-02,-2.602114e-02,6.530817e-07,4.210143e-07,1.574692e-04,5.919035e-04
478150656,6610240,5737807872,17513724,-6.348565e-02,-2.599990e-02,8.360362e-07,4.490335e-07,2.015827e-04,6.312956e-04
478412800,6610277,5740953600,17523189,-6.350337e-02,-2.596398e-02,8.039502e-07,4.984653e-07,1.938462e-04,7.007917e-04
478674944,6610287,5744099328,17533014,-6.349495e-02,-2.584313e-02,8.191188e-07,6.837126e-07,1.975036e-04,9.612306e-04
478937088,6610333,5747245056,17542489,-6.355210e-02,-2.588744e-02,7.189317e-07,6.124010e-07,1.733468e-04,8.609737e-04
479199232,6610416,5750390784,17552308,-6.350480e-02,-2.593829e-02,8.013869e-07,5.353973e-07,1.932282e-04,7.527143e-04
479461376,6610445,5753536512,17561783,-6.351545e-02,-2.596352e-02,7.824249e-07,4.991151e-07,1.886561e-04,7.017052e-04
479723520,6610574,5756682240,17571526,-6.354560e-02,-2.593949e-02,7.300041e-07,5.336379e-07,1.760166e-04,7.502408e-04
479985664,6611232,5759827968,17581074,-6.345955e-02,-2.588341e-02,8.844593e-07,6.187200e-07,2.132584e-04,8.698576e-04
480247808,6611611,5762973696,17590545,-6.346353e-02,-2.586500e-02,8.769778e-07,6.480217e-07,2.114544e-04,9.110529e-04
480509952,6612143,5766119424,17600025,-6.350672e-02,-2.587534e-02,7.979490e-07,6.314791e-07,1.923992e-04,8.877955e-04
480772096,6612953,5769265152,17609638,-6.342737e-02,-2.588001e-02,9.460064e-07,6.240793e-07,2.280984e-04,8.773922e-04
481034240,6613229,5772410880,17619127,-6.335537e-02,-2.582305e-02,1.091254e-06,7.173154e-07,2.631201e-04,1.008473e-03
481296384,6615078,5775556608,17628761,-6.330483e-02,-2.589538e-02,1.199410e-06,6.000334e-07,2.891984e-04,8.435861e-04
481558528,6617622,5778702336,17638169,-6.341638e-02,-2.588649e-02,9.675194e-07,6.138887e-07,2.332856e-04,8.630653e-04
481820672,6620453,5781848064,17647884,-6.329592e-02,-2.594434e-02,1.218991e-06,5.265885e-07,2.939197e-04,7.403300e-04
482082816,6623157,5784993792,17657420,-6.335314e-02,-2.595218e-02,1.095929e-06,5.152611e-07,2.642473e-04,7.244048e-04
482344960,6623964,5788139520,17666883,-6.344680e-02,-2.602022e-02,9.085854e-07,4.222117e-07,2.190756e-04,5.935868e-04
482607104,6628101,5791285248,17676313,-6.341855e-02,-2.599297e-02,9.632442e-07,4.583729e-07,2.322548e-04,6.444257e-04
482869248,6633908,5794430976,17685897,-6.345489e-02,-2.594774e-02,8.932397e-07,5.216531e-07,2.153755e-04,7.333913e-04
483131392,6641376,5797576704,17695315,-6.344199e-02,-2.594884e-02,9.177842e-07,5.200695e-07,2.212936e-04,7.311650e-04
483393536,6666823,5800722432,17704926,-6.344344e-02,-2.592045e-02,9.150026e-07,5.618235e-07,2.206229e-04,7.898670e-04
483655680,6670083,5803868160,17714446,-6.345488e-02,-2.595686e-02,8.932538e-07,5.085683e-07,2.153789e-04,7.149955e-04
483917824,6671660,5807013888,17724131,-6.345273e-02,-2.600512e-02,8.973286e-07,4.420710e-07,2.163614e-04,6.215071e-04
484179968,6673215,5810159616,17733568,-6.347108e-02,-2.608460e-02,8.628988e-07,3.426970e-07,2.080598e-04,4.817972e-04
484442112,6697850,5813305344,17743115,-6.348763e-02,-2.610746e-02,8.324159e-07,3.164463e-07,2.007098e-04,4.448914e-04
484704256,6700033,5816451072,17752639,-6.349042e-02,-2.617547e-02,8.273390e-07,2.445566e-07,1.994857e-04,3.438218e-04
484966400,6710545,5819596800,17762303,-6.351584e-02,-2.616470e-02,7.817396e-07,2.553265e-07,1.884909e-04,3.589631e-04
485228544,6710719,5822742528,17771877,-6.345590e-02,-2.618553e-02,8.913254e-07,2.347151e-07,2.149139e-04,3.299855e-04
485490688,6711407,5825888256,17781770,-6.350192e-02,-2.621096e-02,8.065442e-07,2.107139e-07,1.944717e-04,2.962424e-04
485752832,6711463,5829033984,17791402,-6.342801e-02,-2.628263e-02,9.447604e-07,1.500516e-07,2.277980e-04,2.109574e-04
486014976,6711478,5832179712,17801078,-6.338435e-02,-2.630499e-02,1.031557e-06,1.332292e-07,2.487260e-04,1.873068e-04
486277120,6711792,5835325440,17810748,-6.338866e-02,-2.636582e-02,1.022812e-06,9.252389e-08,2.466177e-04,1.300792e-04
486539264,6711824,5838471168,17820384,-6.331284e-02,-2.642542e-02,1.181915e-06,5.982130e-08,2.849799e-04,8.410268e-05
486801408,6712533,5841616896,17830010,-6.333514e-02,-2.651677e-02,1.133925e-06,2.347902e-08,2.734090e-04,3.300912e-05
487063552,6712597,5844762624,17839339,-6.336929e-02,-2.657467e-02,1.062370e-06,9.088198e-09,2.561557e-04,1.277708e-05
487325696,6712917,5847908352,17848883,-6.340973e-02,-2.654808e-02,9.806378e-07,1.486390e-08,2.364487e-04,2.089713e-05
487587840,6713044,5851054080,17858632,-6.338508e-02,-2.646077e-02,1.030059e-06,4.377758e-08,2.483649e-04,6.154684e-05
487849984,6713792,5854199808,17868377,-6.343564e-02,-2.643765e-02,9.299872e-07,5.398656e-08,2.242359e-04,7.589963e-05
488112128,6713812,5857345536,17878035,-6.337412e-02,-2.649659e-02,1.052425e-06,3.006923e-08,2.537579e-04,4.227429e-05
488374272,6713946,5860491264,17887710,-6.331646e-02,-2.649107e-02,1.174054e-06,3.201574e-08,2.830848e-04,4.501087e-05
488636416,6714025,5863636992,17897234,-6.324165e-02,-2.645620e-02,1.341773e-06,4.571124e-08,3.235245e-04,6.426535e-05
488898560,6714148,5866782720,17906796,-6.325156e-02,-2.644697e-02,1.318914e-06,4.974128e-08,3.180130e-04,6.993120e-05
489160704,6714150,5869928448,17916859,-6.325161e-02,-2.646866e-02,1.318812e-06,4.053661e-08,3.179882e-04,5.699035e-05
489422848,6714681,5873074176,17926613,-6.322994e-02,-2.642997e-02,1.369044e-06,5.761339e-08,3.301001e-04,8.099859e-05
489684992,6714717,5876219904,17936161,-6.323497e-02,-2.641020e-02,1.357300e-06,6.749695e-08,3.272685e-04,9.489387e-05
489947136,6714728,5879365632,17945626,-6.324916e-02,-2.644433e-02,1.324448e-06,5.092555e-08,3.193471e-04,7.159616e-05
490209280,6715036,5882511360,17955294,-6.322090e-02,-2.643991e-02,1.390292e-06,5.294001e-08,3.352234e-04,7.442828e-05
490471424,6715338,5885657088,17964905,-6.324048e-02,-2.647747e-02,1.344501e-06,3.706654e-08,3.241824e-04,5.211179e-05
490733568,6715414,5888802816,17974599,-6.325462e-02,-2.640842e-02,1.311890e-06,6.842342e-08,3.163193e-04,9.619640e-05
490995712,6715495,5891948544,17984476,-6.322629e-02,-2.642627e-02,1.377601e-06,5.940291e-08,3.321632e-04,8.351447e-05
491257856,6715680,5895094272,17994149,-6.307799e-02,-2.644413e-02,1.747727e-06,5.101723e-08,4.214070e-04,7.172504e-05
491520000,6716166,5898240000,18003801,-6.305180e-02,-2.647201e-02,1.817636e-06,3.919851e-08,4.382634e-04,5.510914e-05
491782144,6716228,5901385728,18013267,-6.301305e-02,-2.647051e-02,1.923624e-06,3.979598e-08,4.638190e-04,5.594911e-05
492044288,6716442,5904531456,18022809,-6.297074e-02,-2.651682e-02,2.042784e-06,2.346418e-08,4.925503e-04,3.298825e-05
492306432,6716968,5907677184,18032305,-6.298211e-02,-2.646678e-02,2.010413e-06,4.129692e-08,4.847451e-04,5.805929e-05
492568576,6717045,5910822912,18041954,-6.298968e-02,-2.644772e-02,1.989004e-06,4.940784e-08,4.795830e-04,6.946243e-05
492830720,6717164,5913968640,18051540,-6.305243e-02,-2.641269e-02,1.815949e-06,6.620915e-08,4.378567e-04,9.308334e-05
493092864,6717323,5917114368,18060993,-6.300776e-02,-2.642006e-02,1.938326e-06,6.247139e-08,4.673638e-04,8.782843e-05
493355008,6717390,5920260096,18070499,-6.301633e-02,-2.640309e-02,1.914542e-06,7.123874e-08,4.616290e-04,1.001545e-04
493617152,6717391,5923405824,18080276,-6.306990e-02,-2.636701e-02,1.769166e-06,9.180010e-08,4.265764e-04,1.290616e-04
493879296,6717615,5926551552,18089794,-6.317671e-02,-2.642800e-02,1.496435e-06,5.856151e-08,3.608162e-04,8.233153e-05
494141440,6718959,5929697280,18099297,-6.319116e-02,-2.628624e-02,1.461299e-06,1.472681e-07,3.523442e-04,2.070439e-04
494403584,6720375,5932843008,18108875,-6.312406e-02,-2.630572e-02,1.628027e-06,1.326968e-07,3.925454e-04,1.865582e-04
494665728,6720870,5935988736,18118704,-6.321278e-02,-2.626513e-02,1.409492e-06,1.639213e-07,3.398528e-04,2.304568e-04
494927872,6723522,5939134464,18128124,-6.329010e-02,-2.630396e-02,1.231874e-06,1.339850e-07,2.970260e-04,1.883693e-04
495190016,6723594,5942280192,18137670,-6.328832e-02,-2.625793e-02,1.235830e-06,1.698042e-07,2.979798e-04,2.387274e-04
495452160,6724117,5945425920,18147308,-6.328528e-02,-2.626451e-02,1.242598e-06,1.644179e-07,2.996117e-04,2.311549e-04
495714304,6724242,5948571648,18156863,-6.330959e-02,-2.627661e-02,1.189004e-06,1.547562e-07,2.866895e-04,2.175715e-04
495976448,6724766,5951717376,18166411,-6.329700e-02,-2.627816e-02,1.216607e-06,1.535364e-07,2.933448e-04,2.158566e-04
496238592,6725543,5954863104,18175986,-6.333972e-02,-2.620454e-02,1.124204e-06,2.166549e-07,2.710648e-04,3.045947e-04
496500736,6726178,5958008832,18185442,-6.337478e-02,-2.624922e-02,1.051081e-06,1.770534e-07,2.534337e-04,2.489191e-04
496762880,6728384,5961154560,18195204,-6.345865e-02,-2.627289e-02,8.861418e-07,1.576952e-07,2.136641e-04,2.217034e-04
497025024,6729505,5964300288,18204589,-6.349465e-02,-2.643270e-02,8.196719e-07,5.631264e-08,1.976370e-04,7.916987e-05
497287168,6730131,5967446016,18214307,-6.348500e-02,-2.647766e-02,8.372220e-07,3.699271e-08,2.018687e-04,5.200799e-05
497549312,6731932,5970591744,18223705,-6.346630e-02,-2.649581e-02,8.717944e-07,3.034116e-08,2.102046e-04,4.265659e-05
497811456,6735458,5973737472,18233260,-6.350721e-02,-2.651617e-02,7.970840e-07,2.366318e-08,1.921907e-04,3.326803e-05
498073600,6735979,5976883200,18242833,-6.360414e-02,-2.648898e-02,6.333988e-07,3.276934e-08,1.527234e-04,4.607036e-05
498335744,6736358,5980028928,18252331,-6.363165e-02,-2.645357e-02,5.903710e-07,4.684116e-08,1.423486e-04,6.585392e-05
498597888,6737071,5983174656,18261943,-6.366947e-02,-2.641384e-02,5.336842e-07,6.561618e-08,1.286804e-04,9.224969e-05
498860032,6744183,5986320384,18271549,-6.370693e-02,-2.644037e-02,4.803431e-07,5.273193e-08,1.158190e-04,7.413576e-05
499122176,6746134,5989466112,18281280,-6.369531e-02,-2.644281e-02,4.965892e-07,5.161555e-08,1.197362e-04,7.256622e-05
499384320,6747463,5992611840,18290938,-6.366784e-02,-2.645134e-02,5.360599e-07,4.781041e-08,1.292533e-04,6.721659e-05
499646464,6748874,5995757568,18300386,-6.367914e-02,-2.649265e-02,5.196371e-07,3.145298e-08,1.252935e-04,4.421971e-05
499908608,6751486,5998903296,18310033,-6.364521e-02,-2.653361e-02,5.697170e-07,1.860232e-08,1.373686e-04,2.615297e-05
500170752,6755268,6002049024,18319458,-6.362811e-02,-2.648857e-02,5.958220e-07,3.291651e-08,1.436629e-04,4.627728e-05
500432896,6760118,6005194752,18328755,-6.366599e-02,-2.643153e-02,5.387799e-07,5.686563e-08,1.299091e-04,7.994730e-05
500695040,6771511,6008340480,18338349,-6.364467e-02,-2.650762e-02,5.705270e-07,2.636842e-08,1.375639e-04,3.707132e-05
500957184,6772427,6011486208,18348036,-6.369755e-02,-2.646437e-02,4.934334e-07,4.228464e-08,1.189753e-04,5.944792e-05
501219328,6776611,6014631936,18357722,-6.377174e-02,-2.649125e-02,3.947141e-07,3.195045e-08,9.517237e-05,4.491908e-05
501481472,6778773,6017777664,18367311,-6.379492e-02,-2.642788e-02,3.661266e-07,5.862373e-08,8.827944e-05,8.241902e-05
501743616,6780223,6020923392,18376755,-6.383685e-02,-2.644075e-02,3.171403e-07,5.255415e-08,7.646800e-05,7.388579e-05
502005760,6796013,6024069120,18386318,-6.385778e-02,-2.649480e-02,2.940063e-07,3.069518e-08,7.088998e-05,4.315431e-05
502267904,6796342,6027214848,18395907,-6.391108e-02,-2.646620e-02,2.390447e-07,4.153346e-08,5.763780e-05,5.839183e-05
502530048,6802733,6030360576,18405346,-6.386578e-02,-2.650351e-02,2.853926e-07,2.771914e-08,6.881307e-05,3.897030e-05
502792192,6807582,6033506304,18414799,-6.389815e-02,-2.653916e-02,2.518597e-07,1.711950e-08,6.072770e-05,2.406828e-05
503054336,6813655,6036652032,18424422,-6.389891e-02,-2.651265e-02,2.510900e-07,2.476041e-08,6.054212e-05,3.481062e-05
503316480,6836834,6039797760,18434122,-6.384317e-02,-2.655741e-02,3.100641e-07,1.267722e-08,7.476180e-05,1.782289e-05
503578624,7044593,6042943488,18443743,-6.387801e-02,-2.665180e-02,2.724789e-07,3.311688e-10,6.569935e-05,4.655897e-07
503840768,7044847,6046089216,18453507,-6.386624e-02,-2.665435e-02,2.849073e-07,2.449208e-10,6.869605e-05,3.443338e-07
504102912,7045155,6049234944,18463213,-6.391071e-02,-2.664070e-02,2.394091e-07,8.584553e-10,5.772567e-05,1.206901e-06
504365056,7045178,6052380672,18472778,-6.394135e-02,-2.672779e-02,2.103601e-07,3.340164e-09,5.072144e-05,4.695932e-06
504627200,7045200,6055526400,18482208,-6.384742e-02,-2.668066e-02,3.053444e-07,1.135941e-10,7.362379e-05,1.597019e-07
504889344,7045745,6058672128,18491677,-6.386504e-02,-2.662113e-02,2.861892e-07,2.387934e-09,6.900516e-05,3.357193e-06
505151488,7046088,6061817856,18501408,-6.383830e-02,-2.663607e-02,3.155145e-07,1.151241e-09,7.607596e-05,1.618528e-06
505413632,7046122,6064963584,18511038,-6.383795e-02,-2.667101e-02,3.159080e-07,1.026734e-12,7.617085e-05,1.443484e-09
505675776,7046209,6068109312,18520546,-6.376971e-02,-2.667208e-02,3.972740e-07,4.313303e-12,9.578961e-05,6.064066e-09
505937920,7046271,6071255040,18530155,-6.376003e-02,-2.665151e-02,4.095681e-07,3.416912e-10,9.875392e-05,4.803832e-07
506200064,7046304,6074400768,18539799,-6.383969e-02,-2.669923e-02,3.139512e-07,8.543127e-10,7.569903e-05,1.201077e-06
506462208,7046459,6077546496,18549387,-6.379675e-02,-2.667293e-02,3.639120e-07,8.595472e-12,8.774544e-05,1.208436e-08
506724352,7046808,6080692224,18558908,-6.381650e-02,-2.667548e-02,3.404806e-07,3.004974e-11,8.209574e-05,4.224689e-08
506986496,7046834,6083837952,18568485,-6.383769e-02,-2.667736e-02,3.161928e-07,5.418688e-11,7.623952e-05,7.618126e-08
507248640,7046907,6086983680,18578134,-6.382256e-02,-2.675218e-02,3.334397e-07,6.753843e-09,8.039805e-05,9.495218e-06
507510784,7047311,6090129408,18587615,-6.387819e-02,-2.673369e-02,2.722845e-07,4.056818e-09,6.565248e-05,5.703474e-06
507772928,7047467,6093275136,18597245,-6.389622e-02,-2.671432e-02,2.538002e-07,1.963913e-09,6.119561e-05,2.761062e-06
508035072,7047688,6096420864,18606936,-6.385548e-02,-2.673206e-02,2.965001e-07,3.852089e-09,7.149127e-05,5.415647e-06
508297216,7047715,6099566592,18616620,-6.398342e-02,-2.670629e-02,1.735425e-07,1.316688e-09,4.184408e-05,1.851129e-06
508559360,7048055,6102712320,18626395,-6.391904e-02,-2.677796e-02,2.313271e-07,1.165553e-08,5.577695e-05,1.638649e-05
508821504,7048417,6105858048,18636279,-6.390826e-02,-2.677389e-02,2.418139e-07,1.079371e-08,5.830549e-05,1.517485e-05
509083648,7048471,6109003776,18646160,-6.385968e-02,-2.679957e-02,2.919495e-07,1.678821e-08,7.039407e-05,2.360252e-05
509345792,7048652,6112149504,18655857,-6.387755e-02,-2.678489e-02,2.729614e-07,1.319967e-08,6.581569e-05,1.855740e-05
509607936,7048705,6115295232,18665620,-6.389206e-02,-2.682429e-02,2.580064e-07,2.380436e-08,6.220979e-05,3.346652e-05
509870080,7048716,6118440960,18675138,-6.381965e-02,-2.682796e-02,3.368039e-07,2.495129e-08,8.120923e-05,3.507897e-05
510132224,7049175,6121586688,18684566,-6.384364e-02,-2.684670e-02,3.095416e-07,3.122283e-08,7.463582e-05,4.389613e-05
510394368,7049195,6124732416,18694346,-6.370520e-02,-2.682094e-02,4.827525e-07,2.278440e-08,1.163999e-04,3.203256e-05
510656512,7049289,6127878144,18703969,-6.369580e-02,-2.685601e-02,4.958964e-07,3.459947e-08,1.195692e-04,4.864335e-05
510918656,7049311,6131023872,18713606,-6.373619e-02,-2.685957e-02,4.406430e-07,3.593705e-08,1.062466e-04,5.052385e-05
511180800,7049323,6134169600,18723033,-6.376465e-02,-2.687280e-02,4.036769e-07,4.112752e-08,9.733345e-05,5.782112e-05
511442944,7049717,6137315328,18732427,-6.380930e-02,-2.692581e-02,3.489317e-07,6.543690e-08,8.413344e-05,9.199764e-05
511705088,7049787,6140461056,18742138,-6.384218e-02,-2.695849e-02,3.111687e-07,8.322660e-08,7.502813e-05,1.170081e-04
511967232,7049820,6143606784,18751691,-6.382421e-02,-2.686355e-02,3.315408e-07,3.746278e-08,7.994019e-05,5.266887e-05
512229376,7049959,6146752512,18760969,-6.372216e-02,-2.689554e-02,4.594656e-07,5.086840e-08,1.107851e-04,7.151582e-05
512491520,7050088,6149898240,18770685,-6.369118e-02,-2.692365e-02,5.024341e-07,6.433803e-08,1.211455e-04,9.045276e-05
512753664,7050150,6153043968,18780170,-6.370567e-02,-2.698226e-02,4.821004e-07,9.750944e-08,1.162427e-04,1.370884e-04
513015808,7050405,6156189696,18789675,-6.364465e-02,-2.698333e-02,5.705608e-07,9.817713e-08,1.375720e-04,1.380271e-04
513277952,7050452,6159335424,18799256,-6.367884e-02,-2.696006e-02,5.200776e-07,8.413721e-08,1.253997e-04,1.182884e-04
513540096,7050813,6162481152,18808740,-6.365509e-02,-2.689131e-02,5.549006e-07,4.897985e-08,1.337961e-04,6.886069e-05
513802240,7051414,6165626880,18818448,-6.368408e-02,-2.685740e-02,5.125398e-07,3.511903e-08,1.235822e-04,4.937380e-05
514064384,7051931,6168772608,18827861,-6.371105e-02,-2.688989e-02,4.746593e-07,4.835035e-08,1.144485e-04,6.797569e-05
514326528,7052724,6171918336,18837515,-6.368122e-02,-2.687526e-02,5.166445e-07,4.213387e-08,1.245719e-04,5.923594e-05
514588672,7052935,6175064064,18847250,-6.370250e-02,-2.683120e-02,4.865076e-07,2.598568e-08,1.173054e-04,3.653324e-05
514850816,7054584,6178209792,18857016,-6.372030e-02,-2.692649e-02,4.619942e-07,6.578901e-08,1.113948e-04,9.249267e-05
515112960,7057108,6181355520,18866575,-6.374495e-02,-2.693336e-02,4.290874e-07,6.936111e-08,1.034604e-04,9.751470e-05
515375104,7060964,6184501248,18876101,-6.377298e-02,-2.690737e-02,3.931522e-07,5.634271e-08,9.479577e-05,7.921214e-05
515637248,7062690,6187646976,18885605,-6.378537e-02,-2.698958e-02,3.777770e-07,1.021288e-07,9.108854e-05,1.435827e-04
515899392,7063839,6190792704,18895016,-6.376486e-02,-2.699601e-02,4.034024e-07,1.062834e-07,9.726726e-05,1.494237e-04
516161536,7069304,6193938432,18904776,-6.375185e-02,-2.700510e-02,4.200963e-07,1.122927e-07,1.012924e-04,1.578722e-04
516423680,7073619,6197084160,18914373,-6.374125e-02,-2.697194e-02,4.339523e-07,9.116911e-08,1.046334e-04,1.281745e-04
516685824,7080921,6200229888,18924200,-6.365013e-02,-2.704166e-02,5.623067e-07,1.381278e-07,1.355818e-04,1.941936e-04
516947968,7106205,6203375616,18933840,-6.366307e-02,-2.702582e-02,5.430761e-07,1.266087e-07,1.309450e-04,1.779989e-04
517210112,7109605,6206521344,18943384,-6.362856e-02,-2.697901e-02,5.951205e-07,9.548778e-08,1.434938e-04,1.342461e-04
517472256,7111125,6209667072,18952919,-6.362207e-02,-2.694429e-02,6.051751e-07,7.523774e-08,1.459181e-04,1.057766e-04
517734400,7112939,6212812800,18962760,-6.360827e-02,-2.701635e-02,6.268458e-07,1.199593e-07,1.511433e-04,1.686506e-04
517996544,7137531,6215958528,18972571,-6.360809e-02,-2.699290e-02,6.271290e-07,1.042625e-07,1.512116e-04,1.465824e-04
518258688,7139394,6219104256,18982237,-6.364191e-02,-2.687870e-02,5.746991e-07,4.355494e-08,1.385699e-04,6.123383e-05
518520832,7157619,6222249984,18991749,-6.370037e-02,-2.682936e-02,4.894848e-07,2.539457e-08,1.180232e-04,3.570219e-05
518782976,7157935,6225395712,19001408,-6.375265e-02,-2.684105e-02,4.190635e-07,2.925952e-08,1.010434e-04,4.113593e-05
519045120,7158655,6228541440,19011090,-6.378115e-02,-2.681504e-02,3.829786e-07,2.103673e-08,9.234274e-05,2.957551e-05
519307264,7158733,6231687168,19020626,-6.379516e-02,-2.674187e-02,3.658292e-07,5.165588e-09,8.820772e-05,7.262292e-06
519569408,7158893,6234832896,19030280,-6.379391e-02,-2.678068e-02,3.673449e-07,1.225053e-08,8.857317e-05,1.722300e-05
519831552,7159013,6237978624,19039818,-6.378353e-02,-2.678566e-02,3.800334e-07,1.337789e-08,9.163260e-05,1.880795e-05
520093696,7159098,6241124352,19049339,-6.381626e-02,-2.679918e-02,3.407501e-07,1.668796e-08,8.216072e-05,2.346158e-05
520355840,7159655,6244270080,19058936,-6.386383e-02,-2.684455e-02,2.874821e-07,3.046652e-08,6.931689e-05,4.283283e-05
520617984,7159695,6247415808,19068406,-6.382411e-02,-2.688273e-02,3.316523e-07,4.525283e-08,7.996709e-05,6.362089e-05
520880128,7160248,6250561536,19078014,-6.380701e-02,-2.683028e-02,3.516392e-07,2.569107e-08,8.478625e-05,3.611904e-05
521142272,7160504,6253707264,19087582,-6.378605e-02,-2.689652e-02,3.769348e-07,5.131216e-08,9.088548e-05,7.213968e-05
521404416,7161056,6256852992,19097381,-6.379426e-02,-2.684409e-02,3.669205e-07,3.030742e-08,8.847086e-05,4.260916e-05
521666560,7161197,6259998720,19106962,-6.374538e-02,-2.685698e-02,4.285312e-07,3.496213e-08,1.033262e-04,4.915321e-05
521928704,7161326,6263144448,19116459,-6.373209e-02,-2.686990e-02,4.461101e-07,3.996113e-08,1.075648e-04,5.618129e-05
522190848,7161331,6266290176,19126283,-6.382383e-02,-2.685000e-02,3.319699e-07,3.240083e-08,8.004366e-05,4.555227e-05
522452992,7161390,6269435904,19135901,-6.377152e-02,-2.675705e-02,3.949856e-07,7.578477e-09,9.523784e-05,1.065457e-05
522715136,7161472,6272581632,19145411,-6.371678e-02,-2.677442e-02,4.667973e-07,1.090429e-08,1.125529e-04,1.533033e-05
522977280,7161840,6275727360,19155218,-6.371737e-02,-2.682641e-02,4.659934e-07,2.446410e-08,1.123590e-04,3.439404e-05
523239424,7161963,6278873088,19164870,-6.373119e-02,-2.683262e-02,4.473052e-07,2.644408e-08,1.078530e-04,3.717770e-05
523501568,7162072,6282018816,19174495,-6.372180e-02,-2.677503e-02,4.599607e-07,1.103226e-08,1.109044e-04,1.551024e-05
523763712,7162311,6285164544,19183991,-6.374057e-02,-2.687848e-02,4.348558e-07,4.346403e-08,1.048512e-04,6.110602e-05
524025856,7162674,6288310272,19193536,-6.376380e-02,-2.686962e-02,4.047569e-07,3.984727e-08,9.759386e-05,5.602122e-05
524288000,7162676,6291456000,19203148,-6.379170e-02,-2.686541e-02,3.700321e-07,3.818511e-08,8.922112e-05,5.368438e-05
524550144,7162776,6294601728,19212743,-6.375471e-02,-2.673953e-02,4.164054e-07,4.833998e-09,1.004025e-04,6.796110e-06
524812288,7163003,6297747456,19222427,-6.386451e-02,-2.676172e-02,2.867475e-07,8.413310e-09,6.913977e-05,1.182826e-05
525074432,7163443,6300893184,19232152,-6.384999e-02,-2.681223e-02,3.025102e-07,2.023088e-08,7.294043e-05,2.844257e-05
525336576,7163472,6304038912,19241871,-6.390940e-02,-2.684427e-02,2.406868e-07,3.036971e-08,5.803373e-05,4.269673e-05
525598720,7163788,6307184640,19251376,-6.380805e-02,-2.693050e-02,3.504120e-07,6.785843e-08,8.449037e-05,9.540207e-05
525860864,7164326,6310330368,19261155,-6.380208e-02,-2.686835e-02,3.575131e-07,3.934247e-08,8.620256e-05,5.531152e-05
526123008,7164383,6313476096,19270918,-6.374311e-02,-2.684072e-02,4.315017e-07,2.914430e-08,1.040425e-04,4.097393e-05
526385152,7164421,6316621824,19280722,-6.380363e-02,-2.678668e-02,3.556623e-07,1.361331e-08,8.575631e-05,1.913893e-05
526647296,7164437,6319767552,19290258,-6.377833e-02,-2.668840e-02,3.864724e-07,3.387365e-10,9.318514e-05,4.762292e-07
526909440,7164581,6322913280,19299755,-6.381102e-02,-2.666701e-02,3.469013e-07,8.926249e-12,8.364388e-05,1.254940e-08
527171584,7164754,6326059008,19309468,-6.382952e-02,-2.661283e-02,3.254514e-07,3.268641e-09,7.847195e-05,4.595378e-06
527433728,7164999,6329204736,19319446,-6.379130e-02,-2.656836e-02,3.705217e-07,1.033161e-08,8.933918e-05,1.452520e-05
527695872,7165043,6332350464,19329017,-6.378165e-02,-2.660030e-02,3.823610e-07,4.858635e-09,9.219383e-05,6.830747e-06
527958016,7166316,6335496192,19338663,-6.380983e-02,-2.661255e-02,3.482982e-07,3.300666e-09,8.398069e-05,4.640402e-06
528220160,7167553,6338641920,19348655,-6.378724e-02,-2.664516e-02,3.754725e-07,6.172224e-10,9.053288e-05,8.677521e-07
528482304,7167959,6341787648,19358272,-6.372853e-02,-2.663834e-02,4.508702e-07,1.002434e-09,1.087126e-04,1.409321e-06
528744448,7168371,6344933376,19367961,-6.368101e-02,-2.661532e-02,5.169445e-07,2.989678e-09,1.246442e-04,4.203183e-06
529006592,7170955,6348079104,19377560,-6.372138e-02,-2.657900e-02,4.605268e-07,8.281253e-09,1.110409e-04,1.164260e-05
529268736,7171413,6351224832,19387294,-6.372362e-02,-2.662675e-02,4.574880e-07,1.870616e-09,1.103082e-04,2.629896e-06
529530880,7171885,6354370560,19396936,-6.378268e-02,-2.654803e-02,3.810905e-07,1.487571e-08,9.188749e-05,2.091374e-05
529793024,7172136,6357516288,19406447,-6.376538e-02,-2.655624e-02,4.027401e-07,1.294115e-08,9.710758e-05,1.819395e-05
530055168,7172973,6360662016,19415898,-6.373852e-02,-2.654685e-02,4.375524e-07,1.516608e-08,1.055014e-04,2.132197e-05
530317312,7173599,6363807744,19425727,-6.372305e-02,-2.658405e-02,4.582644e-07,7.386745e-09,1.104954e-04,1.038501e-05
530579456,7175707,6366953472,19435144,-6.367559e-02,-2.659616e-02,5.247735e-07,5.451920e-09,1.265319e-04,7.664847e-06
530841600,7176681,6370099200,19444627,-6.365672e-02,-2.663450e-02,5.524723e-07,1.260525e-09,1.332106e-04,1.772171e-06
531103744,7177190,6373244928,19454455,-6.357783e-02,-2.663455e-02,6.759661e-07,1.256429e-09,1.629871e-04,1.766411e-06
531365888,7180128,6376390656,19464127,-6.357073e-02,-2.665515e-02,6.876920e-07,2.206037e-10,1.658144e-04,3.101464e-07
531628032,7182776,6379536384,19473757,-6.359196e-02,-2.664805e-02,6.529251e-07,4.816131e-10,1.574315e-04,6.770991e-07
531890176,7183170,6382682112,19483452,-6.360087e-02,-2.670022e-02,6.386157e-07,9.129963e-10,1.539813e-04,1.283580e-06
532152320,7185317,6385827840,19493000,-6.355550e-02,-2.666893e-02,7.131819e-07,1.147086e-12,1.719604e-04,1.612686e-09
532414464,7185642,6388973568,19502519,-6.358758e-02,-2.660475e-02,6.600242e-07,4.257847e-09,1.591432e-04,5.986102e-06
532676608,7188676,6392119296,19512198,-6.357759e-02,-2.662862e-02,6.763582e-07,1.712656e-09,1.630816e-04,2.407821e-06
532938752,7191212,6395265024,19521769,-6.358756e-02,-2.663334e-02,6.600606e-07,1.344271e-09,1.591520e-04,1.889909e-06
533200896,7194581,6398410752,19531363,-6.359095e-02,-2.665092e-02,6.545637e-07,3.640111e-10,1.578266e-04,5.117627e-07
533463040,7198822,6401556480,19541025,-6.357744e-02,-2.661360e-02,6.766156e-07,3.180431e-09,1.631437e-04,4.471363e-06
533725184,7203983,6404702208,19550342,-6.356768e-02,-2.653004e-02,6.927677e-07,1.958804e-08,1.670382e-04,2.753880e-05
533987328,7207259,6407847936,19559999,-6.354876e-02,-2.651679e-02,7.246159e-07,2.347445e-08,1.747174e-04,3.300270e-05
534249472,7219524,6410993664,19569578,-6.355307e-02,-2.653817e-02,7.172902e-07,1.737783e-08,1.729510e-04,2.443146e-05
534511616,7219544,6414139392,19579090,-6.356364e-02,-2.660715e-02,6.995063e-07,3.950512e-09,1.686630e-04,5.554019e-06
534773760,7219825,6417285120,19588641,-6.353185e-02,-2.657943e-02,7.536829e-07,8.202115e-09,1.817259e-04,1.153134e-05
535035904,7223828,6420430848,19598302,-6.355009e-02,-2.652000e-02,7.223471e-07,2.249909e-08,1.741703e-04,3.163143e-05
535298048,7225794,6423576576,19607958,-6.352364e-02,-2.649766e-02,7.680062e-07,2.970215e-08,1.851795e-04,4.175821e-05
535560192,7243054,6426722304,19617672,-6.354365e-02,-2.647804e-02,7.333436e-07,3.684883e-08,1.768218e-04,5.180571e-05
535822336,7243461,6429868032,19627236,-6.351125e-02,-2.644272e-02,7.898765e-07,5.165787e-08,1.904528e-04,7.262573e-05
536084480,7247023,6433013760,19636769,-6.349462e-02,-2.648471e-02,8.197123e-07,3.433113e-08,1.976467e-04,4.826609e-05
536346624,7249947,6436159488,19646518,-6.343720e-02,-2.651459e-02,9.269863e-07,2.415163e-08,2.235124e-04,3.395474e-05
536608768,7260968,6439305216,19656135,-6.339784e-02,-2.648445e-02,1.004330e-06,3.442853e-08,2.421613e-04,4.840302e-05
536870912,7284240,6442450944,19665859,-6.338035e-02,-2.649783e-02,1.039700e-06,2.964118e-08,2.506895e-04,4.167250e-05
537133056,7484328,6445596672,19675547,-6.332378e-02,-2.647268e-02,1.158253e-06,3.893491e-08,2.792747e-04,5.473854e-05
537395200,7484695,6448742400,19685087,-6.336315e-02,-2.643998e-02,1.075063e-06,5.290745e-08,2.592163e-04,7.438251e-05
537657344,7484797,6451888128,19694682,-6.331602e-02,-2.648318e-02,1.175023e-06,3.490016e-08,2.833184e-04,4.906609e-05
537919488,7484832,6455033856,19704228,-6.325600e-02,-2.649217e-02,1.308752e-06,3.162434e-08,3.155626e-04,4.446060e-05
538181632,7484986,6458179584,19713884,-6.324177e-02,-2.657990e-02,1.341497e-06,8.117651e-09,3.234580e-04,1.141260e-05
538443776,7485503,6461325312,19723425,-6.326041e-02,-2.657441e-02,1.298679e-06,9.137985e-09,3.131339e-04,1.284708e-05
538705920,7485601,6464471040,19733045,-6.327482e-02,-2.660125e-02,1.266045e-06,4.726595e-09,3.052653e-04,6.645112e-06
538968064,7485761,6467616768,19742748,-6.330693e-02,-2.654273e-02,1.194812e-06,1.619691e-08,2.880898e-04,2.277122e-05
539230208,7485786,6470762496,19752462,-6.328560e-02,-2.648911e-02,1.241883e-06,3.272215e-08,2.994395e-04,4.600402e-05
539492352,7485942,6473908224,19762042,-6.329842e-02,-2.656995e-02,1.213486e-06,1.001040e-08,2.925923e-04,1.407361e-05
539754496,7485998,6477053952,19771649,-6.331186e-02,-2.655985e-02,1.184054e-06,1.213248e-08,2.854958e-04,1.705703e-05
540016640,7486110,6480199680,19781271,-6.336703e-02,-2.651604e-02,1.067029e-06,2.370503e-08,2.572790e-04,3.332687e-05
540278784,7486296,6483345408,19790911,-6.338704e-02,-2.649252e-02,1.026100e-06,3.149991e-08,2.474104e-04,4.428568e-05
540540928,7486417,6486491136,19800697,-6.334475e-02,-2.653627e-02,1.113564e-06,1.788483e-08,2.684995e-04,2.514426e-05
540803072,7486596,6489636864,19810220,-6.330851e-02,-2.661418e-02,1.191345e-06,3.116053e-09,2.872539e-04,4.380853e-06
541065216,7486716,6492782592,19819695,-6.330916e-02,-2.669831e-02,1.189931e-06,8.014756e-10,2.869128e-04,1.126793e-06
541327360,7487236,6495928320,19829125,-6.329504e-02,-2.673914e-02,1.220933e-06,4.780274e-09,2.943880e-04,6.720580e-06
541589504,7487249,6499074048,19838798,-6.326819e-02,-2.674383e-02,1.280994e-06,5.451644e-09,3.088698e-04,7.664459e-06
541851648,7487269,6502219776,19848544,-6.324431e-02,-2.671211e-02,1.335635e-06,1.773623e-09,3.220447e-04,2.493535e-06
542113792,7487649,6505365504,19858063,-6.316052e-02,-2.672700e-02,1.536307e-06,3.248651e-09,3.704301e-04,4.567275e-06
542375936,7487964,6508511232,19867694,-6.323683e-02,-2.673491e-02,1.352981e-06,4.212996e-09,3.262271e-04,5.923046e-06
542638080,7488058,6511656960,19877381,-6.326289e-02,-2.672519e-02,1.293031e-06,3.045955e-09,3.117720e-04,4.282304e-06
542900224,7488169,6514802688,19886915,-6.327920e-02,-2.678943e-02,1.256189e-06,1.426375e-08,3.028887e-04,2.005339e-05
543162368,7488197,6517948416,19896621,-6.326577e-02,-2.685725e-02,1.286482e-06,3.506321e-08,3.101929e-04,4.929531e-05
543424512,7488670,6521094144,19906378,-6.327085e-02,-2.695884e-02,1.274981e-06,8.343092e-08,3.074198e-04,1.172954e-04
543686656,7488751,6524239872,19916042,-6.334405e-02,-2.693770e-02,1.115043e-06,7.166096e-08,2.688560e-04,1.007480e-04
543948800,7488936,6527385600,19925529,-6.333160e-02,-2.699738e-02,1.141475e-06,1.071803e-07,2.752293e-04,1.506847e-04
544210944,7488983,6530531328,19935011,-6.321049e-02,-2.706924e-02,1.414946e-06,1.593906e-07,3.411678e-04,2.240870e-04
544473088,7489016,6533677056,19944649,-6.321286e-02,-2.705484e-02,1.409297e-06,1.480984e-07,3.398058e-04,2.082113e-04
544735232,7489110,6536822784,19954346,-6.327999e-02,-2.707506e-02,1.254436e-06,1.640737e-07,3.024661e-04,2.306710e-04
544997376,7489282,6539968512,19963988,-6.334954e-02,-2.713132e-02,1.103476e-06,2.128174e-07,2.660672e-04,2.991996e-04
545259520,7489417,6543114240,19973559,-6.334028e-02,-2.714840e-02,1.123019e-06,2.288647e-07,2.707792e-04,3.217605e-04
545521664,7489472,6546259968,19983105,-6.331437e-02,-2.716365e-02,1.178596e-06,2.436860e-07,2.841798e-04,3.425979e-04
545783808,7489584,6549405696,19992683,-6.337956e-02,-2.721878e-02,1.041296e-06,3.011615e-07,2.510743e-04,4.234025e-04
546045952,7489898,6552551424,20002417,-6.337675e-02,-2.721339e-02,1.047051e-06,2.952701e-07,2.524621e-04,4.151198e-04
546308096,7490198,6555697152,20012230,-6.335439e-02,-2.723514e-02,1.093310e-06,3.193890e-07,2.636158e-04,4.490286e-04
546570240,7490254,6558842880,20021899,-6.332873e-02,-2.719269e-02,1.147629e-06,2.732086e-07,2.767130e-04,3.841036e-04
546832384,7490274,6561988608,20031696,-6.330680e-02,-2.716719e-02,1.195089e-06,2.471945e-07,2.881566e-04,3.475304e-04
547094528,7490349,6565134336,20041102,-6.329551e-02,-2.723466e-02,1.219912e-06,3.188461e-07,2.941418e-04,4.482653e-04
547356672,7491320,6568280064,20050570,-6.322721e-02,-2.716197e-02,1.375450e-06,2.420338e-07,3.316447e-04,3.402749e-04
547618816,7491732,6571425792,20060120,-6.318289e-02,-2.713737e-02,1.481361e-06,2.184341e-07,3.571817e-04,3.070962e-04
547880960,7492530,6574571520,20069584,-6.328353e-02,-2.710835e-02,1.246504e-06,1.921501e-07,3.005536e-04,2.701436e-04
548143104,7492658,6577717248,20079303,-6.332995e-02,-2.712262e-02,1.145012e-06,2.048657e-07,2.760822e-04,2.880204e-04
548405248,7494097,6580862976,20089024,-6.336243e-02,-2.713806e-02,1.076547e-06,2.190805e-07,2.595740e-04,3.080050e-04
548667392,7496488,6584008704,20099031,-6.344201e-02,-2.713426e-02,9.177557e-07,2.155362e-07,2.212867e-04,3.030220e-04
548929536,7501560,6587154432,20108477,-6.336931e-02,-2.702950e-02,1.062324e-06,1.292401e-07,2.561446e-04,1.816985e-04
549191680,7502227,6590300160,20118008,-6.334056e-02,-2.706258e-02,1.122419e-06,1.541194e-07,2.706345e-04,2.166762e-04
549453824,7503650,6593445888,20127406,-6.322774e-02,-2.711856e-02,1.374192e-06,2.012030e-07,3.313414e-04,2.828711e-04
549715968,7510573,6596591616,20136857,-6.322239e-02,-2.715905e-02,1.386763e-06,2.391686e-07,3.343724e-04,3.362468e-04
549978112,7513433,6599737344,20146297,-6.321407e-02,-2.721526e-02,1.406433e-06,2.973080e-07,3.391152e-04,4.179849e-04
550240256,7520389,6602883072,20155933,-6.320480e-02,-2.720628e-02,1.428520e-06,2.875920e-07,3.444409e-04,4.043251e-04
550502400,7545819,6606028800,20165500,-6.325109e-02,-2.721979e-02,1.320010e-06,3.022665e-07,3.182771e-04,4.249560e-04
550764544,7549200,6609174528,20175177,-6.324863e-02,-2.717998e-02,1.325648e-06,2.600845e-07,3.196367e-04,3.656524e-04
551026688,7550725,6612320256,20184856,-6.325763e-02,-2.713331e-02,1.305004e-06,2.146585e-07,3.146590e-04,3.017880e-04
551288832,7552498,6615465984,20194700,-6.322035e-02,-2.712377e-02,1.391575e-06,2.059040e-07,3.355327e-04,2.894801e-04
551550976,7577530,6618611712,20204237,-6.320491e-02,-2.714749e-02,1.428235e-06,2.279976e-07,3.443722e-04,3.205415e-04
551813120,7579006,6621757440,20213923,-6.322841e-02,-2.711287e-02,1.372621e-06,1.961321e-07,3.309624e-04,2.757419e-04
552075264,7604044,6624903168,20223518,-6.326884e-02,-2.707465e-02,1.279528e-06,1.637434e-07,3.085162e-04,2.302066e-04
552337408,7604785,6628048896,20233122,-6.328787e-02,-2.705853e-02,1.236840e-06,1.509564e-07,2.982235e-04,2.122293e-04
552599552,7605190,6631194624,20242621,-6.330177e-02,-2.703363e-02,1.206110e-06,1.322236e-07,2.908139e-04,1.858929e-04
552861696,7605763,6634340352,20252254,-6.328144e-02,-2.705199e-02,1.251183e-06,1.459202e-07,3.016818e-04,2.051490e-04
553123840,7605887,6637486080,20261986,-6.328367e-02,-2.705957e-02,1.246205e-06,1.517651e-07,3.004814e-04,2.133663e-04
553385984,7606139,6640631808,20271604,-6.328383e-02,-2.710608e-02,1.245839e-06,1.901647e-07,3.003932e-04,2.673523e-04
553648128,7606172,6643777536,20281379,-6.330127e-02,-2.710273e-02,1.207207e-06,1.872566e-07,2.910784e-04,2.632638e-04
553910272,7606246,6646923264,20291103,-6.332159e-02,-2.715615e-02,1.162972e-06,2.363386e-07,2.804126e-04,3.322681e-04
554172416,7606756,6650068992,20300548,-6.330488e-02,-2.712131e-02,1.199296e-06,2.036837e-07,2.891709e-04,2.863586e-04
554434560,7606768,6653214720,20310185,-6.341218e-02,-2.701766e-02,9.757890e-07,1.208694e-07,2.352795e-04,1.699301e-04
554696704,7607549,6656360448,20319744,-6.338316e-02,-2.697296e-02,1.033964e-06,9.178204e-08,2.493066e-04,1.290362e-04
554958848,7607604,6659506176,20329272,-6.340526e-02,-2.695780e-02,9.895115e-07,8.283050e-08,2.385883e-04,1.164513e-04
555220992,7607690,6662651904,20338950,-6.339103e-02,-2.700291e-02,1.018026e-06,1.108270e-07,2.454635e-04,1.558115e-04
555483136,7608345,6665797632,20348803,-6.342174e-02,-2.703022e-02,9.569950e-07,1.297616e-07,2.307480e-04,1.824317e-04
555745280,7608369,6668943360,20358716,-6.342617e-02,-2.700605e-02,9.483413e-07,1.129290e-07,2.286614e-04,1.587667e-04
556007424,7608371,6672089088,20368425,-6.342755e-02,-2.703026e-02,9.456586e-07,1.297858e-07,2.280146e-04,1.824656e-04
556269568,7608661,6675234816,20377990,-6.340828e-02,-2.703499e-02,9.835173e-07,1.332170e-07,2.371430e-04,1.872896e-04
556531712,7608705,6678380544,20387484,-6.343680e-02,-2.713916e-02,9.277612e-07,2.201087e-07,2.236992e-04,3.094506e-04
556793856,7608798,6681526272,20397201,-6.335282e-02,-2.721251e-02,1.096584e-06,2.943174e-07,2.644053e-04,4.137804e-04
557056000,7608975,6684672000,20406794,-6.337060e-02,-2.722527e-02,1.059669e-06,3.083221e-07,2.555044e-04,4.334695e-04
557318144,7609107,6687817728,20416248,-6.338727e-02,-2.722351e-02,1.025617e-06,3.063745e-07,2.472940e-04,4.307315e-04
557580288,7609163,6690963456,20425978,-6.336807e-02,-2.728717e-02,1.064890e-06,3.808997e-07,2.567634e-04,5.355063e-04
557842432,7609675,6694109184,20435571,-6.344891e-02,-2.722805e-02,9.045702e-07,3.114202e-07,2.181075e-04,4.378252e-04
558104576,7609795,6697254912,20445241,-6.345835e-02,-2.730808e-02,8.867030e-07,4.071494e-07,2.137994e-04,5.724108e-04
558366720,7609816,6700400640,20454962,-6.351700e-02,-2.727426e-02,7.796988e-07,3.651355e-07,1.879988e-04,5.133435e-04
558628864,7609946,6703546368,20464596,-6.349126e-02,-2.726197e-02,8.258081e-07,3.504274e-07,1.991166e-04,4.926654e-04
558891008,7610251,6706692096,20474165,-6.350776e-02,-2.727385e-02,7.960999e-07,3.646360e-07,1.919534e-04,5.126412e-04
559153152,7610455,6709837824,20483711,-6.356436e-02,-2.730755e-02,6.982979e-07,4.064746e-07,1.683717e-04,5.714621e-04
559415296,7610861,6712983552,20493242,-6.358179e-02,-2.730740e-02,6.694641e-07,4.062823e-07,1.614193e-04,5.711917e-04
559677440,7611036,6716129280,20502913,-6.354816e-02,-2.733554e-02,7.256310e-07,4.429483e-07,1.749621e-04,6.227404e-04
559939584,7611614,6719275008,20512473,-6.355317e-02,-2.735204e-02,7.171261e-07,4.651775e-07,1.729115e-04,6.539923e-04
560201728,7611643,6722420736,20522159,-6.356613e-02,-2.741781e-02,6.953375e-07,5.592213e-07,1.676578e-04,7.862085e-04
560463872,7611851,6725566464,20531651,-6.356312e-02,-2.746664e-02,7.003790e-07,6.346328e-07,1.688734e-04,8.922293e-04
560726016,7611966,6728712192,20541156,-6.360807e-02,-2.743071e-02,6.271526e-07,5.786795e-07,1.512173e-04,8.135647e-04
560988160,7612200,6731857920,20550729,-6.361555e-02,-2.741296e-02,6.153606e-07,5.519906e-07,1.483741e-04,7.760429e-04
561250304,7612357,6735003648,20560312,-6.368343e-02,-2.736864e-02,5.134790e-07,4.880940e-07,1.238086e-04,6.862106e-04
561512448,7612579,6738149376,20569767,-6.371374e-02,-2.732143e-02,4.709501e-07,4.243615e-07,1.135542e-04,5.966092e-04
561774592,7613791,6741295104,20579237,-6.369159e-02,-2.728371e-02,5.018534e-07,3.766399e-07,1.210055e-04,5.295174e-04
562036736,7614598,6744440832,20588812,-6.368328e-02,-2.724327e-02,5.136926e-07,3.286343e-07,1.238601e-04,4.620264e-04
562298880,7615061,6747586560,20598473,-6.372762e-02,-2.721321e-02,4.520917e-07,2.950819e-07,1.090071e-04,4.148551e-04
562561024,7615798,6750732288,20608061,-6.380074e-02,-2.720167e-02,3.591186e-07,2.826727e-07,8.658969e-05,3.974091e-04
562823168,7618201,6753878016,20617494,-6.375890e-02,-2.721516e-02,4.110094e-07,2.972044e-07,9.910143e-05,4.178392e-04
563085312,7618505,6757023744,20627158,-6.376308e-02,-2.719455e-02,4.056675e-07,2.751554e-07,9.781341e-05,3.868405e-04
563347456,7619300,6760169472,20636909,-6.375492e-02,-2.721904e-02,4.161265e-07,3.014416e-07,1.003353e-04,4.237964e-04
563609600,7619371,6763315200,20646507,-6.373756e-02,-2.724508e-02,4.388347e-07,3.307219e-07,1.058106e-04,4.649614e-04
563871744,7620353,6766460928,20656018,-6.378462e-02,-2.722232e-02,3.786934e-07,3.050563e-07,9.130950e-05,4.288781e-04
564133888,7620732,6769606656,20665665,-6.381243e-02,-2.723902e-02,3.452445e-07,3.237853e-07,8.324441e-05,4.552093e-04
564396032,7623736,6772752384,20675170,-6.379377e-02,-2.725109e-02,3.675165e-07,3.376606e-07,8.861455e-05,4.747165e-04
564658176,7624389,6775898112,20684762,-6.379656e-02,-2.724357e-02,3.641367e-07,3.289782e-07,8.779964e-05,4.625099e-04
564920320,7625396,6779043840,20694348,-6.390769e-02,-2.719982e-02,2.423711e-07,2.807113e-07,5.843985e-05,3.946516e-04
565182464,7628104,6782189568,20703675,-6.388530e-02,-2.721693e-02,2.649171e-07,2.991308e-07,6.387609e-05,4.205475e-04
565444608,7628476,6785335296,20713311,-6.390240e-02,-2.720480e-02,2.476077e-07,2.860159e-07,5.970248e-05,4.021093e-04
565706752,7630258,6788481024,20722815,-6.397469e-02,-2.722035e-02,1.808877e-07,3.028894e-07,4.361514e-05,4.258318e-04
565968896,7630345,6791626752,20732481,-6.397846e-02,-2.718997e-02,1.777014e-07,2.703692e-07,4.284686e-05,3.801117e-04
566231040,7633726,6794772480,20742194,-6.395683e-02,-2.717933e-02,1.964045e-07,2.594143e-07,4.735650e-05,3.647101e-04
566493184,7638497,6797918208,20751476,-6.400084e-02,-2.722690e-02,1.593326e-07,3.101388e-07,3.841783e-05,4.360238e-04
566755328,7641828,6801063936,20760957,-6.396573e-02,-2.722814e-02,1.885922e-07,3.115158e-07,4.547282e-05,4.379596e-04
567017472,7646568,6804209664,20770388,-6.393739e-02,-2.724916e-02,2.140117e-07,3.354260e-07,5.160191e-05,4.715749e-04
567279616,7652751,6807355392,20780166,-6.402414e-02,-2.716889e-02,1.412703e-07,2.488884e-07,3.406271e-05,3.499118e-04
567541760,7654586,6810501120,20789870,-6.403659e-02,-2.718286e-02,1.320719e-07,2.630223e-07,3.184481e-05,3.697827e-04
567803904,7658963,6813646848,20799486,-6.400768e-02,-2.722234e-02,1.539191e-07,3.050748e-07,3.711254e-05,4.289042e-04
568066048,7667217,6816792576,20809118,-6.402601e-02,-2.723740e-02,1.398736e-07,3.219416e-07,3.372593e-05,4.526172e-04
568328192,7667611,6819938304,20818769,-6.407204e-02,-2.725818e-02,1.075575e-07,3.459607e-07,2.593398e-05,4.863857e-04
568590336,7671223,6823084032,20828272,-6.405041e-02,-2.727472e-02,1.222175e-07,3.656827e-07,2.946873e-05,5.141128e-04
568852480,7672918,6826229760,20837893,-6.402936e-02,-2.727972e-02,1.373770e-07,3.717632e-07,3.312396e-05,5.226613e-04
569114624,7686571,6829375488,20847351,-6.399523e-02,-2.731136e-02,1.638429e-07,4.113438e-07,3.950535e-05,5.783076e-04
569376768,7690290,6832521216,20856889,-6.405775e-02,-2.728159e-02,1.171350e-07,3.740381e-07,2.824326e-05,5.258595e-04
569638912,7690892,6835666944,20866487,-6.404196e-02,-2.730726e-02,1.281963e-07,4.060994e-07,3.091033e-05,5.709347e-04
569901056,7697137,6838812672,20876134,-6.400819e-02,-2.730612e-02,1.535160e-07,4.046526e-07,3.701534e-05,5.689006e-04
570163200,7708426,6841958400,20885810,-6.397388e-02,-2.727631e-02,1.815792e-07,3.676181e-07,4.378186e-05,5.168338e-04
570425344,7731648,6845104128,20895287,-6.395090e-02,-2.723165e-02,2.016896e-07,3.154496e-07,4.863084e-05,4.434901e-04
570687488,7924284,6848249856,20904758,-6.401175e-02,-2.728446e-02,1.507437e-07,3.775664e-07,3.634689e-05,5.308200e-04
570949632,7924673,6851395584,20914271,-6.404457e-02,-2.729306e-02,1.263304e-07,3.882019e-07,3.046044e-05,5.457725e-04
571211776,7924673,6854541312,20923953,-6.402799e-02,-2.731348e-02,1.383951e-07,4.140696e-07,3.336945e-05,5.821399e-04
571473920,7924763,6857687040,20933450,-6.404558e-02,-2.728916e-02,1.256165e-07,3.833545e-07,3.028829e-05,5.389576e-04
571736064,7925032,6860832768,20943131,-6.408078e-02,-2.730575e-02,1.019015e-07,4.041835e-07,2.457020e-05,5.682410e-04
571998208,7925317,6863978496,20952429,-6.403937e-02,-2.720129e-02,1.300543e-07,2.822668e-07,3.135834e-05,3.968385e-04
572260352,7925449,6867124224,20962063,-6.404968e-02,-2.719960e-02,1.227233e-07,2.804804e-07,2.959070e-05,3.943270e-04
572522496,7925525,6870269952,20971815,-6.402054e-02,-2.721475e-02,1.439884e-07,2.967537e-07,3.471809e-05,4.172056e-04
572784640,7925779,6873415680,20981483,-6.402639e-02,-2.725992e-02,1.395840e-07,3.480081e-07,3.365610e-05,4.892640e-04
573046784,7925899,6876561408,20991086,-6.400646e-02,-2.723051e-02,1.548735e-07,3.141683e-07,3.734266e-05,4.416888e-04
573308928,7925987,6879707136,21000847,-6.400026e-02,-2.714449e-02,1.597909e-07,2.251410e-07,3.852834e-05,3.165253e-04
573571072,7926020,6882852864,21010422,-6.400264e-02,-2.714529e-02,1.578964e-07,2.258964e-07,3.807154e-05,3.175874e-04
573833216,7926045,6885998592,21020031,-6.399902e-02,-2.721246e-02,1.607872e-07,2.942588e-07,3.876856e-05,4.136981e-04
574095360,7926089,6889144320,21029649,-6.402427e-02,-2.714658e-02,1.411751e-07,2.271286e-07,3.403975e-05,3.193198e-04
574357504,7926525,6892290048,21039180,-6.403926e-02,-2.715883e-02,1.301349e-07,2.389518e-07,3.137777e-05,3.359421e-04
574619648,7926547,6895435776,21048974,-6.408358e-02,-2.715847e-02,1.001255e-07,2.386060e-07,2.414198e-05,3.354558e-04
574881792,7927128,6898581504,21058567,-6.405263e-02,-2.712785e-02,1.206700e-07,2.096277e-07,2.909561e-05,2.947154e-04
575143936,7927183,6901727232,21068127,-6.411885e-02,-2.713883e-02,7.904819e-08,2.198012e-07,1.905988e-05,3.090182e-04
575406080,7927244,6904872960,21077808,-6.413045e-02,-2.716270e-02,7.265966e-08,2.427527e-07,1.751949e-05,3.412857e-04
575668224,7927462,6908018688,21087435,-6.413773e-02,-2.716795e-02,6.878444e-08,2.479582e-07,1.658512e-05,3.486040e-04
575930368,7927650,6911164416,21096920,-6.412562e-02,-2.719610e-02,7.528578e-08,2.767836e-07,1.815270e-05,3.891297e-04
576192512,7927731,6914310144,21106610,-6.419771e-02,-2.722752e-02,4.092153e-08,3.108321e-07,9.866887e-06,4.369984e-04
576454656,7928001,6917455872,21116297,-6.419240e-02,-2.716948e-02,4.309900e-08,2.494779e-07,1.039191e-05,3.507406e-04
576716800,7928013,6920601600,21125868,-6.417407e-02,-2.714969e-02,5.104500e-08,2.300996e-07,1.230783e-05,3.234967e-04
576978944,7928735,6923747328,21135433,-6.417713e-02,-2.710447e-02,4.967069e-08,1.887605e-07,1.197646e-05,2.653780e-04
577241088,7928819,6926893056,21144821,-6.416104e-02,-2.710824e-02,5.710306e-08,1.920538e-07,1.376853e-05,2.700081e-04
577503232,7928889,6930038784,21154434,-6.416648e-02,-2.707692e-02,5.453325e-08,1.655861e-07,1.314891e-05,2.327973e-04
577765376,7928985,6933184512,21164102,-6.418111e-02,-2.702013e-02,4.791310e-08,1.225889e-07,1.155267e-05,1.723476e-04
578027520,7929007,6936330240,21173630,-6.417695e-02,-2.701794e-02,4.975375e-08,1.210637e-07,1.199649e-05,1.702033e-04
578289664,7929014,6939475968,21183393,-6.415038e-02,-2.698977e-02,6.231227e-08,1.022562e-07,1.502456e-05,1.437618e-04
578551808,7929191,6942621696,21193128,-6.410054e-02,-2.702155e-02,8.967700e-08,1.235874e-07,2.162267e-05,1.737514e-04
578813952,7929221,6945767424,21202793,-6.418668e-02,-2.698558e-02,4.550439e-08,9.958989e-08,1.097189e-05,1.400133e-04
579076096,7929307,6948913152,21212135,-6.421190e-02,-2.693965e-02,3.538342e-08,7.271088e-08,8.531552e-06,1.022241e-04
579338240,7929536,6952058880,21221653,-6.415038e-02,-2.692413e-02,6.231227e-08,6.458300e-08,1.502456e-05,9.079714e-05
579600384,7929999,6955204608,21231204,-6.413046e-02,-2.697054e-02,7.265565e-08,9.032745e-08,1.751853e-05,1.269912e-04
579862528,7930173,6958350336,21240856,-6.405569e-02,-2.698480e-02,1.185519e-07,9.909791e-08,2.858491e-05,1.393216e-04
580124672,7930327,6961496064,21250548,-6.405626e-02,-2.697873e-02,1.181572e-07,9.531518e-08,2.848973e-05,1.340035e-04
580386816,7930698,6964641792,21260254,-6.405674e-02,-2.703130e-02,1.178296e-07,1.305384e-07,2.841074e-05,1.835238e-04
580648960,7931178,6967787520,21269721,-6.405189e-02,-2.694478e-02,1.211830e-07,7.550365e-08,2.921931e-05,1.061505e-04
580911104,7931442,6970933248,21279156,-6.408908e-02,-2.687420e-02,9.667136e-08,4.169913e-08,2.330913e-05,5.862475e-05
581173248,7931979,6974078976,21288878,-6.408145e-02,-2.691552e-02,1.014738e-07,6.028232e-08,2.446709e-05,8.475083e-05
581435392,7932283,6977224704,21298663,-6.413309e-02,-2.686969e-02,7.124073e-08,3.987777e-08,1.717737e-05,5.606409e-05
581697536,7932943,6980370432,21308289,-6.409790e-02,-2.693130e-02,9.126362e-08,6.828025e-08,2.200523e-05,9.599510e-05
581959680,7933924,6983516160,21318193,-6.409162e-02,-2.694850e-02,9.510253e-08,7.756168e-08,2.293086e-05,1.090439e-04
582221824,7936279,6986661888,21327813,-6.403723e-02,-2.689644e-02,1.316066e-07,5.127672e-08,3.173261e-05,7.208988e-05
582483968,7941972,6989807616,21337536,-6.408166e-02,-2.688558e-02,1.013410e-07,4.647423e-08,2.443505e-05,6.533805e-05
582746112,7942301,6992953344,21346988,-6.411820e-02,-2.688528e-02,7.941311e-08,4.634743e-08,1.914787e-05,6.515979e-05
583008256,7943745,6996099072,21356724,-6.408271e-02,-2.690131e-02,1.006732e-07,5.350293e-08,2.427404e-05,7.521969e-05
583270400,7952043,6999244800,21366439,-6.401241e-02,-2.694660e-02,1.502292e-07,7.650911e-08,3.622285e-05,1.075640e-04
583532544,7953631,7002390528,21376018,-6.400064e-02,-2.695889e-02,1.594932e-07,8.345890e-08,3.845656e-05,1.173347e-04
583794688,7960173,7005536256,21385557,-6.393836e-02,-2.702926e-02,2.131165e-07,1.290661e-07,5.138606e-05,1.814538e-04
584056832,7985842,7008681984,21395168,-6.391732e-02,-2.710367e-02,2.329856e-07,1.880700e-07,5.617685e-05,2.644073e-04
584318976,7989368,7011827712,21404836,-6.394600e-02,-2.711492e-02,2.061170e-07,1.979545e-07,4.969837e-05,2.783039e-04
584581120,7990734,7014973440,21414200,-6.387641e-02,-2.708993e-02,2.741460e-07,1.763393e-07,6.610132e-05,2.479152e-04
584843264,7992473,7018119168,21423732,-6.392343e-02,-2.705979e-02,2.271180e-07,1.519335e-07,5.476205e-05,2.136031e-04
585105408,8017631,7021264896,21433178,-6.399057e-02,-2.708603e-02,1.676344e-07,1.730772e-07,4.041953e-05,2.433290e-04
585367552,8019391,7024410624,21442641,-6.391157e-02,-2.708816e-02,2.385641e-07,1.748594e-07,5.752192e-05,2.458346e-04
585629696,8043803,7027556352,21452256,-6.384963e-02,-2.710345e-02,3.029120e-07,1.878778e-07,7.303729e-05,2.641371e-04
585891840,8047370,7030702080,21462035,-6.383266e-02,-2.716464e-02,3.218824e-07,2.446672e-07,7.761140e-05,3.439773e-04
586153984,8052183,7033847808,21471594,-6.383600e-02,-2.719618e-02,3.180977e-07,2.768698e-07,7.669883e-05,3.892509e-04
586416128,8052663,7036993536,21481250,-6.387110e-02,-2.721531e-02,2.797371e-07,2.973669e-07,6.744944e-05,4.180677e-04
586678272,8053087,7040139264,21490576,-6.387924e-02,-2.717634e-02,2.711892e-07,2.563798e-07,6.538839e-05,3.604440e-04
586940416,8053399,7043284992,21500431,-6.395008e-02,-2.717356e-02,2.024264e-07,2.535695e-07,4.880849e-05,3.564930e-04
587202560,8053652,7046430720,21509968,-6.392666e-02,-2.716090e-02,2.240534e-07,2.409829e-07,5.402314e-05,3.387976e-04
587464704,8053658,7049576448,21519686,-6.386963e-02,-2.715922e-02,2.812998e-07,2.393344e-07,6.782622e-05,3.364799e-04
587726848,8053691,7052722176,21529368,-6.391820e-02,-2.712188e-02,2.321377e-07,2.041985e-07,5.597240e-05,2.870824e-04
587988992,8054085,7055867904,21539077,-6.391225e-02,-2.716781e-02,2.379023e-07,2.478191e-07,5.736234e-05,3.484085e-04
588251136,8054087,7059013632,21548584,-6.394744e-02,-2.717703e-02,2.048134e-07,2.570839e-07,4.938405e-05,3.614338e-04
588513280,8054784,7062159360,21558187,-6.393318e-02,-2.714340e-02,2.179243e-07,2.241081e-07,5.254529e-05,3.150732e-04
588775424,8055112,7065305088,21567823,-6.387475e-02,-2.712258e-02,2.758887e-07,2.048269e-07,6.652150e-05,2.879658e-04
589037568,8055156,7068450816,21577419,-6.392109e-02,-2.714192e-02,2.293604e-07,2.227065e-07,5.530274e-05,3.131028e-04
589299712,8055659,7071596544,21587208,-6.397562e-02,-2.711166e-02,1.801027e-07,1.950612e-07,4.342586e-05,2.742363e-04
589561856,8055825,7074742272,21596537,-6.396917e-02,-2.704510e-02,1.856208e-07,1.407024e-07,4.475637e-05,1.978133e-04
589824000,8055875,7077888000,21606190,-6.402224e-02,-2.708614e-02,1.427021e-07,1.731733e-07,3.440794e-05,2.434641e-04
590086144,8056121,7081033728,21615768,-6.399377e-02,-2.704785e-02,1.650212e-07,1.427711e-07,3.978945e-05,2.007217e-04
590348288,8056215,7084179456,21625213,-6.406466e-02,-2.701413e-02,1.124550e-07,1.184288e-07,2.711485e-05,1.664989e-04
590610432,8056225,7087325184,21634656,-6.413856e-02,-2.701595e-02,6.835133e-08,1.196808e-07,1.648068e-05,1.682590e-04
590872576,8056344,7090470912,21644151,-6.414849e-02,-2.703115e-02,6.326065e-08,1.304308e-07,1.525323e-05,1.833724e-04
591134720,8056406,7093616640,21653746,-6.424294e-02,-2.700799e-02,2.466963e-08,1.142398e-07,5.948273e-06,1.606095e-04
591396864,8056767,7096762368,21663215,-6.422154e-02,-2.695241e-02,3.184931e-08,7.975676e-08,7.679418e-06,1.121299e-04
591659008,8057140,7099908096,21672720,-6.418029e-02,-2.703892e-02,4.827256e-08,1.361055e-07,1.163935e-05,1.913506e-04
591921152,8057179,7103053824,21682566,-6.426002e-02,-2.708864e-02,1.959482e-08,1.752600e-07,4.724649e-06,2.463978e-04
592183296,8057287,7106199552,21692123,-6.424693e-02,-2.717818e-02,2.343109e-08,2.582487e-07,5.649640e-06,3.630714e-04
592445440,8057334,7109345280,21701838,-6.429647e-02,-2.721743e-02,1.071914e-08,2.996811e-07,2.584569e-06,4.213213e-04
592707584,8057703,7112491008,21711397,-6.426927e-02,-2.717121e-02,1.708978e-08,2.512076e-07,4.120640e-06,3.531724e-04
592969728,8057807,7115636736,21721057,-6.422079e-02,-2.717169e-02,3.211847e-08,2.516914e-07,7.744316e-06,3.538526e-04
593231872,8058517,7118782464,21730625,-6.416269e-02,-2.715181e-02,5.631883e-08,2.321413e-07,1.357944e-05,3.263671e-04
593494016,8058634,7121928192,21740243,-6.417471e-02,-2.716100e-02,5.075588e-08,2.410817e-07,1.223812e-05,3.389364e-04
593756160,8058937,7125073920,21749725,-6.419623e-02,-2.718177e-02,4.152359e-08,2.619077e-07,1.001205e-05,3.682156e-04
594018304,8059013,7128219648,21759122,-6.418072e-02,-2.716671e-02,4.808613e-08,2.467168e-07,1.159439e-05,3.468589e-04
594280448,8059316,7131365376,21768602,-6.414046e-02,-2.715715e-02,6.736152e-08,2.373194e-07,1.624202e-05,3.336470e-04
594542592,8059788,7134511104,21778276,-6.406509e-02,-2.718565e-02,1.121654e-07,2.658921e-07,2.704501e-05,3.738173e-04
594804736,8059873,7137656832,21787720,-6.405654e-02,-2.713992e-02,1.179677e-07,2.208241e-07,2.844405e-05,3.104564e-04
595066880,8059940,7140802560,21797252,-6.407016e-02,-2.713392e-02,1.087975e-07,2.152267e-07,2.623295e-05,3.025869e-04
595329024,8060188,7143948288,21806900,-6.409516e-02,-2.710489e-02,9.292773e-08,1.891313e-07,2.240648e-05,2.658993e-04
595591168,8061471,7147094016,21816361,-6.409935e-02,-2.708030e-02,9.039240e-08,1.683489e-07,2.179516e-05,2.366815e-04
595853312,8062204,7150239744,21825832,-6.410421e-02,-2.706711e-02,8.749057e-08,1.576966e-07,2.109548e-05,2.217055e-04
596115456,8063589,7153385472,21835406,-6.412571e-02,-2.702061e-02,7.523672e-08,1.229270e-07,1.814087e-05,1.728229e-04
596377600,8065163,7156531200,21845135,-6.412450e-02,-2.703389e-02,7.590032e-08,1.324160e-07,1.830087e-05,1.861635e-04
596639744,8065637,7159676928,21854540,-6.407426e-02,-2.703783e-02,1.061110e-07,1.352972e-07,2.558519e-05,1.902142e-04
596901888,8065859,7162822656,21864149,-6.406477e-02,-2.704684e-02,1.123801e-07,1.420092e-07,2.709678e-05,1.996505e-04
597164032,8066599,7165968384,21873921,-6.405753e-02,-2.707587e-02,1.172880e-07,1.647308e-07,2.828016e-05,2.315947e-04
597426176,8067067,7169114112,21883519,-6.404167e-02,-2.712214e-02,1.283991e-07,2.044343e-07,3.095924e-05,2.874138e-04
597688320,8067915,7172259840,21893102,-6.405155e-02,-2.711754e-02,1.214165e-07,2.002884e-07,2.927562e-05,2.815851e-04
597950464,8068295,7175405568,21902902,-6.402759e-02,-2.705381e-02,1.386891e-07,1.473095e-07,3.344033e-05,2.071022e-04
598212608,8068773,7178551296,21912594,-6.404618e-02,-2.709441e-02,1.251890e-07,1.801217e-07,3.018523e-05,2.532328e-04
598474752,8071203,7181697024,21922368,-6.400986e-02,-2.709002e-02,1.522109e-07,1.764191e-07,3.670068e-05,2.480274e-04
598736896,8071868,7184842752,21931873,-6.404396e-02,-2.705782e-02,1.267651e-07,1.504011e-07,3.056525e-05,2.114486e-04
598999040,8076471,7187988480,21941396,-6.404334e-02,-2.702974e-02,1.272112e-07,1.294129e-07,3.067280e-05,1.819415e-04
599261184,8077681,7191134208,21951016,-6.398232e-02,-2.703121e-02,1.744562e-07,1.304765e-07,4.206440e-05,1.834367e-04
599523328,8077979,7194279936,21960545,-6.403706e-02,-2.703463e-02,1.317255e-07,1.329547e-07,3.176129e-05,1.869208e-04
599785472,8082152,7197425664,21970200,-6.406258e-02,-2.704255e-02,1.138535e-07,1.387918e-07,2.745205e-05,1.951271e-04
600047616,8085875,7200571392,21979838,-6.402215e-02,-2.699475e-02,1.427753e-07,1.054616e-07,3.442559e-05,1.482683e-04
600309760,8089150,7203717120,21989266,-6.402222e-02,-2.702017e-02,1.427190e-07,1.226163e-07,3.441201e-05,1.723861e-04
600571904,8094324,7206862848,21998964,-6.401227e-02,-2.701666e-02,1.503389e-07,1.201762e-07,3.624931e-05,1.689555e-04
600834048,8098736,7210008576,22008788,-6.403825e-02,-2.698950e-02,1.308670e-07,1.020823e-07,3.155430e-05,1.435174e-04
601096192,8101639,7213154304,22018447,-6.410039e-02,-2.702261e-02,8.976627e-08,1.243311e-07,2.164419e-05,1.747969e-04
601358336,8101888,7216300032,22028133,-6.405760e-02,-2.703203e-02,1.172421e-07,1.310625e-07,2.826909e-05,1.842606e-04
601620480,8114584,7219445760,22037908,-6.405746e-02,-2.700988e-02,1.173340e-07,1.155201e-07,2.829124e-05,1.624095e-04
601882624,8115888,7222591488,22047702,-6.403123e-02,-2.705348e-02,1.359942e-07,1.470594e-07,3.279055e-05,2.067506e-04
602144768,8118699,7225737216,22057396,-6.402636e-02,-2.702641e-02,1.396118e-07,1.270292e-07,3.366281e-05,1.785902e-04
602406912,8120359,7228882944,22067152,-6.400362e-02,-2.692951e-02,1.571158e-07,6.734315e-08,3.788332e-05,9.467763e-05
602669056,8126448,7232028672,22076757,-6.397247e-02,-2.691597e-02,1.827812e-07,6.049928e-08,4.407170e-05,8.505585e-05
602931200,8137602,7235174400,22086493,-6.394950e-02,-2.697087e-02,2.029564e-07,9.052124e-08,4.893628e-05,1.272637e-04
603193344,8138202,7238320128,22096019,-6.395454e-02,-2.704067e-02,1.984371e-07,1.373977e-07,4.784660e-05,1.931672e-04
603455488,8144326,7241465856,22105659,-6.394441e-02,-2.704676e-02,2.075673e-07,1.419502e-07,5.004806e-05,1.995676e-04
603717632,8155869,7244611584,22115201,-6.401124e-02,-2.702810e-02,1.511373e-07,1.282390e-07,3.644181e-05,1.802910e-04
603979776,8179007,7247757312,22124682,-6.401528e-02,-2.696545e-02,1.480138e-07,8.729234e-08,3.568868e-05,1.227242e-04
604241920,8364324,7250903040,22134205,-6.400783e-02,-2.695146e-02,1.538022e-07,7.922215e-08,3.708436e-05,1.113783e-04
604504064,8364593,7254048768,22143677,-6.403161e-02,-2.695717e-02,1.357141e-07,8.246531e-08,3.272301e-05,1.159379e-04
604766208,8364730,7257194496,22153102,-6.407430e-02,-2.699414e-02,1.060819e-07,1.050663e-07,2.557817e-05,1.477126e-04
605028352,8364815,7260340224,22162823,-6.410398e-02,-2.702213e-02,8.763167e-08,1.239990e-07,2.112950e-05,1.743300e-04
605290496,8365101,7263485952,22172451,-6.412441e-02,-2.704027e-02,7.594959e-08,1.371024e-07,1.831275e-05,1.927520e-04
605552640,8365395,7266631680,22181902,-6.413441e-02,-2.703340e-02,7.053850e-08,1.320611e-07,1.700805e-05,1.856645e-04
605814784,8365538,7269777408,22191315,-6.410942e-02,-2.701057e-02,8.443679e-08,1.159903e-07,2.035916e-05,1.630706e-04
606076928,8365717,7272923136,22200952,-6.415594e-02,-2.701826e-02,5.956827e-08,1.212868e-07,1.436293e-05,1.705169e-04
606339072,8365957,7276068864,22210494,-6.414162e-02,-2.705112e-02,6.676339e-08,1.452564e-07,1.609781e-05,2.042157e-04
606601216,8365973,7279214592,22220232,-6.409978e-02,-2.702083e-02,9.013274e-08,1.230798e-07,2.173256e-05,1.730378e-04
606863360,8366002,7282360320,22229892,-6.413428e-02,-2.704549e-02,7.060579e-08,1.409932e-07,1.702427e-05,1.982222e-04
607125504,8366076,7285506048,22239665,-6.414494e-02,-2.702429e-02,6.505722e-08,1.255201e-07,1.568642e-05,1.764685e-04
607387648,8366127,7288651776,22249294,-6.418848e-02,-2.701648e-02,4.474155e-08,1.200483e-07,1.078796e-05,1.687758e-04
607649792,8366127,7291797504,22258647,-6.418163e-02,-2.705583e-02,4.768505e-08,1.488635e-07,1.149769e-05,2.092870e-04
607911936,8366621,7294943232,22268207,-6.410514e-02,-2.705733e-02,8.694488e-08,1.500242e-07,2.096391e-05,2.109188e-04
608174080,8366757,7298088960,22277849,-6.409102e-02,-2.709887e-02,9.547051e-08,1.839329e-07,2.301959e-05,2.585911e-04
608436224,8367198,7301234688,22287412,-6.407750e-02,-2.713781e-02,1.040100e-07,2.188452e-07,2.507860e-05,3.076742e-04
608698368,8367433,7304380416,22297167,-6.414684e-02,-2.715749e-02,6.409164e-08,2.376480e-07,1.545360e-05,3.341089e-04
608960512,8367442,7307526144,22306865,-6.417729e-02,-2.720793e-02,4.960097e-08,2.893728e-07,1.195965e-05,4.068287e-04
609222656,8367480,7310671872,22316422,-6.417166e-02,-2.716971e-02,5.213822e-08,2.497124e-07,1.257142e-05,3.510703e-04
609484800,8367548,7313817600,22325896,-6.426499e-02,-2.711752e-02,1.822823e-08,2.002734e-07,4.395140e-06,2.815640e-04
609746944,8367831,7316963328,22335457,-6.426495e-02,-2.713303e-02,1.824031e-08,2.143996e-07,4.398052e-06,3.014242e-04
610009088,8367996,7320109056,22345017,-6.425357e-02,-2.712870e-02,2.144283e-08,2.104079e-07,5.170235e-06,2.958122e-04
610271232,8368061,7323254784,22354471,-6.430977e-02,-2.712393e-02,8.142171e-09,2.060528e-07,1.963218e-06,2.896893e-04
610533376,8369012,7326400512,22364060,-6.433512e-02,-2.716956e-02,4.209370e-09,2.495616e-07,1.014952e-06,3.508583e-04
610795520,8369038,7329546240,22373671,-6.435478e-02,-2.720039e-02,2.045303e-09,2.813176e-07,4.931578e-07,3.955040e-04
611057664,8369063,7332691968,22383232,-6.434054e-02,-2.724631e-02,3.535858e-09,3.321288e-07,8.525564e-07,4.669394e-04
611319808,8369163,7335837696,22392797,-6.437410e-02,-2.729649e-02,6.711037e-10,3.924891e-07,1.618146e-07,5.517999e-04
611581952,8369273,7338983424,22402274,-6.436299e-02,-2.726805e-02,1.370072e-09,3.576601e-07,3.303479e-07,5.028338e-04
611844096,8369281,7342129152,22411782,-6.432986e-02,-2.725522e-02,4.919587e-09,3.424855e-07,1.186197e-06,4.814999e-04
612106240,8369313,7345274880,22421483,-6.428614e-02,-2.725026e-02,1.296574e-08,3.367066e-07,3.126264e-06,4.733754e-04
612368384,8369349,7348420608,22430594,-6.429572e-02,-2.724748e-02,1.087552e-08,3.334891e-07,2.622276e-06,4.688519e-04
612630528,8369419,7351566336,22440243,-6.429337e-02,-2.723331e-02,1.137053e-08,3.173208e-07,2.741632e-06,4.461208e-04
612892672,8369666,7354712064,22449710,-6.423402e-02,-2.723106e-02,2.755070e-08,3.147908e-07,6.642948e-06,4.425640e-04
613154816,8370362,7357857792,22459372,-6.416136e-02,-2.721719e-02,5.695005e-08,2.994161e-07,1.373164e-05,4.209486e-04
613416960,8370474,7361003520,22469002,-6.419007e-02,-2.718870e-02,4.407271e-08,2.690517e-07,1.062669e-05,3.782595e-04
613679104,8370670,7364149248,22478620,-6.417584e-02,-2.716111e-02,5.025023e-08,2.411933e-07,1.211620e-05,3.390933e-04
613941248,8371114,7367294976,22487983,-6.410009e-02,-2.716214e-02,8.994941e-08,2.422061e-07,2.168835e-05,3.405172e-04
614203392,8371638,7370440704,22498002,-6.416757e-02,-2.713430e-02,5.402638e-08,2.155725e-07,1.302669e-05,3.030730e-04
614465536,8371827,7373586432,22507431,-6.418795e-02,-2.713603e-02,4.496562e-08,2.171875e-07,1.084198e-05,3.053436e-04
614727680,8372283,7376732160,22516889,-6.418613e-02,-2.710604e-02,4.573991e-08,1.901354e-07,1.102868e-05,2.673111e-04
614989824,8372494,7379877888,22526336,-6.418283e-02,-2.713565e-02,4.716584e-08,2.168335e-07,1.137250e-05,3.048459e-04
615251968,8373102,7383023616,22536054,-6.420473e-02,-2.713831e-02,3.813126e-08,2.193125e-07,9.194103e-06,3.083311e-04
615514112,8374085,7386169344,22545599,-6.416479e-02,-2.712494e-02,5.532251e-08,2.069720e-07,1.333921e-05,2.909817e-04
615776256,8376398,7389315072,22555234,-6.420919e-02,-2.709579e-02,3.640822e-08,1.813015e-07,8.778647e-06,2.548914e-04
616038400,8382148,7392460800,22565048,-6.417416e-02,-2.711371e-02,5.100461e-08,1.968802e-07,1.229809e-05,2.767936e-04
616300544,8383182,7395606528,22574497,-6.418455e-02,-2.712231e-02,4.641803e-08,2.045859e-07,1.119219e-05,2.876270e-04
616562688,8384129,7398752256,22584182,-6.416357e-02,-2.710044e-02,5.590233e-08,1.852758e-07,1.347901e-05,2.604791e-04
616824832,8393588,7401897984,22593749,-6.415524e-02,-2.714050e-02,5.991063e-08,2.213724e-07,1.444548e-05,3.112272e-04
617086976,8393918,7405043712,22603237,-6.419843e-02,-2.703358e-02,4.062966e-08,1.321911e-07,9.796511e-06,1.858472e-04
617349120,8400246,7408189440,22612547,-6.417130e-02,-2.701882e-02,5.230507e-08,1.216737e-07,1.261165e-05,1.710609e-04
617611264,8426200,7411335168,22622021,-6.415413e-02,-2.695444e-02,6.045531e-08,8.090764e-08,1.457682e-05,1.137479e-04
617873408,8429640,7414480896,22631703,-6.417516e-02,-2.698944e-02,5.055465e-08,1.020419e-07,1.218960e-05,1.434605e-04
618135552,8431149,7417626624,22641469,-6.414220e-02,-2.697534e-02,6.646341e-08,9.323460e-08,1.602547e-05,1.310784e-04
618397696,8432839,7420772352,22651211,-6.415327e-02,-2.698033e-02,6.087738e-08,9.630685e-08,1.467859e-05,1.353976e-04
618659840,8457968,7423918080,22660942,-6.415848e-02,-2.698457e-02,5.833455e-08,9.895255e-08,1.406546e-05,1.391172e-04
618921984,8459758,7427063808,22670674,-6.419552e-02,-2.703176e-02,4.181256e-08,1.308670e-07,1.008173e-05,1.839858e-04
619184128,8483805,7430209536,22680599,-6.420796e-02,-2.703371e-02,3.687887e-08,1.322886e-07,8.892131e-06,1.859843e-04
619446272,8487279,7433355264,22690274,-6.425130e-02,-2.709823e-02,2.211130e-08,1.833854e-07,5.331415e-06,2.578212e-04
619708416,8494706,7436500992,22699910,-6.421479e-02,-2.700459e-02,3.430422e-08,1.119497e-07,8.271339e-06,1.573899e-04
619970560,8499409,7439646720,22709535,-6.421928e-02,-2.701402e-02,3.266018e-08,1.183506e-07,7.874932e-06,1.663890e-04
620232704,8500017,7442792448,22719223,-6.421645e-02,-2.697792e-02,3.369152e-08,9.481439e-08,8.123606e-06,1.332994e-04
620494848,8500305,7445938176,22728667,-6.419571e-02,-2.698143e-02,4.173641e-08,9.698783e-08,1.006337e-05,1.363550e-04
620756992,8500659,7449083904,22738168,-6.422005e-02,-2.696357e-02,3.238340e-08,8.618314e-08,7.808194e-06,1.211647e-04
621019136,8500950,7452229632,22747483,-6.421490e-02,-2.700423e-02,3.426283e-08,1.117092e-07,8.261359e-06,1.570519e-04
621281280,8500997,7455375360,22757116,-6.427776e-02,-2.702890e-02,1.494303e-08,1.288119e-07,3.603021e-06,1.810965e-04
621543424,8501031,7458521088,22766529,-6.421302e-02,-2.703826e-02,3.496422e-08,1.356153e-07,8.430477e-06,1.906614e-04
621805568,8501265,7461666816,22776317,-6.418917e-02,-2.710638e-02,4.444890e-08,1.904312e-07,1.071740e-05,2.677270e-04
622067712,8501384,7464812544,22786136,-6.419577e-02,-2.706001e-02,4.170902e-08,1.521049e-07,1.005676e-05,2.138440e-04
622329856,8502460,7467958272,22795742,-6.422473e-02,-2.710158e-02,3.071868e-08,1.862633e-07,7.406804e-06,2.618673e-04
622592000,8502599,7471104000,22805527,-6.423607e-02,-2.710797e-02,2.687472e-08,1.918220e-07,6.479959e-06,2.696823e-04
622854144,8503053,7474249728,22814992,-6.420652e-02,-2.707401e-02,3.743611e-08,1.632268e-07,9.026489e-06,2.294803e-04
623116288,8503260,7477395456,22824660,-6.423700e-02,-2.713522e-02,2.657024e-08,2.164312e-07,6.406543e-06,3.042804e-04
623378432,8503264,7480541184,22834176,-6.427743e-02,-2.713885e-02,1.502511e-08,2.198204e-07,3.622813e-06,3.090452e-04
623640576,8503439,7483686912,22843986,-6.432922e-02,-2.713369e-02,5.009881e-09,2.150055e-07,1.207969e-06,3.022759e-04
623902720,8503600,7486832640,22853553,-6.435344e-02,-2.716523e-02,2.167710e-09,2.452554e-07,5.226723e-07,3.448042e-04
624164864,8503683,7489978368,22863268,-6.437594e-02,-2.717061e-02,5.791423e-10,2.506123e-07,1.396412e-07,3.523355e-04
624427008,8503736,7493124096,22872928,-6.432789e-02,-2.715768e-02,5.200453e-09,2.378296e-07,1.253919e-06,3.343643e-04
624689152,8503746,7496269824,22882510,-6.437206e-02,-2.711114e-02,7.806256e-10,1.946074e-07,1.882223e-07,2.735983e-04
624951296,8504061,7499415552,22892214,-6.434444e-02,-2.705881e-02,3.086800e-09,1.511735e-07,7.442807e-07,2.125347e-04
625213440,8504413,7502561280,22901860,-6.435908e-02,-2.704421e-02,1.674331e-09,1.400325e-07,4.037100e-07,1.968714e-04
625475584,8504547,7505707008,22911328,-6.434440e-02,-2.703604e-02,3.091770e-09,1.339836e-07,7.454789e-07,1.883674e-04
625737728,8504669,7508852736,22920791,-6.430139e-02,-2.699467e-02,9.725093e-09,1.054120e-07,2.344887e-06,1.481985e-04
625999872,8504884,7511998464,22930050,-6.430275e-02,-2.699177e-02,9.458035e-09,1.035348e-07,2.280495e-06,1.455594e-04
626262016,8505081,7515144192,22939307,-6.430647e-02,-2.698615e-02,8.748719e-09,9.994878e-08,2.109467e-06,1.405178e-04
626524160,8505170,7518289920,22948811,-6.430847e-02,-2.693220e-02,8.377811e-09,6.874927e-08,2.020034e-06,9.665451e-05
626786304,8505230,7521435648,22958499,-6.428614e-02,-2.689611e-02,1.296574e-08,5.112499e-08,3.126264e-06,7.187654e-05
627048448,8505999,7524581376,22967984,-6.426796e-02,-2.694436e-02,1.743632e-08,7.527453e-08,4.204196e-06,1.058283e-04
627310592,8506032,7527727104,22977629,-6.421490e-02,-2.689701e-02,3.426283e-08,5.153264e-08,8.261359e-06,7.244966e-05
627572736,8506212,7530872832,22987211,-6.413291e-02,-2.691000e-02,7.134020e-08,5.759909e-08,1.720135e-05,8.097847e-05
627834880,8506322,7534018560,22997083,-6.414407e-02,-2.682415e-02,6.549886e-08,2.376357e-08,1.579290e-05,3.340917e-05
628097024,8506796,7537164288,23006550,-6.415921e-02,-2.682978e-02,5.797880e-08,2.552951e-08,1.397969e-05,3.589190e-05
628359168,8507300,7540310016,23016168,-6.418212e-02,-2.679340e-02,4.747378e-08,1.522762e-08,1.144675e-05,2.140849e-05
628621312,8507457,7543455744,23025772,-6.421703e-02,-2.679761e-02,3.347852e-08,1.628379e-08,8.072247e-06,2.289336e-05
628883456,8507527,7546601472,23035250,-6.420838e-02,-2.681088e-02,3.671879e-08,1.984645e-08,8.853533e-06,2.790210e-05
629145600,8507570,7549747200,23044766,-6.419684e-02,-2.678273e-02,4.127497e-08,1.270870e-08,9.952107e-06,1.786714e-05
629407744,8508925,7552892928,23054232,-6.420262e-02,-2.682657e-02,3.895917e-08,2.451365e-08,9.393727e-06,3.446371e-05
629669888,8509092,7556038656,23063988,-6.419785e-02,-2.677607e-02,4.086428e-08,1.125089e-08,9.853082e-06,1.581760e-05
629932032,8509626,7559184384,23073604,-6.422884e-02,-2.672181e-02,2.929649e-08,2.684801e-09,7.063890e-06,3.774557e-06
630194176,8511330,7562330112,23082953,-6.425770e-02,-2.670919e-02,2.024890e-08,1.536152e-09,4.882359e-06,2.159674e-06
630456320,8512979,7565475840,23092680,-6.428014e-02,-2.675430e-02,1.436760e-08,7.106736e-09,3.464277e-06,9.991349e-06
630718464,8513132,7568621568,23102223,-6.430185e-02,-2.671465e-02,9.634197e-09,1.993409e-09,2.322971e-06,2.802530e-06
630980608,8514214,7571767296,23111764,-6.428600e-02,-2.671417e-02,1.299630e-08,1.950892e-09,3.133633e-06,2.742756e-06
631242752,8514576,7574913024,23121452,-6.433509e-02,-2.669639e-02,4.214205e-09,6.965281e-10,1.016117e-06,9.792479e-07
631504896,8515526,7578058752,23131005,-6.435246e-02,-2.663802e-02,2.260256e-09,1.022586e-09,5.449867e-07,1.437652e-06
631767040,8515650,7581204480,23140405,-6.436478e-02,-2.664922e-02,1.240370e-09,4.317172e-10,2.990747e-07,6.069507e-07
632029184,8518534,7584350208,23150099,-6.437352e-02,-2.663641e-02,7.015513e-10,1.128226e-09,1.691561e-07,1.586172e-06
632291328,8519225,7587495936,23159658,-6.437382e-02,-2.661277e-02,6.854626e-10,3.275247e-09,1.652768e-07,4.604665e-06
632553472,8524656,7590641664,23168975,-6.429550e-02,-2.664282e-02,1.092064e-08,7.386358e-10,2.633153e-06,1.038447e-06
632815616,8525040,7593787392,23178653,-6.430831e-02,-2.668126e-02,8.407844e-09,1.269065e-10,2.027276e-06,1.784176e-07
633077760,8525509,7596933120,23188289,-6.427348e-02,-2.670619e-02,1.600877e-08,1.309803e-09,3.859990e-06,1.841450e-06
633339904,8530514,7600078848,23197896,-6.429766e-02,-2.672227e-02,1.047372e-08,2.731716e-09,2.525393e-06,3.840516e-06
633602048,8533175,7603224576,23207545,-6.428726e-02,-2.679472e-02,1.271080e-08,1.555483e-08,3.064793e-06,2.186851e-05
633864192,8536483,7606370304,23217151,-6.428289e-02,-2.675899e-02,1.371608e-08,7.918510e-09,3.307184e-06,1.113262e-05
634126336,8538768,7609516032,23226658,-6.432300e-02,-2.675306e-02,5.929270e-09,6.899119e-09,1.429649e-06,9.699461e-06
634388480,8542213,7612661760,23236215,-6.429857e-02,-2.677233e-02,1.028849e-08,1.047105e-08,2.480733e-06,1.472123e-05
634650624,8549312,7615807488,23245948,-6.425329e-02,-2.676548e-02,2.152364e-08,9.115920e-09,5.189720e-06,1.281606e-05
634912768,8550510,7618953216,23255688,-6.426144e-02,-2.674470e-02,1.919844e-08,5.580018e-09,4.629075e-06,7.844939e-06
635174912,8561947,7622098944,23265427,-6.428995e-02,-2.669875e-02,1.211156e-08,8.264512e-10,2.920305e-06,1.161907e-06
635437056,8564143,7625244672,23274881,-6.424057e-02,-2.674660e-02,2.541714e-08,5.867471e-09,6.128509e-06,8.249069e-06
635699200,8566031,7628390400,23284596,-6.420424e-02,-2.671447e-02,3.832355e-08,1.977805e-09,9.240467e-06,2.780593e-06
635961344,8566308,7631536128,23293911,-6.412518e-02,-2.671201e-02,7.552720e-08,1.764848e-09,1.821091e-05,2.481198e-06
636223488,8567912,7634681856,23303595,-6.408575e-02,-2.675953e-02,9.875343e-08,8.014936e-09,2.381115e-05,1.126819e-05
636485632,8585021,7637827584,23313276,-6.416551e-02,-2.683906e-02,5.498656e-08,2.858040e-08,1.325821e-05,4.018115e-05
636747776,8585654,7640973312,23322741,-6.411757e-02,-2.686059e-02,7.977044e-08,3.632652e-08,1.923402e-05,5.107140e-05
637009920,8591665,7644119040,23332544,-6.412315e-02,-2.681820e-02,7.664519e-08,2.196309e-08,1.848048e-05,3.087788e-05
637272064,8603322,7647264768,23342130,-6.411746e-02,-2.684847e-02,7.982937e-08,3.185264e-08,1.924824e-05,4.478158e-05
637534208,8626310,7650410496,23351731,-6.401296e-02,-2.688345e-02,1.498021e-07,4.556082e-08,3.611987e-05,6.405390e-05
637796352,8804715,7653556224,23361419,-6.399863e-02,-2.687740e-02,1.610981e-07,4.301551e-08,3.884352e-05,6.047545e-05
638058496,8804737,7656701952,23371047,-6.397223e-02,-2.691618e-02,1.829851e-07,6.060562e-08,4.412087e-05,8.520535e-05
638320640,8804756,7659847680,23380529,-6.397527e-02,-2.689334e-02,1.804000e-07,4.988263e-08,4.349755e-05,7.012991e-05
638582784,8805071,7662993408,23390073,-6.402283e-02,-2.680307e-02,1.422578e-07,1.770792e-08,3.430080e-05,2.489553e-05
638844928,8805136,7666139136,23399529,-6.402098e-02,-2.682779e-02,1.436607e-07,2.489777e-08,3.463906e-05,3.500373e-05
639107072,8805526,7669284864,23408962,-6.399294e-02,-2.677488e-02,1.656999e-07,1.100020e-08,3.995309e-05,1.546516e-05
639369216,8805729,7672430592,23418534,-6.406111e-02,-2.680169e-02,1.148462e-07,1.734249e-08,2.769140e-05,2.438178e-05
639631360,8805785,7675576320,23428223,-6.401690e-02,-2.679741e-02,1.467667e-07,1.623344e-08,3.538797e-05,2.282257e-05
639893504,8805987,7678722048,23437742,-6.401341e-02,-2.687645e-02,1.494563e-07,4.262314e-08,3.603648e-05,5.992381e-05
640155648,8806086,7681867776,23447383,-6.402858e-02,-2.685576e-02,1.379520e-07,3.450737e-08,3.326260e-05,4.851387e-05
640417792,8806198,7685013504,23457070,-6.396634e-02,-2.683396e-02,1.880619e-07,2.688328e-08,4.534496e-05,3.779516e-05
640679936,8806228,7688159232,23466835,-6.393516e-02,-2.681218e-02,2.160778e-07,2.021552e-08,5.210009e-05,2.842097e-05
640942080,8806397,7691304960,23476127,-6.394290e-02,-2.675182e-02,2.089409e-07,6.693970e-09,5.037926e-05,9.411043e-06
641204224,8806414,7694450688,23485895,-6.393171e-02,-2.676993e-02,2.192968e-07,9.986187e-09,5.287623e-05,1.403957e-05
641466368,8806984,7697596416,23495362,-6.390031e-02,-2.680008e-02,2.496956e-07,1.692072e-08,6.020592e-05,2.378882e-05
641728512,8807129,7700742144,23505152,-6.388783e-02,-2.682875e-02,2.623159e-07,2.520023e-08,6.324888e-05,3.542896e-05
641990656,8807532,7703887872,23514749,-6.389584e-02,-2.683028e-02,2.541757e-07,2.568928e-08,6.128614e-05,3.611652e-05
642252800,8807632,7707033600,23524345,-6.392332e-02,-2.685532e-02,2.272245e-07,3.434494e-08,5.478774e-05,4.828550e-05
642514944,8807694,7710179328,23534071,-6.390680e-02,-2.683576e-02,2.432522e-07,2.747655e-08,5.865231e-05,3.862924e-05
642777088,8807822,7713325056,23543665,-6.388754e-02,-2.684921e-02,2.626212e-07,3.211580e-08,6.332251e-05,4.515155e-05
643039232,8807924,7716470784,23553144,-6.392230e-02,-2.683902e-02,2.281987e-07,2.856655e-08,5.502262e-05,4.016167e-05
643301376,8807979,7719616512,23562666,-6.389679e-02,-2.680557e-02,2.532225e-07,1.837943e-08,6.105631e-05,2.583962e-05
643563520,8808188,7722762240,23572424,-6.392069e-02,-2.680488e-02,2.297388e-07,1.819204e-08,5.539398e-05,2.557616e-05
643825664,8808294,7725907968,23581949,-6.390567e-02,-2.680601e-02,2.443633e-07,1.849932e-08,5.892019e-05,2.600817e-05
644087808,8809073,7729053696,23591532,-6.390227e-02,-2.677494e-02,2.477337e-07,1.101349e-08,5.973287e-05,1.548384e-05
644349952,8809244,7732199424,23601130,-6.389488e-02,-2.678384e-02,2.551533e-07,1.295896e-08,6.152185e-05,1.821898e-05
644612096,8809349,7735345152,23610671,-6.384607e-02,-2.689195e-02,3.068366e-07,4.926387e-08,7.398359e-05,6.926000e-05
644874240,8809369,7738490880,23620210,-6.381629e-02,-2.684211e-02,3.407241e-07,2.962259e-08,8.215445e-05,4.164636e-05
645136384,8809535,7741636608,23629773,-6.384137e-02,-2.680459e-02,3.120754e-07,1.811374e-08,7.524675e-05,2.546608e-05
645398528,8809691,7744782336,23639408,-6.386160e-02,-2.679793e-02,2.898760e-07,1.636661e-08,6.989409e-05,2.300980e-05
645660672,8809699,7747928064,23648711,-6.379694e-02,-2.680334e-02,3.636783e-07,1.778086e-08,8.768909e-05,2.499809e-05
645922816,8809757,7751073792,23658422,-6.374551e-02,-2.676229e-02,4.283556e-07,8.518195e-09,1.032839e-04,1.197572e-05
646184960,8809768,7754219520,23668029,-6.378468e-02,-2.671142e-02,3.786201e-07,1.716050e-09,9.129181e-05,2.412591e-06
646447104,8809805,7757365248,23677631,-6.374059e-02,-2.666906e-02,4.348263e-07,8.812950e-13,1.048441e-04,1.239011e-09
646709248,8810885,7760510976,23687339,-6.369522e-02,-2.667183e-02,4.967152e-07,3.345671e-12,1.197666e-04,4.703674e-09
646971392,8810922,7763656704,23696896,-6.370358e-02,-2.664326e-02,4.850017e-07,7.151344e-10,1.169423e-04,1.005406e-06
647233536,8811109,7766802432,23706587,-6.371637e-02,-2.664462e-02,4.673473e-07,6.442594e-10,1.126855e-04,9.057633e-07
647495680,8811805,7769948160,23716248,-6.371197e-02,-2.667094e-02,4.733871e-07,8.778013e-13,1.141418e-04,1.234100e-09
647757824,8812238,7773093888,23725753,-6.379134e-02,-2.666600e-02,3.704673e-07,1.599279e-11,8.932605e-05,2.248425e-08
648019968,8812261,7776239616,23735310,-6.375100e-02,-2.667945e-02,4.211981e-07,8.928736e-11,1.015581e-04,1.255290e-07
648282112,8812385,7779385344,23744782,-6.371121e-02,-2.673130e-02,4.744334e-07,3.757876e-09,1.143941e-04,5.283192e-06
648544256,8812997,7782531072,23754432,-6.370363e-02,-2.671055e-02,4.849291e-07,1.644285e-09,1.169248e-04,2.311698e-06
648806400,8813300,7785676800,23764104,-6.375001e-02,-2.663593e-02,4.224949e-07,1.160741e-09,1.018708e-04,1.631884e-06
649068544,8814488,7788822528,23773815,-6.377628e-02,-2.660719e-02,3.890333e-07,3.945362e-09,9.380264e-05,5.546779e-06
649330688,8816772,7791968256,23783348,-6.377836e-02,-2.658617e-02,3.864353e-07,7.028128e-09,9.317620e-05,9.880836e-06
649592832,8822571,7795113984,23792939,-6.375558e-02,-2.657602e-02,4.152811e-07,8.832545e-09,1.001314e-04,1.241766e-05
649854976,8824199,7798259712,23802707,-6.376921e-02,-2.654492e-02,3.978941e-07,1.564416e-08,9.593912e-05,2.199410e-05
650117120,8824780,7801405440,23812432,-6.378321e-02,-2.649667e-02,3.804285e-07,3.004211e-08,9.172786e-05,4.223615e-05
650379264,8834327,7804551168,23822060,-6.377295e-02,-2.649364e-02,3.931896e-07,3.110446e-08,9.480477e-05,4.372971e-05
650641408,8835148,7807696896,23831554,-6.367789e-02,-2.646034e-02,5.214433e-07,4.395782e-08,1.257289e-04,6.180023e-05
650903552,8840455,7810842624,23841058,-6.364064e-02,-2.645605e-02,5.766324e-07,4.577497e-08,1.390360e-04,6.435496e-05
651165696,8866434,7813988352,23850548,-6.357393e-02,-2.648353e-02,6.823887e-07,3.477153e-08,1.645357e-04,4.888525e-05
651427840,8870079,7817134080,23860241,-6.360991e-02,-2.651099e-02,6.242530e-07,2.528546e-08,1.505181e-04,3.554879e-05
651689984,8871513,7820279808,23869857,-6.362463e-02,-2.648907e-02,6.012056e-07,3.273428e-08,1.449610e-04,4.602108e-05
651952128,8873417,7823425536,23879355,-6.367710e-02,-2.649523e-02,5.225845e-07,3.054460e-08,1.260041e-04,4.294261e-05
652214272,8898622,7826571264,23888909,-6.368688e-02,-2.649856e-02,5.085471e-07,2.939222e-08,1.226195e-04,4.132248e-05
652476416,8900260,7829716992,23898641,-6.370450e-02,-2.651181e-02,4.837262e-07,2.502313e-08,1.166347e-04,3.517998e-05
652738560,8924407,7832862720,23908044,-6.368580e-02,-2.645718e-02,5.100891e-07,4.529246e-08,1.229913e-04,6.367660e-05
653000704,8927596,7836008448,23917814,-6.377314e-02,-2.646768e-02,3.929560e-07,4.093284e-08,9.474847e-05,5.754742e-05
653262848,8934816,7839154176,23927335,-6.374860e-02,-2.645348e-02,4.243275e-07,4.688229e-08,1.023127e-04,6.591174e-05
653524992,8945764,7842299904,23937008,-6.373911e-02,-2.644678e-02,4.367741e-07,4.982607e-08,1.053138e-04,7.005040e-05
653787136,8946840,7845445632,23946397,-6.379286e-02,-2.648360e-02,3.686194e-07,3.474445e-08,8.888049e-05,4.884717e-05
654049280,8947522,7848591360,23956003,-6.374064e-02,-2.652567e-02,4.347576e-07,2.083245e-08,1.048275e-04,2.928831e-05
654311424,8947783,7851737088,23965581,-6.378619e-02,-2.649998e-02,3.767702e-07,2.890630e-08,9.084578e-05,4.063932e-05
654573568,8947981,7854882816,23975348,-6.375455e-02,-2.648005e-02,4.166073e-07,3.608197e-08,1.004512e-04,5.072759e-05
654835712,8948315,7858028544,23984813,-6.376134e-02,-2.643838e-02,4.078914e-07,5.364779e-08,9.834965e-05,7.542336e-05
655097856,8948319,7861174272,23994241,-6.375380e-02,-2.645919e-02,4.175793e-07,4.444183e-08,1.006856e-04,6.248071e-05
655360000,8948523,7864320000,24003678,-6.379183e-02,-2.642546e-02,3.698690e-07,5.979943e-08,8.918178e-05,8.407195e-05
655622144,8948566,7867465728,24013497,-6.381516e-02,-2.640760e-02,3.420387e-07,6.885481e-08,8.247144e-05,9.680288e-05
655884288,8948675,7870611456,24023410,-6.384459e-02,-2.640374e-02,3.084814e-07,7.089612e-08,7.438016e-05,9.967275e-05
656146432,8949148,7873757184,24033144,-6.381532e-02,-2.635918e-02,3.418558e-07,9.660651e-08,8.242731e-05,1.358189e-04
656408576,8949770,7876902912,24042837,-6.381690e-02,-2.635826e-02,3.400112e-07,9.717935e-08,8.198255e-05,1.366243e-04
656670720,8950067,7880048640,24052313,-6.383052e-02,-2.634959e-02,3.243133e-07,1.026592e-07,7.819753e-05,1.443284e-04
656932864,8950530,7883194368,24062009,-6.386070e-02,-2.630175e-02,2.908475e-07,1.356057e-07,7.012835e-05,1.906479e-04
657195008,8950779,7886340096,24071538,-6.390055e-02,-2.637783e-02,2.494500e-07,8.536050e-08,6.014669e-05,1.200082e-04
657457152,8950834,7889485824,24081361,-6.387259e-02,-2.635269e-02,2.781631e-07,1.006862e-07,6.706992e-05,1.415546e-04
657719296,8951073,7892631552,24091079,-6.387068e-02,-2.635438e-02,2.801787e-07,9.961340e-08,6.755589e-05,1.400463e-04
657981440,8951121,7895777280,24100627,-6.377298e-02,-2.634606e-02,3.931616e-07,1.049360e-07,9.479803e-05,1.475293e-04
658243584,8951137,7898923008,24110276,-6.377103e-02,-2.629917e-02,3.956040e-07,1.375110e-07,9.538693e-05,1.933265e-04
658505728,8951144,7902068736,24119836,-6.374691e-02,-2.623293e-02,4.265338e-07,1.910299e-07,1.028446e-04,2.685687e-04
658767872,8951230,7905214464,24129453,-6.374025e-02,-2.621434e-02,4.352686e-07,2.076216e-07,1.049508e-04,2.918950e-04
659030016,8951523,7908360192,24139017,-6.376193e-02,-2.625404e-02,4.071304e-07,1.730183e-07,9.816616e-05,2.432462e-04
659292160,8951696,7911505920,24148371,-6.378025e-02,-2.623698e-02,3.840953e-07,1.875098e-07,9.261198e-05,2.636198e-04
659554304,8951889,7914651648,24158036,-6.381748e-02,-2.624218e-02,3.393338e-07,1.830298e-07,8.181922e-05,2.573213e-04
659816448,8952103,7917797376,24167698,-6.378226e-02,-2.619798e-02,3.816058e-07,2.228067e-07,9.201175e-05,3.132436e-04
660078592,8952556,7920943104,24177023,-6.384149e-02,-2.617718e-02,3.119339e-07,2.428721e-07,7.521263e-05,3.414535e-04
660340736,8952599,7924088832,24186722,-6.385326e-02,-2.613988e-02,2.989230e-07,2.810292e-07,7.207548e-05,3.950985e-04
660602880,8952632,7927234560,24196486,-6.381956e-02,-2.618149e-02,3.369077e-07,2.386387e-07,8.123423e-05,3.355018e-04
660865024,8953506,7930380288,24206008,-6.379142e-02,-2.614816e-02,3.703767e-07,2.723156e-07,8.930419e-05,3.828481e-04
661127168,8953527,7933526016,24215677,-6.377592e-02,-2.616599e-02,3.894796e-07,2.540236e-07,9.391022e-05,3.571314e-04
661389312,8953643,7936671744,24225217,-6.380298e-02,-2.620423e-02,3.564358e-07,2.169411e-07,8.594282e-05,3.049971e-04
661651456,8953669,7939817472,24234788,-6.383055e-02,-2.618887e-02,3.242709e-07,2.314812e-07,7.818730e-05,3.254392e-04
661913600,8954224,7942963200,24244343,-6.384340e-02,-2.621269e-02,3.098070e-07,2.091334e-07,7.469980e-05,2.940203e-04
662175744,8954799,7946108928,24253833,-6.383824e-02,-2.620956e-02,3.155730e-07,2.120018e-07,7.609009e-05,2.980531e-04
662437888,8954929,7949254656,24263381,-6.384433e-02,-2.621323e-02,3.087711e-07,2.086345e-07,7.445003e-05,2.933190e-04
662700032,8955212,7952400384,24272885,-6.384748e-02,-2.617886e-02,3.052785e-07,2.412134e-07,7.360792e-05,3.391216e-04
662962176,8955351,7955546112,24282488,-6.387825e-02,-2.617016e-02,2.722301e-07,2.498446e-07,6.563935e-05,3.512561e-04
663224320,8956668,7958691840,24291913,-6.384475e-02,-2.616471e-02,3.083076e-07,2.553208e-07,7.433828e-05,3.589551e-04
663486464,8957023,7961837568,24301734,-6.388973e-02,-2.616287e-02,2.603809e-07,2.571802e-07,6.278233e-05,3.615693e-04
663748608,8959366,7964983296,24311228,-6.388602e-02,-2.616595e-02,2.641814e-07,2.540668e-07,6.369867e-05,3.571922e-04
664010752,8960355,7968129024,24320637,-6.387503e-02,-2.615800e-02,2.755913e-07,2.621480e-07,6.644981e-05,3.685535e-04
664272896,8960476,7971274752,24330111,-6.384961e-02,-2.610389e-02,3.029284e-07,3.204763e-07,7.304125e-05,4.505572e-04
664535040,8961647,7974420480,24339720,-6.386830e-02,-2.611565e-02,2.827083e-07,3.072990e-07,6.816585e-05,4.320312e-04
664797184,8962477,7977566208,24349196,-6.388022e-02,-2.612141e-02,2.701736e-07,3.009530e-07,6.514352e-05,4.231094e-04
665059328,8963086,7980711936,24358766,-6.389543e-02,-2.610548e-02,2.545891e-07,3.186821e-07,6.138581e-05,4.480347e-04
665321472,8963343,7983857664,24368570,-6.382726e-02,-2.611449e-02,3.280323e-07,3.085890e-07,7.909423e-05,4.338447e-04
665583616,8965760,7987003392,24378011,-6.381152e-02,-2.622423e-02,3.463136e-07,1.987093e-07,8.350216e-05,2.793651e-04
665845760,8966776,7990149120,24387525,-6.383588e-02,-2.616793e-02,3.182322e-07,2.520766e-07,7.673126e-05,3.543941e-04
666107904,8972387,7993294848,24397241,-6.384608e-02,-2.616710e-02,3.068283e-07,2.529096e-07,7.398160e-05,3.555652e-04
666370048,8973013,7996440576,24406829,-6.386497e-02,-2.620250e-02,2.862610e-07,2.185542e-07,6.902246e-05,3.072651e-04
666632192,8973150,7999586304,24416357,-6.384500e-02,-2.619641e-02,3.080263e-07,2.242898e-07,7.427045e-05,3.153287e-04
666894336,8979002,8002732032,24426135,-6.387737e-02,-2.616888e-02,2.731483e-07,2.511217e-07,6.586075e-05,3.530517e-04
667156480,8979064,8005877760,24435724,-6.381751e-02,-2.610599e-02,3.392991e-07,3.181103e-07,8.181085e-05,4.472308e-04
667418624,8980676,8009023488,24445206,-6.382570e-02,-2.607296e-02,3.298184e-07,3.564581e-07,7.952490e-05,5.011439e-04
667680768,8983834,8012169216,24454866,-6.383972e-02,-2.608218e-02,3.139178e-07,3.455270e-07,7.569099e-05,4.857759e-04
667942912,8990048,8015314944,24464507,-6.378120e-02,-2.601700e-02,3.829141e-07,4.264146e-07,9.232719e-05,5.994957e-04
668205056,8996597,8018460672,24474117,-6.376937e-02,-2.600048e-02,3.976968e-07,4.482525e-07,9.589155e-05,6.301976e-04
668467200,8999576,8021606400,24483723,-6.376062e-02,-2.597418e-02,4.088055e-07,4.841693e-07,9.857005e-05,6.806930e-04
668729344,9006663,8024752128,24493210,-6.379955e-02,-2.591488e-02,3.605399e-07,5.702063e-07,8.693238e-05,8.016522e-04
668991488,9009499,8027897856,24502908,-6.383812e-02,-2.588350e-02,3.157070e-07,6.185823e-07,7.612239e-05,8.696640e-04
669253632,9012365,8031043584,24512656,-6.384370e-02,-2.588599e-02,3.094753e-07,6.146741e-07,7.461983e-05,8.641694e-04
669515776,9013478,8034189312,24522308,-6.389393e-02,-2.578495e-02,2.561101e-07,7.833082e-07,6.175257e-05,1.101252e-03
669777920,9015391,8037335040,24531720,-6.390753e-02,-2.578074e-02,2.425325e-07,7.907773e-07,5.847877e-05,1.111753e-03
670040064,9032543,8040480768,24541299,-6.388155e-02,-2.577248e-02,2.687967e-07,8.055409e-07,6.481152e-05,1.132509e-03
670302208,9033444,8043626496,24550891,-6.393355e-02,-2.582351e-02,2.175766e-07,7.165426e-07,5.246146e-05,1.007386e-03
670564352,9039129,8046772224,24560434,-6.393091e-02,-2.584507e-02,2.200441e-07,6.805128e-07,5.305641e-05,9.567320e-04
670826496,9050808,8049917952,24569970,-6.394942e-02,-2.590821e-02,2.030235e-07,5.803243e-07,4.895247e-05,8.158771e-04
671088640,9073853,8053063680,24579612,-6.399661e-02,-2.590897e-02,1.627230e-07,5.791727e-07,3.923531e-05,8.142581e-04
671350784,9245084,8056209408,24589218,-6.397627e-02,-2.588756e-02,1.795529e-07,6.122174e-07,4.329330e-05,8.607155e-04
671612928,9245151,8059355136,24598957,-6.398629e-02,-2.586831e-02,1.711608e-07,6.427097e-07,4.126982e-05,9.035846e-04
671875072,9245194,8062500864,24608240,-6.396846e-02,-2.585907e-02,1.862312e-07,6.576053e-07,4.490354e-05,9.245263e-04
672137216,9245337,8065646592,24617967,-6.399268e-02,-2.585136e-02,1.659122e-07,6.701775e-07,4.000429e-05,9.422016e-04
672399360,9245648,8068792320,24627686,-6.396059e-02,-2.585426e-02,1.930837e-07,6.654345e-07,4.655580e-05,9.355335e-04
672661504,9245932,8071938048,24637110,-6.397692e-02,-2.580137e-02,1.789977e-07,7.545175e-07,4.315943e-05,1.060775e-03
672923648,9245984,8075083776,24646641,-6.401889e-02,-2.578261e-02,1.452464e-07,7.874581e-07,3.502142e-05,1.107086e-03
673185792,9246052,8078229504,24656040,-6.403772e-02,-2.573589e-02,1.312500e-07,8.725598e-07,3.164665e-05,1.226731e-03
673447936,9246219,8081375232,24665686,-6.405610e-02,-2.567640e-02,1.182699e-07,9.872485e-07,2.851691e-05,1.387971e-03
673710080,9246298,8084520960,24675282,-6.402747e-02,-2.572267e-02,1.387779e-07,8.974309e-07,3.346174e-05,1.261697e-03
673972224,9246489,8087666688,24684833,-6.408709e-02,-2.576497e-02,9.791235e-08,8.190716e-07,2.360835e-05,1.151532e-03
674234368,9246589,8090812416,24694443,-6.405606e-02,-2.577622e-02,1.182955e-07,7.988344e-07,2.852309e-05,1.123080e-03
674496512,9246897,8093958144,24703866,-6.405791e-02,-2.580643e-02,1.170279e-07,7.457480e-07,2.821744e-05,1.048446e-03
674758656,9246922,8097103872,24713239,-6.405981e-02,-2.573617e-02,1.157316e-07,8.720310e-07,2.790489e-05,1.225987e-03
675020800,9247601,8100249600,24722901,-6.409233e-02,-2.573574e-02,9.466189e-08,8.728452e-07,2.282461e-05,1.227132e-03
675282944,9247690,8103395328,24732684,-6.412306e-02,-2.574609e-02,7.669883e-08,8.536152e-07,1.849341e-05,1.200096e-03
675545088,9247707,8106541056,24742274,-6.413358e-02,-2.569259e-02,7.097848e-08,9.553376e-07,1.711413e-05,1.343108e-03
675807232,9248163,8109686784,24751889,-6.417758e-02,-2.569807e-02,4.947163e-08,9.446409e-07,1.192846e-05,1.328069e-03
676069376,9248264,8112832512,24761545,-6.416470e-02,-2.568110e-02,5.536808e-08,9.779245e-07,1.335020e-05,1.374863e-03
676331520,9248384,8115978240,24771151,-6.415195e-02,-2.563960e-02,6.152988e-08,1.061729e-06,1.483591e-05,1.492683e-03
676593664,9248386,8119123968,24780841,-6.414165e-02,-2.566662e-02,6.674414e-08,1.006777e-06,1.609316e-05,1.415426e-03
676855808,9248453,8122269696,24790509,-6.411415e-02,-2.561534e-02,8.170964e-08,1.112299e-06,1.970160e-05,1.563779e-03
677117952,9248574,8125415424,24800106,-6.409200e-02,-2.562346e-02,9.486831e-08,1.095246e-06,2.287438e-05,1.539805e-03
677380096,9248866,8128561152,24809635,-6.406979e-02,-2.563280e-02,1.090434e-07,1.075782e-06,2.629224e-05,1.512440e-03
677642240,9249333,8131706880,24819080,-6.410424e-02,-2.564219e-02,8.747294e-08,1.056392e-06,2.109123e-05,1.485180e-03
677904384,9249543,8134852608,24828616,-6.409761e-02,-2.560912e-02,9.144377e-08,1.125456e-06,2.204867e-05,1.582277e-03
678166528,9249802,8137998336,24838151,-6.412882e-02,-2.557728e-02,7.354198e-08,1.194047e-06,1.773224e-05,1.678709e-03
678428672,9249887,8141144064,24848009,-6.416662e-02,-2.552770e-02,5.446715e-08,1.304838e-06,1.313297e-05,1.834470e-03
678690816,9249894,8144289792,24857758,-6.417604e-02,-2.559704e-02,5.016008e-08,1.151239e-06,1.209446e-05,1.618525e-03
678952960,9250052,8147435520,24867446,-6.419604e-02,-2.555070e-02,4.159954e-08,1.252830e-06,1.003037e-05,1.761352e-03
679215104,9250078,8150581248,24876940,-6.418519e-02,-2.547436e-02,4.614554e-08,1.429554e-06,1.112649e-05,2.009807e-03
679477248,9250254,8153726976,24886381,-6.418242e-02,-2.548729e-02,4.734400e-08,1.398814e-06,1.141545e-05,1.966590e-03
679739392,9250309,8156872704,24896075,-6.417601e-02,-2.553969e-02,5.017343e-08,1.277590e-06,1.209768e-05,1.796162e-03
680001536,9250498,8160018432,24905839,-6.421433e-02,-2.550473e-02,3.447555e-08,1.357860e-06,8.312648e-06,1.909014e-03
680263680,9251343,8163164160,24915403,-6.418514e-02,-2.550666e-02,4.616795e-08,1.353358e-06,1.113189e-05,1.902684e-03
680525824,9251413,8166309888,24925195,-6.416618e-02,-2.546877e-02,5.467253e-08,1.442956e-06,1.318249e-05,2.028650e-03
680787968,9251919,8169455616,24934823,-6.417576e-02,-2.548189e-02,5.028364e-08,1.411616e-06,1.212425e-05,1.984588e-03
681050112,9252671,8172601344,24944506,-6.417707e-02,-2.548512e-02,4.970058e-08,1.403947e-06,1.198367e-05,1.973807e-03
681312256,9252727,8175747072,24954278,-6.417455e-02,-2.556191e-02,5.082976e-08,1.227858e-06,1.225593e-05,1.726244e-03
681574400,9252793,8178892800,24963750,-6.415457e-02,-2.560807e-02,6.023568e-08,1.127698e-06,1.452386e-05,1.585429e-03
681836544,9253537,8182038528,24973503,-6.414892e-02,-2.557686e-02,6.304346e-08,1.194955e-06,1.520086e-05,1.679985e-03
682098688,9253616,8185184256,24982934,-6.416027e-02,-2.555986e-02,5.747399e-08,1.232420e-06,1.385797e-05,1.732657e-03
682360832,9253777,8188329984,24992659,-6.417508e-02,-2.560839e-02,5.059152e-08,1.127018e-06,1.219849e-05,1.584473e-03
682622976,9255125,8191475712,25002379,-6.423067e-02,-2.558716e-02,2.867243e-08,1.172533e-06,6.913416e-06,1.648463e-03
682885120,9257389,8194621440,25011983,-6.420726e-02,-2.560093e-02,3.714835e-08,1.142916e-06,8.957107e-06,1.606824e-03
683147264,9263153,8197767168,25021519,-6.421785e-02,-2.556952e-02,3.317928e-08,1.211049e-06,8.000095e-06,1.702612e-03
683409408,9265513,8200912896,25030875,-6.415772e-02,-2.557416e-02,5.870223e-08,1.200855e-06,1.415412e-05,1.688280e-03
683671552,9265675,8204058624,25040483,-6.412617e-02,-2.558984e-02,7.498352e-08,1.166752e-06,1.807982e-05,1.640334e-03
683933696,9274990,8207204352,25050041,-6.416864e-02,-2.559326e-02,5.352878e-08,1.159367e-06,1.290671e-05,1.629953e-03
684195840,9276874,8210350080,25059459,-6.416211e-02,-2.553196e-02,5.659500e-08,1.295141e-06,1.364603e-05,1.820837e-03
684457984,9280664,8213495808,25069107,-6.415898e-02,-2.552796e-02,5.809008e-08,1.304247e-06,1.400652e-05,1.833639e-03
684720128,9306880,8216641536,25078691,-6.418697e-02,-2.548905e-02,4.538368e-08,1.394649e-06,1.094279e-05,1.960735e-03
684982272,9310594,8219787264,25088300,-6.415860e-02,-2.544035e-02,5.827339e-08,1.512038e-06,1.405072e-05,2.125771e-03
685244416,9312056,8222932992,25097753,-6.416598e-02,-2.539482e-02,5.476664e-08,1.626089e-06,1.320518e-05,2.286116e-03
685506560,9313928,8226078720,25107546,-6.409238e-02,-2.535349e-02,9.462980e-08,1.733209e-06,2.281688e-05,2.436716e-03
685768704,9339352,8229224448,25117178,-6.410109e-02,-2.534659e-02,8.934710e-08,1.751407e-06,2.154312e-05,2.462301e-03
686030848,9340977,8232370176,25126873,-6.413946e-02,-2.535984e-02,6.788463e-08,1.716520e-06,1.636815e-05,2.413253e-03
686292992,9364870,8235515904,25136574,-6.413369e-02,-2.546662e-02,7.092291e-08,1.448129e-06,1.710074e-05,2.035923e-03
686555136,9368164,8238661632,25146105,-6.413854e-02,-2.535740e-02,6.836301e-08,1.722910e-06,1.648350e-05,2.422237e-03
686817280,9375340,8241807360,25155627,-6.414740e-02,-2.529771e-02,6.380903e-08,1.883182e-06,1.538546e-05,2.647563e-03
687079424,9386172,8244953088,25165212,-6.419986e-02,-2.533312e-02,4.005800e-08,1.787258e-06,9.658674e-06,2.512704e-03
687341568,9389501,8248098816,25174836,-6.423618e-02,-2.530744e-02,2.683809e-08,1.856566e-06,6.471127e-06,2.610143e-03
687603712,9394080,8251244544,25184505,-6.424255e-02,-2.529937e-02,2.479148e-08,1.878635e-06,5.977654e-06,2.641170e-03
687865856,9394898,8254390272,25193999,-6.425045e-02,-2.527850e-02,2.236462e-08,1.936283e-06,5.392495e-06,2.722218e-03
688128000,9395173,8257536000,25203715,-6.420738e-02,-2.525872e-02,3.710241e-08,1.991710e-06,8.946031e-06,2.800143e-03
688390144,9395300,8260681728,25213218,-6.412733e-02,-2.525633e-02,7.434833e-08,1.998472e-06,1.792666e-05,2.809649e-03
688652288,9395656,8263827456,25222735,-6.411788e-02,-2.529304e-02,7.959378e-08,1.896010e-06,1.919143e-05,2.665597e-03
688914432,9395841,8266973184,25232275,-6.411996e-02,-2.531382e-02,7.842102e-08,1.839226e-06,1.890866e-05,2.585765e-03
689176576,9395890,8270118912,25241998,-6.413423e-02,-2.525204e-02,7.063351e-08,2.010603e-06,1.703096e-05,2.826703e-03
689438720,9395939,8273264640,25251442,-6.413119e-02,-2.525346e-02,7.225854e-08,2.006580e-06,1.742278e-05,2.821048e-03
689700864,9396057,8276410368,25261290,-6.411841e-02,-2.528616e-02,7.929557e-08,1.915021e-06,1.911953e-05,2.692326e-03
689963008,9397105,8279556096,25271084,-6.415781e-02,-2.528466e-02,5.865531e-08,1.919168e-06,1.414280e-05,2.698156e-03
690225152,9397449,8282701824,25280836,-6.421725e-02,-2.523132e-02,3.339677e-08,2.069803e-06,8.052538e-06,2.909933e-03
690487296,9397994,8285847552,25290321,-6.422882e-02,-2.528057e-02,2.930415e-08,1.930528e-06,7.065735e-06,2.714127e-03
690749440,9398387,8288993280,25299859,-6.421573e-02,-2.532391e-02,3.395735e-08,1.811950e-06,8.187702e-06,2.547418e-03
691011584,9398452,8292139008,25309229,-6.419915e-02,-2.532150e-02,4.034183e-08,1.818460e-06,9.727110e-06,2.556571e-03
691273728,9398533,8295284736,25318892,-6.420974e-02,-2.528061e-02,3.620095e-08,1.930399e-06,8.728673e-06,2.713945e-03
691535872,9398554,8298430464,25328449,-6.426373e-02,-2.522238e-02,1.856982e-08,2.095598e-06,4.477502e-06,2.946198e-03
691798016,9398556,8301576192,25337956,-6.429862e-02,-2.518118e-02,1.027791e-08,2.216579e-06,2.478182e-06,3.116284e-03
692060160,9398628,8304721920,25347723,-6.426527e-02,-2.514740e-02,1.815387e-08,2.318307e-06,4.377211e-06,3.259305e-03
692322304,9398877,8307867648,25357552,-6.425297e-02,-2.519410e-02,2.161775e-08,2.178271e-06,5.212412e-06,3.062428e-03
692584448,9398914,8311013376,25367202,-6.424961e-02,-2.521986e-02,2.261714e-08,2.102912e-06,5.453383e-06,2.956480e-03
692846592,9398964,8314159104,25376666,-6.422520e-02,-2.525362e-02,3.055697e-08,2.006126e-06,7.367812e-06,2.820409e-03
693108736,9399162,8317304832,25386258,-6.426007e-02,-2.525664e-02,1.958231e-08,1.997571e-06,4.721632e-06,2.808383e-03
693370880,9399416,8320450560,25395847,-6.426918e-02,-2.530578e-02,1.711511e-08,1.861106e-06,4.126749e-06,2.616527e-03
693633024,9399870,8323596288,25405527,-6.423561e-02,-2.530021e-02,2.702394e-08,1.876317e-06,6.515938e-06,2.637912e-03
693895168,9400010,8326742016,25415267,-6.421021e-02,-2.529627e-02,3.602256e-08,1.887126e-06,8.685659e-06,2.653107e-03
694157312,9400222,8329887744,25424900,-6.424303e-02,-2.528092e-02,2.463921e-08,1.929550e-06,5.940939e-06,2.712752e-03
694419456,9400958,8333033472,25434492,-6.426790e-02,-2.532560e-02,1.745009e-08,1.807405e-06,4.207518e-06,2.541028e-03
694681600,9401139,8336179200,25444093,-6.422330e-02,-2.527385e-02,3.122480e-08,1.949244e-06,7.528838e-06,2.740439e-03
694943744,9401144,8339324928,25453921,-6.420521e-02,-2.530240e-02,3.794236e-08,1.870316e-06,9.148555e-06,2.629475e-03
695205888,9401149,8342470656,25463414,-6.420274e-02,-2.528718e-02,3.891213e-08,1.912202e-06,9.382385e-06,2.688362e-03
695468032,9401550,8345616384,25473021,-6.418182e-02,-2.532279e-02,4.760373e-08,1.814975e-06,1.147808e-05,2.551672e-03
695730176,9402292,8348762112,25482719,-6.413785e-02,-2.532285e-02,6.872193e-08,1.814820e-06,1.657004e-05,2.551453e-03
695992320,9402441,8351907840,25492134,-6.410635e-02,-2.531791e-02,8.623017e-08,1.828138e-06,2.079158e-05,2.570177e-03
696254464,9402668,8355053568,25501878,-6.408889e-02,-2.530739e-02,9.679186e-08,1.856692e-06,2.333819e-05,2.610321e-03
696516608,9403120,8358199296,25511501,-6.405778e-02,-2.529687e-02,1.171146e-07,1.885483e-06,2.823834e-05,2.650798e-03
696778752,9404155,8361345024,25520947,-6.408145e-02,-2.535264e-02,1.014786e-07,1.735436e-06,2.446823e-05,2.439847e-03
697040896,9404366,8364490752,25530519,-6.407440e-02,-2.537174e-02,1.060139e-07,1.685474e-06,2.556179e-05,2.369606e-03
697303040,9407225,8367636480,25540058,-6.402874e-02,-2.540605e-02,1.378358e-07,1.597560e-06,3.323458e-05,2.246008e-03
697565184,9407721,8370782208,25549822,-6.399329e-02,-2.547595e-02,1.654149e-07,1.425766e-06,3.988438e-05,2.004482e-03
697827328,9407938,8373927936,25559627,-6.399142e-02,-2.547395e-02,1.669396e-07,1.430534e-06,4.025201e-05,2.011185e-03
698089472,9409840,8377073664,25569362,-6.400974e-02,-2.550090e-02,1.523040e-07,1.366800e-06,3.672311e-05,1.921582e-03
698351616,9410431,8380219392,25578882,-6.397927e-02,-2.546923e-02,1.770173e-07,1.441846e-06,4.268193e-05,2.027090e-03
698613760,9410498,8383365120,25588485,-6.398124e-02,-2.546304e-02,1.753598e-07,1.456745e-06,4.228228e-05,2.048035e-03
698875904,9411064,8386510848,25598090,-6.397076e-02,-2.542963e-02,1.842494e-07,1.538529e-06,4.442571e-05,2.163016e-03
699138048,9413139,8389656576,25607742,-6.397357e-02,-2.541545e-02,1.818459e-07,1.573899e-06,4.384619e-05,2.212742e-03
699400192,9414301,8392802304,25617340,-6.395850e-02,-2.544037e-02,1.949214e-07,1.511983e-06,4.699891e-05,2.125694e-03
699662336,9419348,8395948032,25626640,-6.396767e-02,-2.545343e-02,1.869134e-07,1.480038e-06,4.506804e-05,2.080783e-03
699924480,9419740,8399093760,25636137,-6.400409e-02,-2.545847e-02,1.567439e-07,1.467795e-06,3.779365e-05,2.063571e-03
700186624,9420699,8402239488,25645747,-6.396269e-02,-2.541971e-02,1.912416e-07,1.563228e-06,4.611165e-05,2.197740e-03
700448768,9421468,8405385216,25655289,-6.400376e-02,-2.539733e-02,1.570095e-07,1.619696e-06,3.785769e-05,2.277128e-03
700710912,9427536,8408530944,25664925,-6.403477e-02,-2.541042e-02,1.333911e-07,1.586547e-06,3.216289e-05,2.230524e-03
700973056,9428094,8411676672,25674725,-6.402680e-02,-2.542036e-02,1.392779e-07,1.561608e-06,3.358231e-05,2.195462e-03
701235200,9431277,8414822400,25684252,-6.409850e-02,-2.536465e-02,9.090385e-08,1.703932e-06,2.191848e-05,2.395555e-03
701497344,9437818,8417968128,25693718,-6.407284e-02,-2.532436e-02,1.070353e-07,1.810752e-06,2.580805e-05,2.545734e-03
701759488,9443913,8421113856,25703236,-6.407747e-02,-2.532887e-02,1.040292e-07,1.798621e-06,2.508324e-05,2.528679e-03
702021632,9447040,8424259584,25712850,-6.403875e-02,-2.530417e-02,1.305061e-07,1.865495e-06,3.146727e-05,2.622696e-03
702283776,9448537,8427405312,25722412,-6.398597e-02,-2.526552e-02,1.714198e-07,1.972567e-06,4.133227e-05,2.773229e-03
702545920,9460522,8430551040,25732075,-6.395733e-02,-2.530235e-02,1.959623e-07,1.870464e-06,4.724988e-05,2.629683e-03
702808064,9460948,8433696768,25741810,-6.396116e-02,-2.534514e-02,1.925864e-07,1.755250e-06,4.643589e-05,2.467704e-03
703070208,9462186,8436842496,25751304,-6.394885e-02,-2.535152e-02,2.035341e-07,1.738392e-06,4.907558e-05,2.444002e-03
703332352,9462914,8439988224,25760842,-6.399812e-02,-2.543924e-02,1.615110e-07,1.514764e-06,3.894309e-05,2.129605e-03
703594496,9480014,8443133952,25770621,-6.398844e-02,-2.544678e-02,1.693838e-07,1.496275e-06,4.084135e-05,2.103611e-03
703856640,9480962,8446279680,25780185,-6.397506e-02,-2.542347e-02,1.805773e-07,1.553843e-06,4.354029e-05,2.184546e-03
704118784,9486672,8449425408,25789563,-6.395589e-02,-2.543962e-02,1.972374e-07,1.513825e-06,4.755734e-05,2.128284e-03
704380928,9498262,8452571136,25799144,-6.395534e-02,-2.548750e-02,1.977275e-07,1.398311e-06,4.767550e-05,1.965884e-03
704643072,9521216,8455716864,25808828,-6.398660e-02,-2.551595e-02,1.709020e-07,1.331841e-06,4.120741e-05,1.872433e-03
704905216,9685360,8458862592,25818115,-6.400460e-02,-2.551489e-02,1.563430e-07,1.334284e-06,3.769699e-05,1.875867e-03
705167360,9685537,8462008320,25827813,-6.401204e-02,-2.553045e-02,1.505181e-07,1.298573e-06,3.629251e-05,1.825662e-03
705429504,9685627,8465154048,25837593,-6.403951e-02,-2.552810e-02,1.299522e-07,1.303936e-06,3.133372e-05,1.833202e-03
705691648,9685831,8468299776,25847254,-6.405015e-02,-2.545806e-02,1.223947e-07,1.468797e-06,2.951146e-05,2.064980e-03
705953792,9686074,8471445504,25856745,-6.410575e-02,-2.546184e-02,8.658496e-08,1.459642e-06,2.087713e-05,2.052108e-03
706215936,9686286,8474591232,25866158,-6.412132e-02,-2.547293e-02,7.766339e-08,1.432985e-06,1.872598e-05,2.014632e-03
706478080,9686327,8477736960,25875869,-6.409895e-02,-2.555228e-02,9.063000e-08,1.249288e-06,2.185245e-05,1.756373e-03
706740224,9686458,8480882688,25885690,-6.412320e-02,-2.555639e-02,7.662044e-08,1.240120e-06,1.847451e-05,1.743482e-03
707002368,9686541,8484028416,25895357,-6.412234e-02,-2.557571e-02,7.709551e-08,1.197461e-06,1.858906e-05,1.683508e-03
707264512,9686610,8487174144,25905028,-6.413611e-02,-2.565367e-02,6.963905e-08,1.032927e-06,1.679117e-05,1.452190e-03
707526656,9686810,8490319872,25914784,-6.416453e-02,-2.562927e-02,5.544525e-08,1.083116e-06,1.336880e-05,1.522752e-03
707788800,9686920,8493465600,25924389,-6.410692e-02,-2.562035e-02,8.589793e-08,1.101755e-06,2.071147e-05,1.548956e-03
708050944,9687319,8496611328,25934171,-6.412805e-02,-2.563148e-02,7.395878e-08,1.078527e-06,1.783274e-05,1.516300e-03
708313088,9687371,8499757056,25943707,-6.413275e-02,-2.563175e-02,7.142381e-08,1.077962e-06,1.722151e-05,1.515505e-03
708575232,9687907,8502902784,25953258,-6.412894e-02,-2.565682e-02,7.347330e-08,1.026538e-06,1.771567e-05,1.443208e-03
708837376,9688025,8506048512,25962876,-6.413807e-02,-2.566957e-02,6.860869e-08,1.000857e-06,1.654274e-05,1.407104e-03
709099520,9688117,8509194240,25972523,-6.415886e-02,-2.568476e-02,5.815115e-08,9.707027e-07,1.402124e-05,1.364710e-03
709361664,9688566,8512339968,25982087,-6.419287e-02,-2.570497e-02,4.290433e-08,9.312810e-07,1.034497e-05,1.309287e-03
709623808,9688681,8515485696,25991674,-6.422337e-02,-2.569325e-02,3.119848e-08,9.540490e-07,7.522490e-06,1.341296e-03
709885952,9688746,8518631424,26001297,-6.420065e-02,-2.568476e-02,3.974249e-08,9.707027e-07,9.582598e-06,1.364710e-03
710148096,9688873,8521777152,26010842,-6.416767e-02,-2.569128e-02,5.397791e-08,9.578845e-07,1.301500e-05,1.346688e-03
710410240,9688949,8524922880,26020453,-6.420815e-02,-2.567972e-02,3.680736e-08,9.806562e-07,8.874889e-06,1.378703e-03
710672384,9689031,8528068608,26030199,-6.424112e-02,-2.564546e-02,2.524401e-08,1.049679e-06,6.086765e-06,1.475743e-03
710934528,9689590,8531214336,26039845,-6.422606e-02,-2.560400e-02,3.025556e-08,1.136354e-06,7.295136e-06,1.597599e-03
711196672,9689791,8534360064,26049201,-6.426853e-02,-2.556352e-02,1.728514e-08,1.224298e-06,4.167744e-06,1.721239e-03
711458816,9689969,8537505792,26058850,-6.430166e-02,-2.561041e-02,9.670797e-09,1.122727e-06,2.331796e-06,1.578440e-03
711720960,9690351,8540651520,26068528,-6.428786e-02,-2.559502e-02,1.257509e-08,1.155588e-06,3.032070e-06,1.624640e-03
711983104,9690354,8543797248,26078092,-6.423251e-02,-2.558568e-02,2.805258e-08,1.175750e-06,6.763961e-06,1.652986e-03
712245248,9690456,8546942976,26087796,-6.425703e-02,-2.557040e-02,2.044019e-08,1.209127e-06,4.928481e-06,1.699910e-03
712507392,9690632,8550088704,26097261,-6.420931e-02,-2.557782e-02,3.636274e-08,1.192850e-06,8.767682e-06,1.677027e-03
712769536,9690645,8553234432,26106900,-6.420732e-02,-2.556664e-02,3.712537e-08,1.217412e-06,8.951568e-06,1.711558e-03
713031680,9690790,8556380160,26116523,-6.419472e-02,-2.551839e-02,4.214228e-08,1.326210e-06,1.016123e-05,1.864517e-03
713293824,9690809,8559525888,26126298,-6.417383e-02,-2.561193e-02,5.115279e-08,1.119504e-06,1.233382e-05,1.573909e-03
713555968,9691145,8562671616,26136082,-6.413257e-02,-2.564116e-02,7.151942e-08,1.058503e-06,1.724456e-05,1.488148e-03
713818112,9691776,8565817344,26145361,-6.414067e-02,-2.560310e-02,6.725327e-08,1.138269e-06,1.621592e-05,1.600291e-03
714080256,9691950,8568963072,26154743,-6.414635e-02,-2.558023e-02,6.433709e-08,1.187587e-06,1.551278e-05,1.669627e-03
714342400,9692748,8572108800,26164375,-6.421035e-02,-2.555409e-02,3.596884e-08,1.245248e-06,8.672707e-06,1.750693e-03
714604544,9693216,8575254528,26173893,-6.420977e-02,-2.558504e-02,3.618678e-08,1.177132e-06,8.725256e-06,1.654929e-03
714866688,9693286,8578400256,26183480,-6.419504e-02,-2.555883e-02,4.200779e-08,1.234687e-06,1.012880e-05,1.735845e-03
715128832,9693621,8581545984,26192816,-6.417610e-02,-2.553792e-02,5.013004e-08,1.281593e-06,1.208722e-05,1.801790e-03
715390976,9693948,8584691712,26202353,-6.418070e-02,-2.553990e-02,4.809266e-08,1.277114e-06,1.159597e-05,1.795493e-03
715653120,9694285,8587837440,26212007,-6.417120e-02,-2.555612e-02,5.235280e-08,1.240726e-06,1.262316e-05,1.744334e-03
715915264,9694504,8590983168,26221498,-6.416726e-02,-2.557800e-02,5.416848e-08,1.192464e-06,1.306095e-05,1.676483e-03
716177408,9695785,8594128896,26231230,-6.418881e-02,-2.554384e-02,4.460297e-08,1.268230e-06,1.075454e-05,1.783003e-03
716439552,9698085,8597274624,26240988,-6.414786e-02,-2.550238e-02,6.357587e-08,1.363331e-06,1.532924e-05,1.916705e-03
716701696,9704048,8600420352,26250348,-6.418786e-02,-2.550733e-02,4.500354e-08,1.351798e-06,1.085113e-05,1.900492e-03
716963840,9706425,8603566080,26259926,-6.418191e-02,-2.557559e-02,4.756473e-08,1.197738e-06,1.146868e-05,1.683898e-03
717225984,9707061,8606711808,26269614,-6.417994e-02,-2.553925e-02,4.842656e-08,1.278584e-06,1.167648e-05,1.797559e-03
717488128,9715962,8609857536,26279173,-6.420384e-02,-2.560754e-02,3.847831e-08,1.128830e-06,9.277784e-06,1.587020e-03
717750272,9718769,8613003264,26288947,-6.418025e-02,-2.564989e-02,4.829220e-08,1.040623e-06,1.164408e-05,1.463010e-03
718012416,9721152,8616148992,26298550,-6.418714e-02,-2.567239e-02,4.531070e-08,9.952302e-07,1.092519e-05,1.399193e-03
718274560,9747325,8619294720,26308178,-6.420732e-02,-2.569765e-02,3.712825e-08,9.454557e-07,8.952260e-06,1.329215e-03
718536704,9751023,8622440448,26317758,-6.422472e-02,-2.571783e-02,3.072391e-08,9.066299e-07,7.408062e-06,1.274630e-03
718798848,9752554,8625586176,26327229,-6.423631e-02,-2.570882e-02,2.679417e-08,9.238721e-07,6.460536e-06,1.298870e-03
719060992,9754713,8628731904,26336902,-6.423814e-02,-2.571724e-02,2.619991e-08,9.077440e-07,6.317250e-06,1.276196e-03
719323136,9780464,8631877632,26346542,-6.423464e-02,-2.575551e-02,2.734579e-08,8.362917e-07,6.593542e-06,1.175741e-03
719585280,9781600,8635023360,26355962,-6.427141e-02,-2.573781e-02,1.653528e-08,8.689862e-07,3.986940e-06,1.221706e-03
719847424,9805317,8638169088,26365455,-6.424367e-02,-2.571160e-02,2.444080e-08,9.185374e-07,5.893097e-06,1.291370e-03
720109568,9808826,8641314816,26375084,-6.428925e-02,-2.570165e-02,1.226620e-08,9.376983e-07,2.957592e-06,1.318309e-03
720371712,9815929,8644460544,26384452,-6.429172e-02,-2.569033e-02,1.172440e-08,9.597485e-07,2.826956e-06,1.349309e-03
720633856,9826619,8647606272,26393965,-6.430449e-02,-2.573122e-02,9.121968e-09,8.813020e-07,2.199463e-06,1.239021e-03
720896000,9829932,8650752000,26403577,-6.430522e-02,-2.572360e-02,8.983028e-09,8.956707e-07,2.165963e-06,1.259222e-03
721158144,9841384,8653897728,26412985,-6.424379e-02,-2.572886e-02,2.440121e-08,8.857421e-07,5.883553e-06,1.245264e-03
721420288,9842420,8657043456,26422619,-6.422555e-02,-2.577377e-02,3.043207e-08,8.032188e-07,7.337695e-06,1.129244e-03
721682432,9842595,8660189184,26432097,-6.429676e-02,-2.577590e-02,1.065905e-08,7.994172e-07,2.570082e-06,1.123899e-03
721944576,9842726,8663334912,26441485,-6.428924e-02,-2.581304e-02,1.226785e-08,7.343839e-07,2.957990e-06,1.032469e-03
722206720,9843052,8666480640,26451228,-6.423233e-02,-2.581492e-02,2.811251e-08,7.311695e-07,6.778411e-06,1.027950e-03
722468864,9843317,8669626368,26460905,-6.419596e-02,-2.585595e-02,4.163298e-08,6.626690e-07,1.003843e-05,9.316453e-04
722731008,9843497,8672772096,26470500,-6.420036e-02,-2.590360e-02,3.985545e-08,5.873608e-07,9.609836e-06,8.257696e-04
722993152,9843510,8675917824,26480014,-6.417299e-02,-2.590618e-02,5.153433e-08,5.834161e-07,1.242581e-05,8.202238e-04
723255296,9843520,8679063552,26489933,-6.411793e-02,-2.591191e-02,7.956435e-08,5.746935e-07,1.918433e-05,8.079608e-04
723517440,9844617,8682209280,26499480,-6.412386e-02,-2.593091e-02,7.625378e-08,5.462570e-07,1.838610e-05,7.679819e-04
723779584,9845034,8685355008,26509342,-6.412689e-02,-2.594350e-02,7.458824e-08,5.278003e-07,1.798451e-05,7.420336e-04
724041728,9845358,8688500736,26518910,-6.412780e-02,-2.591898e-02,7.409663e-08,5.640233e-07,1.786597e-05,7.929594e-04
724303872,9845961,8691646464,26528424,-6.412886e-02,-2.593664e-02,7.351773e-08,5.378206e-07,1.772639e-05,7.561211e-04
724566016,9845998,8694792192,26538080,-6.413799e-02,-2.589432e-02,6.865164e-08,6.016765e-07,1.655309e-05,8.458961e-04
724828160,9846117,8697937920,26547644,-6.409061e-02,-2.590134e-02,9.572391e-08,5.908377e-07,2.308068e-05,8.306578e-04
725090304,9846132,8701083648,26557390,-6.405445e-02,-2.589160e-02,1.194051e-07,6.059057e-07,2.879063e-05,8.518419e-04
725352448,9846205,8704229376,26567073,-6.407031e-02,-2.587269e-02,1.086992e-07,6.356987e-07,2.620925e-05,8.937279e-04
725614592,9846254,8707375104,26576677,-6.412143e-02,-2.589078e-02,7.760111e-08,6.071822e-07,1.871096e-05,8.536367e-04
725876736,9846301,8710520832,26586442,-6.413402e-02,-2.594388e-02,7.074841e-08,5.272456e-07,1.705866e-05,7.412539e-04
726138880,9846460,8713666560,26596144,-6.410041e-02,-2.598905e-02,8.975734e-08,4.636923e-07,2.164204e-05,6.519043e-04
726401024,9846499,8716812288,26605615,-6.412862e-02,-2.598835e-02,7.364707e-08,4.646491e-07,1.775758e-05,6.532494e-04
726663168,9846727,8719958016,26615181,-6.413995e-02,-2.600710e-02,6.762863e-08,4.394346e-07,1.630643e-05,6.178005e-04
726925312,9846935,8723103744,26624826,-6.417309e-02,-2.604289e-02,5.148698e-08,3.932667e-07,1.241440e-05,5.528931e-04
727187456,9847359,8726249472,26634623,-6.416829e-02,-2.601460e-02,5.369094e-08,4.295438e-07,1.294581e-05,6.038951e-04
727449600,9847376,8729395200,26644138,-6.419787e-02,-2.596169e-02,4.085826e-08,5.016977e-07,9.851629e-06,7.053360e-04
727711744,9848075,8732540928,26653721,-6.418755e-02,-2.598705e-02,4.513641e-08,4.664182e-07,1.088317e-05,6.557366e-04
727973888,9848616,8735686656,26663438,-6.415671e-02,-2.595053e-02,5.919064e-08,5.176357e-07,1.427188e-05,7.277433e-04
728236032,9848725,8738832384,26673017,-6.417190e-02,-2.597211e-02,5.202939e-08,4.870508e-07,1.254518e-05,6.847442e-04
728498176,9848729,8741978112,26682436,-6.416487e-02,-2.594561e-02,5.528747e-08,5.247465e-07,1.333076e-05,7.377403e-04
728760320,9848836,8745123840,26692272,-6.418169e-02,-2.590698e-02,4.765902e-08,5.821988e-07,1.149141e-05,8.185125e-04
729022464,9848914,8748269568,26701984,-6.420514e-02,-2.591258e-02,3.797139e-08,5.736857e-07,9.155556e-06,8.065439e-04
729284608,9850004,8751415296,26711239,-6.422486e-02,-2.589336e-02,3.067430e-08,6.031656e-07,7.396101e-06,8.479896e-04
729546752,9850154,8754561024,26721112,-6.421851e-02,-2.584335e-02,3.293815e-08,6.833492e-07,7.941953e-06,9.607196e-04
729808896,9850515,8757706752,26730607,-6.422993e-02,-2.581479e-02,2.892530e-08,7.313766e-07,6.974388e-06,1.028241e-03
730071040,9851151,8760852480,26739988,-6.419419e-02,-2.581117e-02,4.235975e-08,7.375895e-07,1.021367e-05,1.036976e-03
730333184,9851751,8763998208,26749442,-6.418144e-02,-2.581361e-02,4.776969e-08,7.333978e-07,1.151809e-05,1.031083e-03
730595328,9851877,8767143936,26758893,-6.413402e-02,-2.585983e-02,7.074444e-08,6.563793e-07,1.705770e-05,9.228028e-04
730857472,9855242,8770289664,26768431,-6.414920e-02,-2.588419e-02,6.290136e-08,6.174988e-07,1.516660e-05,8.681405e-04
731119616,9855271,8773435392,26777804,-6.412661e-02,-2.591745e-02,7.474297e-08,5.663366e-07,1.802182e-05,7.962118e-04
731381760,9855638,8776581120,26787490,-6.418815e-02,-2.591402e-02,4.488350e-08,5.715067e-07,1.082218e-05,8.034804e-04
731643904,9857371,8779726848,26797027,-6.418959e-02,-2.593813e-02,4.427315e-08,5.356372e-07,1.067502e-05,7.530515e-04
731906048,9857951,8782872576,26806692,-6.420828e-02,-2.599259e-02,3.675592e-08,4.588800e-07,8.862485e-06,6.451387e-04
732168192,9858502,8786018304,26816463,-6.420035e-02,-2.600447e-02,3.986140e-08,4.429260e-07,9.611271e-06,6.227090e-04
732430336,9858978,8789164032,26825885,-6.412539e-02,-2.598753e-02,7.541257e-08,4.657646e-07,1.818327e-05,6.548177e-04
732692480,9859893,8792309760,26835694,-6.414276e-02,-2.601664e-02,6.617177e-08,4.268769e-07,1.595515e-05,6.001457e-04
732954624,9860639,8795455488,26845293,-6.415016e-02,-2.598174e-02,6.242018e-08,4.737024e-07,1.505058e-05,6.659775e-04
733216768,9861924,8798601216,26855084,-6.410064e-02,-2.597138e-02,8.961900e-08,4.880706e-07,2.160868e-05,6.861777e-04
733478912,9867252,8801746944,26864839,-6.412131e-02,-2.600082e-02,7.767169e-08,4.477987e-07,1.872798e-05,6.295595e-04
733741056,9868497,8804892672,26874276,-6.414066e-02,-2.596388e-02,6.725713e-08,4.985994e-07,1.621685e-05,7.009803e-04
734003200,9869998,8808038400,26884084,-6.411890e-02,-2.599102e-02,7.901887e-08,4.610148e-07,1.905281e-05,6.481400e-04
734265344,9875822,8811184128,26893695,-6.412480e-02,-2.594487e-02,7.573620e-08,5.258129e-07,1.826130e-05,7.392397e-04
734527488,9876295,8814329856,26903251,-6.415387e-02,-2.595409e-02,6.057994e-08,5.125238e-07,1.460687e-05,7.205565e-04
734789632,9878808,8817475584,26912861,-6.407447e-02,-2.594866e-02,1.059703e-07,5.203328e-07,2.555126e-05,7.315352e-04
735051776,9885967,8820621312,26922479,-6.414329e-02,-2.604502e-02,6.589990e-08,3.905986e-07,1.588960e-05,5.491421e-04
735313920,9887717,8823767040,26932047,-6.414192e-02,-2.604098e-02,6.660563e-08,3.956649e-07,1.605976e-05,5.562647e-04
735576064,9891398,8826912768,26941727,-6.413037e-02,-2.595151e-02,7.269983e-08,5.162295e-07,1.752918e-05,7.257664e-04
735838208,9897627,8830058496,26951282,-6.411412e-02,-2.599253e-02,8.173094e-08,4.589632e-07,1.970673e-05,6.452557e-04
736100352,9908620,8833204224,26960659,-6.411825e-02,-2.600131e-02,7.938371e-08,4.471483e-07,1.914078e-05,6.286451e-04
736362496,9908737,8836349952,26970304,-6.410624e-02,-2.597976e-02,8.629581e-08,4.764344e-07,2.080741e-05,6.698184e-04
736624640,9909897,8839495680,26979898,-6.411988e-02,-2.596987e-02,7.847110e-08,4.901757e-07,1.892073e-05,6.891373e-04
736886784,9910688,8842641408,26989715,-6.410520e-02,-2.600987e-02,8.690974e-08,4.357726e-07,2.095544e-05,6.126521e-04
737148928,9927798,8845787136,26999468,-6.406835e-02,-2.599228e-02,1.099951e-07,4.593015e-07,2.652172e-05,6.457312e-04
737411072,9928679,8848932864,27009081,-6.405471e-02,-2.605180e-02,1.192301e-07,3.821745e-07,2.874844e-05,5.372985e-04
737673216,9934254,8852078592,27018834,-6.406485e-02,-2.604338e-02,1.123252e-07,3.926525e-07,2.708353e-05,5.520295e-04
737935360,9945908,8855224320,27028477,-6.410787e-02,-2.606705e-02,8.533983e-08,3.635525e-07,2.057690e-05,5.111179e-04
738197504,9968797,8858370048,27038082,-6.412070e-02,-2.610143e-02,7.800844e-08,3.232683e-07,1.880918e-05,4.544824e-04
738459648,10125914,8861515776,27047566,-6.414986e-02,-2.609607e-02,6.257292e-08,3.293971e-07,1.508741e-05,4.630989e-04
738721792,10126087,8864661504,27056996,-6.413815e-02,-2.609544e-02,6.856577e-08,3.301201e-07,1.653239e-05,4.641154e-04
738983936,10126257,8867807232,27066498,-6.419583e-02,-2.611081e-02,4.168468e-08,3.126959e-07,1.005089e-05,4.396187e-04
739246080,10126412,8870952960,27075987,-6.424186e-02,-2.610921e-02,2.501016e-08,3.144899e-07,6.030381e-06,4.421409e-04
739508224,10126736,8874098688,27085651,-6.423870e-02,-2.619211e-02,2.601692e-08,2.283820e-07,6.273128e-06,3.210819e-04
739770368,10126776,8877244416,27095145,-6.421933e-02,-2.617677e-02,3.264403e-08,2.432706e-07,7.871037e-06,3.420138e-04
740032512,10126805,8880390144,27104634,-6.417881e-02,-2.622036e-02,4.892627e-08,2.021751e-07,1.179697e-05,2.842376e-04
740294656,10127077,8883535872,27114191,-6.418518e-02,-2.616306e-02,4.614875e-08,2.569838e-07,1.112726e-05,3.612931e-04
740556800,10127100,8886681600,27123620,-6.422762e-02,-2.616185e-02,2.971627e-08,2.582146e-07,7.165106e-06,3.630236e-04
740818944,10127104,8889827328,27133071,-6.419676e-02,-2.612342e-02,4.130828e-08,2.987499e-07,9.960138e-06,4.200120e-04
741081088,10127458,8892973056,27142514,-6.420211e-02,-2.617493e-02,3.916238e-08,2.450894e-07,9.442724e-06,3.445708e-04
741343232,10127510,8896118784,27152017,-6.422211e-02,-2.618147e-02,3.164487e-08,2.386660e-07,7.630124e-06,3.355402e-04
741605376,10127907,8899264512,27161520,-6.415720e-02,-2.621316e-02,5.895523e-08,2.086992e-07,1.421512e-05,2.934099e-04
741867520,10128070,8902410240,27170953,-6.416136e-02,-2.627043e-02,5.695005e-08,1.596584e-07,1.373164e-05,2.244635e-04
742129664,10128416,8905555968,27180672,-6.413975e-02,-2.624524e-02,6.773330e-08,1.804206e-07,1.633167e-05,2.536531e-04
742391808,10128665,8908701696,27190335,-6.418494e-02,-2.626628e-02,4.625124e-08,1.629875e-07,1.115197e-05,2.291440e-04
742653952,10128973,8911847424,27199842,-6.418344e-02,-2.624704e-02,4.689762e-08,1.788969e-07,1.130782e-05,2.515108e-04
742916096,10129155,8914993152,27209234,-6.426638e-02,-2.625647e-02,1.785595e-08,1.710083e-07,4.305377e-06,2.404202e-04
743178240,10129247,8918138880,27218631,-6.427003e-02,-2.632442e-02,1.689360e-08,1.194257e-07,4.073338e-06,1.679005e-04
743440384,10129415,8921284608,27228046,-6.428268e-02,-2.632609e-02,1.376499e-08,1.182763e-07,3.318976e-06,1.662845e-04
743702528,10129459,8924430336,27237777,-6.423271e-02,-2.630945e-02,2.798524e-08,1.299993e-07,6.747723e-06,1.827658e-04
743964672,10129660,8927576064,27247440,-6.421479e-02,-2.634217e-02,3.430422e-08,1.074733e-07,8.271339e-06,1.510965e-04
744226816,10129743,8930721792,27256987,-6.421409e-02,-2.630378e-02,3.456414e-08,1.341159e-07,8.334010e-06,1.885534e-04
744488960,10130295,8933867520,27266831,-6.416653e-02,-2.631731e-02,5.450889e-08,1.243929e-07,1.314303e-05,1.748837e-04
744751104,10130334,8937013248,27276513,-6.410167e-02,-2.635986e-02,8.900446e-08,9.618665e-08,2.146051e-05,1.352287e-04
745013248,10130438,8940158976,27286087,-6.410875e-02,-2.633969e-02,8.482694e-08,1.091037e-07,2.045324e-05,1.533887e-04
745275392,10130866,8943304704,27295621,-6.410056e-02,-2.635667e-02,8.966362e-08,9.817713e-08,2.161944e-05,1.380271e-04
745537536,10130975,8946450432,27305298,-6.407478e-02,-2.629398e-02,1.057715e-07,1.413936e-07,2.550333e-05,1.987850e-04
745799680,10131074,8949596160,27315021,-6.405514e-02,-2.627168e-02,1.189319e-07,1.586597e-07,2.867652e-05,2.230594e-04
746061824,10131163,8952741888,27324512,-6.406032e-02,-2.629391e-02,1.153872e-07,1.414412e-07,2.782184e-05,1.988520e-04
746323968,10131360,8955887616,27334109,-6.405332e-02,-2.633184e-02,1.201891e-07,1.143506e-07,2.897966e-05,1.607653e-04
746586112,10131504,8959033344,27343875,-6.402072e-02,-2.630556e-02,1.438584e-07,1.328189e-07,3.468674e-05,1.867299e-04
746848256,10131572,8962179072,27353670,-6.396146e-02,-2.632433e-02,1.923184e-07,1.194901e-07,4.637127e-05,1.679910e-04
747110400,10131774,8965324800,27363270,-6.396837e-02,-2.631074e-02,1.863083e-07,1.290688e-07,4.492214e-05,1.814576e-04
747372544,10132484,8968470528,27373058,-6.397897e-02,-2.632267e-02,1.772682e-07,1.206389e-07,4.274242e-05,1.696061e-04
747634688,10132668,8971616256,27382917,-6.393493e-02,-2.626937e-02,2.162926e-07,1.605035e-07,5.215187e-05,2.256516e-04
747896832,10133590,8974761984,27392519,-6.392875e-02,-2.626798e-02,2.220758e-07,1.616203e-07,5.354631e-05,2.272218e-04
748158976,10133809,8977907712,27401959,-6.397528e-02,-2.625838e-02,1.803874e-07,1.694313e-07,4.349450e-05,2.382033e-04
748421120,10133874,8981053440,27411555,-6.394022e-02,-2.624306e-02,2.114002e-07,1.822767e-07,5.097223e-05,2.562625e-04
748683264,10134568,8984199168,27421198,-6.396214e-02,-2.627415e-02,1.917242e-07,1.566952e-07,4.622799e-05,2.202976e-04
748945408,10134746,8987344896,27430670,-6.393672e-02,-2.629091e-02,2.146326e-07,1.437115e-07,5.175161e-05,2.020438e-04
749207552,10135144,8990490624,27440380,-6.396111e-02,-2.629979e-02,1.926256e-07,1.370568e-07,4.644536e-05,1.926880e-04
749469696,10135510,8993636352,27449925,-6.395309e-02,-2.631216e-02,1.997336e-07,1.280509e-07,4.815921e-05,1.800266e-04
749731840,10136624,8996782080,27459513,-6.389860e-02,-2.633592e-02,2.514037e-07,1.116109e-07,6.061776e-05,1.569136e-04
749993984,10139027,8999927808,27469014,-6.385969e-02,-2.638644e-02,2.919334e-07,8.040404e-08,7.039018e-05,1.130399e-04
750256128,10144899,9003073536,27478702,-6.387220e-02,-2.636212e-02,2.785798e-07,9.478916e-08,6.717039e-05,1.332640e-04
750518272,10147277,9006219264,27488332,-6.380206e-02,-2.632099e-02,3.575398e-07,1.218102e-07,8.620902e-05,1.712527e-04
750780416,10148565,9009364992,27497895,-6.380869e-02,-2.633520e-02,3.496538e-07,1.120918e-07,8.430756e-05,1.575897e-04
751042560,10156860,9012510720,27507289,-6.377734e-02,-2.631236e-02,3.877054e-07,1.279084e-07,9.348245e-05,1.798262e-04
751304704,10160842,9015656448,27516859,-6.374725e-02,-2.633941e-02,4.260862e-07,1.092908e-07,1.027367e-04,1.536518e-04
751566848,10161811,9018802176,27526437,-6.374972e-02,-2.639961e-02,4.228727e-07,7.310921e-08,1.019619e-04,1.027841e-04
751828992,10188010,9021947904,27536058,-6.375988e-02,-2.642942e-02,4.097589e-07,5.788017e-08,9.879992e-05,8.137363e-05
752091136,10191621,9025093632,27545481,-6.373046e-02,-2.640340e-02,4.482824e-07,7.107379e-08,1.080886e-04,9.992254e-05
752353280,10192912,9028239360,27555079,-6.372014e-02,-2.645506e-02,4.622171e-07,4.619838e-08,1.114485e-04,6.495023e-05
752615424,10195383,9031385088,27564628,-6.374844e-02,-2.645523e-02,4.245314e-07,4.612554e-08,1.023618e-04,6.484782e-05
752877568,10221263,9034530816,27574429,-6.374835e-02,-2.650389e-02,4.246479e-07,2.759338e-08,1.023899e-04,3.879349e-05
753139712,10222110,9037676544,27584141,-6.370849e-02,-2.650581e-02,4.781871e-07,2.695968e-08,1.152991e-04,3.790258e-05
753401856,10246057,9040822272,27593739,-6.370863e-02,-2.647698e-02,4.780017e-07,3.725757e-08,1.152544e-04,5.238035e-05
753664000,10249617,9043968000,27603322,-6.371862e-02,-2.648332e-02,4.642759e-07,3.485077e-08,1.119449e-04,4.899664e-05
753926144,10256546,9047113728,27613140,-6.371249e-02,-2.649567e-02,4.726799e-07,3.039179e-08,1.139713e-04,4.272777e-05
754188288,10267365,9050259456,27622787,-6.375097e-02,-2.646396e-02,4.212367e-07,4.245334e-08,1.015674e-04,5.968508e-05
754450432,10270689,9053405184,27632213,-6.373627e-02,-2.643387e-02,4.405441e-07,5.575885e-08,1.062228e-04,7.839128e-05
754712576,10288600,9056550912,27641764,-6.370276e-02,-2.646911e-02,4.861440e-07,4.035605e-08,1.172177e-04,5.673650e-05
754974720,10289913,9059696640,27651702,-6.373610e-02,-2.648743e-02,4.407617e-07,3.333077e-08,1.062752e-04,4.685968e-05
755236864,10289959,9062842368,27661170,-6.374621e-02,-2.650836e-02,4.274393e-07,2.612579e-08,1.030630e-04,3.673022e-05
755499008,10290199,9065988096,27670738,-6.375542e-02,-2.651116e-02,4.154828e-07,2.522921e-08,1.001800e-04,3.546971e-05
755761152,10290418,9069133824,27680305,-6.380120e-02,-2.655680e-02,3.585652e-07,1.281433e-08,8.645626e-05,1.801565e-05
756023296,10290688,9072279552,27689885,-6.377188e-02,-2.655635e-02,3.945362e-07,1.291616e-08,9.512947e-05,1.815881e-05
756285440,10290742,9075425280,27699430,-6.382655e-02,-2.655248e-02,3.288521e-07,1.381004e-08,7.929191e-05,1.941552e-05
756547584,10290924,9078571008,27708999,-6.383037e-02,-2.656580e-02,3.244830e-07,1.085805e-08,7.823845e-05,1.526531e-05
756809728,10290943,9081716736,27718747,-6.380517e-02,-2.660916e-02,3.538251e-07,3.701228e-09,8.531332e-05,5.203550e-06
757071872,10292027,9084862464,27728025,-6.377211e-02,-2.660474e-02,3.942461e-07,4.259063e-09,9.505953e-05,5.987810e-06
757334016,10292594,9088008192,27737714,-6.376031e-02,-2.660102e-02,4.092058e-07,4.757892e-09,9.866657e-05,6.689114e-06
757596160,10292674,9091153920,27747440,-6.371100e-02,-2.661077e-02,4.747311e-07,3.508444e-09,1.144659e-04,4.932516e-06
757858304,10293433,9094299648,27757145,-6.373559e-02,-2.661633e-02,4.414446e-07,2.880697e-09,1.064399e-04,4.049967e-06
758120448,10293499,9097445376,27766919,-6.370326e-02,-2.660689e-02,4.854481e-07,3.982890e-09,1.170499e-04,5.599540e-06
758382592,10293542,9100591104,27776400,-6.372302e-02,-2.660762e-02,4.583048e-07,3.891727e-09,1.105052e-04,5.471374e-06
758644736,10293584,9103736832,27786249,-6.371317e-02,-2.660268e-02,4.717379e-07,4.532446e-09,1.137441e-04,6.372160e-06
758906880,10293677,9106882560,27795944,-6.369765e-02,-2.660914e-02,4.932974e-07,3.703494e-09,1.189425e-04,5.206737e-06
759169024,10293753,9110028288,27805401,-6.366830e-02,-2.660916e-02,5.353946e-07,3.701454e-09,1.290928e-04,5.203869e-06
759431168,10293770,9113174016,27814939,-6.370582e-02,-2.657866e-02,4.818831e-07,8.343748e-09,1.161903e-04,1.173046e-05
759693312,10293841,9116319744,27824609,-6.374440e-02,-2.662019e-02,4.298197e-07,2.480750e-09,1.036369e-04,3.487683e-06
759955456,10294183,9119465472,27834064,-6.377970e-02,-2.667786e-02,3.847697e-07,6.181458e-11,9.277462e-05,8.690503e-08
760217600,10294189,9122611200,27843791,-6.378684e-02,-2.665606e-02,3.759657e-07,1.944285e-10,9.065180e-05,2.733467e-07
760479744,10294313,9125756928,27853437,-6.371959e-02,-2.669882e-02,4.629569e-07,8.308480e-10,1.116269e-04,1.168088e-06
760741888,10294656,9128902656,27863319,-6.366964e-02,-2.668327e-02,5.334338e-07,1.761781e-10,1.286201e-04,2.476885e-07
761004032,10294815,9132048384,27873023,-6.367243e-02,-2.668511e-02,5.293604e-07,2.281928e-10,1.276379e-04,3.208160e-07
761266176,10295779,9135194112,27882706,-6.367537e-02,-2.672715e-02,5.250973e-07,3.266724e-09,1.266100e-04,4.592684e-06
761528320,10296060,9138339840,27892199,-6.366261e-02,-2.668245e-02,5.437461e-07,1.549078e-10,1.311066e-04,2.177846e-07
761790464,10296172,9141485568,27901781,-6.372878e-02,-2.670822e-02,4.505401e-07,1.460597e-09,1.086330e-04,2.053451e-06
762052608,10296263,9144631296,27911251,-6.376518e-02,-2.673166e-02,4.029955e-07,3.802539e-09,9.716915e-05,5.345984e-06
762314752,10296400,9147777024,27920691,-6.377942e-02,-2.675507e-02,3.851210e-07,7.237663e-09,9.285931e-05,1.017542e-05
762576896,10296477,9150922752,27930254,-6.377742e-02,-2.675967e-02,3.876126e-07,8.041305e-09,9.346007e-05,1.130526e-05
762839040,10297674,9154068480,27939947,-6.377468e-02,-2.674101e-02,3.910248e-07,5.042895e-09,9.428281e-05,7.089800e-06
763101184,10297752,9157214208,27949296,-6.377109e-02,-2.671358e-02,3.955290e-07,1.898919e-09,9.536885e-05,2.669687e-06
763363328,10298057,9160359936,27958824,-6.376616e-02,-2.673247e-02,4.017573e-07,3.901960e-09,9.687059e-05,5.485760e-06
763625472,10299102,9163505664,27968435,-6.376502e-02,-2.671386e-02,4.032036e-07,1.923510e-09,9.721934e-05,2.704260e-06
763887616,10299223,9166651392,27978024,-6.378579e-02,-2.671145e-02,3.772551e-07,1.718520e-09,9.096271e-05,2.416064e-06
764149760,10299331,9169797120,27987713,-6.375718e-02,-2.671784e-02,4.132191e-07,2.288504e-09,9.963425e-05,3.217405e-06
764411904,10300549,9172942848,27997530,-6.376021e-02,-2.666025e-02,4.093297e-07,9.508097e-11,9.869645e-05,1.336742e-07
764674048,10302788,9176088576,28007290,-6.372771e-02,-2.671824e-02,4.519815e-07,2.326980e-09,1.089805e-04,3.271498e-06
764936192,10303047,9179234304,28016887,-6.371801e-02,-2.665593e-02,4.651089e-07,1.980816e-10,1.121458e-04,2.784826e-07
765198336,10303213,9182380032,28026517,-6.378849e-02,-2.662504e-02,3.739492e-07,2.021282e-09,9.016559e-05,2.841717e-06
765460480,10304774,9185525760,28036161,-6.379812e-02,-2.668235e-02,3.622598e-07,1.524141e-10,8.734709e-05,2.142788e-07
765722624,10305269,9188671488,28045701,-6.374861e-02,-2.667057e-02,4.243081e-07,3.227453e-13,1.023080e-04,4.537471e-10
765984768,10306510,9191817216,28055413,-6.374615e-02,-2.670101e-02,4.275270e-07,9.619243e-10,1.030841e-04,1.352368e-06
766246912,10306766,9194962944,28064999,-6.376360e-02,-2.671073e-02,4.050129e-07,1.658667e-09,9.765559e-05,2.331918e-06
766509056,10307988,9198108672,28074669,-6.371585e-02,-2.671615e-02,4.680708e-07,2.129549e-09,1.128599e-04,2.993929e-06
766771200,10309426,9201254400,28084398,-6.372213e-02,-2.679177e-02,4.595060e-07,1.482894e-08,1.107948e-04,2.084799e-05
767033344,10314665,9204400128,28093893,-6.370188e-02,-2.679547e-02,4.873811e-07,1.574216e-08,1.175160e-04,2.213188e-05
767295488,10316138,9207545856,28103196,-6.368428e-02,-2.683137e-02,5.122624e-07,2.603976e-08,1.235153e-04,3.660926e-05
767557632,10318409,9210691584,28112663,-6.365447e-02,-2.681479e-02,5.558223e-07,2.096385e-08,1.340183e-04,2.947305e-05
767819776,10323273,9213837312,28122332,-6.366712e-02,-2.680585e-02,5.371187e-07,1.845426e-08,1.295086e-04,2.594481e-05
768081920,10324874,9216983040,28131944,-6.365073e-02,-2.679159e-02,5.614132e-07,1.478543e-08,1.353664e-04,2.078681e-05
768344064,10326196,9220128768,28141561,-6.366727e-02,-2.675781e-02,5.369003e-07,7.711042e-09,1.294559e-04,1.084094e-05
768606208,10328378,9223274496,28151115,-6.362686e-02,-2.676072e-02,5.977444e-07,8.230819e-09,1.441265e-04,1.157170e-05
768868352,10333867,9226420224,28160557,-6.362659e-02,-2.674329e-02,5.981707e-07,5.371350e-09,1.442293e-04,7.551574e-06
769130496,10338631,9229565952,28170185,-6.362838e-02,-2.673117e-02,5.954080e-07,3.741907e-09,1.435631e-04,5.260742e-06
769392640,10346676,9232711680,28179905,-6.365447e-02,-2.673299e-02,5.558112e-07,3.967623e-09,1.340156e-04,5.578075e-06
769654784,10355997,9235857408,28189602,-6.369080e-02,-2.666579e-02,5.029624e-07,1.773623e-11,1.212729e-04,2.493534e-08
769916928,10356844,9239003136,28199030,-6.365589e-02,-2.661411e-02,5.537024e-07,3.123127e-09,1.335072e-04,4.390799e-06
770179072,10357495,9242148864,28208643,-6.365528e-02,-2.658467e-02,5.546120e-07,7.280511e-09,1.337265e-04,1.023566e-05
770441216,10358269,9245294592,28217955,-6.369112e-02,-2.659698e-02,5.025081e-07,5.331563e-09,1.211633e-04,7.495636e-06
770703360,10375287,9248440320,28227644,-6.371201e-02,-2.657787e-02,4.733358e-07,8.488309e-09,1.141294e-04,1.193370e-05
770965504,10376064,9251586048,28237480,-6.369159e-02,-2.658652e-02,5.018428e-07,6.968293e-09,1.210030e-04,9.796714e-06
771227648,10381755,9254731776,28247226,-6.364001e-02,-2.658374e-02,5.775946e-07,7.440953e-09,1.392680e-04,1.046123e-05
771489792,10393349,9257877504,28256829,-6.365039e-02,-2.660045e-02,5.619157e-07,4.837625e-09,1.354875e-04,6.801209e-06
771751936,10416194,9261023232,28266253,-6.367063e-02,-2.655656e-02,5.319873e-07,1.286794e-08,1.282713e-04,1.809102e-05
772014080,10566626,9264168960,28275767,-6.363533e-02,-2.650898e-02,5.847285e-07,2.592687e-08,1.409881e-04,3.645055e-05
772276224,10566640,9267314688,28285138,-6.364484e-02,-2.654676e-02,5.702682e-07,1.518811e-08,1.375015e-04,2.135294e-05
772538368,10566868,9270460416,28294772,-6.367158e-02,-2.652762e-02,5.305970e-07,2.027117e-08,1.279361e-04,2.849921e-05
772800512,10566904,9273606144,28304402,-6.368972e-02,-2.655092e-02,5.045065e-07,1.418112e-08,1.216452e-04,1.993721e-05
773062656,10567211,9276751872,28313958,-6.368208e-02,-2.656627e-02,5.154135e-07,1.075929e-08,1.242751e-04,1.512647e-05
773324800,10567530,9279897600,28323659,-6.368692e-02,-2.659810e-02,5.084833e-07,5.169873e-09,1.226041e-04,7.268317e-06
773586944,10567568,9283043328,28333395,-6.371637e-02,-2.658066e-02,4.673473e-07,7.981620e-09,1.126855e-04,1.122135e-05
773849088,10567735,9286189056,28342976,-6.370878e-02,-2.657096e-02,4.777853e-07,9.808296e-09,1.152023e-04,1.378947e-05
774111232,10567841,9289334784,28352391,-6.371271e-02,-2.657805e-02,4.723726e-07,8.455392e-09,1.138972e-04,1.188742e-05
774373376,10567848,9292480512,28361901,-6.373785e-02,-2.661678e-02,4.384400e-07,2.831918e-09,1.057154e-04,3.981390e-06
774635520,10568361,9295626240,28371734,-6.367438e-02,-2.659758e-02,5.265236e-07,5.244065e-09,1.269539e-04,7.372623e-06
774897664,10568444,9298771968,28381301,-6.368235e-02,-2.656174e-02,5.150284e-07,1.171916e-08,1.241822e-04,1.647595e-05
775159808,10568550,9301917696,28390718,-6.367315e-02,-2.660983e-02,5.283201e-07,3.620312e-09,1.273871e-04,5.089791e-06
775421952,10568820,9305063424,28400577,-6.368951e-02,-2.658867e-02,5.047923e-07,6.615263e-09,1.217141e-04,9.300388e-06
775684096,10569226,9308209152,28410317,-6.368234e-02,-2.661323e-02,5.150391e-07,3.223010e-09,1.241848e-04,4.531225e-06
775946240,10569232,9311354880,28420051,-6.371892e-02,-2.659949e-02,4.638699e-07,4.972247e-09,1.118470e-04,6.990475e-06
776208384,10569649,9314500608,28429353,-6.376239e-02,-2.658037e-02,4.065506e-07,8.033290e-09,9.802636e-05,1.129399e-05
776470528,10569887,9317646336,28438860,-6.373163e-02,-2.653399e-02,4.467174e-07,1.849881e-08,1.077113e-04,2.600746e-05
776732672,10569990,9320792064,28448317,-6.375133e-02,-2.653904e-02,4.207823e-07,1.715071e-08,1.014579e-04,2.411216e-05
776994816,10570137,9323937792,28457816,-6.379320e-02,-2.649291e-02,3.682034e-07,3.136188e-08,8.878017e-05,4.409162e-05
777256960,10570224,9327083520,28467312,-6.376307e-02,-2.648942e-02,4.056865e-07,3.260836e-08,9.781800e-05,4.584405e-05
777519104,10570446,9330229248,28476922,-6.379536e-02,-2.650214e-02,3.655949e-07,2.817814e-08,8.815122e-05,3.961560e-05
777781248,10570508,9333374976,28486600,-6.378302e-02,-2.655121e-02,3.806675e-07,1.411155e-08,9.178549e-05,1.983941e-05
778043392,10571052,9336520704,28496054,-6.380790e-02,-2.651805e-02,3.505796e-07,2.308850e-08,8.453078e-05,3.246009e-05
778305536,10571174,9339666432,28505606,-6.377293e-02,-2.654660e-02,3.932176e-07,1.522854e-08,9.481154e-05,2.140978e-05
778567680,10571218,9342812160,28515096,-6.374037e-02,-2.656537e-02,4.351212e-07,1.094712e-08,1.049152e-04,1.539055e-05
778829824,10571570,9345957888,28524570,-6.376960e-02,-2.654178e-02,3.974055e-07,1.644152e-08,9.582132e-05,2.311511e-05
779091968,10571657,9349103616,28534160,-6.376743e-02,-2.649128e-02,4.001532e-07,3.194179e-08,9.648383e-05,4.490692e-05
779354112,10571872,9352249344,28543522,-6.375072e-02,-2.644054e-02,4.215656e-07,5.264984e-08,1.016467e-04,7.402032e-05
779616256,10572057,9355395072,28553185,-6.376541e-02,-2.639859e-02,4.027023e-07,7.366325e-08,9.709847e-05,1.035631e-04
779878400,10572169,9358540800,28562934,-6.372894e-02,-2.640448e-02,4.503300e-07,7.050289e-08,1.085823e-04,9.911990e-05
780140544,10572372,9361686528,28572666,-6.370326e-02,-2.639266e-02,4.854481e-07,7.691874e-08,1.170499e-04,1.081399e-04
780402688,10572394,9364832256,28582106,-6.369928e-02,-2.639667e-02,4.910081e-07,7.470733e-08,1.183905e-04,1.050309e-04
780664832,10572517,9367977984,28591606,-6.369695e-02,-2.642212e-02,4.942817e-07,6.144675e-08,1.191798e-04,8.638790e-05
780926976,10573262,9371123712,28601432,-6.368403e-02,-2.642322e-02,5.126145e-07,6.090220e-08,1.236002e-04,8.562232e-05
781189120,10573424,9374269440,28611220,-6.371220e-02,-2.639756e-02,4.730693e-07,7.422243e-08,1.140652e-04,1.043492e-04
781451264,10574513,9377415168,28620809,-6.370449e-02,-2.638756e-02,4.837365e-07,7.977464e-08,1.166372e-04,1.121551e-04
781713408,10574534,9380560896,28630276,-6.370436e-02,-2.640572e-02,4.839231e-07,6.984466e-08,1.166822e-04,9.819450e-05
781975552,10574769,9383706624,28640015,-6.374802e-02,-2.636466e-02,4.250753e-07,9.323347e-08,1.024930e-04,1.310768e-04
782237696,10575328,9386852352,28649676,-6.368867e-02,-2.633809e-02,5.059999e-07,1.101645e-07,1.220053e-04,1.548801e-04
782499840,10575828,9389998080,28659421,-6.369968e-02,-2.636464e-02,4.904548e-07,9.324484e-08,1.182571e-04,1.310928e-04
782761984,10576106,9393143808,28669007,-6.370109e-02,-2.633396e-02,4.884740e-07,1.129203e-07,1.177795e-04,1.587544e-04
783024128,10577517,9396289536,28678487,-6.368860e-02,-2.631994e-02,5.060954e-07,1.225433e-07,1.220283e-04,1.722834e-04
783286272,10577629,9399435264,28688176,-6.371382e-02,-2.638671e-02,4.708479e-07,8.025200e-08,1.135295e-04,1.128262e-04
783548416,10580019,9402580992,28697732,-6.370530e-02,-2.638522e-02,4.826075e-07,8.110167e-08,1.163650e-04,1.140207e-04
783810560,10585965,9405726720,28707521,-6.369029e-02,-2.636669e-02,5.036919e-07,9.199773e-08,1.214488e-04,1.293395e-04
784072704,10588376,9408872448,28717185,-6.369438e-02,-2.640069e-02,4.979026e-07,7.252717e-08,1.200529e-04,1.019658e-04
784334848,10590187,9412018176,28726631,-6.366784e-02,-2.642835e-02,5.360599e-07,5.839485e-08,1.292533e-04,8.209723e-05
784596992,10597799,9415163904,28736200,-6.362791e-02,-2.643760e-02,5.961326e-07,5.401080e-08,1.437378e-04,7.593371e-05
784859136,10602526,9418309632,28745807,-6.354073e-02,-2.641884e-02,7.383543e-07,6.308275e-08,1.780299e-04,8.868794e-05
785121280,10603018,9421455360,28755500,-6.357258e-02,-2.639587e-02,6.846308e-07,7.514581e-08,1.650763e-04,1.056474e-04
785383424,10628769,9424601088,28765029,-6.353869e-02,-2.640757e-02,7.418540e-07,6.886948e-08,1.788738e-04,9.682348e-05
785645568,10632357,9427746816,28774563,-6.352207e-02,-2.647527e-02,7.707641e-07,3.792059e-08,1.858445e-04,5.331250e-05
785907712,10633517,9430892544,28783941,-6.346017e-02,-2.645053e-02,8.832826e-07,4.816540e-08,2.129746e-04,6.771566e-05
786169856,10636169,9434038272,28793463,-6.339008e-02,-2.643312e-02,1.019936e-06,5.611039e-08,2.459241e-04,7.888551e-05
786432000,10662272,9437184000,28802766,-6.335296e-02,-2.640491e-02,1.096303e-06,7.027260e-08,2.643376e-04,9.879615e-05
786694144,10662922,9440329728,28812549,-6.335887e-02,-2.641091e-02,1.083966e-06,6.712484e-08,2.613628e-04,9.437071e-05
786956288,10686954,9443475456,28822150,-6.338917e-02,-2.638765e-02,1.021773e-06,7.972205e-08,2.463670e-04,1.120811e-04
787218432,10690444,9446621184,28831846,-6.342486e-02,-2.642709e-02,9.508969e-07,5.900679e-08,2.292776e-04,8.295757e-05
787480576,10697243,9449766912,28841296,-6.343272e-02,-2.640821e-02,9.356288e-07,6.853455e-08,2.255962e-04,9.635263e-05
787742720,10708122,9452912640,28850998,-6.344736e-02,-2.634648e-02,9.075205e-07,1.046670e-07,2.188188e-04,1.471512e-04
788004864,10711516,9456058368,28860677,-6.343700e-02,-2.635969e-02,9.273737e-07,9.629413e-08,2.236058e-04,1.353798e-04
788267008,10735842,9459204096,28870223,-6.347640e-02,-2.633189e-02,8.530440e-07,1.143191e-07,2.056836e-04,1.607211e-04
788529152,10737235,9462349824,28879891,-6.347357e-02,-2.634716e-02,8.582818e-07,1.042276e-07,2.069465e-04,1.465334e-04
788791296,10737461,9465495552,28889574,-6.346814e-02,-2.636807e-02,8.683612e-07,9.115899e-08,2.093769e-04,1.281603e-04
789053440,10737565,9468641280,28899078,-6.344722e-02,-2.641066e-02,9.077902e-07,6.725713e-08,2.188839e-04,9.455671e-05
789315584,10737592,9471787008,28908629,-6.347515e-02,-2.643306e-02,8.553577e-07,5.614039e-08,2.062415e-04,7.892770e-05
789577728,10737955,9474932736,28918159,-6.342702e-02,-2.640291e-02,9.466877e-07,7.133522e-08,2.282627e-04,1.002901e-04
789839872,10738090,9478078464,28927674,-6.338876e-02,-2.644331e-02,1.022616e-06,5.138898e-08,2.465704e-04,7.224768e-05
790102016,10738212,9481224192,28937281,-6.339525e-02,-2.641516e-02,1.009519e-06,6.494135e-08,2.434123e-04,9.130096e-05
790364160,10738548,9484369920,28946928,-6.334001e-02,-2.637864e-02,1.123587e-06,8.488880e-08,2.709163e-04,1.193450e-04
790626304,10739430,9487515648,28956499,-6.332811e-02,-2.643966e-02,1.148954e-06,5.305407e-08,2.770326e-04,7.458864e-05
790888448,10739937,9490661376,28966287,-6.334984e-02,-2.638990e-02,1.102835e-06,7.845753e-08,2.659124e-04,1.103033e-04
791150592,10740002,9493807104,28975895,-6.333759e-02,-2.638852e-02,1.128711e-06,7.922845e-08,2.721517e-04,1.113872e-04
791412736,10740630,9496952832,28985363,-6.333917e-02,-2.642908e-02,1.125357e-06,5.804250e-08,2.713430e-04,8.160187e-05
791674880,10740822,9500098560,28994871,-6.330021e-02,-2.647665e-02,1.209533e-06,3.738351e-08,2.916392e-04,5.255742e-05
791937024,10740930,9503244288,29004664,-6.328661e-02,-2.653227e-02,1.239643e-06,1.896943e-08,2.988992e-04,2.666910e-05
792199168,10740958,9506390016,29014206,-6.326357e-02,-2.648640e-02,1.291489e-06,3.370793e-08,3.114003e-04,4.738993e-05
792461312,10741108,9509535744,29023780,-6.323840e-02,-2.651399e-02,1.349309e-06,2.433899e-08,3.253417e-04,3.421814e-05
792723456,10741134,9512681472,29033352,-6.325242e-02,-2.654518e-02,1.316947e-06,1.558086e-08,3.175386e-04,2.190511e-05
792985600,10741138,9515827200,29042858,-6.327683e-02,-2.655130e-02,1.261505e-06,1.409032e-08,3.041707e-04,1.980956e-05
793247744,10741170,9518972928,29052484,-6.329455e-02,-2.650839e-02,1.222020e-06,2.611737e-08,2.946501e-04,3.671837e-05
793509888,10741249,9522118656,29062164,-6.330945e-02,-2.648712e-02,1.189313e-06,3.344445e-08,2.867639e-04,4.701950e-05
793772032,10741652,9525264384,29071970,-6.334891e-02,-2.642494e-02,1.104792e-06,6.005478e-08,2.663843e-04,8.443093e-05
794034176,10741663,9528410112,29081589,-6.330274e-02,-2.642377e-02,1.203984e-06,6.063038e-08,2.903012e-04,8.524016e-05
794296320,10741699,9531555840,29091130,-6.326807e-02,-2.648933e-02,1.281281e-06,3.264268e-08,3.089389e-04,4.589230e-05
794558464,10741874,9534701568,29100688,-6.325678e-02,-2.649743e-02,1.306962e-06,2.977924e-08,3.151312e-04,4.186659e-05
794820608,10742169,9537847296,29110492,-6.330159e-02,-2.648410e-02,1.206503e-06,3.455791e-08,2.909086e-04,4.858491e-05
795082752,10743324,9540993024,29120187,-6.337146e-02,-2.645690e-02,1.057905e-06,4.541067e-08,2.550792e-04,6.384279e-05
795344896,10743437,9544138752,29129672,-6.339666e-02,-2.649309e-02,1.006691e-06,3.129726e-08,2.427305e-04,4.400077e-05
795607040,10743613,9547284480,29139376,-6.340460e-02,-2.646688e-02,9.908163e-07,4.125908e-08,2.389029e-04,5.800608e-05
795869184,10743726,9550430208,29149199,-6.338440e-02,-2.646989e-02,1.031451e-06,4.004234e-08,2.487005e-04,5.629547e-05
796131328,10743875,9553575936,29158904,-6.338689e-02,-2.647507e-02,1.026402e-06,3.799680e-08,2.474832e-04,5.341964e-05
796393472,10744048,9556721664,29168641,-6.339838e-02,-2.640231e-02,1.003240e-06,7.165995e-08,2.418985e-04,1.007466e-04
796655616,10745095,9559867392,29178331,-6.335407e-02,-2.637619e-02,1.093980e-06,8.632208e-08,2.637774e-04,1.213601e-04
796917760,10745135,9563013120,29188098,-6.335452e-02,-2.641423e-02,1.093029e-06,6.541784e-08,2.635482e-04,9.197085e-05
797179904,10745741,9566158848,29197787,-6.330197e-02,-2.640533e-02,1.205668e-06,7.005058e-08,2.907074e-04,9.848400e-05
797442048,10746708,9569304576,29207562,-6.333004e-02,-2.641265e-02,1.144821e-06,6.622641e-08,2.760360e-04,9.310761e-05
797704192,10746885,9572450304,29217223,-6.337799e-02,-2.641751e-02,1.044507e-06,6.375070e-08,2.518485e-04,8.962700e-05
797966336,10746934,9575596032,29226669,-6.338199e-02,-2.639549e-02,1.036345e-06,7.535530e-08,2.498805e-04,1.059419e-04
798228480,10750100,9578741760,29236159,-6.335650e-02,-2.638155e-02,1.088905e-06,8.320403e-08,2.625537e-04,1.169764e-04
798490624,10750309,9581887488,29245835,-6.332126e-02,-2.646496e-02,1.163679e-06,4.204063e-08,2.805832e-04,5.910486e-05
798752768,10751126,9585033216,29255373,-6.331812e-02,-2.642708e-02,1.170473e-06,5.900770e-08,2.822212e-04,8.295885e-05
799014912,10752556,9588178944,29264807,-6.330750e-02,-2.640590e-02,1.193558e-06,6.974624e-08,2.877875e-04,9.805614e-05
799277056,10752830,9591324672,29274433,-6.338352e-02,-2.638200e-02,1.033237e-06,8.294419e-08,2.491313e-04,1.166111e-04
799539200,10754117,9594470400,29284032,-6.334913e-02,-2.641398e-02,1.104337e-06,6.554844e-08,2.662748e-04,9.215446e-05
799801344,10754518,9597616128,29293600,-6.335808e-02,-2.635414e-02,1.085611e-06,9.976748e-08,2.617595e-04,1.402630e-04
800063488,10755347,9600761856,29303187,-6.338210e-02,-2.633385e-02,1.036132e-06,1.129941e-07,2.498293e-04,1.588583e-04
800325632,10756902,9603907584,29312734,-6.337342e-02,-2.638993e-02,1.053878e-06,7.843771e-08,2.541082e-04,1.102755e-04
800587776,10762030,9607053312,29322403,-6.340713e-02,-2.637454e-02,9.857945e-07,8.729565e-08,2.376920e-04,1.227288e-04
800849920,10763654,9610199040,29332103,-6.339169e-02,-2.634439e-02,1.016703e-06,1.060236e-07,2.451446e-04,1.490585e-04
801112064,10766675,9613344768,29341715,-6.337246e-02,-2.634933e-02,1.055853e-06,1.028300e-07,2.545842e-04,1.445685e-04
801374208,10769084,9616490496,29351161,-6.339714e-02,-2.632649e-02,1.005734e-06,1.179972e-07,2.424999e-04,1.658921e-04
801636352,10770519,9619636224,29360671,-6.337889e-02,-2.638483e-02,1.042680e-06,8.132142e-08,2.514081e-04,1.143297e-04
801898496,10773370,9622781952,29370388,-6.335670e-02,-2.637082e-02,1.088485e-06,8.950752e-08,2.624524e-04,1.258385e-04
802160640,10773559,9625927680,29380168,-6.340364e-02,-2.642995e-02,9.927455e-07,5.762323e-08,2.393680e-04,8.101242e-05
802422784,10781732,9629073408,29389782,-6.341375e-02,-2.642766e-02,9.726856e-07,5.872841e-08,2.345313e-04,8.256619e-05
802684928,10785797,9632219136,29399532,-6.341420e-02,-2.645295e-02,9.718041e-07,4.710841e-08,2.343187e-04,6.622965e-05
802947072,10795484,9635364864,29409237,-6.339837e-02,-2.648887e-02,1.003270e-06,3.280846e-08,2.419057e-04,4.612537e-05
803209216,10803651,9638510592,29418653,-6.336400e-02,-2.648938e-02,1.073303e-06,3.262249e-08,2.587918e-04,4.586391e-05
803471360,10804845,9641656320,29428302,-6.331164e-02,-2.648272e-02,1.184524e-06,3.507367e-08,2.856092e-04,4.931002e-05
803733504,10804933,9644802048,29437772,-6.328698e-02,-2.650411e-02,1.238830e-06,2.751979e-08,2.987032e-04,3.869004e-05
803995648,10805746,9647947776,29447223,-6.328300e-02,-2.648927e-02,1.247686e-06,3.266490e-08,3.008385e-04,4.592353e-05
804257792,10822729,9651093504,29456858,-6.327841e-02,-2.647833e-02,1.257976e-06,3.673878e-08,3.033198e-04,5.165100e-05
804519936,10823572,9654239232,29466427,-6.330431e-02,-2.646852e-02,1.200553e-06,4.059438e-08,2.894739e-04,5.707157e-05
804782080,10829151,9657384960,29476129,-6.329796e-02,-2.645391e-02,1.214504e-06,4.669615e-08,2.928378e-04,6.565005e-05
805044224,10840822,9660530688,29485659,-6.323785e-02,-2.643698e-02,1.350590e-06,5.429688e-08,3.256506e-04,7.633590e-05
805306368,10863732,9663676416,29495154,-6.327002e-02,-2.646037e-02,1.276849e-06,4.394611e-08,3.078703e-04,6.178376e-05
805568512,11007390,9666822144,29504801,-6.332026e-02,-2.644609e-02,1.165851e-06,5.013588e-08,2.811067e-04,7.048596e-05
805830656,11007503,9669967872,29514405,-6.330416e-02,-2.639883e-02,1.200879e-06,7.353288e-08,2.895527e-04,1.033798e-04
806092800,11007667,9673113600,29523986,-6.331163e-02,-2.635519e-02,1.184557e-06,9.910612e-08,2.856170e-04,1.393331e-04
806354944,11007725,9676259328,29533371,-6.332427e-02,-2.635845e-02,1.157194e-06,9.706093e-08,2.790195e-04,1.364578e-04
806617088,11008069,9679405056,29543133,-6.333134e-02,-2.637780e-02,1.142032e-06,8.537792e-08,2.753637e-04,1.200327e-04
806879232,11008497,9682550784,29552811,-6.336197e-02,-2.638672e-02,1.077506e-06,8.024989e-08,2.598052e-04,1.128232e-04
807141376,11008571,9685696512,29562211,-6.335194e-02,-2.639914e-02,1.098426e-06,7.336327e-08,2.648495e-04,1.031413e-04
807403520,11008611,9688842240,29571723,-6.335208e-02,-2.639179e-02,1.098145e-06,7.740095e-08,2.647817e-04,1.088179e-04
807665664,11008709,9691987968,29581481,-6.340657e-02,-2.639886e-02,9.869044e-07,7.351571e-08,2.379597e-04,1.033556e-04
807927808,11008767,9695133696,29590908,-6.340522e-02,-2.636855e-02,9.895856e-07,9.086903e-08,2.386061e-04,1.277526e-04
808189952,11009349,9698279424,29600533,-6.341168e-02,-2.638703e-02,9.767901e-07,8.007375e-08,2.355209e-04,1.125756e-04
808452096,11009370,9701425152,29610168,-6.345498e-02,-2.638568e-02,8.930707e-07,8.083772e-08,2.153347e-04,1.136496e-04
808714240,11009568,9704570880,29619880,-6.347242e-02,-2.636804e-02,8.604091e-07,9.117923e-08,2.074594e-04,1.281888e-04
808976384,11009827,9707716608,29629395,-6.346254e-02,-2.641218e-02,8.788347e-07,6.647014e-08,2.119022e-04,9.345028e-05
809238528,11010147,9710862336,29639007,-6.347374e-02,-2.641865e-02,8.579643e-07,6.317541e-08,2.068700e-04,8.881822e-05
809500672,11010360,9714008064,29648545,-6.351694e-02,-2.645415e-02,7.798041e-07,4.659075e-08,1.880242e-04,6.550187e-05
809762816,11010580,9717153792,29657909,-6.347585e-02,-2.643441e-02,8.540627e-07,5.550404e-08,2.059292e-04,7.803305e-05
810024960,11010815,9720299520,29667571,-6.345605e-02,-2.638189e-02,8.910441e-07,8.300643e-08,2.148461e-04,1.166986e-04
810287104,11010858,9723445248,29677051,-6.342234e-02,-2.638687e-02,9.558147e-07,8.016232e-08,2.304634e-04,1.127001e-04
810549248,11011017,9726590976,29686673,-6.337781e-02,-2.637532e-02,1.044887e-06,8.683727e-08,2.519403e-04,1.220844e-04
810811392,11011277,9729736704,29696378,-6.339604e-02,-2.635038e-02,1.007932e-06,1.021585e-07,2.430298e-04,1.436245e-04
811073536,11011496,9732882432,29705994,-6.343409e-02,-2.635037e-02,9.329786e-07,1.021645e-07,2.249572e-04,1.436329e-04
811335680,11011566,9736028160,29715708,-6.344122e-02,-2.629838e-02,9.192695e-07,1.380987e-07,2.216517e-04,1.941528e-04
811597824,11011892,9739173888,29725310,-6.345428e-02,-2.629714e-02,8.943949e-07,1.390222e-07,2.156540e-04,1.954512e-04
811859968,11012175,9742319616,29734776,-6.348797e-02,-2.628649e-02,8.318042e-07,1.470794e-07,2.005623e-04,2.067787e-04
812122112,11012282,9745465344,29744263,-6.348789e-02,-2.632671e-02,8.319537e-07,1.178500e-07,2.005984e-04,1.656852e-04
812384256,11012346,9748611072,29753839,-6.351423e-02,-2.632173e-02,7.846012e-07,1.212945e-07,1.891809e-04,1.705278e-04
812646400,11012579,9751756800,29763390,-6.349788e-02,-2.626085e-02,8.138273e-07,1.674072e-07,1.962278e-04,2.353575e-04
812908544,11012802,9754902528,29773063,-6.346790e-02,-2.624415e-02,8.688056e-07,1.813459e-07,2.094840e-04,2.549539e-04
813170688,11013078,9758048256,29782805,-6.352960e-02,-2.623037e-02,7.575947e-07,1.932785e-07,1.826691e-04,2.717300e-04
813432832,11013162,9761193984,29792363,-6.355719e-02,-2.626258e-02,7.103407e-07,1.659911e-07,1.712754e-04,2.333667e-04
813694976,11013333,9764339712,29801841,-6.354693e-02,-2.625142e-02,7.277270e-07,1.752086e-07,1.754675e-04,2.463254e-04
813957120,11013483,9767485440,29811314,-6.355523e-02,-2.626228e-02,7.136350e-07,1.662326e-07,1.720697e-04,2.337061e-04
814219264,11013577,9770631168,29820864,-6.354532e-02,-2.625600e-02,7.304880e-07,1.713921e-07,1.761332e-04,2.409599e-04
814481408,11014237,9773776896,29830544,-6.349403e-02,-2.625059e-02,8.207785e-07,1.759031e-07,1.979038e-04,2.473020e-04
814743552,11014333,9776922624,29840255,-6.353408e-02,-2.622832e-02,7.498198e-07,1.950810e-07,1.807945e-04,2.742640e-04
815005696,11015543,9780068352,29849779,-6.359229e-02,-2.623973e-02,6.523954e-07,1.851299e-07,1.573038e-04,2.602739e-04
815267840,11015579,9783214080,29859290,-6.360295e-02,-2.617415e-02,6.352977e-07,2.458664e-07,1.531812e-04,3.456632e-04
815529984,11015804,9786359808,29869030,-6.357004e-02,-2.619094e-02,6.888417e-07,2.294960e-07,1.660916e-04,3.226481e-04
815792128,11016126,9789505536,29878598,-6.353231e-02,-2.622093e-02,7.528939e-07,2.016628e-07,1.815357e-04,2.835175e-04
816054272,11017015,9792651264,29888197,-6.350030e-02,-2.624789e-02,8.094643e-07,1.781759e-07,1.951758e-04,2.504973e-04
816316416,11017062,9795796992,29898078,-6.347927e-02,-2.622326e-02,8.477398e-07,1.995771e-07,2.044047e-04,2.805852e-04
816578560,11018700,9798942720,29907599,-6.345469e-02,-2.627268e-02,8.936200e-07,1.578609e-07,2.154672e-04,2.219364e-04
816840704,11018861,9802088448,29917230,-6.345742e-02,-2.623460e-02,8.884578e-07,1.895722e-07,2.142225e-04,2.665193e-04
817102848,11021069,9805234176,29927119,-6.343174e-02,-2.622717e-02,9.375324e-07,1.961025e-07,2.260552e-04,2.757001e-04
817364992,11027134,9808379904,29936601,-6.342442e-02,-2.619920e-02,9.517544e-07,2.216512e-07,2.294844e-04,3.116190e-04
817627136,11029598,9811525632,29946541,-6.345880e-02,-2.615770e-02,8.858613e-07,2.624494e-07,2.135964e-04,3.689773e-04
817889280,11032102,9814671360,29956122,-6.346200e-02,-2.612020e-02,8.798408e-07,3.022767e-07,2.121448e-04,4.249704e-04
818151424,11038915,9817817088,29965599,-6.348534e-02,-2.611024e-02,8.366085e-07,3.133274e-07,2.017207e-04,4.405065e-04
818413568,11043378,9820962816,29975278,-6.345814e-02,-2.609708e-02,8.870959e-07,3.282329e-07,2.138941e-04,4.614622e-04
818675712,11045355,9824108544,29984884,-6.350309e-02,-2.608789e-02,8.044580e-07,3.388500e-07,1.939687e-04,4.763888e-04
818937856,11069750,9827254272,29994415,-6.350202e-02,-2.604573e-02,8.063703e-07,3.897121e-07,1.944298e-04,5.478956e-04
819200000,11073308,9830400000,30004161,-6.352747e-02,-2.600986e-02,7.613087e-07,4.357825e-07,1.835646e-04,6.126660e-04
819462144,11074568,9833545728,30013790,-6.353774e-02,-2.606787e-02,7.434977e-07,3.625626e-07,1.792701e-04,5.097263e-04
819724288,11077189,9836691456,30023402,-6.352864e-02,-2.603990e-02,7.592688e-07,3.970275e-07,1.830728e-04,5.581804e-04
819986432,11103445,9839837184,30033052,-6.352293e-02,-2.601907e-02,7.692473e-07,4.237089e-07,1.854788e-04,5.956918e-04
820248576,11103860,9842982912,30042738,-6.357146e-02,-2.600504e-02,6.864815e-07,4.421726e-07,1.655225e-04,6.216498e-04
820510720,11128002,9846128640,30052488,-6.355938e-02,-2.601433e-02,7.066407e-07,4.299028e-07,1.703832e-04,6.043997e-04
820772864,11131357,9849274368,30062045,-6.356671e-02,-2.600057e-02,6.943810e-07,4.481328e-07,1.674272e-04,6.300292e-04
821035008,11138198,9852420096,30071534,-6.356069e-02,-2.602470e-02,7.044503e-07,4.164078e-07,1.698551e-04,5.854271e-04
821297152,11148959,9855565824,30081039,-6.354754e-02,-2.607143e-02,7.266976e-07,3.582887e-07,1.752193e-04,5.037175e-04
821559296,11152453,9858711552,30090591,-6.352239e-02,-2.608445e-02,7.702017e-07,3.428693e-07,1.857089e-04,4.820395e-04
821821440,11181990,9861857280,30100169,-6.353714e-02,-2.609069e-02,7.445389e-07,3.356008e-07,1.795211e-04,4.718206e-04
822083584,11182906,9865003008,30109816,-6.356538e-02,-2.609201e-02,6.965930e-07,3.340703e-07,1.679606e-04,4.696689e-04
822345728,11184647,9868148736,30119390,-6.354333e-02,-2.610781e-02,7.338924e-07,3.160608e-07,1.769541e-04,4.443495e-04
822607872,11184868,9871294464,30129055,-6.356027e-02,-2.610232e-02,7.051508e-07,3.222545e-07,1.700240e-04,4.530571e-04
822870016,11184897,9874440192,30138912,-6.356288e-02,-2.608956e-02,7.007656e-07,3.369055e-07,1.689667e-04,4.736549e-04
823132160,11184924,9877585920,30148522,-6.359348e-02,-2.602494e-02,6.504831e-07,4.161025e-07,1.568427e-04,5.849979e-04
823394304,11185197,9880731648,30158087,-6.355187e-02,-2.598040e-02,7.193235e-07,4.755477e-07,1.734413e-04,6.685718e-04
823656448,11185380,9883877376,30167652,-6.354846e-02,-2.592208e-02,7.251234e-07,5.593830e-07,1.748397e-04,7.864357e-04
823918592,11185629,9887023104,30177115,-6.353248e-02,-2.588719e-02,7.525966e-07,6.127976e-07,1.814640e-04,8.615312e-04
824180736,11186012,9890168832,30186656,-6.351604e-02,-2.588506e-02,7.813971e-07,6.161324e-07,1.884083e-04,8.662196e-04
824442880,11186737,9893314560,30196144,-6.354523e-02,-2.586342e-02,7.306281e-07,6.505763e-07,1.761670e-04,9.146442e-04
824705024,11187335,9896460288,30205722,-6.358049e-02,-2.588564e-02,6.715994e-07,6.152175e-07,1.619342e-04,8.649334e-04
824967168,11187385,9899606016,30215250,-6.354212e-02,-2.592170e-02,7.359619e-07,5.599487e-07,1.774531e-04,7.872311e-04
825229312,11187902,9902751744,30224753,-6.353973e-02,-2.595687e-02,7.400711e-07,5.085550e-07,1.784439e-04,7.149768e-04
825491456,11188181,9905897472,30234124,-6.355392e-02,-2.595397e-02,7.158522e-07,5.127025e-07,1.726043e-04,7.208077e-04
825753600,11188221,9909043200,30243508,-6.358198e-02,-2.594677e-02,6.691593e-07,5.230639e-07,1.613458e-04,7.353747e-04
826015744,11188395,9912188928,30253173,-6.359845e-02,-2.599534e-02,6.424917e-07,4.551628e-07,1.549158e-04,6.399127e-04
826277888,11188523,9915334656,30262723,-6.354810e-02,-2.601771e-02,7.257325e-07,4.254834e-07,1.749866e-04,5.981865e-04
826540032,11188555,9918480384,30272364,-6.349297e-02,-2.596948e-02,8.227101e-07,4.907288e-07,1.983696e-04,6.899149e-04
826802176,11188562,9921626112,30281731,-6.350196e-02,-2.601039e-02,8.064773e-07,4.350868e-07,1.944556e-04,6.116878e-04
827064320,11188625,9924771840,30291176,-6.343507e-02,-2.601089e-02,9.310941e-07,4.344260e-07,2.245028e-04,6.107589e-04
827326464,11189011,9927917568,30300866,-6.344537e-02,-2.603975e-02,9.113146e-07,3.972130e-07,2.197336e-04,5.584411e-04
827588608,11189040,9931063296,30310460,-6.338957e-02,-2.607963e-02,1.020975e-06,3.485313e-07,2.461745e-04,4.899997e-04
827850752,11189197,9934209024,30319932,-6.339002e-02,-2.610951e-02,1.020071e-06,3.141495e-07,2.459568e-04,4.416623e-04
828112896,11189275,9937354752,30329523,-6.340805e-02,-2.611540e-02,9.839755e-07,3.075758e-07,2.372534e-04,4.324203e-04
828375040,11189445,9940500480,30339299,-6.336346e-02,-2.611524e-02,1.074415e-06,3.077597e-07,2.590599e-04,4.326789e-04
828637184,11190853,9943646208,30348747,-6.339214e-02,-2.613046e-02,1.015787e-06,2.911048e-07,2.449236e-04,4.092638e-04
828899328,11190962,9946791936,30358417,-6.336094e-02,-2.613604e-02,1.079641e-06,2.851181e-07,2.603201e-04,4.008471e-04
829161472,11191111,9949937664,30367999,-6.332308e-02,-2.616886e-02,1.159761e-06,2.511441e-07,2.796383e-04,3.530832e-04
829423616,11191164,9953083392,30377474,-6.327733e-02,-2.613532e-02,1.260401e-06,2.858804e-07,3.039044e-04,4.019189e-04
829685760,11191264,9956229120,30387157,-6.331138e-02,-2.609052e-02,1.185108e-06,3.357928e-07,2.857499e-04,4.720907e-04
829947904,11191462,9959374848,30396600,-6.327312e-02,-2.606946e-02,1.269854e-06,3.606473e-07,3.061836e-04,5.070335e-04
830210048,11192527,9962520576,30406128,-6.330793e-02,-2.610114e-02,1.192614e-06,3.235967e-07,2.875599e-04,4.549441e-04
830472192,11192646,9965666304,30415930,-6.336015e-02,-2.610224e-02,1.081299e-06,3.223560e-07,2.607197e-04,4.531999e-04
830734336,11193321,9968812032,30425691,-6.338478e-02,-2.610183e-02,1.030679e-06,3.228151e-07,2.485144e-04,4.538453e-04
830996480,11194104,9971957760,30435101,-6.336625e-02,-2.614877e-02,1.068646e-06,2.716803e-07,2.576689e-04,3.819549e-04
831258624,11194566,9975103488,30444655,-6.339654e-02,-2.611708e-02,1.006945e-06,3.057171e-07,2.427918e-04,4.298072e-04
831520768,11194749,9978249216,30454162,-6.342494e-02,-2.608815e-02,9.507516e-07,3.385465e-07,2.292426e-04,4.759621e-04
831782912,11197577,9981394944,30463732,-6.342645e-02,-2.609563e-02,9.478044e-07,3.299062e-07,2.285320e-04,4.638145e-04
832045056,11197761,9984540672,30473070,-6.338140e-02,-2.612260e-02,1.037543e-06,2.996445e-07,2.501695e-04,4.212697e-04
832307200,11198953,9987686400,30482860,-6.339577e-02,-2.609334e-02,1.008486e-06,3.325325e-07,2.431633e-04,4.675069e-04
832569344,11199877,9990832128,30492422,-6.342524e-02,-2.607708e-02,9.501705e-07,3.515530e-07,2.291025e-04,4.942479e-04
832831488,11201390,9993977856,30502056,-6.345935e-02,-2.611406e-02,8.848237e-07,3.090651e-07,2.133463e-04,4.345142e-04
833093632,11202088,9997123584,30511971,-6.344889e-02,-2.607932e-02,9.046128e-07,3.489031e-07,2.181177e-04,4.905222e-04
833355776,11202111,10000269312,30521701,-6.348277e-02,-2.606048e-02,8.413173e-07,3.715088e-07,2.028561e-04,5.223037e-04
833617920,11202528,10003415040,30531342,-6.349128e-02,-2.614986e-02,8.257675e-07,2.705455e-07,1.991068e-04,3.803596e-04
833880064,11204382,10006560768,30540911,-6.349863e-02,-2.617833e-02,8.124701e-07,2.417425e-07,1.959005e-04,3.398653e-04
834142208,11209443,10009706496,30550532,-6.348670e-02,-2.619890e-02,8.341298e-07,2.219319e-07,2.011231e-04,3.120138e-04
834404352,11210094,10012852224,30560242,-6.347983e-02,-2.619155e-02,8.467248e-07,2.289110e-07,2.041599e-04,3.218257e-04
834666496,11211173,10015997952,30569970,-6.349479e-02,-2.619736e-02,8.194156e-07,2.233856e-07,1.975752e-04,3.140575e-04
834928640,11215103,10019143680,30579485,-6.351124e-02,-2.617852e-02,7.898897e-07,2.415483e-07,1.904560e-04,3.395925e-04
835190784,11217797,10022289408,30589095,-6.349825e-02,-2.617230e-02,8.131553e-07,2.477096e-07,1.960657e-04,3.482546e-04
835452928,11220872,10025435136,30598682,-6.347007e-02,-2.616008e-02,8.647824e-07,2.600142e-07,2.085139e-04,3.655536e-04
835715072,11221910,10028580864,30608202,-6.345118e-02,-2.619425e-02,9.002670e-07,2.263357e-07,2.170699e-04,3.182050e-04
835977216,11229607,10031726592,30617745,-6.344871e-02,-2.618293e-02,9.049529e-07,2.372395e-07,2.181997e-04,3.335347e-04
836239360,11233048,10034872320,30627292,-6.343260e-02,-2.615016e-02,9.358594e-07,2.702356e-07,2.256518e-04,3.799238e-04
836501504,11244329,10038018048,30636961,-6.346066e-02,-2.610728e-02,8.823725e-07,3.166559e-07,2.127552e-04,4.451861e-04
836763648,11251132,10041163776,30646646,-6.347726e-02,-2.611866e-02,8.514482e-07,3.039708e-07,2.052988e-04,4.273522e-04
837025792,11252550,10044309504,30656252,-6.345681e-02,-2.611772e-02,8.896099e-07,3.050089e-07,2.145003e-04,4.288116e-04
837287936,11253143,10047455232,30665781,-6.345734e-02,-2.610547e-02,8.886123e-07,3.186947e-07,2.142597e-04,4.480524e-04
837550080,11253319,10050600960,30675419,-6.352034e-02,-2.607375e-02,7.738021e-07,3.555157e-07,1.865770e-04,4.998189e-04
837812224,11270517,10053746688,30685140,-6.347132e-02,-2.605103e-02,8.624421e-07,3.831193e-07,2.079496e-04,5.386268e-04
838074368,11271067,10056892416,30694552,-6.344625e-02,-2.607624e-02,9.096510e-07,3.525521e-07,2.193325e-04,4.956525e-04
838336512,11276716,10060038144,30703920,-6.340272e-02,-2.608817e-02,9.945725e-07,3.385248e-07,2.398085e-04,4.759316e-04
838598656,11288195,10063183872,30713258,-6.335987e-02,-2.605434e-02,1.081872e-06,3.790351e-07,2.608580e-04,5.328849e-04
838860800,11311150,10066329600,30722934,-6.334031e-02,-2.608494e-02,1.122956e-06,3.423002e-07,2.707640e-04,4.812394e-04
839122944,11448377,10069475328,30732524,-6.332632e-02,-2.607173e-02,1.152790e-06,3.579253e-07,2.779576e-04,5.032066e-04
839385088,11448527,10072621056,30741797,-6.337506e-02,-2.608611e-02,1.050500e-06,3.409328e-07,2.532937e-04,4.793170e-04
839647232,11448666,10075766784,30751501,-6.333974e-02,-2.612512e-02,1.124156e-06,2.968958e-07,2.710534e-04,4.174054e-04
839909376,11448716,10078912512,30761214,-6.334346e-02,-2.606419e-02,1.116286e-06,3.670108e-07,2.691558e-04,5.159799e-04
840171520,11449021,10082058240,30770765,-6.334576e-02,-2.605385e-02,1.111427e-06,3.796454e-07,2.679841e-04,5.337429e-04
840433664,11449499,10085203968,30780212,-6.337593e-02,-2.608535e-02,1.048714e-06,3.418144e-07,2.528630e-04,4.805564e-04
840695808,11449636,10088349696,30789858,-6.340588e-02,-2.609313e-02,9.882816e-07,3.327753e-07,2.382917e-04,4.678483e-04
840957952,11449658,10091495424,30799493,-6.341518e-02,-2.612895e-02,9.698807e-07,2.927391e-07,2.338549e-04,4.115615e-04
841220096,11449687,10094641152,30809240,-6.340634e-02,-2.610277e-02,9.873634e-07,3.217535e-07,2.380703e-04,4.523527e-04
841482240,11449896,10097786880,30818769,-6.337509e-02,-2.607060e-02,1.050439e-06,3.592794e-07,2.532789e-04,5.051104e-04
841744384,11450430,10100932608,30828249,-6.343724e-02,-2.608759e-02,9.269146e-07,3.392014e-07,2.234951e-04,4.768828e-04
842006528,11450553,10104078336,30837922,-6.345706e-02,-2.615494e-02,8.891462e-07,2.652816e-07,2.143885e-04,3.729590e-04
842268672,11450754,10107224064,30847345,-6.343986e-02,-2.612814e-02,9.218716e-07,2.936065e-07,2.222791e-04,4.127809e-04
842530816,11451060,10110369792,30857086,-6.344489e-02,-2.610537e-02,9.122394e-07,3.188104e-07,2.199567e-04,4.482150e-04
842792960,11451223,10113515520,30866518,-6.344043e-02,-2.610479e-02,9.207702e-07,3.194564e-07,2.220136e-04,4.491233e-04
843055104,11451785,10116661248,30876044,-6.351212e-02,-2.605923e-02,7.883278e-07,3.730453e-07,1.900794e-04,5.244639e-04
843317248,11451791,10119806976,30885789,-6.347515e-02,-2.606623e-02,8.553438e-07,3.645437e-07,2.062381e-04,5.125115e-04
843579392,11451929,10122952704,30895295,-6.351140e-02,-2.606650e-02,7.896116e-07,3.642177e-07,1.903890e-04,5.120531e-04
843841536,11451993,10126098432,30904536,-6.353873e-02,-2.606360e-02,7.417898e-07,3.677220e-07,1.788583e-04,5.169799e-04
844103680,11452240,10129244160,30914099,-6.357729e-02,-2.605437e-02,6.768485e-07,3.790007e-07,1.631998e-04,5.328365e-04
844365824,11452540,10132389888,30923534,-6.357188e-02,-2.615245e-02,6.857903e-07,2.678608e-07,1.653559e-04,3.765851e-04
844627968,11452672,10135535616,30933037,-6.354285e-02,-2.615012e-02,7.347096e-07,2.702743e-07,1.771511e-04,3.799783e-04
844890112,11452728,10138681344,30942514,-6.358887e-02,-2.611646e-02,6.579436e-07,3.064075e-07,1.586415e-04,4.307778e-04
845152256,11452908,10141827072,30951996,-6.359871e-02,-2.610652e-02,6.420738e-07,3.175055e-07,1.548150e-04,4.463804e-04
845414400,11453258,10144972800,30961617,-6.359708e-02,-2.607250e-02,6.446793e-07,3.570099e-07,1.554433e-04,5.019197e-04
845676544,11453448,10148118528,30971259,-6.360187e-02,-2.607060e-02,6.370211e-07,3.592839e-07,1.535968e-04,5.051167e-04
845938688,11453503,10151264256,30980698,-6.358947e-02,-2.609754e-02,6.569650e-07,3.277144e-07,1.584056e-04,4.607333e-04
846200832,11453595,10154409984,30990149,-6.361388e-02,-2.615279e-02,6.179818e-07,2.675081e-07,1.490061e-04,3.760893e-04
846462976,11453911,10157555712,30999801,-6.355444e-02,-2.619440e-02,7.149825e-07,2.261904e-07,1.723946e-04,3.180007e-04
846725120,11454331,10160701440,31009228,-6.355054e-02,-2.620484e-02,7.215875e-07,2.163740e-07,1.739872e-04,3.041999e-04
846987264,11454377,10163847168,31018959,-6.355323e-02,-2.623966e-02,7.170252e-07,1.851925e-07,1.728871e-04,2.603618e-04
847249408,11454491,10166992896,31028552,-6.352673e-02,-2.621276e-02,7.626094e-07,2.090704e-07,1.838783e-04,2.939317e-04
847511552,11454686,10170138624,31038140,-6.353053e-02,-2.621888e-02,7.559873e-07,2.035123e-07,1.822816e-04,2.861176e-04
847773696,11454849,10173284352,31047589,-6.356762e-02,-2.624875e-02,6.928546e-07,1.774549e-07,1.670592e-04,2.494836e-04
848035840,11455373,10176430080,31057140,-6.357523e-02,-2.626069e-02,6.802485e-07,1.675337e-07,1.640196e-04,2.355354e-04
848297984,11455648,10179575808,31066767,-6.360690e-02,-2.625125e-02,6.290066e-07,1.753474e-07,1.516644e-04,2.465206e-04
848560128,11456833,10182721536,31076498,-6.359201e-02,-2.627944e-02,6.528529e-07,1.525367e-07,1.574141e-04,2.144511e-04
848822272,11456876,10185867264,31086082,-6.353919e-02,-2.625507e-02,7.409943e-07,1.721625e-07,1.786665e-04,2.420430e-04
849084416,11456991,10189012992,31096002,-6.354618e-02,-2.627384e-02,7.290114e-07,1.569446e-07,1.757772e-04,2.206481e-04
849346560,11457189,10192158720,31105689,-6.352662e-02,-2.632318e-02,7.627916e-07,1.202873e-07,1.839222e-04,1.691117e-04
849608704,11458178,10195304448,31115328,-6.351996e-02,-2.629883e-02,7.744708e-07,1.377666e-07,1.867383e-04,1.936859e-04
849870848,11458251,10198450176,31124749,-6.351151e-02,-2.632542e-02,7.894130e-07,1.187367e-07,1.903411e-04,1.669317e-04
850132992,11459890,10201595904,31134332,-6.343084e-02,-2.631481e-02,9.392790e-07,1.261623e-07,2.264763e-04,1.773715e-04
850395136,11460373,10204741632,31143856,-6.341095e-02,-2.629961e-02,9.782193e-07,1.371879e-07,2.358655e-04,1.928723e-04
850657280,11462225,10207887360,31153371,-6.342045e-02,-2.633373e-02,9.595186e-07,1.130755e-07,2.313564e-04,1.589727e-04
850919424,11468297,10211033088,31162951,-6.337819e-02,-2.631929e-02,1.044111e-06,1.229975e-07,2.517531e-04,1.729220e-04
851181568,11470857,10214178816,31172582,-6.338759e-02,-2.634618e-02,1.024983e-06,1.048624e-07,2.471412e-04,1.474258e-04
851443712,11474301,10217324544,31182021,-6.340061e-02,-2.631385e-02,9.987825e-07,1.268447e-07,2.408237e-04,1.783308e-04
851705856,11480166,10220470272,31191566,-6.338552e-02,-2.633222e-02,1.029182e-06,1.140963e-07,2.481535e-04,1.604078e-04
851968000,11484520,10223616000,31201100,-6.341700e-02,-2.634325e-02,9.662886e-07,1.067661e-07,2.329888e-04,1.501023e-04
852230144,11487742,10226761728,31210536,-6.340308e-02,-2.639300e-02,9.938444e-07,7.672978e-08,2.396330e-04,1.078743e-04
852492288,11510927,10229907456,31220249,-6.338996e-02,-2.644817e-02,1.020192e-06,4.920931e-08,2.459858e-04,6.918330e-05
852754432,11514415,10233053184,31229705,-6.336816e-02,-2.643850e-02,1.064706e-06,5.359258e-08,2.567189e-04,7.534573e-05
853016576,11515667,10236198912,31239510,-6.334250e-02,-2.645755e-02,1.118302e-06,4.513403e-08,2.696420e-04,6.345387e-05
853278720,11518408,10239344640,31249111,-6.332267e-02,-2.646981e-02,1.160643e-06,4.007440e-08,2.798511e-04,5.634054e-05
853540864,11544835,10242490368,31258925,-6.329579e-02,-2.653985e-02,1.219287e-06,1.693914e-08,2.939911e-04,2.381472e-05
853803008,11545242,10245636096,31268765,-6.328145e-02,-2.652197e-02,1.251150e-06,2.191233e-08,3.016738e-04,3.080651e-05
854065152,11569468,10248781824,31278251,-6.328963e-02,-2.655118e-02,1.232933e-06,1.411731e-08,2.972813e-04,1.984750e-05
854327296,11572895,10251927552,31287604,-6.330802e-02,-2.657873e-02,1.192419e-06,8.329802e-09,2.875128e-04,1.171086e-05
854589440,11579570,10255073280,31297253,-6.331991e-02,-2.657099e-02,1.166607e-06,9.803870e-09,2.812890e-04,1.378325e-05
854851584,11590406,10258219008,31306754,-6.330619e-02,-2.658481e-02,1.196425e-06,7.257960e-09,2.884787e-04,1.020396e-05
855113728,11593967,10261364736,31316293,-6.332062e-02,-2.657073e-02,1.165062e-06,9.855207e-09,2.809166e-04,1.385542e-05
855375872,11623373,10264510464,31326056,-6.330295e-02,-2.654601e-02,1.203526e-06,1.537277e-08,2.901909e-04,2.161255e-05
855638016,11630411,10267656192,31335685,-6.326523e-02,-2.654217e-02,1.287699e-06,1.634089e-08,3.104864e-04,2.297363e-05
855900160,11632372,10270801920,31345319,-6.326673e-02,-2.651999e-02,1.284302e-06,2.250188e-08,3.096673e-04,3.163536e-05
856162304,11632417,10273947648,31354819,-6.329823e-02,-2.648385e-02,1.213912e-06,3.465007e-08,2.926952e-04,4.871449e-05
856424448,11632576,10277093376,31364474,-6.328820e-02,-2.648221e-02,1.236095e-06,3.526439e-08,2.980437e-04,4.957816e-05
856686592,11632705,10280239104,31374088,-6.326403e-02,-2.647441e-02,1.290440e-06,3.825502e-08,3.111472e-04,5.378269e-05
856948736,11632868,10283384832,31383571,-6.325791e-02,-2.644927e-02,1.304374e-06,4.872131e-08,3.145071e-04,6.849721e-05
857210880,11632937,10286530560,31393258,-6.333564e-02,-2.642223e-02,1.132863e-06,6.138951e-08,2.731527e-04,8.630742e-05
857473024,11633442,10289676288,31403064,-6.338457e-02,-2.633785e-02,1.031103e-06,1.103203e-07,2.486166e-04,1.550992e-04
857735168,11633690,10292822016,31412509,-6.332525e-02,-2.636407e-02,1.155096e-06,9.359554e-08,2.785134e-04,1.315858e-04
857997312,11634559,10295967744,31422102,-6.329099e-02,-2.634922e-02,1.229906e-06,1.028981e-07,2.965516e-04,1.446643e-04
858259456,11635181,10299113472,31431627,-6.330374e-02,-2.633810e-02,1.201794e-06,1.101558e-07,2.897732e-04,1.548679e-04
858521600,11635213,10302259200,31441307,-6.330125e-02,-2.629464e-02,1.207256e-06,1.408939e-07,2.910902e-04,1.980825e-04
858783744,11635597,10305404928,31450862,-6.331948e-02,-2.631612e-02,1.167524e-06,1.252286e-07,2.815103e-04,1.760587e-04
859045888,11635842,10308550656,31460434,-6.326950e-02,-2.630578e-02,1.278045e-06,1.326533e-07,3.081586e-04,1.864971e-04
859308032,11635857,10311696384,31470192,-6.327500e-02,-2.630430e-02,1.265626e-06,1.337369e-07,3.051642e-04,1.880205e-04
859570176,11636075,10314842112,31479930,-6.329829e-02,-2.632332e-02,1.213781e-06,1.201865e-07,2.926635e-04,1.689700e-04
859832320,11636160,10317987840,31489647,-6.326917e-02,-2.633104e-02,1.278786e-06,1.148904e-07,3.083374e-04,1.615242e-04
860094464,11636348,10321133568,31499027,-6.325512e-02,-2.636824e-02,1.310764e-06,9.105779e-08,3.160477e-04,1.280180e-04
860356608,11636385,10324279296,31508773,-6.324271e-02,-2.638952e-02,1.339323e-06,7.867054e-08,3.229339e-04,1.106028e-04
860618752,11636557,10327425024,31518507,-6.328214e-02,-2.642312e-02,1.249617e-06,6.095094e-08,3.013042e-04,8.569084e-05
860880896,11636670,10330570752,31527987,-6.323887e-02,-2.648403e-02,1.348236e-06,3.458492e-08,3.250829e-04,4.862289e-05
861143040,11636770,10333716480,31537666,-6.325911e-02,-2.647273e-02,1.301636e-06,3.891507e-08,3.138468e-04,5.471064e-05
861405184,11636814,10336862208,31547225,-6.330174e-02,-2.648569e-02,1.206176e-06,3.397177e-08,2.908297e-04,4.776086e-05
861667328,11636981,10340007936,31556627,-6.327124e-02,-2.648284e-02,1.274106e-06,3.502694e-08,3.072089e-04,4.924433e-05
861929472,11637198,10343153664,31566291,-6.326011e-02,-2.649022e-02,1.299359e-06,3.232175e-08,3.132978e-04,4.544111e-05
862191616,11638619,10346299392,31575771,-6.329237e-02,-2.649819e-02,1.226851e-06,2.951881e-08,2.958149e-04,4.150045e-05
862453760,11638753,10349445120,31585331,-6.327245e-02,-2.645880e-02,1.271366e-06,4.460691e-08,3.065481e-04,6.271278e-05
862715904,11638888,10352590848,31594773,-6.323669e-02,-2.641816e-02,1.353293e-06,6.342567e-08,3.263023e-04,8.917005e-05
862978048,11638891,10355736576,31604469,-6.326832e-02,-2.642140e-02,1.280708e-06,6.180001e-08,3.088007e-04,8.688454e-05
863240192,11639101,10358882304,31613834,-6.330137e-02,-2.641329e-02,1.206994e-06,6.589799e-08,2.910270e-04,9.264587e-05
863502336,11639128,10362028032,31623531,-6.326921e-02,-2.633240e-02,1.278702e-06,1.139742e-07,3.083170e-04,1.602362e-04
863764480,11640465,10365173760,31633126,-6.330509e-02,-2.635343e-02,1.198839e-06,1.002163e-07,2.890607e-04,1.408939e-04
864026624,11640545,10368319488,31642824,-6.333515e-02,-2.637093e-02,1.133910e-06,8.944400e-08,2.734051e-04,1.257492e-04
864288768,11641397,10371465216,31652484,-6.335582e-02,-2.632066e-02,1.090320e-06,1.220404e-07,2.628950e-04,1.715764e-04
864550912,11641808,10374610944,31662125,-6.335101e-02,-2.632434e-02,1.100379e-06,1.194837e-07,2.653204e-04,1.679819e-04
864813056,11642410,10377756672,31671870,-6.337029e-02,-2.631250e-02,1.060313e-06,1.278031e-07,2.556597e-04,1.796782e-04
865075200,11642804,10380902400,31681385,-6.334732e-02,-2.634141e-02,1.108130e-06,1.079684e-07,2.671893e-04,1.517927e-04
865337344,11645433,10384048128,31690919,-6.336267e-02,-2.633028e-02,1.076052e-06,1.154087e-07,2.594548e-04,1.622529e-04
865599488,11645683,10387193856,31700691,-6.334952e-02,-2.635125e-02,1.103508e-06,1.015985e-07,2.660747e-04,1.428371e-04
865861632,11647122,10390339584,31710398,-6.336325e-02,-2.631192e-02,1.074847e-06,1.282230e-07,2.591641e-04,1.802685e-04
866123776,11647659,10393485312,31720028,-6.335764e-02,-2.632978e-02,1.086527e-06,1.157494e-07,2.619803e-04,1.627319e-04
866385920,11649827,10396631040,31729729,-6.335974e-02,-2.627110e-02,1.082136e-06,1.591230e-07,2.609215e-04,2.237108e-04
866648064,11649940,10399776768,31739526,-6.335776e-02,-2.626349e-02,1.086278e-06,1.652528e-07,2.619204e-04,2.323287e-04
866910208,11649954,10402922496,31748947,-6.338542e-02,-2.626341e-02,1.029378e-06,1.653149e-07,2.482008e-04,2.324160e-04
867172352,11650039,10406068224,31758737,-6.337139e-02,-2.620853e-02,1.058043e-06,2.129583e-07,2.551124e-04,2.993978e-04
867434496,11651566,10409213952,31768303,-6.338291e-02,-2.623160e-02,1.034480e-06,1.921942e-07,2.494308e-04,2.702056e-04
867696640,11652016,10412359680,31777885,-6.338875e-02,-2.620306e-02,1.022631e-06,2.180356e-07,2.465740e-04,3.065359e-04
867958784,11657078,10415505408,31787284,-6.344324e-02,-2.619914e-02,9.154018e-07,2.217091e-07,2.207191e-04,3.117005e-04
868220928,11658936,10418651136,31796740,-6.343719e-02,-2.616969e-02,9.270007e-07,2.503047e-07,2.235158e-04,3.519031e-04
868483072,11663805,10421796864,31806249,-6.346028e-02,-2.616995e-02,8.830865e-07,2.500457e-07,2.129274e-04,3.515389e-04
868745216,11665372,10424942592,31816001,-6.345087e-02,-2.615398e-02,9.008609e-07,2.662802e-07,2.172131e-04,3.743630e-04
869007360,11668652,10428088320,31825588,-6.344855e-02,-2.619861e-02,9.052648e-07,2.222093e-07,2.182749e-04,3.124037e-04
869269504,11670816,10431234048,31835151,-6.343459e-02,-2.619704e-02,9.320289e-07,2.236886e-07,2.247282e-04,3.144835e-04
869531648,11677828,10434379776,31844869,-6.340028e-02,-2.618705e-02,9.994528e-07,2.332375e-07,2.409853e-04,3.279082e-04
869793792,11680667,10437525504,31854327,-6.338602e-02,-2.615275e-02,1.028169e-06,2.675428e-07,2.479093e-04,3.761381e-04
870055936,11693538,10440671232,31864063,-6.341655e-02,-2.617877e-02,9.671824e-07,2.413031e-07,2.332043e-04,3.392477e-04
870318080,11698793,10443816960,31873631,-6.343673e-02,-2.619123e-02,9.278904e-07,2.292231e-07,2.237304e-04,3.222644e-04
870580224,11700355,10446962688,31883199,-6.344518e-02,-2.620064e-02,9.116845e-07,2.203010e-07,2.198228e-04,3.097209e-04
870842368,11701116,10450108416,31892928,-6.346646e-02,-2.615642e-02,8.715023e-07,2.637622e-07,2.101342e-04,3.708228e-04
871104512,11701814,10453254144,31902491,-6.343294e-02,-2.618906e-02,9.352109e-07,2.313002e-07,2.254954e-04,3.251846e-04
871366656,11718336,10456399872,31912112,-6.344736e-02,-2.614636e-02,9.075347e-07,2.741948e-07,2.188222e-04,3.854900e-04
871628800,11719075,10459545600,31921835,-6.346800e-02,-2.620997e-02,8.686251e-07,2.116229e-07,2.094405e-04,2.975204e-04
871890944,11724378,10462691328,31931392,-6.347600e-02,-2.621399e-02,8.537735e-07,2.079409e-07,2.058595e-04,2.923438e-04
872153088,11736023,10465837056,31941279,-6.345372e-02,-2.618598e-02,8.954522e-07,2.342713e-07,2.159089e-04,3.293616e-04
872415232,11758845,10468982784,31950922,-6.347799e-02,-2.619539e-02,8.501150e-07,2.252577e-07,2.049773e-04,3.166894e-04
872677376,11889722,10472128512,31960559,-6.349542e-02,-2.619611e-02,8.182694e-07,2.245757e-07,1.972988e-04,3.157307e-04
872939520,11890008,10475274240,31970123,-6.346016e-02,-2.618008e-02,8.832966e-07,2.400238e-07,2.129780e-04,3.374491e-04
873201664,11890204,10478419968,31979708,-6.352758e-02,-2.617544e-02,7.611267e-07,2.445898e-07,1.835207e-04,3.438685e-04
873463808,11890352,10481565696,31989223,-6.357779e-02,-2.618918e-02,6.760396e-07,2.311874e-07,1.630048e-04,3.250260e-04
873725952,11890482,10484711424,31998841,-6.358815e-02,-2.619551e-02,6.591045e-07,2.251392e-07,1.589214e-04,3.165229e-04
873988096,11890903,10487857152,32008427,-6.356604e-02,-2.622869e-02,6.954990e-07,1.947570e-07,1.676968e-04,2.738086e-04
874250240,11891126,10491002880,32018234,-6.355696e-02,-2.622836e-02,7.107175e-07,1.950431e-07,1.713662e-04,2.742109e-04
874512384,11891143,10494148608,32027787,-6.354844e-02,-2.622264e-02,7.251614e-07,2.001300e-07,1.748489e-04,2.813625e-04
874774528,11891204,10497294336,32037434,-6.348123e-02,-2.622439e-02,8.441353e-07,1.985649e-07,2.035356e-04,2.791620e-04
875036672,11891646,10500440064,32046985,-6.347377e-02,-2.620957e-02,8.579091e-07,2.119950e-07,2.068567e-04,2.980434e-04
875298816,11891893,10503585792,32056500,-6.346668e-02,-2.617749e-02,8.710850e-07,2.425656e-07,2.100336e-04,3.410226e-04
875560960,11892260,10506731520,32066018,-6.347963e-02,-2.616250e-02,8.470814e-07,2.575525e-07,2.042459e-04,3.620927e-04
875823104,11892390,10509877248,32075793,-6.347562e-02,-2.619737e-02,8.544897e-07,2.233821e-07,2.060322e-04,3.140526e-04
876085248,11892698,10513022976,32085487,-6.347498e-02,-2.618929e-02,8.556609e-07,2.310817e-07,2.063146e-04,3.248774e-04
876347392,11892802,10516168704,32095077,-6.349349e-02,-2.620422e-02,8.217643e-07,2.169497e-07,1.981415e-04,3.050093e-04
876609536,11893386,10519314432,32104896,-6.346928e-02,-2.622067e-02,8.662519e-07,2.019004e-07,2.088683e-04,2.838515e-04
876871680,11893487,10522460160,32114293,-6.347777e-02,-2.624668e-02,8.505135e-07,1.791964e-07,2.050734e-04,2.519319e-04
877133824,11893527,10525605888,32124028,-6.346629e-02,-2.624427e-02,8.718222e-07,1.812460e-07,2.102114e-04,2.548134e-04
877395968,11893657,10528751616,32133430,-6.351498e-02,-2.624159e-02,7.832687e-07,1.835353e-07,1.888596e-04,2.580321e-04
877658112,11893921,10531897344,32143141,-6.350464e-02,-2.625414e-02,8.016671e-07,1.729378e-07,1.932957e-04,2.431330e-04
877920256,11894190,10535043072,32152719,-6.345533e-02,-2.621676e-02,8.924090e-07,2.054276e-07,2.151752e-04,2.888103e-04
878182400,11894318,10538188800,32162186,-6.347425e-02,-2.619315e-02,8.570260e-07,2.273826e-07,2.066437e-04,3.196768e-04
878444544,11894348,10541334528,32171792,-6.354163e-02,-2.620075e-02,7.368058e-07,2.201909e-07,1.776566e-04,3.095660e-04
878706688,11894468,10544480256,32181576,-6.351616e-02,-2.620276e-02,7.811732e-07,2.183122e-07,1.883543e-04,3.069249e-04
878968832,11895063,10547625984,32191134,-6.354944e-02,-2.617370e-02,7.234494e-07,2.463099e-07,1.744361e-04,3.462868e-04
879230976,11895115,10550771712,32200711,-6.350383e-02,-2.613878e-02,8.031220e-07,2.821896e-07,1.936465e-04,3.967299e-04
879493120,11895115,10553917440,32210434,-6.348545e-02,-2.614959e-02,8.364041e-07,2.708227e-07,2.016714e-04,3.807492e-04
879755264,11895552,10557063168,32220049,-6.346665e-02,-2.618997e-02,8.711406e-07,2.304321e-07,2.100470e-04,3.239642e-04
880017408,11896033,10560208896,32229557,-6.344011e-02,-2.613488e-02,9.213852e-07,2.863527e-07,2.221618e-04,4.025829e-04
880279552,11896171,10563354624,32239410,-6.340861e-02,-2.615419e-02,9.828673e-07,2.660573e-07,2.369862e-04,3.740496e-04
880541696,11896186,10566500352,32248866,-6.346203e-02,-2.611776e-02,8.797849e-07,3.049719e-07,2.121313e-04,4.287596e-04
880803840,11896432,10569646080,32258334,-6.347773e-02,-2.615135e-02,8.505822e-07,2.689957e-07,2.050900e-04,3.781807e-04
881065984,11896468,10572791808,32267908,-6.345492e-02,-2.611474e-02,8.931834e-07,3.083117e-07,2.153619e-04,4.334550e-04
881328128,11896942,10575937536,32277410,-6.344409e-02,-2.610266e-02,9.137630e-07,3.218782e-07,2.203240e-04,4.525281e-04
881590272,11897379,10579083264,32286964,-6.345204e-02,-2.612795e-02,8.986418e-07,2.938205e-07,2.166780e-04,4.130818e-04
881852416,11898463,10582228992,32296647,-6.344245e-02,-2.614548e-02,9.169136e-07,2.751202e-07,2.210837e-04,3.867911e-04
882114560,11898503,10585374720,32306294,-6.348515e-02,-2.609217e-02,8.369630e-07,3.338916e-07,2.018062e-04,4.694176e-04
882376704,11898639,10588520448,32315787,-6.350012e-02,-2.606893e-02,8.097861e-07,3.612851e-07,1.952534e-04,5.079302e-04
882638848,11898731,10591666176,32325245,-6.351989e-02,-2.606314e-02,7.746020e-07,3.682802e-07,1.867699e-04,5.177647e-04
882900992,11899417,10594811904,32334820,-6.352222e-02,-2.606056e-02,7.705025e-07,3.714134e-07,1.857814e-04,5.221696e-04
883163136,11899735,10597957632,32344416,-6.350579e-02,-2.605203e-02,7.996137e-07,3.818843e-07,1.928006e-04,5.368907e-04
883425280,11899933,10601103360,32353984,-6.350211e-02,-2.607470e-02,8.062097e-07,3.543860e-07,1.943910e-04,4.982307e-04
883687424,11901335,10604249088,32363542,-6.350497e-02,-2.611337e-02,8.010801e-07,3.098381e-07,1.931542e-04,4.356009e-04
883949568,11902253,10607394816,32373470,-6.358115e-02,-2.612440e-02,6.705130e-07,2.976839e-07,1.616722e-04,4.185134e-04
884211712,11903659,10610540544,32383205,-6.355847e-02,-2.609110e-02,7.081822e-07,3.351240e-07,1.707549e-04,4.711504e-04
884473856,11909791,10613686272,32392618,-6.347323e-02,-2.613557e-02,8.589031e-07,2.856196e-07,2.070963e-04,4.015521e-04
884736000,11912591,10616832000,32402318,-6.346945e-02,-2.611740e-02,8.659190e-07,3.053609e-07,2.087880e-04,4.293064e-04
884998144,11916930,10619977728,32411972,-6.347147e-02,-2.610827e-02,8.621654e-07,3.155396e-07,2.078829e-04,4.436166e-04
885260288,11921944,10623123456,32421587,-6.343266e-02,-2.611369e-02,9.357585e-07,3.094794e-07,2.256275e-04,4.350967e-04
885522432,11926100,10626269184,32431163,-6.344665e-02,-2.608517e-02,9.088837e-07,3.420235e-07,2.191475e-04,4.808503e-04
885784576,11930626,10629414912,32440723,-6.344272e-02,-2.606175e-02,9.163858e-07,3.699709e-07,2.209564e-04,5.201416e-04
886046720,11952414,10632560640,32450142,-6.341786e-02,-2.609117e-02,9.646049e-07,3.350420e-07,2.325828e-04,4.710351e-04
886308864,11956028,10635706368,32459941,-6.343827e-02,-2.610205e-02,9.249358e-07,3.225654e-07,2.230180e-04,4.534943e-04
886571008,11957191,10638852096,32469363,-6.344672e-02,-2.607236e-02,9.087559e-07,3.571746e-07,2.191167e-04,5.021513e-04
886833152,11960111,10641997824,32479023,-6.342951e-02,-2.605264e-02,9.418514e-07,3.811388e-07,2.270966e-04,5.358425e-04
887095296,11986456,10645143552,32488734,-6.341726e-02,-2.611338e-02,9.657906e-07,3.098236e-07,2.328688e-04,4.355805e-04
887357440,11986813,10648289280,32498326,-6.341144e-02,-2.611205e-02,9.772615e-07,3.113059e-07,2.356346e-04,4.376645e-04
887619584,12010743,10651435008,32508125,-6.342661e-02,-2.605005e-02,9.474853e-07,3.843354e-07,2.284550e-04,5.403366e-04
887881728,12014061,10654580736,32517619,-6.342970e-02,-2.603547e-02,9.414899e-07,4.026314e-07,2.270094e-04,5.660589e-04
888143872,12020784,10657726464,32527162,-6.341275e-02,-2.605620e-02,9.746706e-07,3.767450e-07,2.350099e-04,5.296653e-04
888406016,12031676,10660872192,32536884,-6.344803e-02,-2.609217e-02,9.062433e-07,3.338916e-07,2.185109e-04,4.694176e-04
888668160,12035283,10664017920,32546474,-6.341924e-02,-2.611898e-02,9.618992e-07,3.036218e-07,2.319305e-04,4.268615e-04
888930304,12064563,10667163648,32556141,-6.345088e-02,-2.608217e-02,9.008326e-07,3.455401e-07,2.172063e-04,4.857944e-04
889192448,12077501,10670309376,32565879,-6.349822e-02,-2.605671e-02,8.132090e-07,3.761256e-07,1.960787e-04,5.287945e-04
889454592,12079598,10673455104,32575431,-6.351531e-02,-2.601075e-02,7.826753e-07,4.346126e-07,1.887165e-04,6.110213e-04
889716736,12079729,10676600832,32584876,-6.350814e-02,-2.601780e-02,7.954220e-07,4.253692e-07,1.917899e-04,5.980260e-04
889978880,12079943,10679746560,32594431,-6.356232e-02,-2.598730e-02,7.017139e-07,4.660850e-07,1.691953e-04,6.552681e-04
890241024,12080100,10682892288,32604054,-6.357653e-02,-2.598312e-02,6.780995e-07,4.717993e-07,1.635015e-04,6.633020e-04
890503168,12080252,10686038016,32613807,-6.360728e-02,-2.592325e-02,6.284041e-07,5.576318e-07,1.515190e-04,7.839738e-04
890765312,12080498,10689183744,32623421,-6.359662e-02,-2.590278e-02,6.454214e-07,5.886205e-07,1.556222e-04,8.275408e-04
891027456,12080944,10692329472,32633132,-6.363316e-02,-2.592609e-02,5.880490e-07,5.534087e-07,1.417888e-04,7.780364e-04
891289600,12081129,10695475200,32642827,-6.364433e-02,-2.592962e-02,5.710336e-07,5.481639e-07,1.376860e-04,7.706630e-04
891551744,12081948,10698620928,32652334,-6.357443e-02,-2.589904e-02,6.815765e-07,5.943793e-07,1.643398e-04,8.356370e-04
891813888,12082660,10701766656,32661709,-6.358028e-02,-2.592506e-02,6.719414e-07,5.549284e-07,1.620166e-04,7.801730e-04
892076032,12082698,10704912384,32671200,-6.357129e-02,-2.597971e-02,6.867655e-07,4.765064e-07,1.655910e-04,6.699197e-04
892338176,12083120,10708058112,32680695,-6.358676e-02,-2.597343e-02,6.613566e-07,4.852067e-07,1.594645e-04,6.821514e-04
892600320,12083146,10711203840,32690427,-6.358543e-02,-2.599881e-02,6.635275e-07,4.504900e-07,1.599879e-04,6.333433e-04
892862464,12083183,10714349568,32700030,-6.363275e-02,-2.597950e-02,5.886777e-07,4.767867e-07,1.419403e-04,6.703138e-04
893124608,12083441,10717495296,32709442,-6.361661e-02,-2.595573e-02,6.137019e-07,5.101769e-07,1.479741e-04,7.172569e-04
893386752,12083746,10720641024,32719089,-6.366103e-02,-2.598409e-02,5.460781e-07,4.704748e-07,1.316688e-04,6.614397e-04
893648896,12083800,10723786752,32728633,-6.368130e-02,-2.600052e-02,5.165267e-07,4.482026e-07,1.245435e-04,6.301274e-04
893911040,12083852,10726932480,32738253,-6.367650e-02,-2.604563e-02,5.234573e-07,3.898353e-07,1.262146e-04,5.480690e-04
894173184,12084078,10730078208,32747752,-6.367451e-02,-2.603427e-02,5.263399e-07,4.041480e-07,1.269096e-04,5.681911e-04
894435328,12084142,10733223936,32757333,-6.365647e-02,-2.606318e-02,5.528379e-07,3.682305e-07,1.332987e-04,5.176947e-04
894697472,12084183,10736369664,32766819,-6.362840e-02,-2.607853e-02,5.953735e-07,3.498367e-07,1.435548e-04,4.918348e-04
894959616,12084296,10739515392,32776457,-6.362482e-02,-2.612402e-02,6.009052e-07,2.980926e-07,1.448886e-04,4.190879e-04
895221760,12084310,10742661120,32785936,-6.360364e-02,-2.609169e-02,6.341937e-07,3.344472e-07,1.529150e-04,4.701988e-04
895483904,12084863,10745806848,32795386,-6.360370e-02,-2.607393e-02,6.340987e-07,3.553025e-07,1.528921e-04,4.995192e-04
895746048,12086002,10748952576,32805253,-6.363986e-02,-2.606382e-02,5.778211e-07,3.674510e-07,1.393226e-04,5.165988e-04
896008192,12086046,10752098304,32815075,-6.363205e-02,-2.607599e-02,5.897529e-07,3.528508e-07,1.421996e-04,4.960723e-04
896270336,12086210,10755244032,32824488,-6.358437e-02,-2.609714e-02,6.652522e-07,3.281646e-07,1.604038e-04,4.613661e-04
896532480,12086388,10758389760,32834254,-6.359864e-02,-2.605690e-02,6.421812e-07,3.758972e-07,1.548410e-04,5.284733e-04
896794624,12086485,10761535488,32843841,-6.359010e-02,-2.602552e-02,6.559388e-07,4.153531e-07,1.581581e-04,5.839444e-04
897056768,12086703,10764681216,32853429,-6.366998e-02,-2.601051e-02,5.329333e-07,4.349295e-07,1.284994e-04,6.114668e-04
897318912,12088075,10767826944,32862815,-6.370805e-02,-2.601722e-02,4.787952e-07,4.261203e-07,1.154458e-04,5.990819e-04
897581056,12088215,10770972672,32872523,-6.364628e-02,-2.604123e-02,5.680985e-07,3.953510e-07,1.369783e-04,5.558233e-04
897843200,12089046,10774118400,32882036,-6.367932e-02,-2.603086e-02,5.193793e-07,4.084936e-07,1.252313e-04,5.743005e-04
898105344,12089289,10777264128,32891417,-6.370644e-02,-2.607824e-02,4.810250e-07,3.501849e-07,1.159834e-04,4.923245e-04
898367488,12090098,10780409856,32900911,-6.371262e-02,-2.612313e-02,4.724955e-07,2.990656e-07,1.139268e-04,4.204558e-04
898629632,12090633,10783555584,32910420,-6.373916e-02,-2.608824e-02,4.367150e-07,3.384403e-07,1.052995e-04,4.758127e-04
898891776,12092662,10786701312,32920107,-6.371796e-02,-2.613759e-02,4.651800e-07,2.834635e-07,1.121629e-04,3.985209e-04
899153920,12092764,10789847040,32929854,-6.371731e-02,-2.612264e-02,4.660748e-07,2.995996e-07,1.123786e-04,4.212066e-04
899416064,12093147,10792992768,32939443,-6.373058e-02,-2.605318e-02,4.481228e-07,3.804630e-07,1.080501e-04,5.348924e-04
899678208,12094992,10796138496,32948985,-6.375637e-02,-2.606132e-02,4.142638e-07,3.704968e-07,9.988614e-05,5.208809e-04
899940352,12095087,10799284224,32958643,-6.381682e-02,-2.607457e-02,3.400981e-07,3.545368e-07,8.200351e-05,4.984427e-04
900202496,12097206,10802429952,32968065,-6.378595e-02,-2.604619e-02,3.770629e-07,3.891356e-07,9.091636e-05,5.470852e-04
900464640,12097479,10805575680,32977728,-6.386144e-02,-2.605614e-02,2.900525e-07,3.768205e-07,6.993666e-05,5.297714e-04
900726784,12097893,10808721408,32987307,-6.384975e-02,-2.604622e-02,3.027808e-07,3.891007e-07,7.300566e-05,5.470361e-04
900988928,12098137,10811867136,32996634,-6.388742e-02,-2.605199e-02,2.627434e-07,3.819419e-07,6.335197e-05,5.369716e-04
901251072,12099336,10815012864,33006212,-6.387188e-02,-2.607791e-02,2.789102e-07,3.505664e-07,6.725005e-05,4.928607e-04
901513216,12104507,10818158592,33015889,-6.390846e-02,-2.606484e-02,2.416161e-07,3.662146e-07,5.825780e-05,5.148606e-04
901775360,12106151,10821304320,33025426,-6.391818e-02,-2.609955e-02,2.321520e-07,3.254174e-07,5.597586e-05,4.575039e-04
902037504,12112306,10824450048,33034930,-6.392869e-02,-2.608144e-02,2.221390e-07,3.463990e-07,5.356155e-05,4.870019e-04
902299648,12112509,10827595776,33044494,-6.391255e-02,-2.613574e-02,2.376116e-07,2.854324e-07,5.729226e-05,4.012891e-04
902561792,12115847,10830741504,33053961,-6.387617e-02,-2.613718e-02,2.744036e-07,2.838921e-07,6.616343e-05,3.991234e-04
902823936,12119274,10833887232,33063774,-6.384256e-02,-2.614219e-02,3.107366e-07,2.785857e-07,7.492395e-05,3.916633e-04
903086080,12125240,10837032960,33073452,-6.384481e-02,-2.617316e-02,3.082414e-07,2.468538e-07,7.432231e-05,3.470514e-04
903348224,12127856,10840178688,33082987,-6.380792e-02,-2.621527e-02,3.505620e-07,2.067772e-07,8.452653e-05,2.907077e-04
903610368,12142236,10843324416,33092619,-6.376594e-02,-2.623932e-02,4.020407e-07,1.854860e-07,9.693893e-05,2.607744e-04
903872512,12146254,10846470144,33102536,-6.376505e-02,-2.617075e-02,4.031658e-07,2.492472e-07,9.721021e-05,3.504163e-04
904134656,12147627,10849615872,33112148,-6.374749e-02,-2.619546e-02,4.257750e-07,2.251905e-07,1.026617e-04,3.165950e-04
904396800,12148484,10852761600,33121650,-6.373497e-02,-2.618519e-02,4.422667e-07,2.350400e-07,1.066381e-04,3.304424e-04
904658944,12150083,10855907328,33131415,-6.368025e-02,-2.615079e-02,5.180485e-07,2.695757e-07,1.249104e-04,3.789960e-04
904921088,12165812,10859053056,33141090,-6.370061e-02,-2.612871e-02,4.891512e-07,2.929992e-07,1.179428e-04,4.119271e-04
905183232,12166574,10862198784,33150660,-6.374183e-02,-2.609981e-02,4.331968e-07,3.251136e-07,1.044512e-04,4.570768e-04
905445376,12171643,10865344512,33159894,-6.374677e-02,-2.611742e-02,4.267090e-07,3.053485e-07,1.028869e-04,4.292890e-04
905707520,12183390,10868490240,33169744,-6.375560e-02,-2.611423e-02,4.152523e-07,3.088788e-07,1.001245e-04,4.342522e-04
905969664,12206179,10871635968,33179498,-6.374610e-02,-2.608981e-02,4.275855e-07,3.366245e-07,1.030982e-04,4.732599e-04
906231808,12330984,10874781696,33189138,-6.373391e-02,-2.613834e-02,4.436750e-07,2.826588e-07,1.069777e-04,3.973896e-04
906493952,12331215,10877927424,33198919,-6.373646e-02,-2.619571e-02,4.402870e-07,2.249519e-07,1.061608e-04,3.162595e-04
906756096,12331350,10881073152,33208750,-6.372474e-02,-2.618553e-02,4.559774e-07,2.347060e-07,1.099440e-04,3.299729e-04
907018240,12331591,10884218880,33218359,-6.372561e-02,-2.621033e-02,4.548110e-07,2.112957e-07,1.096628e-04,2.970604e-04
907280384,12331669,10887364608,33227825,-6.371740e-02,-2.622177e-02,4.659425e-07,2.009057e-07,1.123468e-04,2.824531e-04
907542528,12332037,10890510336,33237565,-6.371961e-02,-2.628498e-02,4.629366e-07,1.482432e-07,1.116220e-04,2.084149e-04
907804672,12332353,10893656064,33247078,-6.366751e-02,-2.627296e-02,5.365400e-07,1.576375e-07,1.293691e-04,2.216223e-04
908066816,12332391,10896801792,33256808,-6.366118e-02,-2.622809e-02,5.458579e-07,1.952867e-07,1.316157e-04,2.745533e-04
908328960,12332561,10899947520,33266418,-6.364626e-02,-2.620205e-02,5.681322e-07,2.189776e-07,1.369865e-04,3.078603e-04
908591104,12333038,10903093248,33276214,-6.365763e-02,-2.620602e-02,5.511219e-07,2.152785e-07,1.328850e-04,3.026598e-04
908853248,12333174,10906238976,33285621,-6.370991e-02,-2.622312e-02,4.762313e-07,1.997036e-07,1.148276e-04,2.807630e-04
909115392,12333602,10909384704,33295212,-6.372849e-02,-2.621253e-02,4.509302e-07,2.092816e-07,1.087271e-04,2.942288e-04
909377536,12333703,10912530432,33304805,-6.373803e-02,-2.620420e-02,4.382131e-07,2.169688e-07,1.056607e-04,3.050361e-04
909639680,12334008,10915676160,33314276,-6.372799e-02,-2.618907e-02,4.516009e-07,2.312913e-07,1.088888e-04,3.251721e-04
909901824,12334093,10918821888,33323621,-6.372454e-02,-2.618330e-02,4.562492e-07,2.368749e-07,1.100095e-04,3.330221e-04
910163968,12334615,10921967616,33333204,-6.370043e-02,-2.616759e-02,4.894014e-07,2.524190e-07,1.180031e-04,3.548754e-04
910426112,12334649,10925113344,33342840,-6.370185e-02,-2.616992e-02,4.874123e-07,2.500830e-07,1.175235e-04,3.515913e-04
910688256,12334752,10928259072,33352371,-6.367742e-02,-2.614254e-02,5.221214e-07,2.782142e-07,1.258924e-04,3.911409e-04
910950400,12335368,10931404800,33361886,-6.367317e-02,-2.613702e-02,5.282876e-07,2.840628e-07,1.273792e-04,3.993635e-04
911212544,12335383,10934550528,33371700,-6.368317e-02,-2.615231e-02,5.138421e-07,2.679977e-07,1.238962e-04,3.767776e-04
911474688,12335572,10937696256,33381379,-6.371570e-02,-2.615424e-02,4.682645e-07,2.660073e-07,1.129066e-04,3.739793e-04
911736832,12335737,10940841984,33390948,-6.372942e-02,-2.616656e-02,4.496803e-07,2.534513e-07,1.084257e-04,3.563268e-04
911998976,12335741,10943987712,33400445,-6.372771e-02,-2.618055e-02,4.519815e-07,2.395604e-07,1.089805e-04,3.367977e-04
912261120,12335808,10947133440,33410456,-6.371205e-02,-2.619916e-02,4.732743e-07,2.216933e-07,1.141146e-04,3.116782e-04
912523264,12336272,10950279168,33420121,-6.373487e-02,-2.615254e-02,4.424055e-07,2.677606e-07,1.066716e-04,3.764442e-04
912785408,12336368,10953424896,33429875,-6.380702e-02,-2.615044e-02,3.516303e-07,2.699433e-07,8.478413e-05,3.795128e-04
913047552,12336525,10956570624,33439662,-6.381419e-02,-2.616405e-02,3.431813e-07,2.559857e-07,8.274693e-05,3.598899e-04
913309696,12336864,10959716352,33449236,-6.381372e-02,-2.620226e-02,3.437227e-07,2.187772e-07,8.287748e-05,3.075786e-04
913571840,12337401,10962862080,33458858,-6.380187e-02,-2.618096e-02,3.577626e-07,2.391613e-07,8.626272e-05,3.362366e-04
913833984,12337654,10966007808,33468415,-6.380150e-02,-2.617651e-02,3.582084e-07,2.435298e-07,8.637022e-05,3.423781e-04
914096128,12337698,10969153536,33478111,-6.373983e-02,-2.616379e-02,4.358292e-07,2.562515e-07,1.050859e-04,3.602637e-04
914358272,12337751,10972299264,33487781,-6.371155e-02,-2.614629e-02,4.739717e-07,2.742670e-07,1.142827e-04,3.855915e-04
914620416,12337953,10975444992,33497374,-6.374837e-02,-2.616529e-02,4.246188e-07,2.547338e-07,1.023829e-04,3.581300e-04
914882560,12338484,10978590720,33506924,-6.377946e-02,-2.613799e-02,3.850748e-07,2.830333e-07,9.284817e-05,3.979160e-04
915144704,12338925,10981736448,33516459,-6.379239e-02,-2.613791e-02,3.691987e-07,2.831245e-07,8.902016e-05,3.980442e-04
915406848,12339863,10984882176,33525975,-6.380527e-02,-2.615585e-02,3.537099e-07,2.643461e-07,8.528554e-05,3.716437e-04
915668992,12339907,10988027904,33535484,-6.378653e-02,-2.616806e-02,3.763496e-07,2.519438e-07,9.074436e-05,3.542074e-04
915931136,12340017,10991173632,33545048,-6.383354e-02,-2.613003e-02,3.208771e-07,2.915693e-07,7.736901e-05,4.099168e-04
916193280,12340247,10994319360,33554755,-6.379772e-02,-2.610263e-02,3.627443e-07,3.219120e-07,8.746390e-05,4.525757e-04
916455424,12340690,10997465088,33564396,-6.378561e-02,-2.615551e-02,3.774840e-07,2.646986e-07,9.101789e-05,3.721394e-04
916717568,12341171,11000610816,33574027,-6.382667e-02,-2.612353e-02,3.287069e-07,2.986318e-07,7.925688e-05,4.198461e-04
916979712,12341424,11003756544,33583696,-6.383115e-02,-2.608459e-02,3.235924e-07,3.427014e-07,7.802371e-05,4.818033e-04
917241856,12342484,11006902272,33593400,-6.381724e-02,-2.607067e-02,3.396116e-07,3.591923e-07,8.188621e-05,5.049880e-04
917504000,12343872,11010048000,33602964,-6.383170e-02,-2.608230e-02,3.229654e-07,3.453956e-07,7.787253e-05,4.855912e-04
917766144,12344930,11013193728,33612614,-6.384175e-02,-2.605130e-02,3.116510e-07,3.827873e-07,7.514442e-05,5.381602e-04
918028288,12351094,11016339456,33622401,-6.382317e-02,-2.609663e-02,3.327345e-07,3.287517e-07,8.022800e-05,4.621916e-04
918290432,12354051,11019485184,33631996,-6.383370e-02,-2.608587e-02,3.206999e-07,3.412026e-07,7.732627e-05,4.796962e-04
918552576,12359139,11022630912,33641635,-6.384027e-02,-2.607675e-02,3.133003e-07,3.519507e-07,7.554209e-05,4.948070e-04
918814720,12363383,11025776640,33651454,-6.381843e-02,-2.607207e-02,3.382236e-07,3.575153e-07,8.155154e-05,5.026303e-04
919076864,12367499,11028922368,33660728,-6.383822e-02,-2.609071e-02,3.155982e-07,3.355792e-07,7.609616e-05,4.717903e-04
919339008,12373298,11032068096,33670405,-6.384344e-02,-2.608164e-02,3.097572e-07,3.461623e-07,7.468781e-05,4.866690e-04
919601152,12393682,11035213824,33680043,-6.385539e-02,-2.609268e-02,2.966056e-07,3.332977e-07,7.151671e-05,4.685827e-04
919863296,12397246,11038359552,33689544,-6.384184e-02,-2.608221e-02,3.115429e-07,3.454919e-07,7.511835e-05,4.857266e-04
920125440,12398415,11041505280,33699051,-6.384943e-02,-2.601935e-02,3.031334e-07,4.233477e-07,7.309069e-05,5.951839e-04
920387584,12401675,11044651008,33708705,-6.388540e-02,-2.603793e-02,2.648174e-07,3.995125e-07,6.385205e-05,5.616741e-04
920649728,12428031,11047796736,33718317,-6.394777e-02,-2.605453e-02,2.045101e-07,3.788035e-07,4.931090e-05,5.325593e-04
920911872,12428149,11050942464,33727846,-6.391794e-02,-2.607144e-02,2.323819e-07,3.582708e-07,5.603127e-05,5.036924e-04
921174016,12452244,11054088192,33737368,-6.391533e-02,-2.607521e-02,2.349028e-07,3.537719e-07,5.663911e-05,4.973675e-04
921436160,12455393,11057233920,33746985,-6.394893e-02,-2.608581e-02,2.034669e-07,3.412723e-07,4.905937e-05,4.797942e-04
921698304,12462161,11060379648,33756746,-6.391832e-02,-2.610216e-02,2.320157e-07,3.224449e-07,5.594297e-05,4.533247e-04
921960448,12472989,11063525376,33766380,-6.389206e-02,-2.608315e-02,2.580064e-07,3.443958e-07,6.220979e-05,4.841856e-04
922222592,12476787,11066671104,33776167,-6.389874e-02,-2.609485e-02,2.512618e-07,3.307926e-07,6.058353e-05,4.650608e-04
922484736,12505797,11069816832,33785827,-6.390525e-02,-2.608384e-02,2.447833e-07,3.435873e-07,5.902147e-05,4.830489e-04
922746880,12524617,11072962560,33795722,-6.392267e-02,-2.608452e-02,2.278429e-07,3.427843e-07,5.493684e-05,4.819199e-04
923009024,12526762,11076108288,33805310,-6.395867e-02,-2.610920e-02,1.947767e-07,3.144962e-07,4.696402e-05,4.421498e-04
923271168,12527042,11079254016,33815150,-6.396434e-02,-2.611155e-02,1.897977e-07,3.118652e-07,4.576350e-05,4.384508e-04
923533312,12527293,11082399744,33824769,-6.393232e-02,-2.610722e-02,2.187249e-07,3.167209e-07,5.273835e-05,4.452774e-04
923795456,12527415,11085545472,33834495,-6.391925e-02,-2.610430e-02,2.311265e-07,3.200189e-07,5.572858e-05,4.499140e-04
924057600,12527564,11088691200,33843770,-6.390835e-02,-2.610890e-02,2.417187e-07,3.148348e-07,5.828253e-05,4.426257e-04
924319744,12527840,11091836928,33853333,-6.394219e-02,-2.610557e-02,2.095885e-07,3.185853e-07,5.053540e-05,4.478987e-04
924581888,12528480,11094982656,33862967,-6.391292e-02,-2.608648e-02,2.372486e-07,3.404936e-07,5.720472e-05,4.786995e-04
924844032,12528555,11098128384,33872385,-6.393156e-02,-2.603501e-02,2.194364e-07,4.032178e-07,5.290989e-05,5.668834e-04
925106176,12529332,11101274112,33882052,-6.394873e-02,-2.600614e-02,2.036484e-07,4.407073e-07,4.910314e-05,6.195898e-04
925368320,12530208,11104419840,33891587,-6.399155e-02,-2.598774e-02,1.668361e-07,4.654798e-07,4.022705e-05,6.544174e-04
925630464,12530209,11107565568,33901163,-6.400950e-02,-2.597420e-02,1.524959e-07,4.841356e-07,3.676940e-05,6.806455e-04
925892608,12530378,11110711296,33910727,-6.398632e-02,-2.600609e-02,1.711361e-07,4.407766e-07,4.126387e-05,6.196872e-04
926154752,12530454,11113857024,33920417,-6.399488e-02,-2.601239e-02,1.641265e-07,4.324468e-07,3.957373e-05,6.079763e-04
926416896,12530517,11117002752,33929902,-6.396654e-02,-2.598937e-02,1.878939e-07,4.632510e-07,4.530446e-05,6.512839e-04
926679040,12530739,11120148480,33939635,-6.398823e-02,-2.599491e-02,1.695555e-07,4.557486e-07,4.088276e-05,6.407363e-04
926941184,12531140,11123294208,33949330,-6.397229e-02,-2.601101e-02,1.829405e-07,4.342664e-07,4.411011e-05,6.105346e-04
927203328,12531157,11126439936,33958978,-6.401149e-02,-2.605384e-02,1.509404e-07,3.796523e-07,3.639434e-05,5.337526e-04
927465472,12531332,11129585664,33968796,-6.404946e-02,-2.608291e-02,1.228800e-07,3.446800e-07,2.962847e-05,4.845852e-04
927727616,12531473,11132731392,33978502,-6.403787e-02,-2.610771e-02,1.311367e-07,3.161739e-07,3.161932e-05,4.445085e-04
927989760,12531659,11135877120,33988157,-6.403346e-02,-2.608797e-02,1.343561e-07,3.387568e-07,3.239558e-05,4.762577e-04
928251904,12531683,11139022848,33997747,-6.403616e-02,-2.604046e-02,1.323807e-07,3.963236e-07,3.191928e-05,5.571909e-04
928514048,12531687,11142168576,34007428,-6.406592e-02,-2.606893e-02,1.116121e-07,3.612874e-07,2.691161e-05,5.079334e-04
928776192,12531943,11145314304,34016849,-6.409586e-02,-2.608977e-02,9.250123e-08,3.366720e-07,2.230364e-05,4.733267e-04
929038336,12532490,11148460032,34026613,-6.410486e-02,-2.611850e-02,8.711193e-08,3.041537e-07,2.100419e-05,4.276092e-04
929300480,12533346,11151605760,34036168,-6.407806e-02,-2.612810e-02,1.036451e-07,2.936590e-07,2.499062e-05,4.128547e-04
929562624,12533439,11154751488,34045587,-6.403518e-02,-2.612930e-02,1.330974e-07,2.923543e-07,3.209207e-05,4.110204e-04
929824768,12533560,11157897216,34055333,-6.402612e-02,-2.613244e-02,1.397844e-07,2.889701e-07,3.370444e-05,4.062627e-04
930086912,12533617,11161042944,34064908,-6.402415e-02,-2.611451e-02,1.412647e-07,3.085703e-07,3.406136e-05,4.338186e-04
930349056,12533967,11164188672,34074471,-6.399757e-02,-2.613282e-02,1.619545e-07,2.885577e-07,3.905001e-05,4.056828e-04
930611200,12534055,11167334400,34083907,-6.400302e-02,-2.613181e-02,1.575946e-07,2.896454e-07,3.799877e-05,4.072119e-04
930873344,12534174,11170480128,34093709,-6.401020e-02,-2.610370e-02,1.519494e-07,3.206999e-07,3.663763e-05,4.508715e-04
931135488,12535672,11173625856,34103318,-6.399230e-02,-2.613463e-02,1.662219e-07,2.866159e-07,4.007897e-05,4.029529e-04
931397632,12535928,11176771584,34112889,-6.396572e-02,-2.614935e-02,1.885986e-07,2.710767e-07,4.547438e-05,3.811064e-04
931659776,12536657,11179917312,34122339,-6.398419e-02,-2.614069e-02,1.728975e-07,2.801708e-07,4.168857e-05,3.938916e-04
931921920,12536687,11183063040,34132093,-6.399722e-02,-2.616557e-02,1.622364e-07,2.544538e-07,3.911800e-05,3.577362e-04
932184064,12537717,11186208768,34141624,-6.397630e-02,-2.617583e-02,1.795214e-07,2.442049e-07,4.328569e-05,3.433274e-04
932446208,12538644,11189354496,34151575,-6.395885e-02,-2.615290e-02,1.946123e-07,2.673964e-07,4.692438e-05,3.759322e-04
932708352,12540092,11192500224,34161130,-6.393494e-02,-2.621298e-02,2.162787e-07,2.088626e-07,5.214853e-05,2.936396e-04
932970496,12540481,11195645952,34170695,-6.393524e-02,-2.622623e-02,2.160016e-07,1.969348e-07,5.208172e-05,2.768703e-04
933232640,12542426,11198791680,34180372,-6.390910e-02,-2.623617e-02,2.409866e-07,1.882073e-07,5.810602e-05,2.646004e-04
933494784,12543192,11201937408,34189836,-6.391154e-02,-2.625346e-02,2.385932e-07,1.735068e-07,5.752894e-05,2.439330e-04
933756928,12544408,11205083136,34199304,-6.389611e-02,-2.628962e-02,2.539053e-07,1.446904e-07,6.122095e-05,2.034201e-04
934019072,12544799,11208228864,34208861,-6.389394e-02,-2.631032e-02,2.560950e-07,1.293674e-07,6.174892e-05,1.818774e-04
934281216,12545586,11211374592,34218514,-6.381080e-02,-2.632700e-02,3.471559e-07,1.176455e-07,8.370526e-05,1.653977e-04
934543360,12546333,11214520320,34228155,-6.376765e-02,-2.632225e-02,3.998705e-07,1.209264e-07,9.641565e-05,1.700102e-04
934805504,12546631,11217666048,34237571,-6.372900e-02,-2.632822e-02,4.502500e-07,1.168164e-07,1.085630e-04,1.642321e-04
935067648,12551720,11220811776,34247057,-6.371719e-02,-2.630418e-02,4.662274e-07,1.338268e-07,1.124155e-04,1.881470e-04
935329792,12553347,11223957504,34256542,-6.375024e-02,-2.634213e-02,4.221947e-07,1.074965e-07,1.017984e-04,1.511291e-04
935591936,12559671,11227103232,34266334,-6.373637e-02,-2.636257e-02,4.404057e-07,9.451066e-08,1.061894e-04,1.328724e-04
935854080,12560716,11230248960,34275964,-6.371832e-02,-2.636483e-02,4.646923e-07,9.312657e-08,1.120453e-04,1.309265e-04
936116224,12562971,11233394688,34285545,-6.373447e-02,-2.636350e-02,4.429309e-07,9.394347e-08,1.067983e-04,1.320750e-04
936378368,12567654,11236540416,34295169,-6.372429e-02,-2.634644e-02,4.565814e-07,1.046887e-07,1.100896e-04,1.471817e-04
936640512,12572866,11239686144,34304651,-6.378038e-02,-2.634247e-02,3.839291e-07,1.072779e-07,9.257190e-05,1.508219e-04
936902656,12575035,11242831872,34314124,-6.376638e-02,-2.633440e-02,4.014740e-07,1.126300e-07,9.680228e-05,1.583464e-04
937164800,12591101,11245977600,34323656,-6.378140e-02,-2.631749e-02,3.826744e-07,1.242615e-07,9.226939e-05,1.746991e-04
937426944,12593831,11249123328,34333143,-6.376959e-02,-2.635391e-02,3.974149e-07,9.990991e-08,9.582358e-05,1.404632e-04
937689088,12595841,11252269056,34342722,-6.378260e-02,-2.629378e-02,3.811825e-07,1.415421e-07,9.190968e-05,1.989938e-04
937951232,12598549,11255414784,34352191,-6.374867e-02,-2.628842e-02,4.242402e-07,1.456002e-07,1.022916e-04,2.046991e-04
938213376,12598977,11258560512,34361673,-6.376393e-02,-2.626101e-02,4.045863e-07,1.672761e-07,9.755272e-05,2.351733e-04
938475520,12613281,11261706240,34371161,-6.379964e-02,-2.630747e-02,3.604325e-07,1.314296e-07,8.690648e-05,1.847767e-04
938737664,12618919,11264851968,34380696,-6.380095e-02,-2.632252e-02,3.588687e-07,1.207412e-07,8.652941e-05,1.697499e-04
938999808,12620508,11267997696,34390597,-6.376165e-02,-2.627775e-02,4.074918e-07,1.538577e-07,9.825328e-05,2.163083e-04
939261952,12630627,11271143424,34400302,-6.375224e-02,-2.628921e-02,4.195942e-07,1.449981e-07,1.011714e-04,2.038526e-04
939524096,12653522,11274289152,34409958,-6.369484e-02,-2.629463e-02,4.972509e-07,1.409009e-07,1.198957e-04,1.980924e-04
939786240,12772461,11277434880,34419509,-6.369692e-02,-2.634126e-02,4.943236e-07,1.080688e-07,1.191899e-04,1.519338e-04
940048384,12772612,11280580608,34429095,-6.364517e-02,-2.634710e-02,5.697732e-07,1.042661e-07,1.373821e-04,1.465875e-04
940310528,12772699,11283726336,34438642,-6.359174e-02,-2.637581e-02,6.532864e-07,8.654770e-08,1.575186e-04,1.216773e-04
940572672,12772893,11286872064,34448288,-6.361742e-02,-2.636720e-02,6.124419e-07,9.168952e-08,1.476703e-04,1.289061e-04
940834816,12772947,11290017792,34457903,-6.359465e-02,-2.639310e-02,6.485857e-07,7.667407e-08,1.563852e-04,1.077960e-04
941096960,12773422,11293163520,34467427,-6.359817e-02,-2.640022e-02,6.429337e-07,7.278021e-08,1.550224e-04,1.023216e-04
941359104,12773722,11296309248,34477169,-6.355487e-02,-2.640254e-02,7.142519e-07,7.153436e-08,1.722184e-04,1.005700e-04
941621248,12773859,11299454976,34486812,-6.352913e-02,-2.639860e-02,7.584121e-07,7.365820e-08,1.828662e-04,1.035559e-04
941883392,12774006,11302600704,34496371,-6.353962e-02,-2.636149e-02,7.402505e-07,9.517722e-08,1.784872e-04,1.338095e-04
942145536,12774465,11305746432,34506061,-6.351350e-02,-2.635141e-02,7.858820e-07,1.014976e-07,1.894897e-04,1.426953e-04
942407680,12774705,11308892160,34515678,-6.351435e-02,-2.635079e-02,7.843768e-07,1.018967e-07,1.891268e-04,1.432565e-04
942669824,12774878,11312037888,34525365,-6.352394e-02,-2.633975e-02,7.674840e-07,1.090668e-07,1.850536e-04,1.533368e-04
942931968,12775101,11315183616,34534978,-6.352314e-02,-2.635226e-02,7.688814e-07,1.009595e-07,1.853905e-04,1.419388e-04
943194112,12775528,11318329344,34544639,-6.357929e-02,-2.635599e-02,6.735669e-07,9.860130e-08,1.624086e-04,1.386234e-04
943456256,12775625,11321475072,34554412,-6.359181e-02,-2.636536e-02,6.531780e-07,9.280399e-08,1.574925e-04,1.304730e-04
943718400,12776047,11324620800,34563993,-6.356503e-02,-2.636669e-02,6.971777e-07,9.199434e-08,1.681015e-04,1.293347e-04
943980544,12776069,11327766528,34573563,-6.358981e-02,-2.638444e-02,6.564095e-07,8.154466e-08,1.582716e-04,1.146435e-04
944242688,12776222,11330912256,34582964,-6.357314e-02,-2.638255e-02,6.837064e-07,8.263013e-08,1.648534e-04,1.161696e-04
944504832,12776810,11334057984,34592594,-6.355258e-02,-2.638752e-02,7.181233e-07,7.979254e-08,1.731519e-04,1.121802e-04
944766976,12776916,11337203712,34602222,-6.356698e-02,-2.639055e-02,6.939217e-07,7.809066e-08,1.673165e-04,1.097876e-04
945029120,12777073,11340349440,34611789,-6.359918e-02,-2.637998e-02,6.413098e-07,8.411236e-08,1.546308e-04,1.182534e-04
945291264,12777124,11343495168,34621319,-6.363153e-02,-2.636378e-02,5.905428e-07,9.377227e-08,1.423900e-04,1.318343e-04
945553408,12777161,11346640896,34630898,-6.363124e-02,-2.635506e-02,5.910009e-07,9.918706e-08,1.425005e-04,1.394469e-04
945815552,12777175,11349786624,34640530,-6.360203e-02,-2.635275e-02,6.367595e-07,1.006484e-07,1.535337e-04,1.415014e-04
946077696,12777556,11352932352,34649879,-6.359033e-02,-2.636939e-02,6.555767e-07,9.036888e-08,1.580708e-04,1.270495e-04
946339840,12777712,11356078080,34659606,-6.359006e-02,-2.639098e-02,6.560112e-07,7.785453e-08,1.581756e-04,1.094556e-04
946601984,12777900,11359223808,34669364,-6.356789e-02,-2.639581e-02,6.924082e-07,7.517848e-08,1.669515e-04,1.056933e-04
946864128,12778169,11362369536,34679138,-6.357182e-02,-2.639666e-02,6.858891e-07,7.471547e-08,1.653796e-04,1.050424e-04
947126272,12779202,11365515264,34688878,-6.359318e-02,-2.631317e-02,6.509640e-07,1.273308e-07,1.569586e-04,1.790141e-04
947388416,12779287,11368660992,34698597,-6.359475e-02,-2.629517e-02,6.484296e-07,1.404943e-07,1.563476e-04,1.975207e-04
947650560,12779348,11371806720,34708308,-6.360337e-02,-2.626834e-02,6.346209e-07,1.613269e-07,1.530180e-04,2.268093e-04
947912704,12779454,11374952448,34717913,-6.356008e-02,-2.632261e-02,7.054762e-07,1.206765e-07,1.701025e-04,1.696589e-04
948174848,12780069,11378098176,34727610,-6.356157e-02,-2.630670e-02,7.029752e-07,1.319866e-07,1.694994e-04,1.855598e-04
948436992,12780329,11381243904,34737162,-6.355258e-02,-2.628635e-02,7.181233e-07,1.471851e-07,1.731519e-04,2.069274e-04
948699136,12781272,11384389632,34746810,-6.353404e-02,-2.623826e-02,7.498973e-07,1.863952e-07,1.808131e-04,2.620527e-04
948961280,12781305,11387535360,34756398,-6.355284e-02,-2.621127e-02,7.176815e-07,2.104284e-07,1.730454e-04,2.958410e-04
949223424,12781447,11390681088,34765857,-6.355738e-02,-2.621836e-02,7.100142e-07,2.039747e-07,1.711967e-04,2.867677e-04
949485568,12781734,11393826816,34775444,-6.356774e-02,-2.624812e-02,6.926562e-07,1.779857e-07,1.670113e-04,2.502299e-04
949747712,12781980,11396972544,34784907,-6.359049e-02,-2.624839e-02,6.553113e-07,1.777563e-07,1.580068e-04,2.499074e-04
950009856,12782925,11400118272,34794411,-6.363728e-02,-2.626407e-02,5.817470e-07,1.647807e-07,1.402692e-04,2.316649e-04
950272000,12783043,11403264000,34803957,-6.362895e-02,-2.629141e-02,5.945229e-07,1.433290e-07,1.433497e-04,2.015061e-04
950534144,12783183,11406409728,34813549,-6.364423e-02,-2.624453e-02,5.711913e-07,1.810208e-07,1.377241e-04,2.544969e-04
950796288,12783864,11409555456,34823188,-6.363442e-02,-2.625838e-02,5.861195e-07,1.694329e-07,1.413235e-04,2.382054e-04
951058432,12785597,11412701184,34832900,-6.362127e-02,-2.625571e-02,6.064277e-07,1.716374e-07,1.462202e-04,2.413047e-04
951320576,12786284,11415846912,34842481,-6.361977e-02,-2.628935e-02,6.087624e-07,1.448917e-07,1.467831e-04,2.037030e-04
951582720,12792489,11418992640,34851954,-6.360337e-02,-2.629295e-02,6.346209e-07,1.421665e-07,1.530180e-04,1.998716e-04
951844864,12795440,11422138368,34861346,-6.361534e-02,-2.630259e-02,6.156880e-07,1.349864e-07,1.484530e-04,1.897771e-04
952107008,12801501,11425284096,34870731,-6.361672e-02,-2.630508e-02,6.135385e-07,1.331640e-07,1.479347e-04,1.872150e-04
952369152,12804844,11428429824,34880487,-6.358103e-02,-2.633662e-02,6.707205e-07,1.111447e-07,1.617223e-04,1.562581e-04
952631296,12808789,11431575552,34890153,-6.361632e-02,-2.632610e-02,6.141573e-07,1.182635e-07,1.480839e-04,1.662665e-04
952893440,12816187,11434721280,34899661,-6.361645e-02,-2.638559e-02,6.139471e-07,8.089069e-08,1.480332e-04,1.137241e-04
953155584,12835244,11437867008,34909107,-6.363761e-02,-2.641681e-02,5.812356e-07,6.410296e-08,1.401459e-04,9.012226e-05
953417728,12838742,11441012736,34918607,-6.360815e-02,-2.642478e-02,6.270346e-07,6.013241e-08,1.511888e-04,8.454006e-05
953679872,12839796,11444158464,34928247,-6.359396e-02,-2.644566e-02,6.497022e-07,5.032625e-08,1.566544e-04,7.075359e-05
953942016,12843013,11447304192,34938027,-6.359836e-02,-2.644201e-02,6.426350e-07,5.197927e-08,1.549504e-04,7.307759e-05
954204160,12869543,11450449920,34947604,-6.361869e-02,-2.645742e-02,6.104494e-07,4.518866e-08,1.471899e-04,6.353066e-05
954466304,12869648,11453595648,34957214,-6.360420e-02,-2.647976e-02,6.333040e-07,3.619174e-08,1.527005e-04,5.088191e-05
954728448,12893650,11456741376,34966877,-6.358072e-02,-2.647213e-02,6.712210e-07,3.915427e-08,1.618429e-04,5.504693e-05
954990592,12896967,11459887104,34976450,-6.363430e-02,-2.646636e-02,5.863020e-07,4.146895e-08,1.413675e-04,5.830114e-05
955252736,12903617,11463032832,34986132,-6.365786e-02,-2.644099e-02,5.507790e-07,5.244318e-08,1.328023e-04,7.372980e-05
955514880,12914279,11466178560,34996070,-6.364887e-02,-2.646353e-02,5.641967e-07,4.262776e-08,1.360375e-04,5.993030e-05
955777024,12918253,11469324288,35005694,-6.362580e-02,-2.646066e-02,5.993930e-07,4.382514e-08,1.445240e-04,6.161371e-05
956039168,12947210,11472470016,35015428,-6.363321e-02,-2.649402e-02,5.879691e-07,3.096795e-08,1.417695e-04,4.353780e-05
956301312,12971748,11475615744,35025176,-6.365860e-02,-2.647538e-02,5.496847e-07,3.787708e-08,1.325385e-04,5.325133e-05
956563456,12973992,11478761472,35034810,-6.367102e-02,-2.646018e-02,5.314114e-07,4.402580e-08,1.281324e-04,6.189580e-05
956825600,12974503,11481907200,35044351,-6.369810e-02,-2.646882e-02,4.926696e-07,4.047512e-08,1.187911e-04,5.690391e-05
957087744,12974746,11485052928,35053979,-6.366325e-02,-2.645782e-02,5.428016e-07,4.502093e-08,1.308788e-04,6.329486e-05
957349888,12974866,11488198656,35063496,-6.361981e-02,-2.645626e-02,6.087042e-07,4.568496e-08,1.467691e-04,6.422841e-05
957612032,12974879,11491344384,35073099,-6.365749e-02,-2.650268e-02,5.513210e-07,2.799645e-08,1.329330e-04,3.936018e-05
957874176,12975049,11494490112,35082532,-6.365999e-02,-2.652938e-02,5.476207e-07,1.977462e-08,1.320408e-04,2.780111e-05
958136320,12975492,11497635840,35092414,-6.362365e-02,-2.656313e-02,6.027201e-07,1.142064e-08,1.453262e-04,1.605626e-05
958398464,12975855,11500781568,35101922,-6.363001e-02,-2.656444e-02,5.928925e-07,1.114366e-08,1.429566e-04,1.566686e-05
958660608,12976064,11503927296,35111628,-6.362315e-02,-2.656589e-02,6.034954e-07,1.083942e-08,1.455131e-04,1.523913e-05
958922752,12976480,11507073024,35121271,-6.364524e-02,-2.658149e-02,5.696607e-07,7.834533e-09,1.373550e-04,1.101456e-05
959184896,12977452,11510218752,35130981,-6.366203e-02,-2.654725e-02,5.446035e-07,1.506852e-08,1.313133e-04,2.118481e-05
959447040,12977543,11513364480,35140710,-6.368145e-02,-2.651221e-02,5.163232e-07,2.489659e-08,1.244944e-04,3.500208e-05
959709184,12977672,11516510208,35150407,-6.367376e-02,-2.650311e-02,5.274215e-07,2.785141e-08,1.271704e-04,3.915625e-05
959971328,12977691,11519655936,35159984,-6.368905e-02,-2.648509e-02,5.054595e-07,3.419116e-08,1.218750e-04,4.806930e-05
960233472,12977912,11522801664,35169531,-6.367923e-02,-2.647250e-02,5.195189e-07,3.900551e-08,1.252650e-04,5.483779e-05
960495616,12977974,11525947392,35179074,-6.363478e-02,-2.645361e-02,5.855720e-07,4.682584e-08,1.411915e-04,6.583238e-05
960757760,12978171,11529093120,35188715,-6.364081e-02,-2.645351e-02,5.763722e-07,4.686616e-08,1.389733e-04,6.588907e-05
961019904,12978372,11532238848,35198350,-6.364717e-02,-2.646313e-02,5.667515e-07,4.279637e-08,1.366536e-04,6.016735e-05
961282048,12979056,11535384576,35208083,-6.366470e-02,-2.645931e-02,5.406738e-07,4.438845e-08,1.303658e-04,6.240566e-05
961544192,12979120,11538530304,35217664,-6.365088e-02,-2.645379e-02,5.611787e-07,4.674527e-08,1.353099e-04,6.571910e-05
961806336,12979186,11541676032,35227169,-6.363585e-02,-2.645906e-02,5.839312e-07,4.449447e-08,1.407959e-04,6.255471e-05
962068480,12979207,11544821760,35236801,-6.364764e-02,-2.642305e-02,5.660562e-07,6.098221e-08,1.364859e-04,8.573480e-05
962330624,12979639,11547967488,35246487,-6.367607e-02,-2.641534e-02,5.240829e-07,6.485025e-08,1.263654e-04,9.117288e-05
962592768,12980239,11551113216,35256299,-6.370502e-02,-2.640253e-02,4.830010e-07,7.154233e-08,1.164599e-04,1.005813e-04
962854912,12980497,11554258944,35265661,-6.369543e-02,-2.638654e-02,4.964211e-07,8.034701e-08,1.196957e-04,1.129597e-04
963117056,12980677,11557404672,35275311,-6.373385e-02,-2.636107e-02,4.437644e-07,9.543714e-08,1.069992e-04,1.341749e-04
963379200,12980729,11560550400,35285055,-6.371944e-02,-2.639673e-02,4.631597e-07,7.467577e-08,1.116758e-04,1.049866e-04
963641344,12980848,11563696128,35294676,-6.372520e-02,-2.639312e-02,4.553538e-07,7.666066e-08,1.097936e-04,1.077771e-04
963903488,12981664,11566841856,35304293,-6.369736e-02,-2.641352e-02,4.937057e-07,6.577946e-08,1.190409e-04,9.247923e-05
964165632,12981809,11569987584,35314085,-6.371590e-02,-2.644828e-02,4.679995e-07,4.915974e-08,1.128427e-04,6.911361e-05
964427776,12983169,11573133312,35323854,-6.368641e-02,-2.644869e-02,5.092168e-07,4.897985e-08,1.227809e-04,6.886069e-05
964689920,12983725,11576279040,35333720,-6.374837e-02,-2.641917e-02,4.246285e-07,6.291538e-08,1.023852e-04,8.845265e-05
964952064,12983796,11579424768,35343484,-6.375180e-02,-2.642052e-02,4.201639e-07,6.223789e-08,1.013088e-04,8.750017e-05
965214208,12984085,11582570496,35353120,-6.375118e-02,-2.636169e-02,4.209660e-07,9.505314e-08,1.015022e-04,1.336351e-04
965476352,12984139,11585716224,35362634,-6.372058e-02,-2.632419e-02,4.616195e-07,1.195816e-07,1.113044e-04,1.681195e-04
965738496,12985679,11588861952,35372152,-6.374329e-02,-2.634783e-02,4.312668e-07,1.037903e-07,1.039858e-04,1.459186e-04
966000640,12986582,11592007680,35381766,-6.377817e-02,-2.638125e-02,3.866762e-07,8.337498e-08,9.323429e-05,1.172168e-04
966262784,12987399,11595153408,35391429,-6.376570e-02,-2.636538e-02,4.023431e-07,9.279037e-08,9.701184e-05,1.304538e-04
966524928,12987842,11598299136,35400880,-6.374004e-02,-2.639516e-02,4.355439e-07,7.553641e-08,1.050171e-04,1.061965e-04
966787072,12989844,11601444864,35410510,-6.372716e-02,-2.634055e-02,4.527131e-07,1.085384e-07,1.091569e-04,1.525939e-04
967049216,12991414,11604590592,35420246,-6.370254e-02,-2.638662e-02,4.864557e-07,8.030266e-08,1.172928e-04,1.128974e-04
967311360,12991547,11607736320,35429805,-6.365810e-02,-2.641089e-02,5.504252e-07,6.713739e-08,1.327170e-04,9.438836e-05
967573504,12992184,11610882048,35439305,-6.367324e-02,-2.647312e-02,5.281901e-07,3.876236e-08,1.273557e-04,5.449595e-05
967835648,12993385,11614027776,35449082,-6.368557e-02,-2.646478e-02,5.104191e-07,4.211705e-08,1.230708e-04,5.921230e-05
968097792,12993642,11617173504,35458534,-6.363561e-02,-2.649306e-02,5.842956e-07,3.130912e-08,1.408837e-04,4.401745e-05
968359936,12993856,11620319232,35468392,-6.360471e-02,-2.647074e-02,6.324979e-07,3.970462e-08,1.525061e-04,5.582067e-05
968622080,12998922,11623464960,35477990,-6.359923e-02,-2.643426e-02,6.412382e-07,5.557164e-08,1.546136e-04,7.812808e-05
968884224,13000427,11626610688,35487518,-6.359706e-02,-2.644878e-02,6.447153e-07,4.893698e-08,1.554520e-04,6.880044e-05
969146368,13006852,11629756416,35497126,-6.358819e-02,-2.644616e-02,6.590440e-07,5.010419e-08,1.589069e-04,7.044141e-05
969408512,13008979,11632902144,35506549,-6.358675e-02,-2.641630e-02,6.613808e-07,6.436355e-08,1.594703e-04,9.048861e-05
969670656,13010192,11636047872,35515869,-6.356154e-02,-2.642444e-02,7.030252e-07,6.030152e-08,1.695115e-04,8.477782e-05
969932800,13015958,11639193600,35525280,-6.353956e-02,-2.642790e-02,7.403531e-07,5.861020e-08,1.785119e-04,8.240000e-05
970194944,13020204,11642339328,35534798,-6.355010e-02,-2.637198e-02,7.223345e-07,8.881451e-08,1.741673e-04,1.248642e-04
970457088,13022284,11645485056,35544484,-6.353114e-02,-2.638255e-02,7.549253e-07,8.262478e-08,1.820255e-04,1.161621e-04
970719232,13039904,11648630784,35553934,-6.350834e-02,-2.637271e-02,7.950632e-07,8.837984e-08,1.917034e-04,1.242531e-04
970981376,13041295,11651776512,35563502,-6.347448e-02,-2.635342e-02,8.565846e-07,1.002257e-07,2.065373e-04,1.409072e-04
971243520,13043173,11654922240,35573017,-6.343233e-02,-2.634657e-02,9.363929e-07,1.046080e-07,2.257805e-04,1.470682e-04
971505664,13046437,11658067968,35582960,-6.344716e-02,-2.636721e-02,9.079038e-07,9.168050e-08,2.189112e-04,1.288935e-04
971767808,13046866,11661213696,35592396,-6.344470e-02,-2.630984e-02,9.126096e-07,1.297160e-07,2.200459e-04,1.823675e-04
972029952,13060464,11664359424,35601920,-6.341337e-02,-2.627073e-02,9.734352e-07,1.594144e-07,2.347120e-04,2.241204e-04
972292096,13066000,11667505152,35611907,-6.342305e-02,-2.628667e-02,9.544311e-07,1.469380e-07,2.301298e-04,2.065799e-04
972554240,13067931,11670650880,35621707,-6.341880e-02,-2.629909e-02,9.627618e-07,1.375731e-07,2.321384e-04,1.934139e-04
972816384,13077721,11673796608,35631255,-6.338493e-02,-2.630868e-02,1.030376e-06,1.305505e-07,2.484415e-04,1.835408e-04
973078528,13100764,11676942336,35640772,-6.337269e-02,-2.631400e-02,1.055363e-06,1.267346e-07,2.544661e-04,1.781760e-04
973340672,13213890,11680088064,35650259,-6.338472e-02,-2.628231e-02,1.030800e-06,1.503057e-07,2.485436e-04,2.113146e-04
973602816,13213993,11683233792,35659856,-6.337789e-02,-2.633883e-02,1.044705e-06,1.096729e-07,2.518962e-04,1.541890e-04
973864960,13214174,11686379520,35669772,-6.337635e-02,-2.630507e-02,1.047860e-06,1.331708e-07,2.526570e-04,1.872246e-04
974127104,13214293,11689525248,35679374,-6.334938e-02,-2.629509e-02,1.103805e-06,1.405585e-07,2.661464e-04,1.976110e-04
974389248,13214360,11692670976,35688995,-6.332585e-02,-2.629593e-02,1.153799e-06,1.399279e-07,2.782007e-04,1.967245e-04
974651392,13214787,11695816704,35698603,-6.326623e-02,-2.632676e-02,1.285451e-06,1.178130e-07,3.099443e-04,1.656331e-04
974913536,13215204,11698962432,35707975,-6.329338e-02,-2.630838e-02,1.224607e-06,1.307700e-07,2.952739e-04,1.838494e-04
975175680,13215220,11702108160,35717828,-6.326919e-02,-2.631122e-02,1.278735e-06,1.287210e-07,3.083251e-04,1.809687e-04
975437824,13215324,11705253888,35727435,-6.327151e-02,-2.630120e-02,1.273500e-06,1.360162e-07,3.070629e-04,1.912250e-04
975699968,13215901,11708399616,35736987,-6.322700e-02,-2.628919e-02,1.375940e-06,1.450194e-07,3.317627e-04,2.038825e-04
975962112,13215998,11711545344,35746598,-6.318946e-02,-2.625839e-02,1.465408e-06,1.694221e-07,3.533352e-04,2.381903e-04
976224256,13216400,11714691072,35756303,-6.318429e-02,-2.625016e-02,1.477954e-06,1.762611e-07,3.563601e-04,2.478052e-04
976486400,13216489,11717836800,35765888,-6.316744e-02,-2.627515e-02,1.519215e-06,1.559058e-07,3.663089e-04,2.191878e-04
976748544,13216793,11720982528,35775675,-6.318456e-02,-2.624310e-02,1.477302e-06,1.822417e-07,3.562029e-04,2.562133e-04
977010688,13217205,11724128256,35785201,-6.320642e-02,-2.626542e-02,1.424640e-06,1.636831e-07,3.435053e-04,2.301218e-04
977272832,13217498,11727273984,35794803,-6.321099e-02,-2.629758e-02,1.413741e-06,1.386974e-07,3.408773e-04,1.949945e-04
977534976,13217590,11730419712,35804307,-6.323306e-02,-2.628750e-02,1.361766e-06,1.463032e-07,3.283452e-04,2.056875e-04
977797120,13217913,11733565440,35813998,-6.324829e-02,-2.630407e-02,1.326438e-06,1.339032e-07,3.198270e-04,1.882543e-04
978059264,13218239,11736711168,35823472,-6.326955e-02,-2.630641e-02,1.277927e-06,1.321938e-07,3.081302e-04,1.858510e-04
978321408,13218306,11739856896,35832912,-6.323486e-02,-2.633157e-02,1.357561e-06,1.145346e-07,3.273313e-04,1.610240e-04
978583552,13218420,11743002624,35842493,-6.323513e-02,-2.638300e-02,1.356936e-06,8.236691e-08,3.271806e-04,1.157995e-04
978845696,13218561,11746148352,35852242,-6.322604e-02,-2.638102e-02,1.378195e-06,8.350949e-08,3.323066e-04,1.174059e-04
979107840,13218624,11749294080,35861564,-6.326967e-02,-2.631824e-02,1.277657e-06,1.237315e-07,3.080652e-04,1.739540e-04
979369984,13218701,11752439808,35871263,-6.326300e-02,-2.633810e-02,1.292776e-06,1.101583e-07,3.117107e-04,1.548714e-04
979632128,13218884,11755585536,35881050,-6.327519e-02,-2.637315e-02,1.265207e-06,8.812199e-08,3.050631e-04,1.238906e-04
979894272,13219188,11758731264,35890676,-6.327395e-02,-2.636217e-02,1.267991e-06,9.475819e-08,3.057344e-04,1.332204e-04
980156416,13219253,11761876992,35900242,-6.328174e-02,-2.636920e-02,1.250500e-06,9.047978e-08,3.015171e-04,1.272054e-04
980418560,13219377,11765022720,35909858,-6.327745e-02,-2.639029e-02,1.260133e-06,7.823543e-08,3.038398e-04,1.099911e-04
980680704,13220626,11768168448,35919582,-6.328789e-02,-2.639516e-02,1.236791e-06,7.553641e-08,2.982116e-04,1.061965e-04
980942848,13220828,11771314176,35929192,-6.327376e-02,-2.639667e-02,1.268427e-06,7.470936e-08,3.058396e-04,1.050338e-04
981204992,13220848,11774459904,35938827,-6.326038e-02,-2.641012e-02,1.298730e-06,6.753761e-08,3.131462e-04,9.495101e-05
981467136,13220894,11777605632,35948464,-6.325188e-02,-2.641511e-02,1.318196e-06,6.496984e-08,3.178397e-04,9.134099e-05
981729280,13221466,11780751360,35958005,-6.319939e-02,-2.640887e-02,1.441480e-06,6.818878e-08,3.475656e-04,9.586650e-05
981991424,13221803,11783897088,35967803,-6.320771e-02,-2.639443e-02,1.421565e-06,7.593830e-08,3.427638e-04,1.067615e-04
982253568,13222599,11787042816,35977607,-6.318137e-02,-2.639677e-02,1.485064e-06,7.465236e-08,3.580744e-04,1.049536e-04
982515712,13222608,11790188544,35987098,-6.314433e-02,-2.638505e-02,1.576704e-06,8.119824e-08,3.801705e-04,1.141565e-04
982777856,13222849,11793334272,35996675,-6.313833e-02,-2.639802e-02,1.591821e-06,7.397195e-08,3.838155e-04,1.039971e-04
983040000,13223106,11796480000,36006120,-6.313867e-02,-2.637211e-02,1.590956e-06,8.873904e-08,3.836070e-04,1.247581e-04
983302144,13223247,11799625728,36015419,-6.317291e-02,-2.635950e-02,1.505764e-06,9.641208e-08,3.630656e-04,1.355456e-04
983564288,13224441,11802771456,36025158,-6.318142e-02,-2.634930e-02,1.484937e-06,1.028467e-07,3.580437e-04,1.445920e-04
983826432,13224498,11805917184,36034869,-6.317271e-02,-2.633220e-02,1.506258e-06,1.141063e-07,3.631847e-04,1.604219e-04
984088576,13224694,11809062912,36044478,-6.320296e-02,-2.631168e-02,1.432905e-06,1.283924e-07,3.454981e-04,1.805067e-04
984350720,13225281,11812208640,36054346,-6.316122e-02,-2.632580e-02,1.534590e-06,1.184724e-07,3.700160e-04,1.665602e-04
984612864,13227252,11815354368,36063827,-6.314961e-02,-2.633301e-02,1.563484e-06,1.135608e-07,3.769830e-04,1.596550e-04
984875008,13227717,11818500096,36073352,-6.311409e-02,-2.634238e-02,1.653566e-06,1.073341e-07,3.987033e-04,1.509008e-04
985137152,13233808,11821645824,36082869,-6.310213e-02,-2.633990e-02,1.684463e-06,1.089647e-07,4.061531e-04,1.531933e-04
985399296,13236904,11824791552,36092482,-6.308318e-02,-2.631410e-02,1.734023e-06,1.266657e-07,4.181028e-04,1.780791e-04
985661440,13243815,11827937280,36102154,-6.303522e-02,-2.631212e-02,1.862631e-06,1.280776e-07,4.491124e-04,1.800641e-04
985923584,13246104,11831083008,36111787,-6.300861e-02,-2.633800e-02,1.935962e-06,1.102238e-07,4.667937e-04,1.549635e-04
986185728,13250174,11834228736,36121505,-6.305471e-02,-2.637452e-02,1.809810e-06,8.730775e-08,4.363763e-04,1.227458e-04
986447872,13259181,11837374464,36131115,-6.304237e-02,-2.636935e-02,1.843159e-06,9.039127e-08,4.444174e-04,1.270810e-04
986710016,13276825,11840520192,36140762,-6.306892e-02,-2.637203e-02,1.771783e-06,8.878676e-08,4.272074e-04,1.248252e-04
986972160,13280172,11843665920,36150285,-6.304866e-02,-2.636710e-02,1.826124e-06,9.174705e-08,4.403100e-04,1.289871e-04
987234304,13281184,11846811648,36159990,-6.304573e-02,-2.638111e-02,1.834046e-06,8.345567e-08,4.422201e-04,1.173302e-04
987496448,13284353,11849957376,36169710,-6.309588e-02,-2.634446e-02,1.700748e-06,1.059788e-07,4.100796e-04,1.489954e-04
987758592,13311081,11853103104,36179113,-6.312650e-02,-2.638188e-02,1.621816e-06,8.301287e-08,3.910477e-04,1.167077e-04
988020736,13311245,11856248832,36188703,-6.315689e-02,-2.641639e-02,1.545334e-06,6.431725e-08,3.726065e-04,9.042353e-05
988282880,13334921,11859394560,36198324,-6.318587e-02,-2.643169e-02,1.474116e-06,5.679014e-08,3.554347e-04,7.984118e-05
988545024,13338641,11862540288,36207894,-6.318431e-02,-2.642195e-02,1.477918e-06,6.152711e-08,3.563514e-04,8.650088e-05
988807168,13345092,11865686016,36217662,-6.320678e-02,-2.643787e-02,1.423769e-06,5.388534e-08,3.432953e-04,7.575731e-05
989069312,13355520,11868831744,36227289,-6.317964e-02,-2.642833e-02,1.489279e-06,5.840565e-08,3.590909e-04,8.211243e-05
989331456,13359757,11871977472,36237014,-6.312056e-02,-2.644083e-02,1.636976e-06,5.251658e-08,3.947031e-04,7.383298e-05
989593600,13388755,11875123200,36246675,-6.315026e-02,-2.644195e-02,1.561864e-06,5.200560e-08,3.765923e-04,7.311459e-05
989855744,13416994,11878268928,36256325,-6.318290e-02,-2.645230e-02,1.481343e-06,4.739264e-08,3.571774e-04,6.662925e-05
990117888,13418739,11881414656,36265987,-6.320380e-02,-2.646466e-02,1.430908e-06,4.216446e-08,3.450166e-04,5.927895e-05
990380032,13421064,11884560384,36275525,-6.319790e-02,-2.650692e-02,1.445060e-06,2.659393e-08,3.484288e-04,3.738836e-05
990642176,13421977,11887706112,36285037,-6.322414e-02,-2.646988e-02,1.382642e-06,4.004831e-08,3.333788e-04,5.630386e-05
990904320,13422110,11890851840,36294945,-6.321444e-02,-2.646733e-02,1.405549e-06,4.107617e-08,3.389022e-04,5.774892e-05
991166464,13422181,11893997568,36304549,-6.321771e-02,-2.644045e-02,1.397822e-06,5.269515e-08,3.370391e-04,7.408404e-05
991428608,13422406,11897143296,36314116,-6.319777e-02,-2.638363e-02,1.445365e-06,8.200487e-08,3.485023e-04,1.152905e-04
991690752,13422474,11900289024,36323745,-6.323330e-02,-2.640724e-02,1.361192e-06,6.904360e-08,3.282068e-04,9.706830e-05
991952896,13423015,11903434752,36333325,-6.324008e-02,-2.640338e-02,1.345417e-06,7.108571e-08,3.244033e-04,9.993928e-05
992215040,13423349,11906580480,36343080,-6.322612e-02,-2.643291e-02,1.378003e-06,5.621279e-08,3.322602e-04,7.902949e-05
992477184,13423674,11909726208,36352615,-6.319013e-02,-2.641693e-02,1.463785e-06,6.404262e-08,3.529439e-04,9.003742e-05
992739328,13424651,11912871936,36361962,-6.318095e-02,-2.639375e-02,1.486099e-06,7.631346e-08,3.583240e-04,1.072890e-04
993001472,13424785,11916017664,36371683,-6.319828e-02,-2.638094e-02,1.444129e-06,8.355256e-08,3.482043e-04,1.174664e-04
993263616,13424952,11919163392,36381439,-6.323877e-02,-2.641879e-02,1.348461e-06,6.310802e-08,3.251372e-04,8.872347e-05
993525760,13425007,11922309120,36391044,-6.324366e-02,-2.638878e-02,1.337134e-06,7.908591e-08,3.224059e-04,1.111868e-04
993787904,13425048,11925454848,36400750,-6.330562e-02,-2.639537e-02,1.197664e-06,7.542076e-08,2.887775e-04,1.060339e-04
994050048,13425300,11928600576,36410295,-6.329263e-02,-2.637624e-02,1.226274e-06,8.629691e-08,2.956757e-04,1.213247e-04
994312192,13425586,11931746304,36419891,-6.330159e-02,-2.640204e-02,1.206519e-06,7.180463e-08,2.909126e-04,1.009500e-04
994574336,13425837,11934892032,36429534,-6.327550e-02,-2.643381e-02,1.264503e-06,5.578788e-08,3.048935e-04,7.843209e-05
994836480,13426363,11938037760,36439039,-6.326240e-02,-2.642571e-02,1.294149e-06,5.967652e-08,3.120417e-04,8.389913e-05
995098624,13426601,11941183488,36448773,-6.325995e-02,-2.641257e-02,1.299715e-06,6.626764e-08,3.133838e-04,9.316558e-05
995360768,13426630,11944329216,36458465,-6.327311e-02,-2.642589e-02,1.269888e-06,5.959009e-08,3.061917e-04,8.377763e-05
995622912,13426711,11947474944,36468024,-6.325157e-02,-2.642261e-02,1.318897e-06,6.120228e-08,3.180089e-04,8.604419e-05
995885056,13427212,11950620672,36477496,-6.325033e-02,-2.645511e-02,1.321757e-06,4.617676e-08,3.186983e-04,6.491984e-05
996147200,13427640,11953766400,36487076,-6.325851e-02,-2.648890e-02,1.302996e-06,3.279767e-08,3.141748e-04,4.611019e-05
996409344,13427691,11956912128,36496547,-6.326695e-02,-2.654502e-02,1.283812e-06,1.562041e-08,3.095493e-04,2.196071e-05
996671488,13427878,11960057856,36506303,-6.328009e-02,-2.655180e-02,1.254202e-06,1.397074e-08,3.024098e-04,1.964144e-05
996933632,13427979,11963203584,36515880,-6.326003e-02,-2.651823e-02,1.299545e-06,2.303362e-08,3.133428e-04,3.238294e-05
997195776,13428117,11966349312,36525444,-6.322496e-02,-2.653904e-02,1.380733e-06,1.715120e-08,3.329185e-04,2.411284e-05
997457920,13429079,11969495040,36535216,-6.322544e-02,-2.656084e-02,1.379595e-06,1.191476e-08,3.326442e-04,1.675094e-05
997720064,13429318,11972640768,36544719,-6.325046e-02,-2.656325e-02,1.321448e-06,1.139597e-08,3.186239e-04,1.602158e-05
997982208,13430789,11975786496,36554174,-6.330360e-02,-2.652584e-02,1.202104e-06,2.078248e-08,2.898480e-04,2.921805e-05
998244352,13431167,11978932224,36563729,-6.331608e-02,-2.649187e-02,1.174878e-06,3.173175e-08,2.832834e-04,4.461161e-05
998506496,13431217,11982077952,36573373,-6.332682e-02,-2.647873e-02,1.151719e-06,3.658471e-08,2.776993e-04,5.143439e-05
998768640,13431431,11985223680,36582847,-6.331065e-02,-2.648217e-02,1.186682e-06,3.528118e-08,2.861295e-04,4.960177e-05
999030784,13431468,11988369408,36592240,-6.331430e-02,-2.646016e-02,1.178758e-06,4.403361e-08,2.842188e-04,6.190679e-05
999292928,13433585,11991515136,36601930,-6.336216e-02,-2.651756e-02,1.077119e-06,2.323704e-08,2.597120e-04,3.266893e-05
999555072,13434422,11994660864,36611492,-6.334936e-02,-2.652346e-02,1.103852e-06,2.147448e-08,2.661577e-04,3.019094e-05
999817216,13434616,11997806592,36621209,-6.337735e-02,-2.653768e-02,1.045817e-06,1.750870e-08,2.521644e-04,2.461546e-05
1000079360,13434958,12000952320,36630839,-6.337202e-02,-2.652950e-02,1.056741e-06,1.973954e-08,2.547984e-04,2.775178e-05
1000341504,13437451,12004098048,36640508,-6.335159e-02,-2.655639e-02,1.099160e-06,1.290770e-08,2.650265e-04,1.814691e-05
1000603648,13438681,12007243776,36650347,-6.336100e-02,-2.653785e-02,1.079533e-06,1.746338e-08,2.602940e-04,2.455174e-05
1000865792,13439346,12010389504,36660077,-6.332404e-02,-2.652002e-02,1.157691e-06,2.249238e-08,2.791393e-04,3.162201e-05
1001127936,13439448,12013535232,36669855,-6.330319e-02,-2.649966e-02,1.203003e-06,2.901598e-08,2.900647e-04,4.079352e-05
1001390080,13440997,12016680960,36679367,-6.332724e-02,-2.646718e-02,1.150823e-06,4.113583e-08,2.774833e-04,5.783281e-05
1001652224,13441103,12019826688,36688974,-6.330159e-02,-2.641040e-02,1.206519e-06,6.739150e-08,2.909126e-04,9.474561e-05
1001914368,13441231,12022972416,36698597,-6.328169e-02,-2.644553e-02,1.250633e-06,5.038727e-08,3.015493e-04,7.083939e-05
1002176512,13446064,12026118144,36708269,-6.328338e-02,-2.646673e-02,1.246837e-06,4.131812e-08,3.006338e-04,5.808909e-05
1002438656,13447525,12029263872,36718069,-6.330524e-02,-2.645810e-02,1.198496e-06,4.490086e-08,2.889780e-04,6.312606e-05
1002700800,13453819,12032409600,36727634,-6.326396e-02,-2.643888e-02,1.290592e-06,5.341421e-08,3.111839e-04,7.509496e-05
1002962944,13457378,12035555328,36737239,-6.328725e-02,-2.643953e-02,1.238216e-06,5.311587e-08,2.985552e-04,7.467552e-05
1003225088,13457384,12038701056,36746931,-6.329528e-02,-2.648237e-02,1.220406e-06,3.520566e-08,2.942609e-04,4.949558e-05
1003487232,13464246,12041846784,36756422,-6.328104e-02,-2.649149e-02,1.252067e-06,3.186593e-08,3.018949e-04,4.480028e-05
1003749376,13467574,12044992512,36766085,-6.326889e-02,-2.649572e-02,1.279410e-06,3.037491e-08,3.084877e-04,4.270404e-05
1004011520,13469388,12048138240,36775662,-6.324530e-02,-2.651958e-02,1.333328e-06,2.262555e-08,3.214885e-04,3.180922e-05
1004273664,13488600,12051283968,36785218,-6.327369e-02,-2.651991e-02,1.268578e-06,2.252647e-08,3.058760e-04,3.166994e-05
1004535808,13488604,12054429696,36794859,-6.331053e-02,-2.653861e-02,1.186942e-06,1.726310e-08,2.861921e-04,2.427017e-05
1004797952,13490221,12057575424,36804511,-6.333117e-02,-2.655620e-02,1.142399e-06,1.295005e-08,2.754520e-04,1.820646e-05
1005060096,13493803,12060721152,36814043,-6.334340e-02,-2.657549e-02,1.116412e-06,8.932960e-09,2.691862e-04,1.255884e-05
1005322240,13495163,12063866880,36823890,-6.333442e-02,-2.658336e-02,1.135465e-06,7.505684e-09,2.737802e-04,1.055223e-05
1005584384,13507671,12067012608,36833492,-6.333955e-02,-2.664199e-02,1.124567e-06,7.844814e-10,2.711525e-04,1.102901e-06
1005846528,13512967,12070158336,36842919,-6.330727e-02,-2.667358e-02,1.194063e-06,1.281643e-11,2.879092e-04,1.801860e-08
1006108672,13515297,12073304064,36852400,-6.330574e-02,-2.662245e-02,1.197403e-06,2.260965e-09,2.887146e-04,3.178687e-06
1006370816,13524930,12076449792,36861986,-6.327850e-02,-2.659888e-02,1.257759e-06,5.057986e-09,3.032674e-04,7.111015e-06
1006632960,13547788,12079595520,36871711,-6.327090e-02,-2.658902e-02,1.274880e-06,6.558120e-09,3.073955e-04,9.220052e-06
1006895104,13655389,12082741248,36880934,-6.325480e-02,-2.660712e-02,1.311481e-06,3.954259e-09,3.162205e-04,5.559287e-06
1007157248,13655656,12085886976,36890406,-6.321827e-02,-2.658348e-02,1.396501e-06,7.485365e-09,3.367205e-04,1.052366e-05
1007419392,13655786,12089032704,36899982,-6.321120e-02,-2.663173e-02,1.413263e-06,1.464301e-09,3.407620e-04,2.058658e-06
1007681536,13655908,12092178432,36909629,-6.317066e-02,-2.663017e-02,1.511291e-06,1.586196e-09,3.643983e-04,2.230031e-06
1007943680,13655923,12095324160,36919504,-6.319493e-02,-2.662746e-02,1.452198e-06,1.809733e-09,3.501500e-04,2.544301e-06
1008205824,13656481,12098469888,36929057,-6.316107e-02,-2.661834e-02,1.534959e-06,2.668419e-09,3.701051e-04,3.751526e-06
1008467968,13656644,12101615616,36938608,-6.314865e-02,-2.663433e-02,1.565889e-06,1.272324e-09,3.775628e-04,1.788759e-06
1008730112,13656910,12104761344,36948341,-6.311363e-02,-2.663000e-02,1.654754e-06,1.600173e-09,3.989898e-04,2.249682e-06
1008992256,13657054,12107907072,36957936,-6.314239e-02,-2.661614e-02,1.581591e-06,2.901127e-09,3.813489e-04,4.078690e-06
1009254400,13657454,12111052800,36967533,-6.313489e-02,-2.659108e-02,1.600500e-06,6.228704e-09,3.859080e-04,8.756925e-06
1009516544,13657483,12114198528,36977083,-6.313249e-02,-2.657641e-02,1.606595e-06,8.758130e-09,3.873777e-04,1.231304e-05
1009778688,13658122,12117344256,36986637,-6.318592e-02,-2.657389e-02,1.474007e-06,9.236895e-09,3.554086e-04,1.298614e-05
1010040832,13658210,12120489984,36996349,-6.317063e-02,-2.659387e-02,1.511364e-06,5.795782e-09,3.644160e-04,8.148281e-06
1010302976,13658236,12123635712,37005984,-6.319260e-02,-2.662092e-02,1.457824e-06,2.408367e-09,3.515065e-04,3.385919e-06
1010565120,13658882,12126781440,37015229,-6.317797e-02,-2.660367e-02,1.493374e-06,4.400250e-09,3.600781e-04,6.186306e-06
1010827264,13659219,12129927168,37024905,-6.314543e-02,-2.658755e-02,1.573955e-06,6.798615e-09,3.795075e-04,9.558162e-06
1011089408,13659242,12133072896,37034441,-6.313797e-02,-2.663194e-02,1.592723e-06,1.448378e-09,3.840330e-04,2.036273e-06
1011351552,13659555,12136218624,37043999,-6.315164e-02,-2.664295e-02,1.558421e-06,7.316664e-10,3.757620e-04,1.028649e-06
1011613696,13659938,12139364352,37053690,-6.314411e-02,-2.664336e-02,1.577265e-06,7.095665e-10,3.803058e-04,9.975785e-07
1011875840,13659955,12142510080,37063511,-6.311159e-02,-2.668732e-02,1.660011e-06,3.001370e-10,4.002572e-04,4.219622e-07
1012137984,13660089,12145655808,37072933,-6.310172e-02,-2.667248e-02,1.685527e-06,6.146337e-12,4.064096e-04,8.641126e-09
1012400128,13660238,12148801536,37082493,-6.306604e-02,-2.668733e-02,1.779448e-06,3.003952e-10,4.290555e-04,4.223252e-07
1012662272,13660302,12151947264,37092116,-6.305700e-02,-2.672750e-02,1.803661e-06,3.306662e-09,4.348937e-04,4.648832e-06
1012924416,13660365,12155092992,37101800,-6.303351e-02,-2.669022e-02,1.867291e-06,4.088838e-10,4.502361e-04,5.748491e-07
1013186560,13660421,12158238720,37111471,-6.301656e-02,-2.671579e-02,1.913903e-06,2.097011e-09,4.614749e-04,2.948185e-06
1013448704,13660834,12161384448,37121401,-6.303023e-02,-2.676833e-02,1.876282e-06,9.669699e-09,4.524039e-04,1.359462e-05
1013710848,13660947,12164530176,37131055,-6.304478e-02,-2.678218e-02,1.836630e-06,1.258344e-08,4.428432e-04,1.769104e-05
1013972992,13661019,12167675904,37140892,-6.304298e-02,-2.675215e-02,1.841521e-06,6.748333e-09,4.440224e-04,9.487472e-06
1014235136,13662462,12170821632,37150474,-6.304888e-02,-2.675646e-02,1.825520e-06,7.474733e-09,4.401643e-04,1.050872e-05
1014497280,13662500,12173967360,37160365,-6.305349e-02,-2.679929e-02,1.813099e-06,1.671637e-08,4.371694e-04,2.350152e-05
1014759424,13662508,12177113088,37169921,-6.304619e-02,-2.681444e-02,1.832816e-06,2.086203e-08,4.419234e-04,2.932990e-05
1015021568,13662537,12180258816,37179595,-6.304624e-02,-2.683928e-02,1.832674e-06,2.865477e-08,4.418894e-04,4.028569e-05
1015283712,13663132,12183404544,37189339,-6.303141e-02,-2.686631e-02,1.873038e-06,3.853606e-08,4.516217e-04,5.417779e-05
1015545856,13663510,12186550272,37198824,-6.303103e-02,-2.683664e-02,1.874078e-06,2.776941e-08,4.518725e-04,3.904097e-05
1015808000,13664082,12189696000,37208593,-6.304103e-02,-2.683724e-02,1.846802e-06,2.797091e-08,4.452958e-04,3.932426e-05
1016070144,13664138,12192841728,37217988,-6.304817e-02,-2.679836e-02,1.827453e-06,1.647689e-08,4.406305e-04,2.316483e-05
1016332288,13664419,12195987456,37227483,-6.304879e-02,-2.678644e-02,1.825762e-06,1.355817e-08,4.402226e-04,1.906140e-05
1016594432,13664751,12199133184,37237153,-6.299873e-02,-2.680126e-02,1.963552e-06,1.722837e-08,4.734462e-04,2.422134e-05
1016856576,13664758,12202278912,37246753,-6.298865e-02,-2.675530e-02,1.991926e-06,7.276379e-09,4.802876e-04,1.022985e-05
1017118720,13666083,12205424640,37256273,-6.298596e-02,-2.676408e-02,1.999525e-06,8.851462e-09,4.821199e-04,1.244426e-05
1017380864,13666149,12208570368,37265906,-6.298371e-02,-2.677779e-02,2.005873e-06,1.161976e-08,4.836504e-04,1.633621e-05
1017643008,13666480,12211716096,37275815,-6.299882e-02,-2.676668e-02,1.963301e-06,9.347138e-09,4.733857e-04,1.314113e-05
1017905152,13666947,12214861824,37285666,-6.297821e-02,-2.677996e-02,2.021499e-06,1.209107e-08,4.874183e-04,1.699881e-05
1018167296,13669203,12218007552,37295361,-6.300241e-02,-2.677535e-02,1.953271e-06,1.109888e-08,4.709673e-04,1.560390e-05
1018429440,13669334,12221153280,37304911,-6.298473e-02,-2.680562e-02,2.002982e-06,1.839206e-08,4.829536e-04,2.585737e-05
1018691584,13675353,12224299008,37314482,-6.297065e-02,-2.682611e-02,2.043060e-06,2.436922e-08,4.926170e-04,3.426065e-05
1018953728,13678578,12227444736,37324004,-6.298107e-02,-2.682140e-02,2.013372e-06,2.292069e-08,4.854586e-04,3.222416e-05
1019215872,13686225,12230590464,37333493,-6.300138e-02,-2.684902e-02,1.956146e-06,3.204707e-08,4.716606e-04,4.505493e-05
1019478016,13687646,12233736192,37342983,-6.302447e-02,-2.688450e-02,1.892093e-06,4.601200e-08,4.562161e-04,6.468821e-05
1019740160,13691795,12236881920,37352692,-6.301805e-02,-2.689934e-02,1.909802e-06,5.259515e-08,4.604863e-04,7.394344e-05
1020002304,13702325,12240027648,37362454,-6.300926e-02,-2.688578e-02,1.934158e-06,4.656020e-08,4.663590e-04,6.545892e-05
1020264448,13718492,12243173376,37372099,-6.299844e-02,-2.685968e-02,1.964387e-06,3.597873e-08,4.736476e-04,5.058245e-05
1020526592,13721986,12246319104,37381904,-6.297641e-02,-2.683595e-02,2.026629e-06,2.754081e-08,4.886553e-04,3.871958e-05
1020788736,13722785,12249464832,37391690,-6.300990e-02,-2.684079e-02,1.932377e-06,2.916783e-08,4.659293e-04,4.100702e-05
1021050880,13726043,12252610560,37401161,-6.300073e-02,-2.682743e-02,1.957960e-06,2.478503e-08,4.720979e-04,3.484524e-05
1021313024,13752874,12255756288,37410685,-6.303317e-02,-2.683694e-02,1.868228e-06,2.786944e-08,4.504620e-04,3.918161e-05
1021575168,13753017,12258902016,37420459,-6.301465e-02,-2.684893e-02,1.919204e-06,3.201774e-08,4.627532e-04,4.501369e-05
1021837312,13776586,12262047744,37430148,-6.297168e-02,-2.684262e-02,2.040101e-06,2.979724e-08,4.919035e-04,4.189190e-05
1022099456,13780417,12265193472,37439781,-6.298506e-02,-2.682699e-02,2.002076e-06,2.464740e-08,4.827349e-04,3.465174e-05
1022361600,13787022,12268339200,37449513,-6.295274e-02,-2.681331e-02,2.094563e-06,2.053724e-08,5.050352e-04,2.887327e-05
1022623744,13797058,12271484928,37459124,-6.288795e-02,-2.680125e-02,2.286297e-06,1.722690e-08,5.512656e-04,2.421927e-05
1022885888,13801515,12274630656,37468611,-6.287128e-02,-2.682551e-02,2.337000e-06,2.418348e-08,5.634910e-04,3.399952e-05
1023148032,13830664,12277776384,37478315,-6.287664e-02,-2.682437e-02,2.320628e-06,2.382966e-08,5.595433e-04,3.350208e-05
1023410176,13858875,12280922112,37487854,-6.286269e-02,-2.683617e-02,2.363339e-06,2.761133e-08,5.698418e-04,3.881873e-05
1023672320,13865675,12284067840,37497471,-6.285990e-02,-2.684204e-02,2.371914e-06,2.959951e-08,5.719094e-04,4.161391e-05
1023934464,13868203,12287213568,37507021,-6.283435e-02,-2.685408e-02,2.451260e-06,3.388462e-08,5.910411e-04,4.763834e-05
1024196608,13869300,12290359296,37516790,-6.279754e-02,-2.690274e-02,2.567889e-06,5.416935e-08,6.191623e-04,7.615661e-05
1024458752,13869488,12293505024,37526343,-6.283200e-02,-2.690441e-02,2.458638e-06,5.494725e-08,5.928201e-04,7.725025e-05
1024720896,13869576,12296650752,37536078,-6.284427e-02,-2.687294e-02,2.420306e-06,4.118496e-08,5.835775e-04,5.790188e-05
1024983040,13869926,12299796480,37545678,-6.281963e-02,-2.687001e-02,2.497577e-06,4.000508e-08,6.022088e-04,5.624308e-05
1025245184,13870162,12302942208,37555120,-6.282121e-02,-2.688364e-02,2.492587e-06,4.564356e-08,6.010056e-04,6.417021e-05
1025507328,13870195,12306087936,37564774,-6.279305e-02,-2.687438e-02,2.582308e-06,4.177295e-08,6.226389e-04,5.872853e-05
1025769472,13870647,12309233664,37574338,-6.277703e-02,-2.687901e-02,2.634023e-06,4.368566e-08,6.351083e-04,6.141760e-05
1026031616,13870733,12312379392,37583941,-6.277370e-02,-2.683195e-02,2.644845e-06,2.622826e-08,6.377175e-04,3.687427e-05
1026293760,13871678,12315525120,37593465,-6.280363e-02,-2.680531e-02,2.548393e-06,1.830829e-08,6.144615e-04,2.573960e-05
1026555904,13871956,12318670848,37603093,-6.280571e-02,-2.679396e-02,2.541761e-06,1.536723e-08,6.128623e-04,2.160476e-05
1026818048,13872140,12321816576,37612623,-6.278967e-02,-2.680644e-02,2.593167e-06,1.861604e-08,6.252572e-04,2.617227e-05
1027080192,13872182,12324962304,37622239,-6.281290e-02,-2.682131e-02,2.518887e-06,2.289531e-08,6.073471e-04,3.218849e-05
1027342336,13872272,12328108032,37632071,-6.284896e-02,-2.681063e-02,2.405724e-06,1.977619e-08,5.800614e-04,2.780332e-05
1027604480,13872411,12331253760,37641604,-6.280679e-02,-2.680367e-02,2.538317e-06,1.786840e-08,6.120321e-04,2.512116e-05
1027866624,13873043,12334399488,37651082,-6.279831e-02,-2.680167e-02,2.565406e-06,1.733611e-08,6.185636e-04,2.437281e-05
1028128768,13873413,12337545216,37660568,-6.279033e-02,-2.679009e-02,2.591056e-06,1.442169e-08,6.247481e-04,2.027542e-05
1028390912,13873530,12340690944,37670328,-6.283144e-02,-2.679779e-02,2.460391e-06,1.633089e-08,5.932426e-04,2.295957e-05
1028653056,13873883,12343836672,37679694,-6.281133e-02,-2.681956e-02,2.523880e-06,2.236796e-08,6.085510e-04,3.144709e-05
1028915200,13874289,12346982400,37689199,-6.281582e-02,-2.682472e-02,2.509649e-06,2.393789e-08,6.051196e-04,3.365425e-05
1029177344,13874297,12350128128,37698866,-6.283953e-02,-2.684977e-02,2.435073e-06,3.231840e-08,5.871380e-04,4.543639e-05
1029439488,13874729,12353273856,37708334,-6.285954e-02,-2.679597e-02,2.373039e-06,1.586861e-08,5.721806e-04,2.230966e-05
1029701632,13874866,12356419584,37718013,-6.287787e-02,-2.679223e-02,2.316884e-06,1.493938e-08,5.586405e-04,2.100326e-05
1029963776,13874957,12359565312,37727407,-6.288325e-02,-2.676080e-02,2.300536e-06,8.244005e-09,5.546989e-04,1.159023e-05
1030225920,13875059,12362711040,37737087,-6.291472e-02,-2.679100e-02,2.206059e-06,1.464083e-08,5.319187e-04,2.058352e-05
1030488064,13875098,12365856768,37746781,-6.291874e-02,-2.680127e-02,2.194123e-06,1.723130e-08,5.290409e-04,2.422546e-05
1030750208,13875294,12369002496,37756410,-6.291053e-02,-2.679048e-02,2.218515e-06,1.451579e-08,5.349221e-04,2.040772e-05
1031012352,13876267,12372148224,37765888,-6.294264e-02,-2.682285e-02,2.123908e-06,2.336271e-08,5.121108e-04,3.284560e-05
1031274496,13876634,12375293952,37775496,-6.291794e-02,-2.682720e-02,2.196508e-06,2.471061e-08,5.296159e-04,3.474061e-05
1031536640,13878380,12378439680,37784857,-6.291861e-02,-2.683298e-02,2.194521e-06,2.656295e-08,5.291367e-04,3.734482e-05
1031798784,13878393,12381585408,37794441,-6.295933e-02,-2.683737e-02,2.075542e-06,2.801266e-08,5.004489e-04,3.938297e-05
1032060928,13878592,12384731136,37803847,-6.290855e-02,-2.687138e-02,2.224445e-06,4.055311e-08,5.363519e-04,5.701355e-05
1032323072,13878698,12387876864,37813316,-6.291690e-02,-2.687220e-02,2.199579e-06,4.088461e-08,5.303563e-04,5.747962e-05
1032585216,13879183,12391022592,37822912,-6.292252e-02,-2.688001e-02,2.182947e-06,4.410556e-08,5.263461e-04,6.200794e-05
1032847360,13881462,12394168320,37832508,-6.293379e-02,-2.686724e-02,2.149785e-06,3.890331e-08,5.183503e-04,5.469411e-05
1033109504,13881726,12397314048,37841903,-6.296651e-02,-2.685839e-02,2.054898e-06,3.549001e-08,4.954714e-04,4.989536e-05
1033371648,13882102,12400459776,37851286,-6.295490e-02,-2.684378e-02,2.088313e-06,3.019921e-08,5.035282e-04,4.245703e-05
1033633792,13882275,12403605504,37860901,-6.296244e-02,-2.684411e-02,2.066599e-06,3.031520e-08,4.982927e-04,4.262010e-05
1033895936,13885194,12406751232,37870540,-6.293425e-02,-2.684830e-02,2.148431e-06,3.179017e-08,5.180237e-04,4.469376e-05
1034158080,13885776,12409896960,37879892,-6.292517e-02,-2.685148e-02,2.175138e-06,3.293476e-08,5.244632e-04,4.630294e-05
1034420224,13886665,12413042688,37889306,-6.291232e-02,-2.687979e-02,2.213213e-06,4.401407e-08,5.336438e-04,6.187931e-05
1034682368,13887297,12416188416,37898868,-6.294165e-02,-2.687491e-02,2.126797e-06,4.199023e-08,5.128075e-04,5.903401e-05
1034944512,13888201,12419334144,37908662,-6.296898e-02,-2.689053e-02,2.047813e-06,4.863336e-08,4.937630e-04,6.837357e-05
1035206656,13888499,12422479872,37918251,-6.296744e-02,-2.693485e-02,2.052229e-06,7.014526e-08,4.948278e-04,9.861712e-05
1035468800,13888861,12425625600,37927605,-6.295865e-02,-2.695869e-02,2.077496e-06,8.334271e-08,5.009200e-04,1.171714e-04
1035730944,13893229,12428771328,37937063,-6.297456e-02,-2.688343e-02,2.031872e-06,4.555367e-08,4.899194e-04,6.404384e-05
1035993088,13894747,12431917056,37946756,-6.294741e-02,-2.686004e-02,2.110011e-06,3.611382e-08,5.087599e-04,5.077237e-05
1036255232,13901009,12435062784,37956498,-6.296626e-02,-2.687278e-02,2.055604e-06,4.111997e-08,4.956414e-04,5.781050e-05
1036517376,13904569,12438208512,37966145,-6.296451e-02,-2.689844e-02,2.060649e-06,5.218501e-08,4.968579e-04,7.336684e-05
1036779520,13905853,12441354240,37975901,-6.297973e-02,-2.690670e-02,2.017179e-06,5.602570e-08,4.863767e-04,7.876645e-05
1037041664,13912676,12444499968,37985376,-6.297608e-02,-2.689447e-02,2.027542e-06,5.038811e-08,4.888752e-04,7.084056e-05
1037303808,13914929,12447645696,37995067,-6.298021e-02,-2.690803e-02,2.015804e-06,5.665794e-08,4.860451e-04,7.965531e-05
1037565952,13916524,12450791424,38004761,-6.300752e-02,-2.691066e-02,1.939011e-06,5.791692e-08,4.675289e-04,8.142531e-05
1037828096,13935709,12453937152,38014323,-6.302269e-02,-2.688847e-02,1.896995e-06,4.773062e-08,4.573981e-04,6.710441e-05
1038090240,13937367,12457082880,38023940,-6.303336e-02,-2.684567e-02,1.867719e-06,3.085857e-08,4.503392e-04,4.338401e-05
1038352384,13937442,12460228608,38033624,-6.304158e-02,-2.683422e-02,1.845304e-06,2.696824e-08,4.449346e-04,3.791461e-05
1038614528,13941194,12463374336,38043203,-6.303905e-02,-2.679168e-02,1.852193e-06,1.480627e-08,4.465956e-04,2.081611e-05
1038876672,13943546,12466520064,38052850,-6.307628e-02,-2.679628e-02,1.752241e-06,1.594708e-08,4.224954e-04,2.241998e-05
1039138816,13954879,12469665792,38062432,-6.305439e-02,-2.677578e-02,1.810672e-06,1.119012e-08,4.365841e-04,1.573217e-05
1039400960,13960019,12472811520,38072058,-6.307826e-02,-2.679481e-02,1.746998e-06,1.557760e-08,4.212312e-04,2.190053e-05
1039663104,13962716,12475957248,38081734,-6.307168e-02,-2.683409e-02,1.764452e-06,2.692544e-08,4.254398e-04,3.785444e-05
1039925248,13972131,12479102976,38091567,-6.304049e-02,-2.682434e-02,1.848260e-06,2.382103e-08,4.456474e-04,3.348996e-05
1040187392,13994932,12482248704,38101093,-6.305784e-02,-2.678990e-02,1.801400e-06,1.437654e-08,4.343486e-04,2.021195e-05
1040449536,14097257,12485394432,38110738,-6.308720e-02,-2.677827e-02,1.723463e-06,1.172239e-08,4.155565e-04,1.648049e-05
1040711680,14097439,12488540160,38120177,-6.306480e-02,-2.682305e-02,1.782769e-06,2.342368e-08,4.298562e-04,3.293132e-05
1040973824,14097627,12491685888,38129579,-6.307585e-02,-2.684338e-02,1.753385e-06,3.006148e-08,4.227713e-04,4.226339e-05
1041235968,14097750,12494831616,38139317,-6.306420e-02,-2.680169e-02,1.784381e-06,1.734347e-08,4.302449e-04,2.438316e-05
1041498112,14097825,12497977344,38148830,-6.305087e-02,-2.678972e-02,1.820148e-06,1.433280e-08,4.388691e-04,2.015046e-05
1041760256,14098360,12501123072,38158271,-6.307209e-02,-2.676910e-02,1.763363e-06,9.820475e-09,4.251773e-04,1.380659e-05
1042022400,14098548,12504268800,38167901,-6.308534e-02,-2.677090e-02,1.728337e-06,1.018033e-08,4.167319e-04,1.431251e-05
1042284544,14098798,12507414528,38177437,-6.307757e-02,-2.677073e-02,1.748830e-06,1.014653e-08,4.216731e-04,1.426499e-05
1042546688,14098880,12510560256,38187082,-6.304503e-02,-2.674375e-02,1.835944e-06,5.438999e-09,4.426777e-04,7.646682e-06
1042808832,14099209,12513705984,38196377,-6.305674e-02,-2.674130e-02,1.804361e-06,5.083717e-09,4.350626e-04,7.147191e-06
1043070976,14099231,12516851712,38206050,-6.309696e-02,-2.672545e-02,1.697912e-06,3.075014e-09,4.093958e-04,4.323158e-06
1043333120,14099952,12519997440,38215542,-6.308948e-02,-2.668832e-02,1.717482e-06,3.355217e-10,4.141144e-04,4.717095e-07
1043595264,14099961,12523143168,38225162,-6.308385e-02,-2.670195e-02,1.732257e-06,1.020680e-09,4.176771e-04,1.434973e-06
1043857408,14100251,12526288896,38234763,-6.310367e-02,-2.672819e-02,1.680482e-06,3.385747e-09,4.051931e-04,4.760017e-06
1044119552,14100861,12529434624,38244547,-6.310048e-02,-2.668645e-02,1.688760e-06,2.707541e-10,4.071890e-04,3.806528e-07
1044381696,14101041,12532580352,38254274,-6.314021e-02,-2.671489e-02,1.587068e-06,2.015591e-09,3.826694e-04,2.833717e-06
1044643840,14101226,12535726080,38264180,-6.312907e-02,-2.671488e-02,1.615276e-06,2.013919e-09,3.894708e-04,2.831366e-06
1044905984,14101483,12538871808,38274005,-6.312445e-02,-2.668711e-02,1.627039e-06,2.927609e-10,3.923071e-04,4.115921e-07
1045168128,14101677,12542017536,38283747,-6.314500e-02,-2.667432e-02,1.575020e-06,1.870616e-11,3.797646e-04,2.629896e-08
1045430272,14101886,12545163264,38293314,-6.312609e-02,-2.667688e-02,1.622860e-06,4.739409e-11,3.912995e-04,6.663127e-08
1045692416,14101909,12548308992,38303008,-6.311522e-02,-2.667157e-02,1.650655e-06,2.477272e-12,3.980013e-04,3.482793e-09
1045954560,14101982,12551454720,38312744,-6.311508e-02,-2.665874e-02,1.651038e-06,1.268645e-10,3.980936e-04,1.783586e-07
1046216704,14102204,12554600448,38322357,-6.311023e-02,-2.665969e-02,1.663507e-06,1.063292e-10,4.011001e-04,1.494880e-07
1046478848,14102291,12557746176,38331934,-6.311389e-02,-2.667422e-02,1.654083e-06,1.784622e-11,3.988280e-04,2.508998e-08
1046740992,14102328,12560891904,38341549,-6.314994e-02,-2.668395e-02,1.562646e-06,1.945324e-10,3.767809e-04,2.734928e-07
1047003136,14102582,12564037632,38351182,-6.313622e-02,-2.670432e-02,1.597146e-06,1.177554e-09,3.850994e-04,1.655522e-06
1047265280,14102710,12567183360,38360944,-6.314198e-02,-2.673546e-02,1.582622e-06,4.284629e-09,3.815974e-04,6.023754e-06
1047527424,14102991,12570329088,38370666,-6.316343e-02,-2.671679e-02,1.529112e-06,2.189620e-09,3.686953e-04,3.078383e-06
1047789568,14104238,12573474816,38380308,-6.316270e-02,-2.673537e-02,1.530919e-06,4.273176e-09,3.691309e-04,6.007651e-06
1048051712,14104456,12576620544,38389847,-6.313958e-02,-2.671894e-02,1.588664e-06,2.395586e-09,3.830543e-04,3.367951e-06
1048313856,14104517,12579766272,38399323,-6.314225e-02,-2.670677e-02,1.581947e-06,1.352205e-09,3.814347e-04,1.901063e-06
1048576000,14104564,12582912000,38409073,-6.312432e-02,-2.675243e-02,1.627362e-06,6.794008e-09,3.923850e-04,9.551686e-06
1048838144,14105094,12586057728,38418655,-6.311541e-02,-2.674195e-02,1.650176e-06,5.176303e-09,3.978859e-04,7.277358e-06
1049100288,14105549,12589203456,38428180,-6.312990e-02,-2.672421e-02,1.613155e-06,2.938366e-09,3.889595e-04,4.131045e-06
1049362432,14105844,12592349184,38437760,-6.307774e-02,-2.673154e-02,1.748377e-06,3.786705e-09,4.215637e-04,5.323722e-06
1049624576,14105918,12595494912,38447380,-6.309577e-02,-2.673364e-02,1.701020e-06,4.050413e-09,4.101453e-04,5.694470e-06
1049886720,14106332,12598640640,38456907,-6.309589e-02,-2.676967e-02,1.700709e-06,9.934880e-09,4.100703e-04,1.396743e-05
1050148864,14106643,12601786368,38466319,-6.307030e-02,-2.675599e-02,1.768096e-06,7.394110e-09,4.263184e-04,1.039537e-05
1050411008,14106722,12604932096,38475767,-6.306765e-02,-2.677065e-02,1.775157e-06,1.012965e-08,4.280208e-04,1.424126e-05
1050673152,14107886,12608077824,38485470,-6.308057e-02,-2.676988e-02,1.740898e-06,9.976138e-09,4.197604e-04,1.402544e-05
1050935296,14108232,12611223552,38495419,-6.305375e-02,-2.677823e-02,1.812397e-06,1.171432e-08,4.370001e-04,1.646915e-05
1051197440,14108398,12614369280,38504758,-6.303132e-02,-2.676268e-02,1.873282e-06,8.589169e-09,4.516807e-04,1.207550e-05
1051459584,14108808,12617515008,38514388,-6.302685e-02,-2.672958e-02,1.885539e-06,3.549606e-09,4.546361e-04,4.990386e-06
1051721728,14111106,12620660736,38523999,-6.301958e-02,-2.677086e-02,1.905563e-06,1.017357e-08,4.594640e-04,1.430300e-05
1051983872,14111353,12623806464,38533780,-6.303941e-02,-2.676695e-02,1.851219e-06,9.399434e-09,4.463608e-04,1.321465e-05
1052246016,14117177,12626952192,38543247,-6.306867e-02,-2.679481e-02,1.772438e-06,1.557853e-08,4.273653e-04,2.190184e-05
1052508160,14120471,12630097920,38552876,-6.308915e-02,-2.678480e-02,1.718322e-06,1.317871e-08,4.143170e-04,1.852793e-05
1052770304,14128952,12633243648,38562274,-6.305967e-02,-2.675608e-02,1.796504e-06,7.410456e-09,4.331679e-04,1.041835e-05
1053032448,14129519,12636389376,38571881,-6.306528e-02,-2.674648e-02,1.781476e-06,5.848938e-09,4.295445e-04,8.223014e-06
1053294592,14133565,12639535104,38581677,-6.305189e-02,-2.672826e-02,1.817415e-06,3.394206e-09,4.382101e-04,4.771909e-06
1053556736,14145657,12642680832,38591432,-6.303483e-02,-2.674851e-02,1.863689e-06,6.164482e-09,4.493675e-04,8.666638e-06
1053818880,14160558,12645826560,38600979,-6.302023e-02,-2.674518e-02,1.903774e-06,5.651765e-09,4.590326e-04,7.945809e-06
1054081024,14163987,12648972288,38610605,-6.301032e-02,-2.671779e-02,1.931217e-06,2.284051e-09,4.656497e-04,3.211144e-06
1054343168,14164744,12652118016,38620058,-6.300448e-02,-2.672564e-02,1.947486e-06,3.095499e-09,4.695724e-04,4.351958e-06
1054605312,14167916,12655263744,38629733,-6.305086e-02,-2.673762e-02,1.820189e-06,4.572663e-09,4.388788e-04,6.428701e-06
1054867456,14194839,12658409472,38639239,-6.306727e-02,-2.674262e-02,1.776169e-06,5.273511e-09,4.282650e-04,7.414022e-06
1055129600,14194998,12661555200,38649066,-6.309889e-02,-2.675946e-02,1.692906e-06,8.002934e-09,4.081888e-04,1.125131e-05
1055391744,14218440,12664700928,38658765,-6.311618e-02,-2.679639e-02,1.648205e-06,1.597485e-08,3.974107e-04,2.245902e-05
1055653888,14222486,12667846656,38668398,-6.310749e-02,-2.678051e-02,1.670587e-06,1.221345e-08,4.028073e-04,1.717087e-05
1055916032,14228911,12670992384,38678090,-6.311934e-02,-2.675967e-02,1.640085e-06,8.039969e-09,3.954527e-04,1.130338e-05
1056178176,14238952,12674138112,38687922,-6.312274e-02,-2.675792e-02,1.631394e-06,7.730683e-09,3.933573e-04,1.086856e-05
1056440320,14243490,12677283840,38697494,-6.311262e-02,-2.677228e-02,1.657343e-06,1.046114e-08,3.996140e-04,1.470730e-05
1056702464,14272658,12680429568,38706927,-6.313930e-02,-2.684433e-02,1.589378e-06,3.039244e-08,3.832263e-04,4.272869e-05
1056964608,14300881,12683575296,38716456,-6.312444e-02,-2.680263e-02,1.627058e-06,1.758963e-08,3.923116e-04,2.472924e-05
1057226752,14312760,12686721024,38725949,-6.311482e-02,-2.681850e-02,1.651689e-06,2.205207e-08,3.982506e-04,3.100297e-05
1057488896,14315263,12689866752,38735504,-6.313294e-02,-2.681096e-02,1.605443e-06,1.986955e-08,3.870999e-04,2.793457e-05
1057751040,14316724,12693012480,38745209,-6.309156e-02,-2.680705e-02,1.712018e-06,1.878211e-08,4.127971e-04,2.640574e-05
1058013184,14316762,12696158208,38754864,-6.313250e-02,-2.682654e-02,1.606557e-06,2.450607e-08,3.873685e-04,3.445305e-05
1058275328,14317076,12699303936,38764496,-6.312411e-02,-2.684104e-02,1.627913e-06,2.925379e-08,3.925179e-04,4.112786e-05
1058537472,14317420,12702449664,38773988,-6.312671e-02,-2.686515e-02,1.621285e-06,3.808472e-08,3.909196e-04,5.354325e-05
1058799616,14317485,12705595392,38783905,-6.317417e-02,-2.688767e-02,1.502675e-06,4.738129e-08,3.623209e-04,6.661329e-05
1059061760,14317736,12708741120,38793577,-6.318524e-02,-2.691479e-02,1.475654e-06,5.992066e-08,3.558056e-04,8.424236e-05
1059323904,14317938,12711886848,38803227,-6.320234e-02,-2.690039e-02,1.434404e-06,5.308154e-08,3.458594e-04,7.462726e-05
1059586048,14318110,12715032576,38812860,-6.321014e-02,-2.689082e-02,1.415779e-06,4.876243e-08,3.413687e-04,6.855503e-05
1059848192,14318717,12718178304,38822580,-6.319117e-02,-2.693812e-02,1.461280e-06,7.188851e-08,3.523399e-04,1.010679e-04
1060110336,14319194,12721324032,38832002,-6.317524e-02,-2.689887e-02,1.500046e-06,5.238178e-08,3.616870e-04,7.364346e-05
1060372480,14319327,12724469760,38841588,-6.319824e-02,-2.691561e-02,1.444236e-06,6.032256e-08,3.482302e-04,8.480741e-05
1060634624,14319441,12727615488,38851311,-6.318869e-02,-2.694099e-02,1.467267e-06,7.343593e-08,3.537833e-04,1.032435e-04
1060896768,14319495,12730761216,38860761,-6.316294e-02,-2.691586e-02,1.530329e-06,6.044798e-08,3.689887e-04,8.498373e-05
1061158912,14319816,12733906944,38870093,-6.317578e-02,-2.689317e-02,1.498732e-06,4.980528e-08,3.613702e-04,7.002117e-05
1061421056,14320281,12737052672,38879796,-6.318873e-02,-2.690426e-02,1.467177e-06,5.487654e-08,3.537616e-04,7.715085e-05
1061683200,14320901,12740198400,38889386,-6.322496e-02,-2.691907e-02,1.380716e-06,6.203546e-08,3.329143e-04,8.721557e-05
1061945344,14321026,12743344128,38899076,-6.323338e-02,-2.695475e-02,1.361001e-06,8.108363e-08,3.281607e-04,1.139954e-04
1062207488,14321159,12746489856,38908751,-6.323414e-02,-2.699447e-02,1.359228e-06,1.052790e-07,3.277333e-04,1.480115e-04
1062469632,14321837,12749635584,38918370,-6.327677e-02,-2.697276e-02,1.261656e-06,9.166583e-08,3.042070e-04,1.288729e-04
1062731776,14321906,12752781312,38927961,-6.326871e-02,-2.698248e-02,1.279814e-06,9.764209e-08,3.085852e-04,1.372749e-04
1062993920,14321945,12755927040,38937463,-6.328174e-02,-2.698189e-02,1.250517e-06,9.727459e-08,3.015212e-04,1.367582e-04
1063256064,14322036,12759072768,38947334,-6.324504e-02,-2.698824e-02,1.333948e-06,1.012793e-07,3.216378e-04,1.423884e-04
1063518208,14322040,12762218496,38957104,-6.324116e-02,-2.698114e-02,1.342912e-06,9.680692e-08,3.237993e-04,1.361007e-04
1063780352,14322328,12765364224,38966762,-6.321854e-02,-2.698944e-02,1.395850e-06,1.020419e-07,3.365634e-04,1.434605e-04
1064042496,14322526,12768509952,38976271,-6.321807e-02,-2.699487e-02,1.396959e-06,1.055402e-07,3.368309e-04,1.483788e-04
1064304640,14322621,12771655680,38985789,-6.320297e-02,-2.698280e-02,1.432887e-06,9.784475e-08,3.454938e-04,1.375598e-04
1064566784,14323528,12774801408,38995224,-6.319877e-02,-2.701350e-02,1.442965e-06,1.179959e-07,3.479237e-04,1.658903e-04
1064828928,14323885,12777947136,39004801,-6.321666e-02,-2.702189e-02,1.400307e-06,1.238285e-07,3.376383e-04,1.740903e-04
1065091072,14325752,12781092864,39014426,-6.327837e-02,-2.704715e-02,1.258060e-06,1.422395e-07,3.033400e-04,1.999743e-04
1065353216,14325920,12784238592,39024258,-6.323594e-02,-2.700652e-02,1.355045e-06,1.132472e-07,3.267246e-04,1.592141e-04
1065615360,14325966,12787384320,39033858,-6.323131e-02,-2.700229e-02,1.365838e-06,1.104156e-07,3.293270e-04,1.552332e-04
1065877504,14325969,12790530048,39043396,-6.323259e-02,-2.696504e-02,1.362861e-06,8.705037e-08,3.286094e-04,1.223840e-04
1066139648,14326770,12793675776,39052995,-6.325294e-02,-2.693819e-02,1.315750e-06,7.192846e-08,3.172501e-04,1.011241e-04
1066401792,14329054,12796821504,39062340,-6.327713e-02,-2.694355e-02,1.260853e-06,7.482753e-08,3.040133e-04,1.051999e-04
1066663936,14329269,12799967232,39071857,-6.327450e-02,-2.694591e-02,1.266749e-06,7.612422e-08,3.054351e-04,1.070229e-04
1066926080,14329285,12803112960,39081553,-6.329421e-02,-2.696139e-02,1.222778e-06,8.490725e-08,2.948328e-04,1.193710e-04
1067188224,14329984,12806258688,39091051,-6.329177e-02,-2.697661e-02,1.228172e-06,9.401084e-08,2.961334e-04,1.321697e-04
1067450368,14332868,12809404416,39100634,-6.333036e-02,-2.695286e-02,1.144135e-06,8.001157e-08,2.758707e-04,1.124881e-04
1067712512,14332919,12812550144,39110384,-6.327746e-02,-2.692689e-02,1.260100e-06,6.599173e-08,3.038318e-04,9.277768e-05
1067974656,14333943,12815695872,39119784,-6.327261e-02,-2.689773e-02,1.271013e-06,5.186298e-08,3.064631e-04,7.291408e-05
1068236800,14335344,12818841600,39129467,-6.323870e-02,-2.687553e-02,1.348634e-06,4.224252e-08,3.251789e-04,5.938870e-05
1068498944,14335411,12821987328,39139323,-6.326418e-02,-2.690324e-02,1.290084e-06,5.440110e-08,3.110614e-04,7.648241e-05
1068761088,14336050,12825133056,39148816,-6.329472e-02,-2.693783e-02,1.221657e-06,7.173377e-08,2.945627e-04,1.008504e-04
1069023232,14336818,12828278784,39158231,-6.331635e-02,-2.691285e-02,1.174313e-06,5.897603e-08,2.831471e-04,8.291432e-05
1069285376,14340572,12831424512,39167835,-6.332392e-02,-2.688543e-02,1.157964e-06,4.641161e-08,2.792051e-04,6.525002e-05
1069547520,14341977,12834570240,39177457,-6.336193e-02,-2.687100e-02,1.077599e-06,4.040021e-08,2.598276e-04,5.679860e-05
1069809664,14348326,12837715968,39187043,-6.336328e-02,-2.685709e-02,1.074785e-06,3.500254e-08,2.591492e-04,4.921002e-05
1070071808,14351839,12840861696,39196686,-6.333154e-02,-2.687747e-02,1.141618e-06,4.304410e-08,2.752639e-04,6.051564e-05
1070333952,14354293,12844007424,39206326,-6.337567e-02,-2.684185e-02,1.049248e-06,2.953097e-08,2.529918e-04,4.151755e-05
1070596096,14360878,12847153152,39216016,-6.338000e-02,-2.682687e-02,1.040414e-06,2.460823e-08,2.508617e-04,3.459668e-05
1070858240,14362783,12850298880,39225664,-6.339942e-02,-2.685641e-02,1.001167e-06,3.475070e-08,2.413985e-04,4.885596e-05
1071120384,14363713,12853444608,39235254,-6.342289e-02,-2.685590e-02,9.547515e-07,3.455999e-08,2.302070e-04,4.858783e-05
1071382528,14383010,12856590336,39244804,-6.345438e-02,-2.687896e-02,8.941976e-07,4.366619e-08,2.156065e-04,6.139024e-05
1071644672,14385031,12859736064,39254172,-6.346498e-02,-2.693496e-02,8.742588e-07,7.020448e-08,2.107989e-04,9.870037e-05
1071906816,14386205,12862881792,39263581,-6.350347e-02,-2.695868e-02,8.037765e-07,8.333841e-08,1.938044e-04,1.171653e-04
1072168960,14388471,12866027520,39273195,-6.348755e-02,-2.698215e-02,8.325655e-07,9.743500e-08,2.007459e-04,1.369837e-04
1072431104,14392132,12869173248,39282645,-6.352010e-02,-2.700080e-02,7.742217e-07,1.094263e-07,1.866782e-04,1.538423e-04
1072693248,14405494,12872318976,39292492,-6.355426e-02,-2.702351e-02,7.152850e-07,1.249730e-07,1.724675e-04,1.756993e-04
1072955392,14407054,12875464704,39301921,-6.355733e-02,-2.701354e-02,7.100896e-07,1.180176e-07,1.712148e-04,1.659208e-04
1073217536,14409998,12878610432,39311584,-6.355717e-02,-2.705255e-02,7.103658e-07,1.463460e-07,1.712814e-04,2.057476e-04
1073479680,14419286,12881756160,39320949,-6.354535e-02,-2.706056e-02,7.304370e-07,1.525367e-07,1.761210e-04,2.144511e-04
1073741824,14442092,12884901888,39330785,-6.356627e-02,-2.703275e-02,6.951138e-07,1.315863e-07,1.676039e-04,1.849970e-04
1074003968,14539280,12888047616,39340379,-6.356094e-02,-2.700676e-02,7.040251e-07,1.134077e-07,1.697526e-04,1.594398e-04
1074266112,14539336,12891193344,39350100,-6.359535e-02,-2.698478e-02,6.474581e-07,9.908619e-08,1.561133e-04,1.393051e-04
1074528256,14539567,12894339072,39359885,-6.359925e-02,-2.701196e-02,6.412024e-07,1.169387e-07,1.546049e-04,1.644040e-04
1074790400,14539829,12897484800,39369584,-6.362612e-02,-2.702358e-02,5.988970e-07,1.250177e-07,1.444044e-04,1.757623e-04
1075052544,14539834,12900630528,39379196,-6.362325e-02,-2.701444e-02,6.033450e-07,1.186417e-07,1.454769e-04,1.667982e-04
1075314688,14540167,12903776256,39388590,-6.359135e-02,-2.700471e-02,6.539249e-07,1.120320e-07,1.576725e-04,1.575056e-04
1075576832,14540516,12906921984,39398226,-6.360761e-02,-2.699316e-02,6.278844e-07,1.044345e-07,1.513937e-04,1.468244e-04
1075838976,14540778,12910067712,39407753,-6.362851e-02,-2.702100e-02,5.952010e-07,1.232014e-07,1.435132e-04,1.732087e-04
1076101120,14540828,12913213440,39417374,-6.360121e-02,-2.700600e-02,6.380681e-07,1.128977e-07,1.538492e-04,1.587227e-04
1076363264,14540975,12916359168,39427199,-6.357635e-02,-2.701604e-02,6.784063e-07,1.197465e-07,1.635755e-04,1.683514e-04
1076625408,14541062,12919504896,39436799,-6.356420e-02,-2.704827e-02,6.985719e-07,1.430851e-07,1.684377e-04,2.011632e-04
1076887552,14541817,12922650624,39446363,-6.357969e-02,-2.703559e-02,6.729067e-07,1.336565e-07,1.622494e-04,1.879075e-04
1077149696,14541968,12925796352,39455876,-6.359609e-02,-2.704272e-02,6.462716e-07,1.389209e-07,1.558272e-04,1.953086e-04
1077411840,14542236,12928942080,39465557,-6.361056e-02,-2.705436e-02,6.232174e-07,1.477330e-07,1.502684e-04,2.076977e-04
1077673984,14542900,12932087808,39475116,-6.358413e-02,-2.701620e-02,6.656412e-07,1.198535e-07,1.604976e-04,1.685019e-04
1077936128,14543059,12935233536,39484635,-6.361333e-02,-2.701877e-02,6.188607e-07,1.216399e-07,1.492180e-04,1.710134e-04
1078198272,14543371,12938379264,39494239,-6.362589e-02,-2.699490e-02,5.992430e-07,1.055584e-07,1.444878e-04,1.484043e-04
1078460416,14543464,12941524992,39504111,-6.359871e-02,-2.700903e-02,6.420738e-07,1.149409e-07,1.548150e-04,1.615952e-04
1078722560,14543495,12944670720,39513648,-6.355154e-02,-2.703244e-02,7.198923e-07,1.313607e-07,1.735784e-04,1.846799e-04
1078984704,14543845,12947816448,39523037,-6.354479e-02,-2.700912e-02,7.313925e-07,1.150028e-07,1.763513e-04,1.616823e-04
1079246848,14543892,12950962176,39532658,-6.359579e-02,-2.703276e-02,6.467508e-07,1.315971e-07,1.559428e-04,1.850122e-04
1079508992,14544013,12954107904,39542385,-6.360650e-02,-2.704448e-02,6.296450e-07,1.402375e-07,1.518183e-04,1.971597e-04
1079771136,14544234,12957253632,39551997,-6.362016e-02,-2.700566e-02,6.081580e-07,1.126675e-07,1.466374e-04,1.583991e-04
1080033280,14544380,12960399360,39561891,-6.359539e-02,-2.701792e-02,6.473981e-07,1.210521e-07,1.560988e-04,1.701869e-04
1080295424,14544435,12963545088,39571405,-6.359810e-02,-2.701332e-02,6.430413e-07,1.178718e-07,1.550483e-04,1.657158e-04
1080557568,14544440,12966690816,39581110,-6.363380e-02,-2.698104e-02,5.870667e-07,9.674319e-08,1.415519e-04,1.360111e-04
1080819712,14544633,12969836544,39590731,-6.364341e-02,-2.696638e-02,5.724308e-07,8.784353e-08,1.380229e-04,1.234991e-04
1081081856,14545149,12972982272,39600219,-6.364851e-02,-2.692638e-02,5.647341e-07,6.572883e-08,1.361671e-04,9.240807e-05
1081344000,14546245,12976128000,39609774,-6.366146e-02,-2.693699e-02,5.454506e-07,7.128648e-08,1.315175e-04,1.002216e-04
1081606144,14546559,12979273728,39619394,-6.365208e-02,-2.690290e-02,5.593830e-07,5.424481e-08,1.348769e-04,7.626270e-05
1081868288,14546634,12982419456,39629160,-6.366012e-02,-2.690341e-02,5.474223e-07,5.448193e-08,1.319929e-04,7.659606e-05
1082130432,14546722,12985565184,39638931,-6.370486e-02,-2.692469e-02,4.832288e-07,6.486732e-08,1.165148e-04,9.119687e-05
1082392576,14547045,12988710912,39648569,-6.370094e-02,-2.692027e-02,4.886928e-07,6.263537e-08,1.178322e-04,8.805898e-05
1082654720,14547631,12991856640,39658286,-6.371096e-02,-2.692709e-02,4.747825e-07,6.609321e-08,1.144782e-04,9.292035e-05
1082916864,14547637,12995002368,39667894,-6.371617e-02,-2.690070e-02,4.676326e-07,5.322497e-08,1.127542e-04,7.482890e-05
1083179008,14547898,12998148096,39677576,-6.371646e-02,-2.689966e-02,4.672352e-07,5.274220e-08,1.126585e-04,7.415017e-05
1083441152,14548320,13001293824,39687323,-6.366703e-02,-2.685608e-02,5.372497e-07,3.462720e-08,1.295402e-04,4.868232e-05
1083703296,14548502,13004439552,39696906,-6.365868e-02,-2.680386e-02,5.495633e-07,1.791823e-08,1.325092e-04,2.519122e-05
1083965440,14548716,13007585280,39706680,-6.365915e-02,-2.677462e-02,5.488675e-07,1.094556e-08,1.323414e-04,1.538835e-05
1084227584,14549879,13010731008,39716301,-6.365763e-02,-2.680180e-02,5.511108e-07,1.737243e-08,1.328823e-04,2.442387e-05
1084489728,14550265,13013876736,39725753,-6.360367e-02,-2.680477e-02,6.341462e-07,1.816441e-08,1.529036e-04,2.553732e-05
1084751872,14550451,13017022464,39735214,-6.356248e-02,-2.681928e-02,7.014394e-07,2.228336e-08,1.691291e-04,3.132814e-05
1085014016,14550605,13020168192,39744680,-6.357538e-02,-2.686503e-02,6.800028e-07,3.803530e-08,1.639604e-04,5.347377e-05
1085276160,14553064,13023313920,39754315,-6.358777e-02,-2.688297e-02,6.597216e-07,4.535670e-08,1.590702e-04,6.376691e-05
1085538304,14553653,13026459648,39764023,-6.361832e-02,-2.688042e-02,6.110316e-07,4.427785e-08,1.473302e-04,6.225016e-05
1085800448,14558968,13029605376,39773632,-6.359355e-02,-2.688161e-02,6.503629e-07,4.477859e-08,1.568137e-04,6.295415e-05
1086062592,14562411,13032751104,39783444,-6.360783e-02,-2.682552e-02,6.275303e-07,2.418695e-08,1.513084e-04,3.400441e-05
1086324736,14571382,13035896832,39792998,-6.358800e-02,-2.687918e-02,6.593465e-07,4.375810e-08,1.589798e-04,6.151944e-05
1086586880,14571813,13039042560,39802487,-6.358641e-02,-2.688058e-02,6.619263e-07,4.434215e-08,1.596018e-04,6.234056e-05
1086849024,14575355,13042188288,39812028,-6.361949e-02,-2.691777e-02,6.092042e-07,6.139043e-08,1.468896e-04,8.630871e-05
1087111168,14589104,13045334016,39821494,-6.359613e-02,-2.689276e-02,6.462117e-07,4.962421e-08,1.558128e-04,6.976660e-05
1087373312,14602525,13048479744,39830791,-6.360976e-02,-2.687217e-02,6.244767e-07,4.087332e-08,1.505721e-04,5.746373e-05
1087635456,14606051,13051625472,39840345,-6.360123e-02,-2.684624e-02,6.380324e-07,3.105914e-08,1.538406e-04,4.366600e-05
1087897600,14606509,13054771200,39849886,-6.360787e-02,-2.679017e-02,6.274713e-07,1.444003e-08,1.512941e-04,2.030122e-05
1088159744,14609889,13057916928,39859706,-6.361831e-02,-2.683691e-02,6.110433e-07,2.786011e-08,1.473330e-04,3.916849e-05
1088421888,14636904,13061062656,39869148,-6.360205e-02,-2.684831e-02,6.367238e-07,3.179349e-08,1.535251e-04,4.469843e-05
1088684032,14636960,13064208384,39878858,-6.360117e-02,-2.683338e-02,6.381395e-07,2.669365e-08,1.538664e-04,3.752857e-05
1088946176,14660393,13067354112,39888381,-6.360074e-02,-2.681240e-02,6.388182e-07,2.027807e-08,1.540301e-04,2.850891e-05
1089208320,14664588,13070499840,39897911,-6.359529e-02,-2.683803e-02,6.475540e-07,2.823444e-08,1.561364e-04,3.969477e-05
1089470464,14670973,13073645568,39907519,-6.359251e-02,-2.679366e-02,6.520464e-07,1.529251e-08,1.572196e-04,2.149971e-05
1089732608,14680887,13076791296,39917293,-6.361622e-02,-2.674986e-02,6.143208e-07,6.378063e-09,1.481233e-04,8.966909e-06
1089994752,14685566,13079937024,39926846,-6.361485e-02,-2.673276e-02,6.164717e-07,3.939281e-09,1.486419e-04,5.538230e-06
1090256896,14714782,13083082752,39936517,-6.364713e-02,-2.673959e-02,5.668188e-07,4.842808e-09,1.366698e-04,6.808496e-06
1090519040,14742893,13086228480,39946075,-6.366291e-02,-2.671737e-02,5.433067e-07,2.243639e-09,1.310006e-04,3.154329e-06
1090781184,14759715,13089374208,39955737,-6.366188e-02,-2.672069e-02,5.448235e-07,2.569668e-09,1.313663e-04,3.612692e-06
1091043328,14762386,13092519936,39965237,-6.369708e-02,-2.668744e-02,4.941036e-07,3.042167e-10,1.191369e-04,4.276978e-07
1091305472,14763926,13095665664,39974697,-6.371349e-02,-2.666404e-02,4.712979e-07,3.550494e-11,1.136380e-04,4.991634e-08
1091567616,14763982,13098811392,39984356,-6.368601e-02,-2.668702e-02,5.097911e-07,2.897094e-10,1.229194e-04,4.073020e-07
1091829760,14764260,13101957120,39993746,-6.370368e-02,-2.664878e-02,4.848669e-07,4.504148e-10,1.169097e-04,6.332375e-07
1092091904,14764617,13105102848,40003208,-6.370334e-02,-2.665894e-02,4.853339e-07,1.224146e-10,1.170224e-04,1.721025e-07
1092354048,14765006,13108248576,40012685,-6.373013e-02,-2.663280e-02,4.487315e-07,1.384034e-09,1.081969e-04,1.945812e-06
1092616192,14765120,13111394304,40022257,-6.376196e-02,-2.665387e-02,4.071019e-07,2.601933e-10,9.815927e-05,3.658053e-07
1092878336,14765194,13114540032,40031965,-6.375775e-02,-2.668110e-02,4.124819e-07,1.232817e-10,9.945647e-05,1.733215e-07
1093140480,14765263,13117685760,40041568,-6.376901e-02,-2.667040e-02,3.981574e-07,1.633728e-13,9.600260e-05,2.296856e-10
1093402624,14765845,13120831488,40051036,-6.378771e-02,-2.666407e-02,3.748975e-07,3.515066e-11,9.039423e-05,4.941827e-08
1093664768,14766338,13123977216,40060672,-6.380538e-02,-2.669645e-02,3.535770e-07,6.996778e-10,8.525349e-05,9.836759e-07
1093926912,14766494,13127122944,40070308,-6.381721e-02,-2.668802e-02,3.396464e-07,3.245584e-10,8.189458e-05,4.562962e-07
1094189056,14766577,13130268672,40080035,-6.384254e-02,-2.665040e-02,3.107615e-07,3.842571e-10,7.492996e-05,5.402266e-07
1094451200,14766759,13133414400,40089435,-6.385164e-02,-2.665460e-02,3.007017e-07,2.371134e-10,7.250436e-05,3.333574e-07
1094713344,14767068,13136560128,40099043,-6.389502e-02,-2.663510e-02,2.550028e-07,1.218297e-09,6.148557e-05,1.712802e-06
1094975488,14767624,13139705856,40108572,-6.392143e-02,-2.663985e-02,2.290323e-07,9.091732e-10,5.522362e-05,1.278205e-06
1095237632,14768272,13142851584,40118128,-6.392832e-02,-2.666247e-02,2.224833e-07,5.668301e-11,5.364456e-05,7.969056e-08
1095499776,14768389,13145997312,40127935,-6.392367e-02,-2.663015e-02,2.268908e-07,1.587680e-09,5.470727e-05,2.232117e-06
1095761920,14768582,13149143040,40137721,-6.395880e-02,-2.664000e-02,1.946584e-07,9.002093e-10,4.693548e-05,1.265603e-06
1096024064,14769038,13152288768,40147299,-6.396048e-02,-2.663263e-02,1.931819e-07,1.396675e-09,4.657949e-05,1.963583e-06
1096286208,14769240,13155434496,40156872,-6.394467e-02,-2.662355e-02,2.073298e-07,2.157143e-09,4.999078e-05,3.032724e-06
1096548352,14769259,13158580224,40166582,-6.392272e-02,-2.657489e-02,2.278002e-07,9.045277e-09,5.492655e-05,1.271674e-05
1096810496,14769261,13161725952,40176332,-6.390703e-02,-2.656581e-02,2.430171e-07,1.085611e-08,5.859561e-05,1.526258e-05
1097072640,14769575,13164871680,40186009,-6.393855e-02,-2.658653e-02,2.129377e-07,6.967672e-09,5.134294e-05,9.795839e-06
1097334784,14769668,13168017408,40195386,-6.393176e-02,-2.657691e-02,2.192479e-07,8.665640e-09,5.286445e-05,1.218301e-05
1097596928,14769869,13171163136,40204914,-6.390744e-02,-2.657262e-02,2.426133e-07,9.482324e-09,5.849824e-05,1.333119e-05
1097859072,14770285,13174308864,40214567,-6.393540e-02,-2.653298e-02,2.158562e-07,1.877394e-08,5.204665e-05,2.639426e-05
1098121216,14770662,13177454592,40224149,-6.396443e-02,-2.652038e-02,1.897198e-07,2.238524e-08,4.574472e-05,3.147137e-05
1098383360,14771104,13180600320,40233807,-6.397127e-02,-2.646814e-02,1.838147e-07,4.074914e-08,4.432090e-05,5.728915e-05
1098645504,14773071,13183746048,40243555,-6.397483e-02,-2.647679e-02,1.807736e-07,3.733023e-08,4.358764e-05,5.248252e-05
1098907648,14773103,13186891776,40253232,-6.397665e-02,-2.651402e-02,1.792311e-07,2.432852e-08,4.321570e-05,3.420344e-05
1099169792,14773266,13190037504,40262729,-6.399073e-02,-2.651851e-02,1.675063e-07,2.294890e-08,4.038864e-05,3.226382e-05
1099431936,14773442,13193183232,40272617,-6.398512e-02,-2.650364e-02,1.721300e-07,2.767575e-08,4.150352e-05,3.890929e-05
1099694080,14774323,13196328960,40282285,-6.400231e-02,-2.652478e-02,1.581630e-07,2.108809e-08,3.813581e-05,2.964772e-05
1099956224,14776233,13199474688,40292035,-6.396853e-02,-2.653345e-02,1.861669e-07,1.864553e-08,4.488804e-05,2.621373e-05
1100218368,14776386,13202620416,40301506,-6.400310e-02,-2.652775e-02,1.575354e-07,2.023512e-08,3.798450e-05,2.844853e-05
1100480512,14776973,13205766144,40311212,-6.402952e-02,-2.654816e-02,1.372555e-07,1.484573e-08,3.309467e-05,2.087160e-05
1100742656,14777898,13208911872,40320687,-6.403325e-02,-2.657528e-02,1.345036e-07,8.971027e-09,3.243114e-05,1.261235e-05
1101004800,14779992,13212057600,40330274,-6.405244e-02,-2.658157e-02,1.207994e-07,7.819043e-09,2.912682e-05,1.099278e-05
1101266944,14780513,13215203328,40339851,-6.405561e-02,-2.656819e-02,1.186084e-07,1.036420e-08,2.859852e-05,1.457102e-05
1101529088,14781258,13218349056,40349314,-6.402724e-02,-2.652576e-02,1.389500e-07,2.080450e-08,3.350325e-05,2.924901e-05
1101791232,14782457,13221494784,40358801,-6.401352e-02,-2.653483e-02,1.493699e-07,1.827101e-08,3.601564e-05,2.568719e-05
1102053376,14783234,13224640512,40368437,-6.401823e-02,-2.655433e-02,1.457466e-07,1.338004e-08,3.514202e-05,1.881098e-05
1102315520,14783246,13227786240,40377832,-6.403335e-02,-2.655381e-02,1.344326e-07,1.349924e-08,3.241402e-05,1.897856e-05
1102577664,14784280,13230931968,40387533,-6.403822e-02,-2.653257e-02,1.308832e-07,1.888641e-08,3.155819e-05,2.655237e-05
1102839808,14787824,13234077696,40397314,-6.403702e-02,-2.651880e-02,1.317526e-07,2.286094e-08,3.176781e-05,3.214016e-05
1103101952,14789518,13237223424,40406808,-6.404441e-02,-2.649898e-02,1.264470e-07,2.924933e-08,3.048855e-05,4.112159e-05
1103364096,14795682,13240369152,40416642,-6.402647e-02,-2.649675e-02,1.395283e-07,3.001370e-08,3.364267e-05,4.219621e-05
1103626240,14799199,13243514880,40426161,-6.400146e-02,-2.649315e-02,1.588333e-07,3.127551e-08,3.829745e-05,4.397020e-05
1103888384,14802515,13246660608,40435759,-6.401297e-02,-2.650924e-02,1.497906e-07,2.584416e-08,3.611709e-05,3.633426e-05
1104150528,14809085,13249806336,40445332,-6.400643e-02,-2.652759e-02,1.549028e-07,2.028072e-08,3.734973e-05,2.851264e-05
1104412672,14810356,13252952064,40455025,-6.401563e-02,-2.656372e-02,1.477445e-07,1.129439e-08,3.562374e-05,1.587877e-05
1104674816,14810802,13256097792,40464362,-6.400858e-02,-2.655856e-02,1.532125e-07,1.241975e-08,3.694218e-05,1.746090e-05
1104936960,14830052,13259243520,40473957,-6.399287e-02,-2.655185e-02,1.657605e-07,1.395841e-08,3.996772e-05,1.962411e-05
1105199104,14832207,13262389248,40483417,-6.397042e-02,-2.654152e-02,1.845438e-07,1.650750e-08,4.449668e-05,2.320788e-05
1105461248,14835271,13265534976,40493037,-6.396934e-02,-2.653826e-02,1.854667e-07,1.735475e-08,4.471922e-05,2.439902e-05
1105723392,14835642,13268680704,40502607,-6.397758e-02,-2.655338e-02,1.784371e-07,1.360027e-08,4.302425e-05,1.912060e-05
1105985536,14840661,13271826432,40512198,-6.400441e-02,-2.653872e-02,1.564903e-07,1.723521e-08,3.773251e-05,2.423096e-05
1106247680,14852645,13274972160,40521825,-6.405173e-02,-2.654223e-02,1.212919e-07,1.632565e-08,2.924558e-05,2.295221e-05
1106509824,14854012,13278117888,40531440,-6.405824e-02,-2.654606e-02,1.168037e-07,1.536030e-08,2.816339e-05,2.159503e-05
1106771968,14857366,13281263616,40541059,-6.403964e-02,-2.657139e-02,1.298609e-07,9.723991e-09,3.131171e-05,1.367094e-05
1107034112,14866536,13284409344,40550538,-6.404362e-02,-2.658568e-02,1.270093e-07,7.109248e-09,3.062413e-05,9.994882e-06
1107296256,14889168,13287555072,40560161,-6.401828e-02,-2.658325e-02,1.457125e-07,7.526030e-09,3.513379e-05,1.058084e-05
1107558400,14981253,13290700800,40569745,-6.402184e-02,-2.657252e-02,1.430062e-07,9.502649e-09,3.448127e-05,1.335976e-05
1107820544,14981354,13293846528,40579342,-6.402271e-02,-2.654205e-02,1.423477e-07,1.637138e-08,3.432249e-05,2.301649e-05
1108082688,14981594,13296992256,40588924,-6.402171e-02,-2.655575e-02,1.431021e-07,1.305200e-08,3.450437e-05,1.834978e-05
1108344832,14981924,13300137984,40598338,-6.395762e-02,-2.657838e-02,1.957051e-07,8.394186e-09,4.718787e-05,1.180137e-05
1108606976,14982000,13303283712,40608026,-6.399322e-02,-2.657133e-02,1.654755e-07,9.735015e-09,3.989899e-05,1.368644e-05
1108869120,14982036,13306429440,40617759,-6.401259e-02,-2.657756e-02,1.500906e-07,8.545723e-09,3.618943e-05,1.201442e-05
1109131264,14982608,13309575168,40627439,-6.400806e-02,-2.657028e-02,1.536152e-07,9.944908e-09,3.703928e-05,1.398153e-05
1109393408,14982965,13312720896,40636895,-6.398496e-02,-2.658694e-02,1.722599e-07,6.898500e-09,4.153483e-05,9.698590e-06
1109655552,14982984,13315866624,40646486,-6.399079e-02,-2.656920e-02,1.674575e-07,1.016042e-08,4.037688e-05,1.428452e-05
1109917696,14982999,13319012352,40655940,-6.395382e-02,-2.659054e-02,1.990748e-07,6.313666e-09,4.800037e-05,8.876375e-06
1110179840,14983006,13322158080,40665627,-6.391241e-02,-2.658476e-02,2.377497e-07,7.265579e-09,5.732553e-05,1.021467e-05
1110441984,14983722,13325303808,40675260,-6.392171e-02,-2.653411e-02,2.287614e-07,1.846590e-08,5.515830e-05,2.596117e-05
1110704128,14983908,13328449536,40684969,-6.389687e-02,-2.654250e-02,2.531401e-07,1.625671e-08,6.103642e-05,2.285528e-05
1110966272,14984267,13331595264,40694523,-6.389778e-02,-2.650866e-02,2.522262e-07,2.603074e-08,6.081608e-05,3.659658e-05
1111228416,14985026,13334740992,40704069,-6.393980e-02,-2.650542e-02,2.117841e-07,2.708645e-08,5.106478e-05,3.808079e-05
1111490560,14985222,13337886720,40713558,-6.396412e-02,-2.650770e-02,1.899925e-07,2.634120e-08,4.581047e-05,3.703306e-05
1111752704,14985347,13341032448,40723220,-6.399342e-02,-2.653613e-02,1.653058e-07,1.792072e-08,3.985808e-05,2.519472e-05
1112014848,14985609,13344178176,40732601,-6.401000e-02,-2.650839e-02,1.521005e-07,2.611797e-08,3.667405e-05,3.671922e-05
1112276992,14985657,13347323904,40742465,-6.403042e-02,-2.650676e-02,1.365939e-07,2.664802e-08,3.293513e-05,3.746442e-05
1112539136,14985911,13350469632,40752096,-6.404073e-02,-2.650724e-02,1.290781e-07,2.649075e-08,3.112296e-05,3.724331e-05
1112801280,14985964,13353615360,40761721,-6.407907e-02,-2.651147e-02,1.029985e-07,2.513049e-08,2.483471e-05,3.533093e-05
1113063424,14986222,13356761088,40771176,-6.409238e-02,-2.648825e-02,9.463439e-08,3.303354e-08,2.281798e-05,4.644181e-05
1113325568,14986319,13359906816,40780834,-6.411052e-02,-2.645120e-02,8.379717e-08,4.787315e-08,2.020494e-05,6.730479e-05
1113587712,14986367,13363052544,40790573,-6.412980e-02,-2.646972e-02,7.300953e-08,4.011021e-08,1.760386e-05,5.639088e-05
1113849856,14986492,13366198272,40799973,-6.413717e-02,-2.645535e-02,6.908178e-08,4.607515e-08,1.665681e-05,6.477698e-05
1114112000,14986602,13369344000,40809591,-6.413525e-02,-2.649563e-02,7.009594e-08,3.040413e-08,1.690134e-05,4.274512e-05
1114374144,14986794,13372489728,40819072,-6.413576e-02,-2.648725e-02,6.982399e-08,3.339882e-08,1.683577e-05,4.695535e-05
1114636288,14987313,13375635456,40828597,-6.414988e-02,-2.644427e-02,6.256174e-08,5.095162e-08,1.508471e-05,7.163281e-05
1114898432,14988286,13378781184,40838246,-6.418457e-02,-2.642808e-02,4.641161e-08,5.852275e-08,1.119064e-05,8.227706e-05
1115160576,14988557,13381926912,40847666,-6.419517e-02,-2.642028e-02,4.195589e-08,6.235784e-08,1.011629e-05,8.766879e-05
1115422720,14988711,13385072640,40857279,-6.421208e-02,-2.642914e-02,3.531338e-08,5.801558e-08,8.514663e-06,8.156402e-05
1115684864,14988807,13388218368,40866968,-6.425130e-02,-2.642341e-02,2.211352e-08,6.080571e-08,5.331949e-06,8.548666e-05
1115947008,14989053,13391364096,40876655,-6.426127e-02,-2.644993e-02,1.924803e-08,4.843148e-08,4.641031e-06,6.808975e-05
1116209152,14989591,13394509824,40886173,-6.425958e-02,-2.645254e-02,1.971808e-08,4.728970e-08,4.754370e-06,6.648453e-05
1116471296,14989646,13397655552,40895738,-6.424322e-02,-2.641546e-02,2.458077e-08,6.479144e-08,5.926848e-06,9.109019e-05
1116733440,14989912,13400801280,40905332,-6.426135e-02,-2.642595e-02,1.922323e-08,5.956191e-08,4.635051e-06,8.373800e-05
1116995584,14990463,13403947008,40914980,-6.423550e-02,-2.645283e-02,2.706070e-08,4.716098e-08,6.524800e-06,6.630355e-05
1117257728,14990509,13407092736,40924534,-6.423108e-02,-2.644813e-02,2.853634e-08,4.922749e-08,6.880603e-06,6.920887e-05
1117519872,14990786,13410238464,40934151,-6.425058e-02,-2.646098e-02,2.232675e-08,4.368877e-08,5.383365e-06,6.142198e-05
1117782016,14991946,13413384192,40943799,-6.426375e-02,-2.648616e-02,1.856373e-08,3.379828e-08,4.476035e-06,4.751695e-05
1118044160,14992374,13416529920,40953390,-6.426948e-02,-2.648876e-02,1.703722e-08,3.284693e-08,4.107968e-06,4.617946e-05
1118306304,14992641,13419675648,40963030,-6.430797e-02,-2.646382e-02,8.469442e-09,4.250939e-08,2.042128e-06,5.976389e-05
1118568448,14992651,13422821376,40972408,-6.427713e-02,-2.646634e-02,1.509643e-08,4.147881e-08,3.640009e-06,5.831500e-05
1118830592,14995144,13425967104,40982203,-6.430328e-02,-2.646939e-02,9.355423e-09,4.024611e-08,2.255754e-06,5.658195e-05
1119092736,14996047,13429112832,40991942,-6.429522e-02,-2.647591e-02,1.097989e-08,3.766928e-08,2.647440e-06,5.295919e-05
1119354880,15001005,13432258560,41001377,-6.431661e-02,-2.651197e-02,6.954617e-09,2.497247e-08,1.676878e-06,3.510877e-05
1119617024,15004551,13435404288,41010844,-6.433047e-02,-2.649486e-02,4.835293e-09,3.067560e-08,1.165872e-06,4.312678e-05
1119879168,15013456,13438550016,41020572,-6.432604e-02,-2.652989e-02,5.470365e-09,1.963030e-08,1.318999e-06,2.759821e-05
1120141312,15014655,13441695744,41030245,-6.433798e-02,-2.650213e-02,3.847235e-09,2.817939e-08,9.276346e-07,3.961736e-05
1120403456,15017228,13444841472,41039543,-6.430930e-02,-2.650485e-02,8.227101e-09,2.727438e-08,1.983696e-06,3.834501e-05
1120665600,15032682,13447987200,41049391,-6.430774e-02,-2.651273e-02,8.512007e-09,2.473404e-08,2.052392e-06,3.477354e-05
1120927744,15044516,13451132928,41059063,-6.434375e-02,-2.650455e-02,3.164274e-09,2.737352e-08,7.629611e-07,3.848440e-05
1121189888,15048323,13454278656,41068705,-6.434379e-02,-2.650789e-02,3.160085e-09,2.627836e-08,7.619509e-07,3.694471e-05
1121452032,15048539,13457424384,41078477,-6.435064e-02,-2.652608e-02,2.436419e-09,2.071218e-08,5.874626e-07,2.911923e-05
1121714176,15051907,13460570112,41087875,-6.435362e-02,-2.655466e-02,2.151092e-09,1.330388e-08,5.186653e-07,1.870390e-05
1121976320,15078967,13463715840,41097499,-6.432682e-02,-2.658612e-02,5.355254e-09,7.036563e-09,1.291244e-06,9.892695e-06
1122238464,15079137,13466861568,41106933,-6.435700e-02,-2.656894e-02,1.849409e-09,1.021230e-08,4.459243e-07,1.435747e-05
1122500608,15102341,13470007296,41116610,-6.433900e-02,-2.657109e-02,3.721653e-09,9.782119e-09,8.973547e-07,1.375267e-05
1122762752,15106954,13473153024,41126345,-6.434619e-02,-2.657348e-02,2.896113e-09,9.315470e-09,6.983027e-07,1.309661e-05
1123024896,15113322,13476298752,41136016,-6.435973e-02,-2.658586e-02,1.621704e-09,7.079753e-09,3.910208e-07,9.953415e-06
1123287040,15122796,13479444480,41146014,-6.434663e-02,-2.660204e-02,2.848993e-09,4.618879e-09,6.869413e-07,6.493675e-06
1123549184,15127827,13482590208,41155530,-6.432825e-02,-2.658684e-02,5.149001e-09,6.915219e-09,1.241513e-06,9.722095e-06
1123811328,15157125,13485735936,41164998,-6.431613e-02,-2.658951e-02,7.034376e-09,6.479318e-09,1.696109e-06,9.109263e-06
1124073472,15185126,13488881664,41174555,-6.430572e-02,-2.660884e-02,8.890057e-09,3.740540e-09,2.143546e-06,5.258820e-06
1124335616,15206824,13492027392,41184261,-6.431320e-02,-2.659247e-02,7.534112e-09,6.010438e-09,1.816604e-06,8.450067e-06
1124597760,15209601,13495173120,41193924,-6.429341e-02,-2.657503e-02,1.136100e-08,9.020139e-09,2.739333e-06,1.268140e-05
1124859904,15211119,13498318848,41203451,-6.424778e-02,-2.658206e-02,2.317178e-08,7.732976e-09,5.587116e-06,1.087178e-05
1125122048,15211226,13501464576,41212881,-6.427635e-02,-2.660492e-02,1.529112e-08,4.234786e-09,3.686953e-06,5.953679e-06
1125384192,15211491,13504610304,41222445,-6.428392e-02,-2.661469e-02,1.347458e-08,3.059334e-09,3.248952e-06,4.301114e-06
1125646336,15212007,13507756032,41232104,-6.426611e-02,-2.661309e-02,1.792771e-08,3.239103e-09,4.322679e-06,4.553850e-06
1125908480,15212281,13510901760,41241657,-6.422482e-02,-2.661711e-02,3.068996e-08,2.797529e-09,7.399878e-06,3.933042e-06
1126170624,15212315,13514047488,41251482,-6.421414e-02,-2.663493e-02,3.454475e-08,1.230158e-09,8.329333e-06,1.729477e-06
1126432768,15212846,13517193216,41261008,-6.421263e-02,-2.661872e-02,3.510926e-08,2.629497e-09,8.465448e-06,3.696806e-06
1126694912,15212882,13520338944,41270469,-6.420849e-02,-2.665202e-02,3.667883e-08,3.234185e-10,8.843896e-06,4.546935e-07
1126957056,15212935,13523484672,41279997,-6.419310e-02,-2.666580e-02,4.280870e-08,1.759531e-11,1.032191e-05,2.473723e-08
1127219200,15213487,13526630400,41289549,-6.418134e-02,-2.669383e-02,4.781529e-08,5.679014e-10,1.152909e-05,7.984117e-07
1127481344,15213715,13529776128,41299101,-6.417682e-02,-2.670934e-02,4.981027e-08,1.547709e-09,1.201011e-05,2.175921e-06
1127743488,15213722,13532921856,41308746,-6.416918e-02,-2.670203e-02,5.328084e-08,1.026043e-09,1.284693e-05,1.442513e-06
1128005632,15214195,13536067584,41318281,-6.415162e-02,-2.670914e-02,6.169262e-08,1.531629e-09,1.487515e-05,2.153316e-06
1128267776,15214354,13539213312,41327814,-6.417623e-02,-2.669584e-02,5.007334e-08,6.676339e-10,1.207354e-05,9.386256e-07
1128529920,15214982,13542359040,41337598,-6.419919e-02,-2.671016e-02,4.032387e-08,1.613164e-09,9.722780e-06,2.267945e-06
1128792064,15215758,13545504768,41347121,-6.419785e-02,-2.669835e-02,4.086428e-08,8.040087e-10,9.853082e-06,1.130355e-06
1129054208,15215902,13548650496,41356750,-6.418691e-02,-2.669231e-02,4.540908e-08,4.976871e-10,1.094891e-05,6.996975e-07
1129316352,15216150,13551796224,41366433,-6.417824e-02,-2.669868e-02,4.918039e-08,8.223867e-10,1.185824e-05,1.156192e-06
1129578496,15216176,13554941952,41375910,-6.418108e-02,-2.670885e-02,4.792615e-08,1.509260e-09,1.155582e-05,2.121866e-06
1129840640,15216429,13558087680,41385483,-6.414166e-02,-2.668862e-02,6.674030e-08,3.466672e-10,1.609223e-05,4.873789e-07
1130102784,15216458,13561233408,41395127,-6.412132e-02,-2.665486e-02,7.766339e-08,2.290941e-10,1.872598e-05,3.220830e-07
1130364928,15216675,13564379136,41404759,-6.408814e-02,-2.669131e-02,9.726065e-08,4.542178e-10,2.345122e-05,6.385841e-07
1130627072,15216877,13567524864,41414326,-6.409848e-02,-2.671317e-02,9.091733e-08,1.863373e-09,2.192173e-05,2.619713e-06
1130889216,15217021,13570670592,41423933,-6.411618e-02,-2.673045e-02,8.055517e-08,3.654462e-09,1.942324e-05,5.137803e-06
1131151360,15217415,13573816320,41433488,-6.409515e-02,-2.671129e-02,9.293682e-08,1.704956e-09,2.240867e-05,2.396996e-06
1131413504,15217971,13576962048,41443256,-6.411623e-02,-2.675457e-02,8.052556e-08,7.151400e-09,1.941610e-05,1.005414e-05
1131675648,15217976,13580107776,41452975,-6.410659e-02,-2.677245e-02,8.609020e-08,1.049660e-08,2.075783e-05,1.475716e-05
1131937792,15218597,13583253504,41462644,-6.410289e-02,-2.680127e-02,8.827688e-08,1.723130e-08,2.128508e-05,2.422546e-05
1132199936,15220299,13586399232,41472321,-6.407811e-02,-2.676555e-02,1.036163e-07,9.129085e-09,2.498368e-05,1.283457e-05
1132462080,15220409,13589544960,41481851,-6.406634e-02,-2.678387e-02,1.113335e-07,1.296659e-08,2.684443e-05,1.822971e-05
1132724224,15220638,13592690688,41491426,-6.408941e-02,-2.679254e-02,9.646761e-08,1.501506e-08,2.326000e-05,2.110966e-05
1132986368,15220989,13595836416,41501134,-6.411494e-02,-2.677967e-02,8.125875e-08,1.202684e-08,1.959289e-05,1.690852e-05
1133248512,15221862,13598982144,41510632,-6.412858e-02,-2.674447e-02,7.367134e-08,5.546398e-09,1.776343e-05,7.797672e-06
1133510656,15223592,13602127872,41520200,-6.414239e-02,-2.675211e-02,6.636357e-08,6.741602e-09,1.600140e-05,9.478008e-06
1133772800,15223598,13605273600,41529744,-6.415897e-02,-2.677937e-02,5.809726e-08,1.196279e-08,1.400825e-05,1.681846e-05
1134034944,15224831,13608419328,41539378,-6.417853e-02,-2.676899e-02,4.904830e-08,9.799074e-09,1.182639e-05,1.377651e-05
1134297088,15226012,13611565056,41549134,-6.419708e-02,-2.677892e-02,4.117815e-08,1.186317e-08,9.928763e-06,1.667841e-05
1134559232,15227365,13614710784,41558431,-6.417632e-02,-2.677593e-02,5.003334e-08,1.122087e-08,1.206390e-05,1.577541e-05
1134821376,15228159,13617856512,41568171,-6.414426e-02,-2.677218e-02,6.540355e-08,1.044057e-08,1.576992e-05,1.467839e-05
1135083520,15228840,13621002240,41577683,-6.417145e-02,-2.675271e-02,5.223693e-08,6.841378e-09,1.259522e-05,9.618282e-06
1135345664,15229653,13624147968,41587311,-6.418952e-02,-2.674748e-02,4.430137e-08,6.002643e-09,1.068182e-05,8.439108e-06
1135607808,15230977,13627293696,41596995,-6.417696e-02,-2.673784e-02,4.974710e-08,4.602184e-09,1.199488e-05,6.470204e-06
1135869952,15231206,13630439424,41606633,-6.418668e-02,-2.672771e-02,4.550439e-08,3.330053e-09,1.097189e-05,4.681717e-06
1136132096,15231892,13633585152,41616378,-6.419781e-02,-2.672565e-02,4.088236e-08,3.097365e-09,9.857440e-06,4.354581e-06
1136394240,15235328,13636730880,41626209,-6.420764e-02,-2.672098e-02,3.700488e-08,2.598831e-09,8.922515e-06,3.653694e-06
1136656384,15237126,13639876608,41635987,-6.420498e-02,-2.672237e-02,3.803530e-08,2.742826e-09,9.170965e-06,3.856135e-06
1136918528,15243151,13643022336,41645787,-6.420148e-02,-2.671399e-02,3.941048e-08,1.934964e-09,9.502544e-06,2.720363e-06
1137180672,15246622,13646168064,41655345,-6.419259e-02,-2.673187e-02,4.302169e-08,3.827850e-09,1.037327e-05,5.381569e-06
1137442816,15250699,13649313792,41665289,-6.417963e-02,-2.672557e-02,4.856438e-08,3.087835e-09,1.170971e-05,4.341183e-06
1137704960,15257687,13652459520,41674679,-6.414142e-02,-2.670153e-02,6.686739e-08,9.943124e-10,1.612288e-05,1.397902e-06
1137967104,15257934,13655605248,41684403,-6.411396e-02,-2.670573e-02,8.182042e-08,1.276979e-09,1.972831e-05,1.795303e-06
1138229248,15258156,13658750976,41693998,-6.413940e-02,-2.671579e-02,6.791570e-08,2.096328e-09,1.637564e-05,2.947225e-06
1138491392,15277240,13661896704,41703655,-6.414042e-02,-2.668419e-02,6.738085e-08,2.012399e-10,1.624668e-05,2.829229e-07
1138753536,15279751,13665042432,41713345,-6.413778e-02,-2.671500e-02,6.876100e-08,2.025136e-09,1.657946e-05,2.847135e-06
1139015680,15282941,13668188160,41722944,-6.412841e-02,-2.671910e-02,7.376440e-08,2.410378e-09,1.778587e-05,3.388747e-06
1139277824,15284326,13671333888,41732624,-6.413865e-02,-2.673441e-02,6.830459e-08,4.149163e-09,1.646941e-05,5.833301e-06
1139539968,15289265,13674479616,41742273,-6.416527e-02,-2.675217e-02,5.509843e-08,6.751394e-09,1.328518e-05,9.491774e-06
1139802112,15299864,13677625344,41752127,-6.419882e-02,-2.676088e-02,4.047363e-08,8.259909e-09,9.758887e-06,1.161260e-05
1140064256,15301133,13680771072,41761764,-6.420490e-02,-2.671975e-02,3.806436e-08,2.475187e-09,9.177974e-06,3.479862e-06
1140326400,15304600,13683916800,41771381,-6.421784e-02,-2.674614e-02,3.318470e-08,5.797200e-09,8.001404e-06,8.150274e-06
1140588544,15313855,13687062528,41781053,-6.422397e-02,-2.676102e-02,3.098828e-08,8.284982e-09,7.471807e-06,1.164784e-05
1140850688,15336319,13690208256,41790636,-6.422383e-02,-2.676023e-02,3.103813e-08,8.141836e-09,7.483829e-06,1.144659e-05
1141112832,15423522,13693353984,41800158,-6.421160e-02,-2.674988e-02,3.549563e-08,6.380740e-09,8.558606e-06,8.970674e-06
1141374976,15423740,13696499712,41809590,-6.420051e-02,-2.674372e-02,3.979598e-08,5.435154e-09,9.595496e-06,7.641274e-06
1141637120,15423838,13699645440,41819399,-6.417246e-02,-2.674681e-02,5.177478e-08,5.900047e-09,1.248379e-05,8.294867e-06
1141899264,15424179,13702791168,41828911,-6.414523e-02,-2.676284e-02,6.490908e-08,8.618887e-09,1.565070e-05,1.211728e-05
1142161408,15424226,13705936896,41838665,-6.413618e-02,-2.672608e-02,6.959973e-08,3.144607e-09,1.678169e-05,4.420998e-06
1142423552,15424233,13709082624,41848335,-6.413739e-02,-2.669979e-02,6.896433e-08,8.875124e-10,1.662849e-05,1.247752e-06
1142685696,15424918,13712228352,41858156,-6.412215e-02,-2.672205e-02,7.720313e-08,2.708983e-09,1.861500e-05,3.808556e-06
1142947840,15425135,13715374080,41867808,-6.409590e-02,-2.671538e-02,9.247857e-08,2.058972e-09,2.229818e-05,2.894706e-06
1143209984,15425256,13718519808,41877323,-6.408652e-02,-2.674147e-02,9.827171e-08,5.107917e-09,2.369500e-05,7.181213e-06
1143472128,15425338,13721665536,41886864,-6.409153e-02,-2.673850e-02,9.515308e-08,4.692082e-09,2.294305e-05,6.596591e-06
1143734272,15425445,13724811264,41896428,-6.406750e-02,-2.671906e-02,1.105592e-07,2.406721e-09,2.665774e-05,3.383606e-06
1143996416,15425930,13727956992,41906128,-6.406008e-02,-2.675409e-02,1.155492e-07,7.070979e-09,2.786090e-05,9.941079e-06
1144258560,15426181,13731102720,41915751,-6.402953e-02,-2.680053e-02,1.372500e-07,1.703868e-08,3.309334e-05,2.395466e-05
1144520704,15426489,13734248448,41925376,-6.399246e-02,-2.681346e-02,1.660944e-07,2.057997e-08,4.004821e-05,2.893335e-05
1144782848,15427303,13737394176,41935060,-6.401949e-02,-2.681255e-02,1.447925e-07,2.032000e-08,3.491195e-05,2.856785e-05
1145044992,15427510,13740539904,41944783,-6.399186e-02,-2.681674e-02,1.665805e-07,2.153403e-08,4.016544e-05,3.027466e-05
1145307136,15427665,13743685632,41954213,-6.398871e-02,-2.679322e-02,1.691631e-07,1.518260e-08,4.078813e-05,2.134520e-05
1145569280,15427963,13746831360,41963767,-6.399795e-02,-2.676315e-02,1.616488e-07,8.677781e-09,3.897630e-05,1.220008e-05
1145831424,15427980,13749977088,41973491,-6.400143e-02,-2.675337e-02,1.588630e-07,6.951201e-09,3.830461e-05,9.772682e-06
1146093568,15428111,13753122816,41983159,-6.400345e-02,-2.672091e-02,1.572517e-07,2.591430e-09,3.791609e-05,3.643288e-06
1146355712,15428288,13756268544,41992707,-6.399542e-02,-2.673039e-02,1.636861e-07,3.647259e-09,3.946755e-05,5.127676e-06
1146617856,15428575,13759414272,42002177,-6.403438e-02,-2.673958e-02,1.336797e-07,4.842030e-09,3.223248e-05,6.807403e-06
1146880000,15428575,13762560000,42011928,-6.406014e-02,-2.670905e-02,1.155087e-07,1.524785e-09,2.785113e-05,2.143693e-06
1147142144,15428608,13765705728,42021717,-6.406016e-02,-2.672012e-02,1.154935e-07,2.512020e-09,2.784747e-05,3.531645e-06
1147404288,15428921,13768851456,42031179,-6.403869e-02,-2.672836e-02,1.305492e-07,3.406371e-09,3.147766e-05,4.789012e-06
1147666432,15428964,13771997184,42040816,-6.403867e-02,-2.675243e-02,1.305600e-07,6.794622e-09,3.148026e-05,9.552549e-06
1147928576,15429103,13775142912,42050354,-6.405069e-02,-2.678057e-02,1.220196e-07,1.222580e-08,2.942102e-05,1.718823e-05
1148190720,15429804,13778288640,42059829,-6.404012e-02,-2.678393e-02,1.295121e-07,1.298060e-08,3.122760e-05,1.824940e-05
1148452864,15430542,13781434368,42069372,-6.408437e-02,-2.678834e-02,9.962633e-08,1.400334e-08,2.402162e-05,1.968728e-05
1148715008,15430777,13784580096,42079021,-6.405101e-02,-2.676341e-02,1.217959e-07,8.724693e-09,2.936708e-05,1.226603e-05
1148977152,15431059,13787725824,42088772,-6.404898e-02,-2.681542e-02,1.232145e-07,2.114710e-08,2.970914e-05,2.973068e-05
1149239296,15431138,13790871552,42098606,-6.407402e-02,-2.680447e-02,1.062615e-07,1.808267e-08,2.562149e-05,2.542240e-05
1149501440,15431307,13794017280,42108305,-6.407514e-02,-2.681003e-02,1.055342e-07,1.960838e-08,2.544610e-05,2.756740e-05
1149763584,15431701,13797163008,42117839,-6.403194e-02,-2.678838e-02,1.354672e-07,1.401436e-08,3.266347e-05,1.970277e-05
1150025728,15431953,13800308736,42127521,-6.402479e-02,-2.679361e-02,1.407835e-07,1.527869e-08,3.394532e-05,2.148029e-05
1150287872,15432412,13803454464,42137328,-6.400360e-02,-2.683123e-02,1.571335e-07,2.599590e-08,3.788760e-05,3.654759e-05
1150550016,15432819,13806600192,42146913,-6.399481e-02,-2.686133e-02,1.641809e-07,3.660823e-08,3.958683e-05,5.146745e-05
1150812160,15432833,13809745920,42156513,-6.399357e-02,-2.689237e-02,1.651907e-07,4.945009e-08,3.983033e-05,6.952180e-05
1151074304,15433050,13812891648,42166217,-6.400318e-02,-2.691505e-02,1.574645e-07,6.004930e-08,3.796739e-05,8.442323e-05
1151336448,15434208,13816037376,42176068,-6.400954e-02,-2.689856e-02,1.524610e-07,5.224119e-08,3.676098e-05,7.344582e-05
1151598592,15434880,13819183104,42185601,-6.399694e-02,-2.691847e-02,1.624586e-07,6.173612e-08,3.917156e-05,8.679473e-05
1151860736,15435013,13822328832,42195083,-6.395996e-02,-2.692569e-02,1.936406e-07,6.537879e-08,4.669009e-05,9.191593e-05
1152122880,15435104,13825474560,42204702,-6.395189e-02,-2.689694e-02,2.008072e-07,5.150051e-08,4.841808e-05,7.240449e-05
1152385024,15437467,13828620288,42214426,-6.392905e-02,-2.688987e-02,2.217950e-07,4.834379e-08,5.347860e-05,6.796647e-05
1152647168,15438592,13831766016,42224137,-6.390593e-02,-2.689639e-02,2.441055e-07,5.125142e-08,5.885804e-05,7.205430e-05
1152909312,15443366,13834911744,42233624,-6.389283e-02,-2.687647e-02,2.572199e-07,4.262852e-08,6.202015e-05,5.993138e-05
1153171456,15446973,13838057472,42243259,-6.388887e-02,-2.686389e-02,2.612561e-07,3.759268e-08,6.299334e-05,5.285150e-05
1153433600,15455787,13841203200,42252999,-6.383609e-02,-2.687429e-02,3.179968e-07,4.173489e-08,7.667451e-05,5.867502e-05
1153695744,15457766,13844348928,42262644,-6.383771e-02,-2.684168e-02,3.161676e-07,2.947530e-08,7.623347e-05,4.143929e-05
1153957888,15459474,13847494656,42272119,-6.383342e-02,-2.683579e-02,3.210207e-07,2.748643e-08,7.740362e-05,3.864313e-05
1154220032,15476496,13850640384,42281829,-6.382135e-02,-2.683478e-02,3.348437e-07,2.715270e-08,8.073658e-05,3.817394e-05
1154482176,15486701,13853786112,42291295,-6.385221e-02,-2.682362e-02,3.000810e-07,2.359790e-08,7.235470e-05,3.317625e-05
1154744320,15490731,13856931840,42300766,-6.384868e-02,-2.682258e-02,3.039544e-07,2.327965e-08,7.328865e-05,3.272883e-05
1155006464,15490829,13860077568,42310471,-6.387533e-02,-2.680290e-02,2.752785e-07,1.766184e-08,6.637438e-05,2.483076e-05
1155268608,15494061,13863223296,42320271,-6.384581e-02,-2.679493e-02,3.071255e-07,1.560691e-08,7.405326e-05,2.194173e-05
1155530752,15521260,13866369024,42329911,-6.381926e-02,-2.680352e-02,3.372624e-07,1.782858e-08,8.131978e-05,2.506518e-05
1155792896,15521630,13869514752,42339352,-6.382141e-02,-2.681140e-02,3.347747e-07,1.999420e-08,8.071995e-05,2.810981e-05
1156055040,15544682,13872660480,42349090,-6.381669e-02,-2.678595e-02,3.402545e-07,1.344389e-08,8.204123e-05,1.890075e-05
1156317184,15549441,13875806208,42358627,-6.380993e-02,-2.677548e-02,3.481839e-07,1.112558e-08,8.395314e-05,1.564144e-05
1156579328,15555674,13878951936,42368154,-6.383473e-02,-2.678761e-02,3.195280e-07,1.383107e-08,7.704371e-05,1.944507e-05
1156841472,15564960,13882097664,42377952,-6.383374e-02,-2.676627e-02,3.206493e-07,9.268787e-09,7.731406e-05,1.303097e-05
1157103616,15570191,13885243392,42387692,-6.383857e-02,-2.674614e-02,3.152048e-07,5.797767e-09,7.600131e-05,8.151072e-06
1157365760,15599510,13888389120,42397382,-6.383356e-02,-2.674603e-02,3.208603e-07,5.780194e-09,7.736493e-05,8.126367e-06
1157627904,15627527,13891534848,42407104,-6.384968e-02,-2.674358e-02,3.028546e-07,5.414027e-09,7.302346e-05,7.611573e-06
1157890048,15654156,13894680576,42416827,-6.385855e-02,-2.673570e-02,2.931666e-07,4.315898e-09,7.068751e-05,6.067715e-06
1158152192,15656879,13897826304,42426325,-6.386111e-02,-2.673962e-02,2.904057e-07,4.846697e-09,7.002182e-05,6.813965e-06
1158414336,15658515,13900972032,42435904,-6.388932e-02,-2.672742e-02,2.607993e-07,3.297671e-09,6.288321e-05,4.636191e-06
1158676480,15658529,13904117760,42445556,-6.393998e-02,-2.672791e-02,2.116195e-07,3.354173e-09,5.102510e-05,4.715627e-06
1158938624,15658611,13907263488,42454923,-6.395403e-02,-2.674037e-02,1.988953e-07,4.951778e-09,4.795710e-05,6.961698e-06
1159200768,15659322,13910409216,42464467,-6.396224e-02,-2.673471e-02,1.916393e-07,4.186922e-09,4.620754e-05,5.886388e-06
1159462912,15659587,13913554944,42473975,-6.398128e-02,-2.674087e-02,1.753286e-07,5.022018e-09,4.227475e-05,7.060448e-06
1159725056,15659709,13916700672,42483496,-6.398817e-02,-2.673792e-02,1.696046e-07,4.613311e-09,4.089460e-05,6.485847e-06
1159987200,15660143,13919846400,42493106,-6.399384e-02,-2.672784e-02,1.649667e-07,3.345764e-09,3.977631e-05,4.703806e-06
1160249344,15660451,13922992128,42502709,-6.399388e-02,-2.671465e-02,1.649365e-07,1.993242e-09,3.976902e-05,2.802296e-06
1160511488,15660586,13926137856,42512221,-6.397203e-02,-2.672708e-02,1.831573e-07,3.258638e-09,4.416237e-05,4.581315e-06
1160773632,15660667,13929283584,42521844,-6.396593e-02,-2.669835e-02,1.884175e-07,8.039031e-10,4.543070e-05,1.130206e-06
1161035776,15661022,13932429312,42531425,-6.394871e-02,-2.670410e-02,2.036619e-07,1.163026e-09,4.910638e-05,1.635097e-06
1161297920,15661214,13935575040,42541221,-6.396357e-02,-2.672017e-02,1.904735e-07,2.516877e-09,4.592643e-05,3.538473e-06
1161560064,15661371,13938720768,42551081,-6.400776e-02,-2.671693e-02,1.538548e-07,2.202363e-09,3.709704e-05,3.096299e-06
1161822208,15661799,13941866496,42560746,-6.403749e-02,-2.672675e-02,1.314175e-07,3.220261e-09,3.168701e-05,4.527361e-06
1162084352,15662379,13945012224,42570141,-6.405401e-02,-2.670924e-02,1.197091e-07,1.539951e-09,2.886393e-05,2.165015e-06
1162346496,15663365,13948157952,42579843,-6.404859e-02,-2.671501e-02,1.234919e-07,2.025806e-09,2.977601e-05,2.848078e-06
1162608640,15663474,13951303680,42589512,-6.405155e-02,-2.671502e-02,1.214165e-07,2.026980e-09,2.927562e-05,2.849729e-06
1162870784,15663693,13954449408,42599088,-6.402595e-02,-2.675505e-02,1.399126e-07,7.234177e-09,3.373534e-05,1.017052e-05
1163132928,15663757,13957595136,42608747,-6.402981e-02,-2.677346e-02,1.370403e-07,1.070333e-08,3.304278e-05,1.504780e-05
1163395072,15663788,13960740864,42618529,-6.403094e-02,-2.677784e-02,1.362086e-07,1.163021e-08,3.284224e-05,1.635089e-05
1163657216,15663873,13963886592,42628382,-6.403330e-02,-2.677619e-02,1.344709e-07,1.127658e-08,3.242324e-05,1.585373e-05
1163919360,15664038,13967032320,42638041,-6.404010e-02,-2.680206e-02,1.295282e-07,1.744025e-08,3.123149e-05,2.451922e-05
1164181504,15664411,13970178048,42647715,-6.406339e-02,-2.678081e-02,1.133061e-07,1.227982e-08,2.732006e-05,1.726418e-05
1164443648,15664641,13973323776,42657336,-6.406553e-02,-2.678557e-02,1.118712e-07,1.335549e-08,2.697407e-05,1.877646e-05
1164705792,15665357,13976469504,42667031,-6.405611e-02,-2.679206e-02,1.182648e-07,1.489843e-08,2.851567e-05,2.094569e-05
1164967936,15665557,13979615232,42676557,-6.403965e-02,-2.681251e-02,1.298556e-07,2.030885e-08,3.131041e-05,2.855218e-05
1165230080,15665804,13982760960,42686205,-6.406397e-02,-2.680084e-02,1.129203e-07,1.711901e-08,2.722702e-05,2.406759e-05
1165492224,15666350,13985906688,42695876,-6.404965e-02,-2.678465e-02,1.227442e-07,1.314580e-08,2.959573e-05,1.848166e-05
1165754368,15667625,13989052416,42705272,-6.401840e-02,-2.678353e-02,1.456215e-07,1.288950e-08,3.511185e-05,1.812133e-05
1166016512,15668087,13992198144,42714846,-6.402954e-02,-2.675359e-02,1.372445e-07,6.987276e-09,3.309201e-05,9.823401e-06
1166278656,15668250,13995343872,42724329,-6.403750e-02,-2.674997e-02,1.314067e-07,6.394734e-09,3.168441e-05,8.990347e-06
1166540800,15668568,13998489600,42734128,-6.404140e-02,-2.673791e-02,1.285968e-07,4.611286e-09,3.100689e-05,6.483001e-06
1166802944,15669633,14001635328,42743912,-6.403825e-02,-2.671979e-02,1.308617e-07,2.479452e-09,3.155300e-05,3.485858e-06
1167065088,15671053,14004781056,42753412,-6.402662e-02,-2.670538e-02,1.394170e-07,1.252075e-09,3.361584e-05,1.760290e-06
1167327232,15671142,14007926784,42763169,-6.400774e-02,-2.672585e-02,1.538665e-07,3.118756e-09,3.709986e-05,4.384655e-06
1167589376,15672813,14011072512,42772913,-6.401812e-02,-2.674179e-02,1.458320e-07,5.153814e-09,3.516260e-05,7.245740e-06
1167851520,15674307,14014218240,42782524,-6.398892e-02,-2.676057e-02,1.689854e-07,8.202790e-09,4.074529e-05,1.153229e-05
1168113664,15674711,14017363968,42792184,-6.398311e-02,-2.677457e-02,1.738033e-07,1.093465e-08,4.190697e-05,1.537302e-05
1168375808,15675786,14020509696,42801616,-6.396949e-02,-2.673798e-02,1.853384e-07,4.620905e-09,4.468828e-05,6.496523e-06
1168637952,15676315,14023655424,42811098,-6.396896e-02,-2.672785e-02,1.857941e-07,3.347057e-09,4.479817e-05,4.705624e-06
1168900096,15677082,14026801152,42820518,-6.396271e-02,-2.668088e-02,1.912286e-07,1.182870e-10,4.610851e-05,1.662996e-07
1169162240,15678922,14029946880,42830167,-6.393196e-02,-2.668758e-02,2.190596e-07,3.091094e-10,5.281904e-05,4.345765e-07
1169424384,15679269,14033092608,42839694,-6.393231e-02,-2.671591e-02,2.187389e-07,2.108114e-09,5.274171e-05,2.963794e-06
1169686528,15679469,14036238336,42849393,-6.395563e-02,-2.672048e-02,1.974691e-07,2.548373e-09,4.761320e-05,3.582753e-06
1169948672,15682992,14039384064,42858905,-6.397223e-02,-2.672794e-02,1.829915e-07,3.356763e-09,4.412241e-05,4.719268e-06
1170210816,15684633,14042529792,42868298,-6.394927e-02,-2.675079e-02,2.031578e-07,6.527385e-09,4.898485e-05,9.176842e-06
1170472960,15690597,14045675520,42877911,-6.395318e-02,-2.672980e-02,1.996537e-07,3.575844e-09,4.813994e-05,5.027273e-06
1170735104,15693994,14048821248,42887456,-6.391274e-02,-2.672288e-02,2.374228e-07,2.796347e-09,5.724673e-05,3.931380e-06
1170997248,15699049,14051966976,42897178,-6.392945e-02,-2.672986e-02,2.214162e-07,3.583199e-09,5.338727e-05,5.037614e-06
1171259392,15705550,14055112704,42906829,-6.393813e-02,-2.672523e-02,2.133229e-07,3.050892e-09,5.143583e-05,4.289244e-06
1171521536,15705584,14058258432,42916551,-6.389712e-02,-2.672182e-02,2.528927e-07,2.685766e-09,6.097679e-05,3.775915e-06
1171783680,15706387,14061404160,42926011,-6.386916e-02,-2.670577e-02,2.817979e-07,1.279776e-09,6.794633e-05,1.799236e-06
1172045824,15724591,14064549888,42935569,-6.389826e-02,-2.673264e-02,2.517475e-07,3.924098e-09,6.070066e-05,5.516883e-06
1172307968,15727053,14067695616,42945329,-6.391239e-02,-2.675076e-02,2.377642e-07,6.521668e-09,5.732904e-05,9.168803e-06
1172570112,15730318,14070841344,42954561,-6.390829e-02,-2.675972e-02,2.417846e-07,8.048991e-09,5.829843e-05,1.131606e-05
1172832256,15733288,14073987072,42964043,-6.391633e-02,-2.675502e-02,2.339360e-07,7.229108e-09,5.640601e-05,1.016339e-05
1173094400,15738201,14077132800,42973471,-6.394371e-02,-2.677384e-02,2.081992e-07,1.078287e-08,5.020040e-05,1.515962e-05
1173356544,15747544,14080278528,42983145,-6.391101e-02,-2.680898e-02,2.391176e-07,1.931476e-08,5.765536e-05,2.715459e-05
1173618688,15748536,14083424256,42992907,-6.390233e-02,-2.680378e-02,2.476744e-07,1.789779e-08,5.971857e-05,2.516248e-05
1173880832,15752220,14086569984,43002544,-6.393640e-02,-2.679649e-02,2.149226e-07,1.600029e-08,5.182155e-05,2.249478e-05
1174142976,15761419,14089715712,43012047,-6.395614e-02,-2.679450e-02,1.970125e-07,1.550144e-08,4.750310e-05,2.179346e-05
1174405120,15783863,14092861440,43021683,-6.394383e-02,-2.677448e-02,2.080904e-07,1.091635e-08,5.017417e-05,1.534729e-05
1174667264,15865934,14096007168,43031468,-6.394526e-02,-2.680926e-02,2.067873e-07,1.939457e-08,4.985998e-05,2.726680e-05
1174929408,15866358,14099152896,43040997,-6.394873e-02,-2.681019e-02,2.036484e-07,1.965379e-08,4.910314e-05,2.763124e-05
1175191552,15866657,14102298624,43050460,-6.392790e-02,-2.681356e-02,2.228771e-07,2.060937e-08,5.373950e-05,2.897469e-05
1175453696,15866693,14105444352,43060002,-6.395093e-02,-2.679490e-02,2.016695e-07,1.559993e-08,4.862599e-05,2.193192e-05
1175715840,15866700,14108590080,43069534,-6.395034e-02,-2.676632e-02,2.021985e-07,9.278114e-09,4.875355e-05,1.304409e-05
1175977984,15867068,14111735808,43078942,-6.393576e-02,-2.675221e-02,2.155241e-07,6.758742e-09,5.196656e-05,9.502105e-06
1176240128,15867339,14114881536,43088761,-6.394782e-02,-2.670770e-02,2.044696e-07,1.421145e-09,4.930115e-05,1.997985e-06
1176502272,15867507,14118027264,43098449,-6.394762e-02,-2.673542e-02,2.046516e-07,4.279266e-09,4.934503e-05,6.016213e-06
1176764416,15867755,14121172992,43107956,-6.391834e-02,-2.674545e-02,2.319941e-07,5.693290e-09,5.593778e-05,8.004187e-06
1177026560,15867943,14124318720,43117438,-6.393488e-02,-2.675863e-02,2.163411e-07,7.854990e-09,5.216357e-05,1.104332e-05
1177288704,15867979,14127464448,43126991,-6.392999e-02,-2.676640e-02,2.209117e-07,9.292832e-09,5.326561e-05,1.306478e-05
1177550848,15868241,14130610176,43136356,-6.393010e-02,-2.676946e-02,2.208066e-07,9.891854e-09,5.324028e-05,1.390694e-05
1177812992,15868666,14133755904,43145950,-6.392854e-02,-2.675013e-02,2.222795e-07,6.420976e-09,5.359542e-05,9.027241e-06
1178075136,15868857,14136901632,43155399,-6.393737e-02,-2.675023e-02,2.140324e-07,6.437704e-09,5.160689e-05,9.050758e-06
1178337280,15869798,14140047360,43164916,-6.393737e-02,-2.675852e-02,2.140255e-07,7.835852e-09,5.160524e-05,1.101641e-05
1178599424,15869932,14143193088,43174437,-6.395282e-02,-2.675946e-02,1.999734e-07,8.002601e-09,4.821703e-05,1.125084e-05
1178861568,15870301,14146338816,43184185,-6.392185e-02,-2.676635e-02,2.286331e-07,9.283139e-09,5.512737e-05,1.305115e-05
1179123712,15870498,14149484544,43193543,-6.393346e-02,-2.675602e-02,2.176600e-07,7.399557e-09,5.248158e-05,1.040303e-05
1179385856,15870499,14152630272,43202866,-6.396122e-02,-2.674848e-02,1.925275e-07,6.159511e-09,4.642170e-05,8.659647e-06
1179648000,15870606,14155776000,43212243,-6.393630e-02,-2.675695e-02,2.150193e-07,7.560974e-09,5.184487e-05,1.062996e-05
1179910144,15870807,14158921728,43221989,-6.393871e-02,-2.678512e-02,2.127864e-07,1.325365e-08,5.130647e-05,1.863329e-05
1180172288,15870951,14162067456,43231525,-6.394795e-02,-2.679453e-02,2.043551e-07,1.550840e-08,4.927353e-05,2.180324e-05
1180434432,15871094,14165213184,43241078,-6.390989e-02,-2.682677e-02,2.402118e-07,2.457844e-08,5.791921e-05,3.455479e-05
1180696576,15871301,14168358912,43250755,-6.391162e-02,-2.689161e-02,2.385132e-07,4.911020e-08,5.750963e-05,6.904396e-05
1180958720,15871355,14171504640,43260231,-6.392612e-02,-2.688451e-02,2.245686e-07,4.601360e-08,5.414736e-05,6.469046e-05
1181220864,15871711,14174650368,43269851,-6.395112e-02,-2.691119e-02,2.014956e-07,5.817271e-08,4.858405e-05,8.178492e-05
1181483008,15871827,14177796096,43279247,-6.393600e-02,-2.689797e-02,2.152958e-07,5.197248e-08,5.191153e-05,7.306803e-05
1181745152,15872363,14180941824,43288880,-6.392621e-02,-2.690861e-02,2.244768e-07,5.693405e-08,5.412523e-05,8.004349e-05
1182007296,15872997,14184087552,43298508,-6.392913e-02,-2.691473e-02,2.217178e-07,5.989148e-08,5.345999e-05,8.420135e-05
1182269440,15873223,14187233280,43308277,-6.395243e-02,-2.693431e-02,2.003200e-07,6.985943e-08,4.830062e-05,9.821527e-05
1182531584,15873702,14190379008,43317780,-6.397918e-02,-2.692427e-02,1.770926e-07,6.465497e-08,4.270007e-05,9.089833e-05
1182793728,15873783,14193524736,43327330,-6.397669e-02,-2.693771e-02,1.791932e-07,7.166993e-08,4.320657e-05,1.007606e-04
1183055872,15873849,14196670464,43336831,-6.399243e-02,-2.694409e-02,1.661187e-07,7.512640e-08,4.005407e-05,1.056201e-04
1183318016,15874091,14199816192,43346372,-6.399076e-02,-2.692231e-02,1.674819e-07,6.366231e-08,4.038277e-05,8.950274e-05
1183580160,15874542,14202961920,43356098,-6.396805e-02,-2.695716e-02,1.865850e-07,8.246103e-08,4.498886e-05,1.159318e-04
1183842304,15875117,14206107648,43365534,-6.396837e-02,-2.690349e-02,1.863083e-07,5.451672e-08,4.492214e-05,7.664497e-05
1184104448,15875381,14209253376,43375063,-6.401995e-02,-2.691569e-02,1.444411e-07,6.036283e-08,3.482724e-05,8.486402e-05
1184366592,15875413,14212399104,43384783,-6.403211e-02,-2.688357e-02,1.353466e-07,4.561094e-08,3.263439e-05,6.412434e-05
1184628736,15875658,14215544832,43394380,-6.402294e-02,-2.689238e-02,1.421735e-07,4.945257e-08,3.428047e-05,6.952530e-05
1184890880,15876604,14218690560,43404131,-6.401847e-02,-2.688011e-02,1.455703e-07,4.414625e-08,3.509951e-05,6.206516e-05
1185153024,15877511,14221836288,43413708,-6.402148e-02,-2.688096e-02,1.432825e-07,4.450311e-08,3.454788e-05,6.256685e-05
1185415168,15877712,14224982016,43423232,-6.402241e-02,-2.686742e-02,1.425727e-07,3.897388e-08,3.437672e-05,5.479332e-05
1185677312,15877817,14228127744,43432644,-6.402683e-02,-2.686854e-02,1.392557e-07,3.941935e-08,3.357694e-05,5.541961e-05
1185939456,15879984,14231273472,43442382,-6.403887e-02,-2.688060e-02,1.304146e-07,4.435078e-08,3.144521e-05,6.235269e-05
1186201600,15881308,14234419200,43451968,-6.404405e-02,-2.689735e-02,1.267015e-07,5.168667e-08,3.054991e-05,7.266621e-05
1186463744,15885997,14237564928,43461677,-6.401043e-02,-2.686704e-02,1.517694e-07,3.882399e-08,3.659422e-05,5.458260e-05
1186725888,15889653,14240710656,43471124,-6.402440e-02,-2.688387e-02,1.410800e-07,4.574151e-08,3.401680e-05,6.430792e-05
1186988032,15898467,14243856384,43480773,-6.400235e-02,-2.686924e-02,1.581274e-07,3.969794e-08,3.812725e-05,5.581128e-05
1187250176,15901132,14247002112,43490367,-6.400045e-02,-2.688215e-02,1.596420e-07,4.500907e-08,3.849244e-05,6.327818e-05
1187512320,15901804,14250147840,43499961,-6.401215e-02,-2.688540e-02,1.504256e-07,4.639556e-08,3.627021e-05,6.522745e-05
1187774464,15920460,14253293568,43509626,-6.402391e-02,-2.684618e-02,1.414440e-07,3.103879e-08,3.410459e-05,4.363739e-05
1188036608,15929183,14256439296,43519299,-6.400494e-02,-2.679459e-02,1.560780e-07,1.552232e-08,3.763309e-05,2.182281e-05
1188298752,15933218,14259585024,43528931,-6.399330e-02,-2.678337e-02,1.654028e-07,1.285358e-08,3.988146e-05,1.807083e-05
1188560896,15933244,14262730752,43538637,-6.398953e-02,-2.674911e-02,1.684896e-07,6.258434e-09,4.062574e-05,8.798724e-06
1188823040,15936705,14265876480,43548333,-6.394377e-02,-2.679083e-02,2.081516e-07,1.460029e-08,5.018893e-05,2.052652e-05
1189085184,15963732,14269022208,43557763,-6.390643e-02,-2.680108e-02,2.436125e-07,1.718097e-08,5.873917e-05,2.415470e-05
1189347328,15964372,14272167936,43567278,-6.388588e-02,-2.681301e-02,2.643192e-07,2.045138e-08,6.373192e-05,2.875256e-05
1189609472,15987180,14275313664,43576980,-6.388672e-02,-2.683982e-02,2.634619e-07,2.884047e-08,6.352520e-05,4.054677e-05
1189871616,15991939,14278459392,43586591,-6.388048e-02,-2.682037e-02,2.699026e-07,2.261210e-08,6.507817e-05,3.179032e-05
1190133760,15998146,14281605120,43596101,-6.385417e-02,-2.678969e-02,2.979299e-07,1.432521e-08,7.183603e-05,2.013980e-05
1190395904,16007358,14284750848,43605848,-6.385425e-02,-2.678778e-02,2.978485e-07,1.387228e-08,7.181642e-05,1.950302e-05
1190658048,16012825,14287896576,43615568,-6.385700e-02,-2.680149e-02,2.948472e-07,1.728856e-08,7.109273e-05,2.430597e-05
1190920192,16041934,14291042304,43625042,-6.384659e-02,-2.678711e-02,3.062673e-07,1.371434e-08,7.384631e-05,1.928096e-05
1191182336,16070025,14294188032,43634702,-6.385390e-02,-2.675384e-02,2.982309e-07,7.029690e-09,7.190860e-05,9.883031e-06
1191444480,16101917,14297333760,43644204,-6.388557e-02,-2.676459e-02,2.646411e-07,8.947402e-09,6.380953e-05,1.257914e-05
1191706624,16104523,14300479488,43653671,-6.386664e-02,-2.676191e-02,2.844779e-07,8.447858e-09,6.859253e-05,1.187683e-05
1191968768,16106218,14303625216,43663146,-6.385320e-02,-2.678535e-02,2.989882e-07,1.330517e-08,7.209120e-05,1.870571e-05
1192230912,16106262,14306770944,43672732,-6.385100e-02,-2.682423e-02,3.014048e-07,2.378597e-08,7.267389e-05,3.344066e-05
1192493056,16106292,14309916672,43682467,-6.380478e-02,-2.677217e-02,3.542862e-07,1.043829e-08,8.542450e-05,1.467518e-05
1192755200,16107074,14313062400,43691896,-6.378064e-02,-2.676445e-02,3.836152e-07,8.920641e-09,9.249624e-05,1.254152e-05
1193017344,16107327,14316208128,43701730,-6.378084e-02,-2.676152e-02,3.833660e-07,8.376447e-09,9.243616e-05,1.177643e-05
1193279488,16107655,14319353856,43711492,-6.379183e-02,-2.673406e-02,3.698690e-07,4.103457e-09,8.918178e-05,5.769044e-06
1193541632,16107889,14322499584,43721155,-6.384797e-02,-2.672070e-02,3.047354e-07,2.570801e-09,7.347695e-05,3.614285e-06
1193803776,16108432,14325645312,43730786,-6.384935e-02,-2.673884e-02,3.032155e-07,4.738640e-09,7.311047e-05,6.662046e-06
1194065920,16108525,14328791040,43740685,-6.385382e-02,-2.674483e-02,2.983123e-07,5.600072e-09,7.192823e-05,7.873134e-06
1194328064,16108715,14331936768,43750379,-6.387167e-02,-2.671757e-02,2.791385e-07,2.262914e-09,6.730510e-05,3.181427e-06
1194590208,16108751,14335082496,43760051,-6.389634e-02,-2.670968e-02,2.536802e-07,1.574793e-09,6.116665e-05,2.213999e-06
1194852352,16108975,14338228224,43769558,-6.389035e-02,-2.672127e-02,2.597426e-07,2.628733e-09,6.262842e-05,3.695732e-06
1195114496,16109006,14341373952,43779085,-6.385674e-02,-2.674257e-02,2.951304e-07,5.266210e-09,7.116103e-05,7.403756e-06
1195376640,16109928,14344519680,43788937,-6.384540e-02,-2.672762e-02,3.075799e-07,3.319957e-09,7.416281e-05,4.667522e-06
1195638784,16110272,14347665408,43798808,-6.386255e-02,-2.673484e-02,2.888499e-07,4.203812e-09,6.964670e-05,5.910134e-06
1195900928,16111542,14350811136,43808279,-6.387710e-02,-2.674809e-02,2.734287e-07,6.098557e-09,6.592837e-05,8.573953e-06
1196163072,16111555,14353956864,43817981,-6.388544e-02,-2.677519e-02,2.647791e-07,1.106593e-08,6.384280e-05,1.555758e-05
1196425216,16111586,14357102592,43827529,-6.386973e-02,-2.678311e-02,2.811892e-07,1.279410e-08,6.779955e-05,1.798720e-05
1196687360,16111617,14360248320,43837188,-6.390284e-02,-2.678581e-02,2.471704e-07,1.341152e-08,5.959703e-05,1.885523e-05
1196949504,16111701,14363394048,43846913,-6.392782e-02,-2.680066e-02,2.229545e-07,1.707177e-08,5.375816e-05,2.400117e-05
1197211648,16111982,14366539776,43856456,-6.393389e-02,-2.680307e-02,2.172570e-07,1.770792e-08,5.238440e-05,2.489553e-05
1197473792,16112055,14369685504,43865986,-6.394356e-02,-2.682082e-02,2.083352e-07,2.274618e-08,5.023320e-05,3.197882e-05
1197735936,16112236,14372831232,43875420,-6.391326e-02,-2.679495e-02,2.369221e-07,1.561156e-08,5.712600e-05,2.194827e-05
1197998080,16112727,14375976960,43885132,-6.390514e-02,-2.676615e-02,2.448865e-07,9.245490e-09,5.904636e-05,1.299822e-05
1198260224,16113650,14379122688,43894699,-6.390758e-02,-2.676389e-02,2.424812e-07,8.815748e-09,5.846639e-05,1.239405e-05
1198522368,16113767,14382268416,43904280,-6.388464e-02,-2.676876e-02,2.656002e-07,9.753401e-09,6.404077e-05,1.371229e-05
1198784512,16114042,14385414144,43913781,-6.386204e-02,-2.676351e-02,2.894028e-07,8.743493e-09,6.978001e-05,1.229246e-05
1199046656,16114562,14388559872,43923541,-6.385149e-02,-2.677229e-02,3.008651e-07,1.046304e-08,7.254376e-05,1.470998e-05
1199308800,16115392,14391705600,43933268,-6.384891e-02,-2.674827e-02,3.036998e-07,6.126518e-09,7.322726e-05,8.613263e-06
1199570944,16116273,14394851328,43942683,-6.383883e-02,-2.673271e-02,3.149121e-07,3.932036e-09,7.593072e-05,5.528044e-06
1199833088,16116348,14397997056,43952358,-6.385144e-02,-2.676654e-02,3.009224e-07,9.319426e-09,7.255757e-05,1.310217e-05
1200095232,16116565,14401142784,43962079,-6.387114e-02,-2.674399e-02,2.796977e-07,5.474774e-09,6.743994e-05,7.696977e-06
1200357376,16117593,14404288512,43971774,-6.383419e-02,-2.673604e-02,3.201432e-07,4.360801e-09,7.719203e-05,6.130843e-06
1200619520,16119042,14407434240,43981443,-6.381700e-02,-2.676371e-02,3.398896e-07,8.781853e-09,8.195322e-05,1.234639e-05
1200881664,16119110,14410579968,43991147,-6.380244e-02,-2.675025e-02,3.570767e-07,6.439796e-09,8.609733e-05,9.053701e-06
1201143808,16121143,14413725696,44001041,-6.380054e-02,-2.674799e-02,3.593598e-07,6.083148e-09,8.664783e-05,8.552289e-06
1201405952,16122686,14416871424,44010929,-6.379505e-02,-2.673898e-02,3.659734e-07,4.757892e-09,8.824248e-05,6.689114e-06
1201668096,16122965,14420017152,44020618,-6.384282e-02,-2.674011e-02,3.104543e-07,4.915929e-09,7.485587e-05,6.911298e-06
1201930240,16123682,14423162880,44030413,-6.382486e-02,-2.674160e-02,3.307862e-07,5.126038e-09,7.975823e-05,7.206690e-06
1202192384,16124357,14426308608,44040054,-6.382626e-02,-2.670949e-02,3.291855e-07,1.559161e-09,7.937229e-05,2.192022e-06
1202454528,16125188,14429454336,44049531,-6.382935e-02,-2.668796e-02,3.256470e-07,3.226819e-10,7.851910e-05,4.536581e-07
1202716672,16127553,14432600064,44059152,-6.385075e-02,-2.670983e-02,3.016748e-07,1.586641e-09,7.273899e-05,2.230657e-06
1202978816,16127621,14435745792,44068744,-6.383637e-02,-2.669053e-02,3.176776e-07,4.216369e-10,7.659755e-05,5.927788e-07
1203240960,16127717,14438891520,44078398,-6.382954e-02,-2.671878e-02,3.254259e-07,2.379568e-09,7.846580e-05,3.345431e-06
1203503104,16131102,14442037248,44088011,-6.380107e-02,-2.667808e-02,3.587259e-07,6.531900e-11,8.649499e-05,9.183190e-08
1203765248,16132465,14445182976,44097798,-6.377579e-02,-2.667417e-02,3.896377e-07,1.739276e-11,9.394835e-05,2.445245e-08
1204027392,16138539,14448328704,44107419,-6.378181e-02,-2.667346e-02,3.821676e-07,1.195133e-11,9.214719e-05,1.680236e-08
1204289536,16142016,14451474432,44117031,-6.377415e-02,-2.668553e-02,3.916867e-07,2.413195e-10,9.444240e-05,3.392707e-07
1204551680,16147933,14454620160,44126588,-6.377391e-02,-2.667822e-02,3.919945e-07,6.759661e-11,9.451663e-05,9.503398e-08
1204813824,16153449,14457765888,44136126,-6.374948e-02,-2.670047e-02,4.231732e-07,9.285961e-10,1.020344e-04,1.305512e-06
1205075968,16153878,14460911616,44145762,-6.374417e-02,-2.671580e-02,4.301129e-07,2.098035e-09,1.037076e-04,2.949624e-06
1205338112,16155676,14464057344,44155303,-6.373900e-02,-2.673301e-02,4.369218e-07,3.970205e-09,1.053494e-04,5.581705e-06
1205600256,16172693,14467203072,44165023,-6.373695e-02,-2.673276e-02,4.396347e-07,3.939281e-09,1.060035e-04,5.538230e-06
1205862400,16175328,14470348800,44174475,-6.376474e-02,-2.674611e-02,4.035633e-07,5.792946e-09,9.730606e-05,8.144294e-06
1206124544,16178233,14473494528,44184188,-6.377406e-02,-2.677315e-02,3.917986e-07,1.064022e-08,9.446939e-05,1.495907e-05
1206386688,16182764,14476640256,44193969,-6.375622e-02,-2.677831e-02,4.144557e-07,1.173167e-08,9.993240e-05,1.649353e-05
1206648832,16187431,14479785984,44203369,-6.372970e-02,-2.682587e-02,4.493007e-07,2.429600e-08,1.083341e-04,3.415771e-05
1206910976,16195644,14482931712,44212951,-6.368831e-02,-2.682703e-02,5.065089e-07,2.465910e-08,1.221280e-04,3.466820e-05
1207173120,16196633,14486077440,44222609,-6.370442e-02,-2.684613e-02,4.838298e-07,3.102238e-08,1.166597e-04,4.361432e-05
1207435264,16200011,14489223168,44232129,-6.370144e-02,-2.682219e-02,4.879847e-07,2.316101e-08,1.176615e-04,3.256203e-05
1207697408,16209516,14492368896,44241556,-6.369313e-02,-2.683272e-02,4.996706e-07,2.647863e-08,1.204792e-04,3.722626e-05
1207959552,16231886,14495514624,44251068,-6.369438e-02,-2.681257e-02,4.979026e-07,2.032584e-08,1.200529e-04,2.857607e-05
1208221696,16308480,14498660352,44260772,-6.367481e-02,-2.678484e-02,5.258967e-07,1.318726e-08,1.268027e-04,1.853995e-05
1208483840,16308860,14501806080,44270367,-6.366602e-02,-2.677592e-02,5.387362e-07,1.121930e-08,1.298986e-04,1.577319e-05
1208745984,16309006,14504951808,44279897,-6.364358e-02,-2.677072e-02,5.721715e-07,1.014540e-08,1.379604e-04,1.426341e-05
1209008128,16309134,14508097536,44289555,-6.365083e-02,-2.676567e-02,5.612569e-07,9.151879e-09,1.353287e-04,1.286661e-05
1209270272,16309185,14511243264,44299062,-6.365944e-02,-2.678444e-02,5.484260e-07,1.309715e-08,1.322350e-04,1.841326e-05
1209532416,16309515,14514388992,44308648,-6.368844e-02,-2.675984e-02,5.063180e-07,8.071734e-09,1.220820e-04,1.134804e-05
1209794560,16309845,14517534720,44318083,-6.371868e-02,-2.674785e-02,4.642048e-07,6.060216e-09,1.119278e-04,8.520049e-06
1210056704,16309964,14520680448,44327783,-6.372159e-02,-2.674165e-02,4.602437e-07,5.133776e-09,1.109727e-04,7.217568e-06
1210318848,16310161,14523826176,44337370,-6.373154e-02,-2.670813e-02,4.468370e-07,1.453629e-09,1.077401e-04,2.043654e-06
1210580992,16310300,14526971904,44347097,-6.373397e-02,-2.669951e-02,4.435956e-07,8.709434e-10,1.069585e-04,1.224458e-06
1210843136,16310521,14530117632,44356758,-6.375750e-02,-2.672254e-02,4.128073e-07,2.761000e-09,9.953495e-05,3.881686e-06
1211105280,16310643,14533263360,44366448,-6.376450e-02,-2.673786e-02,4.038662e-07,4.605217e-09,9.737911e-05,6.474468e-06
1211367424,16311288,14536409088,44376289,-6.375808e-02,-2.674278e-02,4.120704e-07,5.297616e-09,9.935728e-05,7.447910e-06
1211629568,16311472,14539554816,44386027,-6.382487e-02,-2.675490e-02,3.307776e-07,7.207902e-09,7.975617e-05,1.013358e-05
1211891712,16312282,14542700544,44395350,-6.380160e-02,-2.677668e-02,3.580836e-07,1.138087e-08,8.634011e-05,1.600034e-05
1212153856,16312337,14545846272,44404826,-6.379511e-02,-2.675640e-02,3.658922e-07,7.465074e-09,8.822292e-05,1.049514e-05
1212416000,16312989,14548992000,44414547,-6.379550e-02,-2.676136e-02,3.654237e-07,8.346130e-09,8.810995e-05,1.173381e-05
1212678144,16312992,14552137728,44423919,-6.378516e-02,-2.674834e-02,3.780335e-07,6.137311e-09,9.115038e-05,8.628436e-06
1212940288,16313023,14555283456,44433561,-6.380717e-02,-2.675486e-02,3.514536e-07,7.201578e-09,8.474151e-05,1.012469e-05
1213202432,16313029,14558429184,44442990,-6.380326e-02,-2.676332e-02,3.561067e-07,8.708347e-09,8.586347e-05,1.224305e-05
1213464576,16313339,14561574912,44452521,-6.378333e-02,-2.675129e-02,3.802814e-07,6.607690e-09,9.169242e-05,9.289742e-06
1213726720,16313405,14564720640,44462068,-6.378723e-02,-2.675279e-02,3.754907e-07,6.854942e-09,9.053729e-05,9.637353e-06
1213988864,16313638,14567866368,44471866,-6.380230e-02,-2.677668e-02,3.572459e-07,1.138047e-08,8.613812e-05,1.599978e-05
1214251008,16313663,14571012096,44481417,-6.380131e-02,-2.676220e-02,3.584314e-07,8.501356e-09,8.642398e-05,1.195204e-05
1214513152,16313937,14574157824,44490906,-6.380074e-02,-2.677768e-02,3.591097e-07,1.159608e-08,8.658753e-05,1.630291e-05
1214775296,16314350,14577303552,44500512,-6.377427e-02,-2.678558e-02,3.915375e-07,1.335850e-08,9.440644e-05,1.878070e-05
1215037440,16314469,14580449280,44510354,-6.375152e-02,-2.676916e-02,4.205310e-07,9.833769e-09,1.013973e-04,1.382528e-05
1215299584,16314852,14583595008,44519958,-6.378929e-02,-2.677962e-02,3.729657e-07,1.201663e-08,8.992846e-05,1.689416e-05
1215561728,16315604,14586740736,44529817,-6.382314e-02,-2.674839e-02,3.327688e-07,6.145777e-09,8.023630e-05,8.640340e-06
1215823872,16315806,14589886464,44539315,-6.383429e-02,-2.673586e-02,3.200252e-07,4.337216e-09,7.716358e-05,6.097685e-06
1216086016,16316275,14593032192,44548964,-6.381591e-02,-2.672172e-02,3.411678e-07,2.674773e-09,8.226143e-05,3.760459e-06
1216348160,16316337,14596177920,44558489,-6.384561e-02,-2.672357e-02,3.073486e-07,2.869710e-09,7.410703e-05,4.034521e-06
1216610304,16316361,14599323648,44568209,-6.384961e-02,-2.672707e-02,3.029366e-07,3.256938e-09,7.304323e-05,4.578923e-06
1216872448,16316424,14602469376,44577893,-6.384938e-02,-2.672603e-02,3.031827e-07,3.139178e-09,7.310257e-05,4.413365e-06
1217134592,16317122,14605615104,44587539,-6.381968e-02,-2.672902e-02,3.367693e-07,3.483334e-09,8.120088e-05,4.897214e-06
1217396736,16317738,14608760832,44597318,-6.385207e-02,-2.671950e-02,3.002280e-07,2.450045e-09,7.239013e-05,3.444515e-06
1217658880,16317797,14611906560,44606746,-6.383312e-02,-2.671774e-02,3.213585e-07,2.279603e-09,7.748506e-05,3.204890e-06
1217921024,16317948,14615052288,44616147,-6.382123e-02,-2.670962e-02,3.349730e-07,1.569623e-09,8.076776e-05,2.206730e-06
1218183168,16318258,14618198016,44625585,-6.381014e-02,-2.668966e-02,3.479377e-07,3.865242e-10,8.389378e-05,5.434138e-07
1218445312,16318941,14621343744,44635107,-6.381595e-02,-2.669568e-02,3.411156e-07,6.592859e-10,8.224884e-05,9.268891e-07
1218707456,16320055,14624489472,44644662,-6.381857e-02,-2.671709e-02,3.380677e-07,2.217775e-09,8.151393e-05,3.117966e-06
1218969600,16320276,14627635200,44654128,-6.379261e-02,-2.672260e-02,3.689271e-07,2.766288e-09,8.895466e-05,3.889120e-06
1219231744,16320515,14630780928,44663747,-6.379845e-02,-2.672419e-02,3.618653e-07,2.936145e-09,8.725196e-05,4.127922e-06
1219493888,16322589,14633926656,44673611,-6.384055e-02,-2.670939e-02,3.129834e-07,1.551521e-09,7.546569e-05,2.181282e-06
1219756032,16324035,14637072384,44682994,-6.382736e-02,-2.672273e-02,3.279214e-07,2.780610e-09,7.906750e-05,3.909255e-06
1220018176,16328567,14640218112,44692660,-6.382253e-02,-2.672947e-02,3.334741e-07,3.536523e-09,8.040634e-05,4.971992e-06
1220280320,16332313,14643363840,44702247,-6.382833e-02,-2.673714e-02,3.268130e-07,4.508152e-09,7.880024e-05,6.338004e-06
1220542464,16341007,14646509568,44711780,-6.383025e-02,-2.669685e-02,3.246189e-07,7.208241e-10,7.827121e-05,1.013405e-06
1220804608,16344108,14649655296,44721509,-6.381708e-02,-2.671102e-02,3.398027e-07,1.682267e-09,8.193228e-05,2.365096e-06
1221066752,16344511,14652801024,44731076,-6.381092e-02,-2.669000e-02,3.470154e-07,3.999688e-10,8.367140e-05,5.623156e-07
1221328896,16364257,14655946752,44740807,-6.380484e-02,-2.666176e-02,3.542241e-07,6.796465e-11,8.540952e-05,9.555141e-08
1221591040,16371764,14659092480,44750357,-6.380120e-02,-2.665604e-02,3.585652e-07,1.950003e-10,8.645626e-05,2.741507e-07
1221853184,16375753,14662238208,44759974,-6.379522e-02,-2.668689e-02,3.657661e-07,2.852249e-10,8.819250e-05,4.009973e-07
1222115328,16375843,14665383936,44769745,-6.376801e-02,-2.669984e-02,3.994183e-07,8.901779e-10,9.630664e-05,1.251500e-06
1222377472,16379377,14668529664,44779189,-6.375752e-02,-2.667876e-02,4.127882e-07,7.680323e-11,9.953034e-05,1.079776e-07
1222639616,16406143,14671675392,44788633,-6.375600e-02,-2.669271e-02,4.147435e-07,5.158847e-10,1.000018e-04,7.252815e-07
1222901760,16406963,14674821120,44798230,-6.373581e-02,-2.670353e-02,4.411476e-07,1.124600e-09,1.063683e-04,1.581074e-06
1223163904,16429655,14677966848,44807819,-6.376804e-02,-2.669156e-02,3.993712e-07,4.647583e-10,9.629529e-05,6.534030e-07
1223426048,16434521,14681112576,44817406,-6.374797e-02,-2.671336e-02,4.251433e-07,1.879811e-09,1.025094e-04,2.642824e-06
1223688192,16440496,14684258304,44827074,-6.376216e-02,-2.675280e-02,4.068452e-07,6.856176e-09,9.809739e-05,9.639087e-06
1223950336,16449669,14687404032,44836544,-6.378273e-02,-2.678290e-02,3.810262e-07,1.274568e-08,9.187197e-05,1.791914e-05
1224212480,16455426,14690549760,44846219,-6.379250e-02,-2.677764e-02,3.690538e-07,1.158686e-08,8.898524e-05,1.628995e-05
1224474624,16484436,14693695488,44855809,-6.378082e-02,-2.678278e-02,3.833845e-07,1.271878e-08,9.244060e-05,1.788132e-05
1224736768,16512346,14696841216,44865383,-6.380220e-02,-2.676451e-02,3.573706e-07,8.932960e-09,8.616821e-05,1.255884e-05
1224998912,16550264,14699986944,44874976,-6.377723e-02,-2.675488e-02,3.878446e-07,7.204424e-09,9.351601e-05,1.012869e-05
1225261056,16552383,14703132672,44884666,-6.378876e-02,-2.672587e-02,3.736212e-07,3.121045e-09,9.008651e-05,4.387874e-06
1225523200,16554238,14706278400,44894430,-6.376946e-02,-2.671650e-02,3.975840e-07,2.162510e-09,9.586435e-05,3.040270e-06
1225785344,16554293,14709424128,44904227,-6.375662e-02,-2.669159e-02,4.139378e-07,4.659638e-10,9.980753e-05,6.550978e-07
1226047488,16554398,14712569856,44913818,-6.375210e-02,-2.668408e-02,4.197776e-07,1.983438e-10,1.012156e-04,2.788513e-07
1226309632,16555084,14715715584,44923325,-6.377266e-02,-2.671527e-02,3.935541e-07,2.049348e-09,9.489267e-05,2.881176e-06
1226571776,16555420,14718861312,44932955,-6.375472e-02,-2.671938e-02,4.163957e-07,2.438258e-09,1.004002e-04,3.427944e-06
1226833920,16555804,14722007040,44942394,-6.374668e-02,-2.671690e-02,4.268355e-07,2.200091e-09,1.029174e-04,3.093105e-06
1227096064,16555883,14725152768,44952028,-6.375764e-02,-2.673836e-02,4.126350e-07,4.672709e-09,9.949340e-05,6.569354e-06
1227358208,16556514,14728298496,44961907,-6.377985e-02,-2.674828e-02,3.845849e-07,6.128267e-09,9.273004e-05,8.615722e-06
1227620352,16556892,14731444224,44971531,-6.377390e-02,-2.674618e-02,3.920038e-07,5.803158e-09,9.451888e-05,8.158651e-06
1227882496,16556893,14734589952,44980906,-6.375734e-02,-2.675514e-02,4.130179e-07,7.248125e-09,9.958575e-05,1.019013e-05
1228144640,16557011,14737735680,44990807,-6.376144e-02,-2.676742e-02,4.077582e-07,9.490670e-09,9.831753e-05,1.334292e-05
1228406784,16557119,14740881408,45000519,-6.373630e-02,-2.674176e-02,4.404947e-07,5.149536e-09,1.062108e-04,7.239726e-06
1228668928,16557153,14744027136,45009920,-6.370177e-02,-2.675141e-02,4.875267e-07,6.627388e-09,1.175511e-04,9.317434e-06
1228931072,16558245,14747172864,45019548,-6.368201e-02,-2.674982e-02,5.155098e-07,6.370924e-09,1.242983e-04,8.956873e-06
1229193216,16558451,14750318592,45029066,-6.366023e-02,-2.674239e-02,5.472679e-07,5.240289e-09,1.319557e-04,7.367315e-06
1229455360,16559869,14753464320,45038383,-6.364562e-02,-2.673148e-02,5.690985e-07,3.780289e-09,1.372195e-04,5.314702e-06
1229717504,16559869,14756610048,45047826,-6.361756e-02,-2.672990e-02,6.122086e-07,3.587660e-09,1.476141e-04,5.043886e-06
1229979648,16559925,14759755776,45057494,-6.361234e-02,-2.674986e-02,6.204090e-07,6.377765e-09,1.495913e-04,8.966491e-06
1230241792,16559926,14762901504,45067186,-6.359698e-02,-2.675934e-02,6.448469e-07,7.981287e-09,1.554837e-04,1.122088e-05
1230503936,16559939,14766047232,45076837,-6.358931e-02,-2.674413e-02,6.572187e-07,5.494914e-09,1.584667e-04,7.725292e-06
1230766080,16560203,14769192960,45086396,-6.356953e-02,-2.675424e-02,6.896830e-07,7.096689e-09,1.662944e-04,9.977225e-06
1231028224,16560301,14772338688,45095942,-6.359944e-02,-2.677247e-02,6.408922e-07,1.049966e-08,1.545301e-04,1.476145e-05
1231290368,16560334,14775484416,45105698,-6.360801e-02,-2.675303e-02,6.272470e-07,6.894169e-09,1.512400e-04,9.692502e-06
1231552512,16561096,14778630144,45114967,-6.360934e-02,-2.674555e-02,6.251481e-07,5.708479e-09,1.507340e-04,8.025541e-06
1231814656,16561986,14781775872,45124719,-6.360591e-02,-2.673521e-02,6.305794e-07,4.251773e-09,1.520436e-04,5.977562e-06
1232076800,16562248,14784921600,45134260,-6.363273e-02,-2.677103e-02,5.887120e-07,1.020666e-08,1.419486e-04,1.434953e-05
1232338944,16562547,14788067328,45143858,-6.370175e-02,-2.678303e-02,4.875579e-07,1.277598e-08,1.175586e-04,1.796173e-05
1232601088,16562846,14791213056,45153272,-6.372485e-02,-2.677004e-02,4.558366e-07,1.000779e-08,1.099101e-04,1.406994e-05
1232863232,16563454,14794358784,45162838,-6.374221e-02,-2.678264e-02,4.326967e-07,1.268855e-08,1.043306e-04,1.783881e-05
1233125376,16564583,14797504512,45172606,-6.371444e-02,-2.680174e-02,4.699894e-07,1.735622e-08,1.133225e-04,2.440109e-05
1233387520,16564720,14800650240,45182357,-6.368553e-02,-2.683815e-02,5.104723e-07,2.827327e-08,1.230837e-04,3.974935e-05
1233649664,16564793,14803795968,45191997,-6.367601e-02,-2.683388e-02,5.241691e-07,2.685763e-08,1.263862e-04,3.775910e-05
1233911808,16565652,14806941696,45201598,-6.368835e-02,-2.680125e-02,5.064452e-07,1.722544e-08,1.221127e-04,2.421721e-05
1234173952,16567356,14810087424,45211282,-6.368953e-02,-2.680688e-02,5.047712e-07,1.873568e-08,1.217090e-04,2.634046e-05
1234436096,16567482,14813233152,45220801,-6.368431e-02,-2.678625e-02,5.122091e-07,1.351526e-08,1.235024e-04,1.900108e-05
1234698240,16569819,14816378880,45230482,-6.373976e-02,-2.679721e-02,4.359177e-07,1.618317e-08,1.051073e-04,2.275189e-05
1234960384,16570863,14819524608,45240009,-6.373294e-02,-2.678459e-02,4.449762e-07,1.313128e-08,1.072914e-04,1.846125e-05
1235222528,16571837,14822670336,45249650,-6.374653e-02,-2.677909e-02,4.270303e-07,1.190175e-08,1.029643e-04,1.673265e-05
1235484672,16571912,14825816064,45259357,-6.375192e-02,-2.678884e-02,4.200094e-07,1.412350e-08,1.012715e-04,1.985621e-05
1235746816,16572796,14828961792,45268825,-6.377146e-02,-2.679025e-02,3.950606e-07,1.446063e-08,9.525591e-05,2.033018e-05
1236008960,16573536,14832107520,45278322,-6.375775e-02,-2.678479e-02,4.124819e-07,1.317785e-08,9.945647e-05,1.852672e-05
1236271104,16575958,14835253248,45287835,-6.380825e-02,-2.678072e-02,3.501739e-07,1.225878e-08,8.443296e-05,1.723460e-05
1236533248,16576154,14838398976,45297444,-6.377164e-02,-2.681497e-02,3.948358e-07,2.101513e-08,9.520172e-05,2.954513e-05
1236795392,16576424,14841544704,45307130,-6.377488e-02,-2.683385e-02,3.907733e-07,2.684664e-08,9.422216e-05,3.774365e-05
1237057536,16579567,14844690432,45316755,-6.375545e-02,-2.683709e-02,4.154444e-07,2.791984e-08,1.001708e-04,3.925246e-05
1237319680,16580371,14847836160,45326366,-6.376479e-02,-2.685683e-02,4.034970e-07,3.490434e-08,9.729007e-05,4.907196e-05
1237581824,16586430,14850981888,45335808,-6.376781e-02,-2.685897e-02,3.996632e-07,3.571002e-08,9.636569e-05,5.020466e-05
1237843968,16590010,14854127616,45345359,-6.377556e-02,-2.683737e-02,3.899261e-07,2.801329e-08,9.401789e-05,3.938384e-05
1238106112,16597136,14857273344,45354842,-6.375974e-02,-2.682783e-02,4.099305e-07,2.491129e-08,9.884132e-05,3.502275e-05
1238368256,16601600,14860419072,45364275,-6.374075e-02,-2.678586e-02,4.346200e-07,1.342273e-08,1.047944e-04,1.887100e-05
1238630400,16602376,14863564800,45373807,-6.376880e-02,-2.679027e-02,3.984207e-07,1.446422e-08,9.606609e-05,2.033522e-05
1238892544,16605052,14866710528,45383284,-6.378222e-02,-2.679846e-02,3.816611e-07,1.650224e-08,9.202505e-05,2.320047e-05
1239154688,16620753,14869856256,45392814,-6.378491e-02,-2.676349e-02,3.783359e-07,8.740359e-09,9.122329e-05,1.228806e-05
1239416832,16623587,14873001984,45402288,-6.378413e-02,-2.676787e-02,3.792989e-07,9.579428e-09,9.145549e-05,1.346770e-05
1239678976,16626082,14876147712,45411878,-6.378692e-02,-2.676358e-02,3.758652e-07,8.756736e-09,9.062757e-05,1.231108e-05
1239941120,16632186,14879293440,45421595,-6.379165e-02,-2.676444e-02,3.700956e-07,8.918179e-09,8.923641e-05,1.253805e-05
1240203264,16636609,14882439168,45430952,-6.380323e-02,-2.679220e-02,3.561423e-07,1.493347e-08,8.587205e-05,2.099494e-05
1240465408,16644044,14885584896,45440538,-6.379615e-02,-2.678825e-02,3.646404e-07,1.398351e-08,8.792109e-05,1.965940e-05
1240727552,16644886,14888730624,45450055,-6.381531e-02,-2.674766e-02,3.418644e-07,6.031829e-09,8.242941e-05,8.480140e-06
1240989696,16647947,14891876352,45459751,-6.377062e-02,-2.675863e-02,3.961196e-07,7.855320e-09,9.551126e-05,1.104378e-05
1241251840,16657668,14895022080,45469202,-6.376367e-02,-2.672231e-02,4.049181e-07,2.736391e-09,9.763273e-05,3.847088e-06
1241513984,16680132,14898167808,45478861,-6.376036e-02,-2.671142e-02,4.091486e-07,1.715741e-09,9.865277e-05,2.412158e-06
1241776128,16750882,14901313536,45488572,-6.377240e-02,-2.671856e-02,3.938813e-07,2.357811e-09,9.497158e-05,3.314843e-06
1242038272,16751431,14904459264,45498168,-6.375775e-02,-2.668826e-02,4.124819e-07,3.332737e-10,9.945647e-05,4.685490e-07
1242300416,16751533,14907604992,45507807,-6.374622e-02,-2.669771e-02,4.274296e-07,7.676694e-10,1.030606e-04,1.079265e-06
1242562560,16751631,14910750720,45517186,-6.376848e-02,-2.670227e-02,3.988158e-07,1.041134e-09,9.616136e-05,1.463728e-06
1242824704,16751676,14913896448,45526508,-6.376850e-02,-2.671440e-02,3.987970e-07,1.971514e-09,9.615683e-05,2.771749e-06
1243086848,16751898,14917042176,45536044,-6.373893e-02,-2.670244e-02,4.370105e-07,1.052584e-09,1.053707e-04,1.479827e-06
1243348992,16752260,14920187904,45545783,-6.373774e-02,-2.671730e-02,4.385979e-07,2.237467e-09,1.057535e-04,3.145652e-06
1243611136,16752428,14923333632,45555383,-6.372533e-02,-2.674022e-02,4.551829e-07,4.931090e-09,1.097524e-04,6.932613e-06
1243873280,16752689,14926479360,45564912,-6.378742e-02,-2.675896e-02,3.752625e-07,7.913538e-09,9.048225e-05,1.112563e-05
1244135424,16752759,14929625088,45574587,-6.377774e-02,-2.679217e-02,3.872045e-07,1.492664e-08,9.336167e-05,2.098534e-05
1244397568,16753043,14932770816,45583888,-6.376965e-02,-2.677817e-02,3.973492e-07,1.170062e-08,9.580774e-05,1.644988e-05
1244659712,16753239,14935916544,45593600,-6.374581e-02,-2.681013e-02,4.279656e-07,1.963656e-08,1.031899e-04,2.760702e-05
1244921856,16753842,14939062272,45603347,-6.375166e-02,-2.681381e-02,4.203474e-07,2.068217e-08,1.013530e-04,2.907703e-05
1245184000,16754026,14942208000,45613034,-6.376969e-02,-2.682279e-02,3.972928e-07,2.334450e-08,9.579413e-05,3.281999e-05
1245446144,16754725,14945353728,45622709,-6.376451e-02,-2.683854e-02,4.038568e-07,2.840685e-08,9.737683e-05,3.993715e-05
1245708288,16755002,14948499456,45632377,-6.374571e-02,-2.686056e-02,4.281021e-07,3.631232e-08,1.032228e-04,5.105143e-05
1245970432,16755576,14951645184,45642073,-6.373756e-02,-2.684935e-02,4.388347e-07,3.216656e-08,1.058106e-04,4.522292e-05
1246232576,16755598,14954790912,45651680,-6.376211e-02,-2.685406e-02,4.069118e-07,3.387708e-08,9.811344e-05,4.762774e-05
1246494720,16755600,14957936640,45661191,-6.377217e-02,-2.686351e-02,3.941713e-07,3.744548e-08,9.504149e-05,5.264455e-05
1246756864,16755615,14961082368,45670762,-6.377505e-02,-2.687136e-02,3.905684e-07,4.054485e-08,9.417276e-05,5.700195e-05
1247019008,16755800,14964228096,45680435,-6.379852e-02,-2.685729e-02,3.617847e-07,3.507925e-08,8.723251e-05,4.931787e-05
1247281152,16755979,14967373824,45689994,-6.377786e-02,-2.687222e-02,3.870654e-07,4.089441e-08,9.332814e-05,5.749339e-05
1247543296,16756015,14970519552,45699593,-6.376822e-02,-2.686617e-02,3.991547e-07,3.848269e-08,9.624306e-05,5.410277e-05
1247805440,16756247,14973665280,45709389,-6.379271e-02,-2.685494e-02,3.688004e-07,3.420424e-08,8.892412e-05,4.808770e-05
1248067584,16756700,14976811008,45719027,-6.377463e-02,-2.688719e-02,3.910901e-07,4.717231e-08,9.429855e-05,6.631948e-05
1248329728,16757100,14979956736,45728706,-6.377941e-02,-2.685259e-02,3.851395e-07,3.334097e-08,9.286378e-05,4.687402e-05
1248591872,16757280,14983102464,45738276,-6.378657e-02,-2.682956e-02,3.763039e-07,2.546051e-08,9.073335e-05,3.579489e-05
1248854016,16757522,14986248192,45747836,-6.374642e-02,-2.683330e-02,4.271666e-07,2.666627e-08,1.029972e-04,3.749007e-05
1249116160,16758255,14989393920,45757589,-6.377117e-02,-2.680155e-02,3.954353e-07,1.730571e-08,9.534626e-05,2.433007e-05
1249378304,16758363,14992539648,45767194,-6.378740e-02,-2.680591e-02,3.752808e-07,1.847248e-08,9.048666e-05,2.597043e-05
1249640448,16758825,14995685376,45776808,-6.380194e-02,-2.680828e-02,3.576735e-07,1.912161e-08,8.624123e-05,2.688304e-05
1249902592,16758843,14998831104,45786430,-6.381056e-02,-2.679368e-02,3.474369e-07,1.529711e-08,8.377303e-05,2.150619e-05
1250164736,16758982,15001976832,45795830,-6.383014e-02,-2.678681e-02,3.247463e-07,1.364549e-08,7.830191e-05,1.918418e-05
1250426880,16759145,15005122560,45805356,-6.381298e-02,-2.679218e-02,3.445969e-07,1.492846e-08,8.308826e-05,2.098790e-05
1250689024,16759765,15008268288,45814985,-6.382564e-02,-2.678835e-02,3.298954e-07,1.400775e-08,7.954348e-05,1.969347e-05
1250951168,16760397,15011414016,45824449,-6.384335e-02,-2.679149e-02,3.098567e-07,1.476052e-08,7.471179e-05,2.075180e-05
1251213312,16760536,15014559744,45833960,-6.383808e-02,-2.676575e-02,3.157572e-07,9.168637e-09,7.613451e-05,1.289017e-05
1251475456,16760547,15017705472,45843550,-6.387021e-02,-2.677133e-02,2.806837e-07,1.026697e-08,6.767768e-05,1.443431e-05
1251737600,16760987,15020851200,45853229,-6.387771e-02,-2.675647e-02,2.727901e-07,7.477309e-09,6.577439e-05,1.051234e-05
1251999744,16761398,15023996928,45862499,-6.387500e-02,-2.670818e-02,2.756304e-07,1.457608e-09,6.645924e-05,2.049249e-06
1252261888,16762682,15027142656,45872171,-6.389537e-02,-2.672170e-02,2.546568e-07,2.673039e-09,6.140214e-05,3.758022e-06
1252524032,16762887,15030288384,45881454,-6.389228e-02,-2.671059e-02,2.577870e-07,1.647761e-09,6.215688e-05,2.316585e-06
1252786176,16763305,15033434112,45891073,-6.391443e-02,-2.675745e-02,2.357775e-07,7.647711e-09,5.685001e-05,1.075191e-05
1253048320,16765131,15036579840,45900718,-6.393750e-02,-2.678983e-02,2.139083e-07,1.435957e-08,5.157698e-05,2.018810e-05
1253310464,16766598,15039725568,45910407,-6.393678e-02,-2.678470e-02,2.145774e-07,1.315733e-08,5.173830e-05,1.849787e-05
1253572608,16771156,15042871296,45919797,-6.394859e-02,-2.679528e-02,2.037695e-07,1.569406e-08,4.913233e-05,2.206425e-05
1253834752,16775005,15046017024,45929420,-6.398618e-02,-2.679390e-02,1.712471e-07,1.535199e-08,4.129063e-05,2.158334e-05
1254096896,16783688,15049162752,45938994,-6.394681e-02,-2.679644e-02,2.053803e-07,1.598709e-08,4.952072e-05,2.247623e-05
1254359040,16786546,15052308480,45948523,-6.393445e-02,-2.680968e-02,2.167364e-07,1.951200e-08,5.225887e-05,2.743189e-05
1254621184,16787944,15055454208,45958192,-6.396573e-02,-2.679806e-02,1.885922e-07,1.640047e-08,4.547282e-05,2.305739e-05
1254883328,16808218,15058599936,45967833,-6.398296e-02,-2.679558e-02,1.739214e-07,1.577069e-08,4.193543e-05,2.217199e-05
1255145472,16814302,15061745664,45977366,-6.403330e-02,-2.677883e-02,1.344709e-07,1.184370e-08,3.242324e-05,1.665104e-05
1255407616,16818233,15064891392,45987045,-6.401942e-02,-2.675731e-02,1.448435e-07,7.623622e-09,3.492426e-05,1.071804e-05
1255669760,16818300,15068037120,45996650,-6.404314e-02,-2.675836e-02,1.273494e-07,7.806860e-09,3.070613e-05,1.097565e-05
1255931904,16822071,15071182848,46006062,-6.407747e-02,-2.675278e-02,1.040244e-07,6.852783e-09,2.508208e-05,9.634318e-06
1256194048,16848666,15074328576,46015574,-6.406268e-02,-2.671703e-02,1.137882e-07,2.211989e-09,2.743629e-05,3.109833e-06
1256456192,16849741,15077474304,46025064,-6.404345e-02,-2.671305e-02,1.271315e-07,1.853416e-09,3.065358e-05,2.605715e-06
1256718336,16872198,15080620032,46034672,-6.404790e-02,-2.671888e-02,1.239741e-07,2.389755e-09,2.989229e-05,3.359753e-06
1256980480,16877043,15083765760,46044192,-6.406118e-02,-2.669811e-02,1.148008e-07,7.899165e-10,2.768044e-05,1.110542e-06
1257242624,16882878,15086911488,46053726,-6.405984e-02,-2.669175e-02,1.157113e-07,4.731482e-10,2.790000e-05,6.651984e-07
1257504768,16892152,15090057216,46063358,-6.406048e-02,-2.672706e-02,1.152758e-07,3.255449e-09,2.779499e-05,4.576832e-06
1257766912,16897849,15093202944,46073051,-6.406762e-02,-2.670911e-02,1.104800e-07,1.529735e-09,2.663863e-05,2.150652e-06
1258029056,16926909,15096348672,46082830,-6.406058e-02,-2.669657e-02,1.152101e-07,7.061965e-10,2.777914e-05,9.928406e-07
1258291200,16954919,15099494400,46092569,-6.404518e-02,-2.668870e-02,1.259018e-07,3.497258e-10,3.035709e-05,4.916790e-07
1258553344,16998246,15102640128,46102030,-6.404667e-02,-2.668558e-02,1.248466e-07,2.427104e-10,3.010266e-05,3.412262e-07
1258815488,17000153,15105785856,46111702,-6.405027e-02,-2.666852e-02,1.223112e-07,2.192777e-12,2.949135e-05,3.082822e-09
1259077632,17001925,15108931584,46121246,-6.405551e-02,-2.666900e-02,1.186751e-07,1.004211e-12,2.861461e-05,1.411818e-09
1259339776,17002055,15112077312,46130996,-6.405749e-02,-2.664444e-02,1.173135e-07,6.531783e-10,2.828631e-05,9.183025e-07
1259601920,17002151,15115223040,46140797,-6.409366e-02,-2.660679e-02,9.384301e-08,3.995596e-09,2.262717e-05,5.617403e-06
1259864064,17002829,15118368768,46150411,-6.413731e-02,-2.661290e-02,6.900738e-08,3.260340e-09,1.663887e-05,4.583707e-06
1260126208,17003105,15121514496,46159900,-6.412316e-02,-2.661830e-02,7.664107e-08,2.673232e-09,1.847948e-05,3.758293e-06
1260388352,17003436,15124660224,46169529,-6.410057e-02,-2.660702e-02,8.965915e-08,3.966919e-09,2.161837e-05,5.577086e-06
1260650496,17003940,15127805952,46179190,-6.410343e-02,-2.658334e-02,8.795398e-08,7.510203e-09,2.120722e-05,1.055858e-05
1260912640,17004371,15130951680,46188629,-6.411009e-02,-2.663049e-02,8.405186e-08,1.561368e-09,2.026635e-05,2.195125e-06
1261174784,17004659,15134097408,46198198,-6.412102e-02,-2.666976e-02,7.783374e-08,5.508094e-14,1.876705e-05,7.743822e-11
1261436928,17004667,15137243136,46207789,-6.407671e-02,-2.668552e-02,1.045200e-07,2.408567e-10,2.520158e-05,3.386201e-07
1261699072,17004852,15140388864,46217558,-6.409127e-02,-2.670048e-02,9.531863e-08,9.291638e-10,2.298296e-05,1.306310e-06
1261961216,17004951,15143534592,46227064,-6.408324e-02,-2.669125e-02,1.003378e-07,4.514432e-10,2.419318e-05,6.346833e-07
1262223360,17005202,15146680320,46236551,-6.406541e-02,-2.668799e-02,1.119509e-07,3.236865e-10,2.699330e-05,4.550704e-07
1262485504,17006234,15149826048,46246103,-6.410786e-02,-2.666956e-02,8.534853e-08,1.899730e-13,2.057900e-05,2.670828e-10
1262747648,17006293,15152971776,46255534,-6.410980e-02,-2.665516e-02,8.421610e-08,2.203271e-10,2.030595e-05,3.097576e-07
1263009792,17007857,15156117504,46265363,-6.407921e-02,-2.666805e-02,1.029076e-07,3.788723e-12,2.481280e-05,5.326560e-09
1263271936,17007910,15159263232,46275017,-6.406438e-02,-2.667735e-02,1.126400e-07,5.396772e-11,2.715945e-05,7.587314e-08
1263534080,17007929,15162408960,46284507,-6.405901e-02,-2.667090e-02,1.162747e-07,8.060358e-13,2.803583e-05,1.133204e-09
1263796224,17008016,15165554688,46293954,-6.405518e-02,-2.666195e-02,1.189011e-07,6.474821e-11,2.866909e-05,9.102941e-08
1264058368,17008025,15168700416,46303466,-6.407706e-02,-2.668422e-02,1.042889e-07,2.022982e-10,2.514586e-05,2.844108e-07
1264320512,17008073,15171846144,46313011,-6.409322e-02,-2.667654e-02,9.411710e-08,4.281703e-11,2.269326e-05,6.019640e-08
1264582656,17008103,15174991872,46322519,-6.407416e-02,-2.666707e-02,1.061741e-07,8.606397e-12,2.560041e-05,1.209972e-08
1264844800,17008161,15178137600,46332103,-6.408546e-02,-2.668897e-02,9.893614e-08,3.600417e-10,2.385521e-05,5.061821e-07
1265106944,17009161,15181283328,46341985,-6.411455e-02,-2.666781e-02,8.148404e-08,4.790005e-12,1.964720e-05,6.734261e-09
1265369088,17009935,15184429056,46351489,-6.412277e-02,-2.669812e-02,7.685986e-08,7.909638e-10,1.853224e-05,1.112015e-06
1265631232,17010411,15187574784,46360927,-6.412599e-02,-2.668889e-02,7.508148e-08,3.567271e-10,1.810344e-05,5.015222e-07
1265893376,17010628,15190720512,46370621,-6.412388e-02,-2.671513e-02,7.624143e-08,2.037056e-09,1.838312e-05,2.863894e-06
1266155520,17010967,15193866240,46380254,-6.414822e-02,-2.673975e-02,6.339565e-08,4.865648e-09,1.528578e-05,6.840608e-06
1266417664,17011086,15197011968,46389809,-6.412604e-02,-2.674936e-02,7.505290e-08,6.298579e-09,1.809655e-05,8.855163e-06
1266679808,17012366,15200157696,46399078,-6.414537e-02,-2.674973e-02,6.483697e-08,6.356660e-09,1.563331e-05,8.936819e-06
1266941952,17012899,15203303424,46408829,-6.413177e-02,-2.672324e-02,7.195045e-08,2.834298e-09,1.734849e-05,3.984735e-06
1267204096,17012955,15206449152,46418571,-6.408755e-02,-2.674966e-02,9.762347e-08,6.345972e-09,2.353870e-05,8.921793e-06
1267466240,17013554,15209594880,46428312,-6.408470e-02,-2.676360e-02,9.941480e-08,8.761616e-09,2.397062e-05,1.231794e-05
1267728384,17015357,15212740608,46437840,-6.409408e-02,-2.677699e-02,9.358756e-08,1.144653e-08,2.256557e-05,1.609266e-05
1267990528,17015511,15215886336,46447363,-6.409320e-02,-2.677970e-02,9.412624e-08,1.203461e-08,2.269546e-05,1.691943e-05
1268252672,17017973,15219032064,46457094,-6.410972e-02,-2.681366e-02,8.426368e-08,2.063719e-08,2.031742e-05,2.901380e-05
1268514816,17018910,15222177792,46466727,-6.411369e-02,-2.681393e-02,8.197394e-08,2.071647e-08,1.976533e-05,2.912526e-05
1268776960,17019760,15225323520,46476408,-6.408188e-02,-2.680643e-02,1.011987e-07,1.861249e-08,2.440075e-05,2.616726e-05
1269039104,17020613,15228469248,46486087,-6.409542e-02,-2.681403e-02,9.277336e-08,2.074544e-08,2.236926e-05,2.916598e-05
1269301248,17021096,15231614976,46495602,-6.410880e-02,-2.679132e-02,8.480090e-08,1.471982e-08,2.044696e-05,2.069457e-05
1269563392,17021675,15234760704,46505475,-6.413083e-02,-2.678816e-02,7.245495e-08,1.396149e-08,1.747014e-05,1.962844e-05
1269825536,17024220,15237906432,46515123,-6.413966e-02,-2.677237e-02,6.777985e-08,1.047944e-08,1.634289e-05,1.473302e-05
1270087680,17024444,15241052160,46524548,-6.414088e-02,-2.676126e-02,6.714512e-08,8.329122e-09,1.618984e-05,1.170990e-05
1270349824,17025349,15244197888,46534252,-6.411251e-02,-2.674547e-02,8.264941e-08,5.695820e-09,1.992819e-05,8.007745e-06
1270611968,17027879,15247343616,46543814,-6.410490e-02,-2.675617e-02,8.708554e-08,7.424894e-09,2.099783e-05,1.043865e-05
1270874112,17028276,15250489344,46553589,-6.412424e-02,-2.674302e-02,7.604407e-08,5.332379e-09,1.833554e-05,7.496784e-06
1271136256,17034210,15253635072,46562988,-6.412336e-02,-2.672705e-02,7.652972e-08,3.254599e-09,1.845263e-05,4.575637e-06
1271398400,17037801,15256780800,46572486,-6.411413e-02,-2.669425e-02,8.172242e-08,5.878710e-10,1.970468e-05,8.264871e-07
1271660544,17045854,15259926528,46582208,-6.410660e-02,-2.666602e-02,8.608583e-08,1.579971e-11,2.075678e-05,2.221279e-08
1271922688,17049535,15263072256,46591645,-6.408573e-02,-2.665508e-02,9.876748e-08,2.224889e-10,2.381454e-05,3.127968e-07
1272184832,17050688,15266217984,46601390,-6.412303e-02,-2.666101e-02,7.671121e-08,8.077089e-11,1.849639e-05,1.135557e-07
1272446976,17054279,15269363712,46610904,-6.413072e-02,-2.667240e-02,7.251112e-08,5.764559e-12,1.748368e-05,8.104386e-09
1272709120,17068737,15272509440,46620285,-6.415948e-02,-2.668001e-02,5.785328e-08,1.002345e-10,1.394942e-05,1.409195e-07
1272971264,17071731,15275655168,46629819,-6.412783e-02,-2.669871e-02,7.407635e-08,8.243107e-10,1.786108e-05,1.158897e-06
1273233408,17073787,15278800896,46639240,-6.413950e-02,-2.667839e-02,6.786134e-08,7.038126e-11,1.636254e-05,9.894890e-08
1273495552,17081602,15281946624,46648887,-6.414063e-02,-2.668015e-02,6.727259e-08,1.029378e-10,1.622058e-05,1.447201e-07
1273757696,17085574,15285092352,46658428,-6.413880e-02,-2.668612e-02,6.822673e-08,2.599529e-10,1.645064e-05,3.654675e-07
1274019840,17092039,15288238080,46668191,-6.414527e-02,-2.668722e-02,6.488630e-08,2.965979e-10,1.564520e-05,4.169865e-07
1274281984,17092880,15291383808,46677768,-6.413526e-02,-2.670743e-02,7.008805e-08,1.401273e-09,1.689944e-05,1.970047e-06
1274544128,17095890,15294529536,46687462,-6.413479e-02,-2.672396e-02,7.033680e-08,2.911570e-09,1.695941e-05,4.093372e-06
1274806272,17105712,15297675264,46697123,-6.415409e-02,-2.671163e-02,6.047363e-08,1.733377e-09,1.458123e-05,2.436952e-06
1275068416,17128282,15300820992,46706889,-6.416482e-02,-2.670646e-02,5.531200e-08,1.329697e-09,1.333667e-05,1.869418e-06
1275330560,17193584,15303966720,46716417,-6.416667e-02,-2.668107e-02,5.444629e-08,1.226207e-10,1.312794e-05,1.723923e-07
1275592704,17193884,15307112448,46725911,-6.416786e-02,-2.669326e-02,5.389139e-08,5.410608e-10,1.299414e-05,7.606765e-07
1275854848,17194050,15310258176,46735551,-6.416881e-02,-2.671844e-02,5.344952e-08,2.346248e-09,1.288760e-05,3.298587e-06
1276116992,17194278,15313403904,46745273,-6.417632e-02,-2.670527e-02,5.003334e-08,1.244047e-09,1.206390e-05,1.749004e-06
1276379136,17194281,15316549632,46754901,-6.415129e-02,-2.670755e-02,6.185559e-08,1.409932e-09,1.491445e-05,1.982221e-06
1276641280,17194320,15319695360,46764465,-6.414201e-02,-2.672328e-02,6.655949e-08,2.838861e-09,1.604864e-05,3.991151e-06
1276903424,17194765,15322841088,46774100,-6.414767e-02,-2.669716e-02,6.367359e-08,7.377249e-10,1.535280e-05,1.037166e-06
1277165568,17195060,15325986816,46783638,-6.415631e-02,-2.666232e-02,5.938656e-08,5.894897e-11,1.431912e-05,8.287628e-08
1277427712,17195181,15329132544,46793310,-6.416181e-02,-2.663071e-02,5.673689e-08,1.543754e-09,1.368024e-05,2.170362e-06
1277689856,17195313,15332278272,46802959,-6.417509e-02,-2.664618e-02,5.058481e-08,5.673689e-10,1.219687e-05,7.976631e-07
1277952000,17195708,15335424000,46812518,-6.419297e-02,-2.663648e-02,4.286112e-08,1.123601e-09,1.033455e-05,1.579670e-06
1278214144,17195872,15338569728,46822100,-6.415497e-02,-2.668326e-02,6.004200e-08,1.757333e-10,1.447716e-05,2.470633e-07
1278476288,17196607,15341715456,46831786,-6.415383e-02,-2.666699e-02,6.060195e-08,9.082748e-12,1.461217e-05,1.276942e-08
1278738432,17196614,15344861184,46841614,-6.414458e-02,-2.668563e-02,6.523979e-08,2.443381e-10,1.573044e-05,3.435146e-07
1279000576,17197278,15348006912,46851379,-6.415318e-02,-2.672127e-02,6.092151e-08,2.628924e-09,1.468923e-05,3.696000e-06
1279262720,17197565,15351152640,46860898,-6.414074e-02,-2.672214e-02,6.721850e-08,2.718687e-09,1.620754e-05,3.822198e-06
1279524864,17198220,15354298368,46870693,-6.414941e-02,-2.673846e-02,6.279677e-08,4.686980e-09,1.514138e-05,6.589418e-06
1279787008,17198245,15357444096,46880189,-6.415702e-02,-2.674326e-02,5.904209e-08,5.366983e-09,1.423607e-05,7.545433e-06
1280049152,17198260,15360589824,46889942,-6.417192e-02,-2.676408e-02,5.202260e-08,8.850761e-09,1.254354e-05,1.244327e-05
1280311296,17198292,15363735552,46899532,-6.420223e-02,-2.674915e-02,3.911521e-08,6.264035e-09,9.431352e-06,8.806597e-06
1280573440,17198452,15366881280,46909146,-6.419209e-02,-2.674055e-02,4.322902e-08,4.977764e-09,1.042326e-05,6.998232e-06
1280835584,17198467,15370027008,46918782,-6.421719e-02,-2.670971e-02,3.341856e-08,1.576715e-09,8.057791e-06,2.216701e-06
1281097728,17198804,15373172736,46928454,-6.420134e-02,-2.673676e-02,3.946670e-08,4.456773e-09,9.516101e-06,6.265770e-06
1281359872,17199016,15376318464,46938200,-6.421098e-02,-2.674568e-02,3.572903e-08,5.727352e-09,8.614884e-06,8.052077e-06
1281622016,17199464,15379464192,46947880,-6.419902e-02,-2.674777e-02,4.039272e-08,6.047463e-09,9.739381e-06,8.502119e-06
1281884160,17199907,15382609920,46957359,-6.423609e-02,-2.677028e-02,2.686740e-08,1.005518e-08,6.478193e-06,1.413656e-05
1282146304,17200199,15385755648,46967100,-6.421182e-02,-2.676553e-02,3.541145e-08,9.125170e-09,8.538312e-06,1.282906e-05
1282408448,17200233,15388901376,46976778,-6.421281e-02,-2.676675e-02,3.503949e-08,9.360829e-09,8.448626e-06,1.316038e-05
1282670592,17201065,15392047104,46986519,-6.423654e-02,-2.674022e-02,2.671861e-08,4.930567e-09,6.442317e-06,6.931878e-06
1282932736,17201089,15395192832,46996224,-6.427242e-02,-2.676179e-02,1.627761e-08,8.424932e-09,3.924813e-06,1.184460e-05
1283194880,17201579,15398338560,47005752,-6.426587e-02,-2.675275e-02,1.799161e-08,6.847233e-09,4.338087e-06,9.626515e-06
1283457024,17201613,15401484288,47015218,-6.426341e-02,-2.677821e-02,1.865724e-08,1.170948e-08,4.498581e-06,1.646235e-05
1283719168,17201650,15404630016,47024747,-6.430129e-02,-2.676176e-02,9.744205e-09,8.419462e-09,2.349496e-06,1.183691e-05
1283981312,17201869,15407775744,47034419,-6.429821e-02,-2.678505e-02,1.036117e-08,1.323650e-08,2.498256e-06,1.860918e-05
1284243456,17202488,15410921472,47044002,-6.429081e-02,-2.681144e-02,1.192370e-08,2.000579e-08,2.875010e-06,2.812611e-05
1284505600,17203128,15414067200,47053784,-6.425594e-02,-2.678802e-02,2.075456e-08,1.392850e-08,5.004282e-06,1.958205e-05
1284767744,17203150,15417212928,47063479,-6.428445e-02,-2.676979e-02,1.335205e-08,9.957543e-09,3.219408e-06,1.399930e-05
1285029888,17203335,15420358656,47073124,-6.430475e-02,-2.675776e-02,9.072224e-09,7.702213e-09,2.187470e-06,1.082853e-05
1285292032,17203853,15423504384,47082884,-6.431320e-02,-2.677432e-02,7.535406e-09,1.088213e-08,1.816916e-06,1.529917e-05
1285554176,17204019,15426650112,47092472,-6.433124e-02,-2.678271e-02,4.728131e-09,1.270366e-08,1.140034e-06,1.786006e-05
1285816320,17205355,15429795840,47101980,-6.433784e-02,-2.680046e-02,3.863890e-09,1.701924e-08,9.316504e-07,2.392732e-05
1286078464,17205572,15432941568,47111448,-6.430811e-02,-2.680831e-02,8.443407e-09,1.912882e-08,2.035851e-06,2.689319e-05
1286340608,17206191,15436087296,47120996,-6.433841e-02,-2.679839e-02,3.793815e-09,1.648406e-08,9.147541e-07,2.317492e-05
1286602752,17207815,15439233024,47130578,-6.435455e-02,-2.677570e-02,2.065570e-09,1.117357e-08,4.980445e-07,1.570891e-05
1286864896,17209419,15442378752,47140003,-6.437139e-02,-2.679716e-02,8.185452e-10,1.617085e-08,1.973654e-07,2.273457e-05
1287127040,17213873,15445524480,47149829,-6.434053e-02,-2.676553e-02,3.536744e-09,9.125526e-09,8.527700e-07,1.282956e-05
1287389184,17217920,15448670208,47159387,-6.433266e-02,-2.674151e-02,4.535456e-09,5.113776e-09,1.093577e-06,7.189451e-06
1287651328,17226531,15451815936,47168907,-6.434701e-02,-2.676899e-02,2.808574e-09,9.798706e-09,6.771955e-07,1.377599e-05
1287913472,17229049,15454961664,47178551,-6.434798e-02,-2.680110e-02,2.706076e-09,1.718781e-08,6.524814e-07,2.416432e-05
1288175616,17231578,15458107392,47188052,-6.432307e-02,-2.679725e-02,5.918947e-09,1.619170e-08,1.427160e-06,2.276388e-05
1288437760,17252128,15461253120,47197659,-6.433348e-02,-2.681339e-02,4.424749e-09,2.056127e-08,1.066883e-06,2.890706e-05
1288699904,17257020,15464398848,47207567,-6.434512e-02,-2.680632e-02,3.011922e-09,1.858353e-08,7.262261e-07,2.612655e-05
1288962048,17260886,15467544576,47217171,-6.435607e-02,-2.680496e-02,1.930379e-09,1.821365e-08,4.654475e-07,2.560655e-05
1289224192,17260889,15470690304,47226651,-6.437313e-02,-2.679303e-02,7.222250e-10,1.513536e-08,1.741409e-07,2.127878e-05
1289486336,17264783,15473836032,47236112,-6.439067e-02,-2.675573e-02,8.715301e-11,7.349651e-09,2.101409e-08,1.033286e-05
1289748480,17291419,15476981760,47245912,-6.437057e-02,-2.673959e-02,8.665513e-10,4.842549e-09,2.089404e-07,6.808132e-06
1290010624,17292626,15480127488,47255231,-6.439292e-02,-2.674486e-02,5.009881e-11,5.604255e-09,1.207969e-08,7.879014e-06
1290272768,17314995,15483273216,47264803,-6.442693e-02,-2.672908e-02,7.250309e-10,3.490813e-09,1.748175e-07,4.907729e-06
1290534912,17319924,15486418944,47274342,-6.441149e-02,-2.670978e-02,1.319924e-10,1.582637e-09,3.182564e-08,2.225028e-06
1290797056,17325455,15489564672,47283848,-6.440652e-02,-2.670939e-02,4.250073e-11,1.551815e-09,1.024766e-08,2.181694e-06
1291059200,17334904,15492710400,47293648,-6.443366e-02,-2.670165e-02,1.133112e-09,1.001727e-09,2.732127e-07,1.408326e-06
1291321344,17340677,15495856128,47303367,-6.442282e-02,-2.672237e-02,5.204639e-10,2.742240e-09,1.254928e-07,3.855312e-06
1291583488,17369520,15499001856,47312887,-6.442718e-02,-2.671686e-02,7.387371e-10,2.195900e-09,1.781222e-07,3.087212e-06
1291845632,17397538,15502147584,47322375,-6.443500e-02,-2.673496e-02,1.224676e-09,4.220253e-09,2.952906e-07,5.933247e-06
1292107776,17446054,15505293312,47331973,-6.440570e-02,-2.673857e-02,3.248651e-11,4.702295e-09,7.833059e-09,6.610950e-06
1292369920,17447900,15508439040,47341662,-6.438599e-02,-2.672416e-02,1.964074e-10,2.933320e-09,4.735721e-08,4.123950e-06
1292632064,17449573,15511584768,47351189,-6.438778e-02,-2.675789e-02,1.494849e-10,7.725116e-09,3.604339e-08,1.086073e-05
1292894208,17449704,15514730496,47360880,-6.437432e-02,-2.675586e-02,6.595729e-10,7.372024e-09,1.590344e-07,1.036432e-05
1293156352,17449845,15517876224,47370703,-6.438129e-02,-2.675279e-02,3.502834e-10,6.854634e-09,8.445936e-08,9.636920e-06
1293418496,17450666,15521021952,47380272,-6.439766e-02,-2.674571e-02,5.508094e-12,5.732710e-09,1.328096e-09,8.059609e-06
1293680640,17450795,15524167680,47389929,-6.439575e-02,-2.677134e-02,1.809891e-11,1.027074e-08,4.363959e-09,1.443962e-05
1293942784,17451080,15527313408,47399464,-6.439444e-02,-2.675557e-02,3.097572e-11,7.321574e-09,7.468780e-09,1.029339e-05
1294204928,17452099,15530459136,47409271,-6.438325e-02,-2.678261e-02,2.807755e-10,1.268016e-08,6.769980e-08,1.782702e-05
1294467072,17452144,15533604864,47418763,-6.438342e-02,-2.678260e-02,2.750620e-10,1.267932e-08,6.632217e-08,1.782584e-05
1294729216,17452322,15536750592,47428381,-6.437938e-02,-2.674025e-02,4.253167e-10,4.935538e-09,1.025512e-07,6.938866e-06
1294991360,17452325,15539896320,47437972,-6.438447e-02,-2.675395e-02,2.413195e-10,7.047505e-09,5.818628e-08,9.908076e-06
1295253504,17452606,15543042048,47447704,-6.438428e-02,-2.676504e-02,2.471412e-10,9.031819e-09,5.959000e-08,1.269782e-05
1295515648,17452693,15546187776,47457109,-6.437145e-02,-2.677961e-02,8.151382e-10,1.201459e-08,1.965438e-07,1.689129e-05
1295777792,17453237,15549333504,47466647,-6.438084e-02,-2.676379e-02,3.672165e-10,8.797570e-09,8.854222e-08,1.236849e-05
1296039936,17454140,15552479232,47476225,-6.438264e-02,-2.677060e-02,3.016232e-10,1.011953e-08,7.272656e-08,1.422703e-05
1296302080,17454238,15555624960,47485999,-6.437953e-02,-2.674607e-02,4.191927e-10,5.787277e-09,1.010746e-07,8.136324e-06
1296564224,17455656,15558770688,47495604,-6.438574e-02,-2.672091e-02,2.033593e-10,2.591620e-09,4.903344e-08,3.643555e-06
1296826368,17455802,15561916416,47505032,-6.439401e-02,-2.673296e-02,3.588330e-11,3.964339e-09,8.652081e-09,5.573458e-06
1297088512,17455875,15565062144,47514422,-6.434800e-02,-2.675334e-02,2.703751e-09,6.945300e-09,6.519209e-07,9.764389e-06
1297350656,17455879,15568207872,47523974,-6.435301e-02,-2.677343e-02,2.208136e-09,1.069793e-08,5.324197e-07,1.504021e-05
1297612800,17455934,15571353600,47533766,-6.438035e-02,-2.677846e-02,3.863045e-10,1.176316e-08,9.314468e-08,1.653781e-05
1297874944,17456017,15574499328,47543304,-6.441177e-02,-2.678030e-02,1.384027e-10,1.216532e-08,3.337127e-08,1.710321e-05
1298137088,17456082,15577645056,47553088,-6.440441e-02,-2.680659e-02,1.945466e-11,1.865673e-08,4.690853e-09,2.622946e-05
1298399232,17456090,15580790784,47562837,-6.442226e-02,-2.681020e-02,4.956116e-10,1.965536e-08,1.195005e-07,2.763344e-05
1298661376,17457059,15583936512,47572406,-6.443261e-02,-2.682066e-02,1.063490e-09,2.269957e-08,2.564257e-07,3.191330e-05
1298923520,17457876,15587082240,47581880,-6.441680e-02,-2.683359e-02,2.820253e-10,2.676247e-08,6.800116e-08,3.762532e-05
1299185664,17458405,15590227968,47591474,-6.442726e-02,-2.683341e-02,7.427927e-10,2.670339e-08,1.791001e-07,3.754226e-05
1299447808,17458639,15593373696,47600947,-6.442946e-02,-2.684450e-02,8.678678e-10,3.044897e-08,2.092579e-07,4.280816e-05
1299709952,17458918,15596519424,47610504,-6.443812e-02,-2.681599e-02,1.452919e-09,2.131374e-08,3.503237e-07,2.996496e-05
1299972096,17459033,15599665152,47620026,-6.448244e-02,-2.680803e-02,6.795236e-09,1.905110e-08,1.638448e-06,2.678392e-05
1300234240,17460119,15602810880,47629774,-6.445406e-02,-2.681298e-02,2.922636e-09,2.044392e-08,7.046980e-07,2.874207e-05
1300496384,17460895,15605956608,47639463,-6.444926e-02,-2.682665e-02,2.426133e-09,2.453991e-08,5.849823e-07,3.450062e-05
1300758528,17461287,15609102336,47649130,-6.447440e-02,-2.678538e-02,5.535583e-09,1.331333e-08,1.334724e-06,1.871720e-05
1301020672,17461361,15612248064,47658700,-6.448326e-02,-2.675841e-02,6.931026e-09,7.816737e-09,1.671190e-06,1.098954e-05
1301282816,17463180,15615393792,47668350,-6.447013e-02,-2.675357e-02,4.918542e-09,6.983228e-09,1.185945e-06,9.817711e-06
1301544960,17463504,15618539520,47677995,-6.446588e-02,-2.673862e-02,4.339915e-09,4.708683e-09,1.046428e-06,6.619931e-06
1301807104,17466342,15621685248,47687480,-6.447665e-02,-2.672174e-02,5.874321e-09,2.677085e-09,1.416400e-06,3.763710e-06
1302069248,17466897,15624830976,47697000,-6.446939e-02,-2.673472e-02,4.814591e-09,4.189092e-09,1.160881e-06,5.889438e-06
1302331392,17467502,15627976704,47706447,-6.450794e-02,-2.672405e-02,1.165030e-08,2.921629e-09,2.809088e-06,4.107515e-06
1302593536,17468994,15631122432,47716163,-6.450946e-02,-2.673653e-02,1.198072e-08,4.425988e-09,2.888758e-06,6.222490e-06
1302855680,17469415,15634268160,47725913,-6.453016e-02,-2.673394e-02,1.694205e-08,4.087960e-09,4.085021e-06,5.747257e-06
1303117824,17469808,15637413888,47735587,-6.451966e-02,-2.674614e-02,1.431764e-08,5.796916e-09,3.452229e-06,8.149877e-06
1303379968,17472693,15640559616,47745065,-6.453267e-02,-2.675359e-02,1.760199e-08,6.987587e-09,4.244142e-06,9.823838e-06
1303642112,17472812,15643705344,47754786,-6.452667e-02,-2.677368e-02,1.604461e-08,1.074924e-08,3.868632e-06,1.511234e-05
1303904256,17473170,15646851072,47764314,-6.454162e-02,-2.678096e-02,2.005640e-08,1.231287e-08,4.835945e-06,1.731064e-05
1304166400,17475935,15649996800,47773945,-6.455329e-02,-2.678444e-02,2.349729e-08,1.309715e-08,5.665600e-06,1.841326e-05
1304428544,17476100,15653142528,47783522,-6.455311e-02,-2.678769e-02,2.344250e-08,1.385035e-08,5.652390e-06,1.947219e-05
1304690688,17482091,15656288256,47793072,-6.454387e-02,-2.679038e-02,2.069664e-08,1.449201e-08,4.990316e-06,2.037429e-05
1304952832,17485613,15659433984,47802700,-6.454588e-02,-2.681656e-02,2.127949e-08,2.147940e-08,5.130852e-06,3.019785e-05
1305214976,17494726,15662579712,47812454,-6.454004e-02,-2.682501e-02,1.960943e-08,2.402674e-08,4.728171e-06,3.377915e-05
1305477120,17497536,15665725440,47822237,-6.452791e-02,-2.682148e-02,1.636137e-08,2.294720e-08,3.945008e-06,3.226144e-05
1305739264,17499129,15668871168,47831932,-6.452737e-02,-2.686428e-02,1.622253e-08,3.774524e-08,3.911530e-06,5.306598e-05
1306001408,17503272,15672016896,47841673,-6.449548e-02,-2.681844e-02,9.116276e-09,2.203437e-08,2.198091e-06,3.097808e-05
1306263552,17516504,15675162624,47851215,-6.449080e-02,-2.683488e-02,8.244681e-09,2.718463e-08,1.987935e-06,3.821883e-05
1306525696,17519542,15678308352,47860866,-6.450030e-02,-2.682494e-02,1.006003e-08,2.400768e-08,2.425647e-06,3.375237e-05
1306787840,17521490,15681454080,47870468,-6.451335e-02,-2.681850e-02,1.284724e-08,2.205207e-08,3.097692e-06,3.100297e-05
1307049984,17530922,15684599808,47879994,-6.452341e-02,-2.683563e-02,1.522854e-08,2.743396e-08,3.671863e-06,3.856936e-05
1307312128,17534441,15687745536,47889754,-6.452221e-02,-2.683441e-02,1.493574e-08,2.703191e-08,3.601265e-06,3.800412e-05
1307574272,17540154,15690891264,47899295,-6.453515e-02,-2.682598e-02,1.826446e-08,2.432969e-08,4.403876e-06,3.420507e-05
1307836416,17540855,15694036992,47908855,-6.454040e-02,-2.682855e-02,1.971181e-08,2.513876e-08,4.752856e-06,3.534255e-05
1308098560,17543694,15697182720,47918455,-6.451733e-02,-2.682570e-02,1.376674e-08,2.424261e-08,3.319398e-06,3.408264e-05
1308360704,17553712,15700328448,47928052,-6.449684e-02,-2.683586e-02,9.377056e-09,2.750929e-08,2.260969e-06,3.867527e-05
1308622848,17576364,15703474176,47937506,-6.450126e-02,-2.681790e-02,1.025225e-08,2.187595e-08,2.471994e-06,3.075537e-05
1308884992,17636353,15706619904,47947027,-6.449772e-02,-2.682693e-02,9.548097e-09,2.462869e-08,2.302211e-06,3.462544e-05
1309147136,17636683,15709765632,47956606,-6.450375e-02,-2.681925e-02,1.076392e-08,2.227613e-08,2.595368e-06,3.131798e-05
1309409280,17636796,15712911360,47966038,-6.451619e-02,-2.678558e-02,1.350054e-08,1.335807e-08,3.255212e-06,1.878010e-05
1309671424,17637014,15716057088,47975813,-6.452764e-02,-2.676127e-02,1.629092e-08,8.329462e-09,3.928022e-06,1.171038e-05
1309933568,17637088,15719202816,47985263,-6.455483e-02,-2.677447e-02,2.397018e-08,1.091363e-08,5.779623e-06,1.534346e-05
1310195712,17637285,15722348544,47994899,-6.453325e-02,-2.677210e-02,1.775454e-08,1.042497e-08,4.280927e-06,1.465645e-05
1310457856,17637600,15725494272,48004709,-6.450481e-02,-2.678163e-02,1.098457e-08,1.246047e-08,2.648570e-06,1.751815e-05
1310720000,17637923,15728640000,48014420,-6.451239e-02,-2.678441e-02,1.263029e-08,1.308905e-08,3.045380e-06,1.840188e-05
1310982144,17637939,15731785728,48023791,-6.451583e-02,-2.676645e-02,1.341583e-08,9.303250e-09,3.234788e-06,1.307943e-05
1311244288,17638154,15734931456,48033695,-6.451680e-02,-2.678421e-02,1.364114e-08,1.304306e-08,3.289114e-06,1.833722e-05
1311506432,17638536,15738077184,48043140,-6.453161e-02,-2.679669e-02,1.732042e-08,1.605027e-08,4.176251e-06,2.256505e-05
1311768576,17638684,15741222912,48052762,-6.452889e-02,-2.678355e-02,1.661201e-08,1.289416e-08,4.005442e-06,1.812787e-05
1312030720,17639429,15744368640,48062163,-6.450952e-02,-2.679430e-02,1.199377e-08,1.545000e-08,2.891905e-06,2.172113e-05
1312292864,17639559,15747514368,48071814,-6.452159e-02,-2.679572e-02,1.478316e-08,1.580486e-08,3.564475e-06,2.222003e-05
1312555008,17640085,15750660096,48081412,-6.450932e-02,-2.683831e-02,1.194975e-08,2.832904e-08,2.881291e-06,3.982776e-05
1312817152,17640348,15753805824,48090924,-6.451391e-02,-2.681553e-02,1.297423e-08,2.117799e-08,3.128310e-06,2.977411e-05
1313079296,17640973,15756951552,48100503,-6.449385e-02,-2.682823e-02,8.807356e-09,2.503727e-08,2.123605e-06,3.519987e-05
1313341440,17641093,15760097280,48110287,-6.447782e-02,-2.682896e-02,6.054997e-09,2.526947e-08,1.459964e-06,3.552630e-05
1313603584,17641150,15763243008,48119874,-6.448936e-02,-2.683692e-02,7.984283e-09,2.786198e-08,1.925148e-06,3.917111e-05
1313865728,17641167,15766388736,48129286,-6.447820e-02,-2.683278e-02,6.114277e-09,2.649742e-08,1.474257e-06,3.725269e-05
1314127872,17641175,15769534464,48138967,-6.450724e-02,-2.680862e-02,1.149960e-08,1.921548e-08,2.772753e-06,2.701502e-05
1314390016,17641225,15772680192,48148593,-6.450944e-02,-2.677213e-02,1.197746e-08,1.043030e-08,2.887972e-06,1.466394e-05
1314652160,17641705,15775825920,48158102,-6.450823e-02,-2.678072e-02,1.171311e-08,1.225795e-08,2.824233e-06,1.723343e-05
1314914304,17641917,15778971648,48167952,-6.447799e-02,-2.679460e-02,6.081696e-09,1.552464e-08,1.466401e-06,2.182607e-05
1315176448,17642387,15782117376,48177564,-6.450547e-02,-2.677996e-02,1.112401e-08,1.209230e-08,2.682190e-06,1.700054e-05
1315438592,17642828,15785263104,48187007,-6.452812e-02,-2.676846e-02,1.641478e-08,9.693891e-09,3.957887e-06,1.362863e-05
1315700736,17643054,15788408832,48196619,-6.454015e-02,-2.675669e-02,1.964074e-08,7.515692e-09,4.735721e-06,1.056630e-05
1315962880,17643566,15791554560,48206170,-6.453249e-02,-2.674928e-02,1.755260e-08,6.284691e-09,4.232234e-06,8.835636e-06
1316225024,17643955,15794700288,48215748,-6.453014e-02,-2.673754e-02,1.693624e-08,4.561838e-09,4.083618e-06,6.413481e-06
1316487168,17643981,15797846016,48225145,-6.450066e-02,-2.674495e-02,1.013190e-08,5.617370e-09,2.442976e-06,7.897452e-06
1316749312,17644451,15800991744,48234768,-6.450278e-02,-2.671255e-02,1.056235e-08,1.810684e-09,2.546765e-06,2.545637e-06
1317011456,17644604,15804137472,48244419,-6.452412e-02,-2.671859e-02,1.540558e-08,2.360887e-09,3.714551e-06,3.319168e-06
1317273600,17644881,15807283200,48254152,-6.452272e-02,-2.673324e-02,1.505983e-08,3.999836e-09,3.631185e-06,5.623363e-06
1317535744,17645427,15810428928,48263901,-6.453973e-02,-2.674068e-02,1.952397e-08,4.996179e-09,4.707564e-06,7.024121e-06
1317797888,17645540,15813574656,48273543,-6.452468e-02,-2.673298e-02,1.554461e-08,3.966919e-09,3.748073e-06,5.577086e-06
1318060032,17646016,15816720384,48283091,-6.451187e-02,-2.674837e-02,1.251333e-08,6.141398e-09,3.017180e-06,8.634182e-06
1318322176,17646134,15819866112,48292578,-6.453672e-02,-2.678301e-02,1.869185e-08,1.277219e-08,4.506928e-06,1.795641e-05
1318584320,17646335,15823011840,48302265,-6.452233e-02,-2.676067e-02,1.496489e-08,8.221020e-09,3.608294e-06,1.155792e-05
1318846464,17646769,15826157568,48311609,-6.454000e-02,-2.676627e-02,1.959899e-08,9.268429e-09,4.725655e-06,1.303047e-05
1319108608,17646840,15829303296,48321270,-6.454996e-02,-2.675451e-02,2.248735e-08,7.142582e-09,5.422088e-06,1.004175e-05
1319370752,17648340,15832449024,48330890,-6.456799e-02,-2.675817e-02,2.822005e-08,7.774307e-09,6.804340e-06,1.092989e-05
1319632896,17648581,15835594752,48340372,-6.457759e-02,-2.675382e-02,3.153628e-08,7.026255e-09,7.603942e-06,9.878201e-06
1319895040,17649285,15838740480,48350049,-6.458205e-02,-2.677705e-02,3.314129e-08,1.146049e-08,7.990936e-06,1.611228e-05
1320157184,17650645,15841886208,48359575,-6.455767e-02,-2.680264e-02,2.485957e-08,1.759260e-08,5.994071e-06,2.473341e-05
1320419328,17652332,15845031936,48369237,-6.458821e-02,-2.678330e-02,3.542267e-08,1.283627e-08,8.541016e-06,1.804649e-05
1320681472,17656856,15848177664,48378911,-6.456917e-02,-2.679100e-02,2.861694e-08,1.464083e-08,6.900038e-06,2.058352e-05
1320943616,17660918,15851323392,48388674,-6.457182e-02,-2.680051e-02,2.952137e-08,1.703285e-08,7.118111e-06,2.394646e-05
1321205760,17669595,15854469120,48398370,-6.456029e-02,-2.676852e-02,2.569107e-08,9.706733e-09,6.194559e-06,1.364668e-05
1321467904,17671709,15857614848,48408028,-6.457493e-02,-2.675846e-02,3.060127e-08,7.825962e-09,7.378492e-06,1.100251e-05
1321730048,17675412,15860760576,48417680,-6.457815e-02,-2.677340e-02,3.173507e-08,1.069100e-08,7.651871e-06,1.503046e-05
1321992192,17696411,15863906304,48427377,-6.457109e-02,-2.679065e-02,2.927099e-08,1.455666e-08,7.057741e-06,2.046519e-05
1322254336,17699977,15867052032,48437045,-6.456005e-02,-2.680576e-02,2.561470e-08,1.843098e-08,6.176144e-06,2.591209e-05
1322516480,17703726,15870197760,48446811,-6.454345e-02,-2.681666e-02,2.057676e-08,2.150998e-08,4.961412e-06,3.024085e-05
1322778624,17703748,15873343488,48456537,-6.453371e-02,-2.680446e-02,1.787786e-08,1.808016e-08,4.310661e-06,2.541887e-05
1323040768,17707599,15876489216,48466110,-6.458761e-02,-2.682786e-02,3.519587e-08,2.491893e-08,8.486330e-06,3.503349e-05
1323302912,17734344,15879634944,48475879,-6.456784e-02,-2.682265e-02,2.817001e-08,2.330126e-08,6.792274e-06,3.275921e-05
1323565056,17735709,15882780672,48485636,-6.460565e-02,-2.683433e-02,4.229230e-08,2.700374e-08,1.019740e-05,3.796452e-05
1323827200,17757911,15885926400,48495121,-6.459282e-02,-2.685396e-02,3.717995e-08,3.384281e-08,8.964726e-06,4.757956e-05
1324089344,17762735,15889072128,48504855,-6.458810e-02,-2.686626e-02,3.538062e-08,3.851705e-08,8.530877e-06,5.415106e-05
1324351488,17768110,15892217856,48514339,-6.456592e-02,-2.685469e-02,2.752844e-08,3.410992e-08,6.637582e-06,4.795509e-05
1324613632,17777778,15895363584,48523950,-6.461932e-02,-2.682244e-02,4.809920e-08,2.323875e-08,1.159754e-05,3.267132e-05
1324875776,17783645,15898509312,48533296,-6.461104e-02,-2.682421e-02,4.453691e-08,2.378023e-08,1.073862e-05,3.343259e-05
1325137920,17812352,15901655040,48543031,-6.462341e-02,-2.683630e-02,4.991009e-08,2.765530e-08,1.203418e-05,3.888054e-05
1325400064,17840340,15904800768,48552862,-6.464197e-02,-2.682882e-02,5.855069e-08,2.522448e-08,1.411758e-05,3.546306e-05
1325662208,17893838,15907946496,48562408,-6.464095e-02,-2.681322e-02,5.805776e-08,2.051322e-08,1.399873e-05,2.883951e-05
1325924352,17895764,15911092224,48572035,-6.466894e-02,-2.681483e-02,7.232666e-08,2.097464e-08,1.743920e-05,2.948822e-05
1326186496,17897288,15914237952,48581656,-6.465129e-02,-2.680871e-02,6.314452e-08,1.924028e-08,1.522523e-05,2.704987e-05
1326448640,17897504,15917383680,48591337,-6.467559e-02,-2.677863e-02,7.594959e-08,1.180157e-08,1.831275e-05,1.659182e-05
1326710784,17897527,15920529408,48600924,-6.466490e-02,-2.677731e-02,7.017092e-08,1.151559e-08,1.691942e-05,1.618975e-05
1326972928,17898498,15923675136,48610525,-6.463956e-02,-2.679017e-02,5.738828e-08,1.444182e-08,1.383730e-05,2.030374e-05
1327235072,17898530,15926820864,48620184,-6.463142e-02,-2.676149e-02,5.355637e-08,8.371334e-09,1.291336e-05,1.176925e-05
1327497216,17899000,15929966592,48629819,-6.462926e-02,-2.677283e-02,5.256098e-08,1.057461e-08,1.267336e-05,1.486683e-05
1327759360,17900055,15933112320,48639369,-6.462678e-02,-2.674266e-02,5.142614e-08,5.280006e-09,1.239973e-05,7.423152e-06
1328021504,17900061,15936258048,48648821,-6.463296e-02,-2.673838e-02,5.426910e-08,4.676529e-09,1.308522e-05,6.574726e-06
1328283648,17900084,15939403776,48658599,-6.463739e-02,-2.671140e-02,5.635066e-08,1.713581e-09,1.358712e-05,2.409122e-06
1328545792,17900111,15942549504,48668125,-6.463145e-02,-2.668652e-02,5.356671e-08,2.729038e-10,1.291586e-05,3.836750e-07
1328807936,17900347,15945695232,48677759,-6.463435e-02,-2.667240e-02,5.491669e-08,5.746684e-12,1.324136e-05,8.079255e-09
1329070080,17900357,15948840960,48687291,-6.467788e-02,-2.669559e-02,7.721555e-08,6.547026e-10,1.861800e-05,9.204454e-07
1329332224,17901167,15951986688,48696871,-6.468489e-02,-2.670012e-02,8.116109e-08,9.070403e-10,1.956933e-05,1.275207e-06
1329594368,17902135,15955132416,48706424,-6.466025e-02,-2.668705e-02,6.772943e-08,2.905978e-10,1.633073e-05,4.085510e-07
1329856512,17902376,15958278144,48715980,-6.463482e-02,-2.666981e-02,5.514041e-08,3.680736e-14,1.329530e-05,5.174742e-11
1330118656,17903653,15961423872,48725533,-6.461747e-02,-2.670365e-02,4.729213e-08,1.132109e-09,1.140295e-05,1.591630e-06
1330380800,17903714,15964569600,48735104,-6.458440e-02,-2.668655e-02,3.400405e-08,2.740743e-10,8.198962e-06,3.853207e-07
1330642944,17903765,15967715328,48744708,-6.458078e-02,-2.668979e-02,3.268173e-08,3.915943e-10,7.880129e-06,5.505419e-07
1330905088,17903798,15970861056,48754293,-6.459057e-02,-2.665121e-02,3.631729e-08,3.531478e-10,8.756724e-06,4.964900e-07
1331167232,17903887,15974006784,48763735,-6.457571e-02,-2.663782e-02,3.087296e-08,1.035492e-09,7.444003e-06,1.455796e-06
1331429376,17904009,15977152512,48773342,-6.459101e-02,-2.663084e-02,3.648218e-08,1.533817e-09,8.796482e-06,2.156391e-06
1331691520,17904105,15980298240,48783148,-6.458040e-02,-2.665118e-02,3.254449e-08,3.541987e-10,7.847037e-06,4.979674e-07
1331953664,17904317,15983443968,48792949,-6.458309e-02,-2.668635e-02,3.352216e-08,2.672714e-10,8.082769e-06,3.757565e-07
1332215808,17904969,15986589696,48802611,-6.457804e-02,-2.667567e-02,3.169791e-08,3.212655e-11,7.642912e-06,4.516668e-08
1332477952,17905798,15989735424,48812160,-6.460956e-02,-2.667980e-02,4.391643e-08,9.606428e-11,1.058901e-05,1.350566e-07
1332740096,17906173,15992881152,48821567,-6.460858e-02,-2.668304e-02,4.350520e-08,1.701001e-10,1.048985e-05,2.391434e-07
1333002240,17906620,15996026880,48831227,-6.459492e-02,-2.669237e-02,3.799172e-08,5.002667e-10,9.160457e-06,7.033242e-07
1333264384,17906677,15999172608,48840812,-6.455141e-02,-2.667184e-02,2.292294e-08,3.400405e-12,5.527117e-06,4.780624e-09
1333526528,17906876,16002318336,48850234,-6.453735e-02,-2.668674e-02,1.886337e-08,2.801516e-10,4.548284e-06,3.938647e-07
1333788672,17908078,16005464064,48859904,-6.450912e-02,-2.666922e-02,1.190581e-08,6.004086e-13,2.870696e-06,8.441136e-10
1334050816,17908811,16008609792,48869766,-6.449670e-02,-2.670993e-02,9.351100e-09,1.594218e-09,2.254711e-06,2.241309e-06
1334312960,17909399,16011755520,48879419,-6.448453e-02,-2.671097e-02,7.144786e-09,1.678297e-09,1.722731e-06,2.359515e-06
1334575104,17909476,16014901248,48888850,-6.444877e-02,-2.672757e-02,2.378659e-09,3.313949e-09,5.735357e-07,4.659076e-06
1334837248,17911082,16018046976,48898518,-6.444964e-02,-2.670371e-02,2.463709e-09,1.136249e-09,5.940428e-07,1.597450e-06
1335099392,17911278,16021192704,48908148,-6.442183e-02,-2.669481e-02,4.765577e-10,6.153728e-10,1.149063e-07,8.651517e-07
1335361536,17914416,16024338432,48917686,-6.440473e-02,-2.673080e-02,2.231304e-11,3.696243e-09,5.380058e-09,5.196543e-06
1335623680,17914781,16027484160,48927611,-6.441789e-02,-2.671861e-02,3.200107e-10,2.363241e-09,7.716010e-08,3.322477e-06
1335885824,17915195,16030629888,48937394,-6.444493e-02,-2.670584e-02,2.018435e-09,1.284312e-09,4.866795e-07,1.805612e-06
1336147968,17917586,16033775616,48946961,-6.445104e-02,-2.670578e-02,2.604722e-09,1.280310e-09,6.280433e-07,1.799985e-06
1336410112,17917761,16036921344,48956505,-6.446311e-02,-2.668549e-02,3.982420e-09,2.400480e-10,9.602301e-07,3.374832e-07
1336672256,17917885,16040067072,48966008,-6.448057e-02,-2.667559e-02,6.490418e-09,3.128750e-11,1.564951e-06,4.398706e-08
1336934400,17920818,16043212800,48975526,-6.448440e-02,-2.668683e-02,7.122132e-09,2.833406e-10,1.717269e-06,3.983482e-07
1337196544,17921327,16046358528,48985265,-6.449140e-02,-2.666059e-02,8.353279e-09,8.858472e-11,2.014119e-06,1.245411e-07
1337458688,17921868,16049504256,48994850,-6.451738e-02,-2.667514e-02,1.377723e-08,2.646718e-11,3.321927e-06,3.721016e-08
1337720832,17924020,16052649984,49004661,-6.451659e-02,-2.665930e-02,1.359246e-08,1.143896e-10,3.277375e-06,1.608202e-07
1337982976,17924071,16055795712,49014193,-6.453688e-02,-2.665780e-02,1.873466e-08,1.489389e-10,4.517250e-06,2.093929e-07
1338245120,17929972,16058941440,49023981,-6.456188e-02,-2.667083e-02,2.620473e-08,6.932267e-13,6.318412e-06,9.746064e-10
1338507264,17933467,16062087168,49033538,-6.455822e-02,-2.670188e-02,2.503138e-08,1.016638e-09,6.035496e-06,1.429290e-06
1338769408,17943568,16065232896,49043130,-6.457415e-02,-2.669852e-02,3.032818e-08,8.134373e-10,7.312647e-06,1.143610e-06
1339031552,17945301,16068378624,49052831,-6.458674e-02,-2.670241e-02,3.487233e-08,1.050531e-09,8.408320e-06,1.476939e-06
1339293696,17947279,16071524352,49062370,-6.457182e-02,-2.671934e-02,2.952137e-08,2.434948e-09,7.118111e-06,3.423291e-06
1339555840,17952268,16074670080,49071724,-6.455368e-02,-2.669061e-02,2.361621e-08,4.247790e-10,5.694276e-06,5.971963e-07
1339817984,17964306,16077815808,49081432,-6.455703e-02,-2.667749e-02,2.465793e-08,5.612345e-11,5.945451e-06,7.890389e-08
1340080128,17967559,16080961536,49091065,-6.455778e-02,-2.667736e-02,2.489248e-08,5.418688e-11,6.002005e-06,7.618126e-08
1340342272,17969320,16084107264,49100437,-6.455934e-02,-2.671820e-02,2.538864e-08,2.323208e-09,6.121637e-06,3.266195e-06
1340604416,17980476,16087252992,49110033,-6.458908e-02,-2.674233e-02,3.574874e-08,5.231394e-09,8.619638e-06,7.354809e-06
1340866560,17983177,16090398720,49119650,-6.457318e-02,-2.672606e-02,2.999176e-08,3.142518e-09,7.231530e-06,4.418062e-06
1341128704,17988330,16093544448,49129438,-6.456148e-02,-2.673833e-02,2.607464e-08,4.668890e-09,6.287044e-06,6.563986e-06
1341390848,17988711,16096690176,49139135,-6.455230e-02,-2.672830e-02,2.319447e-08,3.398765e-09,5.592587e-06,4.778320e-06
1341652992,17991632,16099835904,49148688,-6.452903e-02,-2.671381e-02,1.664852e-08,1.919591e-09,4.014245e-06,2.698750e-06
1341915136,18001881,16102981632,49158146,-6.451660e-02,-2.673169e-02,1.359593e-08,3.806215e-09,3.278213e-06,5.351153e-06
1342177280,18024331,16106127360,49167596,-6.453905e-02,-2.672076e-02,1.933495e-08,2.577038e-09,4.661990e-06,3.623053e-06
1342439424,18079024,16109273088,49177313,-6.455052e-02,-2.672733e-02,2.265526e-08,3.286983e-09,5.462573e-06,4.621165e-06
1342701568,18079483,16112418816,49186843,-6.453997e-02,-2.676571e-02,1.959065e-08,9.159721e-09,4.723644e-06,1.287764e-05
1342963712,18079684,16115564544,49196464,-6.455109e-02,-2.675514e-02,2.282829e-08,7.248759e-09,5.504292e-06,1.019102e-05
1343225856,18079858,16118710272,49206010,-6.453046e-02,-2.676428e-02,1.701972e-08,8.889706e-09,4.103749e-06,1.249802e-05
1343488000,18079954,16121856000,49215588,-6.455870e-02,-2.676247e-02,2.518485e-08,8.550201e-09,6.072503e-06,1.202071e-05
1343750144,18080259,16125001728,49225433,-6.457767e-02,-2.673006e-02,3.156540e-08,3.607099e-09,7.610962e-06,5.071215e-06
1344012288,18080528,16128147456,49234961,-6.456967e-02,-2.672171e-02,2.878608e-08,2.673810e-09,6.940821e-06,3.759105e-06
1344274432,18080795,16131293184,49244657,-6.459917e-02,-2.674173e-02,3.966826e-08,5.145260e-09,9.564701e-06,7.233712e-06
1344536576,18080909,16134438912,49254395,-6.458110e-02,-2.673442e-02,3.279767e-08,4.149642e-09,7.908083e-06,5.833976e-06
1344798720,18081001,16137584640,49263885,-6.457055e-02,-2.676413e-02,2.908773e-08,8.860576e-09,7.013552e-06,1.245707e-05
1345060864,18081469,16140730368,49273504,-6.457611e-02,-2.674842e-02,3.101451e-08,6.149575e-09,7.478133e-06,8.645678e-06
1345323008,18081657,16143876096,49282989,-6.453306e-02,-2.675193e-02,1.770494e-08,6.711965e-09,4.268967e-06,9.436342e-06
1345585152,18082438,16147021824,49292534,-6.454944e-02,-2.676830e-02,2.233121e-08,9.663839e-09,5.384439e-06,1.358638e-05
1345847296,18082547,16150167552,49302160,-6.456867e-02,-2.675387e-02,2.844830e-08,7.034376e-09,6.859375e-06,9.889619e-06
1346109440,18082948,16153313280,49311761,-6.456492e-02,-2.677067e-02,2.719815e-08,1.013378e-08,6.557941e-06,1.424706e-05
1346371584,18083332,16156459008,49321319,-6.457051e-02,-2.677926e-02,2.907248e-08,1.193876e-08,7.009875e-06,1.678468e-05
1346633728,18083766,16159604736,49330887,-6.457551e-02,-2.678239e-02,3.080231e-08,1.263154e-08,7.426968e-06,1.775867e-05
1346895872,18083941,16162750464,49340669,-6.459785e-02,-2.679976e-02,3.914469e-08,1.683651e-08,9.438460e-06,2.367043e-05
1347158016,18083988,16165896192,49350333,-6.461009e-02,-2.678608e-02,4.413529e-08,1.347414e-08,1.064178e-05,1.894328e-05
1347420160,18084006,16169041920,49360023,-6.459183e-02,-2.677863e-02,3.679593e-08,1.180157e-08,8.872132e-06,1.659182e-05
1347682304,18084102,16172187648,49369608,-6.459113e-02,-2.678025e-02,3.653058e-08,1.215464e-08,8.808152e-06,1.708820e-05
1347944448,18084296,16175333376,49379160,-6.460635e-02,-2.678463e-02,4.257778e-08,1.313939e-08,1.026624e-05,1.847265e-05
1348206592,18084536,16178479104,49388842,-6.462426e-02,-2.674481e-02,5.029032e-08,5.596449e-09,1.212586e-05,7.868039e-06
1348468736,18084825,16181624832,49398413,-6.459767e-02,-2.675098e-02,3.907396e-08,6.557517e-09,9.421406e-06,9.219204e-06
1348730880,18085575,16184770560,49407981,-6.459830e-02,-2.674796e-02,3.932178e-08,6.077629e-09,9.481158e-06,8.544530e-06
1348993024,18085756,16187916288,49417790,-6.460840e-02,-2.675697e-02,4.343064e-08,7.563890e-09,1.047187e-05,1.063406e-05
1349255168,18086109,16191062016,49427471,-6.461287e-02,-2.675734e-02,4.531070e-08,7.627851e-09,1.092519e-05,1.072398e-05
1349517312,18086896,16194207744,49436829,-6.461694e-02,-2.677401e-02,4.706234e-08,1.081849e-08,1.134754e-05,1.520970e-05
1349779456,18087038,16197353472,49446355,-6.460892e-02,-2.677825e-02,4.364518e-08,1.171795e-08,1.052360e-05,1.647425e-05
1350041600,18087105,16200499200,49455973,-6.462409e-02,-2.679525e-02,5.021349e-08,1.568706e-08,1.210734e-05,2.205441e-05
1350303744,18087457,16203644928,49465543,-6.463856e-02,-2.681978e-02,5.691094e-08,2.243543e-08,1.372221e-05,3.154194e-05
1350565888,18087706,16206790656,49475263,-6.462317e-02,-2.680794e-02,4.980362e-08,1.902849e-08,1.200851e-05,2.675212e-05
1350828032,18087838,16209936384,49484848,-6.459332e-02,-2.681141e-02,3.736983e-08,1.999736e-08,9.010509e-06,2.811426e-05
1351090176,18088432,16213082112,49494518,-6.461140e-02,-2.682109e-02,4.468798e-08,2.282829e-08,1.077504e-05,3.209425e-05
1351352320,18088536,16216227840,49504141,-6.460857e-02,-2.683944e-02,4.350209e-08,2.871029e-08,1.048910e-05,4.036375e-05
1351614464,18089005,16219373568,49513819,-6.461836e-02,-2.685586e-02,4.768179e-08,3.454337e-08,1.149690e-05,4.856447e-05
1351876608,18089109,16222519296,49523445,-6.460382e-02,-2.688408e-02,4.154181e-08,4.582839e-08,1.001645e-05,6.443007e-05
1352138752,18089380,16225665024,49532708,-6.463762e-02,-2.689037e-02,5.646391e-08,4.856520e-08,1.361442e-05,6.827775e-05
1352400896,18089575,16228810752,49542153,-6.463212e-02,-2.689428e-02,5.387755e-08,5.030034e-08,1.299081e-05,7.071717e-05
1352663040,18089833,16231956480,49551796,-6.464534e-02,-2.685611e-02,6.018814e-08,3.463690e-08,1.451240e-05,4.869597e-05
1352925184,18091429,16235102208,49561417,-6.463493e-02,-2.683643e-02,5.518941e-08,2.769744e-08,1.330712e-05,3.893979e-05
1353187328,18091761,16238247936,49571056,-6.461581e-02,-2.683072e-02,4.657226e-08,2.583098e-08,1.122937e-05,3.631575e-05
1353449472,18092429,16241393664,49580780,-6.461366e-02,-2.685014e-02,4.565072e-08,3.245181e-08,1.100718e-05,4.562395e-05
1353711616,18093796,16244539392,49590235,-6.462471e-02,-2.686293e-02,5.049436e-08,3.722234e-08,1.217506e-05,5.233083e-05
1353973760,18095466,16247685120,49599823,-6.461808e-02,-2.684979e-02,4.755823e-08,3.232510e-08,1.146711e-05,4.544581e-05
1354235904,18099912,16250830848,49609424,-6.462454e-02,-2.684788e-02,5.041738e-08,3.164090e-08,1.215650e-05,4.448390e-05
1354498048,18104035,16253976576,49618868,-6.463410e-02,-2.682972e-02,5.480152e-08,2.551166e-08,1.321359e-05,3.586680e-05
1354760192,18112760,16257122304,49628585,-6.463037e-02,-2.679414e-02,5.307124e-08,1.540974e-08,1.279639e-05,2.166454e-05
1355022336,18114503,16260268032,49638012,-6.461825e-02,-2.679583e-02,4.763300e-08,1.583344e-08,1.148514e-05,2.226021e-05
1355284480,18119235,16263413760,49647698,-6.462502e-02,-2.681590e-02,5.063174e-08,2.128819e-08,1.220819e-05,2.992903e-05
1355546624,18140699,16266559488,49657411,-6.461816e-02,-2.682555e-02,4.759073e-08,2.419507e-08,1.147495e-05,3.401581e-05
1355808768,18142866,16269705216,49667198,-6.461705e-02,-2.682038e-02,4.710760e-08,2.261322e-08,1.135846e-05,3.179190e-05
1356070912,18146574,16272850944,49676708,-6.461237e-02,-2.681416e-02,4.509842e-08,2.078248e-08,1.087401e-05,2.921805e-05
1356333056,18146767,16275996672,49686118,-6.460830e-02,-2.679759e-02,4.338717e-08,1.627904e-08,1.046140e-05,2.288668e-05
1356595200,18150567,16279142400,49695584,-6.462378e-02,-2.680325e-02,5.007668e-08,1.775454e-08,1.207435e-05,2.496109e-05
1356857344,18177231,16282288128,49705109,-6.462952e-02,-2.679268e-02,5.267720e-08,1.505023e-08,1.270138e-05,2.115910e-05
1357119488,18178694,16285433856,49714727,-6.461038e-02,-2.677864e-02,4.426061e-08,1.180279e-08,1.067199e-05,1.659353e-05
1357381632,18200800,16288579584,49724302,-6.463598e-02,-2.677096e-02,5.568762e-08,1.019387e-08,1.342724e-05,1.433154e-05
1357643776,18205681,16291725312,49733837,-6.466081e-02,-2.675483e-02,6.802059e-08,7.196521e-09,1.640094e-05,1.011758e-05
1357905920,18210954,16294871040,49743289,-6.465559e-02,-2.675745e-02,6.532355e-08,7.647059e-09,1.575063e-05,1.075099e-05
1358168064,18220703,16298016768,49753154,-6.468828e-02,-2.678638e-02,8.310413e-08,1.354385e-08,2.003784e-05,1.904129e-05
1358430208,18237263,16301162496,49762801,-6.466795e-02,-2.678182e-02,7.179464e-08,1.250292e-08,1.731093e-05,1.757784e-05
1358692352,18255148,16304308224,49772483,-6.465822e-02,-2.677655e-02,6.667487e-08,1.135386e-08,1.607646e-05,1.596237e-05
1358954496,18283223,16307453952,49782121,-6.466045e-02,-2.677225e-02,6.783417e-08,1.045542e-08,1.635599e-05,1.469927e-05
1359216640,18341410,16310599680,49791780,-6.467067e-02,-2.677295e-02,7.325937e-08,1.059799e-08,1.766410e-05,1.489970e-05
1359478784,18343734,16313745408,49801592,-6.467661e-02,-2.677948e-02,7.651323e-08,1.198684e-08,1.844866e-05,1.685228e-05
1359740928,18344776,16316891136,49811286,-6.464437e-02,-2.679456e-02,5.971748e-08,1.551490e-08,1.439891e-05,2.181237e-05
1360003072,18345065,16320036864,49820930,-6.464060e-02,-2.677286e-02,5.788554e-08,1.058112e-08,1.395720e-05,1.487598e-05
1360265216,18345145,16323182592,49830450,-6.464479e-02,-2.677033e-02,5.992157e-08,1.006527e-08,1.444812e-05,1.415074e-05
1360527360,18346136,16326328320,49839948,-6.464788e-02,-2.678205e-02,6.144490e-08,1.255462e-08,1.481542e-05,1.765053e-05
1360789504,18347383,16329474048,49849467,-6.464563e-02,-2.679159e-02,6.033446e-08,1.478316e-08,1.454768e-05,2.078362e-05
1361051648,18347692,16332619776,49858977,-6.463806e-02,-2.679111e-02,5.667302e-08,1.466879e-08,1.366484e-05,2.062283e-05
1361313792,18347860,16335765504,49868389,-6.466211e-02,-2.676834e-02,6.869849e-08,9.670432e-09,1.656439e-05,1.359565e-05
1361575936,18348015,16338911232,49877939,-6.468090e-02,-2.678139e-02,7.890163e-08,1.240730e-08,1.902454e-05,1.744340e-05
1361838080,18348612,16342056960,49887645,-6.466515e-02,-2.677895e-02,7.030124e-08,1.186966e-08,1.695084e-05,1.668754e-05
1362100224,18348730,16345202688,49897035,-6.469115e-02,-2.677757e-02,8.476619e-08,1.157162e-08,2.043859e-05,1.626853e-05
1362362368,18348758,16348348416,49906352,-6.470020e-02,-2.676829e-02,9.011931e-08,9.661275e-09,2.172932e-05,1.358277e-05
1362624512,18348922,16351494144,49915741,-6.470237e-02,-2.675064e-02,9.142575e-08,6.502428e-09,2.204433e-05,9.141754e-06
1362886656,18349482,16354639872,49925374,-6.470583e-02,-2.675769e-02,9.352831e-08,7.689141e-09,2.255128e-05,1.081015e-05
1363148800,18350256,16357785600,49934677,-6.471243e-02,-2.674290e-02,9.760950e-08,5.314169e-09,2.353533e-05,7.471182e-06
1363410944,18351345,16360931328,49944419,-6.471138e-02,-2.674614e-02,9.695882e-08,5.797767e-09,2.337844e-05,8.151072e-06
1363673088,18351477,16364077056,49954106,-6.471604e-02,-2.674944e-02,9.988048e-08,6.311298e-09,2.408290e-05,8.873045e-06
1363935232,18351734,16367222784,49963725,-6.470294e-02,-2.673882e-02,9.177301e-08,4.736588e-09,2.212805e-05,6.659163e-06
1364197376,18351769,16370368512,49973284,-6.471180e-02,-2.674376e-02,9.721883e-08,5.440923e-09,2.344114e-05,7.649385e-06
1364459520,18351954,16373514240,49983084,-6.471726e-02,-2.676055e-02,1.006543e-07,8.200091e-09,2.426948e-05,1.152850e-05
1364721664,18351990,16376659968,49992481,-6.472890e-02,-2.679072e-02,1.081742e-07,1.457419e-08,2.608266e-05,2.048984e-05
1364983808,18352505,16379805696,50002248,-6.474426e-02,-2.676888e-02,1.185160e-07,9.776593e-09,2.857625e-05,1.374490e-05
1365245952,18352664,16382951424,50011879,-6.476042e-02,-2.677934e-02,1.299039e-07,1.195627e-08,3.132207e-05,1.680930e-05
1365508096,18354149,16386097152,50021267,-6.475776e-02,-2.677817e-02,1.279936e-07,1.170142e-08,3.086147e-05,1.645101e-05
1365770240,18354282,16389242880,50030918,-6.476406e-02,-2.677676e-02,1.325380e-07,1.139796e-08,3.195720e-05,1.602438e-05
1366032384,18354530,16392388608,50040612,-6.475060e-02,-2.677415e-02,1.229165e-07,1.084718e-08,2.963729e-05,1.525004e-05
1366294528,18354569,16395534336,50050406,-6.472519e-02,-2.676088e-02,1.057473e-07,8.258894e-09,2.549748e-05,1.161117e-05
1366556672,18354991,16398680064,50060202,-6.470075e-02,-2.675436e-02,9.044616e-08,7.116788e-09,2.180813e-05,1.000548e-05
1366818816,18355685,16401825792,50069618,-6.470117e-02,-2.676339e-02,9.070178e-08,8.722258e-09,2.186976e-05,1.226261e-05
1367080960,18355942,16404971520,50079140,-6.469674e-02,-2.678081e-02,8.805565e-08,1.227817e-08,2.123173e-05,1.726186e-05
1367343104,18355973,16408117248,50088738,-6.465720e-02,-2.675540e-02,6.615261e-08,7.292913e-09,1.595053e-05,1.025310e-05
1367605248,18357748,16411262976,50098357,-6.464851e-02,-2.675444e-02,6.175556e-08,7.129994e-09,1.489033e-05,1.002405e-05
1367867392,18358451,16414408704,50108008,-6.466017e-02,-2.675858e-02,6.768678e-08,7.846408e-09,1.632045e-05,1.103125e-05
1368129536,18358798,16417554432,50117549,-6.464863e-02,-2.674935e-02,6.181482e-08,6.295918e-09,1.490462e-05,8.851422e-06
1368391680,18359652,16420700160,50127208,-6.467120e-02,-2.674242e-02,7.355005e-08,5.244335e-09,1.773418e-05,7.373003e-06
1368653824,18360865,16423845888,50136716,-6.465537e-02,-2.676818e-02,6.521315e-08,9.638952e-09,1.572401e-05,1.355139e-05
1368915968,18362982,16426991616,50146568,-6.466213e-02,-2.675861e-02,6.871021e-08,7.851689e-09,1.656721e-05,1.103868e-05
1369178112,18363212,16430137344,50156303,-6.466994e-02,-2.672530e-02,7.286465e-08,3.058304e-09,1.756892e-05,4.299665e-06
1369440256,18365703,16433283072,50165918,-6.466814e-02,-2.672285e-02,7.189849e-08,2.792999e-09,1.733596e-05,3.926673e-06
1369702400,18365919,16436428800,50175399,-6.469162e-02,-2.673371e-02,8.503973e-08,4.058953e-09,2.050454e-05,5.706477e-06
1369964544,18368344,16439574528,50185056,-6.470000e-02,-2.676321e-02,8.999858e-08,8.688542e-09,2.170021e-05,1.221521e-05
1370226688,18369613,16442720256,50194668,-6.469612e-02,-2.676158e-02,8.768461e-08,8.387702e-09,2.114227e-05,1.179226e-05
1370488832,18370394,16445865984,50204145,-6.470528e-02,-2.677005e-02,9.319594e-08,1.000965e-08,2.247114e-05,1.407256e-05
1370750976,18370747,16449011712,50213841,-6.470531e-02,-2.676753e-02,9.321413e-08,9.512820e-09,2.247553e-05,1.337406e-05
1371013120,18371899,16452157440,50223585,-6.468140e-02,-2.675983e-02,7.918231e-08,8.070395e-09,1.909222e-05,1.134616e-05
1371275264,18374722,16455303168,50233157,-6.464576e-02,-2.675909e-02,6.039670e-08,7.937748e-09,1.456269e-05,1.115967e-05
1371537408,18375607,16458448896,50242723,-6.462988e-02,-2.675621e-02,5.284491e-08,7.431958e-09,1.274182e-05,1.044858e-05
1371799552,18379127,16461594624,50252457,-6.463019e-02,-2.677409e-02,5.298545e-08,1.083554e-08,1.277570e-05,1.523368e-05
1372061696,18385729,16464740352,50262021,-6.462631e-02,-2.677728e-02,5.121347e-08,1.150959e-08,1.234845e-05,1.618132e-05
1372323840,18393012,16467886080,50271459,-6.463330e-02,-2.677355e-02,5.442891e-08,1.072299e-08,1.312375e-05,1.507544e-05
1372585984,18397948,16471031808,50281255,-6.467746e-02,-2.679982e-02,7.698384e-08,1.685392e-08,1.856213e-05,2.369490e-05
1372848128,18403554,16474177536,50290960,-6.468517e-02,-2.677552e-02,8.132248e-08,1.113462e-08,1.960825e-05,1.565415e-05
1373110272,18411784,16477323264,50300423,-6.467231e-02,-2.678013e-02,7.415343e-08,1.212960e-08,1.787967e-05,1.705299e-05
1373372416,18413875,16480468992,50309841,-6.467853e-02,-2.680379e-02,7.758035e-08,1.790078e-08,1.870596e-05,2.516668e-05
1373634560,18417872,16483614720,50319445,-6.466781e-02,-2.679215e-02,7.171880e-08,1.492163e-08,1.729264e-05,2.097830e-05
1373896704,18429321,16486760448,50328923,-6.468694e-02,-2.679487e-02,8.233270e-08,1.559248e-08,1.985183e-05,2.192145e-05
1374158848,18429789,16489906176,50338441,-6.468091e-02,-2.680840e-02,7.891000e-08,1.915356e-08,1.902656e-05,2.692796e-05
1374420992,18435085,16493051904,50348075,-6.466227e-02,-2.681746e-02,6.878444e-08,2.174556e-08,1.658512e-05,3.057205e-05
1374683136,18441173,16496197632,50357445,-6.465145e-02,-2.681244e-02,6.322692e-08,2.028921e-08,1.524510e-05,2.852457e-05
1374945280,18443809,16499343360,50367012,-6.462807e-02,-2.681176e-02,5.201580e-08,2.009599e-08,1.254190e-05,2.825293e-05
1375207424,18457656,16502489088,50376645,-6.464280e-02,-2.678858e-02,5.895161e-08,1.406247e-08,1.421425e-05,1.977041e-05
1375469568,18465459,16505634816,50386144,-6.463697e-02,-2.679120e-02,5.615275e-08,1.469000e-08,1.353939e-05,2.065265e-05
1375731712,18473258,16508780544,50395747,-6.463524e-02,-2.679794e-02,5.533653e-08,1.636899e-08,1.334259e-05,2.301314e-05
1375993856,18522003,16511926272,50405440,-6.462976e-02,-2.682683e-02,5.278670e-08,2.459538e-08,1.272778e-05,3.457861e-05
1376256000,18522467,16515072000,50414935,-6.464419e-02,-2.684498e-02,5.962647e-08,3.061821e-08,1.437697e-05,4.304610e-05
1376518144,18522522,16518217728,50424602,-6.464395e-02,-2.684124e-02,5.951010e-08,2.932392e-08,1.434891e-05,4.122646e-05
1376780288,18522736,16521363456,50434174,-6.463579e-02,-2.683786e-02,5.559623e-08,2.817751e-08,1.340521e-05,3.961472e-05
1377042432,18523034,16524509184,50443893,-6.462856e-02,-2.683142e-02,5.224034e-08,2.605539e-08,1.259605e-05,3.663124e-05
1377304576,18523354,16527654912,50453460,-6.460257e-02,-2.682077e-02,4.103314e-08,2.273214e-08,9.893797e-06,3.195908e-05
1377566720,18523858,16530800640,50463218,-6.458719e-02,-2.680772e-02,3.503949e-08,1.896738e-08,8.448626e-06,2.666622e-05
1377828864,18523925,16533946368,50472693,-6.461393e-02,-2.679980e-02,4.576541e-08,1.684763e-08,1.103483e-05,2.368606e-05
1378091008,18523960,16537092096,50482193,-6.461671e-02,-2.681173e-02,4.696218e-08,2.008754e-08,1.132339e-05,2.824105e-05
1378353152,18524501,16540237824,50491730,-6.463709e-02,-2.683359e-02,5.620926e-08,2.676186e-08,1.355302e-05,3.762447e-05
1378615296,18524717,16543383552,50501351,-6.465478e-02,-2.684596e-02,6.491288e-08,3.096140e-08,1.565161e-05,4.352858e-05
1378877440,18525468,16546529280,50510859,-6.467570e-02,-2.682722e-02,7.600709e-08,2.471763e-08,1.832662e-05,3.475049e-05
1379139584,18525605,16549675008,50520460,-6.471020e-02,-2.683515e-02,9.622247e-08,2.727377e-08,2.320090e-05,3.834415e-05
1379401728,18525943,16552820736,50530204,-6.470195e-02,-2.684771e-02,9.117361e-08,3.157997e-08,2.198353e-05,4.439823e-05
1379663872,18526672,16555966464,50539604,-6.468531e-02,-2.686782e-02,8.140324e-08,3.913437e-08,1.962772e-05,5.501895e-05
1379926016,18526973,16559112192,50549128,-6.466536e-02,-2.685309e-02,7.041587e-08,3.352079e-08,1.697848e-05,4.712683e-05
1380188160,18526975,16562257920,50558860,-6.466717e-02,-2.686540e-02,7.137603e-08,3.818220e-08,1.720999e-05,5.368030e-05
1380450304,18527019,16565403648,50568389,-6.464835e-02,-2.687195e-02,6.167782e-08,4.078299e-08,1.487159e-05,5.733675e-05
1380712448,18527147,16568549376,50577911,-6.466340e-02,-2.687160e-02,6.937976e-08,4.064168e-08,1.672866e-05,5.713807e-05
1380974592,18527472,16571695104,50587360,-6.465080e-02,-2.688525e-02,6.290136e-08,4.633299e-08,1.516660e-05,6.513949e-05
1381236736,18527901,16574840832,50596806,-6.466031e-02,-2.688098e-02,6.776045e-08,4.451254e-08,1.633821e-05,6.258011e-05
1381498880,18527984,16577986560,50606421,-6.468390e-02,-2.686669e-02,8.059746e-08,3.868685e-08,1.943344e-05,5.438979e-05
1381761024,18528166,16581132288,50615917,-6.467158e-02,-2.689249e-02,7.375225e-08,4.950312e-08,1.778294e-05,6.959635e-05
1382023168,18528998,16584278016,50625422,-6.465842e-02,-2.692341e-02,6.677880e-08,6.421903e-08,1.610152e-05,9.028544e-05
1382285312,18529083,16587423744,50634913,-6.462772e-02,-2.691969e-02,5.185619e-08,6.234389e-08,1.250342e-05,8.764919e-05
1382547456,18529190,16590569472,50644518,-6.460682e-02,-2.690765e-02,4.277479e-08,5.647896e-08,1.031374e-05,7.940369e-05
1382809600,18530395,16593715200,50654034,-6.457683e-02,-2.690804e-02,3.126959e-08,5.666149e-08,7.539635e-06,7.966030e-05
1383071744,18530412,16596860928,50663800,-6.457204e-02,-2.689069e-02,2.959823e-08,4.870322e-08,7.136642e-06,6.847180e-05
1383333888,18530570,16600006656,50673545,-6.456079e-02,-2.688858e-02,2.585374e-08,4.777946e-08,6.233782e-06,6.717307e-05
1383596032,18530590,16603152384,50683177,-6.454922e-02,-2.688530e-02,2.226445e-08,4.635625e-08,5.368343e-06,6.517219e-05
1383858176,18531056,16606298112,50692750,-6.452863e-02,-2.688623e-02,1.654486e-08,4.675654e-08,3.989251e-06,6.573496e-05
1384120320,18532004,16609443840,50702398,-6.451677e-02,-2.686115e-02,1.363418e-08,3.653699e-08,3.287436e-06,5.136730e-05
1384382464,18532471,16612589568,50712114,-6.450551e-02,-2.684362e-02,1.113187e-08,3.014550e-08,2.684085e-06,4.238152e-05
1384644608,18532520,16615735296,50721916,-6.448998e-02,-2.684545e-02,8.096520e-09,3.078401e-08,1.952210e-06,4.327919e-05
1384906752,18532550,16618881024,50731542,-6.450605e-02,-2.683600e-02,1.124535e-08,2.755626e-08,2.711449e-06,3.874131e-05
1385168896,18532762,16622026752,50740917,-6.453235e-02,-2.682983e-02,1.751708e-08,2.554618e-08,4.223670e-06,3.591533e-05
1385431040,18533024,16625172480,50750627,-6.454752e-02,-2.682777e-02,2.176259e-08,2.489306e-08,5.247336e-06,3.499712e-05
1385693184,18534526,16628318208,50759965,-6.454998e-02,-2.681060e-02,2.249182e-08,1.976886e-08,5.423165e-06,2.779301e-05
1385955328,18534766,16631463936,50769385,-6.454482e-02,-2.682589e-02,2.097194e-08,2.430064e-08,5.056697e-06,3.416424e-05
1386217472,18536095,16634609664,50778844,-6.455612e-02,-2.684524e-02,2.437329e-08,3.070954e-08,5.876819e-06,4.317450e-05
1386479616,18537899,16637755392,50788387,-6.451952e-02,-2.685159e-02,1.428378e-08,3.297534e-08,3.444065e-06,4.635998e-05
1386741760,18538709,16640901120,50798234,-6.449421e-02,-2.688377e-02,8.876013e-09,4.569770e-08,2.140159e-06,6.424632e-05
1387003904,18538725,16644046848,50807721,-6.451999e-02,-2.686995e-02,1.439620e-08,3.998198e-08,3.471171e-06,5.621062e-05
1387266048,18538890,16647192576,50817465,-6.451023e-02,-2.688212e-02,1.215095e-08,4.499643e-08,2.929803e-06,6.326042e-05
1387528192,18541144,16650338304,50827276,-6.451429e-02,-2.689304e-02,1.306264e-08,4.974627e-08,3.149627e-06,6.993821e-05
1387790336,18549413,16653484032,50837117,-6.450201e-02,-2.690607e-02,1.040520e-08,5.572718e-08,2.508874e-06,7.834676e-05
1388052480,18555904,16656629760,50846726,-6.448686e-02,-2.692422e-02,7.544463e-09,6.462845e-08,1.819100e-06,9.086105e-05
1388314624,18558388,16659775488,50856049,-6.448905e-02,-2.692453e-02,7.929785e-09,6.478386e-08,1.912008e-06,9.107953e-05
1388576768,18559189,16662921216,50865910,-6.448372e-02,-2.692197e-02,7.008155e-09,6.349042e-08,1.689787e-06,8.926108e-05
1388838912,18563186,16666066944,50875429,-6.448541e-02,-2.693704e-02,7.294186e-09,7.130936e-08,1.758754e-06,1.002537e-04
1389101056,18585210,16669212672,50884967,-6.446259e-02,-2.695123e-02,3.917799e-09,7.909114e-08,9.446489e-07,1.111941e-04
1389363200,18586067,16672358400,50894374,-6.443788e-02,-2.692738e-02,1.434800e-09,6.624271e-08,3.459549e-07,9.313053e-05
1389625344,18589622,16675504128,50904050,-6.447107e-02,-2.694707e-02,5.050040e-09,7.677003e-08,1.217652e-06,1.079309e-04
1389887488,18593573,16678649856,50913880,-6.445754e-02,-2.695876e-02,3.310090e-09,8.338466e-08,7.981197e-07,1.172304e-04
1390149632,18593823,16681795584,50923382,-6.448676e-02,-2.695866e-02,7.527647e-09,8.332765e-08,1.815045e-06,1.171502e-04
1390411776,18620425,16684941312,50933078,-6.448764e-02,-2.696397e-02,7.679670e-09,8.641733e-08,1.851701e-06,1.214940e-04
1390673920,18622152,16688087040,50942729,-6.445215e-02,-2.695572e-02,2.719269e-09,8.163724e-08,6.556626e-07,1.147737e-04
1390936064,18644133,16691232768,50952345,-6.441627e-02,-2.695441e-02,2.645378e-10,8.088750e-08,6.378462e-08,1.137196e-04
1391198208,18648869,16694378496,50961803,-6.440347e-02,-2.693706e-02,1.205458e-11,7.132030e-08,2.906567e-09,1.002691e-04
1391460352,18654087,16697524224,50971645,-6.440885e-02,-2.695184e-02,7.821349e-11,7.943515e-08,1.885862e-08,1.116778e-04
1391722496,18663887,16700669952,50981338,-6.440672e-02,-2.698954e-02,4.516409e-11,1.021085e-07,1.088984e-08,1.435542e-04
1391984640,18689168,16703815680,50990998,-6.443190e-02,-2.700867e-02,1.017351e-09,1.146998e-07,2.453008e-07,1.612563e-04
1392246784,18698202,16706961408,51000438,-6.441598e-02,-2.702160e-02,2.551701e-10,1.236241e-07,6.152592e-08,1.738030e-04
1392508928,18726267,16710107136,51009974,-6.440857e-02,-2.702566e-02,7.341350e-11,1.264934e-07,1.770126e-08,1.778368e-04
1392771072,18791477,16713252864,51019605,-6.442566e-02,-2.702314e-02,6.584253e-10,1.247084e-07,1.587577e-07,1.753274e-04
1393033216,18792323,16716398592,51029201,-6.442930e-02,-2.703146e-02,8.582370e-10,1.306555e-07,2.069357e-07,1.836884e-04
1393295360,18792722,16719544320,51038702,-6.440147e-02,-2.702762e-02,2.154332e-12,1.278910e-07,5.194466e-10,1.798018e-04
1393557504,18792783,16722690048,51048249,-6.441334e-02,-2.705077e-02,1.778633e-10,1.449839e-07,4.288590e-08,2.038326e-04
1393819648,18794008,16725835776,51057894,-6.444032e-02,-2.705375e-02,1.625307e-09,1.472638e-07,3.918894e-07,2.070379e-04
1394081792,18795075,16728981504,51067555,-6.442036e-02,-2.707646e-02,4.146288e-10,1.652104e-07,9.997415e-08,2.322691e-04
1394343936,18795385,16732127232,51077077,-6.441840e-02,-2.707769e-02,3.383938e-10,1.662083e-07,8.159257e-08,2.336719e-04
1394606080,18795644,16735272960,51086527,-6.443388e-02,-2.708516e-02,1.147705e-09,1.723558e-07,2.767314e-07,2.423147e-04
1394868224,18795685,16738418688,51096084,-6.442889e-02,-2.707715e-02,8.343953e-10,1.657696e-07,2.011871e-07,2.330553e-04
1395130368,18796379,16741564416,51105503,-6.440645e-02,-2.709673e-02,4.163092e-11,1.820986e-07,1.003793e-08,2.560122e-04
1395392512,18796386,16744710144,51115028,-6.439820e-02,-2.709172e-02,3.250955e-12,1.778443e-07,7.838613e-10,2.500310e-04
1395654656,18796414,16747855872,51124554,-6.444260e-02,-2.708616e-02,1.814331e-09,1.731888e-07,4.374666e-07,2.434859e-04
1395916800,18796582,16751001600,51134059,-6.445974e-02,-2.709229e-02,3.568719e-09,1.783301e-07,8.604796e-07,2.507140e-04
1396178944,18797224,16754147328,51143522,-6.445292e-02,-2.708708e-02,2.800682e-09,1.739587e-07,6.752927e-07,2.445682e-04
1396441088,18798032,16757293056,51153089,-6.445899e-02,-2.707847e-02,3.479377e-09,1.668513e-07,8.389378e-07,2.345760e-04
1396703232,18799142,16760438784,51162691,-6.445444e-02,-2.707333e-02,2.963865e-09,1.626764e-07,7.146389e-07,2.287065e-04
1396965376,18799152,16763584512,51172107,-6.445120e-02,-2.706020e-02,2.620717e-09,1.522575e-07,6.319000e-07,2.140585e-04
1397227520,18799673,16766730240,51181862,-6.446151e-02,-2.704585e-02,3.782809e-09,1.412647e-07,9.121003e-07,1.986039e-04
1397489664,18799683,16769875968,51191438,-6.446725e-02,-2.704958e-02,4.522420e-09,1.440846e-07,1.090433e-06,2.025683e-04
1397751808,18799846,16773021696,51201075,-6.448410e-02,-2.705150e-02,7.071919e-09,1.455419e-07,1.705161e-06,2.046171e-04
1398013952,18800081,16776167424,51210708,-6.448577e-02,-2.703692e-02,7.356679e-09,1.346307e-07,1.773822e-06,1.892772e-04
1398276096,18800093,16779313152,51220193,-6.447402e-02,-2.703472e-02,5.479185e-09,1.330240e-07,1.321126e-06,1.870182e-04
1398538240,18800339,16782458880,51229957,-6.446071e-02,-2.705693e-02,3.685380e-09,1.497170e-07,8.886086e-07,2.104870e-04
1398800384,18801706,16785604608,51239537,-6.446436e-02,-2.705437e-02,4.141967e-09,1.477373e-07,9.986996e-07,2.077037e-04
1399062528,18801935,16788750336,51249168,-6.446902e-02,-2.704816e-02,4.764061e-09,1.430020e-07,1.148697e-06,2.010463e-04
1399324672,18802117,16791896064,51258637,-6.446217e-02,-2.706476e-02,3.864816e-09,1.558337e-07,9.318737e-07,2.190864e-04
1399586816,18802468,16795041792,51268304,-6.445806e-02,-2.706511e-02,3.370374e-09,1.561103e-07,8.126552e-07,2.194753e-04
1399848960,18802607,16798187520,51277879,-6.444721e-02,-2.706601e-02,2.228489e-09,1.568280e-07,5.373271e-07,2.204842e-04
1400111104,18802744,16801333248,51287316,-6.448182e-02,-2.707649e-02,6.693666e-09,1.652377e-07,1.613958e-06,2.323074e-04
1400373248,18803446,16804478976,51296955,-6.448251e-02,-2.705417e-02,6.807525e-09,1.475885e-07,1.641412e-06,2.074944e-04
1400635392,18803907,16807624704,51306512,-6.446947e-02,-2.704307e-02,4.825972e-09,1.391820e-07,1.163625e-06,1.956758e-04
1400897536,18804100,16810770432,51316056,-6.447995e-02,-2.707516e-02,6.391160e-09,1.641552e-07,1.541019e-06,2.307855e-04
1401159680,18805587,16813916160,51325503,-6.448252e-02,-2.709673e-02,6.808755e-09,1.820986e-07,1.641708e-06,2.560122e-04
1401421824,18806343,16817061888,51335187,-6.448910e-02,-2.708943e-02,7.939076e-09,1.759234e-07,1.914248e-06,2.473305e-04
1401683968,18806389,16820207616,51344875,-6.447347e-02,-2.708327e-02,5.396772e-09,1.707911e-07,1.301255e-06,2.401150e-04
1401946112,18807468,16823353344,51354295,-6.445475e-02,-2.706543e-02,2.997219e-09,1.563666e-07,7.226812e-07,2.198355e-04
1402208256,18808564,16826499072,51364049,-6.444668e-02,-2.705141e-02,2.178825e-09,1.454765e-07,5.253522e-07,2.045252e-04
1402470400,18810737,16829644800,51373769,-6.445356e-02,-2.704890e-02,2.868114e-09,1.435647e-07,6.915517e-07,2.018373e-04
1402732544,18811508,16832790528,51383260,-6.448080e-02,-2.701459e-02,6.528890e-09,1.187405e-07,1.574228e-06,1.669371e-04
1402994688,18813577,16835936256,51392869,-6.446770e-02,-2.699517e-02,4.582745e-09,1.057388e-07,1.104979e-06,1.486580e-04
1403256832,18813701,16839081984,51402577,-6.449793e-02,-2.701228e-02,9.590369e-09,1.171592e-07,2.312403e-06,1.647140e-04
1403518976,18817244,16842227712,51411995,-6.446235e-02,-2.700680e-02,3.887081e-09,1.134353e-07,9.372421e-07,1.594786e-04
1403781120,18818442,16845373440,51421589,-6.447244e-02,-2.700656e-02,5.246763e-09,1.132698e-07,1.265085e-06,1.592458e-04
1404043264,18818902,16848519168,51431027,-6.446727e-02,-2.701141e-02,4.524424e-09,1.165632e-07,1.090917e-06,1.638760e-04
1404305408,18823598,16851664896,51440921,-6.446154e-02,-2.702737e-02,3.787393e-09,1.277139e-07,9.132056e-07,1.795528e-04
1404567552,18826646,16854810624,51450691,-6.447373e-02,-2.702877e-02,5.436252e-09,1.287130e-07,1.310774e-06,1.809574e-04
1404829696,18827042,16857956352,51460287,-6.445794e-02,-2.703927e-02,3.356547e-09,1.363640e-07,8.093213e-07,1.917140e-04
1405091840,18833581,16861102080,51469659,-6.446164e-02,-2.705521e-02,3.799324e-09,1.483867e-07,9.160823e-07,2.086166e-04
1405353984,18834939,16864247808,51479301,-6.446748e-02,-2.706823e-02,4.553538e-09,1.585840e-07,1.097936e-06,2.229530e-04
1405616128,18841807,16867393536,51488677,-6.447989e-02,-2.705965e-02,6.382824e-09,1.518304e-07,1.539009e-06,2.134581e-04
1405878272,18843125,16870539264,51498267,-6.448564e-02,-2.706027e-02,7.333691e-09,1.523141e-07,1.768279e-06,2.141382e-04
1406140416,18845472,16873684992,51507711,-6.448179e-02,-2.708079e-02,6.688790e-09,1.687481e-07,1.612782e-06,2.372427e-04
1406402560,18852383,16876830720,51517426,-6.446207e-02,-2.709378e-02,3.852783e-09,1.795893e-07,9.289723e-07,2.524842e-04
1406664704,18859449,16879976448,51527095,-6.445500e-02,-2.711741e-02,3.024201e-09,2.001750e-07,7.291869e-07,2.814258e-04
1406926848,18865519,16883122176,51536592,-6.448682e-02,-2.713476e-02,7.537993e-09,2.159982e-07,1.817540e-06,3.036715e-04
1407188992,18866531,16886267904,51546339,-6.449071e-02,-2.712766e-02,8.227101e-09,2.094487e-07,1.983696e-06,2.944636e-04
1407451136,18879208,16889413632,51555772,-6.451885e-02,-2.715029e-02,1.412395e-08,2.306772e-07,3.405527e-06,3.243087e-04
1407713280,18883715,16892559360,51565276,-6.450081e-02,-2.715977e-02,1.016192e-08,2.398797e-07,2.450214e-06,3.372465e-04
1407975424,18885866,16895705088,51574888,-6.448479e-02,-2.719515e-02,7.188938e-09,2.757849e-07,1.733377e-06,3.877257e-04
1408237568,18889413,16898850816,51584475,-6.447804e-02,-2.720831e-02,6.089833e-09,2.897777e-07,1.468364e-06,4.073980e-04
1408499712,18891498,16901996544,51594210,-6.447037e-02,-2.721281e-02,4.952040e-09,2.946389e-07,1.194022e-06,4.142323e-04
1408761856,18905411,16905142272,51603981,-6.447660e-02,-2.721707e-02,5.867471e-09,2.992877e-07,1.414748e-06,4.207681e-04
1409024000,18913593,16908288000,51613536,-6.447028e-02,-2.720518e-02,4.939465e-09,2.864185e-07,1.190990e-06,4.026753e-04
1409286144,18921122,16911433728,51623171,-6.446239e-02,-2.721988e-02,3.891727e-09,3.023709e-07,9.383625e-07,4.251029e-04
1409548288,18965027,16914579456,51632885,-6.446322e-02,-2.720393e-02,3.996538e-09,2.850783e-07,9.636342e-07,4.007912e-04
1409810432,18965434,16917725184,51642532,-6.443213e-02,-2.722781e-02,1.032138e-09,3.111541e-07,2.488662e-07,4.374511e-04
1410072576,18965514,16920870912,51652321,-6.445847e-02,-2.720970e-02,3.418993e-09,2.912776e-07,8.243782e-07,4.095068e-04
1410334720,18965590,16924016640,51661957,-6.445399e-02,-2.722108e-02,2.914586e-09,3.036916e-07,7.027569e-07,4.269596e-04
1410596864,18966075,16927162368,51671363,-6.444468e-02,-2.723120e-02,1.995738e-09,3.149414e-07,4.812068e-07,4.427756e-04
1410859008,18966328,16930308096,51680830,-6.444731e-02,-2.724644e-02,2.237643e-09,3.322812e-07,5.395344e-07,4.671536e-04
1411121152,18966789,16933453824,51690515,-6.444649e-02,-2.722819e-02,2.160778e-09,3.115720e-07,5.210008e-07,4.380386e-04
1411383296,18966927,16936599552,51700230,-6.441722e-02,-2.721928e-02,2.964696e-10,3.017137e-07,7.148392e-08,4.241789e-04
1411645440,18967056,16939745280,51709828,-6.440441e-02,-2.724370e-02,1.945466e-11,3.291342e-07,4.690853e-09,4.627293e-04
1411907584,18967547,16942891008,51719470,-6.439766e-02,-2.724507e-02,5.508094e-12,3.307112e-07,1.328096e-09,4.649464e-04
1412169728,18967804,16946036736,51729072,-6.438906e-02,-2.724144e-02,1.197909e-10,3.265490e-07,2.888365e-08,4.590947e-04
1412431872,18968538,16949182464,51738870,-6.439297e-02,-2.723752e-02,4.946799e-11,3.220832e-07,1.192758e-08,4.528164e-04
1412694016,18968780,16952328192,51748645,-6.440670e-02,-2.724374e-02,4.486417e-11,3.291726e-07,1.081752e-08,4.627834e-04
1412956160,18968910,16955473920,51758228,-6.440326e-02,-2.723590e-02,1.060091e-11,3.202444e-07,2.556062e-09,4.502311e-04
1413218304,18969720,16958619648,51767706,-6.438379e-02,-2.724791e-02,2.628440e-10,3.339755e-07,6.337621e-08,4.695357e-04
1413480448,18969816,16961765376,51777111,-6.439847e-02,-2.724731e-02,2.332856e-12,3.332869e-07,5.624918e-10,4.685677e-04
1413742592,18970077,16964911104,51786752,-6.436872e-02,-2.722244e-02,9.787504e-10,3.051900e-07,2.359936e-07,4.290662e-04
1414004736,18970137,16968056832,51796408,-6.437682e-02,-2.722173e-02,5.376002e-10,3.044085e-07,1.296247e-07,4.279674e-04
1414266880,18970186,16971202560,51805931,-6.438158e-02,-2.721699e-02,3.394912e-10,2.991939e-07,8.185717e-08,4.206363e-04
1414529024,18970606,16974348288,51815895,-6.438620e-02,-2.723224e-02,1.906036e-10,3.161174e-07,4.595781e-08,4.444289e-04
1414791168,18970962,16977494016,51825631,-6.439027e-02,-2.724922e-02,9.468182e-11,3.355015e-07,2.282942e-08,4.716810e-04
1415053312,18971159,16980639744,51835165,-6.440005e-02,-2.723377e-02,2.720046e-15,3.178414e-07,6.558500e-13,4.468528e-04
1415315456,18971303,16983785472,51844892,-6.442712e-02,-2.721625e-02,7.355005e-10,2.983876e-07,1.773419e-07,4.195026e-04
1415577600,18972234,16986931200,51854454,-6.445167e-02,-2.724389e-02,2.669766e-09,3.293458e-07,6.437265e-07,4.630268e-04
1415839744,18972253,16990076928,51864187,-6.448372e-02,-2.728288e-02,7.009402e-09,3.756254e-07,1.690088e-06,5.280913e-04
1416101888,18972411,16993222656,51873491,-6.449807e-02,-2.728288e-02,9.618116e-09,3.756209e-07,2.319093e-06,5.280849e-04
1416364032,18973487,16996368384,51883008,-6.451289e-02,-2.728288e-02,1.274274e-08,3.756163e-07,3.072494e-06,5.280785e-04
1416626176,18973748,16999514112,51892724,-6.452382e-02,-2.729463e-02,1.532984e-08,3.901587e-07,3.696289e-06,5.485236e-04
1416888320,18973814,17002659840,51902388,-6.453434e-02,-2.732584e-02,1.804762e-08,4.301251e-07,4.351592e-06,6.047122e-04
1417150464,18973986,17005805568,51911953,-6.454702e-02,-2.734460e-02,2.161337e-08,4.550849e-07,5.211355e-06,6.398031e-04
1417412608,18974256,17008951296,51921556,-6.457579e-02,-2.732803e-02,3.090177e-08,4.329982e-07,7.450949e-06,6.087515e-04
1417674752,18975185,17012097024,51931079,-6.455860e-02,-2.732852e-02,2.515412e-08,4.336456e-07,6.065092e-06,6.096617e-04
1417936896,18975514,17015242752,51940523,-6.453837e-02,-2.731262e-02,1.914686e-08,4.129605e-07,4.616638e-06,5.805806e-04
1418199040,18975608,17018388480,51950111,-6.450996e-02,-2.730554e-02,1.209025e-08,4.039112e-07,2.915167e-06,5.678583e-04
1418461184,18975927,17021534208,51959948,-6.448383e-02,-2.731444e-02,7.026879e-09,4.152979e-07,1.694302e-06,5.838667e-04
1418723328,18975947,17024679936,51969663,-6.447914e-02,-2.731054e-02,6.263150e-09,4.102980e-07,1.510153e-06,5.768373e-04
1418985472,18976204,17027825664,51979336,-6.448443e-02,-2.732971e-02,7.128421e-09,4.352146e-07,1.718785e-06,6.118675e-04
1419247616,18977842,17030971392,51988751,-6.448208e-02,-2.733052e-02,6.736403e-09,4.362917e-07,1.624263e-06,6.133818e-04
1419509760,18977979,17034117120,51998326,-6.450083e-02,-2.733754e-02,1.016643e-08,4.456101e-07,2.451301e-06,6.264827e-04
1419771904,18979256,17037262848,52007812,-6.449481e-02,-2.734460e-02,8.988678e-09,4.550899e-07,2.167325e-06,6.398102e-04
1420034048,18981370,17040408576,52017363,-6.455070e-02,-2.733002e-02,2.270912e-08,4.356226e-07,5.475559e-06,6.124412e-04
1420296192,18982117,17043554304,52026917,-6.455732e-02,-2.731846e-02,2.474927e-08,4.205069e-07,5.967475e-06,5.911899e-04
1420558336,18982128,17046700032,52036310,-6.455706e-02,-2.733175e-02,2.466729e-08,4.379073e-07,5.947709e-06,6.156533e-04
1420820480,18982143,17049845760,52045588,-6.454603e-02,-2.730126e-02,2.132299e-08,3.984912e-07,5.141339e-06,5.602383e-04
1421082624,18990216,17052991488,52055278,-6.452733e-02,-2.728938e-02,1.621304e-08,3.836336e-07,3.909242e-06,5.393500e-04
1421344768,18992651,17056137216,52064918,-6.451752e-02,-2.728308e-02,1.381048e-08,3.758698e-07,3.329945e-06,5.284348e-04
1421606912,18999225,17059282944,52074574,-6.453089e-02,-2.725971e-02,1.713071e-08,3.477532e-07,4.130510e-06,4.889056e-04
1421869056,19001611,17062428672,52084070,-6.453893e-02,-2.725755e-02,1.929975e-08,3.452117e-07,4.653501e-06,4.853326e-04
1422131200,19002602,17065574400,52093575,-6.453144e-02,-2.729417e-02,1.727534e-08,3.895912e-07,4.165383e-06,5.477257e-04
1422393344,19007133,17068720128,52103103,-6.454001e-02,-2.730220e-02,1.960317e-08,3.996797e-07,4.726661e-06,5.619091e-04
1422655488,19029347,17071865856,52112710,-6.452139e-02,-2.731999e-02,1.473428e-08,4.224828e-07,3.552690e-06,5.939680e-04
1422917632,19029721,17075011584,52122414,-6.451481e-02,-2.731811e-02,1.318042e-08,4.200456e-07,3.178025e-06,5.905415e-04
1423179776,19032812,17078157312,52132118,-6.449219e-02,-2.733484e-02,8.498265e-09,4.420165e-07,2.049078e-06,6.214305e-04
1423441920,19036769,17081303040,52141745,-6.451008e-02,-2.733398e-02,1.211648e-08,4.408681e-07,2.921492e-06,6.198158e-04
1423704064,19037032,17084448768,52151296,-6.450625e-02,-2.732448e-02,1.128806e-08,4.283507e-07,2.721745e-06,6.022176e-04
1423966208,19063572,17087594496,52160841,-6.449851e-02,-2.733915e-02,9.704531e-09,4.477688e-07,2.339929e-06,6.295174e-04
1424228352,19065632,17090740224,52170575,-6.449557e-02,-2.733458e-02,9.133357e-09,4.416625e-07,2.202210e-06,6.209326e-04
1424490496,19087293,17093885952,52180156,-6.450084e-02,-2.733390e-02,1.016793e-08,4.407667e-07,2.451663e-06,6.196733e-04
1424752640,19092033,17097031680,52189653,-6.451151e-02,-2.732840e-02,1.243345e-08,4.334935e-07,2.997919e-06,6.094478e-04
1425014784,19097128,17100177408,52199206,-6.450280e-02,-2.731362e-02,1.056695e-08,4.142470e-07,2.547873e-06,5.823893e-04
1425276928,19107157,17103323136,52208772,-6.451514e-02,-2.731211e-02,1.325751e-08,4.123000e-07,3.196615e-06,5.796520e-04
1425539072,19138111,17106468864,52218469,-6.452797e-02,-2.730194e-02,1.637471e-08,3.993477e-07,3.948226e-06,5.614423e-04
1425801216,19141160,17109614592,52228160,-6.452132e-02,-2.728423e-02,1.471801e-08,3.772826e-07,3.548766e-06,5.304210e-04
1426063360,19169317,17112760320,52237544,-6.450976e-02,-2.726491e-02,1.204769e-08,3.539160e-07,2.904904e-06,4.975700e-04
1426325504,19239654,17115906048,52247196,-6.449904e-02,-2.728087e-02,9.807558e-09,3.731682e-07,2.364771e-06,5.246367e-04
1426587648,19240218,17119051776,52257018,-6.451434e-02,-2.726495e-02,1.307286e-08,3.539670e-07,3.152092e-06,4.976416e-04
1426849792,19240583,17122197504,52266868,-6.452174e-02,-2.728656e-02,1.482123e-08,3.801436e-07,3.573655e-06,5.344434e-04
1427111936,19240778,17125343232,52276483,-6.451655e-02,-2.727801e-02,1.358377e-08,3.696719e-07,3.275281e-06,5.197212e-04
1427374080,19242265,17128488960,52286111,-6.449343e-02,-2.729429e-02,8.727826e-09,3.897423e-07,2.104429e-06,5.479382e-04
1427636224,19243125,17131634688,52295573,-6.449437e-02,-2.727530e-02,8.905518e-09,3.663904e-07,2.147274e-06,5.151078e-04
1427898368,19243340,17134780416,52305182,-6.450019e-02,-2.727217e-02,1.003763e-08,3.626142e-07,2.420245e-06,5.097988e-04
1428160512,19243527,17137926144,52314640,-6.453148e-02,-2.726672e-02,1.728514e-08,3.560778e-07,4.167744e-06,5.006093e-04
1428422656,19243962,17141071872,52324221,-6.452882e-02,-2.727046e-02,1.659281e-08,3.605533e-07,4.000813e-06,5.069014e-04
1428684800,19244252,17144217600,52333858,-6.452130e-02,-2.728686e-02,1.471259e-08,3.805181e-07,3.547458e-06,5.349699e-04
1428946944,19244320,17147363328,52343450,-6.450403e-02,-2.728698e-02,1.082275e-08,3.806675e-07,2.609552e-06,5.351799e-04
1429209088,19244543,17150509056,52353179,-6.451101e-02,-2.728307e-02,1.232238e-08,3.758538e-07,2.971137e-06,5.284123e-04
1429471232,19244577,17153654784,52362527,-6.453192e-02,-2.728483e-02,1.740288e-08,3.780129e-07,4.196134e-06,5.314478e-04
1429733376,19245417,17156800512,52372102,-6.451341e-02,-2.726736e-02,1.286076e-08,3.568341e-07,3.100951e-06,5.016725e-04
1429995520,19246292,17159946240,52381467,-6.453206e-02,-2.728212e-02,1.744025e-08,3.746922e-07,4.205145e-06,5.267792e-04
1430257664,19247072,17163091968,52391065,-6.454691e-02,-2.729735e-02,2.158052e-08,3.935681e-07,5.203435e-06,5.533168e-04
1430519808,19247126,17166237696,52400570,-6.451752e-02,-2.729131e-02,1.381048e-08,3.860232e-07,3.329945e-06,5.427094e-04
1430781952,19247829,17169383424,52410010,-6.451162e-02,-2.730542e-02,1.245839e-08,4.037645e-07,3.003932e-06,5.676519e-04
1431044096,19247857,17172529152,52419526,-6.450454e-02,-2.730854e-02,1.092842e-08,4.077296e-07,2.635031e-06,5.732265e-04
1431306240,19248084,17175674880,52429122,-6.447707e-02,-2.730120e-02,5.939601e-09,3.984089e-07,1.432140e-06,5.601225e-04
1431568384,19248372,17178820608,52438495,-6.448140e-02,-2.729068e-02,6.625568e-09,3.852390e-07,1.597538e-06,5.416069e-04
1431830528,19248385,17181966336,52447779,-6.447935e-02,-2.730772e-02,6.296213e-09,4.066932e-07,1.518126e-06,5.717694e-04
1432092672,19249886,17185112064,52457383,-6.448573e-02,-2.730150e-02,7.349012e-09,3.987970e-07,1.771974e-06,5.606681e-04
1432354816,19250313,17188257792,52466976,-6.449237e-02,-2.731358e-02,8.532641e-09,4.141943e-07,2.057367e-06,5.823151e-04
1432616960,19250764,17191403520,52476567,-6.446657e-02,-2.731858e-02,4.430698e-09,4.206591e-07,1.068318e-06,5.914040e-04
1432879104,19250881,17194549248,52486332,-6.443856e-02,-2.730583e-02,1.486623e-09,4.042854e-07,3.584505e-07,5.683842e-04
1433141248,19251022,17197694976,52495975,-6.443694e-02,-2.731685e-02,1.364562e-09,4.184174e-07,3.290194e-07,5.882526e-04
1433403392,19251431,17200840704,52505663,-6.443099e-02,-2.730355e-02,9.601919e-10,4.013890e-07,2.315188e-07,5.643122e-04
1433665536,19251976,17203986432,52515279,-6.442454e-02,-2.729833e-02,6.019545e-10,3.948007e-07,1.451416e-07,5.550497e-04
1433927680,19252211,17207132160,52524628,-6.442931e-02,-2.733183e-02,8.591103e-10,4.380232e-07,2.071463e-07,6.158162e-04
1434189824,19252545,17210277888,52534194,-6.444431e-02,-2.730754e-02,1.963252e-09,4.064580e-07,4.733739e-07,5.714387e-04
1434451968,19253700,17213423616,52543874,-6.443241e-02,-2.729479e-02,1.050410e-09,3.903589e-07,2.532718e-07,5.488050e-04
1434714112,19254224,17216569344,52553504,-6.443910e-02,-2.730243e-02,1.528278e-09,3.999718e-07,3.684941e-07,5.623197e-04
1434976256,19254289,17219715072,52563126,-6.442951e-02,-2.731049e-02,8.709434e-10,4.102216e-07,2.099994e-07,5.767300e-04
1435238400,19254859,17222860800,52572605,-6.442192e-02,-2.732190e-02,4.804692e-10,4.249684e-07,1.158494e-07,5.974625e-04
1435500544,19255788,17226006528,52582139,-6.440815e-02,-2.730691e-02,6.631634e-11,4.056604e-07,1.599001e-08,5.703173e-04
1435762688,19256518,17229152256,52591733,-6.440783e-02,-2.730474e-02,6.120104e-11,4.028985e-07,1.475663e-08,5.664345e-04
1436024832,19258649,17232297984,52601298,-6.439506e-02,-2.729739e-02,2.440098e-11,3.936125e-07,5.883496e-09,5.533792e-04
1436286976,19260129,17235443712,52610984,-6.437415e-02,-2.733026e-02,6.684042e-10,4.359423e-07,1.611638e-07,6.128907e-04
1436549120,19261763,17238589440,52620330,-6.436522e-02,-2.734023e-02,1.209600e-09,4.492033e-07,2.916555e-07,6.315342e-04
1436811264,19262114,17241735168,52629990,-6.437314e-02,-2.733016e-02,7.218246e-10,4.358144e-07,1.740443e-07,6.127108e-04
1437073408,19265463,17244880896,52639401,-6.436500e-02,-2.737502e-02,1.225198e-09,4.970539e-07,2.954163e-07,6.988074e-04
1437335552,19267117,17248026624,52648941,-6.438936e-02,-2.738185e-02,1.133560e-10,5.067290e-07,2.733209e-08,7.124096e-04
1437597696,19267661,17251172352,52658663,-6.440826e-02,-2.737993e-02,6.814904e-11,5.039959e-07,1.643191e-08,7.085671e-04
1437859840,19271915,17254318080,52668259,-6.440368e-02,-2.737764e-02,1.349193e-11,5.007614e-07,3.253137e-09,7.040198e-04
1438121984,19275189,17257463808,52677839,-6.442121e-02,-2.736772e-02,4.499406e-10,4.868169e-07,1.084884e-07,6.844152e-04
1438384128,19281821,17260609536,52687238,-6.443195e-02,-2.736374e-02,1.020680e-09,4.812730e-07,2.461037e-07,6.766211e-04
1438646272,19284955,17263755264,52697068,-6.446611e-02,-2.735996e-02,4.370400e-09,4.760488e-07,1.053779e-06,6.692763e-04
1438908416,19285661,17266900992,52706678,-6.447736e-02,-2.737508e-02,5.984473e-09,4.971353e-07,1.442960e-06,6.989219e-04
1439170560,19290862,17270046720,52716294,-6.447904e-02,-2.734597e-02,6.246651e-09,4.569414e-07,1.506175e-06,6.424133e-04
1439432704,19293935,17273192448,52725931,-6.451072e-02,-2.736665e-02,1.225795e-08,4.853235e-07,2.955603e-06,6.823156e-04
1439694848,19301444,17276338176,52735588,-6.448632e-02,-2.735203e-02,7.451561e-09,4.651648e-07,1.796700e-06,6.539744e-04
1439956992,19303849,17279483904,52745264,-6.448790e-02,-2.735138e-02,7.726753e-09,4.642810e-07,1.863053e-06,6.527320e-04
1440219136,19307524,17282629632,52754925,-6.448353e-02,-2.734691e-02,6.977003e-09,4.582115e-07,1.682276e-06,6.441988e-04
1440481280,19313381,17285775360,52764628,-6.449018e-02,-2.734169e-02,8.132762e-09,4.511704e-07,1.960949e-06,6.342998e-04
1440743424,19315087,17288921088,52774514,-6.451017e-02,-2.735381e-02,1.213781e-08,4.676020e-07,2.926635e-06,6.574010e-04
1441005568,19329002,17292066816,52784096,-6.449436e-02,-2.734137e-02,8.902706e-09,4.507401e-07,2.146596e-06,6.336949e-04
1441267712,19332757,17295212544,52793935,-6.450286e-02,-2.734571e-02,1.057921e-08,4.565839e-07,2.550829e-06,6.419106e-04
1441529856,19334547,17298358272,52803630,-6.449320e-02,-2.736568e-02,8.686112e-09,4.839775e-07,2.094371e-06,6.804233e-04
1441792000,19338007,17301504000,52813417,-6.449836e-02,-2.735811e-02,9.673728e-09,4.735024e-07,2.332503e-06,6.656964e-04
1442054144,19339700,17304649728,52823121,-6.450678e-02,-2.735947e-02,1.140234e-08,4.753730e-07,2.749300e-06,6.683262e-04
1442316288,19353639,17307795456,52832589,-6.450060e-02,-2.733591e-02,1.011990e-08,4.434319e-07,2.440083e-06,6.234203e-04
1442578432,19362008,17310941184,52842156,-6.446616e-02,-2.734565e-02,4.376313e-09,4.564983e-07,1.055205e-06,6.417903e-04
1442840576,19369423,17314086912,52851868,-6.446359e-02,-2.734335e-02,4.042830e-09,4.533976e-07,9.747959e-07,6.374310e-04
1443102720,19408429,17317232640,52861255,-6.447738e-02,-2.734955e-02,5.986779e-09,4.617891e-07,1.443516e-06,6.492287e-04
1443364864,19408637,17320378368,52870912,-6.447475e-02,-2.732550e-02,5.586699e-09,4.296830e-07,1.347049e-06,6.040907e-04
1443627008,19408758,17323524096,52880417,-6.450958e-02,-2.734259e-02,1.200683e-08,4.523748e-07,2.895054e-06,6.359930e-04
1443889152,19408791,17326669824,52889977,-6.446928e-02,-2.732606e-02,4.799094e-09,4.304183e-07,1.157144e-06,6.051245e-04
1444151296,19409344,17329815552,52899731,-6.447326e-02,-2.732526e-02,5.366164e-09,4.293656e-07,1.293875e-06,6.036444e-04
1444413440,19409660,17332961280,52909378,-6.447522e-02,-2.731937e-02,5.658208e-09,4.216841e-07,1.364292e-06,5.928451e-04
1444675584,19410094,17336107008,52919128,-6.448540e-02,-2.733242e-02,7.292913e-09,4.387977e-07,1.758447e-06,6.169051e-04
1444937728,19410295,17339252736,52928896,-6.449035e-02,-2.733204e-02,8.162353e-09,4.382994e-07,1.968084e-06,6.162045e-04
1445199872,19410418,17342398464,52938648,-6.451160e-02,-2.730646e-02,1.245340e-08,4.050864e-07,3.002729e-06,5.695104e-04
1445462016,19410784,17345544192,52948280,-6.451711e-02,-2.729127e-02,1.371434e-08,3.859815e-07,3.306763e-06,5.426509e-04
1445724160,19411131,17348689920,52957980,-6.451558e-02,-2.727335e-02,1.335721e-08,3.640333e-07,3.220654e-06,5.117939e-04
1445986304,19411837,17351835648,52967632,-6.450529e-02,-2.725095e-02,1.108632e-08,3.375047e-07,2.673103e-06,4.744974e-04
1446248448,19412154,17354981376,52977234,-6.452785e-02,-2.725456e-02,1.634422e-08,3.417055e-07,3.940873e-06,4.804033e-04
1446510592,19412256,17358127104,52986668,-6.449586e-02,-2.722996e-02,9.188980e-09,3.135547e-07,2.215621e-06,4.408261e-04
1446772736,19412971,17361272832,52996218,-6.450319e-02,-2.721938e-02,1.064675e-08,3.018242e-07,2.567115e-06,4.243342e-04
1447034880,19413079,17364418560,53006006,-6.449082e-02,-2.721192e-02,8.248740e-09,2.936812e-07,1.988913e-06,4.128859e-04
1447297024,19413382,17367564288,53015280,-6.448281e-02,-2.720473e-02,6.856792e-09,2.859382e-07,1.653291e-06,4.020001e-04
1447559168,19413485,17370710016,53025036,-6.450849e-02,-2.718939e-02,1.176963e-08,2.697652e-07,2.837859e-06,3.792626e-04
1447821312,19413558,17373855744,53034696,-6.449971e-02,-2.721003e-02,9.940821e-09,2.916276e-07,2.396903e-06,4.099988e-04
1448083456,19414365,17377001472,53044384,-6.447990e-02,-2.722543e-02,6.384014e-09,3.085000e-07,1.539296e-06,4.337197e-04
1448345600,19414598,17380147200,53054125,-6.446870e-02,-2.724443e-02,4.718914e-09,3.299725e-07,1.137812e-06,4.639078e-04
1448607744,19414816,17383292928,53063886,-6.445470e-02,-2.726402e-02,2.991511e-09,3.528552e-07,7.213050e-07,4.960786e-04
1448869888,19414878,17386438656,53073418,-6.446352e-02,-2.725454e-02,4.034308e-09,3.416902e-07,9.727410e-07,4.803818e-04
1449132032,19415670,17389584384,53082914,-6.445241e-02,-2.723693e-02,2.746534e-09,3.214070e-07,6.622367e-07,4.518657e-04
1449394176,19415737,17392730112,53092384,-6.446821e-02,-2.722375e-02,4.652613e-09,3.066447e-07,1.121825e-06,4.311113e-04
1449656320,19415862,17395875840,53101936,-6.448580e-02,-2.720775e-02,7.360514e-09,2.891804e-07,1.774747e-06,4.065583e-04
1449918464,19416816,17399021568,53111537,-6.450062e-02,-2.724480e-02,1.012290e-08,3.303985e-07,2.440806e-06,4.645067e-04
1450180608,19417172,17402167296,53121145,-6.449840e-02,-2.722975e-02,9.682524e-09,3.133169e-07,2.334623e-06,4.404919e-04
1450442752,19417454,17405313024,53130608,-6.454350e-02,-2.721224e-02,2.059173e-08,2.940245e-07,4.965020e-06,4.133685e-04
1450704896,19417462,17408458752,53140260,-6.453517e-02,-2.720548e-02,1.827051e-08,2.867436e-07,4.405334e-06,4.031323e-04
1450967040,19417764,17411604480,53150213,-6.454592e-02,-2.723048e-02,2.129254e-08,3.141349e-07,5.133998e-06,4.416418e-04
1451229184,19418727,17414750208,53159595,-6.454952e-02,-2.723442e-02,2.235571e-08,3.185727e-07,5.390346e-06,4.478809e-04
1451491328,19418804,17417895936,53169328,-6.453963e-02,-2.725500e-02,1.949691e-08,3.422305e-07,4.701041e-06,4.811413e-04
1451753472,19418927,17421041664,53178998,-6.454161e-02,-2.725521e-02,2.005218e-08,3.424681e-07,4.834927e-06,4.814753e-04
1452015616,19419383,17424187392,53188685,-6.452831e-02,-2.724038e-02,1.646255e-08,3.253282e-07,3.969403e-06,4.573784e-04
1452277760,19419599,17427333120,53198305,-6.450760e-02,-2.724393e-02,1.157643e-08,3.293950e-07,2.791277e-06,4.630959e-04
1452539904,19419766,17430478848,53207867,-6.451622e-02,-2.723720e-02,1.350573e-08,3.217154e-07,3.256464e-06,4.522993e-04
1452802048,19421202,17433624576,53217510,-6.452931e-02,-2.722869e-02,1.671974e-08,3.121337e-07,4.031417e-06,4.388282e-04
1453064192,19421352,17436770304,53227053,-6.454308e-02,-2.725750e-02,2.047003e-08,3.451592e-07,4.935676e-06,4.852588e-04
1453326336,19422796,17439916032,53236696,-6.454219e-02,-2.724024e-02,2.021711e-08,3.251752e-07,4.874694e-06,4.571633e-04
1453588480,19425177,17443061760,53246335,-6.456463e-02,-2.721800e-02,2.710239e-08,3.003055e-07,6.534852e-06,4.221991e-04
1453850624,19425637,17446207488,53256120,-6.457499e-02,-2.724396e-02,3.061952e-08,3.294249e-07,7.382894e-06,4.631380e-04
1454112768,19425687,17449353216,53265644,-6.456380e-02,-2.721257e-02,2.683077e-08,2.943821e-07,6.469361e-06,4.138714e-04
1454374912,19425916,17452498944,53275267,-6.456403e-02,-2.721613e-02,2.690405e-08,2.982634e-07,6.487029e-06,4.193282e-04
1454637056,19433835,17455644672,53284799,-6.457346e-02,-2.721576e-02,3.008732e-08,2.978587e-07,7.254570e-06,4.187591e-04
1454899200,19436124,17458790400,53294371,-6.458203e-02,-2.721687e-02,3.313315e-08,2.990717e-07,7.988973e-06,4.204645e-04
1455161344,19442708,17461936128,53304079,-6.458855e-02,-2.723876e-02,3.554899e-08,3.234928e-07,8.571473e-06,4.547981e-04
1455423488,19444842,17465081856,53313733,-6.458955e-02,-2.724339e-02,3.592646e-08,3.287774e-07,8.662489e-06,4.622276e-04
1455685632,19446186,17468227584,53323369,-6.458993e-02,-2.722508e-02,3.607348e-08,3.081152e-07,8.697938e-06,4.331788e-04
1455947776,19451385,17471373312,53333066,-6.460103e-02,-2.726183e-02,4.041369e-08,3.502621e-07,9.744436e-06,4.924329e-04
1456209920,19472775,17474519040,53342605,-6.462943e-02,-2.724676e-02,5.263616e-08,3.326550e-07,1.269149e-05,4.676791e-04
1456472064,19474618,17477664768,53352159,-6.460663e-02,-2.724546e-02,4.269470e-08,3.311548e-07,1.029443e-05,4.655700e-04
1456734208,19476155,17480810496,53361779,-6.460841e-02,-2.725394e-02,4.343374e-08,3.409807e-07,1.047262e-05,4.793843e-04
1456996352,19480230,17483956224,53371405,-6.461731e-02,-2.725750e-02,4.722411e-08,3.451526e-07,1.138655e-05,4.852496e-04
1457258496,19480493,17487101952,53380911,-6.463551e-02,-2.726615e-02,5.546280e-08,3.553935e-07,1.337304e-05,4.996472e-04
1457520640,19506933,17490247680,53390421,-6.464236e-02,-2.727061e-02,5.873834e-08,3.607367e-07,1.416283e-05,5.071593e-04
1457782784,19509200,17493393408,53400063,-6.463932e-02,-2.726368e-02,5.727411e-08,3.524548e-07,1.380977e-05,4.955157e-04
1458044928,19530732,17496539136,53409639,-6.463145e-02,-2.726895e-02,5.356671e-08,3.587392e-07,1.291586e-05,5.043510e-04
1458307072,19535426,17499684864,53419212,-6.462755e-02,-2.723615e-02,5.177818e-08,3.205291e-07,1.248461e-05,4.506313e-04
1458569216,19540358,17502830592,53428743,-6.467152e-02,-2.722860e-02,7.372393e-08,3.120296e-07,1.777611e-05,4.386820e-04
1458831360,19550517,17505976320,53438330,-6.468424e-02,-2.720254e-02,8.079218e-08,2.836024e-07,1.948039e-05,3.987162e-04
1459093504,19581507,17509122048,53448079,-6.467051e-02,-2.721567e-02,7.317470e-08,2.977530e-07,1.764368e-05,4.186106e-04
1459355648,19584376,17512267776,53457577,-6.467373e-02,-2.722477e-02,7.492640e-08,3.077741e-07,1.806605e-05,4.326992e-04
1459617792,19612624,17515413504,53467110,-6.467681e-02,-2.722957e-02,7.662457e-08,3.131168e-07,1.847550e-05,4.402105e-04
1459879936,19687935,17518559232,53476754,-6.466739e-02,-2.723495e-02,7.149551e-08,3.191659e-07,1.723880e-05,4.487149e-04
1460142080,19688234,17521704960,53486417,-6.464621e-02,-2.724068e-02,6.062029e-08,3.256810e-07,1.461660e-05,4.578744e-04
1460404224,19688667,17524850688,53495897,-6.463880e-02,-2.720429e-02,5.702475e-08,2.854703e-07,1.374965e-05,4.013422e-04
1460666368,19688906,17527996416,53505251,-6.464840e-02,-2.721517e-02,6.170373e-08,2.972105e-07,1.487783e-05,4.178478e-04
1460928512,19690494,17531142144,53514735,-6.465247e-02,-2.720352e-02,6.374129e-08,2.846429e-07,1.536912e-05,4.001790e-04
1461190656,19691312,17534287872,53524274,-6.465577e-02,-2.722725e-02,6.541880e-08,3.105290e-07,1.577360e-05,4.365722e-04
1461452800,19691590,17537433600,53533850,-6.466610e-02,-2.721221e-02,7.080787e-08,2.939881e-07,1.707300e-05,4.133174e-04
1461714944,19691752,17540579328,53543550,-6.468105e-02,-2.723280e-02,7.898537e-08,3.167397e-07,1.904473e-05,4.453040e-04
1461977088,19692284,17543725056,53553140,-6.465644e-02,-2.724994e-02,6.576226e-08,3.363284e-07,1.585641e-05,4.728436e-04
1462239232,19692363,17546870784,53562990,-6.465788e-02,-2.722465e-02,6.650183e-08,3.076377e-07,1.603474e-05,4.325075e-04
1462501376,19692548,17550016512,53572462,-6.466326e-02,-2.722463e-02,6.930520e-08,3.076109e-07,1.671068e-05,4.324697e-04
1462763520,19692752,17553162240,53581970,-6.466570e-02,-2.723938e-02,7.059788e-08,3.241924e-07,1.702236e-05,4.557816e-04
1463025664,19692904,17556307968,53591713,-6.466909e-02,-2.721657e-02,7.240683e-08,2.987438e-07,1.745853e-05,4.200035e-04
1463287808,19693790,17559453696,53601318,-6.467263e-02,-2.720654e-02,7.432801e-08,2.878777e-07,1.792177e-05,4.047269e-04
1463549952,19694594,17562599424,53610924,-6.466263e-02,-2.720341e-02,6.897216e-08,2.845256e-07,1.663037e-05,4.000141e-04
1463812096,19695210,17565745152,53620492,-6.467734e-02,-2.720396e-02,7.691770e-08,2.851101e-07,1.854618e-05,4.008359e-04
1464074240,19695375,17568890880,53629816,-6.467661e-02,-2.718813e-02,7.651323e-08,2.684569e-07,1.844866e-05,3.774232e-04
1464336384,19696039,17572036608,53639294,-6.466865e-02,-2.718291e-02,7.217045e-08,2.630739e-07,1.740154e-05,3.698552e-04
1464598528,19696251,17575182336,53649075,-6.465741e-02,-2.718471e-02,6.625996e-08,2.649229e-07,1.597642e-05,3.724547e-04
1464860672,19696478,17578328064,53658539,-6.467388e-02,-2.717005e-02,7.500800e-08,2.500513e-07,1.808572e-05,3.515467e-04
1465122816,19696759,17581473792,53668279,-6.468459e-02,-2.716506e-02,8.099137e-08,2.450875e-07,1.952842e-05,3.445682e-04
1465384960,19696915,17584619520,53677705,-6.469747e-02,-2.716141e-02,8.848509e-08,2.414861e-07,2.133528e-05,3.395049e-04
1465647104,19698307,17587765248,53687425,-6.467612e-02,-2.715391e-02,7.624143e-08,2.341667e-07,1.838312e-05,3.292147e-04
1465909248,19698630,17590910976,53696994,-6.465518e-02,-2.715290e-02,6.511805e-08,2.331961e-07,1.570108e-05,3.278501e-04
1466171392,19699095,17594056704,53706523,-6.465923e-02,-2.712505e-02,6.719918e-08,2.070720e-07,1.620288e-05,2.911222e-04
1466433536,19699236,17597202432,53716195,-6.466939e-02,-2.713297e-02,7.256730e-08,2.143376e-07,1.749723e-05,3.013369e-04
1466695680,19699520,17600348160,53725812,-6.465284e-02,-2.711454e-02,6.392577e-08,1.976132e-07,1.541361e-05,2.778241e-04
1466957824,19699569,17603493888,53735237,-6.462529e-02,-2.711884e-02,5.075252e-08,2.014588e-07,1.223731e-05,2.832306e-04
1467219968,19700505,17606639616,53745008,-6.462874e-02,-2.707493e-02,5.231870e-08,1.639711e-07,1.261494e-05,2.305267e-04
1467482112,19700650,17609785344,53754947,-6.463987e-02,-2.703951e-02,5.753473e-08,1.365374e-07,1.387262e-05,1.919577e-04
1467744256,19701336,17612931072,53764701,-6.463384e-02,-2.703431e-02,5.467950e-08,1.327212e-07,1.318417e-05,1.865925e-04
1468006400,19701969,17616076800,53774193,-6.464542e-02,-2.706221e-02,6.022836e-08,1.538270e-07,1.452209e-05,2.162652e-04
1468268544,19702323,17619222528,53783759,-6.463821e-02,-2.707044e-02,5.674399e-08,1.603558e-07,1.368195e-05,2.254440e-04
1468530688,19702902,17622368256,53793533,-6.462558e-02,-2.710118e-02,5.088353e-08,1.859146e-07,1.226890e-05,2.613771e-04
1468792832,19703439,17625513984,53802986,-6.463599e-02,-2.710918e-02,5.569114e-08,1.928791e-07,1.342809e-05,2.711685e-04
1469054976,19704544,17628659712,53812705,-6.460339e-02,-2.712303e-02,4.136584e-08,2.052334e-07,9.974017e-06,2.885374e-04
1469317120,19704617,17631805440,53822283,-6.461217e-02,-2.711247e-02,4.501619e-08,1.957825e-07,1.085418e-05,2.752504e-04
1469579264,19706892,17634951168,53831791,-6.461761e-02,-2.713144e-02,4.735372e-08,2.129256e-07,1.141780e-05,2.993519e-04
1469841408,19708862,17638096896,53841313,-6.463326e-02,-2.712987e-02,5.440805e-08,2.114841e-07,1.311872e-05,2.973252e-04
1470103552,19710222,17641242624,53850715,-6.462129e-02,-2.711299e-02,4.896913e-08,1.962377e-07,1.180730e-05,2.758904e-04
1470365696,19710464,17644388352,53860242,-6.459388e-02,-2.711623e-02,3.758907e-08,1.991247e-07,9.063372e-06,2.799491e-04
1470627840,19713759,17647534080,53869761,-6.459275e-02,-2.709679e-02,3.715122e-08,1.821543e-07,8.957800e-06,2.560904e-04
1470889984,19715839,17650679808,53879481,-6.457856e-02,-2.709294e-02,3.188389e-08,1.788748e-07,7.687756e-06,2.514798e-04
1471152128,19716542,17653825536,53888847,-6.458355e-02,-2.711570e-02,3.369152e-08,1.986529e-07,8.123606e-06,2.792858e-04
1471414272,19720427,17656971264,53898606,-6.459180e-02,-2.710046e-02,3.678450e-08,1.852919e-07,8.869375e-06,2.605015e-04
1471676416,19723535,17660116992,53908228,-6.460994e-02,-2.709852e-02,4.407584e-08,1.836295e-07,1.062744e-05,2.581645e-04
1471938560,19730108,17663262720,53918063,-6.462352e-02,-2.708983e-02,4.996004e-08,1.762595e-07,1.204623e-05,2.478031e-04
1472200704,19733566,17666408448,53927698,-6.463838e-02,-2.710118e-02,5.682211e-08,1.859130e-07,1.370079e-05,2.613748e-04
1472462848,19734237,17669554176,53937173,-6.462265e-02,-2.709720e-02,4.957111e-08,1.824994e-07,1.195245e-05,2.565757e-04
1472724992,19740256,17672699904,53946806,-6.461058e-02,-2.709270e-02,4.434215e-08,1.786779e-07,1.069166e-05,2.512030e-04
1472987136,19742304,17675845632,53956269,-6.459600e-02,-2.707781e-02,3.841403e-08,1.663100e-07,9.262284e-06,2.338150e-04
1473249280,19750829,17678991360,53965981,-6.460886e-02,-2.706503e-02,4.362339e-08,1.560500e-07,1.051835e-05,2.193905e-04
1473511424,19752279,17682137088,53975650,-6.460714e-02,-2.705431e-02,4.290741e-08,1.476944e-07,1.034572e-05,2.076433e-04
1473773568,19755754,17685282816,53985239,-6.463367e-02,-2.704949e-02,5.460286e-08,1.440125e-07,1.316569e-05,2.024669e-04
1474035712,19761607,17688428544,53994735,-6.464306e-02,-2.703413e-02,5.907831e-08,1.325923e-07,1.424480e-05,1.864113e-04
1474297856,19764134,17691574272,54004082,-6.465444e-02,-2.703054e-02,6.473835e-08,1.299885e-07,1.560953e-05,1.827506e-04
1474560000,19778647,17694720000,54013648,-6.464281e-02,-2.703793e-02,5.895523e-08,1.353753e-07,1.421512e-05,1.903240e-04
1474822144,19781905,17697865728,54022990,-6.463420e-02,-2.701882e-02,5.484688e-08,1.216724e-07,1.322453e-05,1.710590e-04
1475084288,19783088,17701011456,54032820,-6.464150e-02,-2.703091e-02,5.832016e-08,1.302559e-07,1.406199e-05,1.831266e-04
1475346432,19786512,17704157184,54042437,-6.467129e-02,-2.702613e-02,7.359856e-08,1.268315e-07,1.774588e-05,1.783121e-04
1475608576,19788165,17707302912,54051916,-6.467501e-02,-2.700531e-02,7.562961e-08,1.124363e-07,1.823560e-05,1.580740e-04
1475870720,19802013,17710448640,54061517,-6.466007e-02,-2.698475e-02,6.763639e-08,9.906508e-08,1.630830e-05,1.392754e-04
1476132864,19810398,17713594368,54071006,-6.465492e-02,-2.698155e-02,6.498503e-08,9.706325e-08,1.566901e-05,1.364611e-04
1476395008,19817932,17716740096,54080604,-6.467126e-02,-2.698605e-02,7.357835e-08,9.988754e-08,1.774101e-05,1.404318e-04
1476657152,19851679,17719885824,54090058,-6.470305e-02,-2.699120e-02,9.183622e-08,1.031683e-07,2.214329e-05,1.450442e-04
1476919296,19851988,17723031552,54099638,-6.470318e-02,-2.698141e-02,9.191752e-08,9.697506e-08,2.216290e-05,1.363371e-04
1477181440,19852060,17726177280,54109112,-6.468889e-02,-2.695007e-02,8.345675e-08,7.843666e-08,2.012286e-05,1.102740e-04
1477443584,19852081,17729323008,54118615,-6.470135e-02,-2.693927e-02,9.080952e-08,7.250811e-08,2.189574e-05,1.019390e-04
1477705728,19852682,17732468736,54128263,-6.470395e-02,-2.695770e-02,9.238344e-08,8.277262e-08,2.227524e-05,1.163699e-04
1477967872,19852942,17735614464,54137973,-6.469789e-02,-2.695945e-02,8.873793e-08,8.378423e-08,2.139624e-05,1.177921e-04
1478230016,19853492,17738760192,54147461,-6.470654e-02,-2.693104e-02,9.396631e-08,6.814112e-08,2.265689e-05,9.579949e-05
1478492160,19853655,17741905920,54157386,-6.471888e-02,-2.694115e-02,1.016828e-07,7.352278e-08,2.451748e-05,1.033656e-04
1478754304,19853715,17745051648,54167096,-6.472999e-02,-2.696654e-02,1.088909e-07,8.793630e-08,2.625547e-05,1.236295e-04
1479016448,19854162,17748197376,54176713,-6.473026e-02,-2.696602e-02,1.090680e-07,8.762837e-08,2.629817e-05,1.231966e-04
1479278592,19854516,17751343104,54186414,-6.473159e-02,-2.695720e-02,1.099507e-07,8.248563e-08,2.651100e-05,1.159664e-04
1479540736,19855208,17754488832,54196051,-6.474324e-02,-2.693981e-02,1.178142e-07,7.279528e-08,2.840704e-05,1.023428e-04
1479802880,19855455,17757634560,54205745,-6.473424e-02,-2.695071e-02,1.117167e-07,7.880016e-08,2.693682e-05,1.107850e-04
1480065024,19855711,17760780288,54215346,-6.475504e-02,-2.693678e-02,1.260499e-07,7.116916e-08,3.039280e-05,1.000566e-04
1480327168,19856260,17763926016,54225031,-6.476307e-02,-2.693708e-02,1.318175e-07,7.133025e-08,3.178347e-05,1.002831e-04
1480589312,19856309,17767071744,54234436,-6.475812e-02,-2.693362e-02,1.282497e-07,6.949559e-08,3.092320e-05,9.770374e-05
1480851456,19856783,17770217472,54243942,-6.475440e-02,-2.691162e-02,1.255953e-07,5.837955e-08,3.028320e-05,8.207572e-05
1481113600,19856802,17773363200,54253584,-6.474493e-02,-2.690187e-02,1.189730e-07,5.376175e-08,2.868644e-05,7.558356e-05
1481375744,19856964,17776508928,54263068,-6.472604e-02,-2.687895e-02,1.063004e-07,4.365841e-08,2.563085e-05,6.137929e-05
1481637888,19857814,17779654656,54272806,-6.473690e-02,-2.690664e-02,1.135018e-07,5.599837e-08,2.736725e-05,7.872803e-05
1481900032,19857940,17782800384,54282276,-6.474363e-02,-2.690340e-02,1.180804e-07,5.447671e-08,2.847121e-05,7.658875e-05
1482162176,19858251,17785946112,54291788,-6.474034e-02,-2.687343e-02,1.158330e-07,4.138327e-08,2.792934e-05,5.818069e-05
1482424320,19858521,17789091840,54301490,-6.471943e-02,-2.684397e-02,1.020347e-07,3.026593e-08,2.460233e-05,4.255082e-05
1482686464,19859040,17792237568,54311119,-6.472290e-02,-2.683951e-02,1.042601e-07,2.873491e-08,2.513890e-05,4.039837e-05
1482948608,19859099,17795383296,54320767,-6.471227e-02,-2.683093e-02,9.751176e-08,2.589928e-08,2.351177e-05,3.641176e-05
1483210752,19859341,17798529024,54330112,-6.471054e-02,-2.685003e-02,9.643522e-08,3.241089e-08,2.325219e-05,4.556642e-05
1483472896,19860220,17801674752,54339429,-6.470843e-02,-2.682998e-02,9.512551e-08,2.559324e-08,2.293640e-05,3.598149e-05
1483735040,19860627,17804820480,54348987,-6.469926e-02,-2.682457e-02,8.955656e-08,2.389296e-08,2.159363e-05,3.359107e-05
1483997184,19860975,17807966208,54358486,-6.470180e-02,-2.682717e-02,9.108364e-08,2.470358e-08,2.196184e-05,3.473073e-05
1484259328,19861198,17811111936,54368133,-6.470843e-02,-2.681645e-02,9.512551e-08,2.144774e-08,2.293640e-05,3.015335e-05
1484521472,19861220,17814257664,54377647,-6.470805e-02,-2.683967e-02,9.489585e-08,2.878672e-08,2.288103e-05,4.047120e-05
1484783616,19862040,17817403392,54387318,-6.470359e-02,-2.682809e-02,9.216616e-08,2.499249e-08,2.222285e-05,3.513691e-05
1485045760,19862304,17820549120,54397004,-6.473153e-02,-2.684265e-02,1.099111e-07,2.980882e-08,2.650147e-05,4.190817e-05
1485307904,19862423,17823694848,54406566,-6.473128e-02,-2.683755e-02,1.097432e-07,2.807255e-08,2.646099e-05,3.946716e-05
1485570048,19862801,17826840576,54416112,-6.473649e-02,-2.684468e-02,1.132209e-07,3.051206e-08,2.729951e-05,4.289685e-05
1485832192,19863103,17829986304,54425693,-6.470762e-02,-2.683157e-02,9.462980e-08,2.610533e-08,2.281688e-05,3.670144e-05
1486094336,19863281,17833132032,54435122,-6.471729e-02,-2.682482e-02,1.006732e-07,2.396960e-08,2.427404e-05,3.369883e-05
1486356480,19864608,17836277760,54444727,-6.471030e-02,-2.683591e-02,9.628257e-08,2.752783e-08,2.321539e-05,3.870133e-05
1486618624,19864736,17839423488,54454417,-6.471368e-02,-2.682153e-02,9.839319e-08,2.296188e-08,2.372429e-05,3.228207e-05
1486880768,19866410,17842569216,54464257,-6.470102e-02,-2.679268e-02,9.061205e-08,1.504932e-08,2.184813e-05,2.115782e-05
1487142912,19868814,17845714944,54473820,-6.471007e-02,-2.679480e-02,9.614391e-08,1.557435e-08,2.318195e-05,2.189595e-05
1487405056,19869235,17848860672,54483573,-6.470004e-02,-2.682547e-02,9.002093e-08,2.417016e-08,2.170560e-05,3.398078e-05
1487667200,19869434,17852006400,54493070,-6.471969e-02,-2.682081e-02,1.022014e-07,2.274337e-08,2.464251e-05,3.197488e-05
1487929344,19869543,17855152128,54502636,-6.470463e-02,-2.681897e-02,9.279605e-08,2.219336e-08,2.237472e-05,3.120161e-05
1488191488,19877215,17858297856,54512343,-6.469270e-02,-2.682592e-02,8.567098e-08,2.430994e-08,2.065675e-05,3.417730e-05
1488453632,19879718,17861443584,54521794,-6.469452e-02,-2.679726e-02,8.674289e-08,1.619407e-08,2.091521e-05,2.276722e-05
1488715776,19886178,17864589312,54531351,-6.471401e-02,-2.680082e-02,9.859897e-08,1.711511e-08,2.377391e-05,2.406211e-05
1488977920,19888185,17867735040,54541015,-6.468944e-02,-2.679895e-02,8.377129e-08,1.662738e-08,2.019870e-05,2.337641e-05
1489240064,19889914,17870880768,54550500,-6.467777e-02,-2.681015e-02,7.715759e-08,1.964126e-08,1.860402e-05,2.761362e-05
1489502208,19895746,17874026496,54559950,-6.467924e-02,-2.679462e-02,7.797515e-08,1.553021e-08,1.880115e-05,2.183390e-05
1489764352,19916063,17877172224,54569471,-6.467444e-02,-2.678867e-02,7.531440e-08,1.408236e-08,1.815960e-05,1.979837e-05
1490026496,19919454,17880317952,54579104,-6.464315e-02,-2.677244e-02,5.912177e-08,1.049317e-08,1.425528e-05,1.475233e-05
1490288640,19919562,17883463680,54588661,-6.466892e-02,-2.680325e-02,7.231463e-08,1.775504e-08,1.743630e-05,2.496179e-05
1490550784,19923614,17886609408,54598451,-6.467273e-02,-2.680067e-02,7.438084e-08,1.707517e-08,1.793450e-05,2.400596e-05
1490812928,19923989,17889755136,54608142,-6.468546e-02,-2.680142e-02,8.148404e-08,1.727143e-08,1.964720e-05,2.428187e-05
1491075072,19950376,17892900864,54617843,-6.469350e-02,-2.678974e-02,8.613830e-08,1.433815e-08,2.076943e-05,2.015798e-05
1491337216,19952724,17896046592,54627487,-6.468435e-02,-2.680634e-02,8.085149e-08,1.858911e-08,1.949469e-05,2.613441e-05
1491599360,19974129,17899192320,54637013,-6.468465e-02,-2.678738e-02,8.102530e-08,1.377898e-08,1.953659e-05,1.937185e-05
1491861504,19978894,17902338048,54646680,-6.468067e-02,-2.677297e-02,7.877193e-08,1.060374e-08,1.899327e-05,1.490779e-05
1492123648,19983677,17905483776,54656501,-6.468394e-02,-2.674430e-02,8.062285e-08,5.520072e-09,1.943956e-05,7.760662e-06
1492385792,19993986,17908629504,54666209,-6.468906e-02,-2.672896e-02,8.355578e-08,3.476521e-09,2.014674e-05,4.887636e-06
1492647936,20025023,17911775232,54675784,-6.469566e-02,-2.673462e-02,8.741566e-08,4.176082e-09,2.107742e-05,5.871147e-06
1492910080,20027786,17914920960,54685492,-6.472644e-02,-2.673258e-02,1.065629e-07,3.916867e-09,2.569415e-05,5.506717e-06
1493172224,20055981,17918066688,54695125,-6.470904e-02,-2.673024e-02,9.550735e-08,3.628610e-09,2.302847e-05,5.101458e-06
1493434368,20136273,17921212416,54704755,-6.468982e-02,-2.671964e-02,8.399140e-08,2.464264e-09,2.025177e-05,3.464506e-06
1493696512,20136628,17924358144,54714243,-6.466863e-02,-2.669305e-02,7.215844e-08,5.314850e-10,1.739864e-05,7.472140e-07
1493958656,20136941,17927503872,54723886,-6.468845e-02,-2.669451e-02,8.320296e-08,6.009496e-10,2.006167e-05,8.448741e-07
1494220800,20137178,17930649600,54733583,-6.468541e-02,-2.670288e-02,8.145852e-08,1.080811e-09,1.964105e-05,1.519510e-06
1494482944,20138829,17933795328,54743212,-6.467795e-02,-2.671403e-02,7.725281e-08,1.938571e-09,1.862699e-05,2.725434e-06
1494745088,20139593,17936941056,54752878,-6.466874e-02,-2.672233e-02,7.222250e-08,2.738535e-09,1.741409e-05,3.850103e-06
1495007232,20139999,17940086784,54762368,-6.463213e-02,-2.672328e-02,5.388447e-08,2.839060e-09,1.299247e-05,3.991430e-06
1495269376,20140168,17943232512,54771746,-6.465255e-02,-2.669819e-02,6.377891e-08,7.944250e-10,1.537819e-05,1.116881e-06
1495531520,20140587,17946378240,54781313,-6.463469e-02,-2.670883e-02,5.507744e-08,1.507813e-09,1.328012e-05,2.119832e-06
1495793664,20140838,17949523968,54791080,-6.460786e-02,-2.670356e-02,4.320424e-08,1.126600e-09,1.041729e-05,1.583886e-06
1496055808,20140845,17952669696,54800319,-6.460480e-02,-2.669839e-02,4.194063e-08,8.060169e-10,1.011261e-05,1.133178e-06
1496317952,20141233,17955815424,54810079,-6.461778e-02,-2.667921e-02,4.742833e-08,8.483847e-11,1.143579e-05,1.192743e-07
1496580096,20141501,17958961152,54819779,-6.461972e-02,-2.666223e-02,4.827583e-08,6.032987e-11,1.164014e-05,8.481766e-08
1496842240,20142424,17962106880,54829334,-6.463422e-02,-2.666608e-02,5.485735e-08,1.538782e-11,1.322705e-05,2.163371e-08
1497104384,20143208,17965252608,54838932,-6.463781e-02,-2.664260e-02,5.655247e-08,7.505290e-10,1.363577e-05,1.055168e-06
1497366528,20143518,17968398336,54848504,-6.464502e-02,-2.663408e-02,6.003470e-08,1.289925e-09,1.447540e-05,1.813503e-06
1497628672,20143906,17971544064,54858103,-6.463861e-02,-2.663840e-02,5.693583e-08,9.983103e-10,1.372821e-05,1.403523e-06
1497890816,20144373,17974689792,54867684,-6.463414e-02,-2.665060e-02,5.482245e-08,3.764832e-10,1.321864e-05,5.292972e-07
1498152960,20144843,17977835520,54877548,-6.467540e-02,-2.663929e-02,7.584286e-08,9.428404e-10,1.828702e-05,1.325538e-06
1498415104,20144852,17980981248,54887185,-6.466511e-02,-2.664211e-02,7.028149e-08,7.779217e-10,1.694608e-05,1.093679e-06
1498677248,20145244,17984126976,54896887,-6.465943e-02,-2.664430e-02,6.730352e-08,6.605300e-10,1.622804e-05,9.286381e-07
1498939392,20145635,17987272704,54906788,-6.467403e-02,-2.663763e-02,7.509373e-08,1.047635e-09,1.810639e-05,1.472868e-06
1499201536,20146632,17990418432,54916483,-6.467465e-02,-2.662371e-02,7.542894e-08,2.142634e-09,1.818722e-05,3.012326e-06
1499463680,20147189,17993564160,54926105,-6.470397e-02,-2.662836e-02,9.239702e-08,1.733997e-09,2.227851e-05,2.437825e-06
1499725824,20147737,17996709888,54935602,-6.468382e-02,-2.659860e-02,8.055093e-08,5.097805e-09,1.942222e-05,7.166997e-06
1499987968,20147797,17999855616,54945344,-6.468432e-02,-2.662093e-02,8.083877e-08,2.407453e-09,1.949162e-05,3.384634e-06
1500250112,20147949,18003001344,54954713,-6.469486e-02,-2.659657e-02,8.694049e-08,5.392394e-09,2.096285e-05,7.581159e-06
1500512256,20148431,18006147072,54964064,-6.469314e-02,-2.658922e-02,8.592851e-08,6.524676e-09,2.071884e-05,9.173033e-06
1500774400,20149152,18009292800,54973705,-6.469470e-02,-2.657915e-02,8.684385e-08,8.254155e-09,2.093955e-05,1.160450e-05
1501036544,20149172,18012438528,54983125,-6.467055e-02,-2.656920e-02,7.319485e-08,1.015967e-08,1.764854e-05,1.428346e-05
1501298688,20150299,18015584256,54992862,-6.466725e-02,-2.657925e-02,7.141983e-08,8.235551e-09,1.722055e-05,1.157835e-05
1501560832,20150435,18018729984,55002353,-6.466065e-02,-2.656432e-02,6.793512e-08,1.116845e-08,1.638033e-05,1.570171e-05
1501822976,20150719,18021875712,55011852,-6.463418e-02,-2.659099e-02,5.483990e-08,6.242236e-09,1.322284e-05,8.775950e-06
1502085120,20151761,18025021440,55021606,-6.462853e-02,-2.659641e-02,5.222331e-08,5.415123e-09,1.259194e-05,7.613114e-06
1502347264,20152060,18028167168,55031186,-6.462122e-02,-2.654969e-02,4.893946e-08,1.447408e-08,1.180015e-05,2.034908e-05
1502609408,20152970,18031312896,55040884,-6.463083e-02,-2.652547e-02,5.328084e-08,2.088895e-08,1.284693e-05,2.936774e-05
1502871552,20153341,18034458624,55050355,-6.463066e-02,-2.650818e-02,5.320520e-08,2.618424e-08,1.282869e-05,3.681238e-05
1503133696,20155351,18037604352,55060153,-6.466416e-02,-2.651471e-02,6.978068e-08,2.411575e-08,1.682532e-05,3.390429e-05
1503395840,20157671,18040750080,55070019,-6.468263e-02,-2.650819e-02,7.987569e-08,2.618363e-08,1.925940e-05,3.681153e-05
1503657984,20158771,18043895808,55079364,-6.467853e-02,-2.649650e-02,7.758035e-08,3.010089e-08,1.870596e-05,4.231880e-05
1503920128,20159043,18047041536,55088987,-6.469473e-02,-2.650898e-02,8.686581e-08,2.592807e-08,2.094484e-05,3.645223e-05
1504182272,20162732,18050187264,55098785,-6.466315e-02,-2.650636e-02,6.924638e-08,2.677771e-08,1.669649e-05,3.764674e-05
1504444416,20164730,18053332992,55108396,-6.465104e-02,-2.648459e-02,6.302101e-08,3.437532e-08,1.519545e-05,4.832822e-05
1504706560,20165467,18056478720,55117999,-6.463496e-02,-2.650166e-02,5.520691e-08,2.833657e-08,1.331134e-05,3.983834e-05
1504968704,20169023,18059624448,55127718,-6.464841e-02,-2.650645e-02,6.170743e-08,2.674846e-08,1.487872e-05,3.760562e-05
1505230848,20172071,18062770176,55137254,-6.461682e-02,-2.649347e-02,4.701063e-08,3.116362e-08,1.133507e-05,4.381288e-05
1505492992,20178446,18065915904,55146833,-6.462035e-02,-2.651548e-02,4.855453e-08,2.387626e-08,1.170733e-05,3.356760e-05
1505755136,20182360,18069061632,55156632,-6.461649e-02,-2.652151e-02,4.686858e-08,2.204819e-08,1.130082e-05,3.099753e-05
1506017280,20183017,18072207360,55166236,-6.462111e-02,-2.656633e-02,4.889002e-08,1.074654e-08,1.178823e-05,1.510854e-05
1506279424,20189839,18075353088,55175788,-6.462368e-02,-2.656315e-02,5.003000e-08,1.141746e-08,1.206310e-05,1.605179e-05
1506541568,20190771,18078498816,55185316,-6.460190e-02,-2.656412e-02,4.076193e-08,1.120943e-08,9.828403e-06,1.575932e-05
1506803712,20200363,18081644544,55194959,-6.463782e-02,-2.657045e-02,5.655601e-08,9.910388e-09,1.363663e-05,1.393300e-05
1507065856,20201173,18084790272,55204703,-6.463607e-02,-2.655652e-02,5.572982e-08,1.287766e-08,1.343742e-05,1.810469e-05
1507328000,20203919,18087936000,55214375,-6.461108e-02,-2.655053e-02,4.455264e-08,1.427265e-08,1.074241e-05,2.006590e-05
1507590144,20210116,18091081728,55224154,-6.462986e-02,-2.655047e-02,5.283464e-08,1.428690e-08,1.273934e-05,2.008592e-05
1507852288,20213143,18094227456,55233694,-6.464893e-02,-2.655062e-02,6.196682e-08,1.425085e-08,1.494127e-05,2.003525e-05
1508114432,20228637,18097373184,55243363,-6.463754e-02,-2.657738e-02,5.642497e-08,8.578470e-09,1.360503e-05,1.206046e-05
1508376576,20231151,18100518912,55253092,-6.462719e-02,-2.655715e-02,5.161555e-08,1.273391e-08,1.244540e-05,1.790258e-05
1508638720,20231824,18103664640,55262558,-6.461675e-02,-2.653239e-02,4.698155e-08,1.893507e-08,1.132806e-05,2.662079e-05
1508900864,20235155,18106810368,55271982,-6.463022e-02,-2.654472e-02,5.299917e-08,1.569546e-08,1.277901e-05,2.206622e-05
1509163008,20236831,18109956096,55281651,-6.462326e-02,-2.652715e-02,4.984353e-08,2.040612e-08,1.201813e-05,2.868893e-05
1509425152,20250755,18113101824,55291182,-6.464552e-02,-2.654158e-02,6.027957e-08,1.649076e-08,1.453444e-05,2.318433e-05
1509687296,20259083,18116247552,55300818,-6.463864e-02,-2.654273e-02,5.695005e-08,1.619739e-08,1.373164e-05,2.277188e-05
1509949440,20266384,18119393280,55310316,-6.463181e-02,-2.650797e-02,5.373584e-08,2.625300e-08,1.295664e-05,3.690905e-05
1510211584,20294989,18122539008,55320057,-6.464390e-02,-2.648681e-02,5.948829e-08,3.355900e-08,1.434365e-05,4.718054e-05
1510473728,20295293,18125684736,55329589,-6.461938e-02,-2.649032e-02,4.812861e-08,3.228493e-08,1.160464e-05,4.538933e-05
1510735872,20295484,18128830464,55339239,-6.461223e-02,-2.650535e-02,4.504148e-08,2.711097e-08,1.086028e-05,3.811528e-05
1510998016,20295540,18131976192,55348853,-6.460319e-02,-2.652702e-02,4.128708e-08,2.044392e-08,9.955027e-06,2.874207e-05
1511260160,20296118,18135121920,55358464,-6.458753e-02,-2.651522e-02,3.516792e-08,2.395577e-08,8.479591e-06,3.367937e-05
1511522304,20296398,18138267648,55368363,-6.456321e-02,-2.651103e-02,2.663586e-08,2.527183e-08,6.422365e-06,3.552964e-05
1511784448,20296949,18141413376,55378121,-6.455833e-02,-2.651344e-02,2.506911e-08,2.451015e-08,6.044595e-06,3.445879e-05
1512046592,20297064,18144559104,55387714,-6.457283e-02,-2.652016e-02,2.987059e-08,2.245161e-08,7.202315e-06,3.156469e-05
1512308736,20297153,18147704832,55397397,-6.455576e-02,-2.651799e-02,2.425943e-08,2.310718e-08,5.849366e-06,3.248635e-05
1512570880,20297780,18150850560,55406931,-6.457465e-02,-2.652268e-02,3.050230e-08,2.170163e-08,7.354628e-06,3.051029e-05
1512833024,20298052,18153996288,55416589,-6.452884e-02,-2.653744e-02,1.659857e-08,1.757136e-08,4.002201e-06,2.470355e-05
1513095168,20298742,18157142016,55426119,-6.451648e-02,-2.656269e-02,1.356641e-08,1.151599e-08,3.271095e-06,1.619031e-05
1513357312,20298971,18160287744,55435814,-6.450028e-02,-2.657540e-02,1.005555e-08,8.949869e-09,2.424566e-06,1.258261e-05
1513619456,20299152,18163433472,55445233,-6.448324e-02,-2.657257e-02,6.928546e-09,9.492847e-09,1.670592e-06,1.334598e-05
1513881600,20299452,18166579200,55454766,-6.448477e-02,-2.657232e-02,7.185148e-09,9.540455e-09,1.732463e-06,1.341291e-05
1514143744,20299600,18169724928,55464445,-6.449332e-02,-2.653019e-02,8.708347e-09,1.954584e-08,2.099732e-06,2.747946e-05
1514405888,20300233,18172870656,55474023,-6.449486e-02,-2.654274e-02,8.998570e-09,1.619597e-08,2.169710e-06,2.276988e-05
1514668032,20300263,18176016384,55483601,-6.452294e-02,-2.654324e-02,1.511291e-08,1.606916e-08,3.643983e-06,2.259160e-05
1514930176,20300396,18179162112,55493451,-6.452586e-02,-2.654571e-02,1.583953e-08,1.544861e-08,3.819184e-06,2.171918e-05
1515192320,20301178,18182307840,55503032,-6.451461e-02,-2.655642e-02,1.313427e-08,1.290008e-08,3.166898e-06,1.813620e-05
1515454464,20301414,18185453568,55512601,-6.449912e-02,-2.654480e-02,9.823798e-09,1.567400e-08,2.368687e-06,2.203605e-05
1515716608,20301757,18188599296,55522319,-6.450374e-02,-2.655898e-02,1.076083e-08,1.232610e-08,2.594622e-06,1.732924e-05
1515978752,20302217,18191745024,55532028,-6.450661e-02,-2.656003e-02,1.136418e-08,1.209394e-08,2.740099e-06,1.700285e-05
1516240896,20302636,18194890752,55541782,-6.449307e-02,-2.658037e-02,8.661132e-09,8.033290e-09,2.088348e-06,1.129399e-05
1516503040,20302691,18198036480,55551690,-6.452197e-02,-2.659099e-02,1.487571e-08,6.242236e-09,3.586789e-06,8.775950e-06
1516765184,20302955,18201182208,55561388,-6.452328e-02,-2.658024e-02,1.519729e-08,8.056345e-09,3.664329e-06,1.132640e-05
1517027328,20303833,18204327936,55570839,-6.451486e-02,-2.658786e-02,1.319239e-08,6.746803e-09,3.180914e-06,9.485321e-06
1517289472,20304118,18207473664,55580293,-6.448971e-02,-2.659431e-02,8.046985e-09,5.729044e-09,1.940267e-06,8.054455e-06
1517551616,20304587,18210619392,55590194,-6.446323e-02,-2.659961e-02,3.997480e-09,4.954400e-09,9.638613e-07,6.965383e-06
1517813760,20304701,18213765120,55599736,-6.447612e-02,-2.658688e-02,5.794647e-09,6.908714e-09,1.397189e-06,9.712951e-06
1518075904,20304895,18216910848,55609491,-6.446262e-02,-2.658938e-02,3.920598e-09,6.498824e-09,9.453237e-07,9.136686e-06
1518338048,20305346,18220056576,55619035,-6.448213e-02,-2.660975e-02,6.744967e-09,3.630405e-09,1.626328e-06,5.103981e-06
1518600192,20306003,18223202304,55628651,-6.445573e-02,-2.661784e-02,3.105041e-09,2.720824e-09,7.486788e-07,3.825202e-06
1518862336,20306048,18226348032,55638229,-6.446767e-02,-2.664372e-02,4.578711e-09,6.905437e-10,1.104006e-06,9.708343e-07
1519124480,20306341,18229493760,55647773,-6.446102e-02,-2.665036e-02,3.722562e-09,3.856458e-10,8.975739e-07,5.421790e-07
1519386624,20306598,18232639488,55657591,-6.446606e-02,-2.665005e-02,4.363507e-09,3.981084e-10,1.052117e-06,5.597001e-07
1519648768,20306831,18235785216,55667207,-6.445737e-02,-2.665373e-02,3.291256e-09,2.648408e-10,7.935785e-07,3.723393e-07
1519910912,20308030,18238930944,55676760,-6.444379e-02,-2.668657e-02,1.917307e-09,2.745062e-10,4.622957e-07,3.859278e-07
1520173056,20308165,18242076672,55686429,-6.444663e-02,-2.669050e-02,2.173959e-09,4.201084e-10,5.241789e-07,5.906299e-07
1520435200,20309959,18245222400,55695984,-6.443475e-02,-2.667610e-02,1.207528e-09,3.716655e-11,2.911559e-07,5.225240e-08
1520697344,20312623,18248368128,55705468,-6.446074e-02,-2.666717e-02,3.688999e-09,8.005267e-12,8.894812e-07,1.125459e-08
1520959488,20312887,18251513856,55715131,-6.448942e-02,-2.666404e-02,7.996270e-09,3.550494e-11,1.928039e-06,4.991634e-08
1521221632,20313141,18254659584,55724918,-6.448415e-02,-2.666461e-02,7.080693e-09,2.903736e-11,1.707277e-06,4.082358e-08
1521483776,20313250,18257805312,55734596,-6.449066e-02,-2.667782e-02,8.218993e-09,6.117190e-11,1.981741e-06,8.600150e-08
1521745920,20320610,18260951040,55744353,-6.446748e-02,-2.667307e-02,4.553538e-09,9.399828e-12,1.097936e-06,1.321520e-08
1522008064,20323241,18264096768,55753997,-6.445929e-02,-2.667417e-02,3.514625e-09,1.739276e-11,8.474366e-07,2.445245e-08
1522270208,20329794,18267242496,55763775,-6.445113e-02,-2.670834e-02,2.613856e-09,1.469866e-09,6.302457e-07,2.066482e-06
1522532352,20331505,18270388224,55773343,-6.446127e-02,-2.670607e-02,3.753538e-09,1.301188e-09,9.050426e-07,1.829339e-06
1522794496,20333568,18273533952,55782966,-6.447613e-02,-2.672268e-02,5.795782e-09,2.775112e-09,1.397463e-06,3.901526e-06
1523056640,20340190,18276679680,55792574,-6.446395e-02,-2.671950e-02,4.089389e-09,2.449861e-09,9.860222e-07,3.444256e-06
1523318784,20359602,18279825408,55802204,-6.445200e-02,-2.669783e-02,2.703751e-09,7.747041e-10,6.519209e-07,1.089155e-06
1523580928,20362875,18282971136,55811728,-6.444623e-02,-2.669990e-02,2.136603e-09,8.941837e-10,5.151717e-07,1.257132e-06
1523843072,20364375,18286116864,55821266,-6.444786e-02,-2.671250e-02,2.290109e-09,1.806090e-09,5.521846e-07,2.539178e-06
1524105216,20367085,18289262592,55830830,-6.445301e-02,-2.670977e-02,2.809364e-09,1.581748e-09,6.773860e-07,2.223778e-06
1524367360,20367671,18292408320,55840687,-6.446455e-02,-2.672314e-02,4.165977e-09,2.823994e-09,1.004489e-06,3.970249e-06
1524629504,20393945,18295554048,55850072,-6.445711e-02,-2.672049e-02,3.261404e-09,2.549501e-09,7.863806e-07,3.584340e-06
1524891648,20396195,18298699776,55859594,-6.446798e-02,-2.672248e-02,4.621158e-09,2.754544e-09,1.114241e-06,3.872610e-06
1525153792,20417542,18301845504,55869405,-6.446179e-02,-2.670801e-02,3.817715e-09,1.444553e-09,9.205170e-07,2.030895e-06
1525415936,20422315,18304991232,55879028,-6.447171e-02,-2.674343e-02,5.142588e-09,5.391847e-09,1.239966e-06,7.580390e-06
1525678080,20427071,18308136960,55888756,-6.448259e-02,-2.672567e-02,6.821056e-09,3.098816e-09,1.644674e-06,4.356622e-06
1525940224,20437317,18311282688,55898401,-6.452113e-02,-2.673372e-02,1.467285e-08,4.060852e-09,3.537877e-06,5.709146e-06
1526202368,20468592,18314428416,55908077,-6.450153e-02,-2.672204e-02,1.030815e-08,2.708014e-09,2.485473e-06,3.807193e-06
1526464512,20471088,18317574144,55917464,-6.448317e-02,-2.671964e-02,6.916148e-09,2.464449e-09,1.667602e-06,3.464766e-06
1526726656,20499303,18320719872,55926974,-6.450762e-02,-2.670496e-02,1.158124e-08,1.222201e-09,2.792437e-06,1.718290e-06
1526988800,20584834,18323865600,55936488,-6.450098e-02,-2.670985e-02,1.019650e-08,1.587977e-09,2.458552e-06,2.232535e-06
1527250944,20585045,18327011328,55946031,-6.450956e-02,-2.669048e-02,1.200357e-08,4.193452e-10,2.894267e-06,5.895569e-07
1527513088,20585534,18330157056,55955620,-6.448699e-02,-2.670856e-02,7.566483e-09,1.486623e-09,1.824409e-06,2.090042e-06
1527775232,20585642,18333302784,55965068,-6.451015e-02,-2.672191e-02,1.213289e-08,2.694847e-09,2.925448e-06,3.788682e-06
1528037376,20587447,18336448512,55974712,-6.449113e-02,-2.671544e-02,8.304322e-09,2.064893e-09,2.002315e-06,2.903030e-06
1528299520,20588197,18339594240,55984312,-6.445747e-02,-2.670820e-02,3.302379e-09,1.459600e-09,7.962605e-07,2.052050e-06
1528561664,20588669,18342739968,55993861,-6.445747e-02,-2.670052e-02,3.302379e-09,9.314363e-10,7.962605e-07,1.309505e-06
1528823808,20588923,18345885696,56003681,-6.447556e-02,-2.670293e-02,5.708760e-09,1.084365e-09,1.376480e-06,1.524508e-06
1529085952,20589124,18349031424,56013212,-6.448644e-02,-2.670979e-02,7.472156e-09,1.583378e-09,1.801665e-06,2.226069e-06
1529348096,20589389,18352177152,56022876,-6.451022e-02,-2.667184e-02,1.214766e-08,3.386680e-12,2.929011e-06,4.761329e-09
1529610240,20589459,18355322880,56032561,-6.450137e-02,-2.665593e-02,1.027640e-08,1.978195e-10,2.477818e-06,2.781142e-07
1529872384,20589802,18358468608,56042166,-6.449253e-02,-2.666766e-02,8.561572e-09,5.481896e-12,2.064342e-06,7.706990e-09
1530134528,20590146,18361614336,56051730,-6.450737e-02,-2.667937e-02,1.152678e-08,8.788487e-11,2.779306e-06,1.235572e-07
1530396672,20591030,18364760064,56061462,-6.451417e-02,-2.667842e-02,1.303370e-08,7.085083e-11,3.142650e-06,9.960908e-08
1530658816,20592041,18367905792,56071176,-6.450740e-02,-2.669983e-02,1.153319e-08,8.897334e-10,2.780850e-06,1.250875e-06
1530920960,20592083,18371051520,56080699,-6.450400e-02,-2.669655e-02,1.081500e-08,7.050091e-10,2.607683e-06,9.911712e-07
1531183104,20592621,18374197248,56090323,-6.449091e-02,-2.669709e-02,8.263634e-09,7.339859e-10,1.992505e-06,1.031910e-06
1531445248,20592974,18377342976,56100043,-6.448209e-02,-2.668758e-02,6.737626e-09,3.090439e-10,1.624558e-06,4.344844e-07
1531707392,20593478,18380488704,56109727,-6.447410e-02,-2.667123e-02,5.490221e-09,1.515874e-12,1.323787e-06,2.131165e-09
1531969536,20593605,18383634432,56119329,-6.447866e-02,-2.667128e-02,6.186732e-09,1.647019e-12,1.491728e-06,2.315542e-09
1532231680,20593811,18386780160,56128873,-6.448574e-02,-2.668685e-02,7.350290e-09,2.837797e-10,1.772282e-06,3.989655e-07
1532493824,20594377,18389925888,56138477,-6.447700e-02,-2.667165e-02,5.928122e-09,2.717358e-12,1.429372e-06,3.820329e-09
1532755968,20595343,18393071616,56148100,-6.447835e-02,-2.668200e-02,6.137603e-09,1.440693e-10,1.479882e-06,2.025468e-07
1533018112,20595653,18396217344,56157778,-6.450267e-02,-2.668150e-02,1.054092e-08,1.322493e-10,2.541598e-06,1.859291e-07
1533280256,20596294,18399363072,56167438,-6.451153e-02,-2.671253e-02,1.243844e-08,1.809257e-09,2.999121e-06,2.543632e-06
1533542400,20596552,18402508800,56176972,-6.449109e-02,-2.674344e-02,8.296176e-09,5.393215e-09,2.000351e-06,7.582313e-06
1533804544,20596599,18405654528,56186722,-6.451550e-02,-2.676024e-02,1.334000e-08,8.142508e-09,3.216503e-06,1.144754e-05
1534066688,20597455,18408800256,56196247,-6.451078e-02,-2.675481e-02,1.227115e-08,7.193361e-09,2.958786e-06,1.011314e-05
1534328832,20597879,18411945984,56205910,-6.453310e-02,-2.677819e-02,1.771486e-08,1.170424e-08,4.271357e-06,1.645498e-05
1534590976,20597955,18415091712,56215476,-6.454094e-02,-2.676708e-02,1.986272e-08,9.425094e-09,4.789245e-06,1.325073e-05
1534853120,20599087,18418237440,56225038,-6.453960e-02,-2.676121e-02,1.948859e-08,8.319605e-09,4.699034e-06,1.169652e-05
1535115264,20599269,18421383168,56234659,-6.453638e-02,-2.674652e-02,1.859826e-08,5.854922e-09,4.484360e-06,8.231426e-06
1535377408,20599291,18424528896,56244380,-6.454247e-02,-2.670864e-02,2.029770e-08,1.493382e-09,4.894126e-06,2.099543e-06
1535639552,20600693,18427674624,56253794,-6.452820e-02,-2.670212e-02,1.643388e-08,1.031540e-09,3.962491e-06,1.450240e-06
1535901696,20600818,18430820352,56263743,-6.452625e-02,-2.669537e-02,1.593908e-08,6.435032e-10,3.843188e-06,9.047002e-07
1536163840,20601380,18433966080,56273499,-6.451990e-02,-2.671528e-02,1.437475e-08,2.050360e-09,3.466000e-06,2.882598e-06
1536425984,20602200,18437111808,56283028,-6.450401e-02,-2.672578e-02,1.081655e-08,3.111064e-09,2.608057e-06,4.373840e-06
1536688128,20604181,18440257536,56292607,-6.450069e-02,-2.673002e-02,1.013790e-08,3.602849e-09,2.444423e-06,5.065241e-06
1536950272,20606661,18443403264,56302226,-6.448855e-02,-2.674063e-02,7.841130e-09,4.988546e-09,1.890631e-06,7.013389e-06
1537212416,20607648,18446548992,56311988,-6.449001e-02,-2.674203e-02,8.100542e-09,5.188908e-09,1.953181e-06,7.295078e-06
1537474560,20607775,18449694720,56321617,-6.447728e-02,-2.674410e-02,5.971800e-09,5.491325e-09,1.439904e-06,7.720245e-06
1537736704,20611968,18452840448,56331185,-6.447697e-02,-2.673939e-02,5.923534e-09,4.815108e-09,1.428266e-06,6.769554e-06
1537998848,20614156,18455986176,56340526,-6.447785e-02,-2.673102e-02,6.059636e-09,3.723244e-09,1.461083e-06,5.234504e-06
1538260992,20614421,18459131904,56350042,-6.448386e-02,-2.675339e-02,7.031876e-09,6.953996e-09,1.695507e-06,9.776613e-06
1538523136,20617704,18462277632,56359545,-6.449819e-02,-2.677267e-02,9.641512e-09,1.054131e-08,2.324734e-06,1.482001e-05
1538785280,20620734,18465423360,56369157,-6.449669e-02,-2.674243e-02,9.348218e-09,5.246493e-09,2.254016e-06,7.376038e-06
1539047424,20627133,18468569088,56378508,-6.452007e-02,-2.672135e-02,1.441587e-08,2.637144e-09,3.475914e-06,3.707557e-06
1539309568,20631336,18471714816,56388247,-6.451978e-02,-2.671955e-02,1.434618e-08,2.455580e-09,3.459111e-06,3.452297e-06
1539571712,20632162,18474860544,56397880,-6.453145e-02,-2.672862e-02,1.727926e-08,3.436005e-09,4.166327e-06,4.830674e-06
1539833856,20639506,18478006272,56407702,-6.453959e-02,-2.673614e-02,1.948443e-08,4.374834e-09,4.698030e-06,6.150573e-06
1540096000,20639807,18481152000,56417493,-6.453697e-02,-2.672341e-02,1.876118e-08,2.852971e-09,4.523644e-06,4.010988e-06
1540358144,20650059,18484297728,56427047,-6.453245e-02,-2.673206e-02,1.754273e-08,3.851627e-09,4.229855e-06,5.414996e-06
1540620288,20650104,18487443456,56436583,-6.456004e-02,-2.672913e-02,2.561231e-08,3.496318e-09,6.175570e-06,4.915468e-06
1540882432,20652410,18490589184,56445953,-6.455857e-02,-2.671733e-02,2.514231e-08,2.240288e-09,6.062242e-06,3.149617e-06
1541144576,20658806,18493734912,56455247,-6.454738e-02,-2.671996e-02,2.172085e-08,2.496175e-09,5.237270e-06,3.509368e-06
1541406720,20662441,18496880640,56464775,-6.453889e-02,-2.674723e-02,1.928940e-08,5.964605e-09,4.651005e-06,8.385630e-06
1541668864,20678886,18500026368,56474381,-6.452187e-02,-2.674289e-02,1.485209e-08,5.312811e-09,3.581094e-06,7.469273e-06
1541931008,20680391,18503172096,56483790,-6.453045e-02,-2.673637e-02,1.701778e-08,4.404947e-09,4.103280e-06,6.192908e-06
1542193152,20680729,18506317824,56493386,-6.452259e-02,-2.673233e-02,1.502694e-08,3.884991e-09,3.623253e-06,5.461903e-06
1542455296,20685832,18509463552,56502975,-6.452721e-02,-2.671052e-02,1.618080e-08,1.641869e-09,3.901469e-06,2.308301e-06
1542717440,20685837,18512609280,56512527,-6.452560e-02,-2.670757e-02,1.577583e-08,1.411611e-09,3.803825e-06,1.984582e-06
1542979584,20699773,18515755008,56522259,-6.452110e-02,-2.670588e-02,1.466383e-08,1.287250e-09,3.535701e-06,1.809743e-06
1543241728,20708096,18518900736,56531771,-6.454981e-02,-2.670669e-02,2.244268e-08,1.346321e-09,5.411318e-06,1.892791e-06
1543503872,20715074,18522046464,56541568,-6.453118e-02,-2.671845e-02,1.720882e-08,2.347692e-09,4.149342e-06,3.300617e-06
1543766016,20738744,18525192192,56551549,-6.449629e-02,-2.673398e-02,9.270581e-09,4.093917e-09,2.235297e-06,5.755632e-06
1544028160,20738918,18528337920,56561115,-6.453111e-02,-2.675330e-02,1.718927e-08,6.939713e-09,4.144630e-06,9.756533e-06
1544290304,20739205,18531483648,56570699,-6.455689e-02,-2.677595e-02,2.461349e-08,1.122640e-08,5.934737e-06,1.578318e-05
1544552448,20739226,18534629376,56580237,-6.457362e-02,-2.676507e-02,3.014421e-08,9.039255e-09,7.268288e-06,1.270827e-05
1544814592,20739939,18537775104,56589789,-6.460904e-02,-2.675889e-02,4.369500e-08,7.901281e-09,1.053562e-05,1.110840e-05
1545076736,20740052,18540920832,56599413,-6.461602e-02,-2.676412e-02,4.666556e-08,8.857771e-09,1.125187e-05,1.245313e-05
1545338880,20740815,18544066560,56608959,-6.462903e-02,-2.676582e-02,5.245172e-08,9.181126e-09,1.264701e-05,1.290773e-05
1545601024,20740863,18547212288,56618581,-6.465087e-02,-2.674595e-02,6.293500e-08,5.769154e-09,1.517471e-05,8.110845e-06
1545863168,20740893,18550358016,56628231,-6.464039e-02,-2.675436e-02,5.778520e-08,7.116788e-09,1.393301e-05,1.000548e-05
1546125312,20741449,18553503744,56638000,-6.465097e-02,-2.676425e-02,6.298361e-08,8.883033e-09,1.518643e-05,1.248864e-05
1546387456,20741784,18556649472,56647859,-6.462556e-02,-2.676456e-02,5.087681e-08,8.941413e-09,1.226727e-05,1.257072e-05
1546649600,20742444,18559795200,56657520,-6.461702e-02,-2.677640e-02,4.709467e-08,1.132173e-08,1.135534e-05,1.591720e-05
1546911744,20742707,18562940928,56667044,-6.459745e-02,-2.675977e-02,3.898565e-08,8.058351e-09,9.400111e-06,1.132922e-05
1547173888,20742765,18566086656,56676691,-6.459511e-02,-2.674500e-02,3.806727e-08,5.624911e-09,9.178674e-06,7.908054e-06
1547436032,20743126,18569232384,56686354,-6.460153e-02,-2.677315e-02,4.061464e-08,1.063983e-08,9.792890e-06,1.495852e-05
1547698176,20743343,18572378112,56696007,-6.458381e-02,-2.678051e-02,3.378458e-08,1.221304e-08,8.146045e-06,1.717029e-05
1547960320,20744016,18575523840,56705705,-6.460503e-02,-2.676470e-02,4.203834e-08,8.968910e-09,1.013617e-05,1.260938e-05
1548222464,20744055,18578669568,56715440,-6.458896e-02,-2.677248e-02,3.570368e-08,1.050309e-08,8.608773e-06,1.476628e-05
1548484608,20744135,18581815296,56725042,-6.457422e-02,-2.677040e-02,3.035154e-08,1.007947e-08,7.318279e-06,1.417071e-05
1548746752,20744883,18584961024,56734662,-6.456769e-02,-2.677547e-02,2.812001e-08,1.112480e-08,6.780218e-06,1.564033e-05
1549008896,20745192,18588106752,56744299,-6.456147e-02,-2.680303e-02,2.607223e-08,1.769652e-08,6.286464e-06,2.487951e-05
1549271040,20745484,18591252480,56753981,-6.455860e-02,-2.678310e-02,2.515176e-08,1.279283e-08,6.064522e-06,1.798543e-05
1549533184,20746221,18594398208,56763720,-6.455223e-02,-2.677236e-02,2.317405e-08,1.047867e-08,5.587663e-06,1.473195e-05
1549795328,20746442,18597543936,56773414,-6.452497e-02,-2.677047e-02,1.561715e-08,1.009369e-08,3.765563e-06,1.419070e-05
1550057472,20746712,18600689664,56783014,-6.451166e-02,-2.677692e-02,1.246837e-08,1.143179e-08,3.006338e-06,1.607194e-05
1550319616,20747563,18603835392,56792740,-6.453408e-02,-2.678630e-02,1.797762e-08,1.352479e-08,4.334714e-06,1.901448e-05
1550581760,20747896,18606981120,56802414,-6.455338e-02,-2.677154e-02,2.352470e-08,1.031118e-08,5.672212e-06,1.449647e-05
1550843904,20748485,18610126848,56811925,-6.457268e-02,-2.677246e-02,2.981911e-08,1.049851e-08,7.189901e-06,1.475984e-05
1551106048,20748545,18613272576,56821428,-6.455378e-02,-2.678173e-02,2.364828e-08,1.248418e-08,5.702008e-06,1.755149e-05
1551368192,20748927,18616418304,56830968,-6.457810e-02,-2.677212e-02,3.171914e-08,1.042764e-08,7.648031e-06,1.466020e-05
1551630336,20748954,18619564032,56840523,-6.456006e-02,-2.676121e-02,2.561947e-08,8.318926e-09,6.177294e-06,1.169557e-05
1551892480,20749900,18622709760,56849998,-6.453061e-02,-2.675888e-02,1.705863e-08,7.899957e-09,4.113129e-06,1.110654e-05
1552154624,20749980,18625855488,56859716,-6.455524e-02,-2.676328e-02,2.409724e-08,8.701048e-09,5.810259e-06,1.223279e-05
1552416768,20750114,18629001216,56869335,-6.455822e-02,-2.677821e-02,2.503138e-08,1.171029e-08,6.035496e-06,1.646348e-05
1552678912,20750484,18632146944,56878838,-6.457786e-02,-2.676165e-02,3.163162e-08,8.398965e-09,7.626929e-06,1.180809e-05
1552941056,20750618,18635292672,56888384,-6.458595e-02,-2.675413e-02,3.457799e-08,7.078186e-09,8.337350e-06,9.951212e-06
1553203200,20751085,18638438400,56898008,-6.458063e-02,-2.677686e-02,3.262787e-08,1.141985e-08,7.867143e-06,1.605515e-05
1553465344,20751699,18641584128,56907696,-6.455153e-02,-2.678706e-02,2.296131e-08,1.370212e-08,5.536368e-06,1.926380e-05
1553727488,20752024,18644729856,56917161,-6.456175e-02,-2.678551e-02,2.616374e-08,1.334301e-08,6.308529e-06,1.875892e-05
1553989632,20753853,18647875584,56926846,-6.457254e-02,-2.676900e-02,2.976767e-08,9.800181e-09,7.177497e-06,1.377806e-05
1554251776,20756642,18651021312,56936537,-6.459124e-02,-2.676664e-02,3.657331e-08,9.339936e-09,8.818455e-06,1.313100e-05
1554513920,20756771,18654167040,56946070,-6.458279e-02,-2.674147e-02,3.341312e-08,5.107385e-09,8.056477e-06,7.180465e-06
1554776064,20757078,18657312768,56955898,-6.459599e-02,-2.675440e-02,3.841111e-08,7.123704e-09,9.261580e-06,1.001521e-05
1555038208,20757148,18660458496,56965389,-6.461304e-02,-2.676555e-02,4.538368e-08,9.129797e-09,1.094279e-05,1.283557e-05
1555300352,20764409,18663604224,56974954,-6.462177e-02,-2.677465e-02,4.918039e-08,1.095180e-08,1.185824e-05,1.539712e-05
1555562496,20767033,18666749952,56984702,-6.462181e-02,-2.678005e-02,4.920022e-08,1.211115e-08,1.186302e-05,1.702705e-05
1555824640,20773607,18669895680,56994217,-6.460272e-02,-2.676680e-02,4.109353e-08,9.370563e-09,9.908359e-06,1.317406e-05
1556086784,20774988,18673041408,57003672,-6.462003e-02,-2.677108e-02,4.841344e-08,1.021758e-08,1.167331e-05,1.436487e-05
1556348928,20777559,18676187136,57013141,-6.461082e-02,-2.678277e-02,4.444262e-08,1.271794e-08,1.071588e-05,1.788013e-05
1556611072,20784977,18679332864,57022888,-6.460724e-02,-2.678702e-02,4.294755e-08,1.369340e-08,1.035539e-05,1.925153e-05
1556873216,20803292,18682478592,57032540,-6.458972e-02,-2.678893e-02,3.599428e-08,1.414521e-08,8.678841e-06,1.988672e-05
1557135360,20806571,18685624320,57042271,-6.457102e-02,-2.680256e-02,2.924551e-08,1.757136e-08,7.051595e-06,2.470355e-05
1557397504,20809659,18688770048,57052046,-6.455639e-02,-2.679975e-02,2.445711e-08,1.683555e-08,5.897030e-06,2.366907e-05
1557659648,20810789,18691915776,57061768,-6.454802e-02,-2.680638e-02,2.191012e-08,1.860080e-08,5.282908e-06,2.615083e-05
1557921792,20811548,18695061504,57071459,-6.454705e-02,-2.679437e-02,2.162432e-08,1.546899e-08,5.213997e-06,2.174783e-05
1558183936,20837738,18698207232,57081217,-6.454094e-02,-2.677805e-02,1.986272e-08,1.167444e-08,4.789245e-06,1.641308e-05
1558446080,20840117,18701352960,57090985,-6.456175e-02,-2.675540e-02,2.616374e-08,7.293549e-09,6.308529e-06,1.025399e-05
1558708224,20861249,18704498688,57100595,-6.457220e-02,-2.674842e-02,2.965209e-08,6.148990e-09,7.149629e-06,8.644857e-06
1558970368,20866031,18707644416,57110170,-6.455751e-02,-2.675365e-02,2.480791e-08,6.998179e-09,5.981614e-06,9.838729e-06
1559232512,20870707,18710790144,57119708,-6.458363e-02,-2.676860e-02,3.371888e-08,9.722154e-09,8.130202e-06,1.366836e-05
1559494656,20881222,18713935872,57129168,-6.457690e-02,-2.677787e-02,3.129330e-08,1.163623e-08,7.545355e-06,1.635936e-05
1559756800,20912384,18717081600,57138671,-6.455612e-02,-2.678080e-02,2.437329e-08,1.227569e-08,5.876819e-06,1.725838e-05
1560018944,20914746,18720227328,57148184,-6.453770e-02,-2.676721e-02,1.895969e-08,9.449704e-09,4.571507e-06,1.328532e-05
1560281088,20943075,18723373056,57157880,-6.455121e-02,-2.673702e-02,2.286432e-08,4.491159e-09,5.512983e-06,6.314114e-06
1560543232,21033691,18726518784,57167577,-6.454886e-02,-2.673469e-02,2.216007e-08,4.184994e-09,5.343175e-06,5.883677e-06
1560805376,21033731,18729664512,57177042,-6.456839e-02,-2.672808e-02,2.835539e-08,3.373835e-09,6.836971e-06,4.743270e-06
1561067520,21034413,18732810240,57186709,-6.455582e-02,-2.672629e-02,2.427800e-08,3.168886e-09,5.853844e-06,4.455133e-06
1561329664,21034453,18735955968,57196206,-6.457388e-02,-2.670831e-02,3.023483e-08,1.467867e-09,7.290138e-06,2.063672e-06
1561591808,21036204,18739101696,57205817,-6.456506e-02,-2.671698e-02,2.724240e-08,2.206911e-09,6.568611e-06,3.102693e-06
1561853952,21037094,18742247424,57215350,-6.456819e-02,-2.666157e-02,2.828768e-08,7.110190e-11,6.820646e-06,9.996206e-08
1562116096,21037629,18745393152,57225087,-6.458603e-02,-2.665556e-02,3.460571e-08,2.084912e-10,8.344032e-06,2.931175e-07
1562378240,21037809,18748538880,57234679,-6.461053e-02,-2.664712e-02,4.432333e-08,5.236984e-10,1.068712e-05,7.362669e-07
1562640384,21038044,18751684608,57244269,-6.459905e-02,-2.665043e-02,3.962079e-08,3.827980e-10,9.553255e-06,5.381752e-07
1562902528,21038305,18754830336,57253859,-6.458717e-02,-2.665055e-02,3.503112e-08,3.782200e-10,8.446607e-06,5.317389e-07
1563164672,21038305,18757976064,57263386,-6.459628e-02,-2.668091e-02,3.852509e-08,1.189768e-10,9.289063e-06,1.672694e-07
1563426816,21038619,18761121792,57272956,-6.458857e-02,-2.666467e-02,3.555742e-08,2.841839e-11,8.573506e-06,3.995337e-08
1563688960,21039018,18764267520,57282442,-6.456991e-02,-2.665434e-02,2.886958e-08,2.453290e-10,6.960952e-06,3.449077e-07
1563951104,21039852,18767413248,57292021,-6.455416e-02,-2.664022e-02,2.376529e-08,8.870685e-10,5.730222e-06,1.247128e-06
1564213248,21040941,18770558976,57301633,-6.454260e-02,-2.664312e-02,2.033381e-08,7.227257e-10,4.902832e-06,1.016079e-06
1564475392,21041221,18773704704,57311155,-6.454749e-02,-2.665037e-02,2.175380e-08,3.852801e-10,5.245216e-06,5.416649e-07
1564737536,21041526,18776850432,57320853,-6.454901e-02,-2.668816e-02,2.220446e-08,3.298820e-10,5.353878e-06,4.637806e-07
1564999680,21041776,18779996160,57330148,-6.455529e-02,-2.669981e-02,2.411575e-08,8.884005e-10,5.814722e-06,1.249001e-06
1565261824,21042568,18783141888,57339751,-6.456830e-02,-2.670255e-02,2.832528e-08,1.059727e-09,6.829713e-06,1.489869e-06
1565523968,21042699,18786287616,57349379,-6.456435e-02,-2.667176e-02,2.701170e-08,3.091749e-12,6.512985e-06,4.346685e-09
1565786112,21042706,18789433344,57358963,-6.457004e-02,-2.668753e-02,2.891263e-08,3.073435e-10,6.971334e-06,4.320939e-07
1566048256,21043356,18792579072,57368447,-6.455060e-02,-2.670450e-02,2.267993e-08,1.190244e-09,5.468522e-06,1.673362e-06
1566310400,21044355,18795724800,57377980,-6.453777e-02,-2.672024e-02,1.898021e-08,2.523984e-09,4.576455e-06,3.548465e-06
1566572544,21044453,18798870528,57387620,-6.456020e-02,-2.675782e-02,2.566480e-08,7.712352e-09,6.188226e-06,1.084278e-05
1566834688,21045117,18802016256,57397289,-6.455047e-02,-2.677985e-02,2.263956e-08,1.206732e-08,5.458787e-06,1.696543e-05
1567096832,21045374,18805161984,57406876,-6.455378e-02,-2.676542e-02,2.364828e-08,9.105253e-09,5.702008e-06,1.280106e-05
1567358976,21045918,18808307712,57416513,-6.455014e-02,-2.675056e-02,2.254101e-08,6.490718e-09,5.435027e-06,9.125290e-06
1567621120,21046853,18811453440,57426132,-6.454873e-02,-2.673992e-02,2.212016e-08,4.889063e-09,5.333553e-06,6.873527e-06
1567883264,21046911,18814599168,57435712,-6.456070e-02,-2.673692e-02,2.582500e-08,4.477937e-09,6.226851e-06,6.295525e-06
1568145408,21046992,18817744896,57445411,-6.455757e-02,-2.670818e-02,2.482904e-08,1.457751e-09,5.986708e-06,2.049449e-06
1568407552,21048087,18820890624,57455124,-6.458371e-02,-2.668925e-02,3.374899e-08,3.705793e-10,8.137461e-06,5.209969e-07
1568669696,21048113,18824036352,57464714,-6.459644e-02,-2.669966e-02,3.858946e-08,8.799818e-10,9.304585e-06,1.237165e-06
1568931840,21048303,18827182080,57474253,-6.461585e-02,-2.668350e-02,4.659156e-08,1.823125e-10,1.123403e-05,2.563129e-07
1569193984,21049849,18830327808,57483933,-6.464131e-02,-2.667107e-02,5.823023e-08,1.155080e-12,1.404031e-05,1.623925e-09
1569456128,21049944,18833473536,57493734,-6.464573e-02,-2.668271e-02,6.038205e-08,1.616564e-10,1.455915e-05,2.272725e-07
1569718272,21050294,18836619264,57503257,-6.463170e-02,-2.666970e-02,5.368404e-08,8.881784e-14,1.294415e-05,1.248689e-10
1569980416,21051386,18839764992,57513013,-6.462874e-02,-2.666380e-02,5.232211e-08,3.842615e-11,1.261576e-05,5.402327e-08
1570242560,21052973,18842910720,57522540,-6.462847e-02,-2.665192e-02,5.219948e-08,3.269116e-10,1.258619e-05,4.596045e-07
1570504704,21055830,18846056448,57532201,-6.464740e-02,-2.668115e-02,6.120504e-08,1.242348e-10,1.475759e-05,1.746616e-07
1570766848,21056705,18849202176,57541762,-6.463876e-02,-2.670254e-02,5.700696e-08,1.059121e-09,1.374536e-05,1.489016e-06
1571028992,21056791,18852347904,57551610,-6.465337e-02,-2.669708e-02,6.419354e-08,7.333805e-10,1.547817e-05,1.031059e-06
1571291136,21061088,18855493632,57561092,-6.466562e-02,-2.669071e-02,7.055037e-08,4.290895e-10,1.701091e-05,6.032564e-07
1571553280,21063693,18858639360,57570698,-6.468336e-02,-2.670680e-02,8.028894e-08,1.354535e-09,1.935905e-05,1.904338e-06
1571815424,21063874,18861785088,57580363,-6.470364e-02,-2.671191e-02,9.219331e-08,1.756251e-09,2.222940e-05,2.469111e-06
1572077568,21066705,18864930816,57589926,-6.467556e-02,-2.670827e-02,7.593316e-08,1.464301e-09,1.830879e-05,2.058658e-06
1572339712,21069778,18868076544,57599360,-6.470180e-02,-2.671268e-02,9.107914e-08,1.821320e-09,2.196075e-05,2.560591e-06
1572601856,21076018,18871222272,57608691,-6.471942e-02,-2.672171e-02,1.020300e-07,2.674195e-09,2.460118e-05,3.759646e-06
1572864000,21080626,18874368000,57618201,-6.473424e-02,-2.672916e-02,1.117167e-07,3.499843e-09,2.693682e-05,4.920424e-06
1573126144,21081226,18877513728,57627633,-6.473438e-02,-2.671577e-02,1.118114e-07,2.094623e-09,2.695964e-05,2.944828e-06
1573388288,21088665,18880659456,57637345,-6.474651e-02,-2.671495e-02,1.200703e-07,2.020277e-09,2.895101e-05,2.840304e-06
1573650432,21089719,18883805184,57646931,-6.474432e-02,-2.671751e-02,1.185519e-07,2.257070e-09,2.858491e-05,3.173211e-06
1573912576,21099410,18886950912,57656453,-6.473753e-02,-2.669581e-02,1.139239e-07,6.661909e-10,2.746902e-05,9.365968e-07
1574174720,21100074,18890096640,57666089,-6.473982e-02,-2.671907e-02,1.154783e-07,2.408367e-09,2.784381e-05,3.385919e-06
1574436864,21101225,18893242368,57675538,-6.471016e-02,-2.671677e-02,9.619936e-08,2.187702e-09,2.319532e-05,3.075688e-06
1574699008,21107895,18896388096,57685167,-6.472119e-02,-2.672176e-02,1.031611e-07,2.679013e-09,2.487393e-05,3.766420e-06
1574961152,21111881,18899533824,57694661,-6.473632e-02,-2.671562e-02,1.131106e-07,2.081516e-09,2.727291e-05,2.926400e-06
1575223296,21129369,18902679552,57704189,-6.471919e-02,-2.670568e-02,1.018777e-07,1.273388e-09,2.456447e-05,1.790254e-06
1575485440,21129857,18905825280,57713934,-6.469478e-02,-2.670803e-02,8.689656e-08,1.446394e-09,2.095225e-05,2.033483e-06
1575747584,21129987,18908971008,57723361,-6.469809e-02,-2.670439e-02,8.885337e-08,1.182673e-09,2.142408e-05,1.662719e-06
1576009728,21134725,18912116736,57732889,-6.473000e-02,-2.669917e-02,1.088958e-07,8.511579e-10,2.625666e-05,1.196642e-06
1576271872,21134809,18915262464,57742635,-6.472780e-02,-2.668292e-02,1.074500e-07,1.669566e-10,2.590806e-05,2.347241e-07
1576534016,21148988,18918408192,57752245,-6.474275e-02,-2.667493e-02,1.174769e-07,2.434581e-11,2.832571e-05,3.422774e-08
1576796160,21157346,18921553920,57761851,-6.473380e-02,-2.667764e-02,1.114181e-07,5.834985e-11,2.686482e-05,8.203398e-08
1577058304,21163833,18924699648,57771533,-6.473356e-02,-2.669423e-02,1.112590e-07,5.872389e-10,2.682646e-05,8.255984e-07
1577320448,21182161,18927845376,57781323,-6.473298e-02,-2.671331e-02,1.108716e-07,1.876098e-09,2.673306e-05,2.637604e-06
1577582592,21182252,18930991104,57790915,-6.475074e-02,-2.670951e-02,1.230158e-07,1.560780e-09,2.966123e-05,2.194298e-06
1577844736,21182429,18934136832,57800736,-6.476282e-02,-2.670014e-02,1.316390e-07,9.081626e-10,3.174043e-05,1.276784e-06
1578106880,21182533,18937282560,57810278,-6.477202e-02,-2.670029e-02,1.384007e-07,9.175044e-10,3.337078e-05,1.289918e-06
1578369024,21183290,18940428288,57819712,-6.478484e-02,-2.668254e-02,1.480998e-07,1.571880e-10,3.570942e-05,2.209904e-07
1578631168,21183369,18943574016,57829120,-6.478972e-02,-2.670432e-02,1.518797e-07,1.177810e-09,3.662082e-05,1.655881e-06
1578893312,21184110,18946719744,57838684,-6.479767e-02,-2.671434e-02,1.581393e-07,1.966059e-09,3.813010e-05,2.764080e-06
1579155456,21184257,18949865472,57848340,-6.479315e-02,-2.670155e-02,1.545628e-07,9.956049e-10,3.726776e-05,1.399720e-06
1579417600,21184345,18953011200,57857837,-6.478442e-02,-2.669559e-02,1.477731e-07,6.549886e-10,3.563064e-05,9.208475e-07
1579679744,21184761,18956156928,57867362,-6.475538e-02,-2.670124e-02,1.262934e-07,9.759553e-10,3.045151e-05,1.372094e-06
1579941888,21185112,18959302656,57876973,-6.473527e-02,-2.669435e-02,1.124051e-07,5.928493e-10,2.710280e-05,8.334860e-07
1580204032,21185823,18962448384,57886493,-6.472317e-02,-2.672177e-02,1.044382e-07,2.680363e-09,2.518184e-05,3.768318e-06
1580466176,21185995,18965594112,57896439,-6.470203e-02,-2.673931e-02,9.122311e-08,4.804257e-09,2.199546e-05,6.754299e-06
1580728320,21186202,18968739840,57906220,-6.470673e-02,-2.675412e-02,9.408053e-08,7.076932e-09,2.268444e-05,9.949449e-06
1580990464,21186260,18971885568,57915718,-6.469963e-02,-2.674786e-02,8.977520e-08,6.062247e-09,2.164635e-05,8.522904e-06
1581252608,21186605,18975031296,57925471,-6.471274e-02,-2.675795e-02,9.780513e-08,7.735925e-09,2.358250e-05,1.087592e-05
1581514752,21187484,18978177024,57935062,-6.470173e-02,-2.676618e-02,9.103868e-08,9.250863e-09,2.195099e-05,1.300578e-05
1581776896,21187581,18981322752,57944817,-6.469664e-02,-2.679970e-02,8.799375e-08,1.682153e-08,2.121681e-05,2.364937e-05
1582039040,21187588,18984468480,57954640,-6.468114e-02,-2.680101e-02,7.903563e-08,1.716291e-08,1.905685e-05,2.412931e-05
1582301184,21188284,18987614208,57963998,-6.467415e-02,-2.678962e-02,7.515499e-08,1.430917e-08,1.812117e-05,2.011724e-05
1582563328,21188620,18990759936,57973740,-6.468281e-02,-2.680042e-02,7.998101e-08,1.700952e-08,1.928480e-05,2.391366e-05
1582825472,21189093,18993905664,57983212,-6.467518e-02,-2.679878e-02,7.572389e-08,1.658418e-08,1.825834e-05,2.331567e-05
1583087616,21189619,18997051392,57992767,-6.464344e-02,-2.679722e-02,5.925954e-08,1.618601e-08,1.428849e-05,2.275589e-05
1583349760,21189949,19000197120,58002354,-6.466793e-02,-2.679351e-02,7.178666e-08,1.525521e-08,1.730900e-05,2.144728e-05
1583611904,21190121,19003342848,58011768,-6.470212e-02,-2.681204e-02,9.127712e-08,2.017529e-08,2.200849e-05,2.836441e-05
1583874048,21191019,19006488576,58021440,-6.469101e-02,-2.680848e-02,8.468378e-08,1.917626e-08,2.041872e-05,2.695987e-05
1584136192,21191198,19009634304,58031171,-6.469470e-02,-2.682441e-02,8.684385e-08,2.384231e-08,2.093955e-05,3.351987e-05
1584398336,21191973,19012780032,58040612,-6.470023e-02,-2.683186e-02,9.013721e-08,2.619750e-08,2.173363e-05,3.683102e-05
1584660480,21192040,19015925760,58050174,-6.471696e-02,-2.681326e-02,1.004606e-07,2.052283e-08,2.422277e-05,2.885301e-05
1584922624,21192185,19019071488,58059943,-6.473958e-02,-2.680049e-02,1.153113e-07,1.702750e-08,2.780353e-05,2.393894e-05
1585184768,21192551,19022217216,58069428,-6.474448e-02,-2.676852e-02,1.186648e-07,9.705999e-09,2.861213e-05,1.364565e-05
1585446912,21193526,19025362944,58079004,-6.470590e-02,-2.678584e-02,9.357389e-08,1.341799e-08,2.256228e-05,1.886433e-05
1585709056,21193644,19028508672,58088498,-6.468328e-02,-2.677062e-02,8.024672e-08,1.012515e-08,1.934887e-05,1.423494e-05
1585971200,21193864,19031654400,58097981,-6.465945e-02,-2.678202e-02,6.731511e-08,1.254920e-08,1.623084e-05,1.764290e-05
1586233344,21193973,19034800128,58107577,-6.468122e-02,-2.677670e-02,7.908591e-08,1.138404e-08,1.906897e-05,1.600481e-05
1586495488,21194164,19037945856,58117196,-6.465469e-02,-2.676953e-02,6.486732e-08,9.906680e-09,1.564063e-05,1.392779e-05
1586757632,21194536,19041091584,58126676,-6.464683e-02,-2.674481e-02,6.092519e-08,5.596170e-09,1.469011e-05,7.867648e-06
1587019776,21195217,19044237312,58136137,-6.465989e-02,-2.672897e-02,6.754341e-08,3.477180e-09,1.628588e-05,4.888563e-06
1587281920,21195505,19047383040,58145835,-6.467037e-02,-2.672333e-02,7.309814e-08,2.844024e-09,1.762522e-05,3.998410e-06
1587544064,21197434,19050528768,58155596,-6.466760e-02,-2.672546e-02,7.161110e-08,3.076254e-09,1.726667e-05,4.324901e-06
1587806208,21200066,19053674496,58165028,-6.464138e-02,-2.671091e-02,5.826260e-08,1.673264e-09,1.404812e-05,2.352439e-06
1588068352,21200211,19056820224,58174618,-6.465635e-02,-2.670405e-02,6.571641e-08,1.159091e-09,1.584536e-05,1.629564e-06
1588330496,21200688,19059965952,58183999,-6.467426e-02,-2.670782e-02,7.521628e-08,1.430429e-09,1.813594e-05,2.011038e-06
1588592640,21200696,19063111680,58193658,-6.469229e-02,-2.670227e-02,8.543127e-08,1.041374e-09,2.059895e-05,1.464066e-06
1588854784,21208029,19066257408,58203427,-6.468992e-02,-2.668920e-02,8.405186e-08,3.685026e-10,2.026635e-05,5.180772e-07
1589116928,21210589,19069403136,58212912,-6.468382e-02,-2.669327e-02,8.055093e-08,5.414941e-10,1.942222e-05,7.612858e-07
1589379072,21217015,19072548864,58222598,-6.467349e-02,-2.668348e-02,7.479594e-08,1.818098e-10,1.803459e-05,2.556062e-07
1589641216,21218178,19075694592,58232043,-6.467123e-02,-2.668201e-02,7.356218e-08,1.442482e-10,1.773711e-05,2.027983e-07
1589903360,21221227,19078840320,58241780,-6.467886e-02,-2.669065e-02,7.776308e-08,4.263929e-10,1.875002e-05,5.994652e-07
1590165504,21229288,19081986048,58251436,-6.467234e-02,-2.668973e-02,7.416560e-08,3.893124e-10,1.788260e-05,5.473336e-07
1590427648,21246818,19085131776,58261157,-6.468906e-02,-2.668804e-02,8.355148e-08,3.253642e-10,2.014570e-05,4.574291e-07
1590689792,21250047,19088277504,58270706,-6.470540e-02,-2.669082e-02,9.326873e-08,4.336545e-10,2.248870e-05,6.096742e-07
1590951936,21254324,19091423232,58280237,-6.469441e-02,-2.668123e-02,8.667707e-08,1.261522e-10,2.089933e-05,1.773572e-07
1591214080,21254585,19094568960,58289981,-6.469358e-02,-2.667461e-02,8.618641e-08,2.125253e-11,2.078103e-05,2.987890e-08
1591476224,21254956,19097714688,58299707,-6.469291e-02,-2.665776e-02,8.579315e-08,1.498039e-10,2.068621e-05,2.106091e-07
1591738368,21281245,19100860416,58309383,-6.469624e-02,-2.664814e-02,8.775523e-08,4.777783e-10,2.115930e-05,6.717078e-07
1592000512,21283648,19104006144,58318920,-6.470952e-02,-2.663623e-02,9.580230e-08,1.140648e-09,2.309959e-05,1.603635e-06
1592262656,21304497,19107151872,58328634,-6.471032e-02,-2.662501e-02,9.629645e-08,2.024297e-09,2.321873e-05,2.845957e-06
1592524800,21309458,19110297600,58338239,-6.471448e-02,-2.661436e-02,9.889396e-08,3.095292e-09,2.384504e-05,4.351666e-06
1592786944,21314042,19113443328,58347836,-6.470755e-02,-2.659887e-02,9.458855e-08,5.059841e-09,2.280693e-05,7.113622e-06
1593049088,21324551,19116589056,58357447,-6.469209e-02,-2.659875e-02,8.531372e-08,5.076814e-09,2.057060e-05,7.137486e-06
1593311232,21355833,19119734784,58366847,-6.466293e-02,-2.661940e-02,6.912879e-08,2.559857e-09,1.666814e-05,3.598899e-06
1593573376,21358116,19122880512,58376246,-6.467095e-02,-2.663314e-02,7.341272e-08,1.358926e-09,1.770107e-05,1.910512e-06
1593835520,21386326,19126026240,58385859,-6.466915e-02,-2.663891e-02,7.243891e-08,9.664356e-10,1.746627e-05,1.358711e-06
1594097664,21482152,19129171968,58395354,-6.466959e-02,-2.660967e-02,7.267572e-08,3.640064e-09,1.752337e-05,5.117560e-06
1594359808,21482433,19132317696,58404863,-6.466722e-02,-2.660794e-02,7.140788e-08,3.850933e-09,1.721767e-05,5.414021e-06
1594621952,21482977,19135463424,58414391,-6.468192e-02,-2.659035e-02,7.947611e-08,6.344488e-09,1.916306e-05,8.919706e-06
1594884096,21483110,19138609152,58423958,-6.467814e-02,-2.659475e-02,7.736054e-08,5.662973e-09,1.865296e-05,7.961565e-06
1595146240,21484818,19141754880,58433755,-6.467687e-02,-2.657966e-02,7.665756e-08,8.161343e-09,1.848346e-05,1.147402e-05
1595408384,21485753,19144900608,58443379,-6.469277e-02,-2.656728e-02,8.571024e-08,1.055087e-08,2.066622e-05,1.483345e-05
1595670528,21486126,19148046336,58453031,-6.467041e-02,-2.658997e-02,7.311828e-08,6.404270e-09,1.763008e-05,9.003754e-06
1595932672,21486234,19151192064,58462669,-6.467780e-02,-2.658517e-02,7.717001e-08,7.196205e-09,1.860702e-05,1.011713e-05
1596194816,21486838,19154337792,58472313,-6.466719e-02,-2.660947e-02,7.138797e-08,3.663476e-09,1.721287e-05,5.150476e-06
1596456960,21486901,19157483520,58481959,-6.465109e-02,-2.664417e-02,6.304346e-08,6.672490e-10,1.520086e-05,9.380843e-07
1596719104,21487054,19160629248,58491636,-6.464592e-02,-2.664955e-02,6.047729e-08,4.182779e-10,1.458212e-05,5.880563e-07
1596981248,21487224,19163774976,58501209,-6.465868e-02,-2.663950e-02,6.691364e-08,9.299588e-10,1.613403e-05,1.307428e-06
1597243392,21487431,19166920704,58510880,-6.468054e-02,-2.661476e-02,7.870084e-08,3.050892e-09,1.897613e-05,4.289244e-06
1597505536,21488246,19170066432,58520532,-6.469891e-02,-2.663701e-02,8.934710e-08,1.088049e-09,2.154312e-05,1.529686e-06
1597767680,21489494,19173212160,58529916,-6.468524e-02,-2.663247e-02,8.136073e-08,1.408254e-09,1.961747e-05,1.979862e-06
1598029824,21489927,19176357888,58539533,-6.465721e-02,-2.664876e-02,6.615644e-08,4.510475e-10,1.595146e-05,6.341271e-07
1598291968,21490095,19179503616,58549294,-6.462546e-02,-2.666133e-02,5.082976e-08,7.514724e-11,1.225593e-05,1.056494e-07
1598554112,21490213,19182649344,58559099,-6.465599e-02,-2.663709e-02,6.552937e-08,1.083262e-09,1.580026e-05,1.522956e-06
1598816256,21491257,19185795072,58568669,-6.466230e-02,-2.661293e-02,6.880008e-08,3.257150e-09,1.658889e-05,4.579222e-06
1599078400,21491395,19188940800,58578333,-6.468304e-02,-2.660269e-02,8.011170e-08,4.531192e-09,1.931631e-05,6.370397e-06
1599340544,21491479,19192086528,58587756,-6.469224e-02,-2.659879e-02,8.540079e-08,5.070445e-09,2.059160e-05,7.128532e-06
1599602688,21491985,19195232256,58597568,-6.467491e-02,-2.660595e-02,7.557225e-08,4.101786e-09,1.822177e-05,5.766696e-06
1599864832,21492884,19198377984,58607192,-6.465881e-02,-2.662374e-02,6.697918e-08,2.139876e-09,1.614984e-05,3.008448e-06
1600126976,21493186,19201523712,58616615,-6.463987e-02,-2.662441e-02,5.753831e-08,2.078627e-09,1.387348e-05,2.922339e-06
1600389120,21493634,19204669440,58625999,-6.467233e-02,-2.662206e-02,7.416154e-08,2.298317e-09,1.788162e-05,3.231200e-06
1600651264,21494032,19207815168,58635566,-6.469340e-02,-2.661949e-02,8.608146e-08,2.551006e-09,2.075572e-05,3.586456e-06
1600913408,21494852,19210960896,58645178,-6.470473e-02,-2.661892e-02,9.285961e-08,2.609097e-09,2.239005e-05,3.668125e-06
1601175552,21495547,19214106624,58654769,-6.470883e-02,-2.660402e-02,9.537385e-08,4.353178e-09,2.299628e-05,6.120126e-06
1601437696,21495688,19217252352,58664307,-6.471062e-02,-2.659040e-02,9.648149e-08,6.335589e-09,2.326335e-05,8.907195e-06
1601699840,21495735,19220398080,58673796,-6.471691e-02,-2.660296e-02,1.004275e-07,4.494155e-09,2.421480e-05,6.318327e-06
1601961984,21496542,19223543808,58683554,-6.472632e-02,-2.660073e-02,1.064851e-07,4.798836e-09,2.567539e-05,6.746678e-06
1602224128,21496729,19226689536,58693027,-6.473070e-02,-2.659604e-02,1.093585e-07,5.469813e-09,2.636823e-05,7.690002e-06
1602486272,21497106,19229835264,58702378,-6.472629e-02,-2.658469e-02,1.064608e-07,7.277968e-09,2.566953e-05,1.023209e-05
1602748416,21498396,19232980992,58712042,-6.472804e-02,-2.662530e-02,1.076064e-07,1.998401e-09,2.594576e-05,2.809549e-06
1603010560,21498574,19236126720,58721627,-6.473060e-02,-2.660195e-02,1.092945e-07,4.630532e-09,2.635278e-05,6.510058e-06
1603272704,21498683,19239272448,58731041,-6.476745e-02,-2.660294e-02,1.350178e-07,4.497153e-09,3.255513e-05,6.322540e-06
1603534848,21500159,19242418176,58740916,-6.477913e-02,-2.659542e-02,1.437397e-07,5.561667e-09,3.465813e-05,7.819140e-06
1603796992,21501535,19245563904,58750537,-6.477866e-02,-2.656145e-02,1.433784e-07,1.178337e-08,3.457100e-05,1.656623e-05
1604059136,21504712,19248709632,58760107,-6.477301e-02,-2.655643e-02,1.391334e-07,1.289754e-08,3.354745e-05,1.813263e-05
1604321280,21505570,19251855360,58770006,-6.476422e-02,-2.656247e-02,1.326574e-07,1.156201e-08,3.198598e-05,1.625501e-05
1604583424,21505578,19255001088,58779537,-6.477386e-02,-2.654549e-02,1.397677e-07,1.550237e-08,3.370041e-05,2.179476e-05
1604845568,21511062,19258146816,58789164,-6.475100e-02,-2.655875e-02,1.231988e-07,1.237661e-08,2.970535e-05,1.740025e-05
1605107712,21512590,19261292544,58798803,-6.476635e-02,-2.654915e-02,1.342141e-07,1.460569e-08,3.236134e-05,2.053412e-05
1605369856,21513182,19264438272,58808332,-6.474581e-02,-2.657381e-02,1.195854e-07,9.253013e-09,2.883410e-05,1.300880e-05
1605632000,21515499,19267584000,58817911,-6.474025e-02,-2.658285e-02,1.157671e-07,7.595674e-09,2.791344e-05,1.067875e-05
1605894144,21518247,19270729728,58827526,-6.474143e-02,-2.657453e-02,1.165747e-07,9.114141e-09,2.810816e-05,1.281356e-05
1606156288,21524524,19273875456,58837036,-6.472848e-02,-2.652553e-02,1.078950e-07,2.087172e-08,2.601535e-05,2.934352e-05
1606418432,21529546,19277021184,58846671,-6.473923e-02,-2.653833e-02,1.150736e-07,1.733807e-08,2.774622e-05,2.437557e-05
1606680576,21529997,19280166912,58856250,-6.473596e-02,-2.653476e-02,1.128652e-07,1.828864e-08,2.721374e-05,2.571197e-05
1606942720,21537266,19283312640,58865557,-6.476364e-02,-2.650825e-02,1.322344e-07,2.616435e-08,3.188399e-05,3.678441e-05
1607204864,21539348,19286458368,58875200,-6.477047e-02,-2.650074e-02,1.372445e-07,2.864909e-08,3.309201e-05,4.027772e-05
1607467008,21547974,19289604096,58884825,-6.476759e-02,-2.647792e-02,1.351219e-07,3.689532e-08,3.258021e-05,5.187108e-05
1607729152,21549490,19292749824,58894426,-6.474520e-02,-2.647086e-02,1.191632e-07,3.965565e-08,2.873231e-05,5.575182e-05
1607991296,21549856,19295895552,58904176,-6.474119e-02,-2.644907e-02,1.164068e-07,4.881098e-08,2.806769e-05,6.862328e-05
1608253440,21556568,19299041280,58913878,-6.475141e-02,-2.642534e-02,1.234866e-07,5.985684e-08,2.977475e-05,8.415265e-05
1608515584,21561183,19302187008,58923392,-6.474201e-02,-2.642433e-02,1.169667e-07,6.035185e-08,2.820270e-05,8.484858e-05
1608777728,21578812,19305332736,58933077,-6.476205e-02,-2.640589e-02,1.310774e-07,6.975313e-08,3.160501e-05,9.806582e-05
1609039872,21579177,19308478464,58942737,-6.473887e-02,-2.643046e-02,1.148311e-07,5.737758e-08,2.768774e-05,8.066706e-05
1609302016,21579539,19311624192,58951918,-6.473626e-02,-2.643359e-02,1.130705e-07,5.588823e-08,2.726325e-05,7.857318e-05
1609564160,21583489,19314769920,58961552,-6.474605e-02,-2.640730e-02,1.197504e-07,6.901326e-08,2.887388e-05,9.702564e-05
1609826304,21583720,19317915648,58971269,-6.474580e-02,-2.639989e-02,1.195751e-07,7.295921e-08,2.883162e-05,1.025732e-04
1610088448,21597825,19321061376,58980886,-6.473459e-02,-2.639301e-02,1.119509e-07,7.672359e-08,2.699330e-05,1.078656e-04
1610350592,21606451,19324207104,58990458,-6.473955e-02,-2.642496e-02,1.152910e-07,6.004382e-08,2.779865e-05,8.441553e-05
1610612736,21612214,19327352832,59000063,-6.474547e-02,-2.644219e-02,1.193485e-07,5.189862e-08,2.877698e-05,7.296419e-05
1610874880,21625344,19330498560,59009709,-6.474356e-02,-2.644793e-02,1.180292e-07,4.931432e-08,2.845887e-05,6.933094e-05
1611137024,21625638,19333644288,59019343,-6.472680e-02,-2.646103e-02,1.067965e-07,4.366697e-08,2.575048e-05,6.139134e-05
1611399168,21625725,19336790016,59028883,-6.473339e-02,-2.645418e-02,1.111447e-07,4.657788e-08,2.679889e-05,6.548379e-05
1611661312,21625903,19339935744,59038662,-6.474469e-02,-2.643661e-02,1.188086e-07,5.447063e-08,2.864680e-05,7.658019e-05
1611923456,21626543,19343081472,59048306,-6.475685e-02,-2.640989e-02,1.273388e-07,6.765480e-08,3.070356e-05,9.511578e-05
1612185600,21626853,19346227200,59057894,-6.474067e-02,-2.641756e-02,1.160563e-07,6.372342e-08,2.798317e-05,8.958867e-05
1612447744,21627472,19349372928,59067415,-6.475604e-02,-2.640639e-02,1.267598e-07,6.948872e-08,3.056398e-05,9.769409e-05
1612709888,21627663,19352518656,59076983,-6.477049e-02,-2.642195e-02,1.372610e-07,6.152988e-08,3.309600e-05,8.650478e-05
1612972032,21627720,19355664384,59086611,-6.477883e-02,-2.644186e-02,1.435139e-07,5.204894e-08,3.460366e-05,7.317553e-05
1613234176,21628121,19358810112,59096269,-6.477441e-02,-2.645233e-02,1.401803e-07,4.738048e-08,3.379988e-05,6.661215e-05
1613496320,21628571,19361955840,59105810,-6.479762e-02,-2.644367e-02,1.580978e-07,5.122527e-08,3.812010e-05,7.201754e-05
1613758464,21629225,19365101568,59115469,-6.481332e-02,-2.645299e-02,1.708342e-07,4.709224e-08,4.119107e-05,6.620691e-05
1614020608,21629418,19368247296,59124961,-6.481182e-02,-2.646373e-02,1.695924e-07,4.254627e-08,4.089164e-05,5.981573e-05
1614282752,21629431,19371393024,59134669,-6.478692e-02,-2.645929e-02,1.497041e-07,4.440022e-08,3.609623e-05,6.242221e-05
1614544896,21629606,19374538752,59144305,-6.478156e-02,-2.644840e-02,1.455874e-07,4.910855e-08,3.510363e-05,6.904163e-05
1614807040,21629934,19377684480,59153863,-6.479827e-02,-2.646054e-02,1.586137e-07,4.387273e-08,3.824449e-05,6.168060e-05
1615069184,21630958,19380830208,59163563,-6.477085e-02,-2.643487e-02,1.375262e-07,5.528659e-08,3.315993e-05,7.772735e-05
1615331328,21630973,19383975936,59173198,-6.477471e-02,-2.644890e-02,1.404091e-07,4.888508e-08,3.385506e-05,6.872746e-05
1615593472,21631071,19387121664,59182854,-6.477113e-02,-2.645603e-02,1.377362e-07,4.578215e-08,3.321058e-05,6.436505e-05
1615855616,21631689,19390267392,59192519,-6.478085e-02,-2.645664e-02,1.450477e-07,4.552028e-08,3.497351e-05,6.399689e-05
1616117760,21632175,19393413120,59202066,-6.479407e-02,-2.646000e-02,1.552901e-07,4.409852e-08,3.744312e-05,6.199804e-05
1616379904,21632464,19396558848,59211872,-6.480870e-02,-2.647480e-02,1.670370e-07,3.810362e-08,4.027550e-05,5.356983e-05
1616642048,21633070,19399704576,59221491,-6.479712e-02,-2.647535e-02,1.577011e-07,3.788868e-08,3.802445e-05,5.326764e-05
1616904192,21633239,19402850304,59230959,-6.480996e-02,-2.645967e-02,1.680678e-07,4.423709e-08,4.052405e-05,6.219287e-05
1617166336,21633507,19405996032,59240536,-6.481881e-02,-2.644685e-02,1.754035e-07,4.979780e-08,4.229281e-05,7.001065e-05
1617428480,21634485,19409141760,59250226,-6.483864e-02,-2.643510e-02,1.924033e-07,5.517715e-08,4.639176e-05,7.757348e-05
1617690624,21634637,19412287488,59259738,-6.484006e-02,-2.643443e-02,1.936538e-07,5.549350e-08,4.669326e-05,7.801825e-05
1617952768,21635405,19415433216,59269371,-6.484199e-02,-2.642248e-02,1.953559e-07,6.126773e-08,4.710366e-05,8.613621e-05
1618214912,21635522,19418578944,59278846,-6.481581e-02,-2.643819e-02,1.728975e-07,5.373670e-08,4.168857e-05,7.554836e-05
1618477056,21635574,19421724672,59288358,-6.482847e-02,-2.646648e-02,1.835848e-07,4.141890e-08,4.426546e-05,5.823077e-05
1618739200,21636132,19424870400,59298158,-6.484146e-02,-2.646666e-02,1.948819e-07,4.134842e-08,4.698939e-05,5.813169e-05
1619001344,21636952,19428016128,59307719,-6.485240e-02,-2.646090e-02,2.046651e-07,4.372226e-08,4.934828e-05,6.146907e-05
1619263488,21637052,19431161856,59317393,-6.484411e-02,-2.646523e-02,1.972308e-07,4.192995e-08,4.755575e-05,5.894925e-05
1619525632,21637422,19434307584,59326881,-6.482746e-02,-2.646094e-02,1.827239e-07,4.370434e-08,4.405788e-05,6.144388e-05
1619787776,21637532,19437453312,59336538,-6.484817e-02,-2.646453e-02,2.008539e-07,4.221573e-08,4.842935e-05,5.935103e-05
1620049920,21637802,19440599040,59346035,-6.484300e-02,-2.645685e-02,1.962460e-07,4.543289e-08,4.731829e-05,6.387403e-05
1620312064,21637951,19443744768,59355600,-6.486727e-02,-2.645079e-02,2.183418e-07,4.805427e-08,5.264597e-05,6.755943e-05
1620574208,21638748,19446890496,59365256,-6.487600e-02,-2.645877e-02,2.265715e-07,4.461792e-08,5.463028e-05,6.272827e-05
1620836352,21638999,19450036224,59375017,-6.487961e-02,-2.646497e-02,2.300246e-07,4.203910e-08,5.546289e-05,5.910271e-05
1621098496,21641033,19453181952,59384497,-6.489184e-02,-2.648918e-02,2.419018e-07,3.269655e-08,5.832670e-05,4.596803e-05
1621360640,21643667,19456327680,59394171,-6.487947e-02,-2.648525e-02,2.298888e-07,3.413125e-08,5.543015e-05,4.798508e-05
1621622784,21643743,19459473408,59403822,-6.484428e-02,-2.646739e-02,1.973830e-07,4.105050e-08,4.759245e-05,5.771284e-05
1621884928,21644054,19462619136,59413455,-6.483661e-02,-2.646293e-02,1.906296e-07,4.287809e-08,4.596407e-05,6.028225e-05
1622147072,21644186,19465764864,59423008,-6.484231e-02,-2.646367e-02,1.956392e-07,4.257393e-08,4.717197e-05,5.985462e-05
1622409216,21651466,19468910592,59432617,-6.482608e-02,-2.646884e-02,1.815411e-07,4.046463e-08,4.377268e-05,5.688917e-05
1622671360,21654184,19472056320,59442380,-6.484301e-02,-2.648950e-02,1.962592e-07,3.257877e-08,4.732147e-05,4.580245e-05
1622933504,21660382,19475202048,59451819,-6.482433e-02,-2.650614e-02,1.800521e-07,2.684847e-08,4.341366e-05,3.774623e-05
1623195648,21661479,19478347776,59461101,-6.482331e-02,-2.651236e-02,1.791869e-07,2.485135e-08,4.320504e-05,3.493848e-05
1623457792,21664847,19481493504,59470546,-6.484570e-02,-2.652336e-02,1.986429e-07,2.150397e-08,4.789622e-05,3.023240e-05
1623719936,21673654,19484639232,59480072,-6.485412e-02,-2.654418e-02,2.062253e-07,1.583063e-08,4.972447e-05,2.225626e-05
1623982080,21690338,19487784960,59489695,-6.484473e-02,-2.654722e-02,1.977871e-07,1.507447e-08,4.768988e-05,2.119317e-05
1624244224,21693593,19490930688,59499142,-6.483769e-02,-2.653333e-02,1.915741e-07,1.867861e-08,4.619182e-05,2.626024e-05
1624506368,21697989,19494076416,59508721,-6.483662e-02,-2.651849e-02,1.906361e-07,2.295397e-08,4.596565e-05,3.227096e-05
1624768512,21698362,19497222144,59518155,-6.481604e-02,-2.650278e-02,1.730896e-07,2.796218e-08,4.173489e-05,3.931199e-05
1625030656,21699487,19500367872,59527473,-6.483134e-02,-2.651607e-02,1.860511e-07,2.369356e-08,4.486014e-05,3.331075e-05
1625292800,21724795,19503513600,59536964,-6.483397e-02,-2.651540e-02,1.883269e-07,2.390217e-08,4.540887e-05,3.360403e-05
1625554944,21727204,19506659328,59546421,-6.481550e-02,-2.652520e-02,1.726374e-07,2.096655e-08,4.162584e-05,2.947684e-05
1625817088,21747799,19509805056,59555804,-6.480660e-02,-2.653746e-02,1.653179e-07,1.756642e-08,3.986100e-05,2.469661e-05
1626079232,21752860,19512950784,59565643,-6.479742e-02,-2.653590e-02,1.579379e-07,1.798361e-08,3.808154e-05,2.528314e-05
1626341376,21757258,19516096512,59575265,-6.480647e-02,-2.654603e-02,1.652150e-07,1.536861e-08,3.983617e-05,2.160671e-05
1626603520,21767912,19519242240,59584881,-6.479245e-02,-2.654025e-02,1.540185e-07,1.683603e-08,3.713651e-05,2.366975e-05
1626865664,21799233,19522387968,59594496,-6.478246e-02,-2.654826e-02,1.462705e-07,1.482033e-08,3.526832e-05,2.083588e-05
1627127808,21801495,19525533696,59603981,-6.479117e-02,-2.656777e-02,1.530084e-07,1.045047e-08,3.689297e-05,1.469230e-05
1627389952,21829728,19528679424,59613483,-6.479244e-02,-2.655566e-02,1.540068e-07,1.307371e-08,3.713369e-05,1.838031e-05
1627652096,21930800,19531825152,59622935,-6.479025e-02,-2.653318e-02,1.522923e-07,1.872039e-08,3.672030e-05,2.631896e-05
1627914240,21931147,19534970880,59632616,-6.477477e-02,-2.656946e-02,1.404538e-07,1.010754e-08,3.386582e-05,1.421018e-05
1628176384,21931524,19538116608,59642069,-6.478228e-02,-2.657256e-02,1.461337e-07,9.494299e-09,3.523536e-05,1.334802e-05
1628438528,21931773,19541262336,59651759,-6.477500e-02,-2.654893e-02,1.406214e-07,1.465886e-08,3.390624e-05,2.060888e-05
1628700672,21933692,19544408064,59661361,-6.476302e-02,-2.656040e-02,1.317796e-07,1.201255e-08,3.177434e-05,1.688842e-05
1628962816,21934470,19547553792,59670961,-6.474319e-02,-2.655977e-02,1.177784e-07,1.215095e-08,2.839841e-05,1.708300e-05
1629224960,21934594,19550699520,59680358,-6.476248e-02,-2.657633e-02,1.313904e-07,8.773825e-09,3.168050e-05,1.233511e-05
1629487104,21934941,19553845248,59690016,-6.475656e-02,-2.659006e-02,1.271315e-07,6.389969e-09,3.065358e-05,8.983648e-06
1629749248,21935587,19556990976,59699483,-6.477617e-02,-2.658560e-02,1.415000e-07,7.123704e-09,3.411810e-05,1.001521e-05
1630011392,21935681,19560136704,59709191,-6.476519e-02,-2.660153e-02,1.333584e-07,4.688255e-09,3.215502e-05,6.591211e-06
1630273536,21935783,19563282432,59718710,-6.476706e-02,-2.659813e-02,1.347333e-07,5.165320e-09,3.248651e-05,7.261916e-06
1630535680,21935826,19566428160,59728438,-6.476507e-02,-2.661040e-02,1.332768e-07,3.551603e-09,3.213534e-05,4.993194e-06
1630797824,21935906,19569573888,59737913,-6.476407e-02,-2.659394e-02,1.325489e-07,5.784726e-09,3.195981e-05,8.132738e-06
1631059968,21936834,19572719616,59747472,-6.476057e-02,-2.659779e-02,1.300060e-07,5.214432e-09,3.134668e-05,7.330963e-06
1631322112,21938239,19575865344,59757177,-6.476675e-02,-2.662355e-02,1.345036e-07,2.157143e-09,3.243114e-05,3.032724e-06
1631584256,21938606,19579011072,59766745,-6.474631e-02,-2.659654e-02,1.199309e-07,5.395677e-09,2.891741e-05,7.585776e-06
1631846400,21938631,19582156800,59776518,-6.475639e-02,-2.657084e-02,1.270093e-07,9.832662e-09,3.062413e-05,1.382372e-05
1632108544,21938699,19585302528,59785953,-6.476194e-02,-2.657048e-02,1.310018e-07,9.904826e-09,3.158680e-05,1.392518e-05
1632370688,21940067,19588448256,59795511,-6.476241e-02,-2.659600e-02,1.313364e-07,5.475601e-09,3.166748e-05,7.698140e-06
1632632832,21940086,19591593984,59805200,-6.475406e-02,-2.661094e-02,1.253578e-07,3.488172e-09,3.022593e-05,4.904016e-06
1632894976,21940387,19594739712,59814571,-6.474383e-02,-2.660587e-02,1.182187e-07,4.112530e-09,2.850455e-05,5.781800e-06
1633157120,21940860,19597885440,59823970,-6.474123e-02,-2.661894e-02,1.164373e-07,2.607575e-09,2.807504e-05,3.665985e-06
1633419264,21941349,19601031168,59833615,-6.474038e-02,-2.662642e-02,1.158584e-07,1.899568e-09,2.793545e-05,2.670600e-06
1633681408,21942143,19604176896,59842922,-6.475012e-02,-2.665982e-02,1.225824e-07,1.035435e-10,2.955673e-05,1.455716e-07
1633943552,21942220,19607322624,59852695,-6.475440e-02,-2.669012e-02,1.255953e-07,4.046763e-10,3.028320e-05,5.689338e-07
1634205696,21942773,19610468352,59862241,-6.476841e-02,-2.667542e-02,1.357251e-07,2.942002e-11,3.272565e-05,4.136156e-08
1634467840,21943754,19613614080,59871483,-6.477913e-02,-2.668263e-02,1.437341e-07,1.595320e-10,3.465677e-05,2.242858e-07
1634729984,21944171,19616759808,59880988,-6.477463e-02,-2.668030e-02,1.403477e-07,1.061756e-10,3.384025e-05,1.492721e-07
1634992128,21944455,19619905536,59890519,-6.476899e-02,-2.668863e-02,1.361536e-07,3.471529e-10,3.282898e-05,4.880617e-07
1635254272,21944754,19623051264,59900191,-6.475516e-02,-2.670422e-02,1.261399e-07,1.171299e-09,3.041449e-05,1.646727e-06
1635516416,21944896,19626196992,59909945,-6.475121e-02,-2.668508e-02,1.233453e-07,2.275180e-10,2.974067e-05,3.198673e-07
1635778560,21945297,19629342720,59919547,-6.473951e-02,-2.667857e-02,1.152657e-07,7.347735e-11,2.779255e-05,1.033017e-07
1636040704,21945954,19632488448,59929094,-6.470723e-02,-2.668278e-02,9.439159e-08,1.633184e-10,2.275944e-05,2.296091e-07
1636302848,21947069,19635634176,59938728,-6.470026e-02,-2.667692e-02,9.015510e-08,4.785684e-11,2.173795e-05,6.728187e-08
1636564992,21947174,19638779904,59948282,-6.468743e-02,-2.665938e-02,8.261514e-08,1.128014e-10,1.991993e-05,1.585874e-07
1636827136,21947200,19641925632,59958025,-6.468661e-02,-2.663410e-02,8.214468e-08,1.288855e-09,1.980650e-05,1.811999e-06
1637089280,21948911,19645071360,59967736,-6.472460e-02,-2.664425e-02,1.053648e-07,6.632135e-10,2.540527e-05,9.324110e-07
1637351424,21950257,19648217088,59977317,-6.469896e-02,-2.665580e-02,8.937382e-08,2.016629e-10,2.154957e-05,2.835176e-07
1637613568,21953665,19651362816,59987230,-6.468803e-02,-2.666901e-02,8.295814e-08,9.782487e-13,2.000264e-05,1.375319e-09
1637875712,21954440,19654508544,59996678,-6.468856e-02,-2.668815e-02,8.326315e-08,3.292733e-10,2.007618e-05,4.629248e-07
1638137856,21954535,19657654272,60006209,-6.469239e-02,-2.665200e-02,8.548790e-08,3.240888e-10,2.061260e-05,4.556360e-07
1638400000,21960624,19660800000,60015970,-6.472401e-02,-2.663976e-02,1.049830e-07,9.146856e-10,2.531322e-05,1.285955e-06
1638662144,21961486,19663945728,60025511,-6.472243e-02,-2.663742e-02,1.039620e-07,1.061183e-09,2.506702e-05,1.491915e-06
1638924288,21962711,19667091456,60035146,-6.472138e-02,-2.661482e-02,1.032808e-07,3.045133e-09,2.490278e-05,4.281148e-06
1639186432,21964282,19670237184,60044775,-6.470899e-02,-2.660613e-02,9.547051e-08,4.079152e-09,2.301959e-05,5.734873e-06
1639448576,21967003,19673382912,60054357,-6.470322e-02,-2.663193e-02,9.194011e-08,1.449513e-09,2.216835e-05,2.037868e-06
1639710720,21973277,19676528640,60063966,-6.469674e-02,-2.663013e-02,8.805123e-08,1.589759e-09,2.123067e-05,2.235040e-06
1639972864,21978777,19679674368,60073882,-6.470565e-02,-2.661654e-02,9.342352e-08,2.858346e-09,2.252602e-05,4.018545e-06
1640235008,21978886,19682820096,60083568,-6.471064e-02,-2.662395e-02,9.649538e-08,2.120619e-09,2.326670e-05,2.981375e-06
1640497152,21986003,19685965824,60092953,-6.470691e-02,-2.662968e-02,9.419483e-08,1.625307e-09,2.271199e-05,2.285016e-06
1640759296,21989144,19689111552,60102379,-6.469984e-02,-2.661529e-02,8.990025e-08,2.993142e-09,2.167650e-05,4.208054e-06
1641021440,21996710,19692257280,60112218,-6.468124e-02,-2.661686e-02,7.909428e-08,2.823400e-09,1.907099e-05,3.969415e-06
1641283584,21998504,19695403008,60121747,-6.469318e-02,-2.664122e-02,8.595472e-08,8.284873e-10,2.072516e-05,1.164769e-06
1641545728,21999076,19698548736,60131297,-6.469323e-02,-2.666709e-02,8.598530e-08,8.475751e-12,2.073254e-05,1.191605e-08
1641807872,22005454,19701694464,60141079,-6.471176e-02,-2.670404e-02,9.719096e-08,1.158711e-09,2.343441e-05,1.629030e-06
1642070016,22010527,19704840192,60150694,-6.471309e-02,-2.673215e-02,9.802428e-08,3.862963e-09,2.363534e-05,5.430935e-06
1642332160,22027608,19707985920,60160187,-6.473326e-02,-2.673752e-02,1.110602e-07,4.558567e-09,2.677854e-05,6.408883e-06
1642594304,22028363,19711131648,60169897,-6.476793e-02,-2.673857e-02,1.353740e-07,4.701528e-09,3.264100e-05,6.609872e-06
1642856448,22029842,19714277376,60179589,-6.478265e-02,-2.674869e-02,1.464187e-07,6.192300e-09,3.530406e-05,8.705746e-06
1643118592,22032354,19717423104,60189218,-6.476784e-02,-2.675757e-02,1.353082e-07,7.668248e-09,3.262514e-05,1.078078e-05
1643380736,22032546,19720568832,60198920,-6.477129e-02,-2.676610e-02,1.378524e-07,9.235820e-09,3.323859e-05,1.298463e-05
1643642880,22046690,19723714560,60208584,-6.478273e-02,-2.676661e-02,1.464814e-07,9.334537e-09,3.531919e-05,1.312341e-05
1643905024,22055514,19726860288,60218395,-6.478520e-02,-2.676949e-02,1.483809e-07,9.898153e-09,3.577720e-05,1.391580e-05
1644167168,22060781,19730006016,60227977,-6.477235e-02,-2.676829e-02,1.386447e-07,9.661641e-09,3.342962e-05,1.358329e-05
1644429312,22068595,19733151744,60237604,-6.476944e-02,-2.677457e-02,1.364837e-07,1.093465e-08,3.290857e-05,1.537302e-05
1644691456,22069170,19736297472,60247382,-6.474891e-02,-2.676706e-02,1.217335e-07,9.420756e-09,2.935204e-05,1.324463e-05
1644953600,22069275,19739443200,60256912,-6.474493e-02,-2.678195e-02,1.189781e-07,1.253251e-08,2.868768e-05,1.761944e-05
1645215744,22069395,19742588928,60266628,-6.474704e-02,-2.678211e-02,1.204320e-07,1.256882e-08,2.903823e-05,1.767049e-05
1645477888,22069953,19745734656,60276070,-6.473798e-02,-2.677644e-02,1.142309e-07,1.133045e-08,2.754305e-05,1.592946e-05
1645740032,22070265,19748880384,60285813,-6.474219e-02,-2.679479e-02,1.170891e-07,1.557249e-08,2.823219e-05,2.189334e-05
1646002176,22070897,19752026112,60295373,-6.472606e-02,-2.678294e-02,1.063150e-07,1.275452e-08,2.563437e-05,1.793156e-05
1646264320,22071026,19755171840,60304896,-6.474635e-02,-2.681454e-02,1.199567e-07,2.089218e-08,2.892363e-05,2.937228e-05
1646526464,22071066,19758317568,60314365,-6.472617e-02,-2.684064e-02,1.063879e-07,2.911950e-08,2.565194e-05,4.093907e-05
1646788608,22071576,19761463296,60324172,-6.476276e-02,-2.684436e-02,1.315904e-07,3.040153e-08,3.172870e-05,4.274147e-05
1647050752,22072077,19764609024,60333819,-6.476390e-02,-2.683827e-02,1.324187e-07,2.831525e-08,3.192843e-05,3.980837e-05
1647312896,22072651,19767754752,60343463,-6.475905e-02,-2.682319e-02,1.289176e-07,2.346703e-08,3.108425e-05,3.299226e-05
1647575040,22072707,19770900480,60353110,-6.476009e-02,-2.686225e-02,1.296623e-07,3.695904e-08,3.126382e-05,5.196065e-05
1647837184,22072782,19774046208,60362814,-6.473962e-02,-2.687272e-02,1.153416e-07,4.109580e-08,2.781085e-05,5.777652e-05
1648099328,22073082,19777191936,60372444,-6.471606e-02,-2.687303e-02,9.989461e-08,4.122201e-08,2.408631e-05,5.795397e-05
1648361472,22073385,19780337664,60382399,-6.468754e-02,-2.688542e-02,8.267940e-08,4.640679e-08,1.993543e-05,6.524324e-05
1648623616,22074491,19783483392,60392276,-6.467733e-02,-2.687982e-02,7.690944e-08,4.402423e-08,1.854419e-05,6.189360e-05
1648885760,22074649,19786629120,60401812,-6.465867e-02,-2.685359e-02,6.690978e-08,3.370725e-08,1.613310e-05,4.738897e-05
1649147904,22074654,19789774848,60411247,-6.467644e-02,-2.686734e-02,7.641846e-08,3.894373e-08,1.842581e-05,5.475094e-05
1649410048,22075077,19792920576,60420711,-6.466083e-02,-2.687198e-02,6.803225e-08,4.079503e-08,1.640375e-05,5.735367e-05
1649672192,22075695,19796066304,60430370,-6.463519e-02,-2.687277e-02,5.531200e-08,4.111619e-08,1.333667e-05,5.780519e-05
1649934336,22075979,19799212032,60439901,-6.464759e-02,-2.687789e-02,6.129724e-08,4.321973e-08,1.477982e-05,6.076256e-05
1650196480,22076690,19802357760,60449458,-6.463104e-02,-2.688898e-02,5.338064e-08,4.795061e-08,1.287099e-05,6.741370e-05
1650458624,22076743,19805503488,60459084,-6.463110e-02,-2.685537e-02,5.340819e-08,3.436151e-08,1.287763e-05,4.830880e-05
1650720768,22077013,19808649216,60468516,-6.464440e-02,-2.685320e-02,5.973205e-08,3.356173e-08,1.440242e-05,4.718438e-05
1650982912,22077991,19811794944,60478153,-6.461824e-02,-2.686271e-02,4.762975e-08,3.713543e-08,1.148435e-05,5.220864e-05
1651245056,22078205,19814940672,60487942,-6.461787e-02,-2.688717e-02,4.746729e-08,4.716341e-08,1.144518e-05,6.630697e-05
1651507200,22078652,19818086400,60497646,-6.464751e-02,-2.689303e-02,6.126035e-08,4.974128e-08,1.477093e-05,6.993120e-05
1651769344,22079096,19821232128,60507188,-6.464345e-02,-2.690706e-02,5.926679e-08,5.619601e-08,1.429024e-05,7.900589e-05
1652031488,22079146,19824377856,60516852,-6.464131e-02,-2.690871e-02,5.823023e-08,5.698028e-08,1.404031e-05,8.010850e-05
1652293632,22080006,19827523584,60526520,-6.463676e-02,-2.692186e-02,5.605392e-08,6.343598e-08,1.351557e-05,8.918456e-05
1652555776,22080505,19830669312,60536041,-6.464043e-02,-2.693489e-02,5.780312e-08,7.016599e-08,1.393733e-05,9.864625e-05
1652817920,22080539,19833815040,60545626,-6.462947e-02,-2.692320e-02,5.265668e-08,6.410956e-08,1.269643e-05,9.013154e-05
1653080064,22081136,19836960768,60555175,-6.463944e-02,-2.689964e-02,5.733118e-08,5.273450e-08,1.382354e-05,7.413935e-05
1653342208,22081247,19840106496,60564829,-6.463399e-02,-2.690191e-02,5.474921e-08,5.378334e-08,1.320098e-05,7.561392e-05
1653604352,22081322,19843252224,60574591,-6.464595e-02,-2.689810e-02,6.049195e-08,5.202854e-08,1.458565e-05,7.314685e-05
1653866496,22081455,19846397952,60584141,-6.466741e-02,-2.686621e-02,7.150746e-08,3.849877e-08,1.724168e-05,5.412536e-05
1654128640,22082433,19849543680,60593854,-6.464951e-02,-2.685743e-02,6.225648e-08,3.512951e-08,1.501111e-05,4.938852e-05
1654390784,22082480,19852689408,60603543,-6.463856e-02,-2.688880e-02,5.691094e-08,4.787560e-08,1.372221e-05,6.730823e-05
1654652928,22084483,19855835136,60613356,-6.463616e-02,-2.691834e-02,5.576852e-08,6.167505e-08,1.344675e-05,8.670885e-05
1654915072,22087288,19858980864,60622751,-6.465128e-02,-2.690814e-02,6.314077e-08,5.670938e-08,1.522433e-05,7.972764e-05
1655177216,22087291,19862126592,60632370,-6.464918e-02,-2.693454e-02,6.208928e-08,6.998158e-08,1.497080e-05,9.838700e-05
1655439360,22087508,19865272320,60641899,-6.465060e-02,-2.693529e-02,6.279677e-08,7.038127e-08,1.514138e-05,9.894893e-05
1655701504,22087747,19868418048,60651528,-6.465432e-02,-2.692525e-02,6.467771e-08,6.515228e-08,1.559491e-05,9.159750e-05
1655963648,22095052,19871563776,60661136,-6.462990e-02,-2.692649e-02,5.285176e-08,6.578615e-08,1.274347e-05,9.248864e-05
1656225792,22097816,19874709504,60670873,-6.464300e-02,-2.694012e-02,5.904571e-08,7.296323e-08,1.423694e-05,1.025789e-04
1656487936,22104074,19877855232,60680297,-6.464394e-02,-2.692478e-02,5.950646e-08,6.491098e-08,1.434803e-05,9.125825e-05
1656750080,22104740,19881000960,60690077,-6.464688e-02,-2.691503e-02,6.095094e-08,6.004109e-08,1.469632e-05,8.441168e-05
1657012224,22108663,19884146688,60699644,-6.463690e-02,-2.690178e-02,5.612097e-08,5.372288e-08,1.353173e-05,7.552893e-05
1657274368,22118208,19887292416,60709269,-6.460492e-02,-2.689017e-02,4.198947e-08,4.847658e-08,1.012438e-05,6.815315e-05
1657536512,22133789,19890438144,60719096,-6.462168e-02,-2.687762e-02,4.914075e-08,4.310519e-08,1.184868e-05,6.060152e-05
1657798656,22137126,19893583872,60728657,-6.463986e-02,-2.689080e-02,5.753116e-08,4.875092e-08,1.387175e-05,6.853884e-05
1658060800,22141627,19896729600,60738235,-6.463333e-02,-2.687353e-02,5.444281e-08,4.142572e-08,1.312710e-05,5.824037e-05
1658322944,22141784,19899875328,60747792,-6.462529e-02,-2.689303e-02,5.075252e-08,4.974461e-08,1.223731e-05,6.993588e-05
1658585088,22144371,19903021056,60757313,-6.461897e-02,-2.691244e-02,4.794898e-08,5.877897e-08,1.156133e-05,8.263727e-05
1658847232,22168275,19906166784,60766879,-6.462265e-02,-2.691764e-02,4.957111e-08,6.132584e-08,1.195245e-05,8.621790e-05
1659109376,22170897,19909312512,60776451,-6.461372e-02,-2.692574e-02,4.567620e-08,6.540451e-08,1.101332e-05,9.195210e-05
1659371520,22191460,19912458240,60785976,-6.462184e-02,-2.691489e-02,4.921345e-08,5.997173e-08,1.186621e-05,8.431418e-05
1659633664,22196308,19915603968,60795850,-6.462409e-02,-2.693978e-02,5.021683e-08,7.278222e-08,1.210814e-05,1.023244e-04
1659895808,22200680,19918749696,60805313,-6.461108e-02,-2.693436e-02,4.455264e-08,6.988700e-08,1.074241e-05,9.825404e-05
1660157952,22211387,19921895424,60814971,-6.462284e-02,-2.695120e-02,4.965741e-08,7.907334e-08,1.197325e-05,1.111691e-04
1660420096,22242618,19925041152,60824455,-6.462262e-02,-2.697236e-02,4.955784e-08,9.142237e-08,1.194925e-05,1.285306e-04
1660682240,22244952,19928186880,60833944,-6.461083e-02,-2.696323e-02,4.444890e-08,8.598530e-08,1.071740e-05,1.208866e-04
1660944384,22273209,19931332608,60843487,-6.460590e-02,-2.698020e-02,4.239349e-08,9.622247e-08,1.022180e-05,1.352790e-04
1661206528,22379613,19934478336,60852975,-6.458829e-02,-2.699018e-02,3.545353e-08,1.025172e-07,8.548456e-06,1.441288e-04
1661468672,22380005,19937624064,60862643,-6.458877e-02,-2.700493e-02,3.563332e-08,1.121779e-07,8.591807e-06,1.577107e-04
1661730816,22380447,19940769792,60872205,-6.460670e-02,-2.699866e-02,4.272241e-08,1.080199e-07,1.030111e-05,1.518650e-04
1661992960,22380525,19943915520,60881682,-6.459624e-02,-2.700416e-02,3.851047e-08,1.116619e-07,9.285536e-06,1.569853e-04
1662255104,22382821,19947061248,60891375,-6.457613e-02,-2.698497e-02,3.101976e-08,9.920818e-08,7.479399e-06,1.394766e-04
1662517248,22383290,19950206976,60901015,-6.457016e-02,-2.698871e-02,2.895319e-08,1.015795e-07,6.981112e-06,1.428104e-04
1662779392,22383530,19953352704,60910417,-6.458385e-02,-2.698570e-02,3.379828e-08,9.966632e-08,8.149346e-06,1.401207e-04
1663041536,22383774,19956498432,60920329,-6.459752e-02,-2.699276e-02,3.901508e-08,1.041759e-07,9.407207e-06,1.464607e-04
1663303680,22384429,19959644160,60929749,-6.460323e-02,-2.700020e-02,4.130223e-08,1.090299e-07,9.958677e-06,1.532849e-04
1663565824,22384550,19962789888,60939322,-6.458557e-02,-2.700916e-02,3.443406e-08,1.150268e-07,8.302644e-06,1.617160e-04
1663827968,22384564,19965935616,60948892,-6.456388e-02,-2.702162e-02,2.685519e-08,1.236346e-07,6.475248e-06,1.738177e-04
1664090112,22384637,19969081344,60958466,-6.454854e-02,-2.703409e-02,2.206479e-08,1.325651e-07,5.320201e-06,1.863732e-04
1664352256,22384855,19972227072,60968209,-6.453203e-02,-2.704074e-02,1.743238e-08,1.374488e-07,4.203247e-06,1.932391e-04
1664614400,22385641,19975372800,60977774,-6.454320e-02,-2.705917e-02,2.050415e-08,1.514503e-07,4.943904e-06,2.129238e-04
1664876544,22387242,19978518528,60987374,-6.453368e-02,-2.704518e-02,1.786989e-08,1.407597e-07,4.308739e-06,1.978939e-04
1665138688,22387314,19981664256,60997028,-6.451587e-02,-2.706271e-02,1.342619e-08,1.542232e-07,3.237285e-06,2.168222e-04
1665400832,22387433,19984809984,61006591,-6.450718e-02,-2.706803e-02,1.148682e-08,1.584283e-07,2.769671e-06,2.227341e-04
1665662976,22387639,19987955712,61016426,-6.453107e-02,-2.704692e-02,1.717755e-08,1.420653e-07,4.141803e-06,1.997294e-04
1665925120,22389030,19991101440,61025988,-6.450851e-02,-2.704257e-02,1.177448e-08,1.388056e-07,2.839029e-06,1.951466e-04
1666187264,22389072,19994247168,61035537,-6.450398e-02,-2.703661e-02,1.081190e-08,1.344066e-07,2.606936e-06,1.889621e-04
1666449408,22389480,19997392896,61045208,-6.448432e-02,-2.703002e-02,7.109562e-09,1.296127e-07,1.714238e-06,1.822223e-04
1666711552,22389864,20000538624,61054862,-6.449199e-02,-2.701041e-02,8.462587e-09,1.158825e-07,2.040475e-06,1.629190e-04
1666973696,22390104,20003684352,61064662,-6.450135e-02,-2.702958e-02,1.027036e-08,1.292991e-07,2.476361e-06,1.817814e-04
1667235840,22390952,20006830080,61074083,-6.449223e-02,-2.704257e-02,8.505134e-09,1.388112e-07,2.050735e-06,1.951544e-04
1667497984,22391189,20009975808,61083664,-6.448640e-02,-2.702969e-02,7.464430e-09,1.293768e-07,1.799803e-06,1.818906e-04
1667760128,22391887,20013121536,61093202,-6.446805e-02,-2.703007e-02,4.630279e-09,1.296489e-07,1.116440e-06,1.822732e-04
1668022272,22393135,20016267264,61102726,-6.445971e-02,-2.704565e-02,3.565159e-09,1.411135e-07,8.596213e-07,1.983913e-04
1668284416,22393137,20019412992,61112301,-6.444419e-02,-2.703028e-02,1.952702e-09,1.298005e-07,4.708302e-07,1.824864e-04
1668546560,22393393,20022558720,61122058,-6.442849e-02,-2.701365e-02,8.117382e-10,1.180944e-07,1.957241e-07,1.660288e-04
1668808704,22393685,20025704448,61131760,-6.442812e-02,-2.701399e-02,7.906495e-10,1.183275e-07,1.906392e-07,1.663565e-04
1669070848,22393964,20028850176,61141357,-6.445081e-02,-2.700947e-02,2.581200e-09,1.152379e-07,6.223717e-07,1.620128e-04
1669332992,22394191,20031995904,61150852,-6.444290e-02,-2.698676e-02,1.839809e-09,1.003366e-07,4.436096e-07,1.410631e-04
1669595136,22395267,20035141632,61160398,-6.443930e-02,-2.699276e-02,1.544047e-09,1.041747e-07,3.722963e-07,1.464590e-04
1669857280,22395925,20038287360,61170102,-6.444557e-02,-2.698645e-02,2.076420e-09,1.001432e-07,5.006606e-07,1.407912e-04
1670119424,22396029,20041433088,61179804,-6.444453e-02,-2.697977e-02,1.983110e-09,9.595687e-08,4.781619e-07,1.349056e-04
1670381568,22396050,20044578816,61189496,-6.443971e-02,-2.697288e-02,1.577011e-09,9.173916e-08,3.802444e-07,1.289760e-04
1670643712,22397991,20047724544,61199241,-6.446765e-02,-2.695705e-02,4.576695e-09,8.240006e-08,1.103520e-06,1.158461e-04
1670905856,22398902,20050870272,61208904,-6.447151e-02,-2.695712e-02,5.113776e-09,8.244070e-08,1.233020e-06,1.159033e-04
1671168000,22402798,20054016000,61218421,-6.446112e-02,-2.696221e-02,3.735301e-09,8.538881e-08,9.006455e-07,1.200480e-04
1671430144,22403482,20057161728,61228084,-6.444960e-02,-2.695660e-02,2.460013e-09,8.214148e-08,5.931515e-07,1.154826e-04
1671692288,22403600,20060307456,61237473,-6.447865e-02,-2.694215e-02,6.185560e-09,7.406317e-08,1.491445e-06,1.041253e-04
1671954432,22410662,20063453184,61247090,-6.448572e-02,-2.695046e-02,7.347735e-09,7.865800e-08,1.771665e-06,1.105852e-04
1672216576,22410714,20066598912,61256633,-6.449753e-02,-2.693508e-02,9.511730e-09,7.026568e-08,2.293442e-06,9.878643e-05
1672478720,22412279,20069744640,61266203,-6.450955e-02,-2.694190e-02,1.200030e-08,7.392839e-08,2.893479e-06,1.039358e-04
1672740864,22413377,20072890368,61276059,-6.451449e-02,-2.693637e-02,1.310696e-08,7.095565e-08,3.160313e-06,9.975646e-05
1673003008,22415902,20076036096,61285583,-6.453688e-02,-2.693058e-02,1.873466e-08,6.790114e-08,4.517250e-06,9.546211e-05
1673265152,22422207,20079181824,61295112,-6.452045e-02,-2.694924e-02,1.450726e-08,7.797411e-08,3.497950e-06,1.096237e-04
1673527296,22427778,20082327552,61304588,-6.452719e-02,-2.696445e-02,1.617701e-08,8.670120e-08,3.900555e-06,1.218931e-04
1673789440,22427783,20085473280,61314035,-6.454276e-02,-2.697156e-02,2.038058e-08,9.093754e-08,4.914109e-06,1.278490e-04
1674051584,22434832,20088619008,61323479,-6.454090e-02,-2.697480e-02,1.985223e-08,9.290503e-08,4.786714e-06,1.306150e-04
1674313728,22439097,20091764736,61333117,-6.452514e-02,-2.699879e-02,1.566001e-08,1.081019e-07,3.775897e-06,1.519803e-04
1674575872,22445513,20094910464,61342950,-6.453256e-02,-2.700367e-02,1.757235e-08,1.113385e-07,4.236996e-06,1.565306e-04
1674838016,22447517,20098056192,61352418,-6.452508e-02,-2.699633e-02,1.564509e-08,1.064899e-07,3.772301e-06,1.497141e-04
1675100160,22448851,20101201920,61362097,-6.450433e-02,-2.700210e-02,1.088485e-08,1.102906e-07,2.624525e-06,1.550574e-04
1675362304,22454332,20104347648,61371697,-6.453106e-02,-2.699916e-02,1.717560e-08,1.083470e-07,4.141333e-06,1.523249e-04
1675624448,22459952,20107493376,61381246,-6.453989e-02,-2.701703e-02,1.956772e-08,1.204320e-07,4.718113e-06,1.693152e-04
1675886592,22476650,20110639104,61390887,-6.454854e-02,-2.701432e-02,2.206479e-08,1.185558e-07,5.320201e-06,1.666774e-04
1676148736,22477777,20113784832,61400487,-6.454983e-02,-2.704203e-02,2.244715e-08,1.384090e-07,5.412394e-06,1.945890e-04
1676410880,22480428,20116930560,61410053,-6.456537e-02,-2.703346e-02,2.734579e-08,1.321044e-07,6.593542e-06,1.857254e-04
1676673024,22481293,20120076288,61419652,-6.455377e-02,-2.703309e-02,2.364370e-08,1.318351e-07,5.700903e-06,1.853467e-04
1676935168,22481731,20123222016,61429191,-6.455204e-02,-2.704037e-02,2.311511e-08,1.371755e-07,5.573452e-06,1.928548e-04
1677197312,22495673,20126367744,61438973,-6.456766e-02,-2.703723e-02,2.810752e-08,1.348618e-07,6.777207e-06,1.896021e-04
1677459456,22504828,20129513472,61448439,-6.454776e-02,-2.701522e-02,2.183299e-08,1.191761e-07,5.264311e-06,1.675495e-04
1677721600,22509590,20132659200,61458046,-6.454948e-02,-2.703105e-02,2.234457e-08,1.303568e-07,5.387660e-06,1.832684e-04
1677983744,22511879,20135804928,61467576,-6.454152e-02,-2.704098e-02,2.002687e-08,1.376243e-07,4.828823e-06,1.934857e-04
1678245888,22512566,20138950656,61477218,-6.454995e-02,-2.703117e-02,2.248512e-08,1.304415e-07,5.421550e-06,1.833876e-04
1678508032,22512833,20142096384,61486834,-6.454886e-02,-2.702175e-02,2.216007e-08,1.237263e-07,5.343175e-06,1.739466e-04
1678770176,22512835,20145242112,61496349,-6.454386e-02,-2.701116e-02,2.069449e-08,1.163903e-07,4.989799e-06,1.636329e-04
1679032320,22513427,20148387840,61505808,-6.454629e-02,-2.702851e-02,2.139921e-08,1.285326e-07,5.159719e-06,1.807038e-04
1679294464,22513645,20151533568,61515343,-6.455382e-02,-2.701311e-02,2.365974e-08,1.177260e-07,5.704772e-06,1.655108e-04
1679556608,22514358,20154679296,61525187,-6.455880e-02,-2.702828e-02,2.521561e-08,1.283617e-07,6.079917e-06,1.804636e-04
1679818752,22514360,20157825024,61534762,-6.454627e-02,-2.703161e-02,2.139485e-08,1.307592e-07,5.158668e-06,1.838342e-04
1680080896,22514388,20160970752,61544664,-6.454678e-02,-2.701985e-02,2.154332e-08,1.223959e-07,5.194467e-06,1.720763e-04
1680343040,22515006,20164116480,61554444,-6.455677e-02,-2.701060e-02,2.457610e-08,1.160081e-07,5.925721e-06,1.630956e-04
1680605184,22515502,20167262208,61563993,-6.454279e-02,-2.702073e-02,2.038909e-08,1.230093e-07,4.916161e-06,1.729385e-04
1680867328,22516065,20170407936,61573687,-6.454322e-02,-2.702359e-02,2.051055e-08,1.250296e-07,4.945448e-06,1.757789e-04
1681129472,22516069,20173553664,61583361,-6.454908e-02,-2.701180e-02,2.222445e-08,1.168304e-07,5.358698e-06,1.642518e-04
1681391616,22516240,20176699392,61592728,-6.454553e-02,-2.701572e-02,2.117745e-08,1.195249e-07,5.106247e-06,1.680398e-04
1681653760,22516519,20179845120,61602298,-6.453229e-02,-2.701377e-02,1.750131e-08,1.181764e-07,4.219867e-06,1.661440e-04
1681915904,22516727,20182990848,61611924,-6.454988e-02,-2.702962e-02,2.246278e-08,1.293245e-07,5.416163e-06,1.818171e-04
1682178048,22518000,20186136576,61621560,-6.452761e-02,-2.702173e-02,1.628332e-08,1.237119e-07,3.926188e-06,1.739264e-04
1682440192,22518218,20189282304,61631154,-6.451853e-02,-2.701990e-02,1.404967e-08,1.224298e-07,3.387617e-06,1.721239e-04
1682702336,22518226,20192428032,61640529,-6.451591e-02,-2.701171e-02,1.343482e-08,1.167655e-07,3.239367e-06,1.641605e-04
1682964480,22518385,20195573760,61650272,-6.450625e-02,-2.702699e-02,1.128806e-08,1.274411e-07,2.721745e-06,1.791693e-04
1683226624,22519160,20198719488,61659873,-6.450890e-02,-2.702003e-02,1.185871e-08,1.225224e-07,2.859338e-06,1.722541e-04
1683488768,22519769,20201865216,61669403,-6.453338e-02,-2.700303e-02,1.779030e-08,1.109126e-07,4.289548e-06,1.559318e-04
1683750912,22520050,20205010944,61678772,-6.456246e-02,-2.698608e-02,2.639322e-08,9.990756e-08,6.363860e-06,1.404599e-04
1684013056,22520156,20208156672,61688330,-6.454775e-02,-2.698476e-02,2.183079e-08,9.907211e-08,5.263780e-06,1.392853e-04
1684275200,22520636,20211302400,61698018,-6.453224e-02,-2.697600e-02,1.748554e-08,9.363771e-08,4.216065e-06,1.316451e-04
1684537344,22521443,20214448128,61707474,-6.453506e-02,-2.700668e-02,1.824031e-08,1.133513e-07,4.398052e-06,1.593604e-04
1684799488,22521659,20217593856,61717101,-6.456334e-02,-2.702008e-02,2.667965e-08,1.225589e-07,6.432925e-06,1.723054e-04
1685061632,22521990,20220739584,61726525,-6.454991e-02,-2.701624e-02,2.247171e-08,1.198819e-07,5.418317e-06,1.685418e-04
1685323776,22522554,20223885312,61736204,-6.456730e-02,-2.701845e-02,2.798773e-08,1.214178e-07,6.748324e-06,1.707012e-04
1685585920,22522608,20227031040,61745879,-6.456819e-02,-2.703204e-02,2.828768e-08,1.310706e-07,6.820646e-06,1.842720e-04
1685848064,22523765,20230176768,61755499,-6.454933e-02,-2.704364e-02,2.229782e-08,1.396090e-07,5.376387e-06,1.962761e-04
1686110208,22524078,20233322496,61765152,-6.456491e-02,-2.705444e-02,2.719323e-08,1.477946e-07,6.556756e-06,2.077842e-04
1686372352,22524102,20236468224,61774609,-6.456717e-02,-2.707531e-02,2.794537e-08,1.642745e-07,6.738109e-06,2.309532e-04
1686634496,22524690,20239613952,61784324,-6.456018e-02,-2.709189e-02,2.565764e-08,1.779920e-07,6.186500e-06,2.502387e-04
1686896640,22524776,20242759680,61793846,-6.456907e-02,-2.703924e-02,2.858418e-08,1.363351e-07,6.892139e-06,1.916734e-04
1687158784,22524943,20245905408,61803779,-6.457081e-02,-2.704420e-02,2.917420e-08,1.400269e-07,7.034402e-06,1.968636e-04
1687420928,22525019,20249051136,61813421,-6.456422e-02,-2.704058e-02,2.696763e-08,1.373287e-07,6.502361e-06,1.930702e-04
1687683072,22526025,20252196864,61823118,-6.456909e-02,-2.702354e-02,2.858922e-08,1.249940e-07,6.893353e-06,1.757289e-04
1687945216,22526114,20255342592,61832691,-6.459077e-02,-2.703776e-02,3.639400e-08,1.352465e-07,8.775221e-06,1.901429e-04
1688207360,22528121,20258488320,61842472,-6.458919e-02,-2.705036e-02,3.579384e-08,1.446720e-07,8.630510e-06,2.033942e-04
1688469504,22530825,20261634048,61851984,-6.457970e-02,-2.707846e-02,3.229229e-08,1.668391e-07,7.786227e-06,2.345589e-04
1688731648,22530917,20264779776,61861413,-6.459468e-02,-2.708918e-02,3.789883e-08,1.757126e-07,9.138062e-06,2.470340e-04
1688993792,22531005,20267925504,61870825,-6.458119e-02,-2.708901e-02,3.282736e-08,1.755721e-07,7.915241e-06,2.468365e-04
1689255936,22531125,20271071232,61880302,-6.458519e-02,-2.708454e-02,3.429594e-08,1.718412e-07,8.269342e-06,2.415912e-04
1689518080,22538611,20274216960,61889768,-6.459529e-02,-2.708784e-02,3.813708e-08,1.745885e-07,9.195506e-06,2.454537e-04
1689780224,22541431,20277362688,61899365,-6.462013e-02,-2.706558e-02,4.845607e-08,1.564830e-07,1.168359e-05,2.199991e-04
1690042368,22547625,20280508416,61908957,-6.463194e-02,-2.707660e-02,5.379458e-08,1.653225e-07,1.297080e-05,2.324266e-04
1690304512,22548119,20283654144,61918398,-6.463597e-02,-2.707096e-02,5.568058e-08,1.607723e-07,1.342555e-05,2.260295e-04
1690566656,22552359,20286799872,61928075,-6.464154e-02,-2.706976e-02,5.834175e-08,1.598073e-07,1.406720e-05,2.246728e-04
1690828800,22562562,20289945600,61937650,-6.462399e-02,-2.706852e-02,5.017009e-08,1.588170e-07,1.209687e-05,2.232806e-04
1691090944,22577201,20293091328,61947384,-6.461718e-02,-2.706614e-02,4.716584e-08,1.569239e-07,1.137250e-05,2.206191e-04
1691353088,22580604,20296237056,61957093,-6.461567e-02,-2.704146e-02,4.651118e-08,1.379852e-07,1.121465e-05,1.939932e-04
1691615232,22585135,20299382784,61966819,-6.462276e-02,-2.703284e-02,4.962089e-08,1.316552e-07,1.196445e-05,1.850939e-04
1691877376,22585154,20302528512,61976661,-6.462601e-02,-2.701430e-02,5.107867e-08,1.185455e-07,1.231595e-05,1.666629e-04
1692139520,22589289,20305674240,61986107,-6.461244e-02,-2.702464e-02,4.513008e-08,1.257723e-07,1.088164e-05,1.768231e-04
1692401664,22611784,20308819968,61995455,-6.457683e-02,-2.701796e-02,3.126695e-08,1.210754e-07,7.539001e-06,1.702197e-04
1692663808,22614453,20311965696,62005042,-6.456602e-02,-2.701459e-02,2.756307e-08,1.187431e-07,6.645931e-06,1.669408e-04
1692925952,22634937,20315111424,62014763,-6.456932e-02,-2.702751e-02,2.866738e-08,1.278111e-07,6.912199e-06,1.796895e-04
1693188096,22639520,20318257152,62024263,-6.457298e-02,-2.702502e-02,2.991955e-08,1.260380e-07,7.214118e-06,1.771966e-04
1693450240,22644024,20321402880,62033989,-6.459176e-02,-2.700351e-02,3.677021e-08,1.112304e-07,8.865931e-06,1.563786e-04
1693712384,22654987,20324548608,62043812,-6.459866e-02,-2.702828e-02,3.946670e-08,1.283631e-07,9.516101e-06,1.804655e-04
1693974528,22685815,20327694336,62053238,-6.460827e-02,-2.702966e-02,4.337476e-08,1.293540e-07,1.045840e-05,1.818586e-04
1694236672,22688173,20330840064,62062980,-6.461034e-02,-2.701914e-02,4.424180e-08,1.218999e-07,1.066746e-05,1.713789e-04
1694498816,22716418,20333985792,62072591,-6.459352e-02,-2.699992e-02,3.745053e-08,1.088442e-07,9.029966e-06,1.530239e-04
1694760960,22828243,20337131520,62082077,-6.459750e-02,-2.699202e-02,3.900625e-08,1.036943e-07,9.405078e-06,1.457836e-04
1695023104,22828785,20340277248,62091774,-6.460418e-02,-2.699842e-02,4.168772e-08,1.078571e-07,1.005163e-05,1.516361e-04
1695285248,22829299,20343422976,62101325,-6.460745e-02,-2.699281e-02,4.303406e-08,1.042083e-07,1.037625e-05,1.465064e-04
1695547392,22829355,20346568704,62110788,-6.460138e-02,-2.702454e-02,4.055160e-08,1.256957e-07,9.777691e-06,1.767154e-04
1695809536,22831825,20349714432,62120447,-6.459668e-02,-2.702967e-02,3.868319e-08,1.293607e-07,9.327183e-06,1.818680e-04
1696071680,22831901,20352860160,62130139,-6.457078e-02,-2.700908e-02,2.916402e-08,1.149763e-07,7.031947e-06,1.616450e-04
1696333824,22832392,20356005888,62139577,-6.457207e-02,-2.700339e-02,2.960848e-08,1.111509e-07,7.139115e-06,1.562669e-04
1696595968,22832579,20359151616,62149120,-6.458582e-02,-2.700711e-02,3.452814e-08,1.136412e-07,8.325328e-06,1.597680e-04
1696858112,22833259,20362297344,62158696,-6.459786e-02,-2.701235e-02,3.914764e-08,1.172051e-07,9.439169e-06,1.647785e-04
1697120256,22833281,20365443072,62168319,-6.459983e-02,-2.702974e-02,3.992986e-08,1.294116e-07,9.627777e-06,1.819396e-04
1697382400,22833444,20368588800,62177996,-6.457754e-02,-2.702346e-02,3.152041e-08,1.249374e-07,7.600113e-06,1.756493e-04
1697644544,22833579,20371734528,62187460,-6.459270e-02,-2.702769e-02,3.713399e-08,1.279430e-07,8.953645e-06,1.798749e-04
1697906688,22833819,20374880256,62197301,-6.458994e-02,-2.702474e-02,3.607631e-08,1.258437e-07,8.698620e-06,1.769234e-04
1698168832,22834379,20378025984,62206843,-6.459394e-02,-2.700930e-02,3.761219e-08,1.151254e-07,9.068945e-06,1.618546e-04
1698430976,22835949,20381171712,62216376,-6.461330e-02,-2.701618e-02,4.549485e-08,1.198380e-07,1.096959e-05,1.684801e-04
1698693120,22836086,20384317440,62226017,-6.462218e-02,-2.699857e-02,4.936231e-08,1.079574e-07,1.190210e-05,1.517772e-04
1698955264,22836197,20387463168,62235742,-6.460901e-02,-2.698004e-02,4.368566e-08,9.612427e-08,1.053336e-05,1.351410e-04
1699217408,22836465,20390608896,62245320,-6.460657e-02,-2.696196e-02,4.267007e-08,8.524191e-08,1.028849e-05,1.198415e-04
1699479552,22837995,20393754624,62254924,-6.460965e-02,-2.698027e-02,4.395391e-08,9.626870e-08,1.059805e-05,1.353440e-04
1699741696,22838118,20396900352,62264506,-6.461763e-02,-2.701340e-02,4.736021e-08,1.179242e-07,1.141936e-05,1.657895e-04
1700003840,22838336,20400046080,62274019,-6.461189e-02,-2.698754e-02,4.489613e-08,1.008305e-07,1.082523e-05,1.417574e-04
1700265984,22838602,20403191808,62283543,-6.463785e-02,-2.699977e-02,5.657373e-08,1.087496e-07,1.364090e-05,1.528909e-04
1700528128,22838866,20406337536,62293081,-6.462914e-02,-2.701553e-02,5.250633e-08,1.193923e-07,1.266018e-05,1.678534e-04
1700790272,22839842,20409483264,62302307,-6.461271e-02,-2.699790e-02,4.524411e-08,1.075184e-07,1.090913e-05,1.511600e-04
1701052416,22840085,20412628992,62311809,-6.462178e-02,-2.698167e-02,4.918700e-08,9.714103e-08,1.185983e-05,1.365704e-04
1701314560,22840857,20415774720,62321510,-6.462016e-02,-2.699194e-02,4.846920e-08,1.036475e-07,1.168676e-05,1.457179e-04
1701576704,22842090,20418920448,62330966,-6.462945e-02,-2.700001e-02,5.264642e-08,1.089044e-07,1.269396e-05,1.531086e-04
1701838848,22842149,20422066176,62340558,-6.461708e-02,-2.697098e-02,4.712054e-08,9.058738e-08,1.136157e-05,1.273567e-04
1702100992,22842307,20425211904,62350139,-6.463019e-02,-2.697477e-02,5.298545e-08,9.288686e-08,1.277570e-05,1.305895e-04
1702363136,22842414,20428357632,62359833,-6.464767e-02,-2.696788e-02,6.133783e-08,8.873349e-08,1.478961e-05,1.247503e-04
1702625280,22842939,20431503360,62369471,-6.462741e-02,-2.696768e-02,5.171377e-08,8.861479e-08,1.246908e-05,1.245834e-04
1702887424,22843066,20434649088,62379159,-6.461871e-02,-2.697601e-02,4.783485e-08,9.364227e-08,1.153381e-05,1.316515e-04
1703149568,22844422,20437794816,62388743,-6.462816e-02,-2.695454e-02,5.205659e-08,8.096381e-08,1.255174e-05,1.138269e-04
1703411712,22844762,20440940544,62398171,-6.462409e-02,-2.695191e-02,5.021349e-08,7.947506e-08,1.210734e-05,1.117339e-04
1703673856,22844822,20444086272,62407791,-6.463712e-02,-2.694729e-02,5.622693e-08,7.688774e-08,1.355728e-05,1.080964e-04
1703936000,22844914,20447232000,62417635,-6.462619e-02,-2.694307e-02,5.115953e-08,7.456484e-08,1.233544e-05,1.048306e-04
1704198144,22846872,20450377728,62427286,-6.460899e-02,-2.696051e-02,4.367631e-08,8.439891e-08,1.053111e-05,1.186563e-04
1704460288,22847588,20453523456,62436846,-6.461658e-02,-2.697834e-02,4.690730e-08,9.507381e-08,1.131016e-05,1.336641e-04
1704722432,22851941,20456669184,62446490,-6.463341e-02,-2.697080e-02,5.448106e-08,9.047866e-08,1.313632e-05,1.272038e-04
1704984576,22852467,20459814912,62455966,-6.461069e-02,-2.696951e-02,4.438923e-08,8.970601e-08,1.070301e-05,1.261175e-04
1705246720,22852505,20462960640,62465569,-6.459872e-02,-2.693463e-02,3.948743e-08,7.002692e-08,9.521098e-06,9.845074e-05
1705508864,22859932,20466106368,62475003,-6.458557e-02,-2.694113e-02,3.443682e-08,7.350965e-08,8.303312e-06,1.033471e-04
1705771008,22860649,20469252096,62484571,-6.458081e-02,-2.693787e-02,3.269250e-08,7.175672e-08,7.882726e-06,1.008827e-04
1706033152,22861458,20472397824,62494193,-6.458690e-02,-2.690795e-02,3.493079e-08,5.661805e-08,8.422416e-06,7.959923e-05
1706295296,22862270,20475543552,62503846,-6.457735e-02,-2.690542e-02,3.145166e-08,5.542157e-08,7.583538e-06,7.791710e-05
1706557440,22864790,20478689280,62513780,-6.456943e-02,-2.687982e-02,2.870524e-08,4.402580e-08,6.921327e-06,6.189580e-05
1706819584,22871045,20481835008,62523388,-6.456681e-02,-2.686988e-02,2.782593e-08,3.995368e-08,6.709311e-06,5.617082e-05
1707081728,22876581,20484980736,62532852,-6.455399e-02,-2.686477e-02,2.371249e-08,3.793510e-08,5.717489e-06,5.333290e-05
1707343872,22877010,20488126464,62542473,-6.454306e-02,-2.686924e-02,2.046576e-08,3.969720e-08,4.934648e-06,5.581024e-05
1707606016,22883645,20491272192,62552376,-6.454927e-02,-2.684858e-02,2.228002e-08,3.189254e-08,5.372096e-06,4.483768e-05
1707868160,22888920,20494417920,62561993,-6.455242e-02,-2.686325e-02,2.323080e-08,3.734606e-08,5.601346e-06,5.250478e-05
1708130304,22894326,20497563648,62571638,-6.455161e-02,-2.686165e-02,2.298390e-08,3.672807e-08,5.541814e-06,5.163594e-05
1708392448,22896325,20500709376,62581476,-6.456480e-02,-2.686494e-02,2.715884e-08,3.800043e-08,6.548464e-06,5.342475e-05
1708654592,22898611,20503855104,62591014,-6.454622e-02,-2.686024e-02,2.137960e-08,3.619174e-08,5.154989e-06,5.088191e-05
1708916736,22903266,20507000832,62600836,-6.453544e-02,-2.687059e-02,1.834309e-08,4.023490e-08,4.422834e-06,5.656619e-05
1709178880,22909159,20510146560,62610309,-6.455094e-02,-2.685936e-02,2.278103e-08,3.585589e-08,5.492899e-06,5.040974e-05
1709441024,22925507,20513292288,62619800,-6.459542e-02,-2.685432e-02,3.818656e-08,3.397452e-08,9.207438e-06,4.776472e-05
1709703168,22927108,20516438016,62629316,-6.458525e-02,-2.684059e-02,3.431526e-08,2.909980e-08,8.274000e-06,4.091136e-05
1709965312,22930028,20519583744,62638884,-6.459365e-02,-2.683532e-02,3.749956e-08,2.733101e-08,9.041791e-06,3.842463e-05
1710227456,22930711,20522729472,62648478,-6.461127e-02,-2.683318e-02,4.463445e-08,2.662917e-08,1.076213e-05,3.743792e-05
1710489600,22930785,20525875200,62658233,-6.458770e-02,-2.684609e-02,3.522942e-08,3.100861e-08,8.494421e-06,4.359496e-05
1710751744,22944626,20529020928,62667876,-6.458752e-02,-2.686410e-02,3.516233e-08,3.767651e-08,8.478243e-06,5.296936e-05
1711013888,22954200,20532166656,62677517,-6.459849e-02,-2.683389e-02,3.939865e-08,2.686007e-08,9.499691e-06,3.776254e-05
1711276032,22954958,20535312384,62687201,-6.460135e-02,-2.684015e-02,4.053960e-08,2.895255e-08,9.774797e-06,4.070436e-05
1711538176,22955817,20538458112,62696831,-6.460375e-02,-2.682894e-02,4.151448e-08,2.526177e-08,1.000986e-05,3.551548e-05
1711800320,22956038,20541603840,62706502,-6.459357e-02,-2.682415e-02,3.746783e-08,2.376242e-08,9.034138e-06,3.340756e-05
1712062464,22956196,20544749568,62716175,-6.459945e-02,-2.682796e-02,3.977815e-08,2.495129e-08,9.591196e-06,3.507897e-05
1712324608,22956780,20547895296,62725540,-6.459074e-02,-2.679971e-02,3.637979e-08,1.682395e-08,8.771793e-06,2.365276e-05
1712586752,22956850,20551041024,62735261,-6.460421e-02,-2.679635e-02,4.169989e-08,1.596355e-08,1.005456e-05,2.244313e-05
1712848896,22957568,20554186752,62744953,-6.460953e-02,-2.678722e-02,4.390082e-08,1.374053e-08,1.058524e-05,1.931778e-05
1713111040,22957586,20557332480,62754332,-6.461889e-02,-2.681133e-02,4.791310e-08,1.997471e-08,1.155267e-05,2.808242e-05
1713373184,22957604,20560478208,62763983,-6.460954e-02,-2.679805e-02,4.390706e-08,1.639617e-08,1.058675e-05,2.305135e-05
1713635328,22958299,20563623936,62773521,-6.461697e-02,-2.681980e-02,4.707527e-08,2.243878e-08,1.135066e-05,3.154664e-05
1713897472,22958373,20566769664,62782911,-6.462410e-02,-2.679952e-02,5.022017e-08,1.677663e-08,1.210895e-05,2.358623e-05
1714159616,22958880,20569915392,62792640,-6.464299e-02,-2.678867e-02,5.904209e-08,1.408280e-08,1.423607e-05,1.979899e-05
1714421760,22959273,20573061120,62802263,-6.463131e-02,-2.677996e-02,5.350120e-08,1.209189e-08,1.290006e-05,1.699997e-05
1714683904,22959405,20576206848,62811914,-6.462350e-02,-2.679744e-02,4.995337e-08,1.624151e-08,1.204462e-05,2.283391e-05
1714946048,22959614,20579352576,62821251,-6.461682e-02,-2.677771e-02,4.701063e-08,1.160170e-08,1.133507e-05,1.631081e-05
1715208192,22959795,20582498304,62830863,-6.460164e-02,-2.678858e-02,4.065970e-08,1.406247e-08,9.803755e-06,1.977041e-05
1715470336,22959860,20585644032,62840303,-6.459974e-02,-2.679886e-02,3.989711e-08,1.660577e-08,9.619881e-06,2.334603e-05
1715732480,22961381,20588789760,62849977,-6.462328e-02,-2.683962e-02,4.985351e-08,2.877155e-08,1.202054e-05,4.044988e-05
1715994624,22961515,20591935488,62859594,-6.461941e-02,-2.682787e-02,4.814169e-08,2.492305e-08,1.160779e-05,3.503928e-05
1716256768,22961615,20595081216,62869087,-6.460309e-02,-2.682570e-02,4.124471e-08,2.424319e-08,9.944808e-06,3.408346e-05
1716518912,22961672,20598226944,62878716,-6.460558e-02,-2.680903e-02,4.226166e-08,1.932978e-08,1.019002e-05,2.717570e-05
1716781056,22962427,20601372672,62888461,-6.460280e-02,-2.682075e-02,4.112677e-08,2.272484e-08,9.916371e-06,3.194882e-05
1717043200,22963237,20604518400,62898172,-6.459666e-02,-2.681612e-02,3.867440e-08,2.135020e-08,9.325063e-06,3.001621e-05
1717305344,22963290,20607664128,62907831,-6.459084e-02,-2.682511e-02,3.641959e-08,2.405966e-08,8.781391e-06,3.382544e-05
1717567488,22963559,20610809856,62917433,-6.459555e-02,-2.681442e-02,3.823900e-08,2.085612e-08,9.220080e-06,2.932159e-05
1717829632,22964177,20613955584,62927201,-6.461305e-02,-2.681354e-02,4.539003e-08,2.060403e-08,1.094432e-05,2.896717e-05
1718091776,22964820,20617101312,62936846,-6.460313e-02,-2.682047e-02,4.126287e-08,2.264012e-08,9.949188e-06,3.182971e-05
1718353920,22965071,20620247040,62946323,-6.459355e-02,-2.680200e-02,3.746206e-08,1.742402e-08,9.032748e-06,2.449640e-05
1718616064,22965278,20623392768,62955705,-6.459191e-02,-2.676827e-02,3.682738e-08,9.656516e-09,8.879715e-06,1.357608e-05
1718878208,22965940,20626538496,62965296,-6.458333e-02,-2.675120e-02,3.360952e-08,6.592860e-09,8.103833e-06,9.268892e-06
1719140352,22966050,20629684224,62974753,-6.458464e-02,-2.672922e-02,3.408929e-08,3.507120e-09,8.219514e-06,4.930655e-06
1719402496,22967318,20632829952,62984227,-6.460265e-02,-2.673395e-02,4.106635e-08,4.090104e-09,9.901805e-06,5.750272e-06
1719664640,22967349,20635975680,62993721,-6.461170e-02,-2.673374e-02,4.481407e-08,4.062277e-09,1.080544e-05,5.711149e-06
1719926784,22967590,20639121408,63003264,-6.460770e-02,-2.671441e-02,4.313922e-08,1.972672e-09,1.040161e-05,2.773377e-06
1720188928,22968092,20642267136,63012806,-6.461429e-02,-2.673929e-02,4.591855e-08,4.800643e-09,1.107175e-05,6.749217e-06
1720451072,22968104,20645412864,63022297,-6.462563e-02,-2.672952e-02,5.090706e-08,3.543172e-09,1.227457e-05,4.981341e-06
1720713216,22968285,20648558592,63031786,-6.460975e-02,-2.672595e-02,4.399454e-08,3.130418e-09,1.060784e-05,4.401050e-06
1720975360,22968541,20651704320,63041356,-6.462226e-02,-2.672945e-02,4.939874e-08,3.534086e-09,1.191089e-05,4.968566e-06
1721237504,22969419,20654850048,63050905,-6.463042e-02,-2.674893e-02,5.309183e-08,6.230762e-09,1.280136e-05,8.759819e-06
1721499648,22969487,20657995776,63060722,-6.462912e-02,-2.675395e-02,5.249268e-08,7.048443e-09,1.265689e-05,9.909395e-06
1721761792,22971553,20661141504,63070319,-6.465547e-02,-2.677837e-02,6.526263e-08,1.174337e-08,1.573594e-05,1.650999e-05
1722023936,22974210,20664287232,63079867,-6.464669e-02,-2.675377e-02,6.085533e-08,7.017202e-09,1.467327e-05,9.865474e-06
1722286080,22974331,20667432960,63089304,-6.465854e-02,-2.675271e-02,6.684042e-08,6.840453e-09,1.611638e-05,9.616982e-06
1722548224,22974529,20670578688,63099052,-6.466886e-02,-2.676306e-02,7.228659e-08,8.660785e-09,1.742954e-05,1.217619e-05
1722810368,22974537,20673724416,63108802,-6.465878e-02,-2.675788e-02,6.696376e-08,7.722169e-09,1.614612e-05,1.085659e-05
1723072512,22981997,20676870144,63118318,-6.467186e-02,-2.676412e-02,7.390611e-08,8.858473e-09,1.782004e-05,1.245411e-05
1723334656,22984832,20680015872,63127838,-6.468757e-02,-2.677086e-02,8.269654e-08,1.017244e-08,1.993956e-05,1.430142e-05
1723596800,22991096,20683161600,63137323,-6.469758e-02,-2.677329e-02,8.855159e-08,1.066829e-08,2.135131e-05,1.499853e-05
1723858944,22991310,20686307328,63147103,-6.469507e-02,-2.677917e-02,8.706355e-08,1.191842e-08,2.099252e-05,1.675608e-05
1724121088,22995939,20689453056,63156794,-6.469758e-02,-2.676859e-02,8.855159e-08,9.719950e-09,2.135131e-05,1.366526e-05
1724383232,23006749,20692598784,63166343,-6.469721e-02,-2.676370e-02,8.833002e-08,8.779060e-09,2.129789e-05,1.234247e-05
1724645376,23020532,20695744512,63175928,-6.469683e-02,-2.676734e-02,8.810430e-08,9.475433e-09,2.124346e-05,1.332150e-05
1724907520,23023886,20698890240,63185559,-6.466991e-02,-2.674318e-02,7.284856e-08,5.355527e-09,1.756504e-05,7.529327e-06
1725169664,23028388,20702035968,63195087,-6.467038e-02,-2.674422e-02,7.310619e-08,5.509007e-09,1.762716e-05,7.745105e-06
1725431808,23028505,20705181696,63204893,-6.464627e-02,-2.674558e-02,6.064965e-08,5.712420e-09,1.462367e-05,8.031083e-06
1725693952,23034026,20708327424,63214580,-6.464732e-02,-2.677344e-02,6.116450e-08,1.070063e-08,1.474781e-05,1.504400e-05
1725956096,23055145,20711473152,63224164,-6.464252e-02,-2.677590e-02,5.881421e-08,1.121417e-08,1.418112e-05,1.576598e-05
1726218240,23057937,20714618880,63233802,-6.463979e-02,-2.677616e-02,5.749900e-08,1.126986e-08,1.386400e-05,1.584428e-05
1726480384,23078344,20717764608,63243173,-6.462452e-02,-2.676288e-02,5.040734e-08,8.626843e-09,1.215408e-05,1.212847e-05
1726742528,23082766,20720910336,63252781,-6.462660e-02,-2.674983e-02,5.134845e-08,6.372411e-09,1.238100e-05,8.958963e-06
1727004672,23087239,20724056064,63262261,-6.463446e-02,-2.675832e-02,5.497258e-08,7.800936e-09,1.325484e-05,1.096732e-05
1727266816,23098305,20727201792,63271754,-6.461260e-02,-2.676376e-02,4.519658e-08,8.790932e-09,1.089767e-05,1.235916e-05
1727528960,23129010,20730347520,63281513,-6.462386e-02,-2.676479e-02,5.011003e-08,8.984440e-09,1.208239e-05,1.263121e-05
1727791104,23131350,20733493248,63290937,-6.462718e-02,-2.675672e-02,5.160878e-08,7.520860e-09,1.244377e-05,1.057357e-05
1728053248,23159619,20736638976,63300594,-6.463224e-02,-2.676282e-02,5.393637e-08,8.616120e-09,1.300499e-05,1.211339e-05
1728315392,23277004,20739784704,63310261,-6.463347e-02,-2.676781e-02,5.450541e-08,9.567764e-09,1.314219e-05,1.345130e-05
1728577536,23277658,20742930432,63319598,-6.464241e-02,-2.677143e-02,5.876001e-08,1.028774e-08,1.416805e-05,1.446351e-05
1728839680,23278098,20746076160,63329170,-6.464908e-02,-2.678188e-02,6.204102e-08,1.251750e-08,1.495916e-05,1.759834e-05
1729101824,23278284,20749221888,63338806,-6.466688e-02,-2.677882e-02,7.122483e-08,1.184208e-08,1.717353e-05,1.664876e-05
1729363968,23280613,20752367616,63348306,-6.466131e-02,-2.677484e-02,6.828122e-08,1.099160e-08,1.646378e-05,1.545308e-05
1729626112,23280625,20755513344,63357995,-6.466776e-02,-2.678333e-02,7.169486e-08,1.284302e-08,1.728687e-05,1.805598e-05
1729888256,23281194,20758659072,63367673,-6.466245e-02,-2.678600e-02,6.887827e-08,1.345556e-08,1.660774e-05,1.891715e-05
1730150400,23281648,20761804800,63377198,-6.465665e-02,-2.676325e-02,6.586930e-08,8.695141e-09,1.588222e-05,1.222449e-05
1730412544,23281991,20764950528,63386594,-6.466982e-02,-2.674546e-02,7.280031e-08,5.694976e-09,1.755341e-05,8.006559e-06
1730674688,23282177,20768096256,63396186,-6.468541e-02,-2.673411e-02,8.145852e-08,4.110141e-09,1.964105e-05,5.778442e-06
1730936832,23282249,20771241984,63405962,-6.467105e-02,-2.672224e-02,7.346522e-08,2.729575e-09,1.771373e-05,3.837505e-06
1731198976,23282380,20774387712,63415530,-6.464400e-02,-2.672241e-02,5.953554e-08,2.747120e-09,1.435504e-05,3.862172e-06
1731461120,23282840,20777533440,63425385,-6.462666e-02,-2.673572e-02,5.137547e-08,4.319325e-09,1.238751e-05,6.072532e-06
1731723264,23283167,20780679168,63434994,-6.463367e-02,-2.673523e-02,5.460286e-08,4.254688e-09,1.316569e-05,5.981660e-06
1731985408,23284884,20783824896,63444321,-6.463211e-02,-2.672745e-02,5.387410e-08,3.300024e-09,1.298997e-05,4.639500e-06
1732247552,23284927,20786970624,63453981,-6.464218e-02,-2.671561e-02,5.865170e-08,2.079986e-09,1.414193e-05,2.924250e-06
1732509696,23285307,20790116352,63463766,-6.465406e-02,-2.670455e-02,6.454513e-08,1.193845e-09,1.556294e-05,1.678425e-06
1732771840,23285453,20793262080,63473345,-6.466466e-02,-2.671726e-02,7.004466e-08,2.233416e-09,1.688897e-05,3.139957e-06
1733033984,23287118,20796407808,63483055,-6.467553e-02,-2.672797e-02,7.591674e-08,3.360649e-09,1.830483e-05,4.724731e-06
1733296128,23287295,20799553536,63492682,-6.468703e-02,-2.671230e-02,8.238402e-08,1.789032e-09,1.986421e-05,2.515197e-06
1733558272,23287364,20802699264,63502184,-6.466854e-02,-2.672338e-02,7.211442e-08,2.848993e-09,1.738803e-05,4.005396e-06
1733820416,23287589,20805844992,63511758,-6.467250e-02,-2.673449e-02,7.425491e-08,4.159007e-09,1.790414e-05,5.847142e-06
1734082560,23287756,20808990720,63521377,-6.466541e-02,-2.675319e-02,7.044355e-08,6.921105e-09,1.698515e-05,9.730373e-06
1734344704,23288766,20812136448,63531073,-6.467385e-02,-2.674890e-02,7.499168e-08,6.225764e-09,1.808179e-05,8.752793e-06
1734606848,23289081,20815282176,63540726,-6.468131e-02,-2.676052e-02,7.913201e-08,8.193346e-09,1.908009e-05,1.151901e-05
1734868992,23290024,20818427904,63550263,-6.467442e-02,-2.678443e-02,7.530622e-08,1.309502e-08,1.815763e-05,1.841027e-05
1735131136,23290943,20821573632,63560306,-6.468638e-02,-2.676723e-02,8.201234e-08,9.454050e-09,1.977459e-05,1.329144e-05
1735393280,23291068,20824719360,63569936,-6.470453e-02,-2.677329e-02,9.273705e-08,1.066944e-08,2.236050e-05,1.500015e-05
1735655424,23291114,20827865088,63579567,-6.469694e-02,-2.677680e-02,8.817066e-08,1.140552e-08,2.125947e-05,1.603500e-05
1735917568,23291728,20831010816,63589453,-6.471910e-02,-2.678722e-02,1.018254e-07,1.374140e-08,2.455186e-05,1.931901e-05
1736179712,23291847,20834156544,63599034,-6.474715e-02,-2.676952e-02,1.205096e-07,9.903343e-09,2.905694e-05,1.392310e-05
1736441856,23292133,20837302272,63608691,-6.473830e-02,-2.674836e-02,1.144426e-07,6.141105e-09,2.759407e-05,8.633772e-06
1736704000,23293471,20840448000,63618431,-6.474095e-02,-2.672595e-02,1.162442e-07,3.130001e-09,2.802847e-05,4.400464e-06
1736966144,23293512,20843593728,63628143,-6.475393e-02,-2.670778e-02,1.252681e-07,1.427049e-09,3.020431e-05,2.006286e-06
1737228288,23293655,20846739456,63637749,-6.474812e-02,-2.669247e-02,1.211882e-07,5.048599e-10,2.922056e-05,7.097818e-07
1737490432,23293938,20849885184,63647364,-6.473654e-02,-2.669841e-02,1.132560e-07,8.072866e-10,2.730797e-05,1.134963e-06
1737752576,23295855,20853030912,63656968,-6.473774e-02,-2.668418e-02,1.140648e-07,2.011342e-10,2.750299e-05,2.827743e-07
1738014720,23296408,20856176640,63666634,-6.474319e-02,-2.667570e-02,1.177784e-07,3.248651e-11,2.839841e-05,4.567274e-08
1738276864,23301108,20859322368,63676173,-6.476654e-02,-2.666709e-02,1.343507e-07,8.486600e-12,3.239426e-05,1.193130e-08
1738539008,23301427,20862468096,63685651,-6.474600e-02,-2.666584e-02,1.197143e-07,1.726869e-11,2.886517e-05,2.427803e-08
1738801152,23301620,20865613824,63695366,-6.474485e-02,-2.667246e-02,1.189165e-07,6.045164e-12,2.867281e-05,8.498887e-09
1739063296,23309341,20868759552,63704965,-6.473599e-02,-2.668145e-02,1.128852e-07,1.311805e-10,2.721856e-05,1.844265e-07
1739325440,23309513,20871905280,63714368,-6.474368e-02,-2.666369e-02,1.181111e-07,3.975370e-11,2.847862e-05,5.588968e-08
1739587584,23310718,20875051008,63723893,-6.472628e-02,-2.666367e-02,1.064559e-07,4.003606e-11,2.566836e-05,5.628664e-08
1739849728,23311219,20878196736,63733623,-6.473397e-02,-2.665089e-02,1.115375e-07,3.652915e-10,2.689361e-05,5.135628e-07
1740111872,23313565,20881342464,63743321,-6.472556e-02,-2.664497e-02,1.059848e-07,6.264190e-10,2.555477e-05,8.806815e-07
1740374016,23320056,20884488192,63752776,-6.472570e-02,-2.663898e-02,1.060770e-07,9.625021e-10,2.557700e-05,1.353180e-06
1740636160,23325536,20887633920,63762382,-6.471017e-02,-2.664369e-02,9.620398e-08,6.922089e-10,2.319644e-05,9.731755e-07
1740898304,23326053,20890779648,63771721,-6.470221e-02,-2.664918e-02,9.133116e-08,4.336545e-10,2.202151e-05,6.096742e-07
1741160448,23332462,20893925376,63781337,-6.469166e-02,-2.665444e-02,8.506581e-08,2.420724e-10,2.051083e-05,3.403292e-07
1741422592,23338863,20897071104,63790889,-6.471018e-02,-2.664221e-02,9.620861e-08,7.725282e-10,2.319755e-05,1.086096e-06
1741684736,23343276,20900216832,63800392,-6.469493e-02,-2.664289e-02,8.698444e-08,7.350965e-10,2.097344e-05,1.033471e-06
1741946880,23345316,20903362560,63810039,-6.467737e-02,-2.663601e-02,7.693010e-08,1.155036e-09,1.854917e-05,1.623864e-06
1742209024,23348467,20906508288,63819812,-6.468906e-02,-2.663327e-02,8.355578e-08,1.348783e-09,2.014674e-05,1.896252e-06
1742471168,23352185,20909654016,63829613,-6.466907e-02,-2.662431e-02,7.239881e-08,2.087128e-09,1.745660e-05,2.934290e-06
1742733312,23358336,20912799744,63839151,-6.465174e-02,-2.661623e-02,6.336938e-08,2.891704e-09,1.527945e-05,4.065443e-06
1742995456,23374586,20915945472,63848624,-6.464656e-02,-2.661444e-02,6.078918e-08,3.086800e-09,1.465732e-05,4.339728e-06
1743257600,23376720,20919091200,63858280,-6.467462e-02,-2.662681e-02,7.541666e-08,1.865142e-09,1.818426e-05,2.622200e-06
1743519744,23378819,20922236928,63867782,-6.466468e-02,-2.664131e-02,7.005255e-08,8.230278e-10,1.689088e-05,1.157093e-06
1743781888,23379728,20925382656,63877458,-6.466202e-02,-2.664896e-02,6.865554e-08,4.427001e-10,1.655403e-05,6.223914e-07
1744044032,23381243,20928528384,63886907,-6.465188e-02,-2.662819e-02,6.344068e-08,1.747831e-09,1.529664e-05,2.457273e-06
1744306176,23393465,20931674112,63896643,-6.467148e-02,-2.665952e-02,7.369965e-08,1.098535e-10,1.777025e-05,1.544429e-07
1744568320,23397963,20934819840,63906341,-6.467087e-02,-2.666139e-02,7.336831e-08,7.405326e-11,1.769036e-05,1.041114e-07
1744830464,23398962,20937965568,63915886,-6.468277e-02,-2.667178e-02,7.995994e-08,3.170852e-12,1.927972e-05,4.457897e-09
1745092608,23399221,20941111296,63925527,-6.466680e-02,-2.669489e-02,7.118109e-08,6.194456e-10,1.716299e-05,8.708777e-07
1745354752,23399470,20944257024,63935280,-6.464487e-02,-2.666079e-02,5.995805e-08,8.483847e-11,1.445692e-05,1.192743e-07
1745616896,23399939,20947402752,63944741,-6.463256e-02,-2.664779e-02,5.408528e-08,4.931267e-10,1.304089e-05,6.932860e-07
1745879040,23400179,20950548480,63954415,-6.461561e-02,-2.664634e-02,4.648869e-08,5.599397e-10,1.120922e-05,7.872184e-07
1746141184,23400633,20953694208,63963961,-6.463569e-02,-2.663841e-02,5.554705e-08,9.981926e-10,1.339335e-05,1.403358e-06
1746403328,23400692,20956839936,63973389,-6.463185e-02,-2.662598e-02,5.375311e-08,1.937587e-09,1.296080e-05,2.724051e-06
1746665472,23400742,20959985664,63983085,-6.464650e-02,-2.665448e-02,6.076346e-08,2.407989e-10,1.465112e-05,3.385389e-07
1746927616,23401573,20963131392,63992492,-6.466465e-02,-2.664588e-02,7.004072e-08,5.815654e-10,1.688803e-05,8.176219e-07
1747189760,23402285,20966277120,64002230,-6.467994e-02,-2.663331e-02,7.836260e-08,1.345774e-09,1.889457e-05,1.892022e-06
1747451904,23402411,20969422848,64011975,-6.464961e-02,-2.662543e-02,6.230483e-08,1.986761e-09,1.502277e-05,2.793185e-06
1747714048,23402694,20972568576,64021457,-6.464280e-02,-2.664343e-02,5.895161e-08,7.057016e-10,1.421425e-05,9.921449e-07
1747976192,23402739,20975714304,64030908,-6.464414e-02,-2.662792e-02,5.960464e-08,1.770644e-09,1.437171e-05,2.489345e-06
1748238336,23403059,20978860032,64040514,-6.463788e-02,-2.662754e-02,5.658791e-08,1.802924e-09,1.364432e-05,2.534729e-06
1748500480,23403105,20982005760,64050119,-6.462809e-02,-2.660640e-02,5.202600e-08,4.044963e-09,1.254436e-05,5.686807e-06
1748762624,23403496,20985151488,64059870,-6.465770e-02,-2.659093e-02,6.640580e-08,6.252247e-09,1.601158e-05,8.790023e-06
1749024768,23404577,20988297216,64069457,-6.466613e-02,-2.658214e-02,7.082373e-08,7.718896e-09,1.707682e-05,1.085199e-05
1749286912,23404845,20991442944,64079410,-6.465528e-02,-2.656247e-02,6.516749e-08,1.156201e-08,1.571300e-05,1.625501e-05
1749549056,23404890,20994588672,64089081,-6.467009e-02,-2.655591e-02,7.294915e-08,1.301755e-08,1.758929e-05,1.830135e-05
1749811200,23404937,20997734400,64098564,-6.465553e-02,-2.655043e-02,6.529308e-08,1.429758e-08,1.574329e-05,2.010095e-05
1750073344,23405493,21000880128,64108127,-6.462513e-02,-2.658194e-02,5.068205e-08,7.755268e-09,1.222032e-05,1.090312e-05
1750335488,23406337,21004025856,64117734,-6.463502e-02,-2.661370e-02,5.523142e-08,3.170145e-09,1.331725e-05,4.456902e-06
1750597632,23406695,21007171584,64127066,-6.462340e-02,-2.662101e-02,4.990676e-08,2.399599e-09,1.203338e-05,3.373593e-06
1750859776,23406804,21010317312,64136773,-6.460029e-02,-2.666561e-02,4.011468e-08,1.927434e-11,9.672342e-06,2.709776e-08
1751121920,23407066,21013463040,64146092,-6.461975e-02,-2.666465e-02,4.828893e-08,2.863726e-11,1.164329e-05,4.026109e-08
1751384064,23407621,21016608768,64155677,-6.463531e-02,-2.666593e-02,5.536808e-08,1.654876e-11,1.335020e-05,2.326588e-08
1751646208,23407968,21019754496,64165282,-6.464031e-02,-2.664689e-02,5.774581e-08,5.339785e-10,1.392351e-05,7.507197e-07
1751908352,23408320,21022900224,64174850,-6.463097e-02,-2.663375e-02,5.334622e-08,1.314256e-09,1.286269e-05,1.847710e-06
1752170496,23408461,21026045952,64184338,-6.463576e-02,-2.663633e-02,5.558217e-08,1.133613e-09,1.340182e-05,1.593745e-06
1752432640,23409254,21029191680,64193949,-6.465332e-02,-2.662986e-02,6.417089e-08,1.611519e-09,1.547271e-05,2.265632e-06
1752694784,23409428,21032337408,64203422,-6.464548e-02,-2.663326e-02,6.025762e-08,1.350151e-09,1.452915e-05,1.898175e-06
1752956928,23410452,21035483136,64213264,-6.464569e-02,-2.661891e-02,6.036375e-08,2.610238e-09,1.455474e-05,3.669730e-06
1753219072,23410793,21038628864,64222745,-6.462241e-02,-2.661457e-02,4.946500e-08,3.072949e-09,1.192686e-05,4.320254e-06
1753481216,23410979,21041774592,64232439,-6.462850e-02,-2.662498e-02,5.220969e-08,2.026645e-09,1.258866e-05,2.849257e-06
1753743360,23411427,21044920320,64242103,-6.462844e-02,-2.663835e-02,5.218586e-08,1.001963e-09,1.258291e-05,1.408658e-06
1754005504,23411514,21048066048,64251676,-6.461919e-02,-2.663235e-02,4.804366e-08,1.417636e-09,1.158415e-05,1.993052e-06
1754267648,23411537,21051211776,64261509,-6.462451e-02,-2.663736e-02,5.040400e-08,1.065434e-09,1.215327e-05,1.497893e-06
1754529792,23411871,21054357504,64271115,-6.461158e-02,-2.660951e-02,4.476677e-08,3.658968e-09,1.079404e-05,5.144137e-06
1754791936,23412695,21057503232,64280504,-6.463269e-02,-2.658645e-02,5.414421e-08,6.981360e-09,1.305510e-05,9.815084e-06
1755054080,23412836,21060648960,64290084,-6.462715e-02,-2.660245e-02,5.159524e-08,4.563599e-09,1.244050e-05,6.415957e-06
1755316224,23414985,21063794688,64299820,-6.462666e-02,-2.660610e-02,5.137209e-08,4.083674e-09,1.238669e-05,5.741231e-06
1755578368,23417350,21066940416,64309481,-6.462279e-02,-2.660863e-02,4.963416e-08,3.766101e-09,1.196765e-05,5.294757e-06
1755840512,23417619,21070086144,64319111,-6.463460e-02,-2.659087e-02,5.503549e-08,6.260792e-09,1.327000e-05,8.802038e-06
1756102656,23417719,21073231872,64328698,-6.462894e-02,-2.659727e-02,5.241077e-08,5.290026e-09,1.263714e-05,7.437241e-06
1756364800,23418055,21076377600,64338432,-6.462094e-02,-2.660197e-02,4.881427e-08,4.628505e-09,1.176996e-05,6.507208e-06
1756626944,23425271,21079523328,64348115,-6.459532e-02,-2.658859e-02,3.814872e-08,6.627994e-09,9.198313e-06,9.318287e-06
1756889088,23428021,21082669056,64357780,-6.460470e-02,-2.658521e-02,4.190096e-08,7.188938e-09,1.010304e-05,1.010692e-05
1757151232,23434557,21085814784,64367425,-6.459766e-02,-2.659600e-02,3.906807e-08,5.476428e-09,9.419985e-06,7.699302e-06
1757413376,23434559,21088960512,64377157,-6.457352e-02,-2.660891e-02,3.010800e-08,3.732115e-09,7.259557e-06,5.246974e-06
1757675520,23439356,21092106240,64386843,-6.457530e-02,-2.659950e-02,3.072913e-08,4.969620e-09,7.409322e-06,6.986781e-06
1757937664,23451004,21095251968,64396434,-6.457052e-02,-2.658566e-02,2.907502e-08,7.113961e-09,7.010488e-06,1.000151e-05
1758199808,23463785,21098397696,64406184,-6.458707e-02,-2.656385e-02,3.499488e-08,1.126788e-08,8.437867e-06,1.584150e-05
1758461952,23467142,21101543424,64415797,-6.458970e-02,-2.653039e-02,3.598580e-08,1.949223e-08,8.676796e-06,2.740409e-05
1758724096,23471407,21104689152,64425403,-6.458318e-02,-2.652200e-02,3.355490e-08,2.190406e-08,8.090666e-06,3.079489e-05
1758986240,23471745,21107834880,64435188,-6.460836e-02,-2.651971e-02,4.341201e-08,2.258634e-08,1.046738e-05,3.175411e-05
1759248384,23478556,21110980608,64444854,-6.458922e-02,-2.652546e-02,3.580512e-08,2.089218e-08,8.633230e-06,2.937228e-05
1759510528,23498499,21114126336,64454619,-6.457824e-02,-2.653976e-02,3.176693e-08,1.696242e-08,7.659553e-06,2.384745e-05
1759772672,23501295,21117272064,64464171,-6.456796e-02,-2.654640e-02,2.821004e-08,1.527639e-08,6.801925e-06,2.147705e-05
1760034816,23521766,21120417792,64473998,-6.459261e-02,-2.654680e-02,3.709954e-08,1.517847e-08,8.945339e-06,2.133939e-05
1760296960,23526087,21123563520,64483688,-6.458796e-02,-2.653523e-02,3.532738e-08,1.816240e-08,8.518040e-06,2.553450e-05
1760559104,23530207,21126709248,64493206,-6.458575e-02,-2.652362e-02,3.450322e-08,2.142647e-08,8.319321e-06,3.012344e-05
1760821248,23541686,21129854976,64502795,-6.461217e-02,-2.652417e-02,4.501302e-08,2.126754e-08,1.085342e-05,2.990000e-05
1761083392,23572173,21133000704,64512609,-6.459477e-02,-2.650784e-02,3.793365e-08,2.629467e-08,9.146456e-06,3.696763e-05
1761345536,23574538,21136146432,64522252,-6.459831e-02,-2.651326e-02,3.932474e-08,2.456617e-08,9.481871e-06,3.453755e-05
1761607680,23602778,21139292160,64531840,-6.459451e-02,-2.651646e-02,3.783504e-08,2.357330e-08,9.122679e-06,3.314166e-05
1761869824,23725743,21142437888,64541658,-6.461147e-02,-2.650839e-02,4.471949e-08,2.611676e-08,1.078264e-05,3.671752e-05
1762131968,23726694,21145583616,64551316,-6.462006e-02,-2.649955e-02,4.842328e-08,2.905343e-08,1.167569e-05,4.084617e-05
1762394112,23726993,21148729344,64560893,-6.463864e-02,-2.650662e-02,5.694649e-08,2.669426e-08,1.373078e-05,3.752942e-05
1762656256,23727288,21151875072,64570437,-6.464452e-02,-2.651927e-02,5.978669e-08,2.271866e-08,1.441560e-05,3.194013e-05
1762918400,23729344,21155020800,64580041,-6.463625e-02,-2.652546e-02,5.581428e-08,2.089110e-08,1.345778e-05,2.937077e-05
1763180544,23729491,21158166528,64589622,-6.465625e-02,-2.652675e-02,6.566295e-08,2.052016e-08,1.583247e-05,2.884926e-05
1763442688,23729922,21161312256,64599267,-6.465066e-02,-2.652662e-02,6.283037e-08,2.055806e-08,1.514949e-05,2.890255e-05
1763704832,23730599,21164457984,64609021,-6.463718e-02,-2.653516e-02,5.625166e-08,1.818199e-08,1.356324e-05,2.556203e-05
1763966976,23730659,21167603712,64618816,-6.460634e-02,-2.651469e-02,4.257470e-08,2.411980e-08,1.026549e-05,3.390999e-05
1764229120,23731125,21170749440,64628269,-6.462499e-02,-2.650706e-02,5.062169e-08,2.655020e-08,1.220576e-05,3.732689e-05
1764491264,23731189,21173895168,64637594,-6.462226e-02,-2.650869e-02,4.939874e-08,2.601993e-08,1.191089e-05,3.658138e-05
1764753408,23731236,21177040896,64647206,-6.461094e-02,-2.649758e-02,4.449604e-08,2.972912e-08,1.072876e-05,4.179612e-05
1765015552,23731648,21180186624,64656809,-6.460555e-02,-2.649367e-02,4.224941e-08,3.109329e-08,1.018706e-05,4.371401e-05
1765277696,23731811,21183332352,64666468,-6.461641e-02,-2.650319e-02,4.683310e-08,2.782468e-08,1.129227e-05,3.911868e-05
1765539840,23733633,21186478080,64675861,-6.461205e-02,-2.649300e-02,4.496246e-08,3.132890e-08,1.084122e-05,4.404526e-05
1765801984,23733775,21189623808,64685516,-6.459640e-02,-2.650430e-02,3.857190e-08,2.745741e-08,9.300349e-06,3.860233e-05
1766064128,23734271,21192769536,64695076,-6.460110e-02,-2.650074e-02,4.044066e-08,2.864909e-08,9.750939e-06,4.027772e-05
1766326272,23734611,21195915264,64704656,-6.458875e-02,-2.649828e-02,3.562489e-08,2.948682e-08,8.589774e-06,4.145547e-05
1766588416,23736123,21199060992,64714137,-6.455977e-02,-2.648879e-02,2.552415e-08,3.283681e-08,6.154312e-06,4.616522e-05
1766850560,23736172,21202206720,64723669,-6.453910e-02,-2.648258e-02,1.934946e-08,3.512601e-08,4.665488e-06,4.938361e-05
1767112704,23736457,21205352448,64733107,-6.453256e-02,-2.647284e-02,1.757037e-08,3.887246e-08,4.236519e-06,5.465073e-05
1767374848,23736533,21208498176,64742626,-6.452972e-02,-2.647600e-02,1.682588e-08,3.763748e-08,4.057009e-06,5.291448e-05
1767636992,23736657,21211643904,64752320,-6.454697e-02,-2.648162e-02,2.160023e-08,3.548861e-08,5.208187e-06,4.989338e-05
1767899136,23737620,21214789632,64762160,-6.452867e-02,-2.647910e-02,1.655636e-08,3.644234e-08,3.992024e-06,5.123424e-05
1768161280,23738037,21217935360,64771698,-6.454562e-02,-2.647231e-02,2.120348e-08,3.908280e-08,5.112524e-06,5.494645e-05
1768423424,23739279,21221081088,64781401,-6.456444e-02,-2.645867e-02,2.704109e-08,4.465964e-08,6.520073e-06,6.278692e-05
1768685568,23739686,21224226816,64791083,-6.455945e-02,-2.644041e-02,2.542426e-08,5.270969e-08,6.130228e-06,7.410449e-05
1768947712,23740054,21227372544,64800697,-6.454907e-02,-2.643973e-02,2.222223e-08,5.302233e-08,5.358162e-06,7.454401e-05
1769209856,23740060,21230518272,64810288,-6.451719e-02,-2.641102e-02,1.373354e-08,6.706791e-08,3.311393e-06,9.429068e-05
1769472000,23740558,21233664000,64819842,-6.454850e-02,-2.641658e-02,2.205151e-08,6.422186e-08,5.317000e-06,9.028942e-05
1769734144,23741073,21236809728,64829480,-6.452873e-02,-2.642134e-02,1.657170e-08,6.183335e-08,3.995723e-06,8.693142e-05
1769996288,23741102,21239955456,64839027,-6.452505e-02,-2.640435e-02,1.563764e-08,7.056818e-08,3.770504e-06,9.921170e-05
1770258432,23742322,21243101184,64848730,-6.453182e-02,-2.640332e-02,1.737537e-08,7.111849e-08,4.189502e-06,9.998537e-05
1770520576,23742339,21246246912,64858420,-6.454648e-02,-2.639510e-02,2.145593e-08,7.557020e-08,5.173394e-06,1.062440e-04
1770782720,23742514,21249392640,64868130,-6.454218e-02,-2.639188e-02,2.021499e-08,7.735121e-08,4.874183e-06,1.087480e-04
1771044864,23742961,21252538368,64877530,-6.453867e-02,-2.638932e-02,1.922943e-08,7.878029e-08,4.636545e-06,1.107571e-04
1771307008,23744617,21255684096,64886995,-6.455651e-02,-2.637511e-02,2.449441e-08,8.695807e-08,5.906024e-06,1.222542e-04
1771569152,23745307,21258829824,64896554,-6.453457e-02,-2.638447e-02,1.810973e-08,8.152871e-08,4.366568e-06,1.146211e-04
1771831296,23750338,21261975552,64906395,-6.451717e-02,-2.639144e-02,1.372830e-08,7.759385e-08,3.310130e-06,1.090891e-04
1772093440,23750463,21265121280,64915964,-6.453082e-02,-2.638128e-02,1.711316e-08,8.335777e-08,4.126279e-06,1.171926e-04
1772355584,23750613,21268267008,64925578,-6.450741e-02,-2.638660e-02,1.153639e-08,8.031744e-08,2.781621e-06,1.129182e-04
1772617728,23758414,21271412736,64935074,-6.453676e-02,-2.639067e-02,1.870204e-08,7.802509e-08,4.509385e-06,1.096954e-04
1772879872,23758700,21274558464,64944443,-6.453772e-02,-2.639148e-02,1.896584e-08,7.757309e-08,4.572992e-06,1.090599e-04
1773142016,23759846,21277704192,64953930,-6.451914e-02,-2.636900e-02,1.419487e-08,9.060196e-08,3.422628e-06,1.273771e-04
1773404160,23760003,21280849920,64963440,-6.453197e-02,-2.636639e-02,1.741468e-08,9.217974e-08,4.198978e-06,1.295954e-04
1773666304,23762214,21283995648,64972945,-6.452531e-02,-2.637283e-02,1.570106e-08,8.831009e-08,3.785796e-06,1.241550e-04
1773928448,23768740,21287141376,64982425,-6.453041e-02,-2.637696e-02,1.700612e-08,8.587500e-08,4.100469e-06,1.207315e-04
1774190592,23774500,21290287104,64991865,-6.454963e-02,-2.638828e-02,2.238914e-08,7.936377e-08,5.398407e-06,1.115774e-04
1774452736,23775314,21293432832,65001588,-6.455386e-02,-2.638432e-02,2.367120e-08,8.161170e-08,5.707535e-06,1.147378e-04
1774714880,23781351,21296578560,65011059,-6.454390e-02,-2.639350e-02,2.070736e-08,7.645451e-08,4.992900e-06,1.074873e-04
1774977024,23788876,21299724288,65020729,-6.454731e-02,-2.638423e-02,2.169889e-08,8.166279e-08,5.231976e-06,1.148096e-04
1775239168,23792113,21302870016,65030273,-6.456136e-02,-2.639252e-02,2.603615e-08,7.699728e-08,6.277765e-06,1.082504e-04
1775501312,23794374,21306015744,65040094,-6.455921e-02,-2.638265e-02,2.534592e-08,8.256696e-08,6.111336e-06,1.160808e-04
1775763456,23798451,21309161472,65049825,-6.457118e-02,-2.637944e-02,2.930160e-08,8.442705e-08,7.065120e-06,1.186959e-04
1776025600,23800975,21312307200,65059311,-6.455436e-02,-2.637097e-02,2.382506e-08,8.941949e-08,5.744632e-06,1.257147e-04
1776287744,23807537,21315452928,65068571,-6.453484e-02,-2.639070e-02,1.817998e-08,7.800949e-08,4.383507e-06,1.096734e-04
1776549888,23823162,21318598656,65078115,-6.452297e-02,-2.639488e-02,1.512207e-08,7.569109e-08,3.646192e-06,1.064140e-04
1776812032,23826355,21321744384,65087750,-6.454787e-02,-2.637948e-02,2.186603e-08,8.440215e-08,5.272277e-06,1.186609e-04
1777074176,23827451,21324890112,65097367,-6.454605e-02,-2.640234e-02,2.132952e-08,7.164001e-08,5.142914e-06,1.007186e-04
1777336320,23828754,21328035840,65106955,-6.455382e-02,-2.640873e-02,2.365974e-08,6.826370e-08,5.704772e-06,9.597184e-05
1777598464,23831527,21331181568,65116433,-6.452623e-02,-2.640901e-02,1.593344e-08,6.811486e-08,3.841827e-06,9.576260e-05
1777860608,23840924,21334327296,65126138,-6.452253e-02,-2.641734e-02,1.501233e-08,6.383538e-08,3.619730e-06,8.974607e-05
1778122752,23842094,21337473024,65135718,-6.451177e-02,-2.641963e-02,1.249167e-08,6.268572e-08,3.011958e-06,8.812977e-05
1778384896,23842154,21340618752,65145430,-6.449606e-02,-2.642800e-02,9.226157e-09,5.856512e-08,2.224585e-06,8.233661e-05
1778647040,23842411,21343764480,65155073,-6.449901e-02,-2.643410e-02,9.801656e-09,5.564631e-08,2.363348e-06,7.823306e-05
1778909184,23842686,21346910208,65164470,-6.448389e-02,-2.639796e-02,7.036876e-09,7.400742e-08,1.696712e-06,1.040469e-04
1779171328,23843034,21350055936,65173995,-6.446896e-02,-2.640926e-02,4.755837e-09,6.798562e-08,1.146714e-06,9.558088e-05
1779433472,23843395,21353201664,65183395,-6.446987e-02,-2.640372e-02,4.880992e-09,7.090605e-08,1.176891e-06,9.968670e-05
1779695616,23843721,21356347392,65192911,-6.445369e-02,-2.640272e-02,2.882496e-09,7.143974e-08,6.950195e-07,1.004370e-04
1779957760,23843858,21359493120,65202474,-6.446336e-02,-2.638613e-02,4.014456e-09,8.058372e-08,9.679546e-07,1.132925e-04
1780219904,23843988,21362638848,65212119,-6.447536e-02,-2.637066e-02,5.678402e-09,8.960562e-08,1.369161e-06,1.259764e-04
1780482048,23844894,21365784576,65221755,-6.448194e-02,-2.638116e-02,6.714407e-09,8.343092e-08,1.618959e-06,1.172954e-04
1780744192,23845596,21368930304,65231393,-6.446316e-02,-2.637780e-02,3.989005e-09,8.538336e-08,9.618179e-07,1.200404e-04
1781006336,23845731,21372076032,65241010,-6.446134e-02,-2.636331e-02,3.761759e-09,9.405883e-08,9.070249e-07,1.322372e-04
1781268480,23845803,21375221760,65250662,-6.446307e-02,-2.637873e-02,3.977719e-09,8.483779e-08,9.590967e-07,1.192733e-04
1781530624,23846020,21378367488,65260160,-6.446323e-02,-2.639066e-02,3.997480e-09,7.803133e-08,9.638613e-07,1.097041e-04
1781792768,23846304,21381513216,65269980,-6.445751e-02,-2.638524e-02,3.306662e-09,8.108999e-08,7.972932e-07,1.140043e-04
1782054912,23846327,21384658944,65279550,-6.445394e-02,-2.638537e-02,2.908958e-09,8.101470e-08,7.013998e-07,1.138984e-04
1782317056,23847813,21387804672,65289057,-6.444687e-02,-2.638988e-02,2.196249e-09,7.846588e-08,5.295534e-07,1.103151e-04
1782579200,23848166,21390950400,65298428,-6.444205e-02,-2.640056e-02,1.767666e-09,7.259942e-08,4.262148e-07,1.020674e-04
1782841344,23848170,21394096128,65308046,-6.444287e-02,-2.640102e-02,1.837253e-09,7.234970e-08,4.429934e-07,1.017164e-04
1783103488,23848232,21397241856,65317592,-6.444680e-02,-2.639668e-02,2.189968e-09,7.470122e-08,5.280391e-07,1.050223e-04
1783365632,23848758,21400387584,65327052,-6.446230e-02,-2.638474e-02,3.880580e-09,8.137561e-08,9.356747e-07,1.144059e-04
1783627776,23849467,21403533312,65336657,-6.445719e-02,-2.637289e-02,3.269919e-09,8.827245e-08,7.884338e-07,1.241021e-04
1783889920,23850002,21406679040,65346143,-6.444039e-02,-2.637300e-02,1.631320e-09,8.820938e-08,3.933392e-07,1.240134e-04
1784152064,23850035,21409824768,65355817,-6.444570e-02,-2.637803e-02,2.087979e-09,8.524518e-08,5.034477e-07,1.198461e-04
1784414208,23850952,21412970496,65365403,-6.443247e-02,-2.637096e-02,1.054277e-09,8.942283e-08,2.542043e-07,1.257194e-04
1784676352,23851030,21416116224,65374997,-6.440580e-02,-2.636253e-02,3.360001e-11,9.453700e-08,8.101542e-09,1.329094e-04
1784938496,23851584,21419261952,65384549,-6.440960e-02,-2.637422e-02,9.208989e-11,8.748616e-08,2.220446e-08,1.229967e-04
1785200640,23851617,21422407680,65394027,-6.442153e-02,-2.637830e-02,4.636347e-10,8.508971e-08,1.117903e-07,1.196275e-04
1785462784,23852680,21425553408,65403612,-6.443641e-02,-2.636844e-02,1.325217e-09,9.093529e-08,3.195328e-07,1.278458e-04
1785724928,23852765,21428699136,65413118,-6.443155e-02,-2.639198e-02,9.951349e-10,7.729217e-08,2.399441e-07,1.086649e-04
1785987072,23852946,21431844864,65422855,-6.441938e-02,-2.638235e-02,3.755441e-10,8.274368e-08,9.055016e-08,1.163292e-04
1786249216,23853534,21434990592,65432397,-6.443299e-02,-2.637932e-02,1.087926e-09,8.449201e-08,2.623177e-07,1.187872e-04
1786511360,23854231,21438136320,65441842,-6.442061e-02,-2.638150e-02,4.247023e-10,8.323412e-08,1.024030e-07,1.170187e-04
1786773504,23854470,21441282048,65451475,-6.441520e-02,-2.639675e-02,2.310152e-10,7.466559e-08,5.570175e-08,1.049722e-04
1787035648,23854611,21444427776,65461085,-6.440381e-02,-2.640327e-02,1.449513e-11,7.114333e-08,3.495025e-09,1.000203e-04
1787297792,23855059,21447573504,65470682,-6.441281e-02,-2.639395e-02,1.640333e-10,7.620132e-08,3.955125e-08,1.071313e-04
1787559936,23855135,21450719232,65480167,-6.440948e-02,-2.640010e-02,8.981615e-11,7.284454e-08,2.165622e-08,1.024120e-04
1787822080,23855146,21453864960,65489706,-6.441367e-02,-2.640547e-02,1.869185e-10,6.997468e-08,4.506927e-08,9.837730e-05
1788084224,23855746,21457010688,65499242,-6.440261e-02,-2.639367e-02,6.800116e-12,7.635875e-08,1.639625e-09,1.073527e-04
1788346368,23855841,21460156416,65508877,-6.439485e-02,-2.640050e-02,2.650552e-11,7.262853e-08,6.390938e-09,1.021084e-04
1788608512,23856176,21463302144,65518423,-6.438083e-02,-2.640226e-02,3.675021e-10,7.168290e-08,8.861108e-08,1.007789e-04
1788870656,23858545,21466447872,65528060,-6.436213e-02,-2.640140e-02,1.434235e-09,7.214643e-08,3.458189e-07,1.014306e-04
1789132800,23860522,21469593600,65537922,-6.436456e-02,-2.641121e-02,1.256165e-09,6.697147e-08,3.028829e-07,9.415510e-05
1789394944,23860850,21472739328,65547477,-6.435838e-02,-2.640509e-02,1.732757e-09,7.017684e-08,4.177975e-07,9.866152e-05
1789657088,23860942,21475885056,65556832,-6.434814e-02,-2.639052e-02,2.689822e-09,7.810628e-08,6.485623e-07,1.098095e-04
1789919232,23861462,21479030784,65566496,-6.433009e-02,-2.637218e-02,4.888282e-09,8.869576e-08,1.178649e-06,1.246972e-04
1790181376,23868398,21482176512,65576035,-6.433345e-02,-2.635296e-02,4.429706e-09,1.005149e-07,1.068078e-06,1.413137e-04
1790443520,23871262,21485322240,65585406,-6.433196e-02,-2.634047e-02,4.629265e-09,1.085912e-07,1.116195e-06,1.526682e-04
1790705664,23877802,21488467968,65594989,-6.432790e-02,-2.633154e-02,5.199379e-09,1.145535e-07,1.253660e-06,1.610506e-04
1790967808,23877979,21491613696,65604468,-6.430496e-02,-2.633655e-02,9.033943e-09,1.111906e-07,2.178239e-06,1.563228e-04
1791229952,23882844,21494759424,65614065,-6.428258e-02,-2.633618e-02,1.378773e-08,1.114380e-07,3.324458e-06,1.566705e-04
1791492096,23895110,21497905152,65623921,-6.429025e-02,-2.634027e-02,1.204605e-08,1.087238e-07,2.904510e-06,1.528546e-04
1791754240,23906994,21501050880,65633681,-6.428819e-02,-2.631906e-02,1.250167e-08,1.231570e-07,3.014368e-06,1.731462e-04
1792016384,23910204,21504196608,65643335,-6.427548e-02,-2.632043e-02,1.550562e-08,1.221992e-07,3.738671e-06,1.717997e-04
1792278528,23914561,21507342336,65653062,-6.427842e-02,-2.630834e-02,1.478135e-08,1.307956e-07,3.564038e-06,1.838854e-04
1792540672,23914871,21510488064,65662605,-6.427345e-02,-2.631659e-02,1.601443e-08,1.248992e-07,3.861353e-06,1.755956e-04
1792802816,23923121,21513633792,65672073,-6.428204e-02,-2.631208e-02,1.391575e-08,1.281056e-07,3.355327e-06,1.801035e-04
1793064960,23941597,21516779520,65681751,-6.426483e-02,-2.630235e-02,1.827051e-08,1.351657e-07,4.405334e-06,1.900293e-04
1793327104,23944962,21519925248,65691537,-6.427670e-02,-2.629087e-02,1.520464e-08,1.437397e-07,3.666101e-06,2.020835e-04
1793589248,23965042,21523070976,65701035,-6.425845e-02,-2.629320e-02,2.003742e-08,1.419811e-07,4.831367e-06,1.996110e-04
1793851392,23969389,21526216704,65710714,-6.427692e-02,-2.631984e-02,1.514957e-08,1.226098e-07,3.652822e-06,1.723769e-04
1794113536,23973364,21529362432,65720516,-6.426738e-02,-2.633026e-02,1.758815e-08,1.154239e-07,4.240806e-06,1.622742e-04
1794375680,23985028,21532508160,65730114,-6.426413e-02,-2.632759e-02,1.846033e-08,1.172459e-07,4.451103e-06,1.648359e-04
1794637824,24015317,21535653888,65739873,-6.424668e-02,-2.631533e-02,2.350871e-08,1.257908e-07,5.668355e-06,1.768491e-04
1794899968,24018051,21538799616,65749644,-6.421337e-02,-2.630948e-02,3.483339e-08,1.299764e-07,8.398930e-06,1.827337e-04
1795162112,24046050,21541945344,65759160,-6.423377e-02,-2.630631e-02,2.763486e-08,1.322696e-07,6.663241e-06,1.859577e-04
1795424256,24174574,21545091072,65768633,-6.423128e-02,-2.632242e-02,2.846841e-08,1.208124e-07,6.864224e-06,1.698500e-04
1795686400,24175773,21548236800,65778416,-6.421842e-02,-2.632120e-02,3.297061e-08,1.216581e-07,7.949780e-06,1.710389e-04
1795948544,24175931,21551382528,65787916,-6.422338e-02,-2.630768e-02,3.119585e-08,1.312784e-07,7.521855e-06,1.845641e-04
1796210688,24176204,21554528256,65797341,-6.423455e-02,-2.631816e-02,2.737537e-08,1.237931e-07,6.600674e-06,1.740406e-04
1796472832,24178239,21557673984,65806883,-6.422818e-02,-2.630145e-02,2.952393e-08,1.358267e-07,7.118727e-06,1.909585e-04
1796734976,24178465,21560819712,65816404,-6.422489e-02,-2.628333e-02,3.066386e-08,1.495095e-07,7.393585e-06,2.101952e-04
1796997120,24178920,21563965440,65826239,-6.421947e-02,-2.629244e-02,3.259020e-08,1.425488e-07,7.858059e-06,2.004091e-04
1797259264,24179431,21567111168,65835809,-6.424183e-02,-2.629525e-02,2.501723e-08,1.404398e-07,6.032086e-06,1.974442e-04
1797521408,24179739,21570256896,65845197,-6.423698e-02,-2.630485e-02,2.657510e-08,1.333326e-07,6.407713e-06,1.874521e-04
1797783552,24180101,21573402624,65854884,-6.422616e-02,-2.628209e-02,3.022187e-08,1.504762e-07,7.287015e-06,2.115543e-04
1798045696,24180137,21576548352,65864560,-6.421424e-02,-2.627632e-02,3.450875e-08,1.549805e-07,8.320656e-06,2.178869e-04
1798307840,24180240,21579694080,65874284,-6.421422e-02,-2.625989e-02,3.451429e-08,1.681931e-07,8.321991e-06,2.364624e-04
1798569984,24180566,21582839808,65883899,-6.420694e-02,-2.626701e-02,3.727483e-08,1.624000e-07,8.987602e-06,2.283179e-04
1798832128,24180722,21585985536,65893592,-6.420506e-02,-2.627706e-02,3.800334e-08,1.544032e-07,9.163259e-06,2.170753e-04
1799094272,24182381,21589131264,65903231,-6.418980e-02,-2.628861e-02,4.418540e-08,1.454609e-07,1.065386e-05,2.045033e-04
1799356416,24182730,21592276992,65912815,-6.420593e-02,-2.628959e-02,3.766422e-08,1.447117e-07,9.081493e-06,2.034499e-04
1799618560,24183317,21595422720,65922721,-6.420054e-02,-2.629492e-02,3.978706e-08,1.406884e-07,9.593346e-06,1.977937e-04
1799880704,24183918,21598568448,65932397,-6.420840e-02,-2.629770e-02,3.671308e-08,1.386086e-07,8.852156e-06,1.948697e-04
1800142848,24185131,21601714176,65942111,-6.417111e-02,-2.630388e-02,5.239031e-08,1.340436e-07,1.263221e-05,1.884517e-04
1800404992,24185376,21604859904,65951811,-6.416416e-02,-2.630736e-02,5.562083e-08,1.315093e-07,1.341114e-05,1.848887e-04
1800667136,24185523,21608005632,65961116,-6.415378e-02,-2.629570e-02,6.062396e-08,1.400980e-07,1.461748e-05,1.969636e-04
1800929280,24185607,21611151360,65970608,-6.415346e-02,-2.627908e-02,6.078550e-08,1.528191e-07,1.465643e-05,2.148481e-04
1801191424,24185792,21614297088,65980142,-6.414329e-02,-2.629064e-02,6.589990e-08,1.439135e-07,1.588960e-05,2.023278e-04
1801453568,24186543,21617442816,65989579,-6.415483e-02,-2.627515e-02,6.011140e-08,1.559043e-07,1.449389e-05,2.191857e-04
1801715712,24186931,21620588544,65999353,-6.415404e-02,-2.627313e-02,6.049562e-08,1.575088e-07,1.458654e-05,2.214414e-04
1801977856,24188470,21623734272,66008982,-6.415604e-02,-2.628989e-02,5.951737e-08,1.444836e-07,1.435066e-05,2.031293e-04
1802240000,24188528,21626880000,66018543,-6.415986e-02,-2.628656e-02,5.767064e-08,1.470265e-07,1.390538e-05,2.067044e-04
1802502144,24189052,21630025728,66028056,-6.415539e-02,-2.627127e-02,5.983406e-08,1.589893e-07,1.442702e-05,2.235228e-04
1802764288,24189239,21633171456,66037632,-6.417078e-02,-2.626985e-02,5.254390e-08,1.601172e-07,1.266924e-05,2.251085e-04
1803026432,24189466,21636317184,66047154,-6.415170e-02,-2.627739e-02,6.165192e-08,1.541413e-07,1.486534e-05,2.167070e-04
1803288576,24190104,21639462912,66056807,-6.416257e-02,-2.626608e-02,5.637189e-08,1.631530e-07,1.359223e-05,2.293766e-04
1803550720,24190600,21642608640,66066428,-6.416950e-02,-2.626577e-02,5.312961e-08,1.634014e-07,1.281046e-05,2.297258e-04
1803812864,24191253,21645754368,66076153,-6.418769e-02,-2.626594e-02,4.507628e-08,1.632674e-07,1.086867e-05,2.295374e-04
1804075008,24191323,21648900096,66085708,-6.418832e-02,-2.625452e-02,4.481092e-08,1.726219e-07,1.080468e-05,2.426889e-04
1804337152,24191382,21652045824,66095230,-6.422501e-02,-2.621809e-02,3.062213e-08,2.042238e-07,7.383522e-06,2.871179e-04
1804599296,24192130,21655191552,66104799,-6.423748e-02,-2.621111e-02,2.641259e-08,2.105823e-07,6.368531e-06,2.960573e-04
1804861440,24193577,21658337280,66114153,-6.423604e-02,-2.617722e-02,2.688450e-08,2.428280e-07,6.482316e-06,3.413916e-04
1805123584,24194255,21661483008,66123737,-6.423947e-02,-2.617200e-02,2.576995e-08,2.480027e-07,6.213579e-06,3.486666e-04
1805385728,24199501,21664628736,66133230,-6.424296e-02,-2.616818e-02,2.466261e-08,2.518204e-07,5.946580e-06,3.540339e-04
1805647872,24199615,21667774464,66142977,-6.425952e-02,-2.617030e-02,1.973483e-08,2.497031e-07,4.758407e-06,3.510572e-04
1805910016,24199741,21670920192,66152556,-6.427120e-02,-2.616020e-02,1.659089e-08,2.598945e-07,4.000350e-06,3.653853e-04
1806172160,24207525,21674065920,66162119,-6.427425e-02,-2.617166e-02,1.581329e-08,2.483404e-07,3.812856e-06,3.491415e-04
1806434304,24208216,21677211648,66171759,-6.429310e-02,-2.615837e-02,1.142781e-08,2.617647e-07,2.755441e-06,3.680147e-04
1806696448,24208789,21680357376,66181276,-6.428911e-02,-2.614584e-02,1.229758e-08,2.747471e-07,2.965158e-06,3.862665e-04
1806958592,24209541,21683503104,66191090,-6.428025e-02,-2.614260e-02,1.434082e-08,2.781533e-07,3.457820e-06,3.910553e-04
1807220736,24211044,21686648832,66200707,-6.426146e-02,-2.614473e-02,1.919431e-08,2.759121e-07,4.628080e-06,3.879044e-04
1807482880,24217481,21689794560,66210130,-6.426403e-02,-2.612018e-02,1.848868e-08,3.023054e-07,4.457940e-06,4.250107e-04
1807745024,24223437,21692940288,66219734,-6.427294e-02,-2.610769e-02,1.614480e-08,3.161949e-07,3.892790e-06,4.445379e-04
1808007168,24224531,21696086016,66229165,-6.430691e-02,-2.609496e-02,8.665292e-09,3.306683e-07,2.089351e-06,4.648861e-04
1808269312,24230376,21699231744,66238869,-6.430448e-02,-2.609181e-02,9.124815e-09,3.343007e-07,2.200150e-06,4.699928e-04
1808531456,24238989,21702377472,66248387,-6.431372e-02,-2.608553e-02,7.443846e-09,3.416010e-07,1.794839e-06,4.802563e-04
1808793600,24241090,21705523200,66257969,-6.433505e-02,-2.609379e-02,4.219043e-09,3.320150e-07,1.017284e-06,4.667794e-04
1809055744,24243661,21708668928,66267787,-6.433780e-02,-2.609939e-02,3.869449e-09,3.256002e-07,9.329909e-07,4.577608e-04
1809317888,24248345,21711814656,66277273,-6.435014e-02,-2.609223e-02,2.486691e-09,3.338162e-07,5.995842e-07,4.693118e-04
1809580032,24250040,21714960384,66287064,-6.434743e-02,-2.610515e-02,2.763741e-09,3.190544e-07,6.663856e-07,4.485581e-04
1809842176,24256854,21718106112,66296716,-6.435589e-02,-2.611018e-02,1.946123e-09,3.133962e-07,4.692439e-07,4.406033e-04
1810104320,24272046,21721251840,66306424,-6.435091e-02,-2.611813e-02,2.410012e-09,3.045585e-07,5.810955e-07,4.281785e-04
1810366464,24276256,21724397568,66316111,-6.434040e-02,-2.612799e-02,3.552714e-09,2.937700e-07,8.566205e-07,4.130108e-04
1810628608,24276295,21727543296,66325729,-6.434468e-02,-2.613833e-02,3.060364e-09,2.826766e-07,7.379065e-07,3.974146e-04
1810890752,24277910,21730689024,66335160,-6.434356e-02,-2.612928e-02,3.185264e-09,2.923724e-07,7.680221e-07,4.110460e-04
1811152896,24281919,21733834752,66344758,-6.433778e-02,-2.613703e-02,3.871303e-09,2.840549e-07,9.334379e-07,3.993523e-04
1811415040,24283894,21736980480,66354328,-6.434082e-02,-2.613518e-02,3.502268e-09,2.860338e-07,8.444571e-07,4.021345e-04
1811677184,24285256,21740126208,66364047,-6.432495e-02,-2.611721e-02,5.633575e-09,3.055750e-07,1.358352e-06,4.296074e-04
1811939328,24285514,21743271936,66373575,-6.431141e-02,-2.612134e-02,7.849049e-09,3.010307e-07,1.892541e-06,4.232186e-04
1812201472,24285889,21746417664,66382955,-6.430527e-02,-2.613824e-02,8.974556e-09,2.827697e-07,2.163920e-06,3.975456e-04
1812463616,24286305,21749563392,66392431,-6.431611e-02,-2.614984e-02,7.038126e-09,2.705708e-07,1.697013e-06,3.803950e-04
1812725760,24286665,21752709120,66401805,-6.431418e-02,-2.613357e-02,7.365628e-09,2.877518e-07,1.775980e-06,4.045499e-04
1812987904,24286788,21755854848,66411313,-6.431338e-02,-2.612580e-02,7.503102e-09,2.961493e-07,1.809127e-06,4.163558e-04
1813250048,24287093,21759000576,66420979,-6.429932e-02,-2.610822e-02,1.013640e-08,3.155961e-07,2.444061e-06,4.436960e-04
1813512192,24287338,21762146304,66430479,-6.431022e-02,-2.611413e-02,8.060358e-09,3.089947e-07,1.943491e-06,4.344152e-04
1813774336,24288317,21765292032,66440172,-6.429749e-02,-2.610311e-02,1.050882e-08,3.213627e-07,2.533858e-06,4.518034e-04
1814036480,24288676,21768437760,66449712,-6.427023e-02,-2.610280e-02,1.684135e-08,3.217197e-07,4.060739e-06,4.523052e-04
1814298624,24289075,21771583488,66459362,-6.427714e-02,-2.609775e-02,1.509460e-08,3.274650e-07,3.639567e-06,4.603825e-04
1814560768,24289082,21774729216,66469032,-6.428153e-02,-2.610017e-02,1.403554e-08,3.247038e-07,3.384210e-06,4.565006e-04
1814822912,24289084,21777874944,66478540,-6.428607e-02,-2.610546e-02,1.298102e-08,3.187010e-07,3.129947e-06,4.480612e-04
1815085056,24289340,21781020672,66488336,-6.427693e-02,-2.610363e-02,1.514590e-08,3.207716e-07,3.651938e-06,4.509724e-04
1815347200,24289789,21784166400,66498001,-6.428129e-02,-2.609921e-02,1.409209e-08,3.257979e-07,3.397845e-06,4.580388e-04
1815609344,24291100,21787312128,66507626,-6.429194e-02,-2.606362e-02,1.167766e-08,3.676904e-07,2.815685e-06,5.169354e-04
1815871488,24291106,21790457856,66517116,-6.428207e-02,-2.605647e-02,1.390872e-08,3.764227e-07,3.353632e-06,5.292121e-04
1816133632,24291336,21793603584,66526741,-6.428738e-02,-2.604756e-02,1.268393e-08,3.874271e-07,3.058315e-06,5.446832e-04
1816395776,24291413,21796749312,66536350,-6.428756e-02,-2.603133e-02,1.264369e-08,4.079009e-07,3.048611e-06,5.734673e-04
1816657920,24291562,21799895040,66545825,-6.430081e-02,-2.603672e-02,9.838573e-09,4.010421e-07,2.372249e-06,5.638245e-04
1816920064,24291923,21803040768,66555398,-6.431342e-02,-2.603509e-02,7.496650e-09,4.031090e-07,1.807571e-06,5.667305e-04
1817182208,24292744,21806186496,66565148,-6.430772e-02,-2.603481e-02,8.516132e-09,4.034639e-07,2.053386e-06,5.672293e-04
1817444352,24293250,21809332224,66574848,-6.431522e-02,-2.604131e-02,7.187675e-09,3.952549e-07,1.733072e-06,5.556883e-04
1817706496,24293513,21812477952,66584531,-6.432825e-02,-2.603321e-02,5.149001e-09,4.054967e-07,1.241513e-06,5.700872e-04
1817968640,24294316,21815623680,66594333,-6.434457e-02,-2.603704e-02,3.072742e-09,4.006412e-07,7.408910e-07,5.632608e-04
1818230784,24294348,21818769408,66603840,-6.435017e-02,-2.604438e-02,2.482977e-09,3.913953e-07,5.986886e-07,5.502620e-04
1818492928,24294734,21821915136,66613578,-6.432971e-02,-2.603159e-02,4.940512e-09,4.075679e-07,1.191243e-06,5.729991e-04
1818755072,24294787,21825060864,66622917,-6.433785e-02,-2.602514e-02,3.862963e-09,4.158478e-07,9.314271e-07,5.846399e-04
1819017216,24296279,21828206592,66632406,-6.433231e-02,-2.604535e-02,4.582745e-09,3.901843e-07,1.104979e-06,5.485596e-04
1819279360,24296452,21831352320,66642067,-6.433125e-02,-2.605375e-02,4.727107e-09,3.797602e-07,1.139787e-06,5.339042e-04
1819541504,24296739,21834498048,66651621,-6.433701e-02,-2.605941e-02,3.968327e-09,3.728201e-07,9.568320e-07,5.241473e-04
1819803648,24297709,21837643776,66661382,-6.432544e-02,-2.606945e-02,5.558889e-09,3.606562e-07,1.340344e-06,5.070461e-04
1820065792,24297879,21840789504,66671050,-6.434409e-02,-2.604969e-02,3.126667e-09,3.847882e-07,7.538933e-07,5.409732e-04
1820327936,24298045,21843935232,66680627,-6.435640e-02,-2.604818e-02,1.901030e-09,3.866646e-07,4.583710e-07,5.436112e-04
1820590080,24298498,21847080960,66690524,-6.437562e-02,-2.603428e-02,5.943015e-10,4.041409e-07,1.432963e-07,5.681812e-04
1820852224,24298612,21850226688,66699943,-6.436804e-02,-2.602341e-02,1.021633e-09,4.180826e-07,2.463333e-07,5.877817e-04
1821114368,24298623,21853372416,66709424,-6.437456e-02,-2.600365e-02,6.473835e-10,4.440175e-07,1.560953e-07,6.242436e-04
1821376512,24298999,21856518144,66718999,-6.437536e-02,-2.602587e-02,6.074510e-10,4.149043e-07,1.464669e-07,5.833133e-04
1821638656,24299392,21859663872,66728652,-6.437040e-02,-2.602083e-02,8.762285e-10,4.214253e-07,2.112738e-07,5.924813e-04
1821900800,24301983,21862809600,66738074,-6.437836e-02,-2.602424e-02,4.684600e-10,4.170089e-07,1.129538e-07,5.862723e-04
1822162944,24302131,21865955328,66747509,-6.438468e-02,-2.603422e-02,2.346532e-10,4.042215e-07,5.657893e-08,5.682943e-04
1822425088,24303796,21869101056,66757294,-6.437556e-02,-2.606357e-02,5.972112e-10,3.677627e-07,1.439979e-07,5.170371e-04
1822687232,24303970,21872246784,66766806,-6.439143e-02,-2.605590e-02,7.341350e-11,3.771224e-07,1.770126e-08,5.301958e-04
1822949376,24304259,21875392512,66776387,-6.438659e-02,-2.605265e-02,1.798561e-10,3.811181e-07,4.336641e-08,5.358135e-04
1823211520,24304652,21878538240,66786220,-6.436724e-02,-2.606949e-02,1.073231e-09,3.606070e-07,2.587745e-07,5.069769e-04
1823473664,24304905,21881683968,66795753,-6.440542e-02,-2.604078e-02,2.933925e-11,3.959133e-07,7.074199e-09,5.566140e-04
1823735808,24311689,21884829696,66805224,-6.438576e-02,-2.600942e-02,2.027223e-10,4.363655e-07,4.887985e-08,6.134856e-04
1823997952,24314593,21887975424,66814831,-6.441589e-02,-2.601821e-02,2.523217e-10,4.248324e-07,6.083911e-08,5.972713e-04
1824260096,24321046,21891121152,66824476,-6.441940e-02,-2.603061e-02,3.761219e-10,4.088127e-07,9.068946e-08,5.747492e-04
1824522240,24321582,21894266880,66834045,-6.441270e-02,-2.601851e-02,1.611831e-10,4.244440e-07,3.886402e-08,5.967252e-04
1824784384,24326516,21897412608,66843415,-6.442501e-02,-2.603018e-02,6.252074e-10,4.093655e-07,1.507483e-07,5.755263e-04
1825046528,24339188,21900558336,66853166,-6.441998e-02,-2.602259e-02,3.990009e-10,4.191383e-07,9.620599e-08,5.892659e-04
1825308672,24350087,21903704064,66862890,-6.442898e-02,-2.601784e-02,8.395685e-10,4.253133e-07,2.024344e-07,5.979473e-04
1825570816,24353176,21906849792,66872309,-6.441333e-02,-2.602799e-02,1.776646e-10,4.121709e-07,4.283800e-08,5.794705e-04
1825832960,24357659,21909995520,66881743,-6.442198e-02,-2.604512e-02,4.830858e-10,3.904683e-07,1.164803e-07,5.489588e-04
1826095104,24357963,21913141248,66891441,-6.441837e-02,-2.604710e-02,3.372982e-10,3.880047e-07,8.132841e-08,5.454952e-04
1826357248,24367630,21916286976,66901030,-6.442591e-02,-2.603403e-02,6.711037e-10,4.044607e-07,1.618146e-07,5.686307e-04
1826619392,24384772,21919432704,66910634,-6.439880e-02,-2.603363e-02,1.438905e-12,4.049726e-07,3.469447e-10,5.693504e-04
1826881536,24388646,21922578432,66920222,-6.440180e-02,-2.603519e-02,3.224143e-12,4.029813e-07,7.773964e-10,5.665509e-04
1827143680,24408355,21925724160,66929824,-6.441863e-02,-2.603625e-02,3.469447e-10,4.016368e-07,8.365434e-08,5.646606e-04
1827405824,24412801,21928869888,66939475,-6.440605e-02,-2.604275e-02,3.660094e-11,3.934396e-07,8.825118e-09,5.531361e-04
1827667968,24416549,21932015616,66948773,-6.440299e-02,-2.604654e-02,8.926249e-12,3.887058e-07,2.152272e-09,5.464809e-04
1827930112,24428222,21935161344,66958311,-6.441831e-02,-2.604596e-02,3.351124e-10,3.894261e-07,8.080138e-08,5.474936e-04
1828192256,24458476,21938307072,66967820,-6.441537e-02,-2.604502e-02,2.362537e-10,3.905986e-07,5.696484e-08,5.491421e-04
1828454400,24461362,21941452800,66977475,-6.442394e-02,-2.604016e-02,5.730621e-10,3.967037e-07,1.381751e-07,5.577251e-04
1828716544,24489393,21944598528,66987287,-6.443415e-02,-2.603908e-02,1.165950e-09,3.980587e-07,2.811306e-07,5.596301e-04
1828978688,24623619,21947744256,66996975,-6.441871e-02,-2.603728e-02,3.500045e-10,4.003323e-07,8.439213e-08,5.628266e-04
1829240832,24624670,21950889984,67006338,-6.443043e-02,-2.604249e-02,9.258736e-10,3.937738e-07,2.232441e-07,5.536060e-04
1829502976,24624924,21954035712,67015882,-6.442040e-02,-2.602770e-02,4.161473e-10,4.125488e-07,1.003403e-07,5.800018e-04
1829765120,24625035,21957181440,67025654,-6.440654e-02,-2.603506e-02,4.279266e-11,4.031469e-07,1.031805e-08,5.667837e-04
1830027264,24627316,21960327168,67035290,-6.441881e-02,-2.602920e-02,3.536380e-10,4.106249e-07,8.526822e-08,5.772969e-04
1830289408,24627505,21963472896,67044959,-6.440588e-02,-2.602793e-02,3.455686e-11,4.122570e-07,8.332254e-09,5.795915e-04
1830551552,24627993,21966618624,67054502,-6.439746e-02,-2.605092e-02,6.454892e-12,3.832623e-07,1.556386e-09,5.388279e-04
1830813696,24628346,21969764352,67064108,-6.438899e-02,-2.605856e-02,1.212632e-10,3.738581e-07,2.923865e-08,5.256066e-04
1831075840,24628985,21972910080,67073635,-6.440809e-02,-2.607355e-02,6.534912e-11,3.557467e-07,1.575680e-08,5.001437e-04
1831337984,24629135,21976055808,67083398,-6.440144e-02,-2.605556e-02,2.067735e-12,3.775412e-07,4.985665e-10,5.307846e-04
1831600128,24629167,21979201536,67092994,-6.436864e-02,-2.605762e-02,9.838852e-10,3.750047e-07,2.372317e-07,5.272186e-04
1831862272,24629216,21982347264,67102505,-6.438143e-02,-2.606121e-02,3.450045e-10,3.706261e-07,8.318653e-08,5.210626e-04
1832124416,24629626,21985492992,67112132,-6.439236e-02,-2.605285e-02,5.843526e-11,3.808721e-07,1.408975e-08,5.354675e-04
1832386560,24629803,21988638720,67121709,-6.441492e-02,-2.606682e-02,2.224889e-10,3.638266e-07,5.364591e-08,5.115032e-04
1832648704,24631423,21991784448,67131483,-6.441326e-02,-2.609754e-02,1.758815e-10,3.277144e-07,4.240806e-08,4.607333e-04
1832910848,24631766,21994930176,67141300,-6.440178e-02,-2.612018e-02,3.144374e-12,3.022972e-07,7.581626e-10,4.249992e-04
1833172992,24632512,21998075904,67150943,-6.439200e-02,-2.611141e-02,6.403078e-11,3.120192e-07,1.543892e-08,4.386673e-04
1833435136,24633263,22001221632,67160616,-6.440284e-02,-2.611733e-02,8.058054e-12,3.054391e-07,1.942936e-09,4.294164e-04
1833697280,24634017,22004367360,67170070,-6.442454e-02,-2.609336e-02,6.023202e-10,3.325175e-07,1.452298e-07,4.674858e-04
1833959424,24634616,22007513088,67179668,-6.443705e-02,-2.609765e-02,1.372831e-09,3.275801e-07,3.310132e-07,4.605444e-04
1834221568,24634700,22010658816,67189125,-6.444121e-02,-2.608979e-02,1.698195e-09,3.366374e-07,4.094641e-07,4.732781e-04
1834483712,24634814,22013804544,67198751,-6.445854e-02,-2.610365e-02,3.426839e-09,3.207484e-07,8.262700e-07,4.509398e-04
1834745856,24635226,22016950272,67208057,-6.443402e-02,-2.609465e-02,1.157316e-09,3.310283e-07,2.790489e-07,4.653922e-04
1835008000,24635654,22020096000,67217561,-6.445752e-02,-2.611404e-02,3.308376e-09,3.090941e-07,7.977064e-07,4.345549e-04
1835270144,24635966,22023241728,67227166,-6.444295e-02,-2.612437e-02,1.844286e-09,2.977063e-07,4.446890e-07,4.185448e-04
1835532288,24637296,22026387456,67236813,-6.442659e-02,-2.611831e-02,7.070878e-10,3.043571e-07,1.704910e-07,4.278952e-04
1835794432,24638001,22029533184,67246306,-6.442433e-02,-2.612443e-02,5.917614e-10,2.976493e-07,1.426839e-07,4.184647e-04
1836056576,24638208,22032678912,67256008,-6.444122e-02,-2.612146e-02,1.698809e-09,3.008978e-07,4.096121e-07,4.230318e-04
1836318720,24638362,22035824640,67265698,-6.443147e-02,-2.611865e-02,9.899708e-10,3.039893e-07,2.386990e-07,4.273781e-04
1836580864,24638411,22038970368,67275224,-6.443495e-02,-2.612748e-02,1.221550e-09,2.943316e-07,2.945366e-07,4.138004e-04
1836843008,24639292,22042116096,67284949,-6.443765e-02,-2.614412e-02,1.417356e-09,2.765485e-07,3.417488e-07,3.887990e-04
1837105152,24640036,22045261824,67294455,-6.444752e-02,-2.614866e-02,2.258132e-09,2.717929e-07,5.444745e-07,3.821133e-04
1837367296,24640112,22048407552,67304176,-6.444017e-02,-2.617653e-02,1.613314e-09,2.435150e-07,3.889978e-07,3.423575e-04
1837629440,24640373,22051553280,67313812,-6.442074e-02,-2.619496e-02,4.302478e-10,2.256663e-07,1.037402e-07,3.172639e-04
1837891584,24640672,22054699008,67323491,-6.441825e-02,-2.621742e-02,3.329337e-10,2.048320e-07,8.027606e-08,2.879730e-04
1838153728,24641325,22057844736,67332808,-6.441503e-02,-2.620901e-02,2.258354e-10,2.125099e-07,5.445281e-08,2.987673e-04
1838415872,24642680,22060990464,67342626,-6.439351e-02,-2.619070e-02,4.220979e-11,2.297317e-07,1.017751e-08,3.229794e-04
1838678016,24643458,22064136192,67352017,-6.440879e-02,-2.617721e-02,7.729373e-11,2.428390e-07,1.863685e-08,3.414071e-04
1838940160,24648504,22067281920,67361873,-6.441724e-02,-2.616188e-02,2.972398e-10,2.581881e-07,7.166963e-08,3.629863e-04
1839202304,24648588,22070427648,67371554,-6.443609e-02,-2.616357e-02,1.301995e-09,2.564684e-07,3.139333e-07,3.605686e-04
1839464448,24649319,22073573376,67381113,-6.445321e-02,-2.615248e-02,2.831522e-09,2.678242e-07,6.827287e-07,3.765336e-04
1839726592,24656575,22076719104,67390696,-6.447256e-02,-2.613619e-02,5.265128e-09,2.849490e-07,1.269513e-06,4.006094e-04
1839988736,24657740,22079864832,67400185,-6.446585e-02,-2.614600e-02,4.335989e-09,2.745753e-07,1.045482e-06,3.860250e-04
1840250880,24657826,22083010560,67409802,-6.444916e-02,-2.613946e-02,2.416600e-09,2.814697e-07,5.826840e-07,3.957179e-04
1840513024,24659143,22086156288,67419281,-6.444936e-02,-2.615320e-02,2.435684e-09,2.670805e-07,5.872853e-07,3.754882e-04
1840775168,24659791,22089302016,67428704,-6.444380e-02,-2.615446e-02,1.918612e-09,2.657807e-07,4.626104e-07,3.736606e-04
1841037312,24666263,22092447744,67438273,-6.444669e-02,-2.615385e-02,2.179521e-09,2.664129e-07,5.255200e-07,3.745495e-04
1841299456,24672440,22095593472,67447646,-6.443777e-02,-2.614712e-02,1.426346e-09,2.734073e-07,3.439166e-07,3.843829e-04
1841561600,24673791,22098739200,67457216,-6.443428e-02,-2.613734e-02,1.174616e-09,2.837214e-07,2.832201e-07,3.988835e-04
1841823744,24679406,22101884928,67466711,-6.442495e-02,-2.612686e-02,6.226020e-10,2.950009e-07,1.501201e-07,4.147413e-04
1842085888,24689143,22105030656,67476448,-6.443307e-02,-2.613345e-02,1.093339e-09,2.878837e-07,2.636228e-07,4.047354e-04
1842348032,24690092,22108176384,67486153,-6.443974e-02,-2.614503e-02,1.578786e-09,2.755893e-07,3.806726e-07,3.874507e-04
1842610176,24692738,22111322112,67495762,-6.444819e-02,-2.617016e-02,2.321592e-09,2.498427e-07,5.597759e-07,3.512535e-04
1842872320,24698414,22114467840,67505417,-6.446009e-02,-2.617027e-02,3.610680e-09,2.497329e-07,8.705971e-07,3.510991e-04
1843134464,24699245,22117613568,67515058,-6.445787e-02,-2.614178e-02,3.348782e-09,2.790165e-07,8.074489e-07,3.922688e-04
1843396608,24706279,22120759296,67524617,-6.445995e-02,-2.614062e-02,3.593687e-09,2.802477e-07,8.664999e-07,3.939998e-04
1843658752,24720976,22123905024,67534329,-6.445526e-02,-2.614462e-02,3.053773e-09,2.760276e-07,7.363174e-07,3.880668e-04
1843920896,24725239,22127050752,67544037,-6.445831e-02,-2.615906e-02,3.399851e-09,2.610619e-07,8.197627e-07,3.670265e-04
1844183040,24726256,22130196480,67553632,-6.446724e-02,-2.614293e-02,4.521418e-09,2.777978e-07,1.090192e-06,3.905555e-04
1844445184,24726848,22133342208,67563069,-6.445955e-02,-2.614833e-02,3.545612e-09,2.721348e-07,8.549081e-07,3.825939e-04
1844707328,24727182,22136487936,67572646,-6.444568e-02,-2.614847e-02,2.086618e-09,2.719910e-07,5.031195e-07,3.823918e-04
1844969472,24728445,22139633664,67582170,-6.443959e-02,-2.616016e-02,1.566967e-09,2.599382e-07,3.778228e-07,3.654468e-04
1845231616,24728698,22142779392,67591612,-6.443927e-02,-2.618671e-02,1.541706e-09,2.335722e-07,3.717318e-07,3.283788e-04
1845493760,24729028,22145925120,67601178,-6.445080e-02,-2.619798e-02,2.580443e-09,2.227979e-07,6.221892e-07,3.132313e-04
1845755904,24729370,22149070848,67610711,-6.444058e-02,-2.620258e-02,1.646401e-09,2.184811e-07,3.969755e-07,3.071623e-04
1846018048,24729891,22152216576,67620521,-6.443044e-02,-2.620053e-02,9.263271e-10,2.203972e-07,2.233534e-07,3.098561e-04
1846280192,24729915,22155362304,67629924,-6.442365e-02,-2.620920e-02,5.592347e-10,2.123347e-07,1.348411e-07,2.985211e-04
1846542336,24730230,22158508032,67639404,-6.442598e-02,-2.621026e-02,6.745824e-10,2.113642e-07,1.626534e-07,2.971567e-04
1846804480,24730506,22161653760,67648884,-6.441248e-02,-2.619908e-02,1.557435e-10,2.217617e-07,3.755244e-08,3.117745e-04
1847066624,24731516,22164799488,67658697,-6.440961e-02,-2.618887e-02,9.223294e-11,2.314866e-07,2.223895e-08,3.254467e-04
1847328768,24731623,22167945216,67668265,-6.439371e-02,-2.616592e-02,3.963635e-11,2.540968e-07,9.557006e-09,3.572344e-04
1847590912,24732307,22171090944,67678106,-6.440082e-02,-2.616274e-02,6.716849e-13,2.573087e-07,1.619548e-10,3.617499e-04
1847853056,24732315,22174236672,67687666,-6.442054e-02,-2.616371e-02,4.216369e-10,2.563307e-07,1.016639e-07,3.603750e-04
1848115200,24732343,22177382400,67697185,-6.440458e-02,-2.614499e-02,2.099571e-11,2.756304e-07,5.062426e-09,3.875084e-04
1848377344,24732433,22180528128,67706881,-6.442971e-02,-2.614470e-02,8.824146e-10,2.759415e-07,2.127654e-07,3.879457e-04
1848639488,24732460,22183673856,67716751,-6.445086e-02,-2.615928e-02,2.586502e-09,2.608355e-07,6.236501e-07,3.667082e-04
1848901632,24733110,22186819584,67726414,-6.442780e-02,-2.614385e-02,7.727353e-10,2.768365e-07,1.863198e-07,3.892040e-04
1849163776,24734334,22189965312,67735914,-6.443151e-02,-2.612918e-02,9.927859e-10,2.924832e-07,2.393778e-07,4.112017e-04
1849425920,24734501,22193111040,67745700,-6.442931e-02,-2.614030e-02,8.586736e-10,2.805810e-07,2.070410e-07,3.944685e-04
1849688064,24734637,22196256768,67755185,-6.445467e-02,-2.617032e-02,2.989067e-09,2.496826e-07,7.207155e-07,3.510284e-04
1849950208,24734737,22199402496,67764813,-6.445373e-02,-2.618147e-02,2.886498e-09,2.386642e-07,6.959843e-07,3.355376e-04
1850212352,24735198,22202548224,67774597,-6.443778e-02,-2.617279e-02,1.426909e-09,2.472223e-07,3.440522e-07,3.475694e-04
1850474496,24735853,22205693952,67784251,-6.439453e-02,-2.615436e-02,2.990697e-11,2.658805e-07,7.211084e-09,3.738011e-04
1850736640,24736520,22208839680,67793692,-6.439651e-02,-2.616527e-02,1.221029e-11,2.547470e-07,2.944111e-09,3.581484e-04
1850998784,24736684,22211985408,67803233,-6.440635e-02,-2.617530e-02,4.029577e-11,2.447243e-07,9.716004e-09,3.440576e-04
1851260928,24737359,22215131136,67812673,-6.440414e-02,-2.616603e-02,1.709882e-11,2.539880e-07,4.122820e-09,3.570813e-04
1851523072,24737594,22218276864,67822245,-6.441185e-02,-2.617283e-02,1.403377e-10,2.471797e-07,3.383785e-08,3.475095e-04
1851785216,24737943,22221422592,67831784,-6.440127e-02,-2.616077e-02,1.604272e-12,2.593137e-07,3.868177e-10,3.645688e-04
1852047360,24738080,22224568320,67841307,-6.439035e-02,-2.616868e-02,9.309359e-11,2.513196e-07,2.244647e-08,3.533299e-04
1852309504,24739838,22227714048,67850964,-6.440494e-02,-2.617085e-02,2.440098e-11,2.491542e-07,5.883496e-09,3.502856e-04
1852571648,24739851,22230859776,67860657,-6.439982e-02,-2.618869e-02,3.469447e-14,2.316587e-07,8.365433e-12,3.256887e-04
1852833792,24740059,22234005504,67870012,-6.440666e-02,-2.618152e-02,4.426731e-11,2.386169e-07,1.067361e-08,3.354711e-04
1853095936,24740200,22237151232,67879630,-6.442849e-02,-2.615818e-02,8.113137e-10,2.619630e-07,1.956217e-07,3.682934e-04
1853358080,24740766,22240296960,67889115,-6.442513e-02,-2.615031e-02,6.315575e-10,2.700768e-07,1.522794e-07,3.797006e-04
1853620224,24741169,22243442688,67898807,-6.442670e-02,-2.614068e-02,7.126460e-10,2.801767e-07,1.718312e-07,3.939000e-04
1853882368,24741524,22246588416,67908322,-6.444720e-02,-2.615464e-02,2.227786e-09,2.655983e-07,5.371576e-07,3.734042e-04
1854144512,24741721,22249734144,67917751,-6.443711e-02,-2.614738e-02,1.376699e-09,2.731327e-07,3.319458e-07,3.839968e-04
1854406656,24742090,22252879872,67927387,-6.443367e-02,-2.614699e-02,1.133613e-09,2.735417e-07,2.733337e-07,3.845718e-04
1854668800,24742113,22256025600,67936728,-6.443889e-02,-2.613432e-02,1.512590e-09,2.869570e-07,3.647115e-07,4.034325e-04
1854930944,24742173,22259171328,67946045,-6.444324e-02,-2.613166e-02,1.869327e-09,2.898138e-07,4.507271e-07,4.074488e-04
1855193088,24742619,22262317056,67955478,-6.444193e-02,-2.612701e-02,1.758282e-09,2.948371e-07,4.239520e-07,4.145110e-04
1855455232,24745697,22265462784,67965024,-6.444181e-02,-2.614187e-02,1.747675e-09,2.789161e-07,4.213946e-07,3.921278e-04
1855717376,24747063,22268608512,67974491,-6.444630e-02,-2.614496e-02,2.143496e-09,2.756676e-07,5.168339e-07,3.875607e-04
1855979520,24747279,22271754240,67984242,-6.442544e-02,-2.613988e-02,6.470045e-10,2.810292e-07,1.560039e-07,3.950985e-04
1856241664,24747523,22274899968,67993697,-6.443989e-02,-2.614758e-02,1.591245e-09,2.729186e-07,3.836765e-07,3.836958e-04
1856503808,24748510,22278045696,68003313,-6.444547e-02,-2.613644e-02,2.066925e-09,2.846806e-07,4.983711e-07,4.002321e-04
1856765952,24751416,22281191424,68012998,-6.444262e-02,-2.611813e-02,1.816236e-09,3.045647e-07,4.379258e-07,4.281871e-04
1857028096,24754054,22284337152,68022676,-6.444635e-02,-2.612253e-02,2.148328e-09,2.997199e-07,5.179990e-07,4.213758e-04
1857290240,24754879,22287482880,68032286,-6.445430e-02,-2.615321e-02,2.948472e-09,2.670709e-07,7.109273e-07,3.754746e-04
1857552384,24757911,22290628608,68041814,-6.446183e-02,-2.616603e-02,3.822320e-09,2.539898e-07,9.216274e-07,3.570840e-04
1857814528,24764258,22293774336,68051508,-6.446782e-02,-2.616863e-02,4.598899e-09,2.513701e-07,1.108874e-06,3.534008e-04
1858076672,24765112,22296920064,68061272,-6.446376e-02,-2.615901e-02,4.065601e-09,2.611057e-07,9.802865e-07,3.670881e-04
1858338816,24770035,22300065792,68070920,-6.445666e-02,-2.615670e-02,3.210544e-09,2.634715e-07,7.741175e-07,3.704141e-04
1858600960,24783421,22303211520,68080486,-6.444418e-02,-2.614506e-02,1.951386e-09,2.755620e-07,4.705127e-07,3.874122e-04
1858863104,24793315,22306357248,68089854,-6.445577e-02,-2.616899e-02,3.110025e-09,2.510135e-07,7.498805e-07,3.528995e-04
1859125248,24796205,22309502976,68099349,-6.445568e-02,-2.617198e-02,3.100061e-09,2.480212e-07,7.474780e-07,3.486927e-04
1859387392,24800790,22312648704,68108893,-6.447060e-02,-2.618367e-02,4.983548e-09,2.365143e-07,1.201619e-06,3.325151e-04
1859649536,24801126,22315794432,68118673,-6.445395e-02,-2.616272e-02,2.910565e-09,2.573276e-07,7.017874e-07,3.617764e-04
1859911680,24812099,22318940160,68128122,-6.444468e-02,-2.616702e-02,1.996403e-09,2.529883e-07,4.813673e-07,3.556758e-04
1860173824,24827985,22322085888,68137613,-6.445309e-02,-2.615717e-02,2.818058e-09,2.629955e-07,6.794824e-07,3.697451e-04
1860435968,24832103,22325231616,68147385,-6.444293e-02,-2.616741e-02,1.842366e-09,2.525949e-07,4.442262e-07,3.551228e-04
1860698112,24851659,22328377344,68157103,-6.443161e-02,-2.617054e-02,9.988990e-10,2.494611e-07,2.408517e-07,3.507170e-04
1860960256,24856319,22331523072,68166623,-6.441058e-02,-2.617327e-02,1.119327e-10,2.467446e-07,2.698890e-08,3.468979e-04
1861222400,24859934,22334668800,68176167,-6.440286e-02,-2.619014e-02,8.142875e-12,2.302605e-07,1.963387e-09,3.237229e-04
1861484544,24871510,22337814528,68185778,-6.440289e-02,-2.620848e-02,8.313850e-12,2.129996e-07,2.004612e-09,2.994558e-04
1861746688,24901626,22340960256,68195301,-6.441817e-02,-2.621448e-02,3.299496e-10,2.074994e-07,7.955654e-08,2.917231e-04
1862008832,24904617,22344105984,68204863,-6.441874e-02,-2.619260e-02,3.511205e-10,2.279069e-07,8.466120e-08,3.204140e-04
1862270976,24932802,22347251712,68214397,-6.443310e-02,-2.618848e-02,1.095311e-09,2.318596e-07,2.640983e-07,3.259710e-04
1862533120,25073046,22350397440,68224182,-6.443702e-02,-2.617205e-02,1.370624e-09,2.479507e-07,3.304810e-07,3.485936e-04
1862795264,25073740,22353543168,68233434,-6.441230e-02,-2.616889e-02,1.513124e-10,2.511105e-07,3.648401e-08,3.530359e-04
1863057408,25074086,22356688896,68243023,-6.439526e-02,-2.615858e-02,2.245404e-11,2.615494e-07,5.414056e-09,3.677119e-04
1863319552,25074251,22359834624,68252597,-6.440192e-02,-2.616914e-02,3.666456e-12,2.508586e-07,8.840457e-10,3.526817e-04
1863581696,25076671,22362980352,68262211,-6.441494e-02,-2.617693e-02,2.231562e-10,2.431181e-07,5.380681e-08,3.417994e-04
1863843840,25076878,22366126080,68271889,-6.439941e-02,-2.616282e-02,3.464451e-13,2.572331e-07,8.353387e-11,3.616436e-04
1864105984,25077216,22369271808,68281460,-6.439830e-02,-2.616753e-02,2.885692e-12,2.524751e-07,6.957900e-10,3.549544e-04
1864368128,25077679,22372417536,68290890,-6.439106e-02,-2.616396e-02,7.993606e-11,2.560724e-07,1.927396e-08,3.600119e-04
1864630272,25078273,22375563264,68300481,-6.439032e-02,-2.616747e-02,9.366957e-11,2.525388e-07,2.258535e-08,3.550439e-04
1864892416,25078492,22378708992,68310051,-6.436852e-02,-2.618156e-02,9.913779e-10,2.385714e-07,2.390383e-07,3.354072e-04
1865154560,25078536,22381854720,68319597,-6.434581e-02,-2.618111e-02,2.937155e-09,2.390119e-07,7.081986e-07,3.360265e-04
1865416704,25078593,22385000448,68329316,-6.433775e-02,-2.616982e-02,3.875013e-09,2.501780e-07,9.343324e-07,3.517249e-04
1865678848,25078910,22388146176,68339045,-6.432915e-02,-2.618746e-02,5.020434e-09,2.328454e-07,1.210513e-06,3.273570e-04
1865940992,25079100,22391291904,68348701,-6.430958e-02,-2.619072e-02,8.175821e-09,2.297102e-07,1.971331e-06,3.229493e-04
1866203136,25080798,22394437632,68358273,-6.430722e-02,-2.619038e-02,8.608515e-09,2.300389e-07,2.075661e-06,3.234113e-04
1866465280,25081173,22397583360,68367630,-6.430519e-02,-2.618220e-02,8.990090e-09,2.379513e-07,2.167666e-06,3.345354e-04
1866727424,25081972,22400729088,68377261,-6.430954e-02,-2.617546e-02,8.183907e-09,2.445677e-07,1.973281e-06,3.438374e-04
1866989568,25082661,22403874816,68387084,-6.428885e-02,-2.617873e-02,1.235548e-08,2.413506e-07,2.979119e-06,3.393145e-04
1867251712,25083339,22407020544,68396580,-6.426725e-02,-2.617075e-02,1.762374e-08,2.492453e-07,4.249388e-06,3.504137e-04
1867513856,25083936,22410166272,68406008,-6.425234e-02,-2.615271e-02,2.180438e-08,2.675929e-07,5.257411e-06,3.762085e-04
1867776000,25084063,22413312000,68415719,-6.424605e-02,-2.616559e-02,2.370102e-08,2.544312e-07,5.714724e-06,3.577045e-04
1868038144,25084536,22416457728,68424921,-6.426453e-02,-2.615819e-02,1.835318e-08,2.619439e-07,4.425268e-06,3.682666e-04
1868300288,25084608,22419603456,68434486,-6.426486e-02,-2.614982e-02,1.826446e-08,2.705862e-07,4.403876e-06,3.804168e-04
1868562432,25084951,22422749184,68444170,-6.426655e-02,-2.613587e-02,1.781018e-08,2.852991e-07,4.294342e-06,4.011016e-04
1868824576,25085200,22425894912,68453673,-6.426933e-02,-2.612949e-02,1.707420e-08,2.921529e-07,4.116884e-06,4.107373e-04
1869086720,25086290,22429040640,68463133,-6.425284e-02,-2.614668e-02,2.165720e-08,2.738652e-07,5.221925e-06,3.850267e-04
1869348864,25087361,22432186368,68472688,-6.424475e-02,-2.616824e-02,2.410186e-08,2.517662e-07,5.811374e-06,3.539577e-04
1869611008,25087396,22435332096,68482199,-6.423879e-02,-2.614974e-02,2.599049e-08,2.706715e-07,6.266755e-06,3.805367e-04
1869873152,25087609,22438477824,68491647,-6.423152e-02,-2.615191e-02,2.838550e-08,2.684183e-07,6.844234e-06,3.773689e-04
1870135296,25087798,22441623552,68501229,-6.424720e-02,-2.615206e-02,2.334905e-08,2.682601e-07,5.629858e-06,3.771464e-04
1870397440,25088881,22444769280,68510845,-6.420562e-02,-2.614094e-02,3.778578e-08,2.799046e-07,9.110803e-06,3.935175e-04
1870659584,25089206,22447915008,68520666,-6.420379e-02,-2.612943e-02,3.849877e-08,2.922173e-07,9.282718e-06,4.108279e-04
1870921728,25089610,22451060736,68530371,-6.420672e-02,-2.611796e-02,3.735830e-08,3.047498e-07,9.007730e-06,4.284473e-04
1871183872,25089774,22454206464,68539962,-6.421407e-02,-2.611315e-02,3.457245e-08,3.100807e-07,8.336013e-06,4.359421e-04
1871446016,25090103,22457352192,68549572,-6.420104e-02,-2.610710e-02,3.958520e-08,3.168509e-07,9.544674e-06,4.454602e-04
1871708160,25090824,22460497920,68559119,-6.420300e-02,-2.611756e-02,3.880931e-08,3.051900e-07,9.357595e-06,4.290662e-04
1871970304,25092145,22463643648,68568921,-6.420636e-02,-2.612825e-02,3.749668e-08,2.934894e-07,9.041095e-06,4.126163e-04
1872232448,25092792,22466789376,68578413,-6.420098e-02,-2.610274e-02,3.960892e-08,3.217873e-07,9.550394e-06,4.524003e-04
1872494592,25097860,22469935104,68587905,-6.420065e-02,-2.608798e-02,3.973952e-08,3.387503e-07,9.581882e-06,4.762485e-04
1872756736,25098004,22473080832,68597719,-6.421886e-02,-2.607928e-02,3.281386e-08,3.489515e-07,7.911986e-06,4.905903e-04
1873018880,25099037,22476226560,68607232,-6.421277e-02,-2.610735e-02,3.505623e-08,3.165700e-07,8.452661e-06,4.450652e-04
1873281024,25105910,22479372288,68616578,-6.421088e-02,-2.607634e-02,3.576565e-08,3.524371e-07,8.623714e-06,4.954908e-04
1873543168,25106840,22482518016,68626185,-6.421776e-02,-2.610452e-02,3.321185e-08,3.197639e-07,8.007951e-06,4.495556e-04
1873805312,25107793,22485663744,68635759,-6.423169e-02,-2.608706e-02,2.833030e-08,3.398201e-07,6.830923e-06,4.777525e-04
1874067456,25108861,22488809472,68645435,-6.422067e-02,-2.607813e-02,3.216121e-08,3.503062e-07,7.754622e-06,4.924949e-04
1874329600,25109001,22491955200,68654917,-6.422745e-02,-2.607263e-02,2.977281e-08,3.568563e-07,7.178737e-06,5.017038e-04
1874591744,25115322,22495100928,68664720,-6.424939e-02,-2.606107e-02,2.268442e-08,3.707894e-07,5.469605e-06,5.212923e-04
1874853888,25121611,22498246656,68674223,-6.425163e-02,-2.606142e-02,2.201391e-08,3.703630e-07,5.307933e-06,5.206928e-04
1875116032,25123263,22501392384,68683833,-6.424813e-02,-2.605172e-02,2.306530e-08,3.822643e-07,5.561440e-06,5.374248e-04
1875378176,25128690,22504538112,68693528,-6.422719e-02,-2.607638e-02,2.986287e-08,3.523884e-07,7.200453e-06,4.954224e-04
1875640320,25139259,22507683840,68702979,-6.424488e-02,-2.606569e-02,2.406255e-08,3.651895e-07,5.801895e-06,5.134195e-04
1875902464,25139455,22510829568,68712570,-6.424040e-02,-2.606465e-02,2.547418e-08,3.664491e-07,6.142265e-06,5.151902e-04
1876164608,25141933,22513975296,68722161,-6.423561e-02,-2.608067e-02,2.702639e-08,3.473073e-07,6.516529e-06,4.882789e-04
1876426752,25148522,22517121024,68731871,-6.424990e-02,-2.607046e-02,2.253207e-08,3.594514e-07,5.432869e-06,5.053522e-04
1876688896,25148616,22520266752,68741365,-6.424241e-02,-2.606718e-02,2.483608e-08,3.633863e-07,5.988407e-06,5.108842e-04
1876951040,25155820,22523412480,68750687,-6.424019e-02,-2.605472e-02,2.554082e-08,3.785673e-07,6.158332e-06,5.322272e-04
1877213184,25169812,22526558208,68760540,-6.423645e-02,-2.606558e-02,2.675029e-08,3.653269e-07,6.449955e-06,5.136125e-04
1877475328,25170089,22529703936,68770301,-6.422675e-02,-2.606297e-02,3.001499e-08,3.684905e-07,7.237131e-06,5.180602e-04
1877737472,25171721,22532849664,68779826,-6.422542e-02,-2.607842e-02,3.047888e-08,3.499667e-07,7.348981e-06,4.920177e-04
1877999616,25171967,22535995392,68789599,-6.424067e-02,-2.607880e-02,2.538626e-08,3.495151e-07,6.121065e-06,4.913827e-04
1878261760,25172002,22539141120,68799038,-6.423799e-02,-2.608057e-02,2.624817e-08,3.474303e-07,6.328887e-06,4.884518e-04
1878523904,25172509,22542286848,68808691,-6.422582e-02,-2.609025e-02,3.033856e-08,3.361124e-07,7.315149e-06,4.725399e-04
1878786048,25172745,22545432576,68818295,-6.421480e-02,-2.609749e-02,3.429870e-08,3.277699e-07,8.270007e-06,4.608112e-04
1879048192,25172903,22548578304,68827818,-6.420062e-02,-2.610354e-02,3.975140e-08,3.208708e-07,9.584748e-06,4.511118e-04
1879310336,25173290,22551724032,68837293,-6.421046e-02,-2.612029e-02,3.592646e-08,3.021784e-07,8.662489e-06,4.248322e-04
1879572480,25173815,22554869760,68846815,-6.421169e-02,-2.611873e-02,3.546194e-08,3.039010e-07,8.550486e-06,4.272540e-04
1879834624,25174482,22558015488,68856216,-6.421123e-02,-2.611577e-02,3.563332e-08,3.071710e-07,8.591807e-06,4.318513e-04
1880096768,25174573,22561161216,68865939,-6.420303e-02,-2.612433e-02,3.879757e-08,2.977530e-07,9.354763e-06,4.186106e-04
1880358912,25174721,22564306944,68875384,-6.417999e-02,-2.613626e-02,4.840361e-08,2.848794e-07,1.167094e-05,4.005115e-04
1880621056,25175227,22567452672,68884850,-6.418158e-02,-2.611250e-02,4.770783e-08,3.108031e-07,1.150318e-05,4.369575e-04
1880883200,25175288,22570598400,68894201,-6.420118e-02,-2.609906e-02,3.952889e-08,3.259681e-07,9.531097e-06,4.582780e-04
1881145344,25175652,22573744128,68903924,-6.420745e-02,-2.609230e-02,3.707658e-08,3.337409e-07,8.939803e-06,4.692059e-04
1881407488,25175679,22576889856,68913494,-6.420252e-02,-2.608750e-02,3.899742e-08,3.393099e-07,9.402949e-06,4.770353e-04
1881669632,25176284,22580035584,68923205,-6.420637e-02,-2.610296e-02,3.749379e-08,3.215316e-07,9.040398e-06,4.520409e-04
1881931776,25176440,22583181312,68933053,-6.422164e-02,-2.609197e-02,3.181209e-08,3.341219e-07,7.670444e-06,4.697415e-04
1882193920,25176491,22586327040,68942589,-6.424413e-02,-2.611401e-02,2.429658e-08,3.091272e-07,5.858324e-06,4.346015e-04
1882456064,25177575,22589472768,68952046,-6.426165e-02,-2.613611e-02,1.914068e-08,2.850345e-07,4.615147e-06,4.007297e-04
1882718208,25177767,22592618496,68961714,-6.425600e-02,-2.614097e-02,2.073524e-08,2.798672e-07,4.999624e-06,3.934649e-04
1882980352,25177773,22595764224,68971373,-6.424555e-02,-2.612575e-02,2.385497e-08,2.962121e-07,5.751844e-06,4.164442e-04
1883242496,25177860,22598909952,68980979,-6.425133e-02,-2.611396e-02,2.210244e-08,3.091749e-07,5.329279e-06,4.346686e-04
1883504640,25178307,22602055680,68990514,-6.425022e-02,-2.612697e-02,2.243376e-08,2.948856e-07,5.409165e-06,4.145792e-04
1883766784,25178987,22605201408,69000058,-6.422846e-02,-2.615214e-02,2.942672e-08,2.681752e-07,7.095287e-06,3.770271e-04
1884028928,25179751,22608347136,69009619,-6.422523e-02,-2.615832e-02,3.054395e-08,2.618143e-07,7.364672e-06,3.680844e-04
1884291072,25179861,22611492864,69019220,-6.421652e-02,-2.615036e-02,3.366691e-08,2.700284e-07,8.117671e-06,3.796326e-04
1884553216,25180400,22614638592,69028702,-6.420466e-02,-2.613653e-02,3.815745e-08,2.845872e-07,9.200418e-06,4.001007e-04
1884815360,25180768,22617784320,69038468,-6.418850e-02,-2.613091e-02,4.473209e-08,2.906206e-07,1.078568e-05,4.085830e-04
1885077504,25181090,22620930048,69048127,-6.417982e-02,-2.612307e-02,4.847904e-08,2.991349e-07,1.168913e-05,4.205533e-04
1885339648,25181554,22624075776,69057608,-6.415680e-02,-2.612465e-02,5.914714e-08,2.974116e-07,1.426139e-05,4.181305e-04
1885601792,25182943,22627221504,69066930,-6.413645e-02,-2.613637e-02,6.946221e-08,2.847641e-07,1.674853e-05,4.003494e-04
1885863936,25182954,22630367232,69076636,-6.415056e-02,-2.613080e-02,6.221931e-08,2.907350e-07,1.500215e-05,4.087439e-04
1886126080,25183415,22633512960,69086341,-6.415077e-02,-2.611653e-02,6.211899e-08,3.063292e-07,1.497796e-05,4.306677e-04
1886388224,25183651,22636658688,69095834,-6.414501e-02,-2.612359e-02,6.501922e-08,2.985585e-07,1.567725e-05,4.197430e-04
1886650368,25183923,22639804416,69105515,-6.415235e-02,-2.612555e-02,6.133045e-08,2.964230e-07,1.478783e-05,4.167407e-04
1886912512,25184247,22642950144,69114751,-6.414494e-02,-2.612571e-02,6.505722e-08,2.962527e-07,1.568642e-05,4.165013e-04
1887174656,25184879,22646095872,69124480,-6.413872e-02,-2.611727e-02,6.826954e-08,3.055132e-07,1.646096e-05,4.295206e-04
1887436800,25184992,22649241600,69134354,-6.413624e-02,-2.611738e-02,6.957222e-08,3.053938e-07,1.677506e-05,4.293527e-04
1887698944,25185385,22652387328,69143824,-6.413884e-02,-2.611976e-02,6.820337e-08,3.027623e-07,1.644501e-05,4.256531e-04
1887961088,25185524,22655533056,69153370,-6.413846e-02,-2.612799e-02,6.840588e-08,2.937740e-07,1.649384e-05,4.130165e-04
1888223232,25185628,22658678784,69163238,-6.414775e-02,-2.614219e-02,6.363224e-08,2.785877e-07,1.534283e-05,3.916660e-04
1888485376,25185734,22661824512,69172891,-6.416071e-02,-2.616033e-02,5.725985e-08,2.597597e-07,1.380634e-05,3.651958e-04
1888747520,25189257,22664970240,69182666,-6.415958e-02,-2.616061e-02,5.780312e-08,2.594731e-07,1.393733e-05,3.647928e-04
1889009664,25189394,22668115968,69192113,-6.418647e-02,-2.617651e-02,4.559661e-08,2.435316e-07,1.099413e-05,3.423807e-04
1889271808,25190236,22671261696,69201707,-6.419634e-02,-2.616256e-02,4.147806e-08,2.574920e-07,1.000107e-05,3.620076e-04
1889533952,25190562,22674407424,69211415,-6.420182e-02,-2.615806e-02,3.927452e-08,2.620812e-07,9.469763e-06,3.684596e-04
1889796096,25190607,22677553152,69220909,-6.423129e-02,-2.617877e-02,2.846338e-08,2.413086e-07,6.863012e-06,3.392553e-04
1890058240,25191895,22680698880,69230544,-6.419922e-02,-2.617319e-02,4.031190e-08,2.468168e-07,9.719894e-06,3.469994e-04
1890320384,25198011,22683844608,69240135,-6.421246e-02,-2.616587e-02,3.517351e-08,2.541494e-07,8.480939e-06,3.573083e-04
1890582528,25200867,22686990336,69249782,-6.421316e-02,-2.616975e-02,3.490852e-08,2.502488e-07,8.417045e-06,3.518244e-04
1890844672,25201252,22690136064,69259283,-6.422521e-02,-2.617882e-02,3.055176e-08,2.412610e-07,7.366555e-06,3.391885e-04
1891106816,25203414,22693281792,69268848,-6.421952e-02,-2.616611e-02,3.257406e-08,2.539091e-07,7.854168e-06,3.569704e-04
1891368960,25207431,22696427520,69278452,-6.423148e-02,-2.617997e-02,2.840057e-08,2.401278e-07,6.847866e-06,3.375954e-04
1891631104,25208555,22699573248,69288150,-6.424832e-02,-2.618162e-02,2.300649e-08,2.385132e-07,5.547262e-06,3.353253e-04
1891893248,25213432,22702718976,69297790,-6.424011e-02,-2.619408e-02,2.556464e-08,2.264952e-07,6.164075e-06,3.184293e-04
1892155392,25227737,22705864704,69307346,-6.424033e-02,-2.619666e-02,2.549559e-08,2.240517e-07,6.147427e-06,3.149940e-04
1892417536,25236390,22709010432,69317036,-6.422967e-02,-2.618365e-02,2.901407e-08,2.365342e-07,6.995793e-06,3.325431e-04
1892679680,25239157,22712156160,69326826,-6.422111e-02,-2.619384e-02,3.200108e-08,2.267275e-07,7.716009e-06,3.187559e-04
1892941824,25243986,22715301888,69336552,-6.424388e-02,-2.620328e-02,2.437329e-08,2.178269e-07,5.876819e-06,3.062425e-04
1893203968,25244258,22718447616,69346077,-6.425739e-02,-2.621943e-02,2.033806e-08,2.030151e-07,4.903857e-06,2.854187e-04
1893466112,25256512,22721593344,69355615,-6.425721e-02,-2.620564e-02,2.038909e-08,2.156313e-07,4.916161e-06,3.031557e-04
1893728256,25270882,22724739072,69365218,-6.426407e-02,-2.619267e-02,1.847653e-08,2.278393e-07,4.455009e-06,3.203190e-04
1893990400,25275432,22727884800,69374977,-6.425594e-02,-2.620168e-02,2.075456e-08,2.193247e-07,5.004282e-06,3.083483e-04
1894252544,25294764,22731030528,69384520,-6.429920e-02,-2.619495e-02,1.016042e-08,2.256751e-07,2.449852e-06,3.172763e-04
1894514688,25299548,22734176256,69394267,-6.430239e-02,-2.617827e-02,9.527723e-09,2.417937e-07,2.297298e-06,3.399375e-04
1894776832,25303136,22737321984,69403672,-6.429201e-02,-2.618376e-02,1.166317e-08,2.364255e-07,2.812191e-06,3.323903e-04
1895038976,25314539,22740467712,69413277,-6.429823e-02,-2.617835e-02,1.035662e-08,2.417205e-07,2.497160e-06,3.398345e-04
1895301120,25344716,22743613440,69422792,-6.430157e-02,-2.618519e-02,9.689857e-09,2.350418e-07,2.336391e-06,3.304450e-04
1895563264,25347728,22746759168,69432295,-6.432038e-02,-2.617111e-02,6.340038e-09,2.488865e-07,1.528692e-06,3.499092e-04
1895825408,25375881,22749904896,69441853,-6.433251e-02,-2.617575e-02,4.555549e-09,2.442859e-07,1.098422e-06,3.434412e-04
1896087552,25522193,22753050624,69451492,-6.432619e-02,-2.617767e-02,5.448344e-09,2.423839e-07,1.313690e-06,3.407673e-04
1896349696,25522857,22756196352,69461158,-6.432831e-02,-2.618838e-02,5.140451e-09,2.319547e-07,1.239451e-06,3.261047e-04
1896611840,25523272,22759342080,69470959,-6.430953e-02,-2.616502e-02,8.185255e-09,2.550084e-07,1.973606e-06,3.585160e-04
1896873984,25523487,22762487808,69480263,-6.430745e-02,-2.615816e-02,8.565708e-09,2.619783e-07,2.065340e-06,3.683149e-04
1897136128,25525965,22765633536,69489873,-6.430573e-02,-2.613022e-02,8.887247e-09,2.913641e-07,2.142868e-06,4.096283e-04
1897398272,25526235,22768779264,69499641,-6.430843e-02,-2.611942e-02,8.385997e-09,3.031375e-07,2.022008e-06,4.261807e-04
1897660416,25526431,22771924992,69508978,-6.429341e-02,-2.612720e-02,1.136100e-08,2.946267e-07,2.739333e-06,4.142153e-04
1897922560,25526920,22775070720,69518484,-6.429437e-02,-2.611958e-02,1.115861e-08,3.029591e-07,2.690533e-06,4.259298e-04
1898184704,25527359,22778216448,69527996,-6.428250e-02,-2.611392e-02,1.380698e-08,3.092287e-07,3.329101e-06,4.347442e-04
1898446848,25527667,22781362176,69537576,-6.429183e-02,-2.610609e-02,1.170021e-08,3.179968e-07,2.821123e-06,4.470713e-04
1898708992,25527800,22784507904,69547037,-6.427722e-02,-2.612640e-02,1.507630e-08,2.955049e-07,3.635155e-06,4.154500e-04
1898971136,25527955,22787653632,69556560,-6.427740e-02,-2.612952e-02,1.503242e-08,2.921166e-07,3.624574e-06,4.106864e-04
1899233280,25527968,22790799360,69566208,-6.427184e-02,-2.612288e-02,1.642433e-08,2.993407e-07,3.960188e-06,4.208426e-04
1899495424,25528304,22793945088,69575716,-6.428430e-02,-2.612412e-02,1.338651e-08,2.979848e-07,3.227717e-06,4.189364e-04
1899757568,25530003,22797090816,69585240,-6.426307e-02,-2.614409e-02,1.875098e-08,2.765798e-07,4.521185e-06,3.888431e-04
1900019712,25530420,22800236544,69594820,-6.425444e-02,-2.614274e-02,2.118829e-08,2.780079e-07,5.108863e-06,3.908509e-04
1900281856,25531335,22803382272,69604627,-6.425069e-02,-2.614976e-02,2.229337e-08,2.706541e-07,5.375315e-06,3.805122e-04
1900544000,25531944,22806528000,69614445,-6.425623e-02,-2.615725e-02,2.067092e-08,2.629077e-07,4.984115e-06,3.696215e-04
1900806144,25532392,22809673728,69623974,-6.425033e-02,-2.616146e-02,2.240252e-08,2.586104e-07,5.401633e-06,3.635800e-04
1901068288,25533213,22812819456,69633478,-6.424812e-02,-2.615688e-02,2.306756e-08,2.632937e-07,5.561986e-06,3.701642e-04
1901330432,25533385,22815965184,69642917,-6.425039e-02,-2.616469e-02,2.238245e-08,2.553396e-07,5.396794e-06,3.589816e-04
1901592576,25533889,22819110912,69652675,-6.424002e-02,-2.616070e-02,2.559324e-08,2.593896e-07,6.170970e-06,3.646755e-04
1901854720,25533986,22822256640,69662150,-6.425449e-02,-2.615341e-02,2.117528e-08,2.668630e-07,5.105725e-06,3.751824e-04
1902116864,25534228,22825402368,69671927,-6.426370e-02,-2.615551e-02,1.857794e-08,2.647024e-07,4.479461e-06,3.721448e-04
1902379008,25534400,22828548096,69681591,-6.426373e-02,-2.614890e-02,1.856982e-08,2.715463e-07,4.477502e-06,3.817666e-04
1902641152,25535285,22831693824,69690886,-6.427041e-02,-2.616624e-02,1.679497e-08,2.537702e-07,4.049556e-06,3.567752e-04
1902903296,25536536,22834839552,69700609,-6.427213e-02,-2.616404e-02,1.635184e-08,2.559989e-07,3.942710e-06,3.599085e-04
1903165440,25536845,22837985280,69710315,-6.426592e-02,-2.615966e-02,1.797762e-08,2.604494e-07,4.334714e-06,3.661654e-04
1903427584,25536875,22841131008,69719813,-6.427504e-02,-2.616581e-02,1.561529e-08,2.542095e-07,3.765114e-06,3.573928e-04
1903689728,25537326,22844276736,69729451,-6.426825e-02,-2.616008e-02,1.735966e-08,2.600161e-07,4.185713e-06,3.655562e-04
1903951872,25538365,22847422464,69739009,-6.427312e-02,-2.615464e-02,1.609939e-08,2.655963e-07,3.881841e-06,3.734015e-04
1904214016,25538397,22850568192,69748722,-6.428046e-02,-2.615344e-02,1.429090e-08,2.668380e-07,3.445783e-06,3.751472e-04
1904476160,25538678,22853713920,69758558,-6.424489e-02,-2.615054e-02,2.406024e-08,2.698368e-07,5.801338e-06,3.793632e-04
1904738304,25539369,22856859648,69768155,-6.425129e-02,-2.613671e-02,2.211573e-08,2.843965e-07,5.332484e-06,3.998326e-04
1905000448,25539662,22860005376,69777948,-6.425212e-02,-2.614917e-02,2.187044e-08,2.712630e-07,5.273340e-06,3.813682e-04
1905262592,25540252,22863151104,69787675,-6.424065e-02,-2.613037e-02,2.539338e-08,2.912012e-07,6.122782e-06,4.093994e-04
1905524736,25541423,22866296832,69797205,-6.423903e-02,-2.612911e-02,2.591127e-08,2.925658e-07,6.247654e-06,4.113178e-04
1905786880,25542053,22869442560,69806876,-6.424256e-02,-2.612896e-02,2.478914e-08,2.927270e-07,5.977088e-06,4.115445e-04
1906049024,25547074,22872588288,69816479,-6.424183e-02,-2.614936e-02,2.501723e-08,2.710632e-07,6.032086e-06,3.810873e-04
1906311168,25547309,22875734016,69825944,-6.425619e-02,-2.614937e-02,2.068163e-08,2.710515e-07,4.986699e-06,3.810710e-04
1906573312,25548763,22878879744,69835546,-6.427869e-02,-2.616439e-02,1.471620e-08,2.556371e-07,3.548330e-06,3.593999e-04
1906835456,25555341,22882025472,69845144,-6.429919e-02,-2.615811e-02,1.016342e-08,2.620316e-07,2.450576e-06,3.683899e-04
1907097600,25555927,22885171200,69854887,-6.428131e-02,-2.614772e-02,1.408855e-08,2.727804e-07,3.396992e-06,3.835016e-04
1907359744,25557597,22888316928,69864274,-6.427117e-02,-2.614984e-02,1.659665e-08,2.705611e-07,4.001738e-06,3.803814e-04
1907621888,25558092,22891462656,69874088,-6.424785e-02,-2.614224e-02,2.314911e-08,2.785326e-07,5.581648e-06,3.915886e-04
1907884032,25558477,22894608384,69883888,-6.422575e-02,-2.616005e-02,3.036452e-08,2.600484e-07,7.321408e-06,3.656016e-04
1908146176,25564355,22897754112,69893333,-6.423410e-02,-2.617463e-02,2.752350e-08,2.453882e-07,6.636389e-06,3.449910e-04
1908408320,25570783,22900899840,69902961,-6.423479e-02,-2.616823e-02,2.729407e-08,2.517774e-07,6.581070e-06,3.539735e-04
1908670464,25572603,22904045568,69912555,-6.421448e-02,-2.618268e-02,3.442023e-08,2.374845e-07,8.299311e-06,3.338792e-04
1908932608,25577804,22907191296,69922176,-6.421849e-02,-2.619490e-02,3.294626e-08,2.257176e-07,7.943911e-06,3.173361e-04
1909194752,25588806,22910337024,69931902,-6.422449e-02,-2.621019e-02,3.080493e-08,2.114293e-07,7.427599e-06,2.972482e-04
1909456896,25589390,22913482752,69941373,-6.423183e-02,-2.621925e-02,2.828266e-08,2.031746e-07,6.819437e-06,2.856429e-04
1909719040,25591093,22916628480,69951091,-6.422973e-02,-2.621179e-02,2.899123e-08,2.099553e-07,6.990286e-06,2.951759e-04
1909981184,25597758,22919774208,69960832,-6.423528e-02,-2.621828e-02,2.713429e-08,2.040504e-07,6.542544e-06,2.868742e-04
1910243328,25598868,22922919936,69970384,-6.422549e-02,-2.621275e-02,3.045547e-08,2.090755e-07,7.343338e-06,2.939389e-04
1910505472,25605537,22926065664,69980058,-6.422893e-02,-2.621239e-02,2.926590e-08,2.094027e-07,7.056512e-06,2.943989e-04
1910767616,25612650,22929211392,69989649,-6.424917e-02,-2.621111e-02,2.274955e-08,2.105823e-07,5.485309e-06,2.960573e-04
1911029760,25614956,22932357120,69999235,-6.423874e-02,-2.619772e-02,2.600490e-08,2.230442e-07,6.270231e-06,3.135775e-04
1911291904,25615059,22935502848,70009042,-6.424558e-02,-2.618339e-02,2.384576e-08,2.367915e-07,5.749624e-06,3.329049e-04
1911554048,25615215,22938648576,70018494,-6.424380e-02,-2.617080e-02,2.439888e-08,2.492044e-07,5.882991e-06,3.503562e-04
1911816192,25615624,22941794304,70028054,-6.424531e-02,-2.618563e-02,2.393098e-08,2.346104e-07,5.770170e-06,3.298384e-04
1912078336,25615754,22944940032,70037520,-6.425854e-02,-2.618657e-02,2.001211e-08,2.337019e-07,4.825265e-06,3.285611e-04
1912340480,25615859,22948085760,70047285,-6.424226e-02,-2.618677e-02,2.488307e-08,2.335074e-07,5.999737e-06,3.282877e-04
1912602624,25616420,22951231488,70056947,-6.424153e-02,-2.618331e-02,2.511396e-08,2.368622e-07,6.055409e-06,3.330043e-04
1912864768,25617410,22954377216,70066715,-6.427394e-02,-2.618737e-02,1.589209e-08,2.329317e-07,3.831856e-06,3.274784e-04
1913126912,25617462,22957522944,70076426,-6.428666e-02,-2.616992e-02,1.284555e-08,2.500792e-07,3.097284e-06,3.515861e-04
1913389056,25617874,22960668672,70086128,-6.428010e-02,-2.617299e-02,1.437654e-08,2.470148e-07,3.466431e-06,3.472778e-04
1913651200,25618264,22963814400,70095794,-6.428407e-02,-2.616807e-02,1.344000e-08,2.519382e-07,3.240616e-06,3.541995e-04
1913913344,25618330,22966960128,70105514,-6.429367e-02,-2.618131e-02,1.130707e-08,2.388135e-07,2.726328e-06,3.357475e-04
1914175488,25618928,22970105856,70115112,-6.430575e-02,-2.619102e-02,8.884438e-09,2.294193e-07,2.142191e-06,3.225402e-04
1914437632,25619113,22973251584,70124715,-6.432567e-02,-2.620487e-02,5.525609e-09,2.163411e-07,1.332320e-06,3.041537e-04
1914699776,25619368,22976397312,70134411,-6.432918e-02,-2.620688e-02,5.015156e-09,2.144842e-07,1.209241e-06,3.015430e-04
1914961920,25619450,22979543040,70143989,-6.434454e-02,-2.618379e-02,3.076047e-09,2.364002e-07,7.416879e-07,3.323547e-04
1915224064,25620689,22982688768,70153586,-6.435465e-02,-2.617352e-02,2.056775e-09,2.464949e-07,4.959240e-07,3.465467e-04
1915486208,25620831,22985834496,70163474,-6.435392e-02,-2.615828e-02,2.123536e-09,2.618544e-07,5.120211e-07,3.681407e-04
1915748352,25620978,22988980224,70173004,-6.435724e-02,-2.615921e-02,1.828959e-09,2.609021e-07,4.409935e-07,3.668018e-04
1916010496,25621303,22992125952,70182535,-6.436189e-02,-2.614373e-02,1.452351e-09,2.769620e-07,3.501868e-07,3.893804e-04
1916272640,25621378,22995271680,70192089,-6.436140e-02,-2.615705e-02,1.490073e-09,2.631216e-07,3.592821e-07,3.699223e-04
1916534784,25621922,22998417408,70201618,-6.436528e-02,-2.615248e-02,1.205975e-09,2.678223e-07,2.907814e-07,3.765309e-04
1916796928,25622894,23001563136,70211489,-6.432731e-02,-2.615242e-02,5.284609e-09,2.678840e-07,1.274210e-06,3.766177e-04
1917059072,25623173,23004708864,70220976,-6.431472e-02,-2.613811e-02,7.273838e-09,2.829025e-07,1.753847e-06,3.977322e-04
1917321216,25623426,23007854592,70230685,-6.431255e-02,-2.614154e-02,7.648362e-09,2.792644e-07,1.844152e-06,3.926175e-04
1917583360,25623606,23011000320,70240158,-6.432018e-02,-2.614469e-02,6.370924e-09,2.759532e-07,1.536140e-06,3.879622e-04
1917845504,25623850,23014146048,70249927,-6.433089e-02,-2.614422e-02,4.776411e-09,2.764486e-07,1.151675e-06,3.886586e-04
1918107648,25624385,23017291776,70259429,-6.431475e-02,-2.613156e-02,7.267484e-09,2.899221e-07,1.752316e-06,4.076011e-04
1918369792,25624938,23020437504,70268812,-6.431554e-02,-2.613632e-02,7.133455e-09,2.848178e-07,1.719999e-06,4.004249e-04
1918631936,25625882,23023583232,70278487,-6.431262e-02,-2.610490e-02,7.635336e-09,3.193427e-07,1.841011e-06,4.489635e-04
1918894080,25626176,23026728960,70287970,-6.432562e-02,-2.610054e-02,5.533366e-09,3.242815e-07,1.334190e-06,4.559069e-04
1919156224,25626545,23029874688,70297584,-6.433734e-02,-2.611532e-02,3.926198e-09,3.076708e-07,9.466740e-07,4.325539e-04
1919418368,25627140,23033020416,70307190,-6.432334e-02,-2.613935e-02,5.877748e-09,2.815923e-07,1.417226e-06,3.958902e-04
1919680512,25627153,23036166144,70316841,-6.431734e-02,-2.615565e-02,6.833369e-09,2.645510e-07,1.647643e-06,3.719319e-04
1919942656,25627222,23039311872,70326453,-6.434055e-02,-2.616970e-02,3.534972e-09,2.503010e-07,8.523427e-07,3.518978e-04
1920204800,25627439,23042457600,70335956,-6.433701e-02,-2.617770e-02,3.968327e-09,2.423564e-07,9.568320e-07,3.407286e-04
1920466944,25627940,23045603328,70345445,-6.435370e-02,-2.618413e-02,2.144186e-09,2.360652e-07,5.170003e-07,3.318837e-04
1920729088,25628385,23048749056,70354882,-6.436434e-02,-2.618058e-02,1.271527e-09,2.395313e-07,3.065871e-07,3.367567e-04
1920991232,25628691,23051894784,70364424,-6.438971e-02,-2.617882e-02,1.060221e-10,2.412537e-07,2.556375e-08,3.391782e-04
1921253376,25628854,23055040512,70374111,-6.437521e-02,-2.618123e-02,6.144490e-10,2.388972e-07,1.481542e-07,3.358652e-04
1921515520,25628888,23058186240,70383711,-6.436575e-02,-2.617018e-02,1.173084e-09,2.498241e-07,2.828508e-07,3.512273e-04
1921777664,25629253,23061331968,70393373,-6.436083e-02,-2.618007e-02,1.534109e-09,2.400311e-07,3.699001e-07,3.374594e-04
1922039808,25632930,23064477696,70403023,-6.436624e-02,-2.618680e-02,1.140145e-09,2.334858e-07,2.749086e-07,3.282573e-04
1922301952,25633416,23067623424,70412888,-6.435705e-02,-2.615788e-02,1.844926e-09,2.622644e-07,4.448434e-07,3.687171e-04
1922564096,25633620,23070769152,70422622,-6.434842e-02,-2.616463e-02,2.660534e-09,2.554017e-07,6.415007e-07,3.590690e-04
1922826240,25633628,23073914880,70432337,-6.432872e-02,-2.616086e-02,5.080796e-09,2.592246e-07,1.225067e-06,3.644435e-04
1923088384,25633906,23077060608,70441826,-6.434187e-02,-2.617598e-02,3.379897e-09,2.440540e-07,8.149514e-07,3.431151e-04
1923350528,25635338,23080206336,70451303,-6.434489e-02,-2.616837e-02,3.037326e-09,2.516354e-07,7.323517e-07,3.537738e-04
1923612672,25638539,23083352064,70460745,-6.431915e-02,-2.617324e-02,6.537321e-09,2.467723e-07,1.576261e-06,3.469369e-04
1923874816,25641188,23086497792,70470410,-6.432157e-02,-2.616361e-02,6.151620e-09,2.564288e-07,1.483262e-06,3.605129e-04
1924136960,25644519,23089643520,70479985,-6.429525e-02,-2.615795e-02,1.097208e-08,2.621976e-07,2.645558e-06,3.686232e-04
1924399104,25650327,23092789248,70489467,-6.430349e-02,-2.616219e-02,9.315110e-09,2.578721e-07,2.246034e-06,3.625420e-04
1924661248,25650607,23095934976,70499070,-6.429567e-02,-2.617096e-02,1.088485e-08,2.490445e-07,2.624525e-06,3.501313e-04
1924923392,25651964,23099080704,70508680,-6.429989e-02,-2.616629e-02,1.002270e-08,2.537252e-07,2.416646e-06,3.567119e-04
1925185536,25652719,23102226432,70518499,-6.429428e-02,-2.616015e-02,1.117751e-08,2.599477e-07,2.695090e-06,3.654601e-04
1925447680,25656846,23105372160,70528314,-6.428397e-02,-2.619410e-02,1.346247e-08,2.264793e-07,3.246034e-06,3.184069e-04
1925709824,25672217,23108517888,70537735,-6.427056e-02,-2.619646e-02,1.675637e-08,2.242386e-07,4.040249e-06,3.152568e-04
1925971968,25679476,23111663616,70547434,-6.426132e-02,-2.620601e-02,1.923356e-08,2.152872e-07,4.637542e-06,3.026719e-04
1926234112,25682060,23114809344,70557133,-6.425948e-02,-2.621039e-02,1.974529e-08,2.112375e-07,4.760930e-06,2.969785e-04
1926496256,25687248,23117955072,70566585,-6.426246e-02,-2.620787e-02,1.891662e-08,2.135673e-07,4.561123e-06,3.002539e-04
1926758400,25687328,23121100800,70576244,-6.425354e-02,-2.620413e-02,2.145156e-08,2.170382e-07,5.172341e-06,3.051338e-04
1927020544,25701031,23124246528,70585811,-6.424811e-02,-2.620095e-02,2.307209e-08,2.200074e-07,5.563078e-06,3.093080e-04
1927282688,25713947,23127392256,70595623,-6.425785e-02,-2.618582e-02,2.020863e-08,2.344318e-07,4.872650e-06,3.295873e-04
1927544832,25718767,23130537984,70605181,-6.424063e-02,-2.618772e-02,2.539813e-08,2.325902e-07,6.123928e-06,3.269983e-04
1927806976,25737809,23133683712,70614965,-6.426118e-02,-2.618278e-02,1.927284e-08,2.373847e-07,4.647015e-06,3.337388e-04
1928069120,25742781,23136829440,70624583,-6.425805e-02,-2.616755e-02,2.015148e-08,2.524564e-07,4.858869e-06,3.549281e-04
1928331264,25746148,23139975168,70634125,-6.427097e-02,-2.616690e-02,1.664852e-08,2.531101e-07,4.014245e-06,3.558471e-04
1928593408,25757737,23143120896,70643734,-6.426211e-02,-2.616311e-02,1.901513e-08,2.569346e-07,4.584874e-06,3.612240e-04
1928855552,25787673,23146266624,70653405,-6.426152e-02,-2.617092e-02,1.917780e-08,2.490780e-07,4.624098e-06,3.501784e-04
1929117696,25790677,23149412352,70662948,-6.427542e-02,-2.616533e-02,1.552046e-08,2.546944e-07,3.742251e-06,3.580744e-04
1929379840,25818926,23152558080,70672341,-6.426495e-02,-2.616228e-02,1.823829e-08,2.577794e-07,4.397567e-06,3.624117e-04
1929641984,25971658,23155703808,70681705,-6.426972e-02,-2.614071e-02,1.697310e-08,2.801491e-07,4.092507e-06,3.938612e-04
1929904128,25972076,23158849536,70691228,-6.425361e-02,-2.613892e-02,2.142974e-08,2.820412e-07,5.167080e-06,3.965213e-04
1930166272,25972781,23161995264,70700729,-6.426538e-02,-2.613236e-02,1.812377e-08,2.890522e-07,4.369952e-06,4.063781e-04
1930428416,25972944,23165140992,70710563,-6.425533e-02,-2.614894e-02,2.093096e-08,2.714997e-07,5.046816e-06,3.817011e-04
1930690560,25975316,23168286720,70720209,-6.425062e-02,-2.615183e-02,2.231562e-08,2.684955e-07,5.380681e-06,3.774774e-04
1930952704,25975618,23171432448,70729656,-6.423762e-02,-2.615904e-02,2.636660e-08,2.610791e-07,6.357441e-06,3.670507e-04
1931214848,25975792,23174578176,70739433,-6.423540e-02,-2.616689e-02,2.709258e-08,2.531157e-07,6.532487e-06,3.558550e-04
1931476992,25976198,23177723904,70748982,-6.424592e-02,-2.615390e-02,2.374233e-08,2.663610e-07,5.724684e-06,3.744765e-04
1931739136,25976795,23180869632,70758690,-6.424784e-02,-2.614171e-02,2.315364e-08,2.790873e-07,5.582742e-06,3.923684e-04
1932001280,25976983,23184015360,70768210,-6.422886e-02,-2.616087e-02,2.928884e-08,2.592094e-07,7.062044e-06,3.644222e-04
1932263424,25977137,23187161088,70777751,-6.420933e-02,-2.616032e-02,3.635421e-08,2.597730e-07,8.765626e-06,3.652145e-04
1932525568,25977317,23190306816,70787394,-6.421477e-02,-2.614965e-02,3.431250e-08,2.707684e-07,8.273334e-06,3.806729e-04
1932787712,25977548,23193452544,70796905,-6.423181e-02,-2.613631e-02,2.828768e-08,2.848257e-07,6.820646e-06,4.004361e-04
1933049856,25977729,23196598272,70806457,-6.423999e-02,-2.611926e-02,2.560277e-08,3.033119e-07,6.173270e-06,4.264258e-04
1933312000,25979324,23199744000,70815986,-6.423926e-02,-2.612818e-02,2.583937e-08,2.935681e-07,6.230317e-06,4.127269e-04
1933574144,25979723,23202889728,70825665,-6.425390e-02,-2.612445e-02,2.134693e-08,2.976290e-07,5.147112e-06,4.184362e-04
1933836288,25980676,23206035456,70835306,-6.426289e-02,-2.612712e-02,1.879998e-08,2.947218e-07,4.532999e-06,4.143489e-04
1934098432,25981319,23209181184,70844954,-6.426579e-02,-2.613458e-02,1.801360e-08,2.866717e-07,4.343390e-06,4.030314e-04
1934360576,25981840,23212326912,70854407,-6.428868e-02,-2.613357e-02,1.239195e-08,2.877578e-07,2.987912e-06,4.045583e-04
1934622720,25982606,23215472640,70863976,-6.427574e-02,-2.612455e-02,1.544074e-08,2.975193e-07,3.723029e-06,4.182819e-04
1934884864,25982836,23218618368,70873531,-6.427228e-02,-2.613982e-02,1.631185e-08,2.810943e-07,3.933068e-06,3.951901e-04
1935147008,25983389,23221764096,70883087,-6.427863e-02,-2.612961e-02,1.473067e-08,2.920220e-07,3.551817e-06,4.105533e-04
1935409152,25983520,23224909824,70892658,-6.429359e-02,-2.613583e-02,1.132292e-08,2.853369e-07,2.730150e-06,4.011548e-04
1935671296,25983808,23228055552,70902319,-6.431273e-02,-2.611777e-02,7.615817e-09,3.049575e-07,1.836305e-06,4.287394e-04
1935933440,25983845,23231201280,70912117,-6.429705e-02,-2.613687e-02,1.059914e-08,2.842237e-07,2.555635e-06,3.995896e-04
1936195584,25984562,23234347008,70921787,-6.428872e-02,-2.613017e-02,1.238365e-08,2.914164e-07,2.985912e-06,4.097018e-04
1936457728,25986005,23237492736,70931432,-6.425772e-02,-2.611641e-02,2.024466e-08,3.064591e-07,4.881336e-06,4.308504e-04
1936719872,25986272,23240638464,70941154,-6.424703e-02,-2.612585e-02,2.339917e-08,2.960946e-07,5.641943e-06,4.162789e-04
1936982016,25986349,23243784192,70950854,-6.424627e-02,-2.613099e-02,2.363454e-08,2.905302e-07,5.698694e-06,4.084560e-04
1937244160,25986966,23246929920,70960533,-6.423718e-02,-2.612832e-02,2.650955e-08,2.934127e-07,6.391909e-06,4.125085e-04
1937506304,25987732,23250075648,70970094,-6.424569e-02,-2.610990e-02,2.381126e-08,3.137091e-07,5.741305e-06,4.410432e-04
1937768448,25987867,23253221376,70979574,-6.423911e-02,-2.609987e-02,2.588490e-08,3.250520e-07,6.241294e-06,4.569902e-04
1938030592,25987976,23256367104,70988978,-6.422591e-02,-2.609827e-02,3.030742e-08,3.268769e-07,7.307641e-06,4.595558e-04
1938292736,25989190,23259512832,70998678,-6.421877e-02,-2.612109e-02,3.284356e-08,3.013005e-07,7.919148e-06,4.235979e-04
1938554880,25989312,23262658560,71008561,-6.421185e-02,-2.613542e-02,3.540304e-08,2.857789e-07,8.536284e-06,4.017761e-04
1938817024,25989874,23265804288,71017978,-6.420755e-02,-2.614047e-02,3.703929e-08,2.804015e-07,8.930811e-06,3.942161e-04
1939079168,25990779,23268950016,71027553,-6.420942e-02,-2.613436e-02,3.632297e-08,2.869052e-07,8.758094e-06,4.033595e-04
1939341312,25991560,23272095744,71037139,-6.421333e-02,-2.614259e-02,3.484729e-08,2.781592e-07,8.402282e-06,3.910636e-04
1939603456,25996502,23275241472,71046763,-6.420704e-02,-2.614761e-02,3.723456e-08,2.728913e-07,8.977894e-06,3.836575e-04
1939865600,25996899,23278387200,71056323,-6.419732e-02,-2.613731e-02,4.107843e-08,2.837611e-07,9.904717e-06,3.989393e-04
1940127744,25998637,23281532928,71065836,-6.419769e-02,-2.613018e-02,4.093058e-08,2.914083e-07,9.869066e-06,4.096905e-04
1940389888,26004800,23284678656,71075612,-6.419466e-02,-2.610012e-02,4.216675e-08,3.247654e-07,1.016713e-05,4.565871e-04
1940652032,26005302,23287824384,71085026,-6.419505e-02,-2.609640e-02,4.200474e-08,3.290166e-07,1.012807e-05,4.625640e-04
1940914176,26007358,23290970112,71094574,-6.419025e-02,-2.609752e-02,4.399766e-08,3.277294e-07,1.060859e-05,4.607543e-04
1941176320,26007752,23294115840,71104197,-6.419761e-02,-2.609744e-02,4.096374e-08,3.278296e-07,9.877064e-06,4.608952e-04
1941438464,26008393,23297261568,71113743,-6.419777e-02,-2.610149e-02,4.089742e-08,3.232026e-07,9.861072e-06,4.543901e-04
1941700608,26013528,23300407296,71123137,-6.419349e-02,-2.611733e-02,4.264545e-08,3.054391e-07,1.028255e-05,4.294164e-04
1941962752,26020072,23303553024,71132875,-6.418277e-02,-2.611691e-02,4.718849e-08,3.059087e-07,1.137796e-05,4.300766e-04
1942224896,26022068,23306698752,71142645,-6.417790e-02,-2.610719e-02,4.932921e-08,3.167586e-07,1.189412e-05,4.453305e-04
1942487040,26027072,23309844480,71152358,-6.417806e-02,-2.609352e-02,4.925974e-08,3.323285e-07,1.187737e-05,4.672201e-04
1942749184,26038170,23312990208,71161800,-6.417160e-02,-2.608842e-02,5.216884e-08,3.382366e-07,1.257881e-05,4.755264e-04
1943011328,26039785,23316135936,71171482,-6.416298e-02,-2.608123e-02,5.617747e-08,3.466490e-07,1.354535e-05,4.873534e-04
1943273472,26040506,23319281664,71181143,-6.415126e-02,-2.607735e-02,6.187412e-08,3.512284e-07,1.491891e-05,4.937915e-04
1943535616,26047110,23322427392,71190695,-6.413745e-02,-2.608508e-02,6.893303e-08,3.421324e-07,1.662094e-05,4.810035e-04
1943797760,26049156,23325573120,71200282,-6.412625e-02,-2.609257e-02,7.494272e-08,3.334268e-07,1.806998e-05,4.687642e-04
1944059904,26055416,23328718848,71209915,-6.413444e-02,-2.610877e-02,7.052267e-08,3.149790e-07,1.700423e-05,4.428285e-04
1944322048,26055497,23331864576,71219562,-6.415050e-02,-2.611518e-02,6.224905e-08,3.078279e-07,1.500932e-05,4.327748e-04
1944584192,26058077,23335010304,71229361,-6.415473e-02,-2.611722e-02,6.015890e-08,3.055606e-07,1.450535e-05,4.295872e-04
1944846336,26058205,23338156032,71238921,-6.413122e-02,-2.611998e-02,7.224252e-08,3.025184e-07,1.741892e-05,4.253102e-04
1945108480,26058296,23341301760,71248511,-6.412994e-02,-2.612656e-02,7.293305e-08,2.953308e-07,1.758542e-05,4.152052e-04
1945370624,26058722,23344447488,71257973,-6.411583e-02,-2.610804e-02,8.075406e-08,3.158012e-07,1.947119e-05,4.439845e-04
1945632768,26058750,23347593216,71267654,-6.412996e-02,-2.610433e-02,7.292098e-08,3.199851e-07,1.758250e-05,4.498666e-04
1945894912,26058918,23350738944,71277333,-6.413732e-02,-2.610286e-02,6.900347e-08,3.216500e-07,1.663793e-05,4.522072e-04
1946157056,26059494,23353884672,71287218,-6.415167e-02,-2.608394e-02,6.167042e-08,3.434673e-07,1.486980e-05,4.828801e-04
1946419200,26060465,23357030400,71296970,-6.415723e-02,-2.610668e-02,5.893714e-08,3.173292e-07,1.421076e-05,4.461326e-04
1946681344,26060920,23360176128,71306495,-6.415179e-02,-2.610722e-02,6.160753e-08,3.167209e-07,1.485464e-05,4.452774e-04
1946943488,26061173,23363321856,71316156,-6.413969e-02,-2.609914e-02,6.776433e-08,3.258851e-07,1.633915e-05,4.581614e-04
1947205632,26061328,23366467584,71325610,-6.414067e-02,-2.609369e-02,6.725327e-08,3.321331e-07,1.621592e-05,4.669454e-04
1947467776,26061416,23369613312,71335122,-6.414447e-02,-2.610252e-02,6.529689e-08,3.220325e-07,1.574420e-05,4.527450e-04
1947729920,26062298,23372759040,71344696,-6.415424e-02,-2.610252e-02,6.040036e-08,3.220346e-07,1.456357e-05,4.527479e-04
1947992064,26062445,23375904768,71354300,-6.417023e-02,-2.609201e-02,5.279354e-08,3.340724e-07,1.272943e-05,4.696719e-04
1948254208,26062802,23379050496,71363901,-6.416502e-02,-2.611341e-02,5.521742e-08,3.097883e-07,1.331387e-05,4.355309e-04
1948516352,26063710,23382196224,71373383,-6.418425e-02,-2.610725e-02,4.654975e-08,3.166832e-07,1.122395e-05,4.452244e-04
1948778496,26063958,23385341952,71382948,-6.418548e-02,-2.609106e-02,4.602079e-08,3.351736e-07,1.109640e-05,4.712201e-04
1949040640,26064309,23388487680,71392476,-6.418326e-02,-2.608745e-02,4.697510e-08,3.393620e-07,1.132651e-05,4.771086e-04
1949302784,26064539,23391633408,71402185,-6.417584e-02,-2.607916e-02,5.025023e-08,3.490923e-07,1.211620e-05,4.907884e-04
1949564928,26064745,23394779136,71411735,-6.419260e-02,-2.606839e-02,4.301551e-08,3.619326e-07,1.037178e-05,5.088404e-04
1949827072,26064928,23397924864,71421394,-6.419172e-02,-2.607665e-02,4.338097e-08,3.520634e-07,1.045990e-05,4.949655e-04
1950089216,26066006,23401070592,71431015,-6.419367e-02,-2.607659e-02,4.257163e-08,3.521342e-07,1.026475e-05,4.950649e-04
1950351360,26066400,23404216320,71440572,-6.420425e-02,-2.609249e-02,3.831771e-08,3.335214e-07,9.239060e-06,4.688973e-04
1950613504,26066452,23407362048,71450187,-6.421432e-02,-2.609165e-02,3.447832e-08,3.344838e-07,8.313315e-06,4.702502e-04
1950875648,26066957,23410507776,71459803,-6.418981e-02,-2.609221e-02,4.418226e-08,3.338377e-07,1.065311e-05,4.693420e-04
1951137792,26067933,23413653504,71469367,-6.417752e-02,-2.610404e-02,4.949814e-08,3.203097e-07,1.193486e-05,4.503230e-04
1951399936,26068174,23416799232,71478806,-6.417613e-02,-2.609797e-02,5.012004e-08,3.272177e-07,1.208480e-05,4.600350e-04
1951662080,26068595,23419944960,71488260,-6.418485e-02,-2.608818e-02,4.628970e-08,3.385140e-07,1.116124e-05,4.759163e-04
1951924224,26069668,23423090688,71497784,-6.418005e-02,-2.607816e-02,4.838066e-08,3.502709e-07,1.166541e-05,4.924453e-04
1952186368,26070580,23426236416,71507256,-6.420819e-02,-2.608396e-02,3.679021e-08,3.434389e-07,8.870754e-06,4.828403e-04
1952448512,26070686,23429382144,71517204,-6.419132e-02,-2.607278e-02,4.354872e-08,3.566672e-07,1.050035e-05,5.014378e-04
1952710656,26070868,23432527872,71526958,-6.418592e-02,-2.605889e-02,4.583238e-08,3.734527e-07,1.105098e-05,5.250366e-04
1952972800,26070950,23435673600,71536520,-6.416760e-02,-2.605863e-02,5.400907e-08,3.737784e-07,1.302252e-05,5.254944e-04
1953234944,26071067,23438819328,71546133,-6.416030e-02,-2.605518e-02,5.745613e-08,3.780060e-07,1.385366e-05,5.314380e-04
1953497088,26071915,23441965056,71555745,-6.416588e-02,-2.605641e-02,5.481198e-08,3.764958e-07,1.321611e-05,5.293149e-04
1953759232,26071994,23445110784,71565451,-6.417691e-02,-2.604611e-02,4.977037e-08,3.892332e-07,1.200049e-05,5.472223e-04
1954021376,26072098,23448256512,71574882,-6.417450e-02,-2.604114e-02,5.084992e-08,3.954634e-07,1.226079e-05,5.559814e-04
1954283520,26072196,23451402240,71584509,-6.417105e-02,-2.603838e-02,5.242101e-08,3.989382e-07,1.263961e-05,5.608666e-04
1954545664,26072855,23454547968,71594027,-6.416240e-02,-2.603936e-02,5.645329e-08,3.977015e-07,1.361186e-05,5.591279e-04
1954807808,26072872,23457693696,71603588,-6.413867e-02,-2.604448e-02,6.829291e-08,3.912764e-07,1.646659e-05,5.500950e-04
1955069952,26075498,23460839424,71613120,-6.413979e-02,-2.603695e-02,6.771004e-08,4.007473e-07,1.632606e-05,5.634100e-04
1955332096,26076598,23463985152,71622602,-6.412811e-02,-2.602152e-02,7.392637e-08,4.205238e-07,1.782492e-05,5.912138e-04
1955594240,26076697,23467130880,71632042,-6.412891e-02,-2.603393e-02,7.349349e-08,4.045792e-07,1.772055e-05,5.687972e-04
1955856384,26076721,23470276608,71641787,-6.415031e-02,-2.604632e-02,6.234575e-08,3.889776e-07,1.503263e-05,5.468630e-04
1956118528,26076929,23473422336,71651488,-6.414194e-02,-2.603983e-02,6.659793e-08,3.971120e-07,1.605791e-05,5.582992e-04
1956380672,26077522,23476568064,71661114,-6.412636e-02,-2.606332e-02,7.488154e-08,3.680564e-07,1.805523e-05,5.174500e-04
1956642816,26079088,23479713792,71670593,-6.412082e-02,-2.606202e-02,7.794187e-08,3.696402e-07,1.879313e-05,5.196766e-04
1956904960,26084377,23482859520,71680098,-6.409697e-02,-2.605696e-02,9.182719e-08,3.758218e-07,2.214112e-05,5.283674e-04
1957167104,26084553,23486005248,71689488,-6.410398e-02,-2.605873e-02,8.763167e-08,3.736554e-07,2.112950e-05,5.253216e-04
1957429248,26087898,23489150976,71699029,-6.408703e-02,-2.605079e-02,9.795431e-08,3.834214e-07,2.361847e-05,5.390516e-04
1957691392,26087949,23492296704,71708782,-6.407837e-02,-2.603149e-02,1.034485e-07,4.076963e-07,2.494322e-05,5.731797e-04
1957953536,26094027,23495442432,71718490,-6.406985e-02,-2.602707e-02,1.089991e-07,4.133604e-07,2.628156e-05,5.811428e-04
1958215680,26095517,23498588160,71728194,-6.408012e-02,-2.601212e-02,1.023253e-07,4.328070e-07,2.467239e-05,6.084827e-04
1958477824,26099968,23501733888,71737941,-6.408883e-02,-2.600962e-02,9.682895e-08,4.361047e-07,2.334713e-05,6.131190e-04
1958739968,26100212,23504879616,71747373,-6.408416e-02,-2.600469e-02,9.975807e-08,4.426409e-07,2.405339e-05,6.223082e-04
1959002112,26102133,23508025344,71757164,-6.407897e-02,-2.599977e-02,1.030607e-07,4.492033e-07,2.484970e-05,6.315342e-04
1959264256,26116459,23511171072,71766921,-6.407931e-02,-2.601601e-02,1.028407e-07,4.277024e-07,2.479667e-05,6.013063e-04
1959526400,26122399,23514316800,71776501,-6.406520e-02,-2.602999e-02,1.120956e-07,4.096158e-07,2.702817e-05,5.758782e-04
1959788544,26125029,23517462528,71786132,-6.405639e-02,-2.604048e-02,1.180701e-07,3.962955e-07,2.846874e-05,5.571513e-04
1960050688,26130394,23520608256,71795684,-6.406351e-02,-2.603187e-02,1.132259e-07,4.072041e-07,2.730072e-05,5.724877e-04
1960312832,26130714,23523753984,71805589,-6.407275e-02,-2.604311e-02,1.070938e-07,3.929934e-07,2.582215e-05,5.525089e-04
1960574976,26145566,23526899712,71815151,-6.409098e-02,-2.604429e-02,9.549353e-08,3.915142e-07,2.302514e-05,5.504292e-04
1960837120,26156964,23530045440,71824550,-6.409054e-02,-2.606532e-02,9.577002e-08,3.656354e-07,2.309180e-05,5.140463e-04
1961099264,26162092,23533191168,71834038,-6.408043e-02,-2.609267e-02,1.021252e-07,3.333106e-07,2.462414e-05,4.686009e-04
1961361408,26181169,23536336896,71843760,-6.408130e-02,-2.609367e-02,1.015688e-07,3.321610e-07,2.448999e-05,4.669846e-04
1961623552,26185895,23539482624,71853094,-6.408505e-02,-2.607945e-02,9.919410e-08,3.487490e-07,2.391741e-05,4.903058e-04
1961885696,26189132,23542628352,71862967,-6.409460e-02,-2.607358e-02,9.326873e-08,3.557178e-07,2.248870e-05,5.001032e-04
1962147840,26200921,23545774080,71872416,-6.408773e-02,-2.605868e-02,9.751176e-08,3.737169e-07,2.351177e-05,5.254080e-04
1962409984,26230684,23548919808,71881983,-6.408951e-02,-2.604270e-02,9.640283e-08,3.935050e-07,2.324438e-05,5.532281e-04
1962672128,26233703,23552065536,71891703,-6.410617e-02,-2.605248e-02,8.633521e-08,3.813252e-07,2.081691e-05,5.361044e-04
1962934272,26261923,23555211264,71901186,-6.413981e-02,-2.605779e-02,6.769841e-08,3.747971e-07,1.632325e-05,5.269267e-04
1963196416,26421169,23558356992,71911086,-6.414416e-02,-2.604774e-02,6.545692e-08,3.872022e-07,1.578279e-05,5.443670e-04
1963458560,26421489,23561502720,71920744,-6.416650e-02,-2.605072e-02,5.452281e-08,3.835044e-07,1.314639e-05,5.391684e-04
1963720704,26422280,23564648448,71930392,-6.415696e-02,-2.604413e-02,5.907106e-08,3.917100e-07,1.424305e-05,5.507045e-04
1963982848,26422524,23567794176,71940133,-6.417356e-02,-2.602788e-02,5.127419e-08,4.123144e-07,1.236309e-05,5.796722e-04
1964244992,26424770,23570939904,71949586,-6.413220e-02,-2.600747e-02,7.171880e-08,4.389483e-07,1.729264e-05,6.171167e-04
1964507136,26425111,23574085632,71959460,-6.414267e-02,-2.602305e-02,6.621778e-08,4.185452e-07,1.596624e-05,5.884321e-04
1964769280,26425279,23577231360,71969190,-6.414203e-02,-2.599873e-02,6.654795e-08,4.506051e-07,1.604586e-05,6.335050e-04
1965031424,26425622,23580377088,71979112,-6.415103e-02,-2.599664e-02,6.198536e-08,4.534127e-07,1.494574e-05,6.374522e-04
1965293568,26426158,23583522816,71988711,-6.416023e-02,-2.598742e-02,5.749185e-08,4.659197e-07,1.386228e-05,6.550358e-04
1965555712,26426523,23586668544,71998146,-6.416312e-02,-2.599254e-02,5.611392e-08,4.589531e-07,1.353003e-05,6.452415e-04
1965817856,26426586,23589814272,72007764,-6.416680e-02,-2.600635e-02,5.438372e-08,4.404254e-07,1.311285e-05,6.191935e-04
1966080000,26426746,23592960000,72017187,-6.416488e-02,-2.599945e-02,5.528046e-08,4.496328e-07,1.332907e-05,6.321381e-04
1966342144,26427293,23596105728,72026529,-6.416037e-02,-2.599953e-02,5.742399e-08,4.495254e-07,1.384591e-05,6.319871e-04
1966604288,26427434,23599251456,72036203,-6.417755e-02,-2.600992e-02,4.948489e-08,4.357111e-07,1.193166e-05,6.125656e-04
1966866432,26428776,23602397184,72045943,-6.416437e-02,-2.602297e-02,5.552247e-08,4.186464e-07,1.338742e-05,5.885744e-04
1967128576,26429220,23605542912,72055566,-6.417888e-02,-2.601744e-02,4.889661e-08,4.258382e-07,1.178982e-05,5.986854e-04
1967390720,26430017,23608688640,72065088,-6.419504e-02,-2.602553e-02,4.201085e-08,4.153387e-07,1.012954e-05,5.839241e-04
1967652864,26430717,23611834368,72074851,-6.418877e-02,-2.602204e-02,4.461871e-08,4.198452e-07,1.075834e-05,5.902598e-04
1967915008,26431516,23614980096,72084403,-6.419873e-02,-2.600999e-02,4.050961e-08,4.356152e-07,9.767564e-06,6.124309e-04
1968177152,26432073,23618125824,72094043,-6.422371e-02,-2.598708e-02,3.108015e-08,4.663749e-07,7.493960e-06,6.556759e-04
1968439296,26432465,23621271552,72103663,-6.421495e-02,-2.599762e-02,3.424353e-08,4.520917e-07,8.256705e-06,6.355950e-04
1968701440,26433017,23624417280,72113180,-6.423361e-02,-2.600158e-02,2.768690e-08,4.467847e-07,6.675788e-06,6.281339e-04
1968963584,26433325,23627563008,72123019,-6.425275e-02,-2.599304e-02,2.168353e-08,4.582770e-07,5.228272e-06,6.442910e-04
1969225728,26433358,23630708736,72132700,-6.426556e-02,-2.598340e-02,1.807565e-08,4.714207e-07,4.358351e-06,6.627697e-04
1969487872,26433567,23633854464,72142216,-6.428467e-02,-2.599631e-02,1.330216e-08,4.538643e-07,3.207380e-06,6.380872e-04
1969750016,26433826,23637000192,72152001,-6.428849e-02,-2.598483e-02,1.243511e-08,4.694558e-07,2.998320e-06,6.600072e-04
1970012160,26435554,23640145920,72161862,-6.428502e-02,-2.601145e-02,1.322151e-08,4.336824e-07,3.187933e-06,6.097134e-04
1970274304,26435806,23643291648,72171287,-6.429258e-02,-2.601238e-02,1.153959e-08,4.324615e-07,2.782393e-06,6.079969e-04
1970536448,26435862,23646437376,72180797,-6.429258e-02,-2.602744e-02,1.153959e-08,4.128839e-07,2.782393e-06,5.804728e-04
1970798592,26436412,23649583104,72190271,-6.428862e-02,-2.603916e-02,1.240522e-08,3.979600e-07,2.991113e-06,5.594913e-04
1971060736,26437066,23652728832,72199815,-6.430200e-02,-2.604030e-02,9.603507e-09,3.965277e-07,2.315571e-06,5.574777e-04
1971322880,26437266,23655874560,72209322,-6.429753e-02,-2.604416e-02,1.050118e-08,3.916727e-07,2.532016e-06,5.506520e-04
1971585024,26437563,23659020288,72218994,-6.428152e-02,-2.604782e-02,1.403907e-08,3.871071e-07,3.385062e-06,5.442334e-04
1971847168,26438952,23662166016,72228712,-6.426734e-02,-2.606800e-02,1.760001e-08,3.624011e-07,4.243666e-06,5.094992e-04
1972109312,26439081,23665311744,72238384,-6.425600e-02,-2.607219e-02,2.073524e-08,3.573750e-07,4.999624e-06,5.024330e-04
1972371456,26439445,23668457472,72247807,-6.425537e-02,-2.607298e-02,2.091803e-08,3.564269e-07,5.043697e-06,5.011001e-04
1972633600,26440233,23671603200,72257043,-6.426487e-02,-2.609417e-02,1.826044e-08,3.315751e-07,4.402906e-06,4.661609e-04
1972895744,26441022,23674748928,72266690,-6.426536e-02,-2.608292e-02,1.812979e-08,3.446582e-07,4.371403e-06,4.845544e-04
1973157888,26446141,23677894656,72276311,-6.428710e-02,-2.606730e-02,1.274779e-08,3.632493e-07,3.073711e-06,5.106917e-04
1973420032,26446628,23681040384,72285872,-6.428265e-02,-2.606956e-02,1.377198e-08,3.605332e-07,3.320662e-06,5.068731e-04
1973682176,26448676,23684186112,72295366,-6.427944e-02,-2.605000e-02,1.453599e-08,3.844001e-07,3.504878e-06,5.404275e-04
1973944320,26454850,23687331840,72304735,-6.427402e-02,-2.605274e-02,1.587143e-08,3.810100e-07,3.826875e-06,5.356615e-04
1974206464,26455437,23690477568,72314273,-6.429242e-02,-2.605619e-02,1.157483e-08,3.767679e-07,2.790891e-06,5.296974e-04
1974468608,26456632,23693623296,72324112,-6.431855e-02,-2.602874e-02,6.635275e-09,4.112195e-07,1.599879e-06,5.781330e-04
1974730752,26457599,23696769024,72333705,-6.431364e-02,-2.602891e-02,7.459281e-09,4.109903e-07,1.798561e-06,5.778106e-04
1974992896,26458434,23699914752,72343337,-6.436101e-02,-2.603693e-02,1.520133e-09,4.007803e-07,3.665303e-07,5.634564e-04
1975255040,26462916,23703060480,72352816,-6.435206e-02,-2.601516e-02,2.298674e-09,4.288214e-07,5.542499e-07,6.028794e-04
1975517184,26469507,23706206208,72362495,-6.436081e-02,-2.600079e-02,1.535860e-09,4.478436e-07,3.703224e-07,6.296226e-04
1975779328,26471710,23709351936,72372124,-6.434152e-02,-2.600950e-02,3.420736e-09,4.362621e-07,8.247983e-07,6.133403e-04
1976041472,26476568,23712497664,72381737,-6.432467e-02,-2.602604e-02,5.675034e-09,4.146812e-07,1.368348e-06,5.829996e-04
1976303616,26487633,23715643392,72391542,-6.433915e-02,-2.601452e-02,3.703494e-09,4.296561e-07,8.929763e-07,6.040529e-04
1976565760,26489991,23718789120,72401198,-6.434487e-02,-2.600616e-02,3.039791e-09,4.406875e-07,7.329459e-07,6.195620e-04
1976827904,26490293,23721934848,72410910,-6.436761e-02,-2.601797e-02,1.048961e-09,4.251457e-07,2.529227e-07,5.977117e-04
1977090048,26496647,23725080576,72420629,-6.437685e-02,-2.601125e-02,5.362191e-10,4.339523e-07,1.292916e-07,6.100929e-04
1977352192,26498579,23728226304,72430348,-6.438541e-02,-2.598754e-02,2.130341e-10,4.657493e-07,5.136619e-08,6.547963e-04
1977614336,26499490,23731372032,72439933,-6.441113e-02,-2.598468e-02,1.237371e-10,4.696600e-07,2.983514e-08,6.602943e-04
1977876480,26501248,23734517760,72449484,-6.440263e-02,-2.597809e-02,6.917189e-12,4.787360e-07,1.667853e-09,6.730542e-04
1978138624,26501359,23737663488,72459018,-6.441829e-02,-2.598362e-02,3.345671e-10,4.711189e-07,8.066989e-08,6.623454e-04
1978400768,26501551,23740809216,72468765,-6.441053e-02,-2.598762e-02,1.108318e-10,4.656425e-07,2.672346e-08,6.546461e-04
1978662912,26501885,23743954944,72478240,-6.441899e-02,-2.598697e-02,3.603953e-10,4.665251e-07,8.689750e-08,6.558869e-04
1978925056,26502027,23747100672,72487899,-6.443364e-02,-2.598623e-02,1.131607e-09,4.675459e-07,2.728500e-07,6.573222e-04
1979187200,26502289,23750246400,72497622,-6.442112e-02,-2.598412e-02,4.461556e-10,4.704288e-07,1.075758e-07,6.613751e-04
1979449344,26502753,23753392128,72507162,-6.443349e-02,-2.600042e-02,1.121105e-09,4.483348e-07,2.703178e-07,6.303133e-04
1979711488,26503624,23756537856,72516763,-6.443796e-02,-2.600045e-02,1.440450e-09,4.483024e-07,3.473172e-07,6.302677e-04
1979973632,26504356,23759683584,72526234,-6.444225e-02,-2.599061e-02,1.784622e-09,4.615689e-07,4.303032e-07,6.489191e-04
1980235776,26504388,23762829312,72535676,-6.442552e-02,-2.599154e-02,6.511805e-10,4.603094e-07,1.570108e-07,6.471483e-04
1980497920,26504671,23765975040,72545193,-6.442095e-02,-2.598296e-02,4.389458e-10,4.720194e-07,1.058374e-07,6.636113e-04
1980760064,26504773,23769120768,72554718,-6.442794e-02,-2.598450e-02,7.806256e-10,4.699077e-07,1.882223e-07,6.606425e-04
1981022208,26505505,23772266496,72564344,-6.442814e-02,-2.599615e-02,7.914878e-10,4.540777e-07,1.908413e-07,6.383872e-04
1981284352,26505522,23775412224,72573924,-6.442162e-02,-2.599960e-02,4.671708e-10,4.494305e-07,1.126429e-07,6.318537e-04
1981546496,26505893,23778557952,72583575,-6.441133e-02,-2.601268e-02,1.284218e-10,4.320745e-07,3.096470e-08,6.074529e-04
1981808640,26506270,23781703680,72593136,-6.442082e-02,-2.600006e-02,4.333442e-10,4.488139e-07,1.044868e-07,6.309868e-04
1982070784,26506968,23784849408,72602889,-6.441651e-02,-2.600394e-02,2.723502e-10,4.436328e-07,6.566833e-08,6.237028e-04
1982332928,26507203,23787995136,72612659,-6.443534e-02,-2.600077e-02,1.248782e-09,4.478735e-07,3.011027e-07,6.296646e-04
1982595072,26507683,23791140864,72622277,-6.443716e-02,-2.599128e-02,1.380572e-09,4.606658e-07,3.328796e-07,6.476495e-04
1982857216,26507751,23794286592,72631912,-6.441670e-02,-2.601950e-02,2.787815e-10,4.231514e-07,6.721903e-08,5.949080e-04
1983119360,26508083,23797432320,72641672,-6.440800e-02,-2.604454e-02,6.403078e-11,3.911949e-07,1.543892e-08,5.499803e-04
1983381504,26508162,23800578048,72651259,-6.440805e-02,-2.603889e-02,6.474821e-11,3.982984e-07,1.561191e-08,5.599671e-04
1983643648,26509259,23803723776,72660990,-6.439036e-02,-2.604030e-02,9.294987e-11,3.965277e-07,2.241181e-08,5.574777e-04
1983905792,26509569,23806869504,72670699,-6.438363e-02,-2.603906e-02,2.681857e-10,3.980869e-07,6.466419e-08,5.596697e-04
1984167936,26509694,23810015232,72680382,-6.436678e-02,-2.604045e-02,1.103710e-09,3.963307e-07,2.661236e-07,5.572007e-04
1984430080,26510110,23813160960,72689923,-6.437320e-02,-2.604478e-02,7.182260e-10,3.908944e-07,1.731767e-07,5.495579e-04
1984692224,26511472,23816306688,72699563,-6.438471e-02,-2.605006e-02,2.339689e-10,3.843308e-07,5.641393e-08,5.403301e-04
1984954368,26511607,23819452416,72709437,-6.438788e-02,-2.604278e-02,1.469452e-10,3.934022e-07,3.543101e-08,5.530835e-04
1985216512,26513204,23822598144,72719310,-6.437147e-02,-2.604444e-02,8.142875e-10,3.913254e-07,1.963387e-07,5.501639e-04
1985478656,26513876,23825743872,72728862,-6.436463e-02,-2.603937e-02,1.251416e-09,3.976874e-07,3.017379e-07,5.591081e-04
1985740800,26514229,23828889600,72738227,-6.435869e-02,-2.602316e-02,1.706803e-09,4.184006e-07,4.115396e-07,5.882288e-04
1986002944,26514344,23832035328,72747979,-6.438077e-02,-2.601681e-02,3.697909e-10,4.266628e-07,8.916295e-08,5.998445e-04
1986265088,26514416,23835181056,72757632,-6.437651e-02,-2.601910e-02,5.518591e-10,4.236726e-07,1.330627e-07,5.956406e-04
1986527232,26514627,23838326784,72767295,-6.438401e-02,-2.601081e-02,2.558847e-10,4.345292e-07,6.169821e-08,6.109039e-04
1986789376,26515219,23841472512,72776955,-6.437670e-02,-2.601074e-02,5.431424e-10,4.346200e-07,1.309610e-07,6.110316e-04
1987051520,26515565,23844618240,72786578,-6.437385e-02,-2.601803e-02,6.839029e-10,4.250655e-07,1.649008e-07,5.975991e-04
1987313664,26515611,23847763968,72796197,-6.437245e-02,-2.602134e-02,7.591263e-10,4.207654e-07,1.830384e-07,5.915534e-04
1987575808,26515702,23850909696,72805975,-6.436612e-02,-2.601577e-02,1.147705e-09,4.280143e-07,2.767314e-07,6.017447e-04
1987837952,26516597,23854055424,72815595,-6.435356e-02,-2.601741e-02,2.156624e-09,4.258771e-07,5.199993e-07,5.987401e-04
1988100096,26518157,23857201152,72825110,-6.434464e-02,-2.603043e-02,3.065312e-09,4.090509e-07,7.390997e-07,5.750841e-04
1988362240,26519911,23860346880,72834788,-6.434593e-02,-2.604986e-02,2.923442e-09,3.845780e-07,7.048922e-07,5.406776e-04
1988624384,26520164,23863492608,72844409,-6.433955e-02,-2.604785e-02,3.654687e-09,3.870654e-07,8.812081e-07,5.441747e-04
1988886528,26520275,23866638336,72853985,-6.434419e-02,-2.602899e-02,3.115013e-09,4.108923e-07,7.510833e-07,5.776730e-04
1989148672,26521220,23869784064,72863638,-6.434704e-02,-2.603981e-02,2.804627e-09,3.971449e-07,6.762438e-07,5.583454e-04
1989410816,26522384,23872929792,72873189,-6.435017e-02,-2.604703e-02,2.482977e-09,3.880928e-07,5.986886e-07,5.456192e-04
1989672960,26522953,23876075520,72882805,-6.435823e-02,-2.605774e-02,1.745184e-09,3.748564e-07,4.207940e-07,5.270101e-04
1989935104,26525112,23879221248,72892425,-6.435363e-02,-2.604723e-02,2.150401e-09,3.878469e-07,5.184987e-07,5.452734e-04
1990197248,26527210,23882366976,72902157,-6.434967e-02,-2.606713e-02,2.532975e-09,3.634559e-07,6.107439e-07,5.109822e-04
1990459392,26528004,23885512704,72911922,-6.434539e-02,-2.607368e-02,2.982553e-09,3.556001e-07,7.191450e-07,4.999376e-04
1990721536,26531347,23888658432,72921525,-6.432535e-02,-2.607925e-02,5.573342e-09,3.489801e-07,1.343829e-06,4.906306e-04
1990983680,26535503,23891804160,72930865,-6.433878e-02,-2.609148e-02,3.748062e-09,3.346863e-07,9.037224e-07,4.705350e-04
1991245824,26537429,23894949888,72940344,-6.434107e-02,-2.609080e-02,3.473227e-09,3.354691e-07,8.374549e-07,4.716356e-04
1991507968,26537692,23898095616,72949971,-6.434263e-02,-2.607019e-02,3.291256e-09,3.597775e-07,7.935785e-07,5.058107e-04
1991770112,26539075,23901241344,72959566,-6.433806e-02,-2.605447e-02,3.837075e-09,3.788722e-07,9.251848e-07,5.326559e-04
1992032256,26543739,23904387072,72968952,-6.434743e-02,-2.605650e-02,2.763741e-09,3.763861e-07,6.663856e-07,5.291607e-04
1992294400,26549736,23907532800,72978405,-6.433603e-02,-2.607570e-02,4.092248e-09,3.531894e-07,9.867115e-07,4.965485e-04
1992556544,26551896,23910678528,72988031,-6.434289e-02,-2.609335e-02,3.261404e-09,3.325218e-07,7.863806e-07,4.674919e-04
1992818688,26560725,23913824256,72997489,-6.434129e-02,-2.609613e-02,3.446932e-09,3.293223e-07,8.311146e-07,4.629937e-04
1993080832,26565605,23916969984,73006976,-6.433959e-02,-2.610533e-02,3.650185e-09,3.188482e-07,8.801223e-07,4.482683e-04
1993342976,26568135,23920115712,73016569,-6.431451e-02,-2.610525e-02,7.308191e-09,3.189408e-07,1.762131e-06,4.483984e-04
1993605120,26573460,23923261440,73026357,-6.432310e-02,-2.610054e-02,5.914362e-09,3.242815e-07,1.426055e-06,4.559069e-04
1993867264,26574269,23926407168,73035925,-6.433427e-02,-2.609528e-02,4.321284e-09,3.302978e-07,1.041936e-06,4.643652e-04
1994129408,26590283,23929552896,73045699,-6.434184e-02,-2.608744e-02,3.382496e-09,3.393750e-07,8.155781e-07,4.771269e-04
1994391552,26600096,23932698624,73055395,-6.432552e-02,-2.607456e-02,5.547785e-09,3.545434e-07,1.337666e-06,4.984521e-04
1994653696,26605642,23935844352,73065027,-6.433289e-02,-2.611270e-02,4.503400e-09,3.105829e-07,1.085848e-06,4.366481e-04
1994915840,26624553,23938990080,73074546,-6.432930e-02,-2.611948e-02,4.998286e-09,3.030719e-07,1.205173e-06,4.260884e-04
1995177984,26629151,23942135808,73084034,-6.432530e-02,-2.611626e-02,5.580018e-09,3.066282e-07,1.345438e-06,4.310881e-04
1995440128,26632316,23945281536,73093739,-6.430665e-02,-2.612484e-02,8.713910e-09,2.971963e-07,2.101074e-06,4.178278e-04
1995702272,26644284,23948427264,73103387,-6.430132e-02,-2.613976e-02,9.738323e-09,2.811536e-07,2.348077e-06,3.952734e-04
1995964416,26673782,23951572992,73112904,-6.430676e-02,-2.615059e-02,8.694447e-09,2.697865e-07,2.096381e-06,3.792925e-04
1996226560,26676776,23954718720,73122365,-6.430422e-02,-2.615587e-02,9.174702e-09,2.643250e-07,2.212179e-06,3.716141e-04
1996488704,26705220,23957864448,73132025,-6.430793e-02,-2.616538e-02,8.477672e-09,2.546436e-07,2.044113e-06,3.580031e-04
1996750848,26870854,23961010176,73141518,-6.433529e-02,-2.616188e-02,4.187163e-09,2.581881e-07,1.009597e-06,3.629863e-04
1997012992,26871062,23964155904,73151026,-6.434281e-02,-2.618201e-02,3.270771e-09,2.381385e-07,7.886392e-07,3.347986e-04
1997275136,26871933,23967301632,73160606,-6.436116e-02,-2.617554e-02,1.509115e-09,2.444940e-07,3.638735e-07,3.437338e-04
1997537280,26872117,23970447360,73170189,-6.437171e-02,-2.616329e-02,8.007375e-10,2.567591e-07,1.930716e-07,3.609772e-04
1997799424,26874443,23973593088,73179697,-6.438066e-02,-2.617536e-02,3.741016e-10,2.446709e-07,9.020236e-08,3.439825e-04
1998061568,26874844,23976738816,73189360,-6.438524e-02,-2.618860e-02,2.178458e-10,2.317466e-07,5.252637e-08,3.258122e-04
1998323712,26874878,23979884544,73199061,-6.439065e-02,-2.620914e-02,8.743145e-11,2.123879e-07,2.108123e-08,2.985959e-04
1998585856,26875283,23983030272,73208612,-6.438341e-02,-2.621230e-02,2.753092e-10,2.094913e-07,6.638177e-08,2.945235e-04
1998848000,26875745,23986176000,73218382,-6.439664e-02,-2.621810e-02,1.129102e-11,2.042120e-07,2.722460e-09,2.871014e-04
1999110144,26876150,23989321728,73227971,-6.439203e-02,-2.620702e-02,6.355472e-11,2.143531e-07,1.532414e-08,3.013587e-04
1999372288,26876218,23992467456,73237512,-6.439108e-02,-2.622334e-02,7.966983e-11,1.995022e-07,1.920977e-08,2.804799e-04
1999634432,26876595,23995613184,73247140,-6.438734e-02,-2.623089e-02,1.604272e-10,1.928170e-07,3.868177e-08,2.710811e-04
1999896576,26876805,23998758912,73256521,-6.437638e-02,-2.623854e-02,5.578260e-10,1.861540e-07,1.345015e-07,2.617136e-04
2000158720,26877332,24001904640,73266297,-6.437129e-02,-2.622268e-02,8.245247e-10,2.000950e-07,1.988071e-07,2.813133e-04
2000420864,26878353,24005050368,73275770,-6.436668e-02,-2.622595e-02,1.110652e-09,1.971795e-07,2.677973e-07,2.772144e-04
2000683008,26878756,24008196096,73285236,-6.436589e-02,-2.623948e-02,1.163407e-09,1.853448e-07,2.805176e-07,2.605760e-04
2000945152,26879845,24011341824,73295034,-6.435562e-02,-2.623039e-02,1.969860e-09,1.932556e-07,4.749673e-07,2.716978e-04
2001207296,26880357,24014487552,73304731,-6.437226e-02,-2.622160e-02,7.694250e-10,2.010644e-07,1.855216e-07,2.826761e-04
2001469440,26881419,24017633280,73314120,-6.438063e-02,-2.621661e-02,3.752554e-10,2.055660e-07,9.048053e-08,2.890050e-04
2001731584,26881755,24020779008,73323853,-6.439331e-02,-2.621639e-02,4.476441e-11,2.057620e-07,1.079347e-08,2.892805e-04
2001993728,26882351,24023924736,73333308,-6.439333e-02,-2.621097e-02,4.446582e-11,2.107088e-07,1.072147e-08,2.962352e-04
2002255872,26882644,24027070464,73342870,-6.440174e-02,-2.622433e-02,3.013645e-12,1.986230e-07,7.266416e-10,2.792438e-04
2002518016,26882932,24030216192,73352380,-6.439275e-02,-2.621848e-02,5.255402e-11,2.038670e-07,1.267168e-08,2.866164e-04
2002780160,26883129,24033361920,73361929,-6.439840e-02,-2.622096e-02,2.566003e-12,2.016394e-07,6.187075e-10,2.834845e-04
2003042304,26883377,24036507648,73371611,-6.437404e-02,-2.621240e-02,6.741954e-10,2.093958e-07,1.625601e-07,2.943893e-04
2003304448,26883395,24039653376,73381196,-6.437571e-02,-2.620274e-02,5.899503e-10,2.183331e-07,1.422472e-07,3.069542e-04
2003566592,26885260,24042799104,73390803,-6.435212e-02,-2.620655e-02,2.292248e-09,2.147810e-07,5.527006e-07,3.019603e-04
2003828736,26885452,24045944832,73400396,-6.435096e-02,-2.620953e-02,2.405625e-09,2.120327e-07,5.800376e-07,2.980965e-04
2004090880,26885544,24049090560,73409878,-6.436713e-02,-2.622098e-02,1.080566e-09,2.016210e-07,2.605430e-07,2.834587e-04
2004353024,26886055,24052236288,73419677,-6.437664e-02,-2.625284e-02,5.459242e-10,1.740208e-07,1.316317e-07,2.446556e-04
2004615168,26886561,24055382016,73429258,-6.436995e-02,-2.624351e-02,9.028938e-10,1.818904e-07,2.177033e-07,2.557195e-04
2004877312,26886980,24058527744,73438732,-6.435414e-02,-2.626301e-02,2.102986e-09,1.656392e-07,5.070661e-07,2.328719e-04
2005139456,26887325,24061673472,73448162,-6.435900e-02,-2.626188e-02,1.681045e-09,1.665623e-07,4.053288e-07,2.341697e-04
2005401600,26888720,24064819200,73457558,-6.436446e-02,-2.626764e-02,1.263569e-09,1.618930e-07,3.046684e-07,2.276051e-04
2005663744,26888941,24067964928,73467149,-6.437001e-02,-2.625242e-02,8.993153e-10,1.743691e-07,2.168404e-07,2.451452e-04
2005925888,26889177,24071110656,73476594,-6.436666e-02,-2.624769e-02,1.111645e-09,1.783490e-07,2.680369e-07,2.507405e-04
2006188032,26890105,24074256384,73486371,-6.435676e-02,-2.626451e-02,1.869972e-09,1.644210e-07,4.508824e-07,2.311592e-04
2006450176,26890799,24077402112,73495843,-6.436514e-02,-2.628024e-02,1.215308e-09,1.519131e-07,2.930316e-07,2.135745e-04
2006712320,26895962,24080547840,73505293,-6.437652e-02,-2.629836e-02,5.515091e-10,1.381195e-07,1.329783e-07,1.941820e-04
2006974464,26896469,24083693568,73514910,-6.436227e-02,-2.629171e-02,1.424096e-09,1.431021e-07,3.433740e-07,2.011870e-04
2007236608,26898944,24086839296,73524393,-6.435746e-02,-2.627703e-02,1.809891e-09,1.544237e-07,4.363959e-07,2.171041e-04
2007498752,26904282,24089985024,73533970,-6.434801e-02,-2.627406e-02,2.702976e-09,1.567645e-07,6.517340e-07,2.203951e-04
2007760896,26906036,24093130752,73543534,-6.435872e-02,-2.626829e-02,1.704341e-09,1.613733e-07,4.109460e-07,2.268745e-04
2008023040,26906240,24096276480,73552938,-6.436018e-02,-2.626489e-02,1.585899e-09,1.641129e-07,3.823877e-07,2.307262e-04
2008285184,26907770,24099422208,73562316,-6.436520e-02,-2.625529e-02,1.211156e-09,1.719879e-07,2.920305e-07,2.417975e-04
2008547328,26908410,24102567936,73572056,-6.435297e-02,-2.624802e-02,2.211639e-09,1.780690e-07,5.332643e-07,2.503470e-04
2008809472,26912425,24105713664,73581557,-6.435395e-02,-2.625354e-02,2.120790e-09,1.734370e-07,5.113591e-07,2.438348e-04
2009071616,26919311,24108859392,73591294,-6.436756e-02,-2.625954e-02,1.052342e-09,1.684789e-07,2.537379e-07,2.368642e-04
2009333760,26921511,24112005120,73600832,-6.437425e-02,-2.624523e-02,6.630216e-10,1.804333e-07,1.598659e-07,2.536709e-04
2009595904,26926214,24115150848,73610671,-6.435245e-02,-2.624074e-02,2.260965e-09,1.842670e-07,5.451576e-07,2.590607e-04
2009858048,26937227,24118296576,73620250,-6.434732e-02,-2.620620e-02,2.775504e-09,2.151057e-07,6.692219e-07,3.024168e-04
2010120192,26939734,24121442304,73629968,-6.432913e-02,-2.619467e-02,5.022546e-09,2.259371e-07,1.211022e-06,3.176446e-04
2010382336,26940947,24124588032,73639738,-6.434303e-02,-2.622279e-02,3.246104e-09,1.999934e-07,7.826916e-07,2.811704e-04
2010644480,26941746,24127733760,73649517,-6.433485e-02,-2.622412e-02,4.244246e-09,1.988090e-07,1.023361e-06,2.795052e-04
2010906624,26944425,24130879488,73659262,-6.434874e-02,-2.621310e-02,2.627587e-09,2.087605e-07,6.335565e-07,2.934960e-04
2011168768,26944626,24134025216,73669030,-6.434353e-02,-2.621841e-02,3.189471e-09,2.039326e-07,7.690364e-07,2.867086e-04
2011430912,26944822,24137170944,73678510,-6.431730e-02,-2.623197e-02,6.839529e-09,1.918694e-07,1.649128e-06,2.697488e-04
2011693056,26945274,24140316672,73687930,-6.431841e-02,-2.622664e-02,6.657142e-09,1.965646e-07,1.605152e-06,2.763500e-04
2011955200,26945595,24143462400,73697649,-6.432445e-02,-2.620335e-02,5.708760e-09,2.177608e-07,1.376480e-06,3.061496e-04
2012217344,26945611,24146608128,73707255,-6.432982e-02,-2.622183e-02,4.925860e-09,2.008590e-07,1.187710e-06,2.823873e-04
2012479488,26946242,24149753856,73717011,-6.432477e-02,-2.621436e-02,5.659329e-09,2.076046e-07,1.364562e-06,2.918711e-04
2012741632,26946326,24152899584,73726567,-6.432297e-02,-2.621833e-02,5.933860e-09,2.040033e-07,1.430756e-06,2.868079e-04
2013003776,26946788,24156045312,73736315,-6.432569e-02,-2.622224e-02,5.522287e-09,2.004918e-07,1.331518e-06,2.818712e-04
2013265920,26947644,24159191040,73745995,-6.433161e-02,-2.621566e-02,4.678058e-09,2.064283e-07,1.127960e-06,2.902173e-04
2013528064,26947826,24162336768,73755706,-6.434526e-02,-2.620915e-02,2.997219e-09,2.123794e-07,7.226812e-07,2.985838e-04
2013790208,26948121,24165482496,73765300,-6.432132e-02,-2.620969e-02,6.190248e-09,2.118886e-07,1.492576e-06,2.978939e-04
2014052352,26948266,24168628224,73774771,-6.433745e-02,-2.621622e-02,3.913137e-09,2.059175e-07,9.435248e-07,2.894991e-04
2014314496,26948770,24171773952,73784310,-6.432179e-02,-2.622641e-02,6.117773e-09,1.967761e-07,1.475101e-06,2.766472e-04
2014576640,26949468,24174919680,73793989,-6.430657e-02,-2.624217e-02,8.729217e-09,1.830393e-07,2.104764e-06,2.573348e-04
2014838784,26949875,24178065408,73803433,-6.429509e-02,-2.624892e-02,1.100645e-08,1.773121e-07,2.653845e-06,2.492829e-04
2015100928,26950130,24181211136,73812862,-6.428884e-02,-2.626835e-02,1.235714e-08,1.613224e-07,2.979519e-06,2.268030e-04
2015363072,26950215,24184356864,73822192,-6.428714e-02,-2.626733e-02,1.273769e-08,1.621464e-07,3.071277e-06,2.279614e-04
2015625216,26950412,24187502592,73831944,-6.426964e-02,-2.626799e-02,1.699446e-08,1.616083e-07,4.097657e-06,2.272049e-04
2015887360,26950996,24190648320,73841687,-6.423689e-02,-2.625511e-02,2.660669e-08,1.721362e-07,6.415331e-06,2.420061e-04
2016149504,26951369,24193794048,73851412,-6.425453e-02,-2.624580e-02,2.116227e-08,1.799462e-07,5.102589e-06,2.529861e-04
2016411648,26951489,24196939776,73860972,-6.423983e-02,-2.623608e-02,2.565526e-08,1.882849e-07,6.185925e-06,2.647095e-04
2016673792,26951527,24200085504,73870318,-6.423564e-02,-2.624066e-02,2.701660e-08,1.843294e-07,6.514166e-06,2.591484e-04
2016935936,26952658,24203231232,73880074,-6.422294e-02,-2.624291e-02,3.135132e-08,1.824056e-07,7.559343e-06,2.564437e-04
2017198080,26952863,24206376960,73889634,-6.421532e-02,-2.622588e-02,3.410580e-08,1.972440e-07,8.223494e-06,2.773051e-04
2017460224,26952865,24209522688,73899202,-6.419797e-02,-2.623785e-02,4.081610e-08,1.867556e-07,9.841464e-06,2.625594e-04
2017722368,26953444,24212668416,73908930,-6.420271e-02,-2.622338e-02,3.892389e-08,1.994706e-07,9.385219e-06,2.804354e-04
2017984512,26954949,24215814144,73918693,-6.420252e-02,-2.622684e-02,3.899742e-08,1.963913e-07,9.402949e-06,2.761062e-04
2018246656,26955115,24218959872,73928396,-6.422503e-02,-2.621175e-02,3.061430e-08,2.099963e-07,7.381636e-06,2.952335e-04
2018508800,26955536,24222105600,73937897,-6.421746e-02,-2.620614e-02,3.332057e-08,2.151645e-07,8.034163e-06,3.024994e-04
2018770944,26957182,24225251328,73947630,-6.423590e-02,-2.621264e-02,2.693094e-08,2.091777e-07,6.493513e-06,2.940826e-04
2019033088,26957207,24228397056,73957332,-6.424388e-02,-2.620099e-02,2.437561e-08,2.199654e-07,5.877380e-06,3.092491e-04
2019295232,26957572,24231542784,73966767,-6.426191e-02,-2.619525e-02,1.906859e-08,2.253832e-07,4.597765e-06,3.168659e-04
2019557376,26957995,24234688512,73976357,-6.425359e-02,-2.619581e-02,2.143629e-08,2.248529e-07,5.168658e-06,3.161204e-04
2019819520,26958246,24237834240,73985959,-6.425908e-02,-2.615793e-02,1.985853e-08,2.622147e-07,4.788233e-06,3.686473e-04
2020081664,26958339,24240979968,73995518,-6.428024e-02,-2.617073e-02,1.434261e-08,2.492714e-07,3.458250e-06,3.504503e-04
2020343808,26958549,24244125696,74005082,-6.429743e-02,-2.615927e-02,1.052104e-08,2.608412e-07,2.536805e-06,3.667162e-04
2020605952,26959127,24247271424,74014577,-6.428871e-02,-2.618511e-02,1.238531e-08,2.351195e-07,2.986312e-06,3.305542e-04
2020868096,26959260,24250417152,74024072,-6.429031e-02,-2.620095e-02,1.203134e-08,2.200039e-07,2.900962e-06,3.093031e-04
2021130240,26959482,24253562880,74033671,-6.429333e-02,-2.619957e-02,1.137848e-08,2.213006e-07,2.743548e-06,3.111261e-04
2021392384,26960100,24256708608,74043264,-6.427976e-02,-2.620450e-02,1.445705e-08,2.166861e-07,3.485843e-06,3.046386e-04
2021654528,26963288,24259854336,74053121,-6.429513e-02,-2.620373e-02,1.099863e-08,2.174098e-07,2.651960e-06,3.056561e-04
2021916672,26963788,24263000064,74062684,-6.429644e-02,-2.619506e-02,1.072531e-08,2.255672e-07,2.586057e-06,3.171246e-04
2022178816,26963809,24266145792,74072206,-6.427030e-02,-2.619834e-02,1.682201e-08,2.224587e-07,4.056078e-06,3.127543e-04
2022440960,26965218,24269291520,74081817,-6.427301e-02,-2.617485e-02,1.612777e-08,2.451760e-07,3.888682e-06,3.446927e-04
2022703104,26966919,24272437248,74091443,-6.428057e-02,-2.617055e-02,1.426420e-08,2.494518e-07,3.439343e-06,3.507040e-04
2022965248,26967794,24275582976,74100986,-6.424969e-02,-2.614429e-02,2.259250e-08,2.763702e-07,5.447440e-06,3.885484e-04
2023227392,26971535,24278728704,74110609,-6.422846e-02,-2.615317e-02,2.942672e-08,2.671113e-07,7.095287e-06,3.755315e-04
2023489536,26971971,24281874432,74120064,-6.421112e-02,-2.615105e-02,3.567553e-08,2.693069e-07,8.601985e-06,3.786181e-04
2023751680,26974984,24285020160,74129601,-6.420299e-02,-2.614290e-02,3.881519e-08,2.778370e-07,9.359010e-06,3.906107e-04
2024013824,26975057,24288165888,74139122,-6.420138e-02,-2.614455e-02,3.944894e-08,2.760961e-07,9.511819e-06,3.881631e-04
2024275968,26977927,24291311616,74148896,-6.418943e-02,-2.615244e-02,4.433901e-08,2.678666e-07,1.069090e-05,3.765933e-04
2024538112,26981157,24294457344,74158508,-6.418321e-02,-2.615806e-02,4.700094e-08,2.620812e-07,1.133274e-05,3.684596e-04
2024800256,26982887,24297603072,74168103,-6.418351e-02,-2.614476e-02,4.686858e-08,2.758750e-07,1.130082e-05,3.878522e-04
2025062400,26986629,24300748800,74177691,-6.418841e-02,-2.612884e-02,4.476992e-08,2.928560e-07,1.079480e-05,4.117258e-04
2025324544,26987232,24303894528,74187300,-6.418403e-02,-2.612683e-02,4.664303e-08,2.950353e-07,1.124644e-05,4.147897e-04
2025586688,26987600,24307040256,74197032,-6.420532e-02,-2.612214e-02,3.790173e-08,3.001463e-07,9.138760e-06,4.219753e-04
2025848832,26999698,24310185984,74206716,-6.421369e-02,-2.612131e-02,3.471390e-08,3.010634e-07,8.370120e-06,4.232645e-04
2026110976,27001805,24313331712,74216434,-6.421822e-02,-2.613009e-02,3.304641e-08,2.915069e-07,7.968059e-06,4.098291e-04
2026373120,27005106,24316477440,74226134,-6.422455e-02,-2.613152e-02,3.078401e-08,2.899602e-07,7.422555e-06,4.076546e-04
2026635264,27008970,24319623168,74235589,-6.423277e-02,-2.613079e-02,2.796779e-08,2.907511e-07,6.743517e-06,4.087665e-04
2026897408,27011440,24322768896,74245077,-6.421935e-02,-2.614429e-02,3.263595e-08,2.763741e-07,7.869089e-06,3.885539e-04
2027159552,27016709,24325914624,74254776,-6.421418e-02,-2.616100e-02,3.452814e-08,2.590805e-07,8.325328e-06,3.642408e-04
2027421696,27018105,24329060352,74264393,-6.422493e-02,-2.615670e-02,3.065082e-08,2.634772e-07,7.390439e-06,3.704222e-04
2027683840,27035242,24332206080,74273911,-6.422933e-02,-2.614126e-02,2.912840e-08,2.795697e-07,7.023360e-06,3.930466e-04
2027945984,27043566,24335351808,74283347,-6.424040e-02,-2.613703e-02,2.547418e-08,2.840569e-07,6.142265e-06,3.993551e-04
2028208128,27049230,24338497536,74292976,-6.422576e-02,-2.613672e-02,3.035933e-08,2.843885e-07,7.320156e-06,3.998214e-04
2028470272,27067943,24341643264,74302771,-6.421598e-02,-2.614832e-02,3.386405e-08,2.721523e-07,8.165208e-06,3.826185e-04
2028732416,27072508,24344788992,74312518,-6.421607e-02,-2.615421e-02,3.383116e-08,2.660439e-07,8.157275e-06,3.740307e-04
2028994560,27075734,24347934720,74322163,-6.422583e-02,-2.617085e-02,3.033596e-08,2.491524e-07,7.314523e-06,3.502829e-04
2029256704,27087730,24351080448,74331575,-6.421624e-02,-2.618118e-02,3.376815e-08,2.389446e-07,8.142082e-06,3.359318e-04
2029518848,27117068,24354226176,74341094,-6.422095e-02,-2.617061e-02,3.205975e-08,2.493867e-07,7.730157e-06,3.506124e-04
2029780992,27120029,24357371904,74350806,-6.423314e-02,-2.615955e-02,2.784333e-08,2.605597e-07,6.713506e-06,3.663205e-04
2030043136,27148442,24360517632,74360300,-6.423768e-02,-2.615165e-02,2.634725e-08,2.686866e-07,6.352775e-06,3.777462e-04
2030305280,27320571,24363663360,74369838,-6.422719e-02,-2.614816e-02,2.986287e-08,2.723137e-07,7.200453e-06,3.828454e-04
2030567424,27320604,24366809088,74379434,-6.421900e-02,-2.615314e-02,3.276260e-08,2.671402e-07,7.899625e-06,3.755720e-04
2030829568,27321702,24369954816,74388863,-6.422137e-02,-2.614086e-02,3.191051e-08,2.799874e-07,7.694172e-06,3.936339e-04
2031091712,27321758,24373100544,74398512,-6.422442e-02,-2.617006e-02,3.082847e-08,2.499414e-07,7.433275e-06,3.513923e-04
2031353856,27324247,24376246272,74408004,-6.421262e-02,-2.617127e-02,3.511205e-08,2.487360e-07,8.466121e-06,3.496976e-04
2031616000,27324458,24379392000,74417541,-6.419223e-02,-2.615356e-02,4.317018e-08,2.667129e-07,1.040907e-05,3.749713e-04
2031878144,27324725,24382537728,74427185,-6.419195e-02,-2.617760e-02,4.328481e-08,2.424592e-07,1.043671e-05,3.408730e-04
2032140288,27325008,24385683456,74437051,-6.418246e-02,-2.618943e-02,4.732454e-08,2.309439e-07,1.141076e-05,3.246836e-04
2032402432,27325543,24388829184,74446719,-6.417122e-02,-2.620448e-02,5.234257e-08,2.167086e-07,1.262069e-05,3.046703e-04
2032664576,27326064,24391974912,74456264,-6.415970e-02,-2.619931e-02,5.774581e-08,2.215512e-07,1.392351e-05,3.114785e-04
2032926720,27326073,24395120640,74465582,-6.416824e-02,-2.620778e-02,5.371166e-08,2.136500e-07,1.295081e-05,3.003702e-04
2033188864,27326576,24398266368,74475328,-6.417615e-02,-2.620457e-02,5.011003e-08,2.166202e-07,1.208239e-05,3.045460e-04
2033451008,27326638,24401412096,74484828,-6.415897e-02,-2.621823e-02,5.809726e-08,2.040942e-07,1.400825e-05,2.869357e-04
2033713152,27327526,24404557824,74494409,-6.415119e-02,-2.622155e-02,6.190748e-08,2.011095e-07,1.492696e-05,2.827395e-04
2033975296,27328167,24407703552,74503906,-6.415447e-02,-2.622711e-02,6.028689e-08,1.961503e-07,1.453621e-05,2.757674e-04
2034237440,27328416,24410849280,74513615,-6.415217e-02,-2.622501e-02,6.141904e-08,1.980174e-07,1.480919e-05,2.783925e-04
2034499584,27329733,24413995008,74523122,-6.414912e-02,-2.622481e-02,6.294248e-08,1.981965e-07,1.517652e-05,2.786442e-04
2034761728,27330204,24417140736,74532783,-6.414998e-02,-2.622498e-02,6.251329e-08,1.980407e-07,1.507303e-05,2.784251e-04
2035023872,27331328,24420286464,74542577,-6.416791e-02,-2.622072e-02,5.386718e-08,2.018519e-07,1.298830e-05,2.837833e-04
2035286016,27331603,24423432192,74551884,-6.415106e-02,-2.622860e-02,6.197052e-08,1.948359e-07,1.494216e-05,2.739195e-04
2035548160,27332357,24426577920,74561759,-6.414156e-02,-2.624831e-02,6.679035e-08,1.778255e-07,1.610430e-05,2.500046e-04
2035810304,27332577,24429723648,74571330,-6.415316e-02,-2.625122e-02,6.092887e-08,1.753739e-07,1.469100e-05,2.465579e-04
2036072448,27332668,24432869376,74580940,-6.414955e-02,-2.625640e-02,6.272584e-08,1.710637e-07,1.512428e-05,2.404982e-04
2036334592,27333075,24436015104,74590411,-6.416322e-02,-2.625488e-02,5.606451e-08,1.723233e-07,1.351812e-05,2.422691e-04
2036596736,27333214,24439160832,74599847,-6.416849e-02,-2.624981e-02,5.359776e-08,1.765600e-07,1.292334e-05,2.482254e-04
2036858880,27333217,24442306560,74609471,-6.419139e-02,-2.624276e-02,4.351763e-08,1.825360e-07,1.049285e-05,2.566272e-04
2037121024,27335100,24445452288,74619034,-6.419375e-02,-2.623753e-02,4.254089e-08,1.870326e-07,1.025734e-05,2.629489e-04
2037383168,27335320,24448598016,74628660,-6.418715e-02,-2.624754e-02,4.530752e-08,1.784685e-07,1.092442e-05,2.509087e-04
2037645312,27335464,24451743744,74638200,-6.419609e-02,-2.625730e-02,4.157826e-08,1.703219e-07,1.002524e-05,2.394553e-04
2037907456,27335988,24454889472,74647828,-6.420324e-02,-2.623087e-02,3.871543e-08,1.928350e-07,9.334958e-06,2.711064e-04
2038169600,27336295,24458035200,74657296,-6.420624e-02,-2.622602e-02,3.754286e-08,1.971183e-07,9.052231e-06,2.771284e-04
2038431744,27336650,24461180928,74667189,-6.422897e-02,-2.624086e-02,2.925315e-08,1.841583e-07,7.053439e-06,2.589079e-04
2038693888,27337364,24464326656,74676384,-6.422158e-02,-2.623480e-02,3.183336e-08,1.893987e-07,7.675571e-06,2.662753e-04
2038956032,27338594,24467472384,74686299,-6.422476e-02,-2.622349e-02,3.070824e-08,1.993708e-07,7.404285e-06,2.802951e-04
2039218176,27339013,24470618112,74695849,-6.423371e-02,-2.624121e-02,2.765468e-08,1.838611e-07,6.668020e-06,2.584900e-04
2039480320,27339068,24473763840,74705515,-6.422772e-02,-2.626473e-02,2.968289e-08,1.642458e-07,7.157056e-06,2.309129e-04
2039742464,27340098,24476909568,74715052,-6.421820e-02,-2.625489e-02,3.305183e-08,1.723125e-07,7.969365e-06,2.422538e-04
2040004608,27340457,24480055296,74724515,-6.423155e-02,-2.625102e-02,2.837546e-08,1.755455e-07,6.841812e-06,2.467992e-04
2040266752,27345738,24483201024,74734164,-6.422957e-02,-2.623959e-02,2.904708e-08,1.852566e-07,7.003750e-06,2.604520e-04
2040528896,27346284,24486346752,74743811,-6.421293e-02,-2.624566e-02,3.499488e-08,1.800632e-07,8.437867e-06,2.531506e-04
2040791040,27349170,24489492480,74753579,-6.421056e-02,-2.626371e-02,3.588693e-08,1.650742e-07,8.652957e-06,2.320775e-04
2041053184,27353901,24492638208,74763095,-6.419591e-02,-2.628280e-02,4.165426e-08,1.499204e-07,1.004356e-05,2.107728e-04
2041315328,27355897,24495783936,74772626,-6.419918e-02,-2.628427e-02,4.032986e-08,1.487902e-07,9.724223e-06,2.091839e-04
2041577472,27356464,24498929664,74782165,-6.420095e-02,-2.628758e-02,3.962375e-08,1.462420e-07,9.553969e-06,2.056014e-04
2041839616,27357857,24502075392,74791833,-6.421055e-02,-2.628516e-02,3.589258e-08,1.481013e-07,8.654319e-06,2.082154e-04
2042101760,27358690,24505221120,74801331,-6.423216e-02,-2.629114e-02,2.817251e-08,1.435336e-07,6.792877e-06,2.017937e-04
2042363904,27362016,24508366848,74810924,-6.426249e-02,-2.630963e-02,1.891048e-08,1.298676e-07,4.559642e-06,1.825808e-04
2042626048,27369165,24511512576,74820706,-6.425920e-02,-2.630604e-02,1.982494e-08,1.324689e-07,4.780135e-06,1.862378e-04
2042888192,27371400,24514658304,74830188,-6.425559e-02,-2.631687e-02,2.085558e-08,1.246979e-07,5.028639e-06,1.753126e-04
2043150336,27375793,24517804032,74839509,-6.424768e-02,-2.631436e-02,2.320128e-08,1.264801e-07,5.594229e-06,1.778182e-04
2043412480,27385028,24520949760,74849103,-6.424993e-02,-2.631837e-02,2.252312e-08,1.236411e-07,5.430712e-06,1.738269e-04
2043674624,27387016,24524095488,74858674,-6.424066e-02,-2.630694e-02,2.538864e-08,1.318094e-07,6.121637e-06,1.853106e-04
2043936768,27387654,24527241216,74868238,-6.423396e-02,-2.629214e-02,2.757049e-08,1.427781e-07,6.647720e-06,2.007316e-04
2044198912,27387941,24530386944,74877643,-6.422790e-02,-2.630581e-02,2.961874e-08,1.326357e-07,7.141589e-06,1.864723e-04
2044461056,27388007,24533532672,74887147,-6.424459e-02,-2.631912e-02,2.415278e-08,1.231177e-07,5.823652e-06,1.730910e-04
2044723200,27388762,24536678400,74896860,-6.423455e-02,-2.631557e-02,2.737291e-08,1.256217e-07,6.600079e-06,1.766114e-04
2044985344,27389003,24539824128,74906542,-6.423197e-02,-2.632540e-02,2.823507e-08,1.187495e-07,6.807962e-06,1.669498e-04
2045247488,27389244,24542969856,74916190,-6.425475e-02,-2.630705e-02,2.109946e-08,1.317323e-07,5.087442e-06,1.852023e-04
2045509632,27389674,24546115584,74925820,-6.426340e-02,-2.630128e-02,1.866131e-08,1.359571e-07,4.499563e-06,1.911419e-04
2045771776,27389716,24549261312,74935608,-6.426352e-02,-2.630943e-02,1.862672e-08,1.300140e-07,4.491222e-06,1.827865e-04
2046033920,27390008,24552407040,74945530,-6.425236e-02,-2.631266e-02,2.179778e-08,1.276939e-07,5.255819e-06,1.795247e-04
2046296064,27390936,24555552768,74955052,-6.425101e-02,-2.631315e-02,2.219780e-08,1.273414e-07,5.352272e-06,1.790291e-04
2046558208,27391067,24558698496,74964561,-6.424919e-02,-2.631082e-02,2.274506e-08,1.290085e-07,5.484225e-06,1.813729e-04
2046820352,27391499,24561844224,74974426,-6.425656e-02,-2.629004e-02,2.057676e-08,1.443675e-07,4.961412e-06,2.029661e-04
2047082496,27391765,24564989952,74984104,-6.426522e-02,-2.629824e-02,1.816592e-08,1.382067e-07,4.380116e-06,1.943046e-04
2047344640,27391808,24568135680,74993714,-6.426767e-02,-2.629461e-02,1.751117e-08,1.409177e-07,4.222243e-06,1.981160e-04
2047606784,27392102,24571281408,75003199,-6.427892e-02,-2.628399e-02,1.466202e-08,1.490015e-07,3.535266e-06,2.094810e-04
2047868928,27392828,24574427136,75012774,-6.427053e-02,-2.627600e-02,1.676408e-08,1.552343e-07,4.042110e-06,2.182437e-04
2048131072,27393364,24577572864,75022275,-6.426056e-02,-2.627238e-02,1.944493e-08,1.581022e-07,4.688506e-06,2.222757e-04
2048393216,27393580,24580718592,75031551,-6.427103e-02,-2.626868e-02,1.663314e-08,1.610577e-07,4.010538e-06,2.264308e-04
2048655360,27393750,24583864320,75041136,-6.426650e-02,-2.627528e-02,1.782212e-08,1.558014e-07,4.297220e-06,2.190410e-04
2048917504,27394241,24587010048,75050800,-6.426643e-02,-2.629774e-02,1.784202e-08,1.385781e-07,4.302018e-06,1.948268e-04
2049179648,27394788,24590155776,75060173,-6.428731e-02,-2.627969e-02,1.269904e-08,1.523447e-07,3.061958e-06,2.141812e-04
2049441792,27394873,24593301504,75069882,-6.429323e-02,-2.629273e-02,1.140075e-08,1.423322e-07,2.748916e-06,2.001047e-04
2049703936,27394887,24596447232,75079796,-6.428286e-02,-2.628872e-02,1.372306e-08,1.453742e-07,3.308867e-06,2.043814e-04
2049966080,27396029,24599592960,75089555,-6.427872e-02,-2.629020e-02,1.470897e-08,1.442486e-07,3.546587e-06,2.027990e-04
2050228224,27396031,24602738688,75099226,-6.428567e-02,-2.630241e-02,1.307286e-08,1.351192e-07,3.152092e-06,1.899638e-04
2050490368,27396146,24605884416,75108820,-6.429344e-02,-2.630512e-02,1.135624e-08,1.331395e-07,2.738185e-06,1.871806e-04
2050752512,27396155,24609030144,75118481,-6.429122e-02,-2.630101e-02,1.183438e-08,1.361550e-07,2.853472e-06,1.914201e-04
2051014656,27396679,24612175872,75128060,-6.426708e-02,-2.629802e-02,1.766729e-08,1.383702e-07,4.259888e-06,1.945344e-04
2051276800,27398296,24615321600,75138053,-6.427909e-02,-2.629211e-02,1.462055e-08,1.428021e-07,3.525267e-06,2.007652e-04
2051538944,27398582,24618467328,75147602,-6.427654e-02,-2.628812e-02,1.524325e-08,1.458291e-07,3.675411e-06,2.050209e-04
2051801088,27400697,24621613056,75157082,-6.428768e-02,-2.628189e-02,1.261522e-08,1.506309e-07,3.041747e-06,2.117717e-04
2052063232,27400924,24624758784,75166741,-6.429926e-02,-2.628120e-02,1.014991e-08,1.511677e-07,2.447318e-06,2.125265e-04
2052325376,27401021,24627904512,75176418,-6.430422e-02,-2.629899e-02,9.174702e-09,1.376478e-07,2.212179e-06,1.935188e-04
2052587520,27401029,24631050240,75185985,-6.430687e-02,-2.629933e-02,8.673617e-09,1.373949e-07,2.091359e-06,1.931634e-04
2052849664,27401425,24634195968,75195321,-6.431130e-02,-2.629146e-02,7.868863e-09,1.432938e-07,1.897318e-06,2.014565e-04
2053111808,27401773,24637341696,75204875,-6.432264e-02,-2.627866e-02,5.984473e-09,1.531440e-07,1.442960e-06,2.153049e-04
2053373952,27401976,24640487424,75214351,-6.431311e-02,-2.628269e-02,7.549641e-09,1.500098e-07,1.820349e-06,2.108985e-04
2053636096,27402257,24643633152,75223650,-6.431933e-02,-2.628410e-02,6.507235e-09,1.489196e-07,1.569006e-06,2.093658e-04
2053898240,27402720,24646778880,75233046,-6.431174e-02,-2.626519e-02,7.791068e-09,1.638670e-07,1.878561e-06,2.303804e-04
2054160384,27403029,24649924608,75242477,-6.432620e-02,-2.627297e-02,5.447244e-09,1.576360e-07,1.313425e-06,2.216202e-04
2054422528,27403326,24653070336,75251998,-6.431545e-02,-2.626484e-02,7.148565e-09,1.641507e-07,1.723642e-06,2.307792e-04
2054684672,27403535,24656216064,75261499,-6.430165e-02,-2.626380e-02,9.673728e-09,1.650000e-07,2.332503e-06,2.319733e-04
2054946816,27405814,24659361792,75271087,-6.428213e-02,-2.625484e-02,1.389291e-08,1.723573e-07,3.349820e-06,2.423169e-04
2055208960,27406659,24662507520,75280695,-6.429581e-02,-2.626165e-02,1.085688e-08,1.667478e-07,2.617782e-06,2.344305e-04
2055471104,27407455,24665653248,75290345,-6.429228e-02,-2.624007e-02,1.160370e-08,1.848383e-07,2.797853e-06,2.598639e-04
2055733248,27407470,24668798976,75299877,-6.429838e-02,-2.623941e-02,1.032783e-08,1.854106e-07,2.490217e-06,2.606684e-04
2055995392,27409206,24671944704,75309501,-6.429474e-02,-2.623558e-02,1.108005e-08,1.887216e-07,2.671590e-06,2.653234e-04
2056257536,27410736,24675090432,75319252,-6.429464e-02,-2.624188e-02,1.110202e-08,1.832881e-07,2.676888e-06,2.576844e-04
2056519680,27415198,24678236160,75328729,-6.429823e-02,-2.621984e-02,1.035814e-08,2.026460e-07,2.497525e-06,2.848998e-04
2056781824,27417594,24681381888,75338189,-6.430036e-02,-2.622143e-02,9.928939e-09,2.012147e-07,2.394038e-06,2.828875e-04
2057043968,27418656,24684527616,75347826,-6.429887e-02,-2.619579e-02,1.022812e-08,2.248759e-07,2.466177e-06,3.161527e-04
2057306112,27421791,24687673344,75357283,-6.428965e-02,-2.619681e-02,1.217724e-08,2.239124e-07,2.936143e-06,3.147981e-04
2057568256,27424622,24690819072,75367024,-6.428397e-02,-2.621405e-02,1.346420e-08,2.078882e-07,3.246451e-06,2.922697e-04
2057830400,27424866,24693964800,75376570,-6.427892e-02,-2.619925e-02,1.466022e-08,2.216056e-07,3.534831e-06,3.115550e-04
2058092544,27426782,24697110528,75386131,-6.427835e-02,-2.620039e-02,1.479947e-08,2.205354e-07,3.568407e-06,3.100504e-04
2058354688,27428564,24700256256,75395905,-6.427706e-02,-2.620039e-02,1.511474e-08,2.205301e-07,3.644425e-06,3.100430e-04
2058616832,27431370,24703401984,75405453,-6.428242e-02,-2.620193e-02,1.382625e-08,2.190875e-07,3.333746e-06,3.080148e-04
2058878976,27437153,24706547712,75415040,-6.428588e-02,-2.620647e-02,1.302350e-08,2.148570e-07,3.140190e-06,3.020671e-04
2059141120,27437920,24709693440,75424676,-6.427965e-02,-2.619084e-02,1.448573e-08,2.295942e-07,3.492759e-06,3.227861e-04
2059403264,27449294,24712839168,75434234,-6.426069e-02,-2.619970e-02,1.940754e-08,2.211779e-07,4.679493e-06,3.109537e-04
2059665408,27449692,24715984896,75444038,-6.425179e-02,-2.618367e-02,2.196751e-08,2.365143e-07,5.296744e-06,3.325151e-04
2059927552,27451825,24719130624,75453667,-6.426691e-02,-2.619399e-02,1.771486e-08,2.265874e-07,4.271357e-06,3.185589e-04
2060189696,27452314,24722276352,75463002,-6.429123e-02,-2.620194e-02,1.183114e-08,2.190788e-07,2.852691e-06,3.080025e-04
2060451840,27454764,24725422080,75472688,-6.428958e-02,-2.621044e-02,1.219205e-08,2.111981e-07,2.939713e-06,2.969232e-04
2060713984,27460009,24728567808,75482352,-6.428576e-02,-2.622733e-02,1.305242e-08,1.959573e-07,3.147164e-06,2.754961e-04
2060976128,27461872,24731713536,75491859,-6.429814e-02,-2.622519e-02,1.037634e-08,1.978583e-07,2.501915e-06,2.781687e-04
2061238272,27480298,24734859264,75501456,-6.431285e-02,-2.623135e-02,7.596324e-09,1.924115e-07,1.831604e-06,2.705111e-04
2061500416,27486812,24738004992,75511080,-6.429921e-02,-2.624272e-02,1.015892e-08,1.825711e-07,2.449490e-06,2.566764e-04
2061762560,27492985,24741150720,75520830,-6.430393e-02,-2.624383e-02,9.230451e-09,1.816220e-07,2.225621e-06,2.553421e-04
2062024704,27511405,24744296448,75530605,-6.430684e-02,-2.625619e-02,8.679169e-09,1.712409e-07,2.092697e-06,2.407474e-04
2062286848,27515950,24747442176,75540473,-6.429900e-02,-2.624645e-02,1.020101e-08,1.793935e-07,2.459640e-06,2.522091e-04
2062548992,27519168,24750587904,75550203,-6.427450e-02,-2.625692e-02,1.574964e-08,1.706372e-07,3.797510e-06,2.398986e-04
2062811136,27531316,24753733632,75559620,-6.427360e-02,-2.623931e-02,1.597673e-08,1.854956e-07,3.852265e-06,2.607880e-04
2063073280,27560354,24756879360,75569008,-6.427497e-02,-2.625156e-02,1.563205e-08,1.750916e-07,3.769156e-06,2.461610e-04
2063335424,27563395,24760025088,75578453,-6.427749e-02,-2.624509e-02,1.501050e-08,1.805440e-07,3.619290e-06,2.538266e-04
2063597568,27591844,24763170816,75587966,-6.428886e-02,-2.623097e-02,1.235217e-08,1.927499e-07,2.978320e-06,2.709868e-04
2063859712,27770344,24766316544,75597745,-6.430192e-02,-2.622034e-02,9.619577e-09,2.021918e-07,2.319446e-06,2.842612e-04
2064121856,27770490,24769462272,75607390,-6.429886e-02,-2.623160e-02,1.022963e-08,1.921926e-07,2.466540e-06,2.702033e-04
2064384000,27771533,24772608000,75617161,-6.430686e-02,-2.622830e-02,8.676393e-09,1.950974e-07,2.092028e-06,2.742872e-04
2064646144,27771660,24775753728,75626718,-6.429716e-02,-2.622171e-02,1.057614e-08,2.009642e-07,2.550090e-06,2.825352e-04
2064908288,27774104,24778899456,75636312,-6.428354e-02,-2.621935e-02,1.356294e-08,2.030840e-07,3.270258e-06,2.855154e-04
2065170432,27774260,24782045184,75645940,-6.427696e-02,-2.622723e-02,1.514040e-08,1.960464e-07,3.650612e-06,2.756213e-04
2065432576,27774531,24785190912,75655464,-6.427185e-02,-2.623358e-02,1.642242e-08,1.904637e-07,3.959728e-06,2.677726e-04
2065694720,27774937,24788336640,75665126,-6.427129e-02,-2.623616e-02,1.656595e-08,1.882203e-07,3.994336e-06,2.646185e-04
2065956864,27775268,24791482368,75674593,-6.428516e-02,-2.622274e-02,1.318897e-08,2.000450e-07,3.180088e-06,2.812430e-04
2066219008,27775855,24794628096,75684204,-6.427082e-02,-2.624810e-02,1.668892e-08,1.780030e-07,4.023987e-06,2.502542e-04
2066481152,27775989,24797773824,75693836,-6.426454e-02,-2.626866e-02,1.834914e-08,1.610697e-07,4.424294e-06,2.264476e-04
2066743296,27776309,24800919552,75703252,-6.426287e-02,-2.627770e-02,1.880407e-08,1.539015e-07,4.533985e-06,2.163700e-04
2067005440,27776612,24804065280,75712489,-6.427284e-02,-2.627686e-02,1.616943e-08,1.545570e-07,3.898728e-06,2.172914e-04
2067267584,27777788,24807211008,75721930,-6.426945e-02,-2.629338e-02,1.704501e-08,1.418408e-07,4.109844e-06,1.994137e-04
2067529728,27778064,24810356736,75731629,-6.429365e-02,-2.630418e-02,1.131182e-08,1.338228e-07,2.727475e-06,1.881412e-04
2067791872,27778251,24813502464,75741252,-6.429530e-02,-2.631198e-02,1.096272e-08,1.281750e-07,2.643301e-06,1.802010e-04
2068054016,27779690,24816648192,75750900,-6.430175e-02,-2.630489e-02,9.653221e-09,1.333054e-07,2.327558e-06,1.874139e-04
2068316160,27780174,24819793920,75760345,-6.430097e-02,-2.631111e-02,9.807558e-09,1.287985e-07,2.364771e-06,1.810777e-04
2068578304,27781162,24822939648,75769992,-6.429088e-02,-2.630967e-02,1.190744e-08,1.298341e-07,2.871088e-06,1.825336e-04
2068840448,27781451,24826085376,75779603,-6.427380e-02,-2.632088e-02,1.592592e-08,1.218856e-07,3.840013e-06,1.713588e-04
2069102592,27782303,24829231104,75789052,-6.426653e-02,-2.630590e-02,1.781615e-08,1.325706e-07,4.295780e-06,1.863808e-04
2069364736,27782571,24832376832,75798599,-6.427085e-02,-2.630317e-02,1.668123e-08,1.345638e-07,4.022130e-06,1.891830e-04
2069626880,27782697,24835522560,75808402,-6.430139e-02,-2.631195e-02,9.725093e-09,1.281976e-07,2.344887e-06,1.802328e-04
2069889024,27782849,24838668288,75818093,-6.429040e-02,-2.630590e-02,1.201173e-08,1.325692e-07,2.896235e-06,1.863789e-04
2070151168,27783122,24841814016,75827672,-6.428218e-02,-2.630254e-02,1.388237e-08,1.350288e-07,3.347279e-06,1.898368e-04
2070413312,27783418,24844959744,75837208,-6.430028e-02,-2.629759e-02,9.943793e-09,1.386891e-07,2.397620e-06,1.949828e-04
2070675456,27784962,24848105472,75846832,-6.429672e-02,-2.629967e-02,1.066675e-08,1.371465e-07,2.571937e-06,1.928141e-04
2070937600,27785192,24851251200,75856526,-6.428755e-02,-2.629798e-02,1.264537e-08,1.384020e-07,3.049015e-06,1.945792e-04
2071199744,27785366,24854396928,75866073,-6.428552e-02,-2.630423e-02,1.310696e-08,1.337900e-07,3.160313e-06,1.880952e-04
2071461888,27785910,24857542656,75875732,-6.429043e-02,-2.630601e-02,1.200520e-08,1.324865e-07,2.894660e-06,1.862626e-04
2071724032,27786346,24860688384,75885435,-6.429588e-02,-2.631117e-02,1.084136e-08,1.287571e-07,2.614039e-06,1.810194e-04
2071986176,27786427,24863834112,75894998,-6.430130e-02,-2.632747e-02,9.742735e-09,1.173263e-07,2.349141e-06,1.649489e-04
2072248320,27787471,24866979840,75904562,-6.429221e-02,-2.633124e-02,1.161976e-08,1.147553e-07,2.801725e-06,1.613343e-04
2072510464,27788725,24870125568,75914158,-6.426602e-02,-2.631836e-02,1.795166e-08,1.236477e-07,4.328454e-06,1.738361e-04
2072772608,27788989,24873271296,75923699,-6.428105e-02,-2.633242e-02,1.414875e-08,1.139617e-07,3.411507e-06,1.602185e-04
2073034752,27789165,24876417024,75933291,-6.428846e-02,-2.632996e-02,1.244176e-08,1.156252e-07,2.999923e-06,1.625573e-04
2073296896,27790092,24879562752,75943006,-6.428944e-02,-2.633565e-02,1.222498e-08,1.117864e-07,2.947653e-06,1.571604e-04
2073559040,27790331,24882708480,75952562,-6.428193e-02,-2.632879e-02,1.394213e-08,1.164259e-07,3.361688e-06,1.636830e-04
2073821184,27795610,24885854208,75962266,-6.428819e-02,-2.632735e-02,1.250167e-08,1.174118e-07,3.014368e-06,1.650691e-04
2074083328,27796254,24888999936,75971955,-6.426864e-02,-2.634234e-02,1.725576e-08,1.073597e-07,4.160661e-06,1.509368e-04
2074345472,27799541,24892145664,75981636,-6.426350e-02,-2.632577e-02,1.863282e-08,1.184942e-07,4.492694e-06,1.665908e-04
2074607616,27803688,24895291392,75991072,-6.426261e-02,-2.633766e-02,1.887566e-08,1.104478e-07,4.551246e-06,1.552784e-04
2074869760,27805749,24898437120,76000641,-6.426273e-02,-2.632564e-02,1.884496e-08,1.185827e-07,4.543844e-06,1.667152e-04
2075131904,27807357,24901582848,76010184,-6.424052e-02,-2.632775e-02,2.543377e-08,1.171324e-07,6.132519e-06,1.646763e-04
2075394048,27807981,24904728576,76019886,-6.423201e-02,-2.634377e-02,2.822255e-08,1.064267e-07,6.804944e-06,1.496252e-04
2075656192,27809050,24907874304,76029460,-6.421895e-02,-2.636039e-02,3.278148e-08,9.585535e-08,7.904179e-06,1.347629e-04
2075918336,27811954,24911020032,76039045,-6.422707e-02,-2.635441e-02,2.990409e-08,9.959577e-08,7.210390e-06,1.400215e-04
2076180480,27818961,24914165760,76048720,-6.423377e-02,-2.633532e-02,2.763486e-08,1.120132e-07,6.663241e-06,1.574793e-04
2076442624,27821440,24917311488,76058529,-6.423745e-02,-2.632735e-02,2.642228e-08,1.174105e-07,6.370867e-06,1.650673e-04
2076704768,27825536,24920457216,76067955,-6.425079e-02,-2.633568e-02,2.226445e-08,1.117703e-07,5.368343e-06,1.571376e-04
2076966912,27828286,24923602944,76077420,-6.423600e-02,-2.633584e-02,2.689671e-08,1.116632e-07,6.485261e-06,1.569871e-04
2077229056,27830882,24926748672,76086581,-6.425896e-02,-2.633727e-02,1.989214e-08,1.107104e-07,4.796337e-06,1.556476e-04
2077491200,27831156,24929894400,76096249,-6.427518e-02,-2.634804e-02,1.558179e-08,1.036571e-07,3.757037e-06,1.457314e-04
2077753344,27831428,24933040128,76106048,-6.427106e-02,-2.634066e-02,1.662738e-08,1.084623e-07,4.009148e-06,1.524870e-04
2078015488,27832369,24936185856,76115718,-6.426506e-02,-2.634938e-02,1.821013e-08,1.027965e-07,4.390776e-06,1.445215e-04
2078277632,27832375,24939331584,76125135,-6.425894e-02,-2.635653e-02,1.989844e-08,9.826120e-08,4.797858e-06,1.381453e-04
2078539776,27833024,24942477312,76134907,-6.426090e-02,-2.637888e-02,1.934946e-08,8.474992e-08,4.665488e-06,1.191498e-04
2078801920,27833237,24945623040,76144467,-6.427167e-02,-2.637879e-02,1.647019e-08,8.480198e-08,3.971247e-06,1.192230e-04
2079064064,27833471,24948768768,76154121,-6.427432e-02,-2.639575e-02,1.579643e-08,7.521015e-08,3.808791e-06,1.057378e-04
2079326208,27834207,24951914496,76163730,-6.428719e-02,-2.639069e-02,1.272761e-08,7.801260e-08,3.068845e-06,1.096778e-04
2079588352,27834453,24955060224,76173443,-6.429825e-02,-2.639143e-02,1.035359e-08,7.760007e-08,2.496428e-06,1.090978e-04
2079850496,27834999,24958205952,76183125,-6.432679e-02,-2.639134e-02,5.360708e-09,7.765197e-08,1.292559e-06,1.091708e-04
2080112640,27835279,24961351680,76192782,-6.431863e-02,-2.638630e-02,6.620717e-09,8.048434e-08,1.596369e-06,1.131528e-04
2080374784,27835395,24964497408,76202531,-6.432271e-02,-2.638986e-02,5.974103e-09,7.847840e-08,1.440459e-06,1.103327e-04
2080636928,27836355,24967643136,76212271,-6.432235e-02,-2.639550e-02,6.029515e-09,7.534916e-08,1.453820e-06,1.059333e-04
2080899072,27836835,24970788864,76221787,-6.431069e-02,-2.638780e-02,7.976296e-09,7.963582e-08,1.923222e-06,1.119599e-04
2081161216,27836841,24973934592,76231468,-6.432630e-02,-2.639778e-02,5.431859e-09,7.410576e-08,1.309715e-06,1.041852e-04
2081423360,27836901,24977080320,76241249,-6.433374e-02,-2.640668e-02,4.391111e-09,6.933561e-08,1.058773e-06,9.747883e-05
2081685504,27837107,24980226048,76250961,-6.433097e-02,-2.640035e-02,4.766118e-09,7.271088e-08,1.149193e-06,1.022241e-04
2081947648,27837704,24983371776,76260508,-6.434553e-02,-2.638590e-02,2.967111e-09,8.071066e-08,7.154216e-07,1.134710e-04
2082209792,27838153,24986517504,76269887,-6.434359e-02,-2.637240e-02,3.182742e-09,8.856600e-08,7.674139e-07,1.245148e-04
2082471936,27838241,24989663232,76279430,-6.431994e-02,-2.636945e-02,6.410234e-09,9.033192e-08,1.545618e-06,1.269975e-04
2082734080,27838475,24992808960,76288854,-6.431972e-02,-2.637710e-02,6.444879e-09,8.579206e-08,1.553971e-06,1.206149e-04
2082996224,27839378,24995954688,76298328,-6.430128e-02,-2.638618e-02,9.745676e-09,8.055622e-08,2.349850e-06,1.132539e-04
2083258368,27839383,24999100416,76307929,-6.431752e-02,-2.640426e-02,6.802608e-09,7.061866e-08,1.640226e-06,9.928268e-05
2083520512,27839425,25002246144,76317673,-6.430026e-02,-2.640243e-02,9.948252e-09,7.159216e-08,2.398695e-06,1.006513e-04
2083782656,27839559,25005391872,76327483,-6.430305e-02,-2.638855e-02,9.400157e-09,7.921587e-08,2.266539e-06,1.113695e-04
2084044800,27839954,25008537600,76336890,-6.429172e-02,-2.636513e-02,1.172440e-08,9.294250e-08,2.826956e-06,1.306677e-04
2084306944,27841582,25011683328,76346244,-6.428050e-02,-2.637013e-02,1.428022e-08,8.992036e-08,3.443206e-06,1.264189e-04
2084569088,27842095,25014829056,76355648,-6.427903e-02,-2.638162e-02,1.463497e-08,8.315998e-08,3.528743e-06,1.169145e-04
2084831232,27842862,25017974784,76365205,-6.428967e-02,-2.639928e-02,1.217396e-08,7.329064e-08,2.935350e-06,1.030392e-04
2085093376,27844118,25021120512,76374813,-6.429406e-02,-2.639227e-02,1.122482e-08,7.713379e-08,2.706498e-06,1.084423e-04
2085355520,27844312,25024266240,76384474,-6.430810e-02,-2.639683e-02,8.446145e-09,7.462182e-08,2.036511e-06,1.049107e-04
2085617664,27844659,25027411968,76394298,-6.431550e-02,-2.639017e-02,7.141008e-09,7.830422e-08,1.721820e-06,1.100878e-04
2085879808,27844888,25030557696,76404080,-6.432596e-02,-2.640803e-02,5.482494e-09,6.862918e-08,1.321924e-06,9.648567e-05
2086141952,27845333,25033703424,76413423,-6.432301e-02,-2.643109e-02,5.928122e-09,5.707814e-08,1.429372e-06,8.024608e-05
2086404096,27845351,25036849152,76423168,-6.430277e-02,-2.643010e-02,9.453688e-09,5.755082e-08,2.279447e-06,8.091061e-05
2086666240,27845929,25039994880,76432901,-6.431862e-02,-2.643065e-02,6.623142e-09,5.728748e-08,1.596954e-06,8.054040e-05
2086928384,27845977,25043140608,76442832,-6.432084e-02,-2.642943e-02,6.266689e-09,5.787210e-08,1.511007e-06,8.136230e-05
2087190528,27846337,25046286336,76452320,-6.432904e-02,-2.643075e-02,5.035226e-09,5.723934e-08,1.214080e-06,8.047271e-05
2087452672,27846864,25049432064,76462057,-6.435069e-02,-2.643145e-02,2.431273e-09,5.690472e-08,5.862218e-07,8.000227e-05
2087714816,27847031,25052577792,76471729,-6.435129e-02,-2.642539e-02,2.372849e-09,5.983497e-08,5.721347e-07,8.412189e-05
2087976960,27847085,25055723520,76481370,-6.434126e-02,-2.642344e-02,3.450432e-09,6.079009e-08,8.319586e-07,8.546470e-05
2088239104,27850122,25058869248,76491023,-6.433880e-02,-2.642737e-02,3.745326e-09,5.886842e-08,9.030626e-07,8.276303e-05
2088501248,27851048,25062014976,76500724,-6.434047e-02,-2.643402e-02,3.543837e-09,5.568498e-08,8.544803e-07,7.828744e-05
2088763392,27851140,25065160704,76510490,-6.434086e-02,-2.644301e-02,3.497860e-09,5.152587e-08,8.433943e-07,7.244015e-05
2089025536,27851876,25068306432,76519955,-6.433394e-02,-2.644862e-02,4.364491e-09,4.900871e-08,1.052354e-06,6.890127e-05
2089287680,27852850,25071452160,76529620,-6.434983e-02,-2.646850e-02,2.517251e-09,4.060113e-08,6.069524e-07,5.708107e-05
2089549824,27854570,25074597888,76539235,-6.434648e-02,-2.646706e-02,2.864923e-09,4.118571e-08,6.907821e-07,5.790294e-05
2089811968,27856373,25077743616,76548662,-6.435639e-02,-2.647099e-02,1.901679e-09,3.960373e-08,4.585276e-07,5.567883e-05
2090074112,27858792,25080889344,76558240,-6.435885e-02,-2.648179e-02,1.693286e-09,3.542127e-08,4.082804e-07,4.979871e-05
2090336256,27862272,25084035072,76567884,-6.437206e-02,-2.648198e-02,7.806256e-10,3.535189e-08,1.882223e-07,4.970118e-05
2090598400,27867551,25087180800,76577600,-6.436633e-02,-2.648098e-02,1.134115e-09,3.572832e-08,2.734547e-07,5.023040e-05
2090860544,27868053,25090326528,76587209,-6.436188e-02,-2.647803e-02,1.453487e-09,3.685097e-08,3.504607e-07,5.180873e-05
2091122688,27870755,25093472256,76596848,-6.437808e-02,-2.647979e-02,4.804692e-10,3.618111e-08,1.158494e-07,5.086697e-05
2091384832,27871990,25096617984,76606344,-6.437814e-02,-2.646972e-02,4.778598e-10,4.011021e-08,1.152202e-07,5.639088e-05
2091646976,27874783,25099763712,76615852,-6.438396e-02,-2.645463e-02,2.573169e-10,4.638352e-08,6.204353e-08,6.521052e-05
2091909120,27875341,25102909440,76625439,-6.437987e-02,-2.645020e-02,4.052760e-10,4.831022e-08,9.771903e-08,6.791927e-05
2092171264,27879273,25106055168,76635123,-6.437452e-02,-2.644136e-02,6.492806e-10,5.227526e-08,1.565528e-07,7.349371e-05
2092433408,27887227,25109200896,76644690,-6.438445e-02,-2.643608e-02,2.420144e-10,5.471783e-08,5.835384e-08,7.692772e-05
2092695552,27889468,25112346624,76654494,-6.437671e-02,-2.643513e-02,5.424481e-10,5.516316e-08,1.307936e-07,7.755380e-05
2092957696,27893538,25115492352,76664070,-6.438882e-02,-2.642908e-02,1.250667e-10,5.804430e-08,3.015573e-08,8.160440e-05
2093219840,27895620,25118638080,76673416,-6.438422e-02,-2.644955e-02,2.490188e-10,4.859722e-08,6.004273e-08,6.832277e-05
2093481984,27898042,25121783808,76683153,-6.440232e-02,-2.644790e-02,5.369094e-12,4.933004e-08,1.294581e-09,6.935302e-05
2093744128,27899750,25124929536,76692740,-6.441791e-02,-2.644800e-02,3.208109e-10,4.928289e-08,7.735304e-08,6.928675e-05
2094006272,27902098,25128075264,76702309,-6.440264e-02,-2.644621e-02,6.956435e-12,5.008085e-08,1.677316e-09,7.040859e-05
2094268416,27903470,25131220992,76712064,-6.441671e-02,-2.642447e-02,2.790304e-10,6.028414e-08,6.727903e-08,8.475340e-05
2094530560,27905491,25134366720,76721709,-6.441796e-02,-2.643586e-02,3.224143e-10,5.482332e-08,7.773965e-08,7.707603e-05
2094792704,27925396,25137512448,76731337,-6.441621e-02,-2.642112e-02,2.628440e-10,6.193900e-08,6.337621e-08,8.707996e-05
2095054848,27930193,25140658176,76741202,-6.441782e-02,-2.644313e-02,3.173506e-10,5.146754e-08,7.651871e-08,7.235814e-05
2095316992,27936852,25143803904,76750760,-6.441215e-02,-2.643203e-02,1.476686e-10,5.662957e-08,3.560544e-08,7.961543e-05
2095579136,27954735,25146949632,76760550,-6.440222e-02,-2.642732e-02,4.929612e-12,5.889464e-08,1.188614e-09,8.279989e-05
2095841280,27959486,25150095360,76770296,-6.440984e-02,-2.644294e-02,9.672263e-11,5.155801e-08,2.332149e-08,7.248533e-05
2096103424,27962764,25153241088,76779883,-6.440475e-02,-2.644712e-02,2.252470e-11,4.967318e-08,5.431094e-09,6.983546e-05
2096365568,27974632,25156386816,76789535,-6.439859e-02,-2.645246e-02,2.003953e-12,4.732454e-08,4.831875e-10,6.653350e-05
2096627712,28003861,25159532544,76799322,-6.441661e-02,-2.643591e-02,2.758039e-10,5.479890e-08,6.650107e-08,7.704170e-05
2096889856,28006879,25162678272,76808986,-6.440669e-02,-2.643449e-02,4.476441e-11,5.546455e-08,1.079347e-08,7.797753e-05
2097152000,28035317,25165824000,76818656,-6.441252e-02,-2.640898e-02,1.566747e-10,6.813043e-08,3.777696e-08,9.578447e-05
2097414144,28220231,25168969728,76828280,-6.441268e-02,-2.641498e-02,1.606160e-10,6.503252e-08,3.872729e-08,9.142913e-05
2097676288,28220444,25172115456,76837814,-6.440841e-02,-2.643311e-02,7.075679e-11,5.611480e-08,1.706068e-08,7.889171e-05
2097938432,28221536,25175261184,76847258,-6.439501e-02,-2.643558e-02,2.491896e-11,5.495162e-08,6.008390e-09,7.725639e-05
2098200576,28221749,25178406912,76856811,-6.440595e-02,-2.644117e-02,3.534972e-11,5.236132e-08,8.523426e-09,7.361470e-05
2098462720,28223988,25181552640,76866327,-6.440236e-02,-2.642597e-02,5.543122e-12,5.955281e-08,1.336542e-09,8.372522e-05
2098724864,28224182,25184698368,76875852,-6.439483e-02,-2.642820e-02,2.673617e-11,5.846599e-08,6.446551e-09,8.219725e-05
2098987008,28224439,25187844096,76885509,-6.440511e-02,-2.640562e-02,2.612333e-11,6.989488e-08,6.298784e-09,9.826512e-05
2099249152,28225041,25190989824,76895035,-6.441305e-02,-2.641959e-02,1.701972e-10,6.270718e-08,4.103748e-08,8.815993e-05
2099511296,28225136,25194135552,76904671,-6.440113e-02,-2.644060e-02,1.265710e-12,5.262249e-08,3.051844e-10,7.398189e-05
2099773440,28225864,25197281280,76914382,-6.438954e-02,-2.643500e-02,1.094245e-10,5.522354e-08,2.638413e-08,7.763871e-05
2100035584,28225984,25200427008,76923774,-6.438348e-02,-2.644014e-02,2.730884e-10,5.283635e-08,6.584632e-08,7.428254e-05
2100297728,28226292,25203572736,76933290,-6.438183e-02,-2.642154e-02,3.302204e-10,6.173427e-08,7.962181e-08,8.679213e-05
2100559872,28226868,25206718464,76942864,-6.437797e-02,-2.642528e-02,4.853811e-10,5.988601e-08,1.170338e-07,8.419366e-05
2100822016,28227924,25209864192,76952522,-6.436025e-02,-2.642744e-02,1.580563e-09,5.883318e-08,3.811010e-07,8.271347e-05
2101084160,28228044,25213009920,76961914,-6.436766e-02,-2.641475e-02,1.046068e-09,6.515418e-08,2.522249e-07,9.160017e-05
2101346304,28228132,25216155648,76971633,-6.435542e-02,-2.642739e-02,1.987758e-09,5.886029e-08,4.792826e-07,8.275159e-05
2101608448,28229771,25219301376,76981138,-6.435841e-02,-2.643903e-02,1.730276e-09,5.334880e-08,4.171995e-07,7.500300e-05
2101870592,28230138,25222447104,76990853,-6.437435e-02,-2.642976e-02,6.580430e-10,5.771627e-08,1.586655e-07,8.114322e-05
2102132736,28231231,25225592832,77000335,-6.437112e-02,-2.642117e-02,8.339649e-10,6.191490e-08,2.010833e-07,8.704606e-05
2102394880,28231568,25228738560,77010045,-6.438010e-02,-2.641842e-02,3.960299e-10,6.329157e-08,9.548963e-08,8.898153e-05
2102657024,28232407,25231884288,77019561,-6.436988e-02,-2.641581e-02,9.073769e-10,6.461424e-08,2.187842e-07,9.084107e-05
2102919168,28232567,25235030016,77029209,-6.438025e-02,-2.638942e-02,3.901213e-10,7.872489e-08,9.406497e-08,1.106792e-04
2103181312,28232712,25238175744,77038674,-6.438686e-02,-2.640739e-02,1.727338e-10,6.896336e-08,4.164910e-08,9.695549e-05
2103443456,28232724,25241321472,77048196,-6.439667e-02,-2.641346e-02,1.109163e-11,6.581386e-08,2.674382e-09,9.252760e-05
2103705600,28233401,25244467200,77057809,-6.439991e-02,-2.641801e-02,7.993606e-15,6.349699e-08,1.927396e-12,8.927032e-05
2103967744,28233557,25247612928,77067473,-6.439458e-02,-2.643114e-02,2.942002e-11,5.705411e-08,7.093674e-09,8.021229e-05
2104229888,28235002,25250758656,77076937,-6.439087e-02,-2.644860e-02,8.343748e-11,4.901860e-08,2.011821e-08,6.891519e-05
2104492032,28235294,25253904384,77086363,-6.439192e-02,-2.644157e-02,6.534912e-11,5.217905e-08,1.575680e-08,7.335846e-05
2104754176,28235314,25257050112,77096051,-6.438755e-02,-2.645585e-02,1.550005e-10,4.586189e-08,3.737329e-08,6.447716e-05
2105016320,28235978,25260195840,77105681,-6.437543e-02,-2.643969e-02,6.037839e-10,5.304121e-08,1.455827e-07,7.457055e-05
2105278464,28236250,25263341568,77115189,-6.435540e-02,-2.644349e-02,1.989086e-09,5.130541e-08,4.796030e-07,7.213019e-05
2105540608,28236351,25266487296,77124914,-6.435091e-02,-2.645166e-02,2.410012e-09,4.767204e-08,5.810955e-07,6.702204e-05
2105802752,28237706,25269633024,77134389,-6.435324e-02,-2.644697e-02,2.187180e-09,4.974128e-08,5.273667e-07,6.993120e-05
2106064896,28238910,25272778752,77143975,-6.432629e-02,-2.646028e-02,5.434055e-09,4.398438e-08,1.310244e-06,6.183758e-05
2106327040,28239151,25275924480,77153640,-6.431909e-02,-2.646843e-02,6.546963e-09,4.063041e-08,1.578586e-06,5.712223e-05
2106589184,28239622,25279070208,77163232,-6.430960e-02,-2.645156e-02,8.173126e-09,4.771760e-08,1.970682e-06,6.708610e-05
2106851328,28240221,25282215936,77172822,-6.428487e-02,-2.643721e-02,1.325580e-08,5.419016e-08,3.196201e-06,7.618588e-05
2107113472,28240383,25285361664,77182299,-6.427336e-02,-2.642346e-02,1.603895e-08,6.078091e-08,3.867267e-06,8.545179e-05
2107375616,28245657,25288507392,77191814,-6.427725e-02,-2.641468e-02,1.506898e-08,6.518556e-08,3.633390e-06,9.164428e-05
2107637760,28246129,25291653120,77201425,-6.428105e-02,-2.639980e-02,1.414875e-08,7.300751e-08,3.411507e-06,1.026412e-04
2107899904,28249990,25294798848,77210908,-6.428730e-02,-2.638771e-02,1.270072e-08,7.968524e-08,3.062363e-06,1.120294e-04
2108162048,28253779,25297944576,77220511,-6.430098e-02,-2.637614e-02,9.806083e-09,8.635163e-08,2.364415e-06,1.214016e-04
2108424192,28255795,25301090304,77230207,-6.431840e-02,-2.637643e-02,6.659573e-09,8.618314e-08,1.605738e-06,1.211647e-04
2108686336,28258367,25304236032,77239604,-6.432731e-02,-2.639318e-02,5.284609e-09,7.662663e-08,1.274210e-06,1.077293e-04
2108948480,28258485,25307381760,77249155,-6.432664e-02,-2.639432e-02,5.382550e-09,7.600195e-08,1.297826e-06,1.068510e-04
2109210624,28259571,25310527488,77258832,-6.432604e-02,-2.639308e-02,5.470365e-09,7.668542e-08,1.318999e-06,1.078119e-04
2109472768,28261832,25313673216,77268300,-6.431115e-02,-2.639191e-02,7.893998e-09,7.733257e-08,1.903379e-06,1.087217e-04
2109734912,28268980,25316818944,77278007,-6.433691e-02,-2.638187e-02,3.980539e-09,8.301824e-08,9.597766e-07,1.167152e-04
2109997056,28271434,25319964672,77287591,-6.435459e-02,-2.638793e-02,2.062185e-09,7.956120e-08,4.972283e-07,1.118550e-04
2110259200,28271800,25323110400,77297154,-6.432960e-02,-2.639666e-02,4.956235e-09,7.471547e-08,1.195034e-06,1.050424e-04
2110521344,28274241,25326256128,77306650,-6.431323e-02,-2.640815e-02,7.528939e-09,6.856674e-08,1.815357e-06,9.639787e-05
2110783488,28274622,25329401856,77316234,-6.431828e-02,-2.641391e-02,6.679044e-09,6.557992e-08,1.610432e-06,9.219871e-05
2111045632,28274816,25332547584,77325764,-6.431561e-02,-2.640502e-02,7.122132e-09,7.021435e-08,1.717269e-06,9.871426e-05
2111307776,28275513,25335693312,77335395,-6.430820e-02,-2.641843e-02,8.428351e-09,6.328876e-08,2.032221e-06,8.897758e-05
2111569920,28275818,25338839040,77344833,-6.432963e-02,-2.640645e-02,4.952040e-09,6.945926e-08,1.194022e-06,9.765268e-05
2111832064,28276294,25341984768,77354048,-6.433746e-02,-2.639504e-02,3.911273e-09,7.560092e-08,9.430753e-07,1.062872e-04
2112094208,28276519,25345130496,77363897,-6.434216e-02,-2.639618e-02,3.346195e-09,7.497842e-08,8.068253e-07,1.054121e-04
2112356352,28276906,25348276224,77373458,-6.433832e-02,-2.636900e-02,3.804836e-09,9.059860e-08,9.174116e-07,1.273724e-04
2112618496,28277381,25351421952,77383041,-6.434510e-02,-2.637090e-02,3.014375e-09,8.945848e-08,7.268179e-07,1.257696e-04
2112880640,28277572,25354567680,77392626,-6.432558e-02,-2.637032e-02,5.538909e-09,8.980646e-08,1.335526e-06,1.262588e-04
2113142784,28277854,25357713408,77402027,-6.431545e-02,-2.637200e-02,7.148565e-09,8.880341e-08,1.723642e-06,1.248486e-04
2113404928,28278455,25360859136,77411627,-6.431671e-02,-2.636375e-02,6.937231e-09,9.378710e-08,1.672686e-06,1.318552e-04
2113667072,28278744,25364004864,77421300,-6.431318e-02,-2.634656e-02,7.537993e-09,1.046104e-07,1.817540e-06,1.470716e-04
2113929216,28278914,25367150592,77431000,-6.427595e-02,-2.634666e-02,1.538894e-08,1.045514e-07,3.710538e-06,1.469886e-04
2114191360,28280069,25370296320,77440743,-6.426724e-02,-2.635368e-02,1.762572e-08,1.000572e-07,4.249865e-06,1.406702e-04
2114453504,28280274,25373442048,77450375,-6.427301e-02,-2.636011e-02,1.612587e-08,9.603305e-08,3.888226e-06,1.350127e-04
2114715648,28280336,25376587776,77459953,-6.426946e-02,-2.634675e-02,1.704112e-08,1.044887e-07,4.108907e-06,1.469005e-04
2114977792,28280553,25379733504,77469433,-6.427007e-02,-2.634413e-02,1.688198e-08,1.061899e-07,4.070536e-06,1.492922e-04
2115239936,28281124,25382879232,77479083,-6.427679e-02,-2.635171e-02,1.518077e-08,1.013054e-07,3.660344e-06,1.424251e-04
2115502080,28281532,25386024960,77488509,-6.428610e-02,-2.634287e-02,1.297423e-08,1.070109e-07,3.128310e-06,1.504465e-04
2115764224,28281601,25389170688,77498085,-6.427021e-02,-2.634827e-02,1.684715e-08,1.035108e-07,4.062138e-06,1.455257e-04
2116026368,28281882,25392316416,77507787,-6.426161e-02,-2.635777e-02,1.915305e-08,9.748850e-08,4.618129e-06,1.370589e-04
2116288512,28282735,25395462144,77517578,-6.426103e-02,-2.635332e-02,1.931217e-08,1.002835e-07,4.656496e-06,1.409885e-04
2116550656,28282742,25398607872,77527279,-6.426419e-02,-2.633644e-02,1.844616e-08,1.112652e-07,4.447686e-06,1.564276e-04
2116812800,28282772,25401753600,77536981,-6.428029e-02,-2.634631e-02,1.433012e-08,1.047731e-07,3.455239e-06,1.473004e-04
2117074944,28283285,25404899328,77546516,-6.428631e-02,-2.636245e-02,1.292675e-08,9.458855e-08,3.116862e-06,1.329819e-04
2117337088,28284753,25408045056,77555958,-6.427974e-02,-2.636153e-02,1.446422e-08,9.515194e-08,3.487572e-06,1.337740e-04
2117599232,28285529,25411190784,77565486,-6.426532e-02,-2.636408e-02,1.813982e-08,9.358870e-08,4.373823e-06,1.315762e-04
2117861376,28286936,25414336512,77575064,-6.426945e-02,-2.634871e-02,1.704501e-08,1.032294e-07,4.109844e-06,1.451300e-04
2118123520,28287176,25417482240,77584780,-6.427833e-02,-2.635649e-02,1.480491e-08,9.828922e-08,3.569719e-06,1.381847e-04
2118385664,28287477,25420627968,77594506,-6.427954e-02,-2.635261e-02,1.451085e-08,1.007347e-07,3.498816e-06,1.416227e-04
2118647808,28287714,25423773696,77604093,-6.426828e-02,-2.635298e-02,1.734985e-08,1.004995e-07,4.183347e-06,1.412922e-04
2118909952,28287990,25426919424,77613535,-6.426868e-02,-2.634172e-02,1.724598e-08,1.077690e-07,4.158302e-06,1.515123e-04
2119172096,28288304,25430065152,77623419,-6.426872e-02,-2.634142e-02,1.723424e-08,1.079648e-07,4.155471e-06,1.517875e-04
2119434240,28288519,25433210880,77632981,-6.426127e-02,-2.633813e-02,1.924803e-08,1.101348e-07,4.641031e-06,1.548383e-04
2119696384,28289031,25436356608,77642586,-6.425094e-02,-2.636059e-02,2.222001e-08,9.573544e-08,5.357626e-06,1.345943e-04
2119958528,28289563,25439502336,77652105,-6.423108e-02,-2.636201e-02,2.853382e-08,9.485454e-08,6.879995e-06,1.333559e-04
2120220672,28289635,25442648064,77661692,-6.423032e-02,-2.637098e-02,2.879114e-08,8.941058e-08,6.942040e-06,1.257022e-04
2120482816,28289900,25445793792,77671300,-6.422490e-02,-2.637542e-02,3.066125e-08,8.677581e-08,7.392956e-06,1.219980e-04
2120744960,28289962,25448939520,77680873,-6.422314e-02,-2.636128e-02,3.128013e-08,9.531058e-08,7.542177e-06,1.339970e-04
2121007104,28290111,25452085248,77690531,-6.421059e-02,-2.635847e-02,3.587564e-08,9.705280e-08,8.650234e-06,1.364464e-04
2121269248,28292646,25455230976,77700271,-6.422321e-02,-2.637057e-02,3.125641e-08,8.965915e-08,7.536459e-06,1.260517e-04
2121531392,28293497,25458376704,77709889,-6.421716e-02,-2.637106e-02,3.343218e-08,8.936269e-08,8.061075e-06,1.256349e-04
2121793536,28293837,25461522432,77719408,-6.421339e-02,-2.636092e-02,3.482504e-08,9.553153e-08,8.396918e-06,1.343076e-04
2122055680,28293889,25464668160,77729056,-6.421930e-02,-2.638380e-02,3.265480e-08,8.191102e-08,7.873635e-06,1.151586e-04
2122317824,28294923,25467813888,77738654,-6.421534e-02,-2.638661e-02,3.410029e-08,8.030794e-08,8.222167e-06,1.129048e-04
2122579968,28295914,25470959616,77748096,-6.420690e-02,-2.640355e-02,3.728921e-08,7.099337e-08,8.991072e-06,9.980946e-05
2122842112,28296669,25474105344,77757779,-6.421015e-02,-2.639042e-02,3.604519e-08,7.816563e-08,8.691115e-06,1.098929e-04
2123104256,28300282,25477251072,77767573,-6.422152e-02,-2.638748e-02,3.185729e-08,7.981990e-08,7.681341e-06,1.122187e-04
2123366400,28302954,25480396800,77777390,-6.421775e-02,-2.638100e-02,3.321457e-08,8.352348e-08,8.008606e-06,1.174255e-04
2123628544,28303211,25483542528,77787123,-6.420589e-02,-2.637378e-02,3.767868e-08,8.774419e-08,9.084980e-06,1.233594e-04
2123890688,28306868,25486688256,77796785,-6.420872e-02,-2.635773e-02,3.659041e-08,9.751525e-08,8.822579e-06,1.370966e-04
2124152832,28308105,25489833984,77806269,-6.419425e-02,-2.636013e-02,4.233215e-08,9.602151e-08,1.020701e-05,1.349965e-04
2124414976,28310582,25492979712,77815632,-6.418397e-02,-2.636087e-02,4.667200e-08,9.556377e-08,1.125342e-05,1.343530e-04
2124677120,28314362,25496125440,77825059,-6.417767e-02,-2.636220e-02,4.943186e-08,9.473870e-08,1.191887e-05,1.331930e-04
2124939264,28317568,25499271168,77834637,-6.415547e-02,-2.636033e-02,5.979761e-08,9.589457e-08,1.441823e-05,1.348180e-04
2125201408,28322194,25502416896,77844385,-6.416702e-02,-2.636037e-02,5.427952e-08,9.586919e-08,1.308773e-05,1.347824e-04
2125463552,28324864,25505562624,77854113,-6.417095e-02,-2.635229e-02,5.246537e-08,1.009382e-07,1.265030e-05,1.419088e-04
2125725696,28330222,25508708352,77863652,-6.417392e-02,-2.635096e-02,5.111236e-08,1.017885e-07,1.232407e-05,1.431044e-04
2125987840,28330630,25511854080,77873397,-6.416633e-02,-2.635814e-02,5.460286e-08,9.725368e-08,1.316569e-05,1.367288e-04
2126249984,28331627,25514999808,77882886,-6.417520e-02,-2.633910e-02,5.053455e-08,1.094953e-07,1.218475e-05,1.539393e-04
2126512128,28333589,25518145536,77892540,-6.416533e-02,-2.633659e-02,5.507045e-08,1.111608e-07,1.327843e-05,1.562808e-04
2126774272,28337314,25521291264,77902268,-6.416713e-02,-2.633924e-02,5.422746e-08,1.094004e-07,1.307517e-05,1.538059e-04
2127036416,28338442,25524436992,77911877,-6.416893e-02,-2.634801e-02,5.339441e-08,1.036763e-07,1.287431e-05,1.457583e-04
2127298560,28340283,25527582720,77921422,-6.417067e-02,-2.636054e-02,5.259173e-08,9.576311e-08,1.268077e-05,1.346332e-04
2127560704,28341125,25530728448,77930991,-6.420306e-02,-2.635668e-02,3.878583e-08,9.817013e-08,9.351932e-06,1.380172e-04
2127822848,28350113,25533874176,77940407,-6.422742e-02,-2.637090e-02,2.978310e-08,8.945960e-08,7.181218e-06,1.257711e-04
2128084992,28352551,25537019904,77950198,-6.421451e-02,-2.635678e-02,3.440918e-08,9.810711e-08,8.296645e-06,1.379286e-04
2128347136,28358909,25540165632,77959645,-6.421424e-02,-2.635713e-02,3.450599e-08,9.788670e-08,8.319988e-06,1.376188e-04
2128609280,28361275,25543311360,77969225,-6.420325e-02,-2.635261e-02,3.870957e-08,1.007359e-07,9.333544e-06,1.416244e-04
2128871424,28367348,25546457088,77978610,-6.420441e-02,-2.638141e-02,3.825648e-08,8.328249e-08,9.224297e-06,1.170867e-04
2129133568,28382462,25549602816,77988237,-6.421006e-02,-2.639894e-02,3.607631e-08,7.347330e-08,8.698620e-06,1.032960e-04
2129395712,28387531,25552748544,77997820,-6.421017e-02,-2.640584e-02,3.603670e-08,6.978068e-08,8.689069e-06,9.810457e-05
2129657856,28389442,25555894272,78007336,-6.421186e-02,-2.640050e-02,3.539743e-08,7.263154e-08,8.534931e-06,1.021126e-04
2129920000,28399484,25559040000,78016678,-6.419205e-02,-2.642028e-02,4.324452e-08,6.235784e-08,1.042700e-05,8.766879e-05
2130182144,28425146,25562185728,78026294,-6.420185e-02,-2.642168e-02,3.926566e-08,6.166487e-08,9.467626e-06,8.669455e-05
2130444288,28427780,25565331456,78036064,-6.418889e-02,-2.641690e-02,4.456836e-08,6.405958e-08,1.074620e-05,9.006126e-05
2130706432,28452181,25568477184,78045433,-6.420301e-02,-2.643271e-02,3.880638e-08,5.630822e-08,9.356887e-06,7.916365e-05
2130968576,28670443,25571622912,78055095,-6.419870e-02,-2.642929e-02,4.052460e-08,5.794292e-08,9.771181e-06,8.146187e-05
2131230720,28670637,25574768640,78064524,-6.420479e-02,-2.641805e-02,3.810798e-08,6.348009e-08,9.188491e-06,8.924657e-05
2131492864,28671829,25577914368,78074358,-6.421354e-02,-2.640268e-02,3.476945e-08,7.146065e-08,8.383513e-06,1.004664e-04
2131755008,28672105,25581060096,78083984,-6.421357e-02,-2.639793e-02,3.475834e-08,7.402060e-08,8.380833e-06,1.040654e-04
2132017152,28674343,25584205824,78093279,-6.423993e-02,-2.638079e-02,2.562424e-08,8.364303e-08,6.178445e-06,1.175936e-04
2132279296,28674612,25587351552,78102783,-6.424434e-02,-2.638298e-02,2.422927e-08,8.238188e-08,5.842094e-06,1.158206e-04
2132541440,28674798,25590497280,78112473,-6.425932e-02,-2.639019e-02,1.979139e-08,7.829379e-08,4.772044e-06,1.100731e-04
2132803584,28675305,25593643008,78122085,-6.426405e-02,-2.638708e-02,1.848261e-08,8.004107e-08,4.456474e-06,1.125296e-04
2133065728,28675680,25596788736,78131659,-6.426249e-02,-2.637393e-02,1.890843e-08,8.765925e-08,4.559147e-06,1.232400e-04
2133327872,28676214,25599934464,78141047,-6.428175e-02,-2.638093e-02,1.398439e-08,8.356117e-08,3.371878e-06,1.174785e-04
2133590016,28676442,25603080192,78150555,-6.426772e-02,-2.638531e-02,1.749737e-08,8.104969e-08,4.218916e-06,1.139476e-04
2133852160,28676649,25606225920,78160097,-6.424533e-02,-2.638911e-02,2.392406e-08,7.890163e-08,5.768504e-06,1.109277e-04
2134114304,28677209,25609371648,78169776,-6.424489e-02,-2.640910e-02,2.406024e-08,6.806626e-08,5.801338e-06,9.569425e-05
2134376448,28678287,25612517376,78179178,-6.423423e-02,-2.640883e-02,2.747902e-08,6.821212e-08,6.625664e-06,9.589933e-05
2134638592,28678329,25615663104,78188859,-6.426439e-02,-2.642193e-02,1.839155e-08,6.153913e-08,4.434521e-06,8.651777e-05
2134900736,28678408,25618808832,78198411,-6.428172e-02,-2.643740e-02,1.398968e-08,5.410088e-08,3.373152e-06,7.606035e-05
2135162880,28680298,25621954560,78208007,-6.427082e-02,-2.643049e-02,1.668892e-08,5.736687e-08,4.023987e-06,8.065200e-05
2135425024,28680610,25625100288,78217915,-6.426583e-02,-2.643174e-02,1.800160e-08,5.676706e-08,4.340497e-06,7.980873e-05
2135687168,28681424,25628246016,78227640,-6.427713e-02,-2.643610e-02,1.509826e-08,5.471086e-08,3.640451e-06,7.691792e-05
2135949312,28681916,25631391744,78237263,-6.428179e-02,-2.642368e-02,1.397382e-08,6.067442e-08,3.369329e-06,8.530209e-05
2136211456,28682686,25634537472,78246810,-6.426952e-02,-2.643226e-02,1.702556e-08,5.651881e-08,4.105154e-06,7.945971e-05
2136473600,28682713,25637683200,78256465,-6.427484e-02,-2.643119e-02,1.566560e-08,5.702920e-08,3.777247e-06,8.017726e-05
2136735744,28682939,25640828928,78266076,-6.428993e-02,-2.642562e-02,1.211484e-08,5.972294e-08,2.921096e-06,8.396438e-05
2136997888,28683066,25643974656,78275838,-6.428481e-02,-2.640942e-02,1.326953e-08,6.790211e-08,3.199511e-06,9.546348e-05
2137260032,28683652,25647120384,78285381,-6.428014e-02,-2.642104e-02,1.436582e-08,6.198165e-08,3.463846e-06,8.713992e-05
2137522176,28683890,25650266112,78294895,-6.430040e-02,-2.640597e-02,9.920033e-09,6.970985e-08,2.391891e-06,9.800497e-05
2137784320,28685015,25653411840,78304516,-6.430245e-02,-2.639316e-02,9.516091e-09,7.664107e-08,2.294493e-06,1.077496e-04
2138046464,28685320,25656557568,78314088,-6.429304e-02,-2.639560e-02,1.144056e-08,7.529497e-08,2.758515e-06,1.058571e-04
2138308608,28685499,25659703296,78323686,-6.428699e-02,-2.639779e-02,1.277135e-08,7.409967e-08,3.079393e-06,1.041766e-04
2138570752,28685916,25662849024,78333301,-6.428651e-02,-2.638837e-02,1.288105e-08,7.931655e-08,3.105842e-06,1.115110e-04
2138832896,28686060,25665994752,78342661,-6.427946e-02,-2.637144e-02,1.453060e-08,8.913676e-08,3.503578e-06,1.253173e-04
2139095040,28686133,25669140480,78352128,-6.427704e-02,-2.635242e-02,1.512024e-08,1.008541e-07,3.645750e-06,1.417907e-04
2139357184,28687621,25672286208,78361846,-6.427890e-02,-2.635434e-02,1.466563e-08,9.964162e-08,3.536136e-06,1.400860e-04
2139619328,28688598,25675431936,78371487,-6.427797e-02,-2.636875e-02,1.489207e-08,9.075004e-08,3.590734e-06,1.275853e-04
2139881472,28688743,25678577664,78380937,-6.427068e-02,-2.636394e-02,1.672359e-08,9.367533e-08,4.032346e-06,1.316980e-04
2140143616,28689507,25681723392,78390492,-6.427930e-02,-2.637957e-02,1.457015e-08,8.435021e-08,3.513113e-06,1.185879e-04
2140405760,28689650,25684869120,78399904,-6.427442e-02,-2.638013e-02,1.577209e-08,8.402594e-08,3.802923e-06,1.181319e-04
2140667904,28690045,25688014848,78409448,-6.426798e-02,-2.637370e-02,1.743041e-08,8.779496e-08,4.202773e-06,1.234308e-04
2140930048,28694334,25691160576,78419032,-6.425467e-02,-2.636967e-02,2.112111e-08,9.019985e-08,5.092663e-06,1.268119e-04
2141192192,28694778,25694306304,78428759,-6.428546e-02,-2.637582e-02,1.311890e-08,8.654222e-08,3.163193e-06,1.216696e-04
2141454336,28698573,25697452032,78438324,-6.428201e-02,-2.637593e-02,1.392103e-08,8.647866e-08,3.356599e-06,1.215802e-04
2141716480,28701331,25700597760,78447857,-6.427187e-02,-2.637737e-02,1.641669e-08,8.563391e-08,3.958347e-06,1.203926e-04
2141978624,28702787,25703743488,78457617,-6.427284e-02,-2.637158e-02,1.616943e-08,8.905559e-08,3.898728e-06,1.252031e-04
2142240768,28705198,25706889216,78467384,-6.426294e-02,-2.636597e-02,1.878568e-08,9.243666e-08,4.529552e-06,1.299566e-04
2142502912,28705496,25710034944,78477030,-6.426101e-02,-2.635051e-02,1.931838e-08,1.020752e-07,4.657995e-06,1.435074e-04
2142765056,28706439,25713180672,78486586,-6.427918e-02,-2.636861e-02,1.459894e-08,9.083759e-08,3.520056e-06,1.277084e-04
2143027200,28708145,25716326400,78496348,-6.430294e-02,-2.635153e-02,9.421840e-09,1.014240e-07,2.271768e-06,1.425918e-04
2143289344,28714228,25719472128,78506217,-6.430449e-02,-2.634957e-02,9.123391e-09,1.026771e-07,2.199807e-06,1.443536e-04
2143551488,28716334,25722617856,78515679,-6.431989e-02,-2.634305e-02,6.418588e-09,1.068976e-07,1.547632e-06,1.502872e-04
2143813632,28719704,25725763584,78525089,-6.432270e-02,-2.633313e-02,5.975255e-09,1.134843e-07,1.440737e-06,1.595474e-04
2144075776,28729418,25728909312,78534659,-6.432635e-02,-2.631865e-02,5.425271e-09,1.234447e-07,1.308126e-06,1.735508e-04
2144337920,28731556,25732055040,78544688,-6.433062e-02,-2.632425e-02,4.813558e-09,1.195455e-07,1.160632e-06,1.680688e-04
2144600064,28736031,25735200768,78554239,-6.432050e-02,-2.630611e-02,6.321068e-09,1.324187e-07,1.524118e-06,1.861673e-04
2144862208,28736895,25738346496,78563868,-6.432118e-02,-2.630547e-02,6.213718e-09,1.328787e-07,1.498234e-06,1.868139e-04
2145124352,28743773,25741492224,78573386,-6.431348e-02,-2.633527e-02,7.486332e-09,1.120407e-07,1.805084e-06,1.575178e-04
2145386496,28746669,25744637952,78582951,-6.432150e-02,-2.634008e-02,6.163313e-09,1.088479e-07,1.486081e-06,1.530291e-04
2145648640,28755376,25747783680,78592523,-6.431338e-02,-2.633609e-02,7.503102e-09,1.114939e-07,1.809127e-06,1.567492e-04
2145910784,28759387,25750929408,78602165,-6.431396e-02,-2.635416e-02,7.402762e-09,9.975219e-08,1.784933e-06,1.402415e-04
2146172928,28761825,25754075136,78611718,-6.431159e-02,-2.635759e-02,7.816078e-09,9.760252e-08,1.884591e-06,1.372192e-04
2146435072,28766847,25757220864,78621275,-6.431176e-02,-2.635002e-02,7.787123e-09,1.023873e-07,1.877609e-06,1.439461e-04
2146697216,28771859,25760366592,78630712,-6.431162e-02,-2.633452e-02,7.810810e-09,1.125438e-07,1.883321e-06,1.582251e-04
2146959360,28776740,25763512320,78640153,-6.431029e-02,-2.634175e-02,8.048322e-09,1.077458e-07,1.940589e-06,1.514796e-04
2147221504,28782912,25766658048,78649854,-6.433048e-02,-2.634855e-02,4.833220e-09,1.033287e-07,1.165373e-06,1.452697e-04
2147483648,28785094,25769803776,78659373,-6.431348e-02,-2.636061e-02,7.486332e-09,9.571930e-08,1.805084e-06,1.345716e-04
