trueR,trueI
-6.440000e-02,-2.667000e-02
n_samples,time,n_paths,n_NZero_paths,estimateR,estimateI,varianceR,varianceI,RvarianceR,RvarianceI
262144,451831,3145728,9556,-1.715337e-01,-1.894339e-01,1.147763e-02,2.649209e-02,2.767455e+00,3.724519e+01
524288,451902,6291456,19192,-7.124994e-02,-1.028705e-01,4.692164e-05,5.806516e-03,1.131362e-02,8.163373e+00
786432,451934,9437184,28900,-9.220579e-02,-4.141059e-02,7.731620e-04,2.172851e-04,1.864227e-01,3.054808e-01
1048576,451940,12582912,38678,-7.580619e-02,-3.965883e-02,1.301012e-04,1.687096e-04,3.136964e-02,2.371886e-01
1310720,451951,15728640,48379,-6.777895e-02,-4.689574e-02,1.141730e-05,4.090807e-04,2.752909e-03,5.751259e-01
1572864,451964,18874368,58304,-8.374753e-02,-2.669246e-02,3.743268e-04,5.044415e-10,9.025662e-02,7.091936e-07
1835008,451964,22020096,67722,-7.146585e-02,-3.896493e-02,4.992620e-05,1.511654e-04,1.203807e-02,2.125233e-01
2097152,452028,25165824,77345,-8.539945e-02,-6.172141e-02,4.409768e-04,1.228602e-03,1.063271e-01,1.727289e+00
2359296,452032,28311552,86769,-8.707776e-02,-5.998784e-02,5.142806e-04,1.110078e-03,1.240019e-01,1.560657e+00
2621440,452063,31457280,96502,-8.466634e-02,-5.220801e-02,4.107245e-04,6.521898e-04,9.903275e-02,9.169127e-01
2883584,452091,34603008,106035,-9.070359e-02,-5.174639e-02,6.918788e-04,6.288256e-04,1.668239e-01,8.840650e-01
3145728,452112,37748736,115582,-8.263911e-02,-5.283246e-02,3.326649e-04,6.844744e-04,8.021124e-02,9.623016e-01
3407872,452117,40894464,125210,-8.354562e-02,-5.143795e-02,3.665546e-04,6.134515e-04,8.838262e-02,8.624505e-01
3670016,452135,44040192,134512,-8.476673e-02,-6.053719e-02,4.148036e-04,1.146986e-03,1.000163e-01,1.612547e+00
3932160,452149,47185920,144140,-7.575954e-02,-5.211971e-02,1.290392e-04,6.476878e-04,3.111358e-02,9.105833e-01
4194304,452166,50331648,153840,-6.216978e-02,-5.420153e-02,4.973896e-06,7.579853e-04,1.199292e-03,1.065650e+00
4456448,452174,53477376,163399,-6.627525e-02,-4.281097e-02,3.516540e-06,2.605308e-04,8.478985e-04,3.662799e-01
4718592,452185,56623104,172964,-6.332280e-02,-4.385305e-02,1.160371e-06,2.952572e-04,2.797853e-04,4.151016e-01
4980736,452192,59768832,182632,-6.544343e-02,-4.695767e-02,1.088749e-06,4.115896e-04,2.625162e-04,5.786533e-01
5242880,452198,62914560,192202,-7.351204e-02,-4.685611e-02,8.302923e-05,4.074790e-04,2.001978e-02,5.728742e-01
5505024,452225,66060288,201809,-7.846179e-02,-4.631361e-02,1.977338e-04,3.858714e-04,4.767703e-02,5.424961e-01
5767168,452226,69206016,211206,-8.300436e-02,-4.848652e-02,3.461220e-04,4.759604e-04,8.345597e-02,6.691520e-01
6029312,452230,72351744,220702,-8.639169e-02,-4.612434e-02,4.836342e-04,3.784713e-04,1.166125e-01,5.320923e-01
6291456,452241,75497472,230344,-8.797082e-02,-4.751302e-02,5.555836e-04,4.344315e-04,1.339608e-01,6.107665e-01
6553600,452265,78643200,239897,-9.622362e-02,-4.964918e-02,1.012743e-03,5.280427e-04,2.441897e-01,7.423745e-01
6815744,452277,81788928,249802,-9.339344e-02,-4.752890e-02,8.406193e-04,4.350939e-04,2.026878e-01,6.116979e-01
7077888,452291,84934656,259682,-9.120061e-02,-4.894780e-02,7.182723e-04,4.963006e-04,1.731878e-01,6.977482e-01
7340032,452320,88080384,269343,-9.503544e-02,-4.642761e-02,9.385301e-04,3.903632e-04,2.262958e-01,5.488111e-01
7602176,452328,91226112,279182,-9.500210e-02,-4.602863e-02,9.364884e-04,3.747564e-04,2.258035e-01,5.268695e-01
7864320,452346,94371840,288680,-9.345600e-02,-4.306828e-02,8.442510e-04,2.689037e-04,2.035635e-01,3.780513e-01
8126464,452362,97517568,298213,-9.120004e-02,-4.296660e-02,7.182420e-04,2.655792e-04,1.731805e-01,3.733774e-01
8388608,452363,100663296,307850,-9.083816e-02,-4.393113e-02,6.989764e-04,2.979466e-04,1.685352e-01,4.188827e-01
8650752,452388,103809024,317395,-9.160382e-02,-4.657932e-02,7.400474e-04,3.963812e-04,1.784382e-01,5.572717e-01
8912896,452397,106954752,326751,-9.100018e-02,-4.414383e-02,7.075697e-04,3.053346e-04,1.706072e-01,4.292695e-01
9175040,452416,110100480,336395,-8.826322e-02,-3.940510e-02,5.694532e-04,1.621829e-04,1.373050e-01,2.280127e-01
9437184,452470,113246208,346169,-8.400603e-02,-4.026840e-02,3.843962e-04,1.849166e-04,9.268454e-02,2.599739e-01
9699328,452471,116391936,355874,-8.333856e-02,-3.707427e-02,3.586689e-04,1.082488e-04,8.648125e-02,1.521868e-01
9961472,452495,119537664,365611,-8.163322e-02,-3.553104e-02,2.969837e-04,7.851805e-05,7.160790e-02,1.103884e-01
10223616,452558,122683392,375272,-8.559077e-02,-3.642371e-02,4.490487e-04,9.513486e-05,1.082734e-01,1.337499e-01
10485760,452558,125829120,384881,-8.694880e-02,-3.786100e-02,5.084482e-04,1.252384e-04,1.225956e-01,1.760725e-01
10747904,452581,128974848,394353,-8.561321e-02,-3.532789e-02,4.500000e-04,7.495898e-05,1.085028e-01,1.053847e-01
11010048,452594,132120576,403957,-8.282798e-02,-3.487545e-02,3.395903e-04,6.732940e-05,8.188106e-02,9.465829e-02
11272192,452626,135266304,413517,-8.570062e-02,-3.608379e-02,4.537165e-04,8.861948e-05,1.093988e-01,1.245900e-01
11534336,452709,138412032,422822,-9.054947e-02,-3.682323e-02,6.837946e-04,1.030881e-04,1.648747e-01,1.449314e-01
11796480,452736,141557760,432517,-8.759423e-02,-3.247458e-02,5.379720e-04,3.369312e-05,1.297143e-01,4.736912e-02
12058624,452740,144703488,441930,-8.800005e-02,-3.086055e-02,5.569623e-04,1.756070e-05,1.342932e-01,2.468857e-02
12320768,452855,147849216,451544,-8.674745e-02,-3.065854e-02,4.994082e-04,1.590848e-05,1.204159e-01,2.236571e-02
12582912,454591,150994944,461374,-8.441588e-02,-2.989387e-02,4.006355e-04,1.039335e-05,9.660012e-02,1.461199e-02
12845056,455795,154140672,470901,-8.207249e-02,-2.884562e-02,3.123168e-04,4.733330e-06,7.530496e-02,6.654582e-03
13107200,455961,157286400,480456,-8.406527e-02,-3.066723e-02,3.867229e-04,1.597788e-05,9.324554e-02,2.246328e-02
13369344,456124,160432128,490331,-8.337866e-02,-3.250888e-02,3.601894e-04,3.409252e-05,8.684786e-02,4.793063e-02
13631488,456156,163577856,499901,-8.241577e-02,-3.497638e-02,3.245680e-04,6.899593e-05,7.825894e-02,9.700127e-02
13893632,456253,166723584,509418,-8.124752e-02,-3.802929e-02,2.838390e-04,1.290335e-04,6.843847e-02,1.814080e-01
14155776,456261,169869312,519152,-8.141746e-02,-3.834212e-02,2.895940e-04,1.362383e-04,6.982610e-02,1.915373e-01
14417920,456284,173015040,528785,-8.236651e-02,-3.848515e-02,3.227954e-04,1.395979e-04,7.783154e-02,1.962605e-01
14680064,456315,176160768,538392,-8.222599e-02,-3.692523e-02,3.177660e-04,1.051698e-04,7.661884e-02,1.478580e-01
14942208,456350,179306496,548124,-8.339028e-02,-3.596252e-02,3.606307e-04,8.635097e-05,8.695427e-02,1.214007e-01
15204352,456360,182452224,557453,-8.212824e-02,-3.450260e-02,3.142905e-04,6.134956e-05,7.578085e-02,8.625126e-02
15466496,456389,185597952,567130,-8.169343e-02,-3.490893e-02,2.990628e-04,6.787994e-05,7.210919e-02,9.543232e-02
15728640,456400,188743680,576766,-8.264057e-02,-3.557153e-02,3.327182e-04,7.923719e-05,8.022408e-02,1.113995e-01
15990784,456416,191889408,586416,-7.894545e-02,-3.614919e-02,2.115701e-04,8.985496e-05,5.101318e-02,1.263269e-01
16252928,456424,195035136,596029,-7.726835e-02,-3.577578e-02,1.655945e-04,8.291531e-05,3.992769e-02,1.165705e-01
16515072,456447,198180864,605739,-7.714289e-02,-3.645451e-02,1.623813e-04,9.573664e-05,3.915293e-02,1.345960e-01
16777216,456461,201326592,615141,-7.691889e-02,-3.675893e-02,1.567224e-04,1.017864e-04,3.778847e-02,1.431014e-01
17039360,456468,204472320,624463,-7.897055e-02,-3.965557e-02,2.123009e-04,1.686249e-04,5.118940e-02,2.370695e-01
17301504,456470,207618048,634054,-7.851285e-02,-4.035628e-02,1.991726e-04,1.873142e-04,4.802394e-02,2.633448e-01
17563648,456472,210763776,643614,-7.884630e-02,-3.882486e-02,2.086955e-04,1.477407e-04,5.032007e-02,2.077085e-01
17825792,456488,213909504,653314,-7.822303e-02,-3.941581e-02,1.910762e-04,1.624556e-04,4.607177e-02,2.283961e-01
18087936,456495,217055232,663023,-7.818425e-02,-3.913205e-02,1.900056e-04,1.553028e-04,4.581362e-02,2.183400e-01
18350080,456504,220200960,672688,-7.539341e-02,-3.859035e-02,1.208550e-04,1.420948e-04,2.914022e-02,1.997709e-01
18612224,456515,223346688,682288,-7.470073e-02,-3.858869e-02,1.061049e-04,1.420551e-04,2.558373e-02,1.997151e-01
18874368,456521,226492416,691890,-7.492227e-02,-3.815622e-02,1.107181e-04,1.319333e-04,2.669605e-02,1.854849e-01
19136512,456530,229638144,701747,-7.610969e-02,-3.743063e-02,1.371167e-04,1.157911e-04,3.306119e-02,1.627906e-01
19398656,456535,232783872,711424,-7.437917e-02,-3.673044e-02,9.958375e-05,1.012124e-04,2.401136e-02,1.422944e-01
19660800,456553,235929600,720829,-7.434537e-02,-3.612787e-02,9.891024e-05,8.945137e-05,2.384896e-02,1.257595e-01
19922944,456553,239075328,730494,-7.304786e-02,-3.721802e-02,7.478546e-05,1.112607e-04,1.803207e-02,1.564213e-01
20185088,456582,242221056,739976,-7.323972e-02,-3.830754e-02,7.814063e-05,1.354323e-04,1.884105e-02,1.904040e-01
20447232,456588,245366784,749703,-7.463203e-02,-3.833442e-02,1.046945e-04,1.360587e-04,2.524364e-02,1.912847e-01
20709376,456598,248512512,759200,-7.412537e-02,-3.965279e-02,9.458281e-05,1.685528e-04,2.280554e-02,2.369681e-01
20971520,456621,251658240,768892,-7.240627e-02,-4.058625e-02,6.410031e-05,1.936621e-04,1.545569e-02,2.722692e-01
21233664,456628,254803968,778386,-7.472596e-02,-4.186863e-02,1.066255e-04,2.309983e-04,2.570923e-02,3.247602e-01
21495808,456630,257949696,787895,-7.422636e-02,-4.214127e-02,9.655725e-05,2.393603e-04,2.328161e-02,3.365164e-01
21757952,456632,261095424,797481,-7.330396e-02,-4.158293e-02,7.928046e-05,2.223955e-04,1.911589e-02,3.126656e-01
22020096,456637,264241152,807004,-7.432696e-02,-4.040255e-02,9.854453e-05,1.885829e-04,2.376078e-02,2.651285e-01
22282240,456638,267386880,816716,-7.572728e-02,-3.932275e-02,1.283071e-04,1.600920e-04,3.093706e-02,2.250731e-01
22544384,456640,270532608,826207,-7.589737e-02,-3.894950e-02,1.321895e-04,1.507862e-04,3.187318e-02,2.119902e-01
22806528,456648,273678336,835814,-7.583599e-02,-3.797311e-02,1.307818e-04,1.277604e-04,3.153374e-02,1.796181e-01
23068672,456666,276824064,845641,-7.503333e-02,-4.088157e-02,1.130676e-04,2.019686e-04,2.726255e-02,2.839474e-01
23330816,456669,279969792,855382,-7.653193e-02,-4.099255e-02,1.471837e-04,2.051356e-04,3.548853e-02,2.883998e-01
23592960,456687,283115520,864874,-7.590681e-02,-4.029750e-02,1.324067e-04,1.857087e-04,3.192554e-02,2.610876e-01
23855104,456705,286261248,874649,-7.440683e-02,-4.074436e-02,1.001365e-04,1.980876e-04,2.414463e-02,2.784911e-01
24117248,456727,289406976,884414,-7.483482e-02,-4.020624e-02,1.088853e-04,1.832299e-04,2.625413e-02,2.576026e-01
24379392,456743,292552704,894098,-7.547931e-02,-4.022401e-02,1.227511e-04,1.837113e-04,2.959741e-02,2.582794e-01
24641536,456767,295698432,903720,-7.424803e-02,-4.165130e-02,9.698366e-05,2.244394e-04,2.338443e-02,3.155390e-01
24903680,456791,298844160,913142,-7.545941e-02,-4.150251e-02,1.223106e-04,2.200033e-04,2.949119e-02,3.093024e-01
25165824,456851,301989888,922624,-7.323877e-02,-4.147345e-02,7.812378e-05,2.191422e-04,1.883699e-02,3.080917e-01
25427968,457005,305135616,932325,-7.361958e-02,-4.247038e-02,8.500065e-05,2.496522e-04,2.049512e-02,3.509856e-01
25690112,457347,308281344,941964,-7.298253e-02,-4.250741e-02,7.365974e-05,2.508236e-04,1.776063e-02,3.526325e-01
25952256,460271,311427072,951705,-7.323680e-02,-4.129776e-02,7.808900e-05,2.139713e-04,1.882860e-02,3.008219e-01
26214400,465253,314572800,961172,-7.364773e-02,-3.908995e-02,8.552047e-05,1.542551e-04,2.062046e-02,2.168671e-01
26476544,466255,317718528,970823,-7.404110e-02,-3.957111e-02,9.295073e-05,1.664388e-04,2.241202e-02,2.339960e-01
26738688,468401,320864256,980442,-7.441036e-02,-3.906560e-02,1.002072e-04,1.536509e-04,2.416168e-02,2.160176e-01
27000832,469480,324009984,989893,-7.437261e-02,-3.956274e-02,9.945294e-05,1.662228e-04,2.397982e-02,2.336924e-01
27262976,469645,327155712,999406,-7.350937e-02,-3.984019e-02,8.298063e-05,1.734539e-04,2.000806e-02,2.438585e-01
27525120,469759,330301440,1008985,-7.489584e-02,-4.106821e-02,1.101627e-04,2.073085e-04,2.656212e-02,2.914547e-01
27787264,473277,333447168,1018443,-7.465754e-02,-4.153048e-02,1.052172e-04,2.208340e-04,2.536967e-02,3.104701e-01
28049408,479239,336592896,1027849,-7.473706e-02,-4.217058e-02,1.068549e-04,2.402679e-04,2.576455e-02,3.377923e-01
28311552,481440,339738624,1037458,-7.333134e-02,-4.211267e-02,7.976881e-05,2.384761e-04,1.923363e-02,3.352732e-01
28573696,492970,342884352,1047185,-7.258763e-02,-4.206674e-02,6.703728e-05,2.370596e-04,1.616384e-02,3.332817e-01
28835840,496560,346030080,1056722,-7.241403e-02,-4.154221e-02,6.422457e-05,2.211827e-04,1.548565e-02,3.109605e-01
29097984,497015,349175808,1066329,-7.212748e-02,-4.301587e-02,5.971385e-05,2.671875e-04,1.439804e-02,3.756385e-01
29360128,504066,352321536,1075924,-7.141463e-02,-4.203501e-02,4.920496e-05,2.360837e-04,1.186416e-02,3.319097e-01
29622272,516539,355467264,1085529,-7.191104e-02,-4.162698e-02,5.641575e-05,2.237112e-04,1.360281e-02,3.145153e-01
29884416,517081,358612992,1095181,-7.200891e-02,-4.149471e-02,5.789544e-05,2.197720e-04,1.395959e-02,3.089771e-01
30146560,521265,361758720,1104775,-7.246490e-02,-4.086744e-02,6.504254e-05,2.015672e-04,1.568288e-02,2.833831e-01
30408704,521319,364904448,1114615,-7.235435e-02,-4.037647e-02,6.327159e-05,1.878674e-04,1.525587e-02,2.641225e-01
30670848,542186,368050176,1124286,-7.282555e-02,-4.077280e-02,7.098987e-05,1.988889e-04,1.711688e-02,2.796175e-01
30932992,547772,371195904,1133936,-7.208578e-02,-4.146883e-02,5.907122e-05,2.190052e-04,1.424309e-02,3.078991e-01
31195136,574662,374341632,1143298,-7.119431e-02,-4.112383e-02,4.616256e-05,2.089132e-04,1.113059e-02,2.937108e-01
31457280,576942,377487360,1153093,-7.219139e-02,-4.073667e-02,6.070568e-05,1.978713e-04,1.463719e-02,2.781869e-01
31719424,577769,380633088,1162797,-7.179302e-02,-4.126708e-02,5.465671e-05,2.130748e-04,1.317867e-02,2.995616e-01
31981568,583959,383778816,1172460,-7.215926e-02,-4.236653e-02,6.020609e-05,2.463812e-04,1.451673e-02,3.463870e-01
32243712,605540,386924544,1182099,-7.163442e-02,-4.263714e-02,5.233679e-05,2.549497e-04,1.261930e-02,3.584334e-01
32505856,609627,390070272,1191570,-7.192068e-02,-4.158737e-02,5.656056e-05,2.225280e-04,1.363773e-02,3.128518e-01
32768000,612078,393216000,1201263,-7.155770e-02,-4.181361e-02,5.123264e-05,2.293289e-04,1.235307e-02,3.224131e-01
33030144,617230,396361728,1210987,-7.244156e-02,-4.174263e-02,6.466670e-05,2.271841e-04,1.559225e-02,3.193978e-01
33292288,645781,399507456,1220687,-7.230330e-02,-4.093832e-02,6.246204e-05,2.035849e-04,1.506067e-02,2.862197e-01
33554432,645947,402653184,1230229,-7.306610e-02,-4.124942e-02,7.510126e-05,2.125595e-04,1.810821e-02,2.988371e-01
33816576,894876,405798912,1240092,-7.245097e-02,-4.137333e-02,6.481801e-05,2.161881e-04,1.562874e-02,3.039385e-01
34078720,895450,408944640,1249866,-7.320058e-02,-4.150980e-02,7.745023e-05,2.202196e-04,1.867459e-02,3.096064e-01
34340864,895480,412090368,1259609,-7.322369e-02,-4.166239e-02,7.785742e-05,2.247717e-04,1.877277e-02,3.160062e-01
34603008,895666,415236096,1269243,-7.325272e-02,-4.103428e-02,7.837066e-05,2.063326e-04,1.889652e-02,2.900827e-01
34865152,895699,418381824,1279074,-7.310948e-02,-4.234792e-02,7.585496e-05,2.457973e-04,1.828994e-02,3.455661e-01
35127296,895748,421527552,1288559,-7.373400e-02,-4.304900e-02,8.712352e-05,2.682718e-04,2.100698e-02,3.771629e-01
35389440,895765,424673280,1297948,-7.304098e-02,-4.215316e-02,7.466658e-05,2.397284e-04,1.800339e-02,3.370338e-01
35651584,895785,427819008,1307624,-7.178912e-02,-4.227047e-02,5.459900e-05,2.433747e-04,1.316476e-02,3.421601e-01
35913728,895827,430964736,1317215,-7.175638e-02,-4.269808e-02,5.411626e-05,2.568994e-04,1.304836e-02,3.611745e-01
36175872,895837,434110464,1326820,-7.234751e-02,-4.325521e-02,6.316294e-05,2.750691e-04,1.522967e-02,3.867192e-01
36438016,895900,437256192,1336364,-7.316914e-02,-4.196508e-02,7.689781e-05,2.339396e-04,1.854139e-02,3.288952e-01
36700160,895910,440401920,1345980,-7.350830e-02,-4.242347e-02,8.296109e-05,2.481719e-04,2.000334e-02,3.489045e-01
36962304,895917,443547648,1355546,-7.230404e-02,-4.227035e-02,6.247382e-05,2.433709e-04,1.506351e-02,3.421547e-01
37224448,895989,446693376,1364875,-7.163162e-02,-4.098411e-02,5.229626e-05,2.048937e-04,1.260953e-02,2.880598e-01
37486592,896003,449839104,1374689,-7.037846e-02,-4.026923e-02,3.574196e-05,1.849391e-04,8.618002e-03,2.600055e-01
37748736,896019,452984832,1384240,-6.995982e-02,-3.983977e-02,3.091156e-05,1.734429e-04,7.453311e-03,2.438431e-01
38010880,896032,456130560,1394031,-7.025290e-02,-3.866479e-02,3.425636e-05,1.438749e-04,8.259797e-03,2.022736e-01
38273024,896076,459276288,1403921,-7.013772e-02,-3.831346e-02,3.292145e-05,1.355703e-04,7.937929e-03,1.905980e-01
38535168,896100,462422016,1413537,-7.064331e-02,-3.847264e-02,3.897893e-05,1.393023e-04,9.398491e-03,1.958449e-01
38797312,896129,465567744,1423082,-7.037535e-02,-3.916190e-02,3.570482e-05,1.560476e-04,8.609047e-03,2.193871e-01
39059456,896132,468713472,1432810,-6.952832e-02,-3.909631e-02,2.629963e-05,1.544132e-04,6.341294e-03,2.170893e-01
39321600,896134,471859200,1442328,-7.067131e-02,-3.901454e-02,3.932933e-05,1.523876e-04,9.482979e-03,2.142415e-01
39583744,896147,475004928,1451886,-7.035292e-02,-3.843515e-02,3.543722e-05,1.384189e-04,8.544524e-03,1.946029e-01
39845888,896162,478150656,1461314,-7.123646e-02,-3.812743e-02,4.673717e-05,1.312726e-04,1.126914e-02,1.845560e-01
40108032,896164,481296384,1470953,-7.038105e-02,-3.723975e-02,3.577297e-05,1.117195e-04,8.625478e-03,1.570663e-01
40370176,896169,484442112,1480416,-7.075667e-02,-3.727707e-02,4.040718e-05,1.125099e-04,9.742867e-03,1.581775e-01
40632320,896204,487587840,1489907,-7.127183e-02,-3.711998e-02,4.722201e-05,1.092021e-04,1.138604e-02,1.535271e-01
40894464,896235,490733568,1499168,-7.117137e-02,-3.714935e-02,4.585136e-05,1.098168e-04,1.105555e-02,1.543913e-01
41156608,896247,493879296,1508692,-7.096379e-02,-3.618209e-02,4.308324e-05,9.047995e-05,1.038811e-02,1.272056e-01
41418752,896269,497025024,1518171,-7.069554e-02,-3.624159e-02,3.963382e-05,9.161529e-05,9.556395e-03,1.288018e-01
41680896,896274,500170752,1527783,-7.083410e-02,-3.614010e-02,4.139762e-05,8.968272e-05,9.981679e-03,1.260848e-01
41943040,896288,503316480,1537445,-7.160851e-02,-3.660221e-02,5.196253e-05,9.864888e-05,1.252906e-02,1.386903e-01
42205184,896326,506462208,1547017,-7.145239e-02,-3.652892e-02,4.973623e-05,9.719836e-05,1.199226e-02,1.366510e-01
42467328,896328,509607936,1556829,-7.035238e-02,-3.695076e-02,3.543074e-05,1.056941e-04,8.542962e-03,1.485952e-01
42729472,896340,512753664,1566417,-7.144181e-02,-3.679199e-02,4.958701e-05,1.024546e-04,1.195628e-02,1.440408e-01
42991616,896347,515899392,1576232,-7.078908e-02,-3.724139e-02,4.082027e-05,1.117543e-04,9.842469e-03,1.571151e-01
43253760,896371,519045120,1585850,-7.017751e-02,-3.632045e-02,3.337960e-05,9.313115e-05,8.048396e-03,1.309330e-01
43515904,896375,522190848,1595363,-7.084911e-02,-3.585484e-02,4.159093e-05,8.436120e-05,1.002829e-02,1.186033e-01
43778048,896382,525336576,1604963,-7.059081e-02,-3.676771e-02,3.832608e-05,1.019637e-04,9.241080e-03,1.433506e-01
44040192,896383,528482304,1614648,-7.098761e-02,-3.692398e-02,4.339660e-05,1.051442e-04,1.046367e-02,1.478220e-01
44302336,896385,531628032,1624234,-7.096689e-02,-3.664717e-02,4.312404e-05,9.954395e-05,1.039795e-02,1.399487e-01
44564480,896394,534773760,1633826,-7.054843e-02,-3.614948e-02,3.780316e-05,8.986061e-05,9.114994e-03,1.263349e-01
44826624,896474,537919488,1643418,-7.080313e-02,-3.591666e-02,4.100002e-05,8.550066e-05,9.885811e-03,1.202053e-01
45088768,896506,541065216,1652967,-7.133138e-02,-3.610567e-02,4.804402e-05,8.903195e-05,1.158424e-02,1.251699e-01
45350912,896521,544210944,1662714,-7.156755e-02,-3.605405e-02,5.137374e-05,8.806045e-05,1.238709e-02,1.238040e-01
45613056,896521,547356672,1672397,-7.102243e-02,-3.570189e-02,4.385653e-05,8.157497e-05,1.057457e-02,1.146861e-01
45875200,896640,550502400,1681883,-7.139486e-02,-3.489509e-02,4.892804e-05,6.765209e-05,1.179739e-02,9.511198e-02
46137344,896723,553648128,1691361,-7.151011e-02,-3.494447e-02,5.055358e-05,6.846688e-05,1.218934e-02,9.625748e-02
46399488,897158,556793856,1700868,-7.085027e-02,-3.576062e-02,4.160593e-05,8.263942e-05,1.003191e-02,1.161826e-01
46661632,897187,559939584,1710562,-6.994008e-02,-3.517394e-02,3.069241e-05,7.231702e-05,7.400468e-03,1.016704e-01
46923776,897193,563085312,1720108,-7.116084e-02,-3.531404e-02,4.570890e-05,7.471941e-05,1.102120e-02,1.050479e-01
47185920,897206,566231040,1729766,-7.036385e-02,-3.504523e-02,3.556747e-05,7.014447e-05,8.575929e-03,9.861600e-02
47448064,897217,569376768,1739382,-7.027717e-02,-3.468164e-02,3.454109e-05,6.418645e-05,8.328452e-03,9.023964e-02
47710208,897356,572522496,1749048,-6.965117e-02,-3.388206e-02,2.757478e-05,5.201375e-05,6.648754e-03,7.312605e-02
47972352,897410,575668224,1758624,-7.046109e-02,-3.386534e-02,3.673675e-05,5.177292e-05,8.857863e-03,7.278748e-02
48234496,897478,578813952,1768198,-6.989053e-02,-3.339577e-02,3.014588e-05,4.523605e-05,7.268691e-03,6.359730e-02
48496640,897521,581959680,1777935,-7.088870e-02,-3.253600e-02,4.210317e-05,3.441000e-05,1.015180e-02,4.837698e-02
48758784,897596,585105408,1787594,-7.086708e-02,-3.316111e-02,4.182314e-05,4.213458e-05,1.008428e-02,5.923694e-02
49020928,897623,588251136,1796980,-6.985806e-02,-3.290739e-02,2.979039e-05,3.890507e-05,7.182975e-03,5.469659e-02
49283072,897635,591396864,1806736,-6.922198e-02,-3.312303e-02,2.325148e-05,4.164167e-05,5.606331e-03,5.854396e-02
49545216,897674,594542592,1816241,-6.934027e-02,-3.358087e-02,2.440628e-05,4.776018e-05,5.884775e-03,6.714597e-02
49807360,897705,597688320,1825537,-6.926256e-02,-3.370176e-02,2.364451e-05,4.944559e-05,5.701098e-03,6.951547e-02
50069504,897741,600834048,1835195,-6.899080e-02,-3.376814e-02,2.107546e-05,5.038354e-05,5.081657e-03,7.083414e-02
50331648,897786,603979776,1844711,-6.942493e-02,-3.311367e-02,2.524987e-05,4.152093e-05,6.088178e-03,5.837421e-02
50593792,897803,607125504,1854360,-6.913207e-02,-3.442270e-02,2.239251e-05,6.010430e-05,5.399220e-03,8.450054e-02
50855936,897839,610271232,1863900,-6.875248e-02,-3.425067e-02,1.894408e-05,5.746655e-05,4.567745e-03,8.079214e-02
51118080,897855,613416960,1873827,-6.896851e-02,-3.400708e-02,2.087128e-05,5.383269e-05,5.032426e-03,7.568330e-02
51380224,897868,616562688,1883552,-6.853291e-02,-3.412138e-02,1.708090e-05,5.552312e-05,4.118498e-03,7.805986e-02
51642368,897919,619708416,1893039,-6.807106e-02,-3.377669e-02,1.347666e-05,5.050509e-05,3.249456e-03,7.100503e-02
51904512,897941,622854144,1902787,-6.837492e-02,-3.412545e-02,1.579995e-05,5.558381e-05,3.809639e-03,7.814520e-02
52166656,897971,625999872,1912532,-6.837300e-02,-3.484578e-02,1.578473e-05,6.684346e-05,3.805969e-03,9.397511e-02
52428800,897978,629145600,1922128,-6.910671e-02,-3.455316e-02,2.215312e-05,6.214426e-05,5.341501e-03,8.736853e-02
52690944,897985,632291328,1931574,-6.961255e-02,-3.490919e-02,2.717063e-05,6.788424e-05,6.551307e-03,9.543836e-02
52953088,897988,635437056,1941145,-6.916827e-02,-3.568517e-02,2.273637e-05,8.127337e-05,5.482131e-03,1.142621e-01
53215232,897996,638582784,1950774,-6.890570e-02,-3.605106e-02,2.030134e-05,8.800438e-05,4.895004e-03,1.237252e-01
53477376,898029,641728512,1960384,-6.851213e-02,-3.650067e-02,1.690957e-05,9.664216e-05,4.077188e-03,1.358691e-01
53739520,898040,644874240,1970161,-6.883805e-02,-3.665401e-02,1.969622e-05,9.968047e-05,4.749099e-03,1.401406e-01
54001664,898055,648019968,1979723,-6.802718e-02,-3.731131e-02,1.315644e-05,1.132374e-04,3.172245e-03,1.592004e-01
54263808,898142,651165696,1989171,-6.810254e-02,-3.757187e-02,1.370877e-05,1.188508e-04,3.305422e-03,1.670921e-01
54525952,898148,654311424,1998774,-6.824587e-02,-3.801382e-02,1.479066e-05,1.286823e-04,3.566283e-03,1.809142e-01
54788096,898149,657457152,2008586,-6.821408e-02,-3.748887e-02,1.454720e-05,1.170479e-04,3.507580e-03,1.645575e-01
55050240,898208,660602880,2018013,-6.781017e-02,-3.717120e-02,1.162925e-05,1.102751e-04,2.804011e-03,1.550356e-01
55312384,898270,663748608,2027605,-6.799402e-02,-3.696033e-02,1.291697e-05,1.058908e-04,3.114504e-03,1.488717e-01
55574528,898297,666894336,2037333,-6.852800e-02,-3.691338e-02,1.704040e-05,1.049268e-04,4.108733e-03,1.475165e-01
55836672,898300,670040064,2047019,-6.821364e-02,-3.733305e-02,1.454384e-05,1.137006e-04,3.506772e-03,1.598515e-01
56098816,898334,673185792,2056520,-6.830349e-02,-3.733851e-02,1.523720e-05,1.138170e-04,3.673952e-03,1.600152e-01
56360960,898372,676331520,2066106,-6.850144e-02,-3.766067e-02,1.682181e-05,1.207947e-04,4.056029e-03,1.698252e-01
56623104,898412,679477248,2075864,-6.817738e-02,-3.704558e-02,1.426858e-05,1.076527e-04,3.440400e-03,1.513488e-01
56885248,898480,682622976,2085377,-6.826492e-02,-3.739878e-02,1.493762e-05,1.151067e-04,3.601717e-03,1.618283e-01
57147392,898613,685768704,2094935,-6.787375e-02,-3.738667e-02,1.206690e-05,1.148470e-04,2.909536e-03,1.614632e-01
57409536,898615,688914432,2104424,-6.731839e-02,-3.766771e-02,8.517014e-06,1.209496e-04,2.053599e-03,1.700429e-01
57671680,898713,692060160,2114037,-6.634407e-02,-3.805334e-02,3.779418e-06,1.295804e-04,9.112828e-04,1.821769e-01
57933824,898826,695205888,2123667,-6.641955e-02,-3.806692e-02,4.078570e-06,1.298899e-04,9.834134e-04,1.826120e-01
58195968,898861,698351616,2133470,-6.574376e-02,-3.793974e-02,1.805683e-06,1.270071e-04,4.353812e-04,1.785591e-01
58458112,898911,701497344,2142898,-6.599564e-02,-3.827449e-02,2.546063e-06,1.346643e-04,6.138996e-04,1.893243e-01
58720256,899120,704643072,2152549,-6.580673e-02,-3.828532e-02,1.978887e-06,1.349157e-04,4.771438e-04,1.896778e-01
58982400,901960,707788800,2162030,-6.633481e-02,-3.772963e-02,3.743495e-06,1.223154e-04,9.026213e-04,1.719630e-01
59244544,903568,710934528,2171830,-6.634102e-02,-3.716493e-02,3.767550e-06,1.101437e-04,9.084212e-04,1.548508e-01
59506688,904759,714080256,2181428,-6.571926e-02,-3.715177e-02,1.740445e-06,1.098675e-04,4.196514e-04,1.544625e-01
59768832,905872,717225984,2190981,-6.556554e-02,-3.693845e-02,1.358481e-06,1.054411e-04,3.275532e-04,1.482395e-01
60030976,907704,720371712,2200640,-6.558870e-02,-3.609258e-02,1.412997e-06,8.878501e-05,3.406979e-04,1.248227e-01
60293120,909059,723517440,2210365,-6.533572e-02,-3.664140e-02,8.755690e-07,9.942891e-05,2.111148e-04,1.397869e-01
60555264,909148,726663168,2219950,-6.589800e-02,-3.640487e-02,2.244001e-06,9.476764e-05,5.410672e-04,1.332337e-01
60817408,915390,729808896,2229435,-6.592574e-02,-3.655194e-02,2.327874e-06,9.765285e-05,5.612906e-04,1.372900e-01
61079552,919149,732954624,2239395,-6.604991e-02,-3.662761e-02,2.722199e-06,9.915392e-05,6.563691e-04,1.394003e-01
61341696,921050,736100352,2248953,-6.607345e-02,-3.650140e-02,2.800444e-06,9.665637e-05,6.752352e-04,1.358890e-01
61603840,925069,739246080,2258618,-6.576453e-02,-3.667079e-02,1.861940e-06,1.000157e-04,4.489457e-04,1.406119e-01
61865984,926046,742391808,2268246,-6.629094e-02,-3.707285e-02,3.575635e-06,1.082193e-04,8.621472e-04,1.521453e-01
62128128,932550,745537536,2277893,-6.600027e-02,-3.721659e-02,2.560850e-06,1.112306e-04,6.174650e-04,1.563790e-01
62390272,943158,748683264,2287473,-6.615027e-02,-3.700434e-02,3.063438e-06,1.067987e-04,7.386476e-04,1.501481e-01
62652416,943655,751828992,2297287,-6.613136e-02,-3.717712e-02,2.997602e-06,1.103996e-04,7.227735e-04,1.552107e-01
62914560,950188,754974720,2306819,-6.610719e-02,-3.732691e-02,2.914494e-06,1.135698e-04,7.027346e-04,1.596676e-01
63176704,960777,758120448,2316707,-6.611529e-02,-3.756722e-02,2.942211e-06,1.187494e-04,7.094179e-04,1.669496e-01
63438848,961086,761266176,2326225,-6.650864e-02,-3.796731e-02,4.446367e-06,1.276293e-04,1.072096e-03,1.794338e-01
63700992,964439,764411904,2335891,-6.684164e-02,-3.757397e-02,5.961592e-06,1.188966e-04,1.437443e-03,1.671565e-01
63963136,987335,767557632,2345476,-6.700563e-02,-3.722195e-02,6.789279e-06,1.113437e-04,1.637012e-03,1.565380e-01
64225280,988590,770703360,2355132,-6.710842e-02,-3.678938e-02,7.335540e-06,1.024019e-04,1.768725e-03,1.439666e-01
64487424,1016873,773849088,2364432,-6.717096e-02,-3.750909e-02,7.678180e-06,1.174858e-04,1.851342e-03,1.651731e-01
64749568,1017351,776994816,2374128,-6.748994e-02,-3.742369e-02,9.547742e-06,1.156418e-04,2.302125e-03,1.625807e-01
65011712,1022094,780140544,2383739,-6.743684e-02,-3.749595e-02,9.222363e-06,1.172012e-04,2.223670e-03,1.647730e-01
65273856,1028826,783286272,2393523,-6.711806e-02,-3.794399e-02,7.387857e-06,1.271029e-04,1.781340e-03,1.786938e-01
65536000,1052816,786432000,2403113,-6.670965e-02,-3.839863e-02,5.334450e-06,1.375607e-04,1.286228e-03,1.933964e-01
65798144,1057084,789577728,2412638,-6.654542e-02,-3.899138e-02,4.602814e-06,1.518165e-04,1.109818e-03,2.134386e-01
66060288,1060166,792723456,2422564,-6.646039e-02,-3.930499e-02,4.245211e-06,1.596429e-04,1.023593e-03,2.244417e-01
66322432,1063345,795869184,2432115,-6.622265e-02,-3.895101e-02,3.322027e-06,1.508232e-04,8.009980e-04,2.120421e-01
66584576,1064310,799014912,2441651,-6.645023e-02,-3.924240e-02,4.203437e-06,1.580652e-04,1.013521e-03,2.222236e-01
66846720,1085906,802160640,2451331,-6.623945e-02,-3.912642e-02,3.383582e-06,1.551625e-04,8.158399e-04,2.181427e-01
67108864,1126299,805306368,2460768,-6.590646e-02,-3.924749e-02,2.269407e-06,1.581932e-04,5.471932e-04,2.224036e-01
67371008,1334479,808452096,2470540,-6.582440e-02,-3.966141e-02,2.028900e-06,1.687768e-04,4.892027e-04,2.372830e-01
67633152,1335359,811597824,2480181,-6.578904e-02,-3.976554e-02,1.929416e-06,1.714933e-04,4.652154e-04,2.411022e-01
67895296,1335478,814743552,2489920,-6.579101e-02,-4.025388e-02,1.934905e-06,1.845217e-04,4.665389e-04,2.594188e-01
68157440,1335555,817889280,2499560,-6.576721e-02,-4.084696e-02,1.869246e-06,2.009861e-04,4.507075e-04,2.825660e-01
68419584,1335682,821035008,2509296,-6.591967e-02,-4.109078e-02,2.309382e-06,2.079588e-04,5.568318e-04,2.923689e-01
68681728,1335746,824180736,2519016,-6.496916e-02,-4.095536e-02,3.239400e-07,2.040714e-04,7.810752e-05,2.869038e-01
68943872,1335800,827326464,2528456,-6.470629e-02,-4.089146e-02,9.381106e-08,2.022501e-04,2.261946e-05,2.843431e-01
69206016,1335861,830472192,2538297,-6.501370e-02,-4.068454e-02,3.766239e-07,1.964072e-04,9.081051e-05,2.761286e-01
69468160,1335889,833617920,2547769,-6.431954e-02,-4.083850e-02,6.474821e-09,2.007464e-04,1.561191e-06,2.822290e-01
69730304,1335895,836763648,2557339,-6.404592e-02,-4.068666e-02,1.253736e-07,1.964666e-04,3.022974e-05,2.762122e-01
69992448,1335946,839909376,2566931,-6.449509e-02,-4.015198e-02,9.042443e-09,1.817639e-04,2.180289e-06,2.555416e-01
70254592,1335987,843055104,2576617,-6.390783e-02,-4.000296e-02,2.422317e-07,1.777678e-04,5.840625e-05,2.499234e-01
70516736,1336014,846200832,2586248,-6.417491e-02,-4.012354e-02,5.066863e-08,1.809979e-04,1.221708e-05,2.544647e-01
70778880,1336099,849346560,2595889,-6.418295e-02,-3.965925e-02,4.711084e-08,1.687205e-04,1.135923e-05,2.372040e-01
71041024,1336111,852492288,2605414,-6.430153e-02,-3.972139e-02,9.697192e-09,1.703388e-04,2.338160e-06,2.394790e-01
71303168,1336129,855638016,2614789,-6.450770e-02,-3.998808e-02,1.159889e-08,1.773713e-04,2.796692e-06,2.493661e-01
71565312,1336134,858783744,2624588,-6.454590e-02,-3.966640e-02,2.128601e-08,1.689064e-04,5.132425e-06,2.374653e-01
71827456,1336176,861929472,2634063,-6.502241e-02,-3.924649e-02,3.873900e-07,1.581681e-04,9.340639e-05,2.223683e-01
72089600,1336236,865075200,2643831,-6.466563e-02,-3.896452e-02,7.055829e-08,1.511553e-04,1.701282e-05,2.125090e-01
72351744,1336298,868220928,2653507,-6.490832e-02,-3.909353e-02,2.583850e-07,1.543441e-04,6.230108e-05,2.169921e-01
72613888,1336321,871366656,2663166,-6.489550e-02,-3.902882e-02,2.455137e-07,1.527403e-04,5.919758e-05,2.147374e-01
72876032,1336329,874512384,2672869,-6.475528e-02,-3.858785e-02,1.262245e-07,1.420351e-04,3.043491e-05,1.996870e-01
73138176,1336354,877658112,2682566,-6.489678e-02,-3.911674e-02,2.467853e-07,1.549215e-04,5.950419e-05,2.178039e-01
73400320,1336382,880803840,2691945,-6.494366e-02,-3.868497e-02,2.955596e-07,1.443595e-04,7.126451e-05,2.029548e-01
73662464,1336384,883949568,2701401,-6.473105e-02,-3.864808e-02,1.095952e-07,1.434743e-04,2.642529e-05,2.017103e-01
73924608,1336439,887095296,2711176,-6.447335e-02,-3.896251e-02,5.380364e-09,1.511058e-04,1.297299e-06,2.124394e-01
74186752,1336464,890241024,2720593,-6.381136e-02,-3.910477e-02,3.464977e-07,1.546234e-04,8.354658e-05,2.173849e-01
74448896,1336488,893386752,2730220,-6.326064e-02,-3.933851e-02,1.298153e-06,1.604912e-04,3.130070e-04,2.256343e-01
74711040,1336490,896532480,2739550,-6.312872e-02,-3.900203e-02,1.616147e-06,1.520790e-04,3.896808e-04,2.138077e-01
74973184,1336504,899678208,2749261,-6.324077e-02,-3.929390e-02,1.343828e-06,1.593629e-04,3.240200e-04,2.240480e-01
75235328,1336509,902823936,2758973,-6.327104e-02,-3.985619e-02,1.274560e-06,1.738757e-04,3.073184e-04,2.444515e-01
75497472,1336542,905969664,2768540,-6.329344e-02,-4.039119e-02,1.224476e-06,1.882710e-04,2.952421e-04,2.646900e-01
75759616,1336580,909115392,2778189,-6.343412e-02,-4.006096e-02,9.329210e-07,1.793178e-04,2.249433e-04,2.521027e-01
76021760,1336648,912261120,2788083,-6.339136e-02,-4.014765e-02,1.017364e-06,1.816472e-04,2.453040e-04,2.553775e-01
76283904,1336673,915406848,2797784,-6.379575e-02,-4.046712e-02,3.651175e-07,1.903605e-04,8.803612e-05,2.676276e-01
76546048,1336675,918552576,2807512,-6.421072e-02,-4.059748e-02,3.582768e-08,1.939747e-04,8.638670e-06,2.727088e-01
76808192,1336679,921698304,2817194,-6.418013e-02,-3.983770e-02,4.834461e-08,1.733883e-04,1.165672e-05,2.437664e-01
77070336,1336680,924844032,2826923,-6.442741e-02,-4.006597e-02,7.509373e-10,1.794520e-04,1.810639e-07,2.522914e-01
77332480,1336692,927989760,2836322,-6.411365e-02,-4.008995e-02,8.199954e-08,1.800951e-04,1.977150e-05,2.531954e-01
77594624,1336708,931135488,2845917,-6.410518e-02,-3.998569e-02,8.691853e-08,1.773077e-04,2.095756e-05,2.492767e-01
77856768,1336710,934281216,2855490,-6.385572e-02,-4.001301e-02,2.962486e-07,1.780359e-04,7.143064e-05,2.503004e-01
78118912,1336711,937426944,2865005,-6.339580e-02,-4.058397e-02,1.008426e-06,1.935985e-04,2.431489e-04,2.721799e-01
78381056,1336726,940572672,2874841,-6.371892e-02,-4.012782e-02,4.638699e-07,1.811129e-04,1.118470e-04,2.546263e-01
78643200,1336864,943718400,2884569,-6.339951e-02,-4.024457e-02,1.000988e-06,1.842689e-04,2.413554e-04,2.590634e-01
78905344,1336868,946864128,2894017,-6.346802e-02,-4.015572e-02,8.685834e-07,1.818646e-04,2.094304e-04,2.556831e-01
79167488,1336894,950009856,2903772,-6.386369e-02,-4.026104e-02,2.876259e-07,1.847163e-04,6.935157e-05,2.596924e-01
79429632,1336926,953155584,2913251,-6.381419e-02,-4.034483e-02,3.431726e-07,1.870011e-04,8.274483e-05,2.629046e-01
79691776,1337054,956301312,2922734,-6.421591e-02,-4.050156e-02,3.388874e-08,1.913120e-04,8.171160e-06,2.689652e-01
79953920,1337721,959447040,2932365,-6.424366e-02,-4.039046e-02,2.444313e-08,1.882511e-04,5.893659e-06,2.646619e-01
80216064,1338112,962592768,2941939,-6.432518e-02,-4.050917e-02,5.597842e-09,1.915227e-04,1.349736e-06,2.692614e-01
80478208,1344994,965738496,2951566,-6.476070e-02,-4.100443e-02,1.301027e-07,2.054760e-04,3.137000e-05,2.888784e-01
80740352,1345071,968884224,2961103,-6.423833e-02,-4.094088e-02,2.613724e-08,2.036581e-04,6.302138e-06,2.863226e-01
81002496,1345101,972029952,2970746,-6.418169e-02,-4.104806e-02,4.765902e-08,2.067286e-04,1.149141e-05,2.906393e-01
81264640,1345166,975175680,2980008,-6.421579e-02,-4.073155e-02,3.393264e-08,1.977271e-04,8.181745e-06,2.779842e-01
81526784,1345410,978321408,2989628,-6.452346e-02,-4.046504e-02,1.524141e-08,1.903032e-04,3.674967e-06,2.675470e-01
81788928,1345433,981467136,2999147,-6.460072e-02,-4.079279e-02,4.028797e-08,1.994531e-04,9.714125e-06,2.804108e-01
82051072,1345498,984612864,3008910,-6.478506e-02,-4.048480e-02,1.482719e-07,1.908487e-04,3.575091e-05,2.683139e-01
82313216,1345502,987758592,3018594,-6.477088e-02,-4.067786e-02,1.375483e-07,1.962201e-04,3.316526e-05,2.758655e-01
82575360,1345629,990904320,3028210,-6.490255e-02,-4.059871e-02,2.525556e-07,1.940090e-04,6.089551e-05,2.727569e-01
82837504,1345641,994050048,3038090,-6.503946e-02,-4.039767e-02,4.089008e-07,1.884490e-04,9.859304e-05,2.649403e-01
83099648,1345721,997195776,3047747,-6.556106e-02,-4.032714e-02,1.348046e-06,1.865174e-04,3.250371e-04,2.622245e-01
83361792,1345721,1000341504,3057433,-6.559354e-02,-3.997993e-02,1.424534e-06,1.771543e-04,3.434797e-04,2.490609e-01
83623936,1345742,1003487232,3067130,-6.600632e-02,-3.989293e-02,2.580249e-06,1.748460e-04,6.221425e-04,2.458157e-01
83886080,1345788,1006632960,3076708,-6.642895e-02,-3.955730e-02,4.116636e-06,1.660825e-04,9.925920e-04,2.334952e-01
84148224,1345849,1009778688,3086324,-6.659590e-02,-3.969128e-02,4.821954e-06,1.695539e-04,1.162656e-03,2.383755e-01
84410368,1345873,1012924416,3095853,-6.666822e-02,-3.946105e-02,5.144811e-06,1.636111e-04,1.240503e-03,2.300206e-01
84672512,1345885,1016070144,3105560,-6.724388e-02,-4.005012e-02,8.087649e-06,1.790276e-04,1.950071e-03,2.516946e-01
84934656,1345926,1019215872,3115103,-6.749878e-02,-3.967303e-02,9.602428e-06,1.690788e-04,2.315311e-03,2.377077e-01
85196800,1345937,1022361600,3124482,-6.777322e-02,-3.958825e-02,1.137862e-05,1.668813e-04,2.743580e-03,2.346182e-01
85458944,1346028,1025507328,3134040,-6.766736e-02,-3.951997e-02,1.067561e-05,1.651216e-04,2.574074e-03,2.321443e-01
85721088,1346030,1028653056,3143593,-6.740793e-02,-3.896445e-02,9.047619e-06,1.511534e-04,2.181537e-03,2.125064e-01
85983232,1346094,1031798784,3153156,-6.753694e-02,-3.877550e-02,9.840348e-06,1.465432e-04,2.372677e-03,2.060249e-01
86245376,1346128,1034944512,3162916,-6.782988e-02,-3.906536e-02,1.176404e-05,1.536449e-04,2.836513e-03,2.160091e-01
86507520,1346173,1038090240,3172318,-6.734058e-02,-3.891682e-02,8.646968e-06,1.499847e-04,2.084933e-03,2.108632e-01
86769664,1346274,1041235968,3181794,-6.767135e-02,-3.900334e-02,1.070172e-05,1.521113e-04,2.580370e-03,2.138530e-01
87031808,1346290,1044381696,3191209,-6.773232e-02,-3.917720e-02,1.110434e-05,1.564301e-04,2.677446e-03,2.199249e-01
87293952,1346335,1047527424,3200986,-6.754683e-02,-3.946964e-02,9.902522e-06,1.638307e-04,2.387669e-03,2.303293e-01
87556096,1346376,1050673152,3210560,-6.719026e-02,-3.949019e-02,7.785536e-06,1.643572e-04,1.877227e-03,2.310695e-01
87818240,1346392,1053818880,3220206,-6.732447e-02,-3.938815e-02,8.552493e-06,1.617514e-04,2.062153e-03,2.274061e-01
88080384,1346442,1056964608,3230009,-6.735688e-02,-3.968033e-02,8.743108e-06,1.692686e-04,2.108114e-03,2.379745e-01
88342528,1346520,1060110336,3239640,-6.743641e-02,-3.945227e-02,9.219783e-06,1.633864e-04,2.223048e-03,2.297047e-01
88604672,1346553,1063256064,3249345,-6.758984e-02,-3.944517e-02,1.017508e-05,1.632049e-04,2.453386e-03,2.294495e-01
88866816,1346564,1066401792,3259068,-6.746551e-02,-3.900412e-02,9.397316e-06,1.521306e-04,2.265855e-03,2.138801e-01
89128960,1346571,1069547520,3268757,-6.770208e-02,-3.854239e-02,1.090370e-05,1.409537e-04,2.629069e-03,1.981667e-01
89391104,1346652,1072693248,3278414,-6.803561e-02,-3.859895e-02,1.321764e-05,1.423000e-04,3.187001e-03,2.000593e-01
89653248,1346688,1075838976,3288036,-6.785849e-02,-3.828253e-02,1.196117e-05,1.348508e-04,2.884044e-03,1.895866e-01
89915392,1346762,1078984704,3297659,-6.778553e-02,-3.834339e-02,1.146181e-05,1.362680e-04,2.763639e-03,1.915790e-01
90177536,1346789,1082130432,3307541,-6.787627e-02,-3.839169e-02,1.208445e-05,1.373981e-04,2.913769e-03,1.931678e-01
90439680,1346832,1085276160,3317019,-6.816402e-02,-3.885900e-02,1.416783e-05,1.485717e-04,3.416109e-03,2.088767e-01
90701824,1346921,1088421888,3326680,-6.836299e-02,-3.900934e-02,1.570526e-05,1.522593e-04,3.786809e-03,2.140612e-01
90963968,1347106,1091567616,3336263,-6.830799e-02,-3.875132e-02,1.527236e-05,1.459584e-04,3.682428e-03,2.052027e-01
91226112,1347130,1094713344,3345878,-6.806768e-02,-3.840441e-02,1.345184e-05,1.376965e-04,3.243470e-03,1.935872e-01
91488256,1347206,1097859072,3355397,-6.812058e-02,-3.854768e-02,1.384273e-05,1.410792e-04,3.337720e-03,1.983430e-01
91750400,1347287,1101004800,3364994,-6.809376e-02,-3.861442e-02,1.364386e-05,1.426691e-04,3.289769e-03,2.005783e-01
92012544,1347306,1104150528,3374706,-6.800964e-02,-3.840747e-02,1.302952e-05,1.377683e-04,3.141641e-03,1.936883e-01
92274688,1347335,1107296256,3384416,-6.812918e-02,-3.790908e-02,1.390678e-05,1.263169e-04,3.353164e-03,1.775888e-01
92536832,1347641,1110441984,3393850,-6.772105e-02,-3.831212e-02,1.102938e-05,1.355390e-04,2.659374e-03,1.905541e-01
92798976,1347720,1113587712,3403603,-6.782041e-02,-3.828360e-02,1.169922e-05,1.348757e-04,2.820884e-03,1.896215e-01
93061120,1347832,1116733440,3412990,-6.799658e-02,-3.800745e-02,1.293534e-05,1.285379e-04,3.118935e-03,1.807112e-01
93323264,1349206,1119879168,3422599,-6.791618e-02,-3.801849e-02,1.236354e-05,1.287883e-04,2.981062e-03,1.810633e-01
93585408,1349370,1123024896,3432012,-6.817304e-02,-3.846840e-02,1.423578e-05,1.392023e-04,3.432492e-03,1.957043e-01
93847552,1351569,1126170624,3441516,-6.821515e-02,-3.785081e-02,1.455533e-05,1.250106e-04,3.509540e-03,1.757522e-01
94109696,1351879,1129316352,3451017,-6.783651e-02,-3.786973e-02,1.180957e-05,1.254339e-04,2.847491e-03,1.763473e-01
94371840,1361463,1132462080,3460626,-6.799757e-02,-3.755822e-02,1.294253e-05,1.185534e-04,3.120667e-03,1.666741e-01
94633984,1363793,1135607808,3470346,-6.789912e-02,-3.795608e-02,1.224379e-05,1.273756e-04,2.952189e-03,1.790771e-01
94896128,1367623,1138753536,3479946,-6.772738e-02,-3.785675e-02,1.107144e-05,1.251433e-04,2.669514e-03,1.759388e-01
95158272,1372690,1141899264,3489590,-6.750963e-02,-3.791790e-02,9.669777e-06,1.265152e-04,2.331550e-03,1.778675e-01
95420416,1373122,1145044992,3499074,-6.774015e-02,-3.765120e-02,1.115659e-05,1.205867e-04,2.690045e-03,1.695326e-01
95682560,1374366,1148190720,3508538,-6.764411e-02,-3.810833e-02,1.052425e-05,1.308355e-04,2.537577e-03,1.839414e-01
95944704,1391767,1151336448,3518037,-6.764268e-02,-3.790316e-02,1.051497e-05,1.261838e-04,2.535340e-03,1.774016e-01
96206848,1393323,1154482176,3527526,-6.752727e-02,-3.731069e-02,9.779814e-06,1.132242e-04,2.358082e-03,1.591818e-01
96468992,1398936,1157627904,3537261,-6.766918e-02,-3.724494e-02,1.068749e-05,1.118294e-04,2.576939e-03,1.572208e-01
96731136,1401077,1160773632,3546658,-6.792212e-02,-3.732695e-02,1.240533e-05,1.135706e-04,2.991139e-03,1.596687e-01
96993280,1401457,1163919360,3556213,-6.777243e-02,-3.717772e-02,1.137324e-05,1.104121e-04,2.742284e-03,1.552282e-01
97255424,1413196,1167065088,3565606,-6.737839e-02,-3.692724e-02,8.870818e-06,1.052109e-04,2.138907e-03,1.479159e-01
97517568,1428044,1170210816,3575066,-6.743213e-02,-3.667534e-02,9.193785e-06,1.001068e-04,2.216780e-03,1.407400e-01
97779712,1436774,1173356544,3584722,-6.776975e-02,-3.695744e-02,1.135521e-05,1.058314e-04,2.737936e-03,1.487882e-01
98041856,1457183,1176502272,3594396,-6.772659e-02,-3.694278e-02,1.106618e-05,1.055300e-04,2.668247e-03,1.483645e-01
98304000,1457186,1179648000,3604041,-6.771653e-02,-3.700246e-02,1.099937e-05,1.067598e-04,2.652136e-03,1.500935e-01
98566144,1469401,1182793728,3613441,-6.760065e-02,-3.738365e-02,1.024411e-05,1.147822e-04,2.470032e-03,1.613722e-01
98828288,1476265,1185939456,3623022,-6.794835e-02,-3.710677e-02,1.259076e-05,1.089262e-04,3.035850e-03,1.531392e-01
99090432,1500535,1189085184,3632658,-6.794029e-02,-3.713624e-02,1.253367e-05,1.095421e-04,3.022084e-03,1.540051e-01
99352576,1504485,1192230912,3642322,-6.789101e-02,-3.714830e-02,1.218713e-05,1.097948e-04,2.938527e-03,1.543603e-01
99614720,1507990,1195376640,3651957,-6.786209e-02,-3.715546e-02,1.198608e-05,1.099448e-04,2.890049e-03,1.545713e-01
99876864,1511072,1198522368,3661555,-6.779343e-02,-3.685750e-02,1.151534e-05,1.037851e-04,2.776548e-03,1.459113e-01
100139008,1511413,1201668096,3671003,-6.794333e-02,-3.702800e-02,1.255520e-05,1.072881e-04,3.027276e-03,1.508362e-01
100401152,1525778,1204813824,3680527,-6.757770e-02,-3.710703e-02,1.009774e-05,1.089316e-04,2.434740e-03,1.531467e-01
100663296,1573959,1207959552,3690017,-6.727108e-02,-3.709376e-02,8.243107e-06,1.086547e-04,1.987555e-03,1.527576e-01
100925440,1773929,1211105280,3699685,-6.722447e-02,-3.644187e-02,7.977591e-06,9.548952e-05,1.923535e-03,1.342486e-01
101187584,1774851,1214251008,3709160,-6.741293e-02,-3.641293e-02,9.077719e-06,9.492473e-05,2.188795e-03,1.334545e-01
101449728,1775000,1217396736,3718789,-6.733033e-02,-3.660554e-02,8.586823e-06,9.871498e-05,2.070431e-03,1.387832e-01
101711872,1775315,1220542464,3728409,-6.721289e-02,-3.638235e-02,7.912321e-06,9.432984e-05,1.907797e-03,1.326182e-01
101974016,1775533,1223688192,3737977,-6.726407e-02,-3.678190e-02,8.202855e-06,1.022505e-04,1.977850e-03,1.437539e-01
102236160,1775559,1226833920,3747648,-6.715427e-02,-3.706047e-02,7.585968e-06,1.079619e-04,1.829107e-03,1.517835e-01
102498304,1775588,1229979648,3757266,-6.731090e-02,-3.733161e-02,8.473322e-06,1.136700e-04,2.043064e-03,1.598085e-01
102760448,1775588,1233125376,3766867,-6.714085e-02,-3.722687e-02,7.512232e-06,1.114476e-04,1.811329e-03,1.566840e-01
103022592,1775689,1236271104,3776253,-6.680234e-02,-3.727952e-02,5.771215e-06,1.125619e-04,1.391539e-03,1.582505e-01
103284736,1775738,1239416832,3785876,-6.724506e-02,-3.730633e-02,8.094346e-06,1.131316e-04,1.951686e-03,1.590515e-01
103546880,1775758,1242562560,3795421,-6.730887e-02,-3.767154e-02,8.461485e-06,1.210340e-04,2.040209e-03,1.701615e-01
103809024,1775794,1245708288,3804994,-6.740300e-02,-3.728665e-02,9.018016e-06,1.127134e-04,2.174399e-03,1.584636e-01
104071168,1775854,1248854016,3814461,-6.745464e-02,-3.728605e-02,9.330833e-06,1.127005e-04,2.249825e-03,1.584455e-01
104333312,1775940,1251999744,3823978,-6.741162e-02,-3.726248e-02,9.069819e-06,1.122006e-04,2.186890e-03,1.577426e-01
104595456,1776016,1255145472,3833512,-6.753478e-02,-3.740171e-02,9.826844e-06,1.151696e-04,2.369421e-03,1.619168e-01
104857600,1776029,1258291200,3843211,-6.765160e-02,-3.761712e-02,1.057289e-05,1.198394e-04,2.549305e-03,1.684820e-01
105119744,1776029,1261436928,3852810,-6.763797e-02,-3.726679e-02,1.048445e-05,1.122919e-04,2.527982e-03,1.578710e-01
105381888,1776058,1264582656,3862317,-6.758409e-02,-3.726964e-02,1.013841e-05,1.123525e-04,2.444546e-03,1.579562e-01
105644032,1776139,1267728384,3871899,-6.798820e-02,-3.717437e-02,1.287518e-05,1.103419e-04,3.104427e-03,1.551295e-01
105906176,1776161,1270874112,3881535,-6.812265e-02,-3.753264e-02,1.385809e-05,1.179969e-04,3.341424e-03,1.658917e-01
106168320,1776216,1274019840,3891228,-6.817374e-02,-3.760174e-02,1.424107e-05,1.195029e-04,3.433767e-03,1.680090e-01
106430464,1776216,1277165568,3901126,-6.839719e-02,-3.711829e-02,1.597748e-05,1.091668e-04,3.852446e-03,1.534774e-01
106692608,1776265,1280311296,3910780,-6.839273e-02,-3.695370e-02,1.594188e-05,1.057545e-04,3.843863e-03,1.486802e-01
106954752,1776340,1283457024,3920495,-6.851300e-02,-3.690422e-02,1.691674e-05,1.047393e-04,4.078917e-03,1.472528e-01
107216896,1776407,1286602752,3930097,-6.821027e-02,-3.657776e-02,1.451811e-05,9.816374e-05,3.500567e-03,1.380083e-01
107479040,1776414,1289748480,3939741,-6.807964e-02,-3.631265e-02,1.353975e-05,9.298079e-05,3.264668e-03,1.307216e-01
107741184,1776419,1292894208,3949492,-6.811600e-02,-3.622761e-02,1.380865e-05,9.134784e-05,3.329504e-03,1.284258e-01
108003328,1776448,1296039936,3959299,-6.821092e-02,-3.580190e-02,1.452311e-05,8.339158e-05,3.501772e-03,1.172401e-01
108265472,1776511,1299185664,3968929,-6.808963e-02,-3.596260e-02,1.361338e-05,8.635236e-05,3.282421e-03,1.214027e-01
108527616,1776561,1302331392,3978433,-6.801812e-02,-3.593194e-02,1.309080e-05,8.578349e-05,3.156418e-03,1.206029e-01
108789760,1776562,1305477120,3987719,-6.844523e-02,-3.589860e-02,1.636385e-05,8.516699e-05,3.945607e-03,1.197362e-01
109051904,1776573,1308622848,3997315,-6.836689e-02,-3.567203e-02,1.573622e-05,8.103651e-05,3.794273e-03,1.139291e-01
109314048,1776602,1311768576,4006685,-6.842101e-02,-3.552531e-02,1.616847e-05,7.841654e-05,3.898497e-03,1.102457e-01
109576192,1776629,1314914304,4016259,-6.864902e-02,-3.562869e-02,1.805412e-05,8.025816e-05,4.353159e-03,1.128348e-01
109838336,1776631,1318060032,4025943,-6.870432e-02,-3.603055e-02,1.852717e-05,8.761996e-05,4.467219e-03,1.231848e-01
110100480,1776647,1321205760,4035417,-6.865168e-02,-3.587918e-02,1.807679e-05,8.480907e-05,4.358626e-03,1.192329e-01
110362624,1776648,1324351488,4044972,-6.850465e-02,-3.596435e-02,1.684810e-05,8.638497e-05,4.062368e-03,1.214485e-01
110624768,1776659,1327497216,4054424,-6.850686e-02,-3.623632e-02,1.686627e-05,9.151455e-05,4.066749e-03,1.286602e-01
110886912,1776713,1330642944,4063942,-6.858237e-02,-3.614124e-02,1.749221e-05,8.970431e-05,4.217673e-03,1.261151e-01
111149056,1776730,1333788672,4073579,-6.858534e-02,-3.594684e-02,1.751702e-05,8.605974e-05,4.223655e-03,1.209913e-01
111411200,1776733,1336934400,4083299,-6.827097e-02,-3.624852e-02,1.498436e-05,9.174812e-05,3.612988e-03,1.289885e-01
111673344,1776804,1340080128,4092703,-6.805061e-02,-3.634607e-02,1.332692e-05,9.362642e-05,3.213350e-03,1.316292e-01
111935488,1776835,1343225856,4102608,-6.812344e-02,-3.613201e-02,1.386402e-05,8.952967e-05,3.342855e-03,1.258696e-01
112197632,1776880,1346371584,4111939,-6.837940e-02,-3.580881e-02,1.583562e-05,8.351777e-05,3.818241e-03,1.174175e-01
112459776,1776885,1349517312,4121622,-6.827410e-02,-3.561911e-02,1.500860e-05,8.008657e-05,3.618832e-03,1.125936e-01
112721920,1776956,1352663040,4131421,-6.848154e-02,-3.559688e-02,1.665897e-05,7.968915e-05,4.016764e-03,1.120349e-01
112984064,1777054,1355808768,4141061,-6.850279e-02,-3.542919e-02,1.683288e-05,7.672337e-05,4.058697e-03,1.078653e-01
113246208,1777112,1358954496,4150644,-6.848266e-02,-3.529311e-02,1.666809e-05,7.435803e-05,4.018964e-03,1.045398e-01
113508352,1778186,1362100224,4160270,-6.865123e-02,-3.506294e-02,1.807293e-05,7.044149e-05,4.357695e-03,9.903360e-02
113770496,1778672,1365245952,4169870,-6.868342e-02,-3.496441e-02,1.834763e-05,6.879716e-05,4.423930e-03,9.672183e-02
114032640,1784787,1368391680,4179377,-6.874631e-02,-3.506194e-02,1.889042e-05,7.042461e-05,4.554806e-03,9.900986e-02
114294784,1785686,1371537408,4188892,-6.871533e-02,-3.506968e-02,1.862209e-05,7.055460e-05,4.490105e-03,9.919261e-02
114556928,1787672,1374683136,4198581,-6.830646e-02,-3.503016e-02,1.526042e-05,6.989228e-05,3.679550e-03,9.826146e-02
114819072,1789080,1377828864,4208020,-6.809465e-02,-3.501566e-02,1.365041e-05,6.965007e-05,3.291349e-03,9.792092e-02
115081216,1789215,1380974592,4217585,-6.811016e-02,-3.493294e-02,1.376527e-05,6.827627e-05,3.319044e-03,9.598950e-02
115343360,1790835,1384120320,4227044,-6.788591e-02,-3.509353e-02,1.215157e-05,7.095595e-05,2.929954e-03,9.975687e-02
115605504,1792051,1387266048,4236845,-6.801247e-02,-3.471456e-02,1.304991e-05,6.471503e-05,3.146558e-03,9.098276e-02
115867648,1792206,1390411776,4246599,-6.821656e-02,-3.460319e-02,1.456613e-05,6.293551e-05,3.512145e-03,8.848094e-02
116129792,1792283,1393557504,4256149,-6.840161e-02,-3.441993e-02,1.601288e-05,6.006139e-05,3.860982e-03,8.444022e-02
116391936,1792342,1396703232,4265663,-6.861007e-02,-3.439672e-02,1.772469e-05,5.970225e-05,4.273727e-03,8.393531e-02
116654080,1792470,1399848960,4275392,-6.896920e-02,-3.446415e-02,2.087755e-05,6.074885e-05,5.033935e-03,8.540672e-02
116916224,1792584,1402994688,4284961,-6.892771e-02,-3.421111e-02,2.050009e-05,5.686841e-05,4.942926e-03,7.995121e-02
117178368,1792744,1406140416,4294560,-6.894586e-02,-3.408599e-02,2.066484e-05,5.499690e-05,4.982650e-03,7.732006e-02
117440512,1792831,1409286144,4304122,-6.878117e-02,-3.408136e-02,1.919467e-05,5.492824e-05,4.628166e-03,7.722353e-02
117702656,1792850,1412431872,4313479,-6.859028e-02,-3.431953e-02,1.755846e-05,5.851533e-05,4.233646e-03,8.226661e-02
117964800,1792928,1415577600,4322997,-6.860261e-02,-3.429001e-02,1.766195e-05,5.806459e-05,4.258599e-03,8.163291e-02
118226944,1792937,1418723328,4332731,-6.838128e-02,-3.433637e-02,1.585057e-05,5.877323e-05,3.821845e-03,8.262919e-02
118489088,1793024,1421869056,4342268,-6.825957e-02,-3.429269e-02,1.489630e-05,5.810547e-05,3.591754e-03,8.169040e-02
118751232,1793053,1425014784,4351931,-6.821072e-02,-3.424033e-02,1.452158e-05,5.730992e-05,3.501402e-03,8.057195e-02
119013376,1793142,1428160512,4361594,-6.818533e-02,-3.433656e-02,1.432870e-05,5.877614e-05,3.454897e-03,8.263329e-02
119275520,1793158,1431306240,4371108,-6.823345e-02,-3.428226e-02,1.469534e-05,5.794656e-05,3.543300e-03,8.146700e-02
119537664,1793317,1434451968,4380624,-6.846327e-02,-3.397828e-02,1.651017e-05,5.341096e-05,3.980886e-03,7.509039e-02
119799808,1793411,1437597696,4390184,-6.836631e-02,-3.428633e-02,1.573161e-05,5.800851e-05,3.793162e-03,8.155409e-02
120061952,1793421,1440743424,4399851,-6.855223e-02,-3.402447e-02,1.724102e-05,5.408817e-05,4.157107e-03,7.604249e-02
120324096,1793490,1443889152,4409519,-6.875406e-02,-3.421973e-02,1.895783e-05,5.699844e-05,4.571061e-03,8.013403e-02
120586240,1793551,1447034880,4419095,-6.877907e-02,-3.425106e-02,1.917626e-05,5.747243e-05,4.623728e-03,8.080040e-02
120848384,1793584,1450180608,4428697,-6.899308e-02,-3.441102e-02,2.109640e-05,5.992335e-05,5.086706e-03,8.424615e-02
121110528,1793599,1453326336,4438356,-6.932616e-02,-3.462713e-02,2.426705e-05,6.331596e-05,5.851205e-03,8.901582e-02
121372672,1793721,1456472064,4447872,-6.959165e-02,-3.461598e-02,2.695319e-05,6.313858e-05,6.498879e-03,8.876644e-02
121634816,1793756,1459617792,4457452,-6.952166e-02,-3.491264e-02,2.623136e-05,6.794115e-05,6.324833e-03,9.551837e-02
121896960,1793823,1462763520,4467088,-6.952663e-02,-3.503060e-02,2.628229e-05,6.989970e-05,6.337112e-03,9.827189e-02
122159104,1793834,1465909248,4476701,-6.942487e-02,-3.483520e-02,2.524927e-05,6.667057e-05,6.088034e-03,9.373207e-02
122421248,1793865,1469054976,4486173,-6.945217e-02,-3.469987e-02,2.552436e-05,6.447879e-05,6.154363e-03,9.065065e-02
122683392,1793896,1472200704,4495758,-6.953227e-02,-3.478277e-02,2.634015e-05,6.581712e-05,6.351063e-03,9.253220e-02
122945536,1793957,1475346432,4505183,-6.952794e-02,-3.467054e-02,2.629573e-05,6.400864e-05,6.340355e-03,8.998965e-02
123207680,1793965,1478492160,4514741,-6.955492e-02,-3.477019e-02,2.657323e-05,6.561316e-05,6.407263e-03,9.224544e-02
123469824,1793967,1481637888,4524446,-6.927162e-02,-3.468924e-02,2.373270e-05,6.430828e-05,5.722362e-03,9.041093e-02
123731968,1794023,1484783616,4534021,-6.915724e-02,-3.471789e-02,2.263134e-05,6.476850e-05,5.456805e-03,9.105794e-02
123994112,1794031,1487929344,4543473,-6.910377e-02,-3.508337e-02,2.212543e-05,7.078477e-05,5.334822e-03,9.951621e-02
124256256,1794113,1491075072,4553175,-6.908742e-02,-3.560806e-02,2.197191e-05,7.988894e-05,5.297808e-03,1.123157e-01
124518400,1794199,1494220800,4562681,-6.904976e-02,-3.571286e-02,2.162025e-05,8.177340e-05,5.213015e-03,1.149651e-01
124780544,1794244,1497366528,4572453,-6.925942e-02,-3.577714e-02,2.361394e-05,8.293994e-05,5.693727e-03,1.166051e-01
125042688,1794336,1500512256,4582139,-6.917986e-02,-3.565212e-02,2.284707e-05,8.067848e-05,5.508821e-03,1.134258e-01
125304832,1794490,1503657984,4591906,-6.916910e-02,-3.561748e-02,2.274433e-05,8.005738e-05,5.484051e-03,1.125526e-01
125566976,1794569,1506803712,4601456,-6.889050e-02,-3.576682e-02,2.016454e-05,8.275210e-05,4.862018e-03,1.163411e-01
125829120,1794636,1509949440,4610899,-6.881738e-02,-3.560145e-02,1.951327e-05,7.977078e-05,4.704985e-03,1.121496e-01
126091264,1794653,1513095168,4620570,-6.888530e-02,-3.542250e-02,2.011786e-05,7.660627e-05,4.850764e-03,1.077006e-01
126353408,1794922,1516240896,4630235,-6.876794e-02,-3.529925e-02,1.907884e-05,7.446395e-05,4.600236e-03,1.046888e-01
126615552,1795030,1519386624,4640000,-6.868928e-02,-3.571861e-02,1.839790e-05,8.187739e-05,4.436050e-03,1.151113e-01
126877696,1795188,1522532352,4649526,-6.857710e-02,-3.559417e-02,1.744811e-05,7.964080e-05,4.207040e-03,1.119669e-01
127139840,1795412,1525678080,4659148,-6.861527e-02,-3.551769e-02,1.776850e-05,7.828154e-05,4.284292e-03,1.100559e-01
127401984,1799171,1528823808,4668698,-6.833941e-02,-3.551772e-02,1.551897e-05,7.828213e-05,3.741891e-03,1.100567e-01
127664128,1801128,1531969536,4678263,-6.827115e-02,-3.545960e-02,1.498575e-05,7.725702e-05,3.613322e-03,1.086155e-01
127926272,1801568,1535115264,4687844,-6.840110e-02,-3.539095e-02,1.600877e-05,7.605492e-05,3.859990e-03,1.069255e-01
128188416,1811070,1538260992,4697700,-6.842868e-02,-3.530281e-02,1.623025e-05,7.452549e-05,3.913392e-03,1.047753e-01
128450560,1812605,1541406720,4707337,-6.852810e-02,-3.528329e-02,1.704120e-05,7.418884e-05,4.108926e-03,1.043020e-01
128712704,1815199,1544552448,4716878,-6.890574e-02,-3.543897e-02,2.030168e-05,7.689490e-05,4.895085e-03,1.081064e-01
128974848,1820686,1547698176,4726747,-6.895173e-02,-3.528787e-02,2.071825e-05,7.426766e-05,4.995529e-03,1.044128e-01
129236992,1821945,1550843904,4736069,-6.866977e-02,-3.523082e-02,1.823088e-05,7.328769e-05,4.395780e-03,1.030351e-01
129499136,1839214,1553989632,4745645,-6.892541e-02,-3.502776e-02,2.047932e-05,6.985211e-05,4.937916e-03,9.820499e-02
129761280,1841073,1557135360,4755330,-6.913599e-02,-3.530783e-02,2.242954e-05,7.461215e-05,5.408149e-03,1.048971e-01
130023424,1841599,1560281088,4765060,-6.907611e-02,-3.544362e-02,2.186594e-05,7.697633e-05,5.272256e-03,1.082209e-01
130285568,1841800,1563426816,4774671,-6.927746e-02,-3.567880e-02,2.378957e-05,8.115842e-05,5.736076e-03,1.141005e-01
130547712,1846431,1566572544,4784356,-6.960943e-02,-3.551942e-02,2.713817e-05,7.831233e-05,6.543480e-03,1.100992e-01
130809856,1861505,1569718272,4794083,-7.008141e-02,-3.555295e-02,3.227843e-05,7.890679e-05,7.782884e-03,1.109349e-01
131072000,1868155,1572864000,4803535,-7.008634e-02,-3.520866e-02,3.233441e-05,7.290881e-05,7.796383e-03,1.025024e-01
131334144,1884332,1576009728,4813351,-7.002363e-02,-3.519703e-02,3.162514e-05,7.271026e-05,7.625367e-03,1.022232e-01
131596288,1897051,1579155456,4823022,-6.995465e-02,-3.520084e-02,3.085409e-05,7.277527e-05,7.439453e-03,1.023146e-01
131858432,1897505,1582301184,4832452,-7.001814e-02,-3.505721e-02,3.156350e-05,7.034522e-05,7.610504e-03,9.889825e-02
132120576,1916694,1585446912,4842236,-7.007199e-02,-3.522803e-02,3.217142e-05,7.323980e-05,7.757083e-03,1.029677e-01
132382720,1923866,1588592640,4851839,-7.000417e-02,-3.518992e-02,3.140664e-05,7.258909e-05,7.572682e-03,1.020529e-01
132644864,1948119,1591738368,4861405,-7.025761e-02,-3.535487e-02,3.431159e-05,7.542699e-05,8.273114e-03,1.060427e-01
132907008,1951784,1594884096,4871114,-6.997979e-02,-3.532557e-02,3.113408e-05,7.491887e-05,7.506962e-03,1.053283e-01
133169152,1955606,1598029824,4880911,-6.992190e-02,-3.515311e-02,3.049131e-05,7.196316e-05,7.351980e-03,1.011729e-01
133431296,1958492,1601175552,4890637,-6.989583e-02,-3.495754e-02,3.020408e-05,6.868332e-05,7.282724e-03,9.656177e-02
133693440,1958658,1604321280,4900111,-6.993524e-02,-3.514264e-02,3.063885e-05,7.178566e-05,7.387555e-03,1.009233e-01
133955584,1965720,1607467008,4910020,-6.996290e-02,-3.521083e-02,3.094587e-05,7.294577e-05,7.461582e-03,1.025544e-01
134217728,2021570,1610612736,4919548,-6.991985e-02,-3.493055e-02,3.046868e-05,6.823675e-05,7.346524e-03,9.593394e-02
134479872,2213529,1613758464,4929091,-7.010251e-02,-3.461314e-02,3.251854e-05,6.309354e-05,7.840781e-03,8.870311e-02
134742016,2214502,1616904192,4938729,-7.018751e-02,-3.458232e-02,3.349523e-05,6.260489e-05,8.076278e-03,8.801611e-02
135004160,2214586,1620049920,4948283,-7.018705e-02,-3.446931e-02,3.348989e-05,6.082925e-05,8.074989e-03,8.551974e-02
135266304,2215199,1623195648,4957841,-7.040052e-02,-3.473964e-02,3.600623e-05,6.511915e-05,8.681721e-03,9.155092e-02
135528448,2215330,1626341376,4967484,-7.044540e-02,-3.484630e-02,3.654687e-05,6.685192e-05,8.812080e-03,9.398703e-02
135790592,2215359,1629487104,4977070,-7.050367e-02,-3.488353e-02,3.725481e-05,6.746200e-05,8.982778e-03,9.484472e-02
136052736,2215410,1632632832,4986665,-7.046283e-02,-3.484978e-02,3.675788e-05,6.690883e-05,8.862958e-03,9.406702e-02
136314880,2215449,1635778560,4996039,-7.034255e-02,-3.472377e-02,3.531385e-05,6.486322e-05,8.514778e-03,9.119111e-02
136577024,2215530,1638924288,5005586,-7.024455e-02,-3.454059e-02,3.415874e-05,6.194614e-05,8.236262e-03,8.708998e-02
136839168,2215624,1642070016,5015095,-7.058757e-02,-3.442659e-02,3.828597e-05,6.016467e-05,9.231406e-03,8.458543e-02
137101312,2215633,1645215744,5024658,-7.070013e-02,-3.464239e-02,3.969163e-05,6.355896e-05,9.570334e-03,8.935747e-02
137363456,2215685,1648361472,5034414,-7.087320e-02,-3.478424e-02,4.190230e-05,6.584082e-05,1.010337e-02,9.256551e-02
137625600,2215739,1651507200,5044399,-7.087895e-02,-3.521904e-02,4.197680e-05,7.308615e-05,1.012133e-02,1.027517e-01
137887744,2215960,1654652928,5054166,-7.078974e-02,-3.543225e-02,4.082874e-05,7.677695e-05,9.844513e-03,1.079406e-01
138149888,2215976,1657798656,5063608,-7.079835e-02,-3.531276e-02,4.093888e-05,7.469738e-05,9.871069e-03,1.050169e-01
138412032,2215981,1660944384,5073272,-7.065969e-02,-3.526528e-02,3.918368e-05,7.387881e-05,9.447861e-03,1.038661e-01
138674176,2216071,1664090112,5083064,-7.075545e-02,-3.530688e-02,4.039174e-05,7.459574e-05,9.739145e-03,1.048740e-01
138936320,2216095,1667235840,5092862,-7.070502e-02,-3.534707e-02,3.975323e-05,7.529156e-05,9.585190e-03,1.058523e-01
139198464,2216110,1670381568,5102635,-7.060397e-02,-3.536556e-02,3.848918e-05,7.561276e-05,9.280402e-03,1.063039e-01
139460608,2216122,1673527296,5112134,-7.073902e-02,-3.508435e-02,4.018309e-05,7.080132e-05,9.688836e-03,9.953947e-02
139722752,2216237,1676673024,5121665,-7.077917e-02,-3.518998e-02,4.069384e-05,7.259011e-05,9.811986e-03,1.020543e-01
139984896,2216247,1679818752,5131243,-7.056245e-02,-3.501556e-02,3.797579e-05,6.964845e-05,9.156617e-03,9.791865e-02
140247040,2216336,1682964480,5140988,-7.028063e-02,-3.488613e-02,3.458174e-05,6.750473e-05,8.338253e-03,9.490480e-02
140509184,2216352,1686110208,5150937,-7.024690e-02,-3.497725e-02,3.418619e-05,6.901034e-05,8.242877e-03,9.702154e-02
140771328,2216381,1689255936,5160467,-7.009782e-02,-3.475638e-02,3.246512e-05,6.538950e-05,7.827898e-03,9.193100e-02
141033472,2216478,1692401664,5170086,-7.012675e-02,-3.486074e-02,3.279563e-05,6.708819e-05,7.907593e-03,9.431919e-02
141295616,2216501,1695547392,5179469,-6.997724e-02,-3.489874e-02,3.110557e-05,6.771222e-05,7.500087e-03,9.519652e-02
141557760,2216541,1698693120,5188929,-6.971722e-02,-3.491849e-02,2.827281e-05,6.803755e-05,6.817062e-03,9.565388e-02
141819904,2216556,1701838848,5198679,-6.974065e-02,-3.486134e-02,2.852247e-05,6.709802e-05,6.877258e-03,9.433300e-02
142082048,2216626,1704984576,5208161,-6.992821e-02,-3.491132e-02,3.056112e-05,6.791935e-05,7.368813e-03,9.548773e-02
142344192,2216675,1708130304,5217842,-7.007058e-02,-3.492319e-02,3.215545e-05,6.811513e-05,7.753232e-03,9.576295e-02
142606336,2216704,1711276032,5227565,-7.010103e-02,-3.497889e-02,3.250172e-05,6.903758e-05,7.836724e-03,9.705983e-02
142868480,2216742,1714421760,5237118,-7.010650e-02,-3.476967e-02,3.256410e-05,6.560465e-05,7.851766e-03,9.223347e-02
143130624,2216744,1717567488,5246764,-7.008792e-02,-3.467590e-02,3.235246e-05,6.409450e-05,7.800735e-03,9.011037e-02
143392768,2216757,1720713216,5256331,-7.023997e-02,-3.453952e-02,3.410521e-05,6.192936e-05,8.223352e-03,8.706640e-02
143654912,2216760,1723858944,5265907,-7.034474e-02,-3.439841e-02,3.533989e-05,5.972839e-05,8.521056e-03,8.397207e-02
143917056,2216772,1727004672,5275510,-7.028832e-02,-3.475931e-02,3.467223e-05,6.543687e-05,8.360072e-03,9.199759e-02
144179200,2216798,1730150400,5285093,-7.034042e-02,-3.497300e-02,3.528853e-05,6.893987e-05,8.508672e-03,9.692245e-02
144441344,2216821,1733296128,5294685,-7.043717e-02,-3.513189e-02,3.644740e-05,7.160359e-05,8.788096e-03,1.006674e-01
144703488,2216831,1736441856,5304237,-7.059809e-02,-3.542061e-02,3.841627e-05,7.657315e-05,9.262824e-03,1.076541e-01
144965632,2216899,1739587584,5313747,-7.077443e-02,-3.549082e-02,4.063331e-05,7.780691e-05,9.797391e-03,1.093886e-01
145227776,2216931,1742733312,5323167,-7.093444e-02,-3.539614e-02,4.269894e-05,7.614560e-05,1.029545e-02,1.070530e-01
145489920,2217032,1745879040,5332790,-7.075511e-02,-3.546561e-02,4.038738e-05,7.736275e-05,9.738093e-03,1.087642e-01
145752064,2217091,1749024768,5342486,-7.083907e-02,-3.546391e-02,4.146159e-05,7.733287e-05,9.997103e-03,1.087222e-01
146014208,2217145,1752170496,5352183,-7.104748e-02,-3.533354e-02,4.418892e-05,7.505687e-05,1.065471e-02,1.055223e-01
146276352,2217166,1755316224,5361709,-7.101754e-02,-3.552932e-02,4.379182e-05,7.848754e-05,1.055896e-02,1.103455e-01
146538496,2217205,1758461952,5371153,-7.090513e-02,-3.539762e-02,4.231664e-05,7.617134e-05,1.020327e-02,1.070892e-01
146800640,2217311,1761607680,5380858,-7.115689e-02,-3.549569e-02,4.565552e-05,7.789290e-05,1.100833e-02,1.095095e-01
147062784,2218805,1764753408,5390543,-7.126090e-02,-3.564503e-02,4.707191e-05,8.055112e-05,1.134985e-02,1.132467e-01
147324928,2219275,1767899136,5400303,-7.101304e-02,-3.570000e-02,4.373228e-05,8.154099e-05,1.054460e-02,1.146384e-01
147587072,2224765,1771044864,5409761,-7.101216e-02,-3.577499e-02,4.372065e-05,8.290094e-05,1.054180e-02,1.165503e-01
147849216,2225418,1774190592,5419391,-7.106680e-02,-3.573734e-02,4.444625e-05,8.221658e-05,1.071676e-02,1.155882e-01
148111360,2227473,1777336320,5428969,-7.110571e-02,-3.583725e-02,4.496653e-05,8.403851e-05,1.084221e-02,1.181496e-01
148373504,2229190,1780482048,5438546,-7.098128e-02,-3.602286e-02,4.331320e-05,8.747594e-05,1.044356e-02,1.229823e-01
148635648,2229253,1783627776,5448229,-7.098683e-02,-3.588399e-02,4.338630e-05,8.489767e-05,1.046118e-02,1.193575e-01
148897792,2234318,1786773504,5457990,-7.081017e-02,-3.589759e-02,4.109024e-05,8.514836e-05,9.907564e-03,1.197099e-01
149159936,2239213,1789919232,5467621,-7.039171e-02,-3.579177e-02,3.590052e-05,8.320676e-05,8.656234e-03,1.169803e-01
149422080,2239375,1793064960,5477226,-7.058176e-02,-3.548563e-02,3.821418e-05,7.771539e-05,9.214097e-03,1.092599e-01
149684224,2239439,1796210688,5486805,-7.059585e-02,-3.548058e-02,3.838857e-05,7.762641e-05,9.256144e-03,1.091349e-01
149946368,2239636,1799356416,5496345,-7.062955e-02,-3.552317e-02,3.880729e-05,7.837854e-05,9.357105e-03,1.101923e-01
150208512,2239655,1802502144,5506095,-7.054636e-02,-3.568862e-02,3.777770e-05,8.133558e-05,9.108854e-03,1.143496e-01
150470656,2239819,1805647872,5515766,-7.050219e-02,-3.553246e-02,3.723671e-05,7.854320e-05,8.978412e-03,1.104238e-01
150732800,2239891,1808793600,5525097,-7.060791e-02,-3.524344e-02,3.853809e-05,7.350395e-05,9.292198e-03,1.033391e-01
150994944,2240074,1811939328,5534741,-7.053129e-02,-3.521448e-02,3.759264e-05,7.300814e-05,9.064234e-03,1.026420e-01
151257088,2240169,1815085056,5544475,-7.048567e-02,-3.518444e-02,3.703540e-05,7.249562e-05,8.929872e-03,1.019215e-01
151519232,2240218,1818230784,5554224,-7.085685e-02,-3.526262e-02,4.169094e-05,7.383316e-05,1.005240e-02,1.038019e-01
151781376,2240394,1821376512,5563887,-7.088072e-02,-3.516777e-02,4.199968e-05,7.221214e-05,1.012685e-02,1.015229e-01
152043520,2240434,1824522240,5573472,-7.073230e-02,-3.513460e-02,4.009803e-05,7.164950e-05,9.668326e-03,1.007319e-01
152305664,2240470,1827667968,5582884,-7.075483e-02,-3.528334e-02,4.038388e-05,7.418967e-05,9.737249e-03,1.043032e-01
152567808,2240603,1830813696,5592513,-7.071933e-02,-3.517355e-02,3.993392e-05,7.231037e-05,9.628756e-03,1.016611e-01
152829952,2240605,1833959424,5602091,-7.063137e-02,-3.520755e-02,3.882994e-05,7.288979e-05,9.362568e-03,1.024756e-01
153092096,2240792,1837105152,5611512,-7.061991e-02,-3.526007e-02,3.868726e-05,7.378931e-05,9.328165e-03,1.037403e-01
153354240,2240810,1840250880,5620914,-7.053204e-02,-3.561149e-02,3.760187e-05,7.995022e-05,9.066458e-03,1.124019e-01
153616384,2240971,1843396608,5630571,-7.030525e-02,-3.543877e-02,3.487195e-05,7.689131e-05,8.408229e-03,1.081014e-01
153878528,2241045,1846542336,5640122,-7.035468e-02,-3.514090e-02,3.545816e-05,7.175619e-05,8.549574e-03,1.008819e-01
154140672,2241076,1849688064,5649833,-7.046166e-02,-3.527454e-02,3.674370e-05,7.403817e-05,8.859538e-03,1.040901e-01
154402816,2241104,1852833792,5659469,-7.006921e-02,-3.513674e-02,3.213990e-05,7.168570e-05,7.749483e-03,1.007828e-01
154664960,2241156,1855979520,5669149,-7.010997e-02,-3.532183e-02,3.260374e-05,7.485420e-05,7.861324e-03,1.052374e-01
154927104,2241211,1859125248,5678839,-7.000451e-02,-3.535468e-02,3.141048e-05,7.542363e-05,7.573608e-03,1.060380e-01
155189248,2241241,1862270976,5688457,-6.992381e-02,-3.558182e-02,3.051246e-05,7.942054e-05,7.357079e-03,1.116572e-01
155451392,2241344,1865416704,5698026,-6.980367e-02,-3.561262e-02,2.919962e-05,7.997046e-05,7.040532e-03,1.124304e-01
155713536,2241400,1868562432,5707907,-6.970902e-02,-3.569995e-02,2.818565e-05,8.153998e-05,6.796045e-03,1.146370e-01
155975680,2241423,1871708160,5717486,-6.956742e-02,-3.564950e-02,2.670220e-05,8.063151e-05,6.438360e-03,1.133597e-01
156237824,2241585,1874853888,5727153,-6.950087e-02,-3.580401e-02,2.601886e-05,8.343023e-05,6.273596e-03,1.172944e-01
156499968,2241590,1877999616,5736605,-6.942510e-02,-3.583378e-02,2.525159e-05,8.397480e-05,6.088594e-03,1.180600e-01
156762112,2241606,1881145344,5746254,-6.936318e-02,-3.599272e-02,2.463317e-05,8.691310e-05,5.939483e-03,1.221910e-01
157024256,2241607,1884291072,5755728,-6.941478e-02,-3.605879e-02,2.514799e-05,8.814933e-05,6.063614e-03,1.239290e-01
157286400,2241753,1887436800,5765353,-6.933492e-02,-3.607470e-02,2.435338e-05,8.844835e-05,5.872019e-03,1.243494e-01
157548544,2241783,1890582528,5775018,-6.920949e-02,-3.612825e-02,2.313114e-05,8.945855e-05,5.577315e-03,1.257696e-01
157810688,2241787,1893728256,5784708,-6.924585e-02,-3.588251e-02,2.348219e-05,8.487042e-05,5.661960e-03,1.193192e-01
158072832,2241832,1896873984,5794296,-6.900246e-02,-3.586784e-02,2.118266e-05,8.460027e-05,5.107503e-03,1.189394e-01
158334976,2241891,1900019712,5803726,-6.894501e-02,-3.597112e-02,2.065705e-05,8.651084e-05,4.980772e-03,1.216255e-01
158597120,2241912,1903165440,5813472,-6.907856e-02,-3.588664e-02,2.188887e-05,8.494642e-05,5.277785e-03,1.194261e-01
158859264,2242055,1906311168,5822958,-6.943090e-02,-3.601422e-02,2.530996e-05,8.731442e-05,6.102667e-03,1.227552e-01
159121408,2242102,1909456896,5832417,-6.938508e-02,-3.597467e-02,2.485102e-05,8.657690e-05,5.992008e-03,1.217183e-01
159383552,2242265,1912602624,5841979,-6.930534e-02,-3.595217e-02,2.406232e-05,8.615875e-05,5.801839e-03,1.211305e-01
159645696,2242290,1915748352,5851376,-6.901600e-02,-3.574844e-02,2.130745e-05,8.241810e-05,5.137594e-03,1.158715e-01
159907840,2242415,1918894080,5861102,-6.913467e-02,-3.581667e-02,2.241713e-05,8.366157e-05,5.405155e-03,1.176197e-01
160169984,2242415,1922039808,5870635,-6.898075e-02,-3.574005e-02,2.098321e-05,8.226584e-05,5.059413e-03,1.156574e-01
160432128,2242620,1925185536,5880056,-6.878174e-02,-3.562592e-02,1.919963e-05,8.020851e-05,4.629362e-03,1.127650e-01
160694272,2242834,1928331264,5889612,-6.890976e-02,-3.561396e-02,2.033789e-05,7.999445e-05,4.903814e-03,1.124641e-01
160956416,2242944,1931476992,5899287,-6.857237e-02,-3.569235e-02,1.740867e-05,8.140286e-05,4.197530e-03,1.144442e-01
161218560,2246757,1934622720,5908973,-6.856371e-02,-3.588483e-02,1.733644e-05,8.491319e-05,4.180114e-03,1.193793e-01
161480704,2250696,1937768448,5918522,-6.838708e-02,-3.602940e-02,1.589682e-05,8.759835e-05,3.832997e-03,1.231544e-01
161742848,2252398,1940914176,5928215,-6.838927e-02,-3.595829e-02,1.591423e-05,8.627234e-05,3.837195e-03,1.212902e-01
162004992,2258335,1944059904,5937871,-6.845205e-02,-3.605108e-02,1.641911e-05,8.800473e-05,3.958931e-03,1.237257e-01
162267136,2262917,1947205632,5947440,-6.850695e-02,-3.614270e-02,1.686701e-05,8.973197e-05,4.066926e-03,1.261541e-01
162529280,2268204,1950351360,5957032,-6.840250e-02,-3.591978e-02,1.601998e-05,8.555847e-05,3.862693e-03,1.202865e-01
162791424,2269414,1953497088,5966388,-6.836589e-02,-3.585663e-02,1.572824e-05,8.439426e-05,3.792349e-03,1.186498e-01
163053568,2281004,1956642816,5976092,-6.842341e-02,-3.579915e-02,1.618777e-05,8.334131e-05,3.903150e-03,1.171694e-01
163315712,2281522,1959788544,5985666,-6.824005e-02,-3.576674e-02,1.474600e-05,8.275061e-05,3.555514e-03,1.163390e-01
163577856,2287121,1962934272,5995265,-6.847485e-02,-3.547027e-02,1.660440e-05,7.744482e-05,4.003606e-03,1.088796e-01
163840000,2290626,1966080000,6004995,-6.856447e-02,-3.546005e-02,1.734283e-05,7.726507e-05,4.181654e-03,1.086268e-01
164102144,2294074,1969225728,6014885,-6.845926e-02,-3.543266e-02,1.647761e-05,7.678413e-05,3.973036e-03,1.079507e-01
164364288,2308374,1972371456,6024802,-6.857647e-02,-3.531778e-02,1.744288e-05,7.478415e-05,4.205779e-03,1.051389e-01
164626432,2308978,1975517184,6034442,-6.884554e-02,-3.536546e-02,1.976281e-05,7.561107e-05,4.765153e-03,1.063015e-01
164888576,2332003,1978662912,6043964,-6.882510e-02,-3.540824e-02,1.958152e-05,7.635690e-05,4.721442e-03,1.073501e-01
165150720,2337049,1981808640,6053679,-6.881145e-02,-3.548059e-02,1.946090e-05,7.762648e-05,4.692359e-03,1.091349e-01
165412864,2337577,1984954368,6063388,-6.892738e-02,-3.524344e-02,2.049713e-05,7.350383e-05,4.942210e-03,1.033389e-01
165675008,2363982,1988100096,6073113,-6.913977e-02,-3.525073e-02,2.246541e-05,7.362901e-05,5.416797e-03,1.035149e-01
165937152,2371349,1991245824,6082556,-6.909839e-02,-3.513079e-02,2.207485e-05,7.158500e-05,5.322627e-03,1.006412e-01
166199296,2395573,1994391552,6091981,-6.893122e-02,-3.496295e-02,2.053195e-05,6.877300e-05,4.950607e-03,9.668785e-02
166461440,2399247,1997537280,6101597,-6.914619e-02,-3.509977e-02,2.252626e-05,7.106111e-05,5.431470e-03,9.990470e-02
166723584,2403001,2000683008,6111274,-6.927516e-02,-3.524415e-02,2.376719e-05,7.351609e-05,5.730680e-03,1.033562e-01
166985728,2405515,2003828736,6120998,-6.935964e-02,-3.524296e-02,2.459798e-05,7.349558e-05,5.930998e-03,1.033273e-01
167247872,2405785,2006974464,6130597,-6.925301e-02,-3.528775e-02,2.355171e-05,7.426567e-05,5.678722e-03,1.044100e-01
167510016,2405883,2010120192,6140205,-6.923029e-02,-3.514914e-02,2.333166e-05,7.189586e-05,5.625666e-03,1.010783e-01
167772160,2469007,2013265920,6149734,-6.924541e-02,-3.516003e-02,2.347793e-05,7.208058e-05,5.660933e-03,1.013380e-01
168034304,2652553,2016411648,6159307,-6.909821e-02,-3.509782e-02,2.207317e-05,7.102820e-05,5.322222e-03,9.985844e-02
168296448,2653727,2019557376,6169036,-6.902191e-02,-3.488081e-02,2.136203e-05,6.741734e-05,5.150754e-03,9.478194e-02
168558592,2654118,2022703104,6178844,-6.923867e-02,-3.503723e-02,2.341271e-05,7.001062e-05,5.645207e-03,9.842782e-02
168820736,2654897,2025848832,6188264,-6.935672e-02,-3.509628e-02,2.456902e-05,7.100227e-05,5.924014e-03,9.982200e-02
169082880,2655096,2028994560,6197920,-6.918225e-02,-3.487322e-02,2.286986e-05,6.729278e-05,5.514318e-03,9.460682e-02
169345024,2655113,2032140288,6207438,-6.914148e-02,-3.460225e-02,2.248158e-05,6.292055e-05,5.420697e-03,8.845991e-02
169607168,2655487,2035286016,6216835,-6.886389e-02,-3.425515e-02,1.992630e-05,5.753446e-05,4.804574e-03,8.088761e-02
169869312,2655534,2038431744,6226417,-6.885307e-02,-3.418292e-02,1.982984e-05,5.644405e-05,4.781316e-03,7.935460e-02
170131456,2655689,2041577472,6236004,-6.876721e-02,-3.404064e-02,1.907252e-05,5.432641e-05,4.598713e-03,7.637742e-02
170393600,2655816,2044723200,6245569,-6.859852e-02,-3.429109e-02,1.762752e-05,5.808106e-05,4.250299e-03,8.165608e-02
170655744,2655858,2047868928,6255203,-6.832030e-02,-3.437386e-02,1.536877e-05,5.934954e-05,3.705674e-03,8.343942e-02
170917888,2656176,2051014656,6264824,-6.812274e-02,-3.427743e-02,1.385881e-05,5.787302e-05,3.341598e-03,8.136360e-02
171180032,2656199,2054160384,6274488,-6.821439e-02,-3.409443e-02,1.454953e-05,5.512212e-05,3.508142e-03,7.749611e-02
171442176,2656255,2057306112,6284315,-6.829076e-02,-3.408987e-02,1.513802e-05,5.505443e-05,3.650036e-03,7.740095e-02
171704320,2656461,2060451840,6293805,-6.836932e-02,-3.418987e-02,1.575550e-05,5.654843e-05,3.798921e-03,7.950136e-02
171966464,2656462,2063597568,6303176,-6.828643e-02,-3.400061e-02,1.510429e-05,5.373789e-05,3.641905e-03,7.555001e-02
172228608,2656473,2066743296,6312713,-6.823859e-02,-3.379126e-02,1.473473e-05,5.071233e-05,3.552796e-03,7.129639e-02
172490752,2656485,2069889024,6322351,-6.843964e-02,-3.372241e-02,1.631867e-05,4.973647e-05,3.934714e-03,6.992443e-02
172752896,2656546,2073034752,6331975,-6.828348e-02,-3.378620e-02,1.508137e-05,5.064025e-05,3.636378e-03,7.119507e-02
173015040,2656583,2076180480,6341550,-6.835715e-02,-3.371562e-02,1.565905e-05,4.964083e-05,3.775668e-03,6.978998e-02
173277184,2656585,2079326208,6351034,-6.847323e-02,-3.392450e-02,1.659116e-05,5.262774e-05,4.000415e-03,7.398926e-02
173539328,2656589,2082471936,6360656,-6.847361e-02,-3.379192e-02,1.659426e-05,5.072178e-05,4.001162e-03,7.130967e-02
173801472,2656598,2085617664,6370311,-6.852220e-02,-3.391929e-02,1.699251e-05,5.255226e-05,4.097188e-03,7.388315e-02
174063616,2656669,2088763392,6379819,-6.866487e-02,-3.383876e-02,1.818911e-05,5.139113e-05,4.385707e-03,7.225071e-02
174325760,2656707,2091909120,6389447,-6.874676e-02,-3.381147e-02,1.889431e-05,5.100058e-05,4.555742e-03,7.170165e-02
174587904,2656741,2095054848,6399182,-6.860873e-02,-3.379513e-02,1.771340e-05,5.076748e-05,4.271005e-03,7.137392e-02
174850048,2656830,2098200576,6408712,-6.852225e-02,-3.362356e-02,1.699294e-05,4.835202e-05,4.097292e-03,6.797803e-02
175112192,2656902,2101346304,6418228,-6.846664e-02,-3.363836e-02,1.653755e-05,4.855807e-05,3.987488e-03,6.826772e-02
175374336,2656992,2104492032,6427702,-6.848595e-02,-3.340433e-02,1.669493e-05,4.535118e-05,4.025436e-03,6.375916e-02
175636480,2657006,2107637760,6437155,-6.845405e-02,-3.346733e-02,1.643530e-05,4.620375e-05,3.962834e-03,6.495779e-02
175898624,2657206,2110783488,6446975,-6.826130e-02,-3.343853e-02,1.490964e-05,4.581305e-05,3.594971e-03,6.440850e-02
176160768,2657294,2113929216,6456529,-6.831231e-02,-3.345235e-02,1.530615e-05,4.600023e-05,3.690576e-03,6.467166e-02
176422912,2657345,2117074944,6466335,-6.837555e-02,-3.341496e-02,1.580498e-05,4.549444e-05,3.810853e-03,6.396057e-02
176685056,2657484,2120220672,6476133,-6.846683e-02,-3.337774e-02,1.653912e-05,4.499384e-05,3.987868e-03,6.325677e-02
176947200,2657523,2123366400,6485962,-6.855439e-02,-3.323108e-02,1.725897e-05,4.304782e-05,4.161435e-03,6.052087e-02
177209344,2657558,2126512128,6495653,-6.851646e-02,-3.350773e-02,1.694519e-05,4.675457e-05,4.085777e-03,6.573218e-02
177471488,2657822,2129657856,6505253,-6.837837e-02,-3.345786e-02,1.582744e-05,4.607510e-05,3.816269e-03,6.477693e-02
177733632,2657962,2132803584,6514628,-6.821375e-02,-3.355839e-02,1.454464e-05,4.744988e-05,3.506963e-03,6.670972e-02
177995776,2657982,2135949312,6524447,-6.822562e-02,-3.345748e-02,1.463537e-05,4.606985e-05,3.528839e-03,6.476952e-02
178257920,2658163,2139095040,6533980,-6.835217e-02,-3.348168e-02,1.561963e-05,4.639899e-05,3.766162e-03,6.523227e-02
178520064,2658704,2142240768,6543422,-6.833941e-02,-3.350459e-02,1.551897e-05,4.671163e-05,3.741891e-03,6.567182e-02
178782208,2658885,2145386496,6552978,-6.846363e-02,-3.343618e-02,1.651308e-05,4.578119e-05,3.981588e-03,6.436370e-02
179044352,2658928,2148532224,6562689,-6.832133e-02,-3.342595e-02,1.537683e-05,4.564291e-05,3.707618e-03,6.416930e-02
179306496,2659035,2151677952,6572573,-6.805050e-02,-3.337517e-02,1.332611e-05,4.495936e-05,3.213154e-03,6.320830e-02
179568640,2660197,2154823680,6582323,-6.786546e-02,-3.328829e-02,1.200940e-05,4.380175e-05,2.895674e-03,6.158082e-02
179830784,2660465,2157969408,6591732,-6.816442e-02,-3.312461e-02,1.417086e-05,4.166201e-05,3.416839e-03,5.857255e-02
180092928,2662837,2161115136,6601111,-6.818535e-02,-3.291550e-02,1.432887e-05,3.900622e-05,3.454937e-03,5.483879e-02
180355072,2664142,2164260864,6610637,-6.830604e-02,-3.287056e-02,1.525710e-05,3.844696e-05,3.678750e-03,5.405252e-02
180617216,2665350,2167406592,6620181,-6.837521e-02,-3.257988e-02,1.580232e-05,3.492673e-05,3.810210e-03,4.910344e-02
180879360,2666163,2170552320,6629564,-6.812984e-02,-3.237613e-02,1.391167e-05,3.255996e-05,3.354343e-03,4.577599e-02
181141504,2666572,2173698048,6639134,-6.801474e-02,-3.214437e-02,1.306633e-05,2.996871e-05,3.150518e-03,4.213296e-02
181403648,2667427,2176843776,6648719,-6.801026e-02,-3.201095e-02,1.303393e-05,2.852579e-05,3.142705e-03,4.010437e-02
181665792,2667940,2179989504,6658333,-6.780194e-02,-3.209093e-02,1.157316e-05,2.938651e-05,2.790489e-03,4.131445e-02
181927936,2668899,2183135232,6668012,-6.790566e-02,-3.239831e-02,1.228961e-05,3.281354e-05,2.963238e-03,4.613250e-02
182190080,2669508,2186280960,6677682,-6.779110e-02,-3.236841e-02,1.149952e-05,3.247184e-05,2.772733e-03,4.565212e-02
182452224,2677180,2189426688,6687322,-6.771357e-02,-3.243935e-02,1.097970e-05,3.328542e-05,2.647396e-03,4.679592e-02
182714368,2682261,2192572416,6697034,-6.779595e-02,-3.245583e-02,1.153249e-05,3.347586e-05,2.780682e-03,4.706366e-02
182976512,2686574,2195718144,6706510,-6.774542e-02,-3.232914e-02,1.119185e-05,3.202585e-05,2.698548e-03,4.502510e-02
183238656,2686962,2198863872,6715948,-6.760648e-02,-3.223081e-02,1.028149e-05,3.092265e-05,2.479045e-03,4.347410e-02
183500800,2687008,2202009600,6725534,-6.768091e-02,-3.233413e-02,1.076436e-05,3.208242e-05,2.595472e-03,4.510463e-02
183762944,2687275,2205155328,6734895,-6.762607e-02,-3.218866e-02,1.040749e-05,3.045563e-05,2.509425e-03,4.281753e-02
184025088,2687331,2208301056,6744476,-6.755465e-02,-3.223896e-02,9.951818e-06,3.101328e-05,2.399555e-03,4.360153e-02
184287232,2687404,2211446784,6754139,-6.761745e-02,-3.236503e-02,1.035195e-05,3.243335e-05,2.496032e-03,4.559800e-02
184549376,2687753,2214592512,6763786,-6.774176e-02,-3.233944e-02,1.116734e-05,3.214258e-05,2.692637e-03,4.518921e-02
184811520,2687851,2217738240,6773326,-6.762887e-02,-3.236201e-02,1.042557e-05,3.239899e-05,2.513785e-03,4.554969e-02
185073664,2687911,2220883968,6782962,-6.764583e-02,-3.244416e-02,1.053542e-05,3.334098e-05,2.540270e-03,4.687403e-02
185335808,2688058,2224029696,6792867,-6.785464e-02,-3.260041e-02,1.193449e-05,3.516981e-05,2.877611e-03,4.944519e-02
185597952,2688255,2227175424,6802448,-6.769352e-02,-3.268867e-02,1.084724e-05,3.622435e-05,2.615455e-03,5.092775e-02
185860096,2688323,2230321152,6812361,-6.755619e-02,-3.260439e-02,9.961504e-06,3.521702e-05,2.401890e-03,4.951156e-02
186122240,2688392,2233466880,6821869,-6.765324e-02,-3.267242e-02,1.058355e-05,3.602901e-05,2.551876e-03,5.065313e-02
186384384,2688396,2236612608,6831596,-6.750912e-02,-3.256393e-02,9.666626e-06,3.473840e-05,2.330790e-03,4.883866e-02
186646528,2688550,2239758336,6841073,-6.766089e-02,-3.259420e-02,1.063339e-05,3.509620e-05,2.563894e-03,4.934169e-02
186908672,2688641,2242904064,6850583,-6.758016e-02,-3.255857e-02,1.011338e-05,3.467528e-05,2.438510e-03,4.874993e-02
187170816,2688821,2246049792,6860156,-6.777390e-02,-3.251387e-02,1.138319e-05,3.415080e-05,2.744683e-03,4.801256e-02
187432960,2688859,2249195520,6869966,-6.788164e-02,-3.244395e-02,1.212178e-05,3.333853e-05,2.922769e-03,4.687059e-02
187695104,2688915,2252341248,6879632,-6.798768e-02,-3.256962e-02,1.287143e-05,3.480557e-05,3.103524e-03,4.893311e-02
187957248,2689132,2255486976,6889308,-6.791402e-02,-3.277405e-02,1.234835e-05,3.725938e-05,2.977400e-03,5.238291e-02
188219392,2689205,2258632704,6899085,-6.781182e-02,-3.269242e-02,1.164053e-05,3.626961e-05,2.806732e-03,5.099139e-02
188481536,2689214,2261778432,6908737,-6.786285e-02,-3.282782e-02,1.199129e-05,3.791876e-05,2.891306e-03,5.330992e-02
188743680,2689390,2264924160,6918341,-6.792436e-02,-3.253640e-02,1.242108e-05,3.441464e-05,2.994937e-03,4.838349e-02
189005824,2689456,2268069888,6928090,-6.810190e-02,-3.264043e-02,1.370403e-05,3.564605e-05,3.304278e-03,5.011473e-02
189267968,2689476,2271215616,6937759,-6.794401e-02,-3.290626e-02,1.256001e-05,3.889090e-05,3.028434e-03,5.467666e-02
189530112,2689547,2274361344,6947329,-6.795739e-02,-3.274791e-02,1.265503e-05,3.694099e-05,3.051347e-03,5.193528e-02
189792256,2689648,2277507072,6956764,-6.793551e-02,-3.290420e-02,1.249983e-05,3.886521e-05,3.013923e-03,5.464055e-02
190054400,2689707,2280652800,6966418,-6.796592e-02,-3.325412e-02,1.271580e-05,4.335060e-05,3.065999e-03,6.094655e-02
190316544,2689789,2283798528,6975892,-6.805925e-02,-3.315548e-02,1.339010e-05,4.206144e-05,3.228583e-03,5.913412e-02
190578688,2689819,2286944256,6985538,-6.813101e-02,-3.321296e-02,1.392045e-05,4.281028e-05,3.356461e-03,6.018691e-02
190840832,2689834,2290089984,6995116,-6.817796e-02,-3.304114e-02,1.427297e-05,4.059145e-05,3.441459e-03,5.706747e-02
191102976,2690155,2293235712,7004492,-6.821981e-02,-3.304381e-02,1.459094e-05,4.062540e-05,3.518126e-03,5.711519e-02
191365120,2690188,2296381440,7013956,-6.824405e-02,-3.305789e-02,1.477674e-05,4.080520e-05,3.562927e-03,5.736797e-02
191627264,2690287,2299527168,7023576,-6.821139e-02,-3.321487e-02,1.452669e-05,4.283534e-05,3.502635e-03,6.022214e-02
191889408,2690342,2302672896,7033063,-6.851593e-02,-3.320923e-02,1.694083e-05,4.276149e-05,4.084726e-03,6.011833e-02
192151552,2690454,2305818624,7042697,-6.856384e-02,-3.325393e-02,1.733755e-05,4.334815e-05,4.180383e-03,6.094310e-02
192413696,2690549,2308964352,7052303,-6.865592e-02,-3.318870e-02,1.811286e-05,4.249351e-05,4.367322e-03,5.974157e-02
192675840,2690685,2312110080,7061859,-6.847218e-02,-3.342628e-02,1.658267e-05,4.564734e-05,3.998367e-03,6.417552e-02
192937984,2690776,2315255808,7071390,-6.828189e-02,-3.324639e-02,1.506904e-05,4.324892e-05,3.633406e-03,6.080359e-02
193200128,2690978,2318401536,7080880,-6.838682e-02,-3.335963e-02,1.589474e-05,4.475118e-05,3.832495e-03,6.291562e-02
193462272,2691382,2321547264,7090514,-6.834721e-02,-3.356189e-02,1.558043e-05,4.749819e-05,3.756711e-03,6.677764e-02
193724416,2691844,2324692992,7100028,-6.842063e-02,-3.364291e-02,1.616542e-05,4.862154e-05,3.897761e-03,6.835695e-02
193986560,2691911,2327838720,7109847,-6.849495e-02,-3.358933e-02,1.676862e-05,4.787707e-05,4.043204e-03,6.731030e-02
194248704,2692323,2330984448,7119371,-6.840229e-02,-3.353378e-02,1.601831e-05,4.711145e-05,3.862290e-03,6.623393e-02
194510848,2694268,2334130176,7129124,-6.846053e-02,-3.343983e-02,1.648790e-05,4.583055e-05,3.975516e-03,6.443311e-02
194772992,2696896,2337275904,7138904,-6.829835e-02,-3.347942e-02,1.519709e-05,4.636819e-05,3.664281e-03,6.518897e-02
195035136,2700148,2340421632,7148474,-6.846892e-02,-3.328833e-02,1.655610e-05,4.380235e-05,3.991960e-03,6.158165e-02
195297280,2703773,2343567360,7158210,-6.851175e-02,-3.338378e-02,1.690650e-05,4.507489e-05,4.076450e-03,6.337072e-02
195559424,2705483,2346713088,7168038,-6.844048e-02,-3.338543e-02,1.632548e-05,4.509700e-05,3.936353e-03,6.340180e-02
195821568,2711771,2349858816,7177537,-6.831250e-02,-3.351931e-02,1.530761e-05,4.691309e-05,3.690927e-03,6.595504e-02
196083712,2715759,2353004544,7187012,-6.805093e-02,-3.336830e-02,1.332926e-05,4.486729e-05,3.213915e-03,6.307886e-02
196345856,2717124,2356150272,7196812,-6.804633e-02,-3.329610e-02,1.329572e-05,4.390517e-05,3.205826e-03,6.172621e-02
196608000,2721231,2359296000,7206205,-6.798500e-02,-3.316482e-02,1.285220e-05,4.218266e-05,3.098886e-03,5.930455e-02
196870144,2722451,2362441728,7215906,-6.797205e-02,-3.326672e-02,1.275952e-05,4.351666e-05,3.076540e-03,6.118001e-02
197132288,2735353,2365587456,7225412,-6.822975e-02,-3.327633e-02,1.466697e-05,4.364366e-05,3.536458e-03,6.135856e-02
197394432,2739628,2368733184,7234875,-6.810714e-02,-3.313716e-02,1.374284e-05,4.182413e-05,3.313635e-03,5.880048e-02
197656576,2742370,2371878912,7244573,-6.811694e-02,-3.315780e-02,1.381563e-05,4.209150e-05,3.331186e-03,5.917637e-02
197918720,2747942,2375024640,7254416,-6.790034e-02,-3.300733e-02,1.225240e-05,4.016177e-05,2.954264e-03,5.646338e-02
198180864,2756064,2378170368,7264217,-6.777702e-02,-3.305136e-02,1.140422e-05,4.072181e-05,2.749753e-03,5.725074e-02
198443008,2776988,2381316096,7273873,-6.778356e-02,-3.310855e-02,1.144844e-05,4.145499e-05,2.760416e-03,5.828151e-02
198705152,2778892,2384461824,7283472,-6.786034e-02,-3.321898e-02,1.197390e-05,4.288909e-05,2.887114e-03,6.029771e-02
198967296,2783890,2387607552,7293046,-6.802538e-02,-3.330278e-02,1.314337e-05,4.399383e-05,3.169092e-03,6.185086e-02
199229440,2811458,2390753280,7302840,-6.784111e-02,-3.337469e-02,1.184119e-05,4.495282e-05,2.855115e-03,6.319910e-02
199491584,2823164,2393899008,7312419,-6.788550e-02,-3.325086e-02,1.214866e-05,4.330778e-05,2.929252e-03,6.088635e-02
199753728,2843639,2397044736,7321949,-6.786881e-02,-3.320708e-02,1.203260e-05,4.273349e-05,2.901267e-03,6.007895e-02
200015872,2844974,2400190464,7331516,-6.792390e-02,-3.325026e-02,1.241783e-05,4.329979e-05,2.994152e-03,6.087511e-02
200278016,2848619,2403336192,7341126,-6.794862e-02,-3.320238e-02,1.259272e-05,4.267199e-05,3.036321e-03,5.999249e-02
200540160,2851194,2406481920,7350806,-6.800376e-02,-3.336343e-02,1.298706e-05,4.480198e-05,3.131404e-03,6.298705e-02
200802304,2853273,2409627648,7360267,-6.802426e-02,-3.354175e-02,1.313521e-05,4.722101e-05,3.167125e-03,6.638794e-02
201064448,2853438,2412773376,7370103,-6.807212e-02,-3.362279e-02,1.348443e-05,4.834135e-05,3.251329e-03,6.796304e-02
201326592,2918328,2415919104,7379825,-6.791680e-02,-3.371933e-02,1.236783e-05,4.969302e-05,2.982098e-03,6.986336e-02
201588736,3091483,2419064832,7389496,-6.793122e-02,-3.368979e-02,1.246950e-05,4.927745e-05,3.006611e-03,6.927910e-02
201850880,3092715,2422210560,7399071,-6.769162e-02,-3.370170e-02,1.083472e-05,4.944485e-05,2.612439e-03,6.951445e-02
202113024,3093106,2425356288,7408794,-6.767787e-02,-3.375749e-02,1.074442e-05,5.023251e-05,2.590664e-03,7.062180e-02
202375168,3094231,2428502016,7418672,-6.753990e-02,-3.378887e-02,9.858961e-06,5.067838e-05,2.377165e-03,7.124867e-02
202637312,3094315,2431647744,7428262,-6.751377e-02,-3.375180e-02,9.695557e-06,5.015196e-05,2.337766e-03,7.050856e-02
202899456,3094582,2434793472,7437914,-6.760459e-02,-3.357274e-02,1.026941e-05,4.764784e-05,2.476131e-03,6.698802e-02
203161600,3094842,2437939200,7447389,-6.755585e-02,-3.346990e-02,9.959388e-06,4.623860e-05,2.401380e-03,6.500679e-02
203423744,3094858,2441084928,7457008,-6.739604e-02,-3.334110e-02,8.976270e-06,4.450361e-05,2.164333e-03,6.256756e-02
203685888,3095122,2444230656,7466588,-6.735351e-02,-3.329160e-02,8.723204e-06,4.384555e-05,2.103315e-03,6.164240e-02
203948032,3095236,2447376384,7476318,-6.720089e-02,-3.319776e-02,7.844981e-06,4.261166e-05,1.891560e-03,5.990767e-02
204210176,3095494,2450522112,7486104,-6.694134e-02,-3.317301e-02,6.458413e-06,4.228919e-05,1.557235e-03,5.945431e-02
204472320,3095495,2453667840,7495738,-6.687086e-02,-3.317135e-02,6.105141e-06,4.226758e-05,1.472055e-03,5.942393e-02
204734464,3095595,2456813568,7505229,-6.686350e-02,-3.332326e-02,6.068818e-06,4.426585e-05,1.463297e-03,6.223330e-02
204996608,3095702,2459959296,7514643,-6.688894e-02,-3.311056e-02,6.194827e-06,4.148081e-05,1.493680e-03,5.831780e-02
205258752,3095843,2463105024,7524244,-6.669221e-02,-3.333029e-02,5.254219e-06,4.435944e-05,1.266883e-03,6.236487e-02
205520896,3095898,2466250752,7533763,-6.664473e-02,-3.335789e-02,5.038794e-06,4.472791e-05,1.214940e-03,6.288290e-02
205783040,3095909,2469396480,7543284,-6.666595e-02,-3.334584e-02,5.134541e-06,4.456691e-05,1.238026e-03,6.265654e-02
206045184,3095946,2472542208,7552819,-6.665155e-02,-3.345424e-02,5.069480e-06,4.602596e-05,1.222339e-03,6.470783e-02
206307328,3095982,2475687936,7562287,-6.669173e-02,-3.341936e-02,5.252034e-06,4.555386e-05,1.266356e-03,6.404410e-02
206569472,3096017,2478833664,7572072,-6.673064e-02,-3.339662e-02,5.431876e-06,4.524738e-05,1.309719e-03,6.361321e-02
206831616,3096087,2481979392,7581778,-6.682916e-02,-3.344231e-02,5.900806e-06,4.586425e-05,1.422786e-03,6.448049e-02
207093760,3096133,2485125120,7591117,-6.684130e-02,-3.355411e-02,5.959955e-06,4.739099e-05,1.437048e-03,6.662692e-02
207355904,3096165,2488270848,7600622,-6.692726e-02,-3.342493e-02,6.387039e-06,4.562907e-05,1.540025e-03,6.414984e-02
207618048,3096174,2491416576,7610099,-6.688913e-02,-3.321462e-02,6.195754e-06,4.283212e-05,1.493903e-03,6.021762e-02
207880192,3096380,2494562304,7619661,-6.695983e-02,-3.299671e-02,6.552708e-06,4.002732e-05,1.579971e-03,5.627435e-02
208142336,3096644,2497708032,7629294,-6.688987e-02,-3.299597e-02,6.199427e-06,4.001794e-05,1.494789e-03,5.626116e-02
208404480,3096764,2500853760,7638676,-6.681763e-02,-3.312058e-02,5.844906e-06,4.160994e-05,1.409308e-03,5.849935e-02
208666624,3096845,2503999488,7648474,-6.671958e-02,-3.296854e-02,5.380460e-06,3.967156e-05,1.297322e-03,5.577419e-02
208928768,3096926,2507145216,7658250,-6.654368e-02,-3.291371e-02,4.595368e-06,3.898389e-05,1.108022e-03,5.480739e-02
209190912,3097095,2510290944,7667795,-6.647719e-02,-3.286270e-02,4.314727e-06,3.834955e-05,1.040355e-03,5.391557e-02
209453056,3097116,2513436672,7677462,-6.648859e-02,-3.276256e-02,4.362214e-06,3.711926e-05,1.051805e-03,5.218591e-02
209715200,3097241,2516582400,7687236,-6.649943e-02,-3.271496e-02,4.407615e-06,3.654154e-05,1.062752e-03,5.137369e-02
209977344,3097604,2519728128,7696838,-6.643197e-02,-3.281765e-02,4.128890e-06,3.779357e-05,9.955465e-04,5.313392e-02
210239488,3097913,2522873856,7706354,-6.640082e-02,-3.287501e-02,4.003266e-06,3.850209e-05,9.652562e-04,5.413004e-02
210501632,3098053,2526019584,7716040,-6.635334e-02,-3.300067e-02,3.815541e-06,4.007735e-05,9.199927e-04,5.634468e-02
210763776,3098105,2529165312,7725820,-6.633935e-02,-3.311759e-02,3.761074e-06,4.157141e-05,9.068598e-04,5.844517e-02
211025920,3098661,2532311040,7735308,-6.635214e-02,-3.311509e-02,3.810856e-06,4.153918e-05,9.188632e-04,5.839986e-02
211288064,3098909,2535456768,7744999,-6.614687e-02,-3.289998e-02,3.051557e-06,3.881260e-05,7.357828e-04,5.456658e-02
211550208,3099528,2538602496,7754787,-6.615583e-02,-3.273753e-02,3.082926e-06,3.681489e-05,7.433465e-04,5.175800e-02
211812352,3099756,2541748224,7764504,-6.607585e-02,-3.280150e-02,2.808479e-06,3.759527e-05,6.771726e-04,5.285513e-02
212074496,3100050,2544893952,7773953,-6.608075e-02,-3.270177e-02,2.824909e-06,3.638223e-05,6.811343e-04,5.114972e-02
212336640,3100475,2548039680,7783420,-6.594733e-02,-3.273497e-02,2.394228e-06,3.678388e-05,5.772894e-04,5.171441e-02
212598784,3100694,2551185408,7793097,-6.588085e-02,-3.281358e-02,2.192910e-06,3.774361e-05,5.287483e-04,5.306369e-02
212860928,3104537,2554331136,7802664,-6.575971e-02,-3.311381e-02,1.848808e-06,4.152271e-05,4.457793e-04,5.837671e-02
213123072,3104759,2557476864,7812393,-6.568524e-02,-3.292925e-02,1.651842e-06,3.917816e-05,3.982876e-04,5.508051e-02
213385216,3105424,2560622592,7822246,-6.539430e-02,-3.279332e-02,9.886223e-07,3.749506e-05,2.383739e-04,5.271425e-02
213647360,3106415,2563768320,7831778,-6.555264e-02,-3.284428e-02,1.328567e-06,3.812168e-05,3.203403e-04,5.359522e-02
213909504,3106898,2566914048,7841416,-6.557005e-02,-3.281015e-02,1.369009e-06,3.770147e-05,3.300917e-04,5.300443e-02
214171648,3107320,2570059776,7851118,-6.568467e-02,-3.280004e-02,1.650368e-06,3.757736e-05,3.979321e-04,5.282996e-02
214433792,3107815,2573205504,7860701,-6.558064e-02,-3.277769e-02,1.393914e-06,3.730392e-05,3.360967e-04,5.244553e-02
214695936,3108358,2576351232,7870215,-6.542429e-02,-3.301706e-02,1.049157e-06,4.028515e-05,2.529697e-04,5.663683e-02
214958080,3108706,2579496960,7879775,-6.538688e-02,-3.292980e-02,9.739205e-07,3.918506e-05,2.348290e-04,5.509022e-02
215220224,3111060,2582642688,7889375,-6.540094e-02,-3.280237e-02,1.001883e-06,3.760591e-05,2.415711e-04,5.287010e-02
215482368,3112094,2585788416,7899200,-6.556911e-02,-3.266248e-02,1.366813e-06,3.590979e-05,3.295622e-04,5.048552e-02
215744512,3112680,2588934144,7908845,-6.580578e-02,-3.246819e-02,1.976205e-06,3.361904e-05,4.764970e-04,4.726496e-02
216006656,3120237,2592079872,7918427,-6.574959e-02,-3.228488e-02,1.821375e-06,3.152686e-05,4.391649e-04,4.432357e-02
216268800,3121732,2595225600,7927822,-6.560516e-02,-3.224208e-02,1.452396e-06,3.104810e-05,3.501976e-04,4.365048e-02
216530944,3131616,2598371328,7937432,-6.548236e-02,-3.225695e-02,1.171505e-06,3.121397e-05,2.824700e-04,4.388367e-02
216793088,3134090,2601517056,7947050,-6.536736e-02,-3.245239e-02,9.357873e-07,3.343599e-05,2.256344e-04,4.700761e-02
217055232,3134353,2604662784,7956465,-6.548429e-02,-3.229093e-02,1.175670e-06,3.159488e-05,2.834742e-04,4.441919e-02
217317376,3134689,2607808512,7966039,-6.536528e-02,-3.235299e-02,9.317699e-07,3.229635e-05,2.246658e-04,4.540540e-02
217579520,3134908,2610954240,7975454,-6.529003e-02,-3.225623e-02,7.921427e-07,3.120602e-05,1.909992e-04,4.387249e-02
217841664,3135409,2614099968,7985128,-6.531147e-02,-3.249688e-02,8.307717e-07,3.395254e-05,2.003134e-04,4.773383e-02
218103808,3135695,2617245696,7994704,-6.525213e-02,-3.237004e-02,7.261135e-07,3.249048e-05,1.750785e-04,4.567832e-02
218365952,3135763,2620391424,8004344,-6.526720e-02,-3.223736e-02,7.520279e-07,3.099548e-05,1.813269e-04,4.357651e-02
218628096,3135826,2623537152,8014033,-6.523860e-02,-3.224619e-02,7.032501e-07,3.109395e-05,1.695657e-04,4.371494e-02
218890240,3135973,2626682880,8023630,-6.545743e-02,-3.239786e-02,1.118145e-06,3.280837e-05,2.696040e-04,4.612524e-02
219152384,3135994,2629828608,8033494,-6.550360e-02,-3.244343e-02,1.217922e-06,3.333254e-05,2.936619e-04,4.686218e-02
219414528,3136065,2632974336,8043226,-6.526335e-02,-3.237109e-02,7.453748e-07,3.250238e-05,1.797227e-04,4.569505e-02
219676672,3136410,2636120064,8052651,-6.550425e-02,-3.239167e-02,1.219369e-06,3.273748e-05,2.940109e-04,4.602558e-02
219938816,3136423,2639265792,8062339,-6.540374e-02,-3.234042e-02,1.007498e-06,3.215365e-05,2.429252e-04,4.520477e-02
220200960,3136480,2642411520,8071996,-6.529370e-02,-3.231719e-02,7.986946e-07,3.189077e-05,1.925790e-04,4.483519e-02
220463104,3136684,2645557248,8081756,-6.533965e-02,-3.249988e-02,8.829325e-07,3.398754e-05,2.128902e-04,4.778304e-02
220725248,3136720,2648702976,8091423,-6.526759e-02,-3.247346e-02,7.527000e-07,3.368015e-05,1.814889e-04,4.735088e-02
220987392,3136771,2651848704,8100969,-6.523149e-02,-3.238928e-02,6.913793e-07,3.271012e-05,1.667035e-04,4.598711e-02
221249536,3136819,2654994432,8110714,-6.513950e-02,-3.240316e-02,5.468601e-07,3.286913e-05,1.318574e-04,4.621066e-02
221511680,3137003,2658140160,8120269,-6.535839e-02,-3.232335e-02,9.184981e-07,3.196040e-05,2.214657e-04,4.493309e-02
221773824,3137009,2661285888,8130016,-6.540616e-02,-3.246440e-02,1.012350e-06,3.357512e-05,2.440951e-04,4.720321e-02
222035968,3137177,2664431616,8139849,-6.545056e-02,-3.234969e-02,1.103664e-06,3.225893e-05,2.661124e-04,4.535279e-02
222298112,3137226,2667577344,8149470,-6.551483e-02,-3.249717e-02,1.242830e-06,3.395593e-05,2.996677e-04,4.773859e-02
222560256,3137321,2670723072,8159153,-6.544626e-02,-3.254922e-02,1.094650e-06,3.456524e-05,2.639389e-04,4.859523e-02
222822400,3137380,2673868800,8168629,-6.543657e-02,-3.264014e-02,1.074476e-06,3.564263e-05,2.590747e-04,5.010992e-02
223084544,3137396,2677014528,8178334,-6.540665e-02,-3.271959e-02,1.013340e-06,3.659759e-05,2.443337e-04,5.145250e-02
223346688,3137406,2680160256,8188194,-6.535216e-02,-3.285773e-02,9.066122e-07,3.828797e-05,2.185998e-04,5.382901e-02
223608832,3137427,2683305984,8197952,-6.546000e-02,-3.271789e-02,1.123603e-06,3.657694e-05,2.709201e-04,5.142348e-02
223870976,3137747,2686451712,8207431,-6.538597e-02,-3.287540e-02,9.721273e-07,3.850699e-05,2.343966e-04,5.413693e-02
224133120,3137754,2689597440,8216842,-6.535926e-02,-3.286268e-02,9.201840e-07,3.834931e-05,2.218722e-04,5.391525e-02
224395264,3137759,2692743168,8226260,-6.522198e-02,-3.285346e-02,6.756476e-07,3.823516e-05,1.629103e-04,5.375475e-02
224657408,3137783,2695888896,8235802,-6.537878e-02,-3.285546e-02,9.580011e-07,3.825995e-05,2.309906e-04,5.378960e-02
224919552,3137954,2699034624,8245398,-6.523730e-02,-3.287968e-02,7.010650e-07,3.856013e-05,1.690388e-04,5.421164e-02
225181696,3137972,2702180352,8255134,-6.531209e-02,-3.282988e-02,8.318993e-07,3.794418e-05,2.005853e-04,5.334567e-02
225443840,3138289,2705326080,8264672,-6.540900e-02,-3.267958e-02,1.018086e-06,3.611506e-05,2.454780e-04,5.077411e-02
225705984,3138506,2708471808,8274180,-6.549612e-02,-3.292649e-02,1.201483e-06,3.914366e-05,2.896983e-04,5.503201e-02
225968128,3138510,2711617536,8283880,-6.565225e-02,-3.272128e-02,1.568127e-06,3.661805e-05,3.781024e-04,5.148127e-02
226230272,3138516,2714763264,8293369,-6.563946e-02,-3.283557e-02,1.536252e-06,3.801420e-05,3.704168e-04,5.344411e-02
226492416,3139188,2717908992,8302916,-6.557086e-02,-3.286244e-02,1.370910e-06,3.834632e-05,3.305500e-04,5.391103e-02
226754560,3139297,2721054720,8312512,-6.560890e-02,-3.305338e-02,1.461443e-06,4.074749e-05,3.523790e-04,5.728684e-02
227016704,3139767,2724200448,8321784,-6.562839e-02,-3.309632e-02,1.508947e-06,4.129760e-05,3.638332e-04,5.806024e-02
227278848,3140108,2727346176,8331285,-6.560721e-02,-3.311267e-02,1.457338e-06,4.150802e-05,3.513894e-04,5.835606e-02
227540992,3141839,2730491904,8340884,-6.559708e-02,-3.294118e-02,1.432994e-06,3.932772e-05,3.455196e-04,5.529078e-02
227803136,3144251,2733637632,8350621,-6.540094e-02,-3.268810e-02,1.001883e-06,3.621758e-05,2.415711e-04,5.091824e-02
228065280,3144730,2736783360,8359978,-6.539355e-02,-3.262024e-02,9.871412e-07,3.540532e-05,2.380168e-04,4.977629e-02
228327424,3145815,2739929088,8369718,-6.534098e-02,-3.265122e-02,8.854406e-07,3.577504e-05,2.134950e-04,5.029607e-02
228589568,3149751,2743074816,8379399,-6.530199e-02,-3.272617e-02,8.135853e-07,3.667723e-05,1.961694e-04,5.156446e-02
228851712,3151392,2746220544,8389014,-6.532914e-02,-3.272690e-02,8.633003e-07,3.668603e-05,2.081566e-04,5.157683e-02
229113856,3153098,2749366272,8398465,-6.563276e-02,-3.273569e-02,1.519693e-06,3.679265e-05,3.664241e-04,5.172674e-02
229376000,3159394,2752512000,8407916,-6.574780e-02,-3.257542e-02,1.816552e-06,3.487396e-05,4.380019e-04,4.902925e-02
229638144,3161753,2755657728,8417271,-6.559150e-02,-3.235640e-02,1.419665e-06,3.233515e-05,3.423056e-04,4.545994e-02
229900288,3163728,2758803456,8426643,-6.565997e-02,-3.225405e-02,1.587519e-06,3.118164e-05,3.827780e-04,4.383821e-02
230162432,3164840,2761949184,8436190,-6.542312e-02,-3.215500e-02,1.046777e-06,3.008523e-05,2.523959e-04,4.229678e-02
230424576,3164894,2765094912,8445768,-6.539771e-02,-3.208955e-02,9.954198e-07,2.937157e-05,2.400128e-04,4.129344e-02
230686720,3182870,2768240640,8455255,-6.548870e-02,-3.222604e-02,1.185254e-06,3.086960e-05,2.857852e-04,4.339952e-02
230948864,3187465,2771386368,8465008,-6.547008e-02,-3.225767e-02,1.145076e-06,3.122209e-05,2.760975e-04,4.389509e-02
231211008,3188222,2774532096,8474587,-6.552498e-02,-3.216130e-02,1.265576e-06,3.015437e-05,3.051521e-04,4.239399e-02
231473152,3190290,2777677824,8484431,-6.554359e-02,-3.218823e-02,1.307797e-06,3.045090e-05,3.153324e-04,4.281088e-02
231735296,3203624,2780823552,8493936,-6.548641e-02,-3.222822e-02,1.180279e-06,3.089377e-05,2.845856e-04,4.343351e-02
231997440,3216527,2783969280,8503675,-6.557205e-02,-3.228561e-02,1.373703e-06,3.153510e-05,3.312235e-04,4.433515e-02
232259584,3221949,2787115008,8513218,-6.542762e-02,-3.218242e-02,1.056006e-06,3.038675e-05,2.546211e-04,4.272069e-02
232521728,3231265,2790260736,8523189,-6.555737e-02,-3.227482e-02,1.339495e-06,3.141401e-05,3.229755e-04,4.416491e-02
232783872,3259145,2793406464,8532822,-6.576213e-02,-3.226485e-02,1.855398e-06,3.130240e-05,4.473685e-04,4.400801e-02
233046016,3272654,2796552192,8542300,-6.573211e-02,-3.232502e-02,1.774502e-06,3.197923e-05,4.278629e-04,4.495956e-02
233308160,3284376,2799697920,8552085,-6.564281e-02,-3.223775e-02,1.544574e-06,3.099988e-05,3.724234e-04,4.358269e-02
233570304,3291309,2802843648,8561789,-6.579410e-02,-3.242087e-02,1.943495e-06,3.307255e-05,4.686102e-04,4.649666e-02
233832448,3296429,2805989376,8571344,-6.581170e-02,-3.246280e-02,1.992893e-06,3.355656e-05,4.805209e-04,4.717711e-02
234094592,3298883,2809135104,8581063,-6.586208e-02,-3.238419e-02,2.137677e-06,3.265194e-05,5.154306e-04,4.590531e-02
234356736,3300844,2812280832,8590670,-6.591497e-02,-3.239075e-02,2.295115e-06,3.272695e-05,5.533919e-04,4.601078e-02
234618880,3317727,2815426560,8600405,-6.578195e-02,-3.239739e-02,1.909782e-06,3.280295e-05,4.604813e-04,4.611762e-02
234881024,3365885,2818572288,8610014,-6.581453e-02,-3.228039e-02,2.000895e-06,3.147651e-05,4.824503e-04,4.425279e-02
235143168,3530731,2821718016,8619719,-6.568562e-02,-3.227292e-02,1.652819e-06,3.139276e-05,3.985231e-04,4.413503e-02
235405312,3532073,2824863744,8629476,-6.554569e-02,-3.232171e-02,1.312590e-06,3.194179e-05,3.164880e-04,4.490692e-02
235667456,3532337,2828009472,8638968,-6.536385e-02,-3.222348e-02,9.289960e-07,3.084112e-05,2.239969e-04,4.335948e-02
235929600,3533731,2831155200,8648595,-6.530976e-02,-3.217091e-02,8.276508e-07,3.026006e-05,1.995608e-04,4.254258e-02
236191744,3533846,2834300928,8658115,-6.516703e-02,-3.210633e-02,5.883347e-07,2.955363e-05,1.418576e-04,4.154941e-02
236453888,3534100,2837446656,8667729,-6.519613e-02,-3.207438e-02,6.338258e-07,2.920737e-05,1.528263e-04,4.106260e-02
236716032,3534299,2840592384,8677549,-6.518634e-02,-3.194167e-02,6.183333e-07,2.779048e-05,1.490908e-04,3.907060e-02
236978176,3534431,2843738112,8687192,-6.508439e-02,-3.193973e-02,4.683869e-07,2.777006e-05,1.129361e-04,3.904189e-02
237240320,3534575,2846883840,8696707,-6.495595e-02,-3.190982e-02,3.090775e-07,2.745572e-05,7.452391e-05,3.859995e-02
237502464,3534759,2850029568,8706373,-6.508119e-02,-3.197554e-02,4.640119e-07,2.814873e-05,1.118813e-04,3.957426e-02
237764608,3534901,2853175296,8715590,-6.517878e-02,-3.204964e-02,6.064973e-07,2.894054e-05,1.462370e-04,4.068746e-02
238026752,3535058,2856321024,8724994,-6.505324e-02,-3.221783e-02,4.267187e-07,3.077843e-05,1.028892e-04,4.327135e-02
238288896,3535227,2859466752,8734672,-6.512886e-02,-3.230696e-02,5.312376e-07,3.177530e-05,1.280905e-04,4.467285e-02
238551040,3535295,2862612480,8744124,-6.522964e-02,-3.225394e-02,6.882976e-07,3.118039e-05,1.659604e-04,4.383646e-02
238813184,3535296,2865758208,8753766,-6.543870e-02,-3.222895e-02,1.078898e-06,3.090193e-05,2.601410e-04,4.344499e-02
239075328,3535423,2868903936,8763372,-6.551582e-02,-3.219738e-02,1.245057e-06,3.055196e-05,3.002047e-04,4.295296e-02
239337472,3535511,2872049664,8773016,-6.553274e-02,-3.203736e-02,1.283087e-06,2.880854e-05,3.093743e-04,4.050189e-02
239599616,3535530,2875195392,8782565,-6.540571e-02,-3.222327e-02,1.011451e-06,3.083880e-05,2.438782e-04,4.335623e-02
239861760,3535555,2878341120,8791987,-6.541686e-02,-3.219191e-02,1.033995e-06,3.049153e-05,2.493139e-04,4.286800e-02
240123904,3535671,2881486848,8801694,-6.546636e-02,-3.197611e-02,1.137117e-06,2.815486e-05,2.741785e-04,3.958288e-02
240386048,3535672,2884632576,8811246,-6.538806e-02,-3.193130e-02,9.762601e-07,2.768128e-05,2.353931e-04,3.891707e-02
240648192,3535827,2887778304,8820906,-6.540198e-02,-3.196353e-02,1.003957e-06,2.802144e-05,2.420713e-04,3.939530e-02
240910336,3535876,2890924032,8830694,-6.536997e-02,-3.199966e-02,9.408394e-07,2.840523e-05,2.268526e-04,3.993487e-02
241172480,3536044,2894069760,8840149,-6.541578e-02,-3.196330e-02,1.031814e-06,2.801903e-05,2.487881e-04,3.939191e-02
241434624,3536289,2897215488,8849677,-6.538766e-02,-3.185835e-02,9.754652e-07,2.691895e-05,2.352014e-04,3.784532e-02
241696768,3536299,2900361216,8859476,-6.544840e-02,-3.178198e-02,1.099145e-06,2.613229e-05,2.650227e-04,3.673935e-02
241958912,3536391,2903506944,8869196,-6.530991e-02,-3.169038e-02,8.279355e-07,2.520420e-05,1.996295e-04,3.543454e-02
242221056,3536523,2906652672,8878757,-6.518832e-02,-3.176216e-02,6.214423e-07,2.593014e-05,1.498404e-04,3.645514e-02
242483200,3536607,2909798400,8888368,-6.519559e-02,-3.179811e-02,6.329601e-07,2.629751e-05,1.526176e-04,3.697163e-02
242745344,3536770,2912944128,8897801,-6.521530e-02,-3.190576e-02,6.647176e-07,2.741322e-05,1.602749e-04,3.854020e-02
243007488,3536926,2916089856,8907390,-6.535220e-02,-3.199522e-02,9.066831e-07,2.835795e-05,2.186169e-04,3.986841e-02
243269632,3537050,2919235584,8916917,-6.523708e-02,-3.205381e-02,7.006907e-07,2.898537e-05,1.689486e-04,4.075049e-02
243531776,3537630,2922381312,8926588,-6.511394e-02,-3.211291e-02,5.097060e-07,2.962529e-05,1.228989e-04,4.165015e-02
243793920,3537654,2925527040,8936276,-6.511319e-02,-3.212711e-02,5.086427e-07,2.978004e-05,1.226425e-04,4.186771e-02
244056064,3537771,2928672768,8945900,-6.523797e-02,-3.237827e-02,7.021883e-07,3.258432e-05,1.693097e-04,4.581025e-02
244318208,3538535,2931818496,8955629,-6.541322e-02,-3.231432e-02,1.026614e-06,3.185830e-05,2.475342e-04,4.478954e-02
244580352,3539006,2934964224,8965170,-6.530079e-02,-3.239711e-02,8.114094e-07,3.279975e-05,1.956448e-04,4.611312e-02
244842496,3539023,2938109952,8975004,-6.543116e-02,-3.243817e-02,1.063276e-06,3.327175e-05,2.563742e-04,4.677670e-02
245104640,3539525,2941255680,8984863,-6.535784e-02,-3.235582e-02,9.174559e-07,3.232850e-05,2.212144e-04,4.545059e-02
245366784,3539598,2944401408,8994495,-6.548248e-02,-3.233684e-02,1.171763e-06,3.211310e-05,2.825322e-04,4.514777e-02
245628928,3540766,2947547136,9004175,-6.543104e-02,-3.229805e-02,1.063046e-06,3.167492e-05,2.563187e-04,4.453172e-02
245891072,3544246,2950692864,9013862,-6.565851e-02,-3.216109e-02,1.583841e-06,3.015212e-05,3.818913e-04,4.239082e-02
246153216,3544314,2953838592,9023588,-6.568846e-02,-3.216462e-02,1.660126e-06,3.019088e-05,4.002849e-04,4.244531e-02
246415360,3544945,2956984320,9033086,-6.570868e-02,-3.225802e-02,1.712642e-06,3.122600e-05,4.129475e-04,4.390059e-02
246677504,3546241,2960130048,9042672,-6.564263e-02,-3.223316e-02,1.544130e-06,3.094876e-05,3.723163e-04,4.351081e-02
246939648,3546419,2963275776,9052342,-6.569005e-02,-3.220271e-02,1.664218e-06,3.061088e-05,4.012716e-04,4.303579e-02
247201792,3546738,2966421504,9061990,-6.582235e-02,-3.232364e-02,2.023067e-06,3.196369e-05,4.877963e-04,4.493771e-02
247463936,3547397,2969567232,9071656,-6.577058e-02,-3.220574e-02,1.878487e-06,3.064444e-05,4.529355e-04,4.308298e-02
247726080,3547998,2972712960,9081143,-6.590283e-02,-3.223316e-02,2.258488e-06,3.094876e-05,5.445605e-04,4.351081e-02
247988224,3548152,2975858688,9090765,-6.584361e-02,-3.232463e-02,2.084009e-06,3.197481e-05,5.024904e-04,4.495334e-02
248250368,3549844,2979004416,9100425,-6.591324e-02,-3.221918e-02,2.289881e-06,3.079339e-05,5.521298e-04,4.329238e-02
248512512,3552628,2982150144,9110126,-6.583319e-02,-3.238465e-02,2.054023e-06,3.265726e-05,4.952603e-04,4.591279e-02
248774656,3554769,2985295872,9119552,-6.584855e-02,-3.222413e-02,2.098295e-06,3.084841e-05,5.059351e-04,4.336973e-02
249036800,3556506,2988441600,9129186,-6.591117e-02,-3.230809e-02,2.283639e-06,3.178811e-05,5.506247e-04,4.469086e-02
249298944,3561124,2991587328,9138720,-6.607582e-02,-3.218401e-02,2.808354e-06,3.040434e-05,6.771425e-04,4.274541e-02
249561088,3563318,2994733056,9148466,-6.598369e-02,-3.217219e-02,2.508068e-06,3.027412e-05,6.047383e-04,4.256234e-02
249823232,3564119,2997878784,9158078,-6.599813e-02,-3.203462e-02,2.554011e-06,2.877920e-05,6.158160e-04,4.046063e-02
250085376,3571159,3001024512,9167560,-6.588938e-02,-3.208826e-02,2.218248e-06,2.935752e-05,5.348579e-04,4.127369e-02
250347520,3581548,3004170240,9177184,-6.590866e-02,-3.193787e-02,2.276034e-06,2.775043e-05,5.487911e-04,3.901429e-02
250609664,3581772,3007315968,9186865,-6.599112e-02,-3.196387e-02,2.531651e-06,2.802506e-05,6.104246e-04,3.940040e-02
250871808,3582155,3010461696,9196515,-6.599683e-02,-3.201661e-02,2.549869e-06,2.858619e-05,6.148172e-04,4.018928e-02
251133952,3582531,3013607424,9206011,-6.600466e-02,-3.201262e-02,2.574914e-06,2.854358e-05,6.208561e-04,4.012938e-02
251396096,3582780,3016753152,9215665,-6.618008e-02,-3.185042e-02,3.168677e-06,2.683679e-05,7.640226e-04,3.772981e-02
251658240,3582983,3019898880,9225408,-6.624464e-02,-3.183278e-02,3.402686e-06,2.665431e-05,8.204462e-04,3.747325e-02
251920384,3583136,3023044608,9234951,-6.637646e-02,-3.176742e-02,3.906366e-06,2.598374e-05,9.418920e-04,3.653050e-02
252182528,3583178,3026190336,9244589,-6.639364e-02,-3.182046e-02,3.974576e-06,2.652729e-05,9.583386e-04,3.729469e-02
252444672,3583288,3029336064,9254081,-6.625291e-02,-3.199934e-02,3.433265e-06,2.840189e-05,8.278194e-04,3.993018e-02
252706816,3583317,3032481792,9263773,-6.616154e-02,-3.217164e-02,3.103000e-06,3.026809e-05,7.481867e-04,4.255387e-02
252968960,3583538,3035627520,9273591,-6.619163e-02,-3.212433e-02,3.209924e-06,2.974971e-05,7.739681e-04,4.182508e-02
253231104,3583915,3038773248,9283139,-6.621196e-02,-3.207226e-02,3.283195e-06,2.918439e-05,7.916348e-04,4.103029e-02
253493248,3584183,3041918976,9292668,-6.611770e-02,-3.197691e-02,2.950473e-06,2.816328e-05,7.114099e-04,3.959471e-02
253755392,3584219,3045064704,9302374,-6.615205e-02,-3.204771e-02,3.069675e-06,2.891978e-05,7.401514e-04,4.065828e-02
254017536,3584256,3048210432,9311945,-6.628653e-02,-3.193757e-02,3.559002e-06,2.774733e-05,8.581366e-04,3.900993e-02
254279680,3584288,3051356160,9321627,-6.630773e-02,-3.199129e-02,3.639429e-06,2.831615e-05,8.775289e-04,3.980964e-02
254541824,3584388,3054501888,9331248,-6.618486e-02,-3.205428e-02,3.185703e-06,2.899051e-05,7.681277e-04,4.075771e-02
254803968,3584536,3057647616,9340670,-6.635842e-02,-3.198909e-02,3.835389e-06,2.829268e-05,9.247783e-04,3.977664e-02
255066112,3584603,3060793344,9350313,-6.628979e-02,-3.205414e-02,3.571297e-06,2.898894e-05,8.611013e-04,4.075551e-02
255328256,3584604,3063939072,9360084,-6.620274e-02,-3.190130e-02,3.249880e-06,2.736654e-05,7.836022e-04,3.847459e-02
255590400,3584703,3067084800,9369569,-6.625725e-02,-3.197251e-02,3.449353e-06,2.811656e-05,8.316985e-04,3.952904e-02
255852544,3584819,3070230528,9379087,-6.616478e-02,-3.198242e-02,3.114455e-06,2.822183e-05,7.509486e-04,3.967703e-02
256114688,3584843,3073376256,9388579,-6.618854e-02,-3.185959e-02,3.198855e-06,2.693187e-05,7.712990e-04,3.786347e-02
256376832,3584844,3076521984,9398274,-6.616726e-02,-3.197749e-02,3.123192e-06,2.816949e-05,7.530552e-04,3.960345e-02
256638976,3584911,3079667712,9407786,-6.623985e-02,-3.213911e-02,3.385035e-06,2.991114e-05,8.161902e-04,4.205203e-02
256901120,3584931,3082813440,9417355,-6.615010e-02,-3.203150e-02,3.062838e-06,2.874564e-05,7.385031e-04,4.041344e-02
257163264,3585169,3085959168,9427087,-6.626472e-02,-3.212265e-02,3.477167e-06,2.973135e-05,8.384049e-04,4.179926e-02
257425408,3585188,3089104896,9436622,-6.618202e-02,-3.212324e-02,3.175604e-06,2.973781e-05,7.656928e-04,4.180834e-02
257687552,3585263,3092250624,9446111,-6.613946e-02,-3.216053e-02,3.025712e-06,3.014590e-05,7.295511e-04,4.238208e-02
257949696,3585524,3095396352,9455553,-6.621055e-02,-3.226156e-02,3.278067e-06,3.126556e-05,7.903984e-04,4.395621e-02
258211840,3585655,3098542080,9465010,-6.626143e-02,-3.228446e-02,3.464924e-06,3.152218e-05,8.354530e-04,4.431698e-02
258473984,3585696,3101687808,9474633,-6.617957e-02,-3.230691e-02,3.166874e-06,3.177479e-05,7.635878e-04,4.467214e-02
258736128,3585746,3104833536,9484246,-6.610511e-02,-3.249831e-02,2.907400e-06,3.396926e-05,7.010243e-04,4.775734e-02
258998272,3585876,3107979264,9493758,-6.589849e-02,-3.247113e-02,2.245452e-06,3.365313e-05,5.414170e-04,4.731289e-02
259260416,3586314,3111124992,9503262,-6.599062e-02,-3.243483e-02,2.530062e-06,3.323325e-05,6.100417e-04,4.672258e-02
259522560,3586364,3114270720,9512882,-6.592466e-02,-3.241270e-02,2.324579e-06,3.297857e-05,5.604960e-04,4.636452e-02
259784704,3587020,3117416448,9522336,-6.589346e-02,-3.250004e-02,2.230427e-06,3.398937e-05,5.377944e-04,4.778560e-02
260046848,3587083,3120562176,9531787,-6.610055e-02,-3.259038e-02,2.891871e-06,3.505088e-05,6.972799e-04,4.927798e-02
260308992,3587644,3123707904,9541263,-6.614394e-02,-3.255524e-02,3.041336e-06,3.463611e-05,7.333184e-04,4.869486e-02
260571136,3587687,3126853632,9550641,-6.601787e-02,-3.253570e-02,2.617483e-06,3.440646e-05,6.311203e-04,4.837200e-02
260833280,3589542,3129999360,9560084,-6.592285e-02,-3.244697e-02,2.319061e-06,3.337342e-05,5.591657e-04,4.691965e-02
261095424,3590909,3133145088,9569596,-6.599875e-02,-3.249027e-02,2.555988e-06,3.387553e-05,6.162926e-04,4.762555e-02
261357568,3592355,3136290816,9579152,-6.602441e-02,-3.237055e-02,2.638693e-06,3.249630e-05,6.362343e-04,4.568650e-02
261619712,3593209,3139436544,9588772,-6.605700e-02,-3.229509e-02,2.745654e-06,3.164167e-05,6.620246e-04,4.448499e-02
261881856,3593473,3142582272,9598319,-6.631466e-02,-3.230979e-02,3.665914e-06,3.180718e-05,8.839149e-04,4.471767e-02
262144000,3598751,3145728000,9607855,-6.628355e-02,-3.220284e-02,3.547738e-06,3.061236e-05,8.554207e-04,4.303788e-02
262406144,3599194,3148873728,9617274,-6.614304e-02,-3.221466e-02,3.038166e-06,3.074330e-05,7.325541e-04,4.322197e-02
262668288,3600708,3152019456,9626750,-6.614432e-02,-3.220823e-02,3.042661e-06,3.067196e-05,7.336379e-04,4.312166e-02
262930432,3601058,3155165184,9636282,-6.615759e-02,-3.217676e-02,3.089129e-06,3.032436e-05,7.448423e-04,4.263297e-02
263192576,3604234,3158310912,9645735,-6.612487e-02,-3.208312e-02,2.975173e-06,2.930187e-05,7.173654e-04,4.119546e-02
263454720,3607021,3161456640,9655435,-6.619243e-02,-3.216188e-02,3.212808e-06,3.016071e-05,7.746635e-04,4.240290e-02
263716864,3611771,3164602368,9665114,-6.616916e-02,-3.217571e-02,3.129910e-06,3.031283e-05,7.546753e-04,4.261677e-02
263979008,3612670,3167748096,9674659,-6.620856e-02,-3.218201e-02,3.270867e-06,3.038224e-05,7.886625e-04,4.271434e-02
264241152,3626868,3170893824,9684102,-6.602119e-02,-3.237515e-02,2.628246e-06,3.254869e-05,6.337155e-04,4.576016e-02
264503296,3630559,3174039552,9693762,-6.610724e-02,-3.244717e-02,2.914646e-06,3.337566e-05,7.027714e-04,4.692279e-02
264765440,3636827,3177185280,9703538,-6.613339e-02,-3.268343e-02,3.004624e-06,3.616137e-05,7.244665e-04,5.083922e-02
265027584,3637991,3180331008,9713164,-6.619404e-02,-3.283655e-02,3.218580e-06,3.802633e-05,7.760551e-04,5.346116e-02
265289728,3650951,3183476736,9722514,-6.630138e-02,-3.289535e-02,3.615220e-06,3.875497e-05,8.716919e-04,5.448556e-02
265551872,3655603,3186622464,9732098,-6.626944e-02,-3.290971e-02,3.494806e-06,3.893394e-05,8.426580e-04,5.473717e-02
265814016,3661167,3189768192,9741517,-6.623875e-02,-3.291376e-02,3.381006e-06,3.898458e-05,8.152187e-04,5.480837e-02
266076160,3678677,3192913920,9751466,-6.634323e-02,-3.309305e-02,3.776116e-06,4.125553e-05,9.104867e-04,5.800109e-02
266338304,3706747,3196059648,9761455,-6.650374e-02,-3.302753e-02,4.425716e-06,4.041814e-05,1.067116e-03,5.682381e-02
266600448,3720231,3199205376,9770915,-6.660221e-02,-3.312257e-02,4.849709e-06,4.163570e-05,1.169348e-03,5.853558e-02
266862592,3723839,3202351104,9780472,-6.668248e-02,-3.300099e-02,5.209705e-06,4.008140e-05,1.256150e-03,5.635039e-02
267124736,3738929,3205496832,9790018,-6.656440e-02,-3.287502e-02,4.684600e-06,3.850233e-05,1.129538e-03,5.413036e-02
267386880,3744178,3208642560,9799831,-6.663265e-02,-3.280732e-02,4.984719e-06,3.766675e-05,1.201902e-03,5.295563e-02
267649024,3746705,3211788288,9809395,-6.669148e-02,-3.266598e-02,5.250873e-06,3.595177e-05,1.266076e-03,5.054454e-02
267911168,3748259,3214934016,9818877,-6.669612e-02,-3.247837e-02,5.272167e-06,3.373721e-05,1.271210e-03,4.743109e-02
268173312,3765271,3218079744,9828665,-6.661869e-02,-3.251368e-02,4.922568e-06,3.414862e-05,1.186916e-03,4.800950e-02
268435456,3813408,3221225472,9838304,-6.659559e-02,-3.235751e-02,4.820612e-06,3.234774e-05,1.162333e-03,4.547763e-02
268697600,3969805,3224371200,9847890,-6.653691e-02,-3.217639e-02,4.566378e-06,3.032034e-05,1.101032e-03,4.262732e-02
268959744,3971388,3227516928,9857587,-6.659373e-02,-3.207644e-02,4.812437e-06,2.922965e-05,1.160361e-03,4.109392e-02
269221888,3971486,3230662656,9867320,-6.655068e-02,-3.199740e-02,4.625412e-06,2.838117e-05,1.115267e-03,3.990105e-02
269484032,3973048,3233808384,9876923,-6.647629e-02,-3.207047e-02,4.310983e-06,2.916511e-05,1.039452e-03,4.100319e-02
269746176,3973209,3236954112,9886514,-6.648508e-02,-3.201821e-02,4.347537e-06,2.860340e-05,1.048266e-03,4.021348e-02
270008320,3973599,3240099840,9895948,-6.652251e-02,-3.200485e-02,4.505034e-06,2.846061e-05,1.086241e-03,4.001273e-02
270270464,3973629,3243245568,9905826,-6.659722e-02,-3.208247e-02,4.827747e-06,2.929482e-05,1.164053e-03,4.118554e-02
270532608,3973639,3246391296,9915561,-6.669993e-02,-3.212119e-02,5.289665e-06,2.971547e-05,1.275429e-03,4.177693e-02
270794752,3973879,3249537024,9924971,-6.666551e-02,-3.200747e-02,5.132515e-06,2.848856e-05,1.237538e-03,4.005202e-02
271056896,3974165,3252682752,9934668,-6.676345e-02,-3.195185e-02,5.585865e-06,2.789793e-05,1.346848e-03,3.922166e-02
271319040,3974273,3255828480,9944255,-6.660071e-02,-3.192123e-02,4.843115e-06,2.757542e-05,1.167758e-03,3.876825e-02
271581184,3974575,3258974208,9953752,-6.668879e-02,-3.199859e-02,5.238553e-06,2.839391e-05,1.263105e-03,3.991896e-02
271843328,3974732,3262119936,9963445,-6.667951e-02,-3.196045e-02,5.196177e-06,2.798887e-05,1.252888e-03,3.934951e-02
272105472,3974735,3265265664,9973005,-6.682774e-02,-3.187060e-02,5.893894e-06,2.704628e-05,1.421120e-03,3.802433e-02
272367616,3974782,3268411392,9982834,-6.672339e-02,-3.179544e-02,5.398137e-06,2.627016e-05,1.301584e-03,3.693318e-02
272629760,3974914,3271557120,9992475,-6.685195e-02,-3.169134e-02,6.012053e-06,2.521381e-05,1.449609e-03,3.544806e-02
272891904,3975021,3274702848,10002211,-6.684287e-02,-3.161195e-02,5.967597e-06,2.442290e-05,1.438890e-03,3.433613e-02
273154048,3975072,3277848576,10011793,-6.685527e-02,-3.171486e-02,6.028360e-06,2.545062e-05,1.453541e-03,3.578099e-02
273416192,3975127,3280994304,10021404,-6.673644e-02,-3.167994e-02,5.458964e-06,2.509953e-05,1.316250e-03,3.528740e-02
273678336,3975515,3284140032,10030773,-6.674850e-02,-3.160220e-02,5.515441e-06,2.432657e-05,1.329868e-03,3.420069e-02
273940480,3975558,3287285760,10040205,-6.685473e-02,-3.152454e-02,6.025689e-06,2.356652e-05,1.452897e-03,3.313213e-02
274202624,3975652,3290431488,10049882,-6.672758e-02,-3.145992e-02,5.417611e-06,2.294337e-05,1.306279e-03,3.225606e-02
274464768,3975733,3293577216,10059548,-6.678634e-02,-3.150496e-02,5.694614e-06,2.337687e-05,1.373069e-03,3.286550e-02
274726912,3975751,3296722944,10069322,-6.691583e-02,-3.148390e-02,6.329364e-06,2.317367e-05,1.526118e-03,3.257983e-02
274989056,3975825,3299868672,10078966,-6.691584e-02,-3.157065e-02,6.329439e-06,2.401642e-05,1.526137e-03,3.376465e-02
275251200,3975862,3303014400,10088692,-6.681036e-02,-3.165545e-02,5.809834e-06,2.485467e-05,1.400851e-03,3.494315e-02
275513344,3975972,3306160128,10098378,-6.664200e-02,-3.164864e-02,5.026559e-06,2.478682e-05,1.211990e-03,3.484775e-02
275775488,3976137,3309305856,10108115,-6.666080e-02,-3.164067e-02,5.111202e-06,2.470754e-05,1.232399e-03,3.473629e-02
276037632,3976247,3312451584,10117680,-6.653500e-02,-3.162435e-02,4.558198e-06,2.454560e-05,1.099060e-03,3.450862e-02
276299776,3976348,3315597312,10127171,-6.646309e-02,-3.161153e-02,4.256332e-06,2.441870e-05,1.026275e-03,3.433022e-02
276561920,3976403,3318743040,10136811,-6.633450e-02,-3.149653e-02,3.742285e-06,2.329542e-05,9.023293e-04,3.275099e-02
276824064,3976887,3321888768,10146329,-6.640051e-02,-3.150509e-02,4.002013e-06,2.337809e-05,9.649543e-04,3.286723e-02
277086208,3977088,3325034496,10155901,-6.633697e-02,-3.146269e-02,3.751861e-06,2.296986e-05,9.046383e-04,3.229330e-02
277348352,3977543,3328180224,10165450,-6.632135e-02,-3.139316e-02,3.691579e-06,2.230824e-05,8.901033e-04,3.136312e-02
277610496,3978163,3331325952,10174943,-6.626904e-02,-3.134905e-02,3.493302e-06,2.189353e-05,8.422954e-04,3.078008e-02
277872640,3978482,3334471680,10184704,-6.630175e-02,-3.139100e-02,3.616637e-06,2.228787e-05,8.720334e-04,3.133447e-02
278134784,3979011,3337617408,10194382,-6.640439e-02,-3.132024e-02,4.017559e-06,2.162474e-05,9.687028e-04,3.040219e-02
278396928,3979058,3340763136,10204011,-6.643002e-02,-3.138799e-02,4.120991e-06,2.225945e-05,9.936420e-04,3.129453e-02
278659072,3979059,3343908864,10213710,-6.645893e-02,-3.137170e-02,4.239196e-06,2.210597e-05,1.022143e-03,3.107874e-02
278921216,3980873,3347054592,10223148,-6.647366e-02,-3.136076e-02,4.300068e-06,2.200320e-05,1.036820e-03,3.093427e-02
279183360,3983554,3350200320,10232797,-6.662732e-02,-3.133291e-02,4.960927e-06,2.174273e-05,1.196165e-03,3.056808e-02
279445504,3983833,3353346048,10242247,-6.657298e-02,-3.118325e-02,4.721828e-06,2.036947e-05,1.138514e-03,2.863740e-02
279707648,3984335,3356491776,10251600,-6.653073e-02,-3.114311e-02,4.540018e-06,2.000869e-05,1.094677e-03,2.813018e-02
279969792,3985951,3359637504,10261305,-6.660602e-02,-3.113091e-02,4.866525e-06,1.989974e-05,1.173403e-03,2.797701e-02
280231936,3986004,3362783232,10270999,-6.659333e-02,-3.107451e-02,4.810704e-06,1.939967e-05,1.159944e-03,2.727397e-02
280494080,3986234,3365928960,10280709,-6.657924e-02,-3.089631e-02,4.749066e-06,1.786171e-05,1.145082e-03,2.511176e-02
280756224,3986847,3369074688,10290412,-6.663182e-02,-3.087906e-02,4.981027e-06,1.771620e-05,1.201011e-03,2.490719e-02
281018368,3987457,3372220416,10300024,-6.665782e-02,-3.071165e-02,5.097736e-06,1.633490e-05,1.229152e-03,2.296521e-02
281280512,3987513,3375366144,10309752,-6.665605e-02,-3.076367e-02,5.089765e-06,1.675813e-05,1.227230e-03,2.356023e-02
281542656,3990510,3378511872,10319552,-6.665848e-02,-3.073604e-02,5.100730e-06,1.653272e-05,1.229874e-03,2.324332e-02
281804800,3993308,3381657600,10329166,-6.681702e-02,-3.085050e-02,5.841988e-06,1.747660e-05,1.408604e-03,2.457032e-02
282066944,3993984,3384803328,10338722,-6.681369e-02,-3.095687e-02,5.825900e-06,1.837729e-05,1.404725e-03,2.583661e-02
282329088,3994229,3387949056,10348131,-6.670599e-02,-3.096142e-02,5.317565e-06,1.841629e-05,1.282156e-03,2.589144e-02
282591232,4000491,3391094784,10357794,-6.674286e-02,-3.104782e-02,5.488981e-06,1.916532e-05,1.323488e-03,2.694450e-02
282853376,4003703,3394240512,10367523,-6.689109e-02,-3.093089e-02,6.205513e-06,1.815520e-05,1.496256e-03,2.552437e-02
283115520,4006397,3397386240,10377114,-6.692928e-02,-3.106486e-02,6.397249e-06,1.931480e-05,1.542487e-03,2.715466e-02
283377664,4010725,3400531968,10386706,-6.697550e-02,-3.102200e-02,6.633171e-06,1.893995e-05,1.599372e-03,2.662765e-02
283639808,4018430,3403677696,10396595,-6.702016e-02,-3.083951e-02,6.865242e-06,1.738483e-05,1.655328e-03,2.444132e-02
283901952,4028786,3406823424,10406105,-6.698547e-02,-3.087257e-02,6.684620e-06,1.766162e-05,1.611777e-03,2.483044e-02
284164096,4028814,3409969152,10415729,-6.694675e-02,-3.075198e-02,6.485936e-06,1.666260e-05,1.563871e-03,2.342593e-02
284426240,4029623,3413114880,10425293,-6.700911e-02,-3.066260e-02,6.807462e-06,1.594087e-05,1.641396e-03,2.241125e-02
284688384,4029854,3416260608,10434959,-6.713327e-02,-3.054855e-02,7.470753e-06,1.504317e-05,1.801327e-03,2.114917e-02
284950528,4029981,3419406336,10444476,-6.708470e-02,-3.053392e-02,7.207601e-06,1.492986e-05,1.737877e-03,2.098987e-02
285212672,4030053,3422552064,10454108,-6.704319e-02,-3.064391e-02,6.986416e-06,1.579193e-05,1.684545e-03,2.220186e-02
285474816,4030138,3425697792,10463916,-6.721397e-02,-3.056072e-02,7.918441e-06,1.513767e-05,1.909273e-03,2.128203e-02
285736960,4030247,3428843520,10473376,-6.728461e-02,-3.044760e-02,8.320941e-06,1.427025e-05,2.006322e-03,2.006253e-02
285999104,4030398,3431989248,10483013,-6.722578e-02,-3.044332e-02,7.985042e-06,1.423792e-05,1.925331e-03,2.001707e-02
286261248,4030899,3435134976,10492568,-6.726316e-02,-3.046076e-02,8.197692e-06,1.436986e-05,1.976605e-03,2.020257e-02
286523392,4031238,3438280704,10502445,-6.726650e-02,-3.062452e-02,8.216817e-06,1.563826e-05,1.981216e-03,2.198581e-02
286785536,4031532,3441426432,10511871,-6.731591e-02,-3.049034e-02,8.502496e-06,1.459496e-05,2.050098e-03,2.051904e-02
287047680,4031595,3444572160,10521682,-6.738328e-02,-3.036823e-02,8.899957e-06,1.367694e-05,2.145933e-03,1.922840e-02
287309824,4031646,3447717888,10531156,-6.730010e-02,-3.017700e-02,8.410587e-06,1.229907e-05,2.027938e-03,1.729125e-02
287571968,4031668,3450863616,10540769,-6.733137e-02,-3.019015e-02,8.592938e-06,1.239144e-05,2.071905e-03,1.742111e-02
287834112,4031673,3454009344,10550596,-6.739601e-02,-3.032402e-02,8.976092e-06,1.335188e-05,2.164290e-03,1.877138e-02
288096256,4031704,3457155072,10560188,-6.736768e-02,-3.034623e-02,8.807113e-06,1.351469e-05,2.123547e-03,1.900029e-02
288358400,4031725,3460300800,10569667,-6.737447e-02,-3.024421e-02,8.847445e-06,1.277499e-05,2.133271e-03,1.796033e-02
288620544,4031836,3463446528,10579218,-6.735937e-02,-3.020040e-02,8.757830e-06,1.246375e-05,2.111664e-03,1.752277e-02
288882688,4031996,3466592256,10589003,-6.741542e-02,-3.017142e-02,9.092766e-06,1.225996e-05,2.192423e-03,1.723626e-02
289144832,4032042,3469737984,10598735,-6.733093e-02,-3.019202e-02,8.590318e-06,1.240461e-05,2.071274e-03,1.743962e-02
289406976,4032098,3472883712,10608329,-6.728378e-02,-3.030727e-02,8.316170e-06,1.322971e-05,2.005172e-03,1.859963e-02
289669120,4032207,3476029440,10617869,-6.731158e-02,-3.041291e-02,8.477313e-06,1.400941e-05,2.044026e-03,1.969581e-02
289931264,4032260,3479175168,10627578,-6.718269e-02,-3.031068e-02,7.743350e-06,1.325458e-05,1.867055e-03,1.863459e-02
290193408,4032281,3482320896,10637212,-6.713659e-02,-3.027717e-02,7.488889e-06,1.301169e-05,1.805700e-03,1.829312e-02
290455552,4032372,3485466624,10646721,-6.719976e-02,-3.034174e-02,7.838638e-06,1.348166e-05,1.890031e-03,1.895384e-02
290717696,4032514,3488612352,10656348,-6.724777e-02,-3.029694e-02,8.109785e-06,1.315473e-05,1.955409e-03,1.849421e-02
290979840,4032559,3491758080,10665833,-6.718771e-02,-3.024613e-02,7.771323e-06,1.278873e-05,1.873800e-03,1.797966e-02
291241984,4032737,3494903808,10675362,-6.726702e-02,-3.018399e-02,8.219765e-06,1.234810e-05,1.981927e-03,1.736018e-02
291504128,4032845,3498049536,10684881,-6.715296e-02,-3.003138e-02,7.578787e-06,1.129891e-05,1.827376e-03,1.588512e-02
291766272,4033133,3501195264,10694354,-6.710209e-02,-3.008186e-02,7.301275e-06,1.164078e-05,1.760463e-03,1.636576e-02
292028416,4033163,3504340992,10703892,-6.716993e-02,-3.009756e-02,7.672483e-06,1.174815e-05,1.849968e-03,1.651671e-02
292290560,4033196,3507486720,10713492,-6.721315e-02,-3.001979e-02,7.913788e-06,1.122107e-05,1.908151e-03,1.577569e-02
292552704,4033216,3510632448,10723058,-6.719299e-02,-2.998732e-02,7.800802e-06,1.100464e-05,1.880908e-03,1.547141e-02
292814848,4034114,3513778176,10732710,-6.727257e-02,-3.006491e-02,8.251666e-06,1.152543e-05,1.989619e-03,1.620359e-02
293076992,4034217,3516923904,10742233,-6.723353e-02,-3.008541e-02,8.028852e-06,1.166503e-05,1.935894e-03,1.639985e-02
293339136,4034640,3520069632,10751884,-6.717539e-02,-3.001344e-02,7.702767e-06,1.117858e-05,1.857270e-03,1.571595e-02
293601280,4034747,3523215360,10761531,-6.714045e-02,-2.997983e-02,7.510027e-06,1.095501e-05,1.810797e-03,1.540163e-02
293863424,4035190,3526361088,10771182,-6.726107e-02,-2.999264e-02,8.185708e-06,1.103992e-05,1.973715e-03,1.552100e-02
294125568,4035317,3529506816,10780860,-6.725141e-02,-3.002559e-02,8.130549e-06,1.125996e-05,1.960415e-03,1.583037e-02
294387712,4036898,3532652544,10790196,-6.724704e-02,-3.009070e-02,8.105627e-06,1.170121e-05,1.954406e-03,1.645071e-02
294649856,4038886,3535798272,10799758,-6.715754e-02,-3.016660e-02,7.604037e-06,1.222623e-05,1.833464e-03,1.718884e-02
294912000,4039691,3538944000,10809340,-6.702477e-02,-3.016146e-02,6.889431e-06,1.219026e-05,1.661160e-03,1.713827e-02
295174144,4040400,3542089728,10818881,-6.690013e-02,-3.015248e-02,6.250621e-06,1.212768e-05,1.507133e-03,1.705028e-02
295436288,4040684,3545235456,10828664,-6.683588e-02,-3.008148e-02,5.933501e-06,1.163818e-05,1.430669e-03,1.636210e-02
295698432,4041039,3548381184,10838193,-6.694017e-02,-3.011372e-02,6.452469e-06,1.185919e-05,1.555801e-03,1.667282e-02
295960576,4043945,3551526912,10847646,-6.701035e-02,-3.005468e-02,6.813917e-06,1.145609e-05,1.642953e-03,1.610611e-02
296222720,4045833,3554672640,10857241,-6.710062e-02,-3.006172e-02,7.293345e-06,1.150375e-05,1.758551e-03,1.617311e-02
296484864,4048157,3557818368,10866851,-6.712215e-02,-3.010108e-02,7.410109e-06,1.177228e-05,1.786705e-03,1.655064e-02
296747008,4048326,3560964096,10876339,-6.716554e-02,-3.009806e-02,7.648191e-06,1.175160e-05,1.844111e-03,1.652156e-02
297009152,4054337,3564109824,10886119,-6.720579e-02,-3.002031e-02,7.872426e-06,1.122458e-05,1.898177e-03,1.578062e-02
297271296,4059246,3567255552,10895689,-6.728534e-02,-2.999943e-02,8.325153e-06,1.108512e-05,2.007338e-03,1.558455e-02
297533440,4059830,3570401280,10905144,-6.736536e-02,-2.991358e-02,8.793365e-06,1.052083e-05,2.120232e-03,1.479121e-02
297795584,4066749,3573547008,10914692,-6.740231e-02,-2.979540e-02,9.013856e-06,9.768156e-06,2.173396e-03,1.373304e-02
298057728,4077488,3576692736,10924149,-6.738622e-02,-2.973644e-02,8.917480e-06,9.403049e-06,2.150158e-03,1.321973e-02
298319872,4085047,3579838464,10933778,-6.755032e-02,-2.980100e-02,9.924526e-06,9.803186e-06,2.392974e-03,1.378229e-02
298582016,4085612,3582984192,10943269,-6.751514e-02,-2.991718e-02,9.704097e-06,1.054418e-05,2.339825e-03,1.482405e-02
298844160,4095332,3586129920,10952952,-6.757776e-02,-2.975320e-02,1.009812e-05,9.506140e-06,2.434832e-03,1.336467e-02
299106304,4098542,3589275648,10962544,-6.753877e-02,-2.982660e-02,9.851850e-06,9.964115e-06,2.375451e-03,1.400854e-02
299368448,4101075,3592421376,10971907,-6.752124e-02,-2.982836e-02,9.742151e-06,9.975219e-06,2.349000e-03,1.402415e-02
299630592,4125659,3595567104,10981392,-6.757718e-02,-2.981379e-02,1.009448e-05,9.883399e-06,2.433952e-03,1.389506e-02
299892736,4153891,3598712832,10990965,-6.753536e-02,-2.976120e-02,9.830441e-06,9.555525e-06,2.370289e-03,1.343410e-02
300154880,4163789,3601858560,11000402,-6.745514e-02,-2.977641e-02,9.333883e-06,9.649782e-06,2.250560e-03,1.356661e-02
300417024,4167530,3605004288,11009952,-6.752377e-02,-2.969091e-02,9.757924e-06,9.125923e-06,2.352804e-03,1.283012e-02
300679168,4186204,3608150016,11019582,-6.752064e-02,-2.950155e-02,9.738385e-06,8.017698e-06,2.348092e-03,1.127207e-02
300941312,4191565,3611295744,11029117,-6.763874e-02,-2.958775e-02,1.048942e-05,8.513297e-06,2.529180e-03,1.196883e-02
301203456,4194350,3614441472,11038593,-6.765868e-02,-2.951177e-02,1.061896e-05,8.075650e-06,2.560415e-03,1.135354e-02
301465600,4195389,3617587200,11047955,-6.766650e-02,-2.945166e-02,1.067001e-05,7.737660e-06,2.572724e-03,1.087836e-02
301727744,4212334,3620732928,11057519,-6.780020e-02,-2.940362e-02,1.156135e-05,7.472657e-06,2.787642e-03,1.050580e-02
301989888,4260862,3623878656,11067024,-6.785332e-02,-2.942304e-02,1.192543e-05,7.579239e-06,2.875427e-03,1.065564e-02
302252032,4409418,3627024384,11076484,-6.789687e-02,-2.943329e-02,1.222810e-05,7.635751e-06,2.948406e-03,1.073509e-02
302514176,4410944,3630170112,11085885,-6.796698e-02,-2.950949e-02,1.272330e-05,8.062687e-06,3.067806e-03,1.133532e-02
302776320,4411050,3633315840,11095304,-6.802764e-02,-2.951973e-02,1.315974e-05,8.120970e-06,3.173040e-03,1.141726e-02
303038464,4412660,3636461568,11104868,-6.795111e-02,-2.948301e-02,1.261033e-05,7.913054e-06,3.040569e-03,1.112495e-02
303300608,4412704,3639607296,11114671,-6.808226e-02,-2.946954e-02,1.355901e-05,7.837439e-06,3.269310e-03,1.101864e-02
303562752,4413028,3642753024,11124451,-6.807722e-02,-2.954559e-02,1.352194e-05,8.269011e-06,3.260373e-03,1.162539e-02
303824896,4413411,3645898752,11134118,-6.811835e-02,-2.960721e-02,1.382610e-05,8.627207e-06,3.333711e-03,1.212898e-02
304087040,4413451,3649044480,11143693,-6.816248e-02,-2.947822e-02,1.415623e-05,7.886124e-06,3.413310e-03,1.108709e-02
304349184,4413526,3652190208,11153149,-6.820820e-02,-2.926940e-02,1.450239e-05,6.756897e-06,3.496776e-03,9.499512e-03
304611328,4413581,3655335936,11162845,-6.819429e-02,-2.933563e-02,1.439658e-05,7.105601e-06,3.471263e-03,9.989754e-03
304873472,4414147,3658481664,11172237,-6.819126e-02,-2.921688e-02,1.437364e-05,6.486609e-06,3.465731e-03,9.119514e-03
305135616,4414171,3661627392,11181890,-6.819315e-02,-2.926334e-02,1.438799e-05,6.725414e-06,3.469192e-03,9.455250e-03
305397760,4414380,3664773120,11191488,-6.806733e-02,-2.926159e-02,1.344933e-05,6.716317e-06,3.242864e-03,9.442460e-03
305659904,4414427,3667918848,11201017,-6.812140e-02,-2.925764e-02,1.384883e-05,6.695875e-06,3.339191e-03,9.413720e-03
305922048,4414526,3671064576,11210571,-6.807542e-02,-2.936951e-02,1.350868e-05,7.287360e-06,3.257176e-03,1.024529e-02
306184192,4414541,3674210304,11220144,-6.801791e-02,-2.918854e-02,1.308924e-05,6.343036e-06,3.156041e-03,8.917665e-03
306446336,4414759,3677356032,11229525,-6.794759e-02,-2.922707e-02,1.258537e-05,6.538593e-06,3.034549e-03,9.192597e-03
306708480,4414847,3680501760,11239222,-6.785848e-02,-2.921735e-02,1.196107e-05,6.489000e-06,2.884019e-03,9.122876e-03
306970624,4414927,3683647488,11248988,-6.793814e-02,-2.928158e-02,1.251843e-05,6.820327e-06,3.018409e-03,9.588689e-03
307232768,4415389,3686793216,11258654,-6.795129e-02,-2.925005e-02,1.261166e-05,6.656669e-06,3.040887e-03,9.358602e-03
307494912,4415489,3689938944,11268220,-6.798723e-02,-2.921055e-02,1.286823e-05,6.454419e-06,3.102751e-03,9.074258e-03
307757056,4415646,3693084672,11277683,-6.792375e-02,-2.918708e-02,1.241678e-05,6.335701e-06,2.993899e-03,8.907353e-03
308019200,4415665,3696230400,11287228,-6.806421e-02,-2.906284e-02,1.342644e-05,5.725708e-06,3.237345e-03,8.049765e-03
308281344,4415745,3699376128,11296715,-6.800064e-02,-2.909205e-02,1.296462e-05,5.866324e-06,3.125994e-03,8.247457e-03
308543488,4415808,3702521856,11306362,-6.807400e-02,-2.911491e-02,1.349828e-05,5.977575e-06,3.254668e-03,8.403864e-03
308805632,4415817,3705667584,11316056,-6.806877e-02,-2.916063e-02,1.345982e-05,6.203249e-06,3.245395e-03,8.721138e-03
309067776,4415826,3708813312,11325684,-6.813733e-02,-2.918040e-02,1.396764e-05,6.302092e-06,3.367838e-03,8.860103e-03
309329920,4415987,3711959040,11335344,-6.814887e-02,-2.925764e-02,1.405398e-05,6.695894e-06,3.388657e-03,9.413748e-03
309592064,4415997,3715104768,11344850,-6.825218e-02,-2.929356e-02,1.483930e-05,6.883066e-06,3.578011e-03,9.676893e-03
309854208,4416195,3718250496,11354455,-6.818547e-02,-2.939398e-02,1.432977e-05,7.420061e-06,3.455155e-03,1.043185e-02
310116352,4416328,3721396224,11364038,-6.804287e-02,-2.938083e-02,1.327046e-05,7.348581e-06,3.199737e-03,1.033136e-02
310378496,4416482,3724541952,11373682,-6.813390e-02,-2.939661e-02,1.394198e-05,7.434427e-06,3.361651e-03,1.045205e-02
310640640,4416625,3727687680,11383292,-6.824276e-02,-2.937026e-02,1.476678e-05,7.291404e-06,3.560524e-03,1.025097e-02
310902784,4417614,3730833408,11392958,-6.831310e-02,-2.925944e-02,1.531233e-05,6.705180e-06,3.692066e-03,9.426803e-03
311164928,4418083,3733979136,11402492,-6.824981e-02,-2.929482e-02,1.482099e-05,6.889685e-06,3.573597e-03,9.686197e-03
311427072,4418583,3737124864,11411909,-6.820749e-02,-2.935225e-02,1.449694e-05,7.194465e-06,3.495462e-03,1.011469e-02
311689216,4418878,3740270592,11421434,-6.822193e-02,-2.939180e-02,1.460711e-05,7.408193e-06,3.522025e-03,1.041517e-02
311951360,4419120,3743416320,11431041,-6.823461e-02,-2.943803e-02,1.470420e-05,7.661982e-06,3.545435e-03,1.077197e-02
312213504,4419232,3746562048,11440505,-6.814375e-02,-2.943939e-02,1.401563e-05,7.669511e-06,3.379410e-03,1.078256e-02
312475648,4421426,3749707776,11450069,-6.810460e-02,-2.931542e-02,1.372406e-05,6.998256e-06,3.309108e-03,9.838839e-03
312737792,4422943,3752853504,11459613,-6.807948e-02,-2.925745e-02,1.353855e-05,6.694891e-06,3.264377e-03,9.412338e-03
312999936,4423623,3755999232,11469461,-6.806960e-02,-2.918251e-02,1.346594e-05,6.312720e-06,3.246871e-03,8.875044e-03
313262080,4423932,3759144960,11479111,-6.812262e-02,-2.908137e-02,1.385787e-05,5.814728e-06,3.341370e-03,8.174919e-03
313524224,4425566,3762290688,11488753,-6.817617e-02,-2.929340e-02,1.425946e-05,6.882206e-06,3.438202e-03,9.675683e-03
313786368,4425862,3765436416,11498278,-6.799453e-02,-2.936080e-02,1.292066e-05,7.240382e-06,3.115395e-03,1.017924e-02
314048512,4426155,3768582144,11507927,-6.790185e-02,-2.948800e-02,1.226294e-05,7.941143e-06,2.956805e-03,1.116444e-02
314310656,4426690,3771727872,11517374,-6.792885e-02,-2.944294e-02,1.245277e-05,7.689177e-06,3.002577e-03,1.081020e-02
314572800,4427171,3774873600,11526914,-6.801622e-02,-2.942593e-02,1.307700e-05,7.595164e-06,3.153090e-03,1.067803e-02
314834944,4427185,3778019328,11536395,-6.811673e-02,-2.938042e-02,1.381408e-05,7.346360e-06,3.330813e-03,1.032824e-02
315097088,4430325,3781165056,11545993,-6.801157e-02,-2.942524e-02,1.304340e-05,7.591355e-06,3.144988e-03,1.067268e-02
315359232,4432813,3784310784,11555617,-6.800988e-02,-2.943932e-02,1.303124e-05,7.669160e-06,3.142056e-03,1.078206e-02
315621376,4433603,3787456512,11565271,-6.806215e-02,-2.939459e-02,1.341132e-05,7.423420e-06,3.233700e-03,1.043658e-02
315883520,4433969,3790602240,11574877,-6.810526e-02,-2.952539e-02,1.372892e-05,8.153275e-06,3.310279e-03,1.146268e-02
316145664,4439833,3793747968,11584497,-6.799306e-02,-2.950585e-02,1.291006e-05,8.042030e-06,3.112838e-03,1.130628e-02
316407808,4443416,3796893696,11593994,-6.805177e-02,-2.946724e-02,1.333541e-05,7.824543e-06,3.215397e-03,1.100051e-02
316669952,4449728,3800039424,11603728,-6.810555e-02,-2.940163e-02,1.373107e-05,7.461816e-06,3.310798e-03,1.049056e-02
316932096,4450319,3803185152,11613415,-6.804387e-02,-2.941851e-02,1.327779e-05,7.554327e-06,3.201504e-03,1.062062e-02
317194240,4457868,3806330880,11623147,-6.803235e-02,-2.941745e-02,1.319393e-05,7.548461e-06,3.181282e-03,1.061237e-02
317456384,4475640,3809476608,11632746,-6.793214e-02,-2.951926e-02,1.247597e-05,8.118284e-06,3.008171e-03,1.141348e-02
317718528,4476074,3812622336,11642341,-6.792666e-02,-2.944008e-02,1.243732e-05,7.673329e-06,2.998851e-03,1.078792e-02
317980672,4476759,3815768064,11652076,-6.790955e-02,-2.957985e-02,1.231690e-05,8.467207e-06,2.969816e-03,1.190403e-02
318242816,4476815,3818913792,11661686,-6.792281e-02,-2.952885e-02,1.241016e-05,8.173051e-06,2.992304e-03,1.149048e-02
318504960,4476836,3822059520,11671214,-6.780437e-02,-2.949301e-02,1.158969e-05,7.969396e-06,2.794475e-03,1.120416e-02
318767104,4476881,3825205248,11680575,-6.783367e-02,-2.937554e-02,1.179007e-05,7.319949e-06,2.842789e-03,1.029111e-02
319029248,4476987,3828350976,11690187,-6.794012e-02,-2.948674e-02,1.253246e-05,7.934037e-06,3.021791e-03,1.115445e-02
319291392,4477105,3831496704,11699630,-6.794043e-02,-2.940843e-02,1.253462e-05,7.498984e-06,3.022313e-03,1.054281e-02
319553536,4477398,3834642432,11709212,-6.793805e-02,-2.935806e-02,1.251780e-05,7.225644e-06,3.018256e-03,1.015852e-02
319815680,4477983,3837788160,11718660,-6.787167e-02,-2.936065e-02,1.205251e-05,7.239600e-06,2.906068e-03,1.017814e-02
320077824,4478480,3840933888,11728341,-6.787928e-02,-2.932094e-02,1.210539e-05,7.027497e-06,2.918817e-03,9.879948e-03
320339968,4478592,3844079616,11738019,-6.785513e-02,-2.932106e-02,1.193789e-05,7.028109e-06,2.878430e-03,9.880808e-03
320602112,4478771,3847225344,11747814,-6.791092e-02,-2.936254e-02,1.232652e-05,7.249798e-06,2.972137e-03,1.019248e-02
320864256,4478800,3850371072,11757516,-6.789491e-02,-2.935309e-02,1.221440e-05,7.198962e-06,2.945103e-03,1.012101e-02
321126400,4478896,3853516800,11767149,-6.777566e-02,-2.958520e-02,1.139506e-05,8.498369e-06,2.747545e-03,1.194784e-02
321388544,4478990,3856662528,11776855,-6.785383e-02,-2.975424e-02,1.192893e-05,9.512551e-06,2.876271e-03,1.337368e-02
321650688,4478994,3859808256,11786431,-6.791395e-02,-2.979002e-02,1.234782e-05,9.734536e-06,2.977273e-03,1.368577e-02
321912832,4479077,3862953984,11796036,-6.799738e-02,-2.978817e-02,1.294113e-05,9.722975e-06,3.120330e-03,1.366952e-02
322174976,4479164,3866099712,11805839,-6.814842e-02,-2.979919e-02,1.405063e-05,9.791817e-06,3.387849e-03,1.376630e-02
322437120,4479200,3869245440,11815488,-6.807928e-02,-2.966561e-02,1.353707e-05,8.973670e-06,3.264020e-03,1.261607e-02
322699264,4479210,3872391168,11825038,-6.807213e-02,-2.961222e-02,1.348454e-05,8.656655e-06,3.251355e-03,1.217038e-02
322961408,4479218,3875536896,11834754,-6.797303e-02,-2.964453e-02,1.276655e-05,8.847822e-06,3.078234e-03,1.243914e-02
323223552,4479247,3878682624,11844202,-6.783134e-02,-2.957969e-02,1.177411e-05,8.466297e-06,2.838941e-03,1.190275e-02
323485696,4479348,3881828352,11853796,-6.787005e-02,-2.959917e-02,1.204124e-05,8.580046e-06,2.903349e-03,1.206267e-02
323747840,4479534,3884974080,11863195,-6.781287e-02,-2.955384e-02,1.164770e-05,8.316557e-06,2.808461e-03,1.169224e-02
324009984,4479660,3888119808,11872635,-6.780004e-02,-2.949834e-02,1.156024e-05,7.999533e-06,2.787373e-03,1.124653e-02
324272128,4479716,3891265536,11882329,-6.772535e-02,-2.948909e-02,1.105791e-05,7.947264e-06,2.666252e-03,1.117305e-02
324534272,4479749,3894411264,11892025,-6.775512e-02,-2.949436e-02,1.125680e-05,7.977033e-06,2.714208e-03,1.121490e-02
324796416,4480168,3897556992,11901614,-6.771391e-02,-2.948939e-02,1.098198e-05,7.948976e-06,2.647944e-03,1.117545e-02
325058560,4480204,3900702720,11911180,-6.765990e-02,-2.951720e-02,1.062693e-05,8.106560e-06,2.562336e-03,1.139700e-02
325320704,4480214,3903848448,11920689,-6.754744e-02,-2.944656e-02,9.906367e-06,7.709283e-06,2.388596e-03,1.083847e-02
325582848,4480319,3906994176,11930175,-6.760485e-02,-2.945375e-02,1.027108e-05,7.749291e-06,2.476534e-03,1.089472e-02
325844992,4480507,3910139904,11939781,-6.757198e-02,-2.952526e-02,1.006146e-05,8.152488e-06,2.425991e-03,1.146157e-02
326107136,4480643,3913285632,11949384,-6.764451e-02,-2.955272e-02,1.052686e-05,8.310059e-06,2.538207e-03,1.168310e-02
326369280,4480774,3916431360,11959069,-6.765302e-02,-2.945012e-02,1.058209e-05,7.729092e-06,2.551525e-03,1.086632e-02
326631424,4481692,3919577088,11968499,-6.762397e-02,-2.950503e-02,1.039394e-05,8.037415e-06,2.506157e-03,1.129979e-02
326893568,4481760,3922722816,11978186,-6.757484e-02,-2.954946e-02,1.007957e-05,8.291287e-06,2.430358e-03,1.165671e-02
327155712,4482094,3925868544,11987634,-6.753649e-02,-2.956619e-02,9.837543e-06,8.387893e-06,2.372001e-03,1.179253e-02
327417856,4482332,3929014272,11997288,-6.751664e-02,-2.973319e-02,9.713429e-06,9.383126e-06,2.342075e-03,1.319172e-02
327680000,4482541,3932160000,12007021,-6.749283e-02,-2.981623e-02,9.565569e-06,9.898748e-06,2.306424e-03,1.391663e-02
327942144,4482816,3935305728,12016660,-6.743708e-02,-2.977482e-02,9.223811e-06,9.639913e-06,2.224019e-03,1.355274e-02
328204288,4483816,3938451456,12025906,-6.744864e-02,-2.987700e-02,9.294182e-06,1.028487e-05,2.240987e-03,1.445949e-02
328466432,4484283,3941597184,12035658,-6.745894e-02,-2.989287e-02,9.357070e-06,1.038690e-05,2.256151e-03,1.460293e-02
328728576,4485986,3944742912,12045390,-6.740942e-02,-2.987022e-02,9.056585e-06,1.024140e-05,2.183699e-03,1.439836e-02
328990720,4486851,3947888640,12055028,-6.733117e-02,-2.985877e-02,8.591715e-06,1.016823e-05,2.071611e-03,1.429550e-02
329252864,4487217,3951034368,12064634,-6.740632e-02,-2.986376e-02,9.037940e-06,1.020009e-05,2.179203e-03,1.434030e-02
329515008,4488322,3954180096,12074425,-6.729502e-02,-2.988098e-02,8.381140e-06,1.031041e-05,2.020837e-03,1.449539e-02
329777152,4492771,3957325824,12083990,-6.723379e-02,-2.985771e-02,8.030372e-06,1.016151e-05,1.936261e-03,1.428605e-02
330039296,4495638,3960471552,12093705,-6.737389e-02,-2.984434e-02,8.844032e-06,1.007646e-05,2.132448e-03,1.416648e-02
330301440,4497141,3963617280,12103204,-6.735747e-02,-2.983734e-02,8.746633e-06,1.003202e-05,2.108964e-03,1.410401e-02
330563584,4501844,3966763008,12112581,-6.748474e-02,-2.982256e-02,9.515630e-06,9.938613e-06,2.294382e-03,1.397268e-02
330825728,4506435,3969908736,12121904,-6.752479e-02,-2.967381e-02,9.764302e-06,9.022883e-06,2.354341e-03,1.268526e-02
331087872,4506663,3973054464,12131266,-6.756663e-02,-2.965434e-02,1.002750e-05,8.906292e-06,2.417804e-03,1.252134e-02
331350016,4507010,3976200192,12140940,-6.737084e-02,-2.972808e-02,8.825873e-06,9.351839e-06,2.128070e-03,1.314774e-02
331612160,4524565,3979345920,12150516,-6.732173e-02,-2.966653e-02,8.536508e-06,8.979183e-06,2.058299e-03,1.262382e-02
331874304,4533049,3982491648,12160150,-6.736007e-02,-2.958044e-02,8.761976e-06,8.470665e-06,2.112663e-03,1.190890e-02
332136448,4533078,3985637376,12169682,-6.737166e-02,-2.956863e-02,8.830743e-06,8.402076e-06,2.129244e-03,1.181247e-02
332398592,4534770,3988783104,12179425,-6.737532e-02,-2.952936e-02,8.852498e-06,8.175916e-06,2.134490e-03,1.149451e-02
332660736,4540950,3991928832,12189040,-6.723493e-02,-2.960921e-02,8.036834e-06,8.638952e-06,1.937819e-03,1.214549e-02
332922880,4545678,3995074560,12198527,-6.710878e-02,-2.949250e-02,7.337477e-06,7.966494e-06,1.769192e-03,1.120008e-02
333185024,4572732,3998220288,12208003,-6.717578e-02,-2.951488e-02,7.704918e-06,8.093350e-06,1.857789e-03,1.137843e-02
333447168,4600831,4001366016,12217568,-6.715767e-02,-2.946819e-02,7.604735e-06,7.829880e-06,1.833633e-03,1.100802e-02
333709312,4603675,4004511744,12227028,-6.727511e-02,-2.950720e-02,8.266226e-06,8.049713e-06,1.993129e-03,1.131708e-02
333971456,4614714,4007657472,12236583,-6.739727e-02,-2.939093e-02,8.983593e-06,7.403458e-06,2.166099e-03,1.040851e-02
334233600,4633230,4010803200,12246446,-6.744761e-02,-2.938006e-02,9.287914e-06,7.344401e-06,2.239476e-03,1.032548e-02
334495744,4638862,4013948928,12255936,-6.736086e-02,-2.935469e-02,8.766652e-06,7.207571e-06,2.113791e-03,1.013311e-02
334757888,4641929,4017094656,12265473,-6.731931e-02,-2.938751e-02,8.522364e-06,7.384840e-06,2.054889e-03,1.038234e-02
335020032,4642523,4020240384,12274921,-6.732537e-02,-2.937526e-02,8.557768e-06,7.318458e-06,2.063425e-03,1.028901e-02
335282176,4659189,4023386112,12284392,-6.743344e-02,-2.938693e-02,9.201739e-06,7.381712e-06,2.218698e-03,1.037794e-02
335544320,4708118,4026531840,12293968,-6.739867e-02,-2.927641e-02,8.992036e-06,6.793386e-06,2.168135e-03,9.550812e-03
335806464,4849056,4029677568,12303367,-6.733150e-02,-2.927939e-02,8.593681e-06,6.808940e-06,2.072084e-03,9.572678e-03
336068608,4850451,4032823296,12312967,-6.717964e-02,-2.932981e-02,7.726400e-06,7.074603e-06,1.862968e-03,9.946174e-03
336330752,4850596,4035969024,12322772,-6.720917e-02,-2.937585e-02,7.891419e-06,7.321643e-06,1.902757e-03,1.029349e-02
336592896,4852225,4039114752,12332336,-6.718415e-02,-2.931547e-02,7.751480e-06,6.998532e-06,1.869015e-03,9.839226e-03
336855040,4852345,4042260480,12342033,-6.719818e-02,-2.924464e-02,7.829796e-06,6.628749e-06,1.887899e-03,9.319348e-03
337117184,4852360,4045406208,12351767,-6.717056e-02,-2.928788e-02,7.675992e-06,6.853290e-06,1.850814e-03,9.635030e-03
337379328,4852944,4048551936,12361091,-6.710559e-02,-2.936964e-02,7.320211e-06,7.288084e-06,1.765029e-03,1.024631e-02
337641472,4852982,4051697664,12370657,-6.719832e-02,-2.939748e-02,7.830588e-06,7.439130e-06,1.888090e-03,1.045866e-02
337903616,4853192,4054843392,12380194,-6.717225e-02,-2.937994e-02,7.685366e-06,7.343765e-06,1.853074e-03,1.032459e-02
338165760,4853307,4057989120,12389826,-6.709172e-02,-2.949309e-02,7.245335e-06,7.969827e-06,1.746975e-03,1.120477e-02
338427904,4853692,4061134848,12399437,-6.711974e-02,-2.947610e-02,7.396973e-06,7.874192e-06,1.783537e-03,1.107031e-02
338690048,4854023,4064280576,12409335,-6.713907e-02,-2.944437e-02,7.502515e-06,7.697144e-06,1.808985e-03,1.082140e-02
338952192,4854065,4067426304,12418938,-6.714597e-02,-2.938749e-02,7.540316e-06,7.384738e-06,1.818100e-03,1.038219e-02
339214336,4854096,4070572032,12428681,-6.718835e-02,-2.941735e-02,7.774895e-06,7.547908e-06,1.874661e-03,1.061159e-02
339476480,4854288,4073717760,12438256,-6.725270e-02,-2.942251e-02,8.137858e-06,7.576336e-06,1.962178e-03,1.065156e-02
339738624,4854311,4076863488,12448003,-6.725087e-02,-2.946396e-02,8.127447e-06,7.806225e-06,1.959668e-03,1.097476e-02
340000768,4854707,4080009216,12457494,-6.724460e-02,-2.932703e-02,8.091717e-06,7.059798e-06,1.951052e-03,9.925359e-03
340262912,4854860,4083154944,12466996,-6.726931e-02,-2.927505e-02,8.232928e-06,6.786280e-06,1.985101e-03,9.540821e-03
340525056,4854890,4086300672,12476591,-6.728818e-02,-2.929683e-02,8.341543e-06,6.900239e-06,2.011290e-03,9.701038e-03
340787200,4854967,4089446400,12486218,-6.722591e-02,-2.928682e-02,7.985758e-06,6.847752e-06,1.925504e-03,9.627244e-03
341049344,4855090,4092592128,12495937,-6.705934e-02,-2.937838e-02,7.072067e-06,7.335348e-06,1.705197e-03,1.031275e-02
341311488,4855332,4095737856,12505485,-6.708626e-02,-2.942731e-02,7.216004e-06,7.602753e-06,1.739903e-03,1.068870e-02
341573632,4855449,4098883584,12515188,-6.699099e-02,-2.933582e-02,6.713199e-06,7.106604e-06,1.618668e-03,9.991164e-03
341835776,4855517,4102029312,12524994,-6.701748e-02,-2.931495e-02,6.851193e-06,6.995773e-06,1.651941e-03,9.835348e-03
342097920,4855620,4105175040,12534618,-6.703874e-02,-2.927066e-02,6.962961e-06,6.763435e-06,1.678890e-03,9.508703e-03
342360064,4855639,4108320768,12544252,-6.701155e-02,-2.919890e-02,6.820182e-06,6.395337e-06,1.644463e-03,8.991194e-03
342622208,4855760,4111466496,12553803,-6.706210e-02,-2.919858e-02,7.086776e-06,6.393726e-06,1.708744e-03,8.988929e-03
342884352,4855903,4114612224,12563331,-6.697069e-02,-2.913039e-02,6.608440e-06,6.053511e-06,1.593409e-03,8.510623e-03
343146496,4855941,4117757952,12572771,-6.693672e-02,-2.926818e-02,6.434956e-06,6.750527e-06,1.551579e-03,9.490556e-03
343408640,4856148,4120903680,12582440,-6.690474e-02,-2.928488e-02,6.273704e-06,6.837588e-06,1.512698e-03,9.612955e-03
343670784,4856322,4124049408,12592173,-6.698043e-02,-2.916518e-02,6.658602e-06,6.225918e-06,1.605503e-03,8.753008e-03
343932928,4856361,4127195136,12601819,-6.704916e-02,-2.916504e-02,7.018039e-06,6.225212e-06,1.692170e-03,8.752016e-03
344195072,4856366,4130340864,12611548,-6.713360e-02,-2.916975e-02,7.472545e-06,6.248759e-06,1.801759e-03,8.785120e-03
344457216,4857688,4133486592,12620998,-6.708601e-02,-2.925208e-02,7.214643e-06,6.667150e-06,1.739575e-03,9.373337e-03
344719360,4857876,4136632320,12630408,-6.699526e-02,-2.920649e-02,6.735379e-06,6.433784e-06,1.624016e-03,9.045249e-03
344981504,4858514,4139778048,12640034,-6.689330e-02,-2.926920e-02,6.216543e-06,6.755852e-06,1.498915e-03,9.498042e-03
345243648,4858661,4142923776,12649723,-6.695296e-02,-2.923716e-02,6.517586e-06,6.590315e-06,1.571502e-03,9.265314e-03
345505792,4858978,4146069504,12659242,-6.693744e-02,-2.936188e-02,6.438585e-06,7.246207e-06,1.552454e-03,1.018743e-02
345767936,4859404,4149215232,12668915,-6.702483e-02,-2.932924e-02,6.889704e-06,7.071581e-06,1.661226e-03,9.941925e-03
346030080,4861995,4152360960,12678376,-6.702729e-02,-2.928983e-02,6.902657e-06,6.863524e-06,1.664350e-03,9.649417e-03
346292224,4862461,4155506688,12687894,-6.711709e-02,-2.922543e-02,7.382592e-06,6.530222e-06,1.780070e-03,9.180830e-03
346554368,4863187,4158652416,12697601,-6.707107e-02,-2.916422e-02,7.134617e-06,6.221160e-06,1.720279e-03,8.746319e-03
346816512,4863401,4161798144,12707374,-6.721237e-02,-2.916632e-02,7.909387e-06,6.231627e-06,1.907089e-03,8.761035e-03
347078656,4865168,4164943872,12716968,-6.721648e-02,-2.901922e-02,7.932536e-06,5.518818e-06,1.912671e-03,7.758898e-03
347340800,4865620,4168089600,12726365,-6.723033e-02,-2.902944e-02,8.010748e-06,5.566978e-06,1.931529e-03,7.826606e-03
347602944,4866439,4171235328,12736162,-6.721843e-02,-2.912613e-02,7.943537e-06,6.032568e-06,1.915323e-03,8.481178e-03
347865088,4866557,4174381056,12745827,-6.719775e-02,-2.907123e-02,7.827378e-06,5.765909e-06,1.887316e-03,8.106284e-03
348127232,4866644,4177526784,12755087,-6.717534e-02,-2.907149e-02,7.702519e-06,5.767144e-06,1.857210e-03,8.108020e-03
348389376,4866998,4180672512,12764591,-6.715485e-02,-2.914012e-02,7.589169e-06,6.101488e-06,1.829880e-03,8.578072e-03
348651520,4870227,4183818240,12774120,-6.716044e-02,-2.910745e-02,7.619989e-06,5.941162e-06,1.837311e-03,8.352671e-03
348913664,4872417,4186963968,12783832,-6.712774e-02,-2.922172e-02,7.440563e-06,6.511263e-06,1.794048e-03,9.154176e-03
349175808,4873115,4190109696,12793379,-6.718952e-02,-2.921517e-02,7.781420e-06,6.477902e-06,1.876234e-03,9.107273e-03
349437952,4873966,4193255424,12802977,-6.720610e-02,-2.926646e-02,7.874182e-06,6.741596e-06,1.898601e-03,9.478001e-03
349700096,4879564,4196401152,12812589,-6.731503e-02,-2.940003e-02,8.497369e-06,7.453047e-06,2.048862e-03,1.047823e-02
349962240,4883238,4199546880,12822081,-6.727732e-02,-2.929922e-02,8.278956e-06,6.912790e-06,1.996199e-03,9.718683e-03
350224384,4889825,4202692608,12831576,-6.729320e-02,-2.936358e-02,8.370618e-06,7.255366e-06,2.018300e-03,1.020031e-02
350486528,4893038,4205838336,12841062,-6.732672e-02,-2.930236e-02,8.565703e-06,6.929324e-06,2.065338e-03,9.741927e-03
350748672,4897238,4208984064,12850627,-6.727672e-02,-2.924583e-02,8.275482e-06,6.634918e-06,1.995361e-03,9.328022e-03
351010816,4919626,4212129792,12860215,-6.729775e-02,-2.911479e-02,8.396937e-06,5.977010e-06,2.024646e-03,8.403070e-03
351272960,4922411,4215275520,12869585,-6.731261e-02,-2.914053e-02,8.483302e-06,6.103521e-06,2.045470e-03,8.580932e-03
351535104,4923385,4218421248,12879298,-6.724013e-02,-2.908063e-02,8.066347e-06,5.811145e-06,1.944935e-03,8.169880e-03
351797248,4923544,4221566976,12888733,-6.717385e-02,-2.905165e-02,7.694251e-06,5.672269e-06,1.855216e-03,7.974635e-03
352059392,4923577,4224712704,12898299,-6.715931e-02,-2.895985e-02,7.613779e-06,5.243423e-06,1.835813e-03,7.371721e-03
352321536,4923739,4227858432,12907599,-6.721452e-02,-2.902893e-02,7.921502e-06,5.564534e-06,1.910011e-03,7.823170e-03
352583680,4923792,4231004160,12917172,-6.729747e-02,-2.904856e-02,8.395296e-06,5.657533e-06,2.024251e-03,7.953918e-03
352845824,4923907,4234149888,12926766,-6.719363e-02,-2.914254e-02,7.804340e-06,6.113465e-06,1.881761e-03,8.594912e-03
353107968,4923984,4237295616,12936444,-6.716223e-02,-2.903082e-02,7.629905e-06,5.573457e-06,1.839701e-03,7.835715e-03
353370112,4924062,4240441344,12946057,-6.709584e-02,-2.901769e-02,7.267533e-06,5.511636e-06,1.752327e-03,7.748800e-03
353632256,4924497,4243587072,12955582,-6.708281e-02,-2.898254e-02,7.197483e-06,5.347820e-06,1.735437e-03,7.518492e-03
353894400,4925299,4246732800,12965139,-6.711173e-02,-2.880802e-02,7.353470e-06,4.571132e-06,1.773048e-03,6.426548e-03
354156544,4925699,4249878528,12974709,-6.701167e-02,-2.887898e-02,6.820804e-06,4.879592e-06,1.644613e-03,6.860211e-03
354418688,4925762,4253024256,12984434,-6.692939e-02,-2.896064e-02,6.397815e-06,5.247015e-06,1.542623e-03,7.376770e-03
354680832,4925904,4256169984,12994043,-6.690767e-02,-2.883188e-02,6.288380e-06,4.673729e-06,1.516237e-03,6.570789e-03
354942976,4925960,4259315712,13003845,-6.702440e-02,-2.891150e-02,6.887475e-06,5.024346e-06,1.660689e-03,7.063721e-03
355205120,4926005,4262461440,13013439,-6.722736e-02,-2.902483e-02,7.993929e-06,5.545209e-06,1.927474e-03,7.796001e-03
355467264,4926051,4265607168,13023048,-6.720988e-02,-2.895745e-02,7.895396e-06,5.232441e-06,1.903716e-03,7.356281e-03
355729408,4926124,4268752896,13032509,-6.715545e-02,-2.886195e-02,7.592495e-06,4.804643e-06,1.830681e-03,6.754841e-03
355991552,4926178,4271898624,13042269,-6.714892e-02,-2.887043e-02,7.556569e-06,4.841893e-06,1.822019e-03,6.807211e-03
356253696,4926220,4275044352,13051973,-6.718813e-02,-2.879685e-02,7.773649e-06,4.523484e-06,1.874361e-03,6.359559e-03
356515840,4926270,4278190080,13061636,-6.714883e-02,-2.882859e-02,7.556078e-06,4.659533e-06,1.821901e-03,6.550831e-03
356777984,4926299,4281335808,13071186,-6.718553e-02,-2.891302e-02,7.759157e-06,5.031146e-06,1.870866e-03,7.073280e-03
357040128,4926563,4284481536,13080802,-6.718951e-02,-2.892913e-02,7.781378e-06,5.103684e-06,1.876225e-03,7.175262e-03
357302272,4926634,4287627264,13090342,-6.713072e-02,-2.897152e-02,7.456830e-06,5.296984e-06,1.797970e-03,7.447022e-03
357564416,4926669,4290772992,13099777,-6.705409e-02,-2.899329e-02,7.044157e-06,5.397669e-06,1.698468e-03,7.588575e-03
357826560,4926707,4293918720,13109455,-6.691152e-02,-2.899153e-02,6.307714e-06,5.389502e-06,1.520898e-03,7.577094e-03
358088704,4926786,4297064448,13119013,-6.685916e-02,-2.897793e-02,6.047473e-06,5.326545e-06,1.458150e-03,7.488582e-03
358350848,4926977,4300210176,13128748,-6.680068e-02,-2.884418e-02,5.763235e-06,4.727051e-06,1.389615e-03,6.645753e-03
358612992,4927092,4303355904,13138613,-6.678278e-02,-2.888986e-02,5.677629e-06,4.927760e-06,1.368974e-03,6.927931e-03
358875136,4927353,4306501632,13148189,-6.684212e-02,-2.878926e-02,5.963921e-06,4.491247e-06,1.438004e-03,6.314238e-03
359137280,4927653,4309647360,13157807,-6.686407e-02,-2.878198e-02,6.071609e-06,4.460463e-06,1.463969e-03,6.270957e-03
359399424,4927729,4312793088,13167538,-6.673217e-02,-2.884526e-02,5.438998e-06,4.731766e-06,1.311436e-03,6.652383e-03
359661568,4927843,4315938816,13177149,-6.666695e-02,-2.882374e-02,5.139033e-06,4.638609e-06,1.239109e-03,6.521414e-03
359923712,4928099,4319084544,13186573,-6.662628e-02,-2.887140e-02,4.956315e-06,4.846182e-06,1.195053e-03,6.813240e-03
360185856,4928453,4322230272,13196215,-6.667703e-02,-2.884055e-02,5.184873e-06,4.711310e-06,1.250162e-03,6.623624e-03
360448000,4929359,4325376000,13205739,-6.673915e-02,-2.886883e-02,5.471609e-06,4.834846e-06,1.319299e-03,6.797304e-03
360710144,4929385,4328521728,13215487,-6.673122e-02,-2.881957e-02,5.434585e-06,4.620638e-06,1.310372e-03,6.496149e-03
360972288,4929759,4331667456,13225211,-6.665926e-02,-2.881356e-02,5.104231e-06,4.594850e-06,1.230718e-03,6.459892e-03
361234432,4929911,4334813184,13234855,-6.655487e-02,-2.885311e-02,4.643472e-06,4.765983e-06,1.119621e-03,6.700490e-03
361496576,4929949,4337958912,13244609,-6.661500e-02,-2.891621e-02,4.906216e-06,5.045461e-06,1.182973e-03,7.093406e-03
361758720,4930314,4341104640,13254300,-6.664353e-02,-2.894014e-02,5.033410e-06,5.153543e-06,1.213642e-03,7.245359e-03
362020864,4931640,4344250368,13263749,-6.659907e-02,-2.897459e-02,4.835903e-06,5.311123e-06,1.166019e-03,7.466901e-03
362283008,4932988,4347396096,13273404,-6.658345e-02,-2.898712e-02,4.767431e-06,5.369060e-06,1.149510e-03,7.548353e-03
362545152,4933980,4350541824,13283119,-6.648304e-02,-2.904742e-02,4.339028e-06,5.652138e-06,1.046214e-03,7.946332e-03
362807296,4934239,4353687552,13292867,-6.645156e-02,-2.913509e-02,4.208907e-06,6.076658e-06,1.014840e-03,8.543165e-03
363069440,4935660,4356833280,13302556,-6.644957e-02,-2.928668e-02,4.200718e-06,6.847040e-06,1.012865e-03,9.626242e-03
363331584,4939629,4359979008,13312352,-6.645998e-02,-2.930723e-02,4.243492e-06,6.954961e-06,1.023179e-03,9.777971e-03
363593728,4942937,4363124736,13322129,-6.638749e-02,-2.918220e-02,3.950105e-06,6.311148e-06,9.524383e-04,8.872833e-03
363855872,4946024,4366270464,13331742,-6.640755e-02,-2.922092e-02,4.030263e-06,6.507186e-06,9.717658e-04,9.148442e-03
364118016,4946100,4369416192,13341237,-6.627104e-02,-2.925610e-02,3.500770e-06,6.687895e-06,8.440960e-04,9.402501e-03
364380160,4949275,4372561920,13350888,-6.628481e-02,-2.914717e-02,3.552511e-06,6.136357e-06,8.565716e-04,8.627096e-03
364642304,4954123,4375707648,13360618,-6.625853e-02,-2.918878e-02,3.454115e-06,6.344255e-06,8.328466e-04,8.919379e-03
364904448,4954196,4378853376,13370161,-6.621743e-02,-2.921472e-02,3.303043e-06,6.475627e-06,7.964206e-04,9.104074e-03
365166592,4971540,4381999104,13379737,-6.615946e-02,-2.918978e-02,3.095681e-06,6.349286e-06,7.464219e-04,8.926452e-03
365428736,4974372,4385144832,13389095,-6.615981e-02,-2.913641e-02,3.096939e-06,6.083162e-06,7.467254e-04,8.552308e-03
365690880,4980598,4388290560,13398965,-6.627923e-02,-2.899872e-02,3.531506e-06,5.422937e-06,8.515069e-04,7.624099e-03
365953024,4980665,4391436288,13408569,-6.626310e-02,-2.896302e-02,3.471140e-06,5.257960e-06,8.369517e-04,7.392158e-03
366215168,4980993,4394582016,13418145,-6.629717e-02,-2.907927e-02,3.599258e-06,5.804564e-06,8.678432e-04,8.160628e-03
366477312,4992607,4397727744,13427766,-6.626394e-02,-2.902249e-02,3.474278e-06,5.534232e-06,8.377082e-04,7.780568e-03
366739456,5019587,4400873472,13437369,-6.634802e-02,-2.901784e-02,3.794758e-06,5.512353e-06,9.149816e-04,7.749809e-03
367001600,5043510,4404019200,13446865,-6.631590e-02,-2.899541e-02,3.670680e-06,5.407540e-06,8.850642e-04,7.602454e-03
367263744,5047935,4407164928,13456432,-6.630017e-02,-2.903351e-02,3.610632e-06,5.586173e-06,8.705856e-04,7.853593e-03
367525888,5061722,4410310656,13466106,-6.629626e-02,-2.911676e-02,3.595810e-06,5.986659e-06,8.670118e-04,8.416636e-03
367788032,5080277,4413456384,13475876,-6.623483e-02,-2.921389e-02,3.366582e-06,6.471362e-06,8.117408e-04,9.098078e-03
368050176,5086021,4416602112,13485234,-6.628126e-02,-2.911517e-02,3.539127e-06,5.978878e-06,8.533444e-04,8.405696e-03
368312320,5089713,4419747840,13495003,-6.629943e-02,-2.922641e-02,3.607829e-06,6.535259e-06,8.699098e-04,9.187911e-03
368574464,5089888,4422893568,13504545,-6.630838e-02,-2.917781e-02,3.641902e-06,6.289127e-06,8.781253e-04,8.841875e-03
368836608,5105998,4426039296,13514238,-6.629761e-02,-2.931204e-02,3.600926e-06,6.980351e-06,8.682453e-04,9.813665e-03
369098752,5155429,4429185024,13524041,-6.637247e-02,-2.935467e-02,3.890625e-06,7.207461e-06,9.380967e-04,1.013296e-02
369360896,5288965,4432330752,13533748,-6.643295e-02,-2.931826e-02,4.132858e-06,7.013293e-06,9.965033e-04,9.859979e-03
369623040,5290334,4435476480,13543349,-6.637231e-02,-2.929479e-02,3.889978e-06,6.889548e-06,9.379407e-04,9.686005e-03
369885184,5290383,4438622208,13552803,-6.631262e-02,-2.927091e-02,3.658101e-06,6.764724e-06,8.820311e-04,9.510515e-03
370147328,5291778,4441767936,13562286,-6.631249e-02,-2.919893e-02,3.657616e-06,6.395506e-06,8.819143e-04,8.991433e-03
370409472,5291967,4444913664,13572019,-6.634847e-02,-2.923764e-02,3.796529e-06,6.592763e-06,9.154086e-04,9.268757e-03
370671616,5291974,4448059392,13581749,-6.629687e-02,-2.911905e-02,3.598099e-06,5.997839e-06,8.675637e-04,8.432354e-03
370933760,5292401,4451205120,13591326,-6.642903e-02,-2.911795e-02,4.116939e-06,5.992449e-06,9.926648e-04,8.424775e-03
371195904,5292605,4454350848,13600838,-6.648008e-02,-2.912524e-02,4.326714e-06,6.028195e-06,1.043245e-03,8.475030e-03
371458048,5293268,4457496576,13610498,-6.653122e-02,-2.913578e-02,4.542082e-06,6.080075e-06,1.095174e-03,8.547968e-03
371720192,5293330,4460642304,13620090,-6.667534e-02,-2.923904e-02,5.177139e-06,6.599968e-06,1.248297e-03,9.278885e-03
371982336,5293365,4463788032,13629724,-6.668043e-02,-2.929147e-02,5.200357e-06,6.872125e-06,1.253895e-03,9.661510e-03
372244480,5293624,4466933760,13639576,-6.670896e-02,-2.935258e-02,5.331284e-06,7.196214e-06,1.285464e-03,1.011715e-02
372506624,5293774,4470079488,13649155,-6.665810e-02,-2.939623e-02,5.099014e-06,7.432344e-06,1.229460e-03,1.044912e-02
372768768,5293883,4473225216,13658650,-6.664336e-02,-2.934170e-02,5.032641e-06,7.137971e-06,1.213456e-03,1.003526e-02
373030912,5294252,4476370944,13668247,-6.664750e-02,-2.927364e-02,5.051245e-06,6.778926e-06,1.217942e-03,9.530483e-03
373293056,5294309,4479516672,13677919,-6.659175e-02,-2.922773e-02,4.803778e-06,6.541994e-06,1.158274e-03,9.197380e-03
373555200,5294575,4482662400,13687418,-6.669021e-02,-2.922317e-02,5.245035e-06,6.518661e-06,1.264668e-03,9.164575e-03
373817344,5294627,4485808128,13697002,-6.674817e-02,-2.930855e-02,5.513901e-06,6.961929e-06,1.329497e-03,9.787765e-03
374079488,5294810,4488953856,13706629,-6.683115e-02,-2.929995e-02,5.910475e-06,6.916650e-06,1.425117e-03,9.724109e-03
374341632,5294860,4492099584,13716185,-6.682778e-02,-2.922635e-02,5.894111e-06,6.534916e-06,1.421172e-03,9.187429e-03
374603776,5294922,4495245312,13725705,-6.683377e-02,-2.912905e-02,5.923233e-06,6.046914e-06,1.428194e-03,8.501348e-03
374865920,5294971,4498391040,13735371,-6.671815e-02,-2.909557e-02,5.373825e-06,5.883372e-06,1.295722e-03,8.271423e-03
375128064,5295284,4501536768,13745059,-6.662803e-02,-2.908649e-02,4.964113e-06,5.839422e-06,1.196933e-03,8.209636e-03
375390208,5295290,4504682496,13754757,-6.658874e-02,-2.901356e-02,4.790560e-06,5.492254e-06,1.155086e-03,7.721552e-03
375652352,5295404,4507828224,13764239,-6.650186e-02,-2.903935e-02,4.417820e-06,5.613819e-06,1.065212e-03,7.892460e-03
375914496,5295419,4510973952,13773668,-6.645066e-02,-2.916313e-02,4.205178e-06,6.215707e-06,1.013941e-03,8.738654e-03
376176640,5295484,4514119680,13783139,-6.647451e-02,-2.910825e-02,4.303591e-06,5.945068e-06,1.037670e-03,8.358162e-03
376438784,5296114,4517265408,13792770,-6.632697e-02,-2.915592e-02,3.713198e-06,6.179797e-06,8.953160e-04,8.688168e-03
376700928,5296147,4520411136,13802063,-6.634940e-02,-2.916270e-02,3.800159e-06,6.213571e-06,9.162839e-04,8.735650e-03
376963072,5296210,4523556864,13811643,-6.632496e-02,-2.917953e-02,3.705449e-06,6.297725e-06,8.934477e-04,8.853963e-03
377225216,5296250,4526702592,13821301,-6.625015e-02,-2.923188e-02,3.423030e-06,6.563221e-06,8.253513e-04,9.227223e-03
377487360,5296354,4529848320,13830654,-6.627165e-02,-2.927523e-02,3.503057e-06,6.787202e-06,8.446474e-04,9.542118e-03
377749504,5296463,4532994048,13840157,-6.628686e-02,-2.917732e-02,3.560239e-06,6.286652e-06,8.584349e-04,8.838395e-03
378011648,5297928,4536139776,13849746,-6.625207e-02,-2.929451e-02,3.430146e-06,6.888052e-06,8.270673e-04,9.683902e-03
378273792,5297987,4539285504,13859347,-6.625350e-02,-2.933572e-02,3.435447e-06,7.106058e-06,8.283454e-04,9.990396e-03
378535936,5298028,4542431232,13868926,-6.632593e-02,-2.934062e-02,3.709179e-06,7.132199e-06,8.943470e-04,1.002715e-02
378798080,5298715,4545576960,13878286,-6.630576e-02,-2.932311e-02,3.631899e-06,7.039017e-06,8.757135e-04,9.896143e-03
379060224,5298983,4548722688,13887757,-6.628232e-02,-2.919286e-02,3.543109e-06,6.364802e-06,8.543045e-04,8.948267e-03
379322368,5299705,4551868416,13897277,-6.630933e-02,-2.928682e-02,3.645543e-06,6.847752e-06,8.790031e-04,9.627244e-03
379584512,5302430,4555014144,13906987,-6.628968e-02,-2.934170e-02,3.570875e-06,7.137961e-06,8.609994e-04,1.003525e-02
379846656,5302605,4558159872,13916652,-6.626794e-02,-2.922255e-02,3.489181e-06,6.515494e-06,8.413017e-04,9.160124e-03
380108800,5302950,4561305600,13926284,-6.625641e-02,-2.918092e-02,3.446254e-06,6.304711e-06,8.309513e-04,8.863783e-03
380370944,5303131,4564451328,13935830,-6.627095e-02,-2.923251e-02,3.500463e-06,6.566466e-06,8.440220e-04,9.231785e-03
380633088,5304848,4567597056,13945489,-6.628717e-02,-2.923361e-02,3.561392e-06,6.572119e-06,8.587129e-04,9.239732e-03
380895232,5305749,4570742784,13955213,-6.633389e-02,-2.920939e-02,3.739921e-06,6.448515e-06,9.017594e-04,9.065958e-03
381157376,5306219,4573888512,13964700,-6.637092e-02,-2.920958e-02,3.884514e-06,6.449479e-06,9.366231e-04,9.067314e-03
381419520,5306391,4577034240,13974477,-6.650904e-02,-2.922258e-02,4.448032e-06,6.515684e-06,1.072497e-03,9.160390e-03
381681664,5306858,4580179968,13984171,-6.654178e-02,-2.935353e-02,4.587227e-06,7.201311e-06,1.106059e-03,1.012431e-02
381943808,5307035,4583325696,13993999,-6.653024e-02,-2.927822e-02,4.537892e-06,6.802817e-06,1.094164e-03,9.564071e-03
382205952,5310039,4586471424,14003679,-6.654613e-02,-2.926922e-02,4.605884e-06,6.755939e-06,1.110558e-03,9.498164e-03
382468096,5312225,4589617152,14013210,-6.653711e-02,-2.927856e-02,4.567238e-06,6.804595e-06,1.101240e-03,9.566571e-03
382730240,5312890,4592762880,14022635,-6.658799e-02,-2.923504e-02,4.787299e-06,6.579407e-06,1.154300e-03,9.249979e-03
382992384,5313836,4595908608,14032028,-6.659284e-02,-2.915077e-02,4.808547e-06,6.154208e-06,1.159423e-03,8.652193e-03
383254528,5319263,4599054336,14041896,-6.651656e-02,-2.903689e-02,4.479798e-06,5.602191e-06,1.080157e-03,7.876112e-03
383516672,5323245,4602200064,14051710,-6.656761e-02,-2.899961e-02,4.698511e-06,5.427075e-06,1.132892e-03,7.629917e-03
383778816,5329577,4605345792,14061298,-6.663398e-02,-2.890160e-02,4.990676e-06,4.980046e-06,1.203338e-03,7.001439e-03
384040960,5336633,4608491520,14070741,-6.680699e-02,-2.891053e-02,5.793610e-06,5.019955e-06,1.396939e-03,7.057547e-03
384303104,5337023,4611637248,14080173,-6.670605e-02,-2.885995e-02,5.317874e-06,4.795869e-06,1.282231e-03,6.742505e-03
384565248,5359370,4614782976,14089832,-6.672407e-02,-2.893384e-02,5.401288e-06,5.124964e-06,1.302344e-03,7.205180e-03
384827392,5363181,4617928704,14099545,-6.677134e-02,-2.901981e-02,5.623258e-06,5.521601e-06,1.355864e-03,7.762812e-03
385089536,5369402,4621074432,14109130,-6.668516e-02,-2.902261e-02,5.221923e-06,5.534775e-06,1.259096e-03,7.781332e-03
385351680,5370490,4624220160,14118840,-6.667168e-02,-2.899493e-02,5.160539e-06,5.405323e-06,1.244295e-03,7.599336e-03
385613824,5370614,4627365888,14128469,-6.670538e-02,-2.893157e-02,5.314781e-06,5.114681e-06,1.281485e-03,7.190723e-03
385875968,5370812,4630511616,14138197,-6.664438e-02,-2.895167e-02,5.037222e-06,5.205999e-06,1.214561e-03,7.319106e-03
386138112,5370914,4633657344,14147864,-6.663507e-02,-2.892905e-02,4.995537e-06,5.103288e-06,1.204510e-03,7.174705e-03
386400256,5371060,4636803072,14157377,-6.662686e-02,-2.890778e-02,4.958903e-06,5.007660e-06,1.195677e-03,7.040261e-03
386662400,5371073,4639948800,14167158,-6.664180e-02,-2.890318e-02,5.025657e-06,4.987115e-06,1.211773e-03,7.011377e-03
386924544,5371205,4643094528,14176739,-6.667627e-02,-2.889262e-02,5.181379e-06,4.940040e-06,1.249320e-03,6.945194e-03
387186688,5371729,4646240256,14186324,-6.666867e-02,-2.882331e-02,5.146839e-06,4.636748e-06,1.240991e-03,6.518797e-03
387448832,5372636,4649385984,14196030,-6.655886e-02,-2.886453e-02,4.660667e-06,4.815975e-06,1.123767e-03,6.770774e-03
387710976,5372960,4652531712,14205600,-6.664781e-02,-2.874372e-02,5.052618e-06,4.300323e-06,1.218273e-03,6.045817e-03
387973120,5373025,4655677440,14215203,-6.669527e-02,-2.873949e-02,5.268233e-06,4.282781e-06,1.270262e-03,6.021156e-03
388235264,5373082,4658823168,14224665,-6.672879e-02,-2.874601e-02,5.423266e-06,4.309830e-06,1.307643e-03,6.059184e-03
388497408,5373188,4661968896,14234287,-6.668338e-02,-2.881290e-02,5.213822e-06,4.592015e-06,1.257142e-03,6.455908e-03
388759552,5373217,4665114624,14243840,-6.667712e-02,-2.885864e-02,5.185280e-06,4.790136e-06,1.250260e-03,6.734444e-03
389021696,5373295,4668260352,14253433,-6.666455e-02,-2.882938e-02,5.128195e-06,4.662943e-06,1.236496e-03,6.555625e-03
389283840,5373353,4671406080,14262941,-6.668356e-02,-2.884335e-02,5.214638e-06,4.723455e-06,1.257339e-03,6.640698e-03
389545984,5373394,4674551808,14272629,-6.661317e-02,-2.877552e-02,4.898133e-06,4.433195e-06,1.181024e-03,6.232623e-03
389808128,5373398,4677697536,14282041,-6.662425e-02,-2.878282e-02,4.947295e-06,4.463996e-06,1.192878e-03,6.275925e-03
390070272,5373803,4680843264,14291793,-6.659760e-02,-2.886548e-02,4.829450e-06,4.820113e-06,1.164463e-03,6.776590e-03
390332416,5373866,4683988992,14301243,-6.667314e-02,-2.891370e-02,5.167176e-06,5.034196e-06,1.245895e-03,7.077568e-03
390594560,5373957,4687134720,14310877,-6.670194e-02,-2.891532e-02,5.298923e-06,5.041462e-06,1.277662e-03,7.087783e-03
390856704,5373998,4690280448,14320386,-6.672341e-02,-2.897687e-02,5.398206e-06,5.321671e-06,1.301600e-03,7.481730e-03
391118848,5374056,4693426176,14330112,-6.677390e-02,-2.897217e-02,5.635385e-06,5.300012e-06,1.358788e-03,7.451278e-03
391380992,5374064,4696571904,14339540,-6.673337e-02,-2.900682e-02,5.444594e-06,5.460739e-06,1.312786e-03,7.677246e-03
391643136,5374319,4699717632,14349011,-6.668855e-02,-2.909578e-02,5.237462e-06,5.884411e-06,1.262842e-03,8.272884e-03
391905280,5374380,4702863360,14358508,-6.672592e-02,-2.909925e-02,5.409880e-06,5.901240e-06,1.304415e-03,8.296546e-03
392167424,5374704,4706009088,14368019,-6.670269e-02,-2.925556e-02,5.302353e-06,6.685121e-06,1.278489e-03,9.398602e-03
392429568,5374762,4709154816,14377681,-6.677552e-02,-2.924246e-02,5.643064e-06,6.617561e-06,1.360640e-03,9.303619e-03
392691712,5375130,4712300544,14387323,-6.661452e-02,-2.914349e-02,4.904071e-06,6.118136e-06,1.182456e-03,8.601478e-03
392953856,5375265,4715446272,14396830,-6.670143e-02,-2.916058e-02,5.296590e-06,6.203008e-06,1.277099e-03,8.720799e-03
393216000,5375489,4718592000,14406456,-6.665912e-02,-2.918151e-02,5.103591e-06,6.307676e-06,1.230564e-03,8.867953e-03
393478144,5375703,4721737728,14416176,-6.669604e-02,-2.921136e-02,5.271791e-06,6.458518e-06,1.271119e-03,9.080021e-03
393740288,5376294,4724883456,14425739,-6.668029e-02,-2.919068e-02,5.199711e-06,6.353849e-06,1.253740e-03,8.932866e-03
394002432,5377051,4728029184,14435569,-6.662084e-02,-2.920786e-02,4.932127e-06,6.440741e-06,1.189221e-03,9.055029e-03
394264576,5377140,4731174912,14445278,-6.663225e-02,-2.915795e-02,4.982923e-06,6.189914e-06,1.201469e-03,8.702391e-03
394526720,5377341,4734320640,14454817,-6.655204e-02,-2.911879e-02,4.631279e-06,5.996562e-06,1.116681e-03,8.430558e-03
394788864,5377501,4737466368,14464551,-6.668550e-02,-2.916440e-02,5.223489e-06,6.222042e-06,1.259473e-03,8.747561e-03
395051008,5377525,4740612096,14474256,-6.663934e-02,-2.916045e-02,5.014640e-06,6.202330e-06,1.209116e-03,8.719848e-03
395313152,5378085,4743757824,14483673,-6.670044e-02,-2.917201e-02,5.291996e-06,6.260078e-06,1.275991e-03,8.801035e-03
395575296,5379181,4746903552,14493150,-6.683435e-02,-2.906408e-02,5.926026e-06,5.731638e-06,1.428867e-03,8.058101e-03
395837440,5380224,4750049280,14502616,-6.683818e-02,-2.897498e-02,5.944686e-06,5.312927e-06,1.433366e-03,7.469436e-03
396099584,5380942,4753195008,14512192,-6.680155e-02,-2.902665e-02,5.767421e-06,5.553818e-06,1.390625e-03,7.808105e-03
396361728,5381538,4756340736,14521778,-6.684395e-02,-2.900463e-02,5.972876e-06,5.450498e-06,1.440163e-03,7.662847e-03
396623872,5382999,4759486464,14531379,-6.684943e-02,-2.910483e-02,5.999673e-06,5.928384e-06,1.446625e-03,8.334707e-03
396886016,5385979,4762632192,14540935,-6.689260e-02,-2.913529e-02,6.213051e-06,6.077641e-06,1.498073e-03,8.544547e-03
397148160,5386616,4765777920,14550641,-6.695042e-02,-2.911855e-02,6.504620e-06,5.995385e-06,1.568376e-03,8.428904e-03
397410304,5390318,4768923648,14560223,-6.703107e-02,-2.910032e-02,6.922520e-06,5.906454e-06,1.669139e-03,8.303875e-03
397672448,5395201,4772069376,14569734,-6.704808e-02,-2.907044e-02,7.012316e-06,5.762117e-06,1.690790e-03,8.100953e-03
397934592,5396647,4775215104,14579433,-6.711019e-02,-2.910788e-02,7.345108e-06,5.943260e-06,1.771032e-03,8.355621e-03
398196736,5401466,4778360832,14589015,-6.717664e-02,-2.910783e-02,7.709717e-06,5.942997e-06,1.858945e-03,8.355251e-03
398458880,5401974,4781506560,14598561,-6.731440e-02,-2.923841e-02,8.493721e-06,6.596753e-06,2.047983e-03,9.274365e-03
398721024,5414185,4784652288,14608115,-6.731240e-02,-2.920491e-02,8.482043e-06,6.425793e-06,2.045167e-03,9.034012e-03
398983168,5418590,4787798016,14617724,-6.731926e-02,-2.926075e-02,8.522060e-06,6.711983e-06,2.054815e-03,9.436366e-03
399245312,5420284,4790943744,14627276,-6.733163e-02,-2.921435e-02,8.594467e-06,6.473703e-06,2.072274e-03,9.101368e-03
399507456,5427861,4794089472,14636690,-6.733748e-02,-2.929283e-02,8.628750e-06,6.879256e-06,2.080540e-03,9.671534e-03
399769600,5429082,4797235200,14646160,-6.731336e-02,-2.926067e-02,8.487642e-06,6.711597e-06,2.046517e-03,9.435823e-03
400031744,5440250,4800380928,14655708,-6.720690e-02,-2.925629e-02,7.878699e-06,6.688887e-06,1.899690e-03,9.403897e-03
400293888,5466592,4803526656,14665121,-6.725492e-02,-2.933132e-02,8.150531e-06,7.082621e-06,1.965234e-03,9.957446e-03
400556032,5483117,4806672384,14674785,-6.725515e-02,-2.933211e-02,8.151892e-06,7.086825e-06,1.965561e-03,9.963358e-03
400818176,5495271,4809818112,14684489,-6.727066e-02,-2.934363e-02,8.240669e-06,7.148275e-06,1.986967e-03,1.004975e-02
401080320,5508922,4812963840,14694285,-6.727340e-02,-2.934989e-02,8.256418e-06,7.181800e-06,1.990765e-03,1.009688e-02
401342464,5527462,4816109568,14704097,-6.733839e-02,-2.934607e-02,8.634134e-06,7.161369e-06,2.081839e-03,1.006816e-02
401604608,5533456,4819255296,14713802,-6.728601e-02,-2.943084e-02,8.329023e-06,7.622241e-06,2.008271e-03,1.071610e-02
401866752,5537494,4822401024,14723383,-6.729589e-02,-2.939197e-02,8.386145e-06,7.409146e-06,2.022044e-03,1.041651e-02
402128896,5537563,4825546752,14732749,-6.733429e-02,-2.937385e-02,8.610069e-06,7.310821e-06,2.076036e-03,1.027827e-02
402391040,5552991,4828692480,14742346,-6.732732e-02,-2.939833e-02,8.569192e-06,7.443764e-06,2.066180e-03,1.046518e-02
402653184,5602747,4831838208,14751913,-6.729817e-02,-2.937710e-02,8.399355e-06,7.328368e-06,2.025229e-03,1.030294e-02
402915328,5728724,4834983936,14761362,-6.723238e-02,-2.937103e-02,8.022351e-06,7.295559e-06,1.934327e-03,1.025681e-02
403177472,5729956,4838129664,14770903,-6.724127e-02,-2.930071e-02,8.072823e-06,6.920658e-06,1.946497e-03,9.729743e-03
403439616,5730026,4841275392,14780557,-6.718329e-02,-2.922620e-02,7.746668e-06,6.534154e-06,1.867855e-03,9.186358e-03
403701760,5731172,4844421120,14790076,-6.711788e-02,-2.916395e-02,7.386844e-06,6.219785e-06,1.781095e-03,8.744387e-03
403963904,5731735,4847566848,14799770,-6.705484e-02,-2.920652e-02,7.048152e-06,6.433954e-06,1.699431e-03,9.045486e-03
404226048,5731863,4850712576,14809469,-6.706930e-02,-2.919178e-02,7.125147e-06,6.359390e-06,1.717996e-03,8.940658e-03
404488192,5732001,4853858304,14818990,-6.701988e-02,-2.912051e-02,6.863758e-06,6.004985e-06,1.654970e-03,8.442400e-03
404750336,5732072,4857004032,14828502,-6.701058e-02,-2.913181e-02,6.815123e-06,6.060507e-06,1.643243e-03,8.520457e-03
405012480,5733153,4860149760,14837901,-6.702691e-02,-2.901913e-02,6.900661e-06,5.518407e-06,1.663868e-03,7.758321e-03
405274624,5733225,4863295488,14847442,-6.704504e-02,-2.899184e-02,6.996227e-06,5.390947e-06,1.686911e-03,7.579124e-03
405536768,5733370,4866441216,14856889,-6.718638e-02,-2.896314e-02,7.763889e-06,5.258498e-06,1.872007e-03,7.392915e-03
405798912,5733468,4869586944,14866811,-6.719573e-02,-2.890372e-02,7.816084e-06,4.989527e-06,1.884592e-03,7.014769e-03
406061056,5733515,4872732672,14876224,-6.726429e-02,-2.888040e-02,8.204136e-06,4.885881e-06,1.978158e-03,6.869053e-03
406323200,5733787,4875878400,14885705,-6.726826e-02,-2.899654e-02,8.226901e-06,5.412774e-06,1.983648e-03,7.609811e-03
406585344,5734125,4879024128,14895230,-6.728339e-02,-2.898143e-02,8.313936e-06,5.342721e-06,2.004633e-03,7.511324e-03
406847488,5734384,4882169856,14904904,-6.735696e-02,-2.893211e-02,8.743593e-06,5.117124e-06,2.108231e-03,7.194157e-03
407109632,5734506,4885315584,14914447,-6.738993e-02,-2.902390e-02,8.939654e-06,5.540868e-06,2.155505e-03,7.789898e-03
407371776,5734579,4888461312,14924268,-6.738385e-02,-2.908493e-02,8.903336e-06,5.831908e-06,2.146748e-03,8.199072e-03
407633920,5734651,4891607040,14933899,-6.731100e-02,-2.907733e-02,8.473886e-06,5.795252e-06,2.043200e-03,8.147536e-03
407896064,5734762,4894752768,14943519,-6.737686e-02,-2.900236e-02,8.861678e-06,5.439901e-06,2.136703e-03,7.647949e-03
408158208,5734786,4897898496,14953131,-6.738683e-02,-2.914930e-02,8.921130e-06,6.146937e-06,2.151038e-03,8.641970e-03
408420352,5734791,4901044224,14962775,-6.734190e-02,-2.913618e-02,8.654770e-06,6.082023e-06,2.086814e-03,8.550707e-03
408682496,5735046,4904189952,14972253,-6.729389e-02,-2.918640e-02,8.374584e-06,6.332288e-06,2.019257e-03,8.902554e-03
408944640,5735163,4907335680,14981939,-6.737076e-02,-2.915495e-02,8.825386e-06,6.174973e-06,2.127953e-03,8.681385e-03
409206784,5735218,4910481408,14991421,-6.741829e-02,-2.918377e-02,9.110074e-06,6.319030e-06,2.196596e-03,8.883915e-03
409468928,5735352,4913627136,15000960,-6.739101e-02,-2.915355e-02,8.946115e-06,6.168013e-06,2.157063e-03,8.671601e-03
409731072,5735409,4916772864,15010494,-6.734543e-02,-2.910476e-02,8.675517e-06,5.928049e-06,2.091817e-03,8.334235e-03
409993216,5736036,4919918592,15020031,-6.743402e-02,-2.915815e-02,9.205265e-06,6.190915e-06,2.219548e-03,8.703799e-03
410255360,5736094,4923064320,15029877,-6.742364e-02,-2.912376e-02,9.142394e-06,6.020953e-06,2.204389e-03,8.464849e-03
410517504,5736159,4926210048,15039479,-6.733022e-02,-2.905822e-02,8.586168e-06,5.703596e-06,2.070273e-03,8.018677e-03
410779648,5736212,4929355776,15048926,-6.730006e-02,-2.903633e-02,8.410328e-06,5.599502e-06,2.027875e-03,7.872332e-03
411041792,5736258,4932501504,15058221,-6.739484e-02,-2.907328e-02,8.969039e-06,5.775772e-06,2.162590e-03,8.120148e-03
411303936,5736363,4935647232,15067838,-6.739664e-02,-2.914396e-02,8.979841e-06,6.120495e-06,2.165195e-03,8.604796e-03
411566080,5737535,4938792960,15077386,-6.742032e-02,-2.922717e-02,9.122311e-06,6.539107e-06,2.199546e-03,9.193321e-03
411828224,5738146,4941938688,15086987,-6.744763e-02,-2.921723e-02,9.288050e-06,6.488365e-06,2.239509e-03,9.121981e-03
412090368,5738155,4945084416,15096668,-6.753693e-02,-2.914191e-02,9.840301e-06,6.110325e-06,2.372666e-03,8.590497e-03
412352512,5738717,4948230144,15106471,-6.754518e-02,-2.909977e-02,9.892115e-06,5.903775e-06,2.385159e-03,8.300109e-03
412614656,5739058,4951375872,15116242,-6.755861e-02,-2.910659e-02,9.976796e-06,5.936986e-06,2.405577e-03,8.346800e-03
412876800,5740010,4954521600,15125648,-6.753346e-02,-2.901177e-02,9.818577e-06,5.483885e-06,2.367428e-03,7.709787e-03
413138944,5742416,4957667328,15135261,-6.750659e-02,-2.905939e-02,9.650880e-06,5.709167e-06,2.326994e-03,8.026510e-03
413401088,5742827,4960813056,15144991,-6.747676e-02,-2.900482e-02,9.466418e-06,5.451368e-06,2.282517e-03,7.664070e-03
413663232,5742860,4963958784,15154596,-6.749479e-02,-2.906286e-02,9.577740e-06,5.725788e-06,2.309358e-03,8.049878e-03
413925376,5742989,4967104512,15164534,-6.750517e-02,-2.910732e-02,9.642087e-06,5.940554e-06,2.324873e-03,8.351816e-03
414187520,5744544,4970250240,15174239,-6.753697e-02,-2.911652e-02,9.840582e-06,5.985475e-06,2.372734e-03,8.414970e-03
414449664,5745653,4973395968,15183845,-6.755589e-02,-2.906700e-02,9.959624e-06,5.745604e-06,2.401437e-03,8.077736e-03
414711808,5745702,4976541696,15193617,-6.763261e-02,-2.907352e-02,1.044974e-05,5.776891e-06,2.519612e-03,8.121722e-03
414973952,5746236,4979687424,15203239,-6.768283e-02,-2.918830e-02,1.077692e-05,6.341853e-06,2.598502e-03,8.916004e-03
415236096,5746823,4982833152,15212708,-6.771117e-02,-2.924882e-02,1.096381e-05,6.650337e-06,2.643564e-03,9.349699e-03
415498240,5747024,4985978880,15222422,-6.765578e-02,-2.919070e-02,1.060008e-05,6.353942e-06,2.555863e-03,8.932998e-03
415760384,5749860,4989124608,15232101,-6.760953e-02,-2.908924e-02,1.030109e-05,5.852735e-06,2.483770e-03,8.228351e-03
416022528,5752097,4992270336,15241751,-6.760761e-02,-2.903341e-02,1.028876e-05,5.585697e-06,2.480796e-03,7.852923e-03
416284672,5752832,4995416064,15251336,-6.765297e-02,-2.899073e-02,1.058180e-05,5.385810e-06,2.551455e-03,7.571903e-03
416546816,5753626,4998561792,15260952,-6.762546e-02,-2.895742e-02,1.040355e-05,5.232313e-06,2.508475e-03,7.356103e-03
416808960,5759082,5001707520,15270332,-6.755142e-02,-2.890685e-02,9.931427e-06,5.003492e-06,2.394638e-03,7.034402e-03
417071104,5763118,5004853248,15280114,-6.748493e-02,-2.884610e-02,9.516780e-06,4.735396e-06,2.294659e-03,6.657487e-03
417333248,5769369,5007998976,15289832,-6.751380e-02,-2.879822e-02,9.695743e-06,4.529309e-06,2.337811e-03,6.367749e-03
417595392,5776781,5011144704,15299466,-6.746841e-02,-2.881759e-02,9.415139e-06,4.612138e-06,2.270152e-03,6.484198e-03
417857536,5780334,5014290432,15309109,-6.740987e-02,-2.875253e-02,9.059321e-06,4.336948e-06,2.184358e-03,6.097310e-03
418119680,5799098,5017436160,15318527,-6.742343e-02,-2.886648e-02,9.141088e-06,4.824531e-06,2.204074e-03,6.782801e-03
418381824,5802628,5020581888,15327920,-6.752042e-02,-2.887115e-02,9.736989e-06,4.845074e-06,2.347756e-03,6.811683e-03
418643968,5816699,5023727616,15337403,-6.749716e-02,-2.890585e-02,9.592411e-06,4.999019e-06,2.312895e-03,7.028112e-03
418906112,5817714,5026873344,15346876,-6.754058e-02,-2.892005e-02,9.863219e-06,5.062705e-06,2.378192e-03,7.117650e-03
419168256,5817818,5030019072,15356596,-6.749921e-02,-2.900300e-02,9.605106e-06,5.442899e-06,2.315956e-03,7.652164e-03
419430400,5817910,5033164800,15366379,-6.754247e-02,-2.916811e-02,9.875109e-06,6.240567e-06,2.381059e-03,8.773603e-03
419692544,5818224,5036310528,15375883,-6.751422e-02,-2.916429e-02,9.698341e-06,6.221476e-06,2.338437e-03,8.746764e-03
419954688,5818309,5039456256,15385314,-6.743116e-02,-2.925242e-02,9.187913e-06,6.668920e-06,2.215364e-03,9.375826e-03
420216832,5818494,5042601984,15394896,-6.735450e-02,-2.928826e-02,8.729058e-06,6.855269e-06,2.104726e-03,9.637814e-03
420478976,5818895,5045747712,15404451,-6.724452e-02,-2.927980e-02,8.091293e-06,6.811068e-06,1.950950e-03,9.575672e-03
420741120,5819223,5048893440,15413952,-6.734313e-02,-2.936524e-02,8.662005e-06,7.264309e-06,2.088558e-03,1.021288e-02
421003264,5820191,5052039168,15423656,-6.730659e-02,-2.940451e-02,8.448226e-06,7.477567e-06,2.037013e-03,1.051270e-02
421265408,5820390,5055184896,15433218,-6.717455e-02,-2.935261e-02,7.698136e-06,7.196374e-06,1.856153e-03,1.011737e-02
421527552,5820460,5058330624,15442883,-6.712662e-02,-2.940250e-02,7.434427e-06,7.466559e-06,1.792568e-03,1.049722e-02
421789696,5820589,5061476352,15452665,-6.709468e-02,-2.939625e-02,7.261267e-06,7.432436e-06,1.750816e-03,1.044925e-02
422051840,5820601,5064622080,15462520,-6.708040e-02,-2.937172e-02,7.184536e-06,7.299292e-06,1.732315e-03,1.026206e-02
422313984,5820602,5067767808,15472251,-6.707890e-02,-2.941557e-02,7.176510e-06,7.538138e-06,1.730380e-03,1.059786e-02
422576128,5820732,5070913536,15481775,-6.712446e-02,-2.944020e-02,7.422689e-06,7.673990e-06,1.789738e-03,1.078885e-02
422838272,5820765,5074059264,15491500,-6.712354e-02,-2.937063e-02,7.417656e-06,7.293426e-06,1.788525e-03,1.025382e-02
423100416,5820861,5077204992,15501114,-6.717897e-02,-2.936693e-02,7.722672e-06,7.273429e-06,1.862069e-03,1.022570e-02
423362560,5820891,5080350720,15510697,-6.723988e-02,-2.939067e-02,8.064908e-06,7.402050e-06,1.944588e-03,1.040653e-02
423624704,5821158,5083496448,15520322,-6.714481e-02,-2.934317e-02,7.533975e-06,7.145846e-06,1.816571e-03,1.004633e-02
423886848,5821318,5086642176,15529886,-6.717636e-02,-2.927412e-02,7.708186e-06,6.781448e-06,1.858576e-03,9.534028e-03
424148992,5821653,5089787904,15539359,-6.723916e-02,-2.931887e-02,8.060804e-06,7.016500e-06,1.943599e-03,9.864487e-03
424411136,5821655,5092933632,15548769,-6.729919e-02,-2.935351e-02,8.405316e-06,7.201241e-06,2.026666e-03,1.012421e-02
424673280,5821709,5096079360,15558339,-6.731851e-02,-2.924288e-02,8.517710e-06,6.619707e-06,2.053767e-03,9.306638e-03
424935424,5821732,5099225088,15568065,-6.730298e-02,-2.926276e-02,8.427276e-06,6.722410e-06,2.031961e-03,9.451026e-03
425197568,5821765,5102370816,15577619,-6.724102e-02,-2.922591e-02,8.071384e-06,6.532669e-06,1.946150e-03,9.184270e-03
425459712,5821866,5105516544,15587076,-6.720256e-02,-2.925422e-02,7.854333e-06,6.678178e-06,1.893815e-03,9.388841e-03
425721856,5821905,5108662272,15596767,-6.722176e-02,-2.924108e-02,7.962321e-06,6.610452e-06,1.919853e-03,9.293625e-03
425984000,5822678,5111808000,15606263,-6.723585e-02,-2.923435e-02,8.042030e-06,6.575911e-06,1.939072e-03,9.245064e-03
426246144,5822760,5114953728,15615903,-6.729385e-02,-2.929151e-02,8.374369e-06,6.872339e-06,2.019205e-03,9.661812e-03
426508288,5822768,5118099456,15625273,-6.733863e-02,-2.940670e-02,8.635536e-06,7.489510e-06,2.082177e-03,1.052949e-02
426770432,5823393,5121245184,15635055,-6.728557e-02,-2.938273e-02,8.326529e-06,7.358906e-06,2.007670e-03,1.034587e-02
427032576,5823566,5124390912,15644737,-6.720302e-02,-2.929663e-02,7.856922e-06,6.899193e-06,1.894439e-03,9.699565e-03
427294720,5824334,5127536640,15654235,-6.721987e-02,-2.927244e-02,7.951644e-06,6.772691e-06,1.917278e-03,9.521715e-03
427556864,5824924,5130682368,15663860,-6.722200e-02,-2.927063e-02,7.963666e-06,6.763261e-06,1.920177e-03,9.508459e-03
427819008,5824968,5133828096,15673225,-6.730711e-02,-2.931277e-02,8.451301e-06,6.984220e-06,2.037754e-03,9.819104e-03
428081152,5825085,5136973824,15682866,-6.733368e-02,-2.930173e-02,8.606485e-06,6.925990e-06,2.075172e-03,9.737239e-03
428343296,5825168,5140119552,15692398,-6.743712e-02,-2.925290e-02,9.224083e-06,6.671393e-06,2.224085e-03,9.379302e-03
428605440,5825241,5143265280,15702123,-6.752626e-02,-2.927748e-02,9.773477e-06,6.798979e-06,2.356554e-03,9.558675e-03
428867584,5825905,5146411008,15711624,-6.760426e-02,-2.927176e-02,1.026726e-05,6.769143e-06,2.475613e-03,9.516729e-03
429129728,5825972,5149556736,15721370,-6.756066e-02,-2.932140e-02,9.989743e-06,7.029917e-06,2.408699e-03,9.883349e-03
429391872,5826668,5152702464,15731020,-6.752629e-02,-2.927784e-02,9.773664e-06,6.800854e-06,2.356599e-03,9.561311e-03
429654016,5827639,5155848192,15740468,-6.750949e-02,-2.932151e-02,9.668896e-06,7.030500e-06,2.331338e-03,9.884168e-03
429916160,5828036,5158993920,15749972,-6.753337e-02,-2.930018e-02,9.818017e-06,6.917826e-06,2.367293e-03,9.725762e-03
430178304,5829151,5162139648,15759764,-6.758332e-02,-2.926140e-02,1.013348e-05,6.715351e-06,2.443356e-03,9.441103e-03
430440448,5830532,5165285376,15769118,-6.750829e-02,-2.921906e-02,9.661438e-06,6.497724e-06,2.329539e-03,9.135141e-03
430702592,5834057,5168431104,15778443,-6.756332e-02,-2.909441e-02,1.000656e-05,5.877744e-06,2.412755e-03,8.263511e-03
430964736,5837799,5171576832,15788212,-6.762400e-02,-2.916144e-02,1.039413e-05,6.207258e-06,2.506204e-03,8.726774e-03
431226880,5844258,5174722560,15797770,-6.763203e-02,-2.916437e-02,1.044603e-05,6.221885e-06,2.518718e-03,8.747338e-03
431489024,5844542,5177868288,15807340,-6.760395e-02,-2.914947e-02,1.026530e-05,6.147750e-06,2.475141e-03,8.643113e-03
431751168,5848958,5181014016,15816774,-6.768446e-02,-2.924384e-02,1.078769e-05,6.624663e-06,2.601098e-03,9.313605e-03
432013312,5849916,5184159744,15826303,-6.772779e-02,-2.917929e-02,1.107417e-05,6.296520e-06,2.670172e-03,8.852268e-03
432275456,5854036,5187305472,15835834,-6.771447e-02,-2.920587e-02,1.098568e-05,6.430629e-06,2.648836e-03,9.040812e-03
432537600,5859782,5190451200,15845466,-6.777768e-02,-2.919189e-02,1.140870e-05,6.359935e-06,2.750833e-03,8.941424e-03
432799744,5865791,5193596928,15854958,-6.770534e-02,-2.929852e-02,1.092526e-05,6.909137e-06,2.634269e-03,9.713546e-03
433061888,5875447,5196742656,15864402,-6.777616e-02,-2.941853e-02,1.139843e-05,7.554419e-06,2.748358e-03,1.062075e-02
433324032,5877546,5199888384,15873819,-6.772593e-02,-2.954114e-02,1.106182e-05,8.243439e-06,2.667196e-03,1.158944e-02
433586176,5887451,5203034112,15883543,-6.773663e-02,-2.950294e-02,1.113310e-05,8.025527e-06,2.684383e-03,1.128308e-02
433848320,5913813,5206179840,15893333,-6.772745e-02,-2.953444e-02,1.107188e-05,8.205043e-06,2.669622e-03,1.153546e-02
434110464,5922506,5209325568,15902958,-6.778189e-02,-2.963332e-02,1.143715e-05,8.781251e-06,2.757694e-03,1.234555e-02
434372608,5942921,5212471296,15912709,-6.784678e-02,-2.958365e-02,1.188029e-05,8.489335e-06,2.864543e-03,1.193514e-02
434634752,5956528,5215617024,15922264,-6.786916e-02,-2.960918e-02,1.203508e-05,8.638765e-06,2.901866e-03,1.214523e-02
434896896,5975079,5218762752,15931910,-6.784846e-02,-2.960193e-02,1.189185e-05,8.596193e-06,2.867331e-03,1.208538e-02
435159040,5981207,5221908480,15941343,-6.787805e-02,-2.956633e-02,1.209678e-05,8.388703e-06,2.916743e-03,1.179366e-02
435421184,5985159,5225054208,15950771,-6.783496e-02,-2.950888e-02,1.179892e-05,8.059270e-06,2.844923e-03,1.133052e-02
435683328,5985677,5228199936,15960550,-6.775463e-02,-2.948827e-02,1.125355e-05,7.942655e-06,2.713425e-03,1.116657e-02
435945472,6000198,5231345664,15970054,-6.773566e-02,-2.953172e-02,1.112659e-05,8.189471e-06,2.682813e-03,1.151356e-02
436207616,6050519,5234491392,15979756,-6.774008e-02,-2.949923e-02,1.115614e-05,8.004518e-06,2.689937e-03,1.125354e-02
436469760,6168796,5237637120,15989437,-6.780570e-02,-2.952927e-02,1.159878e-05,8.175426e-06,2.796665e-03,1.149382e-02
436731904,6169806,5240782848,15999132,-6.780272e-02,-2.947842e-02,1.157849e-05,7.887223e-06,2.791773e-03,1.108863e-02
436994048,6171085,5243928576,16008711,-6.783426e-02,-2.954178e-02,1.179411e-05,8.247119e-06,2.843763e-03,1.159461e-02
437256192,6171688,5247074304,16018251,-6.782553e-02,-2.951747e-02,1.173426e-05,8.108098e-06,2.829333e-03,1.139916e-02
437518336,6171736,5250220032,16027667,-6.780304e-02,-2.947412e-02,1.158067e-05,7.863105e-06,2.792298e-03,1.105473e-02
437780480,6171990,5253365760,16037551,-6.780662e-02,-2.954934e-02,1.160502e-05,8.290611e-06,2.798170e-03,1.165576e-02
438042624,6172233,5256511488,16046948,-6.785381e-02,-2.955093e-02,1.192878e-05,8.299774e-06,2.876234e-03,1.166864e-02
438304768,6172902,5259657216,16056440,-6.789941e-02,-2.954909e-02,1.224583e-05,8.289141e-06,2.952680e-03,1.165369e-02
438566912,6173206,5262802944,16066219,-6.785060e-02,-2.955814e-02,1.190666e-05,8.341382e-06,2.870900e-03,1.172714e-02
438829056,6173282,5265948672,16075688,-6.785927e-02,-2.948666e-02,1.196653e-05,7.933586e-06,2.885337e-03,1.115382e-02
439091200,6173902,5269094400,16085305,-6.790935e-02,-2.957419e-02,1.231549e-05,8.434307e-06,2.969476e-03,1.185778e-02
439353344,6173994,5272240128,16094679,-6.792834e-02,-2.949144e-02,1.244919e-05,7.960544e-06,3.001715e-03,1.119172e-02
439615488,6174018,5275385856,16104241,-6.797221e-02,-2.949601e-02,1.276069e-05,7.986348e-06,3.076822e-03,1.122799e-02
439877632,6174184,5278531584,16114041,-6.799677e-02,-2.946012e-02,1.293674e-05,7.784787e-06,3.119270e-03,1.094462e-02
440139776,6174437,5281677312,16123420,-6.799670e-02,-2.946276e-02,1.293626e-05,7.799523e-06,3.119154e-03,1.096534e-02
440401920,6174505,5284823040,16133081,-6.797469e-02,-2.948853e-02,1.277837e-05,7.944135e-06,3.081085e-03,1.116865e-02
440664064,6174782,5287968768,16142462,-6.797739e-02,-2.943302e-02,1.279771e-05,7.634269e-06,3.085749e-03,1.073301e-02
440926208,6174890,5291114496,16151901,-6.793262e-02,-2.944872e-02,1.247939e-05,7.721285e-06,3.008996e-03,1.085534e-02
441188352,6174930,5294260224,16161585,-6.799078e-02,-2.939228e-02,1.289368e-05,7.410799e-06,3.108889e-03,1.041883e-02
441450496,6175014,5297405952,16171041,-6.787988e-02,-2.936591e-02,1.210953e-05,7.267934e-06,2.919817e-03,1.021798e-02
441712640,6175024,5300551680,16180581,-6.792359e-02,-2.925488e-02,1.241567e-05,6.681616e-06,2.993633e-03,9.393674e-03
441974784,6175042,5303697408,16190158,-6.786603e-02,-2.928912e-02,1.201338e-05,6.859806e-06,2.896633e-03,9.644192e-03
442236928,6175091,5306843136,16199798,-6.784746e-02,-2.926620e-02,1.188497e-05,6.740242e-06,2.865670e-03,9.476097e-03
442499072,6175312,5309988864,16209263,-6.784119e-02,-2.924613e-02,1.184180e-05,6.636462e-06,2.855263e-03,9.330194e-03
442761216,6175443,5313134592,16218937,-6.779795e-02,-2.927453e-02,1.154606e-05,6.783553e-06,2.783953e-03,9.536988e-03
443023360,6175444,5316280320,16228688,-6.778244e-02,-2.924303e-02,1.144088e-05,6.620465e-06,2.758593e-03,9.307701e-03
443285504,6175913,5319426048,16238606,-6.781157e-02,-2.923031e-02,1.163880e-05,6.555197e-06,2.806315e-03,9.215942e-03
443547648,6175995,5322571776,16248121,-6.785776e-02,-2.924633e-02,1.195612e-05,6.637470e-06,2.882827e-03,9.331610e-03
443809792,6176270,5325717504,16257714,-6.790479e-02,-2.920416e-02,1.228350e-05,6.421978e-06,2.961764e-03,9.028650e-03
444071936,6176315,5328863232,16267339,-6.778573e-02,-2.923462e-02,1.146317e-05,6.577287e-06,2.763967e-03,9.246998e-03
444334080,6176368,5332008960,16276825,-6.774311e-02,-2.918439e-02,1.117635e-05,6.322140e-06,2.694811e-03,8.888287e-03
444596224,6176479,5335154688,16286359,-6.767967e-02,-2.912522e-02,1.075619e-05,6.028104e-06,2.593503e-03,8.474902e-03
444858368,6176601,5338300416,16295910,-6.779124e-02,-2.919878e-02,1.150048e-05,6.394715e-06,2.772964e-03,8.990321e-03
445120512,6177192,5341446144,16305635,-6.780300e-02,-2.913696e-02,1.158036e-05,6.085891e-06,2.792225e-03,8.556145e-03
445382656,6178567,5344591872,16315308,-6.776422e-02,-2.915035e-02,1.131793e-05,6.152120e-06,2.728947e-03,8.649257e-03
445644800,6178757,5347737600,16325045,-6.766862e-02,-2.915682e-02,1.068389e-05,6.184262e-06,2.576069e-03,8.694444e-03
445906944,6178800,5350883328,16334708,-6.769767e-02,-2.921919e-02,1.087459e-05,6.498389e-06,2.622051e-03,9.136075e-03
446169088,6179356,5354029056,16344280,-6.772185e-02,-2.920870e-02,1.103468e-05,6.444996e-06,2.660651e-03,9.061011e-03
446431232,6180437,5357174784,16353948,-6.777179e-02,-2.917738e-02,1.136897e-05,6.286951e-06,2.741254e-03,8.838815e-03
446693376,6182636,5360320512,16363310,-6.780903e-02,-2.909810e-02,1.162147e-05,5.895649e-06,2.802137e-03,8.288684e-03
446955520,6182948,5363466240,16372990,-6.776672e-02,-2.901222e-02,1.133478e-05,5.485997e-06,2.733010e-03,7.712754e-03
447217664,6183087,5366611968,16382673,-6.773157e-02,-2.900676e-02,1.109937e-05,5.460452e-06,2.676249e-03,7.676841e-03
447479808,6183704,5369757696,16392282,-6.773397e-02,-2.907957e-02,1.111536e-05,5.806036e-06,2.680105e-03,8.162698e-03
447741952,6184617,5372903424,16402107,-6.764640e-02,-2.898311e-02,1.053909e-05,5.350482e-06,2.541157e-03,7.522236e-03
448004096,6185528,5376049152,16411731,-6.764945e-02,-2.901053e-02,1.055894e-05,5.478077e-06,2.545941e-03,7.701620e-03
448266240,6185954,5379194880,16421455,-6.757969e-02,-2.898461e-02,1.011039e-05,5.357430e-06,2.437790e-03,7.532003e-03
448528384,6186463,5382340608,16431037,-6.768859e-02,-2.897394e-02,1.081482e-05,5.308145e-06,2.607639e-03,7.462712e-03
448790528,6186997,5385486336,16440736,-6.758385e-02,-2.885364e-02,1.013690e-05,4.768285e-06,2.444180e-03,6.703725e-03
449052672,6187447,5388632064,16450316,-6.753594e-02,-2.891953e-02,9.834085e-06,5.060409e-06,2.371167e-03,7.114421e-03
449314816,6189998,5391777792,16459917,-6.752640e-02,-2.881845e-02,9.774363e-06,4.615843e-06,2.356767e-03,6.489407e-03
449576960,6192284,5394923520,16469614,-6.751792e-02,-2.870430e-02,9.721419e-06,4.138388e-06,2.344002e-03,5.818154e-03
449839104,6192978,5398069248,16479140,-6.747696e-02,-2.867825e-02,9.467656e-06,4.033053e-06,2.282815e-03,5.670063e-03
450101248,6193745,5401214976,16488580,-6.743851e-02,-2.872151e-02,9.232547e-06,4.208708e-06,2.226126e-03,5.917017e-03
450363392,6199355,5404360704,16498253,-6.737968e-02,-2.872303e-02,8.878498e-06,4.214924e-06,2.140759e-03,5.925755e-03
450625536,6203600,5407506432,16507702,-6.736209e-02,-2.881321e-02,8.773977e-06,4.593372e-06,2.115557e-03,6.457815e-03
450887680,6209493,5410652160,16517175,-6.739955e-02,-2.885024e-02,8.997310e-06,4.753443e-06,2.169407e-03,6.682859e-03
451149824,6216909,5413797888,16526749,-6.740706e-02,-2.887013e-02,9.042421e-06,4.840565e-06,2.180283e-03,6.805344e-03
451411968,6224138,5416943616,16536366,-6.744280e-02,-2.888113e-02,9.258600e-06,4.889085e-06,2.232408e-03,6.873557e-03
451674112,6239024,5420089344,16546239,-6.743568e-02,-2.889308e-02,9.215350e-06,4.942093e-06,2.221980e-03,6.948081e-03
451936256,6242440,5423235072,16555526,-6.744473e-02,-2.891963e-02,9.270347e-06,5.060853e-06,2.235241e-03,7.115045e-03
452198400,6264754,5426380800,16565185,-6.737179e-02,-2.893576e-02,8.831496e-06,5.133680e-06,2.129426e-03,7.217433e-03
452460544,6265511,5429526528,16574732,-6.735262e-02,-2.903188e-02,8.717967e-06,5.578480e-06,2.102052e-03,7.842777e-03
452722688,6265581,5432672256,16584350,-6.731642e-02,-2.895736e-02,8.505494e-06,5.232015e-06,2.050821e-03,7.355683e-03
452984832,6265613,5435817984,16593894,-6.728409e-02,-2.889624e-02,8.317975e-06,4.956132e-06,2.005607e-03,6.967818e-03
453246976,6266052,5438963712,16603338,-6.720176e-02,-2.887161e-02,7.849823e-06,4.847083e-06,1.892728e-03,6.814508e-03
453509120,6266085,5442109440,16613105,-6.722111e-02,-2.887539e-02,7.958621e-06,4.863731e-06,1.918961e-03,6.837912e-03
453771264,6266366,5445255168,16622724,-6.712589e-02,-2.882571e-02,7.430486e-06,4.647085e-06,1.791618e-03,6.533331e-03
454033408,6266373,5448400896,16632347,-6.712262e-02,-2.885020e-02,7.412665e-06,4.753289e-06,1.787321e-03,6.682642e-03
454295552,6266958,5451546624,16641988,-6.702715e-02,-2.888358e-02,6.901913e-06,4.899930e-06,1.664170e-03,6.888805e-03
454557696,6267374,5454692352,16651622,-6.699405e-02,-2.894026e-02,6.729076e-06,5.154076e-06,1.622496e-03,7.246108e-03
454819840,6268121,5457838080,16661160,-6.704003e-02,-2.895622e-02,6.969765e-06,5.226785e-06,1.680530e-03,7.348329e-03
455081984,6268340,5460983808,16670750,-6.698179e-02,-2.902211e-02,6.665640e-06,5.532426e-06,1.607200e-03,7.778030e-03
455344128,6268351,5464129536,16680336,-6.695757e-02,-2.905035e-02,6.541155e-06,5.666060e-06,1.577185e-03,7.965906e-03
455606272,6268505,5467275264,16690000,-6.704085e-02,-2.899532e-02,6.974093e-06,5.407099e-06,1.681574e-03,7.601833e-03
455868416,6268534,5470420992,16699682,-6.711553e-02,-2.901495e-02,7.374093e-06,5.498769e-06,1.778021e-03,7.730712e-03
456130560,6268655,5473566720,16709655,-6.708229e-02,-2.899945e-02,7.194645e-06,5.426355e-06,1.734753e-03,7.628905e-03
456392704,6268703,5476712448,16719117,-6.712332e-02,-2.893298e-02,7.416439e-06,5.121094e-06,1.788231e-03,7.199739e-03
456654848,6268714,5479858176,16728763,-6.711319e-02,-2.888344e-02,7.361392e-06,4.899328e-06,1.774958e-03,6.887959e-03
456916992,6268714,5483003904,16738313,-6.705058e-02,-2.894813e-02,7.025542e-06,5.189887e-06,1.693979e-03,7.296455e-03
457179136,6268814,5486149632,16747729,-6.711902e-02,-2.891463e-02,7.393042e-06,5.038351e-06,1.782590e-03,7.083410e-03
457441280,6269087,5489295360,16757400,-6.708472e-02,-2.896785e-02,7.207721e-06,5.280107e-06,1.737906e-03,7.423296e-03
457703424,6269102,5492441088,16766845,-6.703023e-02,-2.908701e-02,6.918091e-06,5.841952e-06,1.668071e-03,8.213192e-03
457965568,6269622,5495586816,16776438,-6.706659e-02,-2.900178e-02,7.110716e-06,5.437217e-06,1.714516e-03,7.644174e-03
458227712,6269632,5498732544,16786122,-6.710066e-02,-2.900672e-02,7.293546e-06,5.460261e-06,1.758600e-03,7.676572e-03
458489856,6269645,5501878272,16795834,-6.707829e-02,-2.909625e-02,7.173237e-06,5.886670e-06,1.729591e-03,8.276062e-03
458752000,6269800,5505024000,16805319,-6.713523e-02,-2.901383e-02,7.481469e-06,5.493520e-06,1.803911e-03,7.723332e-03
459014144,6269838,5508169728,16814851,-6.715343e-02,-2.902590e-02,7.581372e-06,5.550255e-06,1.827999e-03,7.803095e-03
459276288,6269901,5511315456,16824205,-6.722999e-02,-2.904425e-02,8.008850e-06,5.637056e-06,1.931072e-03,7.925129e-03
459538432,6270151,5514461184,16833703,-6.727214e-02,-2.898349e-02,8.249183e-06,5.352258e-06,1.989020e-03,7.524732e-03
459800576,6270809,5517606912,16843235,-6.721323e-02,-2.902896e-02,7.914249e-06,5.564675e-06,1.908262e-03,7.823369e-03
460062720,6270841,5520752640,16852786,-6.715638e-02,-2.893540e-02,7.597628e-06,5.132034e-06,1.831919e-03,7.215119e-03
460324864,6270928,5523898368,16862379,-6.711233e-02,-2.890879e-02,7.356703e-06,5.012195e-06,1.773828e-03,7.046638e-03
460587008,6271830,5527044096,16871975,-6.712074e-02,-2.897353e-02,7.402404e-06,5.306257e-06,1.784847e-03,7.460059e-03
460849152,6271837,5530189824,16881728,-6.713992e-02,-2.905144e-02,7.507168e-06,5.671267e-06,1.810108e-03,7.973226e-03
461111296,6272673,5533335552,16891283,-6.718484e-02,-2.904832e-02,7.755297e-06,5.656390e-06,1.869936e-03,7.952309e-03
461373440,6273106,5536481280,16900927,-6.722084e-02,-2.900432e-02,7.957149e-06,5.449037e-06,1.918606e-03,7.660793e-03
461635584,6273457,5539627008,16910376,-6.723354e-02,-2.899316e-02,8.028936e-06,5.397081e-06,1.935915e-03,7.587748e-03
461897728,6273522,5542772736,16919920,-6.720550e-02,-2.893321e-02,7.870795e-06,5.122123e-06,1.897784e-03,7.201185e-03
462159872,6273536,5545918464,16929472,-6.721045e-02,-2.893491e-02,7.898620e-06,5.129806e-06,1.904493e-03,7.211988e-03
462422016,6273674,5549064192,16939216,-6.723090e-02,-2.887260e-02,8.013996e-06,4.851456e-06,1.932312e-03,6.820655e-03
462684160,6274144,5552209920,16948799,-6.719629e-02,-2.880854e-02,7.819209e-06,4.573362e-06,1.885346e-03,6.429682e-03
462946304,6274795,5555355648,16958375,-6.727029e-02,-2.877334e-02,8.238573e-06,4.424046e-06,1.986462e-03,6.219761e-03
463208448,6275631,5558501376,16968061,-6.727298e-02,-2.871596e-02,8.254021e-06,4.185957e-06,1.990187e-03,5.885030e-03
463470592,6275740,5561647104,16977631,-6.732601e-02,-2.874108e-02,8.561517e-06,4.289383e-06,2.064329e-03,6.030437e-03
463732736,6277276,5564792832,16987395,-6.722262e-02,-2.877140e-02,7.967156e-06,4.415870e-06,1.921019e-03,6.208265e-03
463994880,6278573,5567938560,16996819,-6.722531e-02,-2.879428e-02,7.982389e-06,4.512557e-06,1.924691e-03,6.344196e-03
464257024,6282090,5571084288,17006603,-6.721320e-02,-2.879143e-02,7.914081e-06,4.500457e-06,1.908221e-03,6.327186e-03
464519168,6285965,5574230016,17016366,-6.736621e-02,-2.877075e-02,8.798404e-06,4.413146e-06,2.121447e-03,6.204436e-03
464781312,6292384,5577375744,17026130,-6.739955e-02,-2.888982e-02,8.997310e-06,4.927611e-06,2.169407e-03,6.927721e-03
465043456,6294247,5580521472,17035856,-6.734087e-02,-2.887792e-02,8.648722e-06,4.874919e-06,2.085356e-03,6.853641e-03
465305600,6294529,5583667200,17045692,-6.731298e-02,-2.891554e-02,8.485428e-06,5.042449e-06,2.045983e-03,7.089171e-03
465567744,6297061,5586812928,17055371,-6.724874e-02,-2.892065e-02,8.115302e-06,5.065446e-06,1.956739e-03,7.121503e-03
465829888,6298369,5589958656,17065053,-6.725925e-02,-2.894910e-02,8.175309e-06,5.194284e-06,1.971208e-03,7.302636e-03
466092032,6299720,5593104384,17074692,-6.726179e-02,-2.891178e-02,8.189844e-06,5.025574e-06,1.974712e-03,7.065447e-03
466354176,6313748,5596250112,17084304,-6.737651e-02,-2.892256e-02,8.859593e-06,5.074035e-06,2.136201e-03,7.133579e-03
466616320,6323599,5599395840,17093868,-6.739067e-02,-2.890227e-02,8.944110e-06,4.983014e-06,2.156579e-03,7.005613e-03
466878464,6326550,5602541568,17103307,-6.742589e-02,-2.892780e-02,9.156007e-06,5.097676e-06,2.207671e-03,7.166816e-03
467140608,6336791,5605687296,17112866,-6.735799e-02,-2.888590e-02,8.749718e-06,4.910194e-06,2.109708e-03,6.903235e-03
467402752,6361862,5608833024,17122287,-6.741711e-02,-2.890642e-02,9.102969e-06,5.001559e-06,2.194882e-03,7.031684e-03
467664896,6362531,5611978752,17132071,-6.741574e-02,-2.893468e-02,9.094698e-06,5.128760e-06,2.192888e-03,7.210516e-03
467927040,6391078,5615124480,17141481,-6.743497e-02,-2.900176e-02,9.211008e-06,5.437095e-06,2.220932e-03,7.644004e-03
468189184,6404299,5618270208,17151020,-6.740873e-02,-2.899692e-02,9.052415e-06,5.414568e-06,2.182693e-03,7.612334e-03
468451328,6423126,5621415936,17160603,-6.743935e-02,-2.904284e-02,9.237619e-06,5.630372e-06,2.227349e-03,7.915731e-03
468713472,6429449,5624561664,17170327,-6.742800e-02,-2.903733e-02,9.168772e-06,5.604255e-06,2.210749e-03,7.879014e-03
468975616,6433383,5627707392,17180146,-6.744011e-02,-2.907833e-02,9.242239e-06,5.800032e-06,2.228463e-03,8.154257e-03
469237760,6434004,5630853120,17189774,-6.746298e-02,-2.916462e-02,9.381836e-06,6.223139e-06,2.262122e-03,8.749102e-03
469499904,6447943,5633998848,17199345,-6.741098e-02,-2.916422e-02,9.065961e-06,6.221113e-06,2.185959e-03,8.746254e-03
469762048,6498096,5637144576,17209104,-6.738684e-02,-2.921271e-02,8.921219e-06,6.465374e-06,2.151059e-03,9.089660e-03
470024192,6608816,5640290304,17218701,-6.740807e-02,-2.923089e-02,9.048471e-06,6.558154e-06,2.181742e-03,9.220099e-03
470286336,6609922,5643436032,17228283,-6.743255e-02,-2.922064e-02,9.196316e-06,6.505770e-06,2.217390e-03,9.146453e-03
470548480,6610873,5646581760,17237881,-6.742118e-02,-2.920545e-02,9.127488e-06,6.428503e-06,2.200794e-03,9.037824e-03
470810624,6611394,5649727488,17247622,-6.737471e-02,-2.925004e-02,8.848908e-06,6.656622e-06,2.133624e-03,9.358534e-03
471072768,6611664,5652873216,17257257,-6.742751e-02,-2.915768e-02,9.165794e-06,6.188561e-06,2.210031e-03,8.700489e-03
471334912,6611930,5656018944,17266798,-6.738780e-02,-2.917500e-02,8.926961e-06,6.275028e-06,2.152444e-03,8.822054e-03
471597056,6612541,5659164672,17276620,-6.741644e-02,-2.920261e-02,9.098878e-06,6.414107e-06,2.193896e-03,9.017585e-03
471859200,6612739,5662310400,17286464,-6.736977e-02,-2.915792e-02,8.819544e-06,6.189765e-06,2.126544e-03,8.702182e-03
472121344,6613188,5665456128,17296205,-6.740232e-02,-2.927174e-02,9.013900e-06,6.769065e-06,2.173406e-03,9.516620e-03
472383488,6613313,5668601856,17305864,-6.739470e-02,-2.937441e-02,8.968235e-06,7.313813e-06,2.162396e-03,1.028248e-02
472645632,6614130,5671747584,17315636,-6.740122e-02,-2.937735e-02,9.007280e-06,7.329749e-06,2.171810e-03,1.030488e-02
472907776,6614274,5674893312,17325303,-6.730901e-02,-2.937600e-02,8.462308e-06,7.322449e-06,2.040408e-03,1.029462e-02
473169920,6614336,5678039040,17334958,-6.730948e-02,-2.925236e-02,8.465039e-06,6.668564e-06,2.041067e-03,9.375325e-03
473432064,6614338,5681184768,17344430,-6.727165e-02,-2.922974e-02,8.246359e-06,6.552260e-06,1.988339e-03,9.211812e-03
473694208,6614609,5684330496,17354159,-6.730516e-02,-2.919643e-02,8.439955e-06,6.382869e-06,2.035019e-03,8.973666e-03
473956352,6614649,5687476224,17363795,-6.727998e-02,-2.928105e-02,8.294269e-06,6.817604e-06,1.999891e-03,9.584858e-03
474218496,6614860,5690621952,17373140,-6.732015e-02,-2.925173e-02,8.527280e-06,6.665323e-06,2.056074e-03,9.370768e-03
474480640,6615080,5693767680,17382674,-6.731306e-02,-2.930802e-02,8.485906e-06,6.959147e-06,2.046098e-03,9.783855e-03
474742784,6615091,5696913408,17392171,-6.727362e-02,-2.929281e-02,8.257703e-06,6.879128e-06,1.991074e-03,9.671357e-03
475004928,6615094,5700059136,17401952,-6.724747e-02,-2.927721e-02,8.108087e-06,6.797571e-06,1.955000e-03,9.556696e-03
475267072,6615178,5703204864,17411390,-6.727940e-02,-2.924067e-02,8.290922e-06,6.608364e-06,1.999084e-03,9.290689e-03
475529216,6615220,5706350592,17420834,-6.724254e-02,-2.920033e-02,8.080023e-06,6.402583e-06,1.948233e-03,9.001383e-03
475791360,6615262,5709496320,17430382,-6.721038e-02,-2.927631e-02,7.898201e-06,6.792871e-06,1.904392e-03,9.550087e-03
476053504,6615288,5712642048,17440098,-6.715135e-02,-2.923013e-02,7.569888e-06,6.554282e-06,1.825231e-03,9.214655e-03
476315648,6615383,5715787776,17449840,-6.714246e-02,-2.930414e-02,7.521097e-06,6.938702e-06,1.813466e-03,9.755111e-03
476577792,6615734,5718933504,17459432,-6.712507e-02,-2.941377e-02,7.426018e-06,7.528261e-06,1.790541e-03,1.058397e-02
476839936,6616101,5722079232,17469089,-6.710824e-02,-2.940175e-02,7.334531e-06,7.462437e-06,1.768482e-03,1.049143e-02
477102080,6616235,5725224960,17478823,-6.708097e-02,-2.947975e-02,7.187612e-06,7.894716e-06,1.733057e-03,1.109917e-02
477364224,6616276,5728370688,17488491,-6.706090e-02,-2.946727e-02,7.080391e-06,7.824699e-06,1.707204e-03,1.100073e-02
477626368,6616337,5731516416,17497969,-6.700317e-02,-2.947962e-02,6.776472e-06,7.893983e-06,1.633924e-03,1.109814e-02
477888512,6616472,5734662144,17507484,-6.700434e-02,-2.952525e-02,6.782564e-06,8.152467e-06,1.635393e-03,1.146154e-02
478150656,6616550,5737807872,17517242,-6.712353e-02,-2.949910e-02,7.417616e-06,8.003833e-06,1.788515e-03,1.125258e-02
478412800,6616705,5740953600,17526850,-6.710651e-02,-2.950316e-02,7.325171e-06,8.026815e-06,1.766225e-03,1.128489e-02
478674944,6616964,5744099328,17536408,-6.713188e-02,-2.947048e-02,7.463179e-06,7.842686e-06,1.799501e-03,1.102602e-02
478937088,6618890,5747245056,17545856,-6.719139e-02,-2.944287e-02,7.791858e-06,7.688826e-06,1.878751e-03,1.080971e-02
479199232,6618940,5750390784,17555580,-6.717006e-02,-2.937857e-02,7.673226e-06,7.336347e-06,1.850147e-03,1.031416e-02
479461376,6619090,5753536512,17565040,-6.708287e-02,-2.932710e-02,7.197763e-06,7.060174e-06,1.735505e-03,9.925887e-03
479723520,6619403,5756682240,17574794,-6.714842e-02,-2.933304e-02,7.553825e-06,7.091785e-06,1.821358e-03,9.970331e-03
479985664,6620981,5759827968,17584619,-6.713305e-02,-2.933630e-02,7.469572e-06,7.109176e-06,1.801042e-03,9.994781e-03
480247808,6622935,5762973696,17594469,-6.712574e-02,-2.925328e-02,7.429633e-06,6.673327e-06,1.791412e-03,9.382021e-03
480509952,6623236,5766119424,17604202,-6.706136e-02,-2.923838e-02,7.082810e-06,6.596571e-06,1.707787e-03,9.274110e-03
480772096,6623309,5769265152,17613855,-6.703826e-02,-2.926816e-02,6.960406e-06,6.750440e-06,1.678274e-03,9.490434e-03
481034240,6624351,5772410880,17623537,-6.698728e-02,-2.917288e-02,6.694024e-06,6.264413e-06,1.614045e-03,8.807129e-03
481296384,6624678,5775556608,17633090,-6.697971e-02,-2.919505e-02,6.654911e-06,6.375878e-06,1.604614e-03,8.963839e-03
481558528,6625369,5778702336,17642645,-6.696533e-02,-2.932113e-02,6.580889e-06,7.028495e-06,1.586766e-03,9.881351e-03
481820672,6626178,5781848064,17652407,-6.697159e-02,-2.935604e-02,6.613038e-06,7.214814e-06,1.594517e-03,1.014330e-02
482082816,6626552,5784993792,17662092,-6.702296e-02,-2.939395e-02,6.879930e-06,7.419929e-06,1.658869e-03,1.043167e-02
482344960,6626856,5788139520,17671715,-6.704058e-02,-2.941080e-02,6.972637e-06,7.511997e-06,1.681223e-03,1.056110e-02
482607104,6627780,5791285248,17681308,-6.711845e-02,-2.933390e-02,7.389963e-06,7.096359e-06,1.781847e-03,9.976760e-03
482869248,6630085,5794430976,17691100,-6.715366e-02,-2.934925e-02,7.582644e-06,7.178377e-06,1.828306e-03,1.009207e-02
483131392,6632606,5797576704,17700716,-6.705675e-02,-2.932840e-02,7.058323e-06,7.067094e-06,1.701883e-03,9.935618e-03
483393536,6633372,5800722432,17710385,-6.705288e-02,-2.931843e-02,7.037751e-06,7.014201e-06,1.696923e-03,9.861254e-03
483655680,6634092,5803868160,17719899,-6.702446e-02,-2.935437e-02,6.887788e-06,7.205861e-06,1.660764e-03,1.013071e-02
483917824,6639755,5807013888,17729409,-6.708705e-02,-2.925139e-02,7.220208e-06,6.663553e-06,1.740916e-03,9.368280e-03
484179968,6643876,5810159616,17739120,-6.707662e-02,-2.922920e-02,7.164260e-06,6.549504e-06,1.727427e-03,9.207938e-03
484442112,6649537,5813305344,17748692,-6.710695e-02,-2.922213e-02,7.327551e-06,6.513374e-06,1.766799e-03,9.157143e-03
484704256,6657040,5816451072,17758209,-6.712140e-02,-2.924595e-02,7.406013e-06,6.635503e-06,1.785717e-03,9.328843e-03
484966400,6668035,5819596800,17767937,-6.722784e-02,-2.920886e-02,7.996669e-06,6.445800e-06,1.928134e-03,9.062141e-03
485228544,6678996,5822742528,17777247,-6.723044e-02,-2.917687e-02,8.011381e-06,6.284420e-06,1.931682e-03,8.835257e-03
485490688,6682420,5825888256,17787074,-6.730354e-02,-2.912777e-02,8.430521e-06,6.040613e-06,2.032744e-03,8.492489e-03
485752832,6706029,5829033984,17796503,-6.731085e-02,-2.910245e-02,8.473062e-06,5.916825e-06,2.043001e-03,8.318456e-03
486014976,6712711,5832179712,17806065,-6.728916e-02,-2.906284e-02,8.347224e-06,5.725699e-06,2.012659e-03,8.049753e-03
486277120,6713122,5835325440,17815579,-6.727170e-02,-2.907204e-02,8.246659e-06,5.769810e-06,1.988412e-03,8.111767e-03
486539264,6713202,5838471168,17825308,-6.727172e-02,-2.904796e-02,8.246744e-06,5.654689e-06,1.988432e-03,7.949919e-03
486801408,6713813,5841616896,17834860,-6.730261e-02,-2.901350e-02,8.425113e-06,5.492010e-06,2.031440e-03,7.721209e-03
487063552,6713860,5844762624,17844285,-6.727581e-02,-2.901780e-02,8.270254e-06,5.512169e-06,1.994101e-03,7.749551e-03
487325696,6714128,5847908352,17853904,-6.725942e-02,-2.896674e-02,8.176289e-06,5.275007e-06,1.971444e-03,7.416125e-03
487587840,6714367,5851054080,17863478,-6.725429e-02,-2.899187e-02,8.146958e-06,5.391076e-06,1.964372e-03,7.579307e-03
487849984,6714800,5854199808,17873086,-6.723282e-02,-2.899469e-02,8.024841e-06,5.404171e-06,1.934928e-03,7.597716e-03
488112128,6715330,5857345536,17882659,-6.724320e-02,-2.893938e-02,8.083751e-06,5.150093e-06,1.949132e-03,7.240508e-03
488374272,6715958,5860491264,17892018,-6.728192e-02,-2.901587e-02,8.305430e-06,5.503103e-06,2.002582e-03,7.736804e-03
488636416,6716112,5863636992,17901564,-6.729957e-02,-2.891789e-02,8.407519e-06,5.053028e-06,2.027198e-03,7.104045e-03
488898560,6716123,5866782720,17911205,-6.727653e-02,-2.884318e-02,8.274411e-06,4.722735e-06,1.995103e-03,6.639685e-03
489160704,6716195,5869928448,17920794,-6.729180e-02,-2.888538e-02,8.362515e-06,4.907916e-06,2.016346e-03,6.900033e-03
489422848,6716363,5873074176,17930488,-6.720495e-02,-2.895099e-02,7.867744e-06,5.202914e-06,1.897049e-03,7.314769e-03
489684992,6716464,5876219904,17939998,-6.723472e-02,-2.897125e-02,8.035651e-06,5.295758e-06,1.937534e-03,7.445300e-03
489947136,6716508,5879365632,17949609,-6.722541e-02,-2.903091e-02,7.982937e-06,5.573879e-06,1.924824e-03,7.836308e-03
490209280,6716625,5882511360,17959571,-6.719553e-02,-2.909237e-02,7.814960e-06,5.867858e-06,1.884321e-03,8.249613e-03
490471424,6716633,5885657088,17969304,-6.724288e-02,-2.912105e-02,8.081971e-06,6.007633e-06,1.948702e-03,8.446122e-03
490733568,6716909,5888802816,17978923,-6.720945e-02,-2.909027e-02,7.893010e-06,5.857720e-06,1.903140e-03,8.235360e-03
490995712,6716997,5891948544,17988548,-6.731582e-02,-2.911455e-02,8.502017e-06,5.975836e-06,2.049983e-03,8.401419e-03
491257856,6717279,5895094272,17998338,-6.730437e-02,-2.908398e-02,8.435368e-06,5.827321e-06,2.033913e-03,8.192622e-03
491520000,6717461,5898240000,18008040,-6.732126e-02,-2.908100e-02,8.533721e-06,5.812923e-06,2.057627e-03,8.172380e-03
491782144,6717526,5901385728,18017646,-6.727643e-02,-2.904998e-02,8.273811e-06,5.664296e-06,1.994958e-03,7.963425e-03
492044288,6717585,5904531456,18027408,-6.729219e-02,-2.901927e-02,8.364756e-06,5.519081e-06,2.016887e-03,7.759267e-03
492306432,6717630,5907677184,18037049,-6.724371e-02,-2.906662e-02,8.086674e-06,5.743791e-06,1.949836e-03,8.075188e-03
492568576,6717819,5910822912,18046695,-6.730325e-02,-2.904269e-02,8.428834e-06,5.629647e-06,2.032337e-03,7.914713e-03
492830720,6717931,5913968640,18056260,-6.733495e-02,-2.901910e-02,8.613917e-06,5.518250e-06,2.076964e-03,7.758099e-03
493092864,6718405,5917114368,18065836,-6.728925e-02,-2.900295e-02,8.347741e-06,5.442638e-06,2.012784e-03,7.651798e-03
493355008,6718642,5920260096,18075566,-6.731247e-02,-2.902571e-02,8.482477e-06,5.549394e-06,2.045271e-03,7.801885e-03
493617152,6718866,5923405824,18085251,-6.739011e-02,-2.893651e-02,8.940723e-06,5.137057e-06,2.155762e-03,7.222181e-03
493879296,6718881,5926551552,18094869,-6.737456e-02,-2.895476e-02,8.848021e-06,5.220127e-06,2.133410e-03,7.338969e-03
494141440,6719789,5929697280,18104422,-6.728724e-02,-2.896638e-02,8.336164e-06,5.273356e-06,2.009993e-03,7.413804e-03
494403584,6720201,5932843008,18114163,-6.736115e-02,-2.891177e-02,8.768417e-06,5.025532e-06,2.114217e-03,7.065388e-03
494665728,6720964,5935988736,18123647,-6.735495e-02,-2.893914e-02,8.731699e-06,5.149020e-06,2.105363e-03,7.238999e-03
494927872,6721287,5939134464,18133232,-6.734593e-02,-2.896493e-02,8.678502e-06,5.266685e-06,2.092536e-03,7.404425e-03
495190016,6721704,5942280192,18142945,-6.735516e-02,-2.894978e-02,8.732976e-06,5.197383e-06,2.105671e-03,7.306994e-03
495452160,6721834,5945425920,18152548,-6.738153e-02,-2.895036e-02,8.889513e-06,5.200059e-06,2.143415e-03,7.310756e-03
495714304,6721867,5948571648,18162465,-6.735024e-02,-2.894698e-02,8.703893e-06,5.184627e-06,2.098659e-03,7.289059e-03
495976448,6722112,5951717376,18172030,-6.733844e-02,-2.902796e-02,8.634441e-06,5.559957e-06,2.081912e-03,7.816735e-03
496238592,6722149,5954863104,18181695,-6.733379e-02,-2.903750e-02,8.607096e-06,5.605057e-06,2.075319e-03,7.880142e-03
496500736,6722877,5958008832,18191313,-6.735831e-02,-2.902332e-02,8.751569e-06,5.538106e-06,2.110154e-03,7.786015e-03
496762880,6723331,5961154560,18200947,-6.748128e-02,-2.910485e-02,9.494268e-06,5.928484e-06,2.289232e-03,8.334847e-03
497025024,6723417,5964300288,18210503,-6.748797e-02,-2.909864e-02,9.535544e-06,5.898318e-06,2.299184e-03,8.292436e-03
497287168,6725075,5967446016,18220135,-6.740285e-02,-2.906694e-02,9.017122e-06,5.745345e-06,2.174183e-03,8.077372e-03
497549312,6726633,5970591744,18229730,-6.734324e-02,-2.908262e-02,8.662619e-06,5.820749e-06,2.088706e-03,8.183382e-03
497811456,6730136,5973737472,18239327,-6.735710e-02,-2.903521e-02,8.744430e-06,5.594215e-06,2.108433e-03,7.864898e-03
498073600,6733801,5976883200,18249100,-6.728508e-02,-2.899109e-02,8.323648e-06,5.387453e-06,2.006975e-03,7.574212e-03
498335744,6734236,5980028928,18258581,-6.725535e-02,-2.894470e-02,8.152999e-06,5.174275e-06,1.965828e-03,7.274505e-03
498597888,6739641,5983174656,18268132,-6.730160e-02,-2.893681e-02,8.419275e-06,5.138416e-06,2.030032e-03,7.224092e-03
498860032,6740484,5986320384,18277681,-6.725252e-02,-2.897823e-02,8.136838e-06,5.327947e-06,1.961932e-03,7.490552e-03
499122176,6744661,5989466112,18286986,-6.725766e-02,-2.893502e-02,8.166194e-06,5.130321e-06,1.969010e-03,7.212711e-03
499384320,6745420,5992611840,18296619,-6.720836e-02,-2.897377e-02,7.886899e-06,5.307381e-06,1.901667e-03,7.461639e-03
499646464,6746607,5995757568,18306180,-6.722465e-02,-2.902910e-02,7.978643e-06,5.565360e-06,1.923788e-03,7.824332e-03
499908608,6761556,5998903296,18315735,-6.723011e-02,-2.893193e-02,8.009483e-06,5.116324e-06,1.931224e-03,7.193033e-03
500170752,6771728,6002049024,18325411,-6.724575e-02,-2.898460e-02,8.098289e-06,5.357378e-06,1.952637e-03,7.531930e-03
500432896,6775793,6005194752,18335135,-6.722971e-02,-2.900122e-02,8.007249e-06,5.434585e-06,1.930685e-03,7.640475e-03
500695040,6785797,6008340480,18344675,-6.731970e-02,-2.891034e-02,8.524627e-06,5.019137e-06,2.055434e-03,7.056396e-03
500957184,6802510,6011486208,18354382,-6.734397e-02,-2.888832e-02,8.666961e-06,4.920940e-06,2.089754e-03,6.918341e-03
501219328,6809675,6014631936,18363750,-6.735002e-02,-2.899795e-02,8.702575e-06,5.419372e-06,2.098341e-03,7.619087e-03
501481472,6839009,6017777664,18373386,-6.737199e-02,-2.895993e-02,8.832691e-06,5.243789e-06,2.129714e-03,7.372236e-03
501743616,6852245,6020923392,18383042,-6.735096e-02,-2.895947e-02,8.708158e-06,5.241691e-06,2.099687e-03,7.369286e-03
502005760,6871386,6024069120,18392743,-6.735731e-02,-2.893238e-02,8.745664e-06,5.118355e-06,2.108730e-03,7.195888e-03
502267904,6877874,6027214848,18402577,-6.727849e-02,-2.894593e-02,8.285688e-06,5.179861e-06,1.997822e-03,7.282359e-03
502530048,6881541,6030360576,18412412,-6.727582e-02,-2.900689e-02,8.270339e-06,5.461053e-06,1.994121e-03,7.677685e-03
502792192,6882054,6033506304,18422124,-6.722871e-02,-2.901979e-02,8.001599e-06,5.521514e-06,1.929323e-03,7.762688e-03
503054336,6895962,6036652032,18431713,-6.723382e-02,-2.906075e-02,8.030541e-06,5.715675e-06,1.936302e-03,8.035660e-03
503316480,6946109,6039797760,18441290,-6.723769e-02,-2.905301e-02,8.052471e-06,5.678721e-06,1.941590e-03,7.983706e-03
503578624,7049154,6042943488,18450940,-6.723130e-02,-2.910018e-02,8.016274e-06,5.905784e-06,1.932862e-03,8.302934e-03
503840768,7050251,6046089216,18460362,-6.730204e-02,-2.918699e-02,8.421827e-06,6.335223e-06,2.030647e-03,8.906680e-03
504102912,7050976,6049234944,18469908,-6.729428e-02,-2.911383e-02,8.376870e-06,5.972321e-06,2.019808e-03,8.396477e-03
504365056,7051475,6052380672,18479494,-6.726246e-02,-2.914091e-02,8.193682e-06,6.105408e-06,1.975638e-03,8.583584e-03
504627200,7051825,6055526400,18489166,-6.727555e-02,-2.912644e-02,8.268754e-06,6.034078e-06,1.993739e-03,8.483301e-03
504889344,7052141,6058672128,18498952,-6.729415e-02,-2.905381e-02,8.376094e-06,5.682539e-06,2.019621e-03,7.989073e-03
505151488,7052951,6061817856,18508789,-6.728745e-02,-2.903572e-02,8.337369e-06,5.596647e-06,2.010283e-03,7.868317e-03
505413632,7052992,6064963584,18518530,-6.728498e-02,-2.900286e-02,8.323090e-06,5.442221e-06,2.006840e-03,7.651211e-03
505675776,7053370,6068109312,18528052,-6.722008e-02,-2.898350e-02,7.952821e-06,5.352301e-06,1.917562e-03,7.524792e-03
505937920,7053620,6071255040,18537600,-6.721209e-02,-2.890596e-02,7.907836e-06,4.999518e-06,1.906715e-03,7.028815e-03
506200064,7054380,6074400768,18547376,-6.725206e-02,-2.888745e-02,8.134246e-06,4.917065e-06,1.961307e-03,6.912894e-03
506462208,7054809,6077546496,18557095,-6.728268e-02,-2.888692e-02,8.309854e-06,4.914752e-06,2.003649e-03,6.909642e-03
506724352,7054882,6080692224,18566486,-6.720991e-02,-2.891107e-02,7.895564e-06,5.022392e-06,1.903756e-03,7.060974e-03
506986496,7054928,6083837952,18576088,-6.723264e-02,-2.895046e-02,8.023828e-06,5.200501e-06,1.934683e-03,7.311377e-03
507248640,7054975,6086983680,18585818,-6.732733e-02,-2.899976e-02,8.569235e-06,5.427804e-06,2.066190e-03,7.630942e-03
507510784,7055079,6090129408,18595282,-6.732278e-02,-2.898657e-02,8.542647e-06,5.366514e-06,2.059780e-03,7.544774e-03
507772928,7055151,6093275136,18604739,-6.727852e-02,-2.899055e-02,8.285860e-06,5.384954e-06,1.997864e-03,7.570699e-03
508035072,7055194,6096420864,18614460,-6.724244e-02,-2.899729e-02,8.079430e-06,5.416302e-06,1.948090e-03,7.614772e-03
508297216,7055251,6099566592,18624253,-6.717743e-02,-2.894405e-02,7.714103e-06,5.171292e-06,1.860003e-03,7.270312e-03
508559360,7055467,6102712320,18633862,-6.719454e-02,-2.895867e-02,7.809462e-06,5.237999e-06,1.882996e-03,7.364095e-03
508821504,7055534,6105858048,18643489,-6.713419e-02,-2.900499e-02,7.475764e-06,5.452168e-06,1.802535e-03,7.665194e-03
509083648,7055651,6109003776,18653065,-6.712762e-02,-2.899979e-02,7.439913e-06,5.427934e-06,1.793891e-03,7.631125e-03
509345792,7055654,6112149504,18662672,-6.713097e-02,-2.904012e-02,7.458173e-06,5.617456e-06,1.798294e-03,7.897573e-03
509607936,7055722,6115295232,18672320,-6.715544e-02,-2.894177e-02,7.592454e-06,5.160929e-06,1.830671e-03,7.255741e-03
509870080,7055826,6118440960,18682115,-6.721144e-02,-2.896533e-02,7.904191e-06,5.268524e-06,1.905837e-03,7.407010e-03
510132224,7056364,6121586688,18691737,-6.716780e-02,-2.896463e-02,7.660683e-06,5.265309e-06,1.847123e-03,7.402490e-03
510394368,7056368,6124732416,18701404,-6.710750e-02,-2.896978e-02,7.330536e-06,5.288971e-06,1.767519e-03,7.435757e-03
510656512,7056392,6127878144,18711028,-6.710497e-02,-2.904391e-02,7.316866e-06,5.635438e-06,1.764222e-03,7.922854e-03
510918656,7056571,6131023872,18720495,-6.719998e-02,-2.905997e-02,7.839848e-06,5.711936e-06,1.890322e-03,8.030402e-03
511180800,7056856,6134169600,18730146,-6.724183e-02,-2.903606e-02,8.075956e-06,5.598242e-06,1.947252e-03,7.870561e-03
511442944,7056864,6137315328,18739555,-6.722897e-02,-2.912247e-02,8.003032e-06,6.014620e-06,1.929669e-03,8.455945e-03
511705088,7056887,6140461056,18749137,-6.723081e-02,-2.904848e-02,8.013490e-06,5.657169e-06,1.932190e-03,7.953406e-03
511967232,7057157,6143606784,18758787,-6.722087e-02,-2.905878e-02,7.957317e-06,5.706283e-06,1.918646e-03,8.022455e-03
512229376,7057319,6146752512,18768610,-6.723960e-02,-2.902438e-02,8.063343e-06,5.543121e-06,1.944211e-03,7.793067e-03
512491520,7059270,6149898240,18778314,-6.735668e-02,-2.907945e-02,8.741918e-06,5.805444e-06,2.107827e-03,8.161865e-03
512753664,7059603,6153043968,18787873,-6.734266e-02,-2.913209e-02,8.659242e-06,6.061910e-06,2.087892e-03,8.522430e-03
513015808,7059667,6156189696,18797592,-6.735050e-02,-2.919810e-02,8.705432e-06,6.391305e-06,2.099030e-03,8.985526e-03
513277952,7059914,6159335424,18807014,-6.730826e-02,-2.924591e-02,8.457974e-06,6.635320e-06,2.039363e-03,9.328587e-03
513540096,7062009,6162481152,18816651,-6.738532e-02,-2.933011e-02,8.912141e-06,7.076168e-06,2.148871e-03,9.948375e-03
513802240,7063509,6165626880,18826450,-6.729797e-02,-2.930521e-02,8.398232e-06,6.944336e-06,2.024959e-03,9.763030e-03
514064384,7063863,6168772608,18836055,-6.731630e-02,-2.932553e-02,8.504799e-06,7.051841e-06,2.050653e-03,9.914175e-03
514326528,7063893,6171918336,18845447,-6.724680e-02,-2.943733e-02,8.104269e-06,7.658136e-06,1.954079e-03,1.076656e-02
514588672,7064958,6175064064,18854929,-6.722718e-02,-2.943924e-02,7.992919e-06,7.668717e-06,1.927230e-03,1.078144e-02
514850816,7065248,6178209792,18864475,-6.728750e-02,-2.942962e-02,8.337670e-06,7.615516e-06,2.010356e-03,1.070664e-02
515112960,7065758,6181355520,18874102,-6.725479e-02,-2.943189e-02,8.149807e-06,7.628053e-06,1.965059e-03,1.072427e-02
515375104,7066835,6184501248,18883574,-6.722081e-02,-2.939685e-02,7.956939e-06,7.435696e-06,1.918555e-03,1.045384e-02
515637248,7066870,6187646976,18893086,-6.721877e-02,-2.943674e-02,7.945468e-06,7.654869e-06,1.915789e-03,1.076197e-02
515899392,7067119,6190792704,18902779,-6.716061e-02,-2.936357e-02,7.620934e-06,7.255305e-06,1.837539e-03,1.020022e-02
516161536,7068332,6193938432,18912472,-6.715721e-02,-2.933333e-02,7.602188e-06,7.093313e-06,1.833018e-03,9.972477e-03
516423680,7070424,6197084160,18921929,-6.710741e-02,-2.937015e-02,7.330052e-06,7.290820e-06,1.767402e-03,1.025015e-02
516685824,7073227,6200229888,18931429,-6.718560e-02,-2.942723e-02,7.759530e-06,7.602342e-06,1.870956e-03,1.068812e-02
516947968,7074134,6203375616,18940952,-6.721711e-02,-2.938420e-02,7.936104e-06,7.366871e-06,1.913531e-03,1.035707e-02
517210112,7074596,6206521344,18950586,-6.717235e-02,-2.930210e-02,7.685903e-06,6.927971e-06,1.853204e-03,9.740024e-03
517472256,7080710,6209667072,18960272,-6.716366e-02,-2.929825e-02,7.637810e-06,6.907718e-06,1.841608e-03,9.711551e-03
517734400,7084510,6212812800,18969994,-6.710646e-02,-2.926473e-02,7.324929e-06,6.732642e-06,1.766167e-03,9.465412e-03
517996544,7089704,6215958528,18979559,-6.714450e-02,-2.923524e-02,7.532258e-06,6.580449e-06,1.816157e-03,9.251444e-03
518258688,7097605,6219104256,18989056,-6.714844e-02,-2.921082e-02,7.553907e-06,6.455744e-06,1.821377e-03,9.076121e-03
518520832,7112201,6222249984,18998691,-6.715416e-02,-2.915625e-02,7.585393e-06,6.181455e-06,1.828969e-03,8.690498e-03
518782976,7119158,6225395712,19008263,-6.707181e-02,-2.920712e-02,7.138558e-06,6.436997e-06,1.721229e-03,9.049766e-03
519045120,7122692,6228541440,19017856,-6.709260e-02,-2.918102e-02,7.250068e-06,6.305244e-06,1.748116e-03,8.864534e-03
519307264,7146358,6231687168,19027306,-6.706192e-02,-2.916736e-02,7.085824e-06,6.236826e-06,1.708514e-03,8.768345e-03
519569408,7160907,6234832896,19037154,-6.706472e-02,-2.915603e-02,7.100746e-06,6.180353e-06,1.712112e-03,8.688949e-03
519831552,7161017,6237978624,19046535,-6.703740e-02,-2.919534e-02,6.955885e-06,6.377365e-06,1.677184e-03,8.965928e-03
520093696,7161484,6241124352,19056003,-6.705794e-02,-2.915766e-02,7.064658e-06,6.188440e-06,1.703411e-03,8.700320e-03
520355840,7161945,6244270080,19065654,-6.706981e-02,-2.913690e-02,7.127892e-06,6.085597e-06,1.718658e-03,8.555732e-03
520617984,7161961,6247415808,19075350,-6.712301e-02,-2.912997e-02,7.414775e-06,6.051468e-06,1.787830e-03,8.507750e-03
520880128,7162192,6250561536,19084745,-6.707259e-02,-2.905055e-02,7.142699e-06,5.667027e-06,1.722228e-03,7.967264e-03
521142272,7162661,6253707264,19094373,-6.710231e-02,-2.907651e-02,7.302483e-06,5.791279e-06,1.760755e-03,8.141951e-03
521404416,7162925,6256852992,19103901,-6.709558e-02,-2.912911e-02,7.266126e-06,6.047216e-06,1.751988e-03,8.501772e-03
521666560,7163609,6259998720,19113419,-6.710362e-02,-2.913046e-02,7.309572e-06,6.053887e-06,1.762463e-03,8.511150e-03
521928704,7163962,6263144448,19122996,-6.709599e-02,-2.917536e-02,7.268336e-06,6.276839e-06,1.752521e-03,8.824598e-03
522190848,7164066,6266290176,19132703,-6.709636e-02,-2.925291e-02,7.270345e-06,6.671412e-06,1.753005e-03,9.379328e-03
522452992,7164119,6269435904,19142540,-6.702761e-02,-2.930186e-02,6.904301e-06,6.926686e-06,1.664746e-03,9.738218e-03
522715136,7164210,6272581632,19152138,-6.703366e-02,-2.936753e-02,6.936170e-06,7.276694e-06,1.672430e-03,1.023029e-02
522977280,7164548,6275727360,19161745,-6.696710e-02,-2.935307e-02,6.589990e-06,7.198842e-06,1.588960e-03,1.012084e-02
523239424,7164621,6278873088,19171296,-6.694856e-02,-2.930503e-02,6.495123e-06,6.943364e-06,1.566086e-03,9.761664e-03
523501568,7164668,6282018816,19180776,-6.707096e-02,-2.937824e-02,7.134020e-06,7.334551e-06,1.720135e-03,1.031164e-02
523763712,7164746,6285164544,19190581,-6.710071e-02,-2.936961e-02,7.293828e-06,7.287873e-06,1.758668e-03,1.024601e-02
524025856,7164872,6288310272,19200284,-6.709996e-02,-2.929755e-02,7.289764e-06,6.904027e-06,1.757688e-03,9.706361e-03
524288000,7165257,6291456000,19210113,-6.714480e-02,-2.926156e-02,7.533934e-06,6.716181e-06,1.816561e-03,9.442270e-03
524550144,7165339,6294601728,19219792,-6.717212e-02,-2.919430e-02,7.684664e-06,6.372107e-06,1.852905e-03,8.958536e-03
524812288,7165581,6297747456,19229402,-6.711270e-02,-2.912289e-02,7.358724e-06,6.016649e-06,1.774315e-03,8.458797e-03
525074432,7165676,6300893184,19238931,-6.704552e-02,-2.907949e-02,6.998789e-06,5.805659e-06,1.687529e-03,8.162169e-03
525336576,7165689,6304038912,19248673,-6.708639e-02,-2.911118e-02,7.216685e-06,5.959355e-06,1.740067e-03,8.378249e-03
525598720,7165826,6307184640,19258465,-6.710950e-02,-2.909783e-02,7.341393e-06,5.894356e-06,1.770136e-03,8.286866e-03
525860864,7165962,6310330368,19268254,-6.708866e-02,-2.908840e-02,7.228899e-06,5.848680e-06,1.743012e-03,8.222651e-03
526123008,7166084,6313476096,19277798,-6.708356e-02,-2.913207e-02,7.201481e-06,6.061773e-06,1.736401e-03,8.522238e-03
526385152,7166305,6316621824,19287179,-6.719504e-02,-2.917022e-02,7.812210e-06,6.251124e-06,1.883658e-03,8.788447e-03
526647296,7166724,6319767552,19296615,-6.715118e-02,-2.918030e-02,7.568986e-06,6.301587e-06,1.825013e-03,8.859391e-03
526909440,7166761,6322913280,19306257,-6.712992e-02,-2.914103e-02,7.452436e-06,6.105979e-06,1.796911e-03,8.584387e-03
527171584,7167254,6326059008,19316049,-6.723067e-02,-2.909244e-02,8.012688e-06,5.868210e-06,1.931997e-03,8.250109e-03
527433728,7167292,6329204736,19325710,-6.725724e-02,-2.916746e-02,8.163809e-06,6.237291e-06,1.968435e-03,8.768999e-03
527695872,7168408,6332350464,19335306,-6.725583e-02,-2.920101e-02,8.155765e-06,6.406005e-06,1.966495e-03,9.006193e-03
527958016,7168832,6335496192,19344593,-6.723204e-02,-2.923039e-02,8.020452e-06,6.555607e-06,1.933869e-03,9.216519e-03
528220160,7169675,6338641920,19354057,-6.723296e-02,-2.928705e-02,8.025643e-06,6.848941e-06,1.935121e-03,9.628915e-03
528482304,7169715,6341787648,19363637,-6.716238e-02,-2.928326e-02,7.630728e-06,6.829145e-06,1.839900e-03,9.601085e-03
528744448,7170038,6344933376,19373190,-6.720752e-02,-2.932201e-02,7.882129e-06,7.033167e-06,1.900517e-03,9.887918e-03
529006592,7170286,6348079104,19382683,-6.727239e-02,-2.931432e-02,8.250639e-06,6.992424e-06,1.989371e-03,9.830639e-03
529268736,7170407,6351224832,19392243,-6.725916e-02,-2.925752e-02,8.174798e-06,6.695277e-06,1.971084e-03,9.412880e-03
529530880,7170494,6354370560,19401911,-6.727645e-02,-2.934041e-02,8.273940e-06,7.131105e-06,1.994989e-03,1.002561e-02
529793024,7171104,6357516288,19411534,-6.730770e-02,-2.932347e-02,8.454681e-06,7.040924e-06,2.038569e-03,9.898826e-03
530055168,7171320,6360662016,19421088,-6.727625e-02,-2.927980e-02,8.272782e-06,6.811059e-06,1.994710e-03,9.575658e-03
530317312,7171441,6363807744,19430613,-6.733997e-02,-2.931474e-02,8.643419e-06,6.994640e-06,2.084077e-03,9.833755e-03
530579456,7171504,6366953472,19440131,-6.733707e-02,-2.927542e-02,8.626386e-06,6.788202e-06,2.079970e-03,9.543522e-03
530841600,7173244,6370099200,19449811,-6.730626e-02,-2.923408e-02,8.446321e-06,6.574516e-06,2.036553e-03,9.243103e-03
531103744,7174492,6373244928,19459145,-6.726836e-02,-2.921896e-02,8.227456e-06,6.497192e-06,1.983781e-03,9.134393e-03
531365888,7174972,6376390656,19468712,-6.722552e-02,-2.919191e-02,7.983526e-06,6.360048e-06,1.924966e-03,8.941581e-03
531628032,7178605,6379536384,19478118,-6.721079e-02,-2.914992e-02,7.900547e-06,6.149995e-06,1.904958e-03,8.646269e-03
531890176,7179980,6382682112,19487558,-6.711618e-02,-2.912820e-02,7.377613e-06,6.042746e-06,1.778870e-03,8.495489e-03
532152320,7181936,6385827840,19497288,-6.716565e-02,-2.921234e-02,7.648810e-06,6.463498e-06,1.844260e-03,9.087023e-03
532414464,7188778,6388973568,19506973,-6.711720e-02,-2.922553e-02,7.383159e-06,6.530736e-06,1.780207e-03,9.181553e-03
532676608,7194267,6392119296,19516620,-6.704919e-02,-2.918304e-02,7.018197e-06,6.315360e-06,1.692208e-03,8.878755e-03
532938752,7194981,6395265024,19526294,-6.703938e-02,-2.919877e-02,6.966304e-06,6.394677e-06,1.679696e-03,8.990267e-03
533200896,7195150,6398410752,19535661,-6.703537e-02,-2.911563e-02,6.945160e-06,5.981119e-06,1.674598e-03,8.408846e-03
533463040,7209672,6401556480,19545287,-6.707930e-02,-2.909040e-02,7.178626e-06,5.858360e-06,1.730890e-03,8.236259e-03
533725184,7220128,6404702208,19554970,-6.704638e-02,-2.906155e-02,7.003323e-06,5.719523e-06,1.688622e-03,8.041070e-03
533987328,7225123,6407847936,19564850,-6.711560e-02,-2.905077e-02,7.374456e-06,5.668064e-06,1.778108e-03,7.968724e-03
534249472,7235402,6410993664,19574435,-6.711115e-02,-2.910990e-02,7.350318e-06,5.953136e-06,1.772288e-03,8.369505e-03
534511616,7242821,6414139392,19583926,-6.708279e-02,-2.906308e-02,7.197363e-06,5.726849e-06,1.735408e-03,8.051369e-03
534773760,7258115,6417285120,19593603,-6.713242e-02,-2.903605e-02,7.466111e-06,5.598180e-06,1.800208e-03,7.870473e-03
535035904,7287141,6420430848,19603305,-6.718674e-02,-2.899447e-02,7.765882e-06,5.403167e-06,1.872488e-03,7.596304e-03
535298048,7300441,6423576576,19612641,-6.719045e-02,-2.898542e-02,7.786575e-06,5.361173e-06,1.877478e-03,7.537264e-03
535560192,7319905,6426722304,19622155,-6.712458e-02,-2.898368e-02,7.423298e-06,5.353137e-06,1.789885e-03,7.525967e-03
535822336,7326680,6429868032,19631708,-6.716906e-02,-2.905023e-02,7.667696e-06,5.665510e-06,1.848813e-03,7.965133e-03
536084480,7330044,6433013760,19641317,-6.720962e-02,-2.907089e-02,7.893972e-06,5.764255e-06,1.903373e-03,8.103957e-03
536346624,7330537,6436159488,19650897,-6.726438e-02,-2.904734e-02,8.204648e-06,5.651739e-06,1.978282e-03,7.945772e-03
536608768,7344500,6439305216,19660688,-6.725454e-02,-2.903107e-02,8.148361e-06,5.574653e-06,1.964710e-03,7.837397e-03
536870912,7394518,6442450944,19670344,-6.725344e-02,-2.900722e-02,8.142110e-06,5.462620e-06,1.963203e-03,7.679889e-03
537133056,7489592,6445596672,19679762,-6.716283e-02,-2.904217e-02,7.633198e-06,5.627199e-06,1.840496e-03,7.911270e-03
537395200,7490589,6448742400,19689340,-6.722938e-02,-2.898038e-02,8.005351e-06,5.337874e-06,1.930228e-03,7.504511e-03
537657344,7491427,6451888128,19698928,-6.725394e-02,-2.895837e-02,8.144959e-06,5.236618e-06,1.963890e-03,7.362154e-03
537919488,7491889,6455033856,19708738,-6.720721e-02,-2.900652e-02,7.880413e-06,5.459347e-06,1.900104e-03,7.675287e-03
538181632,7492240,6458179584,19718383,-6.719865e-02,-2.898464e-02,7.832423e-06,5.357568e-06,1.888532e-03,7.532197e-03
538443776,7492647,6461325312,19728066,-6.723925e-02,-2.904474e-02,8.061312e-06,5.639374e-06,1.943721e-03,7.928387e-03
538705920,7493460,6464471040,19737754,-6.722674e-02,-2.919458e-02,7.990433e-06,6.373499e-06,1.926631e-03,8.960493e-03
538968064,7493713,6467616768,19747449,-6.729742e-02,-2.923366e-02,8.395037e-06,6.572348e-06,2.024188e-03,9.240055e-03
539230208,7493887,6470762496,19757040,-6.734795e-02,-2.925652e-02,8.690403e-06,6.690083e-06,2.095406e-03,9.405577e-03
539492352,7494251,6473908224,19766530,-6.736463e-02,-2.924517e-02,8.788991e-06,6.631511e-06,2.119177e-03,9.323233e-03
539754496,7494950,6477053952,19775942,-6.739084e-02,-2.923482e-02,8.945090e-06,6.578280e-06,2.156815e-03,9.248394e-03
540016640,7495449,6480199680,19785580,-6.748048e-02,-2.919947e-02,9.489356e-06,6.398238e-06,2.288047e-03,8.995274e-03
540278784,7495481,6483345408,19795225,-6.741932e-02,-2.919850e-02,9.116281e-06,6.393330e-06,2.198092e-03,8.988374e-03
540540928,7495565,6486491136,19804840,-6.747156e-02,-2.916410e-02,9.434490e-06,6.220519e-06,2.274818e-03,8.745418e-03
540803072,7495586,6489636864,19814503,-6.752308e-02,-2.914907e-02,9.753596e-06,6.145792e-06,2.351760e-03,8.640361e-03
541065216,7495725,6492782592,19824083,-6.753309e-02,-2.911290e-02,9.816243e-06,5.967752e-06,2.366865e-03,8.390054e-03
541327360,7495744,6495928320,19833710,-6.758866e-02,-2.910531e-02,1.016757e-05,5.930734e-06,2.451576e-03,8.338010e-03
541589504,7495912,6499074048,19843240,-6.761033e-02,-2.916907e-02,1.030621e-05,6.245332e-06,2.485004e-03,8.780304e-03
541851648,7496067,6502219776,19852624,-6.756489e-02,-2.918437e-02,1.001651e-05,6.322065e-06,2.415154e-03,8.888181e-03
542113792,7496122,6505365504,19862216,-6.761937e-02,-2.919125e-02,1.036432e-05,6.356722e-06,2.499016e-03,8.936907e-03
542375936,7496131,6508511232,19871810,-6.757580e-02,-2.912441e-02,1.008567e-05,6.024116e-06,2.431830e-03,8.469297e-03
542638080,7496362,6511656960,19881382,-6.753028e-02,-2.921955e-02,9.798649e-06,6.500231e-06,2.362623e-03,9.138666e-03
542900224,7496366,6514802688,19890802,-6.747577e-02,-2.916750e-02,9.460367e-06,6.237487e-06,2.281058e-03,8.769273e-03
543162368,7496387,6517948416,19900598,-6.745687e-02,-2.912858e-02,9.344448e-06,6.044624e-06,2.253107e-03,8.498128e-03
543424512,7496718,6521094144,19910114,-6.735147e-02,-2.914192e-02,8.711148e-06,6.110398e-06,2.100408e-03,8.590600e-03
543686656,7496884,6524239872,19919971,-6.739137e-02,-2.918697e-02,8.948255e-06,6.335119e-06,2.157578e-03,8.906535e-03
543948800,7497093,6527385600,19929505,-6.746818e-02,-2.924073e-02,9.413721e-06,6.608651e-06,2.269811e-03,9.291093e-03
544210944,7497102,6530531328,19939113,-6.745889e-02,-2.926178e-02,9.356796e-06,6.717321e-06,2.256085e-03,9.443872e-03
544473088,7497220,6533677056,19948740,-6.740858e-02,-2.925058e-02,9.051519e-06,6.659390e-06,2.182477e-03,9.362427e-03
544735232,7497436,6536822784,19958310,-6.737562e-02,-2.935933e-02,8.854272e-06,7.232475e-06,2.134918e-03,1.016813e-02
544997376,7497540,6539968512,19967942,-6.741866e-02,-2.938233e-02,9.112277e-06,7.356733e-06,2.197127e-03,1.034282e-02
545259520,7497717,6543114240,19977487,-6.743842e-02,-2.932828e-02,9.231959e-06,7.066461e-06,2.225984e-03,9.934727e-03
545521664,7497800,6546259968,19987258,-6.742567e-02,-2.924752e-02,9.154654e-06,6.643605e-06,2.207345e-03,9.340234e-03
545783808,7497833,6549405696,19996955,-6.740814e-02,-2.933191e-02,9.048874e-06,7.085774e-06,2.181839e-03,9.961879e-03
546045952,7499815,6552551424,20006535,-6.745941e-02,-2.945216e-02,9.359987e-06,7.740407e-06,2.256854e-03,1.088223e-02
546308096,7500442,6555697152,20016144,-6.745401e-02,-2.940832e-02,9.326965e-06,7.498403e-06,2.248892e-03,1.054200e-02
546570240,7500581,6558842880,20025702,-6.749651e-02,-2.934683e-02,9.588350e-06,7.165417e-06,2.311916e-03,1.007385e-02
546832384,7500667,6561988608,20035118,-6.752220e-02,-2.933709e-02,9.748105e-06,7.113359e-06,2.350436e-03,1.000066e-02
547094528,7503367,6565134336,20044604,-6.752904e-02,-2.928988e-02,9.790861e-06,6.863768e-06,2.360745e-03,9.649762e-03
547356672,7504153,6568280064,20054151,-6.746179e-02,-2.928637e-02,9.374536e-06,6.845383e-06,2.260362e-03,9.623914e-03
547618816,7504571,6571425792,20063661,-6.746815e-02,-2.928336e-02,9.413538e-06,6.829651e-06,2.269766e-03,9.601796e-03
547880960,7504806,6574571520,20073300,-6.744620e-02,-2.927970e-02,9.279333e-06,6.810524e-06,2.237407e-03,9.574906e-03
548143104,7505705,6577717248,20082970,-6.746915e-02,-2.928472e-02,9.419666e-06,6.836779e-06,2.271244e-03,9.611818e-03
548405248,7506398,6580862976,20092474,-6.740604e-02,-2.926888e-02,9.036283e-06,6.754196e-06,2.178803e-03,9.495715e-03
548667392,7506516,6584008704,20102114,-6.740174e-02,-2.928971e-02,9.010410e-06,6.862880e-06,2.172565e-03,9.648512e-03
548929536,7507402,6587154432,20111641,-6.745704e-02,-2.930483e-02,9.345450e-06,6.942333e-06,2.253349e-03,9.760216e-03
549191680,7507577,6590300160,20121336,-6.740342e-02,-2.934423e-02,9.020522e-06,7.151523e-06,2.175003e-03,1.005432e-02
549453824,7507825,6593445888,20130766,-6.745295e-02,-2.929168e-02,9.320504e-06,6.873209e-06,2.247334e-03,9.663034e-03
549715968,7509212,6596591616,20140403,-6.741567e-02,-2.928580e-02,9.094249e-06,6.842391e-06,2.192780e-03,9.619707e-03
549978112,7511045,6599737344,20149848,-6.751154e-02,-2.928394e-02,9.681689e-06,6.832679e-06,2.334422e-03,9.606053e-03
550240256,7514315,6602883072,20159637,-6.749083e-02,-2.932618e-02,9.553221e-06,7.055275e-06,2.303446e-03,9.919000e-03
550502400,7515279,6606028800,20169333,-6.747881e-02,-2.935135e-02,9.479030e-06,7.189620e-06,2.285557e-03,1.010788e-02
550764544,7515339,6609174528,20178858,-6.745306e-02,-2.941320e-02,9.321186e-06,7.525164e-06,2.247498e-03,1.057962e-02
551026688,7521443,6612320256,20188538,-6.745906e-02,-2.942591e-02,9.357845e-06,7.595020e-06,2.256337e-03,1.067783e-02
551288832,7525536,6615465984,20198088,-6.743982e-02,-2.942532e-02,9.240473e-06,7.591776e-06,2.228037e-03,1.067327e-02
551550976,7530164,6618611712,20207493,-6.743292e-02,-2.945027e-02,9.198575e-06,7.729921e-06,2.217935e-03,1.086748e-02
551813120,7538439,6621757440,20217098,-6.737582e-02,-2.947816e-02,8.855469e-06,7.885758e-06,2.135206e-03,1.108658e-02
552075264,7556439,6624903168,20226813,-6.735455e-02,-2.943090e-02,8.729367e-06,7.622560e-06,2.104800e-03,1.071655e-02
552337408,7559709,6628048896,20236538,-6.739863e-02,-2.936170e-02,8.991768e-06,7.245224e-06,2.168070e-03,1.018605e-02
552599552,7563315,6631194624,20246132,-6.737433e-02,-2.933754e-02,8.846603e-06,7.115793e-06,2.133068e-03,1.000408e-02
552861696,7586959,6634340352,20255734,-6.731306e-02,-2.935016e-02,8.485906e-06,7.183278e-06,2.046098e-03,1.009896e-02
553123840,7609300,6637486080,20265401,-6.733748e-02,-2.938806e-02,8.628750e-06,7.387836e-06,2.080540e-03,1.038655e-02
553385984,7609515,6640631808,20274800,-6.735522e-02,-2.939606e-02,8.733329e-06,7.431410e-06,2.105756e-03,1.044781e-02
553648128,7610123,6643777536,20284418,-6.739029e-02,-2.937308e-02,8.941793e-06,7.306621e-06,2.156020e-03,1.027237e-02
553910272,7610366,6646923264,20293976,-6.741942e-02,-2.940876e-02,9.116866e-06,7.500821e-06,2.198234e-03,1.054539e-02
554172416,7610485,6650068992,20303382,-6.744562e-02,-2.939024e-02,9.275792e-06,7.399708e-06,2.236553e-03,1.040324e-02
554434560,7610773,6653214720,20312906,-6.741533e-02,-2.942103e-02,9.092227e-06,7.568166e-06,2.192292e-03,1.064007e-02
554696704,7611248,6656360448,20322513,-6.744200e-02,-2.943907e-02,9.253749e-06,7.667747e-06,2.231238e-03,1.078008e-02
554958848,7611279,6659506176,20331972,-6.738108e-02,-2.943161e-02,8.886847e-06,7.626479e-06,2.142772e-03,1.072206e-02
555220992,7612053,6662651904,20341497,-6.736987e-02,-2.942941e-02,8.820119e-06,7.614334e-06,2.126683e-03,1.070498e-02
555483136,7612491,6665797632,20351010,-6.735558e-02,-2.933367e-02,8.735443e-06,7.095148e-06,2.106266e-03,9.975059e-03
555745280,7612510,6668943360,20360555,-6.730995e-02,-2.929103e-02,8.467771e-06,6.869781e-06,2.041725e-03,9.658216e-03
556007424,7612586,6672089088,20370193,-6.726213e-02,-2.931603e-02,8.191763e-06,7.001469e-06,1.975175e-03,9.843356e-03
556269568,7612749,6675234816,20379799,-6.721658e-02,-2.934589e-02,7.933082e-06,7.160372e-06,1.912803e-03,1.006676e-02
556531712,7613141,6678380544,20389204,-6.721544e-02,-2.931305e-02,7.926662e-06,6.985736e-06,1.911255e-03,9.821237e-03
556793856,7613171,6681526272,20399103,-6.722309e-02,-2.928858e-02,7.969848e-06,6.856986e-06,1.921668e-03,9.640227e-03
557056000,7613214,6684672000,20408846,-6.713919e-02,-2.928119e-02,7.503168e-06,6.818294e-06,1.809143e-03,9.585830e-03
557318144,7613429,6687817728,20418481,-6.717145e-02,-2.926560e-02,7.680947e-06,6.737157e-06,1.852008e-03,9.471759e-03
557580288,7613455,6690963456,20428268,-6.723081e-02,-2.926175e-02,8.013448e-06,6.717157e-06,1.932180e-03,9.443642e-03
557842432,7613885,6694109184,20437706,-6.715478e-02,-2.923845e-02,7.588800e-06,6.596953e-06,1.829790e-03,9.274647e-03
558104576,7613953,6697254912,20447380,-6.722867e-02,-2.915042e-02,8.001346e-06,6.152471e-06,1.929263e-03,8.649751e-03
558366720,7614258,6700400640,20457119,-6.724773e-02,-2.919158e-02,8.109530e-06,6.358357e-06,1.955348e-03,8.939205e-03
558628864,7614287,6703546368,20466798,-6.728819e-02,-2.912608e-02,8.341629e-06,6.032330e-06,2.011310e-03,8.480843e-03
558891008,7614288,6706692096,20476403,-6.723639e-02,-2.905826e-02,8.045074e-06,5.703801e-06,1.939806e-03,8.018966e-03
559153152,7614319,6709837824,20485926,-6.717155e-02,-2.902961e-02,7.681483e-06,5.567760e-06,1.852138e-03,7.827705e-03
559415296,7614624,6712983552,20495551,-6.715732e-02,-2.901253e-02,7.602804e-06,5.487471e-06,1.833167e-03,7.714828e-03
559677440,7614724,6716129280,20504893,-6.717875e-02,-2.903904e-02,7.721430e-06,5.612371e-06,1.861770e-03,7.890425e-03
559939584,7615063,6719275008,20514426,-6.716125e-02,-2.902960e-02,7.624473e-06,5.567733e-06,1.838392e-03,7.827668e-03
560201728,7615127,6722420736,20524015,-6.721296e-02,-2.902025e-02,7.912739e-06,5.523694e-06,1.907898e-03,7.765753e-03
560463872,7615138,6725566464,20533470,-6.723729e-02,-2.899436e-02,8.050189e-06,5.402656e-06,1.941039e-03,7.595586e-03
560726016,7615434,6728712192,20543140,-6.730958e-02,-2.897882e-02,8.465647e-06,5.330673e-06,2.041213e-03,7.494386e-03
560988160,7615930,6731857920,20552465,-6.730384e-02,-2.902786e-02,8.432295e-06,5.559491e-06,2.033172e-03,7.816080e-03
561250304,7615990,6735003648,20562070,-6.730960e-02,-2.905516e-02,8.465733e-06,5.688997e-06,2.041234e-03,7.998152e-03
561512448,7617341,6738149376,20571842,-6.728788e-02,-2.906825e-02,8.339865e-06,5.751624e-06,2.010885e-03,8.086200e-03
561774592,7617854,6741295104,20581605,-6.724160e-02,-2.901189e-02,8.074687e-06,5.484452e-06,1.946946e-03,7.710584e-03
562036736,7618498,6744440832,20591310,-6.718200e-02,-2.894340e-02,7.739535e-06,5.168353e-06,1.866136e-03,7.266180e-03
562298880,7618728,6747586560,20600837,-6.719065e-02,-2.891454e-02,7.787698e-06,5.037983e-06,1.877748e-03,7.082893e-03
562561024,7618802,6750732288,20610392,-6.716605e-02,-2.891108e-02,7.650993e-06,5.022434e-06,1.844786e-03,7.061033e-03
562823168,7619066,6753878016,20619875,-6.726895e-02,-2.893385e-02,8.230876e-06,5.125032e-06,1.984606e-03,7.205275e-03
563085312,7619124,6757023744,20629296,-6.728242e-02,-2.893542e-02,8.308308e-06,5.132144e-06,2.003276e-03,7.215274e-03
563347456,7619425,6760169472,20638725,-6.722337e-02,-2.891156e-02,7.971405e-06,5.024580e-06,1.922043e-03,7.064049e-03
563609600,7619796,6763315200,20648324,-6.719630e-02,-2.883612e-02,7.819292e-06,4.692069e-06,1.885366e-03,6.596574e-03
563871744,7619883,6766460928,20657814,-6.722588e-02,-2.882931e-02,7.985590e-06,4.662614e-06,1.925463e-03,6.555162e-03
564133888,7619977,6769606656,20667392,-6.721899e-02,-2.886310e-02,7.946686e-06,4.809707e-06,1.916083e-03,6.761961e-03
564396032,7620688,6772752384,20677050,-6.723429e-02,-2.883161e-02,8.033159e-06,4.672562e-06,1.936933e-03,6.569148e-03
564658176,7620844,6775898112,20686786,-6.723206e-02,-2.881658e-02,8.020578e-06,4.607827e-06,1.933899e-03,6.478136e-03
564920320,7621707,6779043840,20696500,-6.719264e-02,-2.874467e-02,7.798847e-06,4.304264e-06,1.880436e-03,6.051358e-03
565182464,7623861,6782189568,20705926,-6.718554e-02,-2.871693e-02,7.759239e-06,4.189944e-06,1.870886e-03,5.890636e-03
565444608,7627333,6785335296,20715469,-6.722199e-02,-2.874888e-02,7.963624e-06,4.321741e-06,1.920167e-03,6.075928e-03
565706752,7630452,6788481024,20725054,-6.722951e-02,-2.869079e-02,8.006110e-06,4.083582e-06,1.930411e-03,5.741102e-03
565968896,7637460,6791626752,20734501,-6.721366e-02,-2.864840e-02,7.916680e-06,3.914056e-06,1.908848e-03,5.502766e-03
566231040,7643378,6794772480,20744084,-6.719533e-02,-2.867073e-02,7.813835e-06,4.002930e-06,1.884050e-03,5.627713e-03
566493184,7644001,6797918208,20753768,-6.714150e-02,-2.874142e-02,7.515785e-06,4.290803e-06,1.812185e-03,6.032433e-03
566755328,7645705,6801063936,20763437,-6.712713e-02,-2.880986e-02,7.437230e-06,4.579020e-06,1.793244e-03,6.437638e-03
567017472,7658472,6804209664,20772960,-6.715237e-02,-2.882960e-02,7.575506e-06,4.663885e-06,1.826585e-03,6.556949e-03
567279616,7668830,6807355392,20782502,-6.716242e-02,-2.878875e-02,7.630975e-06,4.489108e-06,1.839960e-03,6.311229e-03
567541760,7674846,6810501120,20792106,-6.719228e-02,-2.884830e-02,7.796808e-06,4.744992e-06,1.879945e-03,6.670977e-03
567803904,7683565,6813646848,20801843,-6.720024e-02,-2.889199e-02,7.841350e-06,4.937249e-06,1.890684e-03,6.941272e-03
568066048,7685336,6816792576,20811343,-6.718001e-02,-2.887563e-02,7.728429e-06,4.864791e-06,1.863458e-03,6.839402e-03
568328192,7706872,6819938304,20820894,-6.712241e-02,-2.884598e-02,7.411529e-06,4.734886e-06,1.787047e-03,6.656770e-03
568590336,7735923,6823084032,20830797,-6.712267e-02,-2.878685e-02,7.412908e-06,4.481052e-06,1.787380e-03,6.299905e-03
568852480,7749139,6826229760,20840349,-6.713841e-02,-2.877205e-02,7.498882e-06,4.418603e-06,1.808110e-03,6.212107e-03
569114624,7768812,6829375488,20849899,-6.718627e-02,-2.877735e-02,7.763266e-06,4.440917e-06,1.871857e-03,6.243479e-03
569376768,7775857,6832521216,20859397,-6.713992e-02,-2.880825e-02,7.507168e-06,4.572095e-06,1.810108e-03,6.427902e-03
569638912,7778814,6835666944,20869097,-6.711362e-02,-2.878074e-02,7.363697e-06,4.455216e-06,1.775514e-03,6.263582e-03
569901056,7779358,6838812672,20878795,-6.714923e-02,-2.879714e-02,7.558249e-06,4.524744e-06,1.822424e-03,6.361331e-03
570163200,7793341,6841958400,20888585,-6.719529e-02,-2.874020e-02,7.813626e-06,4.285727e-06,1.884000e-03,6.025297e-03
570425344,7843336,6845104128,20898311,-6.708446e-02,-2.872717e-02,7.206321e-06,4.231958e-06,1.737568e-03,5.949704e-03
570687488,7930205,6848249856,20908116,-6.710747e-02,-2.863435e-02,7.330375e-06,3.858654e-06,1.767479e-03,5.424875e-03
570949632,7931119,6851395584,20917776,-6.713083e-02,-2.854489e-02,7.457441e-06,3.515206e-06,1.798118e-03,4.942024e-03
571211776,7932162,6854541312,20927436,-6.718947e-02,-2.856694e-02,7.781129e-06,3.598382e-06,1.876164e-03,5.058960e-03
571473920,7932718,6857687040,20936855,-6.718848e-02,-2.859831e-02,7.775602e-06,3.718375e-06,1.874832e-03,5.227659e-03
571736064,7932905,6860832768,20946503,-6.713431e-02,-2.857955e-02,7.476456e-06,3.646396e-06,1.802702e-03,5.126464e-03
571998208,7933547,6863978496,20955915,-6.710827e-02,-2.850993e-02,7.334733e-06,3.385350e-06,1.768530e-03,4.759459e-03
572260352,7934187,6867124224,20965647,-6.710108e-02,-2.844522e-02,7.295800e-06,3.151400e-06,1.759143e-03,4.430548e-03
572522496,7934454,6870269952,20975364,-6.707503e-02,-2.838170e-02,7.155767e-06,2.929917e-06,1.725379e-03,4.119166e-03
572784640,7934835,6873415680,20985149,-6.704895e-02,-2.840594e-02,7.016934e-06,3.013483e-06,1.691904e-03,4.236652e-03
573046784,7935354,6876561408,20994786,-6.702606e-02,-2.837746e-02,6.896199e-06,2.915428e-06,1.662792e-03,4.098797e-03
573308928,7935820,6879707136,21004369,-6.700015e-02,-2.842515e-02,6.760771e-06,3.080552e-06,1.630138e-03,4.330943e-03
573571072,7936183,6882852864,21013844,-6.695698e-02,-2.839906e-02,6.538145e-06,2.989636e-06,1.576459e-03,4.203124e-03
573833216,7936229,6885998592,21023349,-6.692971e-02,-2.834615e-02,6.399435e-06,2.809496e-06,1.543014e-03,3.949867e-03
574095360,7936245,6889144320,21032965,-6.689212e-02,-2.835645e-02,6.210674e-06,2.844114e-06,1.497501e-03,3.998535e-03
574357504,7936383,6892290048,21042533,-6.685912e-02,-2.842620e-02,6.047253e-06,3.084247e-06,1.458097e-03,4.336139e-03
574619648,7936481,6895435776,21052077,-6.692260e-02,-2.849409e-02,6.363487e-06,3.327305e-06,1.534346e-03,4.677854e-03
574881792,7936553,6898581504,21061573,-6.693434e-02,-2.850729e-02,6.422866e-06,3.375651e-06,1.548663e-03,4.745824e-03
575143936,7936790,6901727232,21071230,-6.692659e-02,-2.859887e-02,6.383651e-06,3.720560e-06,1.539208e-03,5.230730e-03
575406080,7937041,6904872960,21080624,-6.691929e-02,-2.864953e-02,6.346808e-06,3.918553e-06,1.530325e-03,5.509089e-03
575668224,7937103,6908018688,21089951,-6.690969e-02,-2.868336e-02,6.298548e-06,4.053615e-06,1.518688e-03,5.698971e-03
575930368,7937263,6911164416,21099541,-6.696249e-02,-2.873622e-02,6.566333e-06,4.269246e-06,1.583256e-03,6.002127e-03
576192512,7937335,6914310144,21109320,-6.698032e-02,-2.871695e-02,6.658063e-06,4.189998e-06,1.605374e-03,5.890712e-03
576454656,7937384,6917455872,21119023,-6.700241e-02,-2.877140e-02,6.772516e-06,4.415886e-06,1.632970e-03,6.208287e-03
576716800,7937545,6920601600,21128791,-6.698298e-02,-2.874871e-02,6.671797e-06,4.321036e-06,1.608685e-03,6.074938e-03
576978944,7937778,6923747328,21138353,-6.692237e-02,-2.870345e-02,6.362322e-06,4.134940e-06,1.534065e-03,5.813307e-03
577241088,7937789,6926893056,21148051,-6.687490e-02,-2.871217e-02,6.125113e-06,4.170476e-06,1.476870e-03,5.863266e-03
577503232,7938014,6930038784,21157684,-6.683604e-02,-2.867631e-02,5.934300e-06,4.025276e-06,1.430862e-03,5.659129e-03
577765376,7938137,6933184512,21167337,-6.684761e-02,-2.864650e-02,5.990807e-06,3.906542e-06,1.444487e-03,5.492202e-03
578027520,7938187,6936330240,21176933,-6.685700e-02,-2.866998e-02,6.036851e-06,3.999927e-06,1.455589e-03,5.623492e-03
578289664,7938331,6939475968,21186486,-6.688128e-02,-2.869021e-02,6.156759e-06,4.081233e-06,1.484501e-03,5.737801e-03
578551808,7938572,6942621696,21195825,-6.694803e-02,-2.864309e-02,6.492465e-06,3.893102e-06,1.565445e-03,5.473305e-03
578813952,7938771,6945767424,21205491,-6.700533e-02,-2.867136e-02,6.787726e-06,4.005450e-06,1.636638e-03,5.631256e-03
579076096,7938782,6948913152,21215311,-6.698614e-02,-2.870442e-02,6.688127e-06,4.138873e-06,1.612622e-03,5.818836e-03
579338240,7938782,6952058880,21225108,-6.701417e-02,-2.870570e-02,6.833886e-06,4.144058e-06,1.647768e-03,5.826125e-03
579600384,7940768,6955204608,21234743,-6.696895e-02,-2.875414e-02,6.599480e-06,4.343638e-06,1.591248e-03,6.106715e-03
579862528,7941333,6958350336,21244348,-6.698206e-02,-2.878550e-02,6.667025e-06,4.475353e-06,1.607534e-03,6.291891e-03
580124672,7941489,6961496064,21253987,-6.693304e-02,-2.881579e-02,6.416259e-06,4.604397e-06,1.547071e-03,6.473315e-03
580386816,7941903,6964641792,21263562,-6.696067e-02,-2.878275e-02,6.557019e-06,4.463728e-06,1.581010e-03,6.275550e-03
580648960,7944894,6967787520,21273131,-6.689499e-02,-2.879180e-02,6.224979e-06,4.502022e-06,1.500950e-03,6.329386e-03
580911104,7945021,6970933248,21282693,-6.681687e-02,-2.876979e-02,5.841232e-06,4.409124e-06,1.408422e-03,6.198782e-03
581173248,7945646,6974078976,21292417,-6.679511e-02,-2.870575e-02,5.736544e-06,4.144286e-06,1.383180e-03,5.826446e-03
581435392,7946011,6977224704,21301852,-6.686959e-02,-2.870546e-02,6.098884e-06,4.143095e-06,1.470546e-03,5.824772e-03
581697536,7946618,6980370432,21311468,-6.685178e-02,-2.870036e-02,6.011213e-06,4.122383e-06,1.449407e-03,5.795652e-03
581959680,7947537,6983516160,21321201,-6.687699e-02,-2.877878e-02,6.135480e-06,4.446956e-06,1.479370e-03,6.251968e-03
582221824,7948005,6986661888,21330859,-6.693244e-02,-2.876914e-02,6.413240e-06,4.406410e-06,1.546342e-03,6.194966e-03
582483968,7948125,6989807616,21340388,-6.696732e-02,-2.873919e-02,6.591138e-06,4.281532e-06,1.589237e-03,6.019400e-03
582746112,7948566,6992953344,21349821,-6.697304e-02,-2.871431e-02,6.620513e-06,4.179199e-06,1.596320e-03,5.875530e-03
583008256,7948775,6996099072,21359358,-6.697644e-02,-2.876064e-02,6.638008e-06,4.370777e-06,1.600538e-03,6.144870e-03
583270400,7950282,6999244800,21368995,-6.690890e-02,-2.878970e-02,6.294585e-06,4.493118e-06,1.517733e-03,6.316868e-03
583532544,7952003,7002390528,21378486,-6.694687e-02,-2.877128e-02,6.486543e-06,4.415377e-06,1.564017e-03,6.207572e-03
583794688,7955558,7005536256,21387900,-6.698671e-02,-2.879050e-02,6.691056e-06,4.496514e-06,1.613329e-03,6.321643e-03
584056832,7956455,7008681984,21397485,-6.692114e-02,-2.884291e-02,6.356159e-06,4.721529e-06,1.532579e-03,6.637990e-03
584318976,7956529,7011827712,21407102,-6.690755e-02,-2.880291e-02,6.287819e-06,4.549287e-06,1.516101e-03,6.395835e-03
584581120,7962474,7014973440,21416602,-6.689669e-02,-2.881197e-02,6.233459e-06,4.588024e-06,1.502994e-03,6.450297e-03
584843264,7966732,7018119168,21426437,-6.680571e-02,-2.882167e-02,5.787443e-06,4.629691e-06,1.395452e-03,6.508876e-03
585105408,7970882,7021264896,21436043,-6.674176e-02,-2.879854e-02,5.483850e-06,4.530681e-06,1.322251e-03,6.369678e-03
585367552,7979334,7024410624,21445599,-6.673618e-02,-2.876433e-02,5.457710e-06,4.386211e-06,1.315948e-03,6.166568e-03
585629696,8000426,7027556352,21455244,-6.671459e-02,-2.870609e-02,5.357327e-06,4.145651e-06,1.291744e-03,5.828365e-03
585891840,8000783,7030702080,21464905,-6.674959e-02,-2.877264e-02,5.520551e-06,4.421093e-06,1.331100e-03,6.215609e-03
586153984,8004273,7033847808,21474319,-6.676054e-02,-2.883697e-02,5.572138e-06,4.695782e-06,1.343538e-03,6.601793e-03
586416128,8027521,7036993536,21483535,-6.667566e-02,-2.887672e-02,5.178597e-06,4.869615e-06,1.248649e-03,6.846184e-03
586678272,8055909,7040139264,21493205,-6.663167e-02,-2.880214e-02,4.980328e-06,4.546013e-06,1.200843e-03,6.391234e-03
586940416,8058102,7043284992,21502961,-6.663549e-02,-2.879468e-02,4.997403e-06,4.514266e-06,1.204960e-03,6.346600e-03
587202560,8058506,7046430720,21512522,-6.662693e-02,-2.878585e-02,4.959201e-06,4.476834e-06,1.195749e-03,6.293975e-03
587464704,8059277,7049576448,21522056,-6.659361e-02,-2.879089e-02,4.811913e-06,4.498197e-06,1.160235e-03,6.324009e-03
587726848,8059516,7052722176,21531731,-6.656075e-02,-2.880092e-02,4.668810e-06,4.540836e-06,1.125730e-03,6.383955e-03
587988992,8059565,7055867904,21541393,-6.656095e-02,-2.881911e-02,4.669711e-06,4.618669e-06,1.125948e-03,6.493379e-03
588251136,8059844,7059013632,21551199,-6.649157e-02,-2.885660e-02,4.374672e-06,4.781204e-06,1.054809e-03,6.721888e-03
588513280,8060212,7062159360,21560743,-6.652264e-02,-2.880193e-02,4.505572e-06,4.545148e-06,1.086371e-03,6.390016e-03
588775424,8060261,7065305088,21570078,-6.657184e-02,-2.878525e-02,4.716875e-06,4.474297e-06,1.137320e-03,6.290407e-03
589037568,8061203,7068450816,21579913,-6.653032e-02,-2.873406e-02,4.538241e-06,4.260338e-06,1.094248e-03,5.989603e-03
589299712,8061482,7071596544,21589802,-6.655122e-02,-2.869210e-02,4.627752e-06,4.088899e-06,1.115831e-03,5.748576e-03
589561856,8061582,7074742272,21599598,-6.651675e-02,-2.874379e-02,4.480619e-06,4.300593e-06,1.080354e-03,6.046197e-03
589824000,8061604,7077888000,21609248,-6.654716e-02,-2.871014e-02,4.610298e-06,4.162172e-06,1.111622e-03,5.851592e-03
590086144,8061694,7081033728,21618699,-6.652187e-02,-2.868489e-02,4.502314e-06,4.059798e-06,1.085586e-03,5.707663e-03
590348288,8061798,7084179456,21628235,-6.654871e-02,-2.868147e-02,4.616955e-06,4.046021e-06,1.113227e-03,5.688296e-03
590610432,8062139,7087325184,21637814,-6.650332e-02,-2.860758e-02,4.423960e-06,3.754214e-06,1.066693e-03,5.278044e-03
590872576,8062319,7090470912,21647495,-6.652485e-02,-2.864157e-02,4.514970e-06,3.887091e-06,1.088637e-03,5.464857e-03
591134720,8062405,7093616640,21657210,-6.653450e-02,-2.858835e-02,4.556067e-06,3.680079e-06,1.098546e-03,5.173818e-03
591396864,8062620,7096762368,21666899,-6.662131e-02,-2.853051e-02,4.934212e-06,3.461486e-06,1.189724e-03,4.866498e-03
591659008,8062703,7099908096,21676570,-6.665412e-02,-2.851193e-02,5.081061e-06,3.392695e-06,1.225131e-03,4.769784e-03
591921152,8062891,7103053824,21685953,-6.667460e-02,-2.850021e-02,5.173783e-06,3.349679e-06,1.247488e-03,4.709308e-03
592183296,8062940,7106199552,21695684,-6.664602e-02,-2.850001e-02,5.044582e-06,3.348943e-06,1.216336e-03,4.708273e-03
592445440,8063328,7109345280,21705293,-6.659278e-02,-2.850206e-02,4.808253e-06,3.356446e-06,1.159353e-03,4.718822e-03
592707584,8063334,7112491008,21714872,-6.661676e-02,-2.856399e-02,4.914009e-06,3.587218e-06,1.184852e-03,5.043264e-03
592969728,8063469,7115636736,21724492,-6.661537e-02,-2.854742e-02,4.907867e-06,3.524691e-06,1.183371e-03,4.955357e-03
593231872,8063615,7118782464,21734088,-6.657240e-02,-2.854685e-02,4.719303e-06,3.522551e-06,1.137905e-03,4.952348e-03
593494016,8063615,7121928192,21743703,-6.658898e-02,-2.854250e-02,4.791603e-06,3.506272e-06,1.155338e-03,4.929462e-03
593756160,8063927,7125073920,21753309,-6.658804e-02,-2.851930e-02,4.787494e-06,3.419894e-06,1.154347e-03,4.808024e-03
594018304,8064120,7128219648,21762743,-6.658655e-02,-2.850893e-02,4.781008e-06,3.381650e-06,1.152783e-03,4.754256e-03
594280448,8064175,7131365376,21772624,-6.666283e-02,-2.855888e-02,5.120403e-06,3.567884e-06,1.234617e-03,5.016083e-03
594542592,8064561,7134511104,21782055,-6.666102e-02,-2.854489e-02,5.112212e-06,3.515199e-06,1.232643e-03,4.942013e-03
594804736,8064992,7137656832,21791707,-6.671136e-02,-2.847352e-02,5.342368e-06,3.252688e-06,1.288137e-03,4.572949e-03
595066880,8065152,7140802560,21801285,-6.669144e-02,-2.841983e-02,5.250668e-06,3.061919e-06,1.266026e-03,4.304747e-03
595329024,8066694,7143948288,21810946,-6.669671e-02,-2.841213e-02,5.274870e-06,3.035017e-06,1.271862e-03,4.266926e-03
595591168,8067369,7147094016,21820677,-6.667857e-02,-2.845057e-02,5.191865e-06,3.170428e-06,1.251848e-03,4.457300e-03
595853312,8067713,7150239744,21830388,-6.662934e-02,-2.849578e-02,4.969958e-06,3.333471e-06,1.198343e-03,4.686523e-03
596115456,8067978,7153385472,21839803,-6.664860e-02,-2.852361e-02,5.056169e-06,3.435875e-06,1.219130e-03,4.830491e-03
596377600,8068087,7156531200,21849461,-6.668826e-02,-2.858586e-02,5.236132e-06,3.670537e-06,1.262521e-03,5.160403e-03
596639744,8068111,7159676928,21859285,-6.667869e-02,-2.856977e-02,5.192408e-06,3.609146e-06,1.251979e-03,5.074092e-03
596901888,8068274,7162822656,21869132,-6.662235e-02,-2.843077e-02,4.938814e-06,3.100297e-06,1.190833e-03,4.358702e-03
597164032,8068669,7165968384,21878720,-6.664289e-02,-2.847449e-02,5.030536e-06,3.256196e-06,1.212949e-03,4.577881e-03
597426176,8068916,7169114112,21888301,-6.662872e-02,-2.848069e-02,4.967168e-06,3.278600e-06,1.197670e-03,4.609379e-03
597688320,8068934,7172259840,21897737,-6.656641e-02,-2.848645e-02,4.693312e-06,3.299476e-06,1.131638e-03,4.638728e-03
597950464,8069168,7175405568,21907343,-6.654882e-02,-2.846272e-02,4.617404e-06,3.213863e-06,1.113336e-03,4.518366e-03
598212608,8070643,7178551296,21916957,-6.649257e-02,-2.847532e-02,4.378850e-06,3.259175e-06,1.055816e-03,4.582069e-03
598474752,8070800,7181697024,21926616,-6.653589e-02,-2.850440e-02,4.562016e-06,3.365023e-06,1.099981e-03,4.730882e-03
598736896,8073186,7184842752,21936322,-6.652091e-02,-2.850294e-02,4.498268e-06,3.359682e-06,1.084610e-03,4.723371e-03
598999040,8076519,7187988480,21945968,-6.653932e-02,-2.850281e-02,4.576669e-06,3.359176e-06,1.103514e-03,4.722661e-03
599261184,8079566,7191134208,21955473,-6.651996e-02,-2.846900e-02,4.494224e-06,3.236396e-06,1.083635e-03,4.550044e-03
599523328,8086702,7194279936,21964918,-6.647143e-02,-2.846592e-02,4.290803e-06,3.225341e-06,1.034586e-03,4.534502e-03
599785472,8092825,7197425664,21974572,-6.648219e-02,-2.840144e-02,4.335490e-06,2.997892e-06,1.045361e-03,4.214732e-03
600047616,8093170,7200571392,21984175,-6.645069e-02,-2.841987e-02,4.205331e-06,3.062056e-06,1.013978e-03,4.304940e-03
600309760,8096723,7203717120,21993728,-6.640508e-02,-2.846461e-02,4.020337e-06,3.220626e-06,9.693726e-04,4.527873e-03
600571904,8107493,7206862848,22003431,-6.640594e-02,-2.841004e-02,4.023774e-06,3.027747e-06,9.702013e-04,4.256704e-03
600834048,8118031,7210008576,22013051,-6.626918e-02,-2.836100e-02,3.493831e-06,2.859477e-06,8.424229e-04,4.020134e-03
601096192,8124628,7213154304,22022538,-6.630668e-02,-2.832305e-02,3.635421e-06,2.732578e-06,8.765626e-04,3.841727e-03
601358336,8124868,7216300032,22032270,-6.632420e-02,-2.835575e-02,3.702553e-06,2.841740e-06,8.927492e-04,3.995197e-03
601620480,8134542,7219445760,22041898,-6.636632e-02,-2.842722e-02,3.866414e-06,3.087814e-06,9.322590e-04,4.341152e-03
601882624,8156210,7222591488,22051582,-6.642801e-02,-2.843612e-02,4.112828e-06,3.119183e-06,9.916737e-04,4.385255e-03
602144768,8184949,7225737216,22060887,-6.643587e-02,-2.843266e-02,4.144741e-06,3.106984e-06,9.993684e-04,4.368104e-03
602406912,8198075,7228882944,22070280,-6.643889e-02,-2.843603e-02,4.157067e-06,3.118881e-06,1.002340e-03,4.384830e-03
602669056,8218087,7232028672,22079785,-6.644206e-02,-2.847843e-02,4.169989e-06,3.270416e-06,1.005456e-03,4.597872e-03
602931200,8225501,7235174400,22089457,-6.640321e-02,-2.842916e-02,4.012842e-06,3.094638e-06,9.675652e-04,4.350748e-03
603193344,8227759,7238320128,22098973,-6.635384e-02,-2.841293e-02,3.817492e-06,3.037802e-06,9.204630e-04,4.270842e-03
603455488,8228375,7241465856,22108599,-6.634200e-02,-2.834605e-02,3.771369e-06,2.809153e-06,9.093421e-04,3.949384e-03
603717632,8242489,7244611584,22118177,-6.632390e-02,-2.840540e-02,3.701377e-06,3.011628e-06,8.924658e-04,4.234042e-03
603979776,8292589,7247757312,22127795,-6.634425e-02,-2.837142e-02,3.780084e-06,2.894831e-06,9.114434e-04,4.069838e-03
604241920,8370692,7250903040,22137235,-6.634735e-02,-2.846537e-02,3.792146e-06,3.223367e-06,9.143518e-04,4.531727e-03
604504064,8371627,7254048768,22146864,-6.634168e-02,-2.845505e-02,3.770125e-06,3.186421e-06,9.090420e-04,4.479784e-03
604766208,8372967,7257194496,22156615,-6.633148e-02,-2.843193e-02,3.730619e-06,3.104384e-06,8.995166e-04,4.364449e-03
605028352,8373501,7260340224,22166271,-6.626635e-02,-2.841796e-02,3.483255e-06,3.055372e-06,8.398728e-04,4.295542e-03
605290496,8373519,7263485952,22175736,-6.628095e-02,-2.839567e-02,3.537978e-06,2.977950e-06,8.530673e-04,4.186695e-03
605552640,8374490,7266631680,22185708,-6.626938e-02,-2.840623e-02,3.494556e-06,3.014486e-06,8.425976e-04,4.238061e-03
605814784,8375011,7269777408,22195340,-6.625680e-02,-2.841257e-02,3.447693e-06,3.036536e-06,8.312982e-04,4.269062e-03
606076928,8375037,7272923136,22204736,-6.626103e-02,-2.841226e-02,3.463427e-06,3.035459e-06,8.350917e-04,4.267547e-03
606339072,8375532,7276068864,22214442,-6.626680e-02,-2.842292e-02,3.484952e-06,3.072724e-06,8.402819e-04,4.319938e-03
606601216,8376248,7279214592,22224254,-6.624106e-02,-2.847205e-02,3.389478e-06,3.247403e-06,8.172614e-04,4.565519e-03
606863360,8376627,7282360320,22233833,-6.622964e-02,-2.851120e-02,3.347579e-06,3.390019e-06,8.071589e-04,4.766024e-03
607125504,8376839,7285506048,22243235,-6.614280e-02,-2.856216e-02,3.037335e-06,3.580272e-06,7.323537e-04,5.033499e-03
607387648,8376902,7288651776,22253002,-6.611262e-02,-2.853739e-02,2.933068e-06,3.487150e-06,7.072133e-04,4.902579e-03
607649792,8376931,7291797504,22262705,-6.610245e-02,-2.857901e-02,2.898311e-06,3.644327e-06,6.988328e-04,5.123553e-03
607911936,8377141,7294943232,22272302,-6.609386e-02,-2.853733e-02,2.869161e-06,3.486906e-06,6.918040e-04,4.902237e-03
608174080,8377191,7298088960,22281832,-6.616756e-02,-2.858411e-02,3.124271e-06,3.663824e-06,7.533156e-04,5.150966e-03
608436224,8377218,7301234688,22291482,-6.616934e-02,-2.863812e-02,3.130569e-06,3.873479e-06,7.548343e-04,5.445718e-03
608698368,8377674,7304380416,22301000,-6.607589e-02,-2.863673e-02,2.808604e-06,3.868026e-06,6.772027e-04,5.438052e-03
608960512,8377876,7307526144,22310660,-6.605052e-02,-2.863589e-02,2.724215e-06,3.864708e-06,6.568552e-04,5.433388e-03
609222656,8378112,7310671872,22320306,-6.598905e-02,-2.866696e-02,2.525087e-06,3.987859e-06,6.088421e-04,5.606525e-03
609484800,8378141,7313817600,22329859,-6.600121e-02,-2.863835e-02,2.563879e-06,3.874403e-06,6.181954e-04,5.447017e-03
609746944,8378205,7316963328,22339426,-6.604277e-02,-2.867762e-02,2.698697e-06,4.030547e-06,6.507022e-04,5.666540e-03
610009088,8378318,7320109056,22348946,-6.604963e-02,-2.863844e-02,2.721265e-06,3.874777e-06,6.561438e-04,5.447543e-03
610271232,8378546,7323254784,22358560,-6.600320e-02,-2.871578e-02,2.570230e-06,4.185218e-06,6.197267e-04,5.883991e-03
610533376,8378699,7326400512,22368023,-6.598270e-02,-2.877590e-02,2.504930e-06,4.434811e-06,6.039817e-04,6.234895e-03
610795520,8378815,7329546240,22377595,-6.597190e-02,-2.873635e-02,2.470873e-06,4.269808e-06,5.957701e-04,6.002918e-03
611057664,8378829,7332691968,22387042,-6.597249e-02,-2.870737e-02,2.472724e-06,4.150871e-06,5.962164e-04,5.835704e-03
611319808,8379039,7335837696,22396724,-6.597341e-02,-2.872128e-02,2.475607e-06,4.207738e-06,5.969115e-04,5.915652e-03
611581952,8379112,7338983424,22406469,-6.599679e-02,-2.868391e-02,2.549726e-06,4.055821e-06,6.147827e-04,5.702072e-03
611844096,8379214,7342129152,22416218,-6.600753e-02,-2.862511e-02,2.584152e-06,3.822443e-06,6.230836e-04,5.373966e-03
612106240,8379562,7345274880,22425754,-6.602579e-02,-2.855374e-02,2.643173e-06,3.548468e-06,6.373145e-04,4.988786e-03
612368384,8379568,7348420608,22435293,-6.604460e-02,-2.856205e-02,2.704697e-06,3.579863e-06,6.521491e-04,5.032924e-03
612630528,8379713,7351566336,22444880,-6.606735e-02,-2.853170e-02,2.780033e-06,3.465944e-06,6.703138e-04,4.872765e-03
612892672,8379715,7354712064,22454332,-6.607798e-02,-2.853746e-02,2.815625e-06,3.487421e-06,6.788958e-04,4.902961e-03
613154816,8381583,7357857792,22464137,-6.606530e-02,-2.858267e-02,2.773229e-06,3.658321e-06,6.686734e-04,5.143229e-03
613416960,8381984,7361003520,22473792,-6.605747e-02,-2.859894e-02,2.747210e-06,3.720804e-06,6.623997e-04,5.231073e-03
613679104,8382468,7364149248,22483625,-6.612729e-02,-2.856310e-02,2.983507e-06,3.583825e-06,7.193749e-04,5.038495e-03
613941248,8383096,7367294976,22493358,-6.609692e-02,-2.853607e-02,2.879519e-06,3.482205e-06,6.943016e-04,4.895627e-03
614203392,8385486,7370440704,22503032,-6.608234e-02,-2.850531e-02,2.830247e-06,3.368352e-06,6.824211e-04,4.735562e-03
614465536,8386499,7373586432,22512568,-6.611220e-02,-2.852040e-02,2.931614e-06,3.423987e-06,7.068625e-04,4.813779e-03
614727680,8386641,7376732160,22522323,-6.615207e-02,-2.845042e-02,3.069727e-06,3.169884e-06,7.401640e-04,4.456535e-03
614989824,8387068,7379877888,22532020,-6.612623e-02,-2.843243e-02,2.979853e-06,3.106157e-06,7.184939e-04,4.366941e-03
615251968,8387692,7383023616,22541664,-6.611694e-02,-2.841287e-02,2.947863e-06,3.037595e-06,7.107805e-04,4.270550e-03
615514112,8388546,7386169344,22551182,-6.622005e-02,-2.845828e-02,3.312583e-06,3.197942e-06,7.987208e-04,4.495982e-03
615776256,8389038,7389315072,22560936,-6.616391e-02,-2.849912e-02,3.111379e-06,3.345698e-06,7.502070e-04,4.703712e-03
616038400,8389389,7392460800,22570529,-6.616806e-02,-2.852909e-02,3.126036e-06,3.456206e-06,7.537411e-04,4.859075e-03
616300544,8389549,7395606528,22580175,-6.620423e-02,-2.854922e-02,3.255228e-06,3.531464e-06,7.848916e-04,4.964880e-03
616562688,8389654,7398752256,22589737,-6.620344e-02,-2.855969e-02,3.252379e-06,3.570931e-06,7.842046e-04,5.020367e-03
616824832,8391334,7401897984,22599363,-6.617355e-02,-2.858174e-02,3.145484e-06,3.654753e-06,7.584303e-04,5.138212e-03
617086976,8392802,7405043712,22608958,-6.615189e-02,-2.860096e-02,3.069100e-06,3.728597e-06,7.400130e-04,5.242030e-03
617349120,8396581,7408189440,22618749,-6.614193e-02,-2.861750e-02,3.034323e-06,3.792763e-06,7.316275e-04,5.332240e-03
617611264,8397521,7411335168,22628215,-6.610650e-02,-2.856611e-02,2.912128e-06,3.595231e-06,7.021643e-04,5.054530e-03
617873408,8397534,7414480896,22637794,-6.609998e-02,-2.856302e-02,2.889921e-06,3.583508e-06,6.968096e-04,5.038049e-03
618135552,8403098,7417626624,22647560,-6.611525e-02,-2.849571e-02,2.942084e-06,3.333213e-06,7.093870e-04,4.686159e-03
618397696,8407680,7420772352,22656991,-6.611051e-02,-2.841230e-02,2.925825e-06,3.035608e-06,7.054668e-04,4.267757e-03
618659840,8411184,7423918080,22666528,-6.614440e-02,-2.837508e-02,3.042921e-06,2.907299e-06,7.337006e-04,4.087368e-03
618921984,8420031,7427063808,22676019,-6.614614e-02,-2.838470e-02,3.049006e-06,2.940212e-06,7.351680e-04,4.133639e-03
619184128,8440917,7430209536,22685511,-6.608245e-02,-2.836516e-02,2.830623e-06,2.873554e-06,6.825119e-04,4.039926e-03
619446272,8444884,7433355264,22694989,-6.608056e-02,-2.835578e-02,2.824258e-06,2.841846e-06,6.809772e-04,3.995348e-03
619708416,8445087,7436500992,22704892,-6.608555e-02,-2.841227e-02,2.841061e-06,3.035511e-06,6.850288e-04,4.267620e-03
619970560,8468094,7439646720,22714384,-6.600857e-02,-2.838035e-02,2.587483e-06,2.925296e-06,6.238866e-04,4.112669e-03
620232704,8496401,7442792448,22723841,-6.599819e-02,-2.839895e-02,2.554201e-06,2.989256e-06,6.158618e-04,4.202589e-03
620494848,8502359,7445938176,22733257,-6.595859e-02,-2.840141e-02,2.429193e-06,2.997789e-06,5.857204e-04,4.214587e-03
620756992,8507016,7449083904,22742927,-6.592503e-02,-2.835154e-02,2.325715e-06,2.827590e-06,5.607700e-04,3.975305e-03
621019136,8507671,7452229632,22752511,-6.588936e-02,-2.837139e-02,2.218182e-06,2.894723e-06,5.348418e-04,4.069687e-03
621281280,8508485,7455375360,22762174,-6.579873e-02,-2.837156e-02,1.956438e-06,2.895300e-06,4.717309e-04,4.070498e-03
621543424,8508503,7458521088,22771966,-6.571743e-02,-2.840940e-02,1.735613e-06,3.025530e-06,4.184862e-04,4.253588e-03
621805568,8508572,7461666816,22781655,-6.574473e-02,-2.839963e-02,1.808287e-06,2.991626e-06,4.360091e-04,4.205923e-03
622067712,8508943,7464812544,22791395,-6.570206e-02,-2.838463e-02,1.695350e-06,2.939969e-06,4.087781e-04,4.133298e-03
622329856,8509305,7467958272,22801184,-6.576956e-02,-2.835063e-02,1.875690e-06,2.824502e-06,4.522612e-04,3.970964e-03
622592000,8509676,7471104000,22810712,-6.572978e-02,-2.834793e-02,1.768314e-06,2.815444e-06,4.263709e-04,3.958229e-03
622854144,8510318,7474249728,22820212,-6.572113e-02,-2.838195e-02,1.745383e-06,2.930778e-06,4.208419e-04,4.120377e-03
623116288,8510676,7477395456,22829597,-6.564986e-02,-2.843895e-02,1.562143e-06,3.129179e-06,3.766596e-04,4.399308e-03
623378432,8510689,7480541184,22839174,-6.562405e-02,-2.841581e-02,1.498295e-06,3.047842e-06,3.612646e-04,4.284956e-03
623640576,8510862,7483686912,22848709,-6.561022e-02,-2.839617e-02,1.464633e-06,2.979673e-06,3.531482e-04,4.189118e-03
623902720,8511144,7486832640,22858220,-6.557737e-02,-2.837965e-02,1.386184e-06,2.922920e-06,3.342328e-04,4.109329e-03
624164864,8511339,7489978368,22867544,-6.557033e-02,-2.833755e-02,1.369672e-06,2.780729e-06,3.302514e-04,3.909423e-03
624427008,8511491,7493124096,22877439,-6.559972e-02,-2.833059e-02,1.439316e-06,2.757575e-06,3.470438e-04,3.876870e-03
624689152,8511613,7496269824,22886971,-6.561943e-02,-2.836436e-02,1.487007e-06,2.870858e-06,3.585431e-04,4.036136e-03
624951296,8512005,7499415552,22896501,-6.556557e-02,-2.837393e-02,1.358551e-06,2.903387e-06,3.275700e-04,4.081868e-03
625213440,8512031,7502561280,22906161,-6.559459e-02,-2.838518e-02,1.427043e-06,2.941835e-06,3.440845e-04,4.135921e-03
625475584,8512084,7505707008,22915578,-6.564720e-02,-2.838347e-02,1.555501e-06,2.935991e-06,3.750582e-04,4.127705e-03
625737728,8512183,7508852736,22925371,-6.564495e-02,-2.829601e-02,1.549894e-06,2.643912e-06,3.737061e-04,3.717072e-03
625999872,8512368,7511998464,22935046,-6.561177e-02,-2.836579e-02,1.468386e-06,2.875708e-06,3.540532e-04,4.042953e-03
626262016,8512527,7515144192,22944589,-6.554946e-02,-2.835522e-02,1.321260e-06,2.839982e-06,3.185785e-04,3.992727e-03
626524160,8512644,7518289920,22954269,-6.552444e-02,-2.841000e-02,1.264369e-06,3.027585e-06,3.048611e-04,4.256477e-03
626786304,8512726,7521435648,22963805,-6.547411e-02,-2.840126e-02,1.153703e-06,2.997260e-06,2.781776e-04,4.213844e-03
627048448,8513120,7524581376,22973443,-6.545637e-02,-2.838436e-02,1.115908e-06,2.939024e-06,2.690647e-04,4.131970e-03
627310592,8513194,7527727104,22982882,-6.549534e-02,-2.841432e-02,1.199769e-06,3.042654e-06,2.892850e-04,4.277663e-03
627572736,8513318,7530872832,22992558,-6.545788e-02,-2.845408e-02,1.119106e-06,3.182950e-06,2.698358e-04,4.474905e-03
627834880,8513325,7534018560,23002158,-6.542739e-02,-2.840153e-02,1.055531e-06,2.998196e-06,2.545067e-04,4.215159e-03
628097024,8513967,7537164288,23011737,-6.539292e-02,-2.844296e-02,9.858833e-07,3.143383e-06,2.377134e-04,4.419278e-03
628359168,8514228,7540310016,23021229,-6.549340e-02,-2.846578e-02,1.195513e-06,3.224832e-06,2.882587e-04,4.533787e-03
628621312,8514485,7543455744,23030690,-6.548907e-02,-2.847453e-02,1.186065e-06,3.256317e-06,2.859808e-04,4.578052e-03
628883456,8516170,7546601472,23040443,-6.547100e-02,-2.843947e-02,1.147038e-06,3.131011e-06,2.765706e-04,4.401884e-03
629145600,8516818,7549747200,23050090,-6.546815e-02,-2.844845e-02,1.140950e-06,3.162897e-06,2.751026e-04,4.446712e-03
629407744,8517069,7552892928,23059821,-6.543316e-02,-2.837732e-02,1.067414e-06,2.914939e-06,2.573718e-04,4.098109e-03
629669888,8517168,7556038656,23069584,-6.540851e-02,-2.839036e-02,1.017079e-06,2.959631e-06,2.452352e-04,4.160941e-03
629932032,8517463,7559184384,23079399,-6.540775e-02,-2.840467e-02,1.015546e-06,3.009074e-06,2.448657e-04,4.230454e-03
630194176,8517490,7562330112,23089008,-6.541159e-02,-2.845107e-02,1.023310e-06,3.172219e-06,2.467376e-04,4.459818e-03
630456320,8517569,7565475840,23098727,-6.539682e-02,-2.847281e-02,9.936514e-07,3.250115e-06,2.395864e-04,4.569333e-03
630718464,8517972,7568621568,23108323,-6.538402e-02,-2.850837e-02,9.682817e-07,3.379602e-06,2.334694e-04,4.751377e-03
630980608,8518192,7571767296,23117768,-6.540989e-02,-2.846029e-02,1.019876e-06,3.205128e-06,2.459096e-04,4.506084e-03
631242752,8518509,7574913024,23127412,-6.545740e-02,-2.845997e-02,1.118098e-06,3.204000e-06,2.695926e-04,4.504499e-03
631504896,8518620,7578058752,23136962,-6.553008e-02,-2.845975e-02,1.277085e-06,3.203207e-06,3.079271e-04,4.503384e-03
631767040,8519705,7581204480,23146610,-6.543976e-02,-2.844863e-02,1.081097e-06,3.163533e-06,2.606712e-04,4.447606e-03
632029184,8520760,7584350208,23156218,-6.548154e-02,-2.849578e-02,1.169731e-06,3.333465e-06,2.820424e-04,4.686513e-03
632291328,8522703,7587495936,23165766,-6.547409e-02,-2.848881e-02,1.153655e-06,3.308089e-06,2.781660e-04,4.650838e-03
632553472,8525812,7590641664,23175318,-6.551085e-02,-2.846404e-02,1.233992e-06,3.218580e-06,2.975367e-04,4.524998e-03
632815616,8528851,7593787392,23185044,-6.556421e-02,-2.852270e-02,1.355374e-06,3.432485e-06,3.268040e-04,4.825726e-03
633077760,8535895,7596933120,23194482,-6.562441e-02,-2.849740e-02,1.499170e-06,3.339385e-06,3.614758e-04,4.694835e-03
633339904,8542228,7600078848,23203969,-6.566725e-02,-2.850174e-02,1.605915e-06,3.355265e-06,3.872137e-04,4.717162e-03
633602048,8542707,7603224576,23213685,-6.561365e-02,-2.846108e-02,1.472940e-06,3.207969e-06,3.551512e-04,4.510080e-03
633864192,8547880,7606370304,23223467,-6.561390e-02,-2.844369e-02,1.473537e-06,3.145992e-06,3.552951e-04,4.422946e-03
634126336,8556590,7609516032,23233121,-6.567225e-02,-2.840507e-02,1.618611e-06,3.010457e-06,3.902749e-04,4.232398e-03
634388480,8566139,7612661760,23242756,-6.566359e-02,-2.836745e-02,1.596656e-06,2.881339e-06,3.849814e-04,4.050871e-03
634650624,8567403,7615807488,23252132,-6.560037e-02,-2.835099e-02,1.440871e-06,2.825730e-06,3.474189e-04,3.972690e-03
634912768,8575141,7618953216,23261695,-6.555215e-02,-2.840254e-02,1.327433e-06,3.001706e-06,3.200670e-04,4.220093e-03
635174912,8583800,7622098944,23271148,-6.552192e-02,-2.839989e-02,1.258695e-06,2.992522e-06,3.034931e-04,4.207182e-03
635437056,8605381,7625244672,23280666,-6.549776e-02,-2.843767e-02,1.205079e-06,3.124647e-06,2.905654e-04,4.392937e-03
635699200,8633966,7628390400,23290145,-6.549580e-02,-2.854973e-02,1.200781e-06,3.533396e-06,2.895290e-04,4.967597e-03
635961344,8647340,7631536128,23299754,-6.551754e-02,-2.857848e-02,1.248901e-06,3.642307e-06,3.011315e-04,5.120715e-03
636223488,8667298,7634681856,23309192,-6.551085e-02,-2.858266e-02,1.233975e-06,3.658265e-06,2.975327e-04,5.143149e-03
636485632,8675047,7637827584,23318680,-6.547703e-02,-2.857353e-02,1.159985e-06,3.623441e-06,2.796924e-04,5.094192e-03
636747776,8677137,7640973312,23327957,-6.543709e-02,-2.857816e-02,1.075558e-06,3.641077e-06,2.593355e-04,5.118985e-03
637009920,8677591,7644119040,23337634,-6.545900e-02,-2.864714e-02,1.121472e-06,3.909098e-06,2.704062e-04,5.495795e-03
637272064,8691564,7647264768,23347277,-6.550056e-02,-2.866896e-02,1.211222e-06,3.995845e-06,2.920463e-04,5.617753e-03
637534208,8741778,7650410496,23356885,-6.546266e-02,-2.870218e-02,1.129249e-06,4.129738e-06,2.722815e-04,5.805993e-03
637796352,8810691,7653556224,23366781,-6.549584e-02,-2.869163e-02,1.200863e-06,4.087008e-06,2.895487e-04,5.745918e-03
638058496,8811640,7656701952,23376752,-6.550089e-02,-2.863847e-02,1.211943e-06,3.874872e-06,2.922204e-04,5.447677e-03
638320640,8813432,7659847680,23386502,-6.550474e-02,-2.861211e-02,1.220455e-06,3.771796e-06,2.942728e-04,5.302762e-03
638582784,8813808,7662993408,23395795,-6.549808e-02,-2.856177e-02,1.205783e-06,3.578778e-06,2.907350e-04,5.031398e-03
638844928,8813958,7666139136,23405471,-6.560817e-02,-2.847939e-02,1.459660e-06,3.273886e-06,3.519491e-04,4.602752e-03
639107072,8814910,7669284864,23415102,-6.553604e-02,-2.844088e-02,1.290575e-06,3.136029e-06,3.111799e-04,4.408939e-03
639369216,8815395,7672430592,23424482,-6.542001e-02,-2.843452e-02,1.040414e-06,3.113548e-06,2.508617e-04,4.377332e-03
639631360,8815504,7675576320,23434074,-6.543988e-02,-2.841731e-02,1.081345e-06,3.053093e-06,2.607310e-04,4.292339e-03
639893504,8815556,7678722048,23443564,-6.541400e-02,-2.840049e-02,1.028184e-06,2.994584e-06,2.479129e-04,4.210082e-03
640155648,8816654,7681867776,23452947,-6.543271e-02,-2.842593e-02,1.066490e-06,3.083292e-06,2.571491e-04,4.334795e-03
640417792,8816884,7685013504,23462558,-6.541429e-02,-2.849327e-02,1.028789e-06,3.324330e-06,2.480587e-04,4.673671e-03
640679936,8817114,7688159232,23472159,-6.539131e-02,-2.847843e-02,9.826899e-07,3.270423e-06,2.369435e-04,4.597883e-03
640942080,8817188,7691304960,23481869,-6.538466e-02,-2.846747e-02,9.695578e-07,3.230916e-06,2.337771e-04,4.542341e-03
641204224,8817209,7694450688,23491352,-6.534429e-02,-2.848345e-02,8.916771e-07,3.288611e-06,2.149987e-04,4.623453e-03
641466368,8817289,7697596416,23501140,-6.532793e-02,-2.857859e-02,8.610450e-07,3.642727e-06,2.076128e-04,5.121304e-03
641728512,8817628,7700742144,23510831,-6.534328e-02,-2.859650e-02,8.897786e-07,3.711418e-06,2.145410e-04,5.217877e-03
641990656,8817682,7703887872,23520418,-6.531386e-02,-2.855469e-02,8.351372e-07,3.552076e-06,2.013660e-04,4.993858e-03
642252800,8817851,7707033600,23529966,-6.529294e-02,-2.856338e-02,7.973368e-07,3.584883e-06,1.922516e-04,5.039982e-03
642514944,8818318,7710179328,23539841,-6.526911e-02,-2.859016e-02,7.553396e-07,3.687028e-06,1.821254e-04,5.183588e-03
642777088,8818475,7713325056,23549468,-6.531803e-02,-2.859664e-02,8.427804e-07,3.711956e-06,2.032089e-04,5.218634e-03
643039232,8818564,7716470784,23559084,-6.526089e-02,-2.860950e-02,7.411355e-07,3.761652e-06,1.787005e-04,5.288502e-03
643301376,8818772,7719616512,23568627,-6.530085e-02,-2.858991e-02,8.115302e-07,3.686049e-06,1.956739e-04,5.182210e-03
643563520,8818831,7722762240,23578143,-6.527775e-02,-2.861270e-02,7.704371e-07,3.774090e-06,1.857656e-04,5.305988e-03
643825664,8819236,7725907968,23587645,-6.531701e-02,-2.859297e-02,8.409074e-07,3.697823e-06,2.027572e-04,5.198764e-03
644087808,8819242,7729053696,23597201,-6.527448e-02,-2.862618e-02,7.647059e-07,3.826654e-06,1.843838e-04,5.379886e-03
644349952,8819248,7732199424,23606767,-6.526567e-02,-2.867763e-02,7.493812e-07,4.030569e-06,1.806887e-04,5.666572e-03
644612096,8819329,7735345152,23616242,-6.518693e-02,-2.866882e-02,6.192476e-07,3.995272e-06,1.493113e-04,5.616947e-03
644874240,8819332,7738490880,23625766,-6.515817e-02,-2.865756e-02,5.748121e-07,3.950416e-06,1.385971e-04,5.553884e-03
645136384,8819461,7741636608,23635533,-6.517275e-02,-2.869944e-02,5.971455e-07,4.118624e-06,1.439820e-04,5.790369e-03
645398528,8819686,7744782336,23645008,-6.512819e-02,-2.869677e-02,5.302606e-07,4.107798e-06,1.278550e-04,5.775147e-03
645660672,8819711,7747928064,23654485,-6.513846e-02,-2.873443e-02,5.453185e-07,4.261884e-06,1.314857e-04,5.991776e-03
645922816,8820131,7751073792,23664132,-6.515948e-02,-2.872959e-02,5.768135e-07,4.241926e-06,1.390797e-04,5.963719e-03
646184960,8820150,7754219520,23673680,-6.514036e-02,-2.868238e-02,5.481281e-07,4.049678e-06,1.321631e-04,5.693437e-03
646447104,8820195,7757365248,23683369,-6.507858e-02,-2.865094e-02,4.604661e-07,3.924108e-06,1.110263e-04,5.516897e-03
646709248,8822259,7760510976,23693071,-6.508409e-02,-2.863006e-02,4.679791e-07,3.841827e-06,1.128378e-04,5.401218e-03
646971392,8822342,7763656704,23702604,-6.503000e-02,-2.858927e-02,3.968984e-07,3.683603e-06,9.569905e-05,5.178771e-03
647233536,8822995,7766802432,23712241,-6.503739e-02,-2.862446e-02,4.062657e-07,3.819930e-06,9.795765e-05,5.370434e-03
647495680,8823849,7769948160,23721729,-6.504031e-02,-2.860873e-02,4.099878e-07,3.758690e-06,9.885512e-05,5.284337e-03
647757824,8825418,7773093888,23731137,-6.500940e-02,-2.861599e-02,3.713658e-07,3.786889e-06,8.954269e-05,5.323981e-03
648019968,8826828,7776239616,23740790,-6.500004e-02,-2.861923e-02,3.600479e-07,3.799498e-06,8.681376e-05,5.341710e-03
648282112,8827343,7779385344,23750263,-6.502203e-02,-2.862939e-02,3.869171e-07,3.839227e-06,9.329239e-05,5.397564e-03
648544256,8827518,7782531072,23759993,-6.498667e-02,-2.861869e-02,3.441772e-07,3.797386e-06,8.298704e-05,5.338739e-03
648806400,8828030,7785676800,23769725,-6.499367e-02,-2.864387e-02,3.524437e-07,3.896175e-06,8.498026e-05,5.477627e-03
649068544,8828925,7788822528,23779380,-6.499469e-02,-2.861393e-02,3.536567e-07,3.778860e-06,8.527272e-05,5.312695e-03
649330688,8829494,7791968256,23788849,-6.493618e-02,-2.853870e-02,2.874821e-07,3.492042e-06,6.931689e-05,4.909457e-03
649592832,8829919,7795113984,23798416,-6.494005e-02,-2.854964e-02,2.916517e-07,3.533039e-06,7.032225e-05,4.967095e-03
649854976,8830056,7798259712,23807949,-6.495158e-02,-2.853810e-02,3.042338e-07,3.489794e-06,7.335601e-05,4.906296e-03
650117120,8830430,7801405440,23817692,-6.495279e-02,-2.854302e-02,3.055750e-07,3.508204e-06,7.367940e-05,4.932180e-03
650379264,8831878,7804551168,23827289,-6.492771e-02,-2.861722e-02,2.784776e-07,3.791682e-06,6.714573e-05,5.330720e-03
650641408,8833316,7807696896,23836758,-6.492656e-02,-2.865066e-02,2.772679e-07,3.923016e-06,6.685407e-05,5.515363e-03
650903552,8836849,7810842624,23846374,-6.495095e-02,-2.865502e-02,3.035438e-07,3.940301e-06,7.318963e-05,5.539664e-03
651165696,8837787,7813988352,23856230,-6.491276e-02,-2.864194e-02,2.629191e-07,3.888568e-06,6.339433e-05,5.466932e-03
651427840,8838313,7817134080,23865699,-6.491563e-02,-2.870673e-02,2.658690e-07,4.148253e-06,6.410560e-05,5.832023e-03
651689984,8843210,7820279808,23875472,-6.495278e-02,-2.869559e-02,3.055667e-07,4.103005e-06,7.367740e-05,5.768409e-03
651952128,8847945,7823425536,23884922,-6.496329e-02,-2.869011e-02,3.172914e-07,4.080865e-06,7.650442e-05,5.737281e-03
652214272,8851152,7826571264,23894374,-6.492534e-02,-2.871251e-02,2.759826e-07,4.171869e-06,6.654415e-05,5.865224e-03
652476416,8860290,7829716992,23904038,-6.492610e-02,-2.871192e-02,2.767738e-07,4.169442e-06,6.673492e-05,5.861812e-03
652738560,8881068,7832862720,23913612,-6.492911e-02,-2.867193e-02,2.799578e-07,4.007717e-06,6.750266e-05,5.634442e-03
653000704,8885215,7836008448,23923334,-6.493930e-02,-2.869087e-02,2.908395e-07,4.083913e-06,7.012641e-05,5.741568e-03
653262848,8888520,7839154176,23933096,-6.492937e-02,-2.870705e-02,2.802339e-07,4.149558e-06,6.756921e-05,5.833858e-03
653524992,8908034,7842299904,23942757,-6.494372e-02,-2.871492e-02,2.956326e-07,4.181712e-06,7.128211e-05,5.879063e-03
653787136,8936418,7845445632,23952429,-6.492977e-02,-2.869351e-02,2.806521e-07,4.094610e-06,6.767006e-05,5.756606e-03
654049280,8942602,7848591360,23962015,-6.497640e-02,-2.864850e-02,3.322361e-07,3.914447e-06,8.010785e-05,5.503315e-03
654311424,8956208,7851737088,23971821,-6.503469e-02,-2.860763e-02,4.028253e-07,3.754409e-06,9.712810e-05,5.278318e-03
654573568,8957039,7854882816,23981300,-6.504095e-02,-2.857912e-02,4.108088e-07,3.644725e-06,9.905306e-05,5.124114e-03
654835712,8957536,7858028544,23990916,-6.508155e-02,-2.859829e-02,4.645095e-07,3.718289e-06,1.120012e-04,5.227538e-03
655097856,8957660,7861174272,24000677,-6.509544e-02,-2.865181e-02,4.836329e-07,3.927585e-06,1.166122e-04,5.521785e-03
655360000,8957700,7864320000,24010351,-6.504580e-02,-2.865079e-02,4.170498e-07,3.923540e-06,1.005579e-04,5.516098e-03
655622144,8958106,7867465728,24019814,-6.511059e-02,-2.865338e-02,5.049405e-07,3.933781e-06,1.217499e-04,5.530498e-03
655884288,8958490,7870611456,24029259,-6.510286e-02,-2.865531e-02,4.940093e-07,3.941462e-06,1.191141e-04,5.541295e-03
656146432,8958879,7873757184,24038973,-6.512279e-02,-2.865545e-02,5.224229e-07,3.942024e-06,1.259651e-04,5.542086e-03
656408576,8959687,7876902912,24048523,-6.512370e-02,-2.865907e-02,5.237377e-07,3.956386e-06,1.262822e-04,5.562278e-03
656670720,8959837,7880048640,24058214,-6.519897e-02,-2.868368e-02,6.383538e-07,4.054898e-06,1.539181e-04,5.700775e-03
656932864,8959979,7883194368,24067449,-6.521171e-02,-2.867130e-02,6.588747e-07,4.005204e-06,1.588660e-04,5.630909e-03
657195008,8960124,7886340096,24077274,-6.520761e-02,-2.865516e-02,6.522270e-07,3.940870e-06,1.572631e-04,5.540463e-03
657457152,8960358,7889485824,24086904,-6.520535e-02,-2.872789e-02,6.485857e-07,4.234924e-06,1.563852e-04,5.953874e-03
657719296,8960440,7892631552,24096714,-6.511315e-02,-2.876996e-02,5.085790e-07,4.409829e-06,1.226271e-04,6.199772e-03
657981440,8960793,7895777280,24105904,-6.509097e-02,-2.882495e-02,4.774352e-07,4.643810e-06,1.151178e-04,6.528725e-03
658243584,8960798,7898923008,24115480,-6.504738e-02,-2.883741e-02,4.191021e-07,4.697647e-06,1.010527e-04,6.604415e-03
658505728,8961153,7902068736,24125039,-6.504274e-02,-2.889887e-02,4.131137e-07,4.967874e-06,9.960883e-05,6.984327e-03
658767872,8961328,7905214464,24134950,-6.505178e-02,-2.890583e-02,4.248130e-07,4.998935e-06,1.024297e-04,7.027996e-03
659030016,8961375,7908360192,24144541,-6.508217e-02,-2.891522e-02,4.653528e-07,5.041010e-06,1.122046e-04,7.087149e-03
659292160,8961505,7911505920,24154282,-6.514396e-02,-2.884248e-02,5.534696e-07,4.719659e-06,1.334511e-04,6.635361e-03
659554304,8961678,7914651648,24163785,-6.515711e-02,-2.884522e-02,5.732090e-07,4.731595e-06,1.382105e-04,6.652143e-03
659816448,8961916,7917797376,24173497,-6.514435e-02,-2.890071e-02,5.540462e-07,4.976089e-06,1.335901e-04,6.995877e-03
660078592,8961946,7920943104,24183258,-6.508836e-02,-2.892160e-02,4.738383e-07,5.069698e-06,1.142506e-04,7.127482e-03
660340736,8961995,7924088832,24192539,-6.515754e-02,-2.892843e-02,5.738635e-07,5.100511e-06,1.383684e-04,7.170802e-03
660602880,8962351,7927234560,24202005,-6.514867e-02,-2.893532e-02,5.604980e-07,5.131671e-06,1.351457e-04,7.214609e-03
660865024,8962480,7930380288,24211645,-6.507535e-02,-2.891422e-02,4.560881e-07,5.036528e-06,1.099707e-04,7.080848e-03
661127168,8962529,7933526016,24221262,-6.508549e-02,-2.892267e-02,4.698873e-07,5.074531e-06,1.132979e-04,7.134276e-03
661389312,8962598,7936671744,24230776,-6.506986e-02,-2.894676e-02,4.487115e-07,5.183643e-06,1.081921e-04,7.287676e-03
661651456,8963337,7939817472,24240503,-6.509376e-02,-2.898587e-02,4.812937e-07,5.363252e-06,1.160482e-04,7.540187e-03
661913600,8963588,7942963200,24250035,-6.511879e-02,-2.898850e-02,5.166552e-07,5.375449e-06,1.245745e-04,7.557336e-03
662175744,8964034,7946108928,24259741,-6.512845e-02,-2.900622e-02,5.306296e-07,5.457919e-06,1.279439e-04,7.673281e-03
662437888,8965745,7949254656,24269119,-6.512582e-02,-2.899127e-02,5.268157e-07,5.388317e-06,1.270243e-04,7.575427e-03
662700032,8965993,7952400384,24278886,-6.514879e-02,-2.905465e-02,5.606765e-07,5.686545e-06,1.351888e-04,7.994705e-03
662962176,8966412,7955546112,24288341,-6.512146e-02,-2.907454e-02,5.204968e-07,5.781834e-06,1.255007e-04,8.128672e-03
663224320,8966809,7958691840,24298018,-6.515118e-02,-2.913295e-02,5.642751e-07,6.066102e-06,1.360564e-04,8.528324e-03
663486464,8966837,7961837568,24307515,-6.515088e-02,-2.915658e-02,5.638162e-07,6.183094e-06,1.359458e-04,8.692803e-03
663748608,8966885,7964983296,24317069,-6.518550e-02,-2.915672e-02,6.170100e-07,6.183770e-06,1.487717e-04,8.693755e-03
664010752,8967355,7968129024,24326710,-6.519128e-02,-2.920110e-02,6.261146e-07,6.406449e-06,1.509670e-04,9.006817e-03
664272896,8967395,7971274752,24336305,-6.516839e-02,-2.927200e-02,5.904168e-07,6.770413e-06,1.423597e-04,9.518513e-03
664535040,8967442,7974420480,24345778,-6.516378e-02,-2.926411e-02,5.833506e-07,6.729434e-06,1.406559e-04,9.460902e-03
664797184,8967859,7977566208,24355119,-6.521495e-02,-2.919759e-02,6.641346e-07,6.388696e-06,1.601343e-04,8.981859e-03
665059328,8967999,7980711936,24364570,-6.520476e-02,-2.917588e-02,6.476379e-07,6.279443e-06,1.561567e-04,8.828259e-03
665321472,8968800,7983857664,24374299,-6.523814e-02,-2.919085e-02,7.024756e-07,6.354665e-06,1.693790e-04,8.934015e-03
665583616,8970919,7987003392,24383939,-6.520447e-02,-2.916552e-02,6.471703e-07,6.227647e-06,1.560439e-04,8.755440e-03
665845760,8972243,7990149120,24393695,-6.517668e-02,-2.913281e-02,6.032292e-07,6.065451e-06,1.454490e-04,8.527409e-03
666107904,8975130,7993294848,24403300,-6.518997e-02,-2.915969e-02,6.240411e-07,6.198555e-06,1.504670e-04,8.714540e-03
666370048,8978330,7996440576,24412731,-6.518341e-02,-2.926697e-02,6.137253e-07,6.744247e-06,1.479797e-04,9.481726e-03
666632192,8985279,7999586304,24422391,-6.519354e-02,-2.931120e-02,6.297041e-07,6.975923e-06,1.518325e-04,9.807440e-03
666894336,8991743,8002732032,24431919,-6.519125e-02,-2.929564e-02,6.260792e-07,6.893998e-06,1.509585e-04,9.692261e-03
667156480,8992128,8005877760,24441545,-6.516307e-02,-2.932446e-02,5.822699e-07,7.046184e-06,1.403953e-04,9.906220e-03
667418624,8999040,8009023488,24451081,-6.514365e-02,-2.927853e-02,5.530152e-07,6.804449e-06,1.333415e-04,9.566366e-03
667680768,9005798,8012169216,24460599,-6.512723e-02,-2.923934e-02,5.288617e-07,6.601490e-06,1.275177e-04,9.281025e-03
667942912,9006194,8015314944,24470281,-6.508303e-02,-2.926909e-02,4.665327e-07,6.755280e-06,1.124891e-04,9.497239e-03
668205056,9016885,8018460672,24479709,-6.510834e-02,-2.925200e-02,5.017478e-07,6.666727e-06,1.209800e-04,9.372741e-03
668467200,9025396,8021606400,24489113,-6.507690e-02,-2.923207e-02,4.581938e-07,6.564223e-06,1.104784e-04,9.228632e-03
668729344,9033116,8024752128,24498689,-6.504560e-02,-2.922566e-02,4.167997e-07,6.531393e-06,1.004976e-04,9.182476e-03
668991488,9054634,8027897856,24508200,-6.504821e-02,-2.922182e-02,4.201736e-07,6.511796e-06,1.013111e-04,9.154924e-03
669253632,9083208,8031043584,24517753,-6.510859e-02,-2.924852e-02,5.020962e-07,6.648752e-06,1.210640e-04,9.347470e-03
669515776,9096573,8034189312,24527557,-6.508292e-02,-2.923513e-02,4.663800e-07,6.579876e-06,1.124523e-04,9.250638e-03
669777920,9116595,8037335040,24537267,-6.508688e-02,-2.920825e-02,4.717993e-07,6.442726e-06,1.137589e-04,9.057819e-03
670040064,9124604,8040480768,24546873,-6.512681e-02,-2.919263e-02,5.282551e-07,6.363674e-06,1.273714e-04,8.946680e-03
670302208,9126245,8043626496,24556425,-6.518428e-02,-2.918443e-02,6.150918e-07,6.322374e-06,1.483092e-04,8.888617e-03
670564352,9126812,8046772224,24566211,-6.515481e-02,-2.914010e-02,5.697282e-07,6.101405e-06,1.373713e-04,8.577957e-03
670826496,9140812,8049917952,24575698,-6.518032e-02,-2.916582e-02,6.088903e-07,6.229135e-06,1.468139e-04,8.757532e-03
671088640,9191027,8053063680,24585522,-6.518276e-02,-2.916125e-02,6.127101e-07,6.206311e-06,1.477349e-04,8.725444e-03
671350784,9250432,8056209408,24594964,-6.516831e-02,-2.912563e-02,5.903023e-07,6.030125e-06,1.423321e-04,8.477744e-03
671612928,9251563,8059355136,24604632,-6.515823e-02,-2.913319e-02,5.749138e-07,6.067295e-06,1.386216e-04,8.530002e-03
671875072,9253742,8062500864,24614138,-6.511676e-02,-2.910220e-02,5.137460e-07,5.915575e-06,1.238730e-04,8.316698e-03
672137216,9254298,8065646592,24623890,-6.511436e-02,-2.911899e-02,5.103020e-07,5.997575e-06,1.230426e-04,8.431981e-03
672399360,9254380,8068792320,24633674,-6.509656e-02,-2.910401e-02,4.851885e-07,5.924394e-06,1.169873e-04,8.329098e-03
672661504,9255394,8071938048,24643466,-6.508803e-02,-2.906824e-02,4.733768e-07,5.751553e-06,1.141393e-04,8.086099e-03
672923648,9255652,8075083776,24653162,-6.508080e-02,-2.906405e-02,4.634843e-07,5.731486e-06,1.117540e-04,8.057889e-03
673185792,9255983,8078229504,24662961,-6.504421e-02,-2.905454e-02,4.150027e-07,5.686021e-06,1.000643e-04,7.993968e-03
673447936,9255989,8081375232,24672563,-6.502310e-02,-2.909628e-02,3.882530e-07,5.886833e-06,9.361449e-05,8.276291e-03
673710080,9256837,8084520960,24681942,-6.503414e-02,-2.903950e-02,4.021352e-07,5.614534e-06,9.696171e-05,7.893465e-03
673972224,9256977,8087666688,24691578,-6.500553e-02,-2.900141e-02,3.666588e-07,5.435462e-06,8.840775e-05,7.641708e-03
674234368,9257436,8090812416,24701094,-6.495383e-02,-2.896031e-02,3.067210e-07,5.245522e-06,7.395573e-05,7.374671e-03
674496512,9257578,8093958144,24710667,-6.493124e-02,-2.891515e-02,2.822094e-07,5.040717e-06,6.804555e-05,7.086738e-03
674758656,9257712,8097103872,24720557,-6.493970e-02,-2.895216e-02,2.912736e-07,5.208243e-06,7.023109e-05,7.322262e-03
675020800,9257834,8100249600,24730282,-6.490654e-02,-2.889295e-02,2.565854e-07,4.941497e-06,6.186717e-05,6.947243e-03
675282944,9257980,8103395328,24739698,-6.493701e-02,-2.885828e-02,2.883776e-07,4.788578e-06,6.953281e-05,6.732256e-03
675545088,9258036,8106541056,24749388,-6.499900e-02,-2.884539e-02,3.587973e-07,4.732341e-06,8.651219e-05,6.653191e-03
675807232,9258384,8109686784,24758946,-6.496622e-02,-2.885498e-02,3.205987e-07,4.774128e-06,7.730187e-05,6.711939e-03
676069376,9258665,8112832512,24768445,-6.496292e-02,-2.886048e-02,3.168802e-07,4.798203e-06,7.640529e-05,6.745786e-03
676331520,9258831,8115978240,24777914,-6.499256e-02,-2.889488e-02,3.511269e-07,4.950113e-06,8.466273e-05,6.959356e-03
676593664,9258992,8119123968,24787659,-6.503647e-02,-2.890072e-02,4.050888e-07,4.976114e-06,9.767388e-05,6.995912e-03
676855808,9259306,8122269696,24797423,-6.504027e-02,-2.888558e-02,4.099401e-07,4.908816e-06,9.884362e-05,6.901297e-03
677117952,9259444,8125415424,24806864,-6.503102e-02,-2.885421e-02,3.981856e-07,4.770783e-06,9.600939e-05,6.707237e-03
677380096,9259486,8128561152,24816460,-6.501275e-02,-2.882403e-02,3.754634e-07,4.639845e-06,9.053068e-05,6.523151e-03
677642240,9259700,8131706880,24825950,-6.505440e-02,-2.885268e-02,4.282386e-07,4.764097e-06,1.032557e-04,6.697837e-03
677904384,9259789,8134852608,24835531,-6.504105e-02,-2.888257e-02,4.109425e-07,4.895454e-06,9.908530e-05,6.882512e-03
678166528,9259882,8137998336,24845110,-6.498557e-02,-2.886106e-02,3.428846e-07,4.800757e-06,8.267537e-05,6.749378e-03
678428672,9260016,8141144064,24854956,-6.497169e-02,-2.883429e-02,3.268215e-07,4.684172e-06,7.880230e-05,6.585472e-03
678690816,9260029,8144289792,24864664,-6.493863e-02,-2.884425e-02,2.901247e-07,4.727350e-06,6.995407e-05,6.646174e-03
678952960,9260101,8147435520,24874289,-6.490401e-02,-2.885658e-02,2.540255e-07,4.781147e-06,6.124993e-05,6.721807e-03
679215104,9260311,8150581248,24883680,-6.492857e-02,-2.887392e-02,2.793826e-07,4.857284e-06,6.736396e-05,6.828847e-03
679477248,9260488,8153726976,24893543,-6.492341e-02,-2.888143e-02,2.739588e-07,4.890411e-06,6.605619e-05,6.875421e-03
679739392,9260620,8156872704,24902984,-6.491759e-02,-2.886917e-02,2.679013e-07,4.836362e-06,6.459562e-05,6.799434e-03
680001536,9260729,8160018432,24912437,-6.490656e-02,-2.885664e-02,2.566005e-07,4.781391e-06,6.187080e-05,6.722150e-03
680263680,9262642,8163164160,24922107,-6.489494e-02,-2.885518e-02,2.449603e-07,4.775031e-06,5.906414e-05,6.713209e-03
680525824,9262825,8166309888,24931612,-6.488964e-02,-2.890713e-02,2.397447e-07,5.004734e-06,5.780656e-05,7.036148e-03
680787968,9263620,8169455616,24941152,-6.482136e-02,-2.889764e-02,1.775381e-07,4.962395e-06,4.280749e-05,6.976625e-03
681050112,9264555,8172601344,24950516,-6.486071e-02,-2.888343e-02,2.122506e-07,4.899287e-06,5.117728e-05,6.887901e-03
681312256,9265638,8175747072,24960257,-6.494576e-02,-2.893649e-02,2.978485e-07,5.136998e-06,7.181642e-05,7.222097e-03
681574400,9267027,8178892800,24969754,-6.494260e-02,-2.894253e-02,2.944104e-07,5.164399e-06,7.098742e-05,7.260622e-03
681836544,9267604,8182038528,24979375,-6.498990e-02,-2.893759e-02,3.479817e-07,5.141947e-06,8.390437e-05,7.229055e-03
682098688,9268284,8185184256,24989036,-6.497720e-02,-2.894172e-02,3.331558e-07,5.160700e-06,8.032959e-05,7.255421e-03
682360832,9268530,8188329984,24998796,-6.491610e-02,-2.891341e-02,2.663533e-07,5.032892e-06,6.422236e-05,7.075735e-03
682622976,9269413,8191475712,25008469,-6.497244e-02,-2.890934e-02,3.276825e-07,5.014656e-06,7.900989e-05,7.050098e-03
682885120,9270339,8194621440,25017839,-6.500979e-02,-2.885324e-02,3.718381e-07,4.766544e-06,8.965658e-05,6.701278e-03
683147264,9270374,8197767168,25027380,-6.501886e-02,-2.883287e-02,3.829786e-07,4.678007e-06,9.234274e-05,6.576803e-03
683409408,9270403,8200912896,25036938,-6.506383e-02,-2.884403e-02,4.406727e-07,4.726411e-06,1.062538e-04,6.644854e-03
683671552,9271574,8204058624,25046568,-6.515861e-02,-2.886375e-02,5.754789e-07,4.812551e-06,1.387579e-04,6.765958e-03
683933696,9272299,8207204352,25056181,-6.514984e-02,-2.883895e-02,5.622509e-07,4.704367e-06,1.355684e-04,6.613863e-03
684195840,9273920,8210350080,25065809,-6.511401e-02,-2.880500e-02,5.098124e-07,4.558246e-06,1.229246e-04,6.408431e-03
684457984,9276997,8213495808,25075345,-6.511427e-02,-2.873450e-02,5.101849e-07,4.262145e-06,1.230144e-04,5.992143e-03
684720128,9278010,8216641536,25085176,-6.512335e-02,-2.878257e-02,5.232310e-07,4.462941e-06,1.261600e-04,6.274442e-03
684982272,9279107,8219787264,25094782,-6.510175e-02,-2.872600e-02,4.924500e-07,4.227139e-06,1.187382e-04,5.942928e-03
685244416,9283276,8222932992,25104620,-6.507913e-02,-2.876122e-02,4.612147e-07,4.373208e-06,1.112068e-04,6.148286e-03
685506560,9288037,8226078720,25114099,-6.505422e-02,-2.878913e-02,4.279948e-07,4.490718e-06,1.031969e-04,6.313494e-03
685768704,9291402,8229224448,25123614,-6.505477e-02,-2.873166e-02,4.287165e-07,4.250448e-06,1.033709e-04,5.975697e-03
686030848,9300489,8232370176,25133030,-6.503467e-02,-2.871158e-02,4.028063e-07,4.168034e-06,9.712354e-05,5.859833e-03
686292992,9321407,8235515904,25142643,-6.507137e-02,-2.870917e-02,4.507301e-07,4.158222e-06,1.086788e-04,5.846038e-03
686555136,9325499,8238661632,25152135,-6.509446e-02,-2.869089e-02,4.822660e-07,4.083989e-06,1.162826e-04,5.741673e-03
686817280,9332275,8241807360,25161775,-6.509674e-02,-2.870996e-02,4.854377e-07,4.161428e-06,1.170474e-04,5.850546e-03
687079424,9348385,8244953088,25171230,-6.511335e-02,-2.871678e-02,5.088659e-07,4.189296e-06,1.226963e-04,5.889724e-03
687341568,9376682,8248098816,25180926,-6.511611e-02,-2.868858e-02,5.128172e-07,4.074659e-06,1.236490e-04,5.728557e-03
687603712,9383025,8251244544,25190595,-6.514167e-02,-2.869504e-02,5.500715e-07,4.100802e-06,1.326317e-04,5.765310e-03
687865856,9404916,8254390272,25199952,-6.513645e-02,-2.870354e-02,5.423625e-07,4.135274e-06,1.307730e-04,5.813775e-03
688128000,9406105,8257536000,25209485,-6.514857e-02,-2.866933e-02,5.603530e-07,3.997312e-06,1.351107e-04,5.619815e-03
688390144,9406393,8260681728,25218885,-6.514379e-02,-2.863106e-02,5.532257e-07,3.845756e-06,1.333923e-04,5.406742e-03
688652288,9406575,8263827456,25228414,-6.515548e-02,-2.864457e-02,5.707522e-07,3.898918e-06,1.376182e-04,5.481483e-03
688914432,9406654,8266973184,25238186,-6.518658e-02,-2.864831e-02,6.186966e-07,3.913710e-06,1.491784e-04,5.502279e-03
689176576,9407121,8270118912,25247746,-6.518993e-02,-2.864077e-02,6.239822e-07,3.883919e-06,1.504528e-04,5.460396e-03
689438720,9407325,8273264640,25257390,-6.512243e-02,-2.867035e-02,5.218953e-07,4.001387e-06,1.258379e-04,5.625545e-03
689700864,9407795,8276410368,25267031,-6.507670e-02,-2.867152e-02,4.579215e-07,4.006069e-06,1.104128e-04,5.632126e-03
689963008,9408795,8279556096,25276630,-6.510083e-02,-2.868038e-02,4.911543e-07,4.041616e-06,1.184257e-04,5.682102e-03
690225152,9408891,8282701824,25286309,-6.512242e-02,-2.864302e-02,5.218845e-07,3.892800e-06,1.258353e-04,5.472882e-03
690487296,9408942,8285847552,25295969,-6.512351e-02,-2.862353e-02,5.234681e-07,3.816262e-06,1.262172e-04,5.365277e-03
690749440,9409073,8288993280,25305573,-6.513137e-02,-2.861055e-02,5.349040e-07,3.765728e-06,1.289746e-04,5.294231e-03
691011584,9409239,8292139008,25315030,-6.515073e-02,-2.861824e-02,5.635924e-07,3.795629e-06,1.358919e-04,5.336270e-03
691273728,9409466,8295284736,25324703,-6.515163e-02,-2.859547e-02,5.649468e-07,3.707436e-06,1.362184e-04,5.212279e-03
691535872,9409677,8298430464,25334572,-6.515639e-02,-2.870418e-02,5.721265e-07,4.137895e-06,1.379495e-04,5.817460e-03
691798016,9409757,8301576192,25344111,-6.516605e-02,-2.870925e-02,5.868270e-07,4.158540e-06,1.414941e-04,5.846486e-03
692060160,9410085,8304721920,25353895,-6.511743e-02,-2.874931e-02,5.146970e-07,4.323545e-06,1.241023e-04,6.078465e-03
692322304,9410355,8307867648,25363521,-6.514135e-02,-2.867250e-02,5.495964e-07,4.010006e-06,1.325171e-04,5.637662e-03
692584448,9410456,8311013376,25373098,-6.517187e-02,-2.871615e-02,5.957760e-07,4.186712e-06,1.436518e-04,5.886091e-03
692846592,9410548,8314159104,25382579,-6.516074e-02,-2.869844e-02,5.787164e-07,4.114558e-06,1.395385e-04,5.784652e-03
693108736,9410596,8317304832,25392326,-6.517228e-02,-2.867061e-02,5.964087e-07,4.002423e-06,1.438044e-04,5.627001e-03
693370880,9410852,8320450560,25401849,-6.513408e-02,-2.859486e-02,5.388674e-07,3.705091e-06,1.299302e-04,5.208982e-03
693633024,9410910,8323596288,25411411,-6.518208e-02,-2.862963e-02,6.116491e-07,3.840147e-06,1.474791e-04,5.398857e-03
693895168,9410990,8326742016,25420994,-6.528658e-02,-2.866961e-02,7.860141e-07,3.998429e-06,1.895216e-04,5.621386e-03
694157312,9411325,8329887744,25430520,-6.521372e-02,-2.864538e-02,6.621324e-07,3.902140e-06,1.596515e-04,5.486014e-03
694419456,9411584,8333033472,25440371,-6.522213e-02,-2.860207e-02,6.758926e-07,3.732886e-06,1.629693e-04,5.248059e-03
694681600,9411620,8336179200,25449758,-6.526370e-02,-2.853760e-02,7.459667e-07,3.487950e-06,1.798654e-04,4.903703e-03
694943744,9411620,8339324928,25459272,-6.529020e-02,-2.855143e-02,7.924478e-07,3.539765e-06,1.910728e-04,4.976550e-03
695205888,9412543,8342470656,25468910,-6.526271e-02,-2.853119e-02,7.442560e-07,3.464044e-06,1.794529e-04,4.870094e-03
695468032,9412610,8345616384,25478449,-6.523509e-02,-2.857871e-02,6.973643e-07,3.643175e-06,1.681466e-04,5.121935e-03
695730176,9413295,8348762112,25488160,-6.518366e-02,-2.858482e-02,6.141223e-07,3.666556e-06,1.480754e-04,5.154806e-03
695992320,9414914,8351907840,25497630,-6.518184e-02,-2.855425e-02,6.112763e-07,3.550398e-06,1.473892e-04,4.991499e-03
696254464,9414952,8355053568,25507340,-6.515511e-02,-2.847978e-02,5.701895e-07,3.275316e-06,1.374825e-04,4.604761e-03
696516608,9415634,8358199296,25517052,-6.515921e-02,-2.842117e-02,5.763948e-07,3.066582e-06,1.389787e-04,4.311303e-03
696778752,9416086,8361345024,25526507,-6.519986e-02,-2.845927e-02,6.397714e-07,3.201494e-06,1.542599e-04,4.500976e-03
697040896,9416130,8364490752,25536056,-6.520426e-02,-2.844550e-02,6.468227e-07,3.152411e-06,1.559601e-04,4.431970e-03
697303040,9416211,8367636480,25545654,-6.521165e-02,-2.848966e-02,6.587779e-07,3.311152e-06,1.588427e-04,4.655144e-03
697565184,9416443,8370782208,25555311,-6.520534e-02,-2.853331e-02,6.485616e-07,3.471925e-06,1.563794e-04,4.881174e-03
697827328,9416795,8373927936,25565025,-6.519388e-02,-2.850139e-02,6.302363e-07,3.353989e-06,1.519608e-04,4.715369e-03
698089472,9416890,8377073664,25574698,-6.520940e-02,-2.849891e-02,6.551304e-07,3.344928e-06,1.579632e-04,4.702630e-03
698351616,9416927,8380219392,25584319,-6.522115e-02,-2.854168e-02,6.742765e-07,3.503189e-06,1.625797e-04,4.925129e-03
698613760,9417074,8383365120,25593802,-6.528440e-02,-2.854661e-02,7.821613e-07,3.521677e-06,1.885926e-04,4.951120e-03
698875904,9417501,8386510848,25603418,-6.522455e-02,-2.852225e-02,6.798799e-07,3.430843e-06,1.639307e-04,4.823417e-03
699138048,9420559,8389656576,25613122,-6.519672e-02,-2.854459e-02,6.347515e-07,3.514103e-06,1.530495e-04,4.940473e-03
699400192,9421428,8392802304,25622967,-6.524659e-02,-2.854996e-02,7.167097e-07,3.534244e-06,1.728111e-04,4.968788e-03
699662336,9424169,8395948032,25632627,-6.524282e-02,-2.858402e-02,7.103407e-07,3.663489e-06,1.712754e-04,5.150494e-03
699924480,9427546,8399093760,25642162,-6.522497e-02,-2.858638e-02,6.805681e-07,3.672522e-06,1.640967e-04,5.163193e-03
700186624,9434622,8402239488,25651762,-6.514532e-02,-2.856285e-02,5.555002e-07,3.582866e-06,1.339407e-04,5.037147e-03
700448768,9441140,8405385216,25661418,-6.510571e-02,-2.855364e-02,4.980288e-07,3.548110e-06,1.200833e-04,4.988283e-03
700710912,9441324,8408530944,25671039,-6.509090e-02,-2.853801e-02,4.773425e-07,3.489460e-06,1.150955e-04,4.905826e-03
700973056,9446634,8411676672,25680538,-6.515571e-02,-2.853963e-02,5.711012e-07,3.495524e-06,1.377023e-04,4.914352e-03
701235200,9450007,8414822400,25690125,-6.513263e-02,-2.853868e-02,5.367365e-07,3.491972e-06,1.294164e-04,4.909359e-03
701497344,9454765,8417968128,25699585,-6.515299e-02,-2.852335e-02,5.669871e-07,3.434922e-06,1.367104e-04,4.829152e-03
701759488,9466146,8421113856,25709071,-6.513948e-02,-2.848313e-02,5.468271e-07,3.287442e-06,1.318494e-04,4.621810e-03
702021632,9475439,8424259584,25718716,-6.512026e-02,-2.850121e-02,5.187781e-07,3.353314e-06,1.250863e-04,4.714420e-03
702283776,9482337,8427405312,25728233,-6.515010e-02,-2.850180e-02,5.626420e-07,3.355477e-06,1.356627e-04,4.717460e-03
702545920,9503730,8430551040,25737650,-6.516525e-02,-2.848513e-02,5.856062e-07,3.294707e-06,1.411998e-04,4.632024e-03
702808064,9532171,8433696768,25747260,-6.515434e-02,-2.848286e-02,5.690311e-07,3.286456e-06,1.372032e-04,4.620423e-03
703070208,9545479,8436842496,25756934,-6.520171e-02,-2.848503e-02,6.427426e-07,3.294322e-06,1.549763e-04,4.631482e-03
703332352,9565727,8439988224,25766422,-6.521207e-02,-2.845605e-02,6.594554e-07,3.189973e-06,1.590061e-04,4.484778e-03
703594496,9573851,8443133952,25775919,-6.520579e-02,-2.848482e-02,6.492939e-07,3.293558e-06,1.565559e-04,4.630408e-03
703856640,9574983,8446279680,25785508,-6.516869e-02,-2.845155e-02,5.908863e-07,3.173938e-06,1.424729e-04,4.462235e-03
704118784,9576034,8449425408,25795196,-6.520341e-02,-2.843308e-02,6.454692e-07,3.108462e-06,1.556338e-04,4.370182e-03
704380928,9589874,8452571136,25804759,-6.518739e-02,-2.845397e-02,6.199749e-07,3.182538e-06,1.494866e-04,4.474326e-03
704643072,9640134,8455716864,25814478,-6.522997e-02,-2.845614e-02,6.888541e-07,3.190299e-06,1.660946e-04,4.485236e-03
704905216,9690639,8458862592,25824110,-6.523196e-02,-2.843134e-02,6.921478e-07,3.102337e-06,1.668888e-04,4.361571e-03
705167360,9691823,8462008320,25833543,-6.526196e-02,-2.844237e-02,7.429710e-07,3.141303e-06,1.791431e-04,4.416353e-03
705429504,9694436,8465154048,25843258,-6.525000e-02,-2.842085e-02,7.224991e-07,3.065473e-06,1.742070e-04,4.309744e-03
705691648,9695007,8468299776,25852883,-6.528793e-02,-2.839813e-02,7.884071e-07,2.986422e-06,1.900985e-04,4.198607e-03
705953792,9695269,8471445504,25862592,-6.532548e-02,-2.839411e-02,8.565019e-07,2.972546e-06,2.065173e-04,4.179097e-03
706215936,9696117,8474591232,25872083,-6.538591e-02,-2.836128e-02,9.720097e-07,2.860440e-06,2.343683e-04,4.021490e-03
706478080,9696251,8477736960,25881608,-6.544175e-02,-2.830777e-02,1.085238e-06,2.682278e-06,2.616696e-04,3.771010e-03
706740224,9696640,8480882688,25891408,-6.543809e-02,-2.831845e-02,1.077630e-06,2.717388e-06,2.598351e-04,3.820372e-03
707002368,9696964,8484028416,25900943,-6.549333e-02,-2.836254e-02,1.195366e-06,2.864701e-06,2.882234e-04,4.027479e-03
707264512,9697063,8487174144,25910604,-6.548954e-02,-2.830656e-02,1.187088e-06,2.678344e-06,2.862274e-04,3.765480e-03
707526656,9697859,8490319872,25920080,-6.547534e-02,-2.830692e-02,1.156345e-06,2.679509e-06,2.788147e-04,3.767117e-03
707788800,9698175,8493465600,25929632,-6.547590e-02,-2.825264e-02,1.157563e-06,2.504759e-06,2.791084e-04,3.521437e-03
708050944,9698217,8496611328,25939166,-6.549538e-02,-2.826320e-02,1.199851e-06,2.538294e-06,2.893047e-04,3.568584e-03
708313088,9698700,8499757056,25948609,-6.549720e-02,-2.829718e-02,1.203853e-06,2.647729e-06,2.902697e-04,3.722439e-03
708575232,9698719,8502902784,25958395,-6.549944e-02,-2.835688e-02,1.208763e-06,2.845559e-06,2.914536e-04,4.000567e-03
708837376,9698738,8506048512,25968142,-6.554167e-02,-2.831219e-02,1.303404e-06,2.696794e-06,3.142732e-04,3.791419e-03
709099520,9698751,8509194240,25977732,-6.554744e-02,-2.829161e-02,1.316605e-06,2.629617e-06,3.174562e-04,3.696975e-03
709361664,9699252,8512339968,25987102,-6.553325e-02,-2.830493e-02,1.284252e-06,2.672988e-06,3.096552e-04,3.757950e-03
709623808,9699495,8515485696,25996777,-6.554322e-02,-2.832845e-02,1.306945e-06,2.750465e-06,3.151270e-04,3.866875e-03
709885952,9699538,8518631424,26006564,-6.554662e-02,-2.834574e-02,1.314742e-06,2.808104e-06,3.170070e-04,3.947909e-03
710148096,9699654,8521777152,26016266,-6.550420e-02,-2.831140e-02,1.219254e-06,2.694188e-06,2.939832e-04,3.787755e-03
710410240,9700142,8524922880,26025799,-6.551988e-02,-2.828663e-02,1.254119e-06,2.613501e-06,3.023896e-04,3.674317e-03
710672384,9700173,8528068608,26035354,-6.557544e-02,-2.828988e-02,1.381661e-06,2.623996e-06,3.331423e-04,3.689073e-03
710934528,9700342,8531214336,26045069,-6.552325e-02,-2.826827e-02,1.261689e-06,2.554463e-06,3.042151e-04,3.591316e-03
711196672,9700388,8534360064,26054696,-6.554949e-02,-2.828122e-02,1.321328e-06,2.596023e-06,3.185951e-04,3.649745e-03
711458816,9700558,8537505792,26064333,-6.559167e-02,-2.830377e-02,1.420073e-06,2.669201e-06,3.424041e-04,3.752626e-03
711720960,9700620,8540651520,26073904,-6.561134e-02,-2.835065e-02,1.467339e-06,2.824577e-06,3.538008e-04,3.971070e-03
711983104,9700700,8543797248,26083563,-6.565344e-02,-2.837680e-02,1.571096e-06,2.913184e-06,3.788182e-04,4.095641e-03
712245248,9700956,8546942976,26093006,-6.556162e-02,-2.835182e-02,1.349361e-06,2.828517e-06,3.253542e-04,3.976608e-03
712507392,9701050,8550088704,26102779,-6.552105e-02,-2.832960e-02,1.256757e-06,2.754260e-06,3.030257e-04,3.872210e-03
712769536,9701165,8553234432,26112645,-6.551389e-02,-2.834635e-02,1.240755e-06,2.810165e-06,2.991673e-04,3.950806e-03
713031680,9701233,8556380160,26122307,-6.551347e-02,-2.836616e-02,1.239809e-06,2.876946e-06,2.989392e-04,4.044695e-03
713293824,9701322,8559525888,26131918,-6.544067e-02,-2.836616e-02,1.082988e-06,2.876959e-06,2.611272e-04,4.044712e-03
713555968,9701791,8562671616,26141674,-6.546658e-02,-2.836441e-02,1.137578e-06,2.871016e-06,2.742896e-04,4.036357e-03
713818112,9703436,8565817344,26151278,-6.547180e-02,-2.830073e-02,1.148746e-06,2.659277e-06,2.769825e-04,3.738674e-03
714080256,9703782,8568963072,26160945,-6.547312e-02,-2.826875e-02,1.151591e-06,2.556017e-06,2.776684e-04,3.593501e-03
714342400,9704328,8572108800,26170444,-6.550369e-02,-2.822953e-02,1.218135e-06,2.432126e-06,2.937134e-04,3.419323e-03
714604544,9705569,8575254528,26180140,-6.551107e-02,-2.818561e-02,1.234472e-06,2.297074e-06,2.976524e-04,3.229453e-03
714866688,9706211,8578400256,26189803,-6.548634e-02,-2.821959e-02,1.180133e-06,2.401224e-06,2.845504e-04,3.375878e-03
715128832,9707543,8581545984,26199380,-6.554509e-02,-2.829594e-02,1.311225e-06,2.643688e-06,3.161588e-04,3.716756e-03
715390976,9708274,8584691712,26209339,-6.547981e-02,-2.831879e-02,1.165979e-06,2.718518e-06,2.811377e-04,3.821961e-03
715653120,9708935,8587837440,26218845,-6.548670e-02,-2.837778e-02,1.180910e-06,2.916510e-06,2.847378e-04,4.100317e-03
715915264,9710022,8590983168,26228650,-6.547352e-02,-2.836382e-02,1.152439e-06,2.869028e-06,2.778728e-04,4.033563e-03
716177408,9710235,8594128896,26238487,-6.551394e-02,-2.840683e-02,1.240854e-06,3.016588e-06,2.991913e-04,4.241017e-03
716439552,9711056,8597274624,26248116,-6.551912e-02,-2.841805e-02,1.252434e-06,3.055671e-06,3.019834e-04,4.295963e-03
716701696,9711142,8600420352,26257616,-6.551979e-02,-2.843644e-02,1.253935e-06,3.120322e-06,3.023454e-04,4.386856e-03
716963840,9711185,8603566080,26267085,-6.550988e-02,-2.845517e-02,1.231824e-06,3.186826e-06,2.970140e-04,4.480354e-03
717225984,9713040,8606711808,26276560,-6.552873e-02,-2.847358e-02,1.274022e-06,3.252917e-06,3.071886e-04,4.573271e-03
717488128,9713209,8609857536,26285962,-6.557777e-02,-2.854211e-02,1.387131e-06,3.504814e-06,3.344613e-04,4.927413e-03
717750272,9714835,8613003264,26295465,-6.560303e-02,-2.850844e-02,1.447282e-06,3.379869e-06,3.489646e-04,4.751753e-03
718012416,9717641,8616148992,26305197,-6.558716e-02,-2.850323e-02,1.409350e-06,3.360720e-06,3.398187e-04,4.724830e-03
718274560,9718663,8619294720,26314898,-6.558766e-02,-2.854458e-02,1.410536e-06,3.514054e-06,3.401045e-04,4.940403e-03
718536704,9720188,8622440448,26324480,-6.567902e-02,-2.857556e-02,1.635889e-06,3.631154e-06,3.944410e-04,5.105034e-03
718798848,9723821,8625586176,26334058,-6.570633e-02,-2.857702e-02,1.706485e-06,3.636743e-06,4.114631e-04,5.112891e-03
719060992,9728716,8628731904,26343666,-6.572254e-02,-2.858961e-02,1.749106e-06,3.684911e-06,4.217395e-04,5.180612e-03
719323136,9732089,8631877632,26353427,-6.569337e-02,-2.861061e-02,1.672802e-06,3.765967e-06,4.033415e-04,5.294567e-03
719585280,9741183,8635023360,26363183,-6.573172e-02,-2.859521e-02,1.773470e-06,3.706432e-06,4.276141e-04,5.210867e-03
719847424,9762063,8638169088,26372888,-6.572151e-02,-2.858579e-02,1.746387e-06,3.670259e-06,4.210841e-04,5.160012e-03
720109568,9766231,8641314816,26382610,-6.574872e-02,-2.853549e-02,1.819043e-06,3.480065e-06,4.386026e-04,4.892618e-03
720371712,9776373,8644460544,26392079,-6.574330e-02,-2.852513e-02,1.804461e-06,3.441526e-06,4.350868e-04,4.838436e-03
720633856,9789025,8647606272,26401785,-6.577006e-02,-2.851616e-02,1.877057e-06,3.408310e-06,4.525909e-04,4.791738e-03
720896000,9817418,8650752000,26411473,-6.578615e-02,-2.852485e-02,1.921393e-06,3.440462e-06,4.632810e-04,4.836940e-03
721158144,9823932,8653897728,26421025,-6.581537e-02,-2.854428e-02,2.003256e-06,3.512930e-06,4.830196e-04,4.938823e-03
721420288,9853754,8657043456,26430631,-6.583455e-02,-2.855731e-02,2.057933e-06,3.561926e-06,4.962030e-04,5.007707e-03
721682432,9855031,8660189184,26439920,-6.584518e-02,-2.851778e-02,2.088550e-06,3.414275e-06,5.035854e-04,4.800124e-03
721944576,9855355,8663334912,26449367,-6.584863e-02,-2.853939e-02,2.098533e-06,3.494639e-06,5.059923e-04,4.913108e-03
722206720,9855622,8666480640,26458973,-6.585696e-02,-2.852510e-02,2.122714e-06,3.441415e-06,5.118228e-04,4.838280e-03
722468864,9855772,8669626368,26468650,-6.581198e-02,-2.844230e-02,1.993693e-06,3.141045e-06,4.807136e-04,4.415991e-03
722731008,9856084,8672772096,26478148,-6.581537e-02,-2.841470e-02,2.003256e-06,3.043987e-06,4.830196e-04,4.279537e-03
722993152,9856178,8675917824,26487718,-6.584289e-02,-2.847098e-02,2.081923e-06,3.243531e-06,5.019874e-04,4.560074e-03
723255296,9856763,8679063552,26497239,-6.579753e-02,-2.847921e-02,1.953084e-06,3.273233e-06,4.709221e-04,4.601833e-03
723517440,9857818,8682209280,26506979,-6.584926e-02,-2.853065e-02,2.100346e-06,3.462019e-06,5.064297e-04,4.867248e-03
723779584,9857916,8685355008,26516353,-6.583060e-02,-2.857983e-02,2.046619e-06,3.647456e-06,4.934751e-04,5.127954e-03
724041728,9857925,8688500736,26525970,-6.586269e-02,-2.856008e-02,2.139442e-06,3.572410e-06,5.158563e-04,5.022446e-03
724303872,9858074,8691646464,26535496,-6.582377e-02,-2.857391e-02,2.027117e-06,3.624867e-06,4.887729e-04,5.096195e-03
724566016,9858272,8694792192,26545068,-6.585941e-02,-2.856849e-02,2.129862e-06,3.604264e-06,5.135465e-04,5.067229e-03
724828160,9858323,8697937920,26554498,-6.583060e-02,-2.855244e-02,2.046598e-06,3.543585e-06,4.934699e-04,4.981921e-03
725090304,9858590,8701083648,26564254,-6.579676e-02,-2.858311e-02,1.950939e-06,3.659982e-06,4.704051e-04,5.145563e-03
725352448,9858980,8704229376,26573964,-6.575596e-02,-2.860557e-02,1.838610e-06,3.746444e-06,4.433205e-04,5.267120e-03
725614592,9859022,8707375104,26583470,-6.576471e-02,-2.861125e-02,1.862428e-06,3.768469e-06,4.490634e-04,5.298084e-03
725876736,9859388,8710520832,26592958,-6.574503e-02,-2.859668e-02,1.809088e-06,3.712093e-06,4.362024e-04,5.218826e-03
726138880,9859582,8713666560,26602503,-6.577460e-02,-2.858849e-02,1.889532e-06,3.680608e-06,4.555986e-04,5.174561e-03
726401024,9859612,8716812288,26612346,-6.579335e-02,-2.859334e-02,1.941419e-06,3.699220e-06,4.681095e-04,5.200729e-03
726663168,9859684,8719958016,26621754,-6.577569e-02,-2.858120e-02,1.892503e-06,3.652681e-06,4.563150e-04,5.135298e-03
726925312,9859802,8723103744,26631188,-6.576495e-02,-2.858347e-02,1.863079e-06,3.661386e-06,4.492204e-04,5.147538e-03
727187456,9859973,8726249472,26641108,-6.576660e-02,-2.854657e-02,1.867576e-06,3.521530e-06,4.503048e-04,4.950914e-03
727449600,9860283,8729395200,26650507,-6.581320e-02,-2.855186e-02,1.997124e-06,3.541412e-06,4.815410e-04,4.978866e-03
727711744,9860388,8732540928,26660276,-6.581388e-02,-2.857731e-02,1.999041e-06,3.637815e-06,4.820031e-04,5.114400e-03
727973888,9860578,8735686656,26669846,-6.581008e-02,-2.857458e-02,1.988331e-06,3.627435e-06,4.794209e-04,5.099805e-03
728236032,9860834,8738832384,26679224,-6.584539e-02,-2.856286e-02,2.089132e-06,3.582909e-06,5.037256e-04,5.037206e-03
728498176,9860953,8741978112,26688774,-6.585696e-02,-2.855747e-02,2.122735e-06,3.562538e-06,5.118281e-04,5.008566e-03
728760320,9861581,8745123840,26698219,-6.586325e-02,-2.855809e-02,2.141099e-06,3.564901e-06,5.162558e-04,5.011889e-03
729022464,9861688,8748269568,26707963,-6.590439e-02,-2.852597e-02,2.263194e-06,3.444629e-06,5.456950e-04,4.842800e-03
729284608,9862517,8751415296,26717638,-6.588317e-02,-2.852026e-02,2.199800e-06,3.423471e-06,5.304096e-04,4.813052e-03
729546752,9864015,8754561024,26727297,-6.584153e-02,-2.853958e-02,2.077990e-06,3.495322e-06,5.010391e-04,4.914068e-03
729808896,9864080,8757706752,26736967,-6.589013e-02,-2.849150e-02,2.220468e-06,3.317880e-06,5.353931e-04,4.664603e-03
730071040,9864767,8760852480,26746514,-6.590623e-02,-2.852557e-02,2.268712e-06,3.443150e-06,5.470255e-04,4.840720e-03
730333184,9865375,8763998208,26755776,-6.591281e-02,-2.854301e-02,2.288573e-06,3.508169e-06,5.518144e-04,4.932130e-03
730595328,9865377,8767143936,26765084,-6.590860e-02,-2.858777e-02,2.275855e-06,3.677849e-06,5.487477e-04,5.170683e-03
730857472,9865412,8770289664,26774794,-6.586453e-02,-2.857439e-02,2.144829e-06,3.626718e-06,5.171552e-04,5.098797e-03
731119616,9865678,8773435392,26784492,-6.585454e-02,-2.851151e-02,2.115685e-06,3.391179e-06,5.101282e-04,4.767654e-03
731381760,9866003,8776581120,26793868,-6.586952e-02,-2.853771e-02,2.159475e-06,3.488339e-06,5.206867e-04,4.904252e-03
731643904,9866027,8779726848,26803548,-6.588629e-02,-2.853184e-02,2.209048e-06,3.466450e-06,5.326394e-04,4.873477e-03
731906048,9866208,8782872576,26812986,-6.586366e-02,-2.848255e-02,2.142298e-06,3.285349e-06,5.165450e-04,4.618867e-03
732168192,9866305,8786018304,26822401,-6.580784e-02,-2.847879e-02,1.982012e-06,3.271730e-06,4.778971e-04,4.599720e-03
732430336,9866361,8789164032,26832077,-6.583856e-02,-2.843214e-02,2.069449e-06,3.105126e-06,4.989799e-04,4.365493e-03
732692480,9870218,8792309760,26841700,-6.575181e-02,-2.845599e-02,1.827393e-06,3.189760e-06,4.406159e-04,4.484479e-03
732954624,9870660,8795455488,26851506,-6.574673e-02,-2.844079e-02,1.813681e-06,3.135686e-06,4.373097e-04,4.408457e-03
733216768,9873051,8798601216,26861356,-6.570110e-02,-2.844619e-02,1.692867e-06,3.154859e-06,4.081795e-04,4.435413e-03
733478912,9876821,8801746944,26870810,-6.573284e-02,-2.846280e-02,1.776447e-06,3.214151e-06,4.283321e-04,4.518770e-03
733741056,9883842,8804892672,26880297,-6.570524e-02,-2.844491e-02,1.703645e-06,3.150295e-06,4.107781e-04,4.428996e-03
734003200,9888542,8808038400,26889672,-6.572170e-02,-2.844385e-02,1.746880e-06,3.146561e-06,4.212028e-04,4.423745e-03
734265344,9890418,8811184128,26899408,-6.570203e-02,-2.841417e-02,1.695272e-06,3.042148e-06,4.087593e-04,4.276951e-03
734527488,9890476,8814329856,26908820,-6.572571e-02,-2.840137e-02,1.757511e-06,2.997628e-06,4.237662e-04,4.214361e-03
734789632,9901066,8817475584,26918445,-6.570026e-02,-2.843017e-02,1.690677e-06,3.098185e-06,4.076514e-04,4.355733e-03
735051776,9903796,8820621312,26928114,-6.572077e-02,-2.849343e-02,1.744438e-06,3.324907e-06,4.206141e-04,4.674482e-03
735313920,9915484,8823767040,26937927,-6.566509e-02,-2.851974e-02,1.600443e-06,3.421555e-06,3.858944e-04,4.810358e-03
735576064,9925400,8826912768,26947147,-6.568461e-02,-2.849833e-02,1.650214e-06,3.342810e-06,3.978951e-04,4.699651e-03
735838208,9931596,8830058496,26956659,-6.572470e-02,-2.854904e-02,1.754826e-06,3.530792e-06,4.231187e-04,4.963935e-03
736100352,9952608,8833204224,26966364,-6.572165e-02,-2.853829e-02,1.746761e-06,3.490504e-06,4.211743e-04,4.907294e-03
736362496,9981206,8836349952,26975973,-6.571611e-02,-2.855255e-02,1.732140e-06,3.543992e-06,4.176488e-04,4.982493e-03
736624640,9994426,8839495680,26985777,-6.575696e-02,-2.852370e-02,1.841339e-06,3.436193e-06,4.439785e-04,4.830939e-03
736886784,10014831,8842641408,26995461,-6.578003e-02,-2.852129e-02,1.904473e-06,3.427276e-06,4.592012e-04,4.818403e-03
737148928,10022952,8845787136,27005099,-6.581002e-02,-2.851768e-02,1.988163e-06,3.413931e-06,4.793804e-04,4.799640e-03
737411072,10023770,8848932864,27014741,-6.576241e-02,-2.847782e-02,1.856149e-06,3.268200e-06,4.475495e-04,4.594757e-03
737673216,10025053,8852078592,27024457,-6.576073e-02,-2.844259e-02,1.851584e-06,3.142075e-06,4.464489e-04,4.417439e-03
737935360,10038959,8855224320,27034145,-6.575376e-02,-2.845740e-02,1.832654e-06,3.194792e-06,4.418845e-04,4.491552e-03
738197504,10088956,8858370048,27043683,-6.580705e-02,-2.848352e-02,1.979789e-06,3.288861e-06,4.773611e-04,4.623804e-03
738459648,10131599,8861515776,27053154,-6.577361e-02,-2.846923e-02,1.886788e-06,3.237214e-06,4.549370e-04,4.551194e-03
738721792,10132578,8864661504,27062739,-6.579538e-02,-2.847122e-02,1.947091e-06,3.244389e-06,4.694771e-04,4.561282e-03
738983936,10135558,8867807232,27072273,-6.578040e-02,-2.845311e-02,1.905501e-06,3.179469e-06,4.594491e-04,4.470010e-03
739246080,10136191,8870952960,27081814,-6.574105e-02,-2.845523e-02,1.798401e-06,3.187046e-06,4.336256e-04,4.480663e-03
739508224,10136541,8874098688,27091421,-6.572118e-02,-2.846409e-02,1.745521e-06,3.218774e-06,4.208752e-04,4.525269e-03
739770368,10137490,8877244416,27100695,-6.570030e-02,-2.852378e-02,1.690774e-06,3.436490e-06,4.076747e-04,4.831356e-03
740032512,10137580,8880390144,27110349,-6.567989e-02,-2.846657e-02,1.638101e-06,3.227669e-06,3.949743e-04,4.537776e-03
740294656,10137874,8883535872,27120036,-6.568022e-02,-2.842240e-02,1.638959e-06,3.070908e-06,3.951812e-04,4.317386e-03
740556800,10137956,8886681600,27129829,-6.569881e-02,-2.847244e-02,1.686901e-06,3.248799e-06,4.067409e-04,4.567483e-03
740818944,10138219,8889827328,27139156,-6.567477e-02,-2.851349e-02,1.625044e-06,3.398441e-06,3.918260e-04,4.777862e-03
741081088,10139203,8892973056,27148921,-6.570083e-02,-2.850072e-02,1.692150e-06,3.351540e-06,4.080065e-04,4.711926e-03
741343232,10139522,8896118784,27158449,-6.562862e-02,-2.847854e-02,1.509496e-06,3.270827e-06,3.639656e-04,4.598450e-03
741605376,10139555,8899264512,27168313,-6.560951e-02,-2.849146e-02,1.462902e-06,3.317731e-06,3.527309e-04,4.664393e-03
741867520,10139938,8902410240,27177746,-6.554449e-02,-2.840627e-02,1.309843e-06,3.014622e-06,3.158257e-04,4.238253e-03
742129664,10140030,8905555968,27187282,-6.553788e-02,-2.840476e-02,1.294760e-06,3.009384e-06,3.121888e-04,4.230889e-03
742391808,10140080,8908701696,27197027,-6.552590e-02,-2.842173e-02,1.267655e-06,3.068565e-06,3.056535e-04,4.314091e-03
742653952,10140098,8911847424,27206557,-6.548788e-02,-2.842507e-02,1.183486e-06,3.080277e-06,2.853590e-04,4.330557e-03
742916096,10140492,8914993152,27216093,-6.551138e-02,-2.840281e-02,1.235167e-06,3.002629e-06,2.978201e-04,4.221391e-03
743178240,10140625,8918138880,27225765,-6.554770e-02,-2.841746e-02,1.317221e-06,3.053633e-06,3.176046e-04,4.293098e-03
743440384,10140827,8921284608,27235473,-6.556409e-02,-2.841719e-02,1.355097e-06,3.052683e-06,3.267372e-04,4.291762e-03
743702528,10141093,8924430336,27244951,-6.560057e-02,-2.845177e-02,1.441354e-06,3.174701e-06,3.475354e-04,4.463308e-03
743964672,10141409,8927576064,27254461,-6.554687e-02,-2.842595e-02,1.315306e-06,3.083377e-06,3.171429e-04,4.334915e-03
744226816,10141424,8930721792,27263981,-6.560913e-02,-2.850696e-02,1.461983e-06,3.374406e-06,3.525093e-04,4.744072e-03
744488960,10141706,8933867520,27273532,-6.564879e-02,-2.851078e-02,1.559481e-06,3.388490e-06,3.760178e-04,4.763873e-03
744751104,10141753,8937013248,27283212,-6.561292e-02,-2.849477e-02,1.471168e-06,3.329786e-06,3.547240e-04,4.681341e-03
745013248,10141812,8940158976,27292785,-6.558914e-02,-2.851574e-02,1.414042e-06,3.406776e-06,3.409499e-04,4.789582e-03
745275392,10141821,8943304704,27302300,-6.557392e-02,-2.852680e-02,1.378073e-06,3.447721e-06,3.322771e-04,4.847146e-03
745537536,10142252,8946450432,27311649,-6.556822e-02,-2.853088e-02,1.364741e-06,3.462886e-06,3.290625e-04,4.868466e-03
745799680,10142445,8949596160,27321364,-6.555967e-02,-2.850607e-02,1.344830e-06,3.371142e-06,3.242616e-04,4.739484e-03
746061824,10142473,8952741888,27331047,-6.554975e-02,-2.848850e-02,1.321911e-06,3.306930e-06,3.187354e-04,4.649209e-03
746323968,10142522,8955887616,27340564,-6.553826e-02,-2.850611e-02,1.295624e-06,3.371313e-06,3.123974e-04,4.739725e-03
746586112,10142530,8959033344,27349897,-6.551293e-02,-2.854012e-02,1.238598e-06,3.497363e-06,2.986472e-04,4.916937e-03
746848256,10142651,8962179072,27359583,-6.554030e-02,-2.848664e-02,1.300276e-06,3.300173e-06,3.135190e-04,4.639708e-03
747110400,10143283,8965324800,27369061,-6.555139e-02,-2.846550e-02,1.325683e-06,3.223835e-06,3.196449e-04,4.532385e-03
747372544,10144688,8968470528,27378690,-6.550352e-02,-2.846701e-02,1.217757e-06,3.229249e-06,2.936223e-04,4.539996e-03
747634688,10145246,8971616256,27388306,-6.550007e-02,-2.842656e-02,1.210156e-06,3.085490e-06,2.917894e-04,4.337886e-03
747896832,10145653,8974761984,27397875,-6.548165e-02,-2.843953e-02,1.169957e-06,3.131255e-06,2.820968e-04,4.402226e-03
748158976,10147134,8977907712,27407426,-6.549911e-02,-2.838206e-02,1.208042e-06,2.931135e-06,2.912797e-04,4.120879e-03
748421120,10147525,8981053440,27417239,-6.554203e-02,-2.839955e-02,1.304221e-06,2.991336e-06,3.144702e-04,4.205515e-03
748683264,10148712,8984199168,27426710,-6.554958e-02,-2.836520e-02,1.321534e-06,2.873718e-06,3.186446e-04,4.040156e-03
748945408,10149622,8987344896,27436367,-6.551933e-02,-2.837219e-02,1.252884e-06,2.897436e-06,3.020919e-04,4.073502e-03
749207552,10150203,8990490624,27446004,-6.546385e-02,-2.837974e-02,1.131768e-06,2.923207e-06,2.728888e-04,4.109731e-03
749469696,10151726,8993636352,27455545,-6.544475e-02,-2.838903e-02,1.091503e-06,2.955082e-06,2.631802e-04,4.154545e-03
749731840,10152003,8996782080,27465024,-6.546698e-02,-2.837927e-02,1.138436e-06,2.921595e-06,2.744966e-04,4.107467e-03
749993984,10152285,8999927808,27474732,-6.551702e-02,-2.834603e-02,1.247719e-06,2.809091e-06,3.008465e-04,3.949296e-03
750256128,10152490,9003073536,27484363,-6.552842e-02,-2.833392e-02,1.273315e-06,2.768647e-06,3.070183e-04,3.892437e-03
750518272,10152626,9006219264,27494148,-6.550097e-02,-2.834404e-02,1.212124e-06,2.802426e-06,2.922638e-04,3.939927e-03
750780416,10154394,9009364992,27503896,-6.553398e-02,-2.830903e-02,1.285907e-06,2.686416e-06,3.100543e-04,3.776828e-03
751042560,10155280,9012510720,27513211,-6.550100e-02,-2.828516e-02,1.212189e-06,2.608733e-06,2.922797e-04,3.667614e-03
751304704,10156343,9015656448,27522603,-6.550124e-02,-2.826600e-02,1.212714e-06,2.547222e-06,2.924063e-04,3.581136e-03
751566848,10158944,9018802176,27532069,-6.551043e-02,-2.817589e-02,1.233048e-06,2.267702e-06,2.973092e-04,3.188159e-03
751828992,10160147,9021947904,27541853,-6.550254e-02,-2.816314e-02,1.215588e-06,2.229481e-06,2.930991e-04,3.134425e-03
752091136,10161734,9025093632,27551579,-6.545854e-02,-2.813275e-02,1.120494e-06,2.139627e-06,2.701704e-04,3.008098e-03
752353280,10165358,9028239360,27561085,-6.543414e-02,-2.812511e-02,1.069447e-06,2.117344e-06,2.578621e-04,2.976771e-03
752615424,10170104,9031385088,27570555,-6.543750e-02,-2.814993e-02,1.076392e-06,2.190191e-06,2.595368e-04,3.079186e-03
752877568,10173350,9034530816,27580192,-6.542601e-02,-2.816154e-02,1.052701e-06,2.224689e-06,2.538243e-04,3.127687e-03
753139712,10182517,9037676544,27589660,-6.536300e-02,-2.821593e-02,9.273593e-07,2.389912e-06,2.236023e-04,3.359974e-03
753401856,10203470,9040822272,27599425,-6.535245e-02,-2.818961e-02,9.071656e-07,2.309218e-06,2.187333e-04,3.246526e-03
753664000,10207609,9043968000,27609070,-6.537741e-02,-2.819951e-02,9.553194e-07,2.339404e-06,2.303440e-04,3.288965e-03
753926144,10221073,9047113728,27618682,-6.534961e-02,-2.822617e-02,9.017521e-07,2.421663e-06,2.174280e-04,3.404612e-03
754188288,10230433,9050259456,27628217,-6.530796e-02,-2.818822e-02,8.243869e-07,2.305002e-06,1.987739e-04,3.240600e-03
754450432,10258834,9053405184,27637710,-6.530198e-02,-2.812680e-02,8.135584e-07,2.122280e-06,1.961629e-04,2.983710e-03
754712576,10265481,9056550912,27647071,-6.526434e-02,-2.813346e-02,7.470869e-07,2.141725e-06,1.801355e-04,3.011049e-03
754974720,10302367,9059696640,27656711,-6.525812e-02,-2.806760e-02,7.363582e-07,1.953277e-06,1.775487e-04,2.746109e-03
755236864,10303769,9062842368,27666157,-6.523899e-02,-2.801715e-02,7.039001e-07,1.814815e-06,1.697224e-04,2.551446e-03
755499008,10303966,9065988096,27675932,-6.521076e-02,-2.800278e-02,6.573273e-07,1.776299e-06,1.584929e-04,2.497296e-03
755761152,10304531,9069133824,27685445,-6.521649e-02,-2.799586e-02,6.666506e-07,1.757901e-06,1.607410e-04,2.471431e-03
756023296,10304629,9072279552,27695026,-6.522454e-02,-2.800558e-02,6.798553e-07,1.783784e-06,1.639248e-04,2.507819e-03
756285440,10304749,9075425280,27704705,-6.525443e-02,-2.804441e-02,7.300550e-07,1.889004e-06,1.760288e-04,2.655748e-03
756547584,10304904,9078571008,27714296,-6.524455e-02,-2.809159e-02,7.132574e-07,2.020927e-06,1.719786e-04,2.841219e-03
756809728,10305468,9081716736,27723878,-6.522439e-02,-2.809149e-02,6.796219e-07,2.020625e-06,1.638685e-04,2.840794e-03
757071872,10306555,9084862464,27733676,-6.521345e-02,-2.811757e-02,6.616959e-07,2.095452e-06,1.595463e-04,2.945993e-03
757334016,10306760,9088008192,27743131,-6.522375e-02,-2.811213e-02,6.785659e-07,2.079741e-06,1.636139e-04,2.923904e-03
757596160,10306881,9091153920,27752760,-6.520656e-02,-2.813335e-02,6.505433e-07,2.141404e-06,1.568572e-04,3.010597e-03
757858304,10306952,9094299648,27762558,-6.520494e-02,-2.814448e-02,6.479258e-07,2.174105e-06,1.562261e-04,3.056572e-03
758120448,10307081,9097445376,27772210,-6.523175e-02,-2.809351e-02,6.918007e-07,2.026391e-06,1.668051e-04,2.848900e-03
758382592,10307188,9100591104,27781818,-6.517462e-02,-2.805074e-02,6.000276e-07,1.906442e-06,1.446770e-04,2.680264e-03
758644736,10307227,9103736832,27791344,-6.517638e-02,-2.809740e-02,6.027548e-07,2.037478e-06,1.453346e-04,2.864488e-03
758906880,10307828,9106882560,27801163,-6.516308e-02,-2.803230e-02,5.822812e-07,1.855850e-06,1.403980e-04,2.609137e-03
759169024,10308392,9110028288,27810671,-6.517663e-02,-2.805203e-02,6.031482e-07,1.910014e-06,1.454294e-04,2.685285e-03
759431168,10308597,9113174016,27820128,-6.517691e-02,-2.807079e-02,6.035880e-07,1.962216e-06,1.455355e-04,2.758676e-03
759693312,10308623,9116319744,27829807,-6.517883e-02,-2.805617e-02,6.065670e-07,1.921481e-06,1.462537e-04,2.701407e-03
759955456,10308624,9119465472,27839389,-6.512592e-02,-2.808581e-02,5.269562e-07,2.004506e-06,1.270582e-04,2.818133e-03
760217600,10308657,9122611200,27849059,-6.510848e-02,-2.808381e-02,5.019378e-07,1.998862e-06,1.210259e-04,2.810196e-03
760479744,10308736,9125756928,27858715,-6.513302e-02,-2.811285e-02,5.373153e-07,2.081820e-06,1.295560e-04,2.926829e-03
760741888,10309260,9128902656,27868287,-6.514718e-02,-2.812440e-02,5.582691e-07,2.115290e-06,1.346083e-04,2.973883e-03
761004032,10309422,9132048384,27877701,-6.520308e-02,-2.809455e-02,6.449307e-07,2.029346e-06,1.555039e-04,2.853054e-03
761266176,10309561,9135194112,27887437,-6.519525e-02,-2.802501e-02,6.324149e-07,1.836055e-06,1.524861e-04,2.581307e-03
761528320,10309829,9138339840,27897069,-6.518369e-02,-2.796051e-02,6.141689e-07,1.665420e-06,1.480867e-04,2.341411e-03
761790464,10309902,9141485568,27906981,-6.514959e-02,-2.791598e-02,5.618822e-07,1.552464e-06,1.354795e-04,2.182607e-03
762052608,10310498,9144631296,27916492,-6.513597e-02,-2.789986e-02,5.416494e-07,1.512551e-06,1.306010e-04,2.126493e-03
762314752,10310639,9147777024,27925996,-6.512307e-02,-2.788937e-02,5.228322e-07,1.486876e-06,1.260639e-04,2.090396e-03
762576896,10311426,9150922752,27935736,-6.513885e-02,-2.786312e-02,5.458909e-07,1.423525e-06,1.316237e-04,2.001331e-03
762839040,10313029,9154068480,27945325,-6.514648e-02,-2.788171e-02,5.572230e-07,1.468237e-06,1.343560e-04,2.064193e-03
763101184,10313109,9157214208,27954872,-6.512433e-02,-2.790783e-02,5.246548e-07,1.532228e-06,1.265033e-04,2.154157e-03
763363328,10313637,9160359936,27964726,-6.513636e-02,-2.793006e-02,5.422198e-07,1.587744e-06,1.307386e-04,2.232207e-03
763625472,10314127,9163505664,27974175,-6.512713e-02,-2.793315e-02,5.287101e-07,1.595560e-06,1.274811e-04,2.243195e-03
763887616,10314145,9166651392,27983870,-6.513455e-02,-2.793197e-02,5.395568e-07,1.592573e-06,1.300964e-04,2.238996e-03
764149760,10314536,9169797120,27993708,-6.515539e-02,-2.793915e-02,5.706058e-07,1.610753e-06,1.375829e-04,2.264554e-03
764411904,10314633,9172942848,28003318,-6.516390e-02,-2.796232e-02,5.835327e-07,1.670086e-06,1.406998e-04,2.347972e-03
764674048,10314821,9176088576,28012689,-6.508168e-02,-2.798964e-02,4.646821e-07,1.741448e-06,1.120429e-04,2.448299e-03
764936192,10314922,9179234304,28022279,-6.507713e-02,-2.799087e-02,4.584965e-07,1.744689e-06,1.105514e-04,2.452856e-03
765198336,10314944,9182380032,28032059,-6.509325e-02,-2.797027e-02,4.805910e-07,1.690692e-06,1.158788e-04,2.376941e-03
765460480,10315433,9185525760,28041541,-6.505313e-02,-2.800731e-02,4.265727e-07,1.788404e-06,1.028540e-04,2.514314e-03
765722624,10315614,9188671488,28050951,-6.505583e-02,-2.798111e-02,4.301129e-07,1.719005e-06,1.037076e-04,2.416747e-03
765984768,10318663,9191817216,28060688,-6.505498e-02,-2.796006e-02,4.289995e-07,1.664266e-06,1.034392e-04,2.339789e-03
766246912,10319526,9194962944,28070254,-6.505400e-02,-2.798894e-02,4.277122e-07,1.739605e-06,1.031288e-04,2.445708e-03
766509056,10319592,9198108672,28079984,-6.511546e-02,-2.801427e-02,5.118786e-07,1.807065e-06,1.234227e-04,2.540549e-03
766771200,10321997,9201254400,28089371,-6.513003e-02,-2.795543e-02,5.329333e-07,1.652321e-06,1.284994e-04,2.322996e-03
767033344,10325757,9204400128,28099079,-6.510818e-02,-2.798582e-02,5.015156e-07,1.731395e-06,1.209241e-04,2.434165e-03
767295488,10330240,9207545856,28109010,-6.514382e-02,-2.799139e-02,5.532590e-07,1.746077e-06,1.334003e-04,2.454807e-03
767557632,10332864,9210691584,28118645,-6.514470e-02,-2.797232e-02,5.545676e-07,1.696029e-06,1.337158e-04,2.384445e-03
767819776,10339306,9213837312,28128299,-6.518151e-02,-2.798005e-02,6.107521e-07,1.716237e-06,1.472629e-04,2.412855e-03
768081920,10344136,9216983040,28138168,-6.524643e-02,-2.799234e-02,7.164448e-07,1.748579e-06,1.727472e-04,2.458324e-03
768344064,10351867,9220128768,28147731,-6.528873e-02,-2.797842e-02,7.898367e-07,1.711965e-06,1.904432e-04,2.406849e-03
768606208,10352724,9223274496,28157669,-6.523677e-02,-2.799664e-02,7.001794e-07,1.759967e-06,1.688253e-04,2.474335e-03
768868352,10364694,9226420224,28167212,-6.524730e-02,-2.803027e-02,7.179087e-07,1.850348e-06,1.731002e-04,2.601401e-03
769130496,10375250,9229565952,28176750,-6.528343e-02,-2.805837e-02,7.804358e-07,1.927584e-06,1.881765e-04,2.709988e-03
769392640,10380372,9232711680,28186311,-6.531035e-02,-2.800553e-02,8.287357e-07,1.783634e-06,1.998224e-04,2.507609e-03
769654784,10401319,9235857408,28195958,-6.524134e-02,-2.798822e-02,7.078437e-07,1.737694e-06,1.706733e-04,2.443022e-03
769916928,10430263,9239003136,28205600,-6.520808e-02,-2.799598e-02,6.529853e-07,1.758227e-06,1.574460e-04,2.471890e-03
770179072,10445171,9242148864,28215427,-6.516568e-02,-2.795627e-02,5.862564e-07,1.654496e-06,1.413565e-04,2.326053e-03
770441216,10463684,9245294592,28225107,-6.513235e-02,-2.796706e-02,5.363327e-07,1.682366e-06,1.293190e-04,2.365235e-03
770703360,10471834,9248440320,28234741,-6.509244e-02,-2.791734e-02,4.794657e-07,1.555859e-06,1.156074e-04,2.187380e-03
770965504,10472297,9251586048,28244351,-6.509583e-02,-2.792980e-02,4.841823e-07,1.587101e-06,1.167447e-04,2.231303e-03
771227648,10473918,9254731776,28253980,-6.513799e-02,-2.793789e-02,5.446255e-07,1.607553e-06,1.313186e-04,2.260057e-03
771489792,10495116,9257877504,28263458,-6.510790e-02,-2.787752e-02,5.011147e-07,1.458098e-06,1.208274e-04,2.049939e-03
771751936,10537744,9261023232,28273103,-6.510507e-02,-2.789144e-02,4.971143e-07,1.491917e-06,1.198628e-04,2.097484e-03
772014080,10573185,9264168960,28282737,-6.503794e-02,-2.786211e-02,4.069593e-07,1.421117e-06,9.812490e-05,1.997946e-03
772276224,10573966,9267314688,28292314,-6.503524e-02,-2.792726e-02,4.035254e-07,1.580711e-06,9.729693e-05,2.222318e-03
772538368,10577356,9270460416,28301785,-6.500638e-02,-2.789682e-02,3.676972e-07,1.505078e-06,8.865813e-05,2.115987e-03
772800512,10577951,9273606144,28311555,-6.502545e-02,-2.794264e-02,3.911832e-07,1.619625e-06,9.432102e-05,2.277029e-03
773062656,10578421,9276751872,28320976,-6.501953e-02,-2.788956e-02,3.838090e-07,1.487316e-06,9.254296e-05,2.091016e-03
773324800,10579327,9279897600,28330557,-6.498128e-02,-2.789330e-02,3.378858e-07,1.496453e-06,8.147008e-05,2.103861e-03
773586944,10579402,9283043328,28340367,-6.498515e-02,-2.791510e-02,3.423961e-07,1.550274e-06,8.255761e-05,2.179528e-03
773849088,10579475,9286189056,28349913,-6.501560e-02,-2.797655e-02,3.789594e-07,1.707065e-06,9.137364e-05,2.399960e-03
774111232,10579648,9289334784,28359520,-6.501257e-02,-2.797390e-02,3.752442e-07,1.700150e-06,9.047786e-05,2.390239e-03
774373376,10580166,9292480512,28368884,-6.499089e-02,-2.793252e-02,3.491517e-07,1.593970e-06,8.418650e-05,2.240960e-03
774635520,10581070,9295626240,28378492,-6.499523e-02,-2.793419e-02,3.542951e-07,1.598172e-06,8.542663e-05,2.246868e-03
774897664,10581345,9298771968,28388157,-6.498518e-02,-2.795978e-02,3.424310e-07,1.663531e-06,8.256602e-05,2.338755e-03
775159808,10581364,9301917696,28397960,-6.503872e-02,-2.798238e-02,4.079580e-07,1.722353e-06,9.836570e-05,2.421453e-03
775421952,10581833,9305063424,28407717,-6.503011e-02,-2.798095e-02,3.970393e-07,1.718585e-06,9.573300e-05,2.416157e-03
775684096,10581907,9308209152,28417268,-6.499751e-02,-2.798289e-02,3.570143e-07,1.723668e-06,8.608231e-05,2.423303e-03
775946240,10581932,9311354880,28427003,-6.497926e-02,-2.796002e-02,3.355339e-07,1.664165e-06,8.090300e-05,2.339647e-03
776208384,10582224,9314500608,28436398,-6.501315e-02,-2.792721e-02,3.759475e-07,1.580570e-06,9.064740e-05,2.222121e-03
776470528,10582539,9317646336,28446072,-6.505065e-02,-2.791482e-02,4.233477e-07,1.549583e-06,1.020764e-04,2.178557e-03
776732672,10582555,9320792064,28455728,-6.499466e-02,-2.799751e-02,3.536213e-07,1.762275e-06,8.526418e-05,2.477580e-03
776994816,10582723,9323937792,28465363,-6.495427e-02,-2.802399e-02,3.072081e-07,1.833300e-06,7.407317e-05,2.577434e-03
777256960,10583046,9327083520,28474998,-6.495944e-02,-2.803662e-02,3.129751e-07,1.867653e-06,7.546367e-05,2.625730e-03
777519104,10583257,9330229248,28484629,-6.496418e-02,-2.798349e-02,3.182910e-07,1.725248e-06,7.674544e-05,2.425524e-03
777781248,10583358,9333374976,28494131,-6.496741e-02,-2.800485e-02,3.219500e-07,1.781814e-06,7.762769e-05,2.505050e-03
778043392,10583523,9336520704,28503853,-6.492350e-02,-2.798371e-02,2.740446e-07,1.725840e-06,6.607686e-05,2.426357e-03
778305536,10583673,9339666432,28513481,-6.493108e-02,-2.797112e-02,2.820432e-07,1.692906e-06,6.800547e-05,2.380054e-03
778567680,10583713,9342812160,28523016,-6.495126e-02,-2.800558e-02,3.038805e-07,1.783784e-06,7.327083e-05,2.507819e-03
778829824,10583748,9345957888,28532522,-6.501476e-02,-2.797822e-02,3.779235e-07,1.711443e-06,9.112387e-05,2.406115e-03
779091968,10584245,9349103616,28542038,-6.502972e-02,-2.800287e-02,3.965418e-07,1.776557e-06,9.561305e-05,2.497659e-03
779354112,10584257,9352249344,28551488,-6.507783e-02,-2.800837e-02,4.594555e-07,1.791230e-06,1.107826e-04,2.518287e-03
779616256,10584490,9355395072,28561207,-6.508669e-02,-2.798221e-02,4.715434e-07,1.721908e-06,1.136972e-04,2.420828e-03
779878400,10584555,9358540800,28570784,-6.507976e-02,-2.795598e-02,4.620651e-07,1.653739e-06,1.114119e-04,2.324989e-03
780140544,10584621,9361686528,28580307,-6.510044e-02,-2.796101e-02,4.906113e-07,1.666703e-06,1.182948e-04,2.343216e-03
780402688,10584894,9364832256,28589912,-6.510013e-02,-2.789921e-02,4.901731e-07,1.510970e-06,1.181892e-04,2.124271e-03
780664832,10585254,9367977984,28599368,-6.509760e-02,-2.790694e-02,4.866428e-07,1.530020e-06,1.173379e-04,2.151053e-03
780926976,10586532,9371123712,28608892,-6.511229e-02,-2.789121e-02,5.073470e-07,1.491358e-06,1.223301e-04,2.096698e-03
781189120,10587325,9374269440,28618437,-6.512684e-02,-2.789401e-02,5.282984e-07,1.498199e-06,1.273818e-04,2.106315e-03
781451264,10587580,9377415168,28628064,-6.510165e-02,-2.783497e-02,4.923141e-07,1.357162e-06,1.187054e-04,1.908031e-03
781713408,10589491,9380560896,28637724,-6.510311e-02,-2.788277e-02,4.943655e-07,1.470820e-06,1.192000e-04,2.067824e-03
781975552,10589601,9383706624,28647230,-6.512947e-02,-2.786994e-02,5.321286e-07,1.439852e-06,1.283054e-04,2.024286e-03
782237696,10590486,9386852352,28656778,-6.515598e-02,-2.793495e-02,5.714954e-07,1.600109e-06,1.377974e-04,2.249590e-03
782499840,10591616,9389998080,28666236,-6.515059e-02,-2.794754e-02,5.633800e-07,1.632118e-06,1.358406e-04,2.294592e-03
782761984,10592106,9393143808,28675792,-6.514742e-02,-2.798954e-02,5.586365e-07,1.741192e-06,1.346969e-04,2.447940e-03
783024128,10593743,9396289536,28685226,-6.514958e-02,-2.798624e-02,5.618710e-07,1.732493e-06,1.354768e-04,2.435709e-03
783286272,10594055,9399435264,28694835,-6.512579e-02,-2.794305e-02,5.267724e-07,1.620659e-06,1.270139e-04,2.278482e-03
783548416,10594624,9402580992,28704346,-6.514166e-02,-2.798503e-02,5.500494e-07,1.729312e-06,1.326264e-04,2.431237e-03
783810560,10594640,9405726720,28713842,-6.510871e-02,-2.798794e-02,5.022652e-07,1.736968e-06,1.211048e-04,2.442000e-03
784072704,10594794,9408872448,28723316,-6.511068e-02,-2.796693e-02,5.050676e-07,1.682018e-06,1.217805e-04,2.364746e-03
784334848,10596256,9412018176,28732883,-6.506429e-02,-2.790538e-02,4.412763e-07,1.526156e-06,1.063993e-04,2.145621e-03
784596992,10597742,9415163904,28742543,-6.505679e-02,-2.793412e-02,4.313744e-07,1.598003e-06,1.040118e-04,2.246630e-03
784859136,10598270,9418309632,28751862,-6.504837e-02,-2.799711e-02,4.203764e-07,1.761217e-06,1.013600e-04,2.476093e-03
785121280,10600898,9421455360,28761301,-6.506784e-02,-2.801244e-02,4.460106e-07,1.802135e-06,1.075408e-04,2.533619e-03
785383424,10602179,9424601088,28770790,-6.512087e-02,-2.797922e-02,5.196478e-07,1.714047e-06,1.252961e-04,2.409776e-03
785645568,10603805,9427746816,28780353,-6.521499e-02,-2.794169e-02,6.642074e-07,1.617208e-06,1.601518e-04,2.273630e-03
785907712,10607262,9430892544,28789751,-6.523181e-02,-2.793128e-02,6.919122e-07,1.590829e-06,1.668319e-04,2.236545e-03
786169856,10612146,9434038272,28799646,-6.525250e-02,-2.795663e-02,7.267485e-07,1.655406e-06,1.752316e-04,2.327333e-03
786432000,10615191,9437184000,28809035,-6.524622e-02,-2.792133e-02,7.160917e-07,1.565828e-06,1.726621e-04,2.201396e-03
786694144,10624314,9440329728,28818573,-6.519277e-02,-2.795139e-02,6.284868e-07,1.641955e-06,1.515390e-04,2.308423e-03
786956288,10645640,9443475456,28828244,-6.518592e-02,-2.795635e-02,6.176656e-07,1.654697e-06,1.489298e-04,2.326336e-03
787218432,10649456,9446621184,28837951,-6.517457e-02,-2.794401e-02,5.999584e-07,1.623097e-06,1.446603e-04,2.281910e-03
787480576,10666382,9449766912,28847518,-6.522278e-02,-2.792643e-02,6.769588e-07,1.578608e-06,1.632264e-04,2.219363e-03
787742720,10672392,9452912640,28857104,-6.524039e-02,-2.786467e-02,7.062524e-07,1.427243e-06,1.702896e-04,2.006558e-03
788004864,10700757,9456058368,28866911,-6.521544e-02,-2.785492e-02,6.649363e-07,1.404031e-06,1.603276e-04,1.973924e-03
788267008,10707444,9459204096,28876583,-6.515525e-02,-2.785202e-02,5.704032e-07,1.397171e-06,1.375341e-04,1.964280e-03
788529152,10751031,9462349824,28886022,-6.514165e-02,-2.787870e-02,5.500384e-07,1.460965e-06,1.326237e-04,2.053969e-03
788791296,10752741,9465495552,28895538,-6.518499e-02,-2.789232e-02,6.162026e-07,1.494075e-06,1.485770e-04,2.100518e-03
789053440,10752999,9468641280,28905114,-6.514898e-02,-2.790590e-02,5.609667e-07,1.527459e-06,1.352587e-04,2.147453e-03
789315584,10753515,9471787008,28914593,-6.511632e-02,-2.787183e-02,5.131160e-07,1.444402e-06,1.237211e-04,2.030682e-03
789577728,10754116,9474932736,28924213,-6.511515e-02,-2.786435e-02,5.114309e-07,1.426464e-06,1.233148e-04,2.005464e-03
789839872,10754362,9478078464,28933736,-6.504767e-02,-2.784146e-02,4.194687e-07,1.372324e-06,1.011411e-04,1.929348e-03
790102016,10754364,9481224192,28943394,-6.501827e-02,-2.783257e-02,3.822505e-07,1.351578e-06,9.216718e-05,1.900181e-03
790364160,10755367,9484369920,28953080,-6.503646e-02,-2.782589e-02,4.050793e-07,1.336079e-06,9.767160e-05,1.878391e-03
790626304,10755549,9487515648,28962751,-6.507599e-02,-2.782862e-02,4.569641e-07,1.342407e-06,1.101819e-04,1.887289e-03
790888448,10755792,9490661376,28972014,-6.508775e-02,-2.784924e-02,4.729976e-07,1.390600e-06,1.140479e-04,1.955042e-03
791150592,10755896,9493807104,28981472,-6.508121e-02,-2.783988e-02,4.640424e-07,1.368617e-06,1.118886e-04,1.924137e-03
791412736,10755903,9496952832,28991109,-6.514566e-02,-2.779765e-02,5.560112e-07,1.271601e-06,1.340639e-04,1.787742e-03
791674880,10756055,9500098560,29000598,-6.516956e-02,-2.775561e-02,5.922158e-07,1.178543e-06,1.427934e-04,1.656912e-03
791937024,10756210,9503244288,29009981,-6.514406e-02,-2.773149e-02,5.536248e-07,1.126761e-06,1.334885e-04,1.584111e-03
792199168,10756236,9506390016,29019533,-6.507218e-02,-2.773216e-02,4.518212e-07,1.128189e-06,1.089419e-04,1.586119e-03
792461312,10756811,9509535744,29029082,-6.504170e-02,-2.770449e-02,4.117740e-07,1.070179e-06,9.928580e-05,1.504563e-03
792723456,10757543,9512681472,29038795,-6.505466e-02,-2.772604e-02,4.285799e-07,1.115212e-06,1.033380e-04,1.567875e-03
792985600,10757556,9515827200,29048433,-6.506562e-02,-2.776263e-02,4.430499e-07,1.193835e-06,1.068270e-04,1.678411e-03
793247744,10757685,9518972928,29057984,-6.503417e-02,-2.774848e-02,4.021635e-07,1.163125e-06,9.696855e-05,1.635236e-03
793509888,10757746,9522118656,29067678,-6.501243e-02,-2.777381e-02,3.750708e-07,1.218399e-06,9.043605e-05,1.712945e-03
793772032,10757839,9525264384,29077206,-6.499167e-02,-2.781001e-02,3.500681e-07,1.299635e-06,8.440744e-05,1.827155e-03
794034176,10757983,9528410112,29086883,-6.495626e-02,-2.780976e-02,3.094173e-07,1.299049e-06,7.460584e-05,1.826330e-03
794296320,10758358,9531555840,29096570,-6.498466e-02,-2.781265e-02,3.418296e-07,1.305642e-06,8.242100e-05,1.835601e-03
794558464,10758562,9534701568,29106458,-6.495157e-02,-2.785188e-02,3.042256e-07,1.396836e-06,7.335403e-05,1.963810e-03
794820608,10758575,9537847296,29116148,-6.494221e-02,-2.788212e-02,2.939901e-07,1.469226e-06,7.088608e-05,2.065583e-03
795082752,10758876,9540993024,29125680,-6.497263e-02,-2.786895e-02,3.279043e-07,1.437493e-06,7.906337e-05,2.020969e-03
795344896,10758950,9544138752,29135238,-6.496508e-02,-2.785790e-02,3.193091e-07,1.411115e-06,7.699091e-05,1.983885e-03
795607040,10759462,9547284480,29144673,-6.491811e-02,-2.784600e-02,2.684338e-07,1.382984e-06,6.472400e-05,1.944335e-03
795869184,10759722,9550430208,29154272,-6.493824e-02,-2.779746e-02,2.896995e-07,1.271160e-06,6.985154e-05,1.787122e-03
796131328,10760743,9553575936,29163761,-6.494071e-02,-2.781503e-02,2.923684e-07,1.311101e-06,7.049504e-05,1.843275e-03
796393472,10762122,9556721664,29173201,-6.492082e-02,-2.779646e-02,2.712513e-07,1.268910e-06,6.540336e-05,1.783958e-03
796655616,10762326,9559867392,29182988,-6.486419e-02,-2.773505e-02,2.154687e-07,1.134334e-06,5.195322e-05,1.594758e-03
796917760,10762531,9563013120,29192433,-6.487009e-02,-2.772074e-02,2.209817e-07,1.104063e-06,5.328250e-05,1.552201e-03
797179904,10762920,9566158848,29202099,-6.487578e-02,-2.772848e-02,2.263658e-07,1.120383e-06,5.458070e-05,1.575145e-03
797442048,10763271,9569304576,29211705,-6.492397e-02,-2.771893e-02,2.745441e-07,1.100258e-06,6.619731e-05,1.546851e-03
797704192,10763736,9572450304,29221263,-6.491800e-02,-2.775134e-02,2.683180e-07,1.169300e-06,6.469608e-05,1.643917e-03
797966336,10763879,9575596032,29230503,-6.493461e-02,-2.769908e-02,2.858067e-07,1.059017e-06,6.891293e-05,1.488870e-03
798228480,10763900,9578741760,29240277,-6.494305e-02,-2.771223e-02,2.948957e-07,1.086244e-06,7.110443e-05,1.527148e-03
798490624,10763973,9581887488,29250059,-6.498212e-02,-2.769873e-02,3.388652e-07,1.058281e-06,8.170624e-05,1.487835e-03
798752768,10764322,9585033216,29259594,-6.495151e-02,-2.766814e-02,3.041598e-07,9.962748e-07,7.333817e-05,1.400661e-03
799014912,10764869,9588178944,29269116,-6.492603e-02,-2.768720e-02,2.767032e-07,1.034699e-06,6.671791e-05,1.454682e-03
799277056,10765236,9591324672,29278719,-6.492766e-02,-2.766897e-02,2.784225e-07,9.979450e-07,6.713245e-05,1.403010e-03
799539200,10767474,9594470400,29288344,-6.495659e-02,-2.762674e-02,3.097904e-07,9.153590e-07,7.469580e-05,1.286902e-03
799801344,10768697,9597616128,29298066,-6.493755e-02,-2.763575e-02,2.889541e-07,9.326764e-07,6.967181e-05,1.311248e-03
800063488,10769053,9600761856,29307752,-6.492618e-02,-2.756483e-02,2.768600e-07,8.007300e-07,6.675573e-05,1.125745e-03
800325632,10771162,9603907584,29317530,-6.488384e-02,-2.753641e-02,2.341018e-07,7.506620e-07,5.644598e-05,1.055355e-03
800587776,10773170,9607053312,29327142,-6.486411e-02,-2.753407e-02,2.153996e-07,7.466200e-07,5.193654e-05,1.049672e-03
800849920,10774858,9610199040,29336867,-6.486825e-02,-2.751141e-02,2.192549e-07,7.079753e-07,5.286614e-05,9.953415e-04
801112064,10782019,9613344768,29346285,-6.484989e-02,-2.749661e-02,2.023996e-07,6.832876e-07,4.880202e-05,9.606330e-04
801374208,10788881,9616490496,29355896,-6.486535e-02,-2.747532e-02,2.165491e-07,6.485437e-07,5.221372e-05,9.117866e-04
801636352,10793294,9619636224,29365380,-6.486262e-02,-2.745993e-02,2.140186e-07,6.239822e-07,5.160357e-05,8.772557e-04
801898496,10801841,9622781952,29374916,-6.486741e-02,-2.749078e-02,2.184741e-07,6.736831e-07,5.267788e-05,9.471301e-04
802160640,10803118,9625927680,29384445,-6.486901e-02,-2.743141e-02,2.199672e-07,5.797398e-07,5.303788e-05,8.150554e-04
802422784,10814038,9629073408,29393943,-6.484932e-02,-2.747622e-02,2.018837e-07,6.499965e-07,4.867764e-05,9.138292e-04
802684928,10825394,9632219136,29403548,-6.478260e-02,-2.745416e-02,1.463788e-07,6.149107e-07,3.529444e-05,8.645021e-04
802947072,10829269,9635364864,29413071,-6.475260e-02,-2.750246e-02,1.243259e-07,6.929941e-07,2.997711e-05,9.742794e-04
803209216,10850342,9638510592,29422460,-6.474053e-02,-2.755165e-02,1.159599e-07,7.773125e-07,2.795992e-05,1.092822e-03
803471360,10879588,9641656320,29432114,-6.473535e-02,-2.753072e-02,1.124601e-07,7.408404e-07,2.711605e-05,1.041546e-03
803733504,10894222,9644802048,29441656,-6.471765e-02,-2.751985e-02,1.009003e-07,7.222395e-07,2.432880e-05,1.015395e-03
803995648,10912663,9647947776,29451249,-6.475662e-02,-2.751399e-02,1.271740e-07,7.123232e-07,3.066384e-05,1.001454e-03
804257792,10921061,9651093504,29461022,-6.483388e-02,-2.751427e-02,1.882493e-07,7.127918e-07,4.539016e-05,1.002113e-03
804519936,10921305,9654239232,29470482,-6.480051e-02,-2.751383e-02,1.604050e-07,7.120560e-07,3.867641e-05,1.001079e-03
804782080,10923007,9657384960,29480243,-6.479494e-02,-2.748508e-02,1.559779e-07,6.643592e-07,3.760896e-05,9.340216e-04
805044224,10944115,9660530688,29489795,-6.476203e-02,-2.745618e-02,1.310666e-07,6.180726e-07,3.160241e-05,8.689475e-04
805306368,10986901,9663676416,29499661,-6.477460e-02,-2.742804e-02,1.403254e-07,5.746228e-07,3.383487e-05,8.078614e-04
805568512,11014941,9666822144,29509308,-6.472777e-02,-2.744574e-02,1.074305e-07,6.017747e-07,2.590335e-05,8.460343e-04
805830656,11015795,9669967872,29518869,-6.476378e-02,-2.743101e-02,1.323320e-07,5.791387e-07,3.190751e-05,8.142103e-04
806092800,11019250,9673113600,29528407,-6.477068e-02,-2.741460e-02,1.373991e-07,5.544317e-07,3.312929e-05,7.794747e-04
806354944,11019963,9676259328,29537939,-6.479173e-02,-2.744039e-02,1.534518e-07,5.934979e-07,3.699986e-05,8.343979e-04
806617088,11020495,9679405056,29547517,-6.477408e-02,-2.749704e-02,1.399349e-07,6.840022e-07,3.374072e-05,9.616376e-04
806879232,11021260,9682550784,29557012,-6.477737e-02,-2.749299e-02,1.424039e-07,6.773052e-07,3.433604e-05,9.522224e-04
807141376,11021283,9685696512,29566500,-6.478781e-02,-2.748972e-02,1.503967e-07,6.719475e-07,3.626324e-05,9.446901e-04
807403520,11021332,9688842240,29576163,-6.477976e-02,-2.744658e-02,1.442147e-07,6.030846e-07,3.477265e-05,8.478757e-04
807665664,11021573,9691987968,29585755,-6.479471e-02,-2.747132e-02,1.557955e-07,6.421096e-07,3.756498e-05,9.027409e-04
807927808,11022114,9695133696,29595303,-6.481517e-02,-2.749738e-02,1.723650e-07,6.845661e-07,4.156018e-05,9.624306e-04
808189952,11023071,9698279424,29604828,-6.475732e-02,-2.748942e-02,1.276793e-07,6.714468e-07,3.078568e-05,9.439861e-04
808452096,11023407,9701425152,29614446,-6.475943e-02,-2.753458e-02,1.291852e-07,7.474990e-07,3.114878e-05,1.050908e-03
808714240,11023409,9704570880,29624072,-6.474832e-02,-2.753207e-02,1.213283e-07,7.431573e-07,2.925434e-05,1.044804e-03
808976384,11023856,9707716608,29633729,-6.472409e-02,-2.749771e-02,1.050313e-07,6.850964e-07,2.532486e-05,9.631760e-04
809238528,11023915,9710862336,29643373,-6.466760e-02,-2.748541e-02,7.161110e-08,6.648877e-07,1.726667e-05,9.347646e-04
809500672,11024021,9714008064,29652914,-6.470156e-02,-2.748472e-02,9.093529e-08,6.637703e-07,2.192607e-05,9.331937e-04
809762816,11024291,9717153792,29662579,-6.476607e-02,-2.747931e-02,1.340068e-07,6.549857e-07,3.231135e-05,9.208434e-04
810024960,11024648,9720299520,29672031,-6.476206e-02,-2.748638e-02,1.310827e-07,6.664803e-07,3.160631e-05,9.370038e-04
810287104,11024778,9723445248,29681625,-6.480902e-02,-2.747741e-02,1.672929e-07,6.519171e-07,4.033720e-05,9.165293e-04
810549248,11024998,9726590976,29691257,-6.484486e-02,-2.748404e-02,1.978998e-07,6.626660e-07,4.771704e-05,9.316411e-04
810811392,11025076,9729736704,29700866,-6.483997e-02,-2.748007e-02,1.935751e-07,6.562194e-07,4.667429e-05,9.225778e-04
811073536,11025460,9732882432,29710408,-6.484079e-02,-2.749176e-02,1.942904e-07,6.752894e-07,4.684676e-05,9.493884e-04
811335680,11025461,9736028160,29720036,-6.486372e-02,-2.745956e-02,2.150332e-07,6.233997e-07,5.184820e-05,8.764368e-04
811597824,11025598,9739173888,29729557,-6.488971e-02,-2.748579e-02,2.398176e-07,6.655166e-07,5.782415e-05,9.356488e-04
811859968,11025846,9742319616,29739099,-6.488196e-02,-2.755206e-02,2.322813e-07,7.780254e-07,5.600703e-05,1.093825e-03
812122112,11025897,9745465344,29748629,-6.484555e-02,-2.753283e-02,1.985101e-07,7.444777e-07,4.786420e-05,1.046660e-03
812384256,11026003,9748611072,29758358,-6.486224e-02,-2.757978e-02,2.136603e-07,8.276982e-07,5.151717e-05,1.163660e-03
812646400,11026270,9751756800,29768036,-6.483297e-02,-2.750810e-02,1.874614e-07,7.024069e-07,4.520017e-05,9.875128e-04
812908544,11026379,9754902528,29778065,-6.484954e-02,-2.751878e-02,2.020846e-07,7.204329e-07,4.872608e-05,1.012856e-03
813170688,11026617,9758048256,29787729,-6.480463e-02,-2.756582e-02,1.637223e-07,8.024945e-07,3.947626e-05,1.128226e-03
813432832,11026789,9761193984,29797325,-6.481059e-02,-2.753767e-02,1.685814e-07,7.528519e-07,4.064787e-05,1.058433e-03
813694976,11026830,9764339712,29806854,-6.482173e-02,-2.751605e-02,1.778522e-07,7.157955e-07,4.288322e-05,1.006336e-03
813957120,11027227,9767485440,29816535,-6.484412e-02,-2.752558e-02,1.972374e-07,7.320139e-07,4.755734e-05,1.029137e-03
814219264,11027600,9770631168,29826011,-6.484428e-02,-2.759143e-02,1.973830e-07,8.490368e-07,4.759245e-05,1.193659e-03
814481408,11028654,9773776896,29835949,-6.487916e-02,-2.759028e-02,2.295888e-07,8.469099e-07,5.535782e-05,1.190669e-03
814743552,11029581,9776922624,29845728,-6.485483e-02,-2.755451e-02,2.068686e-07,7.823622e-07,4.987960e-05,1.099922e-03
815005696,11029802,9780068352,29855330,-6.483656e-02,-2.754629e-02,1.905840e-07,7.678822e-07,4.595309e-05,1.079564e-03
815267840,11031569,9783214080,29864833,-6.486380e-02,-2.755324e-02,2.151092e-07,7.801067e-07,5.186653e-05,1.096751e-03
815529984,11032082,9786359808,29874387,-6.491437e-02,-2.754990e-02,2.645721e-07,7.742315e-07,6.379290e-05,1.088491e-03
815792128,11032600,9789505536,29884106,-6.491272e-02,-2.754334e-02,2.628809e-07,7.627298e-07,6.338512e-05,1.072321e-03
816054272,11033787,9792651264,29893768,-6.493075e-02,-2.747869e-02,2.816951e-07,6.539731e-07,6.792154e-05,9.194197e-04
816316416,11034329,9795796992,29903510,-6.493225e-02,-2.744870e-02,2.832870e-07,6.063784e-07,6.830537e-05,8.525065e-04
816578560,11035843,9798942720,29913100,-6.486095e-02,-2.743339e-02,2.124772e-07,5.827590e-07,5.123192e-05,8.192999e-04
816840704,11036102,9802088448,29922835,-6.486679e-02,-2.738767e-02,2.178895e-07,5.150525e-07,5.253690e-05,7.241116e-04
817102848,11036867,9805234176,29932519,-6.486382e-02,-2.741042e-02,2.151299e-07,5.482191e-07,5.187152e-05,7.707405e-04
817364992,11036909,9808379904,29942187,-6.483989e-02,-2.738131e-02,1.935030e-07,5.059655e-07,4.665690e-05,7.113361e-04
817627136,11037207,9811525632,29951945,-6.480559e-02,-2.741665e-02,1.645010e-07,5.574872e-07,3.966403e-05,7.837704e-04
817889280,11038322,9814671360,29961556,-6.483378e-02,-2.738863e-02,1.881653e-07,5.164250e-07,4.536990e-05,7.260411e-04
818151424,11040424,9817817088,29971090,-6.476296e-02,-2.740692e-02,1.317418e-07,5.430568e-07,3.176521e-05,7.634828e-04
818413568,11040475,9820962816,29980755,-6.478377e-02,-2.740327e-02,1.472752e-07,5.376895e-07,3.551058e-05,7.559368e-04
818675712,11043046,9824108544,29990372,-6.478588e-02,-2.745103e-02,1.489037e-07,6.100012e-07,3.590326e-05,8.575998e-04
818937856,11044371,9827254272,29999994,-6.477854e-02,-2.740107e-02,1.432881e-07,5.344627e-07,3.454924e-05,7.514004e-04
819200000,11046167,9830400000,30009699,-6.475485e-02,-2.739841e-02,1.259177e-07,5.305753e-07,3.036092e-05,7.459350e-04
819462144,11049312,9833545728,30019191,-6.477907e-02,-2.740186e-02,1.436945e-07,5.356154e-07,3.464723e-05,7.530209e-04
819724288,11054341,9836691456,30028838,-6.477053e-02,-2.743831e-02,1.372887e-07,5.902994e-07,3.310265e-05,8.299011e-04
819986432,11057326,9839837184,30038340,-6.477677e-02,-2.743660e-02,1.419544e-07,5.876806e-07,3.422766e-05,8.262193e-04
820248576,11066354,9842982912,30047876,-6.470863e-02,-2.743682e-02,9.524964e-08,5.880148e-07,2.296633e-05,8.266891e-04
820510720,11087798,9846128640,30057433,-6.469055e-02,-2.744154e-02,8.441947e-08,5.952786e-07,2.035499e-05,8.369013e-04
820772864,11091664,9849274368,30067047,-6.471284e-02,-2.743777e-02,9.786572e-08,5.894697e-07,2.359711e-05,8.287346e-04
821035008,11111895,9852420096,30076569,-6.468856e-02,-2.744325e-02,8.326744e-08,5.979114e-07,2.007722e-05,8.406029e-04
821297152,11114503,9855565824,30086130,-6.466762e-02,-2.746289e-02,7.161908e-08,6.286788e-07,1.726859e-05,8.838586e-04
821559296,11142867,9858711552,30095769,-6.466074e-02,-2.744841e-02,6.798562e-08,6.059173e-07,1.639250e-05,8.518582e-04
821821440,11149716,9861857280,30105582,-6.469697e-02,-2.743058e-02,8.818836e-08,5.784755e-07,2.126373e-05,8.132778e-04
822083584,11199974,9865003008,30115040,-6.462558e-02,-2.748208e-02,5.088353e-08,6.594705e-07,1.226890e-05,9.271486e-04
822345728,11201903,9868148736,30124797,-6.465191e-02,-2.749846e-02,6.345569e-08,6.863457e-07,1.530026e-05,9.649325e-04
822607872,11201989,9871294464,30134556,-6.466749e-02,-2.752954e-02,7.154731e-08,7.388026e-07,1.725129e-05,1.038681e-03
822870016,11202683,9874440192,30144238,-6.470930e-02,-2.751830e-02,9.566399e-08,7.196078e-07,2.306623e-05,1.011696e-03
823132160,11203348,9877585920,30153952,-6.475388e-02,-2.754829e-02,1.252312e-07,7.713856e-07,3.019540e-05,1.084490e-03
823394304,11203558,9880731648,30163574,-6.474400e-02,-2.753133e-02,1.183365e-07,7.418925e-07,2.853297e-05,1.043026e-03
823656448,11203613,9883877376,30173272,-6.476417e-02,-2.752603e-02,1.326194e-07,7.327886e-07,3.197682e-05,1.030227e-03
823918592,11204500,9887023104,30182916,-6.473066e-02,-2.752422e-02,1.093339e-07,7.296890e-07,2.636229e-05,1.025869e-03
824180736,11204627,9890168832,30192498,-6.470454e-02,-2.753319e-02,9.274159e-08,7.451047e-07,2.236160e-05,1.047542e-03
824442880,11204775,9893314560,30202060,-6.472259e-02,-2.751683e-02,1.040629e-07,7.171261e-07,2.509135e-05,1.008207e-03
824705024,11204859,9896460288,30211780,-6.469836e-02,-2.748940e-02,8.901780e-08,6.714102e-07,2.146372e-05,9.439345e-04
824967168,11204983,9899606016,30221248,-6.474977e-02,-2.746116e-02,1.223373e-07,6.259377e-07,2.949763e-05,8.800048e-04
825229312,11205014,9902751744,30230919,-6.472374e-02,-2.744934e-02,1.048093e-07,6.073651e-07,2.527133e-05,8.538938e-04
825491456,11205192,9905897472,30240855,-6.474607e-02,-2.746170e-02,1.197607e-07,6.267957e-07,2.887636e-05,8.812112e-04
825753600,11205298,9909043200,30250325,-6.472730e-02,-2.746766e-02,1.071230e-07,6.362542e-07,2.582921e-05,8.945088e-04
826015744,11206086,9912188928,30259808,-6.475305e-02,-2.749467e-02,1.246413e-07,6.800734e-07,3.005316e-05,9.561143e-04
826277888,11206648,9915334656,30269284,-6.472764e-02,-2.746588e-02,1.073475e-07,6.334225e-07,2.588333e-05,8.905279e-04
826540032,11206673,9918480384,30279047,-6.474821e-02,-2.746122e-02,1.212453e-07,6.260232e-07,2.923432e-05,8.801251e-04
826802176,11206987,9921626112,30288607,-6.470410e-02,-2.743217e-02,9.247404e-08,5.809005e-07,2.229708e-05,8.166872e-04
827064320,11206999,9924771840,30297996,-6.467509e-02,-2.739646e-02,7.567469e-08,5.277408e-07,1.824647e-05,7.419499e-04
827326464,11207146,9927917568,30307622,-6.466601e-02,-2.738482e-02,7.076030e-08,5.109701e-07,1.706153e-05,7.183722e-04
827588608,11207231,9931063296,30317160,-6.464356e-02,-2.737312e-02,5.932122e-08,4.943786e-07,1.430337e-05,6.950461e-04
827850752,11207622,9934209024,30326820,-6.462866e-02,-2.732615e-02,5.228463e-08,4.305283e-07,1.260672e-05,6.052791e-04
828112896,11207745,9937354752,30336322,-6.457715e-02,-2.733428e-02,3.138299e-08,4.412714e-07,7.566980e-06,6.203828e-04
828375040,11207760,9940500480,30345919,-6.463137e-02,-2.737443e-02,5.353223e-08,4.962164e-07,1.290754e-05,6.976300e-04
828637184,11207992,9943646208,30355503,-6.463853e-02,-2.731929e-02,5.689672e-08,4.215729e-07,1.371878e-05,5.926887e-04
828899328,11208130,9946791936,30365102,-6.461390e-02,-2.730643e-02,4.575266e-08,4.050414e-07,1.103175e-05,5.694471e-04
829161472,11208636,9949937664,30374608,-6.464271e-02,-2.730271e-02,5.890458e-08,4.003182e-07,1.420291e-05,5.628067e-04
829423616,11208998,9953083392,30384429,-6.465340e-02,-2.732704e-02,6.420864e-08,4.317048e-07,1.548181e-05,6.069331e-04
829685760,11210096,9956229120,30394028,-6.467908e-02,-2.732850e-02,7.788363e-08,4.336210e-07,1.877909e-05,6.096272e-04
829947904,11211470,9959374848,30403680,-6.469144e-02,-2.731274e-02,8.493547e-08,4.131113e-07,2.047941e-05,5.807926e-04
830210048,11211585,9962520576,30413212,-6.465969e-02,-2.730951e-02,6.743889e-08,4.089771e-07,1.626068e-05,5.749802e-04
830472192,11211656,9965666304,30422788,-6.465770e-02,-2.728148e-02,6.640580e-08,3.739036e-07,1.601158e-05,5.256706e-04
830734336,11211884,9968812032,30432302,-6.467982e-02,-2.730018e-02,7.830005e-08,3.971331e-07,1.887949e-05,5.583289e-04
830996480,11212560,9971957760,30441750,-6.463449e-02,-2.735790e-02,5.498656e-08,4.732051e-07,1.325821e-05,6.652784e-04
831258624,11212894,9975103488,30451301,-6.462757e-02,-2.731686e-02,5.178496e-08,4.184247e-07,1.248624e-05,5.882626e-04
831520768,11212951,9978249216,30460870,-6.460992e-02,-2.728225e-02,4.406332e-08,3.748541e-07,1.062443e-05,5.270069e-04
831782912,11213143,9981394944,30470481,-6.465428e-02,-2.728608e-02,6.465876e-08,3.795536e-07,1.559034e-05,5.336138e-04
832045056,11213510,9984540672,30480231,-6.470357e-02,-2.726716e-02,9.215259e-08,3.565982e-07,2.221958e-05,5.013409e-04
832307200,11213847,9987686400,30489787,-6.471556e-02,-2.725734e-02,9.957461e-08,3.449710e-07,2.400915e-05,4.849942e-04
832569344,11214352,9990832128,30499373,-6.469800e-02,-2.724641e-02,8.880452e-08,3.322490e-07,2.141230e-05,4.671084e-04
832831488,11214809,9993977856,30509012,-6.467442e-02,-2.725160e-02,7.530622e-08,3.382583e-07,1.815763e-05,4.755569e-04
833093632,11215341,9997123584,30518609,-6.467992e-02,-2.723068e-02,7.835426e-08,3.143667e-07,1.889256e-05,4.419677e-04
833355776,11216395,10000269312,30528050,-6.465821e-02,-2.725685e-02,6.667102e-08,3.443980e-07,1.607553e-05,4.841886e-04
833617920,11218148,10003415040,30537739,-6.471302e-02,-2.726392e-02,9.797763e-08,3.527423e-07,2.362410e-05,4.959200e-04
833880064,11218694,10006560768,30547336,-6.470819e-02,-2.727736e-02,9.497850e-08,3.688886e-07,2.290095e-05,5.186200e-04
834142208,11220458,10009706496,30557103,-6.474572e-02,-2.731290e-02,1.195184e-07,4.133173e-07,2.881795e-05,5.810821e-04
834404352,11224225,10012852224,30566718,-6.473356e-02,-2.729436e-02,1.112590e-07,3.898307e-07,2.682646e-05,5.480624e-04
834666496,11231455,10015997952,30576356,-6.473053e-02,-2.729962e-02,1.092502e-07,3.964198e-07,2.634209e-05,5.573260e-04
834928640,11238114,10019143680,30585611,-6.475212e-02,-2.730501e-02,1.239898e-07,4.032320e-07,2.989608e-05,5.669033e-04
835190784,11242500,10022289408,30595080,-6.473790e-02,-2.732505e-02,1.141755e-07,4.290849e-07,2.752969e-05,6.032498e-04
835452928,11251255,10025435136,30604582,-6.476446e-02,-2.732282e-02,1.328311e-07,4.261786e-07,3.202787e-05,5.991640e-04
835715072,11254479,10028580864,30614340,-6.476340e-02,-2.732453e-02,1.320611e-07,4.284043e-07,3.184220e-05,6.022931e-04
835977216,11263250,10031726592,30623994,-6.474354e-02,-2.734389e-02,1.180189e-07,4.541329e-07,2.845640e-05,6.384648e-04
836239360,11275738,10034872320,30633554,-6.475884e-02,-2.737334e-02,1.287678e-07,4.946929e-07,3.104813e-05,6.954881e-04
836501504,11278947,10038018048,30643221,-6.475753e-02,-2.740629e-02,1.278231e-07,5.421184e-07,3.082035e-05,7.621634e-04
836763648,11299523,10041163776,30652608,-6.472960e-02,-2.741187e-02,1.086354e-07,5.503699e-07,2.619386e-05,7.737642e-04
837025792,11328989,10044309504,30662474,-6.471933e-02,-2.740173e-02,1.019681e-07,5.354300e-07,2.458626e-05,7.527602e-04
837287936,11343324,10047455232,30672004,-6.470010e-02,-2.742296e-02,9.006117e-08,5.669423e-07,2.171530e-05,7.970633e-04
837550080,11361858,10050600960,30681449,-6.467608e-02,-2.742149e-02,7.622086e-08,5.647341e-07,1.837816e-05,7.939588e-04
837812224,11370358,10053746688,30691263,-6.468145e-02,-2.745661e-02,7.921167e-08,6.187581e-07,1.909930e-05,8.699111e-04
838074368,11370561,10056892416,30700792,-6.466379e-02,-2.741657e-02,6.958400e-08,5.573676e-07,1.677790e-05,7.836022e-04
838336512,11372343,10060038144,30710263,-6.466714e-02,-2.746026e-02,7.136011e-08,6.245061e-07,1.720615e-05,8.779923e-04
838598656,11393230,10063183872,30719779,-6.463924e-02,-2.746188e-02,5.723489e-08,6.270759e-07,1.380032e-05,8.816051e-04
838860800,11436107,10066329600,30729318,-6.460166e-02,-2.743824e-02,4.066571e-08,5.901992e-07,9.805204e-06,8.297603e-04
839122944,11456740,10069475328,30738913,-6.458016e-02,-2.744410e-02,3.245852e-08,5.992314e-07,7.826308e-06,8.424586e-04
839385088,11457684,10072621056,30748291,-6.456127e-02,-2.750890e-02,2.600731e-08,7.037532e-07,6.270810e-06,9.894054e-04
839647232,11461115,10075766784,30757709,-6.454296e-02,-2.754348e-02,2.043806e-08,7.629608e-07,4.927968e-06,1.072645e-03
839909376,11462019,10078912512,30767118,-6.458513e-02,-2.756154e-02,3.427387e-08,7.948373e-07,8.264020e-06,1.117460e-03
840171520,11462517,10082058240,30776637,-6.458590e-02,-2.759511e-02,3.455860e-08,8.558366e-07,8.332674e-06,1.203219e-03
840433664,11463280,10085203968,30786263,-6.459177e-02,-2.759909e-02,3.677307e-08,8.631999e-07,8.866619e-06,1.213571e-03
840695808,11463341,10088349696,30796014,-6.458759e-02,-2.755624e-02,3.519028e-08,7.854165e-07,8.484982e-06,1.104216e-03
840957952,11463437,10091495424,30805603,-6.454808e-02,-2.757694e-02,2.192777e-08,8.225479e-07,5.287163e-06,1.156419e-03
841220096,11463572,10094641152,30815192,-6.445481e-02,-2.757221e-02,3.003749e-09,8.139886e-07,7.242557e-07,1.144385e-03
841482240,11464264,10097786880,30824818,-6.447368e-02,-2.758671e-02,5.428564e-09,8.403541e-07,1.308920e-06,1.181452e-03
841744384,11465076,10100932608,30834356,-6.447297e-02,-2.754628e-02,5.323677e-09,7.678691e-07,1.283630e-06,1.079546e-03
842006528,11465475,10104078336,30843855,-6.445749e-02,-2.755151e-02,3.304948e-09,7.770662e-07,7.968800e-07,1.092476e-03
842268672,11465585,10107224064,30853373,-6.449615e-02,-2.757905e-02,9.244773e-09,8.263736e-07,2.229074e-06,1.161798e-03
842530816,11465918,10110369792,30862959,-6.448492e-02,-2.755497e-02,7.211698e-09,7.831796e-07,1.738865e-06,1.101071e-03
842792960,11466082,10113515520,30872461,-6.446722e-02,-2.757938e-02,4.518412e-09,8.269663e-07,1.089467e-06,1.162631e-03
843055104,11466119,10116661248,30881779,-6.446803e-02,-2.757869e-02,4.627237e-09,8.257235e-07,1.115707e-06,1.160883e-03
843317248,11466551,10119806976,30891408,-6.448198e-02,-2.759603e-02,6.720513e-09,8.575331e-07,1.620432e-06,1.205604e-03
843579392,11466939,10122952704,30901012,-6.447539e-02,-2.758097e-02,5.684018e-09,8.298620e-07,1.370515e-06,1.166702e-03
843841536,11467147,10126098432,30910608,-6.444363e-02,-2.758769e-02,1.902979e-09,8.421513e-07,4.588411e-07,1.183979e-03
844103680,11467360,10129244160,30920281,-6.441625e-02,-2.758422e-02,2.640533e-10,8.358046e-07,6.366779e-08,1.175056e-03
844365824,11467362,10132389888,30930038,-6.439921e-02,-2.763503e-02,6.355472e-13,9.312845e-07,1.532414e-10,1.309292e-03
844627968,11467630,10135535616,30939549,-6.444135e-02,-2.761785e-02,1.709882e-09,8.984193e-07,4.122820e-07,1.263086e-03
844890112,11467656,10138681344,30949014,-6.444046e-02,-2.760215e-02,1.636741e-09,8.688994e-07,3.946464e-07,1.221585e-03
845152256,11467742,10141827072,30958649,-6.441665e-02,-2.761264e-02,2.770426e-10,8.885702e-07,6.679975e-08,1.249239e-03
845414400,11467998,10144972800,30968123,-6.444687e-02,-2.761815e-02,2.196249e-09,8.989879e-07,5.295534e-07,1.263886e-03
845676544,11468336,10148118528,30977676,-6.442411e-02,-2.756230e-02,5.812959e-10,7.961929e-07,1.401605e-07,1.119367e-03
845938688,11468393,10151264256,30987023,-6.447693e-02,-2.756595e-02,5.917801e-09,8.027347e-07,1.426884e-06,1.128564e-03
846200832,11468442,10154409984,30996423,-6.446654e-02,-2.760362e-02,4.427723e-09,8.716553e-07,1.067600e-06,1.225459e-03
846462976,11468675,10157555712,31006026,-6.444516e-02,-2.761683e-02,2.039242e-09,8.964818e-07,4.916964e-07,1.260362e-03
846725120,11469031,10160701440,31015553,-6.443401e-02,-2.761482e-02,1.156809e-09,8.926941e-07,2.789267e-07,1.255037e-03
846987264,11469092,10163847168,31025248,-6.443588e-02,-2.761030e-02,1.286983e-09,8.841721e-07,3.103138e-07,1.243056e-03
847249408,11469156,10166992896,31034690,-6.446197e-02,-2.760260e-02,3.839844e-09,8.697469e-07,9.258527e-07,1.222776e-03
847511552,11469605,10170138624,31044012,-6.448197e-02,-2.761821e-02,6.718071e-09,8.991045e-07,1.619842e-06,1.264050e-03
847773696,11470024,10173284352,31053486,-6.446958e-02,-2.760063e-02,4.841512e-09,8.660785e-07,1.167372e-06,1.217619e-03
848035840,11470785,10176430080,31063128,-6.445389e-02,-2.763187e-02,2.904137e-09,9.251902e-07,7.002376e-07,1.300724e-03
848297984,11471828,10179575808,31072671,-6.441676e-02,-2.760926e-02,2.807755e-10,8.822116e-07,6.769980e-08,1.240300e-03
848560128,11472036,10182721536,31082227,-6.441778e-02,-2.763635e-02,3.160248e-10,9.338388e-07,7.619901e-08,1.312883e-03
848822272,11473556,10185867264,31091552,-6.442160e-02,-2.765809e-02,4.665269e-10,9.763301e-07,1.124877e-07,1.372621e-03
849084416,11474525,10189012992,31101211,-6.444009e-02,-2.763268e-02,1.607334e-09,9.267532e-07,3.875560e-07,1.302921e-03
849346560,11474906,10192158720,31110602,-6.442866e-02,-2.762540e-02,8.211052e-10,9.127911e-07,1.979826e-07,1.283291e-03
849608704,11476006,10195304448,31120467,-6.440119e-02,-2.758823e-02,1.421085e-12,8.431533e-07,3.426482e-10,1.185388e-03
849870848,11476661,10198450176,31130205,-6.436990e-02,-2.758236e-02,9.060308e-10,8.323989e-07,2.184596e-07,1.170269e-03
850132992,11477927,10201595904,31139878,-6.437450e-02,-2.758263e-02,6.504202e-10,8.328952e-07,1.568275e-07,1.170966e-03
850395136,11478348,10204741632,31149507,-6.437095e-02,-2.757505e-02,8.443246e-10,8.191222e-07,2.035812e-07,1.151603e-03
850657280,11479060,10207887360,31159177,-6.439055e-02,-2.761063e-02,8.939299e-11,8.847922e-07,2.155419e-08,1.243928e-03
850919424,11479094,10211033088,31168716,-6.437974e-02,-2.763787e-02,4.103918e-10,9.367786e-07,9.895253e-08,1.317016e-03
851181568,11479950,10214178816,31178274,-6.437824e-02,-2.764357e-02,4.736345e-10,9.478479e-07,1.142014e-07,1.332578e-03
851443712,11480476,10217324544,31187850,-6.437009e-02,-2.765786e-02,8.948522e-10,9.758774e-07,2.157643e-07,1.371984e-03
851705856,11482627,10220470272,31197571,-6.435161e-02,-2.766818e-02,2.341739e-09,9.963715e-07,5.646336e-07,1.400797e-03
851968000,11483156,10223616000,31207125,-6.431975e-02,-2.772939e-02,6.440095e-09,1.122312e-06,1.552818e-06,1.577857e-03
852230144,11485184,10226761728,31216783,-6.427880e-02,-2.770145e-02,1.468910e-08,1.063895e-06,3.541795e-06,1.495728e-03
852492288,11486591,10229907456,31226421,-6.433241e-02,-2.768859e-02,4.568633e-09,1.037521e-06,1.101576e-06,1.458648e-03
852754432,11488445,10233053184,31236078,-6.432356e-02,-2.764286e-02,5.843526e-09,9.464666e-07,1.408975e-06,1.330636e-03
853016576,11491424,10236198912,31245501,-6.432564e-02,-2.762446e-02,5.530041e-09,9.109910e-07,1.333388e-06,1.280761e-03
853278720,11496522,10239344640,31255194,-6.430413e-02,-2.762931e-02,9.191838e-09,9.202734e-07,2.216310e-06,1.293811e-03
853540864,11499419,10242490368,31264943,-6.433347e-02,-2.760822e-02,4.426731e-09,8.802532e-07,1.067361e-06,1.237547e-03
853803008,11508609,10245636096,31274694,-6.427417e-02,-2.760388e-02,1.583391e-08,8.721353e-07,3.817827e-06,1.226134e-03
854065152,11529991,10248781824,31284368,-6.425225e-02,-2.761950e-02,2.183079e-08,9.015540e-07,5.263780e-06,1.267494e-03
854327296,11533884,10251927552,31293807,-6.427287e-02,-2.759991e-02,1.616374e-08,8.647339e-07,3.897357e-06,1.215728e-03
854589440,11556659,10255073280,31303503,-6.424058e-02,-2.760669e-02,2.541476e-08,8.773965e-07,6.127936e-06,1.233531e-03
854851584,11557554,10258219008,31313364,-6.427740e-02,-2.756278e-02,1.503059e-08,7.970507e-07,3.624134e-06,1.120572e-03
855113728,11584966,10261364736,31322794,-6.427467e-02,-2.757941e-02,1.570853e-08,8.270239e-07,3.787597e-06,1.162712e-03
855375872,11591897,10264510464,31332417,-6.423897e-02,-2.756074e-02,2.593287e-08,7.934231e-07,6.252860e-06,1.115472e-03
855638016,11649356,10267656192,31342183,-6.426505e-02,-2.754974e-02,1.821214e-08,7.739496e-07,4.391261e-06,1.088095e-03
855900160,11651391,10270801920,31351733,-6.424342e-02,-2.749307e-02,2.451774e-08,6.774493e-07,5.911649e-06,9.524250e-04
856162304,11651541,10273947648,31361357,-6.420201e-02,-2.746545e-02,3.920072e-08,6.327349e-07,9.451970e-06,8.895611e-04
856424448,11652144,10277093376,31371050,-6.421427e-02,-2.747449e-02,3.449492e-08,6.472123e-07,8.317318e-06,9.099148e-04
856686592,11653007,10280239104,31380743,-6.421079e-02,-2.748163e-02,3.579948e-08,6.587446e-07,8.631871e-06,9.261281e-04
856948736,11653014,10283384832,31390241,-6.418934e-02,-2.746912e-02,4.437981e-08,6.385860e-07,1.070074e-05,8.977870e-04
857210880,11653123,10286530560,31399828,-6.423959e-02,-2.745933e-02,2.573169e-08,6.230438e-07,6.204353e-06,8.759365e-04
857473024,11654005,10289676288,31409214,-6.422094e-02,-2.747215e-02,3.206508e-08,6.434476e-07,7.731443e-06,9.046221e-04
857735168,11654077,10292822016,31418729,-6.419513e-02,-2.747110e-02,4.197115e-08,6.417544e-07,1.011997e-05,9.022416e-04
857997312,11654116,10295967744,31428343,-6.420050e-02,-2.749306e-02,3.980193e-08,6.774309e-07,9.596929e-06,9.523991e-04
858259456,11654129,10299113472,31437937,-6.423502e-02,-2.743331e-02,2.721781e-08,5.826480e-07,6.562683e-06,8.191440e-04
858521600,11654321,10302259200,31447544,-6.417453e-02,-2.744086e-02,5.083648e-08,5.942300e-07,1.225755e-05,8.354271e-04
858783744,11654448,10305404928,31457270,-6.413812e-02,-2.747710e-02,6.858137e-08,6.514089e-07,1.653615e-05,9.158147e-04
859045888,11654674,10308550656,31467038,-6.408969e-02,-2.751831e-02,9.629182e-08,7.196300e-07,2.321762e-05,1.011727e-03
859308032,11654698,10311696384,31476460,-6.406536e-02,-2.745545e-02,1.119858e-07,6.169251e-07,2.700171e-05,8.673341e-04
859570176,11655608,10314842112,31486040,-6.407288e-02,-2.742235e-02,1.070109e-07,5.660366e-07,2.580217e-05,7.957901e-04
859832320,11655877,10317987840,31495707,-6.407709e-02,-2.744023e-02,1.042745e-07,5.932512e-07,2.514238e-05,8.340509e-04
860094464,11655942,10321133568,31505326,-6.411335e-02,-2.741624e-02,8.217031e-08,5.568754e-07,1.981267e-05,7.829103e-04
860356608,11656635,10324279296,31515143,-6.415627e-02,-2.749840e-02,5.940472e-08,6.862501e-07,1.432350e-05,9.647979e-04
860618752,11656665,10327425024,31524738,-6.416820e-02,-2.749713e-02,5.373238e-08,6.841408e-07,1.295580e-05,9.618326e-04
860880896,11656678,10330570752,31534464,-6.420035e-02,-2.748842e-02,3.986140e-08,6.698086e-07,9.611271e-06,9.416828e-04
861143040,11656702,10333716480,31543997,-6.421744e-02,-2.752748e-02,3.332873e-08,7.352749e-07,8.036131e-06,1.033722e-03
861405184,11657077,10336862208,31553621,-6.423296e-02,-2.753989e-02,2.790303e-08,7.567065e-07,6.727902e-06,1.063853e-03
861667328,11657083,10340007936,31563133,-6.427724e-02,-2.756011e-02,1.507081e-08,7.923052e-07,3.633831e-06,1.113901e-03
861929472,11657331,10343153664,31572547,-6.427633e-02,-2.756670e-02,1.529481e-08,8.040804e-07,3.687842e-06,1.130455e-03
862191616,11657622,10346299392,31582175,-6.425320e-02,-2.756243e-02,2.154989e-08,7.964256e-07,5.196048e-06,1.119694e-03
862453760,11657658,10349445120,31591683,-6.428409e-02,-2.755096e-02,1.343482e-08,7.760977e-07,3.239367e-06,1.091115e-03
862715904,11657663,10352590848,31601359,-6.427498e-02,-2.754466e-02,1.563019e-08,7.650317e-07,3.768707e-06,1.075557e-03
862978048,11658349,10355736576,31610892,-6.426943e-02,-2.756826e-02,1.704890e-08,8.068755e-07,4.110782e-06,1.134385e-03
863240192,11658585,10358882304,31620545,-6.423608e-02,-2.753871e-02,2.686984e-08,7.546502e-07,6.478782e-06,1.060962e-03
863502336,11659616,10362028032,31630017,-6.423631e-02,-2.754072e-02,2.679417e-08,7.581460e-07,6.460536e-06,1.065876e-03
863764480,11661003,10365173760,31639618,-6.423230e-02,-2.752729e-02,2.812251e-08,7.349491e-07,6.780821e-06,1.033264e-03
864026624,11661219,10368319488,31649150,-6.422962e-02,-2.754204e-02,2.902930e-08,7.604508e-07,6.999465e-06,1.069117e-03
864288768,11661347,10371465216,31658831,-6.421371e-02,-2.754584e-02,3.470557e-08,7.670956e-07,8.368111e-06,1.078459e-03
864550912,11661426,10374610944,31668639,-6.417705e-02,-2.754964e-02,4.970723e-08,7.737694e-07,1.198527e-05,1.087841e-03
864813056,11662291,10377756672,31678283,-6.418308e-02,-2.753229e-02,4.705587e-08,7.435492e-07,1.134598e-05,1.045355e-03
865075200,11662307,10380902400,31687834,-6.418985e-02,-2.751804e-02,4.416347e-08,7.191655e-07,1.064857e-05,1.011074e-03
865337344,11662368,10384048128,31697465,-6.423236e-02,-2.752290e-02,2.810502e-08,7.274378e-07,6.776605e-06,1.022704e-03
865599488,11662942,10387193856,31706975,-6.423640e-02,-2.756299e-02,2.676491e-08,7.974299e-07,6.453481e-06,1.121106e-03
865861632,11663247,10390339584,31716527,-6.425143e-02,-2.753032e-02,2.207365e-08,7.401576e-07,5.322337e-06,1.040587e-03
866123776,11663809,10393485312,31725997,-6.421950e-02,-2.752369e-02,3.257944e-08,7.287824e-07,7.855466e-06,1.024594e-03
866385920,11664229,10396631040,31735499,-6.423623e-02,-2.749926e-02,2.682101e-08,6.876704e-07,6.467008e-06,9.667948e-04
866648064,11664540,10399776768,31745159,-6.421448e-02,-2.750309e-02,3.441747e-08,6.940334e-07,8.298644e-06,9.757405e-04
866910208,11665678,10402922496,31754653,-6.420884e-02,-2.749398e-02,3.654482e-08,6.789372e-07,8.811585e-06,9.545168e-04
867172352,11667755,10406068224,31764256,-6.423540e-02,-2.750110e-02,2.709503e-08,6.907290e-07,6.533078e-06,9.710949e-04
867434496,11668407,10409213952,31774086,-6.422560e-02,-2.751322e-02,3.041647e-08,7.110222e-07,7.333936e-06,9.996251e-04
867696640,11669859,10412359680,31783784,-6.422101e-02,-2.752394e-02,3.203840e-08,7.292118e-07,7.725012e-06,1.025198e-03
867958784,11673819,10415505408,31793384,-6.423799e-02,-2.746132e-02,2.624817e-08,6.261882e-07,6.328887e-06,8.803572e-04
868220928,11681013,10418651136,31803243,-6.418604e-02,-2.748810e-02,4.578135e-08,6.692934e-07,1.103867e-05,9.409587e-04
868483072,11687841,10421796864,31812861,-6.418713e-02,-2.746796e-02,4.531386e-08,6.367356e-07,1.092595e-05,8.951857e-04
868745216,11691982,10424942592,31822631,-6.419100e-02,-2.743353e-02,4.368254e-08,5.829722e-07,1.053261e-05,8.195999e-04
869007360,11700697,10428088320,31832321,-6.418331e-02,-2.747189e-02,4.695572e-08,6.430323e-07,1.132183e-05,9.040382e-04
869269504,11705790,10431234048,31842056,-6.418841e-02,-2.746361e-02,4.477307e-08,6.298105e-07,1.079556e-05,8.854497e-04
869531648,11712902,10434379776,31851736,-6.419158e-02,-2.746056e-02,4.343996e-08,6.249832e-07,1.047412e-05,8.786629e-04
869793792,11726320,10437525504,31861328,-6.420283e-02,-2.745692e-02,3.887686e-08,6.192388e-07,9.373881e-06,8.705870e-04
870055936,11729725,10440671232,31870727,-6.419212e-02,-2.742976e-02,4.321353e-08,5.772295e-07,1.041953e-05,8.115261e-04
870318080,11749019,10443816960,31880390,-6.420191e-02,-2.739939e-02,3.923909e-08,5.320063e-07,9.461220e-06,7.479468e-04
870580224,11778951,10446962688,31889699,-6.417721e-02,-2.742610e-02,4.963749e-08,5.716841e-07,1.196845e-05,8.037299e-04
870842368,11792724,10450108416,31899281,-6.419940e-02,-2.747455e-02,4.024013e-08,6.473082e-07,9.702590e-06,9.100497e-04
871104512,11811436,10453254144,31908894,-6.417311e-02,-2.745781e-02,5.148022e-08,6.206496e-07,1.241277e-05,8.725705e-04
871366656,11819889,10456399872,31918559,-6.419196e-02,-2.740315e-02,4.328171e-08,5.375119e-07,1.043597e-05,7.556872e-04
871628800,11820434,10459545600,31928182,-6.420417e-02,-2.738234e-02,3.834980e-08,5.074345e-07,9.246798e-06,7.134015e-04
871890944,11821956,10462691328,31937930,-6.418811e-02,-2.736198e-02,4.489928e-08,4.788339e-07,1.082599e-05,6.731920e-04
872153088,11842801,10465837056,31947526,-6.421228e-02,-2.736513e-02,3.524061e-08,4.832055e-07,8.497118e-06,6.793380e-04
872415232,11885607,10468982784,31957342,-6.422937e-02,-2.736255e-02,2.911569e-08,4.796282e-07,7.020293e-06,6.743086e-04
872677376,11898674,10472128512,31966948,-6.421543e-02,-2.736859e-02,3.406728e-08,4.880289e-07,8.214208e-06,6.861191e-04
872939520,11899610,10475274240,31976541,-6.418850e-02,-2.736134e-02,4.473524e-08,4.779475e-07,1.078644e-05,6.719457e-04
873201664,11903160,10478419968,31986012,-6.417936e-02,-2.732926e-02,4.868267e-08,4.346200e-07,1.173823e-05,6.110316e-04
873463808,11904047,10481565696,31995307,-6.413122e-02,-2.729300e-02,7.224653e-08,3.881346e-07,1.741988e-05,5.456779e-04
873725952,11904807,10484711424,32004935,-6.409443e-02,-2.731502e-02,9.337343e-08,4.160520e-07,2.251394e-05,5.849270e-04
873988096,11905110,10487857152,32014370,-6.403427e-02,-2.734314e-02,1.337614e-07,4.531218e-07,3.225218e-05,6.370432e-04
874250240,11905476,10491002880,32024021,-6.398805e-02,-2.738289e-02,1.697028e-07,5.082097e-07,4.091828e-05,7.144914e-04
874512384,11905488,10494148608,32033733,-6.396651e-02,-2.739401e-02,1.879198e-07,5.241853e-07,4.531069e-05,7.369514e-04
874774528,11905526,10497294336,32043113,-6.392810e-02,-2.739801e-02,2.226942e-07,5.300002e-07,5.369541e-05,7.451265e-04
875036672,11906586,10500440064,32052647,-6.396295e-02,-2.739294e-02,1.910136e-07,5.226410e-07,4.605668e-05,7.347803e-04
875298816,11907278,10503585792,32062352,-6.397523e-02,-2.734617e-02,1.804317e-07,4.572059e-07,4.350519e-05,6.427850e-04
875560960,11907669,10506731520,32071982,-6.398459e-02,-2.735400e-02,1.725693e-07,4.678517e-07,4.160942e-05,6.577520e-04
875823104,11907820,10509877248,32081611,-6.403589e-02,-2.731294e-02,1.325814e-07,4.133676e-07,3.196767e-05,5.811529e-04
876085248,11908160,10513022976,32091220,-6.401312e-02,-2.736152e-02,1.496810e-07,4.781974e-07,3.609067e-05,6.722970e-04
876347392,11908213,10516168704,32100957,-6.404189e-02,-2.734843e-02,1.282443e-07,4.602639e-07,3.092191e-05,6.470843e-04
876609536,11908400,10519314432,32110477,-6.406072e-02,-2.733263e-02,1.151140e-07,4.390840e-07,2.775597e-05,6.173076e-04
876871680,11908594,10522460160,32120034,-6.401131e-02,-2.732930e-02,1.510852e-07,4.346790e-07,3.642924e-05,6.111145e-04
877133824,11909139,10525605888,32129560,-6.403228e-02,-2.732497e-02,1.352205e-07,4.289800e-07,3.260399e-05,6.031023e-04
877395968,11909428,10528751616,32139464,-6.402498e-02,-2.728527e-02,1.406437e-07,3.785628e-07,3.391163e-05,5.322208e-04
877658112,11909486,10531897344,32149051,-6.403001e-02,-2.723410e-02,1.368914e-07,3.182133e-07,3.300687e-05,4.473756e-04
877920256,11909731,10535043072,32158570,-6.404557e-02,-2.725403e-02,1.256217e-07,3.410938e-07,3.028957e-05,4.795433e-04
878182400,11909795,10538188800,32168087,-6.400634e-02,-2.723135e-02,1.549732e-07,3.151191e-07,3.736670e-05,4.430254e-04
878444544,11909846,10541334528,32177730,-6.402324e-02,-2.725789e-02,1.419488e-07,3.456102e-07,3.422631e-05,4.858928e-04
878706688,11909981,10544480256,32187408,-6.407455e-02,-2.723303e-02,1.059169e-07,3.170061e-07,2.553840e-05,4.456783e-04
878968832,11910122,10547625984,32196936,-6.403305e-02,-2.724029e-02,1.346512e-07,3.252262e-07,3.246673e-05,4.572350e-04
879230976,11910517,10550771712,32206453,-6.401668e-02,-2.724942e-02,1.469380e-07,3.357302e-07,3.542928e-05,4.720027e-04
879493120,11910605,10553917440,32216090,-6.401595e-02,-2.720380e-02,1.474983e-07,2.849430e-07,3.556438e-05,4.006010e-04
879755264,11910669,10557063168,32225537,-6.406870e-02,-2.719915e-02,1.097630e-07,2.800052e-07,2.646574e-05,3.936589e-04
880017408,11910687,10560208896,32235083,-6.403954e-02,-2.721198e-02,1.299308e-07,2.937417e-07,3.132854e-05,4.129711e-04
880279552,11911253,10563354624,32244709,-6.400665e-02,-2.722824e-02,1.547269e-07,3.116302e-07,3.730732e-05,4.381204e-04
880541696,11911355,10566500352,32254443,-6.403328e-02,-2.719604e-02,1.344873e-07,2.767189e-07,3.242719e-05,3.890388e-04
880803840,11911389,10569646080,32264002,-6.404290e-02,-2.721953e-02,1.275249e-07,3.019839e-07,3.074846e-05,4.245587e-04
881065984,11911814,10572791808,32273723,-6.409887e-02,-2.722919e-02,9.067935e-08,3.126959e-07,2.186435e-05,4.396187e-04
881328128,11912242,10575937536,32283251,-6.410747e-02,-2.727021e-02,8.557506e-08,3.602491e-07,2.063362e-05,5.064738e-04
881590272,11913087,10579083264,32293085,-6.412831e-02,-2.728293e-02,7.381702e-08,3.756802e-07,1.779855e-05,5.281683e-04
881852416,11914107,10582228992,32302513,-6.413663e-02,-2.723863e-02,6.936406e-08,3.233360e-07,1.672487e-05,4.545777e-04
882114560,11914288,10585374720,32312103,-6.413492e-02,-2.722168e-02,7.026964e-08,3.043550e-07,1.694322e-05,4.278923e-04
882376704,11915634,10588520448,32321935,-6.412553e-02,-2.726813e-02,7.533485e-08,3.577604e-07,1.816453e-05,5.029748e-04
882638848,11916876,10591666176,32331359,-6.410529e-02,-2.724889e-02,8.685703e-08,3.351197e-07,2.094273e-05,4.711443e-04
882900992,11916996,10594811904,32340864,-6.409232e-02,-2.725303e-02,9.466648e-08,3.399286e-07,2.282572e-05,4.779052e-04
883163136,11918146,10597957632,32350442,-6.412773e-02,-2.724812e-02,7.413314e-08,3.342253e-07,1.787478e-05,4.698868e-04
883425280,11918953,10601103360,32360039,-6.409971e-02,-2.727570e-02,9.017300e-08,3.668754e-07,2.174227e-05,5.157896e-04
883687424,11919853,10604249088,32369707,-6.413129e-02,-2.729215e-02,7.220648e-08,3.870654e-07,1.741023e-05,5.441747e-04
883949568,11920520,10607394816,32379333,-6.409512e-02,-2.732446e-02,9.295499e-08,4.283239e-07,2.241305e-05,6.021800e-04
884211712,11921000,10610540544,32388970,-6.404100e-02,-2.731357e-02,1.288801e-07,4.141799e-07,3.107522e-05,5.822949e-04
884473856,11921417,10613686272,32398595,-6.403159e-02,-2.728949e-02,1.357251e-07,3.837629e-07,3.272565e-05,5.395316e-04
884736000,11922497,10616832000,32408165,-6.402281e-02,-2.728944e-02,1.422746e-07,3.837098e-07,3.430487e-05,5.394570e-04
884998144,11922655,10619977728,32417758,-6.400982e-02,-2.731654e-02,1.522458e-07,4.180199e-07,3.670909e-05,5.876936e-04
885260288,11924682,10623123456,32427465,-6.400933e-02,-2.731423e-02,1.526240e-07,4.150291e-07,3.680027e-05,5.834888e-04
885522432,11925778,10626269184,32437289,-6.402110e-02,-2.729724e-02,1.435647e-07,3.934256e-07,3.461591e-05,5.531164e-04
885784576,11927330,10629414912,32446558,-6.401155e-02,-2.726197e-02,1.508941e-07,3.504318e-07,3.638317e-05,4.926716e-04
886046720,11928754,10632560640,32456120,-6.398100e-02,-2.723892e-02,1.755658e-07,3.236666e-07,4.233194e-05,4.550423e-04
886308864,11930675,10635706368,32465637,-6.401844e-02,-2.720651e-02,1.455874e-07,2.878438e-07,3.510363e-05,4.046791e-04
886571008,11933612,10638852096,32475431,-6.400773e-02,-2.721120e-02,1.538782e-07,2.929024e-07,3.710268e-05,4.117911e-04
886833152,11938571,10641997824,32484952,-6.402437e-02,-2.724586e-02,1.411023e-07,3.316137e-07,3.402220e-05,4.662152e-04
887095296,11941180,10645143552,32494819,-6.404892e-02,-2.724468e-02,1.232563e-07,3.302593e-07,2.971922e-05,4.643110e-04
887357440,11950687,10648289280,32504339,-6.405149e-02,-2.725575e-02,1.214633e-07,3.431028e-07,2.928688e-05,4.823676e-04
887619584,11972102,10651435008,32513697,-6.406328e-02,-2.722949e-02,1.133814e-07,3.130334e-07,2.733821e-05,4.400932e-04
887881728,11975987,10654580736,32523374,-6.410465e-02,-2.718583e-02,8.723072e-08,2.660861e-07,2.103283e-05,3.740901e-04
888143872,11998527,10657726464,32532995,-6.409377e-02,-2.716940e-02,9.377912e-08,2.493979e-07,2.261176e-05,3.506281e-04
888406016,12003024,10660872192,32542611,-6.407506e-02,-2.716475e-02,1.055874e-07,2.447815e-07,2.545895e-05,3.441379e-04
888668160,12027037,10664017920,32552306,-6.402420e-02,-2.717914e-02,1.412311e-07,2.592189e-07,3.405326e-05,3.644355e-04
888930304,12033979,10667163648,32561955,-6.406525e-02,-2.713442e-02,1.120606e-07,2.156832e-07,2.701975e-05,3.032287e-04
889192448,12098890,10670309376,32571531,-6.399994e-02,-2.718436e-02,1.600531e-07,2.645702e-07,3.859156e-05,3.719588e-04
889454592,12099994,10673455104,32581228,-6.396836e-02,-2.713285e-02,1.863148e-07,2.142272e-07,4.492370e-05,3.011817e-04
889716736,12101032,10676600832,32590833,-6.397417e-02,-2.714222e-02,1.813316e-07,2.229879e-07,4.372217e-05,3.134983e-04
889978880,12101447,10679746560,32600466,-6.399996e-02,-2.715654e-02,1.600352e-07,2.367245e-07,3.858725e-05,3.328106e-04
890241024,12101855,10682892288,32609944,-6.398987e-02,-2.714116e-02,1.682083e-07,2.219916e-07,4.055793e-05,3.120977e-04
890503168,12102819,10686038016,32619598,-6.398719e-02,-2.714418e-02,1.704157e-07,2.248476e-07,4.109015e-05,3.161130e-04
890765312,12102885,10689183744,32629300,-6.401622e-02,-2.713774e-02,1.472866e-07,2.187790e-07,3.551335e-05,3.075810e-04
891027456,12103213,10692329472,32638769,-6.401658e-02,-2.712177e-02,1.470123e-07,2.040942e-07,3.544719e-05,2.869357e-04
891289600,12103419,10695475200,32648307,-6.399413e-02,-2.717155e-02,1.647308e-07,2.515550e-07,3.971942e-05,3.536608e-04
891551744,12103782,10698620928,32657782,-6.398939e-02,-2.719452e-02,1.686058e-07,2.751221e-07,4.065377e-05,3.867938e-04
891813888,12103845,10701766656,32667297,-6.395788e-02,-2.722381e-02,1.954744e-07,3.067107e-07,4.713225e-05,4.312041e-04
892076032,12103854,10704912384,32676645,-6.394451e-02,-2.723796e-02,2.074723e-07,3.225824e-07,5.002514e-05,4.535181e-04
892338176,12104054,10708058112,32686400,-6.395093e-02,-2.723237e-02,2.016695e-07,3.162598e-07,4.862599e-05,4.446292e-04
892600320,12104221,10711203840,32696221,-6.390912e-02,-2.726401e-02,2.409647e-07,3.528486e-07,5.810072e-05,4.960693e-04
892862464,12104330,10714349568,32705886,-6.390596e-02,-2.727124e-02,2.440761e-07,3.614867e-07,5.885094e-05,5.082136e-04
893124608,12104511,10717495296,32715582,-6.395051e-02,-2.725272e-02,2.020444e-07,3.395595e-07,4.871639e-05,4.773862e-04
893386752,12105335,10720641024,32725028,-6.394152e-02,-2.726256e-02,2.102029e-07,3.511224e-07,5.068355e-05,4.936425e-04
893648896,12105394,10723786752,32734498,-6.392227e-02,-2.724483e-02,2.282271e-07,3.304327e-07,5.502949e-05,4.645549e-04
893911040,12105444,10726932480,32744205,-6.393223e-02,-2.724726e-02,2.188086e-07,3.332267e-07,5.275852e-05,4.684830e-04
894173184,12106509,10730078208,32753713,-6.392185e-02,-2.726704e-02,2.286331e-07,3.564536e-07,5.512737e-05,5.011376e-04
894435328,12106566,10733223936,32763422,-6.398440e-02,-2.725315e-02,1.727241e-07,3.400590e-07,4.164674e-05,4.780884e-04
894697472,12106642,10736369664,32773029,-6.398627e-02,-2.725128e-02,1.711731e-07,3.378922e-07,4.127279e-05,4.750422e-04
894959616,12106680,10739515392,32782813,-6.399443e-02,-2.723164e-02,1.644889e-07,3.154349e-07,3.966111e-05,4.434695e-04
895221760,12106691,10742661120,32792313,-6.398907e-02,-2.718863e-02,1.688690e-07,2.689783e-07,4.071723e-05,3.781562e-04
895483904,12106835,10745806848,32801883,-6.397923e-02,-2.718375e-02,1.770487e-07,2.639363e-07,4.268948e-05,3.710677e-04
895746048,12106970,10748952576,32811196,-6.400663e-02,-2.716137e-02,1.547445e-07,2.414458e-07,3.731156e-05,3.394483e-04
896008192,12107473,10752098304,32820847,-6.399279e-02,-2.714928e-02,1.658212e-07,2.297084e-07,3.998234e-05,3.229468e-04
896270336,12107522,10755244032,32830508,-6.399580e-02,-2.717528e-02,1.633788e-07,2.553114e-07,3.939345e-05,3.589419e-04
896532480,12108347,10758389760,32839923,-6.403539e-02,-2.713234e-02,1.329452e-07,2.137585e-07,3.205538e-05,3.005227e-04
896794624,12108524,10761535488,32849324,-6.399128e-02,-2.712671e-02,1.670553e-07,2.085801e-07,4.027990e-05,2.932425e-04
897056768,12109273,10764681216,32859047,-6.398736e-02,-2.712871e-02,1.702742e-07,2.104165e-07,4.105604e-05,2.958242e-04
897318912,12110765,10767826944,32868731,-6.396010e-02,-2.711691e-02,1.935161e-07,1.997269e-07,4.666006e-05,2.807958e-04
897581056,12110949,10770972672,32878243,-6.397745e-02,-2.709213e-02,1.785504e-07,1.781901e-07,4.305157e-05,2.505172e-04
897843200,12111076,10774118400,32887575,-6.400610e-02,-2.710247e-02,1.551609e-07,1.870278e-07,3.741198e-05,2.629420e-04
898105344,12111354,10777264128,32897122,-6.399027e-02,-2.710560e-02,1.678785e-07,1.897490e-07,4.047840e-05,2.667679e-04
898367488,12112024,10780409856,32906576,-6.403255e-02,-2.714500e-02,1.350178e-07,2.256291e-07,3.255513e-05,3.172116e-04
898629632,12112114,10783555584,32916186,-6.402748e-02,-2.714930e-02,1.387723e-07,2.297281e-07,3.346040e-05,3.229744e-04
898891776,12112141,10786701312,32925867,-6.402034e-02,-2.718832e-02,1.441468e-07,2.686596e-07,3.475627e-05,3.777081e-04
899153920,12112964,10789847040,32935413,-6.405714e-02,-2.718795e-02,1.175535e-07,2.682736e-07,2.834418e-05,3.771654e-04
899416064,12113421,10792992768,32944846,-6.409150e-02,-2.721152e-02,9.517147e-08,2.932493e-07,2.294748e-05,4.122788e-04
899678208,12114072,10796138496,32954541,-6.411575e-02,-2.714012e-02,8.080065e-08,2.210115e-07,1.948243e-05,3.107198e-04
899940352,12114446,10799284224,32964236,-6.411783e-02,-2.712299e-02,7.961900e-08,2.051963e-07,1.919751e-05,2.884852e-04
900202496,12114742,10802429952,32973577,-6.411695e-02,-2.707648e-02,8.012014e-08,1.652256e-07,1.931834e-05,2.322904e-04
900464640,12115210,10805575680,32983063,-6.414407e-02,-2.709924e-02,6.549886e-08,1.842462e-07,1.579290e-05,2.590315e-04
900726784,12117634,10808721408,32992811,-6.414333e-02,-2.705101e-02,6.588078e-08,1.451684e-07,1.588499e-05,2.040920e-04
900988928,12118554,10811867136,33002477,-6.415457e-02,-2.704211e-02,6.023568e-08,1.384630e-07,1.452386e-05,1.946650e-04
901251072,12119742,10815012864,33012360,-6.415754e-02,-2.704881e-02,5.878891e-08,1.434941e-07,1.417502e-05,2.017381e-04
901513216,12123601,10818158592,33021785,-6.414641e-02,-2.704060e-02,6.431063e-08,1.373411e-07,1.550640e-05,1.930876e-04
901775360,12130986,10821304320,33031526,-6.418676e-02,-2.697983e-02,4.547261e-08,9.599380e-08,1.096423e-05,1.349575e-04
902037504,12137906,10824450048,33041097,-6.418908e-02,-2.693765e-02,4.448975e-08,7.163802e-08,1.072724e-05,1.007158e-04
902299648,12141729,10827595776,33050730,-6.419546e-02,-2.694432e-02,4.183693e-08,7.524898e-08,1.008761e-05,1.057924e-04
902561792,12150632,10830741504,33060328,-6.417861e-02,-2.694555e-02,4.901531e-08,7.592597e-08,1.181843e-05,1.067442e-04
902823936,12157398,10833887232,33069983,-6.417666e-02,-2.694612e-02,4.988013e-08,7.624452e-08,1.202696e-05,1.071921e-04
903086080,12162959,10837032960,33079641,-6.414775e-02,-2.696371e-02,6.363224e-08,8.626627e-08,1.534283e-05,1.212816e-04
903348224,12177165,10840178688,33089183,-6.412667e-02,-2.693013e-02,7.471039e-08,6.766933e-08,1.801396e-05,9.513622e-05
903610368,12180467,10843324416,33098897,-6.417526e-02,-2.694434e-02,5.051111e-08,7.526329e-08,1.217910e-05,1.058126e-04
903872512,12198738,10846470144,33108671,-6.421115e-02,-2.693702e-02,3.566709e-08,7.130140e-08,8.599949e-06,1.002425e-04
904134656,12228823,10849615872,33118170,-6.419042e-02,-2.690225e-02,4.392268e-08,5.394156e-08,1.059051e-05,7.583635e-05
904396800,12242343,10852761600,33127871,-6.422071e-02,-2.691449e-02,3.214518e-08,5.977393e-08,7.750758e-06,8.403609e-05
904658944,12260973,10855907328,33137453,-6.422963e-02,-2.689295e-02,2.902676e-08,4.970473e-08,6.998853e-06,6.987981e-05
904921088,12269620,10859053056,33147189,-6.422867e-02,-2.686931e-02,2.935518e-08,3.972615e-08,7.078040e-06,5.585094e-05
905183232,12270408,10862198784,33156800,-6.426455e-02,-2.686127e-02,1.834712e-08,3.658329e-08,4.423808e-06,5.143239e-05
905445376,12271674,10865344512,33166459,-6.426036e-02,-2.692167e-02,1.950107e-08,6.333938e-08,4.702044e-06,8.904875e-05
905707520,12292367,10868490240,33176054,-6.428874e-02,-2.694268e-02,1.238034e-08,7.435341e-08,2.985113e-06,1.045333e-04
905969664,12334984,10871635968,33185713,-6.427948e-02,-2.691715e-02,1.452521e-08,6.108529e-08,3.502279e-06,8.587971e-05
906231808,12340444,10874781696,33195176,-6.427259e-02,-2.694535e-02,1.623391e-08,7.581824e-08,3.914276e-06,1.065927e-04
906493952,12341227,10877927424,33204656,-6.427483e-02,-2.693219e-02,1.566747e-08,6.874146e-08,3.777697e-06,9.664353e-05
906756096,12344828,10881073152,33214314,-6.427573e-02,-2.696908e-02,1.544259e-08,8.944622e-08,3.723475e-06,1.257523e-04
907018240,12345613,10884218880,33223874,-6.427263e-02,-2.700393e-02,1.622442e-08,1.115126e-07,3.911988e-06,1.567754e-04
907280384,12346646,10887364608,33233218,-6.425803e-02,-2.697835e-02,2.015571e-08,9.508185e-08,4.859889e-06,1.336754e-04
907542528,12346811,10890510336,33242863,-6.426655e-02,-2.694575e-02,1.781018e-08,7.603585e-08,4.294342e-06,1.068987e-04
907804672,12347133,10893656064,33252494,-6.424803e-02,-2.693883e-02,2.309473e-08,7.227057e-08,5.568536e-06,1.016051e-04
908066816,12347203,10896801792,33262108,-6.429239e-02,-2.696691e-02,1.157964e-08,8.815849e-08,2.792051e-06,1.239419e-04
908328960,12347298,10899947520,33271478,-6.428896e-02,-2.696970e-02,1.233065e-08,8.982209e-08,2.973132e-06,1.262807e-04
908591104,12348446,10903093248,33281198,-6.429555e-02,-2.699335e-02,1.091129e-08,1.045538e-07,2.630901e-06,1.469920e-04
908853248,12349065,10906238976,33290761,-6.430610e-02,-2.696570e-02,8.818547e-09,8.743658e-08,2.126304e-06,1.229270e-04
909115392,12349589,10909384704,33300307,-6.427000e-02,-2.696480e-02,1.689941e-08,8.690863e-08,4.074739e-06,1.221847e-04
909377536,12349705,10912530432,33309717,-6.423810e-02,-2.696481e-02,2.621197e-08,8.691303e-08,6.320158e-06,1.221909e-04
909639680,12349918,10915676160,33319163,-6.428151e-02,-2.691685e-02,1.404084e-08,6.093531e-08,3.385487e-06,8.566886e-05
909901824,12350124,10918821888,33328849,-6.432087e-02,-2.691254e-02,6.261971e-09,5.882504e-08,1.509869e-06,8.270206e-05
910163968,12350281,10921967616,33338609,-6.431913e-02,-2.690700e-02,6.539731e-09,5.616864e-08,1.576842e-06,7.896740e-05
910426112,12350296,10925113344,33347975,-6.431653e-02,-2.691949e-02,6.968293e-09,6.224440e-08,1.680176e-06,8.750932e-05
910688256,12351031,10928259072,33357778,-6.428882e-02,-2.692771e-02,1.236045e-08,6.641444e-08,2.980318e-06,9.337196e-05
910950400,12351413,10931404800,33367032,-6.427074e-02,-2.688425e-02,1.670818e-08,4.590498e-08,4.028630e-06,6.453775e-05
911212544,12351517,10934550528,33376653,-6.426106e-02,-2.685927e-02,1.930389e-08,3.582344e-08,4.654500e-06,5.036413e-05
911474688,12351737,10937696256,33386003,-6.426366e-02,-2.682465e-02,1.859013e-08,2.391772e-08,4.482400e-06,3.362590e-05
911736832,12351766,10940841984,33395415,-6.427491e-02,-2.684736e-02,1.564882e-08,3.145827e-08,3.773200e-06,4.422714e-05
911998976,12351834,10943987712,33405150,-6.431150e-02,-2.683702e-02,7.831895e-09,2.789557e-08,1.888405e-06,3.921834e-05
912261120,12351860,10947133440,33414724,-6.432937e-02,-2.685171e-02,4.988809e-09,3.301865e-08,1.202888e-06,4.642087e-05
912523264,12351907,10950279168,33424348,-6.437030e-02,-2.680487e-02,8.824146e-10,1.818902e-08,2.127654e-07,2.557192e-05
912785408,12352359,10953424896,33433898,-6.436830e-02,-2.686176e-02,1.005031e-09,3.677378e-08,2.423303e-07,5.170020e-05
913047552,12352602,10956570624,33443421,-6.436314e-02,-2.685842e-02,1.358514e-09,3.550405e-08,3.275611e-07,4.991509e-05
913309696,12352687,10959716352,33453152,-6.434624e-02,-2.686630e-02,2.890502e-09,3.853313e-08,6.969499e-07,5.417367e-05
913571840,12352696,10962862080,33462861,-6.432982e-02,-2.688164e-02,4.925860e-09,4.479042e-08,1.187710e-06,6.297078e-05
913833984,12353091,10966007808,33472623,-6.433793e-02,-2.688838e-02,3.852783e-09,4.768993e-08,9.289723e-07,6.704720e-05
914096128,12353117,10969153536,33482105,-6.437303e-02,-2.691427e-02,7.274403e-10,5.966923e-08,1.753984e-07,8.388890e-05
914358272,12353120,10972299264,33491924,-6.442651e-02,-2.694482e-02,7.027359e-10,7.552617e-08,1.694417e-07,1.061821e-04
914620416,12353768,10975444992,33501486,-6.442293e-02,-2.694265e-02,5.255756e-10,7.433918e-08,1.267253e-07,1.045134e-04
914882560,12354090,10978590720,33511014,-6.444470e-02,-2.694387e-02,1.997735e-09,7.500494e-08,4.816884e-07,1.054493e-04
915144704,12354940,10981736448,33520594,-6.445453e-02,-2.696826e-02,2.973608e-09,8.895778e-08,7.169881e-07,1.250656e-04
915406848,12355856,10984882176,33530158,-6.442793e-02,-2.696057e-02,7.802093e-10,8.443354e-08,1.881219e-07,1.187050e-04
915668992,12356248,10988027904,33539749,-6.440150e-02,-2.696609e-02,2.242706e-12,8.766696e-08,5.407551e-10,1.232509e-04
915931136,12357480,10991173632,33549396,-6.443325e-02,-2.695656e-02,1.105196e-09,8.211799e-08,2.664818e-07,1.154496e-04
916193280,12358969,10994319360,33558994,-6.443980e-02,-2.693762e-02,1.584120e-09,7.161808e-08,3.819585e-07,1.006877e-04
916455424,12359074,10997465088,33568690,-6.438628e-02,-2.695413e-02,1.883473e-10,8.072866e-08,4.541379e-08,1.134963e-04
916717568,12360062,11000610816,33578250,-6.437992e-02,-2.695049e-02,4.034781e-10,7.867472e-08,9.728552e-08,1.106087e-04
916979712,12361015,11003756544,33587620,-6.435999e-02,-2.693441e-02,1.600770e-09,6.991261e-08,3.859731e-07,9.829005e-05
917241856,12361676,11006902272,33597259,-6.435299e-02,-2.691481e-02,2.210238e-09,5.993343e-08,5.329263e-07,8.426031e-05
917504000,12362514,11010048000,33606872,-6.433299e-02,-2.696343e-02,4.490410e-09,8.609894e-08,1.082715e-06,1.210464e-04
917766144,12362809,11013193728,33616438,-6.432699e-02,-2.698300e-02,5.330203e-09,9.797063e-08,1.285204e-06,1.377368e-04
918028288,12363261,11016339456,33626006,-6.430231e-02,-2.702477e-02,9.543729e-09,1.258608e-07,2.301158e-06,1.769476e-04
918290432,12364562,11019485184,33635407,-6.430767e-02,-2.700735e-02,8.525761e-09,1.138058e-07,2.055708e-06,1.599994e-04
918552576,12365013,11022630912,33645100,-6.430399e-02,-2.693649e-02,9.217571e-09,7.101620e-08,2.222515e-06,9.984156e-05
918814720,12366547,11025776640,33654543,-6.430574e-02,-2.691277e-02,8.885842e-09,5.893533e-08,2.142530e-06,8.285708e-05
919076864,12368131,11028922368,33664136,-6.432054e-02,-2.691375e-02,6.313962e-09,5.941199e-08,1.522405e-06,8.352722e-05
919339008,12369401,11032068096,33673831,-6.431607e-02,-2.693192e-02,7.044378e-09,6.860381e-08,1.698521e-06,9.645000e-05
919601152,12370749,11035213824,33683302,-6.429647e-02,-2.692829e-02,1.071914e-08,6.671624e-08,2.584569e-06,9.379625e-05
919863296,12372631,11038359552,33692973,-6.427973e-02,-2.692457e-02,1.446601e-08,6.480851e-08,3.488004e-06,9.111420e-05
920125440,12375696,11041505280,33702569,-6.427202e-02,-2.690166e-02,1.638043e-08,5.366505e-08,3.949605e-06,7.544761e-05
920387584,12380731,11044651008,33712256,-6.426134e-02,-2.688647e-02,1.922736e-08,4.685729e-08,4.636048e-06,6.587660e-05
920649728,12383016,11047796736,33721717,-6.422059e-02,-2.686334e-02,3.218794e-08,3.737991e-08,7.761067e-06,5.255236e-05
920911872,12392561,11050942464,33731323,-6.424751e-02,-2.683306e-02,2.325351e-08,2.658846e-08,5.606823e-06,3.738068e-05
921174016,12414003,11054088192,33740798,-6.426338e-02,-2.684578e-02,1.866538e-08,3.089981e-08,4.500544e-06,4.344200e-05
921436160,12418000,11057233920,33750389,-6.424695e-02,-2.683571e-02,2.342425e-08,2.745926e-08,5.647990e-06,3.860493e-05
921698304,12440417,11060379648,33759818,-6.423589e-02,-2.683984e-02,2.693339e-08,2.884489e-08,6.494103e-06,4.055300e-05
921960448,12448420,11063525376,33769362,-6.424905e-02,-2.684112e-02,2.278778e-08,2.928374e-08,5.494525e-06,4.116997e-05
922222592,12468784,11066671104,33778925,-6.426021e-02,-2.686444e-02,1.954063e-08,3.780534e-08,4.711582e-06,5.315046e-05
922484736,12475904,11069816832,33788689,-6.424093e-02,-2.689096e-02,2.530560e-08,4.882168e-08,6.101616e-06,6.863832e-05
922746880,12541897,11072962560,33798332,-6.427223e-02,-2.689622e-02,1.632517e-08,5.117386e-08,3.936281e-06,7.194525e-05
923009024,12548565,11076108288,33807859,-6.429923e-02,-2.689151e-02,1.015591e-08,4.906810e-08,2.448766e-06,6.898477e-05
923271168,12550868,11079254016,33817311,-6.431954e-02,-2.684456e-02,6.473622e-09,3.047042e-08,1.560902e-06,4.283832e-05
923533312,12551405,11082399744,33826970,-6.433571e-02,-2.684407e-02,4.133340e-09,3.030029e-08,9.966194e-07,4.259913e-05
923795456,12551723,11085545472,33836661,-6.435196e-02,-2.680965e-02,2.307971e-09,1.950107e-08,5.564915e-07,2.741653e-05
924057600,12552691,11088691200,33846252,-6.433496e-02,-2.681686e-02,4.230666e-09,2.156793e-08,1.020086e-06,3.032233e-05
924319744,12552696,11091836928,33856057,-6.434027e-02,-2.684428e-02,3.567829e-09,3.037296e-08,8.602649e-07,4.270130e-05
924581888,12552827,11094982656,33865715,-6.433719e-02,-2.680502e-02,3.944894e-09,1.823024e-08,9.511820e-07,2.562987e-05
924844032,12553021,11098128384,33875353,-6.437427e-02,-2.682544e-02,6.622545e-10,2.416205e-08,1.596810e-07,3.396939e-05
925106176,12553499,11101274112,33885051,-6.435019e-02,-2.677515e-02,2.481493e-09,1.105653e-08,5.983306e-07,1.554436e-05
925368320,12553704,11104419840,33894734,-6.431885e-02,-2.676445e-02,6.585602e-09,8.920641e-09,1.587902e-06,1.254152e-05
925630464,12553878,11107565568,33904388,-6.427930e-02,-2.679802e-02,1.457015e-08,1.638854e-08,3.513113e-06,2.304063e-05
925892608,12553905,11110711296,33913991,-6.428585e-02,-2.681004e-02,1.303030e-08,1.961256e-08,3.141830e-06,2.757327e-05
926154752,12553922,11113857024,33923642,-6.435454e-02,-2.682062e-02,2.066925e-09,2.268611e-08,4.983711e-07,3.189436e-05
926416896,12554277,11117002752,33933112,-6.432443e-02,-2.677609e-02,5.711012e-09,1.125563e-08,1.377024e-06,1.582427e-05
926679040,12554372,11120148480,33942665,-6.438907e-02,-2.678170e-02,1.194649e-10,1.247627e-08,2.880505e-08,1.754037e-05
926941184,12554869,11123294208,33952361,-6.442198e-02,-2.685099e-02,4.830858e-10,3.275652e-08,1.164803e-07,4.605236e-05
927203328,12554930,11126439936,33962156,-6.442182e-02,-2.685468e-02,4.759073e-10,3.410580e-08,1.147494e-07,4.794928e-05
927465472,12555257,11129585664,33971979,-6.446000e-02,-2.688660e-02,3.599943e-09,4.691779e-08,8.680083e-07,6.596165e-05
927727616,12556330,11132731392,33981612,-6.442385e-02,-2.686697e-02,5.687895e-10,3.879831e-08,1.371450e-07,5.454649e-05
927989760,12556598,11135877120,33991179,-6.442855e-02,-2.686879e-02,8.147128e-10,3.951926e-08,1.964413e-07,5.556007e-05
928251904,12556649,11139022848,34000658,-6.443043e-02,-2.687032e-02,9.258736e-10,4.012886e-08,2.232441e-07,5.641711e-05
928514048,12556687,11142168576,34010208,-6.438942e-02,-2.682033e-02,1.119327e-10,2.260034e-08,2.698890e-08,3.177378e-05
928776192,12556740,11145314304,34019751,-6.436583e-02,-2.686464e-02,1.167986e-09,3.788360e-08,2.816216e-07,5.326050e-05
929038336,12556756,11148460032,34029401,-6.438336e-02,-2.684109e-02,2.770426e-10,2.927163e-08,6.679975e-08,4.115294e-05
929300480,12557012,11151605760,34038967,-6.440376e-02,-2.682852e-02,1.415673e-11,2.512990e-08,3.413432e-09,3.533010e-05
929562624,12557524,11154751488,34048600,-6.435388e-02,-2.688647e-02,2.127658e-09,4.685729e-08,5.130150e-07,6.587660e-05
929824768,12557537,11157897216,34058266,-6.434480e-02,-2.688680e-02,3.047189e-09,4.700417e-08,7.347298e-07,6.608309e-05
930086912,12558374,11161042944,34067899,-6.429514e-02,-2.686586e-02,1.099707e-08,3.836221e-08,2.651583e-06,5.393337e-05
930349056,12558504,11164188672,34077566,-6.429350e-02,-2.683513e-02,1.134195e-08,2.726884e-08,2.734740e-06,3.833723e-05
930611200,12558961,11167334400,34087251,-6.428929e-02,-2.682896e-02,1.225795e-08,2.526769e-08,2.955603e-06,3.552380e-05
930873344,12560650,11170480128,34097119,-6.425365e-02,-2.683579e-02,2.141884e-08,2.748767e-08,5.164451e-06,3.864487e-05
931135488,12560879,11173625856,34106626,-6.431084e-02,-2.683152e-02,7.949701e-09,2.608908e-08,1.916810e-06,3.667859e-05
931397632,12560964,11176771584,34116320,-6.433949e-02,-2.681798e-02,3.661898e-09,2.189965e-08,8.829466e-07,3.078868e-05
931659776,12561495,11179917312,34126126,-6.436823e-02,-2.680968e-02,1.009760e-09,1.951096e-08,2.434706e-07,2.743042e-05
931921920,12561732,11183063040,34135551,-6.434773e-02,-2.681913e-02,2.732495e-09,2.223945e-08,6.588516e-07,3.126641e-05
932184064,12561804,11186208768,34145221,-6.437346e-02,-2.681435e-02,7.043168e-10,2.083621e-08,1.698229e-07,2.929360e-05
932446208,12562134,11189354496,34154844,-6.434417e-02,-2.684095e-02,3.117508e-09,2.922385e-08,7.516849e-07,4.108577e-05
932708352,12563101,11192500224,34164395,-6.438881e-02,-2.685201e-02,1.252334e-10,3.312840e-08,3.019592e-08,4.657517e-05
932970496,12563674,11195645952,34173995,-6.440135e-02,-2.682128e-02,1.818601e-12,2.288686e-08,4.384960e-10,3.217661e-05
933232640,12564400,11198791680,34183951,-6.440315e-02,-2.681388e-02,9.932555e-12,2.070253e-08,2.394910e-09,2.910566e-05
933494784,12564788,11201937408,34193609,-6.444468e-02,-2.680992e-02,1.996403e-09,1.957762e-08,4.813673e-07,2.752415e-05
933756928,12564882,11205083136,34203468,-6.444212e-02,-2.677926e-02,1.773937e-09,1.193794e-08,4.277268e-07,1.678354e-05
934019072,12565072,11208228864,34213120,-6.441247e-02,-2.679010e-02,1.553718e-10,1.442526e-08,3.746281e-08,2.028046e-05
934281216,12567812,11211374592,34222692,-6.440986e-02,-2.676164e-02,9.716278e-11,8.398623e-09,2.342762e-08,1.180761e-05
934543360,12568902,11214520320,34232104,-6.440284e-02,-2.674563e-02,8.058054e-12,5.720024e-09,1.942936e-09,8.041775e-06
934805504,12569573,11217666048,34241605,-6.438744e-02,-2.674610e-02,1.577958e-10,5.791529e-09,3.804728e-08,8.142301e-06
935067648,12573551,11220811776,34251030,-6.437548e-02,-2.673478e-02,6.015890e-10,4.196328e-09,1.450535e-07,5.899612e-06
935329792,12580976,11223957504,34260772,-6.432915e-02,-2.675584e-02,5.020434e-09,7.367866e-09,1.210513e-06,1.035847e-05
935591936,12588009,11227103232,34270345,-6.434738e-02,-2.676113e-02,2.769228e-09,8.304322e-09,6.677084e-07,1.167503e-05
935854080,12591662,11230248960,34280086,-6.433338e-02,-2.673222e-02,4.438636e-09,3.871303e-09,1.070232e-06,5.442660e-06
936116224,12600574,11233394688,34289750,-6.432559e-02,-2.668688e-02,5.537800e-09,2.850362e-10,1.335259e-06,4.007320e-07
936378368,12609383,11236540416,34299407,-6.430188e-02,-2.667269e-02,9.628348e-09,7.244292e-12,2.321560e-06,1.018474e-08
936640512,12613011,11239686144,34309081,-6.434780e-02,-2.669442e-02,2.724711e-09,5.962102e-10,6.569748e-07,8.382110e-07
936902656,12628239,11242831872,34318699,-6.443364e-02,-2.664707e-02,1.131607e-09,5.255756e-10,2.728500e-07,7.389060e-07
937164800,12631216,11245977600,34328190,-6.447200e-02,-2.656575e-02,5.184347e-09,1.086853e-08,1.250035e-06,1.528005e-05
937426944,12648604,11249123328,34337689,-6.446727e-02,-2.654260e-02,4.524424e-09,1.623059e-08,1.090917e-06,2.281857e-05
937689088,12678994,11252269056,34347324,-6.445399e-02,-2.651619e-02,2.914586e-09,2.365860e-08,7.027569e-07,3.326159e-05
937951232,12692174,11255414784,34356919,-6.447146e-02,-2.654519e-02,5.106320e-09,1.557807e-08,1.231222e-06,2.190118e-05
938213376,12710883,11258560512,34366601,-6.448468e-02,-2.651147e-02,7.169999e-09,2.513049e-08,1.728811e-06,3.533093e-05
938475520,12719467,11261706240,34376331,-6.453001e-02,-2.650761e-02,1.690328e-08,2.636902e-08,4.075673e-06,3.707217e-05
938737664,12720547,11264851968,34385842,-6.453333e-02,-2.653380e-02,1.777639e-08,1.854952e-08,4.286194e-06,2.607874e-05
938999808,12721707,11267997696,34395375,-6.454673e-02,-2.655631e-02,2.153020e-08,1.292590e-08,5.191303e-06,1.817251e-05
939261952,12742343,11271143424,34404908,-6.455083e-02,-2.657779e-02,2.274955e-08,8.502730e-09,5.485309e-06,1.195398e-05
939524096,12781864,11274289152,34414382,-6.455832e-02,-2.655018e-02,2.506440e-08,1.435555e-08,6.043457e-06,2.018245e-05
939786240,12782683,11277434880,34424003,-6.455265e-02,-2.652411e-02,2.330126e-08,2.128330e-08,5.618334e-06,2.992216e-05
940048384,12784685,11280580608,34433648,-6.455840e-02,-2.654433e-02,2.509035e-08,1.579409e-08,6.049716e-06,2.220488e-05
940310528,12786428,11283726336,34443133,-6.454766e-02,-2.655113e-02,2.180218e-08,1.412926e-08,5.256881e-06,1.986431e-05
940572672,12787283,11286872064,34452783,-6.452443e-02,-2.653685e-02,1.548150e-08,1.772924e-08,3.732858e-06,2.492551e-05
940834816,12788410,11290017792,34462438,-6.454322e-02,-2.657084e-02,2.051269e-08,9.832662e-09,4.945962e-06,1.382372e-05
941096960,12788540,11293163520,34471911,-6.452037e-02,-2.659992e-02,1.448932e-08,4.910707e-09,3.493624e-06,6.903956e-06
941359104,12788816,11296309248,34481579,-6.454788e-02,-2.662264e-02,2.186824e-08,2.242933e-09,5.272808e-06,3.153337e-06
941621248,12788941,11299454976,34491293,-6.454658e-02,-2.664515e-02,2.148431e-08,6.173150e-10,5.180237e-06,8.678822e-07
941883392,12789000,11302600704,34501083,-6.450288e-02,-2.661266e-02,1.058380e-08,3.288051e-09,2.551938e-06,4.622666e-06
942145536,12790290,11305746432,34510618,-6.450571e-02,-2.664592e-02,1.117436e-08,5.798597e-10,2.694330e-06,8.152239e-07
942407680,12790849,11308892160,34520183,-6.449891e-02,-2.665222e-02,9.782488e-09,3.162235e-10,2.358726e-06,4.445781e-07
942669824,12791549,11312037888,34529766,-6.452259e-02,-2.663279e-02,1.502876e-08,1.384866e-09,3.623694e-06,1.946981e-06
942931968,12791575,11315183616,34539480,-6.450177e-02,-2.665542e-02,1.035662e-08,2.125450e-10,2.497160e-06,2.988167e-07
943194112,12791871,11318329344,34549221,-6.446611e-02,-2.669431e-02,4.370400e-09,5.907649e-10,1.053779e-06,8.305556e-07
943456256,12792072,11321475072,34558729,-6.445409e-02,-2.669795e-02,2.925860e-09,7.810420e-10,7.054751e-07,1.098066e-06
943718400,12792169,11324620800,34568305,-6.444369e-02,-2.673144e-02,1.908183e-09,3.774565e-09,4.600958e-07,5.306655e-06
943980544,12792321,11327766528,34577919,-6.441853e-02,-2.674264e-02,3.433459e-10,5.276488e-09,8.278660e-08,7.418206e-06
944242688,12792852,11330912256,34587682,-6.437868e-02,-2.673570e-02,4.546943e-10,4.316632e-09,1.096346e-07,6.068748e-06
944504832,12793293,11334057984,34597087,-6.436517e-02,-2.673797e-02,1.213231e-09,4.619638e-09,2.925309e-07,6.494743e-06
944766976,12793520,11337203712,34606509,-6.434190e-02,-2.670464e-02,3.376432e-09,1.200290e-09,8.141160e-07,1.687486e-06
945029120,12793637,11340349440,34616105,-6.432985e-02,-2.675638e-02,4.921677e-09,7.461534e-09,1.186701e-06,1.049016e-05
945291264,12793702,11343495168,34625816,-6.429133e-02,-2.673670e-02,1.181007e-08,4.449066e-09,2.847612e-06,6.254936e-06
945553408,12793807,11346640896,34635324,-6.431029e-02,-2.676690e-02,8.048322e-09,9.389685e-09,1.940589e-06,1.320095e-05
945815552,12793902,11349786624,34644966,-6.430290e-02,-2.673469e-02,9.429074e-09,4.184753e-09,2.273512e-06,5.883338e-06
946077696,12793973,11352932352,34654398,-6.431145e-02,-2.676061e-02,7.841130e-09,8.209540e-09,1.890631e-06,1.154178e-05
946339840,12794180,11356078080,34663980,-6.430097e-02,-2.677691e-02,9.807558e-09,1.142900e-08,2.364771e-06,1.606802e-05
946601984,12794608,11359223808,34673565,-6.432080e-02,-2.675796e-02,6.272588e-09,7.737235e-09,1.512429e-06,1.087777e-05
946864128,12794672,11362369536,34683340,-6.432007e-02,-2.676679e-02,6.388778e-09,9.367678e-09,1.540444e-06,1.317001e-05
947126272,12794746,11365515264,34692946,-6.429981e-02,-2.678945e-02,1.003912e-08,1.426864e-08,2.420605e-06,2.006027e-05
947388416,12794774,11368660992,34702357,-6.430075e-02,-2.682710e-02,9.850400e-09,2.468016e-08,2.375101e-06,3.469781e-05
947650560,12794951,11371806720,34712144,-6.433260e-02,-2.681836e-02,4.542484e-09,2.201115e-08,1.095271e-06,3.094544e-05
947912704,12795081,11374952448,34721756,-6.430831e-02,-2.679719e-02,8.407844e-09,1.617843e-08,2.027276e-06,2.274523e-05
948174848,12795623,11378098176,34731561,-6.434502e-02,-2.680132e-02,3.022562e-09,1.724598e-08,7.287918e-07,2.424609e-05
948436992,12796001,11381243904,34741172,-6.437797e-02,-2.681602e-02,4.853811e-10,2.132136e-08,1.170338e-07,2.997566e-05
948699136,12796910,11384389632,34750869,-6.438056e-02,-2.682767e-02,3.778578e-10,2.486133e-08,9.110803e-08,3.495251e-05
948961280,12797609,11387535360,34760492,-6.441436e-02,-2.679333e-02,2.061312e-10,1.520970e-08,4.970178e-08,2.138329e-05
949223424,12798078,11390681088,34769939,-6.444100e-02,-2.682981e-02,1.680434e-09,2.553963e-08,4.051815e-07,3.590613e-05
949485568,12799359,11393826816,34779522,-6.442316e-02,-2.685458e-02,5.362191e-10,3.407072e-08,1.292916e-07,4.789997e-05
949747712,12800747,11396972544,34789070,-6.441868e-02,-2.684581e-02,3.488903e-10,3.090963e-08,8.412346e-08,4.345581e-05
950009856,12801168,11400118272,34798416,-6.442262e-02,-2.687989e-02,5.116627e-10,4.405238e-08,1.233707e-07,6.193318e-05
950272000,12801990,11403264000,34807865,-6.446845e-02,-2.688576e-02,4.685195e-09,4.655297e-08,1.129681e-06,6.544874e-05
950534144,12803087,11406409728,34817243,-6.448782e-02,-2.688405e-02,7.712352e-09,4.581563e-08,1.859581e-06,6.441213e-05
950796288,12803627,11409555456,34826696,-6.452971e-02,-2.685126e-02,1.682395e-08,3.285369e-08,4.056543e-06,4.618895e-05
951058432,12804577,11412701184,34836396,-6.453525e-02,-2.681782e-02,1.829065e-08,2.185116e-08,4.410191e-06,3.072051e-05
951320576,12804594,11415846912,34846047,-6.455944e-02,-2.682865e-02,2.541951e-08,2.517126e-08,6.129082e-06,3.538824e-05
951582720,12805103,11418992640,34855632,-6.458122e-02,-2.681883e-02,3.283816e-08,2.215176e-08,7.917845e-06,3.114312e-05
951844864,12806502,11422138368,34865200,-6.458964e-02,-2.684012e-02,3.596319e-08,2.893988e-08,8.671344e-06,4.068653e-05
952107008,12807599,11425284096,34874511,-6.460746e-02,-2.686605e-02,4.304024e-08,3.843594e-08,1.037774e-05,5.403703e-05
952369152,12808450,11428429824,34884049,-6.459310e-02,-2.691879e-02,3.728633e-08,6.189728e-08,8.990378e-06,8.702130e-05
952631296,12810506,11431575552,34893555,-6.460471e-02,-2.687089e-02,4.190706e-08,4.035680e-08,1.010451e-05,5.673756e-05
952893440,12811395,11434721280,34903265,-6.461554e-02,-2.685326e-02,4.645656e-08,3.358289e-08,1.120148e-05,4.721413e-05
953155584,12812706,11437867008,34912659,-6.456945e-02,-2.686752e-02,2.871281e-08,3.901508e-08,6.923153e-06,5.485124e-05
953417728,12814709,11441012736,34922434,-6.454162e-02,-2.688448e-02,2.005640e-08,4.600161e-08,4.835945e-06,6.467360e-05
953679872,12817653,11444158464,34932268,-6.453097e-02,-2.688982e-02,1.715217e-08,4.832086e-08,4.135685e-06,6.793423e-05
953942016,12822751,11447304192,34941774,-6.456997e-02,-2.684418e-02,2.888730e-08,3.033726e-08,6.965226e-06,4.265111e-05
954204160,12825156,11450449920,34951290,-6.456106e-02,-2.686360e-02,2.594007e-08,3.748153e-08,6.254596e-06,5.269523e-05
954466304,12834403,11453595648,34960938,-6.460071e-02,-2.684549e-02,4.028498e-08,3.079774e-08,9.713403e-06,4.329849e-05
954728448,12856032,11456741376,34970662,-6.456228e-02,-2.685886e-02,2.633515e-08,3.566920e-08,6.349860e-06,5.014727e-05
954990592,12859956,11459887104,34980349,-6.455774e-02,-2.686777e-02,2.488072e-08,3.911153e-08,5.999170e-06,5.498684e-05
955252736,12882288,11463032832,34990267,-6.454943e-02,-2.684792e-02,2.232898e-08,3.165548e-08,5.383902e-06,4.450439e-05
955514880,12893760,11466178560,35000396,-6.459527e-02,-2.688588e-02,3.812835e-08,4.660442e-08,9.193402e-06,6.552109e-05
955777024,12910618,11469324288,35010018,-6.457644e-02,-2.690691e-02,3.113009e-08,5.612627e-08,7.506000e-06,7.890785e-05
956039168,12917644,11472470016,35019718,-6.461897e-02,-2.685977e-02,4.794898e-08,3.601407e-08,1.156133e-05,5.063213e-05
956301312,12983799,11475615744,35029355,-6.458339e-02,-2.682256e-02,3.363138e-08,2.327454e-08,8.109105e-06,3.272164e-05
956563456,12998454,11478761472,35039146,-6.459577e-02,-2.679167e-02,3.832646e-08,1.480446e-08,9.241170e-06,2.081356e-05
956825600,13000760,11481907200,35048909,-6.460391e-02,-2.678230e-02,4.157826e-08,1.261104e-08,1.002524e-05,1.772984e-05
957087744,13001824,11485052928,35058615,-6.460061e-02,-2.678255e-02,4.024312e-08,1.266758e-08,9.703309e-06,1.780933e-05
957349888,13001871,11488198656,35068211,-6.458995e-02,-2.679729e-02,3.608197e-08,1.620308e-08,8.699985e-06,2.277988e-05
957612032,13002306,11491344384,35077959,-6.461842e-02,-2.676379e-02,4.770457e-08,8.795823e-09,1.150239e-05,1.236603e-05
957874176,13002647,11494490112,35087646,-6.458290e-02,-2.673585e-02,3.345126e-08,4.335989e-09,8.065676e-06,6.095962e-06
958136320,13002789,11497635840,35097118,-6.456694e-02,-2.678635e-02,2.786820e-08,1.353649e-08,6.719503e-06,1.903093e-05
958398464,13003069,11500781568,35106749,-6.460649e-02,-2.681959e-02,4.263622e-08,2.237688e-08,1.028033e-05,3.145962e-05
958660608,13003423,11503927296,35116357,-6.459047e-02,-2.679841e-02,3.627754e-08,1.648837e-08,8.747140e-06,2.318097e-05
958922752,13003644,11507073024,35126044,-6.458174e-02,-2.679246e-02,3.303016e-08,1.499681e-08,7.964140e-06,2.108400e-05
959184896,13003744,11510218752,35135514,-6.462358e-02,-2.679268e-02,4.998669e-08,1.505023e-08,1.205265e-05,2.115910e-05
959447040,13003818,11513364480,35145220,-6.460074e-02,-2.680754e-02,4.029695e-08,1.891611e-08,9.716288e-06,2.659413e-05
959709184,13004211,11516510208,35154932,-6.461603e-02,-2.677847e-02,4.666878e-08,1.176599e-08,1.125265e-05,1.654178e-05
959971328,13004295,11519655936,35164517,-6.457789e-02,-2.679737e-02,3.164487e-08,1.622300e-08,7.630124e-06,2.280789e-05
960233472,13004384,11522801664,35174151,-6.459120e-02,-2.678462e-02,3.655622e-08,1.313768e-08,8.814333e-06,1.847025e-05
960495616,13004622,11525947392,35183924,-6.461730e-02,-2.681501e-02,4.721763e-08,2.102701e-08,1.138498e-05,2.956184e-05
960757760,13004627,11529093120,35193393,-6.462370e-02,-2.681855e-02,5.004000e-08,2.206756e-08,1.206551e-05,3.102475e-05
961019904,13005272,11532238848,35202991,-6.465243e-02,-2.676609e-02,6.371872e-08,9.232599e-09,1.536368e-05,1.298010e-05
961282048,13006453,11535384576,35212677,-6.469214e-02,-2.681027e-02,8.534418e-08,1.967469e-08,2.057795e-05,2.766062e-05
961544192,13006650,11538530304,35222386,-6.470575e-02,-2.678352e-02,9.348274e-08,1.288697e-08,2.254030e-05,1.811777e-05
961806336,13006876,11541676032,35232151,-6.466174e-02,-2.679117e-02,6.850725e-08,1.468233e-08,1.651828e-05,2.064186e-05
962068480,13006905,11544821760,35241955,-6.466652e-02,-2.680280e-02,7.103407e-08,1.763710e-08,1.712754e-05,2.479597e-05
962330624,13006907,11547967488,35251678,-6.464295e-02,-2.684067e-02,5.902399e-08,2.912777e-08,1.423170e-05,4.095068e-05
962592768,13007133,11551113216,35261223,-6.462214e-02,-2.684296e-02,4.934576e-08,2.991633e-08,1.189811e-05,4.205932e-05
962854912,13007192,11554258944,35270713,-6.467254e-02,-2.678516e-02,7.427521e-08,1.326137e-08,1.790903e-05,1.864414e-05
963117056,13007550,11557404672,35280325,-6.465743e-02,-2.678503e-02,6.626764e-08,1.323093e-08,1.597827e-05,1.860135e-05
963379200,13007762,11560550400,35290013,-6.462330e-02,-2.674409e-02,4.986017e-08,5.489117e-09,1.202214e-05,7.717142e-06
963641344,13008534,11563696128,35299639,-6.458856e-02,-2.673755e-02,3.555461e-08,4.563599e-09,8.572828e-06,6.415957e-06
963903488,13008619,11566841856,35309365,-6.459359e-02,-2.677018e-02,3.747648e-08,1.003539e-08,9.036225e-06,1.410874e-05
964165632,13008937,11569987584,35318834,-6.460686e-02,-2.673518e-02,4.279020e-08,4.248858e-09,1.031745e-05,5.973464e-06
964427776,13010555,11573133312,35328660,-6.457946e-02,-2.669633e-02,3.220666e-08,6.931893e-10,7.765580e-06,9.745538e-07
964689920,13010937,11576279040,35338171,-6.458228e-02,-2.671359e-02,3.322544e-08,1.899893e-09,8.011224e-06,2.671056e-06
964952064,13011025,11579424768,35347770,-6.459813e-02,-2.674329e-02,3.925385e-08,5.372170e-09,9.464779e-06,7.552726e-06
965214208,13011579,11582570496,35357386,-6.456655e-02,-2.671086e-02,2.773651e-08,1.669304e-09,6.687751e-06,2.346872e-06
965476352,13011766,11585716224,35366845,-6.457639e-02,-2.671758e-02,3.111431e-08,2.263446e-09,7.502197e-06,3.182175e-06
965738496,13011800,11588861952,35376483,-6.454291e-02,-2.672464e-02,2.042315e-08,2.985606e-09,4.924373e-06,4.197459e-06
966000640,13012190,11592007680,35386052,-6.454468e-02,-2.673699e-02,2.093096e-08,4.487415e-09,5.046816e-06,6.308851e-06
966262784,13013327,11595153408,35395713,-6.457391e-02,-2.673771e-02,3.024519e-08,4.584258e-09,7.292637e-06,6.445002e-06
966524928,13014081,11598299136,35405358,-6.455826e-02,-2.674680e-02,2.504553e-08,5.898902e-09,6.038908e-06,8.293257e-06
966787072,13014554,11601444864,35414948,-6.455188e-02,-2.672951e-02,2.306756e-08,3.541177e-09,5.561986e-06,4.978535e-06
967049216,13014770,11604590592,35424740,-6.454039e-02,-2.674262e-02,1.970762e-08,5.273241e-09,4.751847e-06,7.413641e-06
967311360,13015173,11607736320,35434427,-6.453219e-02,-2.678070e-02,1.747372e-08,1.225424e-08,4.213215e-06,1.722822e-05
967573504,13015538,11610882048,35444044,-6.452576e-02,-2.681107e-02,1.581516e-08,1.990002e-08,3.813308e-06,2.797741e-05
967835648,13018221,11614027776,35453681,-6.453840e-02,-2.681430e-02,1.915305e-08,2.082224e-08,4.618129e-06,2.927395e-05
968097792,13019315,11617173504,35463243,-6.453167e-02,-2.679207e-02,1.733611e-08,1.490071e-08,4.180035e-06,2.094888e-05
968359936,13019665,11620319232,35472921,-6.452950e-02,-2.678800e-02,1.676987e-08,1.392366e-08,4.043505e-06,1.957525e-05
968622080,13023571,11623464960,35482567,-6.453735e-02,-2.678791e-02,1.886542e-08,1.390257e-08,4.548778e-06,1.954560e-05
968884224,13031387,11626610688,35492142,-6.451990e-02,-2.679234e-02,1.437654e-08,1.496626e-08,3.466431e-06,2.104105e-05
969146368,13038339,11629756416,35501830,-6.446901e-02,-2.681453e-02,4.762004e-09,2.088787e-08,1.148201e-06,2.936623e-05
969408512,13041827,11632902144,35511356,-6.450429e-02,-2.680715e-02,1.087552e-08,1.881020e-08,2.622276e-06,2.644524e-05
969670656,13050758,11636047872,35520896,-6.449761e-02,-2.678962e-02,9.527723e-09,1.430917e-08,2.297298e-06,2.011724e-05
969932800,13061515,11639193600,35530521,-6.448523e-02,-2.678666e-02,7.263674e-09,1.360853e-08,1.751397e-06,1.913221e-05
970194944,13063485,11642339328,35540168,-6.444824e-02,-2.678913e-02,2.327340e-09,1.419310e-08,5.611617e-07,1.995405e-05
970457088,13079530,11645485056,35549701,-6.444612e-02,-2.684115e-02,2.126971e-09,2.929394e-08,5.128493e-07,4.118432e-05
970719232,13081437,11648630784,35559213,-6.442415e-02,-2.683920e-02,5.830936e-10,2.862892e-08,1.405939e-07,4.024935e-05
970981376,13098628,11651776512,35568841,-6.446034e-02,-2.681731e-02,3.640288e-09,2.169999e-08,8.777362e-07,3.050798e-05
971243520,13129418,11654922240,35578526,-6.441764e-02,-2.678547e-02,3.110117e-10,1.333440e-08,7.499028e-08,1.874682e-05
971505664,13142110,11658067968,35588293,-6.439726e-02,-2.677367e-02,7.517542e-12,1.074731e-08,1.812609e-09,1.510963e-05
971767808,13160983,11661213696,35598007,-6.440070e-02,-2.678825e-02,4.904965e-13,1.398351e-08,1.182672e-10,1.965940e-05
972029952,13169465,11664359424,35607538,-6.439366e-02,-2.676573e-02,4.020123e-11,9.164357e-09,9.693209e-09,1.288416e-05
972292096,13170895,11667505152,35617160,-6.443723e-02,-2.671495e-02,1.386114e-09,2.020612e-09,3.342159e-07,2.840775e-06
972554240,13171754,11670650880,35626740,-6.447183e-02,-2.667030e-02,5.158629e-09,8.771109e-14,1.243834e-06,1.233129e-10
972816384,13192439,11673796608,35636282,-6.449456e-02,-2.667147e-02,8.940709e-09,2.154332e-12,2.155759e-06,3.028773e-09
973078528,13223332,11676942336,35645742,-6.452224e-02,-2.664636e-02,1.494121e-08,5.586182e-10,3.602582e-06,7.853604e-07
973340672,13224033,11680088064,35655299,-6.451252e-02,-2.667765e-02,1.266045e-08,5.854922e-11,3.052653e-06,8.231427e-08
973602816,13228086,11683233792,35665070,-6.447691e-02,-2.666925e-02,5.914362e-09,5.551115e-13,1.426055e-06,7.804304e-10
973864960,13228897,11686379520,35674671,-6.447668e-02,-2.664327e-02,5.880033e-09,7.146364e-10,1.417777e-06,1.004706e-06
974127104,13230003,11689525248,35684538,-6.448978e-02,-2.665536e-02,8.060358e-09,2.142320e-10,1.943491e-06,3.011885e-07
974389248,13230132,11692670976,35694320,-6.446677e-02,-2.668872e-02,4.457519e-09,3.505623e-10,1.074784e-06,4.928551e-07
974651392,13230617,11695816704,35703996,-6.447273e-02,-2.672465e-02,5.288943e-09,2.986420e-09,1.275255e-06,4.198603e-06
974913536,13230686,11698962432,35713511,-6.452481e-02,-2.672070e-02,1.557807e-08,2.570423e-09,3.756140e-06,3.613754e-06
975175680,13230847,11702108160,35723120,-6.455297e-02,-2.675678e-02,2.339917e-08,7.531202e-09,5.641943e-06,1.058811e-05
975437824,13232008,11705253888,35732650,-6.455484e-02,-2.675338e-02,2.397480e-08,6.953064e-09,5.780736e-06,9.775304e-06
975699968,13232535,11708399616,35742155,-6.455565e-02,-2.674232e-02,2.422695e-08,5.230855e-09,5.841534e-06,7.354051e-06
975962112,13233323,11711545344,35751890,-6.454675e-02,-2.672955e-02,2.153458e-08,3.546499e-09,5.192357e-06,4.986018e-06
976224256,13233536,11714691072,35761542,-6.454482e-02,-2.671826e-02,2.097194e-08,2.329137e-09,5.056697e-06,3.274531e-06
976486400,13233732,11717836800,35771306,-6.452659e-02,-2.671535e-02,1.602385e-08,2.056437e-09,3.863628e-06,2.891142e-06
976748544,13233803,11720982528,35781044,-6.454034e-02,-2.674032e-02,1.969507e-08,4.944441e-09,4.748822e-06,6.951382e-06
977010688,13233910,11724128256,35790566,-6.456195e-02,-2.674064e-02,2.622645e-08,4.989599e-09,6.323648e-06,7.014869e-06
977272832,13234055,11727273984,35800027,-6.450637e-02,-2.673117e-02,1.131499e-08,3.741451e-09,2.728239e-06,5.260101e-06
977534976,13234571,11730419712,35809743,-6.452625e-02,-2.671442e-02,1.593908e-08,1.973500e-09,3.843188e-06,2.774540e-06
977797120,13234588,11733565440,35819413,-6.447834e-02,-2.673625e-02,6.136435e-09,4.388644e-09,1.479600e-06,6.169988e-06
978059264,13235081,11736711168,35829125,-6.452497e-02,-2.675819e-02,1.561715e-08,7.777264e-09,3.765563e-06,1.093404e-05
978321408,13235298,11739856896,35838638,-6.455346e-02,-2.679790e-02,2.354985e-08,1.635946e-08,5.678275e-06,2.299975e-05
978583552,13235463,11743002624,35848184,-6.454906e-02,-2.674973e-02,2.221778e-08,6.356957e-09,5.357090e-06,8.937236e-06
978845696,13235468,11746148352,35857596,-6.454478e-02,-2.675390e-02,2.096116e-08,7.039376e-09,5.054096e-06,9.896647e-06
979107840,13235476,11749294080,35867398,-6.459164e-02,-2.673336e-02,3.672450e-08,4.015165e-09,8.854910e-06,5.644914e-06
979369984,13235845,11752439808,35877141,-6.458678e-02,-2.670160e-02,3.488625e-08,9.986635e-10,8.411675e-06,1.404020e-06
979632128,13235951,11755585536,35886660,-6.455157e-02,-2.666884e-02,2.297261e-08,1.342274e-12,5.539091e-06,1.887100e-09
979894272,13235996,11758731264,35896145,-6.454822e-02,-2.666150e-02,2.196972e-08,7.220559e-11,5.297277e-06,1.015137e-07
980156416,13236419,11761876992,35905624,-6.454980e-02,-2.669946e-02,2.243822e-08,8.676483e-10,5.410242e-06,1.219825e-06
980418560,13236448,11765022720,35915226,-6.454477e-02,-2.669375e-02,2.095684e-08,5.641789e-10,5.053055e-06,7.931783e-07
980680704,13236551,11768168448,35924873,-6.454313e-02,-2.665418e-02,2.048495e-08,2.503727e-10,4.939275e-06,3.519986e-07
980942848,13236698,11771314176,35934323,-6.455727e-02,-2.665261e-02,2.473286e-08,3.025297e-10,5.963519e-06,4.253261e-07
981204992,13236840,11774459904,35944022,-6.455984e-02,-2.662825e-02,2.554796e-08,1.742695e-09,6.160054e-06,2.450053e-06
981467136,13237031,11777605632,35953568,-6.455539e-02,-2.662165e-02,2.414584e-08,2.337415e-09,5.821977e-06,3.286168e-06
981729280,13237628,11780751360,35962954,-6.454783e-02,-2.662592e-02,2.185281e-08,1.943166e-09,5.269090e-06,2.731894e-06
981991424,13237743,11783897088,35972709,-6.453598e-02,-2.659383e-02,1.849071e-08,5.801172e-09,4.458429e-06,8.155859e-06
982253568,13238877,11787042816,35982410,-6.454258e-02,-2.663519e-02,2.032743e-08,1.211415e-09,4.901294e-06,1.703127e-06
982515712,13239209,11790188544,35992154,-6.455640e-02,-2.663970e-02,2.446177e-08,9.181816e-10,5.898154e-06,1.290870e-06
982777856,13239922,11793334272,36001874,-6.452972e-02,-2.663438e-02,1.682588e-08,1.269004e-09,4.057009e-06,1.784092e-06
983040000,13241042,11796480000,36011600,-6.452654e-02,-2.660939e-02,1.601065e-08,3.672952e-09,3.860444e-06,5.163798e-06
983302144,13242493,11799625728,36021094,-6.453952e-02,-2.657302e-02,1.946571e-08,9.405214e-09,4.693518e-06,1.322278e-05
983564288,13243170,11802771456,36030701,-6.457449e-02,-2.662484e-02,3.044507e-08,2.039074e-09,7.340830e-06,2.866731e-06
983826432,13243628,11805917184,36040423,-6.458911e-02,-2.661598e-02,3.576283e-08,2.918207e-09,8.623035e-06,4.102704e-06
984088576,13244869,11809062912,36049780,-6.454661e-02,-2.659394e-02,2.149305e-08,5.784443e-09,5.182344e-06,8.132340e-06
984350720,13245334,11812208640,36059315,-6.451350e-02,-2.662433e-02,1.288274e-08,2.085597e-09,3.106250e-06,2.932137e-06
984612864,13246339,11815354368,36068929,-6.448524e-02,-2.662872e-02,7.266214e-09,1.704187e-09,1.752009e-06,2.395914e-06
984875008,13246577,11818500096,36078748,-6.449989e-02,-2.663600e-02,9.977999e-09,1.155923e-09,2.405867e-06,1.625110e-06
985137152,13246829,11821645824,36088312,-6.449323e-02,-2.664610e-02,8.691668e-09,5.712799e-10,2.095711e-06,8.031616e-07
985399296,13248484,11824791552,36097962,-6.449765e-02,-2.664165e-02,9.534997e-09,8.036918e-10,2.299052e-06,1.129909e-06
985661440,13249937,11827937280,36107507,-6.452114e-02,-2.663346e-02,1.467466e-08,1.335000e-09,3.538312e-06,1.876874e-06
985923584,13250351,11831083008,36117202,-6.451662e-02,-2.661601e-02,1.359941e-08,2.914787e-09,3.279051e-06,4.097895e-06
986185728,13252894,11834228736,36126679,-6.458108e-02,-2.657792e-02,3.278957e-08,8.478015e-09,7.906130e-06,1.191923e-05
986447872,13253056,11837374464,36136224,-6.458812e-02,-2.656737e-02,3.538903e-08,1.053289e-08,8.532903e-06,1.480818e-05
986710016,13254473,11840520192,36145559,-6.455357e-02,-2.654103e-02,2.358188e-08,1.663267e-08,5.685996e-06,2.338384e-05
986972160,13256565,11843665920,36155220,-6.453752e-02,-2.654599e-02,1.891048e-08,1.537739e-08,4.559642e-06,2.161905e-05
987234304,13259330,11846811648,36164939,-6.449322e-02,-2.652127e-02,8.690279e-09,2.211906e-08,2.095376e-06,3.109715e-05
987496448,13264417,11849957376,36174340,-6.451339e-02,-2.650749e-02,1.285569e-08,2.640835e-08,3.099728e-06,3.712747e-05
987758592,13266964,11853103104,36183742,-6.452589e-02,-2.655307e-02,1.584704e-08,1.367162e-08,3.820994e-06,1.922090e-05
988020736,13276136,11856248832,36193407,-6.454490e-02,-2.649950e-02,2.099569e-08,2.906930e-08,5.062422e-06,4.086849e-05
988282880,13297916,11859394560,36203082,-6.451523e-02,-2.652135e-02,1.327639e-08,2.209635e-08,3.201167e-06,3.106522e-05
988545024,13301756,11862540288,36212989,-6.452084e-02,-2.652649e-02,1.460254e-08,2.059600e-08,3.520924e-06,2.895590e-05
988807168,13324052,11865686016,36222767,-6.453864e-02,-2.652651e-02,1.922116e-08,2.058959e-08,4.634553e-06,2.894688e-05
989069312,13338996,11868831744,36232348,-6.453910e-02,-2.653184e-02,1.934739e-08,1.908866e-08,4.664988e-06,2.683672e-05
989331456,13352344,11871977472,36241988,-6.453868e-02,-2.654949e-02,1.923149e-08,1.452207e-08,4.637044e-06,2.041656e-05
989593600,13359514,11875123200,36251495,-6.453861e-02,-2.649753e-02,1.921290e-08,2.974582e-08,4.632560e-06,4.181960e-05
989855744,13430386,11878268928,36261332,-6.451625e-02,-2.646380e-02,1.351439e-08,4.251861e-08,3.258552e-06,5.977685e-05
990117888,13448943,11881414656,36271045,-6.450868e-02,-2.646521e-02,1.181169e-08,4.193681e-08,2.848003e-06,5.895890e-05
990380032,13451424,11884560384,36280835,-6.451068e-02,-2.649195e-02,1.224970e-08,3.170123e-08,2.953614e-06,4.456871e-05
990642176,13452121,11887706112,36290493,-6.444920e-02,-2.650796e-02,2.420264e-09,2.625662e-08,5.835675e-07,3.691415e-05
990904320,13452221,11890851840,36300127,-6.441144e-02,-2.650434e-02,1.307968e-10,2.744321e-08,3.153735e-08,3.858238e-05
991166464,13452521,11893997568,36309785,-6.439358e-02,-2.652692e-02,4.124723e-11,2.047216e-08,9.945417e-09,2.878178e-05
991428608,13453184,11897143296,36319196,-6.437279e-02,-2.652519e-02,7.403580e-10,2.096925e-08,1.785131e-07,2.948064e-05
991690752,13453318,11900289024,36328507,-6.434973e-02,-2.655182e-02,2.526979e-09,1.396589e-08,6.092982e-07,1.963463e-05
991952896,13453627,11903434752,36337786,-6.431463e-02,-2.654349e-02,7.289096e-09,1.600500e-08,1.757527e-06,2.250140e-05
992215040,13453802,11906580480,36347409,-6.433258e-02,-2.652502e-02,4.545497e-09,2.101837e-08,1.095998e-06,2.954969e-05
992477184,13454218,11909726208,36357183,-6.435757e-02,-2.656251e-02,1.800395e-09,1.155320e-08,4.341061e-07,1.624262e-05
992739328,13454263,11912871936,36366743,-6.432137e-02,-2.658935e-02,6.183216e-09,6.505132e-09,1.490880e-06,9.145556e-06
993001472,13454370,11916017664,36376314,-6.430991e-02,-2.659729e-02,8.116644e-09,5.286505e-09,1.957063e-06,7.432290e-06
993263616,13454812,11919163392,36385847,-6.434079e-02,-2.656636e-02,3.505796e-09,1.074036e-08,8.453079e-07,1.509986e-05
993525760,13454849,11922309120,36395287,-6.429712e-02,-2.653150e-02,1.058380e-08,1.918090e-08,2.551938e-06,2.696639e-05
993787904,13454905,11925454848,36404875,-6.431191e-02,-2.654574e-02,7.759533e-09,1.544121e-08,1.870957e-06,2.170877e-05
994050048,13455053,11928600576,36414453,-6.430943e-02,-2.655301e-02,8.202790e-09,1.368643e-08,1.977834e-06,1.924173e-05
994312192,13455254,11931746304,36424175,-6.433296e-02,-2.655110e-02,4.494405e-09,1.413767e-08,1.083678e-06,1.987613e-05
994574336,13455939,11934892032,36433766,-6.433094e-02,-2.658606e-02,4.770234e-09,7.045315e-09,1.150186e-06,9.904999e-06
994836480,13457048,11938037760,36443410,-6.431738e-02,-2.656051e-02,6.827211e-09,1.198725e-08,1.646158e-06,1.685285e-05
995098624,13457176,11941183488,36453048,-6.432894e-02,-2.654850e-02,5.050040e-09,1.476324e-08,1.217652e-06,2.075561e-05
995360768,13457390,11944329216,36462749,-6.431296e-02,-2.652000e-02,7.575558e-09,2.250076e-08,1.826598e-06,3.163379e-05
995622912,13457405,11947474944,36472347,-6.430464e-02,-2.652471e-02,9.093526e-09,2.111028e-08,2.192606e-06,2.967891e-05
995885056,13457693,11950620672,36481886,-6.434051e-02,-2.650530e-02,3.539403e-09,2.712447e-08,8.534112e-07,3.813426e-05
996147200,13457783,11953766400,36491608,-6.429701e-02,-2.656454e-02,1.060681e-08,1.112165e-08,2.557485e-06,1.563591e-05
996409344,13457837,11956912128,36501205,-6.432350e-02,-2.659425e-02,5.852642e-09,5.738353e-09,1.411173e-06,8.067542e-06
996671488,13458185,11960057856,36510944,-6.432288e-02,-2.657500e-02,5.947642e-09,9.025447e-09,1.434079e-06,1.268886e-05
996933632,13458455,11963203584,36520463,-6.429955e-02,-2.658722e-02,1.008995e-08,6.853091e-09,2.432860e-06,9.634752e-06
997195776,13459215,11966349312,36530024,-6.429964e-02,-2.660672e-02,1.007199e-08,4.004313e-09,2.428531e-06,5.629658e-06
997457920,13459291,11969495040,36539861,-6.431057e-02,-2.656288e-02,7.998936e-09,1.147525e-08,1.928681e-06,1.613304e-05
997720064,13459501,11972640768,36549248,-6.430025e-02,-2.656986e-02,9.949738e-09,1.002830e-08,2.399053e-06,1.409877e-05
997982208,13461032,11975786496,36558853,-6.427862e-02,-2.655572e-02,1.473428e-08,1.305923e-08,3.552690e-06,1.835996e-05
998244352,13461329,11978932224,36568563,-6.424164e-02,-2.655958e-02,2.507855e-08,1.219328e-08,6.046871e-06,1.714252e-05
998506496,13461585,11982077952,36578134,-6.422940e-02,-2.660118e-02,2.910552e-08,4.735563e-09,7.017842e-06,6.657721e-06
998768640,13462050,11985223680,36587665,-6.426919e-02,-2.664495e-02,1.711316e-08,6.275383e-10,4.126279e-06,8.822552e-07
999030784,13462405,11988369408,36597295,-6.425142e-02,-2.666042e-02,2.207808e-08,9.183981e-11,5.323404e-06,1.291175e-07
999292928,13462443,11991515136,36606921,-6.425419e-02,-2.667217e-02,2.126210e-08,4.692666e-12,5.126660e-06,6.597413e-09
999555072,13462666,11994660864,36616546,-6.425089e-02,-2.666372e-02,2.223334e-08,3.940216e-11,5.360840e-06,5.539545e-08
999817216,13464064,11997806592,36626133,-6.426214e-02,-2.665496e-02,1.900691e-08,2.262835e-10,4.582893e-06,3.181316e-07
1000079360,13464603,12000952320,36635840,-6.428111e-02,-2.664497e-02,1.413635e-08,6.264190e-10,3.408516e-06,8.806815e-07
1000341504,13464725,12004098048,36645285,-6.424075e-02,-2.659437e-02,2.536252e-08,5.719179e-09,6.115342e-06,8.040586e-06
1000603648,13465579,12007243776,36654975,-6.419699e-02,-2.657848e-02,4.121445e-08,8.375765e-09,9.937513e-06,1.177548e-05
1000865792,13466081,12010389504,36664536,-6.416600e-02,-2.656684e-02,5.475618e-08,1.064098e-08,1.320266e-05,1.496015e-05
1001127936,13466485,12013535232,36674204,-6.415596e-02,-2.659945e-02,5.955736e-08,4.977764e-09,1.436031e-05,6.998232e-06
1001390080,13468952,12016680960,36683825,-6.411474e-02,-2.653104e-02,8.137349e-08,1.931010e-08,1.962055e-05,2.714804e-05
1001652224,13469888,12019826688,36693510,-6.408118e-02,-2.653408e-02,1.016495e-07,1.847501e-08,2.450945e-05,2.597399e-05
1001914368,13470271,12022972416,36703204,-6.408018e-02,-2.652280e-02,1.022872e-07,2.166817e-08,2.466319e-05,3.046325e-05
1002176512,13474159,12026118144,36713059,-6.404886e-02,-2.655272e-02,1.232982e-07,1.375407e-08,2.972932e-05,1.933682e-05
1002438656,13482048,12029263872,36722681,-6.410144e-02,-2.652904e-02,8.914233e-08,1.986850e-08,2.149375e-05,2.793309e-05
1002700800,13489177,12032409600,36732350,-6.413275e-02,-2.649065e-02,7.142381e-08,3.216789e-08,1.722151e-05,4.522480e-05
1002962944,13492300,12035555328,36741862,-6.413738e-02,-2.646372e-02,6.896825e-08,4.255088e-08,1.662943e-05,5.982221e-05
1003225088,13501635,12038701056,36751561,-6.413431e-02,-2.647549e-02,7.059391e-08,3.783359e-08,1.702141e-05,5.319019e-05
1003487232,13514116,12041846784,36761258,-6.413798e-02,-2.643722e-02,6.865554e-08,5.418756e-08,1.655403e-05,7.618222e-05
1003749376,13514474,12044992512,36770890,-6.410921e-02,-2.643315e-02,8.456241e-08,5.609892e-08,2.038945e-05,7.886938e-05
1004011520,13531479,12048138240,36780583,-6.411497e-02,-2.643621e-02,8.124177e-08,5.465946e-08,1.958879e-05,7.684567e-05
1004273664,13532948,12051283968,36790420,-6.410920e-02,-2.641802e-02,8.456674e-08,6.349323e-08,2.039050e-05,8.926504e-05
1004535808,13549347,12054429696,36800312,-6.410637e-02,-2.640730e-02,8.621704e-08,6.901326e-08,2.078841e-05,9.702564e-05
1004797952,13580307,12057575424,36809784,-6.410617e-02,-2.643440e-02,8.633521e-08,5.550930e-08,2.081691e-05,7.804044e-05
1005060096,13592791,12060721152,36819299,-6.407693e-02,-2.645279e-02,1.043756e-07,4.717797e-08,2.516675e-05,6.632745e-05
1005322240,13611519,12063866880,36828936,-6.406482e-02,-2.647753e-02,1.123501e-07,3.704503e-08,2.708955e-05,5.208155e-05
1005584384,13620428,12067012608,36838592,-6.410564e-02,-2.649716e-02,8.665074e-08,2.987188e-08,2.089299e-05,4.199684e-05
1005846528,13621594,12070158336,36848165,-6.413177e-02,-2.649279e-02,7.194645e-08,3.140147e-08,1.734753e-05,4.414729e-05
1006108672,13622342,12073304064,36857773,-6.415240e-02,-2.654038e-02,6.130831e-08,1.680028e-08,1.478249e-05,2.361949e-05
1006370816,13643034,12076449792,36867367,-6.414580e-02,-2.652110e-02,6.462087e-08,2.217006e-08,1.558121e-05,3.116885e-05
1006632960,13664874,12079595520,36876859,-6.416494e-02,-2.652465e-02,5.525244e-08,2.112598e-08,1.332231e-05,2.970098e-05
1006895104,13665639,12082741248,36886442,-6.418168e-02,-2.649950e-02,4.766553e-08,2.907057e-08,1.149298e-05,4.087028e-05
1007157248,13670182,12085886976,36895965,-6.418259e-02,-2.650833e-02,4.726621e-08,2.613724e-08,1.139670e-05,3.674630e-05
1007419392,13670874,12089032704,36905606,-6.419012e-02,-2.650124e-02,4.405081e-08,2.848098e-08,1.062141e-05,4.004138e-05
1007681536,13671723,12092178432,36915178,-6.418809e-02,-2.651508e-02,4.490560e-08,2.399961e-08,1.082751e-05,3.374101e-05
1007943680,13672057,12095324160,36924786,-6.421451e-02,-2.655444e-02,3.440918e-08,1.335377e-08,8.296645e-06,1.877404e-05
1008205824,13672676,12098469888,36934446,-6.419201e-02,-2.653359e-02,4.326001e-08,1.860893e-08,1.043073e-05,2.616226e-05
1008467968,13672681,12101615616,36943955,-6.420328e-02,-2.649854e-02,3.870078e-08,2.939669e-08,9.331425e-06,4.132876e-05
1008730112,13673012,12104761344,36953350,-6.423800e-02,-2.651880e-02,2.624334e-08,2.286151e-08,6.327723e-06,3.214096e-05
1008992256,13674031,12107907072,36962873,-6.421851e-02,-2.651799e-02,3.293815e-08,2.310548e-08,7.941953e-06,3.248396e-05
1009254400,13674661,12111052800,36972287,-6.417651e-02,-2.653363e-02,4.995005e-08,1.859724e-08,1.204382e-05,2.614584e-05
1009516544,13675467,12114198528,36981954,-6.417403e-02,-2.653184e-02,5.106184e-08,1.908814e-08,1.231189e-05,2.683599e-05
1009778688,13675745,12117344256,36991641,-6.419933e-02,-2.653811e-02,4.027003e-08,1.739404e-08,9.709798e-06,2.445425e-05
1010040832,13675781,12120489984,37001167,-6.421242e-02,-2.652648e-02,3.518748e-08,2.059654e-08,8.484308e-06,2.895665e-05
1010302976,13675941,12123635712,37010846,-6.418984e-02,-2.653213e-02,4.416974e-08,1.900845e-08,1.065008e-05,2.672395e-05
1010565120,13676001,12126781440,37020179,-6.418317e-02,-2.656290e-02,4.701709e-08,1.147126e-08,1.133663e-05,1.612742e-05
1010827264,13676136,12129927168,37029576,-6.415346e-02,-2.657509e-02,6.078183e-08,9.008468e-09,1.465554e-05,1.266499e-05
1011089408,13676585,12133072896,37039253,-6.416957e-02,-2.664210e-02,5.309870e-08,7.781296e-10,1.280301e-05,1.093971e-06
1011351552,13677254,12136218624,37048772,-6.414012e-02,-2.661245e-02,6.753954e-08,3.312448e-09,1.628495e-05,4.656967e-06
1011613696,13677328,12139364352,37058439,-6.410197e-02,-2.660544e-02,8.882228e-08,4.167660e-09,2.141658e-05,5.859308e-06
1011875840,13677492,12142510080,37067995,-6.406601e-02,-2.658240e-02,1.115524e-07,7.673795e-09,2.689721e-05,1.078858e-05
1012137984,13677516,12145655808,37077579,-6.405558e-02,-2.653001e-02,1.186289e-07,1.959743e-08,2.860347e-05,2.755200e-05
1012400128,13677629,12148801536,37087184,-6.410880e-02,-2.654385e-02,8.480090e-08,1.591370e-08,2.044696e-05,2.237304e-05
1012662272,13678004,12151947264,37096746,-6.411003e-02,-2.654287e-02,8.408642e-08,1.616090e-08,2.027469e-05,2.272059e-05
1012924416,13678075,12155092992,37106364,-6.414028e-02,-2.655797e-02,6.745437e-08,1.254962e-08,1.626441e-05,1.764349e-05
1013186560,13678110,12158238720,37115887,-6.414416e-02,-2.656595e-02,6.545310e-08,1.082585e-08,1.578187e-05,1.522005e-05
1013448704,13678439,12161384448,37125411,-6.413746e-02,-2.654733e-02,6.892912e-08,1.504886e-08,1.662000e-05,2.115717e-05
1013710848,13678605,12164530176,37135063,-6.418619e-02,-2.657516e-02,4.571442e-08,8.995037e-09,1.102253e-05,1.264611e-05
1013972992,13678748,12167675904,37144639,-6.419783e-02,-2.657613e-02,4.087332e-08,8.811551e-09,9.855260e-06,1.238815e-05
1014235136,13678806,12170821632,37154254,-6.421354e-02,-2.662862e-02,3.476945e-08,1.712040e-09,8.383513e-06,2.406954e-06
1014497280,13679103,12173967360,37163999,-6.422140e-02,-2.659962e-02,3.189720e-08,4.952827e-09,7.690964e-06,6.963171e-06
1014759424,13679114,12177113088,37173586,-6.425349e-02,-2.664517e-02,2.146466e-08,6.163897e-10,5.175498e-06,8.665814e-07
1015021568,13679919,12180258816,37183139,-6.422928e-02,-2.663435e-02,2.914621e-08,1.270863e-09,7.027652e-06,1.786705e-06
1015283712,13679921,12183404544,37192818,-6.420796e-02,-2.665186e-02,3.687887e-08,3.289354e-10,8.892131e-06,4.624498e-07
1015545856,13681053,12186550272,37202410,-6.416716e-02,-2.664982e-02,5.421705e-08,4.073034e-10,1.307266e-05,5.726273e-07
1015808000,13681307,12189696000,37211998,-6.410854e-02,-2.664097e-02,8.495284e-08,8.428098e-10,2.048359e-05,1.184905e-06
1016070144,13682019,12192841728,37221639,-6.409357e-02,-2.661327e-02,9.389780e-08,3.217936e-09,2.264038e-05,4.524092e-06
1016332288,13683176,12195987456,37231257,-6.409612e-02,-2.665712e-02,9.234721e-08,1.658513e-10,2.226650e-05,2.331702e-07
1016594432,13684469,12199133184,37240817,-6.409223e-02,-2.666976e-02,9.472150e-08,5.684342e-14,2.283899e-05,7.991609e-11
1016856576,13685181,12202278912,37250394,-6.408617e-02,-2.664803e-02,9.849138e-08,4.828402e-10,2.374797e-05,6.788243e-07
1017118720,13685458,12205424640,37259936,-6.409691e-02,-2.665284e-02,9.186783e-08,2.942927e-10,2.215091e-05,4.137457e-07
1017380864,13685703,12208570368,37269609,-6.410883e-02,-2.666385e-02,8.477920e-08,3.778228e-11,2.044172e-05,5.311805e-08
1017643008,13686991,12211716096,37279326,-6.409077e-02,-2.664404e-02,9.562251e-08,6.740987e-10,2.305623e-05,9.477144e-07
1017905152,13687344,12214861824,37288902,-6.410359e-02,-2.662979e-02,8.786120e-08,1.616608e-09,2.118485e-05,2.272786e-06
1018167296,13688268,12218007552,37298216,-6.408823e-02,-2.663136e-02,9.720025e-08,1.493238e-09,2.343665e-05,2.099341e-06
1018429440,13688766,12221153280,37308022,-6.406241e-02,-2.663694e-02,1.139692e-07,1.093216e-09,2.747994e-05,1.536951e-06
1018691584,13688938,12224299008,37317532,-6.401989e-02,-2.661403e-02,1.444864e-07,3.132085e-09,3.483817e-05,4.403395e-06
1018953728,13690738,12227444736,37327240,-6.401630e-02,-2.661924e-02,1.472237e-07,2.577038e-09,3.549818e-05,3.623053e-06
1019215872,13692435,12230590464,37336931,-6.400131e-02,-2.663366e-02,1.589581e-07,1.320205e-09,3.832753e-05,1.856073e-06
1019478016,13692648,12233736192,37346483,-6.402800e-02,-2.665844e-02,1.383840e-07,1.337099e-10,3.336677e-05,1.879826e-07
1019740160,13695154,12236881920,37356143,-6.407585e-02,-2.665168e-02,1.050748e-07,3.354535e-10,2.533534e-05,4.716136e-07
1020002304,13695447,12240027648,37365949,-6.403317e-02,-2.665967e-02,1.345692e-07,1.065982e-10,3.244696e-05,1.498663e-07
1020264448,13696496,12243173376,37375648,-6.405945e-02,-2.667003e-02,1.159751e-07,1.252470e-15,2.796359e-05,1.760846e-12
1020526592,13698791,12246319104,37385324,-6.407002e-02,-2.667772e-02,1.088860e-07,5.955114e-11,2.625429e-05,8.372286e-08
1020788736,13701416,12249464832,37394778,-6.405747e-02,-2.666583e-02,1.173289e-07,1.734618e-11,2.829001e-05,2.438697e-08
1021050880,13706436,12252610560,37404354,-6.406833e-02,-2.667734e-02,1.100050e-07,5.394036e-11,2.652410e-05,7.583466e-08
1021313024,13709008,12255756288,37414080,-6.405523e-02,-2.668142e-02,1.188651e-07,1.303711e-10,2.866042e-05,1.832885e-07
1021575168,13718201,12258902016,37423497,-6.406165e-02,-2.666470e-02,1.144829e-07,2.806205e-11,2.760380e-05,3.945240e-08
1021837312,13739946,12262047744,37433123,-6.408108e-02,-2.668534e-02,1.017113e-07,2.354528e-10,2.452435e-05,3.310228e-07
1022099456,13743784,12265193472,37442777,-6.408658e-02,-2.672850e-02,9.823434e-08,3.421825e-09,2.368599e-05,4.810740e-06
1022361600,13766195,12268339200,37452555,-6.404779e-02,-2.672720e-02,1.240528e-07,3.271410e-09,2.991127e-05,4.599272e-06
1022623744,13784460,12271484928,37461838,-6.405886e-02,-2.671921e-02,1.163763e-07,2.422098e-09,2.806034e-05,3.405223e-06
1022885888,13794432,12274630656,37471485,-6.408576e-02,-2.673911e-02,9.874875e-08,4.775639e-09,2.381002e-05,6.714064e-06
1023148032,13801503,12277776384,37481069,-6.408443e-02,-2.674384e-02,9.958871e-08,5.452195e-09,2.401255e-05,7.665233e-06
1023410176,13872132,12280922112,37490495,-6.408917e-02,-2.672994e-02,9.661577e-08,3.592348e-09,2.329573e-05,5.050476e-06
1023672320,13899082,12284067840,37499868,-6.411633e-02,-2.676119e-02,8.047060e-08,8.315529e-09,1.940285e-05,1.169079e-05
1023934464,13901647,12287213568,37509356,-6.411753e-02,-2.673105e-02,7.979148e-08,3.727109e-09,1.923910e-05,5.239938e-06
1024196608,13901958,12290359296,37519238,-6.409241e-02,-2.670631e-02,9.461147e-08,1.318310e-09,2.281245e-05,1.853410e-06
1024458752,13902611,12293505024,37529038,-6.410007e-02,-2.665325e-02,8.995835e-08,2.807130e-10,2.169051e-05,3.946541e-07
1024720896,13903074,12296650752,37538692,-6.408416e-02,-2.660975e-02,9.975807e-08,3.629957e-09,2.405339e-05,5.103350e-06
1024983040,13903621,12299796480,37548298,-6.411990e-02,-2.661877e-02,7.845858e-08,2.624342e-09,1.891771e-05,3.689558e-06
1025245184,13903688,12302942208,37558132,-6.410905e-02,-2.664377e-02,8.465343e-08,6.878054e-10,2.041140e-05,9.669845e-07
1025507328,13904153,12306087936,37567684,-6.413275e-02,-2.665876e-02,7.142381e-08,1.262359e-10,1.722151e-05,1.774749e-07
1025769472,13904196,12309233664,37577293,-6.413741e-02,-2.667043e-02,6.895651e-08,1.883528e-13,1.662660e-05,2.648050e-10
1026031616,13904507,12312379392,37586968,-6.415220e-02,-2.668418e-02,6.140427e-08,2.010286e-10,1.480563e-05,2.826258e-07
1026293760,13904707,12315525120,37596573,-6.418023e-02,-2.663782e-02,4.829876e-08,1.035492e-09,1.164566e-05,1.455796e-06
1026555904,13904715,12318670848,37606023,-6.421169e-02,-2.661901e-02,3.546194e-08,2.600351e-09,8.550486e-06,3.655829e-06
1026818048,13905175,12321816576,37615585,-6.424765e-02,-2.667116e-02,2.321263e-08,1.342274e-12,5.596965e-06,1.887100e-09
1027080192,13905211,12324962304,37625118,-6.425915e-02,-2.666519e-02,1.983963e-08,2.312985e-11,4.783676e-06,3.251822e-08
1027342336,13905346,12328108032,37634439,-6.426963e-02,-2.665078e-02,1.699640e-08,3.695760e-10,4.098126e-06,5.195864e-07
1027604480,13905545,12331253760,37643758,-6.424847e-02,-2.664886e-02,2.296131e-08,4.467853e-10,5.536368e-06,6.281348e-07
1027866624,13905736,12334399488,37653533,-6.424929e-02,-2.662566e-02,2.271361e-08,1.965894e-09,5.476642e-06,2.763848e-06
1028128768,13906277,12337545216,37663349,-6.427009e-02,-2.661770e-02,1.687617e-08,2.735222e-09,4.069136e-06,3.845445e-06
1028390912,13907241,12340690944,37672969,-6.426906e-02,-2.662240e-02,1.714632e-08,2.265927e-09,4.134273e-06,3.185664e-06
1028653056,13907827,12343836672,37682723,-6.425431e-02,-2.658602e-02,2.122735e-08,7.052509e-09,5.118281e-06,9.915113e-06
1028915200,13907925,12346982400,37692488,-6.425807e-02,-2.655520e-02,2.014514e-08,1.317913e-08,4.857339e-06,1.852853e-05
1029177344,13907959,12350128128,37702159,-6.427713e-02,-2.656853e-02,1.509643e-08,1.029643e-08,3.640009e-06,1.447574e-05
1029439488,13908188,12353273856,37711828,-6.429674e-02,-2.657185e-02,1.066213e-08,9.632370e-09,2.570824e-06,1.354214e-05
1029701632,13908250,12356419584,37721419,-6.428972e-02,-2.656180e-02,1.216245e-08,1.170787e-08,2.932576e-06,1.646008e-05
1029963776,13908321,12359565312,37731222,-6.430577e-02,-2.653822e-02,8.880225e-09,1.736604e-08,2.141175e-06,2.441490e-05
1030225920,13908665,12362711040,37740904,-6.429119e-02,-2.654617e-02,1.183924e-08,1.533446e-08,2.854645e-06,2.155869e-05
1030488064,13909043,12365856768,37750541,-6.435149e-02,-2.654011e-02,2.353291e-09,1.687133e-08,5.674190e-07,2.371938e-05
1030750208,13909695,12369002496,37760090,-6.434866e-02,-2.654803e-02,2.635996e-09,1.487752e-08,6.355840e-07,2.091629e-05
1031012352,13909896,12372148224,37769770,-6.436963e-02,-2.657398e-02,9.222498e-10,9.219359e-09,2.223703e-07,1.296148e-05
1031274496,13910077,12375293952,37779382,-6.436841e-02,-2.654883e-02,9.979573e-10,1.468233e-08,2.406247e-07,2.064186e-05
1031536640,13911341,12378439680,37789068,-6.434894e-02,-2.656355e-02,2.607765e-09,1.133204e-08,6.287771e-07,1.593169e-05
1031798784,13911772,12381585408,37798697,-6.437033e-02,-2.655681e-02,8.806449e-10,1.281180e-08,2.123387e-07,1.801209e-05
1032060928,13911867,12384731136,37808267,-6.436338e-02,-2.658170e-02,1.341541e-09,7.797317e-09,3.234686e-07,1.096224e-05
1032323072,13912438,12387876864,37817775,-6.437972e-02,-2.657104e-02,4.112979e-10,9.792807e-09,9.917100e-08,1.376769e-05
1032585216,13912840,12391022592,37827304,-6.438412e-02,-2.658321e-02,2.523217e-10,7.532172e-09,6.083911e-08,1.058947e-05
1032847360,13912913,12394168320,37836829,-6.438422e-02,-2.658456e-02,2.490188e-10,7.299277e-09,6.004273e-08,1.026204e-05
1033109504,13913186,12397314048,37846355,-6.437284e-02,-2.661570e-02,7.375225e-10,2.948674e-09,1.778294e-07,4.145536e-06
1033371648,13914450,12400459776,37855953,-6.439915e-02,-2.663027e-02,7.214229e-13,1.578490e-09,1.739475e-10,2.219198e-06
1033633792,13914597,12403605504,37865412,-6.439026e-02,-2.660807e-02,9.497203e-11,3.835229e-09,2.289939e-08,5.391943e-06
1033895936,13915155,12406751232,37874813,-6.438193e-02,-2.658064e-02,3.264403e-10,7.985614e-09,7.871036e-08,1.122696e-05
1034158080,13916026,12409896960,37884470,-6.434580e-02,-2.658753e-02,2.937962e-09,6.801072e-09,7.083934e-07,9.561618e-06
1034420224,13916647,12413042688,37893957,-6.432121e-02,-2.658722e-02,6.209021e-09,6.852166e-09,1.497102e-06,9.633451e-06
1034682368,13916999,12416188416,37903670,-6.432062e-02,-2.657753e-02,6.300944e-09,8.550201e-09,1.519266e-06,1.202071e-05
1034944512,13919375,12419334144,37913350,-6.433182e-02,-2.657191e-02,4.648548e-09,9.621404e-09,1.120845e-06,1.352672e-05
1035206656,13919817,12422479872,37922862,-6.436365e-02,-2.657933e-02,1.321423e-09,8.221695e-09,3.186179e-07,1.155887e-05
1035468800,13920637,12425625600,37932494,-6.433686e-02,-2.657251e-02,3.987123e-09,9.504102e-09,9.613641e-07,1.336180e-05
1035730944,13924508,12428771328,37941924,-6.433883e-02,-2.658518e-02,3.741679e-09,7.193677e-09,9.021833e-07,1.011358e-05
1035993088,13932538,12431917056,37951581,-6.432330e-02,-2.657903e-02,5.883462e-09,8.275491e-09,1.418604e-06,1.163450e-05
1036255232,13939717,12435062784,37961199,-6.432494e-02,-2.658848e-02,5.634694e-09,6.645597e-09,1.358622e-06,9.343034e-06
1036517376,13942523,12438208512,37970539,-6.432210e-02,-2.658523e-02,6.068920e-09,7.186728e-09,1.463321e-06,1.010381e-05
1036779520,13952305,12441354240,37980130,-6.429646e-02,-2.659066e-02,1.072068e-08,6.295327e-09,2.584941e-06,8.850590e-06
1037041664,13965070,12444499968,37989858,-6.429914e-02,-2.658605e-02,1.017244e-08,7.048130e-09,2.452750e-06,9.908956e-06
1037303808,13966134,12447645696,37999512,-6.431182e-02,-2.658117e-02,7.775293e-09,7.890026e-09,1.874757e-06,1.109258e-05
1037565952,13983019,12450791424,38009221,-6.431466e-02,-2.662133e-02,7.282736e-09,2.369040e-09,1.755993e-06,3.330629e-06
1037828096,13983472,12453937152,38018803,-6.430531e-02,-2.657539e-02,8.967499e-09,8.950221e-09,2.162218e-06,1.258310e-05
1038090240,13999756,12457082880,38028548,-6.427986e-02,-2.655168e-02,1.443377e-08,1.399849e-08,3.480230e-06,1.968046e-05
1038352384,14030879,12460228608,38038031,-6.425716e-02,-2.651857e-02,2.040399e-08,2.292971e-08,4.919753e-06,3.223685e-05
1038614528,14043069,12463374336,38047437,-6.426532e-02,-2.651765e-02,1.813982e-08,2.321036e-08,4.373823e-06,3.263141e-05
1038876672,14061797,12466520064,38057075,-6.428704e-02,-2.656955e-02,1.275957e-08,1.009070e-08,3.076551e-06,1.418649e-05
1039138816,14070828,12469665792,38066659,-6.425690e-02,-2.655602e-02,2.047856e-08,1.299078e-08,4.937733e-06,1.826372e-05
1039400960,14071956,12472811520,38076393,-6.427115e-02,-2.655099e-02,1.660241e-08,1.416382e-08,4.003127e-06,1.991289e-05
1039663104,14072638,12475957248,38085752,-6.423885e-02,-2.653238e-02,2.596887e-08,1.893918e-08,6.261543e-06,2.662656e-05
1039925248,14093197,12479102976,38095404,-6.422713e-02,-2.654451e-02,2.988605e-08,1.574871e-08,7.206042e-06,2.214108e-05
1040187392,14106376,12482248704,38105135,-6.422848e-02,-2.656352e-02,2.941905e-08,1.133878e-08,7.093439e-06,1.594117e-05
1040449536,14107159,12485394432,38114871,-6.422765e-02,-2.658706e-02,2.970600e-08,6.879639e-09,7.162628e-06,9.672075e-06
1040711680,14111850,12488540160,38124485,-6.422932e-02,-2.657248e-02,2.913094e-08,9.511004e-09,7.023973e-06,1.337151e-05
1040973824,14112511,12491685888,38133963,-6.424280e-02,-2.657118e-02,2.471412e-08,9.765546e-09,5.959000e-06,1.372937e-05
1041235968,14113247,12494831616,38143563,-6.426588e-02,-2.656475e-02,1.798761e-08,1.107809e-08,4.337123e-06,1.557467e-05
1041498112,14113722,12497977344,38153277,-6.426027e-02,-2.654250e-02,1.952605e-08,1.625528e-08,4.708066e-06,2.285328e-05
1041760256,14114358,12501123072,38162857,-6.425381e-02,-2.650286e-02,2.137089e-08,2.793478e-08,5.152889e-06,3.927347e-05
1042022400,14114595,12504268800,38172365,-6.424454e-02,-2.649518e-02,2.416900e-08,3.056218e-08,5.827561e-06,4.296733e-05
1042284544,14114950,12507414528,38182156,-6.421796e-02,-2.650412e-02,3.313858e-08,2.751547e-08,7.990281e-06,3.868396e-05
1042546688,14115767,12510560256,38191854,-6.418575e-02,-2.648284e-02,4.590578e-08,3.503043e-08,1.106867e-05,4.924923e-05
1042808832,14116487,12513705984,38201476,-6.412717e-02,-2.649564e-02,7.443774e-08,3.040218e-08,1.794822e-05,4.274238e-05
1043070976,14117376,12516851712,38211062,-6.409341e-02,-2.651747e-02,9.399828e-08,2.326488e-08,2.266460e-05,3.270806e-05
1043333120,14117442,12519997440,38220563,-6.410071e-02,-2.652636e-02,8.957440e-08,2.063345e-08,2.159793e-05,2.900853e-05
1043595264,14117573,12523143168,38230336,-6.409802e-02,-2.651199e-02,9.119161e-08,2.496776e-08,2.198787e-05,3.510214e-05
1043857408,14117736,12526288896,38240108,-6.413066e-02,-2.650352e-02,7.254724e-08,2.771542e-08,1.749239e-05,3.896507e-05
1044119552,14117858,12529434624,38249672,-6.412461e-02,-2.655230e-02,7.584286e-08,1.385210e-08,1.828702e-05,1.947465e-05
1044381696,14117950,12532580352,38259220,-6.410039e-02,-2.660594e-02,8.976627e-08,4.103934e-09,2.164419e-05,5.769715e-06
1044643840,14118399,12535726080,38269074,-6.411873e-02,-2.657807e-02,7.911524e-08,8.450254e-09,1.907605e-05,1.188020e-05
1044905984,14119084,12538871808,38278603,-6.408731e-02,-2.661354e-02,9.777717e-08,3.187367e-09,2.357576e-05,4.481115e-06
1045168128,14119174,12542017536,38288225,-6.408937e-02,-2.662255e-02,9.649538e-08,2.251763e-09,2.326670e-05,3.165751e-06
1045430272,14119262,12545163264,38297750,-6.411061e-02,-2.662721e-02,8.374973e-08,1.830712e-09,2.019350e-05,2.573796e-06
1045692416,14119368,12548308992,38307314,-6.412534e-02,-2.662322e-02,7.544122e-08,2.187877e-09,1.819018e-05,3.075933e-06
1045954560,14119439,12551454720,38316868,-6.409481e-02,-2.657120e-02,9.314135e-08,9.761497e-09,2.245798e-05,1.372367e-05
1046216704,14120005,12554600448,38326586,-6.408288e-02,-2.657591e-02,1.005645e-07,8.852513e-09,2.424783e-05,1.244573e-05
1046478848,14120006,12557746176,38336183,-6.409854e-02,-2.658227e-02,9.088139e-08,7.696656e-09,2.191307e-05,1.082072e-05
1046740992,14120036,12560891904,38345859,-6.406249e-02,-2.658224e-02,1.139139e-07,7.702213e-09,2.746660e-05,1.082853e-05
1047003136,14120114,12564037632,38355383,-6.407230e-02,-2.656066e-02,1.073914e-07,1.195423e-08,2.589392e-05,1.680644e-05
1047265280,14120298,12567183360,38364998,-6.405833e-02,-2.658434e-02,1.167426e-07,7.337201e-09,2.814865e-05,1.031536e-05
1047527424,14120590,12570329088,38374789,-6.404372e-02,-2.660322e-02,1.269349e-07,4.459260e-09,3.060620e-05,6.269267e-06
1047789568,14120779,12573474816,38384225,-6.407498e-02,-2.662924e-02,1.056407e-07,1.661095e-09,2.547179e-05,2.335332e-06
1048051712,14121149,12576620544,38393783,-6.407291e-02,-2.661966e-02,1.069914e-07,2.533913e-09,2.579747e-05,3.562424e-06
1048313856,14121263,12579766272,38403590,-6.408728e-02,-2.661061e-02,9.779581e-08,3.526782e-09,2.358025e-05,4.958298e-06
1048576000,14121624,12582912000,38413403,-6.409681e-02,-2.658967e-02,9.192656e-08,6.453555e-09,2.216508e-05,9.073044e-06
1048838144,14122189,12586057728,38423275,-6.406394e-02,-2.654435e-02,1.129403e-07,1.578753e-08,2.723185e-05,2.219567e-05
1049100288,14122863,12589203456,38432885,-6.409571e-02,-2.657824e-02,9.259190e-08,8.419804e-09,2.232550e-05,1.183739e-05
1049362432,14123014,12592349184,38442560,-6.412635e-02,-2.651821e-02,7.488562e-08,2.303984e-08,1.805621e-05,3.239168e-05
1049624576,14123737,12595494912,38452176,-6.412111e-02,-2.646821e-02,7.777970e-08,4.071907e-08,1.875402e-05,5.724688e-05
1049886720,14124920,12598640640,38461723,-6.414784e-02,-2.648030e-02,6.358338e-08,3.598721e-08,1.533105e-05,5.059437e-05
1050148864,14126297,12601786368,38471443,-6.412105e-02,-2.644923e-02,7.781711e-08,4.873776e-08,1.876304e-05,6.852033e-05
1050411008,14127384,12604932096,38481093,-6.414906e-02,-2.645497e-02,6.297239e-08,4.623682e-08,1.518373e-05,6.500428e-05
1050673152,14127669,12608077824,38490604,-6.413511e-02,-2.647940e-02,7.016698e-08,3.632723e-08,1.691847e-05,5.107239e-05
1050935296,14128829,12611223552,38500346,-6.411070e-02,-2.649742e-02,8.369368e-08,2.978245e-08,2.017999e-05,4.187111e-05
1051197440,14129148,12614369280,38510148,-6.411546e-02,-2.648827e-02,8.096169e-08,3.302610e-08,1.952126e-05,4.643134e-05
1051459584,14130176,12617515008,38519731,-6.411482e-02,-2.648490e-02,8.133098e-08,3.426145e-08,1.961030e-05,4.816813e-05
1051721728,14130619,12620660736,38529373,-6.415982e-02,-2.652776e-02,5.768853e-08,2.023141e-08,1.390970e-05,2.844332e-05
1051983872,14130787,12623806464,38539007,-6.414353e-02,-2.653329e-02,6.577755e-08,1.868931e-08,1.586010e-05,2.627527e-05
1052246016,14132873,12626952192,38548500,-6.413524e-02,-2.658081e-02,7.009989e-08,7.954352e-09,1.690229e-05,1.118301e-05
1052508160,14134378,12630097920,38557963,-6.415555e-02,-2.654450e-02,5.975754e-08,1.575058e-08,1.440857e-05,2.214371e-05
1052770304,14134868,12633243648,38567634,-6.418645e-02,-2.659309e-02,4.560298e-08,5.914649e-09,1.099566e-05,8.315396e-06
1053032448,14135499,12636389376,38577359,-6.420290e-02,-2.656392e-02,3.885042e-08,1.125207e-08,9.367506e-06,1.581927e-05
1053294592,14136891,12639535104,38586777,-6.417789e-02,-2.657884e-02,4.933583e-08,8.309755e-09,1.189572e-05,1.168267e-05
1053556736,14137697,12642680832,38596241,-6.418128e-02,-2.654127e-02,4.784137e-08,1.657074e-08,1.153538e-05,2.329679e-05
1053818880,14138292,12645826560,38605824,-6.419189e-02,-2.654256e-02,4.330961e-08,1.624151e-08,1.044269e-05,2.283391e-05
1054081024,14140887,12648972288,38615407,-6.417458e-02,-2.649488e-02,5.081633e-08,3.066647e-08,1.225269e-05,4.311395e-05
1054343168,14143451,12652118016,38625055,-6.419162e-02,-2.647707e-02,4.342132e-08,3.722090e-08,1.046963e-05,5.232881e-05
1054605312,14148131,12655263744,38634532,-6.419815e-02,-2.646805e-02,4.074388e-08,4.078374e-08,9.824051e-06,5.733781e-05
1054867456,14150789,12658409472,38644292,-6.425048e-02,-2.646909e-02,2.235571e-08,4.036652e-08,5.390346e-06,5.675124e-05
1055129600,14159966,12661555200,38653869,-6.425664e-02,-2.648410e-02,2.055326e-08,3.455721e-08,4.955744e-06,4.858394e-05
1055391744,14181781,12664700928,38663548,-6.425052e-02,-2.647800e-02,2.234457e-08,3.686456e-08,5.387660e-06,5.182784e-05
1055653888,14185519,12667846656,38673132,-6.422821e-02,-2.647699e-02,2.951113e-08,3.725109e-08,7.115641e-06,5.237126e-05
1055916032,14207978,12670992384,38682458,-6.425676e-02,-2.644274e-02,2.051696e-08,5.164602e-08,4.946992e-06,7.260906e-05
1056178176,14229757,12674138112,38692172,-6.425802e-02,-2.645911e-02,2.015783e-08,4.447246e-08,4.860400e-06,6.252378e-05
1056440320,14236246,12677283840,38701991,-6.425828e-02,-2.645155e-02,2.008385e-08,4.772085e-08,4.842561e-06,6.709067e-05
1056702464,14243258,12680429568,38711710,-6.427313e-02,-2.646847e-02,1.609750e-08,4.061239e-08,3.881386e-06,5.709691e-05
1056964608,14313864,12683575296,38721452,-6.424832e-02,-2.648641e-02,2.300876e-08,3.370452e-08,5.547807e-06,4.738513e-05
1057226752,14349147,12686721024,38730954,-6.425142e-02,-2.650192e-02,2.207586e-08,2.825072e-08,5.322870e-06,3.971764e-05
1057488896,14351391,12689866752,38740618,-6.425796e-02,-2.649903e-02,2.017476e-08,2.923022e-08,4.864482e-06,4.109472e-05
1057751040,14352205,12693012480,38750223,-6.427359e-02,-2.652776e-02,1.598050e-08,2.023194e-08,3.853173e-06,2.844406e-05
1058013184,14353043,12696158208,38760044,-6.424440e-02,-2.651502e-02,2.421303e-08,2.401808e-08,5.838179e-06,3.376698e-05
1058275328,14353462,12699303936,38769587,-6.424273e-02,-2.652502e-02,2.473521e-08,2.101999e-08,5.964085e-06,2.955197e-05
1058537472,14353832,12702449664,38779114,-6.425650e-02,-2.652703e-02,2.059173e-08,2.044019e-08,4.965020e-06,2.873683e-05
1058799616,14354311,12705595392,38788784,-6.423730e-02,-2.657250e-02,2.647075e-08,9.506281e-09,6.382553e-06,1.336487e-05
1059061760,14354405,12708741120,38798591,-6.422214e-02,-2.653715e-02,3.163427e-08,1.764996e-08,7.627568e-06,2.481406e-05
1059323904,14354591,12711886848,38808213,-6.421535e-02,-2.656019e-02,3.409479e-08,1.205914e-08,8.220841e-06,1.695393e-05
1059586048,14354710,12715032576,38817629,-6.421147e-02,-2.655113e-02,3.554337e-08,1.413103e-08,8.570119e-06,1.986680e-05
1059848192,14354989,12718178304,38827354,-6.423863e-02,-2.654733e-02,2.604096e-08,1.504886e-08,6.278925e-06,2.115717e-05
1060110336,14355149,12721324032,38836913,-6.424318e-02,-2.654315e-02,2.459246e-08,1.609089e-08,5.929664e-06,2.262215e-05
1060372480,14355560,12724469760,38846648,-6.428134e-02,-2.651802e-02,1.407971e-08,2.309926e-08,3.394860e-06,3.247521e-05
1060634624,14355593,12727615488,38856382,-6.431215e-02,-2.654201e-02,7.718896e-09,1.638186e-08,1.861159e-06,2.303124e-05
1060896768,14355863,12730761216,38865816,-6.433433e-02,-2.656213e-02,4.313451e-09,1.163663e-08,1.040047e-06,1.635993e-05
1061158912,14356047,12733906944,38875430,-6.434383e-02,-2.653608e-02,3.155061e-09,1.793469e-08,7.607395e-07,2.521435e-05
1061421056,14356115,12737052672,38885094,-6.434016e-02,-2.652249e-02,3.581192e-09,2.175820e-08,8.634871e-07,3.058982e-05
1061683200,14356610,12740198400,38894686,-6.434687e-02,-2.652881e-02,2.822806e-09,1.993524e-08,6.806273e-07,2.802693e-05
1061945344,14357613,12743344128,38904466,-6.434181e-02,-2.657051e-02,3.385964e-09,9.898525e-09,8.164142e-07,1.391632e-05
1062207488,14358085,12746489856,38913878,-6.433323e-02,-2.658956e-02,4.458514e-09,6.470625e-09,1.075024e-06,9.097042e-06
1062469632,14358142,12749635584,38923407,-6.433444e-02,-2.660812e-02,4.297807e-09,3.829002e-09,1.036275e-06,5.383190e-06
1062731776,14358391,12752781312,38932957,-6.430088e-02,-2.660489e-02,9.825275e-09,4.239636e-09,2.369043e-06,5.960498e-06
1062993920,14358439,12755927040,38942553,-6.431150e-02,-2.656583e-02,7.833214e-09,1.085145e-08,1.888723e-06,1.525604e-05
1063256064,14358511,12759072768,38952124,-6.433226e-02,-2.657042e-02,4.588800e-09,9.915210e-09,1.106439e-06,1.393978e-05
1063518208,14358582,12762218496,38961620,-6.433640e-02,-2.659810e-02,4.045673e-09,5.169069e-09,9.754815e-07,7.267187e-06
1063780352,14358886,12765364224,38971147,-6.435355e-02,-2.661573e-02,2.158008e-09,2.945640e-09,5.203330e-07,4.141272e-06
1064042496,14359478,12768509952,38980484,-6.431483e-02,-2.664211e-02,7.254787e-09,7.777139e-10,1.749254e-06,1.093387e-06
1064304640,14360075,12771655680,38989951,-6.433492e-02,-2.664794e-02,4.235513e-09,4.864487e-10,1.021255e-06,6.838974e-07
1064566784,14360320,12774801408,38999432,-6.437575e-02,-2.662154e-02,5.881420e-10,2.348775e-09,1.418112e-07,3.302140e-06
1064828928,14360659,12777947136,39008933,-6.437952e-02,-2.661491e-02,4.194978e-10,3.034658e-09,1.011481e-07,4.266421e-06
1065091072,14361434,12781092864,39018533,-6.436312e-02,-2.664727e-02,1.360162e-09,5.165618e-10,3.279585e-07,7.262335e-07
1065353216,14361850,12784238592,39028246,-6.437447e-02,-2.665943e-02,6.519412e-10,1.117357e-10,1.571943e-07,1.570891e-07
1065615360,14362156,12787384320,39037952,-6.435903e-02,-2.664156e-02,1.678602e-09,8.087691e-10,4.047398e-07,1.137047e-06
1065877504,14362712,12790530048,39047303,-6.434824e-02,-2.663643e-02,2.679784e-09,1.126975e-09,6.461422e-07,1.584413e-06
1066139648,14363206,12793675776,39057094,-6.435614e-02,-2.665323e-02,1.923837e-09,2.812751e-10,4.638703e-07,3.954442e-07
1066401792,14363374,12796821504,39066764,-6.437981e-02,-2.667622e-02,4.076794e-10,3.870376e-11,9.829853e-08,5.441357e-08
1066663936,14363385,12799967232,39076346,-6.438620e-02,-2.666187e-02,1.906036e-10,6.616474e-11,4.595781e-08,9.302092e-08
1066926080,14364241,12803112960,39085877,-6.443705e-02,-2.661280e-02,1.372279e-09,3.272263e-09,3.308802e-07,4.600470e-06
1067188224,14364876,12806258688,39095452,-6.443267e-02,-2.665517e-02,1.066894e-09,2.199954e-10,2.572465e-07,3.092913e-07
1067450368,14365340,12809404416,39105167,-6.443163e-02,-2.667325e-02,1.000312e-09,1.055245e-11,2.411925e-07,1.483567e-08
1067712512,14366379,12812550144,39114638,-6.445988e-02,-2.669395e-02,3.585652e-09,5.735081e-10,8.645625e-07,8.062942e-07
1067974656,14366979,12815695872,39124175,-6.443630e-02,-2.667394e-02,1.317634e-09,1.551962e-11,3.177043e-07,2.181901e-08
1068236800,14367359,12818841600,39133711,-6.442478e-02,-2.662330e-02,6.140797e-10,2.181260e-09,1.480652e-07,3.066631e-06
1068498944,14369553,12821987328,39143224,-6.442838e-02,-2.662141e-02,8.053825e-10,2.360887e-09,1.941916e-07,3.319168e-06
1068761088,14369881,12825133056,39152888,-6.442696e-02,-2.659840e-02,7.266368e-10,5.127105e-09,1.752046e-07,7.208189e-06
1069023232,14371011,12828278784,39162457,-6.441734e-02,-2.660283e-02,3.005889e-10,4.511154e-09,7.247717e-08,6.342224e-06
1069285376,14374759,12831424512,39171969,-6.443717e-02,-2.659926e-02,1.381679e-09,5.004082e-09,3.331466e-07,7.035232e-06
1069547520,14382845,12834570240,39181324,-6.441206e-02,-2.658422e-02,1.455037e-10,7.358916e-09,3.508344e-08,1.034589e-05
1069809664,14390019,12837715968,39191151,-6.442696e-02,-2.659777e-02,7.266368e-10,5.217392e-09,1.752046e-07,7.335123e-06
1070071808,14392587,12840861696,39200750,-6.442637e-02,-2.660740e-02,6.952506e-10,3.918266e-09,1.676369e-07,5.508684e-06
1070333952,14402757,12844007424,39210102,-6.442107e-02,-2.660938e-02,4.436412e-10,3.674984e-09,1.069695e-07,5.166655e-06
1070596096,14415563,12847153152,39219608,-6.444788e-02,-2.664577e-02,2.292248e-09,5.871487e-10,5.527006e-07,8.254714e-07
1070858240,14418245,12850298880,39229329,-6.446634e-02,-2.665537e-02,4.400992e-09,2.139594e-10,1.061155e-06,3.008052e-07
1071120384,14433999,12853444608,39238952,-6.447501e-02,-2.667542e-02,5.625749e-09,2.937962e-11,1.356465e-06,4.130477e-08
1071382528,14434311,12856590336,39248831,-6.451440e-02,-2.666194e-02,1.308649e-08,6.495821e-11,3.155379e-06,9.132465e-08
1071644672,14449933,12859736064,39258352,-6.451393e-02,-2.664717e-02,1.297932e-08,5.211440e-10,3.129538e-06,7.326756e-07
1071906816,14481249,12862881792,39267798,-6.450723e-02,-2.665945e-02,1.149801e-08,1.112244e-10,2.772367e-06,1.563702e-07
1072168960,14493232,12866027520,39277225,-6.451136e-02,-2.665794e-02,1.240024e-08,1.454138e-10,2.989912e-06,2.044371e-07
1072431104,14511986,12869173248,39286758,-6.452797e-02,-2.667313e-02,1.637662e-08,9.815496e-12,3.948685e-06,1.379959e-08
1072693248,14520966,12872318976,39296245,-6.450333e-02,-2.666178e-02,1.067752e-08,6.762724e-11,2.574535e-06,9.507704e-08
1072955392,14522357,12875464704,39305806,-6.451102e-02,-2.662244e-02,1.232403e-08,2.261674e-09,2.971536e-06,3.179684e-06
1073217536,14522871,12878610432,39315328,-6.450949e-02,-2.662898e-02,1.198725e-08,1.682878e-09,2.890331e-06,2.365956e-06
1073479680,14543505,12881756160,39324821,-6.451536e-02,-2.664120e-02,1.330732e-08,8.292381e-10,3.208623e-06,1.165825e-06
1073741824,14548327,12884901888,39334398,-6.449679e-02,-2.660942e-02,9.366957e-09,3.670018e-09,2.258535e-06,5.159673e-06
1074003968,14548888,12888047616,39344143,-6.448910e-02,-2.663385e-02,7.939076e-09,1.306973e-09,1.914248e-06,1.837471e-06
1074266112,14553808,12891193344,39353631,-6.449194e-02,-2.662348e-02,8.451624e-09,2.164416e-09,2.037832e-06,3.042950e-06
1074528256,14554536,12894339072,39362956,-6.449445e-02,-2.663619e-02,8.920994e-09,1.143292e-09,2.151005e-06,1.607352e-06
1074790400,14555037,12897484800,39372783,-6.448801e-02,-2.667252e-02,7.745101e-09,6.360593e-12,1.867477e-06,8.942348e-09
1075052544,14555748,12900630528,39382471,-6.450642e-02,-2.667164e-02,1.132450e-08,2.692849e-12,2.730532e-06,3.785873e-09
1075314688,14556387,12903776256,39392046,-6.451406e-02,-2.669409e-02,1.300990e-08,5.804878e-10,3.136910e-06,8.161070e-07
1075576832,14556756,12906921984,39401723,-6.451577e-02,-2.668013e-02,1.340203e-08,1.027112e-10,3.231459e-06,1.444015e-07
1075838976,14557052,12910067712,39411263,-6.450932e-02,-2.668596e-02,1.195138e-08,2.546348e-10,2.881684e-06,3.579907e-07
1076101120,14557950,12913213440,39420733,-6.454144e-02,-2.670880e-02,2.000368e-08,1.505499e-09,4.823232e-06,2.116579e-06
1076363264,14558481,12916359168,39430460,-6.452499e-02,-2.669438e-02,1.562087e-08,5.943923e-10,3.766462e-06,8.356553e-07
1076625408,14559497,12919504896,39439960,-6.453499e-02,-2.669203e-02,1.822220e-08,4.851349e-10,4.393686e-06,6.820505e-07
1076887552,14559531,12922650624,39449680,-6.450246e-02,-2.669754e-02,1.049660e-08,7.583054e-10,2.530912e-06,1.066100e-06
1077149696,14559550,12925796352,39459166,-6.450237e-02,-2.673073e-02,1.047829e-08,3.688094e-09,2.526496e-06,5.185087e-06
1077411840,14559835,12928942080,39468559,-6.448330e-02,-2.674970e-02,6.938472e-09,6.351908e-09,1.672985e-06,8.930139e-06
1077673984,14560033,12932087808,39478105,-6.448236e-02,-2.677823e-02,6.782958e-09,1.171311e-08,1.635488e-06,1.646745e-05
1077936128,14560083,12935233536,39487701,-6.451773e-02,-2.674412e-02,1.385956e-08,5.493810e-09,3.341778e-06,7.723739e-06
1078198272,14560443,12938379264,39497294,-6.451176e-02,-2.673703e-02,1.249001e-08,4.493656e-09,3.011556e-06,6.317624e-06
1078460416,14561256,12941524992,39506961,-6.453363e-02,-2.668822e-02,1.785595e-08,3.319828e-10,4.305377e-06,4.667341e-07
1078722560,14561320,12944670720,39516423,-6.455450e-02,-2.665008e-02,2.386878e-08,3.967716e-10,5.755174e-06,5.578206e-07
1078984704,14561321,12947816448,39525767,-6.455660e-02,-2.663669e-02,2.452240e-08,1.109659e-09,5.912773e-06,1.560068e-06
1079246848,14561373,12950962176,39535358,-6.458537e-02,-2.660605e-02,3.436220e-08,4.089151e-09,8.285318e-06,5.748932e-06
1079508992,14561520,12954107904,39544923,-6.459701e-02,-2.662489e-02,3.881225e-08,2.034871e-09,9.358303e-06,2.860821e-06
1079771136,14561994,12957253632,39554432,-6.459370e-02,-2.664977e-02,3.751977e-08,4.090345e-10,9.046661e-06,5.750610e-07
1080033280,14562157,12960399360,39564100,-6.460870e-02,-2.664584e-02,4.355494e-08,5.835435e-10,1.050185e-05,8.204029e-07
1080295424,14562291,12963545088,39573701,-6.464481e-02,-2.666536e-02,5.993251e-08,2.156278e-11,1.445076e-05,3.031509e-08
1080557568,14562331,12966690816,39583334,-6.466314e-02,-2.666489e-02,6.924245e-08,2.610429e-11,1.669555e-05,3.669998e-08
1080819712,14562353,12969836544,39592910,-6.466650e-02,-2.665346e-02,7.102215e-08,2.733963e-10,1.712466e-05,3.843675e-07
1081081856,14562739,12972982272,39602531,-6.467875e-02,-2.666761e-02,7.770077e-08,5.719925e-12,1.873499e-05,8.041634e-09
1081344000,14562977,12976128000,39612092,-6.467929e-02,-2.668983e-02,7.800428e-08,3.934394e-10,1.880818e-05,5.531360e-07
1081606144,14563333,12979273728,39621606,-6.468282e-02,-2.669903e-02,7.998522e-08,8.425936e-10,1.928582e-05,1.184601e-06
1081868288,14563524,12982419456,39631257,-6.466138e-02,-2.674639e-02,6.831628e-08,5.836124e-09,1.647223e-05,8.204997e-06
1082130432,14563737,12985565184,39640813,-6.466747e-02,-2.673481e-02,7.153934e-08,4.200432e-09,1.724937e-05,5.905381e-06
1082392576,14564511,12988710912,39650400,-6.465311e-02,-2.674890e-02,6.406524e-08,6.225764e-09,1.544723e-05,8.752793e-06
1082654720,14564960,12991856640,39660108,-6.466103e-02,-2.672231e-02,6.813723e-08,2.736781e-09,1.642906e-05,3.847636e-06
1082916864,14565008,12995002368,39669642,-6.464062e-02,-2.673196e-02,5.789630e-08,3.839152e-09,1.395979e-05,5.397458e-06
1083179008,14565988,12998148096,39679377,-6.461845e-02,-2.676034e-02,4.772085e-08,8.161343e-09,1.150632e-05,1.147402e-05
1083441152,14567094,13001293824,39689089,-6.460280e-02,-2.675109e-02,4.112677e-08,6.575328e-09,9.916371e-06,9.244243e-06
1083703296,14568261,13004439552,39698735,-6.458931e-02,-2.674753e-02,3.583896e-08,6.010727e-09,8.641391e-06,8.450473e-06
1083965440,14569442,13007585280,39708333,-6.460597e-02,-2.679387e-02,4.242418e-08,1.534415e-08,1.022920e-05,2.157231e-05
1084227584,14570104,13010731008,39717915,-6.464344e-02,-2.683985e-02,5.925954e-08,2.885059e-08,1.428849e-05,4.056100e-05
1084489728,14570916,13013876736,39727559,-6.464346e-02,-2.684494e-02,5.927042e-08,3.060322e-08,1.429112e-05,4.302503e-05
1084751872,14571269,13017022464,39737209,-6.462810e-02,-2.684438e-02,5.202939e-08,3.040803e-08,1.254518e-05,4.275060e-05
1085014016,14572226,13020168192,39746940,-6.461027e-02,-2.682953e-02,4.421359e-08,2.544862e-08,1.066066e-05,3.577818e-05
1085276160,14572712,13023313920,39756630,-6.461918e-02,-2.683022e-02,4.803712e-08,2.566898e-08,1.158258e-05,3.608799e-05
1085538304,14573140,13026459648,39766422,-6.459965e-02,-2.682689e-02,3.985843e-08,2.461583e-08,9.610553e-06,3.460736e-05
1085800448,14575217,13029605376,39776056,-6.462146e-02,-2.681302e-02,4.904170e-08,2.045510e-08,1.182480e-05,2.875780e-05
1086062592,14576381,13032751104,39785536,-6.464669e-02,-2.686954e-02,6.085533e-08,3.981530e-08,1.467327e-05,5.597628e-05
1086324736,14577571,13035896832,39794969,-6.464274e-02,-2.687572e-02,5.892267e-08,4.232219e-08,1.420727e-05,5.950070e-05
1086586880,14578986,13039042560,39804562,-6.464649e-02,-2.686682e-02,6.075611e-08,3.873963e-08,1.464935e-05,5.446398e-05
1086849024,14580263,13042188288,39813970,-6.463206e-02,-2.687077e-02,5.384989e-08,4.031041e-08,1.298414e-05,5.667234e-05
1087111168,14580323,13045334016,39823526,-6.464192e-02,-2.688787e-02,5.852546e-08,4.746566e-08,1.411150e-05,6.673191e-05
1087373312,14582924,13048479744,39832816,-6.463133e-02,-2.688722e-02,5.351155e-08,4.718283e-08,1.290255e-05,6.633427e-05
1087635456,14585696,13051625472,39842454,-6.464966e-02,-2.688045e-02,6.233087e-08,4.428961e-08,1.502905e-05,6.226669e-05
1087897600,14585700,13054771200,39851737,-6.460173e-02,-2.687824e-02,4.069276e-08,4.336545e-08,9.811726e-06,6.096742e-05
1088159744,14590181,13057916928,39861289,-6.460310e-02,-2.687510e-02,4.124773e-08,4.206507e-08,9.945538e-06,5.913923e-05
1088421888,14592856,13061062656,39871112,-6.458510e-02,-2.693506e-02,3.426008e-08,7.025680e-08,8.260694e-06,9.877393e-05
1088684032,14602107,13064208384,39880558,-6.457090e-02,-2.696453e-02,2.920475e-08,8.675057e-08,7.041768e-06,1.219625e-04
1088946176,14623814,13067354112,39890163,-6.454346e-02,-2.698252e-02,2.057890e-08,9.766654e-08,4.961928e-06,1.373092e-04
1089208320,14627533,13070499840,39899601,-6.454695e-02,-2.700250e-02,2.159366e-08,1.105555e-07,5.206603e-06,1.554299e-04
1089470464,14650048,13073645568,39909314,-6.451187e-02,-2.701912e-02,1.251500e-08,1.218817e-07,3.017583e-06,1.713533e-04
1089732608,14675385,13076791296,39918974,-6.452903e-02,-2.702580e-02,1.664852e-08,1.265914e-07,4.014245e-06,1.779747e-04
1089994752,14678269,13079937024,39928513,-6.451647e-02,-2.700049e-02,1.356467e-08,1.092255e-07,3.270676e-06,1.535600e-04
1090256896,14685453,13083082752,39938031,-6.451303e-02,-2.704690e-02,1.277472e-08,1.420527e-07,3.080205e-06,1.997117e-04
1090519040,14755960,13086228480,39947901,-6.454508e-02,-2.701745e-02,2.104754e-08,1.207231e-07,5.074925e-06,1.697244e-04
1090781184,14799078,13089374208,39957422,-6.455802e-02,-2.698835e-02,2.497012e-08,1.013469e-07,6.020726e-06,1.424834e-04
1091043328,14800964,13092519936,39966912,-6.459608e-02,-2.699630e-02,3.844616e-08,1.064693e-07,9.270032e-06,1.496850e-04
1091305472,14802433,13095665664,39976479,-6.457801e-02,-2.698741e-02,3.168730e-08,1.007489e-07,7.640354e-06,1.416427e-04
1091567616,14803348,13098811392,39985737,-6.454014e-02,-2.701214e-02,1.963865e-08,1.170610e-07,4.735217e-06,1.645759e-04
1091829760,14803873,13101957120,39995463,-6.452438e-02,-2.698902e-02,1.547038e-08,1.017731e-07,3.730176e-06,1.430827e-04
1092091904,14804045,13105102848,40005100,-6.451430e-02,-2.699701e-02,1.306434e-08,1.069353e-07,3.150038e-06,1.503403e-04
1092354048,14804646,13108248576,40014733,-6.448532e-02,-2.695666e-02,7.278922e-09,8.217672e-08,1.755073e-06,1.155321e-04
1092616192,14804708,13111394304,40024465,-6.450316e-02,-2.696018e-02,1.064060e-08,8.420530e-08,2.565632e-06,1.183841e-04
1092878336,14804884,13114540032,40033929,-6.446378e-02,-2.694901e-02,4.067502e-09,7.784933e-08,9.807447e-07,1.094483e-04
1093140480,14804909,13117685760,40043575,-6.444834e-02,-2.693277e-02,2.336694e-09,6.904947e-08,5.634172e-07,9.707656e-05
1093402624,14805076,13120831488,40053134,-6.445156e-02,-2.691253e-02,2.658229e-09,5.881872e-08,6.409448e-07,8.269316e-05
1093664768,14805471,13123977216,40062594,-6.444315e-02,-2.697180e-02,1.861604e-09,9.108589e-08,4.488649e-07,1.280575e-04
1093926912,14805833,13127122944,40072043,-6.443499e-02,-2.695225e-02,1.224155e-09,7.966526e-08,2.951648e-07,1.120013e-04
1094189056,14805868,13130268672,40081760,-6.444363e-02,-2.693310e-02,1.903629e-09,6.921991e-08,4.589978e-07,9.731617e-05
1094451200,14806150,13133414400,40091373,-6.442869e-02,-2.696314e-02,8.232415e-10,8.592960e-08,1.984977e-07,1.208083e-04
1094713344,14806263,13136560128,40100747,-6.445448e-02,-2.692728e-02,2.967923e-09,6.619381e-08,7.156173e-07,9.306178e-05
1094975488,14806537,13139705856,40110329,-6.446946e-02,-2.690650e-02,4.823901e-09,5.593228e-08,1.163126e-06,7.863511e-05
1095237632,14806932,13142851584,40119823,-6.448850e-02,-2.690330e-02,7.831895e-09,5.442891e-08,1.888405e-06,7.652152e-05
1095499776,14808039,13145997312,40129514,-6.450301e-02,-2.688231e-02,1.061142e-08,4.507470e-08,2.558595e-06,6.337045e-05
1095761920,14808208,13149143040,40139013,-6.450281e-02,-2.690569e-02,1.057001e-08,5.555056e-08,2.548612e-06,7.809846e-05
1096024064,14808382,13152288768,40148746,-6.447001e-02,-2.692258e-02,4.900792e-09,6.379774e-08,1.181665e-06,8.969314e-05
1096286208,14808647,13155434496,40158407,-6.449880e-02,-2.689137e-02,9.760392e-09,4.900376e-08,2.353399e-06,6.889431e-05
1096548352,14808659,13158580224,40168034,-6.449509e-02,-2.688333e-02,9.041026e-09,4.551154e-08,2.179947e-06,6.398461e-05
1096810496,14808846,13161725952,40177673,-6.452817e-02,-2.690280e-02,1.642815e-08,5.419797e-08,3.961109e-06,7.619685e-05
1097072640,14808901,13164871680,40187221,-6.455694e-02,-2.688348e-02,2.462986e-08,4.557275e-08,5.938683e-06,6.407067e-05
1097334784,14809032,13168017408,40196953,-6.454073e-02,-2.686867e-02,1.980397e-08,3.946966e-08,4.775077e-06,5.549034e-05
1097596928,14809971,13171163136,40206671,-6.452131e-02,-2.684965e-02,1.471620e-08,3.227355e-08,3.548330e-06,4.537333e-05
1097859072,14810346,13174308864,40216225,-6.449509e-02,-2.685163e-02,9.041026e-09,3.299023e-08,2.179947e-06,4.638091e-05
1098121216,14810628,13177454592,40225841,-6.445577e-02,-2.686965e-02,3.110025e-09,3.985917e-08,7.498805e-07,5.603795e-05
1098383360,14811054,13180600320,40235302,-6.442191e-02,-2.685387e-02,4.798162e-10,3.380786e-08,1.156919e-07,4.753043e-05
1098645504,14811453,13183746048,40244952,-6.443030e-02,-2.686059e-02,9.177301e-10,3.632652e-08,2.212805e-07,5.107140e-05
1098907648,14811938,13186891776,40254442,-6.442436e-02,-2.688856e-02,5.932122e-10,4.776806e-08,1.430337e-07,6.715705e-05
1099169792,14812360,13190037504,40263985,-6.439199e-02,-2.690890e-02,6.415007e-11,5.707280e-08,1.546769e-08,8.023857e-05
1099431936,14812942,13193183232,40273669,-6.438502e-02,-2.689413e-02,2.244938e-10,5.023352e-08,5.412933e-08,7.062324e-05
1099694080,14813425,13196328960,40283449,-6.440771e-02,-2.686444e-02,5.946493e-11,3.780534e-08,1.433802e-08,5.315046e-05
1099956224,14813620,13199474688,40293290,-6.443833e-02,-2.688537e-02,1.468866e-09,4.638272e-08,3.541689e-07,6.520939e-05
1100218368,14813633,13202620416,40303024,-6.442942e-02,-2.691484e-02,8.652359e-10,5.994528e-08,2.086233e-07,8.427698e-05
1100480512,14813905,13205766144,40312727,-6.440425e-02,-2.689531e-02,1.803557e-11,5.076595e-08,4.348688e-09,7.137177e-05
1100742656,14814860,13208911872,40322198,-6.440282e-02,-2.689024e-02,7.931655e-12,4.850693e-08,1.912459e-09,6.819583e-05
1101004800,14815355,13212057600,40331683,-6.438765e-02,-2.688316e-02,1.525982e-10,4.543528e-08,3.679404e-08,6.387739e-05
1101266944,14816753,13215203328,40341468,-6.439999e-02,-2.686019e-02,2.220446e-16,3.617190e-08,5.353878e-14,5.085402e-05
1101529088,14817194,13218349056,40351101,-6.438936e-02,-2.686747e-02,1.131975e-10,3.899300e-08,2.729385e-08,5.482021e-05
1101791232,14817868,13221494784,40360514,-6.439318e-02,-2.686666e-02,4.657696e-11,3.867440e-08,1.123051e-08,5.437228e-05
1102053376,14819672,13224640512,40370123,-6.439977e-02,-2.684972e-02,5.334622e-14,3.229898e-08,1.286269e-11,4.540909e-05
1102315520,14820134,13227786240,40379765,-6.440352e-02,-2.683848e-02,1.236700e-11,2.838613e-08,2.981896e-09,3.990802e-05
1102577664,14821342,13230931968,40389245,-6.440900e-02,-2.684942e-02,8.100542e-11,3.219262e-08,1.953180e-08,4.525956e-05
1102839808,14824950,13234077696,40398707,-6.437860e-02,-2.688384e-02,4.581962e-10,4.572876e-08,1.104790e-07,6.429000e-05
1103101952,14833168,13237223424,40408469,-6.434506e-02,-2.690209e-02,3.018467e-09,5.386458e-08,7.278045e-07,7.572814e-05
1103364096,14840370,13240369152,40418082,-6.431605e-02,-2.687873e-02,7.048130e-09,4.356739e-08,1.699426e-06,6.125132e-05
1103626240,14842777,13243514880,40427787,-6.426773e-02,-2.686821e-02,1.749540e-08,3.928928e-08,4.218441e-06,5.523675e-05
1103888384,14853026,13246660608,40437365,-6.426349e-02,-2.689359e-02,1.863689e-08,4.999418e-08,4.493675e-06,7.028675e-05
1104150528,14865748,13249806336,40446928,-6.428998e-02,-2.686427e-02,1.210500e-08,3.774017e-08,2.918724e-06,5.305885e-05
1104412672,14870125,13252952064,40456453,-6.430461e-02,-2.687949e-02,9.099211e-09,4.388677e-08,2.193977e-06,6.170035e-05
1104674816,14884416,13256097792,40465843,-6.428882e-02,-2.689293e-02,1.236045e-08,4.969726e-08,2.980318e-06,6.986930e-05
1104936960,14885651,13259243520,40475509,-6.429518e-02,-2.693939e-02,1.098770e-08,7.257032e-08,2.649323e-06,1.020265e-04
1105199104,14899983,13262389248,40485070,-6.432129e-02,-2.695085e-02,6.194939e-09,7.887756e-08,1.493707e-06,1.108939e-04
1105461248,14931388,13265534976,40494558,-6.433605e-02,-2.698640e-02,4.089389e-09,1.001090e-07,9.860222e-07,1.407431e-04
1105723392,14943120,13268680704,40504160,-6.435671e-02,-2.702611e-02,1.874485e-09,1.268129e-07,4.519706e-07,1.782860e-04
1105985536,14962145,13271826432,40514013,-6.436694e-02,-2.702690e-02,1.092846e-09,1.273760e-07,2.635041e-07,1.790777e-04
1106247680,14971008,13274972160,40523623,-6.435800e-02,-2.702650e-02,1.764535e-09,1.270956e-07,4.254599e-07,1.786835e-04
1106509824,14972407,13278117888,40533377,-6.433039e-02,-2.699610e-02,4.845660e-09,1.063393e-07,1.168372e-06,1.495022e-04
1106771968,14973002,13281263616,40542902,-6.432328e-02,-2.702713e-02,5.885748e-09,1.275436e-07,1.419155e-06,1.793133e-04
1107034112,14990226,13284409344,40552465,-6.435272e-02,-2.702053e-02,2.235529e-09,1.228708e-07,5.390246e-07,1.727439e-04
1107296256,14990680,13287555072,40562055,-6.436354e-02,-2.699861e-02,1.329561e-09,1.079843e-07,3.205800e-07,1.518150e-04
1107558400,14993488,13290700800,40571835,-6.440960e-02,-2.700357e-02,9.208989e-11,1.112689e-07,2.220446e-08,1.564328e-04
1107820544,14996063,13293846528,40581423,-6.438979e-02,-2.702764e-02,1.043410e-10,1.279070e-07,2.515842e-08,1.798243e-04
1108082688,14996494,13296992256,40591031,-6.442187e-02,-2.702664e-02,4.781855e-10,1.271952e-07,1.152988e-07,1.788236e-04
1108344832,14997055,13300137984,40600718,-6.440170e-02,-2.701056e-02,2.885692e-12,1.159827e-07,6.957900e-10,1.630599e-04
1108606976,14997875,13303283712,40610189,-6.439822e-02,-2.700554e-02,3.170852e-12,1.125875e-07,7.645471e-10,1.582866e-04
1108869120,14998387,13306429440,40619804,-6.436999e-02,-2.702164e-02,9.006564e-10,1.236542e-07,2.171638e-07,1.738453e-04
1109131264,14999027,13309575168,40629563,-6.437539e-02,-2.701966e-02,6.056161e-10,1.222604e-07,1.460244e-07,1.718858e-04
1109393408,14999393,13312720896,40639028,-6.437785e-02,-2.700844e-02,4.906480e-10,1.145447e-07,1.183037e-07,1.610382e-04
1109655552,15000067,13315866624,40648640,-6.437927e-02,-2.699284e-02,4.296299e-10,1.042288e-07,1.035912e-07,1.465351e-04
1109917696,15000769,13319012352,40658294,-6.434853e-02,-2.697444e-02,2.649018e-09,9.268373e-08,6.387239e-07,1.303039e-04
1110179840,15001663,13322158080,40667763,-6.431997e-02,-2.695522e-02,6.405463e-09,8.135329e-08,1.544467e-06,1.143745e-04
1110441984,15001704,13325303808,40677340,-6.434164e-02,-2.693273e-02,3.405936e-09,6.902794e-08,8.212298e-07,9.704628e-05
1110704128,15001747,13328449536,40686990,-6.434831e-02,-2.691120e-02,2.672076e-09,5.817630e-08,6.442835e-07,8.178998e-05
1110966272,15001821,13331595264,40696740,-6.434124e-02,-2.690982e-02,3.453058e-09,5.751329e-08,8.325918e-07,8.085785e-05
1111228416,15002315,13334740992,40706177,-6.432842e-02,-2.692095e-02,5.123371e-09,6.297800e-08,1.235333e-06,8.854068e-05
1111490560,15002433,13337886720,40715806,-6.434244e-02,-2.691992e-02,3.313520e-09,6.245928e-08,7.989468e-07,8.781141e-05
1111752704,15002763,13341032448,40725214,-6.436663e-02,-2.693947e-02,1.113634e-09,7.261247e-08,2.685163e-07,1.020858e-04
1112014848,15003455,13344178176,40734986,-6.439989e-02,-2.693066e-02,1.249001e-14,6.794482e-08,3.011556e-12,9.552353e-05
1112276992,15003540,13347323904,40744423,-6.443091e-02,-2.690046e-02,9.551195e-10,5.311330e-08,2.302958e-07,7.467190e-05
1112539136,15003627,13350469632,40753991,-6.442367e-02,-2.690349e-02,5.599397e-10,5.451846e-08,1.350111e-07,7.664742e-05
1112801280,15003695,13353615360,40763660,-6.442618e-02,-2.688226e-02,6.854626e-10,4.505571e-08,1.652768e-07,6.334377e-05
1113063424,15003756,13356761088,40773407,-6.438304e-02,-2.686117e-02,2.878103e-10,3.654624e-08,6.939601e-08,5.138031e-05
1113325568,15004182,13359906816,40782987,-6.440345e-02,-2.686963e-02,1.189987e-11,3.985173e-08,2.869264e-09,5.602750e-05
1113587712,15004371,13363052544,40792531,-6.441946e-02,-2.685756e-02,3.784373e-10,3.518049e-08,9.124776e-08,4.946020e-05
1113849856,15004587,13366198272,40802101,-6.444836e-02,-2.682314e-02,2.338856e-09,2.345105e-08,5.639384e-07,3.296981e-05
1114112000,15004594,13369344000,40811741,-6.443325e-02,-2.680947e-02,1.105196e-09,1.945168e-08,2.664818e-07,2.734709e-05
1114374144,15004665,13372489728,40821452,-6.448933e-02,-2.681314e-02,7.978958e-09,2.049029e-08,1.923864e-06,2.880726e-05
1114636288,15005140,13375635456,40830996,-6.451289e-02,-2.678787e-02,1.274442e-08,1.389423e-08,3.072900e-06,1.953387e-05
1114898432,15005252,13378781184,40840707,-6.448888e-02,-2.676810e-02,7.899295e-09,9.623962e-09,1.904656e-06,1.353031e-05
1115160576,15005631,13381926912,40850316,-6.448970e-02,-2.676708e-02,8.045649e-09,9.424010e-09,1.939944e-06,1.324920e-05
1115422720,15005733,13385072640,40860057,-6.447447e-02,-2.677092e-02,5.545565e-09,1.018409e-08,1.337131e-06,1.431780e-05
1115684864,15005852,13388218368,40869707,-6.442574e-02,-2.676278e-02,6.622545e-10,8.607477e-09,1.596810e-07,1.210124e-05
1115947008,15007021,13391364096,40879399,-6.440394e-02,-2.676327e-02,1.553430e-11,8.698962e-09,3.745586e-09,1.222986e-05
1116209152,15007053,13394509824,40888884,-6.440769e-02,-2.677231e-02,5.912071e-11,1.046762e-08,1.425502e-08,1.471641e-05
1116471296,15007286,13397655552,40898544,-6.436905e-02,-2.677327e-02,9.578847e-10,1.066405e-08,2.309625e-07,1.499258e-05
1116733440,15008334,13400801280,40908094,-6.437618e-02,-2.680920e-02,5.673689e-10,1.937694e-08,1.368024e-07,2.724200e-05
1116995584,15009411,13403947008,40917863,-6.437869e-02,-2.681373e-02,4.540590e-10,2.065807e-08,1.094815e-07,2.904315e-05
1117257728,15010572,13407092736,40927576,-6.439629e-02,-2.680198e-02,1.376699e-11,1.741910e-08,3.319458e-09,2.448949e-05
1117519872,15011778,13410238464,40937075,-6.438260e-02,-2.679922e-02,3.029186e-10,1.669807e-08,7.303888e-08,2.347579e-05
1117782016,15012851,13413384192,40946525,-6.441118e-02,-2.677934e-02,1.249001e-10,1.195505e-08,3.011556e-08,1.680758e-05
1118044160,15013131,13416529920,40956095,-6.444763e-02,-2.678035e-02,2.268056e-09,1.217807e-08,5.468674e-07,1.712112e-05
1118306304,15013526,13419675648,40965813,-6.446478e-02,-2.676873e-02,4.195845e-09,9.748251e-09,1.011691e-06,1.370505e-05
1118568448,15014549,13422821376,40975335,-6.446938e-02,-2.676597e-02,4.813558e-09,9.209704e-09,1.160632e-06,1.294791e-05
1118830592,15014987,13425967104,40984943,-6.443977e-02,-2.674937e-02,1.581156e-09,6.300057e-09,3.812438e-07,8.857241e-06
1119092736,15015393,13429112832,40994579,-6.446198e-02,-2.676373e-02,3.840768e-09,8.784995e-09,9.260753e-07,1.235081e-05
1119354880,15017340,13432258560,41004336,-6.447424e-02,-2.674156e-02,5.511219e-09,5.121505e-09,1.328850e-06,7.200317e-06
1119617024,15018478,13435404288,41013867,-6.448676e-02,-2.674670e-02,7.527647e-09,5.883462e-09,1.815045e-06,8.271551e-06
1119879168,15020410,13438550016,41023384,-6.451058e-02,-2.674800e-02,1.222662e-08,6.084020e-09,2.948050e-06,8.553515e-06
1120141312,15021293,13441695744,41032966,-6.450671e-02,-2.680133e-02,1.138643e-08,1.724647e-08,2.745464e-06,2.424678e-05
1120403456,15022481,13444841472,41042408,-6.452400e-02,-2.675077e-02,1.537600e-08,6.523473e-09,3.707419e-06,9.171341e-06
1120665600,15023070,13447987200,41051974,-6.452751e-02,-2.674005e-02,1.625861e-08,4.907053e-09,3.920230e-06,6.898818e-06
1120927744,15025249,13451132928,41061573,-6.448157e-02,-2.672350e-02,6.653495e-09,2.862530e-09,1.604272e-06,4.024427e-06
1121189888,15028202,13454278656,41071108,-6.450237e-02,-2.671446e-02,1.047982e-08,1.976811e-09,2.526864e-06,2.779195e-06
1121452032,15032345,13457424384,41080710,-6.451578e-02,-2.670512e-02,1.340548e-08,1.233688e-09,3.232291e-06,1.734441e-06
1121714176,15035054,13460570112,41090467,-6.449756e-02,-2.669805e-02,9.517544e-09,7.866741e-10,2.294844e-06,1.105984e-06
1121976320,15035986,13463715840,41100128,-6.446797e-02,-2.668238e-02,4.619132e-09,1.532431e-10,1.113752e-06,2.154443e-07
1122238464,15044420,13466861568,41109456,-6.451991e-02,-2.669090e-02,1.437832e-08,4.369188e-10,3.466861e-06,6.142636e-07
1122500608,15065962,13470007296,41119083,-6.456287e-02,-2.668818e-02,2.652654e-08,3.306944e-10,6.396004e-06,4.649228e-07
1122762752,15069624,13473153024,41128907,-6.455451e-02,-2.671256e-02,2.387108e-08,1.811793e-09,5.755729e-06,2.547198e-06
1123024896,15092414,13476298752,41138481,-6.458080e-02,-2.673064e-02,3.268712e-08,3.677469e-09,7.881426e-06,5.170148e-06
1123287040,15120510,13479444480,41148006,-6.458963e-02,-2.674367e-02,3.595754e-08,5.426643e-09,8.669981e-06,7.629309e-06
1123549184,15121175,13482590208,41157575,-6.458358e-02,-2.672434e-02,3.369973e-08,2.953126e-09,8.125585e-06,4.151796e-06
1123811328,15127769,13485735936,41167103,-6.457985e-02,-2.676289e-02,3.234587e-08,8.629265e-09,7.799145e-06,1.213187e-05
1124073472,15198176,13488881664,41176699,-6.456348e-02,-2.676889e-02,2.672592e-08,9.779540e-09,6.444080e-06,1.374904e-05
1124335616,15248881,13492027392,41186219,-6.456123e-02,-2.680133e-02,2.599529e-08,1.724842e-08,6.267914e-06,2.424953e-05
1124597760,15250755,13495173120,41195766,-6.455790e-02,-2.678371e-02,2.493246e-08,1.292971e-08,6.011645e-06,1.817787e-05
1124859904,15252339,13498318848,41205608,-6.453906e-02,-2.676066e-02,1.933703e-08,8.218993e-09,4.662490e-06,1.155507e-05
1125122048,15253317,13501464576,41215389,-6.454507e-02,-2.673368e-02,2.104538e-08,4.055631e-09,5.074404e-06,5.701806e-06
1125384192,15254033,13504610304,41224821,-6.453876e-02,-2.675216e-02,1.925423e-08,6.750476e-09,4.642526e-06,9.490484e-06
1125646336,15254126,13507756032,41234176,-6.454501e-02,-2.674875e-02,2.102809e-08,6.201978e-09,5.070235e-06,8.719352e-06
1125908480,15254559,13510901760,41243805,-6.452757e-02,-2.672728e-02,1.627381e-08,3.280579e-09,3.923896e-06,4.612161e-06
1126170624,15254815,13514047488,41253473,-6.453162e-02,-2.676462e-02,1.732434e-08,8.953746e-09,4.177196e-06,1.258806e-05
1126432768,15254874,13517193216,41263186,-6.455167e-02,-2.675764e-02,2.300423e-08,7.680323e-09,5.546717e-06,1.079776e-05
1126694912,15254934,13520338944,41272787,-6.455960e-02,-2.675770e-02,2.547180e-08,7.691754e-09,6.141691e-06,1.081383e-05
1126957056,15254982,13523484672,41282434,-6.458656e-02,-2.673885e-02,3.480558e-08,4.740691e-09,8.392226e-06,6.664931e-06
1127219200,15255529,13526630400,41292142,-6.458034e-02,-2.674894e-02,3.252030e-08,6.231350e-09,7.841204e-06,8.760646e-06
1127481344,15255844,13529776128,41301656,-6.458072e-02,-2.675061e-02,3.265749e-08,6.498824e-09,7.874282e-06,9.136686e-06
1127743488,15255928,13532921856,41311347,-6.460576e-02,-2.671620e-02,4.233522e-08,2.134709e-09,1.020775e-05,3.001184e-06
1128005632,15256252,13536067584,41321024,-6.464808e-02,-2.673397e-02,6.154097e-08,4.092487e-09,1.483859e-05,5.753621e-06
1128267776,15256356,13539213312,41330682,-6.466235e-02,-2.673245e-02,6.882744e-08,3.899866e-09,1.659548e-05,5.482815e-06
1128529920,15256677,13542359040,41340441,-6.466530e-02,-2.673174e-02,7.038028e-08,3.811733e-09,1.696990e-05,5.358910e-06
1128792064,15256971,13545504768,41350021,-6.465851e-02,-2.676138e-02,6.682501e-08,8.350555e-09,1.611266e-05,1.174003e-05
1129054208,15258340,13548650496,41359516,-6.464162e-02,-2.674280e-02,5.837775e-08,5.300599e-09,1.407588e-05,7.452104e-06
1129316352,15258372,13551796224,41369257,-6.462387e-02,-2.676693e-02,5.011670e-08,9.396184e-09,1.208400e-05,1.321008e-05
1129578496,15258434,13554941952,41378885,-6.462847e-02,-2.676587e-02,5.219608e-08,9.190766e-09,1.258537e-05,1.292128e-05
1129840640,15258689,13558087680,41388438,-6.465009e-02,-2.671881e-02,6.254310e-08,2.382294e-09,1.508022e-05,3.349264e-06
1130102784,15258784,13561233408,41398058,-6.463762e-02,-2.670403e-02,5.646037e-08,1.158330e-09,1.361357e-05,1.628495e-06
1130364928,15258853,13564379136,41407405,-6.464974e-02,-2.668151e-02,6.236807e-08,1.323779e-10,1.503802e-05,1.861099e-07
1130627072,15258934,13567524864,41417000,-6.463890e-02,-2.666313e-02,5.707102e-08,4.718914e-11,1.376081e-05,6.634315e-08
1130889216,15259012,13570670592,41426641,-6.464475e-02,-2.663931e-02,5.989968e-08,9.416968e-10,1.444285e-05,1.323930e-06
1131151360,15260059,13573816320,41436161,-6.466963e-02,-2.665365e-02,7.269983e-08,2.672714e-10,1.752918e-05,3.757565e-07
1131413504,15260397,13576962048,41445884,-6.468777e-02,-2.664861e-02,8.280799e-08,4.573195e-10,1.996643e-05,6.429448e-07
1131675648,15260811,13580107776,41455623,-6.464187e-02,-2.665128e-02,5.850023e-08,3.502834e-10,1.410541e-05,4.924628e-07
1131937792,15261297,13583253504,41465175,-6.463831e-02,-2.665967e-02,5.679014e-08,1.067137e-10,1.369308e-05,1.500286e-07
1132199936,15261390,13586399232,41474784,-6.460863e-02,-2.665610e-02,4.352385e-08,1.931320e-10,1.049435e-05,2.715240e-07
1132462080,15261860,13589544960,41484179,-6.459691e-02,-2.664055e-02,3.877410e-08,8.669900e-10,9.349103e-06,1.218900e-06
1132724224,15262280,13592690688,41493787,-6.457945e-02,-2.665415e-02,3.220131e-08,2.513167e-10,7.764290e-06,3.533259e-07
1132986368,15263022,13595836416,41503511,-6.459229e-02,-2.668884e-02,3.697623e-08,3.550405e-10,8.915605e-06,4.991509e-07
1133248512,15263264,13598982144,41513038,-6.458519e-02,-2.669800e-02,3.429594e-08,7.839598e-10,8.269342e-06,1.102168e-06
1133510656,15263494,13602127872,41522877,-6.455534e-02,-2.665121e-02,2.412963e-08,3.530778e-10,5.818069e-06,4.963915e-07
1133772800,15263752,13605273600,41532679,-6.456398e-02,-2.665065e-02,2.688938e-08,3.745341e-10,6.483494e-06,5.265570e-07
1134034944,15263792,13608419328,41542237,-6.455916e-02,-2.663220e-02,2.533168e-08,1.429161e-09,6.107905e-06,2.009255e-06
1134297088,15264718,13611565056,41551722,-6.457414e-02,-2.663951e-02,3.032558e-08,9.298453e-10,7.312021e-06,1.307268e-06
1134559232,15265414,13614710784,41561290,-6.459094e-02,-2.662722e-02,3.645657e-08,1.829915e-09,8.790307e-06,2.572675e-06
1134821376,15266883,13617856512,41570720,-6.460670e-02,-2.664819e-02,4.272549e-08,4.758260e-10,1.030185e-05,6.689632e-07
1135083520,15267312,13621002240,41580275,-6.461212e-02,-2.662704e-02,4.499406e-08,1.845886e-09,1.084884e-05,2.595128e-06
1135345664,15267865,13624147968,41589914,-6.461804e-02,-2.662174e-02,4.754198e-08,2.328957e-09,1.146319e-05,3.274278e-06
1135607808,15269724,13627293696,41599492,-6.457971e-02,-2.663473e-02,3.229497e-08,1.243916e-09,7.786873e-06,1.748819e-06
1135869952,15270588,13630439424,41608850,-6.458887e-02,-2.664306e-02,3.567272e-08,7.256329e-10,8.601306e-06,1.020166e-06
1136132096,15271385,13633585152,41618481,-6.456877e-02,-2.663952e-02,2.848098e-08,9.290502e-10,6.867256e-06,1.306150e-06
1136394240,15275027,13636730880,41627865,-6.458902e-02,-2.660816e-02,3.572621e-08,3.824624e-09,8.614204e-06,5.377033e-06
1136656384,15283190,13639876608,41637641,-6.458978e-02,-2.659804e-02,3.601407e-08,5.178448e-09,8.683613e-06,7.280373e-06
1136918528,15290227,13643022336,41647081,-6.457411e-02,-2.659065e-02,3.031520e-08,6.297100e-09,7.309518e-06,8.853084e-06
1137180672,15292846,13646168064,41656689,-6.459093e-02,-2.660758e-02,3.645372e-08,3.896144e-09,8.789621e-06,5.477584e-06
1137442816,15303013,13649313792,41666222,-6.461812e-02,-2.659821e-02,4.757448e-08,5.153279e-09,1.147103e-05,7.244988e-06
1137704960,15316045,13652459520,41675744,-6.463784e-02,-2.658623e-02,5.656664e-08,7.017514e-09,1.363919e-05,9.865913e-06
1137967104,15321959,13655605248,41685238,-6.462970e-02,-2.654562e-02,5.275931e-08,1.547131e-08,1.272118e-05,2.175109e-05
1138229248,15335098,13658750976,41694994,-6.459682e-02,-2.655301e-02,3.873596e-08,1.368643e-08,9.339908e-06,1.924173e-05
1138491392,15336699,13661896704,41704623,-6.460933e-02,-2.652252e-02,4.381656e-08,2.174886e-08,1.056493e-05,3.057668e-05
1138753536,15349992,13665042432,41714272,-6.464075e-02,-2.649324e-02,5.796086e-08,3.124456e-08,1.397536e-05,4.392668e-05
1139015680,15381723,13668188160,41723964,-6.465012e-02,-2.651925e-02,6.255801e-08,2.272540e-08,1.508381e-05,3.194961e-05
1139277824,15393062,13671333888,41733643,-6.469627e-02,-2.649918e-02,8.777288e-08,2.917802e-08,2.116355e-05,4.102133e-05
1139539968,15412109,13674479616,41743313,-6.469695e-02,-2.647403e-02,8.817950e-08,3.840600e-08,2.126160e-05,5.399494e-05
1139802112,15421209,13677625344,41753156,-6.469931e-02,-2.648502e-02,8.958332e-08,3.421596e-08,2.160008e-05,4.810416e-05
1140064256,15422566,13680771072,41762591,-6.471530e-02,-2.647064e-02,9.941480e-08,3.974546e-08,2.397062e-05,5.587809e-05
1140326400,15422886,13683916800,41772229,-6.474847e-02,-2.646103e-02,1.214269e-07,4.366775e-08,2.927812e-05,6.139242e-05
1140588544,15432528,13687062528,41781820,-6.474900e-02,-2.645976e-02,1.218011e-07,4.420263e-08,2.936834e-05,6.214441e-05
1140850688,15432761,13690208256,41791528,-6.471872e-02,-2.644890e-02,1.015830e-07,4.888426e-08,2.449342e-05,6.872629e-05
1141112832,15438355,13693353984,41800956,-6.472326e-02,-2.644785e-02,1.044960e-07,4.934990e-08,2.519577e-05,6.938095e-05
1141374976,15438986,13696499712,41810380,-6.471512e-02,-2.643896e-02,9.929737e-08,5.337806e-08,2.394231e-05,7.504412e-05
1141637120,15439206,13699645440,41819983,-6.471497e-02,-2.642682e-02,9.920348e-08,5.913536e-08,2.391967e-05,8.313831e-05
1141899264,15440261,13702791168,41829641,-6.471198e-02,-2.643978e-02,9.733037e-08,5.299917e-08,2.346803e-05,7.451147e-05
1142161408,15440946,13705936896,41839188,-6.471576e-02,-2.643885e-02,9.970160e-08,5.342799e-08,2.403977e-05,7.511433e-05
1142423552,15441737,13709082624,41848757,-6.470150e-02,-2.642850e-02,9.089936e-08,5.832196e-08,2.191740e-05,8.199476e-05
1142685696,15442202,13712228352,41858209,-6.469006e-02,-2.642587e-02,8.413397e-08,5.960101e-08,2.028615e-05,8.379298e-05
1142947840,15442507,13715374080,41867894,-6.465706e-02,-2.643928e-02,6.607981e-08,5.322926e-08,1.593298e-05,7.483494e-05
1143209984,15443337,13718519808,41877508,-6.463467e-02,-2.643885e-02,5.507045e-08,5.343230e-08,1.327843e-05,7.512038e-05
1143472128,15443521,13721665536,41887098,-6.466085e-02,-2.644155e-02,6.804391e-08,5.218927e-08,1.640656e-05,7.337281e-05
1143734272,15444024,13724811264,41896538,-6.464940e-02,-2.646901e-02,6.219701e-08,4.039871e-08,1.499677e-05,5.679649e-05
1143996416,15444210,13727956992,41906175,-6.461910e-02,-2.645392e-02,4.800447e-08,4.668971e-08,1.157470e-05,6.564100e-05
1144258560,15444254,13731102720,41915918,-6.463484e-02,-2.643089e-02,5.515091e-08,5.717163e-08,1.329783e-05,8.037751e-05
1144520704,15444396,13734248448,41925486,-6.461898e-02,-2.643436e-02,4.795225e-08,5.552510e-08,1.156211e-05,7.806266e-05
1144782848,15444796,13737394176,41935101,-6.460432e-02,-2.643697e-02,4.174555e-08,5.430122e-08,1.006557e-05,7.634200e-05
1145044992,15444900,13740539904,41944575,-6.461877e-02,-2.641968e-02,4.785766e-08,6.265775e-08,1.153931e-05,8.809043e-05
1145307136,15445356,13743685632,41953866,-6.461266e-02,-2.642248e-02,4.522192e-08,6.126404e-08,1.090379e-05,8.613103e-05
1145569280,15445954,13746831360,41963444,-6.466570e-02,-2.642013e-02,7.059391e-08,6.243322e-08,1.702141e-05,8.777477e-05
1145831424,15446020,13749977088,41973047,-6.466835e-02,-2.639624e-02,7.201042e-08,7.494374e-08,1.736295e-05,1.053633e-04
1146093568,15446220,13753122816,41982607,-6.464511e-02,-2.639294e-02,6.007852e-08,7.676384e-08,1.448597e-05,1.079222e-04
1146355712,15446358,13756268544,41992062,-6.465343e-02,-2.640955e-02,6.422375e-08,6.783417e-08,1.548545e-05,9.536796e-05
1146617856,15446406,13759414272,42001587,-6.463681e-02,-2.641973e-02,5.607862e-08,6.263257e-08,1.352152e-05,8.805504e-05
1146880000,15446656,13762560000,42010998,-6.463395e-02,-2.640788e-02,5.473177e-08,6.870923e-08,1.319677e-05,9.659821e-05
1147142144,15446763,13765705728,42020650,-6.460387e-02,-2.640531e-02,4.156004e-08,7.006143e-08,1.002084e-05,9.849925e-05
1147404288,15447106,13768851456,42030261,-6.459982e-02,-2.640714e-02,3.992688e-08,6.909353e-08,9.627060e-06,9.713849e-05
1147666432,15447136,13771997184,42039834,-6.461924e-02,-2.639666e-02,4.806652e-08,7.471649e-08,1.158967e-05,1.050438e-04
1147928576,15447189,13775142912,42049430,-6.460644e-02,-2.641154e-02,4.261468e-08,6.679998e-08,1.027513e-05,9.391398e-05
1148190720,15447680,13778288640,42058805,-6.460571e-02,-2.636877e-02,4.231376e-08,9.073993e-08,1.020258e-05,1.275711e-04
1148452864,15447828,13781434368,42068292,-6.458900e-02,-2.637798e-02,3.572057e-08,8.527672e-08,8.612846e-06,1.198904e-04
1148715008,15448198,13784580096,42077895,-6.459080e-02,-2.638507e-02,3.640253e-08,8.118656e-08,8.777277e-06,1.141401e-04
1148977152,15448217,13787725824,42087329,-6.460825e-02,-2.640060e-02,4.336545e-08,7.257734e-08,1.045616e-05,1.020364e-04
1149239296,15448410,13790871552,42096898,-6.460581e-02,-2.640560e-02,4.235668e-08,6.990768e-08,1.021293e-05,9.828312e-05
1149501440,15449626,13794017280,42106491,-6.461666e-02,-2.640905e-02,4.693958e-08,6.809542e-08,1.131794e-05,9.573526e-05
1149763584,15449917,13797163008,42115875,-6.461511e-02,-2.641205e-02,4.627047e-08,6.653931e-08,1.115661e-05,9.354751e-05
1150025728,15449972,13800308736,42125391,-6.459933e-02,-2.637750e-02,3.973061e-08,8.555762e-08,9.579734e-06,1.202853e-04
1150287872,15450840,13803454464,42135044,-6.459456e-02,-2.641574e-02,3.785243e-08,6.464929e-08,9.126873e-06,9.089035e-05
1150550016,15451918,13806600192,42144800,-6.459451e-02,-2.644139e-02,3.783214e-08,5.226418e-08,9.121981e-06,7.347815e-05
1150812160,15453233,13809745920,42154440,-6.453449e-02,-2.644712e-02,1.808768e-08,4.967567e-08,4.361250e-06,6.983894e-05
1151074304,15454350,13812891648,42163967,-6.454386e-02,-2.639412e-02,2.069449e-08,7.611188e-08,4.989799e-06,1.070056e-04
1151336448,15455656,13816037376,42173607,-6.453054e-02,-2.642255e-02,1.703917e-08,6.123085e-08,4.108438e-06,8.608436e-05
1151598592,15455922,13819183104,42183014,-6.457943e-02,-2.639428e-02,3.219596e-08,7.601942e-08,7.763001e-06,1.068756e-04
1151860736,15456121,13822328832,42192665,-6.454106e-02,-2.639813e-02,1.989634e-08,7.391219e-08,4.797351e-06,1.039130e-04
1152122880,15457226,13825474560,42202535,-6.455504e-02,-2.642527e-02,2.403713e-08,5.989057e-08,5.795766e-06,8.420007e-05
1152385024,15457636,13828620288,42212194,-6.455276e-02,-2.640546e-02,2.333539e-08,6.998158e-08,5.626565e-06,9.838700e-05
1152647168,15458115,13831766016,42221842,-6.455288e-02,-2.639736e-02,2.337183e-08,7.433309e-08,5.635349e-06,1.045048e-04
1152909312,15459926,13834911744,42231409,-6.455613e-02,-2.639260e-02,2.437561e-08,7.695180e-08,5.877380e-06,1.081864e-04
1153171456,15460918,13838057472,42240886,-6.457277e-02,-2.640361e-02,2.985000e-08,7.096359e-08,7.197348e-06,9.976762e-05
1153433600,15463519,13841203200,42250595,-6.462353e-02,-2.641401e-02,4.996337e-08,6.552842e-08,1.204703e-05,9.212631e-05
1153695744,15463848,13844348928,42259957,-6.463791e-02,-2.639225e-02,5.660209e-08,7.714724e-08,1.364774e-05,1.084612e-04
1153957888,15465123,13847494656,42269650,-6.461902e-02,-2.637933e-02,4.796856e-08,8.449092e-08,1.156605e-05,1.187857e-04
1154220032,15465996,13850640384,42279403,-6.464503e-02,-2.634209e-02,6.003835e-08,1.075221e-07,1.447628e-05,1.511652e-04
1154482176,15467727,13853786112,42289219,-6.465939e-02,-2.633866e-02,6.728419e-08,1.097864e-07,1.622338e-05,1.543486e-04
1154744320,15470943,13856931840,42298862,-6.466261e-02,-2.632317e-02,6.896433e-08,1.202924e-07,1.662849e-05,1.691189e-04
1155006464,15474790,13860077568,42308495,-6.465261e-02,-2.633834e-02,6.381279e-08,1.099951e-07,1.538636e-05,1.546420e-04
1155268608,15477561,13863223296,42318127,-6.466046e-02,-2.637321e-02,6.783806e-08,8.808439e-08,1.635692e-05,1.238377e-04
1155530752,15486242,13866369024,42327614,-6.464248e-02,-2.635780e-02,5.879614e-08,9.746873e-08,1.417676e-05,1.370311e-04
1155792896,15487008,13869514752,42337223,-6.466052e-02,-2.638743e-02,6.786911e-08,7.984621e-08,1.636441e-05,1.122557e-04
1156055040,15508333,13872660480,42346745,-6.467557e-02,-2.637740e-02,7.593727e-08,8.561320e-08,1.830978e-05,1.203635e-04
1156317184,15512234,13875806208,42356435,-6.469769e-02,-2.637082e-02,8.861812e-08,8.950974e-08,2.136736e-05,1.258416e-04
1156579328,15534954,13878951936,42366110,-6.470089e-02,-2.637132e-02,9.053133e-08,8.921130e-08,2.182866e-05,1.254220e-04
1156841472,15563054,13882097664,42375700,-6.470226e-02,-2.638585e-02,9.136268e-08,8.073818e-08,2.202911e-05,1.135097e-04
1157103616,15567267,13885243392,42385239,-6.470343e-02,-2.639876e-02,9.206666e-08,7.357330e-08,2.219886e-05,1.034366e-04
1157365760,15570396,13888389120,42394912,-6.469027e-02,-2.637586e-02,8.425503e-08,8.651921e-08,2.031534e-05,1.216372e-04
1157627904,15640771,13891534848,42404710,-6.469999e-02,-2.640767e-02,8.998963e-08,6.881767e-08,2.169805e-05,9.675066e-05
1157890048,15698805,13894680576,42414617,-6.469722e-02,-2.636659e-02,8.833887e-08,9.205989e-08,2.130003e-05,1.294269e-04
1158152192,15700625,13897826304,42424274,-6.468984e-02,-2.637308e-02,8.400867e-08,8.815849e-08,2.025594e-05,1.239419e-04
1158414336,15702279,13900972032,42433869,-6.468817e-02,-2.637935e-02,8.303970e-08,8.447793e-08,2.002230e-05,1.187674e-04
1158676480,15703559,13904117760,42443834,-6.467371e-02,-2.637030e-02,7.491825e-08,8.981873e-08,1.806408e-05,1.262760e-04
1158938624,15704088,13907263488,42453722,-6.462566e-02,-2.640366e-02,5.092051e-08,7.093580e-08,1.227781e-05,9.972855e-05
1159200768,15704352,13910409216,42463304,-6.462522e-02,-2.639358e-02,5.072231e-08,7.640713e-08,1.223002e-05,1.074207e-04
1159462912,15704507,13913554944,42472739,-6.458484e-02,-2.638831e-02,3.416636e-08,7.935013e-08,8.238098e-06,1.115582e-04
1159725056,15704908,13916700672,42482306,-6.457449e-02,-2.637647e-02,3.044767e-08,8.616235e-08,7.341457e-06,1.211355e-04
1159987200,15705032,13919846400,42491893,-6.456961e-02,-2.638411e-02,2.876586e-08,8.173200e-08,6.935945e-06,1.149069e-04
1160249344,15705119,13922992128,42501541,-6.457645e-02,-2.638227e-02,3.113271e-08,8.278977e-08,7.506634e-06,1.163940e-04
1160511488,15705373,13926137856,42510913,-6.454822e-02,-2.640077e-02,2.196972e-08,7.248203e-08,5.297277e-06,1.019024e-04
1160773632,15705616,13929283584,42520517,-6.450180e-02,-2.640664e-02,1.036269e-08,6.935817e-08,2.498622e-06,9.751056e-05
1161035776,15706023,13932429312,42530101,-6.449850e-02,-2.640642e-02,9.701595e-09,6.947202e-08,2.339222e-06,9.767062e-05
1161297920,15706047,13935575040,42539467,-6.451732e-02,-2.643147e-02,1.376324e-08,5.689583e-08,3.318554e-06,7.998978e-05
1161560064,15706481,13938720768,42549063,-6.453925e-02,-2.643599e-02,1.938886e-08,5.476228e-08,4.674989e-06,7.699020e-05
1161822208,15706697,13941866496,42558729,-6.453297e-02,-2.640218e-02,1.768116e-08,7.172679e-08,4.263231e-06,1.008406e-04
1162084352,15706911,13945012224,42568413,-6.456818e-02,-2.637492e-02,2.828266e-08,8.707455e-08,6.819437e-06,1.224180e-04
1162346496,15707105,13948157952,42577869,-6.459515e-02,-2.639123e-02,3.808181e-08,7.771322e-08,9.182180e-06,1.092569e-04
1162608640,15708259,13951303680,42587455,-6.460107e-02,-2.640902e-02,4.042867e-08,6.811293e-08,9.748049e-06,9.575986e-05
1162870784,15708425,13954449408,42596961,-6.459454e-02,-2.641906e-02,3.784373e-08,6.296865e-08,9.124777e-06,8.852753e-05
1163132928,15708890,13957595136,42606702,-6.457706e-02,-2.642758e-02,3.134868e-08,5.876904e-08,7.558707e-06,8.262331e-05
1163395072,15708991,13960740864,42616341,-6.455252e-02,-2.640429e-02,2.326033e-08,7.060184e-08,5.608466e-06,9.925901e-05
1163657216,15709034,13963886592,42626148,-6.455793e-02,-2.639134e-02,2.494187e-08,7.764886e-08,6.013914e-06,1.091664e-04
1163919360,15709063,13967032320,42635731,-6.455881e-02,-2.639613e-02,2.522034e-08,7.500392e-08,6.081058e-06,1.054479e-04
1164181504,15709081,13970178048,42645111,-6.453620e-02,-2.637958e-02,1.854952e-08,8.434588e-08,4.472608e-06,1.185818e-04
1164443648,15709131,13973323776,42654877,-6.452464e-02,-2.636820e-02,1.553532e-08,9.108364e-08,3.745833e-06,1.280544e-04
1164705792,15710338,13976469504,42664344,-6.455871e-02,-2.636346e-02,2.518958e-08,9.396402e-08,6.073642e-06,1.321039e-04
1164967936,15710517,13979615232,42674038,-6.457785e-02,-2.635517e-02,3.162897e-08,9.911668e-08,7.626290e-06,1.393480e-04
1165230080,15711019,13982760960,42683666,-6.452529e-02,-2.636991e-02,1.569732e-08,9.005223e-08,3.784895e-06,1.266043e-04
1165492224,15711273,13985906688,42693114,-6.457728e-02,-2.635394e-02,3.142788e-08,9.989225e-08,7.577804e-06,1.404384e-04
1165754368,15711880,13989052416,42702819,-6.463981e-02,-2.634705e-02,5.750615e-08,1.042986e-07,1.386572e-05,1.466332e-04
1166016512,15711921,13992198144,42712415,-6.464680e-02,-2.633316e-02,6.090680e-08,1.134617e-07,1.468568e-05,1.595156e-04
1166278656,15712229,13995343872,42721919,-6.462575e-02,-2.634844e-02,5.096087e-08,1.034030e-07,1.228754e-05,1.453741e-04
1166540800,15713081,13998489600,42731403,-6.460690e-02,-2.635934e-02,4.280561e-08,9.650927e-08,1.032117e-05,1.356822e-04
1166802944,15713465,14001635328,42741017,-6.460207e-02,-2.631357e-02,4.083115e-08,1.270385e-07,9.845095e-06,1.786033e-04
1167065088,15713616,14004781056,42750582,-6.460898e-02,-2.630195e-02,4.367320e-08,1.354631e-07,1.053036e-05,1.904473e-04
1167327232,15713821,14007926784,42760350,-6.462395e-02,-2.624991e-02,5.015340e-08,1.764770e-07,1.209285e-05,2.481088e-04
1167589376,15714005,14011072512,42769864,-6.465440e-02,-2.628527e-02,6.471940e-08,1.480167e-07,1.560496e-05,2.080964e-04
1167851520,15714773,14014218240,42779624,-6.463069e-02,-2.627488e-02,5.321551e-08,1.561206e-07,1.283118e-05,2.194898e-04
1168113664,15715598,14017363968,42789265,-6.460983e-02,-2.626931e-02,4.402580e-08,1.605513e-07,1.061538e-05,2.257188e-04
1168375808,15717174,14020509696,42798963,-6.460170e-02,-2.624390e-02,4.068074e-08,1.815569e-07,9.808827e-06,2.552506e-04
1168637952,15717617,14023655424,42808481,-6.459934e-02,-2.621342e-02,3.973358e-08,2.084610e-07,9.580451e-06,2.930750e-04
1168900096,15718029,14026801152,42818144,-6.458627e-02,-2.622561e-02,3.469724e-08,1.974791e-07,8.366103e-06,2.776355e-04
1169162240,15719726,14029946880,42827825,-6.455985e-02,-2.620710e-02,2.555273e-08,2.142720e-07,6.161203e-06,3.012447e-04
1169424384,15721311,14033092608,42837304,-6.452803e-02,-2.620886e-02,1.638997e-08,2.126541e-07,3.951904e-06,2.989701e-04
1169686528,15721531,14036238336,42846767,-6.451782e-02,-2.618565e-02,1.388062e-08,2.345960e-07,3.346856e-06,3.298181e-04
1169948672,15725214,14039384064,42856502,-6.452120e-02,-2.618597e-02,1.468910e-08,2.342893e-07,3.541795e-06,3.293870e-04
1170210816,15733151,14042529792,42866263,-6.449424e-02,-2.618392e-02,8.880225e-09,2.362734e-07,2.141175e-06,3.321764e-04
1170472960,15740327,14045675520,42875870,-6.448521e-02,-2.617138e-02,7.259865e-09,2.486208e-07,1.750479e-06,3.495356e-04
1170735104,15742929,14048821248,42885278,-6.444511e-02,-2.615093e-02,2.034535e-09,2.694325e-07,4.905614e-07,3.787949e-04
1170997248,15753390,14051966976,42894697,-6.444770e-02,-2.616040e-02,2.275158e-09,2.596914e-07,5.485798e-07,3.650997e-04
1171259392,15766104,14055112704,42904316,-6.444877e-02,-2.611320e-02,2.377933e-09,3.100268e-07,5.733605e-07,4.358662e-04
1171521536,15773950,14058258432,42913922,-6.443956e-02,-2.612271e-02,1.564608e-09,2.995262e-07,3.772540e-07,4.211034e-04
1171783680,15785682,14061404160,42923470,-6.441845e-02,-2.610865e-02,3.403153e-10,3.151128e-07,8.205588e-08,4.430167e-04
1172045824,15787860,14064549888,42932839,-6.439132e-02,-2.609706e-02,7.534112e-11,3.282628e-07,1.816604e-08,4.615042e-04
1172307968,15800193,14067695616,42942259,-6.440094e-02,-2.607506e-02,8.812950e-13,3.539581e-07,2.124954e-10,4.976291e-04
1172570112,15831984,14070841344,42952031,-6.441001e-02,-2.606457e-02,1.001226e-10,3.665506e-07,2.414129e-08,5.153329e-04
1172832256,15843172,14073987072,42961822,-6.441796e-02,-2.604675e-02,3.224143e-10,3.884387e-07,7.773965e-08,5.461054e-04
1173094400,15862256,14077132800,42971456,-6.441733e-02,-2.604363e-02,3.003306e-10,3.923444e-07,7.241489e-08,5.515965e-04
1173356544,15871543,14080278528,42981129,-6.440005e-02,-2.604590e-02,1.998401e-15,3.895028e-07,4.818490e-13,5.476015e-04
1173618688,15872841,14083424256,42990794,-6.437793e-02,-2.603346e-02,4.873529e-10,4.051884e-07,1.175092e-07,5.696537e-04
1173880832,15873019,14086569984,43000380,-6.438380e-02,-2.603246e-02,2.626024e-10,4.064604e-07,6.331796e-08,5.714421e-04
1174142976,15874684,14089715712,43010082,-6.437348e-02,-2.599183e-02,7.035261e-10,4.599076e-07,1.696323e-07,6.465834e-04
1174405120,15874879,14092861440,43019783,-6.436337e-02,-2.598519e-02,1.342087e-09,4.689633e-07,3.236003e-07,6.593148e-04
1174667264,15880717,14096007168,43029433,-6.434955e-02,-2.600205e-02,2.545741e-09,4.461574e-07,6.138218e-07,6.272520e-04
1174929408,15881433,14099152896,43039156,-6.432381e-02,-2.598736e-02,5.805996e-09,4.659985e-07,1.399926e-06,6.551467e-04
1175191552,15881469,14102298624,43048731,-6.434029e-02,-2.597579e-02,3.565159e-09,4.819245e-07,8.596213e-07,6.775369e-04
1175453696,15882699,14105444352,43058316,-6.434714e-02,-2.598703e-02,2.794377e-09,4.664487e-07,6.737725e-07,6.557796e-04
1175715840,15883435,14108590080,43067912,-6.434316e-02,-2.599744e-02,3.230840e-09,4.523297e-07,7.790111e-07,6.359296e-04
1175977984,15884425,14111735808,43077667,-6.433862e-02,-2.598565e-02,3.768159e-09,4.683385e-07,9.085681e-07,6.584364e-04
1176240128,15884949,14114881536,43087190,-6.431082e-02,-2.599798e-02,7.953687e-09,4.516134e-07,1.917771e-06,6.349226e-04
1176502272,15885079,14118027264,43096844,-6.428622e-02,-2.603409e-02,1.294709e-08,4.043849e-07,3.121766e-06,5.685242e-04
1176764416,15885951,14121172992,43106371,-6.427672e-02,-2.605738e-02,1.519913e-08,3.753036e-07,3.664772e-06,5.276388e-04
1177026560,15886659,14124318720,43115966,-6.430450e-02,-2.607946e-02,9.120544e-09,3.487424e-07,2.199120e-06,4.902965e-04
1177288704,15886666,14127464448,43125654,-6.429873e-02,-2.604228e-02,1.025527e-08,3.940310e-07,2.472721e-06,5.539676e-04
1177550848,15886807,14130610176,43135455,-6.430062e-02,-2.605795e-02,9.877040e-09,3.746079e-07,2.381524e-06,5.266606e-04
1177812992,15886951,14133755904,43144868,-6.428643e-02,-2.604742e-02,1.289966e-08,3.876103e-07,3.110329e-06,5.449407e-04
1178075136,15887371,14136901632,43154360,-6.426147e-02,-2.605923e-02,1.919019e-08,3.730408e-07,4.627084e-06,5.244575e-04
1178337280,15887449,14140047360,43164070,-6.428445e-02,-2.609617e-02,1.335205e-08,3.292816e-07,3.219408e-06,4.629366e-04
1178599424,15888061,14143193088,43173616,-6.430494e-02,-2.609425e-02,9.036776e-09,3.314893e-07,2.178922e-06,4.660403e-04
1178861568,15888360,14146338816,43183266,-6.430059e-02,-2.609673e-02,9.882964e-09,3.286428e-07,2.382953e-06,4.620384e-04
1179123712,15888582,14149484544,43192753,-6.432192e-02,-2.606893e-02,6.096812e-09,3.612829e-07,1.470046e-06,5.079272e-04
1179385856,15888802,14152630272,43202474,-6.428318e-02,-2.609356e-02,1.364636e-08,3.322876e-07,3.290373e-06,4.671628e-04
1179648000,15889064,14155776000,43212123,-6.427407e-02,-2.612116e-02,1.585829e-08,3.012249e-07,3.823708e-06,4.234916e-04
1179910144,15889132,14158921728,43221861,-6.430766e-02,-2.614360e-02,8.527136e-09,2.770914e-07,2.056039e-06,3.895624e-04
1180172288,15889234,14162067456,43231432,-6.429329e-02,-2.618865e-02,1.138802e-08,2.316982e-07,2.745848e-06,3.257441e-04
1180434432,15889308,14165213184,43241093,-6.427509e-02,-2.615912e-02,1.560412e-08,2.610029e-07,3.762421e-06,3.669436e-04
1180696576,15889775,14168358912,43250502,-6.422883e-02,-2.618069e-02,2.930160e-08,2.394201e-07,7.065120e-06,3.366004e-04
1180958720,15889912,14171504640,43260249,-6.428158e-02,-2.616130e-02,1.402318e-08,2.587790e-07,3.381231e-06,3.638171e-04
1181220864,15889913,14174650368,43269932,-6.428477e-02,-2.617875e-02,1.327811e-08,2.413269e-07,3.201581e-06,3.392811e-04
1181483008,15890287,14177796096,43279265,-6.430620e-02,-2.618082e-02,8.798967e-09,2.392943e-07,2.121583e-06,3.364235e-04
1181745152,15890395,14180941824,43288872,-6.429369e-02,-2.619824e-02,1.130231e-08,2.225554e-07,2.725182e-06,3.128903e-04
1182007296,15890769,14184087552,43298355,-6.433503e-02,-2.618126e-02,4.220979e-09,2.388626e-07,1.017751e-06,3.358166e-04
1182269440,15890837,14187233280,43308087,-6.433040e-02,-2.615662e-02,4.844622e-09,2.635556e-07,1.168122e-06,3.705324e-04
1182531584,15891126,14190379008,43317742,-6.437252e-02,-2.612922e-02,7.554358e-10,2.924469e-07,1.821486e-07,4.111507e-04
1182793728,15892131,14193524736,43327402,-6.440664e-02,-2.612470e-02,4.406925e-11,2.973527e-07,1.062585e-08,4.180477e-04
1183055872,15892471,14196670464,43336890,-6.443208e-02,-2.609702e-02,1.029268e-09,3.283097e-07,2.481741e-07,4.615701e-04
1183318016,15892935,14199816192,43346601,-6.442638e-02,-2.609150e-02,6.960366e-10,3.346669e-07,1.678264e-07,4.705078e-04
1183580160,15893600,14202961920,43356422,-6.440725e-02,-2.605851e-02,5.255402e-11,3.739219e-07,1.267168e-08,5.256963e-04
1183842304,15893607,14206107648,43366283,-6.441827e-02,-2.603136e-02,3.337499e-10,4.078629e-07,8.047284e-08,5.734138e-04
1184104448,15894503,14209253376,43375854,-6.441401e-02,-2.603535e-02,1.961986e-10,4.027803e-07,4.730686e-08,5.662683e-04
1184366592,15895944,14212399104,43385391,-6.443451e-02,-2.604912e-02,1.191015e-09,3.854864e-07,2.871743e-07,5.419548e-04
1184628736,15897071,14215544832,43395137,-6.444953e-02,-2.606100e-02,2.452627e-09,3.708847e-07,5.913707e-07,5.214262e-04
1184890880,15898228,14218690560,43404664,-6.445356e-02,-2.605953e-02,2.868912e-09,3.726677e-07,6.917440e-07,5.239331e-04
1185153024,15898793,14221836288,43414060,-6.441543e-02,-2.609024e-02,2.380896e-10,3.361167e-07,5.740751e-08,4.725460e-04
1185415168,15899055,14224982016,43423516,-6.437787e-02,-2.608240e-02,4.896583e-10,3.452774e-07,1.180651e-07,4.854249e-04
1185677312,15899790,14228127744,43433014,-6.437129e-02,-2.607808e-02,8.245247e-10,3.503679e-07,1.988071e-07,4.925817e-04
1185939456,15900251,14231273472,43442784,-6.436626e-02,-2.608682e-02,1.138636e-09,3.401024e-07,2.745447e-07,4.781495e-04
1186201600,15900615,14234419200,43452432,-6.438319e-02,-2.608703e-02,2.825260e-10,3.398483e-07,6.812189e-08,4.777923e-04
1186463744,15902547,14237564928,43462085,-6.437320e-02,-2.610370e-02,7.182260e-10,3.206936e-07,1.731767e-07,4.508627e-04
1186725888,15903439,14240710656,43471897,-6.435363e-02,-2.608325e-02,2.150401e-09,3.442755e-07,5.184987e-07,4.840165e-04
1186988032,15906509,14243856384,43481411,-6.432482e-02,-2.607403e-02,5.652605e-09,3.551759e-07,1.362941e-06,4.993413e-04
1187250176,15906707,14247002112,43491187,-6.435769e-02,-2.606463e-02,1.790292e-09,3.664716e-07,4.316703e-07,5.152219e-04
1187512320,15907718,14250147840,43500594,-6.435131e-02,-2.607703e-02,2.371397e-09,3.516171e-07,5.717847e-07,4.943379e-04
1187774464,15908999,14253293568,43510406,-6.436291e-02,-2.608867e-02,1.375593e-09,3.379442e-07,3.316792e-07,4.751153e-04
1188036608,15910480,14256439296,43520089,-6.437915e-02,-2.605030e-02,4.348966e-10,3.840260e-07,1.048611e-07,5.399016e-04
1188298752,15913661,14259585024,43529660,-6.436024e-02,-2.603889e-02,1.581156e-09,3.982937e-07,3.812438e-07,5.599606e-04
1188560896,15917367,14262730752,43539349,-6.433685e-02,-2.604028e-02,3.988064e-09,3.965511e-07,9.615910e-07,5.575107e-04
1188823040,15920155,14265876480,43549028,-6.433684e-02,-2.603881e-02,3.989946e-09,3.984066e-07,9.620447e-07,5.601192e-04
1189085184,15929717,14269022208,43558565,-6.433047e-02,-2.602902e-02,4.834257e-09,4.108517e-07,1.165623e-06,5.776158e-04
1189347328,15936413,14272167936,43568167,-6.431939e-02,-2.601265e-02,6.497622e-09,4.321088e-07,1.566689e-06,6.075011e-04
1189609472,15950975,14275313664,43577886,-6.432393e-02,-2.600129e-02,5.786710e-09,4.471757e-07,1.395275e-06,6.286837e-04
1189871616,15954731,14278459392,43587469,-6.430569e-02,-2.598923e-02,8.895678e-09,4.634462e-07,2.144901e-06,6.515585e-04
1190133760,15977453,14281605120,43597242,-6.432589e-02,-2.599679e-02,5.492429e-09,4.532045e-07,1.324319e-06,6.371596e-04
1190395904,16005631,14284750848,43606752,-6.430463e-02,-2.598076e-02,9.096368e-09,4.750495e-07,2.193291e-06,6.678713e-04
1190658048,16012764,14287896576,43616332,-6.430207e-02,-2.599565e-02,9.590369e-09,4.547431e-07,2.312403e-06,6.393227e-04
1190920192,16013300,14291042304,43625900,-6.426055e-02,-2.598879e-02,1.944700e-08,4.640399e-07,4.689007e-06,6.523930e-04
1191182336,16083233,14294188032,43635523,-6.425540e-02,-2.592560e-02,2.090941e-08,5.541294e-07,5.041619e-06,7.790497e-04
1191444480,16148899,14297333760,43645028,-6.428126e-02,-2.590061e-02,1.409916e-08,5.919635e-07,3.399552e-06,8.322406e-04
1191706624,16150551,14300479488,43654616,-6.427309e-02,-2.590558e-02,1.610696e-08,5.843412e-07,3.883665e-06,8.215244e-04
1191968768,16152396,14303625216,43664220,-6.427418e-02,-2.591623e-02,1.583016e-08,5.681687e-07,3.816924e-06,7.987875e-04
1192230912,16153854,14306770944,43673850,-6.429144e-02,-2.594281e-02,1.178580e-08,5.288076e-07,2.841758e-06,7.434498e-04
1192493056,16154211,14309916672,43683444,-6.432174e-02,-2.595698e-02,6.124768e-09,5.084010e-07,1.476787e-06,7.147602e-04
1192755200,16154610,14313062400,43692902,-6.430317e-02,-2.597202e-02,9.377056e-09,4.871757e-07,2.260969e-06,6.849195e-04
1193017344,16154660,14316208128,43702645,-6.429889e-02,-2.594309e-02,1.022360e-08,5.284040e-07,2.465087e-06,7.428825e-04
1193279488,16155126,14319353856,43712333,-6.429286e-02,-2.599525e-02,1.148044e-08,4.552834e-07,2.768131e-06,6.400823e-04
1193541632,16155130,14322499584,43721814,-6.429920e-02,-2.601891e-02,1.016042e-08,4.239127e-07,2.449852e-06,5.959782e-04
1193803776,16155368,14325645312,43731167,-6.427018e-02,-2.599487e-02,1.685295e-08,4.558014e-07,4.063537e-06,6.408105e-04
1194065920,16155808,14328791040,43740624,-6.427458e-02,-2.597727e-02,1.573095e-08,4.798733e-07,3.793002e-06,6.746532e-04
1194328064,16155811,14331936768,43750429,-6.425484e-02,-2.595806e-02,2.107349e-08,5.068562e-07,5.081181e-06,7.125884e-04
1194590208,16156223,14335082496,43759974,-6.426085e-02,-2.594645e-02,1.936397e-08,5.235274e-07,4.668988e-06,7.360265e-04
1194852352,16156424,14338228224,43769780,-6.428920e-02,-2.595466e-02,1.227610e-08,5.117080e-07,2.959980e-06,7.194096e-04
1195114496,16156844,14341373952,43779481,-6.433004e-02,-2.594329e-02,4.894535e-09,5.281089e-07,1.180157e-06,7.424675e-04
1195376640,16157045,14344519680,43789215,-6.431771e-02,-2.590127e-02,6.771918e-09,5.909379e-07,1.632826e-06,8.307987e-04
1195638784,16157179,14347665408,43798856,-6.431380e-02,-2.591838e-02,7.430994e-09,5.649329e-07,1.791741e-06,7.942382e-04
1195900928,16157280,14350811136,43808562,-6.431241e-02,-2.595765e-02,7.673143e-09,5.074452e-07,1.850127e-06,7.134164e-04
1196163072,16158461,14353956864,43817921,-6.431827e-02,-2.594062e-02,6.680262e-09,5.319955e-07,1.610726e-06,7.479316e-04
1196425216,16158676,14357102592,43827713,-6.431060e-02,-2.593451e-02,7.993606e-09,5.409478e-07,1.927396e-06,7.605177e-04
1196687360,16158979,14360248320,43837216,-6.428760e-02,-2.591272e-02,1.263364e-08,5.734769e-07,3.046188e-06,8.062504e-04
1196949504,16159221,14363394048,43846858,-6.426613e-02,-2.585142e-02,1.792172e-08,6.700739e-07,4.321235e-06,9.420558e-04
1197211648,16159243,14366539776,43856479,-6.429239e-02,-2.581763e-02,1.158124e-08,7.265421e-07,2.792437e-06,1.021444e-03
1197473792,16159293,14369685504,43866093,-6.432577e-02,-2.580666e-02,5.510113e-09,7.453588e-07,1.328583e-06,1.047899e-03
1197735936,16159300,14372831232,43875656,-6.434742e-02,-2.577698e-02,2.765308e-09,7.974765e-07,6.667634e-07,1.121171e-03
1197998080,16159664,14375976960,43885360,-6.436369e-02,-2.576488e-02,1.318716e-09,8.192503e-07,3.179651e-07,1.151783e-03
1198260224,16160741,14379122688,43895035,-6.434982e-02,-2.577153e-02,2.518746e-09,8.072537e-07,6.073130e-07,1.134917e-03
1198522368,16160834,14382268416,43904629,-6.432254e-02,-2.575413e-02,6.000623e-09,8.388248e-07,1.446854e-06,1.179302e-03
1198784512,16161450,14385414144,43914080,-6.432703e-02,-2.575441e-02,5.324765e-09,8.382995e-07,1.283892e-06,1.178564e-03
1199046656,16161457,14388559872,43923588,-6.434565e-02,-2.579035e-02,2.954138e-09,7.737858e-07,7.122936e-07,1.087864e-03
1199308800,16162165,14391705600,43933192,-6.434249e-02,-2.578519e-02,3.307519e-09,7.828830e-07,7.974997e-07,1.100654e-03
1199570944,16162208,14394851328,43942657,-6.434622e-02,-2.579367e-02,2.892906e-09,7.679507e-07,6.975294e-07,1.079661e-03
1199833088,16162265,14397997056,43952049,-6.437653e-02,-2.578468e-02,5.511592e-10,7.837831e-07,1.328940e-07,1.101919e-03
1200095232,16163262,14401142784,43961773,-6.439158e-02,-2.577711e-02,7.100770e-11,7.972570e-07,1.712118e-08,1.120862e-03
1200357376,16163720,14404288512,43971386,-6.439823e-02,-2.579129e-02,3.144374e-12,7.721318e-07,7.581626e-10,1.085539e-03
1200619520,16163788,14407434240,43980873,-6.440905e-02,-2.580275e-02,8.181211e-11,7.521184e-07,1.972631e-08,1.057402e-03
1200881664,16163958,14410579968,43990405,-6.440491e-02,-2.579918e-02,2.410744e-11,7.583342e-07,5.812719e-09,1.066141e-03
1201143808,16164253,14413725696,44000119,-6.439867e-02,-2.580543e-02,1.778633e-12,7.474765e-07,4.288590e-10,1.050876e-03
1201405952,16165056,14416871424,44009667,-6.440190e-02,-2.578696e-02,3.609613e-12,7.797646e-07,8.703398e-10,1.096270e-03
1201668096,16165952,14420017152,44019341,-6.443283e-02,-2.577039e-02,1.077629e-09,8.093034e-07,2.598349e-07,1.137798e-03
1201930240,16167370,14423162880,44028985,-6.444924e-02,-2.578879e-02,2.423931e-09,7.765310e-07,5.844516e-07,1.091724e-03
1202192384,16167796,14426308608,44038506,-6.443904e-02,-2.576081e-02,1.523621e-09,8.266242e-07,3.673713e-07,1.162150e-03
1202454528,16168176,14429454336,44048467,-6.442268e-02,-2.575295e-02,5.143628e-10,8.409791e-07,1.240217e-07,1.182331e-03
1202716672,16169822,14432600064,44058037,-6.443648e-02,-2.577705e-02,1.330648e-09,7.973534e-07,3.208421e-07,1.120998e-03
1202978816,16171738,14435745792,44067637,-6.442557e-02,-2.576415e-02,6.538450e-10,8.205591e-07,1.576533e-07,1.153623e-03
1203240960,16172154,14438891520,44077362,-6.443174e-02,-2.573574e-02,1.007394e-09,8.728487e-07,2.429001e-07,1.227137e-03
1203503104,16175481,14442037248,44087095,-6.442611e-02,-2.572905e-02,6.815668e-10,8.853810e-07,1.643375e-07,1.244756e-03
1203765248,16183436,14445182976,44097017,-6.445128e-02,-2.574453e-02,2.629879e-09,8.564950e-07,6.341091e-07,1.204145e-03
1204027392,16190673,14448328704,44106629,-6.447539e-02,-2.574599e-02,5.684018e-09,8.537976e-07,1.370515e-06,1.200353e-03
1204289536,16193170,14451474432,44116056,-6.448245e-02,-2.574288e-02,6.797693e-09,8.595523e-07,1.639041e-06,1.208443e-03
1204551680,16203815,14454620160,44125656,-6.447263e-02,-2.574943e-02,5.274864e-09,8.474482e-07,1.271861e-06,1.191426e-03
1204813824,16216289,14457765888,44135387,-6.447276e-02,-2.570314e-02,5.294362e-09,9.348110e-07,1.276562e-06,1.314249e-03
1205075968,16225868,14460911616,44144874,-6.448257e-02,-2.569736e-02,6.817364e-09,9.460209e-07,1.643784e-06,1.330009e-03
1205338112,16236971,14464057344,44154340,-6.445959e-02,-2.573228e-02,3.550938e-09,8.793098e-07,8.561922e-07,1.236220e-03
1205600256,16238998,14467203072,44163868,-6.445307e-02,-2.572077e-02,2.816476e-09,9.010448e-07,6.791010e-07,1.266778e-03
1205862400,16250505,14470348800,44173373,-6.446327e-02,-2.571903e-02,4.003135e-09,9.043364e-07,9.652247e-07,1.271405e-03
1206124544,16282219,14473494528,44182808,-6.445198e-02,-2.572285e-02,2.701427e-09,8.970921e-07,6.513605e-07,1.261220e-03
1206386688,16293308,14476640256,44192422,-6.446435e-02,-2.571738e-02,4.140049e-09,9.074814e-07,9.982372e-07,1.275827e-03
1206648832,16312456,14479785984,44202104,-6.444854e-02,-2.571000e-02,2.356183e-09,9.215962e-07,5.681164e-07,1.295671e-03
1206910976,16316906,14482931712,44211772,-6.446397e-02,-2.571101e-02,4.091295e-09,9.196660e-07,9.864818e-07,1.292957e-03
1207173120,16317041,14486077440,44221303,-6.445604e-02,-2.574629e-02,3.140013e-09,8.532435e-07,7.571112e-07,1.199574e-03
1207435264,16321681,14489223168,44230725,-6.448822e-02,-2.577767e-02,7.783179e-09,7.962561e-07,1.876658e-06,1.119455e-03
1207697408,16323043,14492368896,44240331,-6.449874e-02,-2.578614e-02,9.748619e-09,7.812094e-07,2.350560e-06,1.098301e-03
1207959552,16323218,14495514624,44250047,-6.446834e-02,-2.576880e-02,4.669908e-09,8.121679e-07,1.125995e-06,1.141826e-03
1208221696,16323378,14498660352,44259686,-6.448334e-02,-2.580033e-02,6.945921e-09,7.563274e-07,1.674781e-06,1.063320e-03
1208483840,16323639,14501806080,44269144,-6.449893e-02,-2.580572e-02,9.786909e-09,7.469741e-07,2.359792e-06,1.050170e-03
1208745984,16323877,14504951808,44278705,-6.448654e-02,-2.581458e-02,7.488911e-09,7.317462e-07,1.805705e-06,1.028761e-03
1209008128,16325001,14508097536,44288417,-6.449002e-02,-2.581210e-02,8.103225e-09,7.359970e-07,1.953827e-06,1.034737e-03
1209270272,16325806,14511243264,44298044,-6.447623e-02,-2.583229e-02,5.810539e-09,7.017639e-07,1.401021e-06,9.866088e-04
1209532416,16327044,14514388992,44307615,-6.446341e-02,-2.581958e-02,4.020123e-09,7.232054e-07,9.693210e-07,1.016753e-03
1209794560,16327427,14517534720,44317200,-6.445388e-02,-2.580087e-02,2.902532e-09,7.553850e-07,6.998503e-07,1.061995e-03
1210056704,16327792,14520680448,44326613,-6.446549e-02,-2.578204e-02,4.288043e-09,7.884733e-07,1.033921e-06,1.108513e-03
1210318848,16328426,14523826176,44336189,-6.444658e-02,-2.579529e-02,2.169098e-09,7.651197e-07,5.230069e-07,1.075681e-03
1210580992,16328927,14526971904,44345729,-6.445691e-02,-2.579933e-02,3.238467e-09,7.580715e-07,7.808503e-07,1.065772e-03
1210843136,16329193,14530117632,44355363,-6.448009e-02,-2.579842e-02,6.413814e-09,7.596519e-07,1.546481e-06,1.067993e-03
1211105280,16329380,14533263360,44364930,-6.450844e-02,-2.578176e-02,1.175831e-08,7.889762e-07,2.835131e-06,1.109221e-03
1211367424,16329591,14536409088,44374710,-6.448616e-02,-2.579418e-02,7.423290e-09,7.670663e-07,1.789883e-06,1.078417e-03
1211629568,16330028,14539554816,44384307,-6.448493e-02,-2.577577e-02,7.212964e-09,7.996437e-07,1.739170e-06,1.124218e-03
1211891712,16330065,14542700544,44393916,-6.448144e-02,-2.581576e-02,6.632848e-09,7.297336e-07,1.599294e-06,1.025931e-03
1212153856,16330664,14545846272,44403558,-6.448887e-02,-2.579278e-02,7.897970e-09,7.695054e-07,1.904337e-06,1.081847e-03
1212416000,16330728,14548992000,44413305,-6.447123e-02,-2.574879e-02,5.073364e-09,8.486318e-07,1.223275e-06,1.193090e-03
1212678144,16331293,14552137728,44422831,-6.447019e-02,-2.573076e-02,4.925860e-09,8.821801e-07,1.187710e-06,1.240256e-03
1212940288,16331316,14555283456,44432154,-6.445306e-02,-2.575754e-02,2.814895e-09,8.325757e-07,6.787197e-07,1.170517e-03
1213202432,16331634,14558429184,44441580,-6.441294e-02,-2.579269e-02,1.672937e-10,7.696786e-07,4.033740e-08,1.082090e-03
1213464576,16331672,14561574912,44451202,-6.439929e-02,-2.578501e-02,5.009881e-13,7.832093e-07,1.207969e-10,1.101113e-03
1213726720,16331886,14564720640,44460545,-6.438522e-02,-2.579899e-02,2.185061e-10,7.586619e-07,5.268559e-08,1.066602e-03
1213988864,16331921,14567866368,44470176,-6.439497e-02,-2.576476e-02,2.536726e-11,8.194526e-07,6.116484e-09,1.152067e-03
1214251008,16332341,14571012096,44479784,-6.434459e-02,-2.574893e-02,3.070264e-09,8.483779e-07,7.402936e-07,1.192733e-03
1214513152,16332517,14574157824,44489426,-6.436227e-02,-2.575346e-02,1.424096e-09,8.400467e-07,3.433740e-07,1.181020e-03
1214775296,16332602,14577303552,44499118,-6.441006e-02,-2.575341e-02,1.011691e-10,8.401389e-07,2.439361e-08,1.181150e-03
1215037440,16332918,14580449280,44508830,-6.443585e-02,-2.571361e-02,1.285380e-09,9.146891e-07,3.099272e-07,1.285960e-03
1215299584,16333000,14583595008,44518370,-6.446884e-02,-2.571714e-02,4.738383e-09,9.079393e-07,1.142506e-06,1.276471e-03
1215561728,16333244,14586740736,44527993,-6.447195e-02,-2.567138e-02,5.175767e-09,9.972492e-07,1.247967e-06,1.402031e-03
1215823872,16333449,14589886464,44537547,-6.446188e-02,-2.566445e-02,3.828772e-09,1.011129e-06,9.231829e-07,1.421545e-03
1216086016,16333728,14593032192,44546985,-6.445383e-02,-2.566191e-02,2.896915e-09,1.016248e-06,6.984960e-07,1.428742e-03
1216348160,16334536,14596177920,44556692,-6.440967e-02,-2.563500e-02,9.352541e-11,1.071220e-06,2.255059e-08,1.506026e-03
1216610304,16335012,14599323648,44566323,-6.439836e-02,-2.563667e-02,2.686740e-12,1.067775e-06,6.478192e-10,1.501184e-03
1216872448,16335716,14602469376,44575874,-6.440496e-02,-2.568761e-02,2.454842e-11,9.650915e-07,5.919047e-09,1.356821e-03
1217134592,16336340,14605615104,44585545,-6.438560e-02,-2.569740e-02,2.074168e-10,9.459484e-07,5.001177e-08,1.329907e-03
1217396736,16337022,14608760832,44595254,-6.440502e-02,-2.567718e-02,2.521738e-11,9.856909e-07,6.080345e-09,1.385781e-03
1217658880,16338508,14611906560,44604833,-6.441873e-02,-2.570234e-02,3.508414e-10,9.363604e-07,8.459389e-08,1.316428e-03
1217921024,16339571,14615052288,44614397,-6.442282e-02,-2.568065e-02,5.208039e-10,9.788089e-07,1.255748e-07,1.376106e-03
1218183168,16340785,14618198016,44624013,-6.442370e-02,-2.568843e-02,5.617041e-10,9.634856e-07,1.354365e-07,1.354563e-03
1218445312,16341371,14621343744,44633763,-6.441221e-02,-2.569368e-02,1.491208e-10,9.531942e-07,3.595559e-08,1.340094e-03
1218707456,16342070,14624489472,44643445,-6.441805e-02,-2.567012e-02,3.256331e-10,9.997657e-07,7.851575e-08,1.405569e-03
1218969600,16342347,14627635200,44653250,-6.442942e-02,-2.565359e-02,8.652359e-10,1.033097e-06,2.086233e-07,1.452430e-03
1219231744,16342886,14630780928,44662767,-6.443793e-02,-2.567209e-02,1.438188e-09,9.958212e-07,3.467720e-07,1.400024e-03
1219493888,16343091,14633926656,44672274,-6.446324e-02,-2.564210e-02,3.999364e-09,1.056584e-06,9.643156e-07,1.485449e-03
1219756032,16343857,14637072384,44681918,-6.444484e-02,-2.563046e-02,2.010410e-09,1.080633e-06,4.847445e-07,1.519260e-03
1220018176,16345262,14640218112,44691475,-6.443949e-02,-2.563655e-02,1.559308e-09,1.068010e-06,3.759761e-07,1.501514e-03
1220280320,16345824,14643363840,44700944,-6.443932e-02,-2.564012e-02,1.545804e-09,1.060647e-06,3.727200e-07,1.491162e-03
1220542464,16349135,14646509568,44710426,-6.440864e-02,-2.564675e-02,7.456707e-11,1.047040e-06,1.797941e-08,1.472032e-03
1220804608,16349783,14649655296,44719636,-6.438638e-02,-2.561260e-02,1.854952e-10,1.118098e-06,4.472608e-08,1.571932e-03
1221066752,16350264,14652801024,44729069,-6.435214e-02,-2.558956e-02,2.290822e-09,1.167343e-06,5.523565e-07,1.641166e-03
1221328896,16352029,14655946752,44738610,-6.438120e-02,-2.557010e-02,3.536380e-10,1.209775e-06,8.526822e-08,1.700821e-03
1221591040,16353200,14659092480,44748124,-6.437168e-02,-2.557396e-02,8.020030e-10,1.201296e-06,1.933767e-07,1.688900e-03
1221853184,16356234,14662238208,44757829,-6.435806e-02,-2.559140e-02,1.759531e-09,1.163374e-06,4.242534e-07,1.635586e-03
1222115328,16359966,14665383936,44767323,-6.435652e-02,-2.561755e-02,1.890649e-09,1.107656e-06,4.558680e-07,1.557252e-03
1222377472,16362449,14668529664,44776796,-6.435652e-02,-2.564619e-02,1.890649e-09,1.048180e-06,4.558680e-07,1.473635e-03
1222639616,16372381,14671675392,44786193,-6.434236e-02,-2.566297e-02,3.322962e-09,1.014116e-06,8.012235e-07,1.425745e-03
1222901760,16386691,14674821120,44795968,-6.434349e-02,-2.564442e-02,3.193680e-09,1.051810e-06,7.700513e-07,1.478739e-03
1223163904,16393473,14677966848,44805549,-6.431400e-02,-2.566451e-02,7.396353e-09,1.011013e-06,1.783388e-06,1.421381e-03
1223426048,16397276,14681112576,44815149,-6.427915e-02,-2.564748e-02,1.460614e-08,1.045542e-06,3.521792e-06,1.469927e-03
1223688192,16419890,14684258304,44824704,-6.427079e-02,-2.562195e-02,1.669470e-08,1.098403e-06,4.025380e-06,1.544243e-03
1223950336,16448037,14687404032,44834458,-6.424548e-02,-2.562895e-02,2.387799e-08,1.083783e-06,5.757395e-06,1.523689e-03
1224212480,16455259,14690549760,44844158,-6.425289e-02,-2.565251e-02,2.164186e-08,1.035291e-06,5.218224e-06,1.455514e-03
1224474624,16459382,14693695488,44853981,-6.425534e-02,-2.565318e-02,2.092665e-08,1.033923e-06,5.045777e-06,1.453590e-03
1224736768,16525675,14696841216,44863629,-6.425784e-02,-2.567246e-02,2.021075e-08,9.950890e-07,4.873161e-06,1.398994e-03
1224998912,16599099,14699986944,44873298,-6.423906e-02,-2.566082e-02,2.590168e-08,1.018447e-06,6.245342e-06,1.431832e-03
1225261056,16600810,14703132672,44883136,-6.424022e-02,-2.567120e-02,2.553129e-08,9.975953e-07,6.156035e-06,1.402518e-03
1225523200,16602807,14706278400,44892589,-6.422859e-02,-2.567882e-02,2.938072e-08,9.824463e-07,7.084197e-06,1.381220e-03
1225785344,16604336,14709424128,44901918,-6.421085e-02,-2.568506e-02,3.577692e-08,9.701155e-07,8.626433e-06,1.363884e-03
1226047488,16604514,14712569856,44911383,-6.421968e-02,-2.568639e-02,3.251493e-08,9.674974e-07,7.839908e-06,1.360203e-03
1226309632,16604973,14715715584,44921003,-6.422728e-02,-2.565872e-02,2.983198e-08,1.022680e-06,7.193004e-06,1.437785e-03
1226571776,16605079,14718861312,44930648,-6.422886e-02,-2.564763e-02,2.928884e-08,1.045238e-06,7.062044e-06,1.469498e-03
1226833920,16605550,14722007040,44940198,-6.421954e-02,-2.566183e-02,3.256600e-08,1.016399e-06,7.852223e-06,1.428953e-03
1227096064,16605662,14725152768,44949911,-6.421649e-02,-2.567345e-02,3.367511e-08,9.931130e-07,8.119649e-06,1.396216e-03
1227358208,16605798,14728298496,44959643,-6.420527e-02,-2.563795e-02,3.791914e-08,1.065129e-06,9.142958e-06,1.497463e-03
1227620352,16606266,14731444224,44969186,-6.420706e-02,-2.560914e-02,3.722593e-08,1.125432e-06,8.975814e-06,1.582244e-03
1227882496,16606419,14734589952,44978970,-6.422441e-02,-2.561774e-02,3.083370e-08,1.107240e-06,7.434537e-06,1.556667e-03
1228144640,16606745,14737735680,44988629,-6.420230e-02,-2.562346e-02,3.908575e-08,1.095250e-06,9.424247e-06,1.539811e-03
1228406784,16606851,14740881408,44998121,-6.423115e-02,-2.562245e-02,2.851117e-08,1.097360e-06,6.874534e-06,1.542777e-03
1228668928,16607327,14744027136,45007867,-6.424835e-02,-2.561946e-02,2.299745e-08,1.103629e-06,5.545082e-06,1.551590e-03
1228931072,16607368,14747172864,45017481,-6.422960e-02,-2.563183e-02,2.903692e-08,1.077796e-06,7.001302e-06,1.515272e-03
1229193216,16607512,14750318592,45027244,-6.420344e-02,-2.562357e-02,3.863631e-08,1.095016e-06,9.315881e-06,1.539482e-03
1229455360,16607599,14753464320,45036676,-6.420028e-02,-2.561260e-02,3.988819e-08,1.118094e-06,9.617728e-06,1.571926e-03
1229717504,16608585,14756610048,45046003,-6.418171e-02,-2.562636e-02,4.765252e-08,1.089192e-06,1.148984e-05,1.531294e-03
1229979648,16609062,14759755776,45055769,-6.417230e-02,-2.565162e-02,5.184940e-08,1.037099e-06,1.250178e-05,1.458056e-03
1230241792,16609358,14762901504,45065640,-6.413972e-02,-2.565754e-02,6.774494e-08,1.025074e-06,1.633447e-05,1.441150e-03
1230503936,16609625,14766047232,45075405,-6.413588e-02,-2.568383e-02,6.976100e-08,9.725239e-07,1.682058e-05,1.367270e-03
1230766080,16609634,14769192960,45085073,-6.411896e-02,-2.567500e-02,7.898537e-08,9.900156e-07,1.904473e-05,1.391861e-03
1231028224,16609747,14772338688,45094415,-6.411433e-02,-2.568817e-02,8.160744e-08,9.639939e-07,1.967696e-05,1.355278e-03
1231290368,16609842,14775484416,45103971,-6.410991e-02,-2.570990e-02,8.415557e-08,9.217964e-07,2.029136e-05,1.295952e-03
1231552512,16610837,14778630144,45113398,-6.408133e-02,-2.572936e-02,1.015498e-07,8.848097e-07,2.448540e-05,1.243953e-03
1231814656,16611127,14781775872,45122726,-6.404569e-02,-2.572374e-02,1.255373e-07,8.954063e-07,3.026919e-05,1.258850e-03
1232076800,16611150,14784921600,45132465,-6.403281e-02,-2.567184e-02,1.348317e-07,9.963305e-07,3.251026e-05,1.400740e-03
1232338944,16611820,14788067328,45141897,-6.402829e-02,-2.564068e-02,1.381735e-07,1.059492e-06,3.331600e-05,1.489539e-03
1232601088,16611932,14791213056,45151405,-6.401789e-02,-2.563563e-02,1.460084e-07,1.069925e-06,3.520514e-05,1.504205e-03
1232863232,16612413,14794358784,45161163,-6.400093e-02,-2.563889e-02,1.592612e-07,1.063188e-06,3.840062e-05,1.494735e-03
1233125376,16612474,14797504512,45170701,-6.401647e-02,-2.565258e-02,1.470980e-07,1.035143e-06,3.546785e-05,1.455305e-03
1233387520,16612851,14800650240,45180442,-6.398240e-02,-2.566548e-02,1.743878e-07,1.009066e-06,4.204789e-05,1.418644e-03
1233649664,16613616,14803795968,45190122,-6.398877e-02,-2.564866e-02,1.691141e-07,1.043129e-06,4.077631e-05,1.466533e-03
1233911808,16614113,14806941696,45199766,-6.396813e-02,-2.563857e-02,1.865142e-07,1.063845e-06,4.497179e-05,1.495658e-03
1234173952,16614166,14810087424,45209440,-6.391715e-02,-2.563537e-02,2.331439e-07,1.070468e-06,5.621501e-05,1.504969e-03
1234436096,16614337,14813233152,45218789,-6.394860e-02,-2.562609e-02,2.037628e-07,1.089756e-06,4.913071e-05,1.532087e-03
1234698240,16614770,14816378880,45228268,-6.392511e-02,-2.563869e-02,2.255229e-07,1.063603e-06,5.437747e-05,1.495318e-03
1234960384,16615236,14819524608,45238002,-6.393956e-02,-2.562861e-02,2.120104e-07,1.084497e-06,5.111936e-05,1.524693e-03
1235222528,16616465,14822670336,45247550,-6.392642e-02,-2.564267e-02,2.242792e-07,1.055408e-06,5.407758e-05,1.483797e-03
1235484672,16617788,14825816064,45257181,-6.392346e-02,-2.565745e-02,2.270966e-07,1.025255e-06,5.475691e-05,1.441405e-03
1235746816,16618151,14828961792,45266781,-6.393049e-02,-2.565310e-02,2.204427e-07,1.034078e-06,5.315253e-05,1.453809e-03
1236008960,16618620,14832107520,45276395,-6.392820e-02,-2.566941e-02,2.225958e-07,1.001189e-06,5.367167e-05,1.407570e-03
1236271104,16620106,14835253248,45286217,-6.395132e-02,-2.564861e-02,2.013150e-07,1.043235e-06,4.854052e-05,1.466683e-03
1236533248,16622113,14838398976,45295926,-6.395321e-02,-2.568274e-02,1.996270e-07,9.746890e-07,4.813352e-05,1.370314e-03
1236795392,16623276,14841544704,45305732,-6.393951e-02,-2.566882e-02,2.120516e-07,1.002356e-06,5.112929e-05,1.409211e-03
1237057536,16625836,14844690432,45315170,-6.393311e-02,-2.566627e-02,2.179869e-07,1.007480e-06,5.256039e-05,1.416414e-03
1237319680,16633782,14847836160,45324717,-6.393487e-02,-2.571991e-02,2.163481e-07,9.026792e-07,5.216524e-05,1.269075e-03
1237581824,16640986,14850981888,45333940,-6.390931e-02,-2.575103e-02,2.407818e-07,8.445084e-07,5.805664e-05,1.187293e-03
1237843968,16643396,14854127616,45343519,-6.389856e-02,-2.580928e-02,2.514410e-07,7.408340e-07,6.062676e-05,1.041537e-03
1238106112,16654259,14857273344,45352955,-6.388241e-02,-2.584225e-02,2.679013e-07,6.851642e-07,6.459562e-05,9.632714e-04
1238368256,16666734,14860419072,45362856,-6.384595e-02,-2.586962e-02,3.069769e-07,6.406119e-07,7.401743e-05,9.006353e-04
1238630400,16678106,14863564800,45372519,-6.385914e-02,-2.587987e-02,2.925295e-07,6.243001e-07,7.053391e-05,8.777026e-04
1238892544,16687660,14866710528,45382037,-6.385567e-02,-2.585932e-02,2.962973e-07,6.572035e-07,7.144238e-05,9.239615e-04
1239154688,16690517,14869856256,45391574,-6.383648e-02,-2.588984e-02,3.175601e-07,6.086490e-07,7.656920e-05,8.556988e-04
1239416832,16700901,14873001984,45401153,-6.381079e-02,-2.588934e-02,3.471735e-07,6.094369e-07,8.370950e-05,8.568065e-04
1239678976,16732921,14876147712,45410885,-6.379273e-02,-2.585282e-02,3.687823e-07,6.677857e-07,8.891976e-05,9.388390e-04
1239941120,16743705,14879293440,45420614,-6.377020e-02,-2.583814e-02,3.966544e-07,6.919866e-07,9.564020e-05,9.728629e-04
1240203264,16759018,14882439168,45430312,-6.377278e-02,-2.580788e-02,3.934045e-07,7.432504e-07,9.485660e-05,1.044935e-03
1240465408,16759201,14885584896,45439750,-6.374822e-02,-2.578646e-02,4.248227e-07,7.806432e-07,1.024321e-04,1.097505e-03
1240727552,16762875,14888730624,45449497,-6.377029e-02,-2.576428e-02,3.965418e-07,8.203330e-07,9.561305e-05,1.153305e-03
1240989696,16765563,14891876352,45459057,-6.378262e-02,-2.575736e-02,3.811641e-07,8.329122e-07,9.190523e-05,1.170990e-03
1241251840,16765894,14895022080,45468441,-6.379533e-02,-2.576396e-02,3.656309e-07,8.209000e-07,8.815991e-05,1.154102e-03
1241513984,16766423,14898167808,45478039,-6.380189e-02,-2.578160e-02,3.577359e-07,7.892542e-07,8.625629e-05,1.109611e-03
1241776128,16767510,14901313536,45487590,-6.378527e-02,-2.581928e-02,3.778960e-07,7.237156e-07,9.111725e-05,1.017471e-03
1242038272,16768370,14904459264,45497163,-6.376130e-02,-2.585151e-02,4.079390e-07,6.699244e-07,9.836112e-05,9.418458e-04
1242300416,16769724,14907604992,45506664,-6.372602e-02,-2.584819e-02,4.542484e-07,6.753659e-07,1.095271e-04,9.494959e-04
1242562560,16769922,14910750720,45516163,-6.367531e-02,-2.583707e-02,5.251729e-07,6.937727e-07,1.266282e-04,9.753740e-04
1242824704,16770707,14913896448,45525748,-6.368608e-02,-2.586223e-02,5.096848e-07,6.524917e-07,1.228938e-04,9.173372e-04
1243086848,16770900,14917042176,45535368,-6.367637e-02,-2.587762e-02,5.236407e-07,6.278579e-07,1.262588e-04,8.827045e-04
1243348992,16771419,14920187904,45544760,-6.372099e-02,-2.586533e-02,4.610629e-07,6.474941e-07,1.111702e-04,9.103109e-04
1243611136,16771755,14923333632,45554454,-6.367520e-02,-2.583840e-02,5.253349e-07,6.915652e-07,1.266673e-04,9.722706e-04
1243873280,16771897,14926479360,45564050,-6.368308e-02,-2.585924e-02,5.139810e-07,6.573364e-07,1.239297e-04,9.241484e-04
1244135424,16772059,14929625088,45573730,-6.367058e-02,-2.584994e-02,5.320634e-07,6.724973e-07,1.282897e-04,9.454630e-04
1244397568,16772351,14932770816,45583381,-6.364592e-02,-2.583596e-02,5.686377e-07,6.956233e-07,1.371084e-04,9.779758e-04
1244659712,16772579,14935916544,45592946,-6.365796e-02,-2.580411e-02,5.506242e-07,7.497586e-07,1.327650e-04,1.054084e-03
1244921856,16772641,14939062272,45602495,-6.366729e-02,-2.579167e-02,5.368675e-07,7.714609e-07,1.294480e-04,1.084596e-03
1245184000,16773271,14942208000,45612339,-6.365943e-02,-2.581070e-02,5.484481e-07,7.383895e-07,1.322403e-04,1.038101e-03
1245446144,16773286,14945353728,45621980,-6.367031e-02,-2.582472e-02,5.324547e-07,7.145006e-07,1.283840e-04,1.004515e-03
1245708288,16773715,14948499456,45631396,-6.367666e-02,-2.581562e-02,5.232202e-07,7.299564e-07,1.261574e-04,1.026245e-03
1245970432,16773747,14951645184,45641125,-6.369653e-02,-2.582409e-02,4.948685e-07,7.155559e-07,1.193213e-04,1.005999e-03
1246232576,16773982,14954790912,45650655,-6.372008e-02,-2.580354e-02,4.622981e-07,7.507588e-07,1.114680e-04,1.055491e-03
1246494720,16774154,14957936640,45660310,-6.371079e-02,-2.578197e-02,4.750186e-07,7.885990e-07,1.145352e-04,1.108690e-03
1246756864,16774210,14961082368,45670130,-6.366988e-02,-2.578655e-02,5.330747e-07,7.804753e-07,1.285335e-04,1.097269e-03
1247019008,16774357,14964228096,45679633,-6.369524e-02,-2.577262e-02,4.966942e-07,8.052868e-07,1.197615e-04,1.132151e-03
1247281152,16774442,14967373824,45689133,-6.367825e-02,-2.578736e-02,5.209269e-07,7.790542e-07,1.256044e-04,1.095271e-03
1247543296,16774503,14970519552,45698694,-6.368948e-02,-2.580981e-02,5.048452e-07,7.399204e-07,1.217269e-04,1.040253e-03
1247805440,16774846,14973665280,45708280,-6.365694e-02,-2.581432e-02,5.521401e-07,7.321924e-07,1.331305e-04,1.029388e-03
1248067584,16775238,14976811008,45718007,-6.363096e-02,-2.583294e-02,5.914248e-07,7.006689e-07,1.426027e-04,9.850694e-04
1248329728,16775386,14979956736,45727628,-6.362233e-02,-2.584134e-02,6.047695e-07,6.866698e-07,1.458203e-04,9.653881e-04
1248591872,16775737,14983102464,45737030,-6.359734e-02,-2.583187e-02,6.442606e-07,7.024569e-07,1.553423e-04,9.875831e-04
1248854016,16775763,14986248192,45746555,-6.358462e-02,-2.586061e-02,6.648512e-07,6.551153e-07,1.603071e-04,9.210257e-04
1249116160,16775772,14989393920,45756308,-6.357396e-02,-2.586057e-02,6.823518e-07,6.551696e-07,1.645268e-04,9.211020e-04
1249378304,16776167,14992539648,45765935,-6.358847e-02,-2.582777e-02,6.585844e-07,7.093458e-07,1.587961e-04,9.972682e-04
1249640448,16776496,14995685376,45775476,-6.356859e-02,-2.583541e-02,6.912431e-07,6.965464e-07,1.666706e-04,9.792736e-04
1249902592,16777010,14998831104,45784967,-6.355776e-02,-2.584259e-02,7.093740e-07,6.846093e-07,1.710423e-04,9.624912e-04
1250164736,16777700,15001976832,45794617,-6.358381e-02,-2.584174e-02,6.661641e-07,6.860217e-07,1.606236e-04,9.644770e-04
1250426880,16778669,15005122560,45804294,-6.359746e-02,-2.582241e-02,6.440693e-07,7.184107e-07,1.552962e-04,1.010012e-03
1250689024,16779145,15008268288,45813882,-6.358897e-02,-2.580545e-02,6.577744e-07,7.474540e-07,1.586008e-04,1.050844e-03
1250951168,16779670,15011414016,45823603,-6.358647e-02,-2.579699e-02,6.618414e-07,7.621508e-07,1.595814e-04,1.071507e-03
1251213312,16781167,15014559744,45833195,-6.361647e-02,-2.583196e-02,6.139238e-07,7.023101e-07,1.480276e-04,9.873768e-04
1251475456,16782210,15017705472,45842808,-6.363071e-02,-2.582543e-02,5.918145e-07,7.132952e-07,1.426967e-04,1.002821e-03
1251737600,16783508,15020851200,45852354,-6.367253e-02,-2.582635e-02,5.292194e-07,7.117480e-07,1.276039e-04,1.000646e-03
1251999744,16783915,15023996928,45861851,-6.365943e-02,-2.582283e-02,5.484481e-07,7.177004e-07,1.322403e-04,1.009014e-03
1252261888,16785069,15027142656,45871679,-6.361809e-02,-2.582835e-02,6.113927e-07,7.083797e-07,1.474173e-04,9.959099e-04
1252524032,16785110,15030288384,45881621,-6.360535e-02,-2.581631e-02,6.314672e-07,7.287824e-07,1.522576e-04,1.024594e-03
1252786176,16785611,15033434112,45891347,-6.363619e-02,-2.584027e-02,5.834075e-07,6.884460e-07,1.406696e-04,9.678852e-04
1253048320,16785734,15036579840,45900901,-6.364291e-02,-2.582596e-02,5.731864e-07,7.123987e-07,1.382051e-04,1.001560e-03
1253310464,16787858,15039725568,45910391,-6.366359e-02,-2.582227e-02,5.422967e-07,7.186475e-07,1.307571e-04,1.010345e-03
1253572608,16788400,15042871296,45920054,-6.362438e-02,-2.581357e-02,6.015869e-07,7.334744e-07,1.450530e-04,1.031191e-03
1253834752,16791824,15046017024,45929764,-6.360192e-02,-2.579918e-02,6.369378e-07,7.583277e-07,1.535767e-04,1.066132e-03
1254096896,16792796,15049162752,45939481,-6.359390e-02,-2.577423e-02,6.497983e-07,8.024077e-07,1.566776e-04,1.128104e-03
1254359040,16792972,15052308480,45949013,-6.360149e-02,-2.582886e-02,6.376159e-07,7.075115e-07,1.537402e-04,9.946893e-04
1254621184,16794202,15055454208,45958517,-6.360489e-02,-2.580564e-02,6.322016e-07,7.471158e-07,1.524347e-04,1.050369e-03
1254883328,16795227,15058599936,45968102,-6.359610e-02,-2.579124e-02,6.462597e-07,7.722169e-07,1.558243e-04,1.085659e-03
1255145472,16795958,15061745664,45977932,-6.358075e-02,-2.577774e-02,6.711721e-07,7.961231e-07,1.618312e-04,1.119268e-03
1255407616,16799004,15064891392,45987564,-6.359416e-02,-2.576742e-02,6.493780e-07,8.146475e-07,1.565762e-04,1.145312e-03
1255669760,16802463,15068037120,45997193,-6.360340e-02,-2.577775e-02,6.345734e-07,7.961132e-07,1.530066e-04,1.119254e-03
1255931904,16805055,15071182848,46006917,-6.360123e-02,-2.577921e-02,6.380443e-07,7.935093e-07,1.538435e-04,1.115594e-03
1256194048,16814766,15074328576,46016723,-6.362858e-02,-2.578835e-02,5.950976e-07,7.773060e-07,1.434883e-04,1.092813e-03
1256456192,16836115,15077474304,46026499,-6.364166e-02,-2.579531e-02,5.750833e-07,7.650740e-07,1.386625e-04,1.075616e-03
1256718336,16837008,15080620032,46036035,-6.362902e-02,-2.582558e-02,5.944080e-07,7.130434e-07,1.433220e-04,1.002467e-03
1256980480,16839808,15083765760,46045560,-6.364362e-02,-2.581701e-02,5.721151e-07,7.275903e-07,1.379468e-04,1.022918e-03
1257242624,16862493,15086911488,46055354,-6.366804e-02,-2.584796e-02,5.357654e-07,6.757548e-07,1.291823e-04,9.500426e-04
1257504768,16890641,15090057216,46064802,-6.370281e-02,-2.584129e-02,4.860712e-07,6.867655e-07,1.172001e-04,9.655227e-04
1257766912,16897819,15093202944,46074409,-6.370945e-02,-2.581539e-02,4.768588e-07,7.303543e-07,1.149789e-04,1.026804e-03
1258029056,16905314,15096348672,46084175,-6.370541e-02,-2.581069e-02,4.824523e-07,7.384087e-07,1.163275e-04,1.038128e-03
1258291200,16968218,15099494400,46093910,-6.370699e-02,-2.581423e-02,4.802708e-07,7.323391e-07,1.158016e-04,1.029594e-03
1258553344,17049440,15102640128,46103452,-6.371440e-02,-2.580826e-02,4.700507e-07,7.425922e-07,1.133373e-04,1.044009e-03
1258815488,17051077,15105785856,46112949,-6.372247e-02,-2.580570e-02,4.590516e-07,7.470192e-07,1.106852e-04,1.050233e-03
1259077632,17053159,15108931584,46122555,-6.372922e-02,-2.580781e-02,4.499501e-07,7.433789e-07,1.084907e-04,1.045115e-03
1259339776,17054887,15112077312,46131989,-6.373274e-02,-2.582397e-02,4.452347e-07,7.157702e-07,1.073538e-04,1.006300e-03
1259601920,17054913,15115223040,46141493,-6.372108e-02,-2.584666e-02,4.609313e-07,6.778940e-07,1.111385e-04,9.530502e-04
1259864064,17055442,15118368768,46151141,-6.372389e-02,-2.586178e-02,4.571253e-07,6.532262e-07,1.102208e-04,9.183698e-04
1260126208,17055666,15121514496,46160674,-6.374452e-02,-2.587396e-02,4.296634e-07,6.336716e-07,1.035993e-04,8.908780e-04
1260388352,17055920,15124660224,46170122,-6.373654e-02,-2.585281e-02,4.401782e-07,6.678039e-07,1.061346e-04,9.388645e-04
1260650496,17056082,15127805952,46179725,-6.372848e-02,-2.582971e-02,4.509402e-07,7.060896e-07,1.087295e-04,9.926903e-04
1260912640,17056228,15130951680,46189332,-6.374881e-02,-2.579681e-02,4.240558e-07,7.624533e-07,1.022471e-04,1.071932e-03
1261174784,17056957,15134097408,46199052,-6.373382e-02,-2.580892e-02,4.437941e-07,7.414530e-07,1.070064e-04,1.042408e-03
1261436928,17056995,15137243136,46208710,-6.377130e-02,-2.581745e-02,3.952666e-07,7.268342e-07,9.530559e-05,1.021855e-03
1261699072,17057362,15140388864,46218238,-6.377671e-02,-2.580399e-02,3.884944e-07,7.499812e-07,9.367271e-05,1.054397e-03
1261961216,17057365,15143534592,46227748,-6.377949e-02,-2.581457e-02,3.850378e-07,7.317557e-07,9.283925e-05,1.028774e-03
1262223360,17057792,15146680320,46237221,-6.376351e-02,-2.584140e-02,4.051267e-07,6.865741e-07,9.768303e-05,9.652536e-04
1262485504,17057929,15149826048,46246720,-6.375832e-02,-2.583873e-02,4.117548e-07,6.910108e-07,9.928118e-05,9.714910e-04
1262747648,17058050,15152971776,46256465,-6.377296e-02,-2.583598e-02,3.931802e-07,6.955860e-07,9.480253e-05,9.779234e-04
1263009792,17058206,15156117504,46266116,-6.379148e-02,-2.583131e-02,3.702950e-07,7.034032e-07,8.928451e-05,9.889136e-04
1263271936,17059052,15159263232,46275826,-6.378301e-02,-2.580324e-02,3.806767e-07,7.512754e-07,9.178770e-05,1.056217e-03
1263534080,17059395,15162408960,46285357,-6.375621e-02,-2.581346e-02,4.144653e-07,7.336658e-07,9.993472e-05,1.031460e-03
1263796224,17059819,15165554688,46294991,-6.375393e-02,-2.580063e-02,4.174060e-07,7.558027e-07,1.006438e-04,1.062582e-03
1264058368,17059998,15168700416,46304610,-6.374803e-02,-2.578855e-02,4.250655e-07,7.769578e-07,1.024906e-04,1.092324e-03
1264320512,17060057,15171846144,46314199,-6.373086e-02,-2.577231e-02,4.477538e-07,8.058485e-07,1.079612e-04,1.132941e-03
1264582656,17060253,15174991872,46323741,-6.375027e-02,-2.576768e-02,4.221463e-07,8.141835e-07,1.017868e-04,1.144659e-03
1264844800,17060437,15178137600,46332999,-6.376611e-02,-2.577009e-02,4.018139e-07,8.098363e-07,9.688425e-05,1.138548e-03
1265106944,17061638,15181283328,46342691,-6.378989e-02,-2.577618e-02,3.722380e-07,7.989177e-07,8.975300e-05,1.123197e-03
1265369088,17061770,15184429056,46352087,-6.379228e-02,-2.575028e-02,3.693254e-07,8.458920e-07,8.905072e-05,1.189238e-03
1265631232,17061826,15187574784,46361567,-6.377198e-02,-2.577191e-02,3.944146e-07,8.065676e-07,9.510016e-05,1.133952e-03
1265893376,17062164,15190720512,46371216,-6.378896e-02,-2.578581e-02,3.733753e-07,7.817824e-07,9.002723e-05,1.099107e-03
1266155520,17062615,15193866240,46380952,-6.378601e-02,-2.581282e-02,3.769806e-07,7.347607e-07,9.089651e-05,1.032999e-03
1266417664,17062848,15197011968,46390486,-6.381160e-02,-2.580260e-02,3.462171e-07,7.523865e-07,8.347890e-05,1.057779e-03
1266679808,17062936,15200157696,46399830,-6.380308e-02,-2.584058e-02,3.563113e-07,6.879392e-07,8.591279e-05,9.671727e-04
1266941952,17063401,15203303424,46409423,-6.379762e-02,-2.581505e-02,3.628610e-07,7.309402e-07,8.749204e-05,1.027628e-03
1267204096,17064008,15206449152,46418922,-6.381381e-02,-2.582976e-02,3.436179e-07,7.059957e-07,8.285220e-05,9.925584e-04
1267466240,17064470,15209594880,46428677,-6.382454e-02,-2.583385e-02,3.311548e-07,6.991387e-07,7.984712e-05,9.829182e-04
1267728384,17064662,15212740608,46438176,-6.383320e-02,-2.584722e-02,3.212656e-07,6.769588e-07,7.746265e-05,9.517354e-04
1267990528,17064927,15215886336,46447863,-6.382605e-02,-2.585541e-02,3.294249e-07,6.635518e-07,7.943001e-05,9.328866e-04
1268252672,17065452,15219032064,46457677,-6.382361e-02,-2.582371e-02,3.322275e-07,7.161989e-07,8.010578e-05,1.006903e-03
1268514816,17065642,15222177792,46467311,-6.383517e-02,-2.582247e-02,3.190312e-07,7.183002e-07,7.692393e-05,1.009857e-03
1268776960,17066902,15225323520,46476832,-6.383207e-02,-2.581918e-02,3.225506e-07,7.238899e-07,7.777251e-05,1.017716e-03
1269039104,17068328,15228469248,46486384,-6.382643e-02,-2.581118e-02,3.289803e-07,7.375767e-07,7.932281e-05,1.036958e-03
1269301248,17068693,15231614976,46495970,-6.385052e-02,-2.580501e-02,3.019286e-07,7.482046e-07,7.280018e-05,1.051900e-03
1269563392,17069095,15234760704,46505848,-6.384381e-02,-2.578937e-02,3.093510e-07,7.755071e-07,7.458985e-05,1.090284e-03
1269825536,17070496,15237906432,46515333,-6.386555e-02,-2.579558e-02,2.856395e-07,7.646179e-07,6.887259e-05,1.074975e-03
1270087680,17072629,15241052160,46525101,-6.384672e-02,-2.581474e-02,3.061189e-07,7.314658e-07,7.381053e-05,1.028367e-03
1270349824,17074049,15244197888,46534866,-6.384979e-02,-2.577805e-02,3.027316e-07,7.955781e-07,7.299379e-05,1.118502e-03
1270611968,17076377,15247343616,46544361,-6.387120e-02,-2.577213e-02,2.796347e-07,8.061696e-07,6.742474e-05,1.133393e-03
1270874112,17084285,15250489344,46553861,-6.389040e-02,-2.580737e-02,2.596895e-07,7.441275e-07,6.261560e-05,1.046168e-03
1271136256,17091421,15253635072,46563461,-6.388201e-02,-2.579758e-02,2.683180e-07,7.611202e-07,6.469608e-05,1.070058e-03
1271398400,17093765,15256780800,46572965,-6.388057e-02,-2.576616e-02,2.698097e-07,8.169187e-07,6.505578e-05,1.148505e-03
1271660544,17104923,15259926528,46582664,-6.387301e-02,-2.578574e-02,2.777232e-07,7.819076e-07,6.696385e-05,1.099283e-03
1271922688,17117369,15263072256,46592282,-6.388046e-02,-2.577853e-02,2.699259e-07,7.947244e-07,6.508378e-05,1.117302e-03
1272184832,17130217,15266217984,46602104,-6.385517e-02,-2.578487e-02,2.968410e-07,7.834467e-07,7.157348e-05,1.101447e-03
1272446976,17139420,15269363712,46611609,-6.388509e-02,-2.579941e-02,2.651319e-07,7.579222e-07,6.392787e-05,1.065562e-03
1272709120,17142015,15272509440,46621042,-6.388073e-02,-2.580641e-02,2.696395e-07,7.457897e-07,6.501473e-05,1.048505e-03
1272971264,17151466,15275655168,46630675,-6.390186e-02,-2.578041e-02,2.481418e-07,7.913671e-07,5.983127e-05,1.112582e-03
1273233408,17183703,15278800896,46640427,-6.390237e-02,-2.578572e-02,2.476373e-07,7.819471e-07,5.970963e-05,1.099338e-03
1273495552,17194039,15281946624,46650129,-6.391394e-02,-2.578154e-02,2.362553e-07,7.893634e-07,5.696521e-05,1.109765e-03
1273757696,17201388,15285092352,46659556,-6.391380e-02,-2.581468e-02,2.363929e-07,7.315709e-07,5.699840e-05,1.028514e-03
1274019840,17201403,15288238080,46669197,-6.391372e-02,-2.583432e-02,2.364726e-07,6.983633e-07,5.701762e-05,9.818278e-04
1274281984,17208124,15291383808,46678799,-6.392074e-02,-2.583572e-02,2.296959e-07,6.960242e-07,5.538365e-05,9.785393e-04
1274544128,17208202,15294529536,46688436,-6.392179e-02,-2.586692e-02,2.286829e-07,6.449366e-07,5.513940e-05,9.067154e-04
1274806272,17208993,15297675264,46697949,-6.390582e-02,-2.587214e-02,2.442160e-07,6.365722e-07,5.888468e-05,8.949559e-04
1275068416,17210198,15300820992,46707504,-6.389546e-02,-2.586656e-02,2.545665e-07,6.455111e-07,6.138038e-05,9.075232e-04
1275330560,17210995,15303966720,46717275,-6.391552e-02,-2.588024e-02,2.347223e-07,6.237174e-07,5.659558e-05,8.768834e-04
1275592704,17212338,15307112448,46726724,-6.391723e-02,-2.584982e-02,2.330648e-07,6.726929e-07,5.619594e-05,9.457378e-04
1275854848,17212538,15310258176,46736316,-6.390127e-02,-2.584552e-02,2.487360e-07,6.797724e-07,5.997454e-05,9.556910e-04
1276116992,17213203,15313403904,46745932,-6.391081e-02,-2.580775e-02,2.393071e-07,7.434753e-07,5.770106e-05,1.045251e-03
1276379136,17213458,15316549632,46755619,-6.390519e-02,-2.579872e-02,2.448423e-07,7.591227e-07,5.903569e-05,1.067249e-03
1276641280,17213738,15319695360,46765128,-6.390894e-02,-2.580211e-02,2.411402e-07,7.532237e-07,5.814306e-05,1.058956e-03
1276903424,17214133,15322841088,46774614,-6.389248e-02,-2.580220e-02,2.575827e-07,7.530685e-07,6.210763e-05,1.058738e-03
1277165568,17214312,15325986816,46784252,-6.390062e-02,-2.583904e-02,2.493830e-07,6.904875e-07,6.013054e-05,9.707554e-04
1277427712,17214419,15329132544,46793793,-6.388681e-02,-2.583029e-02,2.633625e-07,7.051195e-07,6.350123e-05,9.913265e-04
1277689856,17214903,15332278272,46803557,-6.387769e-02,-2.581686e-02,2.728135e-07,7.278477e-07,6.578003e-05,1.023280e-03
1277952000,17215076,15335424000,46812849,-6.388933e-02,-2.583260e-02,2.607841e-07,7.012366e-07,6.287955e-05,9.858675e-04
1278214144,17215379,15338569728,46822330,-6.387608e-02,-2.582991e-02,2.744972e-07,7.057453e-07,6.618600e-05,9.922064e-04
1278476288,17215851,15341715456,46831640,-6.388196e-02,-2.583606e-02,2.683720e-07,6.954524e-07,6.470911e-05,9.777356e-04
1278738432,17216047,15344861184,46841090,-6.390847e-02,-2.582745e-02,2.416088e-07,7.098949e-07,5.825604e-05,9.980403e-04
1279000576,17216657,15348006912,46850905,-6.391916e-02,-2.581580e-02,2.312125e-07,7.296604e-07,5.574931e-05,1.025828e-03
1279262720,17216925,15351152640,46860347,-6.393759e-02,-2.579325e-02,2.138256e-07,7.686952e-07,5.155704e-05,1.080707e-03
1279524864,17216927,15354298368,46869814,-6.395825e-02,-2.581491e-02,1.951452e-07,7.311791e-07,4.705286e-05,1.027964e-03
1279787008,17217064,15357444096,46879614,-6.396339e-02,-2.580445e-02,1.906296e-07,7.491845e-07,4.596407e-05,1.053277e-03
1280049152,17217117,15360589824,46889153,-6.395040e-02,-2.578760e-02,2.021449e-07,7.786334e-07,4.874062e-05,1.094680e-03
1280311296,17217157,15363735552,46898766,-6.395814e-02,-2.579287e-02,1.952439e-07,7.693584e-07,4.707667e-05,1.081640e-03
1280573440,17217432,15366881280,46908248,-6.393356e-02,-2.579787e-02,2.175696e-07,7.606100e-07,5.245979e-05,1.069341e-03
1280835584,17218035,15370027008,46917825,-6.394714e-02,-2.585753e-02,2.050833e-07,6.601060e-07,4.944910e-05,9.280420e-04
1281097728,17218342,15373172736,46927193,-6.391689e-02,-2.586222e-02,2.333958e-07,6.525038e-07,5.627575e-05,9.173541e-04
1281359872,17218476,15376318464,46936634,-6.387562e-02,-2.584396e-02,2.749815e-07,6.823487e-07,6.630277e-05,9.593130e-04
1281622016,17218519,15379464192,46946327,-6.387179e-02,-2.583581e-02,2.790125e-07,6.958750e-07,6.727472e-05,9.783296e-04
1281884160,17218596,15382609920,46955963,-6.388281e-02,-2.580874e-02,2.674927e-07,7.417610e-07,6.449709e-05,1.042841e-03
1282146304,17218917,15385755648,46965547,-6.388967e-02,-2.582831e-02,2.604418e-07,7.084362e-07,6.279701e-05,9.959894e-04
1282408448,17219298,15388901376,46975163,-6.385868e-02,-2.583602e-02,2.930294e-07,6.955239e-07,7.065445e-05,9.778361e-04
1282670592,17219592,15392047104,46984832,-6.386834e-02,-2.584090e-02,2.826687e-07,6.874017e-07,6.815630e-05,9.664170e-04
1282932736,17220391,15395192832,46994445,-6.385860e-02,-2.587539e-02,2.931182e-07,6.314021e-07,7.067584e-05,8.876873e-04
1283194880,17221687,15398338560,47004062,-6.383988e-02,-2.587484e-02,3.137341e-07,6.322845e-07,7.564671e-05,8.889278e-04
1283457024,17221798,15401484288,47013607,-6.383805e-02,-2.582983e-02,3.157907e-07,7.058830e-07,7.614258e-05,9.924000e-04
1283719168,17222341,15404630016,47023327,-6.386641e-02,-2.581887e-02,2.847244e-07,7.244161e-07,6.865195e-05,1.018456e-03
1283981312,17222644,15407775744,47033085,-6.386492e-02,-2.581848e-02,2.863088e-07,7.250821e-07,6.903399e-05,1.019392e-03
1284243456,17223744,15410921472,47042648,-6.384514e-02,-2.579296e-02,3.078775e-07,7.691950e-07,7.423457e-05,1.081410e-03
1284505600,17224288,15414067200,47052251,-6.382912e-02,-2.576988e-02,3.259021e-07,8.102185e-07,7.858063e-05,1.139085e-03
1284767744,17224421,15417212928,47062045,-6.381400e-02,-2.577562e-02,3.433996e-07,7.999136e-07,8.279955e-05,1.124597e-03
1285029888,17224813,15420358656,47071599,-6.382260e-02,-2.576183e-02,3.333880e-07,8.247793e-07,8.038559e-05,1.159556e-03
1285292032,17226242,15423504384,47080962,-6.381318e-02,-2.576222e-02,3.443608e-07,8.240555e-07,8.303132e-05,1.158539e-03
1285554176,17226426,15426650112,47090569,-6.381818e-02,-2.575808e-02,3.385183e-07,8.315902e-07,8.162260e-05,1.169132e-03
1285816320,17227698,15429795840,47100265,-6.379950e-02,-2.573385e-02,3.606025e-07,8.763814e-07,8.694749e-05,1.232103e-03
1286078464,17228026,15432941568,47109801,-6.381363e-02,-2.573575e-02,3.438363e-07,8.728138e-07,8.290487e-05,1.227088e-03
1286340608,17228245,15436087296,47119373,-6.377652e-02,-2.569625e-02,3.887267e-07,9.481925e-07,9.372869e-05,1.333062e-03
1286602752,17228342,15439233024,47129096,-6.377003e-02,-2.568992e-02,3.968609e-07,9.605516e-07,9.568999e-05,1.350438e-03
1286864896,17230527,15442378752,47138743,-6.374117e-02,-2.568389e-02,4.340602e-07,9.724138e-07,1.046594e-04,1.367115e-03
1287127040,17230919,15445524480,47148466,-6.375558e-02,-2.568972e-02,4.152811e-07,9.609386e-07,1.001314e-04,1.350982e-03
1287389184,17234521,15448670208,47158117,-6.377912e-02,-2.568277e-02,3.855003e-07,9.746265e-07,9.295075e-05,1.370226e-03
1287651328,17235277,15451815936,47167567,-6.379455e-02,-2.569244e-02,3.665686e-07,9.556144e-07,8.838600e-05,1.343497e-03
1287913472,17236199,15454961664,47177170,-6.381077e-02,-2.573634e-02,3.471998e-07,8.717213e-07,8.371584e-05,1.225552e-03
1288175616,17238410,15458107392,47186684,-6.382785e-02,-2.571246e-02,3.273584e-07,9.168815e-07,7.893176e-05,1.289043e-03
1288437760,17238782,15461253120,47196425,-6.382998e-02,-2.568185e-02,3.249246e-07,9.764368e-07,7.834492e-05,1.372771e-03
1288699904,17241784,15464398848,47205966,-6.379885e-02,-2.569051e-02,3.613814e-07,9.594055e-07,8.713529e-05,1.348827e-03
1288962048,17244557,15467544576,47215784,-6.379607e-02,-2.568245e-02,3.647394e-07,9.752481e-07,8.794497e-05,1.371100e-03
1289224192,17245098,15470690304,47225289,-6.377382e-02,-2.571729e-02,3.921065e-07,9.076624e-07,9.454362e-05,1.276081e-03
1289486336,17247765,15473836032,47234820,-6.376806e-02,-2.571554e-02,3.993524e-07,9.110017e-07,9.629074e-05,1.280776e-03
1289748480,17257441,15476981760,47244593,-6.376863e-02,-2.572854e-02,3.986370e-07,8.863452e-07,9.611825e-05,1.246111e-03
1290010624,17278859,15480127488,47254110,-6.374877e-02,-2.571970e-02,4.241043e-07,9.030650e-07,1.022588e-04,1.269618e-03
1290272768,17282567,15483273216,47263888,-6.374274e-02,-2.569048e-02,4.319913e-07,9.594638e-07,1.041605e-04,1.348909e-03
1290534912,17287604,15486418944,47273405,-6.373452e-02,-2.572571e-02,4.428615e-07,8.916912e-07,1.067815e-04,1.253627e-03
1290797056,17305225,15489564672,47283100,-6.372606e-02,-2.571611e-02,4.541982e-07,9.099069e-07,1.095150e-04,1.279237e-03
1291059200,17333442,15492710400,47292878,-6.369250e-02,-2.571652e-02,5.005663e-07,9.091253e-07,1.206952e-04,1.278138e-03
1291321344,17340633,15495856128,47302413,-6.370301e-02,-2.572273e-02,4.858011e-07,8.973144e-07,1.171350e-04,1.261533e-03
1291583488,17351488,15499001856,47312144,-6.374954e-02,-2.576611e-02,4.231053e-07,8.170095e-07,1.020180e-04,1.148632e-03
1291845632,17410846,15502147584,47321543,-6.377903e-02,-2.574899e-02,3.856020e-07,8.482543e-07,9.297530e-05,1.192560e-03
1292107776,17499813,15505293312,47331052,-6.375153e-02,-2.579059e-02,4.205117e-07,7.733631e-07,1.013926e-04,1.087270e-03
1292369920,17501741,15508439040,47340746,-6.374671e-02,-2.581515e-02,4.267869e-07,7.307746e-07,1.029057e-04,1.027395e-03
1292632064,17503619,15511584768,47350460,-6.374159e-02,-2.581730e-02,4.335008e-07,7.270978e-07,1.045245e-04,1.022226e-03
1292894208,17505459,15514730496,47359965,-6.374412e-02,-2.581095e-02,4.301813e-07,7.379606e-07,1.037241e-04,1.037498e-03
1293156352,17505555,15517876224,47369500,-6.374509e-02,-2.580277e-02,4.289117e-07,7.520893e-07,1.034180e-04,1.057361e-03
1293418496,17506065,15521021952,47379134,-6.374558e-02,-2.582589e-02,4.282678e-07,7.125245e-07,1.032628e-04,1.001737e-03
1293680640,17506160,15524167680,47389061,-6.376061e-02,-2.579029e-02,4.088246e-07,7.738873e-07,9.857465e-05,1.088007e-03
1293942784,17506352,15527313408,47398479,-6.378578e-02,-2.580063e-02,3.772734e-07,7.557962e-07,9.096711e-05,1.062573e-03
1294204928,17506621,15530459136,47408071,-6.377078e-02,-2.578606e-02,3.959227e-07,7.813477e-07,9.546379e-05,1.098496e-03
1294467072,17506862,15533604864,47417716,-6.381495e-02,-2.575569e-02,3.422828e-07,8.359578e-07,8.253028e-05,1.175272e-03
1294729216,17507652,15536750592,47427460,-6.382080e-02,-2.576093e-02,3.354734e-07,8.264142e-07,8.088842e-05,1.161855e-03
1294991360,17507754,15539896320,47437150,-6.380600e-02,-2.576877e-02,3.528419e-07,8.122116e-07,8.507627e-05,1.141887e-03
1295253504,17507906,15543042048,47446771,-6.382012e-02,-2.576574e-02,3.362679e-07,8.176933e-07,8.107999e-05,1.149594e-03
1295515648,17508000,15546187776,47456422,-6.380929e-02,-2.574391e-02,3.489405e-07,8.576434e-07,8.413556e-05,1.205760e-03
1295777792,17508399,15549333504,47466009,-6.380928e-02,-2.573989e-02,3.489581e-07,8.651011e-07,8.413980e-05,1.216244e-03
1296039936,17508569,15552479232,47475812,-6.380979e-02,-2.576164e-02,3.483510e-07,8.251177e-07,8.399342e-05,1.160032e-03
1296302080,17508603,15555624960,47485522,-6.381646e-02,-2.576829e-02,3.405240e-07,8.130847e-07,8.210621e-05,1.143115e-03
1296564224,17508749,15558770688,47495293,-6.384089e-02,-2.576972e-02,3.126084e-07,8.104969e-07,7.537525e-05,1.139476e-03
1296826368,17509585,15561916416,47505023,-6.384251e-02,-2.572059e-02,3.107947e-07,9.013807e-07,7.493798e-05,1.267250e-03
1297088512,17510038,15565062144,47514415,-6.385710e-02,-2.572906e-02,2.947420e-07,8.853705e-07,7.106737e-05,1.244741e-03
1297350656,17510444,15568207872,47524071,-6.385378e-02,-2.572390e-02,2.983611e-07,8.951102e-07,7.194001e-05,1.258434e-03
1297612800,17510529,15571353600,47533381,-6.386186e-02,-2.572063e-02,2.895952e-07,9.012994e-07,6.982640e-05,1.267136e-03
1297874944,17510570,15574499328,47543015,-6.388535e-02,-2.572122e-02,2.648711e-07,9.001751e-07,6.386498e-05,1.265555e-03
1298137088,17510753,15577645056,47552644,-6.390622e-02,-2.573229e-02,2.438185e-07,8.792993e-07,5.878883e-05,1.236206e-03
1298399232,17511199,15580790784,47562361,-6.392307e-02,-2.573783e-02,2.274661e-07,8.689480e-07,5.484598e-05,1.221653e-03
1298661376,17512315,15583936512,47572036,-6.389444e-02,-2.573941e-02,2.555976e-07,8.659919e-07,6.162898e-05,1.217497e-03
1298923520,17512324,15587082240,47581499,-6.387462e-02,-2.575736e-02,2.760295e-07,8.329156e-07,6.655548e-05,1.170995e-03
1299185664,17512673,15590227968,47591099,-6.387460e-02,-2.574485e-02,2.760452e-07,8.558952e-07,6.655926e-05,1.203302e-03
1299447808,17513099,15593373696,47600644,-6.386638e-02,-2.575713e-02,2.847482e-07,8.333237e-07,6.865769e-05,1.171569e-03
1299709952,17513346,15596519424,47610216,-6.389043e-02,-2.577812e-02,2.596591e-07,7.954519e-07,6.260828e-05,1.118325e-03
1299972096,17513381,15599665152,47619978,-6.391469e-02,-2.578439e-02,2.355243e-07,7.843042e-07,5.678897e-05,1.102652e-03
1300234240,17513459,15602810880,47629715,-6.391500e-02,-2.583487e-02,2.352279e-07,6.974452e-07,5.671750e-05,9.805373e-04
1300496384,17514265,15605956608,47639218,-6.391194e-02,-2.582083e-02,2.382004e-07,7.210970e-07,5.743421e-05,1.013789e-03
1300758528,17514521,15609102336,47648890,-6.388597e-02,-2.582611e-02,2.642273e-07,7.121503e-07,6.370975e-05,1.001211e-03
1301020672,17514931,15612248064,47658411,-6.385223e-02,-2.581155e-02,3.000565e-07,7.369337e-07,7.234879e-05,1.036054e-03
1301282816,17515273,15615393792,47667950,-6.384838e-02,-2.577793e-02,3.042831e-07,7.957908e-07,7.336791e-05,1.118801e-03
1301544960,17515525,15618539520,47677679,-6.381942e-02,-2.576380e-02,3.370807e-07,8.211970e-07,8.127596e-05,1.154520e-03
1301807104,17516058,15621685248,47687320,-6.381296e-02,-2.577222e-02,3.446232e-07,8.060057e-07,8.309459e-05,1.133162e-03
1302069248,17516162,15624830976,47696706,-6.382388e-02,-2.576565e-02,3.319184e-07,8.178516e-07,8.003124e-05,1.149816e-03
1302331392,17517481,15627976704,47706043,-6.384724e-02,-2.576542e-02,3.055503e-07,8.182694e-07,7.367344e-05,1.150404e-03
1302593536,17518980,15631122432,47715826,-6.384826e-02,-2.574921e-02,3.044146e-07,8.478598e-07,7.339961e-05,1.192005e-03
1302855680,17519558,15634268160,47725507,-6.385382e-02,-2.574996e-02,2.983204e-07,8.464780e-07,7.193020e-05,1.190062e-03
1303117824,17519877,15637413888,47735427,-6.385945e-02,-2.575132e-02,2.921992e-07,8.439778e-07,7.045425e-05,1.186547e-03
1303379968,17521057,15640559616,47744998,-6.386067e-02,-2.575142e-02,2.908797e-07,8.437793e-07,7.013611e-05,1.186268e-03
1303642112,17523134,15643705344,47754582,-6.385954e-02,-2.572322e-02,2.920945e-07,8.964007e-07,7.042902e-05,1.260248e-03
1303904256,17524930,15646851072,47764468,-6.385347e-02,-2.570603e-02,2.986949e-07,9.292437e-07,7.202049e-05,1.306422e-03
1304166400,17526810,15649996800,47773917,-6.384833e-02,-2.571364e-02,3.043407e-07,9.146178e-07,7.338177e-05,1.285860e-03
1304428544,17534952,15653142528,47783469,-6.382713e-02,-2.571392e-02,3.281774e-07,9.140799e-07,7.912922e-05,1.285104e-03
1304690688,17541864,15656288256,47793028,-6.382488e-02,-2.570893e-02,3.307605e-07,9.236501e-07,7.975205e-05,1.298558e-03
1304952832,17544171,15659433984,47802881,-6.381752e-02,-2.572689e-02,3.392817e-07,8.894483e-07,8.180667e-05,1.250474e-03
1305214976,17555383,15662579712,47812505,-6.384415e-02,-2.571977e-02,3.089698e-07,9.029305e-07,7.449796e-05,1.269429e-03
1305477120,17567911,15665725440,47822220,-6.385463e-02,-2.572109e-02,2.974258e-07,9.004295e-07,7.171449e-05,1.265913e-03
1305739264,17582422,15668871168,47832171,-6.386011e-02,-2.572780e-02,2.914827e-07,8.877311e-07,7.028152e-05,1.248060e-03
1306001408,17591103,15672016896,47841764,-6.383996e-02,-2.572449e-02,3.136423e-07,8.939898e-07,7.562456e-05,1.256859e-03
1306263552,17593622,15675162624,47851186,-6.385775e-02,-2.568993e-02,2.940386e-07,9.605405e-07,7.089776e-05,1.350423e-03
1306525696,17601910,15678308352,47860664,-6.387155e-02,-2.567023e-02,2.792644e-07,9.995422e-07,6.733547e-05,1.405255e-03
1306787840,17634250,15681454080,47870298,-6.384417e-02,-2.565046e-02,3.089450e-07,1.039468e-06,7.449197e-05,1.461387e-03
1307049984,17643583,15684599808,47879993,-6.384818e-02,-2.564600e-02,3.045051e-07,1.048569e-06,7.342143e-05,1.474182e-03
1307312128,17643632,15687745536,47889547,-6.384352e-02,-2.564757e-02,3.096743e-07,1.045363e-06,7.466781e-05,1.469675e-03
1307574272,17644692,15690891264,47899428,-6.385048e-02,-2.565342e-02,3.019778e-07,1.033438e-06,7.281204e-05,1.452909e-03
1307836416,17650538,15694036992,47909000,-6.383970e-02,-2.567728e-02,3.139345e-07,9.854875e-07,7.569501e-05,1.385495e-03
1308098560,17650791,15697182720,47918540,-6.383678e-02,-2.564402e-02,3.172159e-07,1.052624e-06,7.648621e-05,1.479883e-03
1308360704,17651637,15700328448,47927961,-6.386583e-02,-2.564720e-02,2.853369e-07,1.046129e-06,6.879965e-05,1.470751e-03
1308622848,17652739,15703474176,47937532,-6.386742e-02,-2.562096e-02,2.836440e-07,1.100481e-06,6.839145e-05,1.547164e-03
1308884992,17654997,15706619904,47947128,-6.385273e-02,-2.560834e-02,2.995099e-07,1.127124e-06,7.221699e-05,1.584623e-03
1309147136,17655633,15709765632,47956690,-6.384523e-02,-2.562845e-02,3.077700e-07,1.084819e-06,7.420865e-05,1.525146e-03
1309409280,17656042,15712911360,47966568,-6.384590e-02,-2.561626e-02,3.070265e-07,1.110363e-06,7.402937e-05,1.561057e-03
1309671424,17656722,15716057088,47976450,-6.382062e-02,-2.561535e-02,3.356806e-07,1.112275e-06,8.093838e-05,1.563746e-03
1309933568,17656840,15719202816,47986159,-6.378300e-02,-2.561346e-02,3.806951e-07,1.116282e-06,9.179214e-05,1.569380e-03
1310195712,17656925,15722348544,47995642,-6.379458e-02,-2.561635e-02,3.665325e-07,1.110178e-06,8.837730e-05,1.560798e-03
1310457856,17657464,15725494272,48004942,-6.381895e-02,-2.559371e-02,3.376259e-07,1.158393e-06,8.140743e-05,1.628583e-03
1310720000,17657636,15728640000,48014488,-6.383897e-02,-2.558102e-02,3.147616e-07,1.185887e-06,7.589444e-05,1.667237e-03
1310982144,17658295,15731785728,48024199,-6.380983e-02,-2.556641e-02,3.483070e-07,1.217918e-06,8.398282e-05,1.712269e-03
1311244288,17658963,15734931456,48033938,-6.378977e-02,-2.557357e-02,3.723835e-07,1.202153e-06,8.978809e-05,1.690105e-03
1311506432,17659512,15738077184,48043827,-6.379464e-02,-2.555397e-02,3.664603e-07,1.245519e-06,8.835989e-05,1.751073e-03
1311768576,17659548,15741222912,48053461,-6.380466e-02,-2.556389e-02,3.544281e-07,1.223486e-06,8.545873e-05,1.720098e-03
1312030720,17659875,15744368640,48062872,-6.379626e-02,-2.557826e-02,3.645055e-07,1.191898e-06,8.788855e-05,1.675688e-03
1312292864,17659896,15747514368,48072713,-6.380349e-02,-2.557546e-02,3.558223e-07,1.198007e-06,8.579488e-05,1.684276e-03
1312555008,17660048,15750660096,48082581,-6.381281e-02,-2.552944e-02,3.447894e-07,1.300884e-06,8.313466e-05,1.828910e-03
1312817152,17660093,15753805824,48092066,-6.376736e-02,-2.553587e-02,4.002380e-07,1.286241e-06,9.650429e-05,1.808324e-03
1313079296,17660106,15756951552,48101687,-6.376533e-02,-2.554384e-02,4.028063e-07,1.268242e-06,9.712354e-05,1.783020e-03
1313341440,17660156,15760097280,48111272,-6.377801e-02,-2.552283e-02,3.868708e-07,1.316002e-06,9.328120e-05,1.850166e-03
1313603584,17660206,15763243008,48121019,-6.376591e-02,-2.555392e-02,4.020690e-07,1.245623e-06,9.694577e-05,1.751219e-03
1313865728,17661039,15766388736,48130642,-6.377319e-02,-2.556378e-02,3.929000e-07,1.223717e-06,9.473495e-05,1.720422e-03
1314127872,17661077,15769534464,48140309,-6.375819e-02,-2.554106e-02,4.119174e-07,1.274505e-06,9.932038e-05,1.791825e-03
1314390016,17661562,15772680192,48149728,-6.375025e-02,-2.551050e-02,4.221754e-07,1.344441e-06,1.017938e-04,1.890148e-03
1314652160,17661855,15775825920,48159397,-6.374101e-02,-2.552907e-02,4.342763e-07,1.301712e-06,1.047115e-04,1.830075e-03
1314914304,17662007,15778971648,48168962,-6.375973e-02,-2.552332e-02,4.099496e-07,1.314883e-06,9.884591e-05,1.848592e-03
1315176448,17662083,15782117376,48178523,-6.375126e-02,-2.555787e-02,4.208693e-07,1.236840e-06,1.014788e-04,1.738872e-03
1315438592,17662388,15785263104,48188356,-6.374705e-02,-2.557592e-02,4.263489e-07,1.197016e-06,1.028001e-04,1.682883e-03
1315700736,17663258,15788408832,48197987,-6.376747e-02,-2.558225e-02,4.000967e-07,1.183207e-06,9.647020e-05,1.663469e-03
1315962880,17664464,15791554560,48207333,-6.375264e-02,-2.558880e-02,4.190732e-07,1.168998e-06,1.010458e-04,1.643493e-03
1316225024,17664849,15794700288,48216913,-6.377754e-02,-2.557858e-02,3.874549e-07,1.191195e-06,9.342204e-05,1.674699e-03
1316487168,17665164,15797846016,48226576,-6.378147e-02,-2.559132e-02,3.825822e-07,1.163551e-06,9.224717e-05,1.635834e-03
1316749312,17665990,15800991744,48236397,-6.377295e-02,-2.558389e-02,3.931989e-07,1.179627e-06,9.480702e-05,1.658436e-03
1317011456,17668086,15804137472,48245852,-6.380378e-02,-2.560875e-02,3.554846e-07,1.126251e-06,8.571344e-05,1.583394e-03
1317273600,17669639,15807283200,48255408,-6.382810e-02,-2.559825e-02,3.270686e-07,1.148654e-06,7.886187e-05,1.614892e-03
1317535744,17669844,15810428928,48264945,-6.382678e-02,-2.562299e-02,3.285787e-07,1.096225e-06,7.922600e-05,1.541181e-03
1317797888,17669885,15813574656,48274465,-6.381109e-02,-2.562259e-02,3.468136e-07,1.097060e-06,8.362273e-05,1.542355e-03
1318060032,17670138,15816720384,48283786,-6.381541e-02,-2.559371e-02,3.417425e-07,1.158397e-06,8.240000e-05,1.628589e-03
1318322176,17670541,15819866112,48293567,-6.384027e-02,-2.558643e-02,3.133003e-07,1.174131e-06,7.554209e-05,1.650709e-03
1318584320,17671060,15823011840,48303114,-6.385101e-02,-2.558340e-02,3.013885e-07,1.180692e-06,7.266996e-05,1.659933e-03
1318846464,17671154,15826157568,48312692,-6.387839e-02,-2.559393e-02,2.720824e-07,1.157916e-06,6.560374e-05,1.627912e-03
1319108608,17673117,15829303296,48322325,-6.388309e-02,-2.561284e-02,2.671999e-07,1.117585e-06,6.442650e-05,1.571212e-03
1319370752,17673189,15832449024,48331816,-6.387129e-02,-2.557242e-02,2.795401e-07,1.204675e-06,6.740194e-05,1.693650e-03
1319632896,17673790,15835594752,48341329,-6.387356e-02,-2.558408e-02,2.771424e-07,1.179215e-06,6.682380e-05,1.657856e-03
1319895040,17673796,15838740480,48350743,-6.386838e-02,-2.559052e-02,2.826212e-07,1.165271e-06,6.814483e-05,1.638253e-03
1320157184,17675888,15841886208,48360600,-6.388181e-02,-2.560308e-02,2.685187e-07,1.138321e-06,6.474448e-05,1.600364e-03
1320419328,17676850,15845031936,48370155,-6.387746e-02,-2.560748e-02,2.730470e-07,1.128948e-06,6.583634e-05,1.587187e-03
1320681472,17677038,15848177664,48379924,-6.385432e-02,-2.562611e-02,2.977672e-07,1.089706e-06,7.179681e-05,1.532016e-03
1320943616,17677079,15851323392,48389391,-6.381908e-02,-2.560104e-02,3.374701e-07,1.142673e-06,8.136986e-05,1.606483e-03
1321205760,17679320,15854469120,48398914,-6.380121e-02,-2.558987e-02,3.585563e-07,1.166683e-06,8.645409e-05,1.640238e-03
1321467904,17680160,15857614848,48408570,-6.381444e-02,-2.559568e-02,3.428846e-07,1.154163e-06,8.267537e-05,1.622636e-03
1321730048,17681964,15860760576,48417896,-6.382585e-02,-2.558703e-02,3.296473e-07,1.172828e-06,7.948365e-05,1.648877e-03
1321992192,17685316,15863906304,48427342,-6.383413e-02,-2.556461e-02,3.202107e-07,1.221892e-06,7.720830e-05,1.717857e-03
1322254336,17685360,15867052032,48436824,-6.383554e-02,-2.554155e-02,3.186190e-07,1.273399e-06,7.682452e-05,1.790270e-03
1322516480,17687556,15870197760,48446485,-6.380409e-02,-2.552837e-02,3.551115e-07,1.303315e-06,8.562351e-05,1.832329e-03
1322778624,17690175,15873343488,48456041,-6.380399e-02,-2.552696e-02,3.552358e-07,1.306532e-06,8.565348e-05,1.836852e-03
1323040768,17696206,15876489216,48465808,-6.379502e-02,-2.552824e-02,3.660094e-07,1.303604e-06,8.825118e-05,1.832735e-03
1323302912,17700048,15879634944,48475436,-6.379514e-02,-2.556605e-02,3.658562e-07,1.218703e-06,8.821423e-05,1.713373e-03
1323565056,17721745,15882780672,48484767,-6.378373e-02,-2.557781e-02,3.797946e-07,1.192879e-06,9.157502e-05,1.677067e-03
1323827200,17737936,15885926400,48494392,-6.380618e-02,-2.556903e-02,3.526207e-07,1.212140e-06,8.502292e-05,1.704146e-03
1324089344,17738819,15889072128,48503940,-6.379119e-02,-2.556887e-02,3.706578e-07,1.212493e-06,8.937198e-05,1.704642e-03
1324351488,17747663,15892217856,48513618,-6.378265e-02,-2.555795e-02,3.811273e-07,1.236650e-06,9.189636e-05,1.738604e-03
1324613632,17778798,15895363584,48523176,-6.377335e-02,-2.553885e-02,3.926945e-07,1.279502e-06,9.468541e-05,1.798851e-03
1324875776,17784828,15898509312,48532811,-6.378070e-02,-2.554074e-02,3.835321e-07,1.275216e-06,9.247621e-05,1.792824e-03
1325137920,17797386,15901655040,48542268,-6.374700e-02,-2.554335e-02,4.264170e-07,1.269333e-06,1.028165e-04,1.784554e-03
1325400064,17853328,15904800768,48551663,-6.369703e-02,-2.550487e-02,4.941664e-07,1.357535e-06,1.191520e-04,1.908556e-03
1325662208,17951063,15907946496,48561298,-6.369308e-02,-2.551283e-02,4.997338e-07,1.339043e-06,1.204944e-04,1.882558e-03
1325924352,17951898,15911092224,48570748,-6.368652e-02,-2.552670e-02,5.090573e-07,1.307133e-06,1.227425e-04,1.837696e-03
1326186496,17953822,15914237952,48580131,-6.367458e-02,-2.551476e-02,5.262318e-07,1.334580e-06,1.268835e-04,1.876285e-03
1326448640,17955757,15917383680,48589787,-6.369875e-02,-2.551484e-02,4.917497e-07,1.334387e-06,1.185693e-04,1.876012e-03
1326710784,17955864,15920529408,48599512,-6.370891e-02,-2.555143e-02,4.776102e-07,1.251200e-06,1.151600e-04,1.759060e-03
1326972928,17956101,15923675136,48609020,-6.372070e-02,-2.555829e-02,4.614576e-07,1.235904e-06,1.112654e-04,1.737556e-03
1327235072,17956366,15926820864,48618587,-6.370454e-02,-2.554687e-02,4.836743e-07,1.261413e-06,1.166222e-04,1.773419e-03
1327497216,17957013,15929966592,48628156,-6.368720e-02,-2.556942e-02,5.080902e-07,1.211271e-06,1.225093e-04,1.702923e-03
1327759360,17957264,15933112320,48637855,-6.370879e-02,-2.557243e-02,4.777750e-07,1.204666e-06,1.151998e-04,1.693639e-03
1328021504,17957310,15936258048,48647645,-6.369906e-02,-2.556470e-02,4.913213e-07,1.221686e-06,1.184660e-04,1.717567e-03
1328283648,17957922,15939403776,48657342,-6.371257e-02,-2.555327e-02,4.725570e-07,1.247074e-06,1.139416e-04,1.753260e-03
1328545792,17958482,15942549504,48666761,-6.374657e-02,-2.557242e-02,4.269718e-07,1.204683e-06,1.029503e-04,1.693662e-03
1328807936,17959036,15945695232,48676348,-6.375748e-02,-2.559169e-02,4.128360e-07,1.162751e-06,9.954188e-05,1.634710e-03
1329070080,17959579,15948840960,48685977,-6.377147e-02,-2.560909e-02,3.950512e-07,1.125535e-06,9.525365e-05,1.582388e-03
1329332224,17959744,15951986688,48695456,-6.376949e-02,-2.556816e-02,3.975464e-07,1.214044e-06,9.585529e-05,1.706822e-03
1329594368,17960162,15955132416,48705045,-6.375431e-02,-2.558070e-02,4.169152e-07,1.186564e-06,1.005254e-04,1.668189e-03
1329856512,17960181,15958278144,48714857,-6.371325e-02,-2.558780e-02,4.716355e-07,1.171154e-06,1.137194e-04,1.646524e-03
1330118656,17960798,15961423872,48724353,-6.371294e-02,-2.558826e-02,4.720552e-07,1.170171e-06,1.138206e-04,1.645141e-03
1330380800,17960833,15964569600,48734046,-6.372906e-02,-2.563875e-02,4.501601e-07,1.063480e-06,1.085413e-04,1.495145e-03
1330642944,17961387,15967715328,48743399,-6.375575e-02,-2.563392e-02,4.150603e-07,1.073465e-06,1.000782e-04,1.509183e-03
1330905088,17961761,15970861056,48752983,-6.375826e-02,-2.564017e-02,4.118313e-07,1.060554e-06,9.929962e-05,1.491032e-03
1331167232,17962462,15974006784,48762631,-6.372147e-02,-2.564623e-02,4.604054e-07,1.048111e-06,1.110117e-04,1.473538e-03
1331429376,17962488,15977152512,48772251,-6.372854e-02,-2.562280e-02,4.508602e-07,1.096623e-06,1.087102e-04,1.541741e-03
1331691520,17963079,15980298240,48781818,-6.371173e-02,-2.564589e-02,4.737255e-07,1.048806e-06,1.142234e-04,1.474514e-03
1331953664,17963500,15983443968,48791186,-6.369393e-02,-2.564457e-02,4.985442e-07,1.051497e-06,1.202076e-04,1.478298e-03
1332215808,17963587,15986589696,48800635,-6.369799e-02,-2.568268e-02,4.928161e-07,9.748067e-07,1.188265e-04,1.370479e-03
1332477952,17964830,15989735424,48810154,-6.370012e-02,-2.567967e-02,4.898393e-07,9.807485e-07,1.181087e-04,1.378833e-03
1332740096,17965562,15992881152,48820002,-6.370430e-02,-2.566954e-02,4.840060e-07,1.000913e-06,1.167022e-04,1.407182e-03
1333002240,17965584,15996026880,48829859,-6.369442e-02,-2.566570e-02,4.978395e-07,1.008609e-06,1.200377e-04,1.418002e-03
1333264384,17965781,15999172608,48839294,-6.369869e-02,-2.570394e-02,4.918332e-07,9.332772e-07,1.185895e-04,1.312093e-03
1333526528,17966281,16002318336,48848920,-6.368917e-02,-2.571019e-02,5.052794e-07,9.212421e-07,1.218316e-04,1.295173e-03
1333788672,17966311,16005464064,48858512,-6.368767e-02,-2.569994e-02,5.074107e-07,9.410092e-07,1.223455e-04,1.322964e-03
1334050816,17966558,16008609792,48868164,-6.366517e-02,-2.570342e-02,5.399728e-07,9.342708e-07,1.301967e-04,1.313490e-03
1334312960,17966730,16011755520,48877704,-6.370436e-02,-2.569249e-02,4.839231e-07,9.555160e-07,1.166822e-04,1.343359e-03
1334575104,17967851,16014901248,48887485,-6.370001e-02,-2.568483e-02,4.899853e-07,9.705522e-07,1.181439e-04,1.364498e-03
1334837248,17968549,16018046976,48896834,-6.369741e-02,-2.564814e-02,4.936323e-07,1.044206e-06,1.190233e-04,1.468047e-03
1335099392,17969460,16021192704,48906418,-6.371221e-02,-2.562550e-02,4.730591e-07,1.090978e-06,1.140627e-04,1.533804e-03
1335361536,17970097,16024338432,48915995,-6.371072e-02,-2.561524e-02,4.751111e-07,1.112515e-06,1.145575e-04,1.564083e-03
1335623680,17971111,16027484160,48925706,-6.374540e-02,-2.564015e-02,4.285019e-07,1.060597e-06,1.033192e-04,1.491091e-03
1335885824,17972329,16030629888,48935414,-6.373550e-02,-2.564344e-02,4.415634e-07,1.053817e-06,1.064685e-04,1.481560e-03
1336147968,17973785,16033775616,48944888,-6.373422e-02,-2.566998e-02,4.432682e-07,1.000041e-06,1.068796e-04,1.405956e-03
1336410112,17975131,16036921344,48954637,-6.377178e-02,-2.564178e-02,3.946673e-07,1.057242e-06,9.516109e-05,1.486376e-03
1336672256,17976171,16040067072,48964068,-6.377516e-02,-2.566883e-02,3.904287e-07,1.002349e-06,9.413908e-05,1.409200e-03
1336934400,17977091,16043212800,48973654,-6.376716e-02,-2.566543e-02,4.004926e-07,1.009163e-06,9.656567e-05,1.418781e-03
1337196544,17977341,16046358528,48983128,-6.376167e-02,-2.560106e-02,4.074633e-07,1.142626e-06,9.824642e-05,1.606416e-03
1337458688,17984283,16049504256,48992943,-6.374178e-02,-2.558376e-02,4.332556e-07,1.179923e-06,1.044654e-04,1.658852e-03
1337720832,17985261,16052649984,49002644,-6.374408e-02,-2.556211e-02,4.302302e-07,1.227425e-06,1.037359e-04,1.725635e-03
1337982976,17992069,16055795712,49012268,-6.374122e-02,-2.557002e-02,4.339915e-07,1.209959e-06,1.046428e-04,1.701080e-03
1338245120,17994257,16058941440,49021646,-6.371308e-02,-2.554904e-02,4.718607e-07,1.256560e-06,1.137737e-04,1.766597e-03
1338507264,18001843,16062087168,49031283,-6.373467e-02,-2.554987e-02,4.426731e-07,1.254682e-06,1.067361e-04,1.763956e-03
1338769408,18009991,16065232896,49040898,-6.372698e-02,-2.554659e-02,4.529538e-07,1.262045e-06,1.092150e-04,1.774308e-03
1339031552,18019575,16068378624,49050751,-6.371397e-02,-2.557145e-02,4.706434e-07,1.206818e-06,1.134802e-04,1.696664e-03
1339293696,18034701,16071524352,49060353,-6.371302e-02,-2.556758e-02,4.719426e-07,1.215329e-06,1.137935e-04,1.708629e-03
1339555840,18042563,16074670080,49070111,-6.369217e-02,-2.556530e-02,5.010198e-07,1.220353e-06,1.208045e-04,1.715692e-03
1339817984,18045631,16077815808,49079883,-6.369386e-02,-2.554856e-02,4.986389e-07,1.257634e-06,1.202304e-04,1.768106e-03
1340080128,18056458,16080961536,49089410,-6.372409e-02,-2.555422e-02,4.568633e-07,1.244974e-06,1.101576e-04,1.750307e-03
1340342272,18084836,16084107264,49099292,-6.371807e-02,-2.555251e-02,4.650377e-07,1.248789e-06,1.121286e-04,1.755670e-03
1340604416,18085551,16087252992,49108941,-6.369387e-02,-2.557153e-02,4.986284e-07,1.206646e-06,1.202279e-04,1.696422e-03
1340866560,18087223,16090398720,49118397,-6.368551e-02,-2.558748e-02,5.104936e-07,1.171843e-06,1.230888e-04,1.647493e-03
1341128704,18092413,16093544448,49128139,-6.368481e-02,-2.557492e-02,5.114949e-07,1.199202e-06,1.233302e-04,1.685956e-03
1341390848,18095056,16096690176,49137668,-6.370243e-02,-2.559813e-02,4.866012e-07,1.148910e-06,1.173279e-04,1.615251e-03
1341652992,18095490,16099835904,49147055,-6.369509e-02,-2.559636e-02,4.969042e-07,1.152694e-06,1.198122e-04,1.620571e-03
1341915136,18095923,16102981632,49156823,-6.371900e-02,-2.557411e-02,4.637684e-07,1.200969e-06,1.118226e-04,1.688440e-03
1342177280,18097365,16106127360,49166515,-6.369794e-02,-2.558716e-02,4.928893e-07,1.172533e-06,1.188441e-04,1.648463e-03
1342439424,18098908,16109273088,49176003,-6.368499e-02,-2.561253e-02,5.112498e-07,1.118239e-06,1.232711e-04,1.572131e-03
1342701568,18099294,16112418816,49185619,-6.367283e-02,-2.560957e-02,5.287859e-07,1.124504e-06,1.274994e-04,1.580938e-03
1342963712,18099912,16115564544,49195163,-6.367607e-02,-2.558974e-02,5.240829e-07,1.166953e-06,1.263654e-04,1.640618e-03
1343225856,18099924,16118710272,49204699,-6.369466e-02,-2.559230e-02,4.975136e-07,1.161430e-06,1.199591e-04,1.632853e-03
1343488000,18101402,16121856000,49214164,-6.368661e-02,-2.559285e-02,5.089297e-07,1.160246e-06,1.227117e-04,1.631188e-03
1343750144,18101857,16125001728,49223883,-6.371094e-02,-2.561187e-02,4.748030e-07,1.119646e-06,1.144832e-04,1.574109e-03
1344012288,18102182,16128147456,49233467,-6.370534e-02,-2.564497e-02,4.825558e-07,1.050691e-06,1.163525e-04,1.477165e-03
1344274432,18102232,16131293184,49243137,-6.372481e-02,-2.562861e-02,4.558869e-07,1.084493e-06,1.099222e-04,1.524687e-03
1344536576,18102281,16134438912,49252654,-6.373697e-02,-2.566846e-02,4.396149e-07,1.003091e-06,1.059987e-04,1.410244e-03
1344798720,18102834,16137584640,49262288,-6.372301e-02,-2.566842e-02,4.583148e-07,1.003158e-06,1.105076e-04,1.410339e-03
1345060864,18103004,16140730368,49271947,-6.371929e-02,-2.567158e-02,4.633626e-07,9.968475e-07,1.117247e-04,1.401466e-03
1345323008,18103402,16143876096,49281481,-6.369554e-02,-2.567584e-02,4.962637e-07,9.883556e-07,1.196577e-04,1.389528e-03
1345585152,18103688,16147021824,49291028,-6.369673e-02,-2.568801e-02,4.945855e-07,9.643012e-07,1.192531e-04,1.355710e-03
1345847296,18103883,16150167552,49300629,-6.368878e-02,-2.568063e-02,5.058409e-07,9.788457e-07,1.219670e-04,1.376158e-03
1346109440,18103965,16153313280,49310142,-6.367473e-02,-2.569597e-02,5.260156e-07,9.487367e-07,1.268314e-04,1.333827e-03
1346371584,18104541,16156459008,49319723,-6.366470e-02,-2.569124e-02,5.406738e-07,9.579793e-07,1.303658e-04,1.346822e-03
1346633728,18104545,16159604736,49329420,-6.366012e-02,-2.569024e-02,5.474223e-07,9.599382e-07,1.319929e-04,1.349576e-03
1346895872,18104795,16162750464,49339113,-6.365069e-02,-2.571305e-02,5.614690e-07,9.157618e-07,1.353798e-04,1.287468e-03
1347158016,18105033,16165896192,49348789,-6.368400e-02,-2.568060e-02,5.126572e-07,9.789121e-07,1.236105e-04,1.376251e-03
1347420160,18105939,16169041920,49358378,-6.367920e-02,-2.568193e-02,5.195619e-07,9.762822e-07,1.252753e-04,1.372554e-03
1347682304,18105957,16172187648,49367960,-6.368604e-02,-2.568082e-02,5.097486e-07,9.784771e-07,1.229092e-04,1.375640e-03
1347944448,18106878,16175333376,49377634,-6.366036e-02,-2.570222e-02,5.470695e-07,9.365947e-07,1.319079e-04,1.316757e-03
1348206592,18107279,16178479104,49387344,-6.366931e-02,-2.572155e-02,5.339128e-07,8.995495e-07,1.287356e-04,1.264676e-03
1348468736,18107965,16181624832,49397115,-6.368116e-02,-2.572051e-02,5.167409e-07,9.015293e-07,1.245951e-04,1.267459e-03
1348730880,18108216,16184770560,49406820,-6.371719e-02,-2.576108e-02,4.662376e-07,8.261264e-07,1.124179e-04,1.161450e-03
1348993024,18108462,16187916288,49416367,-6.370556e-02,-2.577037e-02,4.822452e-07,8.093268e-07,1.162776e-04,1.137831e-03
1349255168,18108562,16191062016,49425690,-6.372444e-02,-2.570788e-02,4.563901e-07,9.256776e-07,1.100435e-04,1.301409e-03
1349517312,18108670,16194207744,49435282,-6.372257e-02,-2.570203e-02,4.589103e-07,9.369697e-07,1.106512e-04,1.317284e-03
1349779456,18110967,16197353472,49445155,-6.371371e-02,-2.568380e-02,4.710013e-07,9.725937e-07,1.135665e-04,1.367368e-03
1350041600,18112510,16200499200,49454683,-6.373288e-02,-2.566836e-02,4.450458e-07,1.003285e-06,1.073082e-04,1.410517e-03
1350303744,18112513,16203644928,49464740,-6.371783e-02,-2.566413e-02,4.653629e-07,1.011781e-06,1.122070e-04,1.422461e-03
1350565888,18112654,16206790656,49474444,-6.371969e-02,-2.567639e-02,4.628251e-07,9.872523e-07,1.115951e-04,1.387977e-03
1350828032,18113780,16209936384,49484262,-6.373559e-02,-2.565321e-02,4.414446e-07,1.033854e-06,1.064399e-04,1.453494e-03
1351090176,18113858,16213082112,49493986,-6.370955e-02,-2.565227e-02,4.767250e-07,1.035780e-06,1.149466e-04,1.456201e-03
1351352320,18114019,16216227840,49503820,-6.369487e-02,-2.565984e-02,4.972089e-07,1.020414e-06,1.198856e-04,1.434598e-03
1351614464,18115371,16219373568,49513490,-6.368009e-02,-2.565116e-02,5.182738e-07,1.038044e-06,1.249647e-04,1.459385e-03
1351876608,18115632,16222519296,49522990,-6.369199e-02,-2.563226e-02,5.012835e-07,1.076895e-06,1.208681e-04,1.514005e-03
1352138752,18115863,16225665024,49532571,-6.371807e-02,-2.562276e-02,4.650276e-07,1.096721e-06,1.121261e-04,1.541878e-03
1352400896,18116150,16228810752,49542377,-6.369754e-02,-2.561097e-02,4.934544e-07,1.121535e-06,1.189803e-04,1.576765e-03
1352663040,18118399,16231956480,49551886,-6.372032e-02,-2.560170e-02,4.619638e-07,1.141256e-06,1.113874e-04,1.604490e-03
1352925184,18119421,16235102208,49561484,-6.371461e-02,-2.559208e-02,4.697647e-07,1.161908e-06,1.132683e-04,1.633525e-03
1353187328,18120478,16238247936,49571041,-6.371655e-02,-2.561331e-02,4.671028e-07,1.116593e-06,1.126265e-04,1.569817e-03
1353449472,18120879,16241393664,49580392,-6.372041e-02,-2.561087e-02,4.618423e-07,1.121756e-06,1.113581e-04,1.577075e-03
1353711616,18122384,16244539392,49589771,-6.371523e-02,-2.563609e-02,4.689072e-07,1.068977e-06,1.130616e-04,1.502873e-03
1353973760,18122437,16247685120,49599511,-6.369890e-02,-2.561369e-02,4.915511e-07,1.115794e-06,1.185214e-04,1.568693e-03
1354235904,18123832,16250830848,49608867,-6.371888e-02,-2.562639e-02,4.639307e-07,1.089119e-06,1.118617e-04,1.531190e-03
1354498048,18124126,16253976576,49618497,-6.370355e-02,-2.561791e-02,4.850432e-07,1.106899e-06,1.169523e-04,1.556188e-03
1354760192,18124692,16257122304,49628028,-6.368764e-02,-2.562414e-02,5.074531e-07,1.093812e-06,1.223557e-04,1.537789e-03
1355022336,18127666,16260268032,49637686,-6.370130e-02,-2.564248e-02,4.881825e-07,1.055795e-06,1.177092e-04,1.484341e-03
1355284480,18128031,16263413760,49647356,-6.370105e-02,-2.563591e-02,4.885365e-07,1.069350e-06,1.177946e-04,1.503398e-03
1355546624,18128211,16266559488,49657091,-6.371802e-02,-2.565017e-02,4.650987e-07,1.040045e-06,1.121433e-04,1.462198e-03
1355808768,18128269,16269705216,49666750,-6.370385e-02,-2.565118e-02,4.846282e-07,1.038002e-06,1.168522e-04,1.459326e-03
1356070912,18129753,16272850944,49676307,-6.373113e-02,-2.564121e-02,4.473949e-07,1.058403e-06,1.078746e-04,1.488008e-03
1356333056,18132747,16275996672,49686053,-6.372957e-02,-2.565948e-02,4.494805e-07,1.021159e-06,1.083775e-04,1.435646e-03
1356595200,18142585,16279142400,49695500,-6.370603e-02,-2.566052e-02,4.816039e-07,1.019052e-06,1.161230e-04,1.432684e-03
1356857344,18146975,16282288128,49704934,-6.373064e-02,-2.566777e-02,4.480430e-07,1.004461e-06,1.080309e-04,1.412170e-03
1357119488,18164422,16285433856,49714600,-6.371295e-02,-2.564815e-02,4.720450e-07,1.044175e-06,1.138182e-04,1.468005e-03
1357381632,18189773,16288579584,49724058,-6.372763e-02,-2.562873e-02,4.520817e-07,1.084241e-06,1.090047e-04,1.524333e-03
1357643776,18189959,16291725312,49733501,-6.376002e-02,-2.561000e-02,4.095776e-07,1.123595e-06,9.875622e-05,1.579661e-03
1357905920,18193593,16294871040,49742876,-6.377097e-02,-2.561483e-02,3.956789e-07,1.113379e-06,9.540502e-05,1.565299e-03
1358168064,18221356,16298016768,49752651,-6.376702e-02,-2.563390e-02,4.006624e-07,1.073511e-06,9.660660e-05,1.509248e-03
1358430208,18237778,16301162496,49762089,-6.376266e-02,-2.561154e-02,4.061992e-07,1.120340e-06,9.794161e-05,1.575084e-03
1358692352,18243245,16304308224,49771678,-6.378179e-02,-2.562745e-02,3.821860e-07,1.086904e-06,9.215163e-05,1.528076e-03
1358954496,18304627,16307453952,49781387,-6.380080e-02,-2.563976e-02,3.590472e-07,1.061383e-06,8.657247e-05,1.492197e-03
1359216640,18401399,16310599680,49791220,-6.377839e-02,-2.563241e-02,3.863982e-07,1.076586e-06,9.316727e-05,1.513570e-03
1359478784,18402259,16313745408,49800806,-6.378195e-02,-2.562526e-02,3.819925e-07,1.091472e-06,9.210498e-05,1.534499e-03
1359740928,18404260,16316891136,49810504,-6.379126e-02,-2.560876e-02,3.705671e-07,1.126235e-06,8.935011e-05,1.583372e-03
1360003072,18406360,16320036864,49819961,-6.377310e-02,-2.561545e-02,3.930121e-07,1.112071e-06,9.476198e-05,1.563459e-03
1360265216,18406529,16323182592,49829662,-6.376789e-02,-2.561527e-02,3.995690e-07,1.112444e-06,9.634296e-05,1.563984e-03
1360527360,18406588,16326328320,49839236,-6.377894e-02,-2.559672e-02,3.857131e-07,1.151939e-06,9.300206e-05,1.619509e-03
1360789504,18406928,16329474048,49848842,-6.379832e-02,-2.558577e-02,3.620267e-07,1.175548e-06,8.729087e-05,1.652702e-03
1361051648,18407815,16332619776,49858162,-6.380747e-02,-2.556523e-02,3.510915e-07,1.220513e-06,8.465421e-05,1.715918e-03
1361313792,18407965,16335765504,49867513,-6.376965e-02,-2.554545e-02,3.973398e-07,1.264620e-06,9.580545e-05,1.777928e-03
1361575936,18408118,16338911232,49877177,-6.376134e-02,-2.553261e-02,4.078914e-07,1.293666e-06,9.834965e-05,1.818763e-03
1361838080,18408561,16342056960,49886844,-6.377849e-02,-2.552376e-02,3.862778e-07,1.313858e-06,9.313824e-05,1.847151e-03
1362100224,18409245,16345202688,49896228,-6.374403e-02,-2.554862e-02,4.302986e-07,1.257500e-06,1.037524e-04,1.767918e-03
1362362368,18409750,16348348416,49906029,-6.375168e-02,-2.554725e-02,4.203185e-07,1.260577e-06,1.013460e-04,1.772243e-03
1362624512,18410123,16351494144,49915687,-6.376402e-02,-2.556954e-02,4.044725e-07,1.211016e-06,9.752529e-05,1.702566e-03
1362886656,18410450,16354639872,49925365,-6.378927e-02,-2.558252e-02,3.729930e-07,1.182615e-06,8.993505e-05,1.662637e-03
1363148800,18410642,16357785600,49934924,-6.379371e-02,-2.557238e-02,3.675888e-07,1.204777e-06,8.863198e-05,1.693794e-03
1363410944,18410712,16360931328,49944514,-6.377651e-02,-2.557587e-02,3.887453e-07,1.197118e-06,9.373319e-05,1.683027e-03
1363673088,18411352,16364077056,49953886,-6.377279e-02,-2.553346e-02,3.933952e-07,1.291714e-06,9.485435e-05,1.816018e-03
1363935232,18411535,16367222784,49963405,-6.378186e-02,-2.552789e-02,3.820939e-07,1.304425e-06,9.212942e-05,1.833890e-03
1364197376,18411967,16370368512,49972983,-6.373145e-02,-2.553127e-02,4.469665e-07,1.296702e-06,1.077713e-04,1.823031e-03
1364459520,18412843,16373514240,49982566,-6.372508e-02,-2.553670e-02,4.555248e-07,1.284370e-06,1.098349e-04,1.805693e-03
1364721664,18413124,16376659968,49992146,-6.373748e-02,-2.554939e-02,4.389335e-07,1.255767e-06,1.058344e-04,1.765481e-03
1364983808,18413379,16379805696,50001737,-6.374267e-02,-2.556513e-02,4.320794e-07,1.220748e-06,1.041818e-04,1.716247e-03
1365245952,18413780,16382951424,50011209,-6.374823e-02,-2.558363e-02,4.248130e-07,1.180194e-06,1.024297e-04,1.659233e-03
1365508096,18414093,16386097152,50020794,-6.373830e-02,-2.555939e-02,4.378482e-07,1.233458e-06,1.055727e-04,1.734117e-03
1365770240,18414275,16389242880,50030271,-6.374317e-02,-2.559004e-02,4.314234e-07,1.166321e-06,1.040236e-04,1.639729e-03
1366032384,18415581,16392388608,50039966,-6.377648e-02,-2.557641e-02,3.887824e-07,1.195949e-06,9.374213e-05,1.681383e-03
1366294528,18416210,16395534336,50049336,-6.376171e-02,-2.558451e-02,4.074157e-07,1.178288e-06,9.823495e-05,1.656554e-03
1366556672,18416227,16398680064,50059001,-6.379207e-02,-2.557582e-02,3.695790e-07,1.197232e-06,8.911186e-05,1.683187e-03
1366818816,18416344,16401825792,50068645,-6.381880e-02,-2.557142e-02,3.377991e-07,1.206884e-06,8.144918e-05,1.696756e-03
1367080960,18416867,16404971520,50078443,-6.382147e-02,-2.556481e-02,3.346971e-07,1.221439e-06,8.070123e-05,1.717220e-03
1367343104,18417348,16408117248,50087869,-6.385282e-02,-2.557069e-02,2.994120e-07,1.208484e-06,7.219338e-05,1.699006e-03
1367605248,18417424,16411262976,50097642,-6.384761e-02,-2.556657e-02,3.051386e-07,1.217548e-06,7.357417e-05,1.711749e-03
1367867392,18418477,16414408704,50107414,-6.389181e-02,-2.557942e-02,2.582638e-07,1.189362e-06,6.227185e-05,1.672122e-03
1368129536,18419373,16417554432,50117006,-6.391139e-02,-2.557877e-02,2.387388e-07,1.190788e-06,5.756404e-05,1.674128e-03
1368391680,18420208,16420700160,50126448,-6.390602e-02,-2.558293e-02,2.440172e-07,1.181728e-06,5.883675e-05,1.661390e-03
1368653824,18420707,16423845888,50136105,-6.390724e-02,-2.559366e-02,2.428188e-07,1.158497e-06,5.854780e-05,1.628730e-03
1368915968,18421199,16426991616,50145663,-6.390223e-02,-2.559174e-02,2.477782e-07,1.162635e-06,5.974360e-05,1.634547e-03
1369178112,18421576,16430137344,50155103,-6.389332e-02,-2.563628e-02,2.567289e-07,1.068580e-06,6.190175e-05,1.502315e-03
1369440256,18423671,16433283072,50164729,-6.390717e-02,-2.562134e-02,2.428849e-07,1.099684e-06,5.856374e-05,1.546044e-03
1369702400,18424490,16436428800,50174400,-6.390671e-02,-2.559573e-02,2.433405e-07,1.154063e-06,5.867357e-05,1.622495e-03
1369964544,18425868,16439574528,50183791,-6.391083e-02,-2.559395e-02,2.392852e-07,1.157880e-06,5.769579e-05,1.627862e-03
1370226688,18426742,16442720256,50193387,-6.392278e-02,-2.560235e-02,2.277433e-07,1.139872e-06,5.491283e-05,1.602544e-03
1370488832,18427685,16445865984,50203130,-6.390885e-02,-2.560460e-02,2.412354e-07,1.135084e-06,5.816600e-05,1.595813e-03
1370750976,18428580,16449011712,50212857,-6.387661e-02,-2.561205e-02,2.739354e-07,1.119260e-06,6.605054e-05,1.573566e-03
1371013120,18434992,16452157440,50222283,-6.387050e-02,-2.562790e-02,2.803680e-07,1.085976e-06,6.760156e-05,1.526772e-03
1371275264,18435868,16455303168,50232067,-6.382531e-02,-2.564048e-02,3.302721e-07,1.059910e-06,7.963430e-05,1.490126e-03
1371537408,18442728,16458448896,50241946,-6.385815e-02,-2.565596e-02,2.936024e-07,1.028286e-06,7.079259e-05,1.445666e-03
1371799552,18444617,16461594624,50251828,-6.386153e-02,-2.562835e-02,2.899562e-07,1.085025e-06,6.991343e-05,1.525435e-03
1372061696,18452682,16464740352,50261377,-6.386705e-02,-2.562975e-02,2.840330e-07,1.082112e-06,6.848525e-05,1.521340e-03
1372323840,18460972,16467886080,50271147,-6.384617e-02,-2.565002e-02,3.067293e-07,1.040368e-06,7.395772e-05,1.462652e-03
1372585984,18470497,16471031808,50280743,-6.385266e-02,-2.566966e-02,2.995833e-07,1.000675e-06,7.223468e-05,1.406847e-03
1372848128,18487150,16474177536,50290231,-6.385045e-02,-2.570041e-02,3.020023e-07,9.400951e-07,7.281795e-05,1.321678e-03
1373110272,18494058,16477323264,50300082,-6.381369e-02,-2.568277e-02,3.437664e-07,9.746192e-07,8.288801e-05,1.370216e-03
1373372416,18497090,16480468992,50309683,-6.381623e-02,-2.569871e-02,3.407849e-07,9.434030e-07,8.216911e-05,1.326329e-03
1373634560,18507442,16483614720,50319223,-6.383041e-02,-2.569994e-02,3.244406e-07,9.410164e-07,7.822822e-05,1.322974e-03
1373896704,18528210,16486760448,50328811,-6.383306e-02,-2.571148e-02,3.214261e-07,9.187517e-07,7.750135e-05,1.291671e-03
1374158848,18529728,16489906176,50338321,-6.381807e-02,-2.572772e-02,3.386397e-07,8.878856e-07,8.165187e-05,1.248277e-03
1374420992,18534897,16493051904,50347852,-6.382947e-02,-2.568735e-02,3.255024e-07,9.656039e-07,7.848424e-05,1.357541e-03
1374683136,18535469,16496197632,50357493,-6.383208e-02,-2.569324e-02,3.225337e-07,9.540599e-07,7.776843e-05,1.341312e-03
1374945280,18537991,16499343360,50367161,-6.382852e-02,-2.569859e-02,3.265915e-07,9.436346e-07,7.874685e-05,1.326655e-03
1375207424,18538399,16502489088,50376745,-6.382024e-02,-2.569452e-02,3.361297e-07,9.515691e-07,8.104665e-05,1.337810e-03
1375469568,18540307,16505634816,50386342,-6.381328e-02,-2.569097e-02,3.442471e-07,9.584897e-07,8.300391e-05,1.347539e-03
1375731712,18541972,16508780544,50396082,-6.379785e-02,-2.566489e-02,3.625828e-07,1.010249e-06,8.742495e-05,1.420307e-03
1375993856,18542144,16511926272,50405775,-6.377386e-02,-2.568212e-02,3.920505e-07,9.759141e-07,9.453012e-05,1.372036e-03
1376256000,18542829,16515072000,50415443,-6.378098e-02,-2.563427e-02,3.831908e-07,1.072735e-06,9.239389e-05,1.508157e-03
1376518144,18542906,16518217728,50425040,-6.378210e-02,-2.564726e-02,3.818084e-07,1.046000e-06,9.206058e-05,1.470569e-03
1376780288,18544449,16521363456,50434588,-6.377968e-02,-2.566125e-02,3.847975e-07,1.017582e-06,9.278129e-05,1.430617e-03
1377042432,18544809,16524509184,50444037,-6.374182e-02,-2.564653e-02,4.332066e-07,1.047497e-06,1.044536e-04,1.472675e-03
1377304576,18545138,16527654912,50453575,-6.375200e-02,-2.567173e-02,4.199032e-07,9.965462e-07,1.012459e-04,1.401043e-03
1377566720,18545196,16530800640,50462971,-6.375962e-02,-2.566127e-02,4.100832e-07,1.017529e-06,9.887812e-05,1.430543e-03
1377828864,18545322,16533946368,50472638,-6.374472e-02,-2.566307e-02,4.293998e-07,1.013914e-06,1.035357e-04,1.425460e-03
1378091008,18546142,16537092096,50482323,-6.375393e-02,-2.566377e-02,4.174060e-07,1.012500e-06,1.006438e-04,1.423473e-03
1378353152,18546229,16540237824,50491815,-6.373664e-02,-2.568652e-02,4.400497e-07,9.672373e-07,1.061036e-04,1.359837e-03
1378615296,18546278,16543383552,50501277,-6.374281e-02,-2.567873e-02,4.319031e-07,9.826198e-07,1.041393e-04,1.381464e-03
1378877440,18546418,16546529280,50510656,-6.373391e-02,-2.566780e-02,4.436750e-07,1.004397e-06,1.069777e-04,1.412081e-03
1379139584,18546691,16549675008,50520177,-6.370156e-02,-2.563590e-02,4.878181e-07,1.069354e-06,1.176214e-04,1.503404e-03
1379401728,18547201,16552820736,50529867,-6.368320e-02,-2.563963e-02,5.137994e-07,1.061656e-06,1.238859e-04,1.492580e-03
1379663872,18547210,16555966464,50539462,-6.369814e-02,-2.564025e-02,4.926173e-07,1.060393e-06,1.187785e-04,1.490805e-03
1379926016,18547648,16559112192,50549271,-6.368971e-02,-2.561798e-02,5.045171e-07,1.106750e-06,1.216477e-04,1.555979e-03
1380188160,18547762,16562257920,50558778,-6.368509e-02,-2.560373e-02,5.111006e-07,1.136938e-06,1.232352e-04,1.598420e-03
1380450304,18547855,16565403648,50568523,-6.367527e-02,-2.564412e-02,5.252377e-07,1.052429e-06,1.266439e-04,1.479609e-03
1380712448,18547973,16568549376,50578220,-6.368797e-02,-2.559690e-02,5.069862e-07,1.151543e-06,1.222431e-04,1.618952e-03
1380974592,18549012,16571695104,50587856,-6.368983e-02,-2.557519e-02,5.043477e-07,1.198598e-06,1.216069e-04,1.685108e-03
1381236736,18549286,16574840832,50597518,-6.369697e-02,-2.558915e-02,4.942607e-07,1.168245e-06,1.191748e-04,1.642434e-03
1381498880,18549789,16577986560,50607053,-6.367801e-02,-2.560746e-02,5.212711e-07,1.128984e-06,1.256875e-04,1.587237e-03
1381761024,18550240,16581132288,50616736,-6.365776e-02,-2.559946e-02,5.509228e-07,1.146049e-06,1.328370e-04,1.611228e-03
1382023168,18551023,16584278016,50626585,-6.367414e-02,-2.561469e-02,5.268805e-07,1.113682e-06,1.270400e-04,1.565724e-03
1382285312,18551180,16587423744,50636135,-6.364565e-02,-2.560968e-02,5.690536e-07,1.124279e-06,1.372086e-04,1.580622e-03
1382547456,18551776,16590569472,50645703,-6.365830e-02,-2.561063e-02,5.501267e-07,1.122273e-06,1.326450e-04,1.577802e-03
1382809600,18551960,16593715200,50655136,-6.365918e-02,-2.562534e-02,5.488123e-07,1.091308e-06,1.323281e-04,1.534269e-03
1383071744,18552002,16596860928,50664409,-6.366386e-02,-2.566013e-02,5.419017e-07,1.019827e-06,1.306618e-04,1.433773e-03
1383333888,18554149,16600006656,50674152,-6.365778e-02,-2.563829e-02,5.508896e-07,1.064421e-06,1.328290e-04,1.496469e-03
1383596032,18555253,16603152384,50683886,-6.362678e-02,-2.564220e-02,5.978711e-07,1.056377e-06,1.441570e-04,1.485159e-03
1383858176,18555607,16606298112,50693466,-6.365638e-02,-2.565234e-02,5.529708e-07,1.035639e-06,1.333308e-04,1.456004e-03
1384120320,18555878,16609443840,50703056,-6.365132e-02,-2.568056e-02,5.605203e-07,9.789932e-07,1.351511e-04,1.376365e-03
1384382464,18556746,16612589568,50712859,-6.365293e-02,-2.567777e-02,5.581243e-07,9.845224e-07,1.345734e-04,1.384139e-03
1384644608,18557157,16615735296,50722300,-6.365174e-02,-2.567260e-02,5.598957e-07,9.947992e-07,1.350005e-04,1.398587e-03
1384906752,18557418,16618881024,50731863,-6.366038e-02,-2.567645e-02,5.470364e-07,9.871338e-07,1.318999e-04,1.387810e-03
1385168896,18558321,16622026752,50741433,-6.365324e-02,-2.566757e-02,5.576568e-07,1.004868e-06,1.344607e-04,1.412742e-03
1385431040,18558762,16625172480,50751203,-6.364559e-02,-2.566659e-02,5.691435e-07,1.006837e-06,1.372303e-04,1.415510e-03
1385693184,18558784,16628318208,50760832,-6.368259e-02,-2.565778e-02,5.146863e-07,1.024580e-06,1.240997e-04,1.440455e-03
1385955328,18559113,16631463936,50770405,-6.371155e-02,-2.565688e-02,4.739717e-07,1.026417e-06,1.142827e-04,1.443039e-03
1386217472,18561518,16634609664,50779898,-6.370128e-02,-2.570321e-02,4.882137e-07,9.346742e-07,1.177167e-04,1.314057e-03
1386479616,18562379,16637755392,50789564,-6.373388e-02,-2.570377e-02,4.437247e-07,9.335940e-07,1.069897e-04,1.312539e-03
1386741760,18564028,16640901120,50798807,-6.371506e-02,-2.572053e-02,4.691521e-07,9.014833e-07,1.131207e-04,1.267394e-03
1387003904,18565558,16644046848,50808445,-6.370498e-02,-2.571349e-02,4.830528e-07,9.149028e-07,1.164723e-04,1.286261e-03
1387266048,18566024,16647192576,50818060,-6.372730e-02,-2.571990e-02,4.525326e-07,9.026828e-07,1.091134e-04,1.269080e-03
1387528192,18567269,16650338304,50827502,-6.370892e-02,-2.572316e-02,4.775999e-07,8.965065e-07,1.151576e-04,1.260397e-03
1387790336,18567625,16653484032,50837192,-6.372134e-02,-2.570346e-02,4.605874e-07,9.342024e-07,1.110556e-04,1.313394e-03
1388052480,18571124,16656629760,50846815,-6.371835e-02,-2.569499e-02,4.646517e-07,9.506463e-07,1.120355e-04,1.336512e-03
1388314624,18571697,16659775488,50856367,-6.369837e-02,-2.569557e-02,4.922827e-07,9.495207e-07,1.186978e-04,1.334930e-03
1388576768,18571765,16662921216,50866037,-6.370865e-02,-2.570550e-02,4.779707e-07,9.302639e-07,1.152470e-04,1.307857e-03
1388838912,18572869,16666066944,50875815,-6.370254e-02,-2.571144e-02,4.864557e-07,9.188409e-07,1.172928e-04,1.291797e-03
1389101056,18574287,16669212672,50885358,-6.369187e-02,-2.567265e-02,5.014523e-07,9.947063e-07,1.209088e-04,1.398456e-03
1389363200,18575943,16672358400,50894848,-6.370369e-02,-2.567512e-02,4.848461e-07,9.897857e-07,1.169047e-04,1.391538e-03
1389625344,18578382,16675504128,50904462,-6.372442e-02,-2.567032e-02,4.564102e-07,9.993597e-07,1.100484e-04,1.404998e-03
1389887488,18578617,16678649856,50913930,-6.375098e-02,-2.566164e-02,4.212271e-07,1.016786e-06,1.015651e-04,1.429497e-03
1390149632,18585661,16681795584,50923498,-6.372735e-02,-2.566471e-02,4.524625e-07,1.010616e-06,1.090965e-04,1.420823e-03
1390411776,18597282,16684941312,50933030,-6.372552e-02,-2.565022e-02,4.549215e-07,1.039947e-06,1.096894e-04,1.462059e-03
1390673920,18607691,16688087040,50942651,-6.372026e-02,-2.564026e-02,4.620550e-07,1.060363e-06,1.114094e-04,1.490762e-03
1390936064,18633058,16691232768,50952325,-6.371225e-02,-2.562711e-02,4.729976e-07,1.087614e-06,1.140479e-04,1.529076e-03
1391198208,18637100,16694378496,50962235,-6.372225e-02,-2.566443e-02,4.593444e-07,1.011170e-06,1.107558e-04,1.421602e-03
1391460352,18640517,16697524224,50972025,-6.372658e-02,-2.565667e-02,4.534955e-07,1.026844e-06,1.093456e-04,1.443638e-03
1391722496,18664690,16700669952,50981846,-6.373850e-02,-2.564392e-02,4.375820e-07,1.052838e-06,1.055086e-04,1.480184e-03
1391984640,18680882,16703815680,50991361,-6.374330e-02,-2.563892e-02,4.312570e-07,1.063127e-06,1.039835e-04,1.494648e-03
1392246784,18689867,16706961408,51000892,-6.374457e-02,-2.560460e-02,4.295853e-07,1.135076e-06,1.035804e-04,1.595802e-03
1392508928,18747892,16710107136,51010462,-6.374372e-02,-2.557843e-02,4.307092e-07,1.191520e-06,1.038514e-04,1.675157e-03
1392771072,18851678,16713252864,51019982,-6.374745e-02,-2.557845e-02,4.258237e-07,1.191488e-06,1.026734e-04,1.675111e-03
1393033216,18852862,16716398592,51029779,-6.375632e-02,-2.557014e-02,4.143310e-07,1.209680e-06,9.990234e-05,1.700688e-03
1393295360,18854749,16719544320,51039352,-6.375418e-02,-2.555102e-02,4.170884e-07,1.252113e-06,1.005672e-04,1.760344e-03
1393557504,18856962,16722690048,51048983,-6.374601e-02,-2.552589e-02,4.277024e-07,1.308995e-06,1.031264e-04,1.840313e-03
1393819648,18857066,16725835776,51058436,-6.376042e-02,-2.551034e-02,4.090628e-07,1.344804e-06,9.863209e-05,1.890658e-03
1394081792,18857399,16728981504,51068048,-6.377345e-02,-2.550569e-02,3.925638e-07,1.355613e-06,9.465389e-05,1.905854e-03
1394343936,18857406,16732127232,51077651,-6.378238e-02,-2.549695e-02,3.814586e-07,1.376049e-06,9.197622e-05,1.934585e-03
1394606080,18858453,16735272960,51087305,-6.375878e-02,-2.548172e-02,4.111622e-07,1.412018e-06,9.913830e-05,1.985154e-03
1394868224,18858589,16738418688,51097021,-6.374567e-02,-2.548107e-02,4.281508e-07,1.413564e-06,1.032345e-04,1.987327e-03
1395130368,18858886,16741564416,51106630,-6.374066e-02,-2.547884e-02,4.347281e-07,1.418861e-06,1.048204e-04,1.994775e-03
1395392512,18859154,16744710144,51116568,-6.371617e-02,-2.548955e-02,4.676224e-07,1.393465e-06,1.127518e-04,1.959071e-03
1395654656,18860156,16747855872,51126251,-6.372923e-02,-2.549139e-02,4.499401e-07,1.389128e-06,1.084883e-04,1.952974e-03
1395916800,18860429,16751001600,51135963,-6.373945e-02,-2.547433e-02,4.363310e-07,1.429629e-06,1.052069e-04,2.009914e-03
1396178944,18860627,16754147328,51145753,-6.371748e-02,-2.547662e-02,4.658307e-07,1.424165e-06,1.123198e-04,2.002231e-03
1396441088,18861140,16757293056,51155263,-6.372508e-02,-2.545150e-02,4.555248e-07,1.484732e-06,1.098349e-04,2.087383e-03
1396703232,18861290,16760438784,51164951,-6.375483e-02,-2.541374e-02,4.162419e-07,1.578178e-06,1.003631e-04,2.218758e-03
1396965376,18861398,16763584512,51174629,-6.373174e-02,-2.540568e-02,4.465681e-07,1.598512e-06,1.076753e-04,2.247345e-03
1397227520,18861948,16766730240,51184387,-6.374706e-02,-2.543128e-02,4.263294e-07,1.534433e-06,1.027954e-04,2.157257e-03
1397489664,18862274,16769875968,51194009,-6.375466e-02,-2.540812e-02,4.164631e-07,1.592352e-06,1.004164e-04,2.238685e-03
1397751808,18862623,16773021696,51203688,-6.375564e-02,-2.541810e-02,4.152043e-07,1.567246e-06,1.001129e-04,2.203388e-03
1398013952,18863881,16776167424,51213458,-6.372494e-02,-2.539928e-02,4.557058e-07,1.614736e-06,1.098785e-04,2.270155e-03
1398276096,18863885,16779313152,51223176,-6.373438e-02,-2.538893e-02,4.430499e-07,1.641135e-06,1.068270e-04,2.307269e-03
1398538240,18864281,16782458880,51232717,-6.374206e-02,-2.539261e-02,4.328830e-07,1.631713e-06,1.043755e-04,2.294023e-03
1398800384,18864424,16785604608,51242264,-6.374840e-02,-2.539494e-02,4.245896e-07,1.625775e-06,1.023759e-04,2.285675e-03
1399062528,18864662,16788750336,51251807,-6.378097e-02,-2.539892e-02,3.832000e-07,1.615654e-06,9.239612e-05,2.271446e-03
1399324672,18864959,16791896064,51261360,-6.378870e-02,-2.539953e-02,3.736850e-07,1.614083e-06,9.010189e-05,2.269237e-03
1399586816,18866363,16795041792,51270975,-6.375314e-02,-2.540226e-02,4.184367e-07,1.607152e-06,1.008923e-04,2.259492e-03
1399848960,18866704,16798187520,51280417,-6.375229e-02,-2.540520e-02,4.195363e-07,1.599718e-06,1.011574e-04,2.249040e-03
1400111104,18867040,16801333248,51290146,-6.376730e-02,-2.538284e-02,4.003135e-07,1.656768e-06,9.652248e-05,2.329247e-03
1400373248,18867062,16804478976,51299570,-6.374851e-02,-2.537870e-02,4.244440e-07,1.667454e-06,1.023408e-04,2.344271e-03
1400635392,18867465,16807624704,51309034,-6.377333e-02,-2.538815e-02,3.927132e-07,1.643144e-06,9.468992e-05,2.310094e-03
1400897536,18868087,16810770432,51318632,-6.377804e-02,-2.534314e-02,3.868337e-07,1.760560e-06,9.327228e-05,2.475169e-03
1401159680,18868187,16813916160,51328464,-6.376904e-02,-2.539449e-02,3.981104e-07,1.626920e-06,9.599127e-05,2.287284e-03
1401421824,18869044,16817061888,51338193,-6.376496e-02,-2.538105e-02,4.032793e-07,1.661403e-06,9.723759e-05,2.335764e-03
1401683968,18870193,16820207616,51347659,-6.376278e-02,-2.536897e-02,4.060472e-07,1.692678e-06,9.790497e-05,2.379734e-03
1401946112,18871151,16823353344,51357233,-6.375800e-02,-2.535897e-02,4.121661e-07,1.718800e-06,9.938034e-05,2.416459e-03
1402208256,18871463,16826499072,51366741,-6.372428e-02,-2.537686e-02,4.566015e-07,1.672215e-06,1.100945e-04,2.350964e-03
1402470400,18871875,16829644800,51376352,-6.373943e-02,-2.534434e-02,4.363606e-07,1.757363e-06,1.052140e-04,2.470674e-03
1402732544,18872072,16832790528,51385948,-6.375140e-02,-2.532842e-02,4.206856e-07,1.799826e-06,1.014346e-04,2.530372e-03
1402994688,18874754,16835936256,51395626,-6.373731e-02,-2.532316e-02,4.391605e-07,1.813967e-06,1.058892e-04,2.550253e-03
1403256832,18875159,16839081984,51405188,-6.373097e-02,-2.529771e-02,4.476043e-07,1.883167e-06,1.079251e-04,2.647541e-03
1403518976,18876527,16842227712,51414808,-6.372795e-02,-2.529985e-02,4.516509e-07,1.877318e-06,1.089008e-04,2.639318e-03
1403781120,18877442,16845373440,51424322,-6.373507e-02,-2.528886e-02,4.421379e-07,1.907558e-06,1.066071e-04,2.681834e-03
1404043264,18878215,16848519168,51433671,-6.373214e-02,-2.530407e-02,4.460404e-07,1.865764e-06,1.075480e-04,2.623075e-03
1404305408,18879867,16851664896,51443365,-6.374405e-02,-2.530971e-02,4.302692e-07,1.850378e-06,1.037453e-04,2.601444e-03
1404567552,18885715,16854810624,51453025,-6.374868e-02,-2.531994e-02,4.242208e-07,1.822652e-06,1.022869e-04,2.562464e-03
1404829696,18886491,16857956352,51462690,-6.373300e-02,-2.530940e-02,4.448967e-07,1.851235e-06,1.072723e-04,2.602648e-03
1405091840,18893525,16861102080,51472144,-6.370477e-02,-2.531642e-02,4.833531e-07,1.832165e-06,1.165448e-04,2.575838e-03
1405353984,18895237,16864247808,51481876,-6.373250e-02,-2.532919e-02,4.455629e-07,1.797757e-06,1.074329e-04,2.527464e-03
1405616128,18903533,16867393536,51491714,-6.375656e-02,-2.532469e-02,4.140241e-07,1.809845e-06,9.982834e-05,2.544458e-03
1405878272,18912132,16870539264,51501196,-6.374626e-02,-2.533277e-02,4.273809e-07,1.788190e-06,1.030489e-04,2.514013e-03
1406140416,18921701,16873684992,51511013,-6.372134e-02,-2.532456e-02,4.605874e-07,1.810206e-06,1.110556e-04,2.544966e-03
1406402560,18939611,16876830720,51520716,-6.373581e-02,-2.531255e-02,4.411575e-07,1.842678e-06,1.063707e-04,2.590619e-03
1406664704,18944753,16879976448,51530460,-6.374314e-02,-2.529176e-02,4.314626e-07,1.899551e-06,1.040331e-04,2.670576e-03
1406926848,18948792,16883122176,51539752,-6.374297e-02,-2.530194e-02,4.316877e-07,1.871595e-06,1.040873e-04,2.631273e-03
1407188992,18958521,16886267904,51549451,-6.372327e-02,-2.529202e-02,4.579719e-07,1.898827e-06,1.104249e-04,2.669558e-03
1407451136,18971069,16889413632,51559268,-6.368561e-02,-2.527829e-02,5.103552e-07,1.936869e-06,1.230554e-04,2.723042e-03
1407713280,18972698,16892559360,51569145,-6.370907e-02,-2.529191e-02,4.773940e-07,1.899125e-06,1.151079e-04,2.669977e-03
1407975424,18977918,16895705088,51578830,-6.371442e-02,-2.529085e-02,4.700200e-07,1.902057e-06,1.133299e-04,2.674100e-03
1408237568,18981202,16898850816,51588325,-6.371383e-02,-2.527318e-02,4.708274e-07,1.951101e-06,1.135246e-04,2.743050e-03
1408499712,18981654,16901996544,51598007,-6.371398e-02,-2.525752e-02,4.706332e-07,1.995087e-06,1.134778e-04,2.804890e-03
1408761856,18983627,16905142272,51607709,-6.371471e-02,-2.524503e-02,4.696319e-07,2.030545e-06,1.132363e-04,2.854740e-03
1409024000,18985100,16908288000,51617335,-6.369144e-02,-2.524075e-02,5.020646e-07,2.042741e-06,1.210564e-04,2.871886e-03
1409286144,18985496,16911433728,51627160,-6.370220e-02,-2.523833e-02,4.869235e-07,2.049674e-06,1.174056e-04,2.881634e-03
1409548288,18986155,16914579456,51636905,-6.372822e-02,-2.521512e-02,4.512905e-07,2.116677e-06,1.088139e-04,2.975833e-03
1409810432,18986197,16917725184,51646314,-6.372795e-02,-2.520577e-02,4.516610e-07,2.143978e-06,1.089032e-04,3.014215e-03
1410072576,18986411,16920870912,51655911,-6.373972e-02,-2.519884e-02,4.359669e-07,2.164323e-06,1.051191e-04,3.042818e-03
1410334720,18987863,16924016640,51665477,-6.374790e-02,-2.516999e-02,4.252404e-07,2.250020e-06,1.025328e-04,3.163300e-03
1410596864,18988240,16927162368,51674961,-6.374007e-02,-2.517651e-02,4.355046e-07,2.230511e-06,1.050077e-04,3.135871e-03
1410859008,18988459,16930308096,51684524,-6.371830e-02,-2.515094e-02,4.647126e-07,2.307543e-06,1.120502e-04,3.244171e-03
1411121152,18988554,16933453824,51694334,-6.372361e-02,-2.516989e-02,4.575082e-07,2.250339e-06,1.103131e-04,3.163748e-03
1411383296,18988712,16936599552,51703898,-6.369989e-02,-2.519565e-02,4.901626e-07,2.173693e-06,1.181867e-04,3.055993e-03
1411645440,18989567,16939745280,51713582,-6.370636e-02,-2.517966e-02,4.811387e-07,2.221118e-06,1.160108e-04,3.122666e-03
1411907584,18989736,16942891008,51723136,-6.370948e-02,-2.519124e-02,4.768279e-07,2.186735e-06,1.149714e-04,3.074328e-03
1412169728,18989917,16946036736,51732639,-6.371645e-02,-2.520410e-02,4.672454e-07,2.148868e-06,1.126609e-04,3.021090e-03
1412431872,18990136,16949182464,51742347,-6.371220e-02,-2.521501e-02,4.730693e-07,2.117008e-06,1.140652e-04,2.976298e-03
1412694016,18990584,16952328192,51752012,-6.373290e-02,-2.520712e-02,4.450259e-07,2.140030e-06,1.073034e-04,3.008666e-03
1412956160,18990820,16955473920,51761868,-6.372650e-02,-2.521076e-02,4.536059e-07,2.129379e-06,1.093722e-04,2.993691e-03
1413218304,18991048,16958619648,51771555,-6.375410e-02,-2.522310e-02,4.171942e-07,2.093506e-06,1.005927e-04,2.943257e-03
1413480448,18991162,16961765376,51781250,-6.374792e-02,-2.522896e-02,4.252113e-07,2.076599e-06,1.025258e-04,2.919488e-03
1413742592,18991436,16964911104,51790816,-6.373256e-02,-2.523753e-02,4.454833e-07,2.051968e-06,1.074137e-04,2.884859e-03
1414004736,18991489,16968056832,51800339,-6.375110e-02,-2.521735e-02,4.210723e-07,2.110189e-06,1.015278e-04,2.966712e-03
1414266880,18992379,16971202560,51809809,-6.374656e-02,-2.522287e-02,4.269816e-07,2.094175e-06,1.029526e-04,2.944197e-03
1414529024,18992918,16974348288,51819585,-6.377164e-02,-2.526011e-02,3.948358e-07,1.987795e-06,9.520172e-05,2.794639e-03
1414791168,18993149,16977494016,51829177,-6.378394e-02,-2.523573e-02,3.795283e-07,2.057115e-06,9.151081e-05,2.892095e-03
1415053312,18993664,16980639744,51838937,-6.382130e-02,-2.522106e-02,3.348954e-07,2.099439e-06,8.074905e-05,2.951598e-03
1415315456,18994357,16983785472,51848463,-6.385050e-02,-2.523053e-02,3.019532e-07,2.072060e-06,7.280611e-05,2.913106e-03
1415577600,18994397,16986931200,51858106,-6.387388e-02,-2.523020e-02,2.768051e-07,2.073031e-06,6.674248e-05,2.914471e-03
1415839744,18995252,16990076928,51867980,-6.385529e-02,-2.523732e-02,2.967111e-07,2.052565e-06,7.154216e-05,2.885699e-03
1416101888,18995343,16993222656,51877566,-6.386984e-02,-2.524477e-02,2.810706e-07,2.031273e-06,6.777098e-05,2.855763e-03
1416364032,18995663,16996368384,51887028,-6.388699e-02,-2.522739e-02,2.631866e-07,2.081122e-06,6.345883e-05,2.925846e-03
1416626176,18996761,16999514112,51896759,-6.388180e-02,-2.524404e-02,2.685341e-07,2.033370e-06,6.474821e-05,2.858712e-03
1416888320,18997772,17002659840,51906337,-6.389632e-02,-2.525038e-02,2.536952e-07,2.015312e-06,6.117027e-05,2.833324e-03
1417150464,18998396,17005805568,51915940,-6.391332e-02,-2.524336e-02,2.368641e-07,2.035304e-06,5.711201e-05,2.861431e-03
1417412608,18999203,17008951296,51925612,-6.392236e-02,-2.522811e-02,2.281417e-07,2.079053e-06,5.500890e-05,2.922938e-03
1417674752,18999492,17012097024,51935109,-6.393462e-02,-2.524417e-02,2.165838e-07,2.032993e-06,5.222208e-05,2.858182e-03
1417936896,18999905,17015242752,51944608,-6.392848e-02,-2.524153e-02,2.223357e-07,2.040516e-06,5.360898e-05,2.868759e-03
1418199040,19000355,17018388480,51954407,-6.393559e-02,-2.525529e-02,2.156763e-07,2.001401e-06,5.200327e-05,2.813766e-03
1418461184,19001062,17021534208,51963960,-6.389800e-02,-2.525155e-02,2.520018e-07,2.012013e-06,6.076197e-05,2.828687e-03
1418723328,19001549,17024679936,51973565,-6.390657e-02,-2.526394e-02,2.434728e-07,1.977006e-06,5.870547e-05,2.779470e-03
1418985472,19002065,17027825664,51983220,-6.391436e-02,-2.527750e-02,2.358499e-07,1.939047e-06,5.686746e-05,2.726104e-03
1419247616,19002213,17030971392,51993057,-6.393398e-02,-2.524979e-02,2.171736e-07,2.016983e-06,5.236430e-05,2.835674e-03
1419509760,19002384,17034117120,52002791,-6.394238e-02,-2.525338e-02,2.094180e-07,2.006822e-06,5.049428e-05,2.821389e-03
1419771904,19004725,17037262848,52012282,-6.396252e-02,-2.521827e-02,1.913915e-07,2.107511e-06,4.614779e-05,2.962947e-03
1420034048,19005564,17040408576,52021724,-6.393885e-02,-2.522472e-02,2.126627e-07,2.088835e-06,5.127665e-05,2.936691e-03
1420296192,19007472,17043554304,52031432,-6.392621e-02,-2.520072e-02,2.244768e-07,2.158780e-06,5.412523e-05,3.035025e-03
1420558336,19008927,17046700032,52040920,-6.393065e-02,-2.519093e-02,2.202958e-07,2.187633e-06,5.311711e-05,3.075591e-03
1420820480,19009953,17049845760,52050583,-6.394535e-02,-2.519371e-02,2.067060e-07,2.179420e-06,4.984038e-05,3.064044e-03
1421082624,19010662,17052991488,52060098,-6.393217e-02,-2.517751e-02,2.188644e-07,2.227513e-06,5.277197e-05,3.131657e-03
1421344768,19010870,17056137216,52069684,-6.392942e-02,-2.515949e-02,2.214443e-07,2.281641e-06,5.339403e-05,3.207756e-03
1421606912,19015286,17059282944,52079407,-6.391907e-02,-2.518334e-02,2.312985e-07,2.210161e-06,5.577004e-05,3.107262e-03
1421869056,19015556,17062428672,52088755,-6.393232e-02,-2.516882e-02,2.187249e-07,2.253542e-06,5.273835e-05,3.168252e-03
1422131200,19016233,17065574400,52098534,-6.394666e-02,-2.520302e-02,2.055154e-07,2.152015e-06,4.955329e-05,3.025514e-03
1422393344,19019230,17068720128,52108196,-6.397276e-02,-2.520109e-02,1.825392e-07,2.157696e-06,4.401335e-05,3.033502e-03
1422655488,19022068,17071865856,52117673,-6.397771e-02,-2.520864e-02,1.783301e-07,2.135586e-06,4.299845e-05,3.002417e-03
1422917632,19024869,17075011584,52127203,-6.400101e-02,-2.521766e-02,1.591958e-07,2.109286e-06,3.838485e-05,2.965441e-03
1423179776,19029077,17078157312,52136695,-6.398626e-02,-2.520155e-02,1.711793e-07,2.156339e-06,4.127427e-05,3.031594e-03
1423441920,19029447,17081303040,52146412,-6.395143e-02,-2.519998e-02,2.012214e-07,2.160953e-06,4.851795e-05,3.038081e-03
1423704064,19029516,17084448768,52155949,-6.393099e-02,-2.518454e-02,2.199742e-07,2.206590e-06,5.303956e-05,3.102242e-03
1423966208,19047942,17087594496,52165533,-6.396499e-02,-2.517448e-02,1.892398e-07,2.236579e-06,4.562898e-05,3.144403e-03
1424228352,19050923,17090740224,52174984,-6.394493e-02,-2.516894e-02,2.070924e-07,2.253184e-06,4.993353e-05,3.167748e-03
1424490496,19076369,17093885952,52184561,-6.394558e-02,-2.517301e-02,2.064961e-07,2.240966e-06,4.978975e-05,3.150571e-03
1424752640,19080722,17097031680,52194270,-6.394986e-02,-2.517598e-02,2.026276e-07,2.232080e-06,4.885700e-05,3.138077e-03
1425014784,19091680,17100177408,52203811,-6.396952e-02,-2.518765e-02,1.853191e-07,2.197375e-06,4.468364e-05,3.089286e-03
1425276928,19108114,17103323136,52213248,-6.396193e-02,-2.514709e-02,1.919069e-07,2.319266e-06,4.627206e-05,3.260652e-03
1425539072,19124297,17106468864,52222784,-6.397376e-02,-2.512982e-02,1.816808e-07,2.372150e-06,4.380637e-05,3.335002e-03
1425801216,19136714,17109614592,52232405,-6.400403e-02,-2.512031e-02,1.567970e-07,2.401548e-06,3.780646e-05,3.376333e-03
1426063360,19191359,17112760320,52241722,-6.399472e-02,-2.513309e-02,1.642533e-07,2.362091e-06,3.960431e-05,3.320860e-03
1426325504,19302337,17115906048,52251389,-6.396636e-02,-2.513799e-02,1.880490e-07,2.347057e-06,4.534185e-05,3.299724e-03
1426587648,19303397,17119051776,52260912,-6.397571e-02,-2.512867e-02,1.800205e-07,2.375685e-06,4.340604e-05,3.339973e-03
1426849792,19305505,17122197504,52270574,-6.398442e-02,-2.512997e-02,1.727117e-07,2.371702e-06,4.164376e-05,3.334373e-03
1427111936,19307505,17125343232,52280081,-6.398623e-02,-2.512238e-02,1.712101e-07,2.395127e-06,4.128171e-05,3.367305e-03
1427374080,19307845,17128488960,52289522,-6.393784e-02,-2.513676e-02,2.135983e-07,2.350831e-06,5.150223e-05,3.305030e-03
1427636224,19308151,17131634688,52299331,-6.391760e-02,-2.512843e-02,2.327124e-07,2.376432e-06,5.611097e-05,3.341022e-03
1427898368,19308269,17134780416,52308892,-6.393420e-02,-2.514448e-02,2.169723e-07,2.327215e-06,5.231575e-05,3.271828e-03
1428160512,19309353,17137926144,52318655,-6.391931e-02,-2.517974e-02,2.310692e-07,2.220868e-06,5.571476e-05,3.122315e-03
1428422656,19309444,17141071872,52328221,-6.390300e-02,-2.517870e-02,2.470074e-07,2.223961e-06,5.955775e-05,3.126664e-03
1428684800,19309840,17144217600,52337818,-6.388838e-02,-2.520047e-02,2.617590e-07,2.159530e-06,6.311461e-05,3.036080e-03
1428946944,19309887,17147363328,52347206,-6.387217e-02,-2.517717e-02,2.786034e-07,2.228536e-06,6.717608e-05,3.133095e-03
1429209088,19311124,17150509056,52356797,-6.387727e-02,-2.519258e-02,2.732495e-07,2.182771e-06,6.588517e-05,3.068754e-03
1429471232,19311298,17153654784,52366301,-6.389227e-02,-2.520126e-02,2.577945e-07,2.157193e-06,6.215871e-05,3.032794e-03
1429733376,19311784,17156800512,52375785,-6.389927e-02,-2.521452e-02,2.507317e-07,2.118433e-06,6.045574e-05,2.978303e-03
1429995520,19312133,17159946240,52385301,-6.389926e-02,-2.519815e-02,2.507466e-07,2.166351e-06,6.045933e-05,3.045670e-03
1430257664,19312134,17163091968,52394864,-6.392542e-02,-2.520057e-02,2.252329e-07,2.159223e-06,5.430753e-05,3.035649e-03
1430519808,19312200,17166237696,52404508,-6.391914e-02,-2.520946e-02,2.312268e-07,2.133180e-06,5.575276e-05,2.999035e-03
1430781952,19312791,17169383424,52413989,-6.391270e-02,-2.520983e-02,2.374664e-07,2.132103e-06,5.725724e-05,2.997520e-03
1431044096,19313165,17172529152,52423565,-6.392514e-02,-2.521563e-02,2.254946e-07,2.115198e-06,5.437064e-05,2.973753e-03
1431306240,19313488,17175674880,52433013,-6.394525e-02,-2.517520e-02,2.068009e-07,2.234435e-06,4.986325e-05,3.141389e-03
1431568384,19314629,17178820608,52442711,-6.396846e-02,-2.517045e-02,1.862312e-07,2.248663e-06,4.490354e-05,3.161391e-03
1431830528,19315138,17181966336,52452455,-6.395437e-02,-2.518176e-02,1.985898e-07,2.214860e-06,4.788342e-05,3.113868e-03
1432092672,19315412,17185112064,52462112,-6.399251e-02,-2.518419e-02,1.660518e-07,2.207630e-06,4.003796e-05,3.103704e-03
1432354816,19315455,17188257792,52471681,-6.399200e-02,-2.520202e-02,1.664650e-07,2.154967e-06,4.013758e-05,3.029664e-03
1432616960,19315473,17191403520,52481450,-6.399117e-02,-2.521557e-02,1.671405e-07,2.115360e-06,4.030047e-05,2.973982e-03
1432879104,19315907,17194549248,52490944,-6.395507e-02,-2.523526e-02,1.979661e-07,2.058473e-06,4.773303e-05,2.894004e-03
1433141248,19317394,17197694976,52500475,-6.395418e-02,-2.523484e-02,1.987558e-07,2.059691e-06,4.792345e-05,2.895717e-03
1433403392,19317395,17200840704,52510335,-6.396111e-02,-2.522501e-02,1.926256e-07,2.088001e-06,4.644536e-05,2.935518e-03
1433665536,19317925,17203986432,52519897,-6.396539e-02,-2.522955e-02,1.888900e-07,2.074908e-06,4.554462e-05,2.917111e-03
1433927680,19317986,17207132160,52529227,-6.396747e-02,-2.522363e-02,1.870810e-07,2.091986e-06,4.510844e-05,2.941120e-03
1434189824,19318072,17210277888,52538646,-6.396371e-02,-2.525164e-02,1.903499e-07,2.011739e-06,4.589665e-05,2.828300e-03
1434451968,19319070,17213423616,52548437,-6.395575e-02,-2.525686e-02,1.973566e-07,1.996976e-06,4.758607e-05,2.807546e-03
1434714112,19319254,17216569344,52558021,-6.395673e-02,-2.525578e-02,1.964903e-07,2.000026e-06,4.737720e-05,2.811833e-03
1434976256,19320166,17219715072,52567706,-6.397739e-02,-2.525894e-02,1.786008e-07,1.991100e-06,4.306372e-05,2.799285e-03
1435238400,19321055,17222860800,52577279,-6.395991e-02,-2.528170e-02,1.936800e-07,1.927362e-06,4.669958e-05,2.709675e-03
1435500544,19322208,17226006528,52586843,-6.398077e-02,-2.529591e-02,1.757532e-07,1.888124e-06,4.237712e-05,2.654510e-03
1435762688,19322324,17229152256,52596509,-6.399138e-02,-2.528852e-02,1.669761e-07,1.908480e-06,4.026081e-05,2.683129e-03
1436024832,19322723,17232297984,52605937,-6.401010e-02,-2.528888e-02,1.520250e-07,1.907497e-06,3.665584e-05,2.681747e-03
1436286976,19322931,17235443712,52615390,-6.401172e-02,-2.529884e-02,1.507668e-07,1.880075e-06,3.635247e-05,2.643195e-03
1436549120,19326100,17238589440,52625256,-6.400611e-02,-2.527391e-02,1.551492e-07,1.949056e-06,3.740915e-05,2.740175e-03
1436811264,19326107,17241735168,52634957,-6.399567e-02,-2.526948e-02,1.634812e-07,1.961449e-06,3.941813e-05,2.757598e-03
1437073408,19327579,17244880896,52644704,-6.399246e-02,-2.527055e-02,1.660944e-07,1.958471e-06,4.004821e-05,2.753411e-03
1437335552,19328289,17248026624,52654246,-6.400906e-02,-2.525226e-02,1.528394e-07,2.009974e-06,3.685222e-05,2.825820e-03
1437597696,19328975,17251172352,52663750,-6.401481e-02,-2.524763e-02,1.483752e-07,2.023125e-06,3.577582e-05,2.844309e-03
1437859840,19331411,17254318080,52673497,-6.400669e-02,-2.525445e-02,1.546976e-07,2.003794e-06,3.730025e-05,2.817132e-03
1438121984,19336442,17257463808,52682910,-6.398205e-02,-2.522381e-02,1.746866e-07,2.091474e-06,4.211994e-05,2.940401e-03
1438384128,19337193,17260609536,52692508,-6.399654e-02,-2.523238e-02,1.627831e-07,2.066744e-06,3.924980e-05,2.905632e-03
1438646272,19344420,17263755264,52702087,-6.398773e-02,-2.522222e-02,1.699669e-07,2.096062e-06,4.098195e-05,2.946850e-03
1438908416,19345961,17266900992,52711607,-6.397934e-02,-2.523584e-02,1.769609e-07,2.056827e-06,4.266833e-05,2.891690e-03
1439170560,19354527,17270046720,52721239,-6.397383e-02,-2.522935e-02,1.816236e-07,2.075477e-06,4.379258e-05,2.917911e-03
1439432704,19363314,17273192448,52730723,-6.395776e-02,-2.526317e-02,1.955799e-07,1.979165e-06,4.715767e-05,2.782505e-03
1439694848,19372993,17276338176,52740368,-6.397715e-02,-2.524512e-02,1.788023e-07,2.030285e-06,4.311232e-05,2.854375e-03
1439956992,19392216,17279483904,52749999,-6.400543e-02,-2.525450e-02,1.556838e-07,2.003652e-06,3.753804e-05,2.816932e-03
1440219136,19395671,17282629632,52759503,-6.401279e-02,-2.526932e-02,1.499348e-07,1.961908e-06,3.615186e-05,2.758244e-03
1440481280,19400843,17285775360,52769266,-6.401988e-02,-2.526345e-02,1.444921e-07,1.978384e-06,3.483953e-05,2.781407e-03
1440743424,19409763,17288921088,52779240,-6.401123e-02,-2.526456e-02,1.511431e-07,1.975268e-06,3.644321e-05,2.777026e-03
1441005568,19414333,17292066816,52788989,-6.403286e-02,-2.528767e-02,1.347934e-07,1.910848e-06,3.250102e-05,2.686458e-03
1441267712,19415730,17295212544,52798431,-6.405822e-02,-2.528047e-02,1.168139e-07,1.930782e-06,2.816584e-05,2.714484e-03
1441529856,19420942,17298358272,52807998,-6.408822e-02,-2.525042e-02,9.720954e-08,2.015206e-06,2.343890e-05,2.833175e-03
1441792000,19424374,17301504000,52817663,-6.406508e-02,-2.524795e-02,1.121754e-07,2.022214e-06,2.704742e-05,2.843028e-03
1442054144,19424962,17304649728,52827066,-6.408265e-02,-2.524252e-02,1.007110e-07,2.037686e-06,2.428317e-05,2.864780e-03
1442316288,19426986,17307795456,52836422,-6.409661e-02,-2.522371e-02,9.204406e-08,2.091744e-06,2.219341e-05,2.940780e-03
1442578432,19428343,17310941184,52846012,-6.410518e-02,-2.523396e-02,8.692292e-08,2.062205e-06,2.095861e-05,2.899251e-03
1442840576,19428721,17314086912,52855487,-6.406152e-02,-2.521946e-02,1.145737e-07,2.104073e-06,2.762569e-05,2.958114e-03
1443102720,19429474,17317232640,52864939,-6.405503e-02,-2.520257e-02,1.190090e-07,2.153348e-06,2.869511e-05,3.027389e-03
1443364864,19429574,17320378368,52874787,-6.405559e-02,-2.519722e-02,1.186186e-07,2.169082e-06,2.860099e-05,3.049510e-03
1443627008,19431172,17323524096,52884427,-6.405316e-02,-2.521478e-02,1.203028e-07,2.117653e-06,2.900707e-05,2.977205e-03
1443889152,19431566,17326669824,52893960,-6.404261e-02,-2.522564e-02,1.277272e-07,2.086171e-06,3.079723e-05,2.932945e-03
1444151296,19431858,17329815552,52903537,-6.403880e-02,-2.520922e-02,1.304684e-07,2.133882e-06,3.145819e-05,3.000022e-03
1444413440,19431947,17332961280,52913082,-6.404579e-02,-2.520888e-02,1.254686e-07,2.134878e-06,3.025265e-05,3.001422e-03
1444675584,19432197,17336107008,52922664,-6.406865e-02,-2.520603e-02,1.097975e-07,2.143214e-06,2.647408e-05,3.013141e-03
1444937728,19432991,17339252736,52932353,-6.406095e-02,-2.522049e-02,1.149573e-07,2.101091e-06,2.771819e-05,2.953921e-03
1445199872,19433110,17342398464,52941846,-6.402814e-02,-2.523575e-02,1.382787e-07,2.057078e-06,3.334138e-05,2.892043e-03
1445462016,19433561,17345544192,52951401,-6.401152e-02,-2.523541e-02,1.509173e-07,2.058040e-06,3.638875e-05,2.893395e-03
1445724160,19433641,17348689920,52961037,-6.402704e-02,-2.528738e-02,1.391000e-07,1.911631e-06,3.353941e-05,2.687559e-03
1445986304,19434214,17351835648,52970627,-6.401067e-02,-2.525315e-02,1.515779e-07,2.007461e-06,3.654804e-05,2.822286e-03
1446248448,19434440,17354981376,52980183,-6.400291e-02,-2.527135e-02,1.576833e-07,1.956219e-06,3.802016e-05,2.750246e-03
1446510592,19434445,17358127104,52990002,-6.400260e-02,-2.528896e-02,1.579260e-07,1.907276e-06,3.807868e-05,2.681436e-03
1446772736,19434597,17361272832,52999376,-6.400918e-02,-2.527321e-02,1.527404e-07,1.951023e-06,3.682835e-05,2.742940e-03
1447034880,19434900,17364418560,53009228,-6.398913e-02,-2.525485e-02,1.688201e-07,2.002645e-06,4.070542e-05,2.815516e-03
1447297024,19435089,17367564288,53018866,-6.399560e-02,-2.523511e-02,1.635415e-07,2.058916e-06,3.943267e-05,2.894627e-03
1447559168,19435640,17370710016,53028550,-6.397872e-02,-2.523880e-02,1.774753e-07,2.048319e-06,4.279236e-05,2.879729e-03
1447821312,19436396,17373855744,53037986,-6.395451e-02,-2.524807e-02,1.984636e-07,2.021886e-06,4.785300e-05,2.842566e-03
1448083456,19436518,17377001472,53047754,-6.397054e-02,-2.525350e-02,1.844350e-07,2.006474e-06,4.447045e-05,2.820899e-03
1448345600,19437013,17380147200,53057340,-6.396485e-02,-2.525209e-02,1.893565e-07,2.010471e-06,4.565712e-05,2.826518e-03
1448607744,19437279,17383292928,53066772,-6.398225e-02,-2.526360e-02,1.745184e-07,1.977954e-06,4.207940e-05,2.780803e-03
1448869888,19437606,17386438656,53076273,-6.397095e-02,-2.525468e-02,1.840896e-07,2.003130e-06,4.438716e-05,2.816198e-03
1449132032,19437737,17389584384,53085697,-6.400177e-02,-2.527078e-02,1.585899e-07,1.957809e-06,3.823877e-05,2.752480e-03
1449394176,19438698,17392730112,53095274,-6.400827e-02,-2.527337e-02,1.534518e-07,1.950565e-06,3.699986e-05,2.742296e-03
1449656320,19438723,17395875840,53104843,-6.399814e-02,-2.529659e-02,1.614930e-07,1.886251e-06,3.893875e-05,2.651877e-03
1449918464,19439376,17399021568,53114612,-6.399400e-02,-2.529821e-02,1.648396e-07,1.881797e-06,3.974568e-05,2.645615e-03
1450180608,19441375,17402167296,53124085,-6.399250e-02,-2.532917e-02,1.660579e-07,1.797822e-06,4.003943e-05,2.527555e-03
1450442752,19441683,17405313024,53133819,-6.399043e-02,-2.534663e-02,1.677503e-07,1.751319e-06,4.044748e-05,2.462176e-03
1450704896,19442646,17408458752,53143471,-6.399843e-02,-2.533840e-02,1.612596e-07,1.773167e-06,3.888246e-05,2.492893e-03
1450967040,19443140,17411604480,53153134,-6.398666e-02,-2.534871e-02,1.708527e-07,1.745797e-06,4.119553e-05,2.454413e-03
1451229184,19443151,17414750208,53162657,-6.395952e-02,-2.535027e-02,1.940277e-07,1.741699e-06,4.678343e-05,2.448652e-03
1451491328,19443537,17417895936,53172287,-6.395641e-02,-2.535700e-02,1.967745e-07,1.723967e-06,4.744571e-05,2.423722e-03
1451753472,19444683,17421041664,53182066,-6.395142e-02,-2.536358e-02,2.012281e-07,1.706719e-06,4.851956e-05,2.399474e-03
1452015616,19444814,17424187392,53191475,-6.393640e-02,-2.537552e-02,2.149295e-07,1.675670e-06,5.182321e-05,2.355823e-03
1452277760,19445441,17427333120,53201161,-6.395274e-02,-2.538693e-02,2.000400e-07,1.646274e-06,4.823310e-05,2.314494e-03
1452539904,19445807,17430478848,53210704,-6.395641e-02,-2.539421e-02,1.967745e-07,1.627642e-06,4.744571e-05,2.288300e-03
1452802048,19445848,17433624576,53220127,-6.396061e-02,-2.540595e-02,1.930641e-07,1.597833e-06,4.655107e-05,2.246391e-03
1453064192,19447549,17436770304,53229564,-6.395439e-02,-2.540912e-02,1.985699e-07,1.589824e-06,4.787861e-05,2.235131e-03
1453326336,19447900,17439916032,53239188,-6.395815e-02,-2.542136e-02,1.952307e-07,1.559095e-06,4.707350e-05,2.191929e-03
1453588480,19448842,17443061760,53248915,-6.395395e-02,-2.542195e-02,1.989618e-07,1.557625e-06,4.797312e-05,2.189863e-03
1453850624,19450999,17446207488,53258322,-6.393477e-02,-2.543976e-02,2.164451e-07,1.513490e-06,5.218864e-05,2.127813e-03
1454112768,19452430,17449353216,53268008,-6.394100e-02,-2.543864e-02,2.106814e-07,1.516250e-06,5.079892e-05,2.131694e-03
1454374912,19454034,17452498944,53277478,-6.394840e-02,-2.543201e-02,2.039444e-07,1.532606e-06,4.917451e-05,2.154689e-03
1454637056,19454097,17455644672,53287103,-6.394831e-02,-2.543395e-02,2.040252e-07,1.527814e-06,4.919398e-05,2.147951e-03
1454899200,19454289,17458790400,53296847,-6.394631e-02,-2.543725e-02,2.058330e-07,1.519670e-06,4.962988e-05,2.136501e-03
1455161344,19458813,17461936128,53306627,-6.394213e-02,-2.543972e-02,2.096499e-07,1.513577e-06,5.055020e-05,2.127936e-03
1455423488,19459363,17465081856,53316251,-6.394531e-02,-2.544487e-02,2.067467e-07,1.500950e-06,4.985018e-05,2.110183e-03
1455685632,19459721,17468227584,53325954,-6.396189e-02,-2.542616e-02,1.919461e-07,1.547140e-06,4.628150e-05,2.175122e-03
1455947776,19462682,17471373312,53335225,-6.396984e-02,-2.545713e-02,1.850370e-07,1.471046e-06,4.461561e-05,2.068142e-03
1456209920,19472395,17474519040,53344851,-6.395162e-02,-2.548301e-02,2.010477e-07,1.408943e-06,4.847606e-05,1.980832e-03
1456472064,19473069,17477664768,53354208,-6.395227e-02,-2.549657e-02,2.004668e-07,1.376932e-06,4.833600e-05,1.935826e-03
1456734208,19475628,17480810496,53363760,-6.395667e-02,-2.551850e-02,1.965432e-07,1.325940e-06,4.738994e-05,1.864137e-03
1456996352,19480543,17483956224,53373519,-6.395245e-02,-2.551738e-02,2.003000e-07,1.328537e-06,4.829579e-05,1.867788e-03
1457258496,19480687,17487101952,53383376,-6.394840e-02,-2.553187e-02,2.039444e-07,1.295349e-06,4.917451e-05,1.821129e-03
1457520640,19494292,17490247680,53393156,-6.393376e-02,-2.553468e-02,2.173820e-07,1.288942e-06,5.241455e-05,1.812121e-03
1457782784,19498519,17493393408,53402830,-6.393766e-02,-2.555247e-02,2.137567e-07,1.248880e-06,5.154043e-05,1.755799e-03
1458044928,19519832,17496539136,53412484,-6.393781e-02,-2.554778e-02,2.136259e-07,1.259377e-06,5.150887e-05,1.770556e-03
1458307072,19524314,17499684864,53422159,-6.391932e-02,-2.555538e-02,2.310549e-07,1.242369e-06,5.571130e-05,1.746645e-03
1458569216,19542694,17502830592,53431747,-6.393735e-02,-2.554607e-02,2.140462e-07,1.263217e-06,5.161022e-05,1.775955e-03
1458831360,19551605,17505976320,53441317,-6.395262e-02,-2.553983e-02,2.001534e-07,1.277291e-06,4.826042e-05,1.795741e-03
1459093504,19567617,17509122048,53450675,-6.395180e-02,-2.552975e-02,2.008873e-07,1.300174e-06,4.843740e-05,1.827913e-03
1459355648,19583683,17512267776,53460445,-6.393446e-02,-2.550289e-02,2.167294e-07,1.362135e-06,5.225720e-05,1.915024e-03
1459617792,19634810,17515413504,53470054,-6.395190e-02,-2.553070e-02,2.007938e-07,1.297996e-06,4.841486e-05,1.824850e-03
1459879936,19753132,17518559232,53479635,-6.397317e-02,-2.555760e-02,1.821892e-07,1.237433e-06,4.392896e-05,1.739705e-03
1460142080,19754146,17521704960,53488992,-6.398568e-02,-2.556935e-02,1.716667e-07,1.211422e-06,4.139180e-05,1.703137e-03
1460404224,19756184,17524850688,53498733,-6.399444e-02,-2.553085e-02,1.644829e-07,1.297652e-06,3.965966e-05,1.824367e-03
1460666368,19758187,17527996416,53508425,-6.401093e-02,-2.553871e-02,1.513807e-07,1.279806e-06,3.650050e-05,1.799277e-03
1460928512,19758656,17531142144,53518177,-6.399514e-02,-2.554002e-02,1.639153e-07,1.276853e-06,3.952281e-05,1.795126e-03
1461190656,19758974,17534287872,53527667,-6.399579e-02,-2.556513e-02,1.633848e-07,1.220735e-06,3.939490e-05,1.716230e-03
1461452800,19759471,17537433600,53537216,-6.400233e-02,-2.555497e-02,1.581452e-07,1.243295e-06,3.813153e-05,1.747947e-03
1461714944,19760283,17540579328,53546735,-6.399778e-02,-2.553442e-02,1.617866e-07,1.289547e-06,3.900953e-05,1.812972e-03
1461977088,19760414,17543725056,53556496,-6.400249e-02,-2.552453e-02,1.580149e-07,1.312099e-06,3.810010e-05,1.844679e-03
1462239232,19760814,17546870784,53565795,-6.399895e-02,-2.553911e-02,1.608410e-07,1.278908e-06,3.878153e-05,1.798015e-03
1462501376,19760863,17550016512,53575296,-6.400068e-02,-2.556509e-02,1.594575e-07,1.220822e-06,3.844795e-05,1.716352e-03
1462763520,19762366,17553162240,53584773,-6.399708e-02,-2.558418e-02,1.623445e-07,1.178996e-06,3.914405e-05,1.657549e-03
1463025664,19762410,17556307968,53594392,-6.401413e-02,-2.556893e-02,1.488980e-07,1.212357e-06,3.590187e-05,1.704452e-03
1463287808,19762580,17559453696,53603882,-6.399879e-02,-2.557929e-02,1.609725e-07,1.189638e-06,3.881324e-05,1.672511e-03
1463549952,19762864,17562599424,53613370,-6.399985e-02,-2.555719e-02,1.601187e-07,1.238345e-06,3.860738e-05,1.740987e-03
1463812096,19762968,17565745152,53622900,-6.401303e-02,-2.557054e-02,1.497444e-07,1.208804e-06,3.610596e-05,1.699455e-03
1464074240,19763292,17568890880,53632462,-6.403196e-02,-2.556774e-02,1.354562e-07,1.214967e-06,3.266083e-05,1.708121e-03
1464336384,19763640,17572036608,53641865,-6.400572e-02,-2.557873e-02,1.554604e-07,1.190874e-06,3.748419e-05,1.674248e-03
1464598528,19764138,17575182336,53651344,-6.400154e-02,-2.558588e-02,1.587740e-07,1.175322e-06,3.828313e-05,1.652384e-03
1464860672,19764343,17578328064,53660975,-6.398147e-02,-2.556690e-02,1.751727e-07,1.216824e-06,4.223715e-05,1.710731e-03
1465122816,19765506,17581473792,53670774,-6.397715e-02,-2.555906e-02,1.788023e-07,1.234178e-06,4.311232e-05,1.735129e-03
1465384960,19766292,17584619520,53680319,-6.396739e-02,-2.554654e-02,1.871519e-07,1.262171e-06,4.512554e-05,1.774484e-03
1465647104,19766421,17587765248,53689838,-6.395637e-02,-2.558058e-02,1.968075e-07,1.186836e-06,4.745368e-05,1.668571e-03
1465909248,19766469,17590910976,53699441,-6.393390e-02,-2.558310e-02,2.172500e-07,1.181344e-06,5.238272e-05,1.660849e-03
1466171392,19766633,17594056704,53709154,-6.392875e-02,-2.556610e-02,2.220828e-07,1.218596e-06,5.354800e-05,1.713222e-03
1466433536,19766819,17597202432,53718738,-6.393716e-02,-2.554562e-02,2.142255e-07,1.264231e-06,5.165345e-05,1.777380e-03
1466695680,19768197,17600348160,53728514,-6.393872e-02,-2.554495e-02,2.127796e-07,1.265739e-06,5.130482e-05,1.779501e-03
1466957824,19768533,17603493888,53738061,-6.393673e-02,-2.554878e-02,2.146257e-07,1.257141e-06,5.174995e-05,1.767413e-03
1467219968,19768905,17606639616,53747496,-6.392905e-02,-2.554687e-02,2.217950e-07,1.261413e-06,5.347860e-05,1.773419e-03
1467482112,19768927,17609785344,53757036,-6.393731e-02,-2.552515e-02,2.140875e-07,1.310687e-06,5.162020e-05,1.842693e-03
1467744256,19769107,17612931072,53766727,-6.395634e-02,-2.551647e-02,1.968340e-07,1.330641e-06,4.746005e-05,1.870747e-03
1468006400,19770055,17616076800,53776250,-6.395914e-02,-2.552466e-02,1.943626e-07,1.311792e-06,4.686417e-05,1.844247e-03
1468268544,19770483,17619222528,53785703,-6.396820e-02,-2.549672e-02,1.864563e-07,1.376573e-06,4.495783e-05,1.935322e-03
1468530688,19770997,17622368256,53795321,-6.396003e-02,-2.549545e-02,1.935751e-07,1.379556e-06,4.667429e-05,1.939516e-03
1468792832,19772288,17625513984,53804782,-6.395771e-02,-2.547852e-02,1.956260e-07,1.419634e-06,4.716879e-05,1.995861e-03
1469054976,19773380,17628659712,53814046,-6.396037e-02,-2.548274e-02,1.932802e-07,1.409594e-06,4.660318e-05,1.981746e-03
1469317120,19773391,17631805440,53823751,-6.396308e-02,-2.546654e-02,1.909029e-07,1.448317e-06,4.602999e-05,2.036187e-03
1469579264,19773480,17634951168,53833341,-6.395858e-02,-2.544790e-02,1.948556e-07,1.493520e-06,4.698305e-05,2.099737e-03
1469841408,19774000,17638096896,53842863,-6.395178e-02,-2.546074e-02,2.009074e-07,1.462316e-06,4.844223e-05,2.055869e-03
1470103552,19777166,17641242624,53852355,-6.396020e-02,-2.547399e-02,1.934243e-07,1.430431e-06,4.663794e-05,2.011041e-03
1470365696,19777892,17644388352,53862057,-6.396168e-02,-2.548874e-02,1.921224e-07,1.395370e-06,4.632401e-05,1.961749e-03
1470627840,19778631,17647534080,53871782,-6.395140e-02,-2.545822e-02,2.012482e-07,1.468418e-06,4.852440e-05,2.064446e-03
1470889984,19779453,17650679808,53881397,-6.392644e-02,-2.545561e-02,2.242651e-07,1.474731e-06,5.407417e-05,2.073322e-03
1471152128,19779908,17653825536,53891242,-6.395973e-02,-2.545989e-02,1.938440e-07,1.464367e-06,4.673912e-05,2.058751e-03
1471414272,19782984,17656971264,53900596,-6.397342e-02,-2.546173e-02,1.819730e-07,1.459916e-06,4.387684e-05,2.052494e-03
1471676416,19787184,17660116992,53909964,-6.398919e-02,-2.548564e-02,1.687650e-07,1.402702e-06,4.069213e-05,1.972057e-03
1471938560,19788167,17663262720,53919528,-6.397397e-02,-2.547847e-02,1.815030e-07,1.419749e-06,4.376349e-05,1.996023e-03
1472200704,19795305,17666408448,53929121,-6.395944e-02,-2.551156e-02,1.940934e-07,1.341993e-06,4.679925e-05,1.886706e-03
1472462848,19796867,17669554176,53938774,-6.395188e-02,-2.552845e-02,2.008139e-07,1.303136e-06,4.841969e-05,1.832078e-03
1472724992,19805748,17672699904,53948319,-6.392845e-02,-2.551343e-02,2.223638e-07,1.337659e-06,5.361575e-05,1.880614e-03
1472987136,19814682,17675845632,53957856,-6.393271e-02,-2.548670e-02,2.183627e-07,1.400197e-06,5.265101e-05,1.968536e-03
1473249280,19824241,17678991360,53967372,-6.392946e-02,-2.550121e-02,2.214092e-07,1.366060e-06,5.338558e-05,1.920542e-03
1473511424,19844890,17682137088,53977074,-6.393439e-02,-2.547763e-02,2.167919e-07,1.421734e-06,5.227225e-05,1.998814e-03
1473773568,19846633,17685282816,53986752,-6.393555e-02,-2.548063e-02,2.157178e-07,1.414600e-06,5.201327e-05,1.988784e-03
1474035712,19853040,17688428544,53996284,-6.391823e-02,-2.549054e-02,2.321018e-07,1.391131e-06,5.596374e-05,1.955790e-03
1474297856,19857557,17691574272,54005913,-6.396009e-02,-2.551349e-02,1.935226e-07,1.337509e-06,4.666164e-05,1.880401e-03
1474560000,19858679,17694720000,54015398,-6.399130e-02,-2.552248e-02,1.670370e-07,1.316802e-06,4.027550e-05,1.851290e-03
1474822144,19861075,17697865728,54024955,-6.400588e-02,-2.550049e-02,1.553312e-07,1.367745e-06,3.745303e-05,1.922911e-03
1475084288,19864080,17701011456,54034407,-6.399774e-02,-2.551574e-02,1.618166e-07,1.332305e-06,3.901676e-05,1.873085e-03
1475346432,19867619,17704157184,54043918,-6.401315e-02,-2.553066e-02,1.496522e-07,1.298102e-06,3.608372e-05,1.825000e-03
1475608576,19868213,17707302912,54053575,-6.402364e-02,-2.554100e-02,1.416514e-07,1.274648e-06,3.415460e-05,1.792026e-03
1475870720,19870598,17710448640,54062986,-6.399935e-02,-2.552685e-02,1.605184e-07,1.306801e-06,3.870376e-05,1.837229e-03
1476132864,19871665,17713594368,54072233,-6.401196e-02,-2.552374e-02,1.505759e-07,1.313905e-06,3.630645e-05,1.847217e-03
1476395008,19872052,17716740096,54081714,-6.402337e-02,-2.555713e-02,1.418534e-07,1.238482e-06,3.420329e-05,1.741179e-03
1476657152,19873003,17719885824,54091233,-6.401953e-02,-2.552253e-02,1.447584e-07,1.316678e-06,3.490376e-05,1.851115e-03
1476919296,19873037,17723031552,54100789,-6.403792e-02,-2.550264e-02,1.311043e-07,1.362740e-06,3.161151e-05,1.915874e-03
1477181440,19874780,17726177280,54110389,-6.405064e-02,-2.551167e-02,1.220560e-07,1.341738e-06,2.942981e-05,1.886348e-03
1477443584,19875048,17729323008,54120044,-6.408542e-02,-2.551087e-02,9.895958e-08,1.343577e-06,2.386086e-05,1.888933e-03
1477705728,19875295,17732468736,54129815,-6.409100e-02,-2.551126e-02,9.548432e-08,1.342679e-06,2.302291e-05,1.887671e-03
1477967872,19875524,17735614464,54139362,-6.408820e-02,-2.549201e-02,9.721883e-08,1.387671e-06,2.344114e-05,1.950925e-03
1478230016,19875682,17738760192,54148925,-6.409294e-02,-2.545960e-02,9.428632e-08,1.465075e-06,2.273406e-05,2.059747e-03
1478492160,19876540,17741905920,54158570,-6.410796e-02,-2.547865e-02,8.528760e-08,1.419310e-06,2.056431e-05,1.995405e-03
1478754304,19876737,17745051648,54167993,-6.409924e-02,-2.549439e-02,9.045961e-08,1.382051e-06,2.181137e-05,1.943023e-03
1479016448,19877143,17748197376,54177525,-6.411233e-02,-2.549272e-02,8.275654e-08,1.385986e-06,1.995403e-05,1.948556e-03
1479278592,19877261,17751343104,54187199,-6.412451e-02,-2.549421e-02,7.589621e-08,1.382471e-06,1.829988e-05,1.943615e-03
1479540736,19878006,17754488832,54196866,-6.412837e-02,-2.550425e-02,7.378463e-08,1.358981e-06,1.779075e-05,1.910589e-03
1479802880,19878011,17757634560,54206546,-6.411989e-02,-2.552112e-02,7.846275e-08,1.319924e-06,1.891872e-05,1.855680e-03
1480065024,19878012,17760780288,54216005,-6.413113e-02,-2.551110e-02,7.229460e-08,1.343038e-06,1.743147e-05,1.888175e-03
1480327168,19878019,17763926016,54225659,-6.414079e-02,-2.549692e-02,6.719146e-08,1.376123e-06,1.620102e-05,1.934690e-03
1480589312,19878400,17767071744,54235240,-6.415503e-02,-2.549863e-02,6.000914e-08,1.372101e-06,1.446924e-05,1.929035e-03
1480851456,19878877,17770217472,54244821,-6.414770e-02,-2.549282e-02,6.365855e-08,1.385745e-06,1.534917e-05,1.948217e-03
1481113600,19879058,17773363200,54254226,-6.412922e-02,-2.549579e-02,7.332392e-08,1.378777e-06,1.767966e-05,1.938421e-03
1481375744,19879931,17776508928,54263885,-6.412222e-02,-2.549281e-02,7.716173e-08,1.385776e-06,1.860502e-05,1.948260e-03
1481637888,19880287,17779654656,54273536,-6.413304e-02,-2.550874e-02,7.126858e-08,1.348526e-06,1.718408e-05,1.895891e-03
1481900032,19880482,17782800384,54283011,-6.412303e-02,-2.552731e-02,7.671534e-08,1.305732e-06,1.849739e-05,1.835727e-03
1482162176,19880991,17785946112,54292526,-6.410868e-02,-2.553133e-02,8.487034e-08,1.296566e-06,2.046370e-05,1.822840e-03
1482424320,19881353,17789091840,54302306,-6.411442e-02,-2.556105e-02,8.155637e-08,1.229778e-06,1.966465e-05,1.728944e-03
1482686464,19882177,17792237568,54311882,-6.411587e-02,-2.556637e-02,8.072866e-08,1.218004e-06,1.946507e-05,1.712390e-03
1482948608,19882372,17795383296,54321384,-6.412882e-02,-2.557562e-02,7.354198e-08,1.197668e-06,1.773224e-05,1.683800e-03
1483210752,19882897,17798529024,54331210,-6.412847e-02,-2.557170e-02,7.372797e-08,1.206262e-06,1.777709e-05,1.695881e-03
1483472896,19885080,17801674752,54340719,-6.413897e-02,-2.557243e-02,6.813723e-08,1.204658e-06,1.642906e-05,1.693627e-03
1483735040,19885128,17804820480,54350403,-6.414010e-02,-2.555154e-02,6.755116e-08,1.250942e-06,1.628775e-05,1.758697e-03
1483997184,19886219,17807966208,54360066,-6.414654e-02,-2.557613e-02,6.424263e-08,1.196556e-06,1.549000e-05,1.682236e-03
1484259328,19886691,17811111936,54369745,-6.411912e-02,-2.557231e-02,7.889744e-08,1.204932e-06,1.902353e-05,1.694012e-03
1484521472,19886732,17814257664,54379405,-6.412502e-02,-2.557318e-02,7.561322e-08,1.203015e-06,1.823165e-05,1.691317e-03
1484783616,19886736,17817403392,54389052,-6.411540e-02,-2.557527e-02,8.099985e-08,1.198443e-06,1.953046e-05,1.684890e-03
1485045760,19888218,17820549120,54398581,-6.410011e-02,-2.556724e-02,8.993600e-08,1.216081e-06,2.168512e-05,1.709686e-03
1485307904,19888443,17823694848,54408024,-6.412983e-02,-2.556575e-02,7.299342e-08,1.219357e-06,1.759997e-05,1.714292e-03
1485570048,19888622,17826840576,54417757,-6.412747e-02,-2.554468e-02,7.427521e-08,1.266334e-06,1.790903e-05,1.780338e-03
1485832192,19888788,17829986304,54427511,-6.411421e-02,-2.554459e-02,8.167557e-08,1.266548e-06,1.969339e-05,1.780638e-03
1486094336,19889258,17833132032,54436921,-6.411040e-02,-2.554534e-02,8.387052e-08,1.264851e-06,2.022263e-05,1.778252e-03
1486356480,19889278,17836277760,54446574,-6.413303e-02,-2.551474e-02,7.127255e-08,1.334615e-06,1.718504e-05,1.876333e-03
1486618624,19891278,17839423488,54456117,-6.412697e-02,-2.550512e-02,7.454755e-08,1.356949e-06,1.797470e-05,1.907733e-03
1486880768,19892265,17842569216,54465667,-6.413886e-02,-2.550120e-02,6.819559e-08,1.366099e-06,1.644313e-05,1.920597e-03
1487142912,19894570,17845714944,54475128,-6.417510e-02,-2.552090e-02,5.058146e-08,1.320434e-06,1.219606e-05,1.856396e-03
1487405056,19896076,17848860672,54484615,-6.417971e-02,-2.554185e-02,4.852826e-08,1.272719e-06,1.170100e-05,1.789313e-03
1487667200,19897388,17852006400,54494208,-6.417608e-02,-2.554081e-02,5.014339e-08,1.275073e-06,1.209044e-05,1.792623e-03
1487929344,19897941,17855152128,54503865,-6.415451e-02,-2.555987e-02,6.026860e-08,1.232378e-06,1.453180e-05,1.732599e-03
1488191488,19898184,17858297856,54513661,-6.415505e-02,-2.557543e-02,6.000185e-08,1.198084e-06,1.446748e-05,1.684385e-03
1488453632,19898593,17861443584,54523255,-6.417427e-02,-2.557912e-02,5.095414e-08,1.190008e-06,1.228592e-05,1.673031e-03
1488715776,19902624,17864589312,54532728,-6.415246e-02,-2.559395e-02,6.127510e-08,1.157888e-06,1.477448e-05,1.627873e-03
1488977920,19903313,17867735040,54542395,-6.415563e-02,-2.558909e-02,5.971748e-08,1.168370e-06,1.439891e-05,1.642610e-03
1489240064,19903416,17870880768,54552139,-6.415918e-02,-2.558940e-02,5.799315e-08,1.167706e-06,1.398315e-05,1.641675e-03
1489502208,19905999,17874026496,54561895,-6.417568e-02,-2.559243e-02,5.032039e-08,1.161165e-06,1.213311e-05,1.632480e-03
1489764352,19915965,17877172224,54571550,-6.418753e-02,-2.558586e-02,4.514274e-08,1.175355e-06,1.088469e-05,1.652429e-03
1490026496,19924178,17880317952,54581153,-6.416010e-02,-2.560155e-02,5.755261e-08,1.141579e-06,1.387693e-05,1.604943e-03
1490288640,19926489,17883463680,54590692,-6.415604e-02,-2.562317e-02,5.951737e-08,1.095862e-06,1.435066e-05,1.540671e-03
1490550784,19931650,17886609408,54600495,-6.415606e-02,-2.563800e-02,5.950646e-08,1.065017e-06,1.434803e-05,1.497306e-03
1490812928,19931879,17889755136,54610061,-6.416132e-02,-2.564007e-02,5.696783e-08,1.060746e-06,1.373593e-05,1.491302e-03
1491075072,19937700,17892900864,54619718,-6.417736e-02,-2.563120e-02,4.956779e-08,1.079104e-06,1.195165e-05,1.517110e-03
1491337216,19949326,17896046592,54629196,-6.414725e-02,-2.566255e-02,6.388433e-08,1.014957e-06,1.540361e-05,1.426927e-03
1491599360,19963141,17899192320,54638704,-6.416398e-02,-2.566475e-02,5.570520e-08,1.010533e-06,1.343148e-05,1.420707e-03
1491861504,19967812,17902338048,54648403,-6.416600e-02,-2.567465e-02,5.475618e-08,9.907236e-07,1.320266e-05,1.392857e-03
1492123648,19994090,17905483776,54657819,-6.418362e-02,-2.568607e-02,4.682020e-08,9.681168e-07,1.128916e-05,1.361074e-03
1492385792,19995090,17908629504,54667653,-6.420009e-02,-2.570429e-02,3.996560e-08,9.325900e-07,9.636394e-06,1.311127e-03
1492647936,20011089,17911775232,54677224,-6.422193e-02,-2.570771e-02,3.170852e-08,9.259966e-07,7.645472e-06,1.301857e-03
1492910080,20030585,17914920960,54686768,-6.421671e-02,-2.567594e-02,3.359586e-08,9.881594e-07,8.100540e-06,1.389252e-03
1493172224,20078419,17918066688,54696429,-6.420090e-02,-2.566988e-02,3.964155e-08,1.000231e-06,9.558262e-06,1.406224e-03
1493434368,20203853,17921212416,54706012,-6.417254e-02,-2.568205e-02,5.174088e-08,9.760392e-07,1.247562e-05,1.372212e-03
1493696512,20205037,17924358144,54715588,-6.415802e-02,-2.567833e-02,5.855430e-08,9.834102e-07,1.411845e-05,1.382575e-03
1493958656,20206937,17927503872,54725199,-6.416448e-02,-2.565660e-02,5.546981e-08,1.026987e-06,1.337473e-05,1.443840e-03
1494220800,20208932,17930649600,54734614,-6.416223e-02,-2.564637e-02,5.653475e-08,1.047825e-06,1.363150e-05,1.473136e-03
1494482944,20209724,17933795328,54744277,-6.418327e-02,-2.563023e-02,4.697187e-08,1.081113e-06,1.132573e-05,1.519935e-03
1494745088,20209724,17936941056,54754085,-6.420049e-02,-2.562873e-02,3.980490e-08,1.084241e-06,9.597647e-06,1.524333e-03
1495007232,20210725,17940086784,54763706,-6.418637e-02,-2.564415e-02,4.563799e-08,1.052372e-06,1.100411e-05,1.479528e-03
1495269376,20211135,17943232512,54773088,-6.417844e-02,-2.566415e-02,4.908791e-08,1.011736e-06,1.183594e-05,1.422398e-03
1495531520,20211248,17946378240,54782629,-6.418547e-02,-2.567157e-02,4.602399e-08,9.968699e-07,1.109718e-05,1.401498e-03
1495793664,20211841,17949523968,54792098,-6.419452e-02,-2.568674e-02,4.222491e-08,9.668087e-07,1.018115e-05,1.359235e-03
1496055808,20211932,17952669696,54801680,-6.418247e-02,-2.567913e-02,4.732130e-08,9.818150e-07,1.140998e-05,1.380332e-03
1496317952,20213372,17955815424,54811136,-6.417263e-02,-2.569196e-02,5.170022e-08,9.565687e-07,1.246581e-05,1.344839e-03
1496580096,20213462,17958961152,54820962,-6.419099e-02,-2.571336e-02,4.368566e-08,9.151594e-07,1.053336e-05,1.286621e-03
1496842240,20213523,17962106880,54830959,-6.420106e-02,-2.572686e-02,3.957927e-08,8.895045e-07,9.543244e-06,1.250553e-03
1497104384,20213734,17965252608,54840446,-6.420930e-02,-2.572594e-02,3.636842e-08,8.912445e-07,8.769052e-06,1.252999e-03
1497366528,20213953,17968398336,54850073,-6.418790e-02,-2.572136e-02,4.498774e-08,8.999100e-07,1.084732e-05,1.265182e-03
1497628672,20214290,17971544064,54859603,-6.420896e-02,-2.572143e-02,3.649641e-08,8.997898e-07,8.799913e-06,1.265013e-03
1497890816,20214548,17974689792,54869296,-6.421441e-02,-2.569772e-02,3.444512e-08,9.453180e-07,8.305311e-06,1.329021e-03
1498152960,20214997,17977835520,54879027,-6.420358e-02,-2.571698e-02,3.858361e-08,9.082375e-07,9.303173e-06,1.276890e-03
1498415104,20215375,17980981248,54888624,-6.422616e-02,-2.569804e-02,3.022187e-08,9.447061e-07,7.287015e-06,1.328161e-03
1498677248,20216453,17984126976,54898185,-6.421507e-02,-2.569341e-02,3.419942e-08,9.537216e-07,8.246070e-06,1.340836e-03
1498939392,20217128,17987272704,54907586,-6.422435e-02,-2.566800e-02,3.085202e-08,1.004013e-06,7.438954e-06,1.411540e-03
1499201536,20217458,17990418432,54917234,-6.423124e-02,-2.565726e-02,2.848098e-08,1.025651e-06,6.867256e-06,1.441962e-03
1499463680,20217755,17993564160,54926585,-6.424550e-02,-2.565142e-02,2.387108e-08,1.037505e-06,5.755729e-06,1.458627e-03
1499725824,20217865,17996709888,54936109,-6.425565e-02,-2.564540e-02,2.083837e-08,1.049802e-06,5.024489e-06,1.475915e-03
1499987968,20218097,17999855616,54945794,-6.424860e-02,-2.563899e-02,2.292294e-08,1.062973e-06,5.527117e-06,1.494432e-03
1500250112,20218975,18003001344,54955279,-6.424372e-02,-2.566337e-02,2.442449e-08,1.013299e-06,5.889166e-06,1.424595e-03
1500512256,20219691,18006147072,54964781,-6.421938e-02,-2.566433e-02,3.262518e-08,1.011372e-06,7.866493e-06,1.421887e-03
1500774400,20219916,18009292800,54974277,-6.420202e-02,-2.568211e-02,3.919778e-08,9.759251e-07,9.451259e-06,1.372052e-03
1501036544,20219965,18012438528,54983795,-6.419004e-02,-2.567863e-02,4.408522e-08,9.828082e-07,1.062971e-05,1.381729e-03
1501298688,20220268,18015584256,54993477,-6.416241e-02,-2.566928e-02,5.644975e-08,1.001439e-06,1.361101e-05,1.407921e-03
1501560832,20220952,18018729984,55003019,-6.416561e-02,-2.567816e-02,5.494114e-08,9.837428e-07,1.324726e-05,1.383042e-03
1501822976,20221585,18021875712,55012853,-6.416997e-02,-2.566128e-02,5.291687e-08,1.017507e-06,1.275917e-05,1.430512e-03
1502085120,20221985,18025021440,55022309,-6.414675e-02,-2.564284e-02,6.413692e-08,1.055053e-06,1.546452e-05,1.483297e-03
1502347264,20223386,18028167168,55031859,-6.414388e-02,-2.563141e-02,6.559804e-08,1.078659e-06,1.581682e-05,1.516484e-03
1502609408,20224300,18031312896,55041615,-6.414613e-02,-2.562633e-02,6.445052e-08,1.089239e-06,1.554013e-05,1.531360e-03
1502871552,20224305,18034458624,55051153,-6.414059e-02,-2.563397e-02,6.729579e-08,1.073357e-06,1.622617e-05,1.509031e-03
1503133696,20224475,18037604352,55060761,-6.414603e-02,-2.564105e-02,6.449972e-08,1.058744e-06,1.555199e-05,1.488487e-03
1503395840,20224919,18040750080,55070194,-6.414473e-02,-2.564919e-02,6.516369e-08,1.042049e-06,1.571209e-05,1.465014e-03
1503657984,20228202,18043895808,55079767,-6.413632e-02,-2.566841e-02,6.952899e-08,1.003184e-06,1.676464e-05,1.410375e-03
1503920128,20229582,18047041536,55089464,-6.412648e-02,-2.568083e-02,7.481631e-08,9.784587e-07,1.803950e-05,1.375614e-03
1504182272,20229925,18050187264,55099286,-6.412459e-02,-2.570030e-02,7.585106e-08,9.403083e-07,1.828900e-05,1.321978e-03
1504444416,20230497,18053332992,55108847,-6.412534e-02,-2.570117e-02,7.544122e-08,9.386364e-07,1.819018e-05,1.319628e-03
1504706560,20230940,18056478720,55118644,-6.409148e-02,-2.569023e-02,9.518526e-08,9.599419e-07,2.295081e-05,1.349581e-03
1504968704,20234652,18059624448,55128304,-6.408365e-02,-2.567806e-02,1.000784e-07,9.839349e-07,2.413062e-05,1.383313e-03
1505230848,20238117,18062770176,55137843,-6.409494e-02,-2.569897e-02,9.306406e-08,9.428929e-07,2.243935e-05,1.325612e-03
1505492992,20239118,18065915904,55147212,-6.407082e-02,-2.568406e-02,1.083605e-07,9.720832e-07,2.612758e-05,1.366650e-03
1505755136,20246077,18069061632,55156609,-6.409542e-02,-2.566559e-02,9.277336e-08,1.008834e-06,2.236926e-05,1.418318e-03
1506017280,20247678,18072207360,55166202,-6.409302e-02,-2.566422e-02,9.423600e-08,1.011590e-06,2.272192e-05,1.422192e-03
1506279424,20257046,18075353088,55175577,-6.409784e-02,-2.567988e-02,9.130414e-08,9.803390e-07,2.201500e-05,1.378257e-03
1506541568,20266062,18078498816,55185176,-6.410091e-02,-2.567612e-02,8.945403e-08,9.877965e-07,2.156891e-05,1.388742e-03
1506803712,20275494,18081644544,55194705,-6.407864e-02,-2.567180e-02,1.032712e-07,9.964124e-07,2.490048e-05,1.400855e-03
1507065856,20297707,18084790272,55204388,-6.408702e-02,-2.564898e-02,9.795897e-08,1.042482e-06,2.361960e-05,1.465624e-03
1507328000,20298186,18087936000,55213956,-6.408802e-02,-2.564853e-02,9.733503e-08,1.043407e-06,2.346915e-05,1.466924e-03
1507590144,20300704,18091081728,55223485,-6.409269e-02,-2.565954e-02,9.444196e-08,1.021020e-06,2.277158e-05,1.435450e-03
1507852288,20301779,18094227456,55233232,-6.409965e-02,-2.569210e-02,9.021328e-08,9.562955e-07,2.175198e-05,1.344454e-03
1508114432,20305296,18097373184,55242970,-6.409707e-02,-2.568442e-02,9.176850e-08,9.713634e-07,2.212697e-05,1.365638e-03
1508376576,20307227,18100518912,55252458,-6.409281e-02,-2.569808e-02,9.436870e-08,9.446337e-07,2.275392e-05,1.328059e-03
1508638720,20310878,18103664640,55261877,-6.410895e-02,-2.568876e-02,8.471414e-08,9.628238e-07,2.042604e-05,1.353633e-03
1508900864,20311834,18106810368,55271405,-6.412098e-02,-2.569337e-02,7.785453e-08,9.537980e-07,1.877207e-05,1.340943e-03
1509163008,20312347,18109956096,55280976,-6.413166e-02,-2.570447e-02,7.200642e-08,9.322411e-07,1.736199e-05,1.310637e-03
1509425152,20314236,18113101824,55290688,-6.414384e-02,-2.573201e-02,6.561713e-08,8.798268e-07,1.582142e-05,1.236947e-03
1509687296,20315065,18116247552,55300477,-6.413250e-02,-2.571563e-02,7.155528e-08,9.108132e-07,1.725321e-05,1.280511e-03
1509949440,20315417,18119393280,55309949,-6.414679e-02,-2.571768e-02,6.411428e-08,9.069031e-07,1.545906e-05,1.275014e-03
1510211584,20316499,18122539008,55319800,-6.412160e-02,-2.568363e-02,7.750567e-08,9.729281e-07,1.868795e-05,1.367838e-03
1510473728,20316519,18125684736,55329408,-6.413273e-02,-2.567796e-02,7.143576e-08,9.841492e-07,1.722439e-05,1.383614e-03
1510735872,20318240,18128830464,55339242,-6.414789e-02,-2.566641e-02,6.356084e-08,1.007192e-06,1.532561e-05,1.416010e-03
1510998016,20318339,18131976192,55348588,-6.416924e-02,-2.567248e-02,5.324989e-08,9.950518e-07,1.283947e-05,1.398942e-03
1511260160,20318635,18135121920,55358358,-6.414237e-02,-2.566239e-02,6.637509e-08,1.015268e-06,1.600418e-05,1.427365e-03
1511522304,20319056,18138267648,55367993,-6.412920e-02,-2.566691e-02,7.333199e-08,1.006183e-06,1.768161e-05,1.414591e-03
1511784448,20319110,18141413376,55377566,-6.414342e-02,-2.567976e-02,6.583488e-08,9.805824e-07,1.587393e-05,1.378599e-03
1512046592,20320066,18144559104,55387079,-6.416623e-02,-2.565994e-02,5.465163e-08,1.020222e-06,1.317745e-05,1.434328e-03
1512308736,20320248,18147704832,55396841,-6.418792e-02,-2.565969e-02,4.497826e-08,1.020722e-06,1.084503e-05,1.435032e-03
1512570880,20320720,18150850560,55406443,-6.420878e-02,-2.566725e-02,3.656476e-08,1.005503e-06,8.816395e-06,1.413635e-03
1512833024,20321124,18153996288,55415943,-6.420747e-02,-2.568321e-02,3.706798e-08,9.737550e-07,8.937727e-06,1.369001e-03
1513095168,20321410,18157142016,55425654,-6.419370e-02,-2.566383e-02,4.256241e-08,1.012380e-06,1.026253e-05,1.423304e-03
1513357312,20321410,18160287744,55435381,-6.420549e-02,-2.566733e-02,3.783504e-08,1.005353e-06,9.122679e-06,1.413425e-03
1513619456,20321632,18163433472,55444912,-6.422624e-02,-2.566754e-02,3.019339e-08,1.004928e-06,7.280145e-06,1.412826e-03
1513881600,20321854,18166579200,55454650,-6.424490e-02,-2.565928e-02,2.405793e-08,1.021558e-06,5.800780e-06,1.436207e-03
1514143744,20321923,18169724928,55464272,-6.421472e-02,-2.566465e-02,3.432906e-08,1.010720e-06,8.277329e-06,1.420970e-03
1514405888,20322493,18172870656,55473937,-6.420605e-02,-2.565902e-02,3.761797e-08,1.022089e-06,9.070340e-06,1.436953e-03
1514668032,20322598,18176016384,55483667,-6.421956e-02,-2.566408e-02,3.256062e-08,1.011878e-06,7.850926e-06,1.422598e-03
1514930176,20323372,18179162112,55493440,-6.420207e-02,-2.565221e-02,3.917713e-08,1.035897e-06,9.446279e-06,1.456366e-03
1515192320,20323934,18182307840,55502656,-6.422829e-02,-2.566525e-02,2.948554e-08,1.009530e-06,7.109471e-06,1.419296e-03
1515454464,20324010,18185453568,55512280,-6.422246e-02,-2.566031e-02,3.152041e-08,1.019473e-06,7.600113e-06,1.433276e-03
1515716608,20324448,18188599296,55522000,-6.419924e-02,-2.565425e-02,4.030592e-08,1.031746e-06,9.718451e-06,1.450530e-03
1515978752,20324770,18191745024,55531568,-6.419269e-02,-2.567191e-02,4.297844e-08,9.961856e-07,1.036284e-05,1.400536e-03
1516240896,20325601,18194890752,55541161,-6.418990e-02,-2.564118e-02,4.414469e-08,1.058465e-06,1.064404e-05,1.488094e-03
1516503040,20326023,18198036480,55550717,-6.418554e-02,-2.566047e-02,4.599522e-08,1.019142e-06,1.109024e-05,1.432811e-03
1516765184,20326598,18201182208,55560322,-6.418510e-02,-2.565526e-02,4.618396e-08,1.029700e-06,1.113575e-05,1.447653e-03
1517027328,20328662,18204327936,55569975,-6.419008e-02,-2.566617e-02,4.406645e-08,1.007670e-06,1.062518e-05,1.416682e-03
1517289472,20328938,18207473664,55579438,-6.418024e-02,-2.564601e-02,4.829548e-08,1.048554e-06,1.164487e-05,1.474160e-03
1517551616,20329951,18210619392,55588956,-6.418920e-02,-2.563458e-02,4.443633e-08,1.072083e-06,1.071437e-05,1.507240e-03
1517813760,20329955,18213765120,55598527,-6.420489e-02,-2.564470e-02,3.807018e-08,1.051237e-06,9.179375e-06,1.477933e-03
1518075904,20330073,18216910848,55608139,-6.421638e-02,-2.565686e-02,3.371614e-08,1.026444e-06,8.129542e-06,1.443076e-03
1518338048,20330390,18220056576,55617547,-6.421766e-02,-2.566146e-02,3.324989e-08,1.017161e-06,8.017119e-06,1.430026e-03
1518600192,20331653,18223202304,55627078,-6.421465e-02,-2.566401e-02,3.435392e-08,1.012017e-06,8.283321e-06,1.422793e-03
1518862336,20332266,18226348032,55636888,-6.424318e-02,-2.567451e-02,2.459246e-08,9.909907e-07,5.929664e-06,1.393232e-03
1519124480,20332418,18229493760,55646606,-6.424481e-02,-2.569072e-02,2.408336e-08,9.589895e-07,5.806913e-06,1.348242e-03
1519386624,20332702,18232639488,55656174,-6.424498e-02,-2.568129e-02,2.403251e-08,9.775414e-07,5.794653e-06,1.374324e-03
1519648768,20332746,18235785216,55665722,-6.421843e-02,-2.567135e-02,3.296790e-08,9.973051e-07,7.949128e-06,1.402110e-03
1519910912,20334772,18238930944,55675330,-6.419701e-02,-2.567418e-02,4.120538e-08,9.916582e-07,9.935326e-06,1.394171e-03
1520173056,20335634,18242076672,55685284,-6.421644e-02,-2.567840e-02,3.369426e-08,9.832661e-07,8.124265e-06,1.382373e-03
1520435200,20338277,18245222400,55694940,-6.418634e-02,-2.567899e-02,4.565072e-08,9.820992e-07,1.100718e-05,1.380732e-03
1520697344,20339539,18248368128,55704703,-6.416775e-02,-2.567328e-02,5.393983e-08,9.934546e-07,1.300582e-05,1.396696e-03
1520959488,20339719,18251513856,55714168,-6.416401e-02,-2.566602e-02,5.569114e-08,1.007973e-06,1.342809e-05,1.417108e-03
1521221632,20340898,18254659584,55723783,-6.416507e-02,-2.568571e-02,5.519291e-08,9.688354e-07,1.330796e-05,1.362084e-03
1521483776,20341884,18257805312,55733196,-6.415338e-02,-2.568031e-02,6.082225e-08,9.794945e-07,1.466529e-05,1.377070e-03
1521745920,20342260,18260951040,55742779,-6.414305e-02,-2.566819e-02,6.602237e-08,1.003617e-06,1.591913e-05,1.410984e-03
1522008064,20346266,18264096768,55752331,-6.413406e-02,-2.567099e-02,7.072463e-08,9.980232e-07,1.705293e-05,1.403119e-03
1522270208,20346988,18267242496,55762165,-6.411381e-02,-2.569074e-02,8.190569e-08,9.589421e-07,1.974887e-05,1.348175e-03
1522532352,20347336,18270388224,55771832,-6.415544e-02,-2.571008e-02,5.981219e-08,9.214531e-07,1.442175e-05,1.295470e-03
1522794496,20349324,18273533952,55781349,-6.418973e-02,-2.572376e-02,4.421359e-08,8.953641e-07,1.066066e-05,1.258791e-03
1523056640,20349461,18276679680,55790822,-6.417978e-02,-2.570868e-02,4.849873e-08,9.241335e-07,1.169388e-05,1.299238e-03
1523318784,20359479,18279825408,55800291,-6.414384e-02,-2.571472e-02,6.561713e-08,9.125597e-07,1.582142e-05,1.282966e-03
1523580928,20375283,18282971136,55809863,-6.416222e-02,-2.571745e-02,5.654184e-08,9.073466e-07,1.363321e-05,1.275637e-03
1523843072,20377342,18286116864,55819500,-6.415825e-02,-2.568668e-02,5.844618e-08,9.669112e-07,1.409238e-05,1.359379e-03
1524105216,20380917,18289262592,55829108,-6.415389e-02,-2.567809e-02,6.056894e-08,9.838868e-07,1.460422e-05,1.383245e-03
1524367360,20382715,18292408320,55838584,-6.411505e-02,-2.567021e-02,8.119930e-08,9.995720e-07,1.957855e-05,1.405297e-03
1524629504,20382941,18295554048,55848027,-6.411933e-02,-2.567573e-02,7.877611e-08,9.885779e-07,1.899427e-05,1.389840e-03
1524891648,20400054,18298699776,55857552,-6.411396e-02,-2.567894e-02,8.182042e-08,9.821989e-07,1.972831e-05,1.380872e-03
1525153792,20406407,18301845504,55867004,-6.406872e-02,-2.568009e-02,1.097482e-07,9.799186e-07,2.646217e-05,1.377666e-03
1525415936,20411369,18304991232,55876465,-6.407027e-02,-2.566590e-02,1.087238e-07,1.008213e-06,2.621518e-05,1.417445e-03
1525678080,20438309,18308136960,55886121,-6.407472e-02,-2.565750e-02,1.058103e-07,1.025165e-06,2.551268e-05,1.441277e-03
1525940224,20445188,18311282688,55895672,-6.406187e-02,-2.566820e-02,1.143317e-07,1.003595e-06,2.756734e-05,1.410952e-03
1526202368,20454523,18314428416,55905199,-6.407158e-02,-2.567184e-02,1.078607e-07,9.963305e-07,2.600708e-05,1.400740e-03
1526464512,20477571,18317574144,55914678,-6.406119e-02,-2.570165e-02,1.147957e-07,9.376983e-07,2.767922e-05,1.318309e-03
1526726656,20521998,18320719872,55924390,-6.402595e-02,-2.570489e-02,1.399182e-07,9.314284e-07,3.373668e-05,1.309494e-03
1526988800,20654659,18323865600,55934219,-6.402718e-02,-2.569625e-02,1.389945e-07,9.481889e-07,3.351396e-05,1.333058e-03
1527250944,20655887,18327011328,55943889,-6.402137e-02,-2.570921e-02,1.433615e-07,9.231203e-07,3.456692e-05,1.297813e-03
1527513088,20657894,18330157056,55953831,-6.404186e-02,-2.570685e-02,1.282657e-07,9.276500e-07,3.092706e-05,1.304182e-03
1527775232,20659861,18333302784,55963356,-6.401532e-02,-2.570677e-02,1.479794e-07,9.278043e-07,3.568038e-05,1.304399e-03
1528037376,20660721,18336448512,55972808,-6.400828e-02,-2.567942e-02,1.534459e-07,9.812539e-07,3.699845e-05,1.379543e-03
1528299520,20660766,18339594240,55982252,-6.400514e-02,-2.570092e-02,1.559191e-07,9.391129e-07,3.759477e-05,1.320297e-03
1528561664,20661644,18342739968,55991611,-6.397841e-02,-2.573050e-02,1.777391e-07,8.826595e-07,4.285595e-05,1.240930e-03
1528823808,20662262,18345885696,56001341,-6.397096e-02,-2.571120e-02,1.840768e-07,9.192873e-07,4.438408e-05,1.292425e-03
1529085952,20662332,18349031424,56010957,-6.395061e-02,-2.572817e-02,2.019574e-07,8.870433e-07,4.869540e-05,1.247093e-03
1529348096,20662855,18352177152,56020364,-6.396665e-02,-2.572510e-02,1.877971e-07,8.928349e-07,4.528110e-05,1.255235e-03
1529610240,20663036,18355322880,56030264,-6.396661e-02,-2.570900e-02,1.878293e-07,9.235284e-07,4.528889e-05,1.298387e-03
1529872384,20664425,18358468608,56040172,-6.395891e-02,-2.569982e-02,1.945663e-07,9.412441e-07,4.691329e-05,1.323294e-03
1530134528,20664488,18361614336,56049833,-6.396437e-02,-2.569981e-02,1.897718e-07,9.412658e-07,4.575724e-05,1.323324e-03
1530396672,20664666,18364760064,56059660,-6.396928e-02,-2.571476e-02,1.855180e-07,9.124885e-07,4.473159e-05,1.282866e-03
1530658816,20664749,18367905792,56069164,-6.399028e-02,-2.569229e-02,1.678724e-07,9.559240e-07,4.047692e-05,1.343932e-03
1530920960,20664899,18371051520,56078570,-6.399477e-02,-2.570356e-02,1.642171e-07,9.340008e-07,3.959557e-05,1.313110e-03
1531183104,20665263,18374197248,56088027,-6.401885e-02,-2.569814e-02,1.452805e-07,9.445105e-07,3.502964e-05,1.327886e-03
1531445248,20665456,18377342976,56097716,-6.401284e-02,-2.571749e-02,1.498944e-07,9.072827e-07,3.614212e-05,1.275548e-03
1531707392,20666057,18380488704,56107438,-6.401262e-02,-2.571639e-02,1.500617e-07,9.093704e-07,3.618247e-05,1.278482e-03
1531969536,20666366,18383634432,56116976,-6.401222e-02,-2.569916e-02,1.503736e-07,9.425348e-07,3.625767e-05,1.325108e-03
1532231680,20667557,18386780160,56126542,-6.400275e-02,-2.570896e-02,1.578076e-07,9.235964e-07,3.805013e-05,1.298483e-03
1532493824,20668129,18389925888,56135701,-6.400219e-02,-2.574360e-02,1.582578e-07,8.582093e-07,3.815869e-05,1.206555e-03
1532755968,20668601,18393071616,56145239,-6.397910e-02,-2.574278e-02,1.771553e-07,8.597354e-07,4.271519e-05,1.208701e-03
1533018112,20669015,18396217344,56154839,-6.397728e-02,-2.570672e-02,1.786952e-07,9.279119e-07,4.308650e-05,1.304550e-03
1533280256,20669334,18399363072,56164512,-6.396104e-02,-2.570365e-02,1.926910e-07,9.338316e-07,4.646112e-05,1.312872e-03
1533542400,20669447,18402508800,56173888,-6.397127e-02,-2.572371e-02,1.838084e-07,8.954698e-07,4.431936e-05,1.258940e-03
1533804544,20669937,18405654528,56183194,-6.397283e-02,-2.573908e-02,1.824756e-07,8.666159e-07,4.399800e-05,1.218374e-03
1534066688,20670790,18408800256,56192782,-6.391938e-02,-2.574973e-02,2.309976e-07,8.468928e-07,5.569749e-05,1.190645e-03
1534328832,20670919,18411945984,56202559,-6.391627e-02,-2.575951e-02,2.339937e-07,8.289968e-07,5.641991e-05,1.165485e-03
1534590976,20671019,18415091712,56212129,-6.390280e-02,-2.575961e-02,2.472074e-07,8.288102e-07,5.960597e-05,1.165223e-03
1534853120,20671429,18418237440,56221703,-6.392025e-02,-2.574226e-02,2.301604e-07,8.606993e-07,5.549563e-05,1.210056e-03
1535115264,20671784,18421383168,56231351,-6.393383e-02,-2.577898e-02,2.173195e-07,7.939109e-07,5.239947e-05,1.116158e-03
1535377408,20672821,18424528896,56241155,-6.393414e-02,-2.578051e-02,2.170278e-07,7.911947e-07,5.232915e-05,1.112340e-03
1535639552,20672988,18427674624,56250576,-6.391546e-02,-2.582166e-02,2.347800e-07,7.196837e-07,5.660951e-05,1.011802e-03
1535901696,20674526,18430820352,56260184,-6.392078e-02,-2.581202e-02,2.296531e-07,7.361216e-07,5.537332e-05,1.034912e-03
1536163840,20675164,18433966080,56269894,-6.394215e-02,-2.580638e-02,2.096294e-07,7.458412e-07,5.054527e-05,1.048577e-03
1536425984,20675380,18437111808,56279643,-6.394019e-02,-2.580975e-02,2.114276e-07,7.400358e-07,5.097884e-05,1.040415e-03
1536688128,20675727,18440257536,56289087,-6.394974e-02,-2.579521e-02,2.027349e-07,7.652500e-07,4.888288e-05,1.075864e-03
1536950272,20676154,18443403264,56298696,-6.395814e-02,-2.577757e-02,1.952439e-07,7.964389e-07,4.707667e-05,1.119712e-03
1537212416,20679339,18446548992,56308348,-6.395252e-02,-2.575766e-02,2.002400e-07,8.323683e-07,4.828132e-05,1.170225e-03
1537474560,20680893,18449694720,56318033,-6.394967e-02,-2.573088e-02,2.027953e-07,8.819491e-07,4.889744e-05,1.239931e-03
1537736704,20681015,18452840448,56327664,-6.394210e-02,-2.573737e-02,2.096704e-07,8.697990e-07,5.055514e-05,1.222849e-03
1537998848,20681405,18455986176,56337450,-6.392817e-02,-2.573696e-02,2.226239e-07,8.705566e-07,5.367846e-05,1.223914e-03
1538260992,20682125,18459131904,56347001,-6.394824e-02,-2.571606e-02,2.040925e-07,9.099992e-07,4.921021e-05,1.279367e-03
1538523136,20686400,18462277632,56356662,-6.396111e-02,-2.571773e-02,1.926256e-07,9.068144e-07,4.644536e-05,1.274889e-03
1538785280,20689062,18465423360,56366129,-6.397482e-02,-2.571315e-02,1.807800e-07,9.155622e-07,4.358916e-05,1.287187e-03
1539047424,20690224,18468569088,56375727,-6.400139e-02,-2.570612e-02,1.588927e-07,9.290570e-07,3.831177e-05,1.306160e-03
1539309568,20696979,18471714816,56385542,-6.398634e-02,-2.570991e-02,1.711176e-07,9.217642e-07,4.125941e-05,1.295907e-03
1539571712,20698755,18474860544,56395336,-6.395611e-02,-2.569549e-02,1.970389e-07,9.496695e-07,4.750948e-05,1.335139e-03
1539833856,20708238,18478006272,56405007,-6.394606e-02,-2.569280e-02,2.060629e-07,9.549262e-07,4.968531e-05,1.342529e-03
1540096000,20717713,18481152000,56414682,-6.392723e-02,-2.569327e-02,2.235107e-07,9.540054e-07,5.389227e-05,1.341235e-03
1540358144,20726890,18484297728,56424420,-6.391995e-02,-2.571524e-02,2.304464e-07,9.115600e-07,5.556460e-05,1.281561e-03
1540620288,20743869,18487443456,56434014,-6.394154e-02,-2.571638e-02,2.101893e-07,9.093810e-07,5.068025e-05,1.278497e-03
1540882432,20744894,18490589184,56443724,-6.393983e-02,-2.569016e-02,2.117566e-07,9.600842e-07,5.105817e-05,1.349781e-03
1541144576,20749086,18493734912,56453344,-6.393393e-02,-2.567626e-02,2.172222e-07,9.875263e-07,5.237602e-05,1.388362e-03
1541406720,20750445,18496880640,56463133,-6.395349e-02,-2.566757e-02,1.993741e-07,1.004860e-06,4.807253e-05,1.412731e-03
1541668864,20750709,18500026368,56472928,-6.395499e-02,-2.568214e-02,1.980390e-07,9.758736e-07,4.775061e-05,1.371979e-03
1541931008,20754193,18503172096,56482616,-6.396172e-02,-2.570858e-02,1.920897e-07,9.243197e-07,4.631614e-05,1.299500e-03
1542193152,20755347,18506317824,56492359,-6.395732e-02,-2.571764e-02,1.959689e-07,9.069811e-07,4.725147e-05,1.275123e-03
1542455296,20757635,18509463552,56501760,-6.398369e-02,-2.572727e-02,1.733129e-07,8.887458e-07,4.178872e-05,1.249486e-03
1542717440,20757730,18512609280,56511288,-6.397209e-02,-2.573764e-02,1.831127e-07,8.692918e-07,4.415161e-05,1.222136e-03
1542979584,20758673,18515755008,56520933,-6.395244e-02,-2.573431e-02,2.003134e-07,8.755167e-07,4.829901e-05,1.230888e-03
1543241728,20758801,18518900736,56530303,-6.396572e-02,-2.572905e-02,1.886051e-07,8.853845e-07,4.547594e-05,1.244761e-03
1543503872,20759887,18522046464,56539740,-6.395054e-02,-2.569200e-02,2.020176e-07,9.564885e-07,4.870994e-05,1.344726e-03
1543766016,20759999,18525192192,56549532,-6.394071e-02,-2.571410e-02,2.109483e-07,9.137345e-07,5.086325e-05,1.284618e-03
1544028160,20761703,18528337920,56558898,-6.395437e-02,-2.572236e-02,1.985898e-07,8.980203e-07,4.788342e-05,1.262526e-03
1544290304,20761949,18531483648,56568716,-6.395675e-02,-2.572196e-02,1.964705e-07,8.987795e-07,4.737242e-05,1.263593e-03
1544552448,20762012,18534629376,56578584,-6.393665e-02,-2.570023e-02,2.146947e-07,9.404528e-07,5.176659e-05,1.322181e-03
1544814592,20762662,18537775104,56588359,-6.396475e-02,-2.570169e-02,1.894473e-07,9.376297e-07,4.567901e-05,1.318212e-03
1545076736,20762675,18540920832,56597777,-6.393672e-02,-2.570437e-02,2.146326e-07,9.324461e-07,5.175161e-05,1.310925e-03
1545338880,20763675,18544066560,56607564,-6.392611e-02,-2.567896e-02,2.245757e-07,9.821546e-07,5.414907e-05,1.380810e-03
1545601024,20763798,18547212288,56617262,-6.393889e-02,-2.568017e-02,2.126284e-07,9.797564e-07,5.126836e-05,1.377438e-03
1545863168,20763834,18550358016,56626888,-6.394418e-02,-2.567020e-02,2.077710e-07,9.996055e-07,5.009717e-05,1.405344e-03
1546125312,20764367,18553503744,56636422,-6.395344e-02,-2.566064e-02,1.994140e-07,1.018808e-06,4.808216e-05,1.432340e-03
1546387456,20764956,18556649472,56645957,-6.396152e-02,-2.564582e-02,1.922661e-07,1.048939e-06,4.635866e-05,1.474702e-03
1546649600,20764975,18559795200,56655673,-6.396542e-02,-2.566035e-02,1.888640e-07,1.019387e-06,4.553837e-05,1.433154e-03
1546911744,20765042,18562940928,56665302,-6.394821e-02,-2.565249e-02,2.041127e-07,1.035328e-06,4.921508e-05,1.455567e-03
1547173888,20765224,18566086656,56674860,-6.394528e-02,-2.564896e-02,2.067738e-07,1.042524e-06,4.985671e-05,1.465683e-03
1547436032,20765346,18569232384,56684541,-6.392986e-02,-2.567236e-02,2.210378e-07,9.952785e-07,5.329601e-05,1.399260e-03
1547698176,20765689,18572378112,56694061,-6.392385e-02,-2.567792e-02,2.267204e-07,9.842305e-07,5.466620e-05,1.383728e-03
1547960320,20765987,18575523840,56703539,-6.391266e-02,-2.565674e-02,2.375027e-07,1.026704e-06,5.726599e-05,1.443442e-03
1548222464,20766357,18578669568,56712932,-6.390037e-02,-2.566911e-02,2.496361e-07,1.001786e-06,6.019156e-05,1.408409e-03
1548484608,20766893,18581815296,56722671,-6.387852e-02,-2.566416e-02,2.719425e-07,1.011706e-06,6.557001e-05,1.422356e-03
1548746752,20767526,18584961024,56732271,-6.386434e-02,-2.567649e-02,2.869311e-07,9.870524e-07,6.918403e-05,1.387696e-03
1549008896,20767790,18588106752,56741890,-6.385224e-02,-2.572099e-02,3.000402e-07,9.006205e-07,7.234486e-05,1.266181e-03
1549271040,20767831,18591252480,56751359,-6.384464e-02,-2.568563e-02,3.084317e-07,9.689894e-07,7.436820e-05,1.362301e-03
1549533184,20768223,18594398208,56760966,-6.384051e-02,-2.568526e-02,3.130334e-07,9.697083e-07,7.547775e-05,1.363311e-03
1549795328,20769194,18597543936,56770538,-6.381646e-02,-2.570844e-02,3.405240e-07,9.246062e-07,8.210621e-05,1.299902e-03
1550057472,20769758,18600689664,56780177,-6.382936e-02,-2.572092e-02,3.256300e-07,9.007442e-07,7.851499e-05,1.266355e-03
1550319616,20770287,18603835392,56789885,-6.383266e-02,-2.572398e-02,3.218824e-07,8.949481e-07,7.761140e-05,1.258206e-03
1550581760,20772175,18606981120,56799370,-6.382183e-02,-2.571880e-02,3.342834e-07,9.047722e-07,8.060149e-05,1.272018e-03
1550843904,20772736,18610126848,56808937,-6.382439e-02,-2.576159e-02,3.313349e-07,8.252090e-07,7.989055e-05,1.160160e-03
1551106048,20773315,18613272576,56818486,-6.384791e-02,-2.575147e-02,3.048012e-07,8.436973e-07,7.349282e-05,1.186153e-03
1551368192,20773557,18616418304,56827925,-6.386421e-02,-2.576145e-02,2.870748e-07,8.254595e-07,6.921868e-05,1.160512e-03
1551630336,20773672,18619564032,56837633,-6.385686e-02,-2.576973e-02,2.950009e-07,8.104868e-07,7.112981e-05,1.139462e-03
1551892480,20774117,18622709760,56847444,-6.386113e-02,-2.576159e-02,2.903816e-07,8.252090e-07,7.001601e-05,1.160160e-03
1552154624,20775055,18625855488,56857284,-6.386839e-02,-2.576199e-02,2.826133e-07,8.244850e-07,6.814292e-05,1.159142e-03
1552416768,20775703,18629001216,56866756,-6.383654e-02,-2.576927e-02,3.174929e-07,8.113154e-07,7.655300e-05,1.140627e-03
1552678912,20776167,18632146944,56876238,-6.381664e-02,-2.576640e-02,3.403067e-07,8.164911e-07,8.205380e-05,1.147904e-03
1552941056,20776211,18635292672,56885703,-6.379731e-02,-2.578190e-02,3.632381e-07,7.887280e-07,8.758296e-05,1.108872e-03
1553203200,20776333,18638438400,56895104,-6.379583e-02,-2.578929e-02,3.650275e-07,7.756416e-07,8.801441e-05,1.090473e-03
1553465344,20778207,18641584128,56904759,-6.381826e-02,-2.579241e-02,3.384230e-07,7.701624e-07,8.159962e-05,1.082770e-03
1553727488,20779034,18644729856,56914304,-6.381973e-02,-2.581057e-02,3.367174e-07,7.386265e-07,8.118836e-05,1.038434e-03
1553989632,20781969,18647875584,56923964,-6.380463e-02,-2.582231e-02,3.544725e-07,7.185812e-07,8.546942e-05,1.010252e-03
1554251776,20783376,18651021312,56933449,-6.378715e-02,-2.584979e-02,3.755912e-07,6.727356e-07,9.056150e-05,9.457979e-04
1554513920,20784489,18654167040,56943175,-6.377348e-02,-2.587507e-02,3.925358e-07,6.319143e-07,9.464715e-05,8.884073e-04
1554776064,20785699,18657312768,56952661,-6.377464e-02,-2.587031e-02,3.910807e-07,6.395002e-07,9.429631e-05,8.990725e-04
1555038208,20786313,18660458496,56962259,-6.377697e-02,-2.585791e-02,3.881694e-07,6.594917e-07,9.359434e-05,9.271784e-04
1555300352,20790013,18663604224,56971877,-6.377970e-02,-2.587666e-02,3.847790e-07,6.293878e-07,9.277683e-05,8.848554e-04
1555562496,20790730,18666749952,56981643,-6.377918e-02,-2.587139e-02,3.854263e-07,6.377825e-07,9.293292e-05,8.966575e-04
1555824640,20790747,18669895680,56991312,-6.377994e-02,-2.586676e-02,3.844740e-07,6.451999e-07,9.270330e-05,9.070856e-04
1556086784,20791393,18673041408,57000772,-6.376868e-02,-2.587845e-02,3.985618e-07,6.265450e-07,9.610011e-05,8.808587e-04
1556348928,20792546,18676187136,57010349,-6.375910e-02,-2.586548e-02,4.107515e-07,6.472483e-07,9.903925e-05,9.099654e-04
1556611072,20800532,18679332864,57020039,-6.372987e-02,-2.584507e-02,4.490809e-07,6.805097e-07,1.082811e-04,9.567277e-04
1556873216,20803033,18682478592,57029657,-6.372578e-02,-2.583689e-02,4.545799e-07,6.940645e-07,1.096070e-04,9.757842e-04
1557135360,20824243,18685624320,57039167,-6.370886e-02,-2.584739e-02,4.776720e-07,6.766922e-07,1.151750e-04,9.513606e-04
1557397504,20826491,18688770048,57048757,-6.371135e-02,-2.583671e-02,4.742384e-07,6.943655e-07,1.143471e-04,9.762075e-04
1557659648,20828404,18691915776,57058061,-6.371941e-02,-2.583731e-02,4.632003e-07,6.933756e-07,1.116856e-04,9.748157e-04
1557921792,20834105,18695061504,57067808,-6.370351e-02,-2.585079e-02,4.850951e-07,6.711080e-07,1.169648e-04,9.435097e-04
1558183936,20834309,18698207232,57077589,-6.367828e-02,-2.586663e-02,5.208839e-07,6.454004e-07,1.255941e-04,9.073674e-04
1558446080,20849758,18701352960,57087250,-6.368400e-02,-2.588819e-02,5.126572e-07,6.112238e-07,1.236105e-04,8.593187e-04
1558708224,20850924,18704498688,57096828,-6.367994e-02,-2.587603e-02,5.184884e-07,6.303931e-07,1.250165e-04,8.862687e-04
1558970368,20855032,18707644416,57106358,-6.364165e-02,-2.584846e-02,5.751058e-07,6.749221e-07,1.386679e-04,9.488720e-04
1559232512,20881646,18710790144,57116315,-6.364362e-02,-2.584022e-02,5.721151e-07,6.885356e-07,1.379468e-04,9.680113e-04
1559494656,20896602,18713935872,57125866,-6.362323e-02,-2.585613e-02,6.033681e-07,6.623901e-07,1.454824e-04,9.312532e-04
1559756800,20898029,18717081600,57135271,-6.363098e-02,-2.582746e-02,5.913904e-07,7.098698e-07,1.425944e-04,9.980050e-04
1560018944,20924643,18720227328,57145180,-6.364681e-02,-2.584637e-02,5.673014e-07,6.783664e-07,1.367861e-04,9.537143e-04
1560281088,20965442,18723373056,57154758,-6.363404e-02,-2.586216e-02,5.867014e-07,6.526091e-07,1.414638e-04,9.175022e-04
1560543232,21105428,18726518784,57164355,-6.362572e-02,-2.587871e-02,5.995199e-07,6.261411e-07,1.445546e-04,8.802909e-04
1560805376,21106943,18729664512,57173714,-6.363250e-02,-2.587018e-02,5.890665e-07,6.397177e-07,1.420341e-04,8.993783e-04
1561067520,21108761,18732810240,57183131,-6.360830e-02,-2.587676e-02,6.267868e-07,6.292283e-07,1.511291e-04,8.846311e-04
1561329664,21110767,18735955968,57192628,-6.364881e-02,-2.588654e-02,5.642863e-07,6.138011e-07,1.360591e-04,8.629421e-04
1561591808,21111667,18739101696,57202009,-6.362913e-02,-2.589669e-02,5.942472e-07,5.980152e-07,1.432833e-04,8.407486e-04
1561853952,21111717,18742247424,57211562,-6.363432e-02,-2.588656e-02,5.862678e-07,6.137720e-07,1.413593e-04,8.629011e-04
1562116096,21112851,18745393152,57221068,-6.364510e-02,-2.587154e-02,5.698744e-07,6.375326e-07,1.374065e-04,8.963061e-04
1562378240,21113423,18748538880,57230665,-6.364833e-02,-2.589020e-02,5.650141e-07,6.080824e-07,1.362346e-04,8.549021e-04
1562640384,21113596,18751684608,57240413,-6.366372e-02,-2.589186e-02,5.421101e-07,6.055055e-07,1.307121e-04,8.512794e-04
1562902528,21113979,18754830336,57250117,-6.366901e-02,-2.587322e-02,5.343484e-07,6.348524e-07,1.288406e-04,8.925381e-04
1563164672,21114226,18757976064,57259544,-6.365494e-02,-2.587600e-02,5.551115e-07,6.304404e-07,1.338469e-04,8.863353e-04
1563426816,21115373,18761121792,57269229,-6.364755e-02,-2.587269e-02,5.661796e-07,6.357105e-07,1.365156e-04,8.937445e-04
1563688960,21115688,18764267520,57278787,-6.362139e-02,-2.587906e-02,6.062421e-07,6.255782e-07,1.461754e-04,8.794995e-04
1563951104,21115734,18767413248,57288491,-6.361781e-02,-2.590128e-02,6.118240e-07,5.909264e-07,1.475213e-04,8.307826e-04
1564213248,21115958,18770558976,57298090,-6.360106e-02,-2.588946e-02,6.383062e-07,6.092391e-07,1.539066e-04,8.565284e-04
1564475392,21116412,18773704704,57307852,-6.360054e-02,-2.588865e-02,6.391398e-07,6.105017e-07,1.541076e-04,8.583035e-04
1564737536,21116486,18776850432,57317282,-6.362472e-02,-2.590988e-02,6.010669e-07,5.777872e-07,1.449276e-04,8.123102e-04
1564999680,21116769,18779996160,57326954,-6.364141e-02,-2.590396e-02,5.754675e-07,5.868213e-07,1.387551e-04,8.250112e-04
1565261824,21117051,18783141888,57336665,-6.364850e-02,-2.588664e-02,5.647565e-07,6.136581e-07,1.361725e-04,8.627411e-04
1565523968,21117390,18786287616,57346355,-6.365894e-02,-2.588041e-02,5.491767e-07,6.234438e-07,1.324160e-04,8.764988e-04
1565786112,21118681,18789433344,57355889,-6.366987e-02,-2.590342e-02,5.330965e-07,5.876435e-07,1.285387e-04,8.261671e-04
1566048256,21119094,18792579072,57365571,-6.365740e-02,-2.590768e-02,5.514649e-07,5.811277e-07,1.329677e-04,8.170066e-04
1566310400,21119966,18795724800,57375011,-6.363185e-02,-2.590406e-02,5.900619e-07,5.866643e-07,1.422741e-04,8.247905e-04
1566572544,21120144,18798870528,57384529,-6.362084e-02,-2.593090e-02,6.071010e-07,5.462735e-07,1.463825e-04,7.680051e-04
1566834688,21120843,18802016256,57394122,-6.362437e-02,-2.593889e-02,6.015985e-07,5.345227e-07,1.450557e-04,7.514847e-04
1567096832,21120877,18805161984,57403774,-6.361436e-02,-2.596194e-02,6.172324e-07,5.013521e-07,1.488254e-04,7.048502e-04
1567358976,21120914,18808307712,57413236,-6.360441e-02,-2.595000e-02,6.329601e-07,5.183971e-07,1.526176e-04,7.288139e-04
1567621120,21121826,18811453440,57422668,-6.363145e-02,-2.593213e-02,5.906687e-07,5.444496e-07,1.424204e-04,7.654409e-04
1567883264,21121971,18814599168,57432180,-6.363703e-02,-2.594180e-02,5.821221e-07,5.302714e-07,1.403597e-04,7.455079e-04
1568145408,21122306,18817744896,57441583,-6.363030e-02,-2.594568e-02,5.924451e-07,5.246440e-07,1.428487e-04,7.375962e-04
1568407552,21122808,18820890624,57451277,-6.364280e-02,-2.596033e-02,5.733556e-07,5.036337e-07,1.382459e-04,7.080578e-04
1568669696,21122881,18824036352,57460934,-6.364623e-02,-2.594474e-02,5.681771e-07,5.260075e-07,1.369973e-04,7.395132e-04
1568931840,21123958,18827182080,57470565,-6.360789e-02,-2.597211e-02,6.274358e-07,4.870508e-07,1.512856e-04,6.847442e-04
1569193984,21124153,18830327808,57480059,-6.362367e-02,-2.599662e-02,6.026854e-07,4.534453e-07,1.453178e-04,6.374981e-04
1569456128,21125547,18833473536,57489790,-6.363960e-02,-2.598165e-02,5.782064e-07,4.738204e-07,1.394155e-04,6.661434e-04
1569718272,21126058,18836619264,57499390,-6.365733e-02,-2.596427e-02,5.515645e-07,4.980524e-07,1.329917e-04,7.002112e-04
1569980416,21126501,18839764992,57508723,-6.364556e-02,-2.596830e-02,5.691884e-07,4.923847e-07,1.372411e-04,6.922429e-04
1570242560,21127063,18842910720,57518229,-6.362984e-02,-2.598463e-02,5.931565e-07,4.697366e-07,1.430202e-04,6.604020e-04
1570504704,21127423,18846056448,57527939,-6.364422e-02,-2.597875e-02,5.712138e-07,4.778291e-07,1.377295e-04,6.717792e-04
1570766848,21130533,18849202176,57537496,-6.361452e-02,-2.598808e-02,6.169865e-07,4.650123e-07,1.487661e-04,6.537601e-04
1571028992,21132253,18852347904,57546936,-6.360514e-02,-2.599248e-02,6.318107e-07,4.590364e-07,1.523404e-04,6.453586e-04
1571291136,21132318,18855493632,57556516,-6.360219e-02,-2.600763e-02,6.364979e-07,4.387336e-07,1.534706e-04,6.168149e-04
1571553280,21132579,18858639360,57566473,-6.362617e-02,-2.598623e-02,5.988163e-07,4.675358e-07,1.443849e-04,6.573079e-04
1571815424,21133369,18861785088,57575969,-6.362072e-02,-2.596381e-02,6.072751e-07,4.987073e-07,1.464245e-04,7.011318e-04
1572077568,21138146,18864930816,57585495,-6.361071e-02,-2.596029e-02,6.229821e-07,5.036866e-07,1.502117e-04,7.081322e-04
1572339712,21140002,18868076544,57595175,-6.360545e-02,-2.595883e-02,6.313133e-07,5.057615e-07,1.522205e-04,7.110494e-04
1572601856,21141159,18871222272,57604801,-6.360229e-02,-2.594299e-02,6.363433e-07,5.285421e-07,1.534333e-04,7.430766e-04
1572864000,21148144,18874368000,57614426,-6.359479e-02,-2.594238e-02,6.483697e-07,5.294254e-07,1.563331e-04,7.443184e-04
1573126144,21149631,18877513728,57624019,-6.359386e-02,-2.593905e-02,6.498584e-07,5.342939e-07,1.566920e-04,7.511631e-04
1573388288,21159648,18880659456,57633869,-6.360996e-02,-2.594645e-02,6.241706e-07,5.235194e-07,1.504983e-04,7.360151e-04
1573650432,21169156,18883805184,57643687,-6.361392e-02,-2.593648e-02,6.179233e-07,5.380501e-07,1.489919e-04,7.564438e-04
1573912576,21178318,18886950912,57653162,-6.361125e-02,-2.595072e-02,6.221238e-07,5.173624e-07,1.500048e-04,7.273590e-04
1574174720,21187269,18890096640,57662918,-6.361559e-02,-2.597494e-02,6.153022e-07,4.831097e-07,1.483600e-04,6.792032e-04
1574436864,21187928,18893242368,57672416,-6.362459e-02,-2.597484e-02,6.012634e-07,4.832469e-07,1.449750e-04,6.793962e-04
1574699008,21193568,18896388096,57682044,-6.361582e-02,-2.599167e-02,6.149399e-07,4.601249e-07,1.482726e-04,6.468889e-04
1574961152,21197548,18899533824,57691642,-6.363132e-02,-2.600086e-02,5.908749e-07,4.477538e-07,1.424701e-04,6.294964e-04
1575223296,21198669,18902679552,57701288,-6.361350e-02,-2.599442e-02,6.185911e-07,4.564027e-07,1.491530e-04,6.416559e-04
1575485440,21200314,18905825280,57710808,-6.361314e-02,-2.602902e-02,6.191538e-07,4.108589e-07,1.492886e-04,5.776259e-04
1575747584,21201136,18908971008,57720338,-6.361666e-02,-2.604401e-02,6.136202e-07,3.918662e-07,1.479544e-04,5.509242e-04
1576009728,21202051,18912116736,57729850,-6.359616e-02,-2.604642e-02,6.461638e-07,3.888498e-07,1.558012e-04,5.466834e-04
1576271872,21202124,18915262464,57739499,-6.360193e-02,-2.607257e-02,6.369259e-07,3.569231e-07,1.535738e-04,5.017976e-04
1576534016,21203179,18918408192,57749090,-6.359267e-02,-2.605725e-02,6.517818e-07,3.754611e-07,1.571558e-04,5.278602e-04
1576796160,21203440,18921553920,57758772,-6.359489e-02,-2.607645e-02,6.482137e-07,3.522978e-07,1.562955e-04,4.952950e-04
1577058304,21203477,18924699648,57768384,-6.355728e-02,-2.605885e-02,7.101775e-07,3.735051e-07,1.712360e-04,5.251103e-04
1577320448,21205155,18927845376,57777892,-6.357845e-02,-2.603842e-02,6.749496e-07,3.988887e-07,1.627420e-04,5.607971e-04
1577582592,21205295,18930991104,57787355,-6.357102e-02,-2.603455e-02,6.872102e-07,4.038023e-07,1.656982e-04,5.677051e-04
1577844736,21205585,18934136832,57797064,-6.356861e-02,-2.603353e-02,6.912183e-07,4.050959e-07,1.666646e-04,5.695237e-04
1578106880,21206039,18937282560,57807002,-6.357101e-02,-2.605497e-02,6.872349e-07,3.782625e-07,1.657042e-04,5.317988e-04
1578369024,21206181,18940428288,57816626,-6.355957e-02,-2.604583e-02,7.063275e-07,3.895865e-07,1.703077e-04,5.477191e-04
1578631168,21207134,18943574016,57826335,-6.355985e-02,-2.603056e-02,7.058517e-07,4.088794e-07,1.701930e-04,5.748430e-04
1578893312,21207200,18946719744,57835704,-6.355284e-02,-2.601679e-02,7.176815e-07,4.266798e-07,1.730454e-04,5.998685e-04
1579155456,21207938,18949865472,57845475,-6.353904e-02,-2.601863e-02,7.412509e-07,4.242838e-07,1.787284e-04,5.965000e-04
1579417600,21208319,18953011200,57854970,-6.351092e-02,-2.602258e-02,7.904593e-07,4.191552e-07,1.905934e-04,5.892896e-04
1579679744,21208523,18956156928,57864639,-6.350435e-02,-2.604985e-02,8.021875e-07,3.845872e-07,1.934212e-04,5.406906e-04
1579941888,21208569,18959302656,57874292,-6.348300e-02,-2.605356e-02,8.408937e-07,3.799944e-07,2.027540e-04,5.342336e-04
1580204032,21208651,18962448384,57883677,-6.346457e-02,-2.604619e-02,8.750392e-07,3.891379e-07,2.109870e-04,5.470884e-04
1580466176,21208968,18965594112,57893420,-6.348732e-02,-2.604409e-02,8.329870e-07,3.917660e-07,2.008475e-04,5.507832e-04
1580728320,21209372,18968739840,57903163,-6.348451e-02,-2.603701e-02,8.381221e-07,4.006789e-07,2.020857e-04,5.633139e-04
1580990464,21209380,18971885568,57912769,-6.347001e-02,-2.604727e-02,8.648933e-07,3.877912e-07,2.085407e-04,5.451951e-04
1581252608,21209942,18975031296,57922122,-6.346840e-02,-2.604526e-02,8.678892e-07,3.903030e-07,2.092630e-04,5.487264e-04
1581514752,21210021,18978177024,57931539,-6.345274e-02,-2.604155e-02,8.973003e-07,3.949458e-07,2.163546e-04,5.552538e-04
1581776896,21210312,18981322752,57941137,-6.345319e-02,-2.601598e-02,8.964536e-07,4.277438e-07,2.161504e-04,6.013644e-04
1582039040,21211161,18984468480,57950867,-6.345482e-02,-2.600436e-02,8.933665e-07,4.430723e-07,2.154060e-04,6.229146e-04
1582301184,21211437,18987614208,57960487,-6.347533e-02,-2.600132e-02,8.550269e-07,4.471308e-07,2.061617e-04,6.286206e-04
1582563328,21211637,18990759936,57970208,-6.345997e-02,-2.601238e-02,8.836607e-07,4.324590e-07,2.130658e-04,6.079936e-04
1582825472,21211709,18993905664,57979701,-6.344108e-02,-2.603373e-02,9.195267e-07,4.048446e-07,2.217137e-04,5.691705e-04
1583087616,21212834,18997051392,57989368,-6.342418e-02,-2.604955e-02,9.522342e-07,3.849523e-07,2.296001e-04,5.412038e-04
1583349760,21213342,19000197120,57999096,-6.341210e-02,-2.604637e-02,9.759509e-07,3.889079e-07,2.353186e-04,5.467650e-04
1583611904,21213984,19003342848,58008675,-6.342869e-02,-2.605742e-02,9.434428e-07,3.752511e-07,2.274803e-04,5.275650e-04
1583874048,21215425,19006488576,58018120,-6.342713e-02,-2.604032e-02,9.464847e-07,3.964972e-07,2.282138e-04,5.574348e-04
1584136192,21215651,19009634304,58027715,-6.341685e-02,-2.603089e-02,9.665816e-07,4.084555e-07,2.330595e-04,5.742470e-04
1584398336,21216326,19012780032,58037492,-6.341304e-02,-2.604408e-02,9.740970e-07,3.917706e-07,2.348716e-04,5.507897e-04
1584660480,21216615,19015925760,58047084,-6.343403e-02,-2.605565e-02,9.331081e-07,3.774313e-07,2.249885e-04,5.306302e-04
1584922624,21217037,19019071488,58056695,-6.343643e-02,-2.608103e-02,9.284790e-07,3.468838e-07,2.238723e-04,4.876834e-04
1585184768,21217151,19022217216,58066181,-6.340078e-02,-2.606046e-02,9.984400e-07,3.715429e-07,2.407411e-04,5.223516e-04
1585446912,21217785,19025362944,58075853,-6.342040e-02,-2.604764e-02,9.596207e-07,3.873343e-07,2.313811e-04,5.445527e-04
1585709056,21218367,19028508672,58085523,-6.341770e-02,-2.604141e-02,9.649123e-07,3.951261e-07,2.326570e-04,5.555072e-04
1585971200,21219219,19031654400,58094974,-6.341484e-02,-2.602373e-02,9.705411e-07,4.176684e-07,2.340142e-04,5.871994e-04
1586233344,21219535,19034800128,58104641,-6.340767e-02,-2.600747e-02,9.847295e-07,4.389483e-07,2.374352e-04,6.171167e-04
1586495488,21219683,19037945856,58114457,-6.339864e-02,-2.599609e-02,1.002718e-06,4.541480e-07,2.417726e-04,6.384859e-04
1586757632,21219953,19041091584,58124023,-6.340089e-02,-2.600421e-02,9.982167e-07,4.432756e-07,2.406872e-04,6.232005e-04
1587019776,21221572,19044237312,58133854,-6.340726e-02,-2.600084e-02,9.855430e-07,4.477688e-07,2.376314e-04,6.295174e-04
1587281920,21222348,19047383040,58143211,-6.340861e-02,-2.599496e-02,9.828673e-07,4.556731e-07,2.369862e-04,6.406301e-04
1587544064,21225561,19050528768,58152879,-6.340464e-02,-2.601445e-02,9.907421e-07,4.297465e-07,2.388850e-04,6.041800e-04
1587806208,21226797,19053674496,58162483,-6.336136e-02,-2.601364e-02,1.078775e-06,4.308046e-07,2.601111e-04,6.056675e-04
1588068352,21227957,19056820224,58172244,-6.336065e-02,-2.600100e-02,1.080261e-06,4.475594e-07,2.604695e-04,6.292231e-04
1588330496,21229339,19059965952,58181881,-6.334908e-02,-2.602343e-02,1.104447e-06,4.180465e-07,2.663012e-04,5.877308e-04
1588592640,21230445,19063111680,58191498,-6.334787e-02,-2.601454e-02,1.106985e-06,4.296268e-07,2.669133e-04,6.040117e-04
1588854784,21233628,19066257408,58201109,-6.333182e-02,-2.599804e-02,1.141013e-06,4.515358e-07,2.751180e-04,6.348135e-04
1589116928,21234210,19069403136,58210766,-6.329802e-02,-2.600529e-02,1.214356e-06,4.418333e-07,2.928021e-04,6.211728e-04
1589379072,21235538,19072548864,58220439,-6.329029e-02,-2.600871e-02,1.231460e-06,4.373036e-07,2.969263e-04,6.148044e-04
1589641216,21236004,19075694592,58229904,-6.328521e-02,-2.599240e-02,1.242764e-06,4.591399e-07,2.996517e-04,6.455042e-04
1589903360,21241917,19078840320,58239534,-6.327940e-02,-2.596720e-02,1.255755e-06,4.939255e-07,3.027841e-04,6.944092e-04
1590165504,21246506,19081986048,58249115,-6.327277e-02,-2.597309e-02,1.270643e-06,4.856869e-07,3.063740e-04,6.828266e-04
1590427648,21251413,19085131776,58258798,-6.326547e-02,-2.598132e-02,1.287158e-06,4.742820e-07,3.103559e-04,6.667924e-04
1590689792,21267650,19088277504,58268507,-6.327947e-02,-2.599623e-02,1.255588e-06,4.539672e-07,3.027438e-04,6.382319e-04
1590951936,21277626,19091423232,58278110,-6.326424e-02,-2.597978e-02,1.289949e-06,4.764087e-07,3.110289e-04,6.697823e-04
1591214080,21279554,19094568960,58287490,-6.325502e-02,-2.597428e-02,1.310986e-06,4.840293e-07,3.161012e-04,6.804962e-04
1591476224,21285219,19097714688,58297000,-6.326464e-02,-2.596291e-02,1.289052e-06,4.999761e-07,3.108126e-04,7.029157e-04
1591738368,21285674,19100860416,58306530,-6.328113e-02,-2.597959e-02,1.251884e-06,4.766607e-07,3.018507e-04,6.701365e-04
1592000512,21293039,19104006144,58316133,-6.326917e-02,-2.601136e-02,1.278786e-06,4.338001e-07,3.083374e-04,6.098790e-04
1592262656,21298664,19107151872,58325717,-6.328033e-02,-2.603075e-02,1.253668e-06,4.086341e-07,3.022810e-04,5.744981e-04
1592524800,21301806,19110297600,58335536,-6.327528e-02,-2.602463e-02,1.265006e-06,4.164991e-07,3.050147e-04,5.855555e-04
1592786944,21324849,19113443328,58345086,-6.327496e-02,-2.601839e-02,1.265710e-06,4.245993e-07,3.051845e-04,5.969437e-04
1593049088,21341405,19116589056,58354511,-6.325427e-02,-2.603328e-02,1.312692e-06,4.054066e-07,3.165128e-04,5.699605e-04
1593311232,21347996,19119734784,58363850,-6.323033e-02,-2.602685e-02,1.368138e-06,4.136454e-07,3.298815e-04,5.815435e-04
1593573376,21371626,19122880512,58373404,-6.321245e-02,-2.602315e-02,1.410270e-06,4.184174e-07,3.400405e-04,5.882526e-04
1593835520,21408852,19126026240,58382915,-6.321163e-02,-2.603162e-02,1.412235e-06,4.075251e-07,3.405142e-04,5.729389e-04
1594097664,21556229,19129171968,58392470,-6.321054e-02,-2.605046e-02,1.414822e-06,3.838321e-07,3.411379e-04,5.396290e-04
1594359808,21557842,19132317696,58402034,-6.322063e-02,-2.605279e-02,1.390925e-06,3.809457e-07,3.353759e-04,5.355710e-04
1594621952,21559860,19135463424,58411865,-6.322943e-02,-2.603744e-02,1.370230e-06,4.001320e-07,3.303860e-04,5.625450e-04
1594884096,21561700,19138609152,58421242,-6.322662e-02,-2.604621e-02,1.376831e-06,3.891170e-07,3.319777e-04,5.470590e-04
1595146240,21562651,19141754880,58430777,-6.323089e-02,-2.603026e-02,1.366831e-06,4.092630e-07,3.295664e-04,5.753822e-04
1595408384,21562903,19144900608,58440440,-6.322245e-02,-2.602047e-02,1.386640e-06,4.218946e-07,3.343428e-04,5.931411e-04
1595670528,21563880,19148046336,58449882,-6.323018e-02,-2.601232e-02,1.368486e-06,4.325424e-07,3.299656e-04,6.081107e-04
1595932672,21564495,19151192064,58459467,-6.325031e-02,-2.600037e-02,1.321791e-06,4.483997e-07,3.187066e-04,6.304045e-04
1596194816,21564690,19154337792,58469196,-6.325330e-02,-2.600153e-02,1.314930e-06,4.468494e-07,3.170523e-04,6.282250e-04
1596456960,21564994,19157483520,58478800,-6.327074e-02,-2.600084e-02,1.275233e-06,4.477762e-07,3.074806e-04,6.295280e-04
1596719104,21565539,19160629248,58488160,-6.326284e-02,-2.600613e-02,1.293132e-06,4.407246e-07,3.117965e-04,6.196141e-04
1596981248,21566444,19163774976,58497628,-6.325796e-02,-2.598307e-02,1.304272e-06,4.718658e-07,3.144825e-04,6.633955e-04
1597243392,21566831,19166920704,58507144,-6.326471e-02,-2.594488e-02,1.288900e-06,5.257941e-07,3.107759e-04,7.392131e-04
1597505536,21566956,19170066432,58516616,-6.326191e-02,-2.592853e-02,1.295251e-06,5.497786e-07,3.123074e-04,7.729330e-04
1597767680,21566961,19173212160,58526156,-6.328351e-02,-2.592355e-02,1.246554e-06,5.571812e-07,3.005656e-04,7.833402e-04
1598029824,21567411,19176357888,58535875,-6.329273e-02,-2.595010e-02,1.226043e-06,5.182524e-07,2.956200e-04,7.286102e-04
1598291968,21567537,19179503616,58545529,-6.328162e-02,-2.596226e-02,1.250783e-06,5.008985e-07,3.015854e-04,7.042124e-04
1598554112,21567768,19182649344,58555340,-6.326842e-02,-2.596681e-02,1.280472e-06,4.944807e-07,3.087438e-04,6.951898e-04
1598816256,21568286,19185795072,58565110,-6.325917e-02,-2.594959e-02,1.301500e-06,5.189955e-07,3.138140e-04,7.296550e-04
1599078400,21568689,19188940800,58574846,-6.324511e-02,-2.595351e-02,1.333776e-06,5.133535e-07,3.215964e-04,7.217230e-04
1599340544,21569859,19192086528,58584423,-6.324058e-02,-2.596552e-02,1.344260e-06,4.962978e-07,3.241242e-04,6.977443e-04
1599602688,21570034,19195232256,58594078,-6.324365e-02,-2.597188e-02,1.337151e-06,4.873707e-07,3.224102e-04,6.851938e-04
1599864832,21571067,19198377984,58603855,-6.323741e-02,-2.598660e-02,1.351630e-06,4.670417e-07,3.259011e-04,6.566133e-04
1600126976,21571262,19201523712,58613541,-6.322327e-02,-2.599448e-02,1.384693e-06,4.563247e-07,3.338733e-04,6.415462e-04
1600389120,21571889,19204669440,58623137,-6.319941e-02,-2.600358e-02,1.441426e-06,4.441094e-07,3.475526e-04,6.243727e-04
1600651264,21572393,19207815168,58632739,-6.319850e-02,-2.600064e-02,1.443609e-06,4.480455e-07,3.480791e-04,6.299065e-04
1600913408,21572609,19210960896,58642398,-6.321911e-02,-2.599697e-02,1.394512e-06,4.529713e-07,3.362409e-04,6.368317e-04
1601175552,21573051,19214106624,58651816,-6.320186e-02,-2.598443e-02,1.435546e-06,4.700022e-07,3.461349e-04,6.607754e-04
1601437696,21573068,19217252352,58661460,-6.318952e-02,-2.598946e-02,1.465264e-06,4.631369e-07,3.533004e-04,6.511235e-04
1601699840,21573705,19220398080,58671060,-6.319434e-02,-2.600187e-02,1.453617e-06,4.463963e-07,3.504921e-04,6.275880e-04
1601961984,21573967,19223543808,58680894,-6.317856e-02,-2.600518e-02,1.491917e-06,4.419844e-07,3.597270e-04,6.213851e-04
1602224128,21574292,19226689536,58690557,-6.320257e-02,-2.603019e-02,1.433833e-06,4.093583e-07,3.457218e-04,5.755163e-04
1602486272,21575002,19229835264,58700142,-6.319249e-02,-2.603305e-02,1.458076e-06,4.057102e-07,3.515672e-04,5.703873e-04
1602748416,21575475,19232980992,58709765,-6.319520e-02,-2.602054e-02,1.451552e-06,4.218003e-07,3.499941e-04,5.930084e-04
1603010560,21576777,19236126720,58719380,-6.317995e-02,-2.602750e-02,1.488534e-06,4.128073e-07,3.589112e-04,5.803651e-04
1603272704,21577144,19239272448,58728828,-6.316290e-02,-2.600992e-02,1.530421e-06,4.357013e-07,3.690108e-04,6.125518e-04
1603534848,21577717,19242418176,58738413,-6.316976e-02,-2.600669e-02,1.513508e-06,4.399830e-07,3.649329e-04,6.185715e-04
1603796992,21578365,19245563904,58748059,-6.320053e-02,-2.599881e-02,1.438726e-06,4.504900e-07,3.469016e-04,6.333433e-04
1604059136,21578562,19248709632,58757719,-6.319847e-02,-2.600738e-02,1.443681e-06,4.390692e-07,3.480963e-04,6.172867e-04
1604321280,21581856,19251855360,58767630,-6.320038e-02,-2.600196e-02,1.439083e-06,4.462793e-07,3.469878e-04,6.274234e-04
1604583424,21583669,19255001088,58777053,-6.318256e-02,-2.600081e-02,1.482160e-06,4.478087e-07,3.573742e-04,6.295735e-04
1604845568,21583882,19258146816,58786811,-6.317708e-02,-2.599135e-02,1.495542e-06,4.605647e-07,3.606008e-04,6.475073e-04
1605107712,21584022,19261292544,58796664,-6.319442e-02,-2.599036e-02,1.453437e-06,4.619056e-07,3.504488e-04,6.493924e-04
1605369856,21584419,19264438272,58806181,-6.317845e-02,-2.603220e-02,1.492190e-06,4.067858e-07,3.597928e-04,5.718996e-04
1605632000,21589980,19267584000,58815856,-6.319483e-02,-2.603812e-02,1.452432e-06,3.992676e-07,3.502062e-04,5.613298e-04
1605894144,21591052,19270729728,58825699,-6.317623e-02,-2.603824e-02,1.497620e-06,3.991194e-07,3.611019e-04,5.611213e-04
1606156288,21592280,19273875456,58835307,-6.318736e-02,-2.603054e-02,1.470500e-06,4.089032e-07,3.545628e-04,5.748764e-04
1606418432,21599426,19277021184,58844745,-6.319702e-02,-2.604124e-02,1.447156e-06,3.953392e-07,3.489344e-04,5.558069e-04
1606680576,21600598,19280166912,58854345,-6.319479e-02,-2.603573e-02,1.452539e-06,4.022934e-07,3.502323e-04,5.655838e-04
1606942720,21611219,19283312640,58863869,-6.318333e-02,-2.603788e-02,1.480292e-06,3.995761e-07,3.569238e-04,5.617634e-04
1607204864,21621065,19286458368,58873387,-6.315685e-02,-2.606443e-02,1.545426e-06,3.667175e-07,3.726289e-04,5.155675e-04
1607467008,21629935,19289604096,58882912,-6.317888e-02,-2.610360e-02,1.491135e-06,3.208096e-07,3.595383e-04,4.510258e-04
1607729152,21630518,19292749824,58892577,-6.318195e-02,-2.608683e-02,1.483648e-06,3.400916e-07,3.577330e-04,4.781342e-04
1607991296,21631100,19295895552,58902386,-6.318681e-02,-2.608742e-02,1.471837e-06,3.394032e-07,3.548852e-04,4.771665e-04
1608253440,21636939,19299041280,58912059,-6.320363e-02,-2.607564e-02,1.431300e-06,3.532625e-07,3.451111e-04,4.966513e-04
1608515584,21641129,19302187008,58921478,-6.320725e-02,-2.605925e-02,1.422667e-06,3.730158e-07,3.430295e-04,5.244223e-04
1608777728,21642361,19305332736,58931009,-6.322179e-02,-2.604392e-02,1.388185e-06,3.919782e-07,3.347152e-04,5.510815e-04
1609039872,21644820,19308478464,58940437,-6.319278e-02,-2.603166e-02,1.457392e-06,4.074823e-07,3.514024e-04,5.728788e-04
1609302016,21645658,19311624192,58949914,-6.319480e-02,-2.601593e-02,1.452503e-06,4.278121e-07,3.502235e-04,6.014603e-04
1609564160,21645983,19314769920,58959475,-6.318677e-02,-2.599612e-02,1.471927e-06,4.541178e-07,3.549071e-04,6.384437e-04
1609826304,21646827,19317915648,58968993,-6.318148e-02,-2.599712e-02,1.484791e-06,4.527733e-07,3.580087e-04,6.365533e-04
1610088448,21647071,19321061376,58978529,-6.317215e-02,-2.599725e-02,1.507611e-06,4.525878e-07,3.635110e-04,6.362924e-04
1610350592,21648762,19324207104,58988451,-6.316102e-02,-2.601837e-02,1.535070e-06,4.246261e-07,3.701318e-04,5.969811e-04
1610612736,21648876,19327352832,58997825,-6.315795e-02,-2.600619e-02,1.542704e-06,4.406480e-07,3.719726e-04,6.195063e-04
1610874880,21649279,19330498560,59007669,-6.314993e-02,-2.601972e-02,1.562683e-06,4.228582e-07,3.767899e-04,5.944958e-04
1611137024,21649777,19333644288,59017381,-6.316730e-02,-2.603140e-02,1.519546e-06,4.078129e-07,3.663886e-04,5.733436e-04
1611399168,21649909,19336790016,59027071,-6.317927e-02,-2.602034e-02,1.490189e-06,4.220592e-07,3.593102e-04,5.933723e-04
1611661312,21650721,19339935744,59036790,-6.316800e-02,-2.601495e-02,1.517838e-06,4.290898e-07,3.659769e-04,6.032567e-04
1611923456,21651048,19343081472,59046344,-6.317127e-02,-2.602860e-02,1.509789e-06,4.113940e-07,3.640362e-04,5.783782e-04
1612185600,21651729,19346227200,59056078,-6.316666e-02,-2.603792e-02,1.521144e-06,3.995243e-07,3.667741e-04,5.616905e-04
1612447744,21651736,19349372928,59065592,-6.314125e-02,-2.604728e-02,1.584460e-06,3.877750e-07,3.820405e-04,5.451723e-04
1612709888,21652022,19352518656,59075110,-6.313572e-02,-2.605435e-02,1.598408e-06,3.790190e-07,3.854037e-04,5.328623e-04
1612972032,21652050,19355664384,59084743,-6.315728e-02,-2.606422e-02,1.544371e-06,3.669724e-07,3.723743e-04,5.159260e-04
1613234176,21652282,19358810112,59094445,-6.314725e-02,-2.606745e-02,1.569378e-06,3.630697e-07,3.784040e-04,5.104392e-04
1613496320,21652354,19361955840,59104094,-6.314237e-02,-2.604476e-02,1.581647e-06,3.909270e-07,3.813624e-04,5.496037e-04
1613758464,21652654,19365101568,59113470,-6.312791e-02,-2.603209e-02,1.618212e-06,4.069331e-07,3.901789e-04,5.721067e-04
1614020608,21653140,19368247296,59123042,-6.310593e-02,-2.601904e-02,1.674615e-06,4.237526e-07,4.037784e-04,5.957532e-04
1614282752,21653313,19371393024,59132661,-6.309606e-02,-2.602358e-02,1.700262e-06,4.178538e-07,4.099625e-04,5.874601e-04
1614544896,21653745,19374538752,59142319,-6.310850e-02,-2.603887e-02,1.667968e-06,3.983290e-07,4.021759e-04,5.600102e-04
1614807040,21653975,19377684480,59151561,-6.311026e-02,-2.603755e-02,1.663430e-06,3.999906e-07,4.010816e-04,5.623462e-04
1615069184,21655050,19380830208,59161274,-6.311125e-02,-2.604151e-02,1.660875e-06,3.949950e-07,4.004655e-04,5.553229e-04
1615331328,21655152,19383975936,59171059,-6.313326e-02,-2.601945e-02,1.604631e-06,4.232095e-07,3.869041e-04,5.949897e-04
1615593472,21655221,19387121664,59180760,-6.311263e-02,-2.605296e-02,1.657324e-06,3.807319e-07,3.996094e-04,5.352704e-04
1615855616,21655683,19390267392,59190413,-6.310297e-02,-2.605745e-02,1.682298e-06,3.752191e-07,4.056311e-04,5.275200e-04
1616117760,21656397,19393413120,59200006,-6.312319e-02,-2.605779e-02,1.630253e-06,3.748062e-07,3.930820e-04,5.269396e-04
1616379904,21656665,19396558848,59209358,-6.311524e-02,-2.604657e-02,1.650616e-06,3.886663e-07,3.979920e-04,5.464253e-04
1616642048,21657176,19399704576,59218885,-6.309532e-02,-2.603699e-02,1.702206e-06,4.007048e-07,4.104311e-04,5.633503e-04
1616904192,21657879,19402850304,59228486,-6.309541e-02,-2.602076e-02,1.701953e-06,4.215148e-07,4.103702e-04,5.926071e-04
1617166336,21659384,19405996032,59238232,-6.307426e-02,-2.603198e-02,1.757590e-06,4.070639e-07,4.237853e-04,5.722905e-04
1617428480,21659975,19409141760,59247777,-6.306420e-02,-2.603658e-02,1.784361e-06,4.012261e-07,4.302401e-04,5.640833e-04
1617690624,21660126,19412287488,59257322,-6.309669e-02,-2.601738e-02,1.698630e-06,4.259088e-07,4.095691e-04,5.987845e-04
1617952768,21660870,19415433216,59266909,-6.310453e-02,-2.600232e-02,1.678261e-06,4.458016e-07,4.046576e-04,6.267519e-04
1618214912,21661017,19418578944,59276419,-6.311155e-02,-2.600968e-02,1.660107e-06,4.360186e-07,4.002803e-04,6.129979e-04
1618477056,21661733,19421724672,59286369,-6.312099e-02,-2.603020e-02,1.635870e-06,4.093392e-07,3.944364e-04,5.754894e-04
1618739200,21661900,19424870400,59295976,-6.311516e-02,-2.603161e-02,1.650827e-06,4.075441e-07,3.980429e-04,5.729657e-04
1619001344,21662402,19428016128,59305537,-6.311582e-02,-2.602353e-02,1.649124e-06,4.179284e-07,3.976321e-04,5.875650e-04
1619263488,21662857,19431161856,59315299,-6.310481e-02,-2.603736e-02,1.677528e-06,4.002333e-07,4.044808e-04,5.626875e-04
1619525632,21663076,19434307584,59324823,-6.311037e-02,-2.600306e-02,1.663142e-06,4.448073e-07,4.010120e-04,6.253539e-04
1619787776,21663355,19437453312,59334455,-6.310058e-02,-2.601917e-02,1.688508e-06,4.235829e-07,4.071283e-04,5.955145e-04
1620049920,21664150,19440599040,59344183,-6.310466e-02,-2.601261e-02,1.677914e-06,4.321676e-07,4.045739e-04,6.075837e-04
1620312064,21665120,19443744768,59353686,-6.309206e-02,-2.603887e-02,1.710712e-06,3.983196e-07,4.124822e-04,5.599969e-04
1620574208,21665970,19446890496,59363392,-6.309847e-02,-2.601600e-02,1.693992e-06,4.277170e-07,4.084506e-04,6.013268e-04
1620836352,21667024,19450036224,59373090,-6.310950e-02,-2.601499e-02,1.665391e-06,4.290312e-07,4.015543e-04,6.031744e-04
1621098496,21669370,19453181952,59382618,-6.309946e-02,-2.602288e-02,1.691414e-06,4.187693e-07,4.078289e-04,5.887472e-04
1621360640,21670502,19456327680,59392245,-6.310745e-02,-2.604109e-02,1.670702e-06,3.955290e-07,4.028351e-04,5.560737e-04
1621622784,21671657,19459473408,59401998,-6.310993e-02,-2.603367e-02,1.664275e-06,4.049181e-07,4.012855e-04,5.692737e-04
1621884928,21673092,19462619136,59411566,-6.311078e-02,-2.604980e-02,1.662104e-06,3.846426e-07,4.007619e-04,5.407685e-04
1622147072,21674765,19465764864,59421237,-6.311309e-02,-2.602539e-02,1.656135e-06,4.155236e-07,3.993226e-04,5.841840e-04
1622409216,21677571,19468910592,59430838,-6.311650e-02,-2.605411e-02,1.647383e-06,3.793172e-07,3.972123e-04,5.332815e-04
1622671360,21678064,19472056320,59440503,-6.312384e-02,-2.603823e-02,1.628579e-06,3.991335e-07,3.926784e-04,5.611412e-04
1622933504,21679628,19475202048,59450092,-6.313010e-02,-2.605495e-02,1.612644e-06,3.782809e-07,3.888363e-04,5.318246e-04
1623195648,21679725,19478347776,59459629,-6.314802e-02,-2.605189e-02,1.567456e-06,3.820616e-07,3.779405e-04,5.371399e-04
1623457792,21690065,19481493504,59469173,-6.315640e-02,-2.605281e-02,1.546556e-06,3.809204e-07,3.729014e-04,5.355354e-04
1623719936,21693243,19484639232,59478846,-6.314041e-02,-2.605945e-02,1.586561e-06,3.727655e-07,3.825473e-04,5.240705e-04
1623982080,21702586,19487784960,59488324,-6.314526e-02,-2.606283e-02,1.574366e-06,3.686534e-07,3.796067e-04,5.182892e-04
1624244224,21711123,19490930688,59497994,-6.314441e-02,-2.606440e-02,1.576517e-06,3.667490e-07,3.801254e-04,5.156119e-04
1624506368,21728885,19494076416,59507652,-6.312188e-02,-2.606091e-02,1.633603e-06,3.709936e-07,3.938898e-04,5.215793e-04
1624768512,21730688,19497222144,59516957,-6.314037e-02,-2.607566e-02,1.586674e-06,3.532426e-07,3.825744e-04,4.966232e-04
1625030656,21736601,19500367872,59526357,-6.313348e-02,-2.606914e-02,1.604084e-06,3.610299e-07,3.867722e-04,5.075714e-04
1625292800,21736620,19503513600,59536076,-6.314394e-02,-2.603607e-02,1.577696e-06,4.018730e-07,3.804096e-04,5.649927e-04
1625554944,21737192,19506659328,59545596,-6.316663e-02,-2.604800e-02,1.521218e-06,3.868777e-07,3.667918e-04,5.439109e-04
1625817088,21742454,19509805056,59555302,-6.316804e-02,-2.603536e-02,1.517728e-06,4.027614e-07,3.659503e-04,5.662417e-04
1626079232,21752666,19512950784,59565088,-6.316032e-02,-2.604383e-02,1.536824e-06,3.920925e-07,3.705548e-04,5.512423e-04
1626341376,21768341,19516096512,59575061,-6.317189e-02,-2.604271e-02,1.508252e-06,3.934957e-07,3.636655e-04,5.532149e-04
1626603520,21784941,19519242240,59584542,-6.319284e-02,-2.605425e-02,1.457248e-06,3.791475e-07,3.513677e-04,5.330429e-04
1626865664,21799255,19522387968,59594137,-6.321283e-02,-2.604569e-02,1.409368e-06,3.897609e-07,3.398229e-04,5.479644e-04
1627127808,21818673,19525533696,59603885,-6.324265e-02,-2.606307e-02,1.339461e-06,3.683639e-07,3.229671e-04,5.178822e-04
1627389952,21852447,19528679424,59613315,-6.323073e-02,-2.606919e-02,1.367196e-06,3.609695e-07,3.296546e-04,5.074865e-04
1627652096,22007180,19531825152,59622910,-6.324714e-02,-2.608828e-02,1.329082e-06,3.383970e-07,3.204645e-04,4.757518e-04
1627914240,22008741,19534970880,59632387,-6.324191e-02,-2.608487e-02,1.341186e-06,3.423743e-07,3.233831e-04,4.813436e-04
1628176384,22010846,19538116608,59642110,-6.323954e-02,-2.608554e-02,1.346662e-06,3.415988e-07,3.247034e-04,4.802532e-04
1628438528,22012787,19541262336,59651547,-6.321639e-02,-2.608511e-02,1.400942e-06,3.420976e-07,3.377914e-04,4.809545e-04
1628700672,22013640,19544408064,59661166,-6.322422e-02,-2.608781e-02,1.382467e-06,3.389455e-07,3.333366e-04,4.765230e-04
1628962816,22014295,19547553792,59671270,-6.321898e-02,-2.605738e-02,1.394811e-06,3.753082e-07,3.363131e-04,5.276452e-04
1629224960,22015054,19550699520,59680701,-6.320274e-02,-2.606695e-02,1.433440e-06,3.636671e-07,3.456271e-04,5.112790e-04
1629487104,22015632,19553845248,59690069,-6.319799e-02,-2.610151e-02,1.444845e-06,3.231751e-07,3.483770e-04,4.543513e-04
1629749248,22015815,19556990976,59699856,-6.316663e-02,-2.610792e-02,1.521199e-06,3.159352e-07,3.667873e-04,4.441728e-04
1630011392,22016295,19560136704,59709503,-6.317090e-02,-2.611056e-02,1.510687e-06,3.129688e-07,3.642526e-04,4.400024e-04
1630273536,22016926,19563282432,59719151,-6.316191e-02,-2.610216e-02,1.532874e-06,3.224385e-07,3.696023e-04,4.533158e-04
1630535680,22017517,19566428160,59728615,-6.316593e-02,-2.612156e-02,1.522928e-06,3.007834e-07,3.672040e-04,4.228709e-04
1630797824,22017941,19569573888,59738381,-6.315233e-02,-2.610272e-02,1.556691e-06,3.218084e-07,3.753450e-04,4.524300e-04
1631059968,22018130,19572719616,59747732,-6.315074e-02,-2.609874e-02,1.560654e-06,3.263404e-07,3.763005e-04,4.588015e-04
1631322112,22018379,19575865344,59757555,-6.315798e-02,-2.610798e-02,1.542630e-06,3.158640e-07,3.719547e-04,4.440727e-04
1631584256,22018413,19579011072,59766887,-6.316320e-02,-2.610643e-02,1.529684e-06,3.176125e-07,3.688331e-04,4.465310e-04
1631846400,22018691,19582156800,59776339,-6.313206e-02,-2.611185e-02,1.607671e-06,3.115283e-07,3.876373e-04,4.379772e-04
1632108544,22018865,19585302528,59785904,-6.312645e-02,-2.611613e-02,1.621930e-06,3.067767e-07,3.910752e-04,4.312970e-04
1632370688,22019588,19588448256,59795714,-6.313497e-02,-2.610447e-02,1.600311e-06,3.198187e-07,3.858626e-04,4.496326e-04
1632632832,22020050,19591593984,59805133,-6.314499e-02,-2.611876e-02,1.575058e-06,3.038641e-07,3.797736e-04,4.272020e-04
1632894976,22021095,19594739712,59814712,-6.314564e-02,-2.612021e-02,1.573431e-06,3.022665e-07,3.793813e-04,4.249560e-04
1633157120,22021143,19597885440,59824266,-6.314093e-02,-2.610031e-02,1.585266e-06,3.245446e-07,3.822350e-04,4.562768e-04
1633419264,22022239,19601031168,59834005,-6.316136e-02,-2.609925e-02,1.534239e-06,3.257554e-07,3.699315e-04,4.579791e-04
1633681408,22022445,19604176896,59843469,-6.315694e-02,-2.608777e-02,1.545204e-06,3.389910e-07,3.725753e-04,4.765870e-04
1633943552,22023046,19607322624,59853267,-6.316505e-02,-2.609480e-02,1.525117e-06,3.308569e-07,3.677319e-04,4.651512e-04
1634205696,22024030,19610468352,59863123,-6.316666e-02,-2.609910e-02,1.521126e-06,3.259234e-07,3.667697e-04,4.582153e-04
1634467840,22024099,19613614080,59872937,-6.316493e-02,-2.609071e-02,1.525393e-06,3.355792e-07,3.677984e-04,4.717903e-04
1634729984,22024100,19616759808,59882443,-6.314434e-02,-2.608760e-02,1.576685e-06,3.391841e-07,3.801660e-04,4.768584e-04
1634992128,22024244,19619905536,59891969,-6.315424e-02,-2.608315e-02,1.551935e-06,3.443980e-07,3.741983e-04,4.841886e-04
1635254272,22024932,19623051264,59901515,-6.314550e-02,-2.608074e-02,1.573786e-06,3.472261e-07,3.794670e-04,4.881647e-04
1635516416,22025130,19626196992,59911095,-6.314407e-02,-2.610013e-02,1.577378e-06,3.247569e-07,3.803329e-04,4.565752e-04
1635778560,22025808,19629342720,59920486,-6.313797e-02,-2.611643e-02,1.592723e-06,3.064446e-07,3.840330e-04,4.308301e-04
1636040704,22026026,19632488448,59929949,-6.315517e-02,-2.610478e-02,1.549597e-06,3.194775e-07,3.736345e-04,4.491530e-04
1636302848,22026908,19635634176,59939487,-6.318371e-02,-2.609759e-02,1.479367e-06,3.276526e-07,3.567009e-04,4.606463e-04
1636564992,22027832,19638779904,59949193,-6.317238e-02,-2.609213e-02,1.507062e-06,3.339368e-07,3.633787e-04,4.694813e-04
1636827136,22028161,19641925632,59958765,-6.315836e-02,-2.610925e-02,1.541668e-06,3.144356e-07,3.717227e-04,4.420646e-04
1637089280,22028842,19645071360,59968491,-6.315059e-02,-2.609433e-02,1.561026e-06,3.313949e-07,3.763902e-04,4.659077e-04
1637351424,22029780,19648217088,59978198,-6.315944e-02,-2.608801e-02,1.539005e-06,3.387113e-07,3.710806e-04,4.761937e-04
1637613568,22029815,19651362816,59987854,-6.316300e-02,-2.609567e-02,1.530163e-06,3.298569e-07,3.689486e-04,4.637454e-04
1637875712,22033418,19654508544,59997174,-6.313154e-02,-2.608499e-02,1.608994e-06,3.422370e-07,3.879562e-04,4.811505e-04
1638137856,22035139,19657654272,60006803,-6.314567e-02,-2.607083e-02,1.573338e-06,3.590048e-07,3.793589e-04,5.047243e-04
1638400000,22035203,19660800000,60016112,-6.315073e-02,-2.609492e-02,1.560691e-06,3.307219e-07,3.763094e-04,4.649614e-04
1638662144,22035728,19663945728,60025556,-6.316721e-02,-2.612042e-02,1.519766e-06,3.020412e-07,3.664418e-04,4.246393e-04
1638924288,22036059,19667091456,60034990,-6.315036e-02,-2.612149e-02,1.561603e-06,3.008651e-07,3.765294e-04,4.229858e-04
1639186432,22041677,19670237184,60044600,-6.314638e-02,-2.615203e-02,1.571581e-06,2.682948e-07,3.789353e-04,3.771953e-04
1639448576,22042210,19673382912,60054043,-6.312669e-02,-2.618056e-02,1.621323e-06,2.395513e-07,3.909288e-04,3.367849e-04
1639710720,22043519,19676528640,60063414,-6.312682e-02,-2.619449e-02,1.620981e-06,2.261124e-07,3.908465e-04,3.178911e-04
1639972864,22050612,19679674368,60072915,-6.311572e-02,-2.619337e-02,1.649391e-06,2.271783e-07,3.976967e-04,3.193897e-04
1640235008,22051489,19682820096,60082382,-6.313978e-02,-2.617300e-02,1.588157e-06,2.470074e-07,3.829320e-04,3.472674e-04
1640497152,22062640,19685965824,60091936,-6.313570e-02,-2.616623e-02,1.598464e-06,2.537834e-07,3.854173e-04,3.567936e-04
1640759296,22072633,19689111552,60101470,-6.312716e-02,-2.615723e-02,1.620127e-06,2.629325e-07,3.906407e-04,3.696564e-04
1641021440,22073641,19692257280,60111096,-6.312907e-02,-2.617310e-02,1.615257e-06,2.469130e-07,3.894662e-04,3.471346e-04
1641283584,22074235,19695403008,60120798,-6.311639e-02,-2.616652e-02,1.647670e-06,2.534907e-07,3.972815e-04,3.563822e-04
1641545728,22080281,19698548736,60130215,-6.310371e-02,-2.616590e-02,1.680366e-06,2.541138e-07,4.051651e-04,3.572581e-04
1641807872,22081547,19701694464,60139778,-6.309677e-02,-2.616221e-02,1.698417e-06,2.578475e-07,4.095176e-04,3.625074e-04
1642070016,22084707,19704840192,60149368,-6.309906e-02,-2.616845e-02,1.692460e-06,2.515531e-07,4.080813e-04,3.536582e-04
1642332160,22085945,19707985920,60158937,-6.310704e-02,-2.616900e-02,1.671762e-06,2.509967e-07,4.030906e-04,3.528759e-04
1642594304,22088522,19711131648,60168538,-6.308310e-02,-2.614949e-02,1.734219e-06,2.709313e-07,4.181502e-04,3.809019e-04
1642856448,22089249,19714277376,60178212,-6.308948e-02,-2.616603e-02,1.717482e-06,2.539823e-07,4.141144e-04,3.570734e-04
1643118592,22089713,19717423104,60187875,-6.307694e-02,-2.617857e-02,1.750505e-06,2.415044e-07,4.220770e-04,3.395307e-04
1643380736,22090241,19720568832,60197690,-6.308236e-02,-2.617645e-02,1.736182e-06,2.435886e-07,4.186234e-04,3.424609e-04
1643642880,22090539,19723714560,60207586,-6.307719e-02,-2.615853e-02,1.749835e-06,2.616028e-07,4.219153e-04,3.677869e-04
1643905024,22092370,19726860288,60217226,-6.305318e-02,-2.616664e-02,1.813922e-06,2.533669e-07,4.373678e-04,3.562082e-04
1644167168,22092478,19730006016,60226919,-6.306495e-02,-2.616715e-02,1.782371e-06,2.528609e-07,4.297603e-04,3.554967e-04
1644429312,22092957,19733151744,60236667,-6.304486e-02,-2.616269e-02,1.836408e-06,2.573616e-07,4.427896e-04,3.618243e-04
1644691456,22093429,19736297472,60246163,-6.301674e-02,-2.614544e-02,1.913408e-06,2.751671e-07,4.613556e-04,3.868570e-04
1644953600,22093526,19739443200,60255704,-6.301195e-02,-2.613587e-02,1.926684e-06,2.852951e-07,4.645568e-04,4.010960e-04
1645215744,22094433,19742588928,60265260,-6.300174e-02,-2.614221e-02,1.955125e-06,2.785621e-07,4.714143e-04,3.916301e-04
1645477888,22094798,19745734656,60274785,-6.301231e-02,-2.616033e-02,1.925692e-06,2.597673e-07,4.643175e-04,3.652065e-04
1645740032,22095218,19748880384,60284288,-6.301802e-02,-2.614751e-02,1.909885e-06,2.729984e-07,4.605061e-04,3.838080e-04
1646002176,22095565,19752026112,60293790,-6.303951e-02,-2.612950e-02,1.850936e-06,2.921388e-07,4.462925e-04,4.107175e-04
1646264320,22095706,19755171840,60303561,-6.303370e-02,-2.614935e-02,1.866782e-06,2.710806e-07,4.501134e-04,3.811118e-04
1646526464,22096003,19758317568,60312967,-6.301907e-02,-2.614398e-02,1.906962e-06,2.766954e-07,4.598013e-04,3.890057e-04
1646788608,22096031,19761463296,60322627,-6.301399e-02,-2.612749e-02,1.921042e-06,2.943114e-07,4.631963e-04,4.137720e-04
1647050752,22096214,19764609024,60332166,-6.300870e-02,-2.612011e-02,1.935713e-06,3.023791e-07,4.667338e-04,4.251144e-04
1647312896,22096738,19767754752,60341630,-6.301651e-02,-2.612727e-02,1.914047e-06,2.945559e-07,4.615097e-04,4.141158e-04
1647575040,22097128,19770900480,60351118,-6.302407e-02,-2.611837e-02,1.893200e-06,3.042996e-07,4.564830e-04,4.278143e-04
1647837184,22097236,19774046208,60360466,-6.298511e-02,-2.612335e-02,2.001928e-06,2.988232e-07,4.826993e-04,4.201151e-04
1648099328,22097485,19777191936,60370023,-6.298531e-02,-2.610718e-02,2.001359e-06,3.167607e-07,4.825621e-04,4.453334e-04
1648361472,22098754,19780337664,60379697,-6.297045e-02,-2.610148e-02,2.043614e-06,3.232174e-07,4.927506e-04,4.544109e-04
1648623616,22098766,19783483392,60389351,-6.299156e-02,-2.609102e-02,1.983711e-06,3.352189e-07,4.783069e-04,4.712837e-04
1648885760,22098781,19786629120,60399046,-6.300489e-02,-2.610081e-02,1.946342e-06,3.239803e-07,4.692966e-04,4.554834e-04
1649147904,22099678,19789774848,60408485,-6.301569e-02,-2.607299e-02,1.916315e-06,3.564158e-07,4.620566e-04,5.010844e-04
1649410048,22100216,19792920576,60418019,-6.301226e-02,-2.606807e-02,1.925816e-06,3.623226e-07,4.643474e-04,5.093889e-04
1649672192,22100830,19796066304,60427881,-6.302258e-02,-2.607352e-02,1.897282e-06,3.557889e-07,4.574674e-04,5.002032e-04
1649934336,22101731,19799212032,60437657,-6.301801e-02,-2.609689e-02,1.909905e-06,3.284592e-07,4.605111e-04,4.617802e-04
1650196480,22103089,19802357760,60447064,-6.300236e-02,-2.608918e-02,1.953396e-06,3.373511e-07,4.709974e-04,4.742814e-04
1650458624,22103581,19805503488,60456574,-6.298826e-02,-2.607865e-02,1.993020e-06,3.496891e-07,4.805514e-04,4.916273e-04
1650720768,22103797,19808649216,60466314,-6.296366e-02,-2.608089e-02,2.063066e-06,3.470549e-07,4.974409e-04,4.879240e-04
1650982912,22104327,19811794944,60475869,-6.298962e-02,-2.607602e-02,1.989172e-06,3.528176e-07,4.796236e-04,4.960257e-04
1651245056,22104466,19814940672,60485422,-6.300740e-02,-2.607762e-02,1.939343e-06,3.509105e-07,4.676090e-04,4.933447e-04
1651507200,22104734,19818086400,60495216,-6.302110e-02,-2.606910e-02,1.901369e-06,3.610814e-07,4.584528e-04,5.076438e-04
1651769344,22105439,19821232128,60504570,-6.301416e-02,-2.601939e-02,1.920567e-06,4.232944e-07,4.630818e-04,5.951090e-04
1652031488,22105537,19824377856,60514279,-6.305148e-02,-2.602328e-02,1.818500e-06,4.182488e-07,4.384718e-04,5.880154e-04
1652293632,22106606,19827523584,60523840,-6.304176e-02,-2.602338e-02,1.844818e-06,4.181187e-07,4.448174e-04,5.878325e-04
1652555776,22106743,19830669312,60533343,-6.305402e-02,-2.602783e-02,1.811675e-06,4.123838e-07,4.368260e-04,5.797697e-04
1652817920,22106824,19833815040,60542669,-6.304756e-02,-2.604101e-02,1.829106e-06,3.956297e-07,4.410289e-04,5.562153e-04
1653080064,22108150,19836960768,60552198,-6.304804e-02,-2.603760e-02,1.827796e-06,3.999270e-07,4.407131e-04,5.622568e-04
1653342208,22108790,19840106496,60561808,-6.305381e-02,-2.605266e-02,1.812236e-06,3.811112e-07,4.369614e-04,5.358037e-04
1653604352,22109297,19843252224,60571082,-6.307711e-02,-2.604681e-02,1.750032e-06,3.883667e-07,4.219629e-04,5.460043e-04
1653866496,22109545,19846397952,60580663,-6.308449e-02,-2.605233e-02,1.730571e-06,3.815115e-07,4.172706e-04,5.363664e-04
1654128640,22112972,19849543680,60590288,-6.305385e-02,-2.606964e-02,1.812136e-06,3.604370e-07,4.369372e-04,5.067379e-04
1654390784,22114026,19852689408,60599848,-6.304026e-02,-2.608357e-02,1.848889e-06,3.439019e-07,4.457988e-04,4.834912e-04
1654652928,22114938,19855835136,60609549,-6.304976e-02,-2.609192e-02,1.823145e-06,3.341736e-07,4.395917e-04,4.698142e-04
1654915072,22115347,19858980864,60619232,-6.306068e-02,-2.606723e-02,1.793788e-06,3.633346e-07,4.325132e-04,5.108116e-04
1655177216,22116739,19862126592,60628829,-6.304711e-02,-2.605432e-02,1.830315e-06,3.790626e-07,4.413205e-04,5.329235e-04
1655439360,22118590,19865272320,60638407,-6.305051e-02,-2.606427e-02,1.821134e-06,3.669092e-07,4.391067e-04,5.158372e-04
1655701504,22119159,19868418048,60647911,-6.305256e-02,-2.605372e-02,1.815608e-06,3.797946e-07,4.377743e-04,5.339526e-04
1655963648,22121195,19871563776,60657687,-6.303921e-02,-2.604412e-02,1.851747e-06,3.917287e-07,4.464880e-04,5.507307e-04
1656225792,22121714,19874709504,60667301,-6.303971e-02,-2.603235e-02,1.850408e-06,4.065934e-07,4.461654e-04,5.716291e-04
1656487936,22123193,19877855232,60676937,-6.303073e-02,-2.603780e-02,1.874914e-06,3.996821e-07,4.520742e-04,5.619124e-04
1656750080,22123865,19881000960,60686367,-6.301206e-02,-2.602364e-02,1.926395e-06,4.177863e-07,4.644870e-04,5.873652e-04
1657012224,22133679,19884146688,60696132,-6.300650e-02,-2.604531e-02,1.941855e-06,3.902309e-07,4.682146e-04,5.486250e-04
1657274368,22144272,19887292416,60705645,-6.301313e-02,-2.604598e-02,1.923418e-06,3.894005e-07,4.637692e-04,5.474577e-04
1657536512,22153422,19890438144,60715294,-6.301191e-02,-2.605858e-02,1.926809e-06,3.738285e-07,4.645867e-04,5.255649e-04
1657798656,22154636,19893583872,60724710,-6.300309e-02,-2.607232e-02,1.951377e-06,3.572214e-07,4.705105e-04,5.022170e-04
1658060800,22180076,19896729600,60734091,-6.302393e-02,-2.606802e-02,1.893569e-06,3.623809e-07,4.565720e-04,5.094708e-04
1658322944,22180085,19899875328,60743611,-6.304491e-02,-2.609358e-02,1.836267e-06,3.322597e-07,4.427556e-04,4.671235e-04
1658585088,22181777,19903021056,60753232,-6.306291e-02,-2.609366e-02,1.787806e-06,3.321631e-07,4.310709e-04,4.669876e-04
1658847232,22186055,19906166784,60762822,-6.307042e-02,-2.609783e-02,1.767799e-06,3.273819e-07,4.262467e-04,4.602657e-04
1659109376,22187975,19909312512,60772250,-6.307516e-02,-2.609614e-02,1.755221e-06,3.293201e-07,4.232139e-04,4.629907e-04
1659371520,22188621,19912458240,60781781,-6.308006e-02,-2.608695e-02,1.742254e-06,3.399482e-07,4.200875e-04,4.779327e-04
1659633664,22203591,19915603968,60791288,-6.308857e-02,-2.608370e-02,1.719865e-06,3.437511e-07,4.146891e-04,4.832792e-04
1659895808,22211908,19918749696,60801043,-6.307893e-02,-2.607021e-02,1.745226e-06,3.597440e-07,4.208040e-04,5.057636e-04
1660157952,22228555,19921895424,60810737,-6.307850e-02,-2.607772e-02,1.746368e-06,3.507936e-07,4.210793e-04,4.931802e-04
1660420096,22250689,19925041152,60820102,-6.307919e-02,-2.604816e-02,1.744556e-06,3.866878e-07,4.206426e-04,5.436437e-04
1660682240,22265767,19928186880,60829773,-6.307486e-02,-2.606299e-02,1.756010e-06,3.684611e-07,4.234043e-04,5.180190e-04
1660944384,22295949,19931332608,60839560,-6.309276e-02,-2.605528e-02,1.708881e-06,3.778823e-07,4.120406e-04,5.312642e-04
1661206528,22457949,19934478336,60849090,-6.310187e-02,-2.605906e-02,1.685160e-06,3.732433e-07,4.063210e-04,5.247422e-04
1661468672,22459756,19937624064,60858578,-6.310418e-02,-2.605969e-02,1.679149e-06,3.724836e-07,4.048718e-04,5.236741e-04
1661730816,22461756,19940769792,60868133,-6.309049e-02,-2.604717e-02,1.714827e-06,3.879188e-07,4.134743e-04,5.453745e-04
1661992960,22463705,19943915520,60877743,-6.306531e-02,-2.601417e-02,1.781396e-06,4.301153e-07,4.295253e-04,6.046984e-04
1662255104,22464740,19947061248,60887067,-6.306393e-02,-2.601661e-02,1.785078e-06,4.269158e-07,4.304129e-04,6.002004e-04
1662517248,22465588,19950206976,60896754,-6.306213e-02,-2.601979e-02,1.789899e-06,4.227783e-07,4.315754e-04,5.943834e-04
1662779392,22466287,19953352704,60906212,-6.305789e-02,-2.602827e-02,1.801260e-06,4.118194e-07,4.343149e-04,5.789763e-04
1663041536,22466772,19956498432,60915696,-6.306180e-02,-2.603490e-02,1.790776e-06,4.033527e-07,4.317869e-04,5.670730e-04
1663303680,22466998,19959644160,60925136,-6.307390e-02,-2.602903e-02,1.758539e-06,4.108446e-07,4.240140e-04,5.776058e-04
1663565824,22467297,19962789888,60934731,-6.309265e-02,-2.605235e-02,1.709173e-06,3.814862e-07,4.121110e-04,5.363309e-04
1663827968,22468166,19965935616,60944457,-6.308261e-02,-2.606582e-02,1.735534e-06,3.650320e-07,4.184672e-04,5.131979e-04
1664090112,22468408,19969081344,60953854,-6.306544e-02,-2.604932e-02,1.781058e-06,3.852390e-07,4.294438e-04,5.416069e-04
1664352256,22469121,19972227072,60963618,-6.305792e-02,-2.602418e-02,1.801180e-06,4.170859e-07,4.342955e-04,5.863805e-04
1664614400,22469237,19975372800,60973070,-6.307663e-02,-2.601888e-02,1.751314e-06,4.239587e-07,4.222719e-04,5.960430e-04
1664876544,22469431,19978518528,60982782,-6.309631e-02,-2.601286e-02,1.699621e-06,4.318321e-07,4.098079e-04,6.071121e-04
1665138688,22469663,19981664256,60992479,-6.311091e-02,-2.602273e-02,1.661758e-06,4.189526e-07,4.006785e-04,5.890049e-04
1665400832,22469778,19984809984,61002208,-6.310406e-02,-2.603908e-02,1.679458e-06,3.980633e-07,4.049463e-04,5.596367e-04
1665662976,22470101,19987955712,61011854,-6.311250e-02,-2.606910e-02,1.657669e-06,3.610747e-07,3.996926e-04,5.076344e-04
1665925120,22470955,19991101440,61021493,-6.308233e-02,-2.607354e-02,1.736261e-06,3.557623e-07,4.186423e-04,5.001656e-04
1666187264,22471458,19994247168,61030940,-6.309516e-02,-2.606094e-02,1.702614e-06,3.709573e-07,4.105296e-04,5.215283e-04
1666449408,22471983,19997392896,61040740,-6.308553e-02,-2.606324e-02,1.727847e-06,3.681559e-07,4.166138e-04,5.175899e-04
1666711552,22472492,20000538624,61050437,-6.306398e-02,-2.604838e-02,1.784958e-06,3.864145e-07,4.303842e-04,5.432595e-04
1666973696,22473413,20003684352,61060115,-6.306425e-02,-2.606602e-02,1.784241e-06,3.647889e-07,4.302114e-04,5.128562e-04
1667235840,22473826,20006830080,61069778,-6.306639e-02,-2.607594e-02,1.778514e-06,3.529017e-07,4.288302e-04,4.961439e-04
1667497984,22474295,20009975808,61079624,-6.305061e-02,-2.606726e-02,1.820852e-06,3.632897e-07,4.390388e-04,5.107485e-04
1667760128,22475024,20013121536,61089218,-6.307327e-02,-2.605915e-02,1.760219e-06,3.731364e-07,4.244190e-04,5.245919e-04
1668022272,22475151,20016267264,61098782,-6.309125e-02,-2.606478e-02,1.712837e-06,3.662912e-07,4.129945e-04,5.149683e-04
1668284416,22475601,20019412992,61108208,-6.307731e-02,-2.607819e-02,1.749520e-06,3.502356e-07,4.218394e-04,4.923957e-04
1668546560,22475861,20022558720,61117823,-6.308954e-02,-2.608558e-02,1.717306e-06,3.415422e-07,4.140721e-04,4.801737e-04
1668808704,22476301,20025704448,61127263,-6.309050e-02,-2.610019e-02,1.714788e-06,3.246847e-07,4.134650e-04,4.564737e-04
1669070848,22476362,20028850176,61136768,-6.309133e-02,-2.610168e-02,1.712623e-06,3.229887e-07,4.129428e-04,4.540894e-04
1669332992,22476926,20031995904,61146418,-6.311536e-02,-2.609590e-02,1.650310e-06,3.295917e-07,3.979183e-04,4.633725e-04
1669595136,22477231,20035141632,61155956,-6.311569e-02,-2.608220e-02,1.649468e-06,3.455029e-07,3.977152e-04,4.857420e-04
1669857280,22478240,20038287360,61165630,-6.312063e-02,-2.604324e-02,1.636804e-06,3.928276e-07,3.946617e-04,5.522758e-04
1670119424,22479153,20041433088,61175318,-6.311549e-02,-2.603153e-02,1.649985e-06,4.076464e-07,3.978398e-04,5.731094e-04
1670381568,22479296,20044578816,61184822,-6.314004e-02,-2.602420e-02,1.587500e-06,4.170523e-07,3.827735e-04,5.863332e-04
1670643712,22480002,20047724544,61194363,-6.316090e-02,-2.606064e-02,1.535384e-06,3.713136e-07,3.702075e-04,5.220292e-04
1670905856,22480940,20050870272,61204126,-6.317821e-02,-2.605757e-02,1.492773e-06,3.750640e-07,3.599332e-04,5.273020e-04
1671168000,22481461,20054016000,61213665,-6.316912e-02,-2.607627e-02,1.515067e-06,3.525167e-07,3.653088e-04,4.956028e-04
1671430144,22484875,20057161728,61223204,-6.316818e-02,-2.605629e-02,1.517397e-06,3.766421e-07,3.658706e-04,5.295206e-04
1671692288,22486348,20060307456,61232644,-6.316841e-02,-2.604925e-02,1.516810e-06,3.853361e-07,3.657290e-04,5.417435e-04
1671954432,22486384,20063453184,61242189,-6.317998e-02,-2.602730e-02,1.488461e-06,4.130682e-07,3.588937e-04,5.807320e-04
1672216576,22487089,20066598912,61251884,-6.318688e-02,-2.601035e-02,1.471674e-06,4.351384e-07,3.548460e-04,6.117604e-04
1672478720,22487743,20069744640,61261317,-6.316586e-02,-2.601678e-02,1.523111e-06,4.266919e-07,3.672484e-04,5.998856e-04
1672740864,22493422,20072890368,61270884,-6.317870e-02,-2.601498e-02,1.491572e-06,4.290483e-07,3.596436e-04,6.031984e-04
1673003008,22493560,20076036096,61280445,-6.318507e-02,-2.600852e-02,1.476070e-06,4.375499e-07,3.559060e-04,6.151508e-04
1673265152,22494746,20079181824,61290344,-6.319045e-02,-2.600551e-02,1.463010e-06,4.415510e-07,3.527570e-04,6.207760e-04
1673527296,22502028,20082327552,61300042,-6.318436e-02,-2.601226e-02,1.477791e-06,4.326232e-07,3.563208e-04,6.082243e-04
1673789440,22502386,20085473280,61309709,-6.318121e-02,-2.602652e-02,1.485445e-06,4.140649e-07,3.581663e-04,5.821332e-04
1674051584,22514141,20088619008,61319154,-6.316956e-02,-2.601838e-02,1.513985e-06,4.246042e-07,3.650479e-04,5.969505e-04
1674313728,22516813,20091764736,61328709,-6.316783e-02,-2.599437e-02,1.518260e-06,4.564756e-07,3.660787e-04,6.417584e-04
1674575872,22517430,20094910464,61338323,-6.316493e-02,-2.597045e-02,1.525411e-06,4.893649e-07,3.678029e-04,6.879974e-04
1674838016,22523589,20098056192,61347809,-6.315551e-02,-2.600087e-02,1.548762e-06,4.477314e-07,3.734333e-04,6.294649e-04
1675100160,22524126,20101201920,61357412,-6.315549e-02,-2.600581e-02,1.548799e-06,4.411452e-07,3.734422e-04,6.202053e-04
1675362304,22528329,20104347648,61367231,-6.314600e-02,-2.599550e-02,1.572515e-06,4.549492e-07,3.791606e-04,6.396123e-04
1675624448,22529574,20107493376,61377047,-6.314098e-02,-2.599718e-02,1.585135e-06,4.526855e-07,3.822033e-04,6.364299e-04
1675886592,22532061,20110639104,61386727,-6.312130e-02,-2.602169e-02,1.635089e-06,4.203112e-07,3.942480e-04,5.909149e-04
1676148736,22532835,20113784832,61396159,-6.311807e-02,-2.599643e-02,1.643350e-06,4.536937e-07,3.962399e-04,6.378473e-04
1676410880,22533249,20116930560,61405667,-6.313262e-02,-2.600331e-02,1.606255e-06,4.444769e-07,3.872957e-04,6.248894e-04
1676673024,22533371,20120076288,61415011,-6.312341e-02,-2.599671e-02,1.629682e-06,4.533249e-07,3.929444e-04,6.373288e-04
1676935168,22533647,20123222016,61424501,-6.313704e-02,-2.600010e-02,1.595075e-06,4.487690e-07,3.846000e-04,6.309236e-04
1677197312,22534014,20126367744,61434502,-6.313900e-02,-2.601175e-02,1.590129e-06,4.332875e-07,3.834076e-04,6.091582e-04
1677459456,22535902,20129513472,61443906,-6.315134e-02,-2.602084e-02,1.559146e-06,4.214084e-07,3.759370e-04,5.924575e-04
1677721600,22536022,20132659200,61453554,-6.314652e-02,-2.605745e-02,1.571208e-06,3.752123e-07,3.788452e-04,5.275104e-04
1677983744,22536668,20135804928,61463013,-6.316625e-02,-2.604008e-02,1.522137e-06,3.967928e-07,3.670134e-04,5.578505e-04
1678245888,22537017,20138950656,61472625,-6.314494e-02,-2.601803e-02,1.575189e-06,4.250704e-07,3.798051e-04,5.976059e-04
1678508032,22537272,20142096384,61482220,-6.313533e-02,-2.601164e-02,1.599388e-06,4.334346e-07,3.856399e-04,6.093651e-04
1678770176,22538039,20145242112,61491806,-6.313239e-02,-2.603494e-02,1.606840e-06,4.032983e-07,3.874368e-04,5.669964e-04
1679032320,22538603,20148387840,61501430,-6.312948e-02,-2.602891e-02,1.614234e-06,4.109998e-07,3.892197e-04,5.778240e-04
1679294464,22538654,20151533568,61511226,-6.312599e-02,-2.604199e-02,1.623107e-06,3.943935e-07,3.913590e-04,5.544772e-04
1679556608,22539119,20154679296,61521110,-6.313249e-02,-2.602989e-02,1.606595e-06,4.097374e-07,3.873777e-04,5.760492e-04
1679818752,22539546,20157825024,61530450,-6.314741e-02,-2.603152e-02,1.568986e-06,4.076559e-07,3.783095e-04,5.731228e-04
1680080896,22539651,20160970752,61540071,-6.313858e-02,-2.605722e-02,1.591182e-06,3.754930e-07,3.836613e-04,5.279051e-04
1680343040,22539742,20164116480,61549696,-6.314933e-02,-2.606793e-02,1.564193e-06,3.624886e-07,3.771537e-04,5.096222e-04
1680605184,22539769,20167262208,61559270,-6.315343e-02,-2.606381e-02,1.553941e-06,3.674646e-07,3.746818e-04,5.166178e-04
1680867328,22540337,20170407936,61568584,-6.316501e-02,-2.605391e-02,1.525209e-06,3.795697e-07,3.677541e-04,5.336364e-04
1681129472,22540933,20173553664,61578172,-6.316878e-02,-2.605829e-02,1.515911e-06,3.741907e-07,3.655122e-04,5.260741e-04
1681391616,22540963,20176699392,61587567,-6.316078e-02,-2.604058e-02,1.535679e-06,3.961712e-07,3.702787e-04,5.569765e-04
1681653760,22541121,20179845120,61597323,-6.313404e-02,-2.603938e-02,1.602668e-06,3.976803e-07,3.864309e-04,5.590982e-04
1681915904,22542253,20182990848,61606849,-6.314617e-02,-2.603032e-02,1.572086e-06,4.091867e-07,3.790569e-04,5.752750e-04
1682178048,22542375,20186136576,61616440,-6.312871e-02,-2.601003e-02,1.616185e-06,4.355612e-07,3.896900e-04,6.123548e-04
1682440192,22542471,20189282304,61625941,-6.313362e-02,-2.601554e-02,1.603725e-06,4.283166e-07,3.866857e-04,6.021696e-04
1682702336,22543622,20192428032,61635507,-6.311364e-02,-2.602088e-02,1.654735e-06,4.213576e-07,3.989851e-04,5.923861e-04
1682964480,22543937,20195573760,61645045,-6.312042e-02,-2.599491e-02,1.637319e-06,4.557410e-07,3.947858e-04,6.407257e-04
1683226624,22544603,20198719488,61654548,-6.309957e-02,-2.601742e-02,1.691123e-06,4.258553e-07,4.077589e-04,5.987093e-04
1683488768,22545662,20201865216,61664047,-6.310762e-02,-2.602302e-02,1.670259e-06,4.185886e-07,4.027283e-04,5.884931e-04
1683750912,22546695,20205010944,61673527,-6.310328e-02,-2.602332e-02,1.681486e-06,4.181910e-07,4.054353e-04,5.879341e-04
1684013056,22547134,20208156672,61683117,-6.310966e-02,-2.603882e-02,1.664987e-06,3.983878e-07,4.014570e-04,5.600928e-04
1684275200,22547511,20211302400,61692567,-6.313308e-02,-2.606245e-02,1.605103e-06,3.691217e-07,3.870180e-04,5.189476e-04
1684537344,22548072,20214448128,61702155,-6.311262e-02,-2.607977e-02,1.657343e-06,3.483730e-07,3.996140e-04,4.897770e-04
1684799488,22548456,20217593856,61711530,-6.311958e-02,-2.608117e-02,1.639474e-06,3.467192e-07,3.953055e-04,4.874521e-04
1685061632,22549056,20220739584,61721064,-6.312704e-02,-2.609187e-02,1.620431e-06,3.342382e-07,3.907138e-04,4.699050e-04
1685323776,22549301,20223885312,61730807,-6.311330e-02,-2.611621e-02,1.655598e-06,3.066860e-07,3.991931e-04,4.311693e-04
1685585920,22550181,20227031040,61740377,-6.310348e-02,-2.611076e-02,1.680965e-06,3.127500e-07,4.053095e-04,4.396948e-04
1685848064,22550294,20230176768,61749763,-6.309382e-02,-2.612595e-02,1.706116e-06,2.959912e-07,4.113739e-04,4.161336e-04
1686110208,22550721,20233322496,61759406,-6.309712e-02,-2.610897e-02,1.697504e-06,3.147490e-07,4.092975e-04,4.425052e-04
1686372352,22552211,20236468224,61769237,-6.310401e-02,-2.611610e-02,1.679593e-06,3.068077e-07,4.049789e-04,4.313404e-04
1686634496,22552315,20239613952,61778984,-6.308950e-02,-2.610161e-02,1.717404e-06,3.230692e-07,4.140957e-04,4.542025e-04
1686896640,22553098,20242759680,61788533,-6.308606e-02,-2.609471e-02,1.726457e-06,3.309533e-07,4.162785e-04,4.652868e-04
1687158784,22556218,20245905408,61798011,-6.307952e-02,-2.611383e-02,1.743671e-06,3.093199e-07,4.204290e-04,4.348724e-04
1687420928,22556663,20249051136,61807694,-6.305523e-02,-2.610566e-02,1.808407e-06,3.184781e-07,4.360381e-04,4.477479e-04
1687683072,22557500,20252196864,61817264,-6.305429e-02,-2.610910e-02,1.810953e-06,3.146111e-07,4.366519e-04,4.423113e-04
1687945216,22559043,20255342592,61826804,-6.304692e-02,-2.609116e-02,1.830839e-06,3.350550e-07,4.414469e-04,4.710533e-04
1688207360,22560306,20258488320,61836462,-6.303833e-02,-2.609172e-02,1.854160e-06,3.344062e-07,4.470700e-04,4.701413e-04
1688469504,22562436,20261634048,61846184,-6.302299e-02,-2.608054e-02,1.896174e-06,3.474655e-07,4.572002e-04,4.885012e-04
1688731648,22563444,20264779776,61855904,-6.302752e-02,-2.608165e-02,1.883719e-06,3.461513e-07,4.541971e-04,4.866537e-04
1688993792,22565017,20267925504,61865419,-6.302644e-02,-2.605675e-02,1.886665e-06,3.760799e-07,4.549074e-04,5.287302e-04
1689255936,22565222,20271071232,61875288,-6.301120e-02,-2.603472e-02,1.928774e-06,4.035751e-07,4.650607e-04,5.673856e-04
1689518080,22566685,20274216960,61884884,-6.301346e-02,-2.602204e-02,1.922488e-06,4.198549e-07,4.635450e-04,5.902734e-04
1689780224,22567342,20277362688,61894395,-6.303211e-02,-2.601746e-02,1.871142e-06,4.258115e-07,4.511645e-04,5.986478e-04
1690042368,22568123,20280508416,61903867,-6.302511e-02,-2.600292e-02,1.890331e-06,4.449961e-07,4.557912e-04,6.256194e-04
1690304512,22570033,20283654144,61913484,-6.304514e-02,-2.598754e-02,1.835661e-06,4.657493e-07,4.426095e-04,6.547963e-04
1690566656,22577182,20286799872,61922924,-6.305604e-02,-2.600612e-02,1.806243e-06,4.407420e-07,4.355164e-04,6.196385e-04
1690828800,22595590,20289945600,61932636,-6.304649e-02,-2.600450e-02,1.832009e-06,4.428863e-07,4.417289e-04,6.226532e-04
1691090944,22598062,20293091328,61942345,-6.303497e-02,-2.602433e-02,1.863323e-06,4.168839e-07,4.492792e-04,5.860964e-04
1691353088,22604462,20296237056,61951978,-6.305277e-02,-2.600303e-02,1.815046e-06,4.448520e-07,4.376388e-04,6.254168e-04
1691615232,22623573,20299382784,61961568,-6.305526e-02,-2.600275e-02,1.808327e-06,4.452198e-07,4.360187e-04,6.259338e-04
1691877376,22629651,20302528512,61971126,-6.303979e-02,-2.599479e-02,1.850186e-06,4.559045e-07,4.461116e-04,6.409555e-04
1692139520,22631212,20305674240,61980566,-6.304041e-02,-2.599191e-02,1.848504e-06,4.598091e-07,4.457060e-04,6.464449e-04
1692401664,22632900,20308819968,61990362,-6.303890e-02,-2.596333e-02,1.852598e-06,4.993889e-07,4.466934e-04,7.020902e-04
1692663808,22639226,20311965696,62000047,-6.303928e-02,-2.597577e-02,1.851564e-06,4.819478e-07,4.464440e-04,6.775697e-04
1692925952,22640093,20315111424,62009600,-6.304198e-02,-2.596916e-02,1.844231e-06,4.911725e-07,4.446759e-04,6.905387e-04
1693188096,22654726,20318257152,62019195,-6.305213e-02,-2.598107e-02,1.816753e-06,4.746285e-07,4.380503e-04,6.672795e-04
1693450240,22655470,20321402880,62028949,-6.303331e-02,-2.597696e-02,1.867841e-06,4.803096e-07,4.503687e-04,6.752666e-04
1693712384,22672236,20324548608,62038598,-6.303084e-02,-2.597506e-02,1.874608e-06,4.829414e-07,4.520004e-04,6.789666e-04
1693974528,22701755,20327694336,62048211,-6.301888e-02,-2.598098e-02,1.907497e-06,4.747542e-07,4.599303e-04,6.674562e-04
1694236672,22712840,20330840064,62057823,-6.300946e-02,-2.598803e-02,1.933620e-06,4.650860e-07,4.662290e-04,6.538638e-04
1694498816,22739562,20333985792,62067439,-6.302585e-02,-2.597121e-02,1.888303e-06,4.883048e-07,4.553023e-04,6.865070e-04
1694760960,22908838,20337131520,62077164,-6.302049e-02,-2.598158e-02,1.903054e-06,4.739204e-07,4.588591e-04,6.662839e-04
1695023104,22910637,20340277248,62086717,-6.301214e-02,-2.597844e-02,1.926167e-06,4.782541e-07,4.644321e-04,6.723767e-04
1695285248,22912750,20343422976,62096229,-6.301314e-02,-2.601914e-02,1.923377e-06,4.236168e-07,4.637592e-04,5.955622e-04
1695547392,22914539,20346568704,62105904,-6.301745e-02,-2.603633e-02,1.911450e-06,4.015377e-07,4.608836e-04,5.645212e-04
1695809536,22915947,20349714432,62115538,-6.300788e-02,-2.603144e-02,1.937994e-06,4.077606e-07,4.672838e-04,5.732700e-04
1696071680,22916701,20352860160,62125127,-6.299020e-02,-2.601600e-02,1.987533e-06,4.277122e-07,4.792284e-04,6.013199e-04
1696333824,22917241,20356005888,62134820,-6.299917e-02,-2.602446e-02,1.962341e-06,4.167179e-07,4.731542e-04,5.858631e-04
1696595968,22917971,20359151616,62144226,-6.301725e-02,-2.602698e-02,1.912007e-06,4.134777e-07,4.610177e-04,5.813077e-04
1696858112,22918260,20362297344,62153828,-6.301595e-02,-2.602034e-02,1.915614e-06,4.220543e-07,4.618875e-04,5.933656e-04
1697120256,22918287,20365443072,62163497,-6.298923e-02,-2.601311e-02,1.990286e-06,4.315091e-07,4.798922e-04,6.066579e-04
1697382400,22919433,20368588800,62173344,-6.299569e-02,-2.604773e-02,1.972101e-06,3.872254e-07,4.755075e-04,5.443996e-04
1697644544,22919473,20371734528,62183022,-6.297476e-02,-2.602982e-02,2.031320e-06,4.098304e-07,4.897863e-04,5.761799e-04
1697906688,22920289,20374880256,62192459,-6.299195e-02,-2.603917e-02,1.982620e-06,3.979458e-07,4.780438e-04,5.594715e-04
1698168832,22920355,20378025984,62202064,-6.298099e-02,-2.605469e-02,2.013604e-06,3.786017e-07,4.855147e-04,5.322756e-04
1698430976,22920462,20381171712,62211759,-6.299318e-02,-2.605701e-02,1.979139e-06,3.757579e-07,4.772044e-04,5.282774e-04
1698693120,22920884,20384317440,62221140,-6.300368e-02,-2.605689e-02,1.949712e-06,3.759017e-07,4.701090e-04,5.284797e-04
1698955264,22921076,20387463168,62230655,-6.299725e-02,-2.605259e-02,1.967709e-06,3.811940e-07,4.744486e-04,5.359201e-04
1699217408,22921178,20390608896,62240368,-6.299283e-02,-2.603997e-02,1.980124e-06,3.969336e-07,4.774420e-04,5.580484e-04
1699479552,22922297,20393754624,62250028,-6.298847e-02,-2.602698e-02,1.992431e-06,4.134730e-07,4.804094e-04,5.813010e-04
1699741696,22922645,20396900352,62259674,-6.299368e-02,-2.601666e-02,1.977755e-06,4.268550e-07,4.768709e-04,6.001148e-04
1700003840,22922936,20400046080,62269255,-6.300823e-02,-2.603907e-02,1.937040e-06,3.980728e-07,4.670537e-04,5.596500e-04
1700265984,22923529,20403191808,62278886,-6.301551e-02,-2.602912e-02,1.916811e-06,4.107204e-07,4.621760e-04,5.774312e-04
1700528128,22924646,20406337536,62288432,-6.302974e-02,-2.603148e-02,1.877629e-06,4.077011e-07,4.527287e-04,5.731864e-04
1700790272,22925067,20409483264,62297986,-6.301568e-02,-2.605410e-02,1.916336e-06,3.793287e-07,4.620616e-04,5.332977e-04
1701052416,22925544,20412628992,62307441,-6.301150e-02,-2.607412e-02,1.927926e-06,3.550738e-07,4.648561e-04,4.991977e-04
1701314560,22925867,20415774720,62316908,-6.303160e-02,-2.608860e-02,1.872528e-06,3.380243e-07,4.514987e-04,4.752279e-04
1701576704,22926076,20418920448,62326641,-6.303970e-02,-2.608035e-02,1.850429e-06,3.476917e-07,4.461702e-04,4.888191e-04
1701838848,22927135,20422066176,62336284,-6.306044e-02,-2.609487e-02,1.794427e-06,3.307776e-07,4.326673e-04,4.650397e-04
1702100992,22927534,20425211904,62345930,-6.304806e-02,-2.610184e-02,1.827756e-06,3.228109e-07,4.407033e-04,4.538394e-04
1702363136,22927536,20428357632,62355516,-6.305086e-02,-2.612713e-02,1.820189e-06,2.947096e-07,4.388788e-04,4.143318e-04
1702625280,22927638,20431503360,62364740,-6.304189e-02,-2.611186e-02,1.844474e-06,3.115158e-07,4.447345e-04,4.379596e-04
1702887424,22927950,20434649088,62374270,-6.303924e-02,-2.613027e-02,1.851665e-06,2.913058e-07,4.464684e-04,4.095464e-04
1703149568,22928678,20437794816,62384090,-6.304500e-02,-2.610922e-02,1.836045e-06,3.144712e-07,4.427020e-04,4.421145e-04
1703411712,22929539,20440940544,62393790,-6.304269e-02,-2.610729e-02,1.842289e-06,3.166412e-07,4.442076e-04,4.451654e-04
1703673856,22930117,20444086272,62403494,-6.303877e-02,-2.609241e-02,1.852943e-06,3.336075e-07,4.467765e-04,4.690183e-04
1703936000,22930607,20447232000,62413324,-6.304475e-02,-2.610184e-02,1.836711e-06,3.228109e-07,4.428627e-04,4.538394e-04
1704198144,22931024,20450377728,62422703,-6.303307e-02,-2.611756e-02,1.868513e-06,3.051859e-07,4.505307e-04,4.290605e-04
1704460288,22932055,20453523456,62432227,-6.304066e-02,-2.611609e-02,1.847815e-06,3.068118e-07,4.455399e-04,4.313463e-04
1704722432,22932782,20456669184,62441772,-6.302889e-02,-2.611716e-02,1.879937e-06,3.056285e-07,4.532852e-04,4.296827e-04
1704984576,22936187,20459814912,62451331,-6.302763e-02,-2.611500e-02,1.883412e-06,3.080284e-07,4.541231e-04,4.330567e-04
1705246720,22937715,20462960640,62460973,-6.303336e-02,-2.611241e-02,1.867719e-06,3.109090e-07,4.503392e-04,4.371065e-04
1705508864,22937774,20466106368,62470682,-6.300931e-02,-2.610990e-02,1.934013e-06,3.137154e-07,4.663240e-04,4.410519e-04
1705771008,22938299,20469252096,62480023,-6.301700e-02,-2.609967e-02,1.912687e-06,3.252751e-07,4.611816e-04,4.573038e-04
1706033152,22939649,20472397824,62489766,-6.300189e-02,-2.610035e-02,1.954709e-06,3.245021e-07,4.713139e-04,4.562171e-04
1706295296,22944489,20475543552,62499546,-6.300519e-02,-2.609960e-02,1.945511e-06,3.253558e-07,4.690962e-04,4.574172e-04
1706557440,22945118,20478689280,62509217,-6.300554e-02,-2.608210e-02,1.944514e-06,3.456299e-07,4.688556e-04,4.859206e-04
1706819584,22945830,20481835008,62518756,-6.302392e-02,-2.607177e-02,1.893610e-06,3.578830e-07,4.565820e-04,5.031471e-04
1707081728,22953241,20484980736,62528402,-6.300686e-02,-2.608383e-02,1.940858e-06,3.435917e-07,4.679743e-04,4.830551e-04
1707343872,22953343,20488126464,62537854,-6.300002e-02,-2.607850e-02,1.959941e-06,3.498719e-07,4.725755e-04,4.918844e-04
1707606016,22960035,20491272192,62547306,-6.299388e-02,-2.608091e-02,1.977168e-06,3.470308e-07,4.767294e-04,4.878901e-04
1707868160,22960635,20494417920,62556923,-6.296804e-02,-2.606967e-02,2.050522e-06,3.603990e-07,4.944161e-04,5.066844e-04
1708130304,22965491,20497563648,62566484,-6.297802e-02,-2.608349e-02,2.022029e-06,3.439914e-07,4.875459e-04,4.836171e-04
1708392448,22966695,20500709376,62575948,-6.297150e-02,-2.606175e-02,2.040633e-06,3.699709e-07,4.920317e-04,5.201416e-04
1708654592,22971924,20503855104,62585357,-6.294317e-02,-2.603764e-02,2.122366e-06,3.998823e-07,5.117391e-04,5.621939e-04
1708916736,22973111,20507000832,62594998,-6.293617e-02,-2.604393e-02,2.142800e-06,3.919665e-07,5.166659e-04,5.510651e-04
1709178880,22975611,20510146560,62604397,-6.293616e-02,-2.603194e-02,2.142843e-06,4.071185e-07,5.166765e-04,5.723673e-04
1709441024,22975653,20513292288,62613849,-6.293680e-02,-2.601738e-02,2.140968e-06,4.259160e-07,5.162242e-04,5.987947e-04
1709703168,22976470,20516438016,62623423,-6.292944e-02,-2.603108e-02,2.162542e-06,4.082222e-07,5.214260e-04,5.739190e-04
1709965312,22976999,20519583744,62633236,-6.292257e-02,-2.601224e-02,2.182815e-06,4.326477e-07,5.263143e-04,6.082588e-04
1710227456,22977139,20522729472,62642908,-6.292845e-02,-2.602098e-02,2.165457e-06,4.212271e-07,5.221290e-04,5.922025e-04
1710489600,22977608,20525875200,62652621,-6.291965e-02,-2.600511e-02,2.191431e-06,4.420735e-07,5.283919e-04,6.215105e-04
1710751744,22979523,20529020928,62662337,-6.292302e-02,-2.602308e-02,2.181472e-06,4.184994e-07,5.259905e-04,5.883676e-04
1711013888,22979614,20532166656,62672012,-6.292713e-02,-2.602763e-02,2.169340e-06,4.126350e-07,5.230653e-04,5.801229e-04
1711276032,22980144,20535312384,62681569,-6.292614e-02,-2.604076e-02,2.172260e-06,3.959414e-07,5.237694e-04,5.566535e-04
1711538176,22980627,20538458112,62690969,-6.293893e-02,-2.604038e-02,2.134737e-06,3.964151e-07,5.147217e-04,5.573194e-04
1711800320,22980921,20541603840,62700609,-6.293473e-02,-2.605413e-02,2.147033e-06,3.792943e-07,5.176867e-04,5.332493e-04
1712062464,22981783,20544749568,62710180,-6.292158e-02,-2.606085e-02,2.185744e-06,3.710684e-07,5.270205e-04,5.216846e-04
1712324608,22982102,20547895296,62720007,-6.290776e-02,-2.605818e-02,2.226801e-06,3.743183e-07,5.369201e-04,5.262536e-04
1712586752,22982387,20551041024,62729602,-6.292061e-02,-2.606498e-02,2.188609e-06,3.660545e-07,5.277113e-04,5.146355e-04
1712848896,22982684,20554186752,62739243,-6.292469e-02,-2.605405e-02,2.176545e-06,3.793907e-07,5.248025e-04,5.333847e-04
1713111040,22983141,20557332480,62748840,-6.291641e-02,-2.606412e-02,2.201060e-06,3.670875e-07,5.307134e-04,5.160879e-04
1713373184,22983207,20560478208,62758362,-6.292512e-02,-2.608039e-02,2.175292e-06,3.476345e-07,5.245004e-04,4.887389e-04
1713635328,22983258,20563623936,62768159,-6.292211e-02,-2.609049e-02,2.184180e-06,3.358317e-07,5.266434e-04,4.721453e-04
1713897472,22983522,20566769664,62777747,-6.292474e-02,-2.609390e-02,2.176413e-06,3.318862e-07,5.247707e-04,4.665983e-04
1714159616,22983841,20569915392,62787217,-6.292512e-02,-2.609837e-02,2.175292e-06,3.267598e-07,5.245004e-04,4.593910e-04
1714421760,22984589,20573061120,62796870,-6.292716e-02,-2.608868e-02,2.169274e-06,3.379334e-07,5.230494e-04,4.751000e-04
1714683904,22984702,20576206848,62806621,-6.291346e-02,-2.608434e-02,2.209801e-06,3.429915e-07,5.328210e-04,4.822112e-04
1714946048,22984730,20579352576,62816012,-6.291036e-02,-2.609297e-02,2.219025e-06,3.329687e-07,5.350452e-04,4.681203e-04
1715208192,22984758,20582498304,62825757,-6.291039e-02,-2.610294e-02,2.218937e-06,3.215612e-07,5.350237e-04,4.520824e-04
1715470336,22985711,20585644032,62835266,-6.291018e-02,-2.610147e-02,2.219558e-06,3.232217e-07,5.351736e-04,4.544168e-04
1715732480,22985930,20588789760,62844896,-6.291807e-02,-2.611152e-02,2.196110e-06,3.119027e-07,5.295200e-04,4.385035e-04
1715994624,22986066,20591935488,62854575,-6.290498e-02,-2.611271e-02,2.235103e-06,3.105746e-07,5.389217e-04,4.366365e-04
1716256768,22987397,20595081216,62864144,-6.289273e-02,-2.609535e-02,2.271877e-06,3.302272e-07,5.477887e-04,4.642659e-04
1716518912,22987495,20598226944,62873781,-6.288619e-02,-2.611080e-02,2.291640e-06,3.127063e-07,5.525539e-04,4.396333e-04
1716781056,22988181,20601372672,62883349,-6.289617e-02,-2.609891e-02,2.261513e-06,3.261489e-07,5.452897e-04,4.585322e-04
1717043200,22989354,20604518400,62892736,-6.291599e-02,-2.611115e-02,2.202298e-06,3.123127e-07,5.310119e-04,4.390799e-04
1717305344,22990163,20607664128,62902597,-6.293971e-02,-2.612324e-02,2.132451e-06,2.989433e-07,5.141707e-04,4.202840e-04
1717567488,22990607,20610809856,62912151,-6.291346e-02,-2.613056e-02,2.209801e-06,2.910002e-07,5.328210e-04,4.091169e-04
1717829632,22991217,20613955584,62921804,-6.289610e-02,-2.613475e-02,2.261714e-06,2.864903e-07,5.453383e-04,4.027763e-04
1718091776,22991673,20617101312,62931396,-6.289937e-02,-2.614989e-02,2.251887e-06,2.705184e-07,5.429688e-04,3.803214e-04
1718353920,22992063,20620247040,62941004,-6.290291e-02,-2.617878e-02,2.241278e-06,2.413013e-07,5.404107e-04,3.392451e-04
1718616064,22992732,20623392768,62950711,-6.290336e-02,-2.619403e-02,2.239940e-06,2.265484e-07,5.400881e-04,3.185041e-04
1718878208,22993000,20626538496,62960378,-6.288543e-02,-2.621547e-02,2.293919e-06,2.065993e-07,5.531034e-04,2.904577e-04
1719140352,22993714,20629684224,62969882,-6.290893e-02,-2.621595e-02,2.223289e-06,2.061593e-07,5.360733e-04,2.898391e-04
1719402496,22993864,20632829952,62979471,-6.289742e-02,-2.622161e-02,2.257749e-06,2.010493e-07,5.443823e-04,2.826549e-04
1719664640,22994493,20635975680,62988931,-6.289975e-02,-2.620851e-02,2.250769e-06,2.129703e-07,5.426992e-04,2.994147e-04
1719926784,22995881,20639121408,62998454,-6.289747e-02,-2.617639e-02,2.257593e-06,2.436493e-07,5.443445e-04,3.425461e-04
1720188928,22996065,20642267136,63008140,-6.287921e-02,-2.616801e-02,2.312803e-06,2.519980e-07,5.576566e-04,3.542837e-04
1720451072,22996662,20645412864,63017891,-6.289487e-02,-2.615804e-02,2.265436e-06,2.621060e-07,5.462356e-04,3.684945e-04
1720713216,23000170,20648558592,63027669,-6.289233e-02,-2.616005e-02,2.273090e-06,2.600465e-07,5.480812e-04,3.655990e-04
1720975360,23001036,20651704320,63037375,-6.289853e-02,-2.615434e-02,2.254415e-06,2.659074e-07,5.435782e-04,3.738389e-04
1721237504,23002685,20654850048,63046804,-6.291313e-02,-2.613401e-02,2.210775e-06,2.872884e-07,5.330560e-04,4.038983e-04
1721499648,23003817,20657995776,63056447,-6.291137e-02,-2.613402e-02,2.216030e-06,2.872704e-07,5.343229e-04,4.038731e-04
1721761792,23007802,20661141504,63066029,-6.290142e-02,-2.612905e-02,2.245742e-06,2.926263e-07,5.414871e-04,4.114028e-04
1722023936,23008202,20664287232,63075421,-6.290814e-02,-2.612358e-02,2.225645e-06,2.985748e-07,5.366413e-04,4.197659e-04
1722286080,23008699,20667432960,63084893,-6.291141e-02,-2.612573e-02,2.215919e-06,2.962283e-07,5.342962e-04,4.164670e-04
1722548224,23008705,20670578688,63094492,-6.291166e-02,-2.611185e-02,2.215165e-06,3.115304e-07,5.341143e-04,4.379801e-04
1722810368,23010217,20673724416,63104104,-6.291139e-02,-2.612130e-02,2.215963e-06,3.010736e-07,5.343068e-04,4.232789e-04
1723072512,23012324,20676870144,63113751,-6.291553e-02,-2.614123e-02,2.203669e-06,2.795992e-07,5.313426e-04,3.930882e-04
1723334656,23015347,20680015872,63123247,-6.290883e-02,-2.613938e-02,2.223600e-06,2.815587e-07,5.361483e-04,3.958429e-04
1723596800,23019733,20683161600,63132921,-6.292264e-02,-2.616541e-02,2.182595e-06,2.546098e-07,5.262612e-04,3.579555e-04
1723858944,23020803,20686307328,63142391,-6.291310e-02,-2.614258e-02,2.210886e-06,2.781670e-07,5.330828e-04,3.910746e-04
1724121088,23021547,20689453056,63151987,-6.289314e-02,-2.614962e-02,2.270620e-06,2.707956e-07,5.474855e-04,3.807111e-04
1724383232,23041701,20692598784,63161605,-6.289481e-02,-2.614647e-02,2.265593e-06,2.740836e-07,5.462735e-04,3.853338e-04
1724645376,23047084,20695744512,63171005,-6.288920e-02,-2.615582e-02,2.282513e-06,2.643805e-07,5.503533e-04,3.716922e-04
1724907520,23055385,20698890240,63180674,-6.292097e-02,-2.614285e-02,2.187551e-06,2.778861e-07,5.274562e-04,3.906797e-04
1725169664,23067098,20702035968,63190390,-6.291696e-02,-2.610509e-02,2.199424e-06,3.191238e-07,5.303191e-04,4.486558e-04
1725431808,23073145,20705181696,63200036,-6.290761e-02,-2.610653e-02,2.227246e-06,3.174971e-07,5.370273e-04,4.463686e-04
1725693952,23082126,20708327424,63209705,-6.291176e-02,-2.608927e-02,2.214876e-06,3.372472e-07,5.340448e-04,4.741354e-04
1725956096,23084132,20711473152,63219181,-6.290373e-02,-2.607729e-02,2.238825e-06,3.513013e-07,5.398192e-04,4.938939e-04
1726218240,23090480,20714618880,63228690,-6.289735e-02,-2.605117e-02,2.257951e-06,3.829533e-07,5.444309e-04,5.383935e-04
1726480384,23091462,20717764608,63238334,-6.292311e-02,-2.603686e-02,2.181208e-06,4.008699e-07,5.259268e-04,5.635824e-04
1726742528,23098993,20720910336,63247822,-6.290179e-02,-2.602054e-02,2.244626e-06,4.217979e-07,5.412179e-04,5.930050e-04
1727004672,23105596,20724056064,63257567,-6.290614e-02,-2.602509e-02,2.231629e-06,4.159055e-07,5.380842e-04,5.847209e-04
1727266816,23115811,20727201792,63267245,-6.291103e-02,-2.602378e-02,2.217028e-06,4.176010e-07,5.345636e-04,5.871046e-04
1727528960,23153113,20730347520,63276886,-6.289443e-02,-2.601585e-02,2.266759e-06,4.279071e-07,5.465547e-04,6.015939e-04
1727791104,23159899,20733493248,63286704,-6.291976e-02,-2.598829e-02,2.191123e-06,4.647278e-07,5.283174e-04,6.533602e-04
1728053248,23183075,20736638976,63296361,-6.290970e-02,-2.599498e-02,2.221001e-06,4.556480e-07,5.355217e-04,6.405948e-04
1728315392,23359706,20739784704,63305892,-6.291471e-02,-2.597924e-02,2.206103e-06,4.771443e-07,5.319294e-04,6.708166e-04
1728577536,23361557,20742930432,63315660,-6.291879e-02,-2.599730e-02,2.193991e-06,4.525301e-07,5.290090e-04,6.362115e-04
1728839680,23363605,20746076160,63325317,-6.291939e-02,-2.600029e-02,2.192204e-06,4.485045e-07,5.285780e-04,6.305518e-04
1729101824,23365423,20749221888,63335021,-6.294195e-02,-2.598179e-02,2.125928e-06,4.736357e-07,5.125979e-04,6.658838e-04
1729363968,23367115,20752367616,63344513,-6.293418e-02,-2.596464e-02,2.148628e-06,4.975294e-07,5.180711e-04,6.994758e-04
1729626112,23367833,20755513344,63353818,-6.292453e-02,-2.595581e-02,2.177007e-06,5.100678e-07,5.249138e-04,7.171035e-04
1729888256,23368352,20758659072,63363431,-6.294613e-02,-2.595529e-02,2.113757e-06,5.108104e-07,5.096632e-04,7.181475e-04
1730150400,23368945,20761804800,63373169,-6.295741e-02,-2.597100e-02,2.081084e-06,4.886016e-07,5.017853e-04,6.869243e-04
1730412544,23369362,20764950528,63382781,-6.295766e-02,-2.595340e-02,2.080353e-06,5.135084e-07,5.016090e-04,7.219407e-04
1730674688,23369441,20768096256,63392328,-6.296764e-02,-2.597766e-02,2.051674e-06,4.793290e-07,4.946940e-04,6.738880e-04
1730936832,23370178,20771241984,63401808,-6.298309e-02,-2.597303e-02,2.007646e-06,4.857700e-07,4.840779e-04,6.829433e-04
1731198976,23370547,20774387712,63411525,-6.299852e-02,-2.597338e-02,1.964157e-06,4.852846e-07,4.735922e-04,6.822609e-04
1731461120,23371228,20777533440,63420915,-6.296857e-02,-2.598416e-02,2.048986e-06,4.703700e-07,4.940458e-04,6.612925e-04
1731723264,23371268,20780679168,63430793,-6.296694e-02,-2.600898e-02,2.053660e-06,4.369489e-07,4.951727e-04,6.143058e-04
1731985408,23371356,20783824896,63440432,-6.295688e-02,-2.601668e-02,2.082611e-06,4.268282e-07,5.021533e-04,6.000772e-04
1732247552,23371900,20786970624,63450156,-6.296210e-02,-2.603464e-02,2.067563e-06,4.036816e-07,4.985252e-04,5.675353e-04
1732509696,23372076,20790116352,63459691,-6.296060e-02,-2.603543e-02,2.071872e-06,4.026834e-07,4.995642e-04,5.661320e-04
1732771840,23372089,20793262080,63469500,-6.294563e-02,-2.603507e-02,2.115187e-06,4.031350e-07,5.100080e-04,5.667669e-04
1733033984,23373514,20796407808,63478927,-6.292592e-02,-2.603732e-02,2.172919e-06,4.002781e-07,5.239282e-04,5.627504e-04
1733296128,23373662,20799553536,63488730,-6.292858e-02,-2.602424e-02,2.165084e-06,4.170066e-07,5.220391e-04,5.862689e-04
1733558272,23373922,20802699264,63498222,-6.291829e-02,-2.603370e-02,2.195470e-06,4.048754e-07,5.293657e-04,5.692138e-04
1733820416,23374441,20805844992,63508162,-6.292095e-02,-2.603218e-02,2.187595e-06,4.068143e-07,5.274668e-04,5.719397e-04
1734082560,23375802,20808990720,63517766,-6.293581e-02,-2.604395e-02,2.143847e-06,3.919432e-07,5.169184e-04,5.510324e-04
1734344704,23376113,20812136448,63527269,-6.292575e-02,-2.604129e-02,2.173424e-06,3.952807e-07,5.240501e-04,5.557245e-04
1734606848,23376504,20815282176,63537103,-6.293774e-02,-2.602626e-02,2.138200e-06,4.144053e-07,5.155568e-04,5.826118e-04
1734868992,23376634,20818427904,63546640,-6.291524e-02,-2.600673e-02,2.204532e-06,4.399286e-07,5.315507e-04,6.184950e-04
1735131136,23377010,20821573632,63556296,-6.290234e-02,-2.600760e-02,2.242996e-06,4.387730e-07,5.408250e-04,6.168704e-04
1735393280,23378518,20824719360,63565892,-6.288791e-02,-2.599286e-02,2.286432e-06,4.585141e-07,5.512983e-04,6.446243e-04
1735655424,23378614,20827865088,63575521,-6.286986e-02,-2.599139e-02,2.341330e-06,4.605116e-07,5.645350e-04,6.474326e-04
1735917568,23378822,20831010816,63584952,-6.285051e-02,-2.599016e-02,2.400919e-06,4.621867e-07,5.789028e-04,6.497876e-04
1736179712,23379041,20834156544,63594415,-6.283994e-02,-2.597888e-02,2.433794e-06,4.776488e-07,5.868296e-04,6.715258e-04
1736441856,23379136,20837302272,63604115,-6.282640e-02,-2.597906e-02,2.476217e-06,4.773914e-07,5.970585e-04,6.711639e-04
1736704000,23380020,20840448000,63613836,-6.281515e-02,-2.595290e-02,2.511750e-06,5.142294e-07,6.056262e-04,7.229543e-04
1736966144,23380863,20843593728,63623429,-6.284573e-02,-2.595559e-02,2.415765e-06,5.103792e-07,5.824824e-04,7.175413e-04
1737228288,23381057,20846739456,63633102,-6.284344e-02,-2.596944e-02,2.422880e-06,4.907862e-07,5.841982e-04,6.899956e-04
1737490432,23381697,20849885184,63642614,-6.283323e-02,-2.597181e-02,2.454784e-06,4.874747e-07,5.918908e-04,6.853400e-04
1737752576,23382309,20853030912,63652026,-6.282598e-02,-2.598597e-02,2.477553e-06,4.678950e-07,5.973808e-04,6.578129e-04
1738014720,23383128,20856176640,63661794,-6.281801e-02,-2.597675e-02,2.502713e-06,4.805988e-07,6.034473e-04,6.756731e-04
1738276864,23384042,20859322368,63671411,-6.282347e-02,-2.597143e-02,2.485440e-06,4.880003e-07,5.992824e-04,6.860789e-04
1738539008,23387461,20862468096,63681344,-6.283335e-02,-2.595555e-02,2.454411e-06,5.104377e-07,5.918007e-04,7.176236e-04
1738801152,23388847,20865613824,63690825,-6.283699e-02,-2.596282e-02,2.443008e-06,5.001078e-07,5.890515e-04,7.031009e-04
1739063296,23388955,20868759552,63700206,-6.285349e-02,-2.597375e-02,2.391715e-06,4.847631e-07,5.766836e-04,6.815277e-04
1739325440,23389495,20871905280,63709578,-6.286008e-02,-2.596775e-02,2.371364e-06,4.931535e-07,5.717766e-04,6.933238e-04
1739587584,23391047,20875051008,63719281,-6.286712e-02,-2.595336e-02,2.349729e-06,5.135671e-07,5.665601e-04,7.220232e-04
1739849728,23395501,20878196736,63728779,-6.287561e-02,-2.594166e-02,2.323784e-06,5.304776e-07,5.603043e-04,7.457978e-04
1740111872,23396746,20881342464,63738260,-6.288990e-02,-2.593381e-02,2.280398e-06,5.419785e-07,5.498432e-04,7.619667e-04
1740374016,23396862,20884488192,63747845,-6.288019e-02,-2.594681e-02,2.309835e-06,5.229966e-07,5.569410e-04,7.352801e-04
1740636160,23403245,20887633920,63757346,-6.288563e-02,-2.593299e-02,2.293332e-06,5.431831e-07,5.529620e-04,7.636603e-04
1740898304,23403738,20890779648,63766944,-6.286297e-02,-2.596034e-02,2.362469e-06,5.036178e-07,5.696319e-04,7.080356e-04
1741160448,23403959,20893925376,63776451,-6.287854e-02,-2.594964e-02,2.314843e-06,5.189230e-07,5.581484e-04,7.295532e-04
1741422592,23404603,20897071104,63786121,-6.289351e-02,-2.596539e-02,2.269520e-06,4.964815e-07,5.472203e-04,6.980027e-04
1741684736,23409912,20900216832,63795574,-6.288382e-02,-2.596473e-02,2.298819e-06,4.974059e-07,5.542849e-04,6.993022e-04
1741946880,23415563,20903362560,63805051,-6.288178e-02,-2.596601e-02,2.304991e-06,4.955947e-07,5.557730e-04,6.967558e-04
1742209024,23416435,20906508288,63814754,-6.286976e-02,-2.597007e-02,2.341627e-06,4.899019e-07,5.646066e-04,6.887523e-04
1742471168,23416707,20909654016,63824376,-6.285802e-02,-2.595760e-02,2.377701e-06,5.075062e-07,5.733047e-04,7.135023e-04
1742733312,23419389,20912799744,63834026,-6.285134e-02,-2.595091e-02,2.398356e-06,5.170945e-07,5.782850e-04,7.269823e-04
1742995456,23420107,20915945472,63843669,-6.284715e-02,-2.598273e-02,2.411343e-06,4.723419e-07,5.814164e-04,6.640648e-04
1743257600,23420548,20919091200,63853278,-6.284416e-02,-2.597449e-02,2.420631e-06,4.837391e-07,5.836558e-04,6.800882e-04
1743519744,23420686,20922236928,63862990,-6.284671e-02,-2.596816e-02,2.412732e-06,4.925781e-07,5.817512e-04,6.925149e-04
1743781888,23421132,20925382656,63872540,-6.285265e-02,-2.594366e-02,2.394297e-06,5.275676e-07,5.773062e-04,7.417065e-04
1744044032,23422965,20928528384,63882097,-6.285223e-02,-2.595394e-02,2.395611e-06,5.127478e-07,5.776231e-04,7.208714e-04
1744306176,23423181,20931674112,63891845,-6.283821e-02,-2.593058e-02,2.439190e-06,5.467417e-07,5.881307e-04,7.686633e-04
1744568320,23423753,20934819840,63901292,-6.282946e-02,-2.591162e-02,2.466589e-06,5.751398e-07,5.947371e-04,8.085882e-04
1744830464,23424208,20937965568,63910778,-6.283446e-02,-2.591534e-02,2.450934e-06,5.695145e-07,5.909624e-04,8.006796e-04
1745092608,23424665,20941111296,63920610,-6.281812e-02,-2.592050e-02,2.502360e-06,5.617537e-07,6.033621e-04,7.897688e-04
1745354752,23425385,20944257024,63930144,-6.281370e-02,-2.591957e-02,2.516358e-06,5.631451e-07,6.067372e-04,7.917248e-04
1745616896,23425645,20947402752,63939750,-6.280861e-02,-2.593366e-02,2.532528e-06,5.421952e-07,6.106361e-04,7.622714e-04
1745879040,23426032,20950548480,63949711,-6.284178e-02,-2.593975e-02,2.428055e-06,5.332624e-07,5.854460e-04,7.497128e-04
1746141184,23426184,20953694208,63959202,-6.284591e-02,-2.594459e-02,2.415209e-06,5.262236e-07,5.823485e-04,7.398170e-04
1746403328,23426513,20956839936,63968716,-6.284818e-02,-2.595531e-02,2.408151e-06,5.107864e-07,5.806467e-04,7.181138e-04
1746665472,23426630,20959985664,63978347,-6.284164e-02,-2.597764e-02,2.428497e-06,4.793677e-07,5.855524e-04,6.739423e-04
1746927616,23427007,20963131392,63988078,-6.286223e-02,-2.597831e-02,2.364737e-06,4.784293e-07,5.701787e-04,6.726230e-04
1747189760,23427123,20966277120,63997845,-6.286576e-02,-2.599324e-02,2.353911e-06,4.580047e-07,5.675683e-04,6.439082e-04
1747451904,23427159,20969422848,64007467,-6.286265e-02,-2.598944e-02,2.363454e-06,4.631623e-07,5.698694e-04,6.511591e-04
1747714048,23427325,20972568576,64017101,-6.286705e-02,-2.598987e-02,2.349957e-06,4.625743e-07,5.666151e-04,6.503324e-04
1747976192,23428072,20975714304,64026797,-6.287863e-02,-2.599731e-02,2.314571e-06,4.525076e-07,5.580829e-04,6.361798e-04
1748238336,23428267,20978860032,64036261,-6.289434e-02,-2.600593e-02,2.267029e-06,4.409943e-07,5.466196e-04,6.199931e-04
1748500480,23428438,20982005760,64045719,-6.291921e-02,-2.603358e-02,2.192733e-06,4.050343e-07,5.287057e-04,5.694370e-04
1748762624,23429256,20985151488,64055418,-6.289541e-02,-2.600959e-02,2.263799e-06,4.361416e-07,5.458409e-04,6.131708e-04
1749024768,23429352,20988297216,64064881,-6.290770e-02,-2.602603e-02,2.226957e-06,4.147003e-07,5.369576e-04,5.830266e-04
1749286912,23429885,20991442944,64074559,-6.292258e-02,-2.603156e-02,2.182771e-06,4.075988e-07,5.263036e-04,5.730425e-04
1749549056,23431016,20994588672,64084004,-6.291872e-02,-2.603461e-02,2.194212e-06,4.037195e-07,5.290622e-04,5.675886e-04
1749811200,23431089,20997734400,64093631,-6.294142e-02,-2.604112e-02,2.127449e-06,3.954845e-07,5.129647e-04,5.560110e-04
1750073344,23431797,21000880128,64103467,-6.294348e-02,-2.604349e-02,2.121455e-06,3.925195e-07,5.115193e-04,5.518425e-04
1750335488,23433111,21004025856,64112824,-6.295163e-02,-2.605202e-02,2.097777e-06,3.818936e-07,5.058102e-04,5.369036e-04
1750597632,23433664,21007171584,64122251,-6.296431e-02,-2.605794e-02,2.061205e-06,3.746124e-07,4.969920e-04,5.266670e-04
1750859776,23433942,21010317312,64131515,-6.296063e-02,-2.605847e-02,2.071787e-06,3.739742e-07,4.995434e-04,5.257699e-04
1751121920,23434866,21013463040,64141096,-6.295788e-02,-2.604832e-02,2.079730e-06,3.864839e-07,5.014588e-04,5.433572e-04
1751384064,23435194,21016608768,64150721,-6.297936e-02,-2.604968e-02,2.018238e-06,3.848021e-07,4.866318e-04,5.409927e-04
1751646208,23435704,21019754496,64160229,-6.295081e-02,-2.606384e-02,2.100152e-06,3.674284e-07,5.063828e-04,5.165670e-04
1751908352,23436164,21022900224,64169931,-6.293726e-02,-2.606069e-02,2.139616e-06,3.712614e-07,5.158983e-04,5.219558e-04
1752170496,23436172,21026045952,64179507,-6.292653e-02,-2.606662e-02,2.171118e-06,3.640625e-07,5.234940e-04,5.118350e-04
1752432640,23436651,21029191680,64189333,-6.292622e-02,-2.607910e-02,2.172041e-06,3.491650e-07,5.237164e-04,4.908905e-04
1752694784,23437358,21032337408,64198838,-6.291457e-02,-2.606919e-02,2.206501e-06,3.609717e-07,5.320255e-04,5.074897e-04
1752956928,23437745,21035483136,64208333,-6.289690e-02,-2.605997e-02,2.259317e-06,3.721312e-07,5.447603e-04,5.231788e-04
1753219072,23438218,21038628864,64217940,-6.289638e-02,-2.605193e-02,2.260885e-06,3.820064e-07,5.451383e-04,5.370622e-04
1753481216,23439411,21041774592,64227829,-6.289717e-02,-2.605904e-02,2.258511e-06,3.732684e-07,5.445659e-04,5.247774e-04
1753743360,23439801,21044920320,64237349,-6.287079e-02,-2.604409e-02,2.338481e-06,3.917590e-07,5.638481e-04,5.507734e-04
1754005504,23440228,21048066048,64246824,-6.287480e-02,-2.602311e-02,2.326238e-06,4.184656e-07,5.608959e-04,5.883202e-04
1754267648,23443795,21051211776,64256452,-6.287963e-02,-2.603239e-02,2.311534e-06,4.065483e-07,5.573506e-04,5.715656e-04
1754529792,23444618,21054357504,64266021,-6.287069e-02,-2.603973e-02,2.338800e-06,3.972458e-07,5.639250e-04,5.584873e-04
1754791936,23446392,21057503232,64275339,-6.285349e-02,-2.603991e-02,2.391715e-06,3.970134e-07,5.766836e-04,5.581606e-04
1755054080,23447326,21060648960,64284896,-6.285185e-02,-2.604053e-02,2.396764e-06,3.962322e-07,5.779012e-04,5.570622e-04
1755316224,23451868,21063794688,64294534,-6.284253e-02,-2.604579e-02,2.425711e-06,3.896330e-07,5.848806e-04,5.477846e-04
1755578368,23452121,21066940416,64303907,-6.284609e-02,-2.603959e-02,2.414630e-06,3.974173e-07,5.822089e-04,5.587283e-04
1755840512,23452264,21070086144,64313232,-6.283438e-02,-2.605710e-02,2.451167e-06,3.756506e-07,5.910186e-04,5.281266e-04
1756102656,23453700,21073231872,64322825,-6.282207e-02,-2.607141e-02,2.489882e-06,3.583043e-07,6.003536e-04,5.037394e-04
1756364800,23456480,21076377600,64332372,-6.285529e-02,-2.608631e-02,2.386141e-06,3.406958e-07,5.753398e-04,4.789837e-04
1756626944,23459045,21079523328,64341991,-6.286239e-02,-2.609768e-02,2.364256e-06,3.275503e-07,5.700628e-04,4.605024e-04
1756889088,23464113,21082669056,64351815,-6.288777e-02,-2.611646e-02,2.286838e-06,3.064034e-07,5.513960e-04,4.307721e-04
1757151232,23468100,21085814784,64361405,-6.289876e-02,-2.609561e-02,2.253743e-06,3.299254e-07,5.434164e-04,4.638417e-04
1757413376,23472093,21088960512,64371275,-6.288227e-02,-2.610307e-02,2.303521e-06,3.214134e-07,5.554185e-04,4.518746e-04
1757675520,23472878,21092106240,64380882,-6.289034e-02,-2.609792e-02,2.279070e-06,3.272796e-07,5.495231e-04,4.601218e-04
1757937664,23485288,21095251968,64390516,-6.288622e-02,-2.609719e-02,2.291527e-06,3.281091e-07,5.525267e-04,4.612881e-04
1758199808,23498351,21098397696,64400172,-6.286556e-02,-2.610559e-02,2.354505e-06,3.185580e-07,5.677117e-04,4.478602e-04
1758461952,23506295,21101543424,64409940,-6.286753e-02,-2.609764e-02,2.348472e-06,3.275929e-07,5.662571e-04,4.605624e-04
1758724096,23510618,21104689152,64419569,-6.285407e-02,-2.610030e-02,2.389895e-06,3.245573e-07,5.762447e-04,4.562947e-04
1758986240,23516704,21107834880,64429049,-6.287648e-02,-2.608365e-02,2.321127e-06,3.438080e-07,5.596637e-04,4.833591e-04
1759248384,23533275,21110980608,64438491,-6.286605e-02,-2.607454e-02,2.352996e-06,3.545767e-07,5.673479e-04,4.984988e-04
1759510528,23535180,21114126336,64448284,-6.286758e-02,-2.607242e-02,2.348313e-06,3.571012e-07,5.662186e-04,5.020480e-04
1759772672,23541702,21117272064,64457752,-6.286322e-02,-2.607596e-02,2.361690e-06,3.528795e-07,5.694441e-04,4.961129e-04
1760034816,23542343,21120417792,64467425,-6.286338e-02,-2.607510e-02,2.361209e-06,3.539093e-07,5.693282e-04,4.975606e-04
1760296960,23542838,21123563520,64477086,-6.286069e-02,-2.608412e-02,2.369482e-06,3.432512e-07,5.713230e-04,4.825763e-04
1760559104,23556425,21126709248,64486863,-6.287758e-02,-2.610266e-02,2.317768e-06,3.218740e-07,5.588539e-04,4.525222e-04
1760821248,23559401,21129854976,64496283,-6.287871e-02,-2.609606e-02,2.314344e-06,3.294035e-07,5.580282e-04,4.631079e-04
1761083392,23604262,21133000704,64505961,-6.287562e-02,-2.608938e-02,2.323738e-06,3.371153e-07,5.602934e-04,4.739499e-04
1761345536,23606947,21136146432,64515538,-6.287238e-02,-2.610480e-02,2.333630e-06,3.194543e-07,5.626784e-04,4.491203e-04
1761607680,23626713,21139292160,64525064,-6.289308e-02,-2.610761e-02,2.270822e-06,3.162829e-07,5.475343e-04,4.446617e-04
1761869824,23810553,21142437888,64534637,-6.289013e-02,-2.610112e-02,2.279723e-06,3.236221e-07,5.496804e-04,4.549798e-04
1762131968,23812485,21145583616,64544215,-6.290865e-02,-2.609952e-02,2.224134e-06,3.254451e-07,5.362768e-04,4.575427e-04
1762394112,23814440,21148729344,64553818,-6.288385e-02,-2.608994e-02,2.298729e-06,3.364646e-07,5.542631e-04,4.730350e-04
1762656256,23816296,21151875072,64563529,-6.288611e-02,-2.609422e-02,2.291866e-06,3.315172e-07,5.526083e-04,4.660795e-04
1762918400,23818152,21155020800,64573095,-6.289492e-02,-2.607869e-02,2.265279e-06,3.496472e-07,5.461977e-04,4.915685e-04
1763180544,23818803,21158166528,64582885,-6.288229e-02,-2.608588e-02,2.303453e-06,3.411939e-07,5.554022e-04,4.796840e-04
1763442688,23819555,21161312256,64592535,-6.289998e-02,-2.607986e-02,2.250054e-06,3.482674e-07,5.425267e-04,4.896286e-04
1763704832,23820069,21164457984,64601981,-6.289127e-02,-2.607256e-02,2.276259e-06,3.569386e-07,5.488453e-04,5.018195e-04
1763966976,23820529,21167603712,64611562,-6.289542e-02,-2.608198e-02,2.263776e-06,3.457723e-07,5.458355e-04,4.861207e-04
1764229120,23820555,21170749440,64621264,-6.287120e-02,-2.606853e-02,2.337251e-06,3.617690e-07,5.635514e-04,5.086105e-04
1764491264,23821224,21173895168,64630863,-6.286487e-02,-2.607715e-02,2.356632e-06,3.514691e-07,5.682245e-04,4.941299e-04
1764753408,23821658,21177040896,64640516,-6.285969e-02,-2.609298e-02,2.372557e-06,3.329558e-07,5.720644e-04,4.681021e-04
1765015552,23822249,21180186624,64650166,-6.286632e-02,-2.611086e-02,2.352196e-06,3.126375e-07,5.671550e-04,4.395366e-04
1765277696,23822251,21183332352,64659781,-6.286088e-02,-2.612761e-02,2.368886e-06,2.941820e-07,5.711792e-04,4.135901e-04
1765539840,23822341,21186478080,64669360,-6.286963e-02,-2.612660e-02,2.342037e-06,2.952863e-07,5.647055e-04,4.151425e-04
1765801984,23823004,21189623808,64679040,-6.287175e-02,-2.615568e-02,2.335543e-06,2.645223e-07,5.631395e-04,3.718915e-04
1766064128,23823123,21192769536,64688604,-6.287008e-02,-2.614805e-02,2.340669e-06,2.724361e-07,5.643757e-04,3.830176e-04
1766326272,23823130,21195915264,64698419,-6.286213e-02,-2.614325e-02,2.365058e-06,2.774680e-07,5.702560e-04,3.900919e-04
1766588416,23824545,21199060992,64708134,-6.287937e-02,-2.614361e-02,2.312327e-06,2.770894e-07,5.575418e-04,3.895596e-04
1766850560,23824775,21202206720,64717584,-6.287236e-02,-2.613743e-02,2.333698e-06,2.836301e-07,5.626949e-04,3.987552e-04
1767112704,23825031,21205352448,64727202,-6.285733e-02,-2.613806e-02,2.379838e-06,2.829580e-07,5.738200e-04,3.978102e-04
1767374848,23825583,21208498176,64736906,-6.288427e-02,-2.612379e-02,2.297441e-06,2.983448e-07,5.539526e-04,4.194426e-04
1767636992,23826926,21211643904,64746508,-6.287592e-02,-2.611511e-02,2.322830e-06,3.079064e-07,5.600743e-04,4.328852e-04
1767899136,23827190,21214789632,64755899,-6.288095e-02,-2.610508e-02,2.307526e-06,3.191323e-07,5.563842e-04,4.486676e-04
1768161280,23827603,21217935360,64765382,-6.288727e-02,-2.611721e-02,2.288371e-06,3.055750e-07,5.517655e-04,4.296074e-04
1768423424,23827729,21221081088,64775019,-6.289746e-02,-2.611590e-02,2.257638e-06,3.070265e-07,5.443553e-04,4.316480e-04
1768685568,23828097,21224226816,64784549,-6.288549e-02,-2.614437e-02,2.293739e-06,2.762899e-07,5.530599e-04,3.884356e-04
1768947712,23829665,21227372544,64794069,-6.289429e-02,-2.615329e-02,2.267163e-06,2.669920e-07,5.466521e-04,3.753636e-04
1769209856,23829908,21230518272,64803673,-6.288586e-02,-2.614998e-02,2.292633e-06,2.704177e-07,5.527932e-04,3.801798e-04
1769472000,23829928,21233664000,64813275,-6.291639e-02,-2.614679e-02,2.201104e-06,2.737522e-07,5.307240e-04,3.848678e-04
1769734144,23830148,21236809728,64822962,-6.291235e-02,-2.613393e-02,2.213103e-06,2.873743e-07,5.336172e-04,4.040190e-04
1769996288,23830599,21239955456,64832414,-6.293271e-02,-2.612187e-02,2.152954e-06,3.004505e-07,5.191144e-04,4.224028e-04
1770258432,23831536,21243101184,64842144,-6.291994e-02,-2.612016e-02,2.190593e-06,3.023238e-07,5.281898e-04,4.250366e-04
1770520576,23832001,21246246912,64851795,-6.291718e-02,-2.609936e-02,2.198761e-06,3.256278e-07,5.301592e-04,4.577997e-04
1770782720,23832337,21249392640,64861449,-6.291407e-02,-2.608769e-02,2.208007e-06,3.390865e-07,5.323885e-04,4.767212e-04
1771044864,23832985,21252538368,64870869,-6.291381e-02,-2.609269e-02,2.208760e-06,3.332869e-07,5.325700e-04,4.685677e-04
1771307008,23833826,21255684096,64880286,-6.290913e-02,-2.610119e-02,2.222689e-06,3.235415e-07,5.359286e-04,4.548666e-04
1771569152,23834313,21258829824,64889666,-6.290944e-02,-2.608168e-02,2.221778e-06,3.461250e-07,5.357091e-04,4.866167e-04
1771831296,23835743,21261975552,64899344,-6.292530e-02,-2.608642e-02,2.174743e-06,3.405610e-07,5.243678e-04,4.787942e-04
1772093440,23839373,21265121280,64908872,-6.292910e-02,-2.608268e-02,2.163550e-06,3.449491e-07,5.216691e-04,4.849635e-04
1772355584,23840429,21268267008,64918244,-6.292765e-02,-2.607758e-02,2.167826e-06,3.509635e-07,5.227002e-04,4.934191e-04
1772617728,23840603,21271412736,64928020,-6.293444e-02,-2.609956e-02,2.147863e-06,3.254068e-07,5.178868e-04,4.574889e-04
1772879872,23841041,21274558464,64937853,-6.293590e-02,-2.609365e-02,2.143607e-06,3.321824e-07,5.168606e-04,4.670148e-04
1773142016,23842883,21277704192,64947551,-6.291120e-02,-2.608540e-02,2.216517e-06,3.417556e-07,5.344406e-04,4.804736e-04
1773404160,23846646,21280849920,64956968,-6.291725e-02,-2.610555e-02,2.198562e-06,3.186001e-07,5.301112e-04,4.479193e-04
1773666304,23846723,21283995648,64966694,-6.292709e-02,-2.611208e-02,2.169472e-06,3.112768e-07,5.230971e-04,4.376235e-04
1773928448,23847218,21287141376,64976322,-6.291840e-02,-2.609880e-02,2.195139e-06,3.262638e-07,5.292858e-04,4.586938e-04
1774190592,23848188,21290287104,64986031,-6.292779e-02,-2.611825e-02,2.167409e-06,3.044229e-07,5.225997e-04,4.279877e-04
1774452736,23848586,21293432832,64995754,-6.291035e-02,-2.611167e-02,2.219070e-06,3.117321e-07,5.350559e-04,4.382637e-04
1774714880,23853274,21296578560,65005086,-6.291700e-02,-2.614310e-02,2.199291e-06,2.776250e-07,5.302870e-04,3.903126e-04
1774977024,23855253,21299724288,65014633,-6.291550e-02,-2.614881e-02,2.203735e-06,2.716356e-07,5.313585e-04,3.818921e-04
1775239168,23856313,21302870016,65024067,-6.292090e-02,-2.616542e-02,2.187749e-06,2.546041e-07,5.275040e-04,3.579475e-04
1775501312,23859465,21306015744,65033580,-6.290433e-02,-2.616595e-02,2.237041e-06,2.540687e-07,5.393892e-04,3.571948e-04
1775763456,23860079,21309161472,65043035,-6.293586e-02,-2.615235e-02,2.143716e-06,2.679572e-07,5.168868e-04,3.767207e-04
1776025600,23863468,21312307200,65052502,-6.291343e-02,-2.614814e-02,2.209911e-06,2.723409e-07,5.328477e-04,3.828836e-04
1776287744,23864124,21315452928,65062289,-6.291776e-02,-2.614147e-02,2.197038e-06,2.793471e-07,5.297437e-04,3.927337e-04
1776549888,23864629,21318598656,65071850,-6.289864e-02,-2.613704e-02,2.254079e-06,2.840469e-07,5.434972e-04,3.993412e-04
1776812032,23864646,21321744384,65081318,-6.291778e-02,-2.613927e-02,2.196972e-06,2.816734e-07,5.297277e-04,3.960041e-04
1777074176,23864896,21324890112,65091032,-6.292797e-02,-2.613596e-02,2.166883e-06,2.851996e-07,5.224727e-04,4.009618e-04
1777336320,23866768,21328035840,65100636,-6.291261e-02,-2.615719e-02,2.212349e-06,2.629745e-07,5.334354e-04,3.697155e-04
1777598464,23867014,21331181568,65110145,-6.293569e-02,-2.615042e-02,2.144218e-06,2.699587e-07,5.170078e-04,3.795346e-04
1777860608,23867765,21334327296,65119773,-6.292816e-02,-2.615238e-02,2.166335e-06,2.679341e-07,5.223406e-04,3.766881e-04
1778122752,23868092,21337473024,65129333,-6.292628e-02,-2.615301e-02,2.171865e-06,2.672731e-07,5.236741e-04,3.757588e-04
1778384896,23868442,21340618752,65138809,-6.291912e-02,-2.616148e-02,2.193020e-06,2.585877e-07,5.287749e-04,3.635480e-04
1778647040,23868707,21343764480,65148520,-6.293612e-02,-2.616250e-02,2.142952e-06,2.575582e-07,5.167027e-04,3.621007e-04
1778909184,23869334,21346910208,65158197,-6.292937e-02,-2.615128e-02,2.162761e-06,2.690672e-07,5.214789e-04,3.782812e-04
1779171328,23869501,21350055936,65167747,-6.291629e-02,-2.615550e-02,2.201413e-06,2.647101e-07,5.307987e-04,3.721556e-04
1779433472,23869880,21353201664,65177401,-6.290695e-02,-2.614472e-02,2.229203e-06,2.759219e-07,5.374993e-04,3.879182e-04
1779695616,23870204,21356347392,65187120,-6.290077e-02,-2.613692e-02,2.247707e-06,2.841780e-07,5.419610e-04,3.995254e-04
1779957760,23870282,21359493120,65196688,-6.290653e-02,-2.612572e-02,2.230472e-06,2.962446e-07,5.378051e-04,4.164898e-04
1780219904,23870443,21362638848,65206239,-6.290045e-02,-2.614561e-02,2.248668e-06,2.749854e-07,5.421926e-04,3.866016e-04
1780482048,23871110,21365784576,65215890,-6.287666e-02,-2.611858e-02,2.320559e-06,3.040633e-07,5.595268e-04,4.274821e-04
1780744192,23871115,21368930304,65225626,-6.286810e-02,-2.610840e-02,2.346714e-06,3.153952e-07,5.658333e-04,4.434136e-04
1781006336,23871282,21372076032,65235118,-6.288123e-02,-2.611270e-02,2.306665e-06,3.105788e-07,5.561768e-04,4.366423e-04
1781268480,23871941,21375221760,65244660,-6.290023e-02,-2.610602e-02,2.249316e-06,3.180746e-07,5.423489e-04,4.471806e-04
1781530624,23872074,21378367488,65254000,-6.289897e-02,-2.611211e-02,2.253095e-06,3.112456e-07,5.432600e-04,4.375797e-04
1781792768,23872351,21381513216,65263565,-6.290367e-02,-2.610876e-02,2.239025e-06,3.149894e-07,5.398676e-04,4.428432e-04
1782054912,23873049,21384658944,65273121,-6.290702e-02,-2.611475e-02,2.229003e-06,3.083014e-07,5.374510e-04,4.334405e-04
1782317056,23873116,21387804672,65282664,-6.288721e-02,-2.610597e-02,2.288551e-06,3.181334e-07,5.518090e-04,4.472633e-04
1782579200,23874067,21390950400,65292271,-6.289042e-02,-2.609194e-02,2.278845e-06,3.341564e-07,5.494689e-04,4.697900e-04
1782841344,23874773,21394096128,65301746,-6.288149e-02,-2.610720e-02,2.305874e-06,3.167397e-07,5.559858e-04,4.453040e-04
1783103488,23875135,21397241856,65311215,-6.286781e-02,-2.611286e-02,2.347628e-06,3.104044e-07,5.660534e-04,4.363971e-04
1783365632,23875626,21400387584,65320699,-6.288482e-02,-2.612293e-02,2.295770e-06,2.992816e-07,5.535497e-04,4.207595e-04
1783627776,23877203,21403533312,65330308,-6.291489e-02,-2.611196e-02,2.205572e-06,3.114056e-07,5.318014e-04,4.378047e-04
1783889920,23877361,21406679040,65339932,-6.291557e-02,-2.611828e-02,2.203536e-06,3.043900e-07,5.313105e-04,4.279414e-04
1784152064,23877831,21409824768,65349431,-6.290091e-02,-2.613708e-02,2.247283e-06,2.840052e-07,5.418587e-04,3.992825e-04
1784414208,23878739,21412970496,65359060,-6.292067e-02,-2.612913e-02,2.188410e-06,2.925376e-07,5.276634e-04,4.112782e-04
1784676352,23878985,21416116224,65368722,-6.291501e-02,-2.612733e-02,2.205196e-06,2.944852e-07,5.317107e-04,4.140163e-04
1784938496,23879138,21419261952,65378313,-6.290144e-02,-2.612790e-02,2.245697e-06,2.938689e-07,5.414764e-04,4.131499e-04
1785200640,23879600,21422407680,65387926,-6.288411e-02,-2.616641e-02,2.297915e-06,2.535995e-07,5.540670e-04,3.565351e-04
1785462784,23880044,21425553408,65397632,-6.286640e-02,-2.615442e-02,2.351945e-06,2.658229e-07,5.670944e-04,3.737201e-04
1785724928,23880448,21428699136,65407230,-6.288155e-02,-2.616237e-02,2.305693e-06,2.576924e-07,5.559422e-04,3.622894e-04
1785987072,23881307,21431844864,65416671,-6.290116e-02,-2.615009e-02,2.246524e-06,2.703034e-07,5.416755e-04,3.800191e-04
1786249216,23881713,21434990592,65426382,-6.290060e-02,-2.614982e-02,2.248221e-06,2.705901e-07,5.420849e-04,3.804223e-04
1786511360,23882283,21438136320,65435807,-6.290130e-02,-2.616106e-02,2.246122e-06,2.590198e-07,5.415786e-04,3.641555e-04
1786773504,23883354,21441282048,65445537,-6.291128e-02,-2.616374e-02,2.216296e-06,2.562987e-07,5.343871e-04,3.603299e-04
1787035648,23883867,21444427776,65455145,-6.289943e-02,-2.616278e-02,2.251731e-06,2.572671e-07,5.429310e-04,3.616914e-04
1787297792,23884364,21447573504,65464708,-6.290895e-02,-2.614078e-02,2.223223e-06,2.800761e-07,5.360572e-04,3.937586e-04
1787559936,23887759,21450719232,65474326,-6.292293e-02,-2.614781e-02,2.181736e-06,2.726812e-07,5.260542e-04,3.833621e-04
1787822080,23888328,21453864960,65483927,-6.291240e-02,-2.615416e-02,2.212947e-06,2.660861e-07,5.335797e-04,3.740901e-04
1788084224,23888708,21457010688,65493421,-6.292731e-02,-2.615944e-02,2.168835e-06,2.606719e-07,5.229436e-04,3.664782e-04
1788346368,23890471,21460156416,65503186,-6.293222e-02,-2.613621e-02,2.154398e-06,2.849272e-07,5.194625e-04,4.005787e-04
1788608512,23891379,21463302144,65512910,-6.294433e-02,-2.611032e-02,2.118981e-06,3.132398e-07,5.109229e-04,4.403834e-04
1788870656,23895972,21466447872,65522563,-6.296121e-02,-2.611481e-02,2.070114e-06,3.082393e-07,4.991402e-04,4.333532e-04
1789132800,23896353,21469593600,65532137,-6.295769e-02,-2.609924e-02,2.080267e-06,3.257661e-07,5.015882e-04,4.579940e-04
1789394944,23896553,21472739328,65541712,-6.294286e-02,-2.609200e-02,2.123278e-06,3.340810e-07,5.119590e-04,4.696840e-04
1789657088,23897378,21475885056,65551280,-6.295425e-02,-2.610635e-02,2.090187e-06,3.177049e-07,5.039801e-04,4.466609e-04
1789919232,23900921,21479030784,65561140,-6.294870e-02,-2.609203e-02,2.106289e-06,3.340530e-07,5.078626e-04,4.696446e-04
1790181376,23907917,21482176512,65570825,-6.296097e-02,-2.609927e-02,2.070800e-06,3.257363e-07,4.993055e-04,4.579521e-04
1790443520,23910249,21485322240,65580291,-6.298026e-02,-2.609548e-02,2.015656e-06,3.300709e-07,4.860093e-04,4.640463e-04
1790705664,23921293,21488467968,65590021,-6.295532e-02,-2.611134e-02,2.087108e-06,3.120983e-07,5.032375e-04,4.387785e-04
1790967808,23924607,21491613696,65599477,-6.294996e-02,-2.610866e-02,2.102614e-06,3.151023e-07,5.069765e-04,4.430019e-04
1791229952,23924836,21494759424,65609042,-6.293231e-02,-2.611955e-02,2.154135e-06,3.030001e-07,5.193991e-04,4.259875e-04
1791492096,23929060,21497905152,65618511,-6.292582e-02,-2.611377e-02,2.173227e-06,3.093945e-07,5.240024e-04,4.349773e-04
1791754240,23949650,21501050880,65628008,-6.293273e-02,-2.611051e-02,2.152889e-06,3.130230e-07,5.190986e-04,4.400786e-04
1792016384,23954396,21504196608,65637352,-6.293011e-02,-2.613086e-02,2.160592e-06,2.906667e-07,5.209559e-04,4.086480e-04
1792278528,23957531,21507342336,65646872,-6.293169e-02,-2.615080e-02,2.155929e-06,2.695660e-07,5.198317e-04,3.789824e-04
1792540672,23960626,21510488064,65656513,-6.294630e-02,-2.613617e-02,2.113259e-06,2.849729e-07,5.095430e-04,4.006429e-04
1792802816,23984566,21513633792,65665990,-6.295091e-02,-2.615661e-02,2.099871e-06,2.635728e-07,5.063151e-04,3.705566e-04
1793064960,23986220,21516779520,65675419,-6.296013e-02,-2.613869e-02,2.073245e-06,2.822866e-07,4.998952e-04,3.968663e-04
1793327104,23986544,21519925248,65684715,-6.297164e-02,-2.613157e-02,2.040207e-06,2.899020e-07,4.919291e-04,4.075729e-04
1793589248,23993215,21523070976,65694192,-6.299077e-02,-2.613300e-02,1.985936e-06,2.883716e-07,4.788435e-04,4.054212e-04
1793851392,23994464,21526216704,65703618,-6.299676e-02,-2.613888e-02,1.969089e-06,2.820927e-07,4.747813e-04,3.965936e-04
1794113536,24003286,21529362432,65713330,-6.296436e-02,-2.616309e-02,2.061055e-06,2.569554e-07,4.969558e-04,3.612533e-04
1794375680,24007660,21532508160,65722951,-6.297454e-02,-2.617111e-02,2.031936e-06,2.488921e-07,4.899348e-04,3.499171e-04
1794637824,24054326,21535653888,65732701,-6.299861e-02,-2.616933e-02,1.963907e-06,2.506664e-07,4.735317e-04,3.524116e-04
1794899968,24055578,21538799616,65742202,-6.300817e-02,-2.615718e-02,1.937206e-06,2.629822e-07,4.670937e-04,3.697262e-04
1795162112,24070733,21541945344,65751679,-6.300478e-02,-2.614602e-02,1.946654e-06,2.745499e-07,4.693719e-04,3.859893e-04
1795424256,24261710,21545091072,65761284,-6.300011e-02,-2.614290e-02,1.959691e-06,2.778351e-07,4.725152e-04,3.906079e-04
1795686400,24263609,21548236800,65770846,-6.301048e-02,-2.615067e-02,1.930782e-06,2.697053e-07,4.655448e-04,3.791782e-04
1795948544,24265580,21551382528,65780483,-6.302252e-02,-2.614369e-02,1.897446e-06,2.769992e-07,4.575070e-04,3.894328e-04
1796210688,24267612,21554528256,65789786,-6.303285e-02,-2.615593e-02,1.869104e-06,2.642637e-07,4.506732e-04,3.715279e-04
1796472832,24269516,21557673984,65799234,-6.303830e-02,-2.614413e-02,1.854242e-06,2.765406e-07,4.470896e-04,3.887880e-04
1796734976,24270176,21560819712,65808918,-6.302447e-02,-2.613182e-02,1.892093e-06,2.896413e-07,4.562161e-04,4.072063e-04
1796997120,24271038,21563965440,65818612,-6.303063e-02,-2.611413e-02,1.875180e-06,3.089926e-07,4.521381e-04,4.344123e-04
1797259264,24271638,21567111168,65828106,-6.303030e-02,-2.609975e-02,1.876078e-06,3.251795e-07,4.523546e-04,4.571693e-04
1797521408,24271923,21570256896,65837744,-6.302101e-02,-2.609758e-02,1.901615e-06,3.276697e-07,4.585122e-04,4.606703e-04
1797783552,24272009,21573402624,65847188,-6.302200e-02,-2.610900e-02,1.898883e-06,3.147177e-07,4.578535e-04,4.424611e-04
1798045696,24272413,21576548352,65856775,-6.303012e-02,-2.610181e-02,1.876588e-06,3.228342e-07,4.524777e-04,4.538721e-04
1798307840,24273125,21579694080,65866245,-6.304432e-02,-2.609100e-02,1.837862e-06,3.352383e-07,4.431402e-04,4.713110e-04
1798569984,24273312,21582839808,65875954,-6.304678e-02,-2.609059e-02,1.831222e-06,3.357130e-07,4.415392e-04,4.719784e-04
1798832128,24273461,21585985536,65885612,-6.305654e-02,-2.609445e-02,1.804902e-06,3.312534e-07,4.351929e-04,4.657087e-04
1799094272,24273793,21589131264,65895320,-6.306002e-02,-2.609191e-02,1.795545e-06,3.341822e-07,4.329368e-04,4.698263e-04
1799356416,24274291,21592276992,65904718,-6.306260e-02,-2.608951e-02,1.788643e-06,3.369704e-07,4.312726e-04,4.737462e-04
1799618560,24274731,21595422720,65914519,-6.307106e-02,-2.610448e-02,1.766095e-06,3.198166e-07,4.258360e-04,4.496297e-04
1799880704,24275705,21598568448,65924128,-6.304733e-02,-2.610921e-02,1.829730e-06,3.144837e-07,4.411795e-04,4.421322e-04
1800142848,24276359,21601714176,65933652,-6.306472e-02,-2.610798e-02,1.782988e-06,3.158619e-07,4.299090e-04,4.440698e-04
1800404992,24276601,21604859904,65943440,-6.306229e-02,-2.610638e-02,1.789480e-06,3.176650e-07,4.314745e-04,4.466048e-04
1800667136,24276895,21608005632,65952978,-6.307634e-02,-2.611958e-02,1.752083e-06,3.029591e-07,4.224574e-04,4.259298e-04
1800929280,24278331,21611151360,65962558,-6.306199e-02,-2.613880e-02,1.790277e-06,2.821678e-07,4.316667e-04,3.966994e-04
1801191424,24278445,21614297088,65972263,-6.307705e-02,-2.615251e-02,1.750210e-06,2.677914e-07,4.220057e-04,3.764876e-04
1801453568,24278611,21617442816,65981930,-6.307488e-02,-2.615241e-02,1.755951e-06,2.678994e-07,4.233900e-04,3.766393e-04
1801715712,24278839,21620588544,65991604,-6.308257e-02,-2.615510e-02,1.735632e-06,2.651223e-07,4.184909e-04,3.727351e-04
1801977856,24278939,21623734272,66001374,-6.307317e-02,-2.616523e-02,1.760476e-06,2.547903e-07,4.244811e-04,3.582093e-04
1802240000,24279545,21626880000,66010970,-6.307146e-02,-2.617419e-02,1.765026e-06,2.458313e-07,4.255782e-04,3.456139e-04
1802502144,24280929,21630025728,66020514,-6.307983e-02,-2.615836e-02,1.742864e-06,2.617800e-07,4.202346e-04,3.680361e-04
1802764288,24281346,21633171456,66030296,-6.305702e-02,-2.614916e-02,1.803601e-06,2.712765e-07,4.348792e-04,3.813873e-04
1803026432,24281363,21636317184,66039910,-6.304874e-02,-2.615796e-02,1.825903e-06,2.621881e-07,4.402566e-04,3.686098e-04
1803288576,24281484,21639462912,66049538,-6.305076e-02,-2.614747e-02,1.820450e-06,2.730392e-07,4.389419e-04,3.838654e-04
1803550720,24282272,21642608640,66059282,-6.306064e-02,-2.615937e-02,1.793888e-06,2.607441e-07,4.325373e-04,3.665798e-04
1803812864,24283255,21645754368,66068895,-6.304909e-02,-2.614634e-02,1.824956e-06,2.742162e-07,4.400284e-04,3.855203e-04
1804075008,24283383,21648900096,66078414,-6.307373e-02,-2.613406e-02,1.758993e-06,2.872325e-07,4.241235e-04,4.038197e-04
1804337152,24283821,21652045824,66088154,-6.307307e-02,-2.613866e-02,1.760753e-06,2.823262e-07,4.245477e-04,3.969220e-04
1804599296,24285115,21655191552,66097651,-6.308655e-02,-2.612642e-02,1.725165e-06,2.954766e-07,4.159670e-04,4.154101e-04
1804861440,24285312,21658337280,66107139,-6.309915e-02,-2.613576e-02,1.692228e-06,2.854165e-07,4.080252e-04,4.012667e-04
1805123584,24286002,21661483008,66116714,-6.312375e-02,-2.613546e-02,1.628826e-06,2.857331e-07,3.927380e-04,4.017117e-04
1805385728,24286801,21664628736,66126097,-6.312136e-02,-2.612891e-02,1.634917e-06,2.927774e-07,3.942067e-04,4.116153e-04
1805647872,24289974,21667774464,66135705,-6.312709e-02,-2.612796e-02,1.620317e-06,2.938104e-07,3.906864e-04,4.130676e-04
1805910016,24290181,21670920192,66145307,-6.311852e-02,-2.611896e-02,1.642204e-06,3.036485e-07,3.959636e-04,4.268989e-04
1806172160,24290436,21674065920,66154959,-6.310668e-02,-2.611430e-02,1.672687e-06,3.088022e-07,4.033136e-04,4.341445e-04
1806434304,24291507,21677211648,66164568,-6.310541e-02,-2.610361e-02,1.675965e-06,3.207927e-07,4.041040e-04,4.510021e-04
1806696448,24291780,21680357376,66174223,-6.307586e-02,-2.610075e-02,1.753365e-06,3.240503e-07,4.227665e-04,4.555819e-04
1806958592,24292418,21683503104,66183782,-6.306998e-02,-2.609489e-02,1.768948e-06,3.307455e-07,4.265238e-04,4.649946e-04
1807220736,24294534,21686648832,66193344,-6.306971e-02,-2.610407e-02,1.769681e-06,3.202760e-07,4.267007e-04,4.502756e-04
1807482880,24296480,21689794560,66203151,-6.306199e-02,-2.609983e-02,1.790277e-06,3.250924e-07,4.316667e-04,4.570469e-04
1807745024,24297777,21692940288,66212715,-6.305523e-02,-2.609138e-02,1.808407e-06,3.347963e-07,4.360381e-04,4.706896e-04
1808007168,24299166,21696086016,66222182,-6.306067e-02,-2.609332e-02,1.793808e-06,3.325604e-07,4.325180e-04,4.675463e-04
1808269312,24299908,21699231744,66231688,-6.306766e-02,-2.608198e-02,1.775137e-06,3.457679e-07,4.280160e-04,4.861146e-04
1808531456,24303012,21702377472,66241314,-6.309496e-02,-2.607289e-02,1.703139e-06,3.565426e-07,4.106562e-04,5.012627e-04
1808793600,24303498,21705523200,66250633,-6.310944e-02,-2.604336e-02,1.665544e-06,3.926829e-07,4.015914e-04,5.520722e-04
1809055744,24306077,21708668928,66260263,-6.313728e-02,-2.604375e-02,1.594473e-06,3.921834e-07,3.844549e-04,5.513701e-04
1809317888,24307221,21711814656,66269854,-6.316482e-02,-2.604131e-02,1.525669e-06,3.952549e-07,3.678650e-04,5.556883e-04
1809580032,24307368,21714960384,66279408,-6.315973e-02,-2.601916e-02,1.538284e-06,4.235901e-07,3.709068e-04,5.955248e-04
1809842176,24307718,21718106112,66289116,-6.315908e-02,-2.601111e-02,1.539892e-06,4.341412e-07,3.712946e-04,6.103585e-04
1810104320,24308135,21721251840,66298681,-6.315034e-02,-2.602470e-02,1.561659e-06,4.164174e-07,3.765429e-04,5.854406e-04
1810366464,24308186,21724397568,66308248,-6.315631e-02,-2.602224e-02,1.546779e-06,4.195918e-07,3.729550e-04,5.899036e-04
1810628608,24308558,21727543296,66317597,-6.314242e-02,-2.600168e-02,1.581516e-06,4.466577e-07,3.813308e-04,6.279554e-04
1810890752,24310440,21730689024,66327437,-6.314287e-02,-2.602234e-02,1.580392e-06,4.194663e-07,3.810598e-04,5.897271e-04
1811152896,24310442,21733834752,66336955,-6.315239e-02,-2.604261e-02,1.556542e-06,3.936219e-07,3.753091e-04,5.533924e-04
1811415040,24311443,21736980480,66346629,-6.316627e-02,-2.605154e-02,1.522100e-06,3.824969e-07,3.670046e-04,5.377519e-04
1811677184,24311597,21740126208,66355937,-6.317256e-02,-2.603369e-02,1.506605e-06,4.048920e-07,3.632684e-04,5.692371e-04
1811939328,24312388,21743271936,66365661,-6.318318e-02,-2.603529e-02,1.480654e-06,4.028536e-07,3.570112e-04,5.663713e-04
1812201472,24312902,21746417664,66375258,-6.317728e-02,-2.604510e-02,1.495050e-06,3.904939e-07,3.604822e-04,5.489948e-04
1812463616,24312969,21749563392,66384901,-6.317717e-02,-2.603736e-02,1.495323e-06,4.002310e-07,3.605481e-04,5.626841e-04
1812725760,24313348,21752709120,66394489,-6.317714e-02,-2.602952e-02,1.495396e-06,4.102097e-07,3.605657e-04,5.767132e-04
1812987904,24313673,21755854848,66404062,-6.316829e-02,-2.603919e-02,1.517104e-06,3.979247e-07,3.657998e-04,5.594417e-04
1813250048,24313800,21759000576,66413562,-6.317157e-02,-2.605938e-02,1.509039e-06,3.728565e-07,3.638552e-04,5.241985e-04
1813512192,24313887,21762146304,66423239,-6.316305e-02,-2.605375e-02,1.530052e-06,3.797625e-07,3.689220e-04,5.339075e-04
1813774336,24314716,21765292032,66432894,-6.315710e-02,-2.603893e-02,1.544815e-06,3.982491e-07,3.724815e-04,5.598978e-04
1814036480,24314767,21768437760,66442583,-6.317952e-02,-2.606209e-02,1.489570e-06,3.695519e-07,3.591611e-04,5.195524e-04
1814298624,24314979,21771583488,66452423,-6.318489e-02,-2.606759e-02,1.476505e-06,3.628924e-07,3.560107e-04,5.101899e-04
1814560768,24315469,21774729216,66462097,-6.319204e-02,-2.606775e-02,1.459174e-06,3.627017e-07,3.518319e-04,5.099218e-04
1814822912,24315483,21777874944,66471810,-6.319121e-02,-2.608495e-02,1.461172e-06,3.422806e-07,3.523138e-04,4.812118e-04
1815085056,24315723,21781020672,66481543,-6.317465e-02,-2.609173e-02,1.501488e-06,3.343933e-07,3.620347e-04,4.701231e-04
1815347200,24316488,21784166400,66491171,-6.317954e-02,-2.610477e-02,1.489534e-06,3.194880e-07,3.591524e-04,4.491677e-04
1815609344,24316596,21787312128,66500783,-6.319654e-02,-2.612101e-02,1.448322e-06,3.013844e-07,3.492153e-04,4.237159e-04
1815871488,24317615,21790457856,66510213,-6.317370e-02,-2.612236e-02,1.503808e-06,2.999096e-07,3.625940e-04,4.216424e-04
1816133632,24318222,21793603584,66519825,-6.317272e-02,-2.610417e-02,1.506221e-06,3.201664e-07,3.631758e-04,4.501215e-04
1816395776,24318874,21796749312,66529261,-6.316956e-02,-2.609029e-02,1.513985e-06,3.360628e-07,3.650479e-04,4.724701e-04
1816657920,24319007,21799895040,66538833,-6.317862e-02,-2.611119e-02,1.491772e-06,3.122690e-07,3.596919e-04,4.390185e-04
1816920064,24319889,21803040768,66548408,-6.318797e-02,-2.611847e-02,1.469018e-06,3.041866e-07,3.542056e-04,4.276554e-04
1817182208,24320758,21806186496,66558180,-6.319049e-02,-2.608899e-02,1.462920e-06,3.375696e-07,3.527352e-04,4.745887e-04
1817444352,24321057,21809332224,66567582,-6.318026e-02,-2.608389e-02,1.487771e-06,3.435219e-07,3.587271e-04,4.829568e-04
1817706496,24321283,21812477952,66577012,-6.319527e-02,-2.607285e-02,1.451372e-06,3.565871e-07,3.499508e-04,5.013253e-04
1817968640,24322229,21815623680,66586713,-6.321744e-02,-2.606039e-02,1.398457e-06,3.716201e-07,3.371920e-04,5.224601e-04
1818230784,24322503,21818769408,66596274,-6.325164e-02,-2.605821e-02,1.318726e-06,3.742864e-07,3.179676e-04,5.262088e-04
1818492928,24323075,21821915136,66605938,-6.325848e-02,-2.602223e-02,1.303081e-06,4.196039e-07,3.141953e-04,5.899204e-04
1818755072,24323617,21825060864,66615628,-6.325253e-02,-2.600818e-02,1.316690e-06,4.379986e-07,3.174767e-04,6.157815e-04
1819017216,24323859,21828206592,66625124,-6.325855e-02,-2.601469e-02,1.302911e-06,4.294242e-07,3.141543e-04,6.037268e-04
1819279360,24324921,21831352320,66634497,-6.325129e-02,-2.605319e-02,1.319548e-06,3.804538e-07,3.181656e-04,5.348795e-04
1819541504,24325394,21834498048,66644172,-6.325895e-02,-2.603727e-02,1.302010e-06,4.003465e-07,3.139370e-04,5.628465e-04
1819803648,24326008,21837643776,66653762,-6.326025e-02,-2.603032e-02,1.299036e-06,4.091843e-07,3.132199e-04,5.752717e-04
1820065792,24326896,21840789504,66663545,-6.325751e-02,-2.603017e-02,1.305293e-06,4.093869e-07,3.147287e-04,5.755565e-04
1820327936,24327458,21843935232,66673059,-6.324572e-02,-2.603546e-02,1.332365e-06,4.026456e-07,3.212561e-04,5.660789e-04
1820590080,24327975,21847080960,66682468,-6.324624e-02,-2.604770e-02,1.331179e-06,3.872509e-07,3.209701e-04,5.444354e-04
1820852224,24330471,21850226688,66691979,-6.324302e-02,-2.602834e-02,1.338616e-06,4.117309e-07,3.227634e-04,5.788520e-04
1821114368,24331348,21853372416,66701418,-6.323216e-02,-2.600041e-02,1.363853e-06,4.483473e-07,3.288485e-04,6.303308e-04
1821376512,24332353,21856518144,66711140,-6.322309e-02,-2.599175e-02,1.385114e-06,4.600238e-07,3.339748e-04,6.467468e-04
1821638656,24334228,21859663872,66720826,-6.324153e-02,-2.601473e-02,1.342066e-06,4.293802e-07,3.235953e-04,6.036650e-04
1821900800,24335052,21862809600,66730387,-6.324671e-02,-2.601910e-02,1.330078e-06,4.236677e-07,3.207049e-04,5.956338e-04
1822162944,24339438,21865955328,66739901,-6.323513e-02,-2.602223e-02,1.356919e-06,4.196039e-07,3.271764e-04,5.899204e-04
1822425088,24339919,21869101056,66749383,-6.323830e-02,-2.603649e-02,1.349551e-06,4.013394e-07,3.254001e-04,5.642425e-04
1822687232,24339942,21872246784,66759103,-6.322810e-02,-2.605205e-02,1.373354e-06,3.818590e-07,3.311393e-04,5.368550e-04
1822949376,24340653,21875392512,66768607,-6.320934e-02,-2.605658e-02,1.417677e-06,3.762787e-07,3.418263e-04,5.290097e-04
1823211520,24340654,21878538240,66778284,-6.319951e-02,-2.605131e-02,1.441176e-06,3.827712e-07,3.474923e-04,5.381374e-04
1823473664,24345096,21881683968,66787974,-6.323685e-02,-2.606717e-02,1.352929e-06,3.634087e-07,3.262146e-04,5.109158e-04
1823735808,24351311,21884829696,66797439,-6.322316e-02,-2.605377e-02,1.384956e-06,3.797349e-07,3.339368e-04,5.338688e-04
1823997952,24361168,21887975424,66807003,-6.323013e-02,-2.605119e-02,1.368608e-06,3.829256e-07,3.299950e-04,5.383546e-04
1824260096,24372431,21891121152,66816598,-6.323955e-02,-2.604481e-02,1.346645e-06,3.908664e-07,3.246993e-04,5.495186e-04
1824522240,24374049,21894266880,66826116,-6.324340e-02,-2.603333e-02,1.337737e-06,4.053449e-07,3.225514e-04,5.698738e-04
1824784384,24376009,21897412608,66835907,-6.323715e-02,-2.602900e-02,1.352236e-06,4.108780e-07,3.260474e-04,5.776528e-04
1825046528,24377049,21900558336,66845503,-6.321313e-02,-2.601983e-02,1.408661e-06,4.227153e-07,3.396523e-04,5.942949e-04
1825308672,24397978,21903704064,66854843,-6.321037e-02,-2.602230e-02,1.415230e-06,4.195098e-07,3.412362e-04,5.897882e-04
1825570816,24400866,21906849792,66864487,-6.321584e-02,-2.602285e-02,1.402230e-06,4.188079e-07,3.381019e-04,5.888015e-04
1825832960,24404051,21909995520,66873954,-6.320884e-02,-2.601420e-02,1.418866e-06,4.300689e-07,3.421130e-04,6.046332e-04
1826095104,24408397,21913141248,66883525,-6.321888e-02,-2.600378e-02,1.395040e-06,4.438487e-07,3.363682e-04,6.240063e-04
1826357248,24429737,21916286976,66893172,-6.321698e-02,-2.600207e-02,1.399532e-06,4.461275e-07,3.374512e-04,6.272100e-04
1826619392,24435526,21919432704,66902996,-6.321114e-02,-2.600866e-02,1.413386e-06,4.373676e-07,3.407918e-04,6.148946e-04
1826881536,24437588,21922578432,66912656,-6.322172e-02,-2.601298e-02,1.388343e-06,4.316730e-07,3.347533e-04,6.068884e-04
1827143680,24444542,21925724160,66922156,-6.321739e-02,-2.601318e-02,1.398562e-06,4.314112e-07,3.372175e-04,6.065203e-04
1827405824,24445702,21928869888,66931597,-6.322506e-02,-2.598963e-02,1.380488e-06,4.628986e-07,3.328594e-04,6.507885e-04
1827667968,24446669,21932015616,66941156,-6.321732e-02,-2.597270e-02,1.398739e-06,4.862297e-07,3.372600e-04,6.835895e-04
1827930112,24458440,21935161344,66950584,-6.322575e-02,-2.595472e-02,1.378860e-06,5.116254e-07,3.324669e-04,7.192934e-04
1828192256,24501199,21938307072,66960214,-6.323270e-02,-2.595127e-02,1.362583e-06,5.165775e-07,3.285423e-04,7.262556e-04
1828454400,24506597,21941452800,66969939,-6.324937e-02,-2.596026e-02,1.323950e-06,5.037342e-07,3.192273e-04,7.081990e-04
1828716544,24514446,21944598528,66979767,-6.325441e-02,-2.595894e-02,1.312385e-06,5.055999e-07,3.164387e-04,7.108222e-04
1828978688,24712400,21947744256,66989186,-6.326977e-02,-2.595698e-02,1.277421e-06,5.083930e-07,3.080083e-04,7.147490e-04
1829240832,24714401,21950889984,66998577,-6.326380e-02,-2.594461e-02,1.290964e-06,5.261912e-07,3.112737e-04,7.397714e-04
1829502976,24716494,21954035712,67007984,-6.324030e-02,-2.595767e-02,1.344916e-06,5.074107e-07,3.242825e-04,7.133680e-04
1829765120,24718343,21957181440,67017340,-6.322870e-02,-2.597402e-02,1.371940e-06,4.843897e-07,3.307983e-04,6.810027e-04
1830027264,24720557,21960327168,67026982,-6.322850e-02,-2.596672e-02,1.372411e-06,4.946091e-07,3.309119e-04,6.953702e-04
1830289408,24721332,21963472896,67036470,-6.321235e-02,-2.598251e-02,1.410518e-06,4.726441e-07,3.401002e-04,6.644896e-04
1830551552,24722336,21966618624,67045910,-6.321243e-02,-2.597215e-02,1.410323e-06,4.869937e-07,3.400533e-04,6.846637e-04
1830813696,24722989,21969764352,67055423,-6.322578e-02,-2.596583e-02,1.378790e-06,4.958596e-07,3.324501e-04,6.971283e-04
1831075840,24723061,21972910080,67065060,-6.322987e-02,-2.596477e-02,1.369201e-06,4.973534e-07,3.301379e-04,6.992284e-04
1831337984,24723091,21976055808,67074584,-6.322592e-02,-2.596350e-02,1.378458e-06,4.991467e-07,3.323699e-04,7.017496e-04
1831600128,24723275,21979201536,67084022,-6.323529e-02,-2.594265e-02,1.356554e-06,5.290352e-07,3.270885e-04,7.437697e-04
1831862272,24724120,21982347264,67093525,-6.324711e-02,-2.592372e-02,1.329151e-06,5.569393e-07,3.204811e-04,7.830001e-04
1832124416,24724156,21985492992,67103225,-6.324953e-02,-2.593354e-02,1.323590e-06,5.423680e-07,3.191404e-04,7.625144e-04
1832386560,24724283,21988638720,67112685,-6.324159e-02,-2.593653e-02,1.341911e-06,5.379817e-07,3.235578e-04,7.563478e-04
1832648704,24725181,21991784448,67122282,-6.322704e-02,-2.591475e-02,1.375835e-06,5.704061e-07,3.317375e-04,8.019330e-04
1832910848,24725438,21994930176,67131930,-6.325293e-02,-2.591520e-02,1.315767e-06,5.697282e-07,3.172542e-04,8.009801e-04
1833172992,24725848,21998075904,67141432,-6.325353e-02,-2.592985e-02,1.314400e-06,5.478275e-07,3.169245e-04,7.701899e-04
1833435136,24726611,22001221632,67151005,-6.326582e-02,-2.592828e-02,1.286380e-06,5.501406e-07,3.101684e-04,7.734418e-04
1833697280,24727599,22004367360,67160563,-6.326330e-02,-2.593215e-02,1.292099e-06,5.444221e-07,3.115473e-04,7.654022e-04
1833959424,24727676,22007513088,67170025,-6.327817e-02,-2.593982e-02,1.258511e-06,5.331590e-07,3.034488e-04,7.495675e-04
1834221568,24728162,22010658816,67179510,-6.328953e-02,-2.593888e-02,1.233148e-06,5.345308e-07,2.973331e-04,7.514961e-04
1834483712,24729352,22013804544,67189150,-6.333325e-02,-2.594946e-02,1.137959e-06,5.191726e-07,2.743816e-04,7.299040e-04
1834745856,24729584,22016950272,67198783,-6.334052e-02,-2.595216e-02,1.122498e-06,5.152878e-07,2.706536e-04,7.244423e-04
1835008000,24729683,22020096000,67208362,-6.335784e-02,-2.594212e-02,1.086108e-06,5.298104e-07,2.618792e-04,7.448597e-04
1835270144,24729901,22023241728,67217903,-6.335998e-02,-2.594746e-02,1.081655e-06,5.220675e-07,2.608057e-04,7.339740e-04
1835532288,24730064,22026387456,67227381,-6.336346e-02,-2.594885e-02,1.074415e-06,5.200534e-07,2.590599e-04,7.311423e-04
1835794432,24730833,22029533184,67236829,-6.336768e-02,-2.596846e-02,1.065690e-06,4.921546e-07,2.569562e-04,6.919195e-04
1836056576,24731660,22032678912,67246619,-6.337664e-02,-2.598083e-02,1.047280e-06,4.749596e-07,2.525173e-04,6.677450e-04
1836318720,24732259,22035824640,67256230,-6.337947e-02,-2.597657e-02,1.041493e-06,4.808390e-07,2.511220e-04,6.760108e-04
1836580864,24732295,22038970368,67266020,-6.339110e-02,-2.598880e-02,1.017890e-06,4.640373e-07,2.454309e-04,6.523894e-04
1836843008,24732792,22042116096,67275616,-6.337949e-02,-2.599583e-02,1.041448e-06,4.544995e-07,2.511110e-04,6.389802e-04
1837105152,24733023,22045261824,67285221,-6.338592e-02,-2.600533e-02,1.028366e-06,4.417813e-07,2.479567e-04,6.210997e-04
1837367296,24733228,22048407552,67295002,-6.337229e-02,-2.600333e-02,1.056189e-06,4.444471e-07,2.546654e-04,6.248475e-04
1837629440,24733762,22051553280,67304527,-6.334457e-02,-2.600425e-02,1.113942e-06,4.432186e-07,2.685905e-04,6.231203e-04
1837891584,24734188,22054699008,67314209,-6.334248e-02,-2.597963e-02,1.118350e-06,4.766144e-07,2.696534e-04,6.700716e-04
1838153728,24734958,22057844736,67323774,-6.333112e-02,-2.596898e-02,1.142510e-06,4.914336e-07,2.754789e-04,6.909058e-04
1838415872,24734998,22060990464,67333449,-6.332685e-02,-2.596439e-02,1.151655e-06,4.978868e-07,2.776838e-04,6.999784e-04
1838678016,24735992,22064136192,67343036,-6.331805e-02,-2.595086e-02,1.170618e-06,5.171614e-07,2.822561e-04,7.270764e-04
1838940160,24736156,22067281920,67352659,-6.331548e-02,-2.595629e-02,1.176187e-06,5.093816e-07,2.835989e-04,7.161388e-04
1839202304,24736868,22070427648,67362198,-6.331362e-02,-2.592268e-02,1.180230e-06,5.584806e-07,2.845739e-04,7.851670e-04
1839464448,24737827,22073573376,67371884,-6.331564e-02,-2.593079e-02,1.175847e-06,5.464332e-07,2.835170e-04,7.682297e-04
1839726592,24739495,22076719104,67381521,-6.333160e-02,-2.592066e-02,1.141475e-06,5.615080e-07,2.752293e-04,7.894234e-04
1839988736,24741745,22079864832,67391004,-6.335244e-02,-2.592276e-02,1.097380e-06,5.583692e-07,2.645972e-04,7.850105e-04
1840250880,24742775,22083010560,67400603,-6.336275e-02,-2.592636e-02,1.075882e-06,5.530069e-07,2.594137e-04,7.774716e-04
1840513024,24743254,22086156288,67410285,-6.334335e-02,-2.592542e-02,1.116507e-06,5.544012e-07,2.692089e-04,7.794319e-04
1840775168,24743757,22089302016,67419795,-6.333096e-02,-2.593278e-02,1.142861e-06,5.434989e-07,2.755633e-04,7.641043e-04
1841037312,24746085,22092447744,67429407,-6.331792e-02,-2.590605e-02,1.170892e-06,5.836152e-07,2.823222e-04,8.205037e-04
1841299456,24746671,22095593472,67438900,-6.331345e-02,-2.591157e-02,1.180603e-06,5.752188e-07,2.846636e-04,8.086994e-04
1841561600,24746925,22098739200,67448657,-6.333563e-02,-2.590633e-02,1.132878e-06,5.831913e-07,2.731565e-04,8.199078e-04
1841823744,24748564,22101884928,67458244,-6.334020e-02,-2.592489e-02,1.123177e-06,5.551892e-07,2.708173e-04,7.805397e-04
1842085888,24750472,22105030656,67467978,-6.333131e-02,-2.590778e-02,1.142096e-06,5.809772e-07,2.753790e-04,8.167950e-04
1842348032,24750963,22108176384,67477521,-6.332801e-02,-2.590903e-02,1.149162e-06,5.790706e-07,2.770827e-04,8.141146e-04
1842610176,24751081,22111322112,67486950,-6.332434e-02,-2.588144e-02,1.157050e-06,6.218241e-07,2.789847e-04,8.742217e-04
1842872320,24751447,22114467840,67496531,-6.334644e-02,-2.589129e-02,1.109998e-06,6.063900e-07,2.676395e-04,8.525228e-04
1843134464,24751641,22117613568,67506279,-6.334612e-02,-2.587567e-02,1.110673e-06,6.309581e-07,2.678023e-04,8.870632e-04
1843396608,24751800,22120759296,67515870,-6.332614e-02,-2.587412e-02,1.153191e-06,6.334315e-07,2.780541e-04,8.905403e-04
1843658752,24752075,22123905024,67525299,-6.331849e-02,-2.588138e-02,1.169667e-06,6.219182e-07,2.820269e-04,8.743539e-04
1843920896,24753925,22127050752,67534884,-6.331559e-02,-2.590050e-02,1.175944e-06,5.921298e-07,2.835404e-04,8.324744e-04
1844183040,24753977,22130196480,67544624,-6.332840e-02,-2.590471e-02,1.148331e-06,5.856661e-07,2.768824e-04,8.233871e-04
1844445184,24755485,22133342208,67554285,-6.332316e-02,-2.588684e-02,1.159584e-06,6.133430e-07,2.795957e-04,8.622981e-04
1844707328,24755842,22136487936,67563722,-6.332731e-02,-2.589624e-02,1.150664e-06,5.987096e-07,2.774448e-04,8.417250e-04
1844969472,24756058,22139633664,67573322,-6.332417e-02,-2.587955e-02,1.157419e-06,6.248123e-07,2.790736e-04,8.784228e-04
1845231616,24756464,22142779392,67583074,-6.332336e-02,-2.587433e-02,1.159167e-06,6.330846e-07,2.794951e-04,8.900527e-04
1845493760,24756801,22145925120,67592516,-6.330509e-02,-2.589676e-02,1.198822e-06,5.978941e-07,2.890568e-04,8.405786e-04
1845755904,24756850,22149070848,67602175,-6.330602e-02,-2.588866e-02,1.196800e-06,6.104901e-07,2.885692e-04,8.582872e-04
1846018048,24756870,22152216576,67611913,-6.330262e-02,-2.587480e-02,1.204245e-06,6.323468e-07,2.903643e-04,8.890154e-04
1846280192,24756999,22155362304,67621581,-6.329035e-02,-2.589860e-02,1.231328e-06,5.950545e-07,2.968944e-04,8.365862e-04
1846542336,24757455,22158508032,67631018,-6.329837e-02,-2.589243e-02,1.213584e-06,6.046188e-07,2.926160e-04,8.500328e-04
1846804480,24758066,22161653760,67640640,-6.330565e-02,-2.591192e-02,1.197615e-06,5.746850e-07,2.887657e-04,8.079488e-04
1847066624,24758289,22164799488,67650412,-6.328998e-02,-2.588804e-02,1.232155e-06,6.114569e-07,2.970938e-04,8.596463e-04
1847328768,24758358,22167945216,67659871,-6.328107e-02,-2.587994e-02,1.252000e-06,6.241941e-07,3.018788e-04,8.775536e-04
1847590912,24758424,22171090944,67669426,-6.326855e-02,-2.587831e-02,1.280185e-06,6.267750e-07,3.086747e-04,8.811821e-04
1847853056,24758665,22174236672,67679146,-6.328291e-02,-2.589137e-02,1.247902e-06,6.062565e-07,3.008906e-04,8.523352e-04
1848115200,24758879,22177382400,67688630,-6.330431e-02,-2.588155e-02,1.200553e-06,6.216567e-07,2.894739e-04,8.739863e-04
1848377344,24758932,22180528128,67698220,-6.329435e-02,-2.589696e-02,1.222465e-06,5.975946e-07,2.947573e-04,8.401574e-04
1848639488,24759030,22183673856,67708178,-6.331971e-02,-2.588389e-02,1.167041e-06,6.179672e-07,2.813938e-04,8.687992e-04
1848901632,24759962,22186819584,67717728,-6.330938e-02,-2.589000e-02,1.189459e-06,6.084020e-07,2.867992e-04,8.553516e-04
1849163776,24760118,22189965312,67727403,-6.330665e-02,-2.588766e-02,1.195415e-06,6.120542e-07,2.882351e-04,8.604860e-04
1849425920,24761403,22193111040,67737082,-6.330980e-02,-2.589005e-02,1.188550e-06,6.083264e-07,2.865798e-04,8.552453e-04
1849688064,24761665,22196256768,67746988,-6.331283e-02,-2.588716e-02,1.181947e-06,6.128355e-07,2.849877e-04,8.615845e-04
1849950208,24762380,22199402496,67756552,-6.330306e-02,-2.587277e-02,1.203281e-06,6.355739e-07,2.901317e-04,8.935524e-04
1850212352,24762525,22202548224,67766159,-6.330535e-02,-2.587398e-02,1.198268e-06,6.336479e-07,2.889230e-04,8.908446e-04
1850474496,24764377,22205693952,67775776,-6.330224e-02,-2.586263e-02,1.205079e-06,6.518389e-07,2.905654e-04,9.164193e-04
1850736640,24764919,22208839680,67785378,-6.331655e-02,-2.586189e-02,1.173861e-06,6.530335e-07,2.830381e-04,9.180988e-04
1850998784,24765196,22211985408,67794884,-6.334151e-02,-2.586420e-02,1.120399e-06,6.493119e-07,2.701475e-04,9.128667e-04
1851260928,24765738,22215131136,67804555,-6.334726e-02,-2.584549e-02,1.108271e-06,6.798215e-07,2.672233e-04,9.557601e-04
1851523072,24765980,22218276864,67814232,-6.333148e-02,-2.583186e-02,1.141730e-06,7.024850e-07,2.752907e-04,9.876225e-04
1851785216,24766553,22221422592,67823836,-6.332435e-02,-2.581920e-02,1.157018e-06,7.238614e-07,2.789770e-04,1.017676e-03
1852047360,24767055,22224568320,67833508,-6.336322e-02,-2.584673e-02,1.074909e-06,6.777713e-07,2.591790e-04,9.528777e-04
1852309504,24767319,22227714048,67843181,-6.336877e-02,-2.585613e-02,1.063445e-06,6.623779e-07,2.564150e-04,9.312362e-04
1852571648,24768538,22230859776,67852736,-6.340174e-02,-2.582861e-02,9.965202e-07,7.079283e-07,2.402782e-04,9.952754e-04
1852833792,24768921,22234005504,67862550,-6.341511e-02,-2.582850e-02,9.700127e-07,7.081132e-07,2.338868e-04,9.955354e-04
1853095936,24769485,22237151232,67872234,-6.340127e-02,-2.582396e-02,9.974576e-07,7.157797e-07,2.405042e-04,1.006313e-03
1853358080,24770548,22240296960,67881791,-6.342075e-02,-2.581980e-02,9.589348e-07,7.228412e-07,2.312157e-04,1.016241e-03
1853620224,24771076,22243442688,67891456,-6.341720e-02,-2.582694e-02,9.659078e-07,7.107490e-07,2.328970e-04,9.992409e-04
1853882368,24771092,22246588416,67901087,-6.340955e-02,-2.584159e-02,9.809920e-07,6.862562e-07,2.365340e-04,9.648066e-04
1854144512,24771758,22249734144,67910918,-6.341391e-02,-2.583225e-02,9.723771e-07,7.018325e-07,2.344568e-04,9.867054e-04
1854406656,24774903,22252879872,67920482,-6.339768e-02,-2.581260e-02,1.004644e-06,7.351344e-07,2.422369e-04,1.033524e-03
1854668800,24775948,22256025600,67930107,-6.339037e-02,-2.580125e-02,1.019364e-06,7.547343e-07,2.457862e-04,1.061080e-03
1854930944,24778226,22259171328,67939577,-6.338906e-02,-2.580731e-02,1.022014e-06,7.442271e-07,2.464251e-04,1.046308e-03
1855193088,24778763,22262317056,67949219,-6.337600e-02,-2.579551e-02,1.048577e-06,7.647254e-07,2.528299e-04,1.075126e-03
1855455232,24781960,22265462784,67958662,-6.339206e-02,-2.580127e-02,1.015952e-06,7.546890e-07,2.449635e-04,1.061016e-03
1855717376,24783009,22268608512,67968313,-6.340335e-02,-2.581730e-02,9.933246e-07,7.270883e-07,2.395077e-04,1.022213e-03
1855979520,24783545,22271754240,67977886,-6.342929e-02,-2.581090e-02,9.422853e-07,7.380470e-07,2.272012e-04,1.037619e-03
1856241664,24784629,22274899968,67987388,-6.342240e-02,-2.581379e-02,9.557127e-07,7.331012e-07,2.304388e-04,1.030666e-03
1856503808,24784647,22278045696,67997092,-6.342632e-02,-2.580277e-02,9.480510e-07,7.520925e-07,2.285914e-04,1.057366e-03
1856765952,24789462,22281191424,68006774,-6.342069e-02,-2.580445e-02,9.590515e-07,7.491780e-07,2.312438e-04,1.053268e-03
1857028096,24791661,22284337152,68016210,-6.343989e-02,-2.582046e-02,9.218143e-07,7.217109e-07,2.222653e-04,1.014652e-03
1857290240,24794735,22287482880,68025781,-6.344028e-02,-2.580988e-02,9.210705e-07,7.398019e-07,2.220860e-04,1.040086e-03
1857552384,24812989,22290628608,68035396,-6.344622e-02,-2.582880e-02,9.096937e-07,7.076149e-07,2.193428e-04,9.948347e-04
1857814528,24816246,22293774336,68045019,-6.343352e-02,-2.585236e-02,9.340872e-07,6.685378e-07,2.252245e-04,9.398963e-04
1858076672,24826833,22296920064,68054716,-6.344652e-02,-2.585649e-02,9.091253e-07,6.617898e-07,2.192058e-04,9.304094e-04
1858338816,24827210,22300065792,68064071,-6.346495e-02,-2.587098e-02,8.743145e-07,6.384252e-07,2.108123e-04,8.975611e-04
1858600960,24829463,22303211520,68073601,-6.347809e-02,-2.586587e-02,8.499226e-07,6.466281e-07,2.049310e-04,9.090934e-04
1858863104,24841457,22306357248,68082981,-6.347387e-02,-2.585979e-02,8.577159e-07,6.564397e-07,2.068101e-04,9.228876e-04
1859125248,24847572,22309502976,68092692,-6.349292e-02,-2.584726e-02,8.228047e-07,6.769067e-07,1.983924e-04,9.516622e-04
1859387392,24851981,22312648704,68102218,-6.348174e-02,-2.586156e-02,8.432046e-07,6.535755e-07,2.033112e-04,9.188608e-04
1859649536,24859251,22315794432,68111886,-6.346600e-02,-2.587402e-02,8.723649e-07,6.335886e-07,2.103422e-04,8.907612e-04
1859911680,24873419,22318940160,68121404,-6.347876e-02,-2.587492e-02,8.486867e-07,6.321512e-07,2.046330e-04,8.887405e-04
1860173824,24886574,22322085888,68131086,-6.349486e-02,-2.587136e-02,8.192807e-07,6.378301e-07,1.975427e-04,8.967244e-04
1860435968,24888548,22325231616,68140695,-6.349307e-02,-2.587207e-02,8.225344e-07,6.366881e-07,1.983272e-04,8.951188e-04
1860698112,24890155,22328377344,68150416,-6.349587e-02,-2.584628e-02,8.174474e-07,6.785198e-07,1.971006e-04,9.539300e-04
1860960256,24895829,22331523072,68159896,-6.351085e-02,-2.586543e-02,7.905918e-07,6.473352e-07,1.906253e-04,9.100876e-04
1861222400,24897115,22334668800,68169554,-6.351077e-02,-2.587060e-02,7.907375e-07,6.390445e-07,1.906604e-04,8.984318e-04
1861484544,24909287,22337814528,68179429,-6.350931e-02,-2.584600e-02,7.933368e-07,6.789833e-07,1.912872e-04,9.545816e-04
1861746688,24948145,22340960256,68189197,-6.350532e-02,-2.583491e-02,8.004534e-07,6.973799e-07,1.930031e-04,9.804453e-04
1862008832,24957627,22344105984,68198658,-6.350198e-02,-2.584150e-02,8.064372e-07,6.864044e-07,1.944459e-04,9.650149e-04
1862270976,24957998,22347251712,68208279,-6.349105e-02,-2.586187e-02,8.261873e-07,6.530756e-07,1.992080e-04,9.181581e-04
1862533120,25163188,22350397440,68218046,-6.347808e-02,-2.587621e-02,8.499364e-07,6.301003e-07,2.049343e-04,8.858572e-04
1862795264,25165131,22353543168,68227656,-6.347349e-02,-2.587119e-02,8.584337e-07,6.380919e-07,2.069832e-04,8.970925e-04
1863057408,25167251,22356688896,68237298,-6.347801e-02,-2.586376e-02,8.500738e-07,6.500265e-07,2.049674e-04,9.138714e-04
1863319552,25169181,22359834624,68246844,-6.348342e-02,-2.585366e-02,8.401287e-07,6.664073e-07,2.025695e-04,9.369011e-04
1863581696,25171440,22362980352,68256407,-6.347598e-02,-2.587143e-02,8.538148e-07,6.377200e-07,2.058695e-04,8.965696e-04
1863843840,25172367,22366126080,68265767,-6.346734e-02,-2.585621e-02,8.698615e-07,6.622536e-07,2.097386e-04,9.310615e-04
1864105984,25173279,22369271808,68275320,-6.347438e-02,-2.585415e-02,8.567777e-07,6.656169e-07,2.065839e-04,9.357898e-04
1864368128,25173952,22372417536,68284593,-6.348111e-02,-2.584289e-02,8.443544e-07,6.841038e-07,2.035884e-04,9.617807e-04
1864630272,25174140,22375563264,68294310,-6.347337e-02,-2.583169e-02,8.586408e-07,7.027691e-07,2.070331e-04,9.880221e-04
1864892416,25174215,22378708992,68303968,-6.347102e-02,-2.584100e-02,8.630096e-07,6.872472e-07,2.080865e-04,9.661998e-04
1865154560,25174350,22381854720,68313549,-6.348707e-02,-2.583371e-02,8.334495e-07,6.993816e-07,2.009590e-04,9.832596e-04
1865416704,25174912,22385000448,68323109,-6.347265e-02,-2.581645e-02,8.599807e-07,7.285407e-07,2.073562e-04,1.024254e-03
1865678848,25175181,22388146176,68332641,-6.348979e-02,-2.582874e-02,8.284915e-07,7.077120e-07,1.997636e-04,9.949713e-04
1865940992,25175382,22391291904,68342135,-6.349783e-02,-2.582022e-02,8.139079e-07,7.221192e-07,1.962472e-04,1.015226e-03
1866203136,25175890,22394437632,68351894,-6.348934e-02,-2.584386e-02,8.293055e-07,6.825026e-07,1.999598e-04,9.595294e-04
1866465280,25176066,22397583360,68361368,-6.348882e-02,-2.585265e-02,8.302557e-07,6.680658e-07,2.001889e-04,9.392327e-04
1866727424,25176300,22400729088,68370939,-6.348962e-02,-2.585528e-02,8.288035e-07,6.637673e-07,1.998388e-04,9.331895e-04
1866989568,25176603,22403874816,68380554,-6.348044e-02,-2.585669e-02,8.456008e-07,6.614687e-07,2.038889e-04,9.299578e-04
1867251712,25177128,22407020544,68389960,-6.349767e-02,-2.587235e-02,8.142037e-07,6.362483e-07,1.963185e-04,8.945005e-04
1867513856,25177514,22410166272,68399494,-6.347469e-02,-2.587260e-02,8.561985e-07,6.358412e-07,2.064442e-04,8.939282e-04
1867776000,25178681,22413312000,68408998,-6.346312e-02,-2.587097e-02,8.777454e-07,6.384520e-07,2.116396e-04,8.975987e-04
1868038144,25178743,22416457728,68418599,-6.346862e-02,-2.587865e-02,8.674727e-07,6.262384e-07,2.091626e-04,8.804276e-04
1868300288,25179445,22419603456,68428212,-6.346495e-02,-2.587377e-02,8.743285e-07,6.339860e-07,2.108156e-04,8.913200e-04
1868562432,25180165,22422749184,68437586,-6.347511e-02,-2.586447e-02,8.554265e-07,6.488707e-07,2.062581e-04,9.122464e-04
1868824576,25180703,22425894912,68447082,-6.346866e-02,-2.584571e-02,8.673895e-07,6.794561e-07,2.091425e-04,9.552463e-04
1869086720,25180760,22429040640,68456647,-6.345472e-02,-2.584592e-02,8.935637e-07,6.791030e-07,2.154536e-04,9.547499e-04
1869348864,25180853,22432186368,68466093,-6.348272e-02,-2.584767e-02,8.414130e-07,6.762295e-07,2.028792e-04,9.507101e-04
1869611008,25181143,22435332096,68475527,-6.348958e-02,-2.582910e-02,8.288713e-07,7.071042e-07,1.998552e-04,9.941168e-04
1869873152,25182089,22438477824,68485299,-6.351270e-02,-2.581013e-02,7.873094e-07,7.393758e-07,1.898339e-04,1.039487e-03
1870135296,25182413,22441623552,68494905,-6.352024e-02,-2.581392e-02,7.739857e-07,7.328715e-07,1.866213e-04,1.030343e-03
1870397440,25182575,22444769280,68504491,-6.350455e-02,-2.582701e-02,8.018405e-07,7.106359e-07,1.933375e-04,9.990820e-04
1870659584,25183145,22447915008,68514262,-6.349885e-02,-2.581917e-02,8.120672e-07,7.239026e-07,1.958034e-04,1.017734e-03
1870921728,25183265,22451060736,68523753,-6.349829e-02,-2.582092e-02,8.130881e-07,7.209326e-07,1.960495e-04,1.013558e-03
1871183872,25183948,22454206464,68533331,-6.351622e-02,-2.582411e-02,7.810679e-07,7.155339e-07,1.883289e-04,1.005968e-03
1871446016,25185054,22457352192,68543076,-6.351230e-02,-2.584059e-02,7.880103e-07,6.879145e-07,1.900029e-04,9.671379e-04
1871708160,25185159,22460497920,68552758,-6.349472e-02,-2.583328e-02,8.195369e-07,7.001078e-07,1.976045e-04,9.842804e-04
1871970304,25186129,22463643648,68562371,-6.352127e-02,-2.583382e-02,7.721776e-07,6.991947e-07,1.861853e-04,9.829969e-04
1872232448,25186512,22466789376,68571843,-6.350747e-02,-2.584218e-02,7.966185e-07,6.852783e-07,1.920784e-04,9.634317e-04
1872494592,25186945,22469935104,68581381,-6.351922e-02,-2.582576e-02,7.757827e-07,7.127352e-07,1.870546e-04,1.002033e-03
1872756736,25187035,22473080832,68591009,-6.351841e-02,-2.583497e-02,7.772009e-07,6.972741e-07,1.873965e-04,9.802968e-04
1873018880,25187798,22476226560,68600539,-6.353986e-02,-2.584781e-02,7.398403e-07,6.759967e-07,1.783882e-04,9.503827e-04
1873281024,25188860,22479372288,68610084,-6.354314e-02,-2.586020e-02,7.342116e-07,6.557729e-07,1.770310e-04,9.219500e-04
1873543168,25190251,22482518016,68619661,-6.352748e-02,-2.585461e-02,7.612957e-07,6.648543e-07,1.835615e-04,9.347176e-04
1873805312,25190263,22485663744,68629325,-6.354188e-02,-2.585966e-02,7.363710e-07,6.566540e-07,1.775517e-04,9.231889e-04
1874067456,25193021,22488809472,68639139,-6.355756e-02,-2.587243e-02,7.097129e-07,6.361234e-07,1.711240e-04,8.943250e-04
1874329600,25193962,22491955200,68648943,-6.357390e-02,-2.585038e-02,6.824379e-07,6.717796e-07,1.645475e-04,9.444539e-04
1874591744,25194474,22495100928,68658470,-6.360757e-02,-2.585957e-02,6.279435e-07,6.567898e-07,1.514080e-04,9.233799e-04
1874853888,25194771,22498246656,68668029,-6.361638e-02,-2.586474e-02,6.140639e-07,6.484477e-07,1.480614e-04,9.116516e-04
1875116032,25195091,22501392384,68677591,-6.361301e-02,-2.585822e-02,6.193532e-07,6.589805e-07,1.493367e-04,9.264597e-04
1875378176,25195125,22504538112,68687173,-6.361879e-02,-2.585311e-02,6.102863e-07,6.673048e-07,1.471506e-04,9.381628e-04
1875640320,25195198,22507683840,68696674,-6.361792e-02,-2.586675e-02,6.116491e-07,6.452179e-07,1.474791e-04,9.071109e-04
1875902464,25195581,22510829568,68706445,-6.362639e-02,-2.586237e-02,5.984704e-07,6.522691e-07,1.443015e-04,9.170241e-04
1876164608,25195591,22513975296,68716087,-6.362174e-02,-2.585070e-02,6.056969e-07,6.712545e-07,1.460439e-04,9.437157e-04
1876426752,25197377,22517121024,68725845,-6.360207e-02,-2.587042e-02,6.366881e-07,6.393274e-07,1.535165e-04,8.988295e-04
1876688896,25197416,22520266752,68735329,-6.360538e-02,-2.586856e-02,6.314317e-07,6.422977e-07,1.522490e-04,9.030053e-04
1876951040,25197507,22523412480,68745098,-6.361647e-02,-2.587387e-02,6.139238e-07,6.338199e-07,1.480276e-04,8.910865e-04
1877213184,25199189,22526558208,68754724,-6.360641e-02,-2.586284e-02,6.297869e-07,6.514991e-07,1.518525e-04,9.159415e-04
1877475328,25199299,22529703936,68764302,-6.360055e-02,-2.585223e-02,6.391279e-07,6.687450e-07,1.541047e-04,9.401876e-04
1877737472,25199512,22532849664,68774057,-6.360773e-02,-2.582975e-02,6.276956e-07,7.060145e-07,1.513482e-04,9.925847e-04
1877999616,25199589,22535995392,68783661,-6.359774e-02,-2.583174e-02,6.436269e-07,7.026817e-07,1.551895e-04,9.878991e-04
1878261760,25199852,22539141120,68793211,-6.359498e-02,-2.581262e-02,6.480577e-07,7.350993e-07,1.562579e-04,1.033475e-03
1878523904,25200307,22542286848,68802849,-6.359053e-02,-2.582642e-02,6.552390e-07,7.116223e-07,1.579894e-04,1.000469e-03
1878786048,25200444,22545432576,68812444,-6.357213e-02,-2.583526e-02,6.853708e-07,6.967920e-07,1.652547e-04,9.796190e-04
1879048192,25200556,22548578304,68821922,-6.358670e-02,-2.582673e-02,6.614535e-07,7.111039e-07,1.594878e-04,9.997397e-04
1879310336,25200947,22551724032,68831591,-6.358699e-02,-2.582337e-02,6.609931e-07,7.167855e-07,1.593768e-04,1.007728e-03
1879572480,25201417,22554869760,68841212,-6.359282e-02,-2.581346e-02,6.515411e-07,7.336531e-07,1.570978e-04,1.031442e-03
1879834624,25201773,22558015488,68850796,-6.359441e-02,-2.581285e-02,6.489817e-07,7.347001e-07,1.564807e-04,1.032914e-03
1880096768,25201967,22561161216,68860476,-6.361900e-02,-2.581551e-02,6.099721e-07,7.301473e-07,1.470748e-04,1.026513e-03
1880358912,25202055,22564306944,68869959,-6.362009e-02,-2.582823e-02,6.082626e-07,7.085710e-07,1.466626e-04,9.961789e-04
1880621056,25202204,22567452672,68879670,-6.359713e-02,-2.585022e-02,6.446076e-07,6.720422e-07,1.554260e-04,9.448231e-04
1880883200,25202413,22570598400,68889199,-6.357533e-02,-2.586756e-02,6.800888e-07,6.439109e-07,1.639811e-04,9.052734e-04
1881145344,25202457,22573744128,68898847,-6.357232e-02,-2.586491e-02,6.850501e-07,6.481627e-07,1.651774e-04,9.112510e-04
1881407488,25202517,22576889856,68908425,-6.356956e-02,-2.586710e-02,6.896335e-07,6.446405e-07,1.662825e-04,9.062990e-04
1881669632,25202652,22580035584,68918028,-6.358422e-02,-2.587291e-02,6.654953e-07,6.353571e-07,1.604624e-04,8.932477e-04
1881931776,25203369,22583181312,68927714,-6.359582e-02,-2.587945e-02,6.467029e-07,6.249684e-07,1.559312e-04,8.786423e-04
1882193920,25203682,22586327040,68937338,-6.361214e-02,-2.588468e-02,6.207260e-07,6.167291e-07,1.496677e-04,8.670585e-04
1882456064,25205055,22589472768,68946749,-6.360135e-02,-2.590037e-02,6.378419e-07,5.923333e-07,1.537947e-04,8.327605e-04
1882718208,25205076,22592618496,68956178,-6.359611e-02,-2.589120e-02,6.462357e-07,6.065292e-07,1.558185e-04,8.527186e-04
1882980352,25205504,22595764224,68965802,-6.360364e-02,-2.590507e-02,6.341937e-07,5.851189e-07,1.529150e-04,8.226177e-04
1883242496,25206352,22598909952,68975383,-6.360688e-02,-2.592586e-02,6.290421e-07,5.537468e-07,1.516729e-04,7.785118e-04
1883504640,25207661,22602055680,68985013,-6.359917e-02,-2.591178e-02,6.413337e-07,5.748997e-07,1.546366e-04,8.082506e-04
1883766784,25208028,22605201408,68994437,-6.361230e-02,-2.591679e-02,6.204795e-07,5.673182e-07,1.496083e-04,7.975918e-04
1884028928,25208432,22608347136,69003922,-6.362547e-02,-2.592152e-02,5.999007e-07,5.602191e-07,1.446464e-04,7.876113e-04
1884291072,25209077,22611492864,69013522,-6.360707e-02,-2.591430e-02,6.287349e-07,5.710759e-07,1.515988e-04,8.028747e-04
1884553216,25209206,22614638592,69023029,-6.361933e-02,-2.590904e-02,6.094485e-07,5.790593e-07,1.469485e-04,8.140986e-04
1884815360,25209309,22617784320,69032791,-6.362511e-02,-2.593955e-02,6.004548e-07,5.335562e-07,1.447800e-04,7.501260e-04
1885077504,25209348,22620930048,69042278,-6.362665e-02,-2.590628e-02,5.980785e-07,5.832738e-07,1.442070e-04,8.200238e-04
1885339648,25209924,22624075776,69051746,-6.362282e-02,-2.590338e-02,6.040165e-07,5.877120e-07,1.456388e-04,8.262634e-04
1885601792,25210755,22627221504,69061366,-6.359974e-02,-2.591370e-02,6.404271e-07,5.719940e-07,1.544180e-04,8.041656e-04
1885863936,25210911,22630367232,69071072,-6.359101e-02,-2.592779e-02,6.544672e-07,5.508758e-07,1.578033e-04,7.744755e-04
1886126080,25212169,22633512960,69080830,-6.362148e-02,-2.592324e-02,6.060912e-07,5.576485e-07,1.461390e-04,7.839972e-04
1886388224,25212327,22636658688,69090577,-6.363364e-02,-2.591273e-02,5.873180e-07,5.734600e-07,1.416125e-04,8.062266e-04
1886650368,25212922,22639804416,69100381,-6.364839e-02,-2.591238e-02,5.649244e-07,5.739933e-07,1.362130e-04,8.069764e-04
1886912512,25214124,22642950144,69109954,-6.364133e-02,-2.588956e-02,5.755806e-07,6.090879e-07,1.387824e-04,8.563158e-04
1887174656,25214842,22646095872,69119648,-6.363948e-02,-2.590401e-02,5.783876e-07,5.867357e-07,1.394592e-04,8.248909e-04
1887436800,25215392,22649241600,69129103,-6.361635e-02,-2.592552e-02,6.141105e-07,5.542431e-07,1.480726e-04,7.792095e-04
1887698944,25218639,22652387328,69138747,-6.363481e-02,-2.592146e-02,5.855264e-07,5.603056e-07,1.411805e-04,7.877328e-04
1887961088,25219629,22655533056,69148579,-6.362925e-02,-2.593439e-02,5.940635e-07,5.411204e-07,1.432389e-04,7.607604e-04
1888223232,25222238,22658678784,69158148,-6.364013e-02,-2.594305e-02,5.774135e-07,5.284527e-07,1.392243e-04,7.429510e-04
1888485376,25222291,22661824512,69167668,-6.362208e-02,-2.595581e-02,6.051635e-07,5.100625e-07,1.459153e-04,7.170961e-04
1888747520,25222442,22664970240,69177325,-6.361314e-02,-2.595736e-02,6.191538e-07,5.078566e-07,1.492886e-04,7.139948e-04
1889009664,25226762,22668115968,69186887,-6.360813e-02,-2.594810e-02,6.270582e-07,5.211447e-07,1.511945e-04,7.326765e-04
1889271808,25227240,22671261696,69196443,-6.363246e-02,-2.594473e-02,5.891237e-07,5.260129e-07,1.420479e-04,7.395208e-04
1889533952,25228298,22674407424,69205903,-6.363761e-02,-2.595282e-02,5.812470e-07,5.143496e-07,1.401487e-04,7.231234e-04
1889796096,25228856,22677553152,69215612,-6.362420e-02,-2.595304e-02,6.018759e-07,5.140317e-07,1.451227e-04,7.226765e-04
1890058240,25233282,22680698880,69225116,-6.362351e-02,-2.595256e-02,6.029399e-07,5.147264e-07,1.453792e-04,7.236531e-04
1890320384,25233630,22683844608,69234712,-6.362995e-02,-2.594132e-02,5.929843e-07,5.309689e-07,1.429787e-04,7.464883e-04
1890582528,25238047,22686990336,69244106,-6.362335e-02,-2.595001e-02,6.031829e-07,5.183891e-07,1.454378e-04,7.288025e-04
1890844672,25243288,22690136064,69253608,-6.362689e-02,-2.595187e-02,5.976983e-07,5.157104e-07,1.441154e-04,7.250365e-04
1891106816,25259798,22693281792,69263250,-6.364018e-02,-2.595075e-02,5.773229e-07,5.173141e-07,1.392025e-04,7.272912e-04
1891368960,25263969,22696427520,69272672,-6.362932e-02,-2.593995e-02,5.939486e-07,5.329686e-07,1.432112e-04,7.492998e-04
1891631104,25278437,22699573248,69282225,-6.363496e-02,-2.594506e-02,5.852870e-07,5.255321e-07,1.411228e-04,7.388448e-04
1891893248,25279880,22702718976,69291847,-6.362472e-02,-2.594676e-02,6.010669e-07,5.230693e-07,1.449276e-04,7.353824e-04
1892155392,25281791,22705864704,69301367,-6.361604e-02,-2.595125e-02,6.145895e-07,5.166016e-07,1.481881e-04,7.262895e-04
1892417536,25284842,22709010432,69310764,-6.361696e-02,-2.594268e-02,6.131534e-07,5.289999e-07,1.478419e-04,7.437203e-04
1892679680,25291019,22712156160,69320611,-6.363355e-02,-2.595778e-02,5.874550e-07,5.072515e-07,1.416455e-04,7.131441e-04
1892941824,25302874,22715301888,69330175,-6.363274e-02,-2.594239e-02,5.886891e-07,5.294173e-07,1.419431e-04,7.443070e-04
1893203968,25310145,22718447616,69339730,-6.361660e-02,-2.594282e-02,6.137136e-07,5.287886e-07,1.479769e-04,7.434231e-04
1893466112,25317005,22721593344,69349194,-6.359827e-02,-2.596299e-02,6.427784e-07,4.998655e-07,1.549850e-04,7.027602e-04
1893728256,25333789,22724739072,69358870,-6.358729e-02,-2.595950e-02,6.605086e-07,5.048082e-07,1.592600e-04,7.097091e-04
1893990400,25337399,22727884800,69368558,-6.357793e-02,-2.597492e-02,6.758069e-07,4.831356e-07,1.629487e-04,6.792396e-04
1894252544,25339245,22731030528,69378191,-6.357714e-02,-2.596528e-02,6.771060e-07,4.966233e-07,1.632619e-04,6.982019e-04
1894514688,25347081,22734176256,69387871,-6.357469e-02,-2.595657e-02,6.811337e-07,5.089802e-07,1.642331e-04,7.155745e-04
1894776832,25348531,22737321984,69397319,-6.359039e-02,-2.595288e-02,6.554802e-07,5.142561e-07,1.580476e-04,7.229919e-04
1895038976,25360082,22740467712,69406864,-6.358070e-02,-2.595659e-02,6.712576e-07,5.089483e-07,1.618518e-04,7.155297e-04
1895301120,25394951,22743613440,69416569,-6.356547e-02,-2.594972e-02,6.964438e-07,5.188076e-07,1.679246e-04,7.293908e-04
1895563264,25401636,22746759168,69426155,-6.356932e-02,-2.595643e-02,6.900295e-07,5.091875e-07,1.663780e-04,7.158660e-04
1895825408,25408679,22749904896,69435799,-6.355153e-02,-2.595550e-02,7.199050e-07,5.105122e-07,1.735815e-04,7.177284e-04
1896087552,25614024,22753050624,69445300,-6.355625e-02,-2.596804e-02,7.119115e-07,4.927481e-07,1.716541e-04,6.927538e-04
1896349696,25615709,22756196352,69454897,-6.356221e-02,-2.596964e-02,7.018887e-07,4.905017e-07,1.692375e-04,6.895957e-04
1896611840,25618013,22759342080,69464404,-6.357934e-02,-2.596644e-02,6.734813e-07,4.949891e-07,1.623880e-04,6.959044e-04
1896873984,25618726,22762487808,69474041,-6.357592e-02,-2.595805e-02,6.791061e-07,5.068695e-07,1.637442e-04,7.126071e-04
1897136128,25618971,22765633536,69483496,-6.356998e-02,-2.594971e-02,6.889406e-07,5.188210e-07,1.661155e-04,7.294097e-04
1897398272,25620149,22768779264,69493022,-6.359386e-02,-2.594735e-02,6.498703e-07,5.222209e-07,1.566949e-04,7.341896e-04
1897660416,25623404,22771924992,69502443,-6.358998e-02,-2.596777e-02,6.561439e-07,4.931300e-07,1.582076e-04,6.932907e-04
1897922560,25624381,22775070720,69512244,-6.358757e-02,-2.597371e-02,6.600484e-07,4.848176e-07,1.591491e-04,6.816043e-04
1898184704,25624819,22778216448,69522079,-6.357896e-02,-2.595736e-02,6.741052e-07,5.078539e-07,1.625384e-04,7.139912e-04
1898446848,25625139,22781362176,69531841,-6.359900e-02,-2.596105e-02,6.416082e-07,5.026084e-07,1.547028e-04,7.066164e-04
1898708992,25625141,22784507904,69541539,-6.357610e-02,-2.596813e-02,6.788114e-07,4.926252e-07,1.636731e-04,6.925811e-04
1898971136,25625232,22787653632,69551145,-6.357349e-02,-2.593446e-02,6.831275e-07,5.410245e-07,1.647138e-04,7.606255e-04
1899233280,25625603,22790799360,69560693,-6.358724e-02,-2.594334e-02,6.605812e-07,5.280277e-07,1.592775e-04,7.423534e-04
1899495424,25625664,22793945088,69569945,-6.357757e-02,-2.594598e-02,6.763950e-07,5.242042e-07,1.630905e-04,7.369780e-04
1899757568,25626222,22797090816,69579423,-6.359338e-02,-2.594168e-02,6.506394e-07,5.304559e-07,1.568804e-04,7.457673e-04
1900019712,25626296,22800236544,69588898,-6.359405e-02,-2.592258e-02,6.495580e-07,5.586309e-07,1.566196e-04,7.853784e-04
1900281856,25626316,22803382272,69598646,-6.359886e-02,-2.592660e-02,6.418350e-07,5.526357e-07,1.547575e-04,7.769497e-04
1900544000,25627468,22806528000,69608329,-6.359360e-02,-2.594525e-02,6.502909e-07,5.252647e-07,1.567963e-04,7.384690e-04
1900806144,25627766,22809673728,69617670,-6.358578e-02,-2.595529e-02,6.629571e-07,5.108104e-07,1.598504e-04,7.181475e-04
1901068288,25628252,22812819456,69627274,-6.357543e-02,-2.595287e-02,6.799168e-07,5.142775e-07,1.639396e-04,7.230219e-04
1901330432,25628380,22815965184,69636909,-6.356389e-02,-2.594528e-02,6.990826e-07,5.252189e-07,1.685608e-04,7.384044e-04
1901592576,25629761,22819110912,69646506,-6.355620e-02,-2.595556e-02,7.119995e-07,5.104191e-07,1.716753e-04,7.175974e-04
1901854720,25629984,22822256640,69656387,-6.356555e-02,-2.595112e-02,6.963070e-07,5.167838e-07,1.678916e-04,7.265455e-04
1902116864,25630775,22825402368,69666109,-6.357097e-02,-2.593738e-02,6.872966e-07,5.367365e-07,1.657191e-04,7.545971e-04
1902379008,25630926,22828548096,69675724,-6.357764e-02,-2.593756e-02,6.762847e-07,5.364745e-07,1.630639e-04,7.542287e-04
1902641152,25631747,22831693824,69685056,-6.356762e-02,-2.592072e-02,6.928670e-07,5.614271e-07,1.670622e-04,7.893095e-04
1902903296,25631790,22834839552,69694987,-6.358407e-02,-2.594687e-02,6.657506e-07,5.229131e-07,1.605240e-04,7.351628e-04
1903165440,25631792,22837985280,69704407,-6.358445e-02,-2.594693e-02,6.651307e-07,5.228322e-07,1.603745e-04,7.350491e-04
1903427584,25632333,22841131008,69714093,-6.360219e-02,-2.595182e-02,6.364979e-07,5.157800e-07,1.534706e-04,7.251343e-04
1903689728,25633252,22844276736,69723577,-6.362012e-02,-2.595411e-02,6.082161e-07,5.124918e-07,1.466514e-04,7.205115e-04
1903951872,25633490,22847422464,69733230,-6.360570e-02,-2.595501e-02,6.309108e-07,5.112125e-07,1.521235e-04,7.187129e-04
1904214016,25633679,22850568192,69743081,-6.360286e-02,-2.594684e-02,6.354284e-07,5.229670e-07,1.532127e-04,7.352385e-04
1904476160,25633883,22853713920,69752747,-6.358118e-02,-2.591295e-02,6.704764e-07,5.731272e-07,1.616634e-04,8.057587e-04
1904738304,25633933,22856859648,69762248,-6.359676e-02,-2.592662e-02,6.452059e-07,5.526191e-07,1.555702e-04,7.769263e-04
1905000448,25634218,22860005376,69771926,-6.357429e-02,-2.592098e-02,6.817980e-07,5.610280e-07,1.643932e-04,7.887486e-04
1905262592,25634963,22863151104,69781444,-6.355900e-02,-2.592789e-02,7.072796e-07,5.507265e-07,1.705373e-04,7.742656e-04
1905524736,25635891,22866296832,69790990,-6.357647e-02,-2.592460e-02,6.782099e-07,5.556279e-07,1.635281e-04,7.811565e-04
1905786880,25636621,22869442560,69800555,-6.357615e-02,-2.592755e-02,6.787377e-07,5.512325e-07,1.636554e-04,7.749770e-04
1906049024,25637170,22872588288,69810188,-6.359503e-02,-2.594067e-02,6.479858e-07,5.319221e-07,1.562405e-04,7.478285e-04
1906311168,25637782,22875734016,69819747,-6.359972e-02,-2.594125e-02,6.404509e-07,5.310720e-07,1.544237e-04,7.466334e-04
1906573312,25637903,22878879744,69829354,-6.360239e-02,-2.593062e-02,6.361888e-07,5.466783e-07,1.533961e-04,7.685743e-04
1906835456,25638161,22882025472,69838851,-6.360283e-02,-2.594462e-02,6.354759e-07,5.261777e-07,1.532242e-04,7.397525e-04
1907097600,25638558,22885171200,69848387,-6.360029e-02,-2.593983e-02,6.395330e-07,5.331454e-07,1.542024e-04,7.495484e-04
1907359744,25638623,22888316928,69858052,-6.358998e-02,-2.595428e-02,6.561319e-07,5.122571e-07,1.582047e-04,7.201815e-04
1907621888,25638763,22891462656,69867644,-6.358852e-02,-2.595611e-02,6.584997e-07,5.096395e-07,1.587756e-04,7.165014e-04
1907884032,25638941,22894608384,69877238,-6.358190e-02,-2.596530e-02,6.692934e-07,4.966075e-07,1.613782e-04,6.981798e-04
1908146176,25639265,22897754112,69886841,-6.359365e-02,-2.596840e-02,6.502067e-07,4.922462e-07,1.567760e-04,6.920482e-04
1908408320,25639327,22900899840,69896398,-6.361663e-02,-2.597073e-02,6.136786e-07,4.889845e-07,1.479685e-04,6.874626e-04
1908670464,25640209,22904045568,69905788,-6.361860e-02,-2.596357e-02,6.105891e-07,4.990362e-07,1.472236e-04,7.015942e-04
1908932608,25640800,22907191296,69915311,-6.358748e-02,-2.597948e-02,6.601937e-07,4.768202e-07,1.591841e-04,6.703608e-04
1909194752,25641081,22910337024,69924945,-6.355496e-02,-2.599280e-02,7.141008e-07,4.585999e-07,1.721820e-04,6.447450e-04
1909456896,25642957,22913482752,69934532,-6.354976e-02,-2.601116e-02,7.229045e-07,4.340701e-07,1.743047e-04,6.102584e-04
1909719040,25642983,22916628480,69943973,-6.355175e-02,-2.602412e-02,7.195257e-07,4.171557e-07,1.734900e-04,5.864786e-04
1909981184,25643352,22919774208,69953582,-6.355295e-02,-2.602339e-02,7.174921e-07,4.181067e-07,1.729997e-04,5.878156e-04
1910243328,25643625,22922919936,69963511,-6.354824e-02,-2.603352e-02,7.255041e-07,4.051030e-07,1.749315e-04,5.695337e-04
1910505472,25643634,22926065664,69973350,-6.356051e-02,-2.603250e-02,7.047504e-07,4.064057e-07,1.699275e-04,5.713653e-04
1910767616,25643958,22929211392,69982838,-6.356322e-02,-2.604557e-02,7.002044e-07,3.899098e-07,1.688313e-04,5.481736e-04
1911029760,25644075,22932357120,69992537,-6.356137e-02,-2.604420e-02,7.033001e-07,3.916307e-07,1.695778e-04,5.505931e-04
1911291904,25644394,22935502848,70002278,-6.356362e-02,-2.602792e-02,6.995437e-07,4.122689e-07,1.686720e-04,5.796083e-04
1911554048,25644426,22938648576,70011803,-6.358474e-02,-2.605397e-02,6.646447e-07,3.794870e-07,1.602573e-04,5.335202e-04
1911816192,25645061,22941794304,70021548,-6.358409e-02,-2.604485e-02,6.657141e-07,3.908059e-07,1.605151e-04,5.494334e-04
1912078336,25645318,22944940032,70031132,-6.356999e-02,-2.603569e-02,6.889283e-07,4.023454e-07,1.661125e-04,5.656569e-04
1912340480,25645569,22948085760,70040884,-6.355760e-02,-2.601545e-02,7.096376e-07,4.284312e-07,1.711058e-04,6.023308e-04
1912602624,25645738,22951231488,70050548,-6.353324e-02,-2.602227e-02,7.512786e-07,4.195580e-07,1.811462e-04,5.898560e-04
1912864768,25645816,22954377216,70060186,-6.353274e-02,-2.601529e-02,7.521442e-07,4.286482e-07,1.813549e-04,6.026359e-04
1913126912,25645821,22957522944,70069742,-6.354770e-02,-2.600178e-02,7.264182e-07,4.465108e-07,1.751519e-04,6.277488e-04
1913389056,25645851,22960668672,70079334,-6.356446e-02,-2.600163e-02,6.981236e-07,4.467199e-07,1.683296e-04,6.280429e-04
1913651200,25645911,22963814400,70088998,-6.356308e-02,-2.599739e-02,7.004413e-07,4.524049e-07,1.688885e-04,6.360353e-04
1913913344,25646243,22966960128,70098514,-6.355836e-02,-2.600709e-02,7.083578e-07,4.394494e-07,1.707973e-04,6.178214e-04
1914175488,25646704,22970105856,70108287,-6.355189e-02,-2.602982e-02,7.192982e-07,4.098304e-07,1.734352e-04,5.761799e-04
1914437632,25646907,22973251584,70117721,-6.355692e-02,-2.603760e-02,7.107929e-07,3.999270e-07,1.713844e-04,5.622568e-04
1914699776,25647350,22976397312,70127318,-6.356067e-02,-2.603389e-02,7.044753e-07,4.046360e-07,1.698611e-04,5.688772e-04
1914961920,25648658,22979543040,70136715,-6.353308e-02,-2.602726e-02,7.515499e-07,4.131113e-07,1.812116e-04,5.807926e-04
1915224064,25648692,22982688768,70146361,-6.355520e-02,-2.604669e-02,7.136979e-07,3.885177e-07,1.720849e-04,5.462164e-04
1915486208,25648779,22985834496,70155906,-6.356297e-02,-2.605117e-02,7.006284e-07,3.829533e-07,1.689336e-04,5.383935e-04
1915748352,25649046,22988980224,70165308,-6.355993e-02,-2.607275e-02,7.057265e-07,3.567117e-07,1.701628e-04,5.015004e-04
1916010496,25650006,22992125952,70174878,-6.354346e-02,-2.606142e-02,7.336627e-07,3.703744e-07,1.768987e-04,5.207088e-04
1916272640,25650157,22995271680,70184333,-6.355006e-02,-2.604735e-02,7.224104e-07,3.876891e-07,1.741856e-04,5.450516e-04
1916534784,25651802,22998417408,70193915,-6.354699e-02,-2.604422e-02,7.276253e-07,3.915958e-07,1.754430e-04,5.505439e-04
1916796928,25652188,23001563136,70203336,-6.354425e-02,-2.603331e-02,7.323104e-07,4.053686e-07,1.765726e-04,5.699071e-04
1917059072,25652426,23004708864,70212941,-6.354153e-02,-2.604375e-02,7.369721e-07,3.921834e-07,1.776967e-04,5.513701e-04
1917321216,25652483,23007854592,70222633,-6.354959e-02,-2.604298e-02,7.231959e-07,3.931569e-07,1.743750e-04,5.527387e-04
1917583360,25652794,23011000320,70232357,-6.355200e-02,-2.605256e-02,7.191086e-07,3.812377e-07,1.733895e-04,5.359816e-04
1917845504,25653265,23014146048,70241983,-6.354500e-02,-2.603321e-02,7.310230e-07,4.054967e-07,1.762622e-04,5.700872e-04
1918107648,25653372,23017291776,70251565,-6.355526e-02,-2.604149e-02,7.135846e-07,3.950184e-07,1.720575e-04,5.553559e-04
1918369792,25653738,23020437504,70261086,-6.354372e-02,-2.602873e-02,7.332160e-07,4.112219e-07,1.767910e-04,5.781363e-04
1918631936,25654400,23023583232,70270575,-6.354892e-02,-2.602484e-02,7.243369e-07,4.162251e-07,1.746501e-04,5.851702e-04
1918894080,25654695,23026728960,70280181,-6.354113e-02,-2.602591e-02,7.376631e-07,4.148539e-07,1.778633e-04,5.832425e-04
1919156224,25655699,23029874688,70289894,-6.354086e-02,-2.602434e-02,7.381238e-07,4.168767e-07,1.779744e-04,5.860864e-04
1919418368,25655926,23033020416,70299487,-6.354067e-02,-2.601603e-02,7.384439e-07,4.276756e-07,1.780515e-04,6.012685e-04
1919680512,25656505,23036166144,70309183,-6.355552e-02,-2.601133e-02,7.131567e-07,4.338443e-07,1.719544e-04,6.099411e-04
1919942656,25657786,23039311872,70318565,-6.354613e-02,-2.597635e-02,7.291005e-07,4.811438e-07,1.757987e-04,6.764394e-04
1920204800,25658164,23042457600,70328160,-6.354788e-02,-2.599229e-02,7.261135e-07,4.592964e-07,1.750785e-04,6.457241e-04
1920466944,25658595,23045603328,70337691,-6.355942e-02,-2.599240e-02,7.065780e-07,4.591475e-07,1.703681e-04,6.455148e-04
1920729088,25659374,23048749056,70347473,-6.357105e-02,-2.599328e-02,6.871608e-07,4.579493e-07,1.656863e-04,6.438302e-04
1920991232,25660212,23051894784,70357098,-6.358171e-02,-2.597645e-02,6.696104e-07,4.810069e-07,1.614546e-04,6.762469e-04
1921253376,25662235,23055040512,70366670,-6.356808e-02,-2.598643e-02,6.920982e-07,4.672734e-07,1.668768e-04,6.569391e-04
1921515520,25663276,23058186240,70376440,-6.359106e-02,-2.597860e-02,6.543829e-07,4.780377e-07,1.577830e-04,6.720725e-04
1921777664,25666095,23061331968,70386047,-6.358691e-02,-2.597891e-02,6.611142e-07,4.776077e-07,1.594060e-04,6.714679e-04
1922039808,25666296,23064477696,70395469,-6.357790e-02,-2.597595e-02,6.758559e-07,4.817073e-07,1.629605e-04,6.772316e-04
1922301952,25670426,23067623424,70405249,-6.357647e-02,-2.598089e-02,6.781977e-07,4.748697e-07,1.635251e-04,6.676186e-04
1922564096,25670824,23070769152,70415083,-6.357220e-02,-2.597060e-02,6.852598e-07,4.891564e-07,1.652279e-04,6.877042e-04
1922826240,25671932,23073914880,70424712,-6.356005e-02,-2.598202e-02,7.055137e-07,4.733153e-07,1.701115e-04,6.654333e-04
1923088384,25673178,23077060608,70434411,-6.355350e-02,-2.597748e-02,7.165710e-07,4.795792e-07,1.727776e-04,6.742397e-04
1923350528,25673678,23080206336,70444023,-6.355695e-02,-2.597285e-02,7.107427e-07,4.860115e-07,1.713723e-04,6.832829e-04
1923612672,25677968,23083352064,70453725,-6.356782e-02,-2.596525e-02,6.925197e-07,4.966679e-07,1.669784e-04,6.982647e-04
1923874816,25681489,23086497792,70463157,-6.356233e-02,-2.596548e-02,7.017015e-07,4.963424e-07,1.691923e-04,6.978070e-04
1924136960,25684869,23089643520,70472769,-6.357067e-02,-2.596489e-02,6.877909e-07,4.971800e-07,1.658382e-04,6.989845e-04
1924399104,25694859,23092789248,70482291,-6.355623e-02,-2.598296e-02,7.119492e-07,4.720168e-07,1.716632e-04,6.636078e-04
1924661248,25703501,23095934976,70491895,-6.354349e-02,-2.600389e-02,7.336116e-07,4.437023e-07,1.768864e-04,6.238005e-04
1924923392,25715352,23099080704,70501655,-6.355361e-02,-2.601054e-02,7.163818e-07,4.348927e-07,1.727320e-04,6.114150e-04
1925185536,25728352,23102226432,70511145,-6.355386e-02,-2.602592e-02,7.159530e-07,4.148443e-07,1.726286e-04,5.832290e-04
1925447680,25729779,23105372160,70520778,-6.355565e-02,-2.600958e-02,7.129302e-07,4.361588e-07,1.718998e-04,6.131949e-04
1925709824,25732558,23108517888,70530382,-6.355332e-02,-2.599573e-02,7.168738e-07,4.546452e-07,1.728506e-04,6.391850e-04
1925971968,25733963,23111663616,70540106,-6.355012e-02,-2.600233e-02,7.222965e-07,4.457792e-07,1.741581e-04,6.267204e-04
1926234112,25734792,23114809344,70549519,-6.353888e-02,-2.600374e-02,7.415332e-07,4.439009e-07,1.787964e-04,6.240795e-04
1926496256,25753967,23117955072,70558991,-6.351808e-02,-2.599626e-02,7.777921e-07,4.539195e-07,1.875391e-04,6.381648e-04
1926758400,25760805,23121100800,70568732,-6.351814e-02,-2.598695e-02,7.776738e-07,4.665505e-07,1.875106e-04,6.559226e-04
1927020544,25761154,23124246528,70578444,-6.351060e-02,-2.599752e-02,7.910291e-07,4.522295e-07,1.907307e-04,6.357888e-04
1927282688,25777656,23127392256,70587890,-6.349924e-02,-2.602479e-02,8.113691e-07,4.162972e-07,1.956351e-04,5.852716e-04
1927544832,25788323,23130537984,70597723,-6.351013e-02,-2.604057e-02,7.918642e-07,3.961806e-07,1.909321e-04,5.569897e-04
1927806976,25790093,23133683712,70607507,-6.352589e-02,-2.603762e-02,7.640675e-07,3.999082e-07,1.842299e-04,5.622303e-04
1928069120,25798163,23136829440,70617156,-6.351254e-02,-2.605723e-02,7.875871e-07,3.754816e-07,1.899008e-04,5.278891e-04
1928331264,25799904,23139975168,70626743,-6.351417e-02,-2.606984e-02,7.847068e-07,3.601888e-07,1.892063e-04,5.063890e-04
1928593408,25810902,23143120896,70636098,-6.350933e-02,-2.606312e-02,7.932970e-07,3.682983e-07,1.912776e-04,5.177900e-04
1928855552,25841922,23146266624,70645706,-6.350884e-02,-2.606094e-02,7.941732e-07,3.709482e-07,1.914888e-04,5.215156e-04
1929117696,25845535,23149412352,70655076,-6.350678e-02,-2.607908e-02,7.978425e-07,3.491892e-07,1.923736e-04,4.909246e-04
1929379840,25859541,23152558080,70664750,-6.349875e-02,-2.608988e-02,8.122552e-07,3.365402e-07,1.958487e-04,4.731413e-04
1929641984,26062207,23155703808,70674478,-6.349906e-02,-2.609919e-02,8.117047e-07,3.258277e-07,1.957160e-04,4.580807e-04
1929904128,26062662,23158849536,70683935,-6.350775e-02,-2.609720e-02,7.961132e-07,3.280963e-07,1.919566e-04,4.612701e-04
1930166272,26064777,23161995264,70693353,-6.351087e-02,-2.607181e-02,7.905521e-07,3.578339e-07,1.906157e-04,5.030782e-04
1930428416,26066255,23165140992,70703184,-6.351500e-02,-2.608273e-02,7.832291e-07,3.448900e-07,1.888500e-04,4.848804e-04
1930690560,26068751,23168286720,70712693,-6.350216e-02,-2.609508e-02,8.061294e-07,3.305312e-07,1.943717e-04,4.646934e-04
1930952704,26069119,23171432448,70722477,-6.348384e-02,-2.609420e-02,8.393503e-07,3.315472e-07,2.023818e-04,4.661217e-04
1931214848,26070996,23174578176,70732181,-6.347552e-02,-2.609668e-02,8.546687e-07,3.286898e-07,2.060753e-04,4.621045e-04
1931476992,26074225,23177723904,70741787,-6.348269e-02,-2.608421e-02,8.414540e-07,3.431508e-07,2.028891e-04,4.824352e-04
1931739136,26075400,23180869632,70751199,-6.348944e-02,-2.607408e-02,8.291291e-07,3.551248e-07,1.999173e-04,4.992695e-04
1932001280,26075772,23184015360,70760806,-6.348859e-02,-2.605494e-02,8.306766e-07,3.783015e-07,2.002904e-04,5.318535e-04
1932263424,26075993,23187161088,70770583,-6.350169e-02,-2.604770e-02,8.069592e-07,3.872555e-07,1.945718e-04,5.444419e-04
1932525568,26076222,23190306816,70780191,-6.350746e-02,-2.606075e-02,7.966318e-07,3.711910e-07,1.920816e-04,5.218569e-04
1932787712,26076236,23193452544,70789694,-6.350748e-02,-2.606009e-02,7.965918e-07,3.719949e-07,1.920720e-04,5.229871e-04
1933049856,26076382,23196598272,70799369,-6.351034e-02,-2.605906e-02,7.914930e-07,3.732479e-07,1.908426e-04,5.247486e-04
1933312000,26076852,23199744000,70808803,-6.351939e-02,-2.606819e-02,7.754809e-07,3.621702e-07,1.869818e-04,5.091745e-04
1933574144,26077125,23202889728,70818338,-6.351463e-02,-2.606202e-02,7.838754e-07,3.696334e-07,1.890059e-04,5.196670e-04
1933836288,26077217,23206035456,70827985,-6.351400e-02,-2.606305e-02,7.849972e-07,3.683888e-07,1.892764e-04,5.179172e-04
1934098432,26077598,23209181184,70837608,-6.350251e-02,-2.606773e-02,8.055007e-07,3.627286e-07,1.942201e-04,5.099596e-04
1934360576,26078062,23212326912,70847274,-6.352799e-02,-2.606702e-02,7.604118e-07,3.635884e-07,1.833484e-04,5.111684e-04
1934622720,26078409,23215472640,70856799,-6.352770e-02,-2.606948e-02,7.609057e-07,3.606271e-07,1.834674e-04,5.070052e-04
1934884864,26078776,23218618368,70866485,-6.351160e-02,-2.605726e-02,7.892542e-07,3.754542e-07,1.903028e-04,5.278505e-04
1935147008,26079109,23221764096,70875983,-6.350360e-02,-2.607331e-02,8.035360e-07,3.560334e-07,1.937464e-04,5.005468e-04
1935409152,26079367,23224909824,70885284,-6.351431e-02,-2.606862e-02,7.844428e-07,3.616569e-07,1.891427e-04,5.084529e-04
1935671296,26080874,23228055552,70894726,-6.352127e-02,-2.607084e-02,7.721645e-07,3.589981e-07,1.861822e-04,5.047150e-04
1935933440,26081223,23231201280,70904468,-6.351406e-02,-2.606581e-02,7.848916e-07,3.650500e-07,1.892509e-04,5.132232e-04
1936195584,26081702,23234347008,70913992,-6.352013e-02,-2.605770e-02,7.741692e-07,3.749089e-07,1.866655e-04,5.270838e-04
1936457728,26081874,23237492736,70923578,-6.351205e-02,-2.608144e-02,7.884601e-07,3.463969e-07,1.901113e-04,4.869988e-04
1936719872,26082221,23240638464,70933225,-6.352784e-02,-2.609081e-02,7.606587e-07,3.354605e-07,1.834079e-04,4.716234e-04
1936982016,26082555,23243784192,70942904,-6.352475e-02,-2.607943e-02,7.660747e-07,3.487666e-07,1.847138e-04,4.903306e-04
1937244160,26082673,23246929920,70952515,-6.350113e-02,-2.607935e-02,8.079768e-07,3.488722e-07,1.948171e-04,4.904789e-04
1937506304,26082802,23250075648,70962139,-6.351160e-02,-2.608257e-02,7.892674e-07,3.450716e-07,1.903060e-04,4.851358e-04
1937768448,26082884,23253221376,70971672,-6.350240e-02,-2.609804e-02,8.056880e-07,3.271389e-07,1.942653e-04,4.599241e-04
1938030592,26082888,23256367104,70981252,-6.350797e-02,-2.608266e-02,7.957144e-07,3.449644e-07,1.918604e-04,4.849850e-04
1938292736,26083047,23259512832,70990943,-6.351691e-02,-2.607425e-02,7.798436e-07,3.549140e-07,1.880337e-04,4.989731e-04
1938554880,26083328,23262658560,71000302,-6.352752e-02,-2.608641e-02,7.612307e-07,3.405719e-07,1.835458e-04,4.788095e-04
1938817024,26083509,23265804288,71009722,-6.350894e-02,-2.608676e-02,7.940005e-07,3.401676e-07,1.914472e-04,4.782412e-04
1939079168,26084078,23268950016,71019472,-6.351975e-02,-2.608318e-02,7.748380e-07,3.443521e-07,1.868268e-04,4.841241e-04
1939341312,26084543,23272095744,71028994,-6.351805e-02,-2.607385e-02,7.778315e-07,3.554002e-07,1.875486e-04,4.996565e-04
1939603456,26084577,23275241472,71038626,-6.350285e-02,-2.608624e-02,8.048857e-07,3.407784e-07,1.940718e-04,4.790999e-04
1939865600,26084709,23278387200,71048104,-6.347921e-02,-2.607574e-02,8.478632e-07,3.531496e-07,2.044344e-04,4.964924e-04
1940127744,26085081,23281532928,71057682,-6.349644e-02,-2.606339e-02,8.164238e-07,3.679706e-07,1.968538e-04,5.173293e-04
1940389888,26085318,23284678656,71067318,-6.348861e-02,-2.606282e-02,8.306359e-07,3.686714e-07,2.002806e-04,5.183147e-04
1940652032,26085967,23287824384,71076637,-6.349842e-02,-2.605012e-02,8.128597e-07,3.842477e-07,1.959945e-04,5.402132e-04
1940914176,26086652,23290970112,71086255,-6.348834e-02,-2.607424e-02,8.311249e-07,3.549295e-07,2.003985e-04,4.989948e-04
1941176320,26086883,23294115840,71095881,-6.346589e-02,-2.607699e-02,8.725598e-07,3.516591e-07,2.103892e-04,4.943970e-04
1941438464,26087036,23297261568,71105503,-6.345221e-02,-2.609235e-02,8.983027e-07,3.336785e-07,2.165963e-04,4.691181e-04
1941700608,26087280,23300407296,71115114,-6.342573e-02,-2.608486e-02,9.491976e-07,3.423896e-07,2.288679e-04,4.813650e-04
1941962752,26087420,23303553024,71124660,-6.344331e-02,-2.608623e-02,9.152592e-07,3.407871e-07,2.206848e-04,4.791121e-04
1942224896,26087780,23306698752,71134268,-6.342961e-02,-2.607439e-02,9.416634e-07,3.547497e-07,2.270512e-04,4.987422e-04
1942487040,26087860,23309844480,71143832,-6.344099e-02,-2.607831e-02,9.196982e-07,3.500945e-07,2.217551e-04,4.921973e-04
1942749184,26087926,23312990208,71153152,-6.343796e-02,-2.605544e-02,9.255235e-07,3.776808e-07,2.231597e-04,5.309809e-04
1943011328,26088100,23316135936,71162855,-6.341674e-02,-2.604721e-02,9.668014e-07,3.878608e-07,2.331124e-04,5.452930e-04
1943273472,26088278,23319281664,71172413,-6.342076e-02,-2.604691e-02,9.589202e-07,3.882460e-07,2.312122e-04,5.458345e-04
1943535616,26088298,23322427392,71182094,-6.341584e-02,-2.603581e-02,9.685750e-07,4.021919e-07,2.335401e-04,5.654409e-04
1943797760,26088427,23325573120,71191483,-6.341121e-02,-2.603152e-02,9.777035e-07,4.076535e-07,2.357411e-04,5.731196e-04
1944059904,26088564,23328718848,71201130,-6.340434e-02,-2.603003e-02,9.913504e-07,4.095586e-07,2.390317e-04,5.757978e-04
1944322048,26089074,23331864576,71210720,-6.340209e-02,-2.601337e-02,9.958212e-07,4.311641e-07,2.401096e-04,6.061730e-04
1944584192,26089351,23335010304,71220138,-6.342945e-02,-2.600418e-02,9.419815e-07,4.433128e-07,2.271280e-04,6.232529e-04
1944846336,26089562,23338156032,71229547,-6.343232e-02,-2.600633e-02,9.364073e-07,4.404551e-07,2.257839e-04,6.192352e-04
1945108480,26089645,23341301760,71238970,-6.343646e-02,-2.600785e-02,9.284215e-07,4.384375e-07,2.238584e-04,6.163987e-04
1945370624,26089717,23344447488,71248686,-6.344546e-02,-2.602354e-02,9.111439e-07,4.179068e-07,2.196925e-04,5.875345e-04
1945632768,26089804,23347593216,71258305,-6.343399e-02,-2.601728e-02,9.331801e-07,4.260376e-07,2.250058e-04,5.989657e-04
1945894912,26089819,23350738944,71267940,-6.343227e-02,-2.601867e-02,9.365082e-07,4.242256e-07,2.258083e-04,5.964181e-04
1946157056,26089912,23353884672,71277586,-6.344438e-02,-2.602181e-02,9.132218e-07,4.201446e-07,2.201935e-04,5.906806e-04
1946419200,26090795,23357030400,71287324,-6.345552e-02,-2.600595e-02,8.920430e-07,4.409596e-07,2.150870e-04,6.199445e-04
1946681344,26091043,23360176128,71296819,-6.345934e-02,-2.601565e-02,8.848377e-07,4.281727e-07,2.133496e-04,6.019674e-04
1946943488,26091256,23363321856,71306514,-6.344942e-02,-2.602638e-02,9.036067e-07,4.142447e-07,2.178752e-04,5.823860e-04
1947205632,26091339,23366467584,71316180,-6.345624e-02,-2.601875e-02,8.906924e-07,4.241261e-07,2.147613e-04,5.962783e-04
1947467776,26092609,23369613312,71325678,-6.347150e-02,-2.601478e-02,8.621238e-07,4.293094e-07,2.078729e-04,6.035655e-04
1947729920,26092789,23372759040,71335212,-6.348581e-02,-2.600232e-02,8.357501e-07,4.458016e-07,2.015138e-04,6.267519e-04
1947992064,26092898,23375904768,71344500,-6.348475e-02,-2.600840e-02,8.376856e-07,4.377126e-07,2.019804e-04,6.153795e-04
1948254208,26094347,23379050496,71354201,-6.345966e-02,-2.598357e-02,8.842351e-07,4.711828e-07,2.132043e-04,6.624352e-04
1948516352,26095465,23382196224,71363780,-6.345059e-02,-2.594743e-02,9.013843e-07,5.221133e-07,2.173393e-04,7.340384e-04
1948778496,26095736,23385341952,71373281,-6.345275e-02,-2.596054e-02,8.972862e-07,5.033270e-07,2.163512e-04,7.076268e-04
1949040640,26096092,23388487680,71382852,-6.345143e-02,-2.596424e-02,8.997863e-07,4.981024e-07,2.169540e-04,7.002814e-04
1949302784,26096099,23391633408,71392305,-6.344573e-02,-2.596809e-02,9.106319e-07,4.926749e-07,2.195690e-04,6.926509e-04
1949564928,26096206,23394779136,71401969,-6.343611e-02,-2.595078e-02,9.290821e-07,5.172766e-07,2.240177e-04,7.272384e-04
1949827072,26096704,23397924864,71411622,-6.345665e-02,-2.593664e-02,8.899051e-07,5.378096e-07,2.145715e-04,7.561058e-04
1950089216,26096883,23401070592,71421170,-6.344076e-02,-2.592738e-02,9.201412e-07,5.514843e-07,2.218619e-04,7.753309e-04
1950351360,26097126,23404216320,71430845,-6.344233e-02,-2.591193e-02,9.171277e-07,5.746765e-07,2.211353e-04,8.079369e-04
1950613504,26097301,23407362048,71440647,-6.343204e-02,-2.589893e-02,9.369554e-07,5.945459e-07,2.259161e-04,8.358713e-04
1950875648,26097719,23410507776,71450179,-6.343178e-02,-2.589865e-02,9.374602e-07,5.949855e-07,2.260378e-04,8.364893e-04
1951137792,26098611,23413653504,71459884,-6.342101e-02,-2.589005e-02,9.584242e-07,6.083148e-07,2.310926e-04,8.552290e-04
1951399936,26098738,23416799232,71469494,-6.342839e-02,-2.589501e-02,9.440363e-07,6.006049e-07,2.276234e-04,8.443895e-04
1951662080,26099582,23419944960,71478954,-6.343318e-02,-2.589830e-02,9.347498e-07,5.955143e-07,2.253843e-04,8.372327e-04
1951924224,26100106,23423090688,71488488,-6.343188e-02,-2.588146e-02,9.372583e-07,6.218007e-07,2.259891e-04,8.741886e-04
1952186368,26100148,23426236416,71498068,-6.341524e-02,-2.590711e-02,9.697633e-07,5.820027e-07,2.338266e-04,8.182368e-04
1952448512,26100299,23429382144,71507488,-6.340934e-02,-2.590575e-02,9.814053e-07,5.840849e-07,2.366337e-04,8.211641e-04
1952710656,26100756,23432527872,71517075,-6.337379e-02,-2.591779e-02,1.053113e-06,5.658124e-07,2.539238e-04,7.954749e-04
1952972800,26101799,23435673600,71526641,-6.335766e-02,-2.590034e-02,1.086480e-06,5.923792e-07,2.619691e-04,8.328250e-04
1953234944,26102676,23438819328,71536180,-6.335258e-02,-2.589153e-02,1.097083e-06,6.060187e-07,2.645257e-04,8.520008e-04
1953497088,26103507,23441965056,71545847,-6.336678e-02,-2.589673e-02,1.067552e-06,5.979402e-07,2.574052e-04,8.406432e-04
1953759232,26103604,23445110784,71555530,-6.336525e-02,-2.588819e-02,1.070711e-06,6.112267e-07,2.581668e-04,8.593228e-04
1954021376,26104951,23448256512,71565251,-6.336813e-02,-2.588381e-02,1.064767e-06,6.180931e-07,2.567337e-04,8.689762e-04
1954283520,26106288,23451402240,71574683,-6.335582e-02,-2.589474e-02,1.090320e-06,6.010236e-07,2.628950e-04,8.449782e-04
1954545664,26107137,23454547968,71584471,-6.334045e-02,-2.589800e-02,1.122656e-06,5.959888e-07,2.706916e-04,8.378997e-04
1954807808,26108929,23457693696,71594247,-6.335000e-02,-2.590706e-02,1.102506e-06,5.820823e-07,2.658332e-04,8.183486e-04
1955069952,26110109,23460839424,71603961,-6.332324e-02,-2.590265e-02,1.159408e-06,5.888235e-07,2.795531e-04,8.278261e-04
1955332096,26110555,23463985152,71613940,-6.332725e-02,-2.589335e-02,1.150808e-06,6.031829e-07,2.774795e-04,8.480140e-04
1955594240,26111129,23467130880,71623474,-6.332529e-02,-2.589591e-02,1.155015e-06,5.992142e-07,2.784941e-04,8.424343e-04
1955856384,26114446,23470276608,71632961,-6.331997e-02,-2.591254e-02,1.166478e-06,5.737450e-07,2.812579e-04,8.066272e-04
1956118528,26114776,23473422336,71642639,-6.330629e-02,-2.588124e-02,1.196197e-06,6.221414e-07,2.884238e-04,8.746678e-04
1956380672,26116198,23476568064,71652163,-6.331388e-02,-2.586897e-02,1.179664e-06,6.416529e-07,2.844373e-04,9.020989e-04
1956642816,26117836,23479713792,71661704,-6.331611e-02,-2.590038e-02,1.174830e-06,5.923190e-07,2.832716e-04,8.327405e-04
1956904960,26122712,23482859520,71671175,-6.331512e-02,-2.589551e-02,1.176979e-06,5.998401e-07,2.837898e-04,8.433143e-04
1957167104,26124803,23486005248,71680543,-6.333226e-02,-2.590278e-02,1.140074e-06,5.886262e-07,2.748916e-04,8.275488e-04
1957429248,26125479,23489150976,71690204,-6.335253e-02,-2.589804e-02,1.097208e-06,5.959140e-07,2.645558e-04,8.377946e-04
1957691392,26136355,23492296704,71699583,-6.334346e-02,-2.588823e-02,1.116286e-06,6.111685e-07,2.691558e-04,8.592409e-04
1957953536,26146313,23495442432,71709303,-6.334470e-02,-2.589232e-02,1.113659e-06,6.047782e-07,2.685222e-04,8.502568e-04
1958215680,26147898,23498588160,71718968,-6.333864e-02,-2.589632e-02,1.126496e-06,5.985799e-07,2.716175e-04,8.415426e-04
1958477824,26166216,23501733888,71728495,-6.333245e-02,-2.588458e-02,1.139677e-06,6.168871e-07,2.747957e-04,8.672806e-04
1958739968,26172608,23504879616,71738177,-6.333320e-02,-2.587468e-02,1.138071e-06,6.325334e-07,2.744084e-04,8.892778e-04
1959002112,26178980,23508025344,71747794,-6.332085e-02,-2.585592e-02,1.164580e-06,6.627206e-07,2.808002e-04,9.317179e-04
1959264256,26181075,23511171072,71757619,-6.332479e-02,-2.585434e-02,1.156073e-06,6.653069e-07,2.787490e-04,9.353540e-04
1959526400,26185151,23514316800,71767318,-6.333178e-02,-2.585980e-02,1.141093e-06,6.564186e-07,2.751372e-04,9.228579e-04
1959788544,26186243,23517462528,71776831,-6.333530e-02,-2.587921e-02,1.133592e-06,6.253543e-07,2.733286e-04,8.791846e-04
1960050688,26204846,23520608256,71786129,-6.332929e-02,-2.587246e-02,1.146432e-06,6.360730e-07,2.764245e-04,8.942540e-04
1960312832,26205129,23523753984,71795735,-6.333021e-02,-2.586071e-02,1.144454e-06,6.549435e-07,2.759476e-04,9.207841e-04
1960574976,26212203,23526899712,71805365,-6.332216e-02,-2.584649e-02,1.161751e-06,6.781701e-07,2.801183e-04,9.534383e-04
1960837120,26221742,23530045440,71815056,-6.334215e-02,-2.584749e-02,1.119059e-06,6.765144e-07,2.698244e-04,9.511107e-04
1961099264,26239284,23533191168,71824563,-6.336482e-02,-2.585077e-02,1.071605e-06,6.711294e-07,2.583825e-04,9.435398e-04
1961361408,26240755,23536336896,71834127,-6.338106e-02,-2.584861e-02,1.038242e-06,6.746773e-07,2.503379e-04,9.485278e-04
1961623552,26249567,23539482624,71843643,-6.336750e-02,-2.584453e-02,1.066059e-06,6.813981e-07,2.570452e-04,9.579767e-04
1961885696,26251542,23542628352,71853161,-6.336889e-02,-2.583391e-02,1.063184e-06,6.990452e-07,2.563520e-04,9.827866e-04
1962147840,26261698,23545774080,71862871,-6.337696e-02,-2.583479e-02,1.046609e-06,6.975821e-07,2.523555e-04,9.807297e-04
1962409984,26289577,23548919808,71872441,-6.339828e-02,-2.584086e-02,1.003449e-06,6.874758e-07,2.419489e-04,9.665212e-04
1962672128,26289960,23552065536,71882113,-6.338635e-02,-2.584391e-02,1.027489e-06,6.824287e-07,2.477454e-04,9.594255e-04
1962934272,26310489,23555211264,71891796,-6.339873e-02,-2.586265e-02,1.002539e-06,6.518209e-07,2.417294e-04,9.163939e-04
1963196416,26506112,23558356992,71901300,-6.341437e-02,-2.585021e-02,9.714662e-07,6.720513e-07,2.342372e-04,9.448359e-04
1963458560,26506755,23561502720,71910804,-6.340147e-02,-2.586224e-02,9.970706e-07,6.524737e-07,2.404109e-04,9.173118e-04
1963720704,26513172,23564648448,71920256,-6.341015e-02,-2.585329e-02,9.798116e-07,6.670188e-07,2.362494e-04,9.377607e-04
1963982848,26515562,23567794176,71929953,-6.339175e-02,-2.586706e-02,1.016583e-06,6.447182e-07,2.451156e-04,9.064084e-04
1964244992,26516937,23570939904,71939707,-6.340719e-02,-2.586283e-02,9.856761e-07,6.515291e-07,2.376635e-04,9.159839e-04
1964507136,26519509,23574085632,71949458,-6.341919e-02,-2.584302e-02,9.620015e-07,6.838882e-07,2.319551e-04,9.614775e-04
1964769280,26521843,23577231360,71959266,-6.342016e-02,-2.586400e-02,9.600880e-07,6.496301e-07,2.314937e-04,9.133141e-04
1965031424,26521911,23580377088,71968855,-6.342009e-02,-2.583510e-02,9.602193e-07,6.970626e-07,2.315254e-04,9.799993e-04
1965293568,26522502,23583522816,71978456,-6.343453e-02,-2.584159e-02,9.321296e-07,6.862686e-07,2.247525e-04,9.648240e-04
1965555712,26524946,23586668544,71988082,-6.341937e-02,-2.584945e-02,9.616363e-07,6.733010e-07,2.318671e-04,9.465929e-04
1965817856,26526482,23589814272,71997729,-6.341706e-02,-2.585987e-02,9.661715e-07,6.563159e-07,2.329606e-04,9.227136e-04
1966080000,26526546,23592960000,72007395,-6.339946e-02,-2.588456e-02,1.001092e-06,6.169105e-07,2.413805e-04,8.673135e-04
1966342144,26526686,23596105728,72017260,-6.341358e-02,-2.587110e-02,9.730384e-07,6.382436e-07,2.346163e-04,8.973059e-04
1966604288,26526831,23599251456,72026944,-6.343195e-02,-2.587779e-02,9.371284e-07,6.275922e-07,2.259578e-04,8.823310e-04
1966866432,26527051,23602397184,72036374,-6.344392e-02,-2.588012e-02,9.140906e-07,6.239175e-07,2.204030e-04,8.771647e-04
1967128576,26527077,23605542912,72046061,-6.346441e-02,-2.587733e-02,8.753319e-07,6.283184e-07,2.110576e-04,8.833520e-04
1967390720,26527182,23608688640,72055642,-6.346004e-02,-2.586500e-02,8.835347e-07,6.480248e-07,2.130354e-04,9.110571e-04
1967652864,26527236,23611834368,72065277,-6.347028e-02,-2.587128e-02,8.643806e-07,6.379580e-07,2.084171e-04,8.969042e-04
1967915008,26527353,23614980096,72074813,-6.347912e-02,-2.587860e-02,8.480279e-07,6.263209e-07,2.044741e-04,8.805437e-04
1968177152,26527387,23618125824,72084221,-6.347353e-02,-2.589807e-02,8.583508e-07,5.958680e-07,2.069632e-04,8.377300e-04
1968439296,26527745,23621271552,72093662,-6.346460e-02,-2.589919e-02,8.749695e-07,5.941409e-07,2.109702e-04,8.353019e-04
1968701440,26527974,23624417280,72103266,-6.346061e-02,-2.587937e-02,8.824565e-07,6.250951e-07,2.127755e-04,8.788203e-04
1968963584,26528009,23627563008,72112787,-6.346083e-02,-2.588321e-02,8.820366e-07,6.190424e-07,2.126742e-04,8.703108e-04
1969225728,26528140,23630708736,72122322,-6.346326e-02,-2.587879e-02,8.774802e-07,6.260144e-07,2.115756e-04,8.801126e-04
1969487872,26528762,23633854464,72131955,-6.347011e-02,-2.588691e-02,8.646992e-07,6.132351e-07,2.084939e-04,8.621463e-04
1969750016,26529539,23637000192,72141613,-6.348319e-02,-2.589654e-02,8.405385e-07,5.982456e-07,2.026683e-04,8.410726e-04
1970012160,26529650,23640145920,72151084,-6.349544e-02,-2.590383e-02,8.182290e-07,5.870182e-07,1.972891e-04,8.252881e-04
1970274304,26529917,23643291648,72160699,-6.349833e-02,-2.589279e-02,8.130209e-07,6.040541e-07,1.960333e-04,8.492388e-04
1970536448,26530157,23646437376,72170525,-6.350413e-02,-2.588270e-02,8.025879e-07,6.198429e-07,1.935178e-04,8.714362e-04
1970798592,26530425,23649583104,72180033,-6.350087e-02,-2.588138e-02,8.084457e-07,6.219270e-07,1.949302e-04,8.743662e-04
1971060736,26531329,23652728832,72189579,-6.348334e-02,-2.588320e-02,8.402789e-07,6.190483e-07,2.026057e-04,8.703190e-04
1971322880,26531617,23655874560,72199134,-6.347757e-02,-2.586537e-02,8.508845e-07,6.474311e-07,2.051629e-04,9.102225e-04
1971585024,26531673,23659020288,72208547,-6.348649e-02,-2.585020e-02,8.345109e-07,6.720635e-07,2.012149e-04,9.448531e-04
1971847168,26531827,23662166016,72218383,-6.347802e-02,-2.583454e-02,8.500600e-07,6.979960e-07,2.049641e-04,9.813114e-04
1972109312,26532116,23665311744,72227869,-6.349315e-02,-2.583150e-02,8.223722e-07,7.030752e-07,1.982881e-04,9.884523e-04
1972371456,26532216,23668457472,72237437,-6.349213e-02,-2.584249e-02,8.242246e-07,6.847696e-07,1.987347e-04,9.627166e-04
1972633600,26532316,23671603200,72246954,-6.348802e-02,-2.582357e-02,8.317091e-07,7.164480e-07,2.005394e-04,1.007253e-03
1972895744,26532383,23674748928,72256611,-6.349304e-02,-2.582366e-02,8.225750e-07,7.162840e-07,1.983370e-04,1.007023e-03
1973157888,26532434,23677894656,72266380,-6.350733e-02,-2.581097e-02,7.968712e-07,7.379255e-07,1.921394e-04,1.037448e-03
1973420032,26532525,23681040384,72276030,-6.352223e-02,-2.581270e-02,7.704763e-07,7.349619e-07,1.857751e-04,1.033282e-03
1973682176,26532678,23684186112,72285611,-6.351387e-02,-2.580446e-02,7.852349e-07,7.491587e-07,1.893337e-04,1.053241e-03
1973944320,26533073,23687331840,72295009,-6.351268e-02,-2.580127e-02,7.873358e-07,7.546890e-07,1.898402e-04,1.061016e-03
1974206464,26533290,23690477568,72304521,-6.349215e-02,-2.578492e-02,8.241975e-07,7.833610e-07,1.987282e-04,1.101326e-03
1974468608,26533317,23693623296,72314018,-6.349030e-02,-2.577949e-02,8.275559e-07,7.930050e-07,1.995380e-04,1.114885e-03
1974730752,26533730,23696769024,72323659,-6.349292e-02,-2.576553e-02,8.227912e-07,8.180605e-07,1.983891e-04,1.150110e-03
1974992896,26533736,23699914752,72333491,-6.350218e-02,-2.577957e-02,8.060893e-07,7.928690e-07,1.943620e-04,1.114693e-03
1975255040,26533877,23703060480,72343129,-6.348803e-02,-2.577863e-02,8.316955e-07,7.945384e-07,2.005361e-04,1.117040e-03
1975517184,26533905,23706206208,72352728,-6.351850e-02,-2.580671e-02,7.770432e-07,7.452687e-07,1.873585e-04,1.047772e-03
1975779328,26533928,23709351936,72362292,-6.350374e-02,-2.580181e-02,8.032823e-07,7.537475e-07,1.936852e-04,1.059693e-03
1976041472,26534341,23712497664,72371967,-6.351716e-02,-2.581183e-02,7.794094e-07,7.364477e-07,1.879290e-04,1.035371e-03
1976303616,26534398,23715643392,72381649,-6.352382e-02,-2.579947e-02,7.676928e-07,7.578282e-07,1.851040e-04,1.065430e-03
1976565760,26534450,23718789120,72391485,-6.350505e-02,-2.579250e-02,8.009334e-07,7.700055e-07,1.931188e-04,1.082550e-03
1976827904,26535028,23721934848,72401013,-6.351603e-02,-2.580535e-02,7.814103e-07,7.476150e-07,1.884115e-04,1.051071e-03
1977090048,26535140,23725080576,72410620,-6.353437e-02,-2.581331e-02,7.493167e-07,7.339179e-07,1.806732e-04,1.031814e-03
1977352192,26535375,23728226304,72420099,-6.351595e-02,-2.581958e-02,7.815420e-07,7.232118e-07,1.884432e-04,1.016762e-03
1977614336,26535492,23731372032,72429445,-6.351614e-02,-2.581392e-02,7.812127e-07,7.328683e-07,1.883638e-04,1.030338e-03
1977876480,26535720,23734517760,72439102,-6.350227e-02,-2.581016e-02,8.059154e-07,7.393214e-07,1.943201e-04,1.039411e-03
1978138624,26535774,23737663488,72448813,-6.352197e-02,-2.581152e-02,7.709473e-07,7.369945e-07,1.858887e-04,1.036139e-03
1978400768,26536447,23740809216,72458467,-6.352741e-02,-2.582283e-02,7.614127e-07,7.177035e-07,1.835897e-04,1.009019e-03
1978662912,26536783,23743954944,72468115,-6.352098e-02,-2.581760e-02,7.726884e-07,7.265833e-07,1.863085e-04,1.021503e-03
1978925056,26536986,23747100672,72477732,-6.351572e-02,-2.580960e-02,7.819504e-07,7.402890e-07,1.885417e-04,1.040771e-03
1979187200,26537224,23750246400,72487033,-6.351643e-02,-2.581176e-02,7.806991e-07,7.365820e-07,1.882400e-04,1.035560e-03
1979449344,26537313,23753392128,72496675,-6.350511e-02,-2.580695e-02,8.008401e-07,7.448571e-07,1.930963e-04,1.047194e-03
1979711488,26537568,23756537856,72506146,-6.349796e-02,-2.581625e-02,8.136794e-07,7.288810e-07,1.961921e-04,1.024733e-03
1979973632,26539046,23759683584,72515659,-6.351274e-02,-2.579992e-02,7.872433e-07,7.570404e-07,1.898179e-04,1.064322e-03
1980235776,26539325,23762829312,72525246,-6.351355e-02,-2.580615e-02,7.858028e-07,7.462306e-07,1.894706e-04,1.049125e-03
1980497920,26539364,23765975040,72534935,-6.352039e-02,-2.579629e-02,7.737104e-07,7.633643e-07,1.865549e-04,1.073213e-03
1980760064,26539372,23769120768,72544450,-6.351306e-02,-2.579006e-02,7.866748e-07,7.742905e-07,1.896809e-04,1.088574e-03
1981022208,26539813,23772266496,72554026,-6.350993e-02,-2.580120e-02,7.922356e-07,7.548152e-07,1.910216e-04,1.061194e-03
1981284352,26540321,23775412224,72563604,-6.350777e-02,-2.579636e-02,7.960866e-07,7.632407e-07,1.919502e-04,1.073039e-03
1981546496,26540321,23778557952,72573320,-6.348164e-02,-2.578100e-02,8.433825e-07,7.903136e-07,2.033540e-04,1.111101e-03
1981808640,26540628,23781703680,72583023,-6.347261e-02,-2.575864e-02,8.600497e-07,8.305815e-07,2.073728e-04,1.167714e-03
1982070784,26540734,23784849408,72592746,-6.349681e-02,-2.574064e-02,8.157507e-07,8.637157e-07,1.966915e-04,1.214297e-03
1982332928,26541054,23787995136,72602343,-6.350737e-02,-2.572108e-02,7.967914e-07,9.004472e-07,1.921201e-04,1.265938e-03
1982595072,26541136,23791140864,72611944,-6.351823e-02,-2.572331e-02,7.775293e-07,8.962173e-07,1.874757e-04,1.259991e-03
1982857216,26541323,23794286592,72621677,-6.352026e-02,-2.573770e-02,7.739463e-07,8.691841e-07,1.866118e-04,1.221985e-03
1983119360,26542350,23797432320,72631332,-6.350733e-02,-2.574638e-02,7.968712e-07,8.530680e-07,1.921394e-04,1.199327e-03
1983381504,26542569,23800578048,72640804,-6.350036e-02,-2.575474e-02,8.093570e-07,8.376992e-07,1.951499e-04,1.177720e-03
1983643648,26543057,23803723776,72650511,-6.350062e-02,-2.576755e-02,8.088879e-07,8.144189e-07,1.950368e-04,1.144990e-03
1983905792,26543202,23806869504,72660160,-6.350452e-02,-2.576085e-02,8.018806e-07,8.265599e-07,1.933472e-04,1.162059e-03
1984167936,26543961,23810015232,72669600,-6.349221e-02,-2.577564e-02,8.240893e-07,7.998836e-07,1.987021e-04,1.124555e-03
1984430080,26544739,23813160960,72679310,-6.349862e-02,-2.577732e-02,8.124836e-07,7.968745e-07,1.959038e-04,1.120325e-03
1984692224,26544871,23816306688,72688909,-6.349614e-02,-2.577209e-02,8.169759e-07,8.062331e-07,1.969870e-04,1.133482e-03
1984954368,26546075,23819452416,72698289,-6.350059e-02,-2.577236e-02,8.089415e-07,8.057549e-07,1.950497e-04,1.132810e-03
1985216512,26546569,23822598144,72708134,-6.350602e-02,-2.575304e-02,7.992007e-07,8.408185e-07,1.927011e-04,1.182106e-03
1985478656,26547084,23825743872,72717885,-6.351380e-02,-2.575041e-02,7.853537e-07,8.456522e-07,1.893623e-04,1.188901e-03
1985740800,26547400,23828889600,72727324,-6.351229e-02,-2.574202e-02,7.880367e-07,8.611453e-07,1.900092e-04,1.210683e-03
1986002944,26548072,23832035328,72736907,-6.352047e-02,-2.574587e-02,7.735794e-07,8.540076e-07,1.865233e-04,1.200648e-03
1986265088,26548191,23835181056,72746670,-6.351329e-02,-2.572909e-02,7.862652e-07,8.853109e-07,1.895821e-04,1.244657e-03
1986527232,26548590,23838326784,72755995,-6.351388e-02,-2.573414e-02,7.852085e-07,8.758409e-07,1.893273e-04,1.231343e-03
1986789376,26550575,23841472512,72765587,-6.352986e-02,-2.573493e-02,7.571538e-07,8.743633e-07,1.825628e-04,1.229266e-03
1987051520,26551399,23844618240,72775250,-6.352893e-02,-2.572806e-02,7.587755e-07,8.872433e-07,1.829538e-04,1.247374e-03
1987313664,26551674,23847763968,72784892,-6.353759e-02,-2.573007e-02,7.437547e-07,8.834646e-07,1.793321e-04,1.242062e-03
1987575808,26551708,23850909696,72794404,-6.355121e-02,-2.571330e-02,7.204487e-07,9.152664e-07,1.737126e-04,1.286772e-03
1987837952,26554455,23854055424,72804035,-6.354888e-02,-2.571648e-02,7.244130e-07,9.092070e-07,1.746684e-04,1.278253e-03
1988100096,26554544,23857201152,72813573,-6.352726e-02,-2.571437e-02,7.616728e-07,9.132289e-07,1.836524e-04,1.283907e-03
1988362240,26555080,23860346880,72823347,-6.353781e-02,-2.570027e-02,7.433821e-07,9.403697e-07,1.792422e-04,1.322064e-03
1988624384,26556464,23863492608,72832931,-6.351589e-02,-2.572709e-02,7.816474e-07,8.890830e-07,1.884686e-04,1.249960e-03
1988886528,26558758,23866638336,72842316,-6.352258e-02,-2.570258e-02,7.698748e-07,9.359027e-07,1.856301e-04,1.315784e-03
1989148672,26559085,23869784064,72851860,-6.353045e-02,-2.569479e-02,7.561169e-07,9.510386e-07,1.823128e-04,1.337064e-03
1989410816,26559594,23872929792,72861285,-6.354949e-02,-2.567700e-02,7.233733e-07,9.860386e-07,1.744178e-04,1.386270e-03
1989672960,26560835,23876075520,72870883,-6.356510e-02,-2.569112e-02,6.970657e-07,9.582053e-07,1.680745e-04,1.347140e-03
1989935104,26561991,23879221248,72880677,-6.356289e-02,-2.569201e-02,7.007531e-07,9.564631e-07,1.689636e-04,1.344690e-03
1990197248,26562885,23882366976,72890131,-6.355455e-02,-2.567383e-02,7.147935e-07,9.923521e-07,1.723490e-04,1.395146e-03
1990459392,26567618,23885512704,72899853,-6.354545e-02,-2.565496e-02,7.302588e-07,1.030304e-06,1.760780e-04,1.448504e-03
1990721536,26569778,23888658432,72909510,-6.355435e-02,-2.564918e-02,7.151338e-07,1.042079e-06,1.724311e-04,1.465057e-03
1990983680,26576034,23891804160,72919041,-6.354057e-02,-2.564462e-02,7.386232e-07,1.051409e-06,1.780948e-04,1.478175e-03
1991245824,26587872,23894949888,72928725,-6.355538e-02,-2.567177e-02,7.133832e-07,9.964607e-07,1.720090e-04,1.400923e-03
1991507968,26592294,23898095616,72938381,-6.355847e-02,-2.566242e-02,7.081822e-07,1.015223e-06,1.707549e-04,1.427301e-03
1991770112,26597541,23901241344,72947953,-6.353578e-02,-2.565469e-02,7.468808e-07,1.030853e-06,1.800858e-04,1.449274e-03
1992032256,26617001,23904387072,72957742,-6.353934e-02,-2.565576e-02,7.407378e-07,1.028675e-06,1.786046e-04,1.446213e-03
1992294400,26617720,23907532800,72967357,-6.354783e-02,-2.566721e-02,7.261896e-07,1.005596e-06,1.750968e-04,1.413766e-03
1992556544,26623444,23910678528,72977099,-6.356133e-02,-2.567060e-02,7.033751e-07,9.987937e-07,1.695958e-04,1.404203e-03
1992818688,26632186,23913824256,72986628,-6.355601e-02,-2.566351e-02,7.123264e-07,1.013014e-06,1.717542e-04,1.424195e-03
1993080832,26637770,23916969984,72996311,-6.354602e-02,-2.566738e-02,7.292913e-07,1.005237e-06,1.758447e-04,1.413262e-03
1993342976,26638585,23920115712,73005886,-6.354746e-02,-2.566575e-02,7.268247e-07,1.008516e-06,1.752499e-04,1.417871e-03
1993605120,26649679,23923261440,73015527,-6.354513e-02,-2.566169e-02,7.308064e-07,1.016692e-06,1.762100e-04,1.429365e-03
1993867264,26655761,23926407168,73025180,-6.353789e-02,-2.565702e-02,7.432408e-07,1.026123e-06,1.792082e-04,1.442624e-03
1994129408,26663257,23929552896,73034661,-6.351718e-02,-2.565081e-02,7.793699e-07,1.038754e-06,1.879195e-04,1.460383e-03
1994391552,26666161,23932698624,73044220,-6.351569e-02,-2.567894e-02,7.820032e-07,9.821989e-07,1.885544e-04,1.380872e-03
1994653696,26690279,23935844352,73053705,-6.350467e-02,-2.568749e-02,8.016270e-07,9.653294e-07,1.932861e-04,1.357155e-03
1994915840,26691672,23938990080,73063210,-6.351265e-02,-2.569396e-02,7.874019e-07,9.526560e-07,1.898562e-04,1.339338e-03
1995177984,26700801,23942135808,73072670,-6.349725e-02,-2.570160e-02,8.149568e-07,9.377957e-07,1.965001e-04,1.318446e-03
1995440128,26703069,23945281536,73082276,-6.350069e-02,-2.569146e-02,8.087673e-07,9.575491e-07,1.950077e-04,1.346217e-03
1995702272,26712684,23948427264,73092001,-6.349276e-02,-2.568509e-02,8.230886e-07,9.700420e-07,1.984608e-04,1.363781e-03
1995964416,26734288,23951572992,73101536,-6.349568e-02,-2.569164e-02,8.177977e-07,9.571881e-07,1.971851e-04,1.345710e-03
1996226560,26737373,23954718720,73111159,-6.350104e-02,-2.567357e-02,8.081375e-07,9.928680e-07,1.948559e-04,1.395872e-03
1996488704,26761754,23957864448,73120721,-6.349857e-02,-2.568185e-02,8.125776e-07,9.764368e-07,1.959265e-04,1.372771e-03
1996750848,26950122,23961010176,73130189,-6.348650e-02,-2.570301e-02,8.344837e-07,9.350596e-07,2.012084e-04,1.314599e-03
1997012992,26950875,23964155904,73140008,-6.347119e-02,-2.568983e-02,8.626913e-07,9.607378e-07,2.080097e-04,1.350700e-03
1997275136,26957439,23967301632,73149544,-6.347200e-02,-2.566836e-02,8.611971e-07,1.003281e-06,2.076495e-04,1.410512e-03
1997537280,26966399,23970447360,73159088,-6.349666e-02,-2.565635e-02,8.160334e-07,1.027482e-06,1.967597e-04,1.444535e-03
1997799424,26966691,23973593088,73168601,-6.349979e-02,-2.565575e-02,8.103896e-07,1.028709e-06,1.953989e-04,1.446261e-03
1998061568,26967043,23976738816,73178351,-6.348009e-02,-2.566276e-02,8.462450e-07,1.014540e-06,2.040442e-04,1.426341e-03
1998323712,26967913,23979884544,73188009,-6.346904e-02,-2.566232e-02,8.666958e-07,1.015426e-06,2.089753e-04,1.427586e-03
1998585856,26970465,23983030272,73197692,-6.346210e-02,-2.567253e-02,8.796591e-07,9.949366e-07,2.121010e-04,1.398780e-03
1998848000,26970743,23986176000,73207551,-6.344288e-02,-2.568113e-02,9.160862e-07,9.778729e-07,2.208842e-04,1.374790e-03
1999110144,26971631,23989321728,73217049,-6.343468e-02,-2.567141e-02,9.318419e-07,9.971749e-07,2.246831e-04,1.401927e-03
1999372288,26971752,23992467456,73226532,-6.343404e-02,-2.567557e-02,9.330793e-07,9.888853e-07,2.249815e-04,1.390272e-03
1999634432,26971792,23995613184,73235996,-6.343292e-02,-2.566497e-02,9.352397e-07,1.010091e-06,2.255024e-04,1.420086e-03
1999896576,26972801,23998758912,73245650,-6.343265e-02,-2.565850e-02,9.357730e-07,1.023136e-06,2.256310e-04,1.438426e-03
2000158720,26973047,24001904640,73255282,-6.342400e-02,-2.565735e-02,9.525832e-07,1.025451e-06,2.296842e-04,1.441680e-03
2000420864,26973069,24005050368,73264752,-6.341701e-02,-2.566562e-02,9.662740e-07,1.008774e-06,2.329853e-04,1.418234e-03
2000683008,26974268,24008196096,73274567,-6.343365e-02,-2.565885e-02,9.338280e-07,1.022428e-06,2.251620e-04,1.437430e-03
2000945152,26975780,24011341824,73284158,-6.342675e-02,-2.564425e-02,9.472242e-07,1.052158e-06,2.283921e-04,1.479227e-03
2001207296,26975839,24014487552,73293727,-6.343040e-02,-2.563591e-02,9.401313e-07,1.069331e-06,2.266818e-04,1.503371e-03
2001469440,26976100,24017633280,73303217,-6.343950e-02,-2.564812e-02,9.225584e-07,1.044229e-06,2.224447e-04,1.468080e-03
2001731584,26976102,24020779008,73312798,-6.343823e-02,-2.566082e-02,9.250075e-07,1.018447e-06,2.230353e-04,1.431832e-03
2001993728,26976640,24023924736,73322392,-6.344815e-02,-2.566386e-02,9.060306e-07,1.012309e-06,2.184596e-04,1.423204e-03
2002255872,26976713,24027070464,73332231,-6.345665e-02,-2.568616e-02,8.899051e-07,9.679335e-07,2.145715e-04,1.360816e-03
2002518016,26976781,24030216192,73341741,-6.345886e-02,-2.568986e-02,8.857491e-07,9.606647e-07,2.135694e-04,1.350597e-03
2002780160,26977300,24033361920,73351128,-6.345911e-02,-2.568933e-02,8.852863e-07,9.617092e-07,2.134578e-04,1.352066e-03
2003042304,26977579,24036507648,73360596,-6.345692e-02,-2.568547e-02,8.893991e-07,9.692974e-07,2.144495e-04,1.362734e-03
2003304448,26977639,24039653376,73370153,-6.346425e-02,-2.570907e-02,8.756247e-07,9.233815e-07,2.111282e-04,1.298181e-03
2003566592,26977649,24042799104,73379834,-6.345294e-02,-2.570257e-02,8.969192e-07,9.359135e-07,2.162627e-04,1.315799e-03
2003828736,26977957,24045944832,73389274,-6.346285e-02,-2.569875e-02,8.782481e-07,9.433270e-07,2.117608e-04,1.326222e-03
2004090880,26978081,24049090560,73398932,-6.347271e-02,-2.569390e-02,8.598701e-07,9.527687e-07,2.073295e-04,1.339496e-03
2004353024,26978141,24052236288,73408493,-6.348559e-02,-2.570331e-02,8.361452e-07,9.344941e-07,2.016090e-04,1.313804e-03
2004615168,26978147,24055382016,73417792,-6.349786e-02,-2.570268e-02,8.138542e-07,9.357117e-07,1.962343e-04,1.315516e-03
2004877312,26978194,24058527744,73427328,-6.349957e-02,-2.569834e-02,8.107786e-07,9.441159e-07,1.954927e-04,1.327331e-03
2005139456,26978332,24061673472,73436866,-6.350467e-02,-2.570529e-02,8.016137e-07,9.306592e-07,1.932829e-04,1.308412e-03
2005401600,26978478,24064819200,73446375,-6.350319e-02,-2.571113e-02,8.042708e-07,9.194266e-07,1.939236e-04,1.292621e-03
2005663744,26978554,24067964928,73455814,-6.349263e-02,-2.571931e-02,8.233320e-07,9.038086e-07,1.985195e-04,1.270663e-03
2005925888,26978769,24071110656,73465284,-6.349359e-02,-2.574311e-02,8.215887e-07,8.591172e-07,1.980992e-04,1.207832e-03
2006188032,26978827,24074256384,73474837,-6.349260e-02,-2.573970e-02,8.233860e-07,8.654580e-07,1.985326e-04,1.216746e-03
2006450176,26978919,24077402112,73484349,-6.350589e-02,-2.574965e-02,7.994405e-07,8.470505e-07,1.927589e-04,1.190867e-03
2006712320,26979076,24080547840,73493889,-6.350847e-02,-2.575817e-02,7.948240e-07,8.314271e-07,1.916458e-04,1.168902e-03
2006974464,26979279,24083693568,73503431,-6.352041e-02,-2.574655e-02,7.736842e-07,8.527618e-07,1.865486e-04,1.198897e-03
2007236608,26979506,24086839296,73513045,-6.352268e-02,-2.574859e-02,7.696917e-07,8.489887e-07,1.855859e-04,1.193592e-03
2007498752,26979870,24089985024,73522673,-6.350473e-02,-2.574663e-02,8.015203e-07,8.526173e-07,1.932603e-04,1.198693e-03
2007760896,26980640,24093130752,73532371,-6.351094e-02,-2.575653e-02,7.904328e-07,8.344225e-07,1.905870e-04,1.173113e-03
2008023040,26980728,24096276480,73541796,-6.350736e-02,-2.575192e-02,7.968180e-07,8.428625e-07,1.921265e-04,1.184979e-03
2008285184,26981396,24099422208,73551489,-6.351146e-02,-2.572968e-02,7.895057e-07,8.841931e-07,1.903634e-04,1.243086e-03
2008547328,26981496,24102567936,73561072,-6.350529e-02,-2.574106e-02,8.005067e-07,8.629369e-07,1.930160e-04,1.213202e-03
2008809472,26981505,24105713664,73570792,-6.350648e-02,-2.574225e-02,7.983883e-07,8.607236e-07,1.925052e-04,1.210090e-03
2009071616,26981720,24108859392,73580342,-6.350373e-02,-2.573469e-02,8.033090e-07,8.748057e-07,1.936916e-04,1.229888e-03
2009333760,26981930,24112005120,73589874,-6.350283e-02,-2.573608e-02,8.049258e-07,8.721979e-07,1.940815e-04,1.226222e-03
2009595904,26981950,24115150848,73599490,-6.350350e-02,-2.572785e-02,8.037097e-07,8.876469e-07,1.937882e-04,1.247942e-03
2009858048,26983536,24118296576,73609118,-6.350812e-02,-2.572237e-02,7.954618e-07,8.980062e-07,1.917995e-04,1.262506e-03
2010120192,26983562,24121442304,73618704,-6.350814e-02,-2.572631e-02,7.954220e-07,8.905448e-07,1.917899e-04,1.252016e-03
2010382336,26983715,24124588032,73628360,-6.351856e-02,-2.572620e-02,7.769381e-07,8.907487e-07,1.873332e-04,1.252302e-03
2010644480,26983793,24127733760,73638096,-6.352474e-02,-2.572198e-02,7.660878e-07,8.987477e-07,1.847169e-04,1.263548e-03
2010906624,26984108,24130879488,73647474,-6.352924e-02,-2.570676e-02,7.582304e-07,9.278294e-07,1.828224e-04,1.304434e-03
2011168768,26984588,24134025216,73657108,-6.351244e-02,-2.571795e-02,7.877589e-07,9.064065e-07,1.899422e-04,1.274316e-03
2011430912,26984799,24137170944,73666594,-6.351651e-02,-2.571053e-02,7.805543e-07,9.205772e-07,1.882051e-04,1.294238e-03
2011693056,26984870,24140316672,73676236,-6.352405e-02,-2.569207e-02,7.673012e-07,9.563538e-07,1.850095e-04,1.344536e-03
2011955200,26984897,24143462400,73685912,-6.353162e-02,-2.567712e-02,7.540839e-07,9.858055e-07,1.818226e-04,1.385943e-03
2012217344,26985029,24146608128,73695498,-6.352733e-02,-2.568309e-02,7.615557e-07,9.739940e-07,1.836242e-04,1.369337e-03
2012479488,26985165,24149753856,73705164,-6.352098e-02,-2.566449e-02,7.726884e-07,1.011058e-06,1.863085e-04,1.421444e-03
2012741632,26985358,24152899584,73714779,-6.352426e-02,-2.568635e-02,7.669227e-07,9.675634e-07,1.849183e-04,1.360296e-03
2013003776,26985614,24156045312,73724206,-6.354126e-02,-2.567619e-02,7.374327e-07,9.876595e-07,1.778077e-04,1.388549e-03
2013265920,26985795,24159191040,73733825,-6.354476e-02,-2.566815e-02,7.314435e-07,1.003703e-06,1.763636e-04,1.411105e-03
2013528064,26986200,24162336768,73743443,-6.355730e-02,-2.565641e-02,7.101398e-07,1.027369e-06,1.712269e-04,1.444376e-03
2013790208,26986332,24165482496,73752867,-6.354789e-02,-2.566507e-02,7.261007e-07,1.009893e-06,1.750754e-04,1.419807e-03
2014052352,26987135,24168628224,73762628,-6.354854e-02,-2.566678e-02,7.249965e-07,1.006459e-06,1.748091e-04,1.414979e-03
2014314496,26987267,24171773952,73772359,-6.355830e-02,-2.565590e-02,7.084707e-07,1.028400e-06,1.708245e-04,1.445825e-03
2014576640,26987612,24174919680,73781967,-6.358816e-02,-2.564939e-02,6.590924e-07,1.041634e-06,1.589185e-04,1.464432e-03
2014838784,26987779,24178065408,73791516,-6.357116e-02,-2.566197e-02,6.869878e-07,1.016121e-06,1.656446e-04,1.428563e-03
2015100928,26987947,24181211136,73801133,-6.355439e-02,-2.564764e-02,7.150581e-07,1.045215e-06,1.724128e-04,1.469466e-03
2015363072,26987969,24184356864,73810492,-6.356279e-02,-2.564840e-02,7.009278e-07,1.043673e-06,1.690057e-04,1.467298e-03
2015625216,26988533,24187502592,73820174,-6.355604e-02,-2.566919e-02,7.122761e-07,1.001614e-06,1.717420e-04,1.408168e-03
2015887360,26988650,24190648320,73829584,-6.355587e-02,-2.566635e-02,7.125528e-07,1.007319e-06,1.718088e-04,1.416188e-03
2016149504,26989317,24193794048,73839286,-6.356068e-02,-2.566647e-02,7.044628e-07,1.007072e-06,1.698581e-04,1.415841e-03
2016411648,26989518,24196939776,73848956,-6.356227e-02,-2.567673e-02,7.018013e-07,9.865898e-07,1.692164e-04,1.387045e-03
2016673792,26990231,24200085504,73858369,-6.357378e-02,-2.567474e-02,6.826472e-07,9.905382e-07,1.645980e-04,1.392596e-03
2016935936,26990521,24203231232,73867841,-6.356654e-02,-2.566934e-02,6.946667e-07,1.001320e-06,1.674961e-04,1.407754e-03
2017198080,26990585,24206376960,73877262,-6.354737e-02,-2.567753e-02,7.269899e-07,9.849883e-07,1.752898e-04,1.384794e-03
2017460224,26990713,24209522688,73886908,-6.355926e-02,-2.565277e-02,7.068536e-07,1.034760e-06,1.704346e-04,1.454768e-03
2017722368,26991493,24212668416,73896379,-6.356706e-02,-2.565023e-02,6.937851e-07,1.039928e-06,1.672835e-04,1.462033e-03
2017984512,26991774,24215814144,73905787,-6.356441e-02,-2.563929e-02,6.982108e-07,1.062355e-06,1.683506e-04,1.493563e-03
2018246656,26992256,24218959872,73915341,-6.356882e-02,-2.565301e-02,6.908714e-07,1.034275e-06,1.665810e-04,1.454086e-03
2018508800,26992736,24222105600,73924823,-6.355882e-02,-2.563300e-02,7.075930e-07,1.075376e-06,1.706129e-04,1.511870e-03
2018770944,26993046,24225251328,73934285,-6.354287e-02,-2.562963e-02,7.346841e-07,1.082364e-06,1.771450e-04,1.521694e-03
2019033088,26994024,24228397056,73943845,-6.353792e-02,-2.563975e-02,7.431894e-07,1.061418e-06,1.791958e-04,1.492246e-03
2019295232,26995081,24231542784,73953524,-6.353163e-02,-2.564308e-02,7.540710e-07,1.054559e-06,1.818195e-04,1.482603e-03
2019557376,26995740,24234688512,73963079,-6.352012e-02,-2.563933e-02,7.741954e-07,1.062285e-06,1.866719e-04,1.493466e-03
2019819520,26997915,24237834240,73972677,-6.351438e-02,-2.564025e-02,7.843241e-07,1.060390e-06,1.891140e-04,1.490800e-03
2020081664,26998270,24240979968,73982287,-6.350552e-02,-2.564515e-02,8.000935e-07,1.050317e-06,1.929163e-04,1.476639e-03
2020343808,26999074,24244125696,73991716,-6.349497e-02,-2.565957e-02,8.190918e-07,1.020971e-06,1.974972e-04,1.435381e-03
2020605952,26999653,24247271424,74001207,-6.349263e-02,-2.565902e-02,8.233320e-07,1.022085e-06,1.985195e-04,1.436948e-03
2020868096,26999801,24250417152,74010710,-6.348548e-02,-2.565961e-02,8.363496e-07,1.020892e-06,2.016583e-04,1.435270e-03
2021130240,26999835,24253562880,74020247,-6.348551e-02,-2.566090e-02,8.362951e-07,1.018281e-06,2.016452e-04,1.431600e-03
2021392384,27002857,24256708608,74029750,-6.350012e-02,-2.566335e-02,8.097861e-07,1.013351e-06,1.952534e-04,1.424669e-03
2021654528,27003276,24259854336,74039118,-6.350819e-02,-2.566296e-02,7.953289e-07,1.014131e-06,1.917675e-04,1.425766e-03
2021916672,27003330,24263000064,74048965,-6.350324e-02,-2.567520e-02,8.041773e-07,9.896264e-07,1.939010e-04,1.391314e-03
2022178816,27003426,24266145792,74058543,-6.350572e-02,-2.568828e-02,7.997470e-07,9.637708e-07,1.928328e-04,1.354964e-03
2022440960,27005600,24269291520,74068189,-6.350061e-02,-2.568528e-02,8.089013e-07,9.696643e-07,1.950400e-04,1.363249e-03
2022703104,27005691,24272437248,74077897,-6.349112e-02,-2.568630e-02,8.260654e-07,9.676696e-07,1.991786e-04,1.360445e-03
2022965248,27007990,24275582976,74087436,-6.349031e-02,-2.568139e-02,8.275424e-07,9.773426e-07,1.995347e-04,1.374044e-03
2023227392,27008320,24278728704,74096974,-6.348663e-02,-2.567752e-02,8.342523e-07,9.850253e-07,2.011526e-04,1.384845e-03
2023489536,27010609,24281874432,74106475,-6.348400e-02,-2.567808e-02,8.390637e-07,9.839016e-07,2.023127e-04,1.383266e-03
2023751680,27012816,24285020160,74116235,-6.348614e-02,-2.568659e-02,8.351508e-07,9.670944e-07,2.013692e-04,1.359637e-03
2024013824,27013021,24288165888,74125955,-6.349280e-02,-2.567854e-02,8.230210e-07,9.829854e-07,1.984445e-04,1.381978e-03
2024275968,27014382,24291311616,74135567,-6.349792e-02,-2.567039e-02,8.137600e-07,9.992219e-07,1.962115e-04,1.404805e-03
2024538112,27027336,24294457344,74145147,-6.348284e-02,-2.566158e-02,8.411943e-07,1.016902e-06,2.028264e-04,1.429661e-03
2024800256,27037089,24297603072,74154874,-6.347168e-02,-2.565639e-02,8.617780e-07,1.027403e-06,2.077895e-04,1.444424e-03
2025062400,27039852,24300748800,74164540,-6.346812e-02,-2.566522e-02,8.684029e-07,1.009575e-06,2.093869e-04,1.419360e-03
2025324544,27049008,24303894528,74174074,-6.345903e-02,-2.567001e-02,8.854266e-07,9.999892e-07,2.134916e-04,1.405883e-03
2025586688,27061581,24307040256,74183597,-6.344367e-02,-2.565386e-02,9.145750e-07,1.032544e-06,2.205198e-04,1.451652e-03
2025848832,27068072,24310185984,74193267,-6.347679e-02,-2.565198e-02,8.523147e-07,1.036356e-06,2.055077e-04,1.457011e-03
2026110976,27069480,24313331712,74202729,-6.347568e-02,-2.567149e-02,8.543657e-07,9.970149e-07,2.060023e-04,1.401702e-03
2026373120,27083564,24316477440,74212134,-6.348846e-02,-2.565878e-02,8.309075e-07,1.022567e-06,2.003461e-04,1.437626e-03
2026635264,27090762,24319623168,74221698,-6.348359e-02,-2.565375e-02,8.398146e-07,1.032764e-06,2.024937e-04,1.451961e-03
2026897408,27090930,24322768896,74231280,-6.349524e-02,-2.567303e-02,8.185929e-07,9.939558e-07,1.973769e-04,1.397401e-03
2027159552,27094707,24325914624,74240924,-6.347376e-02,-2.566492e-02,8.579229e-07,1.010181e-06,2.068600e-04,1.420212e-03
2027421696,27106953,24329060352,74250456,-6.347984e-02,-2.565612e-02,8.466974e-07,1.027950e-06,2.041533e-04,1.445194e-03
2027683840,27110871,24332206080,74259887,-6.349468e-02,-2.566664e-02,8.196044e-07,1.006721e-06,1.976207e-04,1.415347e-03
2027945984,27114436,24335351808,74269571,-6.350056e-02,-2.567402e-02,8.089951e-07,9.919662e-07,1.950626e-04,1.394604e-03
2028208128,27141675,24338497536,74279148,-6.349955e-02,-2.570371e-02,8.108189e-07,9.337128e-07,1.955024e-04,1.312705e-03
2028470272,27142656,24341643264,74288871,-6.348265e-02,-2.570435e-02,8.415361e-07,9.324785e-07,2.029088e-04,1.310970e-03
2028732416,27151997,24344788992,74298323,-6.350219e-02,-2.570281e-02,8.060759e-07,9.354630e-07,1.943588e-04,1.315166e-03
2028994560,27154893,24347934720,74307776,-6.351019e-02,-2.571150e-02,7.917714e-07,9.187302e-07,1.909097e-04,1.291641e-03
2029256704,27163984,24351080448,74317426,-6.350915e-02,-2.571151e-02,7.936155e-07,9.187088e-07,1.913544e-04,1.291611e-03
2029518848,27179116,24354226176,74326945,-6.351572e-02,-2.570684e-02,7.819504e-07,9.276715e-07,1.885417e-04,1.304212e-03
2029780992,27185594,24357371904,74336533,-6.349558e-02,-2.572401e-02,8.179863e-07,8.949023e-07,1.972306e-04,1.258142e-03
2030043136,27213033,24360517632,74346372,-6.350629e-02,-2.571594e-02,7.987212e-07,9.102338e-07,1.925854e-04,1.279696e-03
2030305280,27394541,24363663360,74355829,-6.349688e-02,-2.571649e-02,8.156296e-07,9.091714e-07,1.966623e-04,1.278203e-03
2030567424,27395416,24366809088,74365264,-6.350593e-02,-2.571425e-02,7.993739e-07,9.134532e-07,1.927428e-04,1.284222e-03
2030829568,27402041,24369954816,74375101,-6.350838e-02,-2.571906e-02,7.949834e-07,9.042797e-07,1.916842e-04,1.271326e-03
2031091712,27411119,24373100544,74384691,-6.350451e-02,-2.571918e-02,8.019072e-07,9.040565e-07,1.933536e-04,1.271012e-03
2031353856,27411775,24376246272,74394348,-6.349339e-02,-2.571769e-02,8.219534e-07,9.068853e-07,1.981871e-04,1.274989e-03
2031616000,27415182,24379392000,74404090,-6.350846e-02,-2.571345e-02,7.948506e-07,9.149884e-07,1.916522e-04,1.286381e-03
2031878144,27416142,24382537728,74413551,-6.351263e-02,-2.571699e-02,7.874283e-07,9.082304e-07,1.898625e-04,1.276880e-03
2032140288,27416422,24385683456,74423268,-6.353422e-02,-2.572020e-02,7.495876e-07,9.021236e-07,1.807385e-04,1.268294e-03
2032402432,27416512,24388829184,74432823,-6.353007e-02,-2.572303e-02,7.567779e-07,8.967534e-07,1.824722e-04,1.260744e-03
2032664576,27417466,24391974912,74442192,-6.351709e-02,-2.574421e-02,7.795409e-07,8.570915e-07,1.879607e-04,1.204984e-03
2032926720,27417469,24395120640,74451773,-6.352212e-02,-2.572142e-02,7.706856e-07,8.998040e-07,1.858256e-04,1.265033e-03
2033188864,27417899,24398266368,74461183,-6.352454e-02,-2.572764e-02,7.664400e-07,8.880365e-07,1.848019e-04,1.248489e-03
2033451008,27418922,24401412096,74470697,-6.350183e-02,-2.573064e-02,8.067182e-07,8.823935e-07,1.945137e-04,1.240556e-03
2033713152,27419006,24404557824,74480463,-6.351388e-02,-2.575236e-02,7.852085e-07,8.420624e-07,1.893273e-04,1.183854e-03
2033975296,27420836,24407703552,74490082,-6.352804e-02,-2.575101e-02,7.603209e-07,8.445392e-07,1.833265e-04,1.187336e-03
2034237440,27420837,24410849280,74499514,-6.352077e-02,-2.573190e-02,7.730421e-07,8.800260e-07,1.863938e-04,1.237227e-03
2034499584,27420863,24413995008,74509207,-6.351823e-02,-2.572272e-02,7.775293e-07,8.973321e-07,1.874757e-04,1.261558e-03
2034761728,27421200,24417140736,74518682,-6.352359e-02,-2.570817e-02,7.680977e-07,9.251114e-07,1.852016e-04,1.300613e-03
2035023872,27421658,24420286464,74528099,-6.352030e-02,-2.569821e-02,7.738808e-07,9.443802e-07,1.865960e-04,1.327703e-03
2035286016,27421665,24423432192,74537635,-6.354764e-02,-2.571405e-02,7.265198e-07,9.138413e-07,1.751764e-04,1.284768e-03
2035548160,27421665,24426577920,74547208,-6.355014e-02,-2.572941e-02,7.222712e-07,8.847011e-07,1.741520e-04,1.243800e-03
2035810304,27422171,24429723648,74556810,-6.354374e-02,-2.574026e-02,7.331777e-07,8.644187e-07,1.767818e-04,1.215285e-03
2036072448,27422333,24432869376,74566590,-6.355185e-02,-2.572532e-02,7.193614e-07,8.924266e-07,1.734504e-04,1.254661e-03
2036334592,27422606,24436015104,74576191,-6.353001e-02,-2.571278e-02,7.568815e-07,9.162788e-07,1.824972e-04,1.288195e-03
2036596736,27423044,24439160832,74585771,-6.352609e-02,-2.573465e-02,7.637289e-07,8.748789e-07,1.841482e-04,1.229991e-03
2036858880,27423096,24442306560,74595374,-6.353980e-02,-2.573108e-02,7.399429e-07,8.815783e-07,1.784130e-04,1.239410e-03
2037121024,27423226,24445452288,74604716,-6.354935e-02,-2.573268e-02,7.236142e-07,8.785589e-07,1.744758e-04,1.235165e-03
2037383168,27423784,24448598016,74614319,-6.354076e-02,-2.573004e-02,7.382903e-07,8.835312e-07,1.780145e-04,1.242155e-03
2037645312,27424208,24451743744,74623968,-6.353402e-02,-2.573086e-02,7.499231e-07,8.819911e-07,1.808194e-04,1.239990e-03
2037907456,27424272,24454889472,74633472,-6.354390e-02,-2.574261e-02,7.329098e-07,8.600532e-07,1.767172e-04,1.209148e-03
2038169600,27424364,24458035200,74643249,-6.353509e-02,-2.574759e-02,7.480660e-07,8.508433e-07,1.803716e-04,1.196199e-03
2038431744,27424430,24461180928,74652819,-6.353695e-02,-2.573817e-02,7.448603e-07,8.683091e-07,1.795986e-04,1.220755e-03
2038693888,27425659,24464326656,74662454,-6.354083e-02,-2.572027e-02,7.381751e-07,9.019927e-07,1.779867e-04,1.268110e-03
2038956032,27426330,24467472384,74672066,-6.355930e-02,-2.571621e-02,7.067785e-07,9.097114e-07,1.704164e-04,1.278962e-03
2039218176,27426719,24470618112,74681634,-6.357124e-02,-2.572432e-02,6.868397e-07,8.943068e-07,1.656089e-04,1.257305e-03
2039480320,27426836,24473763840,74691131,-6.359183e-02,-2.573586e-02,6.531419e-07,8.726155e-07,1.574838e-04,1.226809e-03
2039742464,27427011,24476909568,74700742,-6.359487e-02,-2.573809e-02,6.482377e-07,8.684584e-07,1.563013e-04,1.220964e-03
2040004608,27428653,24480055296,74710312,-6.361198e-02,-2.572365e-02,6.209725e-07,8.955826e-07,1.497272e-04,1.259098e-03
2040266752,27428724,24483201024,74720052,-6.360223e-02,-2.570204e-02,6.364384e-07,9.369445e-07,1.534563e-04,1.317249e-03
2040528896,27429228,24486346752,74729786,-6.358146e-02,-2.570759e-02,6.700129e-07,9.262296e-07,1.615516e-04,1.302185e-03
2040791040,27429309,24489492480,74739371,-6.358262e-02,-2.570290e-02,6.681115e-07,9.352829e-07,1.610932e-04,1.314913e-03
2041053184,27429385,24492638208,74749039,-6.358971e-02,-2.570945e-02,6.565785e-07,9.226515e-07,1.583124e-04,1.297154e-03
2041315328,27429601,24495783936,74758527,-6.359117e-02,-2.570738e-02,6.542020e-07,9.266312e-07,1.577394e-04,1.302750e-03
2041577472,27429665,24498929664,74768134,-6.357286e-02,-2.570936e-02,6.841624e-07,9.228268e-07,1.649633e-04,1.297401e-03
2041839616,27429677,24502075392,74777600,-6.358291e-02,-2.571543e-02,6.676365e-07,9.111937e-07,1.609787e-04,1.281046e-03
2042101760,27429682,24505221120,74787457,-6.357270e-02,-2.572284e-02,6.844213e-07,8.971062e-07,1.650258e-04,1.261240e-03
2042363904,27429757,24508366848,74797089,-6.357267e-02,-2.572773e-02,6.844829e-07,8.878680e-07,1.650406e-04,1.248252e-03
2042626048,27429824,24511512576,74806688,-6.358019e-02,-2.573333e-02,6.721002e-07,8.773581e-07,1.620549e-04,1.233476e-03
2042888192,27429910,24514658304,74816083,-6.357441e-02,-2.572401e-02,6.816011e-07,8.948988e-07,1.643458e-04,1.258137e-03
2043150336,27430085,24517804032,74825845,-6.354459e-02,-2.570660e-02,7.317366e-07,9.281344e-07,1.764343e-04,1.304863e-03
2043412480,27430393,24520949760,74835457,-6.354020e-02,-2.572820e-02,7.392637e-07,8.869836e-07,1.782492e-04,1.247009e-03
2043674624,27430871,24524095488,74845330,-6.353750e-02,-2.574031e-02,7.439090e-07,8.643286e-07,1.793692e-04,1.215158e-03
2043936768,27432125,24527241216,74854994,-6.356905e-02,-2.574110e-02,6.904875e-07,8.628504e-07,1.664884e-04,1.213080e-03
2044198912,27432158,24530386944,74864881,-6.355683e-02,-2.573022e-02,7.109437e-07,8.831776e-07,1.714208e-04,1.241658e-03
2044461056,27432311,24533532672,74874615,-6.356224e-02,-2.573786e-02,7.018388e-07,8.688889e-07,1.692254e-04,1.221570e-03
2044723200,27432844,24536678400,74884166,-6.357388e-02,-2.572858e-02,6.824749e-07,8.862681e-07,1.645565e-04,1.246003e-03
2044985344,27433018,24539824128,74893760,-6.355853e-02,-2.573822e-02,7.080694e-07,8.682119e-07,1.707277e-04,1.220618e-03
2045247488,27433087,24542969856,74903276,-6.356667e-02,-2.571971e-02,6.944431e-07,9.030544e-07,1.674422e-04,1.269603e-03
2045509632,27433278,24546115584,74912719,-6.356069e-02,-2.571191e-02,7.044378e-07,9.179341e-07,1.698521e-04,1.290522e-03
2045771776,27433375,24549261312,74922047,-6.355878e-02,-2.569767e-02,7.076557e-07,9.454159e-07,1.706280e-04,1.329159e-03
2046033920,27434176,24552407040,74931506,-6.354912e-02,-2.570633e-02,7.239945e-07,9.286657e-07,1.745676e-04,1.305610e-03
2046296064,27434212,24555552768,74941227,-6.353439e-02,-2.570875e-02,7.492909e-07,9.239974e-07,1.806669e-04,1.299047e-03
2046558208,27434805,24558698496,74950806,-6.354655e-02,-2.570882e-02,7.283754e-07,9.238756e-07,1.756238e-04,1.298875e-03
2046820352,27435062,24561844224,74960430,-6.353682e-02,-2.572748e-02,7.450790e-07,8.883384e-07,1.796514e-04,1.248914e-03
2047082496,27435158,24564989952,74970001,-6.353702e-02,-2.574755e-02,7.447446e-07,8.509223e-07,1.795708e-04,1.196311e-03
2047344640,27435233,24568135680,74979785,-6.354457e-02,-2.573631e-02,7.317622e-07,8.717840e-07,1.764404e-04,1.225640e-03
2047606784,27435378,24571281408,74989338,-6.355125e-02,-2.575234e-02,7.203855e-07,8.420932e-07,1.736973e-04,1.183898e-03
2047868928,27436031,24574427136,74998797,-6.355216e-02,-2.574697e-02,7.188307e-07,8.519914e-07,1.733224e-04,1.197813e-03
2048131072,27436168,24577572864,75008391,-6.353756e-02,-2.575190e-02,7.438061e-07,8.429035e-07,1.793445e-04,1.185037e-03
2048393216,27436357,24580718592,75018123,-6.353513e-02,-2.574064e-02,7.480016e-07,8.637088e-07,1.803561e-04,1.214287e-03
2048655360,27437019,24583864320,75027988,-6.353938e-02,-2.574210e-02,7.406737e-07,8.609897e-07,1.785892e-04,1.210464e-03
2048917504,27437212,24587010048,75037762,-6.353101e-02,-2.575047e-02,7.551454e-07,8.455357e-07,1.820786e-04,1.188737e-03
2049179648,27437394,24590155776,75047268,-6.354816e-02,-2.575247e-02,7.256310e-07,8.418573e-07,1.749621e-04,1.183566e-03
2049441792,27437528,24593301504,75057074,-6.354689e-02,-2.573824e-02,7.278032e-07,8.681807e-07,1.754859e-04,1.220574e-03
2049703936,27437591,24596447232,75066726,-6.353466e-02,-2.574225e-02,7.488137e-07,8.607201e-07,1.805519e-04,1.210085e-03
2049966080,27438711,24599592960,75076405,-6.354017e-02,-2.571928e-02,7.393149e-07,9.038653e-07,1.782616e-04,1.270743e-03
2050228224,27439179,24602738688,75086057,-6.353470e-02,-2.572835e-02,7.487492e-07,8.867065e-07,1.805363e-04,1.246619e-03
2050490368,27439273,24605884416,75095888,-6.352283e-02,-2.573267e-02,7.694303e-07,8.785903e-07,1.855229e-04,1.235209e-03
2050752512,27439758,24609030144,75105567,-6.350529e-02,-2.574287e-02,8.005067e-07,8.595696e-07,1.930160e-04,1.208468e-03
2051014656,27440132,24612175872,75115056,-6.349804e-02,-2.576668e-02,8.135315e-07,8.159863e-07,1.961565e-04,1.147194e-03
2051276800,27440440,24615321600,75124690,-6.350654e-02,-2.576051e-02,7.982818e-07,8.271628e-07,1.924795e-04,1.162907e-03
2051538944,27441300,24618467328,75134222,-6.350379e-02,-2.575895e-02,8.032021e-07,8.300045e-07,1.936659e-04,1.166902e-03
2051801088,27442075,24621613056,75143875,-6.350654e-02,-2.577258e-02,7.982818e-07,8.053671e-07,1.924795e-04,1.132264e-03
2052063232,27442364,24624758784,75153642,-6.351048e-02,-2.577233e-02,7.912544e-07,8.058184e-07,1.907851e-04,1.132899e-03
2052325376,27442715,24627904512,75163216,-6.350160e-02,-2.577862e-02,8.071332e-07,7.945650e-07,1.946137e-04,1.117078e-03
2052587520,27443572,24631050240,75172937,-6.347859e-02,-2.575869e-02,8.490024e-07,8.304865e-07,2.047091e-04,1.167580e-03
2052849664,27443758,24634195968,75182385,-6.349232e-02,-2.576862e-02,8.238864e-07,8.124936e-07,1.986532e-04,1.142284e-03
2053111808,27444654,24637341696,75192095,-6.350007e-02,-2.576947e-02,8.098799e-07,8.109564e-07,1.952760e-04,1.140123e-03
2053373952,27444792,24640487424,75201730,-6.351633e-02,-2.577786e-02,7.808835e-07,7.959104e-07,1.882845e-04,1.118969e-03
2053636096,27445507,24643633152,75211417,-6.352785e-02,-2.579011e-02,7.606457e-07,7.742086e-07,1.834048e-04,1.088459e-03
2053898240,27447925,24646778880,75220882,-6.354282e-02,-2.579708e-02,7.347607e-07,7.619882e-07,1.771635e-04,1.071278e-03
2054160384,27448093,24649924608,75230514,-6.354205e-02,-2.580094e-02,7.360897e-07,7.552651e-07,1.774839e-04,1.061826e-03
2054422528,27449261,24653070336,75240107,-6.353042e-02,-2.579543e-02,7.561687e-07,7.648655e-07,1.823253e-04,1.075323e-03
2054684672,27449480,24656216064,75249548,-6.351958e-02,-2.580998e-02,7.751398e-07,7.396257e-07,1.868995e-04,1.039839e-03
2054946816,27450394,24659361792,75259073,-6.353917e-02,-2.580581e-02,7.410328e-07,7.468196e-07,1.786758e-04,1.049953e-03
2055208960,27451140,24662507520,75268632,-6.353328e-02,-2.579796e-02,7.512011e-07,7.604508e-07,1.811275e-04,1.069117e-03
2055471104,27451341,24665653248,75278318,-6.352515e-02,-2.578530e-02,7.653706e-07,7.826984e-07,1.845440e-04,1.100394e-03
2055733248,27453401,24668798976,75287858,-6.350075e-02,-2.579794e-02,8.086466e-07,7.604866e-07,1.949786e-04,1.069167e-03
2055995392,27454409,24671944704,75297514,-6.348935e-02,-2.578783e-02,8.292919e-07,7.782226e-07,1.999566e-04,1.094102e-03
2056257536,27455015,24675090432,75307006,-6.348648e-02,-2.577846e-02,8.345245e-07,7.948473e-07,2.012183e-04,1.117475e-03
2056519680,27457241,24678236160,75316638,-6.350944e-02,-2.580392e-02,7.930979e-07,7.500973e-07,1.912296e-04,1.054561e-03
2056781824,27458257,24681381888,75326006,-6.350550e-02,-2.581082e-02,8.001335e-07,7.381943e-07,1.929260e-04,1.037826e-03
2057043968,27459162,24684527616,75335747,-6.350020e-02,-2.581036e-02,8.096520e-07,7.389787e-07,1.952210e-04,1.038929e-03
2057306112,27460333,24687673344,75345158,-6.351538e-02,-2.579226e-02,7.825567e-07,7.704240e-07,1.886879e-04,1.083138e-03
2057568256,27461906,24690819072,75354801,-6.351958e-02,-2.579652e-02,7.751398e-07,7.629608e-07,1.868995e-04,1.072645e-03
2057830400,27463928,24693964800,75364333,-6.353098e-02,-2.580031e-02,7.551972e-07,7.563566e-07,1.820911e-04,1.063360e-03
2058092544,27478706,24697110528,75373794,-6.352542e-02,-2.580221e-02,7.648883e-07,7.530556e-07,1.844278e-04,1.058720e-03
2058354688,27482256,24700256256,75383385,-6.352510e-02,-2.581039e-02,7.654488e-07,7.389306e-07,1.845629e-04,1.038862e-03
2058616832,27491731,24703401984,75392948,-6.351589e-02,-2.582678e-02,7.816474e-07,7.110222e-07,1.884686e-04,9.996251e-04
2058878976,27500678,24706547712,75402557,-6.352873e-02,-2.582719e-02,7.591130e-07,7.103219e-07,1.830352e-04,9.986404e-04
2059141120,27506435,24709693440,75412208,-6.354668e-02,-2.582888e-02,7.281592e-07,7.074739e-07,1.755717e-04,9.946364e-04
2059403264,27513058,24712839168,75421925,-6.354490e-02,-2.581869e-02,7.312014e-07,7.247206e-07,1.763052e-04,1.018884e-03
2059665408,27522202,24715984896,75431419,-6.356069e-02,-2.582440e-02,7.044378e-07,7.150392e-07,1.698521e-04,1.005273e-03
2059927552,27535100,24719130624,75440996,-6.356049e-02,-2.581529e-02,7.047755e-07,7.305294e-07,1.699335e-04,1.027050e-03
2060189696,27539731,24722276352,75450495,-6.357232e-02,-2.582927e-02,6.850501e-07,7.068317e-07,1.651774e-04,9.937336e-04
2060451840,27543266,24725422080,75460026,-6.357205e-02,-2.583383e-02,6.855065e-07,6.991730e-07,1.652874e-04,9.829663e-04
2060713984,27543802,24728567808,75469429,-6.357729e-02,-2.583945e-02,6.768485e-07,6.898067e-07,1.631998e-04,9.697982e-04
2060976128,27555956,24731713536,75479222,-6.357347e-02,-2.582962e-02,6.831521e-07,7.062336e-07,1.647197e-04,9.928928e-04
2061238272,27558151,24734859264,75488955,-6.356905e-02,-2.583053e-02,6.904875e-07,7.047161e-07,1.664884e-04,9.907593e-04
2061500416,27565698,24738004992,75498655,-6.356349e-02,-2.582074e-02,6.997556e-07,7.212457e-07,1.687231e-04,1.013998e-03
2061762560,27593315,24741150720,75508461,-6.358413e-02,-2.582412e-02,6.656412e-07,7.155055e-07,1.604976e-04,1.005928e-03
2062024704,27593546,24744296448,75518177,-6.359357e-02,-2.584472e-02,6.503269e-07,6.810876e-07,1.568050e-04,9.575401e-04
2062286848,27603628,24747442176,75527674,-6.359182e-02,-2.584887e-02,6.531660e-07,6.742490e-07,1.574896e-04,9.479257e-04
2062548992,27606631,24750587904,75537259,-6.359643e-02,-2.582129e-02,6.457327e-07,7.203033e-07,1.556973e-04,1.012673e-03
2062811136,27615437,24753733632,75546717,-6.361700e-02,-2.582276e-02,6.130950e-07,7.178203e-07,1.478278e-04,1.009183e-03
2063073280,27624258,24756879360,75556506,-6.361683e-02,-2.581425e-02,6.133635e-07,7.323072e-07,1.478925e-04,1.029550e-03
2063335424,27634030,24760025088,75565946,-6.361340e-02,-2.581062e-02,6.187435e-07,7.385336e-07,1.491897e-04,1.038303e-03
2063597568,27664543,24763170816,75575722,-6.362733e-02,-2.581410e-02,5.970188e-07,7.325559e-07,1.439515e-04,1.029899e-03
2063859712,27839460,24766316544,75585366,-6.363605e-02,-2.581188e-02,5.836238e-07,7.363710e-07,1.407217e-04,1.035263e-03
2064121856,27840295,24769462272,75594755,-6.366426e-02,-2.582967e-02,5.413095e-07,7.061616e-07,1.305190e-04,9.927915e-04
2064384000,27847024,24772608000,75604277,-6.366090e-02,-2.583930e-02,5.462763e-07,6.900635e-07,1.317166e-04,9.701592e-04
2064646144,27856330,24775753728,75613702,-6.366566e-02,-2.583188e-02,5.392613e-07,7.024506e-07,1.300252e-04,9.875743e-04
2064908288,27856987,24778899456,75623641,-6.366547e-02,-2.584281e-02,5.395349e-07,6.842363e-07,1.300912e-04,9.619669e-04
2065170432,27860318,24782045184,75633199,-6.366907e-02,-2.586080e-02,5.342612e-07,6.548048e-07,1.288196e-04,9.205891e-04
2065432576,27861398,24785190912,75642800,-6.368695e-02,-2.587796e-02,5.084408e-07,6.273208e-07,1.225938e-04,8.819494e-04
2065694720,27861450,24788336640,75652389,-6.367645e-02,-2.587790e-02,5.235220e-07,6.274240e-07,1.262302e-04,8.820946e-04
2065956864,27861819,24791482368,75661698,-6.367846e-02,-2.588913e-02,5.206258e-07,6.097627e-07,1.255318e-04,8.572644e-04
2066219008,27862686,24794628096,75671239,-6.368954e-02,-2.589835e-02,5.047499e-07,5.954396e-07,1.217039e-04,8.371276e-04
2066481152,27862690,24797773824,75680840,-6.371149e-02,-2.588383e-02,4.740537e-07,6.180668e-07,1.143025e-04,8.689392e-04
2066743296,27864368,24800919552,75690226,-6.369717e-02,-2.588476e-02,4.939674e-07,6.166033e-07,1.191041e-04,8.668817e-04
2067005440,27866065,24804065280,75699917,-6.370074e-02,-2.588847e-02,4.889740e-07,6.107841e-07,1.179001e-04,8.587005e-04
2067267584,27866244,24807211008,75709434,-6.370168e-02,-2.590501e-02,4.876516e-07,5.852015e-07,1.175812e-04,8.227339e-04
2067529728,27866342,24810356736,75718734,-6.369499e-02,-2.590393e-02,4.970408e-07,5.868612e-07,1.198451e-04,8.250674e-04
2067791872,27866432,24813502464,75728180,-6.371196e-02,-2.588931e-02,4.733973e-07,6.094776e-07,1.141443e-04,8.568637e-04
2068054016,27867104,24816648192,75737781,-6.371740e-02,-2.588912e-02,4.659425e-07,6.097656e-07,1.123468e-04,8.572685e-04
2068316160,27867181,24819793920,75747268,-6.372346e-02,-2.588863e-02,4.577098e-07,6.105308e-07,1.103617e-04,8.583444e-04
2068578304,27867608,24822939648,75757009,-6.372900e-02,-2.587326e-02,4.502500e-07,6.347990e-07,1.085630e-04,8.924629e-04
2068840448,27867636,24826085376,75766691,-6.375905e-02,-2.588901e-02,4.108183e-07,6.099459e-07,9.905536e-05,8.575221e-04
2069102592,27868209,24829231104,75776322,-6.376664e-02,-2.587777e-02,4.011530e-07,6.276247e-07,9.672490e-05,8.823767e-04
2069364736,27868536,24832376832,75785736,-6.377123e-02,-2.588245e-02,3.953603e-07,6.202388e-07,9.532819e-05,8.719930e-04
2069626880,27868547,24835522560,75795313,-6.378096e-02,-2.589796e-02,3.832184e-07,5.960492e-07,9.240057e-05,8.379846e-04
2069889024,27868551,24838668288,75805019,-6.379234e-02,-2.589198e-02,3.692530e-07,6.053143e-07,8.903324e-05,8.510104e-04
2070151168,27869113,24841814016,75814680,-6.377642e-02,-2.590510e-02,3.888567e-07,5.850761e-07,9.376006e-05,8.225577e-04
2070413312,27869218,24844959744,75824245,-6.378298e-02,-2.590645e-02,3.807135e-07,5.830035e-07,9.179657e-05,8.196438e-04
2070675456,27869446,24848105472,75833851,-6.379586e-02,-2.591045e-02,3.649915e-07,5.769125e-07,8.800573e-05,8.110805e-04
2070937600,27869512,24851251200,75843544,-6.379328e-02,-2.592333e-02,3.681129e-07,5.575094e-07,8.875837e-05,7.838017e-04
2071199744,27869785,24854396928,75853285,-6.377999e-02,-2.592666e-02,3.844093e-07,5.525471e-07,9.268771e-05,7.768251e-04
2071461888,27870073,24857542656,75863143,-6.377164e-02,-2.592349e-02,3.948452e-07,5.572730e-07,9.520398e-05,7.834693e-04
2071724032,27871155,24860688384,75872525,-6.378187e-02,-2.593864e-02,3.820847e-07,5.348932e-07,9.212720e-05,7.520055e-04
2071986176,27871630,24863834112,75882002,-6.379317e-02,-2.594108e-02,3.682395e-07,5.313245e-07,8.878889e-05,7.469883e-04
2072248320,27872083,24866979840,75891570,-6.379959e-02,-2.594654e-02,3.604952e-07,5.233900e-07,8.692159e-05,7.358332e-04
2072510464,27872531,24870125568,75900947,-6.379668e-02,-2.593345e-02,3.640019e-07,5.425106e-07,8.776711e-05,7.627149e-04
2072772608,27872905,24873271296,75910476,-6.378916e-02,-2.593657e-02,3.731296e-07,5.379189e-07,8.996796e-05,7.562594e-04
2073034752,27874288,24876417024,75920005,-6.380124e-02,-2.593524e-02,3.585117e-07,5.398661e-07,8.644334e-05,7.589969e-04
2073296896,27874988,24879562752,75929639,-6.379887e-02,-2.592867e-02,3.613635e-07,5.495660e-07,8.713097e-05,7.726340e-04
2073559040,27875057,24882708480,75939244,-6.378312e-02,-2.592769e-02,3.805388e-07,5.510307e-07,9.175446e-05,7.746932e-04
2073821184,27875063,24885854208,75948919,-6.377562e-02,-2.593596e-02,3.898516e-07,5.388182e-07,9.399994e-05,7.575237e-04
2074083328,27875483,24888999936,75958661,-6.377632e-02,-2.594671e-02,3.889776e-07,5.231448e-07,9.378918e-05,7.354884e-04
2074345472,27875850,24892145664,75968194,-6.378816e-02,-2.594956e-02,3.743502e-07,5.190384e-07,9.026229e-05,7.297153e-04
2074607616,27876365,24895291392,75977682,-6.378531e-02,-2.594209e-02,3.778503e-07,5.298565e-07,9.110621e-05,7.449244e-04
2074869760,27877600,24898437120,75987492,-6.380671e-02,-2.593684e-02,3.520015e-07,5.375283e-07,8.487363e-05,7.557102e-04
2075131904,27877714,24901582848,75997027,-6.379993e-02,-2.592869e-02,3.600927e-07,5.495411e-07,8.682455e-05,7.725991e-04
2075394048,27877820,24904728576,76006507,-6.380247e-02,-2.593211e-02,3.570410e-07,5.444798e-07,8.608874e-05,7.654834e-04
2075656192,27878219,24907874304,76016215,-6.378648e-02,-2.594346e-02,3.764135e-07,5.278544e-07,9.075979e-05,7.421098e-04
2075918336,27878684,24911020032,76025733,-6.380092e-02,-2.595431e-02,3.589044e-07,5.122118e-07,8.653803e-05,7.201178e-04
2076180480,27879558,24914165760,76035327,-6.380733e-02,-2.594122e-02,3.512593e-07,5.311182e-07,8.469468e-05,7.466982e-04
2076442624,27879646,24917311488,76045022,-6.381673e-02,-2.594878e-02,3.402024e-07,5.201555e-07,8.202864e-05,7.312858e-04
2076704768,27879753,24920457216,76054586,-6.379586e-02,-2.593340e-02,3.649825e-07,5.425820e-07,8.800356e-05,7.628152e-04
2076966912,27880583,24923602944,76064021,-6.380080e-02,-2.593644e-02,3.590472e-07,5.381157e-07,8.657247e-05,7.565360e-04
2077229056,27880610,24926748672,76073747,-6.379691e-02,-2.594148e-02,3.637232e-07,5.307354e-07,8.769993e-05,7.461602e-04
2077491200,27880728,24929894400,76083411,-6.378543e-02,-2.596891e-02,3.776946e-07,4.915303e-07,9.106866e-05,6.910416e-04
2077753344,27880766,24933040128,76093000,-6.377854e-02,-2.597413e-02,3.862130e-07,4.842290e-07,9.312262e-05,6.807767e-04
2078015488,27880866,24936185856,76102541,-6.377368e-02,-2.599267e-02,3.922838e-07,4.587714e-07,9.458638e-05,6.449861e-04
2078277632,27880955,24939331584,76112212,-6.376750e-02,-2.599485e-02,4.000590e-07,4.558291e-07,9.646110e-05,6.408494e-04
2078539776,27881142,24942477312,76121388,-6.378625e-02,-2.600114e-02,3.766879e-07,4.473750e-07,9.082593e-05,6.289639e-04
2078801920,27881280,24945623040,76131182,-6.379080e-02,-2.602858e-02,3.711297e-07,4.114226e-07,8.948577e-05,5.784185e-04
2079064064,27881742,24948768768,76140866,-6.378549e-02,-2.603616e-02,3.776304e-07,4.017573e-07,9.105320e-05,5.648299e-04
2079326208,27882810,24951914496,76150571,-6.378018e-02,-2.602363e-02,3.841784e-07,4.177936e-07,9.263202e-05,5.873754e-04
2079588352,27883261,24955060224,76159946,-6.377016e-02,-2.600602e-02,3.967013e-07,4.408681e-07,9.565151e-05,6.198158e-04
2079850496,27883494,24958205952,76169586,-6.379145e-02,-2.599277e-02,3.703313e-07,4.586352e-07,8.929326e-05,6.447946e-04
2080112640,27884405,24961351680,76179251,-6.379335e-02,-2.599340e-02,3.680225e-07,4.577879e-07,8.873657e-05,6.436033e-04
2080374784,27884582,24964497408,76188946,-6.379324e-02,-2.599566e-02,3.681582e-07,4.547356e-07,8.876927e-05,6.393121e-04
2080636928,27884832,24967643136,76198619,-6.378065e-02,-2.598794e-02,3.835967e-07,4.652054e-07,9.249178e-05,6.540316e-04
2080899072,27885079,24970788864,76208198,-6.378380e-02,-2.599049e-02,3.797028e-07,4.617284e-07,9.155289e-05,6.491433e-04
2081161216,27885682,24973934592,76217698,-6.378485e-02,-2.597766e-02,3.784184e-07,4.793367e-07,9.124318e-05,6.738988e-04
2081423360,27886010,24977080320,76227452,-6.378141e-02,-2.597490e-02,3.826559e-07,4.831667e-07,9.226493e-05,6.792833e-04
2081685504,27886076,24980226048,76236936,-6.378353e-02,-2.599439e-02,3.800426e-07,4.564530e-07,9.163481e-05,6.417267e-04
2081947648,27886280,24983371776,76246600,-6.377297e-02,-2.598511e-02,3.931709e-07,4.690704e-07,9.480028e-05,6.594654e-04
2082209792,27886625,24986517504,76256299,-6.378438e-02,-2.599350e-02,3.789869e-07,4.576543e-07,9.138027e-05,6.434156e-04
2082471936,27887345,24989663232,76265646,-6.377405e-02,-2.598333e-02,3.918173e-07,4.715127e-07,9.447389e-05,6.628991e-04
2082734080,27887630,24992808960,76275086,-6.379367e-02,-2.600089e-02,3.676430e-07,4.477040e-07,8.864506e-05,6.294264e-04
2082996224,27887939,24995954688,76284586,-6.377527e-02,-2.600992e-02,3.902890e-07,4.357111e-07,9.410542e-05,6.125656e-04
2083258368,27888308,24999100416,76294012,-6.375843e-02,-2.598817e-02,4.116210e-07,4.648878e-07,9.924890e-05,6.535851e-04
2083520512,27888472,25002246144,76303770,-6.375135e-02,-2.598778e-02,4.207436e-07,4.654290e-07,1.014485e-04,6.543460e-04
2083782656,27888943,25005391872,76313431,-6.373972e-02,-2.599958e-02,4.359767e-07,4.494580e-07,1.051215e-04,6.318924e-04
2084044800,27888961,25008537600,76322884,-6.374080e-02,-2.600466e-02,4.345414e-07,4.426805e-07,1.047754e-04,6.223640e-04
2084306944,27890190,25011683328,76332521,-6.373461e-02,-2.600633e-02,4.427525e-07,4.404600e-07,1.067552e-04,6.192421e-04
2084569088,27890249,25014829056,76342006,-6.371732e-02,-2.599835e-02,4.660544e-07,4.511178e-07,1.123738e-04,6.342260e-04
2084831232,27890356,25017974784,76351581,-6.371039e-02,-2.599617e-02,4.755631e-07,4.540501e-07,1.146665e-04,6.383483e-04
2085093376,27890664,25021120512,76361374,-6.371918e-02,-2.598825e-02,4.635249e-07,4.647837e-07,1.117638e-04,6.534388e-04
2085355520,27891604,25024266240,76371091,-6.371970e-02,-2.598192e-02,4.628048e-07,4.734537e-07,1.115902e-04,6.656279e-04
2085617664,27892579,25027411968,76380697,-6.368780e-02,-2.598173e-02,5.072303e-07,4.737178e-07,1.223020e-04,6.659992e-04
2085879808,27893312,25030557696,76390159,-6.368965e-02,-2.596212e-02,5.046018e-07,5.010910e-07,1.216682e-04,7.044831e-04
2086141952,27893425,25033703424,76399936,-6.368630e-02,-2.597914e-02,5.093656e-07,4.772885e-07,1.228168e-04,6.710191e-04
2086404096,27893610,25036849152,76409516,-6.368062e-02,-2.600563e-02,5.175124e-07,4.413877e-07,1.247811e-04,6.205463e-04
2086666240,27893613,25039994880,76418949,-6.369232e-02,-2.601222e-02,5.008089e-07,4.326795e-07,1.207536e-04,6.083036e-04
2086928384,27893735,25043140608,76428467,-6.369755e-02,-2.601227e-02,4.934439e-07,4.326060e-07,1.189778e-04,6.082003e-04
2087190528,27895410,25046286336,76437828,-6.370412e-02,-2.600968e-02,4.842549e-07,4.360284e-07,1.167622e-04,6.130117e-04
2087452672,27895893,25049432064,76447497,-6.373079e-02,-2.601277e-02,4.478436e-07,4.319570e-07,1.079828e-04,6.072876e-04
2087714816,27896467,25052577792,76457269,-6.371742e-02,-2.601993e-02,4.659120e-07,4.225942e-07,1.123394e-04,5.941246e-04
2087976960,27896980,25055723520,76466903,-6.372700e-02,-2.601902e-02,4.529337e-07,4.237720e-07,1.092101e-04,5.957804e-04
2088239104,27899506,25058869248,76476641,-6.374104e-02,-2.604570e-02,4.342272e-07,3.897540e-07,1.046996e-04,5.479545e-04
2088501248,27900515,25062014976,76486132,-6.373066e-02,-2.605033e-02,4.480131e-07,3.839891e-07,1.080237e-04,5.398497e-04
2088763392,27900745,25065160704,76495624,-6.372458e-02,-2.605310e-02,4.561888e-07,3.805641e-07,1.099950e-04,5.350345e-04
2089025536,27902484,25068306432,76505269,-6.370140e-02,-2.605773e-02,4.880471e-07,3.748701e-07,1.176766e-04,5.270294e-04
2089287680,27902739,25071452160,76514972,-6.370132e-02,-2.603941e-02,4.881512e-07,3.976404e-07,1.177017e-04,5.590420e-04
2089549824,27904099,25074597888,76524498,-6.370506e-02,-2.603374e-02,4.829388e-07,4.048233e-07,1.164449e-04,5.691404e-04
2089811968,27904737,25077743616,76534005,-6.369851e-02,-2.603138e-02,4.920946e-07,4.078319e-07,1.186525e-04,5.733703e-04
2090074112,27905679,25080889344,76543470,-6.371330e-02,-2.602440e-02,4.715537e-07,4.168045e-07,1.136997e-04,5.859849e-04
2090336256,27906996,25084035072,76552868,-6.371323e-02,-2.602003e-02,4.716560e-07,4.224634e-07,1.137244e-04,5.939407e-04
2090598400,27908736,25087180800,76562508,-6.371275e-02,-2.602315e-02,4.723112e-07,4.184126e-07,1.138824e-04,5.882457e-04
2090860544,27912151,25090326528,76572003,-6.371916e-02,-2.600889e-02,4.635451e-07,4.370646e-07,1.117687e-04,6.144686e-04
2091122688,27913258,25093472256,76581476,-6.370831e-02,-2.601462e-02,4.784345e-07,4.295169e-07,1.153588e-04,6.038572e-04
2091384832,27914855,25096617984,76590987,-6.370839e-02,-2.599306e-02,4.783313e-07,4.582417e-07,1.153339e-04,6.442413e-04
2091646976,27927790,25099763712,76600739,-6.370698e-02,-2.599021e-02,4.802812e-07,4.621082e-07,1.158041e-04,6.496772e-04
2091909120,27930346,25102909440,76610297,-6.370832e-02,-2.598442e-02,4.784241e-07,4.700226e-07,1.153563e-04,6.608041e-04
2092171264,27943675,25106055168,76620012,-6.370039e-02,-2.597800e-02,4.894535e-07,4.788597e-07,1.180157e-04,6.732281e-04
2092433408,27951735,25109200896,76629633,-6.369574e-02,-2.598527e-02,4.959908e-07,4.688613e-07,1.195919e-04,6.591713e-04
2092695552,27952410,25112346624,76639384,-6.369019e-02,-2.600165e-02,5.038293e-07,4.466925e-07,1.214819e-04,6.280043e-04
2092957696,27958494,25115492352,76649053,-6.367764e-02,-2.597876e-02,5.218092e-07,4.778188e-07,1.258172e-04,6.717647e-04
2093219840,27974439,25118638080,76658443,-6.367932e-02,-2.598231e-02,5.193900e-07,4.729130e-07,1.252339e-04,6.648677e-04
2093481984,27985165,25121783808,76668264,-6.370082e-02,-2.597148e-02,4.888490e-07,4.879300e-07,1.178699e-04,6.859801e-04
2093744128,27986590,25124929536,76677783,-6.369194e-02,-2.596770e-02,5.013574e-07,4.932215e-07,1.208859e-04,6.934195e-04
2094006272,27995568,25128075264,76687357,-6.369802e-02,-2.596454e-02,4.927742e-07,4.976739e-07,1.188164e-04,6.996791e-04
2094268416,27996719,25131220992,76696930,-6.369666e-02,-2.596523e-02,4.946903e-07,4.966942e-07,1.192784e-04,6.983016e-04
2094530560,28001229,25134366720,76706668,-6.370848e-02,-2.596631e-02,4.781974e-07,4.951778e-07,1.153016e-04,6.961698e-04
2094792704,28009226,25137512448,76716389,-6.370611e-02,-2.595777e-02,4.814902e-07,5.072700e-07,1.160956e-04,7.131703e-04
2095054848,28017062,25140658176,76725954,-6.370878e-02,-2.598517e-02,4.777853e-07,4.689939e-07,1.152023e-04,6.593578e-04
2095316992,28044454,25143803904,76735310,-6.371143e-02,-2.597354e-02,4.741358e-07,4.850562e-07,1.143223e-04,6.819398e-04
2095579136,28045079,25146949632,76744894,-6.369396e-02,-2.596645e-02,4.984916e-07,4.949839e-07,1.201949e-04,6.958971e-04
2095841280,28055274,25150095360,76754452,-6.368919e-02,-2.597306e-02,5.052582e-07,4.857233e-07,1.218265e-04,6.828777e-04
2096103424,28058542,25153241088,76763890,-6.370658e-02,-2.599140e-02,4.808286e-07,4.605040e-07,1.159361e-04,6.474219e-04
2096365568,28066975,25156386816,76773695,-6.371512e-02,-2.598252e-02,4.690602e-07,4.726338e-07,1.130985e-04,6.644752e-04
2096627712,28069678,25159532544,76783196,-6.373082e-02,-2.597081e-02,4.478037e-07,4.888673e-07,1.079732e-04,6.872977e-04
2096889856,28082951,25162678272,76792608,-6.372994e-02,-2.599339e-02,4.489811e-07,4.577980e-07,1.082571e-04,6.436175e-04
2097152000,28116096,25165824000,76802325,-6.371033e-02,-2.598352e-02,4.756453e-07,4.712544e-07,1.146863e-04,6.625359e-04
2097414144,28284494,25168969728,76811857,-6.371046e-02,-2.597994e-02,4.754706e-07,4.761850e-07,1.146442e-04,6.694678e-04
2097676288,28285433,25172115456,76821419,-6.369796e-02,-2.598977e-02,4.928579e-07,4.627161e-07,1.188365e-04,6.505320e-04
2097938432,28292445,25175261184,76831104,-6.369258e-02,-2.599551e-02,5.004504e-07,4.549391e-07,1.206672e-04,6.395983e-04
2098200576,28301633,25178406912,76840723,-6.370235e-02,-2.600795e-02,4.867155e-07,4.383068e-07,1.173555e-04,6.162148e-04
2098462720,28302196,25181552640,76850449,-6.371313e-02,-2.599632e-02,4.717993e-07,4.538443e-07,1.137589e-04,6.380590e-04
2098724864,28305285,25184698368,76860095,-6.372784e-02,-2.598453e-02,4.518012e-07,4.698643e-07,1.089370e-04,6.605815e-04
2098987008,28306412,25187844096,76869691,-6.375103e-02,-2.597392e-02,4.211594e-07,4.845245e-07,1.015488e-04,6.811923e-04
2099249152,28306576,25190989824,76879396,-6.374925e-02,-2.599197e-02,4.234738e-07,4.597283e-07,1.021068e-04,6.463313e-04
2099511296,28307002,25194135552,76889005,-6.374879e-02,-2.598789e-02,4.240752e-07,4.652689e-07,1.022518e-04,6.541209e-04
2099773440,28307747,25197281280,76898601,-6.374544e-02,-2.600930e-02,4.284531e-07,4.365181e-07,1.033074e-04,6.137001e-04
2100035584,28308025,25200427008,76908235,-6.374631e-02,-2.600530e-02,4.273127e-07,4.418308e-07,1.030325e-04,6.211693e-04
2100297728,28309580,25203572736,76918079,-6.375046e-02,-2.601179e-02,4.219043e-07,4.332335e-07,1.017284e-04,6.090823e-04
2100559872,28311145,25206718464,76927738,-6.371728e-02,-2.599062e-02,4.661053e-07,4.615613e-07,1.123860e-04,6.489084e-04
2100822016,28311259,25209864192,76937203,-6.371152e-02,-2.600945e-02,4.740127e-07,4.363310e-07,1.142926e-04,6.134372e-04
2101084160,28311360,25213009920,76946651,-6.371821e-02,-2.600217e-02,4.648345e-07,4.459907e-07,1.120796e-04,6.270177e-04
2101346304,28311605,25216155648,76956382,-6.374145e-02,-2.597336e-02,4.336971e-07,4.853105e-07,1.045718e-04,6.822974e-04
2101608448,28312270,25219301376,76965749,-6.375362e-02,-2.598474e-02,4.178104e-07,4.695809e-07,1.007413e-04,6.601830e-04
2101870592,28312280,25222447104,76975336,-6.376628e-02,-2.598851e-02,4.016061e-07,4.644282e-07,9.683417e-05,6.529389e-04
2102132736,28312566,25225592832,76984832,-6.377174e-02,-2.598981e-02,3.947141e-07,4.626629e-07,9.517237e-05,6.504572e-04
2102394880,28312646,25228738560,76994298,-6.377687e-02,-2.598251e-02,3.882994e-07,4.726466e-07,9.362568e-05,6.644932e-04
2102657024,28313451,25231884288,77003919,-6.377732e-02,-2.597782e-02,3.877332e-07,4.791098e-07,9.348915e-05,6.735798e-04
2102919168,28313465,25235030016,77013467,-6.379443e-02,-2.598041e-02,3.667130e-07,4.755323e-07,8.842081e-05,6.685501e-04
2103181312,28313516,25238175744,77023276,-6.378676e-02,-2.598886e-02,3.760662e-07,4.639460e-07,9.067605e-05,6.522610e-04
2103443456,28313659,25241321472,77033136,-6.380150e-02,-2.598098e-02,3.582084e-07,4.747491e-07,8.637022e-05,6.674490e-04
2103705600,28314121,25244467200,77042558,-6.380761e-02,-2.596044e-02,3.509326e-07,5.034698e-07,8.461589e-05,7.078275e-04
2103967744,28314195,25247612928,77052070,-6.379909e-02,-2.595338e-02,3.610948e-07,5.135377e-07,8.706619e-05,7.219819e-04
2104229888,28314285,25250758656,77061762,-6.379124e-02,-2.593281e-02,3.705943e-07,5.434412e-07,8.935668e-05,7.640232e-04
2104492032,28314626,25253904384,77071380,-6.378974e-02,-2.593676e-02,3.724199e-07,5.376430e-07,8.979684e-05,7.558715e-04
2104754176,28316144,25257050112,77080877,-6.380226e-02,-2.594429e-02,3.572993e-07,5.266480e-07,8.615102e-05,7.404137e-04
2105016320,28316368,25260195840,77090856,-6.381126e-02,-2.593501e-02,3.466205e-07,5.402110e-07,8.357618e-05,7.594818e-04
2105278464,28317053,25263341568,77100433,-6.380972e-02,-2.593918e-02,3.484389e-07,5.340979e-07,8.401462e-05,7.508874e-04
2105540608,28317221,25266487296,77110268,-6.381937e-02,-2.593454e-02,3.371326e-07,5.408957e-07,8.128847e-05,7.604445e-04
2105802752,28318978,25269633024,77119864,-6.380387e-02,-2.593729e-02,3.553691e-07,5.368648e-07,8.568560e-05,7.547775e-04
2106064896,28319470,25272778752,77129626,-6.382149e-02,-2.592839e-02,3.346713e-07,5.499803e-07,8.069500e-05,7.732165e-04
2106327040,28319536,25275924480,77139443,-6.383234e-02,-2.592281e-02,3.222460e-07,5.582996e-07,7.769906e-05,7.849127e-04
2106589184,28319544,25279070208,77149019,-6.383428e-02,-2.593110e-02,3.200420e-07,5.459789e-07,7.716765e-05,7.675910e-04
2106851328,28320017,25282215936,77158492,-6.381521e-02,-2.594269e-02,3.419777e-07,5.289864e-07,8.245672e-05,7.437012e-04
2107113472,28320384,25285361664,77168144,-6.382439e-02,-2.593497e-02,3.313263e-07,5.402712e-07,7.988849e-05,7.595665e-04
2107375616,28320750,25288507392,77177583,-6.383831e-02,-2.591809e-02,3.154977e-07,5.653753e-07,7.607193e-05,7.948604e-04
2107637760,28321095,25291653120,77187149,-6.385639e-02,-2.593763e-02,2.955191e-07,5.363709e-07,7.125475e-05,7.540830e-04
2107899904,28321759,25294798848,77197062,-6.387053e-02,-2.592044e-02,2.803443e-07,5.618459e-07,6.759584e-05,7.898983e-04
2108162048,28322047,25297944576,77206625,-6.389694e-02,-2.588794e-02,2.530726e-07,6.116200e-07,6.102016e-05,8.598756e-04
2108424192,28322223,25301090304,77216247,-6.391827e-02,-2.589853e-02,2.320659e-07,5.951608e-07,5.595508e-05,8.367356e-04
2108686336,28322533,25304236032,77225909,-6.394303e-02,-2.592282e-02,2.088252e-07,5.582718e-07,5.035134e-05,7.848736e-04
2108948480,28323439,25307381760,77235370,-6.395102e-02,-2.591071e-02,2.015825e-07,5.765278e-07,4.860502e-05,8.105395e-04
2109210624,28323470,25310527488,77244915,-6.394546e-02,-2.590210e-02,2.066112e-07,5.896756e-07,4.981752e-05,8.290241e-04
2109472768,28324214,25313673216,77254581,-6.394307e-02,-2.590755e-02,2.087843e-07,5.813265e-07,5.034149e-05,8.172861e-04
2109734912,28324383,25316818944,77264273,-6.393635e-02,-2.590602e-02,2.149779e-07,5.836579e-07,5.183487e-05,8.205639e-04
2109997056,28326131,25319964672,77273638,-6.393541e-02,-2.592587e-02,2.158493e-07,5.537357e-07,5.204499e-05,7.784962e-04
2110259200,28327114,25323110400,77283414,-6.393560e-02,-2.592255e-02,2.156693e-07,5.586838e-07,5.200159e-05,7.854528e-04
2110521344,28327212,25326256128,77292925,-6.392507e-02,-2.592666e-02,2.255583e-07,5.525582e-07,5.438600e-05,7.768407e-04
2110783488,28328048,25329401856,77302535,-6.391742e-02,-2.593928e-02,2.328850e-07,5.339481e-07,5.615257e-05,7.506769e-04
2111045632,28328618,25332547584,77312105,-6.393117e-02,-2.593725e-02,2.197995e-07,5.369276e-07,5.299745e-05,7.548656e-04
2111307776,28328914,25335693312,77321691,-6.393258e-02,-2.592909e-02,2.184811e-07,5.489531e-07,5.267956e-05,7.717723e-04
2111569920,28330985,25338839040,77331246,-6.393339e-02,-2.590784e-02,2.177226e-07,5.808864e-07,5.249666e-05,8.166673e-04
2111832064,28331381,25341984768,77340630,-6.392889e-02,-2.591253e-02,2.219494e-07,5.737647e-07,5.351584e-05,8.066550e-04
2112094208,28331885,25345130496,77350085,-6.392507e-02,-2.590591e-02,2.255654e-07,5.838259e-07,5.438771e-05,8.207999e-04
2112356352,28331977,25348276224,77359786,-6.392111e-02,-2.589351e-02,2.293390e-07,6.029399e-07,5.529758e-05,8.476723e-04
2112618496,28331987,25351421952,77369460,-6.390638e-02,-2.589050e-02,2.436640e-07,6.076206e-07,5.875158e-05,8.542529e-04
2112880640,28331994,25354567680,77378908,-6.389540e-02,-2.589004e-02,2.546192e-07,6.083322e-07,6.139306e-05,8.552535e-04
2113142784,28332415,25357713408,77388484,-6.389279e-02,-2.590464e-02,2.572652e-07,5.857716e-07,6.203107e-05,8.235354e-04
2113404928,28332685,25360859136,77397920,-6.388598e-02,-2.591305e-02,2.642197e-07,5.729749e-07,6.370791e-05,8.055446e-04
2113667072,28332721,25364004864,77407634,-6.389040e-02,-2.592230e-02,2.596895e-07,5.590570e-07,6.261560e-05,7.859774e-04
2113929216,28332796,25367150592,77417382,-6.388444e-02,-2.595407e-02,2.658076e-07,5.125505e-07,6.409079e-05,7.205940e-04
2114191360,28333021,25370296320,77426975,-6.387960e-02,-2.596897e-02,2.708169e-07,4.914493e-07,6.529862e-05,6.909278e-04
2114453504,28334704,25373442048,77436601,-6.388026e-02,-2.597380e-02,2.701349e-07,4.846983e-07,6.513418e-05,6.814366e-04
2114715648,28335076,25376587776,77446113,-6.387739e-02,-2.598229e-02,2.731249e-07,4.729463e-07,6.585511e-05,6.649146e-04
2114977792,28335230,25379733504,77455646,-6.390186e-02,-2.596717e-02,2.481418e-07,4.939753e-07,5.983127e-05,6.944791e-04
2115239936,28335601,25382879232,77465189,-6.389875e-02,-2.598791e-02,2.512543e-07,4.652486e-07,6.058173e-05,6.540923e-04
2115502080,28336106,25386024960,77474710,-6.390818e-02,-2.600018e-02,2.418872e-07,4.486616e-07,5.832317e-05,6.307728e-04
2115764224,28336327,25389170688,77484157,-6.391753e-02,-2.602708e-02,2.327843e-07,4.133412e-07,5.612830e-05,5.811158e-04
2116026368,28336904,25392316416,77493906,-6.392850e-02,-2.602408e-02,2.223147e-07,4.172159e-07,5.360389e-05,5.865631e-04
2116288512,28337357,25395462144,77503556,-6.394327e-02,-2.601834e-02,2.086005e-07,4.246576e-07,5.029718e-05,5.970254e-04
2116550656,28337361,25398607872,77513405,-6.395022e-02,-2.600556e-02,2.023057e-07,4.414768e-07,4.877940e-05,6.206716e-04
2116812800,28337719,25401753600,77522819,-6.394318e-02,-2.599503e-02,2.086822e-07,4.555826e-07,5.031687e-05,6.405029e-04
2117074944,28337929,25404899328,77532304,-6.393895e-02,-2.599750e-02,2.125665e-07,4.522520e-07,5.125345e-05,6.358204e-04
2117337088,28338652,25408045056,77541611,-6.394305e-02,-2.598351e-02,2.088047e-07,4.712647e-07,5.034641e-05,6.625503e-04
2117599232,28338889,25411190784,77551205,-6.395689e-02,-2.598743e-02,1.963516e-07,4.659069e-07,4.734376e-05,6.550179e-04
2117861376,28339599,25414336512,77560765,-6.394400e-02,-2.598208e-02,2.079341e-07,4.732282e-07,5.013649e-05,6.653108e-04
2118123520,28339713,25417482240,77570324,-6.394936e-02,-2.598768e-02,2.030772e-07,4.655536e-07,4.896542e-05,6.545211e-04
2118385664,28339988,25420627968,77579918,-6.395045e-02,-2.599387e-02,2.020980e-07,4.571479e-07,4.872931e-05,6.427036e-04
2118647808,28340499,25423773696,77589460,-6.394324e-02,-2.599682e-02,2.086345e-07,4.531694e-07,5.030538e-05,6.371102e-04
2118909952,28341050,25426919424,77599153,-6.395236e-02,-2.598601e-02,2.003868e-07,4.678389e-07,4.831670e-05,6.577341e-04
2119172096,28341681,25430065152,77608827,-6.393687e-02,-2.598861e-02,2.144876e-07,4.642861e-07,5.171666e-05,6.527391e-04
2119434240,28341682,25433210880,77618323,-6.394855e-02,-2.599929e-02,2.038098e-07,4.498577e-07,4.914206e-05,6.324542e-04
2119696384,28341918,25436356608,77627906,-6.393119e-02,-2.601766e-02,2.197855e-07,4.255514e-07,5.299407e-05,5.982821e-04
2119958528,28342929,25439502336,77637496,-6.392048e-02,-2.602405e-02,2.299388e-07,4.172520e-07,5.544221e-05,5.866140e-04
2120220672,28344010,25442648064,77647069,-6.392849e-02,-2.602116e-02,2.223217e-07,4.209974e-07,5.360558e-05,5.918797e-04
2120482816,28344860,25445793792,77656734,-6.393290e-02,-2.600840e-02,2.181887e-07,4.377101e-07,5.260904e-05,6.153760e-04
2120744960,28344892,25448939520,77666063,-6.394016e-02,-2.601518e-02,2.114550e-07,4.287848e-07,5.098544e-05,6.028280e-04
2121007104,28344939,25452085248,77675679,-6.395561e-02,-2.600955e-02,1.974824e-07,4.361981e-07,4.761640e-05,6.132503e-04
2121269248,28344998,25455230976,77685426,-6.398670e-02,-2.601948e-02,1.708219e-07,4.231708e-07,4.118810e-05,5.949352e-04
2121531392,28345072,25458376704,77695095,-6.398999e-02,-2.602051e-02,1.681106e-07,4.218366e-07,4.053436e-05,5.930594e-04
2121793536,28347365,25461522432,77704591,-6.399194e-02,-2.603202e-02,1.665137e-07,4.070187e-07,4.014931e-05,5.722270e-04
2122055680,28348316,25464668160,77714265,-6.400150e-02,-2.603736e-02,1.588036e-07,4.002333e-07,3.829029e-05,5.626875e-04
2122317824,28348467,25467813888,77723744,-6.398693e-02,-2.604778e-02,1.706310e-07,3.871558e-07,4.114208e-05,5.443018e-04
2122579968,28351920,25470959616,77733309,-6.397086e-02,-2.603808e-02,1.841663e-07,3.993171e-07,4.440566e-05,5.613993e-04
2122842112,28351994,25474105344,77742974,-6.396578e-02,-2.604374e-02,1.885533e-07,3.921951e-07,4.546346e-05,5.513865e-04
2123104256,28353875,25477251072,77752391,-6.397425e-02,-2.605393e-02,1.812681e-07,3.795467e-07,4.370688e-05,5.336041e-04
2123366400,28354247,25480396800,77762050,-6.397076e-02,-2.606197e-02,1.842494e-07,3.697036e-07,4.442571e-05,5.197658e-04
2123628544,28356916,25483542528,77771783,-6.397336e-02,-2.606454e-02,1.820239e-07,3.665754e-07,4.388910e-05,5.153677e-04
2123890688,28358872,25486688256,77781297,-6.395417e-02,-2.605296e-02,1.987625e-07,3.807388e-07,4.792505e-05,5.352800e-04
2124152832,28360147,25489833984,77790814,-6.395400e-02,-2.605734e-02,1.989219e-07,3.753561e-07,4.796351e-05,5.277126e-04
2124414976,28363957,25492979712,77800488,-6.396539e-02,-2.604499e-02,1.888900e-07,3.906336e-07,4.554462e-05,5.491912e-04
2124677120,28364576,25496125440,77810256,-6.394415e-02,-2.603859e-02,2.077982e-07,3.986817e-07,5.010372e-05,5.605061e-04
2124939264,28364740,25499271168,77819947,-6.395056e-02,-2.603414e-02,2.019976e-07,4.043209e-07,4.870509e-05,5.684342e-04
2125201408,28365901,25502416896,77829469,-6.394212e-02,-2.602828e-02,2.096567e-07,4.118098e-07,5.055185e-05,5.789628e-04
2125463552,28381800,25505562624,77839248,-6.394837e-02,-2.602939e-02,2.039713e-07,4.103815e-07,4.918100e-05,5.769547e-04
2125725696,28385996,25508708352,77849043,-6.394112e-02,-2.601213e-02,2.105720e-07,4.327874e-07,5.077254e-05,6.084551e-04
2125987840,28391188,25511854080,77858675,-6.394555e-02,-2.600960e-02,2.065299e-07,4.361268e-07,4.979792e-05,6.131501e-04
2126249984,28395578,25514999808,77868499,-6.394264e-02,-2.597617e-02,2.091794e-07,4.813997e-07,5.043676e-05,6.767992e-04
2126512128,28404046,25518145536,77878022,-6.394392e-02,-2.595141e-02,2.080156e-07,5.163768e-07,5.015615e-05,7.259733e-04
2126774272,28414100,25521291264,77887492,-6.394505e-02,-2.596314e-02,2.069839e-07,4.996496e-07,4.990738e-05,7.024566e-04
2127036416,28425912,25524436992,77896865,-6.395009e-02,-2.598494e-02,2.024197e-07,4.693103e-07,4.880687e-05,6.598026e-04
2127298560,28427747,25527582720,77906397,-6.395289e-02,-2.597317e-02,1.999068e-07,4.855649e-07,4.820096e-05,6.826550e-04
2127560704,28438178,25530728448,77916062,-6.393611e-02,-2.597515e-02,2.151921e-07,4.828171e-07,5.188652e-05,6.787919e-04
2127822848,28447883,25533874176,77925707,-6.393898e-02,-2.597918e-02,2.125390e-07,4.772370e-07,5.124683e-05,6.709468e-04
2128084992,28449782,25537019904,77935407,-6.392879e-02,-2.595894e-02,2.220407e-07,5.056078e-07,5.353784e-05,7.108333e-04
2128347136,28460655,25540165632,77945008,-6.391673e-02,-2.597327e-02,2.335542e-07,4.854377e-07,5.631394e-05,6.824762e-04
2128609280,28468442,25543311360,77954418,-6.390940e-02,-2.599070e-02,2.406868e-07,4.614449e-07,5.803373e-05,6.487447e-04
2128871424,28486765,25546457088,77963901,-6.392504e-02,-2.598625e-02,2.255866e-07,4.675128e-07,5.439283e-05,6.572756e-04
2129133568,28495601,25549602816,77973301,-6.389444e-02,-2.597511e-02,2.555976e-07,4.828767e-07,6.162898e-05,6.788757e-04
2129395712,28496909,25552748544,77983061,-6.390080e-02,-2.597946e-02,2.492044e-07,4.768485e-07,6.008748e-05,6.704006e-04
2129657856,28501366,25555894272,77992540,-6.388962e-02,-2.599593e-02,2.604950e-07,4.543764e-07,6.280984e-05,6.388073e-04
2129920000,28506936,25559040000,78002096,-6.389331e-02,-2.599880e-02,2.567364e-07,4.505075e-07,6.190357e-05,6.333679e-04
2130182144,28510602,25562185728,78011715,-6.390143e-02,-2.599918e-02,2.485725e-07,4.499926e-07,5.993512e-05,6.326440e-04
2130444288,28518525,25565331456,78021188,-6.390427e-02,-2.599383e-02,2.457500e-07,4.572033e-07,5.925457e-05,6.427815e-04
2130706432,28567885,25568477184,78030900,-6.388887e-02,-2.600733e-02,2.612561e-07,4.391309e-07,6.299334e-05,6.173736e-04
2130968576,28771535,25571622912,78040385,-6.388151e-02,-2.600626e-02,2.688354e-07,4.405540e-07,6.482083e-05,6.193742e-04
2131230720,28772372,25574768640,78050094,-6.389891e-02,-2.599001e-02,2.510974e-07,4.623817e-07,6.054392e-05,6.500618e-04
2131492864,28775546,25577914368,78059857,-6.389045e-02,-2.598325e-02,2.596439e-07,4.716304e-07,6.260462e-05,6.630645e-04
2131755008,28778586,25581060096,78069537,-6.389629e-02,-2.598151e-02,2.537252e-07,4.740178e-07,6.117751e-05,6.664210e-04
2132017152,28780292,25584205824,78078913,-6.389005e-02,-2.597849e-02,2.600465e-07,4.781922e-07,6.270169e-05,6.722898e-04
2132279296,28782286,25587351552,78088548,-6.389958e-02,-2.595717e-02,2.504184e-07,5.081195e-07,6.038020e-05,7.143644e-04
2132541440,28782857,25590497280,78098137,-6.389143e-02,-2.595958e-02,2.586426e-07,5.046917e-07,6.236319e-05,7.095454e-04
2132803584,28783178,25593643008,78107811,-6.387277e-02,-2.596449e-02,2.779745e-07,4.977396e-07,6.702445e-05,6.997715e-04
2133065728,28783262,25596788736,78117378,-6.389116e-02,-2.596825e-02,2.589231e-07,4.924500e-07,6.243082e-05,6.923347e-04
2133327872,28783323,25599934464,78126951,-6.388710e-02,-2.595963e-02,2.630720e-07,5.046256e-07,6.343119e-05,7.094523e-04
2133590016,28783778,25603080192,78136532,-6.387932e-02,-2.596117e-02,2.711116e-07,5.024341e-07,6.536968e-05,7.063714e-04
2133852160,28784047,25606225920,78146189,-6.389879e-02,-2.596943e-02,2.512169e-07,4.907966e-07,6.057273e-05,6.900103e-04
2134114304,28784082,25609371648,78155792,-6.389242e-02,-2.596245e-02,2.576433e-07,5.006296e-07,6.212222e-05,7.038345e-04
2134376448,28784416,25612517376,78165383,-6.388645e-02,-2.594107e-02,2.637373e-07,5.313381e-07,6.359161e-05,7.470075e-04
2134638592,28786034,25615663104,78175187,-6.388015e-02,-2.594159e-02,2.702434e-07,5.305753e-07,6.516033e-05,7.459350e-04
2134900736,28786754,25618808832,78184783,-6.388614e-02,-2.595091e-02,2.640512e-07,5.170891e-07,6.366728e-05,7.269748e-04
2135162880,28787346,25621954560,78194375,-6.389519e-02,-2.595479e-02,2.548373e-07,5.115268e-07,6.144566e-05,7.191548e-04
2135425024,28787553,25625100288,78203842,-6.391727e-02,-2.594958e-02,2.330288e-07,5.190062e-07,5.618725e-05,7.296700e-04
2135687168,28787692,25628246016,78213573,-6.390668e-02,-2.594292e-02,2.433625e-07,5.286396e-07,5.867889e-05,7.432137e-04
2135949312,28788416,25631391744,78223206,-6.391111e-02,-2.593826e-02,2.390156e-07,5.354382e-07,5.763077e-05,7.527718e-04
2136211456,28788771,25634537472,78232851,-6.390721e-02,-2.593795e-02,2.428482e-07,5.358935e-07,5.855488e-05,7.534120e-04
2136473600,28789399,25637683200,78242488,-6.390534e-02,-2.594712e-02,2.446875e-07,5.225548e-07,5.899836e-05,7.346591e-04
2136735744,28789667,25640828928,78252042,-6.388661e-02,-2.593658e-02,2.635767e-07,5.378971e-07,6.355286e-05,7.562287e-04
2136997888,28789826,25643974656,78261676,-6.388252e-02,-2.594651e-02,2.677856e-07,5.234412e-07,6.456773e-05,7.359053e-04
2137260032,28790955,25647120384,78271171,-6.389160e-02,-2.593968e-02,2.584759e-07,5.333630e-07,6.232300e-05,7.498544e-04
2137522176,28790966,25650266112,78280738,-6.389248e-02,-2.594085e-02,2.575752e-07,5.316531e-07,6.210581e-05,7.474504e-04
2137784320,28791105,25653411840,78290352,-6.387392e-02,-2.594497e-02,2.767581e-07,5.256725e-07,6.673115e-05,7.390422e-04
2138046464,28791507,25656557568,78300127,-6.387553e-02,-2.595053e-02,2.750674e-07,5.176330e-07,6.632350e-05,7.277395e-04
2138308608,28792685,25659703296,78309658,-6.390084e-02,-2.594523e-02,2.491598e-07,5.252917e-07,6.007672e-05,7.385070e-04
2138570752,28792743,25662849024,78319302,-6.389765e-02,-2.595287e-02,2.523535e-07,5.142801e-07,6.084677e-05,7.230258e-04
2138832896,28792873,25665994752,78328818,-6.389684e-02,-2.596359e-02,2.531700e-07,4.990099e-07,6.104365e-05,7.015573e-04
2139095040,28793494,25669140480,78338637,-6.389989e-02,-2.596190e-02,2.501128e-07,5.013995e-07,6.030650e-05,7.049169e-04
2139357184,28794597,25672286208,78348106,-6.391899e-02,-2.594902e-02,2.313701e-07,5.198116e-07,5.578732e-05,7.308025e-04
2139619328,28795492,25675431936,78357782,-6.392121e-02,-2.593770e-02,2.292391e-07,5.362590e-07,5.527350e-05,7.539258e-04
2139881472,28795591,25678577664,78367203,-6.392006e-02,-2.594180e-02,2.303463e-07,5.302768e-07,5.554046e-05,7.455155e-04
2140143616,28795640,25681723392,78376703,-6.392760e-02,-2.595526e-02,2.231656e-07,5.108529e-07,5.380907e-05,7.182074e-04
2140405760,28797996,25684869120,78386272,-6.391049e-02,-2.597280e-02,2.396206e-07,4.860816e-07,5.777666e-05,6.833815e-04
2140667904,28798561,25688014848,78395971,-6.391273e-02,-2.595589e-02,2.374301e-07,5.099534e-07,5.724848e-05,7.169428e-04
2140930048,28798711,25691160576,78405644,-6.389564e-02,-2.593665e-02,2.543786e-07,5.377960e-07,6.133506e-05,7.560866e-04
2141192192,28801578,25694306304,78415211,-6.389499e-02,-2.593695e-02,2.550404e-07,5.373590e-07,6.149463e-05,7.554722e-04
2141454336,28801683,25697452032,78425016,-6.390669e-02,-2.594822e-02,2.433551e-07,5.209591e-07,5.867711e-05,7.324157e-04
2141716480,28803105,25700597760,78434544,-6.389482e-02,-2.595470e-02,2.552060e-07,5.116520e-07,6.153456e-05,7.193309e-04
2141978624,28803406,25703743488,78444410,-6.389828e-02,-2.596565e-02,2.517251e-07,4.961115e-07,6.069525e-05,6.974824e-04
2142240768,28805813,25706889216,78453888,-6.391276e-02,-2.596157e-02,2.374010e-07,5.018719e-07,5.724148e-05,7.055809e-04
2142502912,28807737,25710034944,78463446,-6.390829e-02,-2.595626e-02,2.417846e-07,5.094215e-07,5.829843e-05,7.161949e-04
2142765056,28808728,25713180672,78473211,-6.390135e-02,-2.595995e-02,2.486543e-07,5.041705e-07,5.995483e-05,7.088126e-04
2143027200,28812085,25716326400,78482831,-6.390443e-02,-2.595591e-02,2.455876e-07,5.099188e-07,5.921539e-05,7.168941e-04
2143289344,28812277,25719472128,78492536,-6.392134e-02,-2.595918e-02,2.291178e-07,5.052609e-07,5.524425e-05,7.103455e-04
2143551488,28813210,25722617856,78502232,-6.390548e-02,-2.594264e-02,2.445548e-07,5.290541e-07,5.896638e-05,7.437964e-04
2143813632,28826876,25725763584,78511660,-6.391439e-02,-2.594173e-02,2.358209e-07,5.303718e-07,5.686048e-05,7.456489e-04
2144075776,28838710,25728909312,78521295,-6.391780e-02,-2.595023e-02,2.325184e-07,5.180754e-07,5.606419e-05,7.283614e-04
2144337920,28845808,25732055040,78531044,-6.391858e-02,-2.595315e-02,2.317717e-07,5.138715e-07,5.588415e-05,7.224512e-04
2144600064,28865080,25735200768,78540767,-6.391776e-02,-2.595165e-02,2.325615e-07,5.160261e-07,5.607458e-05,7.254804e-04
2144862208,28874497,25738346496,78550497,-6.393072e-02,-2.596142e-02,2.202258e-07,5.020883e-07,5.310024e-05,7.058852e-04
2145124352,28883478,25741492224,78560100,-6.393996e-02,-2.595931e-02,2.116401e-07,5.050782e-07,5.103007e-05,7.100887e-04
2145386496,28885481,25744637952,78569728,-6.395562e-02,-2.595939e-02,1.974757e-07,5.049670e-07,4.761481e-05,7.099324e-04
2145648640,28893503,25747783680,78579139,-6.396817e-02,-2.595737e-02,1.864820e-07,5.078460e-07,4.496402e-05,7.139799e-04
2145910784,28900374,25750929408,78588690,-6.397036e-02,-2.596656e-02,1.845886e-07,4.948213e-07,4.450749e-05,6.956686e-04
2146172928,28922721,25754075136,78598046,-6.396490e-02,-2.597257e-02,1.893112e-07,4.864115e-07,4.564617e-05,6.838453e-04
2146435072,28924346,25757220864,78607712,-6.396555e-02,-2.596678e-02,1.887475e-07,4.945122e-07,4.551027e-05,6.952340e-04
2146697216,28933608,25760366592,78617458,-6.397003e-02,-2.597043e-02,1.848768e-07,4.893961e-07,4.457698e-05,6.880413e-04
2146959360,28935764,25763512320,78626927,-6.398828e-02,-2.594699e-02,1.695126e-07,5.227380e-07,4.087241e-05,7.349165e-04
2147221504,28942624,25766658048,78636559,-6.398535e-02,-2.595537e-02,1.719385e-07,5.106932e-07,4.145732e-05,7.179829e-04
2147483648,28984062,25769803776,78646350,-6.400034e-02,-2.593993e-02,1.597313e-07,5.329986e-07,3.851398e-05,7.493419e-04
