trueR,trueI
-6.440000e-02,-2.667000e-02
n_samples,time,n_paths,n_NZero_paths,estimateR,estimateI,varianceR,varianceI,RvarianceR,RvarianceI
262144,461643,3145728,9612,-1.489990e-01,-1.058679e-01,7.156994e-03,6.272309e-03,1.725675e+00,8.818231e+00
524288,461723,6291456,19070,-1.623895e-01,-4.354056e-02,9.601936e-03,2.846157e-04,2.315192e+00,4.001408e-01
786432,461726,9437184,28482,-1.426877e-01,-4.733722e-02,6.128965e-03,4.271340e-04,1.477799e+00,6.005070e-01
1048576,461912,12582912,38423,-1.081892e-01,-2.520829e-02,1.917495e-03,2.136609e-06,4.623412e-01,3.003856e-03
1310720,461970,15728640,48048,-7.754851e-02,-2.259472e-02,1.728833e-04,1.660792e-05,4.168514e-02,2.334905e-02
1572864,462000,18874368,57569,-7.181975e-02,6.927632e-04,5.505269e-05,7.487207e-04,1.327415e-02,1.052625e+00
1835008,462055,22020096,67259,-8.422752e-02,1.236694e-02,3.931306e-04,1.523882e-03,9.479056e-02,2.142424e+00
2097152,462061,25165824,77025,-7.700894e-02,-5.957894e-03,1.589853e-04,4.289913e-04,3.833410e-02,6.031183e-01
2359296,462071,28311552,86481,-7.854883e-02,2.148249e-03,2.001892e-04,8.304915e-04,4.826907e-02,1.167587e+00
2621440,462084,31457280,96074,-7.899969e-02,3.248990e-03,2.131509e-04,8.951459e-04,5.139435e-02,1.258484e+00
2883584,462088,34603008,105700,-8.846672e-02,-5.958261e-04,5.792069e-04,6.798625e-04,1.396567e-01,9.558177e-01
3145728,462115,37748736,115025,-8.235231e-02,-2.038207e-03,3.222854e-04,6.067252e-04,7.770856e-02,8.529940e-01
3407872,462172,40894464,124515,-7.081454e-02,-6.153189e-03,4.114633e-05,4.209395e-04,9.921088e-03,5.917982e-01
3670016,462177,44040192,134039,-8.808316e-02,-2.426452e-03,5.608918e-04,5.877496e-04,1.352407e-01,8.263164e-01
3932160,462185,47185920,143755,-9.158538e-02,-1.790692e-03,7.390449e-04,6.189799e-04,1.781964e-01,8.702229e-01
4194304,462234,50331648,153342,-9.283343e-02,-3.243068e-03,8.084598e-04,5.488211e-04,1.949336e-01,7.715868e-01
4456448,462245,53477376,162871,-9.971607e-02,-4.278340e-04,1.247224e-03,6.886512e-04,3.007273e-01,9.681737e-01
4718592,462251,56623104,172589,-1.000042e-01,-5.487348e-03,1.267656e-03,4.487047e-04,3.056537e-01,6.308333e-01
4980736,462261,59768832,182448,-9.035171e-02,-1.381168e-02,6.734910e-04,1.653364e-04,1.623903e-01,2.324462e-01
5242880,462269,62914560,191899,-9.173822e-02,-4.879898e-03,7.473784e-04,4.748086e-04,1.802058e-01,6.675327e-01
5505024,462270,66060288,201727,-8.448419e-02,-6.811261e-04,4.033746e-04,6.754215e-04,9.726056e-02,9.495742e-01
5767168,462279,69206016,211549,-8.599122e-02,-5.881049e-03,4.661806e-04,4.321805e-04,1.124042e-01,6.076019e-01
6029312,462293,72351744,221394,-8.461402e-02,-7.571571e-03,4.086063e-04,3.647500e-04,9.852204e-02,5.128015e-01
6291456,462294,75497472,231026,-8.762386e-02,-1.018509e-02,5.393474e-04,2.717522e-04,1.300460e-01,3.820561e-01
6553600,462299,78643200,240623,-8.380943e-02,-2.004418e-02,3.767258e-04,4.390151e-05,9.083508e-02,6.172108e-02
6815744,462298,81788928,250238,-8.087672e-02,-1.969619e-02,2.714823e-04,4.863396e-05,6.545907e-02,6.837441e-02
7077888,462303,84934656,259770,-7.437389e-02,-2.015506e-02,9.947850e-05,4.244450e-05,2.398598e-02,5.967266e-02
7340032,462313,88080384,269636,-7.888628e-02,-2.372079e-02,2.098522e-04,8.697828e-06,5.059898e-02,1.222826e-02
7602176,462320,91226112,279160,-7.728795e-02,-2.173115e-02,1.660992e-04,2.439224e-05,4.004937e-02,3.429301e-02
7864320,462330,94371840,288769,-8.138413e-02,-1.736476e-02,2.884606e-04,8.658747e-05,6.955282e-02,1.217332e-01
8126464,462371,97517568,298267,-8.285902e-02,-1.711843e-02,3.407352e-04,9.123252e-05,8.215714e-02,1.282637e-01
8388608,462389,100663296,307671,-8.075169e-02,-1.249660e-02,2.673779e-04,2.008852e-04,6.446940e-02,2.824242e-01
8650752,462395,103809024,317100,-8.418182e-02,-1.549327e-02,3.913201e-04,1.249193e-04,9.435402e-02,1.756239e-01
8912896,462423,106954752,326695,-8.669806e-02,-1.914231e-02,4.972035e-04,5.666607e-05,1.198843e-01,7.966674e-02
9175040,462438,110100480,336348,-8.752221e-02,-2.093368e-02,5.346364e-04,3.290538e-05,1.289101e-01,4.626163e-02
9437184,462440,113246208,345823,-8.693438e-02,-2.617252e-02,5.077982e-04,2.474872e-07,1.224389e-01,3.479419e-04
9699328,462442,116391936,355545,-8.731990e-02,-2.517529e-02,5.253219e-04,2.234162e-06,1.266641e-01,3.141005e-03
9961472,462443,119537664,365357,-8.916352e-02,-2.930336e-02,6.132318e-04,6.934601e-06,1.478607e-01,9.749345e-03
10223616,462446,122683392,374986,-8.989073e-02,-2.872382e-02,6.497770e-04,4.218198e-06,1.566724e-01,5.930359e-03
10485760,462494,125829120,384749,-9.296177e-02,-2.798270e-02,8.157748e-04,1.723169e-06,1.966973e-01,2.422601e-03
10747904,462566,128974848,394343,-9.438976e-02,-2.812944e-02,8.993855e-04,2.129960e-06,2.168573e-01,2.994508e-03
11010048,462579,132120576,404209,-9.408168e-02,-2.559179e-02,8.810018e-04,1.162530e-06,2.124247e-01,1.634400e-03
11272192,462594,135266304,413678,-9.656612e-02,-2.283892e-02,1.034659e-03,1.467715e-05,2.494741e-01,2.063459e-02
11534336,462596,138412032,423089,-9.451251e-02,-2.344972e-02,9.067630e-04,1.037021e-05,2.186362e-01,1.457946e-02
11796480,462603,141557760,432662,-9.462428e-02,-2.207313e-02,9.135070e-04,2.113117e-05,2.202623e-01,2.970827e-02
12058624,462624,144703488,442257,-9.585576e-02,-2.151074e-02,9.894646e-04,2.661795e-05,2.385769e-01,3.742214e-02
12320768,462649,147849216,452039,-9.498744e-02,-1.993991e-02,9.355912e-04,4.529405e-05,2.255871e-01,6.367884e-02
12582912,462652,150994944,461666,-9.342715e-02,-1.974773e-02,8.425754e-04,4.791786e-05,2.031594e-01,6.736766e-02
12845056,462666,154140672,471052,-9.121394e-02,-2.015178e-02,7.189873e-04,4.248715e-05,1.733602e-01,5.973262e-02
13107200,462689,157286400,480699,-8.756687e-02,-1.805929e-02,5.367040e-04,7.414434e-05,1.294086e-01,1.042394e-01
13369344,462739,160432128,490432,-9.009419e-02,-1.690097e-02,6.601915e-04,9.543402e-05,1.591835e-01,1.341705e-01
13631488,462738,163577856,500041,-8.994579e-02,-1.595531e-02,6.525870e-04,1.148046e-04,1.573500e-01,1.614036e-01
13893632,462764,166723584,509729,-8.849645e-02,-1.730224e-02,5.806390e-04,8.775497e-05,1.400021e-01,1.233746e-01
14155776,462798,169869312,519433,-8.672211e-02,-1.940595e-02,4.982763e-04,5.276645e-05,1.201430e-01,7.418427e-02
14417920,462989,173015040,529085,-8.436857e-02,-1.875001e-02,3.987438e-04,6.272629e-05,9.614398e-02,8.818680e-02
14680064,462989,176160768,538756,-8.310749e-02,-1.811862e-02,3.499700e-04,7.312603e-05,8.438379e-02,1.028078e-01
14942208,463063,179306496,548252,-8.527010e-02,-1.721700e-02,4.355609e-04,8.935929e-05,1.050213e-01,1.256301e-01
15204352,463124,182452224,557725,-8.650160e-02,-1.708168e-02,4.884806e-04,9.193581e-05,1.177811e-01,1.292524e-01
15466496,463158,185597952,567505,-8.470992e-02,-1.772738e-02,4.124928e-04,7.997050e-05,9.945912e-02,1.124304e-01
15728640,463442,188743680,577098,-8.196715e-02,-1.864931e-02,3.086045e-04,6.433152e-05,7.440986e-02,9.044360e-02
15990784,463478,191889408,586705,-8.225566e-02,-1.720759e-02,3.188246e-04,8.953714e-05,7.687408e-02,1.258801e-01
16252928,463894,195035136,596214,-8.323070e-02,-1.739047e-02,3.545953e-04,8.610976e-05,8.549903e-02,1.210616e-01
16515072,468792,198180864,605730,-8.298548e-02,-1.750140e-02,3.454198e-04,8.406331e-05,8.328667e-02,1.181845e-01
16777216,468893,201326592,615223,-8.543793e-02,-1.827800e-02,4.425944e-04,7.042573e-05,1.067171e-01,9.901145e-02
17039360,468955,204472320,624707,-8.434714e-02,-1.826678e-02,3.978884e-04,7.061409e-05,9.593777e-02,9.927624e-02
17301504,468968,207618048,634364,-8.372086e-02,-2.057220e-02,3.732957e-04,3.718313e-05,9.000802e-02,5.227571e-02
17563648,468979,210763776,643757,-8.343931e-02,-2.040447e-02,3.624953e-04,3.925687e-05,8.740387e-02,5.519118e-02
17825792,468987,213909504,653240,-8.356357e-02,-1.908557e-02,3.672425e-04,5.752361e-05,8.854848e-02,8.087236e-02
18087936,468994,217055232,662844,-8.293515e-02,-2.074385e-02,3.435516e-04,3.511931e-05,8.283621e-02,4.937419e-02
18350080,469019,220200960,672462,-8.270105e-02,-2.183663e-02,3.349283e-04,2.336151e-05,8.075699e-02,3.284391e-02
18612224,469031,223346688,681917,-8.205198e-02,-2.399935e-02,3.115922e-04,7.132378e-06,7.513025e-02,1.002740e-02
18874368,469147,226492416,691687,-8.226991e-02,-2.438889e-02,3.193335e-04,5.203449e-06,7.699681e-02,7.315522e-03
19136512,469148,229638144,701062,-8.250766e-02,-2.545210e-02,3.278874e-04,1.483271e-06,7.905929e-02,2.085329e-03
19398656,469147,232783872,710725,-8.246326e-02,-2.612887e-02,3.262812e-04,2.928197e-07,7.867201e-02,4.116749e-04
19660800,469151,235929600,720214,-8.235546e-02,-2.661553e-02,3.223985e-04,2.966502e-09,7.773584e-02,4.170602e-06
19922944,469171,239075328,729975,-8.122701e-02,-2.668635e-02,2.831483e-04,2.673323e-10,6.827193e-02,3.758421e-07
20185088,469177,242221056,739718,-8.022975e-02,-2.826350e-02,2.505810e-04,2.539238e-06,6.041938e-02,3.569911e-03
20447232,469188,245366784,749414,-7.971457e-02,-2.866014e-02,2.345359e-04,3.960648e-06,5.655064e-02,5.568269e-03
20709376,469195,248512512,758992,-8.132181e-02,-2.752400e-02,2.863474e-04,7.293136e-07,6.904329e-02,1.025341e-03
20971520,469195,251658240,768460,-8.043940e-02,-2.880760e-02,2.572624e-04,4.569340e-06,6.203040e-02,6.424027e-03
21233664,469200,254803968,778201,-8.123170e-02,-2.875749e-02,2.833060e-04,4.357617e-06,6.830995e-02,6.126367e-03
21495808,469204,257949696,787783,-8.122973e-02,-2.795169e-02,2.832398e-04,1.642729e-06,6.829400e-02,2.309510e-03
21757952,469207,261095424,797526,-8.076192e-02,-2.777812e-02,2.677125e-04,1.227941e-06,6.455009e-02,1.726360e-03
22020096,469223,264241152,807270,-8.236442e-02,-2.676026e-02,3.227202e-04,8.146878e-09,7.781340e-02,1.145368e-05
22282240,469236,267386880,817001,-8.345066e-02,-2.745762e-02,3.629276e-04,6.203386e-07,8.750807e-02,8.721331e-04
22544384,469241,270532608,826715,-8.243059e-02,-2.747761e-02,3.251022e-04,6.522300e-07,7.838775e-02,9.169692e-04
22806528,469254,273678336,836290,-8.025514e-02,-2.945853e-02,2.513855e-04,7.775903e-06,6.061338e-02,1.093213e-02
23068672,469255,276824064,845831,-8.032335e-02,-2.868149e-02,2.535531e-04,4.046081e-06,6.113602e-02,5.688380e-03
23330816,469260,279969792,855412,-8.121707e-02,-2.701699e-02,2.828136e-04,1.204036e-07,6.819123e-02,1.692752e-04
23592960,469279,283115520,865169,-8.125439e-02,-2.699765e-02,2.840705e-04,1.073524e-07,6.849428e-02,1.509266e-04
23855104,469281,286261248,874919,-8.211014e-02,-2.639758e-02,3.136491e-04,7.421227e-08,7.562620e-02,1.043349e-04
24117248,469285,289406976,884685,-8.283540e-02,-2.846912e-02,3.398638e-04,3.236818e-06,8.194703e-02,4.550638e-03
24379392,469283,292552704,894135,-8.160498e-02,-2.716312e-02,2.960112e-04,2.431696e-07,7.137341e-02,3.418718e-04
24641536,469285,295698432,903646,-8.088073e-02,-2.698740e-02,2.716144e-04,1.007453e-07,6.549091e-02,1.416377e-04
24903680,469286,298844160,913443,-8.059300e-02,-2.691557e-02,2.622131e-04,6.030610e-08,6.322409e-02,8.478425e-05
25165824,469300,301989888,922993,-7.990377e-02,-2.611909e-02,2.403669e-04,3.035007e-07,5.795661e-02,4.266911e-04
25427968,469303,305135616,932540,-7.819885e-02,-2.577535e-02,1.904082e-04,8.004067e-07,4.591070e-02,1.125291e-03
25690112,469315,308281344,942151,-7.819645e-02,-2.527886e-02,1.903420e-04,1.935262e-06,4.589473e-02,2.720783e-03
25952256,469343,311427072,951681,-7.874587e-02,-2.596131e-02,2.058040e-04,5.022414e-07,4.962288e-02,7.061004e-04
26214400,469353,314572800,961403,-7.685935e-02,-2.590968e-02,1.552355e-04,5.780817e-07,3.742994e-02,8.127242e-04
26476544,469364,317718528,971004,-7.783315e-02,-2.687540e-02,1.804494e-04,4.219124e-08,4.350945e-02,5.931660e-05
26738688,469366,320864256,980598,-7.794900e-02,-2.658819e-02,1.835754e-04,6.692751e-09,4.426320e-02,9.409329e-06
27000832,469368,324009984,990226,-7.920027e-02,-2.612515e-02,2.190479e-04,2.968593e-07,5.281621e-02,4.173540e-04
27262976,469385,327155712,999809,-7.936688e-02,-2.592672e-02,2.240074e-04,5.524668e-07,5.401203e-02,7.767123e-04
27525120,469395,330301440,1009453,-7.845974e-02,-2.529423e-02,1.976762e-04,1.892728e-06,4.766314e-02,2.660984e-03
27787264,469415,333447168,1019024,-7.840408e-02,-2.547093e-02,1.961141e-04,1.437770e-06,4.728648e-02,2.021358e-03
28049408,469420,336592896,1028725,-7.708529e-02,-2.432217e-02,1.609164e-04,5.512318e-06,3.879972e-02,7.749759e-03
28311552,469430,339738624,1038305,-7.740171e-02,-2.568565e-02,1.690443e-04,9.689417e-07,4.075949e-02,1.362234e-03
28573696,469461,342884352,1047691,-7.759216e-02,-2.463037e-02,1.740331e-04,4.160098e-06,4.196239e-02,5.848676e-03
28835840,469475,346030080,1057351,-7.664826e-02,-2.504677e-02,1.500198e-04,2.634864e-06,3.617235e-02,3.704351e-03
29097984,469493,349175808,1066948,-7.493395e-02,-2.542134e-02,1.109641e-04,1.559155e-06,2.675536e-02,2.192014e-03
29360128,469530,352321536,1076575,-7.451844e-02,-2.541396e-02,1.023828e-04,1.577626e-06,2.468626e-02,2.217981e-03
29622272,469531,355467264,1086220,-7.455827e-02,-2.444466e-02,1.031905e-04,4.952144e-06,2.488100e-02,6.962212e-03
29884416,469532,358612992,1095786,-7.507229e-02,-2.454388e-02,1.138977e-04,4.520402e-06,2.746269e-02,6.355227e-03
30146560,469532,361758720,1105356,-7.619378e-02,-2.515071e-02,1.390932e-04,2.308239e-06,3.353776e-02,3.245149e-03
30408704,469540,364904448,1115044,-7.603502e-02,-2.474949e-02,1.353735e-04,3.688359e-06,3.264089e-02,5.185459e-03
30670848,469546,368050176,1124404,-7.545005e-02,-2.498158e-02,1.221035e-04,2.850777e-06,2.944126e-02,4.007904e-03
30932992,469548,371195904,1134097,-7.358166e-02,-2.489929e-02,8.430280e-05,3.135429e-06,2.032686e-02,4.408095e-03
31195136,469556,374341632,1143761,-7.288439e-02,-2.454109e-02,7.198480e-05,4.532275e-06,1.735678e-02,6.371919e-03
31457280,469604,377487360,1153417,-7.235991e-02,-2.366070e-02,6.336016e-05,9.055868e-06,1.527723e-02,1.273163e-02
31719424,469647,380633088,1163033,-7.307403e-02,-2.299606e-02,7.523872e-05,1.349780e-05,1.814135e-02,1.897654e-02
31981568,469775,383778816,1172578,-7.264923e-02,-2.301249e-02,6.804968e-05,1.337738e-05,1.640795e-02,1.880724e-02
32243712,469812,386924544,1181860,-7.296032e-02,-2.243986e-02,7.327899e-05,1.789405e-05,1.766883e-02,2.515722e-02
32505856,469989,390070272,1191637,-7.382990e-02,-2.330065e-02,8.892290e-05,1.135254e-05,2.144085e-02,1.596053e-02
32768000,472962,393216000,1201080,-7.411535e-02,-2.254146e-02,9.438799e-05,1.704481e-05,2.275857e-02,2.396327e-02
33030144,473311,396361728,1210547,-7.348651e-02,-2.384354e-02,8.256456e-05,7.988885e-06,1.990774e-02,1.123156e-02
33292288,552597,399507456,1220293,-7.384026e-02,-2.438298e-02,8.911848e-05,5.230448e-06,2.148800e-02,7.353479e-03
33554432,554116,402653184,1229894,-7.416005e-02,-2.395172e-02,9.525847e-05,7.389062e-06,2.296846e-02,1.038827e-02
33816576,908895,405798912,1239409,-7.385908e-02,-2.281230e-02,8.947416e-05,1.488184e-05,2.157376e-02,2.092235e-02
34078720,908975,408944640,1249110,-7.393598e-02,-2.193689e-02,9.093483e-05,2.240229e-05,2.192595e-02,3.149535e-02
34340864,909004,412090368,1258799,-7.447533e-02,-2.165256e-02,1.015123e-04,2.517469e-05,2.447636e-02,3.539306e-02
34603008,909233,415236096,1268665,-7.528440e-02,-2.212974e-02,1.184701e-04,2.061394e-05,2.856518e-02,2.898110e-02
34865152,909282,418381824,1278259,-7.521323e-02,-2.152301e-02,1.169259e-04,2.649154e-05,2.819285e-02,3.724442e-02
35127296,909317,421527552,1287671,-7.390247e-02,-2.121452e-02,9.029680e-05,2.976223e-05,2.177212e-02,4.184268e-02
35389440,909387,424673280,1297252,-7.413447e-02,-2.099741e-02,9.475984e-05,3.217833e-05,2.284823e-02,4.523947e-02
35651584,909405,427819008,1306862,-7.377330e-02,-2.187091e-02,8.785875e-05,2.303130e-05,2.118426e-02,3.237968e-02
35913728,909406,430964736,1316543,-7.294720e-02,-2.230510e-02,7.305453e-05,1.905232e-05,1.761471e-02,2.678563e-02
36175872,909464,434110464,1326108,-7.345396e-02,-2.334967e-02,8.197407e-05,1.102456e-05,1.976536e-02,1.549941e-02
36438016,909564,437256192,1335699,-7.377083e-02,-2.336307e-02,8.781238e-05,1.093576e-05,2.117308e-02,1.537456e-02
36700160,909576,440401920,1345529,-7.289129e-02,-2.353555e-02,7.210192e-05,9.824753e-06,1.738502e-02,1.381261e-02
36962304,909576,443547648,1355333,-7.249971e-02,-2.489014e-02,6.560522e-05,3.167908e-06,1.581855e-02,4.453757e-03
37224448,909577,446693376,1365011,-7.415795e-02,-2.600524e-02,9.521746e-05,4.419001e-07,2.295857e-02,6.212668e-04
37486592,909578,449839104,1374792,-7.350781e-02,-2.703217e-02,8.295212e-05,1.311650e-07,2.000119e-02,1.844047e-04
37748736,909606,452984832,1384586,-7.259621e-02,-2.672391e-02,6.717790e-05,2.906346e-09,1.619775e-02,4.086028e-06
38010880,909608,456130560,1394208,-7.188236e-02,-2.617747e-02,5.598567e-05,2.425876e-07,1.349911e-02,3.410535e-04
38273024,909626,459276288,1403884,-7.147972e-02,-2.657219e-02,5.012234e-05,9.566671e-09,1.208536e-02,1.344977e-05
38535168,909635,462422016,1413501,-7.182612e-02,-2.646332e-02,5.514726e-05,4.271779e-08,1.329695e-02,6.005688e-05
38797312,909654,465567744,1422991,-7.296401e-02,-2.549568e-02,7.334215e-05,1.379018e-06,1.768405e-02,1.938759e-03
39059456,909665,468713472,1432691,-7.206580e-02,-2.491120e-02,5.876446e-05,3.093393e-06,1.416912e-02,4.348997e-03
39321600,909686,471859200,1442276,-7.119361e-02,-2.618270e-02,4.615315e-05,2.374609e-07,1.112832e-02,3.338460e-04
39583744,909712,475004928,1451796,-7.100192e-02,-2.596088e-02,4.358538e-05,5.028514e-07,1.050919e-02,7.069581e-04
39845888,909738,478150656,1461268,-6.955221e-02,-2.617769e-02,2.654527e-05,2.423729e-07,6.400523e-03,3.407518e-04
40108032,909754,481296384,1470638,-6.997350e-02,-2.568472e-02,3.106386e-05,9.707760e-07,7.490031e-03,1.364813e-03
40370176,909765,484442112,1480072,-6.964284e-02,-2.574163e-02,2.748737e-05,8.618749e-07,6.627677e-03,1.211709e-03
40632320,909789,487587840,1489911,-6.914552e-02,-2.628415e-02,2.251997e-05,1.488807e-07,5.429952e-03,2.093112e-04
40894464,909815,490733568,1499785,-6.882834e-02,-2.589300e-02,1.961015e-05,6.037241e-07,4.728344e-03,8.487749e-04
41156608,909831,493879296,1509445,-6.839292e-02,-2.444549e-02,1.594343e-05,4.948431e-06,3.844236e-03,6.956991e-03
41418752,909893,497025024,1519066,-6.781702e-02,-2.334474e-02,1.167604e-05,1.105732e-05,2.815295e-03,1.554548e-02
41680896,909902,500170752,1528588,-6.776740e-02,-2.391766e-02,1.133939e-05,7.575383e-06,2.734123e-03,1.065022e-02
41943040,909905,503316480,1538222,-6.749215e-02,-2.404021e-02,9.561376e-06,6.915817e-06,2.305412e-03,9.722937e-03
42205184,909928,506462208,1547738,-6.698008e-02,-2.513515e-02,6.656795e-06,2.355763e-06,1.605068e-03,3.311963e-03
42467328,910012,509607936,1557334,-6.616296e-02,-2.604080e-02,3.108015e-06,3.958922e-07,7.493960e-04,5.565843e-04
42729472,910018,512753664,1567015,-6.726045e-02,-2.725028e-02,8.182170e-06,3.367239e-07,1.972862e-03,4.733997e-04
42991616,910029,515899392,1576670,-6.643751e-02,-2.825823e-02,4.151448e-06,2.522484e-06,1.000986e-03,3.546356e-03
43253760,910031,519045120,1586340,-6.660231e-02,-2.848022e-02,4.850168e-06,3.276887e-06,1.169459e-03,4.606970e-03
43515904,910034,522190848,1595958,-6.625661e-02,-2.843638e-02,3.447001e-06,3.120098e-06,8.311314e-04,4.386541e-03
43778048,910072,525336576,1605562,-6.603416e-02,-2.813231e-02,2.670473e-06,2.138363e-06,6.438970e-04,3.006322e-03
44040192,910072,528482304,1615191,-6.587033e-02,-2.791607e-02,2.161863e-06,1.552696e-06,5.212623e-04,2.182933e-03
44302336,910075,531628032,1624654,-6.557160e-02,-2.785368e-02,1.372638e-06,1.401092e-06,3.309666e-04,1.969794e-03
44564480,910079,534773760,1634519,-6.588437e-02,-2.884386e-02,2.203359e-06,4.725658e-06,5.312680e-04,6.643795e-03
44826624,910111,537919488,1644152,-6.660732e-02,-2.957596e-02,4.872246e-06,8.444610e-06,1.174782e-03,1.187226e-02
45088768,910122,541065216,1653639,-6.739791e-02,-2.910652e-02,8.987479e-06,5.936614e-06,2.167036e-03,8.346277e-03
45350912,910188,544210944,1663312,-6.699263e-02,-2.905248e-02,6.721734e-06,5.676236e-06,1.620726e-03,7.980212e-03
45613056,910191,547356672,1672925,-6.744756e-02,-2.962562e-02,9.287595e-06,8.735696e-06,2.239399e-03,1.228150e-02
45875200,910198,550502400,1682604,-6.728711e-02,-2.950282e-02,8.335389e-06,8.024873e-06,2.009806e-03,1.128216e-02
46137344,910239,553648128,1692134,-6.715336e-02,-2.946600e-02,7.581003e-06,7.817636e-06,1.827910e-03,1.099080e-02
46399488,910239,556793856,1701764,-6.682415e-02,-3.024093e-02,5.876470e-06,1.275152e-05,1.416918e-03,1.792735e-02
46661632,910252,559939584,1711432,-6.721992e-02,-3.003738e-02,7.951938e-06,1.133923e-05,1.917349e-03,1.594181e-02
46923776,910253,563085312,1720907,-6.684051e-02,-2.977142e-02,5.956100e-06,9.618792e-06,1.436118e-03,1.352305e-02
47185920,910335,566231040,1730538,-6.646323e-02,-2.963739e-02,4.256917e-06,8.805388e-06,1.026416e-03,1.237948e-02
47448064,910341,569376768,1740176,-6.661727e-02,-3.010130e-02,4.916255e-06,1.177379e-05,1.185394e-03,1.655276e-02
47710208,910351,572522496,1749706,-6.590567e-02,-2.995207e-02,2.267029e-06,1.077201e-05,5.466196e-04,1.514435e-02
47972352,910487,575668224,1759174,-6.666695e-02,-2.976417e-02,5.139067e-06,9.573901e-06,1.239117e-03,1.345993e-02
48234496,910499,578813952,1768794,-6.647746e-02,-2.998266e-02,4.315810e-06,1.097369e-05,1.040616e-03,1.542790e-02
48496640,910569,581959680,1778445,-6.649154e-02,-3.008873e-02,4.374548e-06,1.168769e-05,1.054779e-03,1.643171e-02
48758784,910609,585105408,1787978,-6.637099e-02,-3.050746e-02,3.884778e-06,1.472613e-05,9.366869e-04,2.070345e-02
49020928,910795,588251136,1797599,-6.631055e-02,-3.117592e-02,3.650182e-06,2.030328e-05,8.801217e-04,2.854435e-02
49283072,911832,591396864,1807051,-6.649948e-02,-3.134539e-02,4.407803e-06,2.185927e-05,1.062797e-03,3.073192e-02
49545216,911907,594542592,1816789,-6.644915e-02,-3.146958e-02,4.199008e-06,2.303601e-05,1.012453e-03,3.238629e-02
49807360,912111,597688320,1826401,-6.684922e-02,-3.085516e-02,5.998651e-06,1.751555e-05,1.446378e-03,2.462509e-02
50069504,921802,600834048,1836071,-6.709749e-02,-3.135764e-02,7.276453e-06,2.197399e-05,1.754478e-03,3.089321e-02
50331648,921908,603979776,1845617,-6.685187e-02,-3.113672e-02,6.011651e-06,1.995157e-05,1.449513e-03,2.804988e-02
50593792,922077,607125504,1855175,-6.652498e-02,-3.099358e-02,4.515540e-06,1.869334e-05,1.088775e-03,2.628094e-02
50855936,922105,610271232,1864822,-6.675065e-02,-3.017721e-02,5.525559e-06,1.230050e-05,1.332307e-03,1.729325e-02
51118080,922107,613416960,1874320,-6.727139e-02,-3.071413e-02,8.244861e-06,1.635499e-05,1.987978e-03,2.299346e-02
51380224,922119,616562688,1883959,-6.765562e-02,-3.159117e-02,1.059902e-05,2.421791e-05,2.555605e-03,3.404793e-02
51642368,922126,619708416,1893538,-6.777494e-02,-3.147038e-02,1.139023e-05,2.304366e-05,2.746381e-03,3.239705e-02
51904512,922132,622854144,1903093,-6.807373e-02,-3.089111e-02,1.349625e-05,1.781778e-05,3.254179e-03,2.504999e-02
52166656,922139,625999872,1912585,-6.752831e-02,-3.132510e-02,9.786339e-06,2.166994e-05,2.359655e-03,3.046574e-02
52428800,922163,629145600,1922300,-6.716602e-02,-3.127984e-02,7.650829e-06,2.125062e-05,1.844747e-03,2.987622e-02
52690944,922187,632291328,1931884,-6.730389e-02,-3.150736e-02,8.432555e-06,2.340007e-05,2.033234e-03,3.289813e-02
52953088,922196,635437056,1941649,-6.714900e-02,-3.113811e-02,7.556979e-06,1.996400e-05,1.822118e-03,2.806736e-02
53215232,922208,638582784,1951124,-6.736045e-02,-3.081806e-02,8.764270e-06,1.720640e-05,2.113216e-03,2.419046e-02
53477376,922236,641728512,1960509,-6.602595e-02,-3.125637e-02,2.643706e-06,2.103476e-05,6.374430e-04,2.957274e-02
53739520,922245,644874240,1970222,-6.553098e-02,-3.133870e-02,1.279106e-06,2.179679e-05,3.084145e-04,3.064407e-02
54001664,922268,648019968,1979491,-6.579573e-02,-3.067047e-02,1.948047e-06,1.600375e-05,4.697078e-04,2.249964e-02
54263808,922285,651165696,1989161,-6.538966e-02,-3.109653e-02,9.794281e-07,1.959420e-05,2.361570e-04,2.754745e-02
54525952,922313,654311424,1998810,-6.594625e-02,-3.137179e-02,2.390885e-06,2.210684e-05,5.764836e-04,3.107998e-02
54788096,922322,657457152,2008339,-6.646734e-02,-3.091792e-02,4.273874e-06,1.804483e-05,1.030505e-03,2.536920e-02
55050240,922327,660602880,2017933,-6.632435e-02,-3.009282e-02,3.703097e-06,1.171570e-05,8.928807e-04,1.647109e-02
55312384,922353,663748608,2027540,-6.655471e-02,-3.038343e-02,4.642766e-06,1.378955e-05,1.119451e-03,1.938671e-02
55574528,922371,666894336,2037328,-6.649019e-02,-3.046410e-02,4.368877e-06,1.439518e-05,1.053412e-03,2.023817e-02
55836672,922389,670040064,2046915,-6.599410e-02,-2.980746e-02,2.541143e-06,9.843679e-06,6.127135e-04,1.383921e-02
56098816,922398,673185792,2056287,-6.654456e-02,-3.029973e-02,4.599106e-06,1.317495e-05,1.108924e-03,1.852264e-02
56360960,922408,676331520,2065995,-6.728275e-02,-3.030577e-02,8.310240e-06,1.321879e-05,2.003742e-03,1.858428e-02
56623104,922442,679477248,2075557,-6.658126e-02,-2.953498e-02,4.757871e-06,8.208084e-06,1.147204e-03,1.153973e-02
56885248,922456,682622976,2085311,-6.640507e-02,-2.981432e-02,4.020278e-06,9.886749e-06,9.693582e-04,1.389977e-02
57147392,922461,685768704,2094708,-6.652371e-02,-3.035301e-02,4.510127e-06,1.356456e-05,1.087470e-03,1.907040e-02
57409536,922465,688914432,2104398,-6.696052e-02,-2.992116e-02,6.556256e-06,1.057005e-05,1.580826e-03,1.486042e-02
57671680,922468,692060160,2113864,-6.664272e-02,-3.012665e-02,5.029800e-06,1.194843e-05,1.212771e-03,1.679828e-02
57933824,922488,695205888,2123305,-6.611228e-02,-3.026129e-02,2.931894e-06,1.289734e-05,7.069302e-04,1.813235e-02
58195968,922508,698351616,2132834,-6.637510e-02,-3.021920e-02,3.901007e-06,1.259679e-05,9.406000e-04,1.770981e-02
58458112,922516,701497344,2142340,-6.659976e-02,-3.045923e-02,4.838918e-06,1.435830e-05,1.166746e-03,2.018631e-02
58720256,922554,704643072,2151898,-6.715494e-02,-3.057480e-02,7.589703e-06,1.524748e-05,1.830008e-03,2.143642e-02
58982400,922578,707788800,2161743,-6.655257e-02,-3.044844e-02,4.633556e-06,1.427664e-05,1.117230e-03,2.007151e-02
59244544,922589,710934528,2171299,-6.699432e-02,-3.078785e-02,6.730468e-06,1.695672e-05,1.622832e-03,2.383943e-02
59506688,922594,714080256,2181086,-6.692401e-02,-3.107108e-02,6.370631e-06,1.936948e-05,1.536069e-03,2.723152e-02
59768832,922599,717225984,2190926,-6.707866e-02,-3.042003e-02,7.175233e-06,1.406275e-05,1.730072e-03,1.977080e-02
60030976,922600,720371712,2200595,-6.645779e-02,-2.977067e-02,4.234472e-06,9.614148e-06,1.021004e-03,1.351652e-02
60293120,922600,723517440,2210275,-6.693503e-02,-2.935886e-02,6.426340e-06,7.229951e-06,1.549502e-03,1.016458e-02
60555264,922605,726663168,2220051,-6.703497e-02,-2.945253e-02,6.943040e-06,7.742458e-06,1.674086e-03,1.088511e-02
60817408,922630,729808896,2229611,-6.721867e-02,-2.934209e-02,7.944880e-06,7.140081e-06,1.915648e-03,1.003823e-02
61079552,922630,732954624,2239301,-6.731913e-02,-2.930511e-02,8.521321e-06,6.943806e-06,2.054637e-03,9.762286e-03
61341696,922676,736100352,2248934,-6.730077e-02,-2.858283e-02,8.414477e-06,3.658906e-06,2.028876e-03,5.144051e-03
61603840,922688,739246080,2258638,-6.775995e-02,-2.868106e-02,1.128927e-05,4.044350e-06,2.722038e-03,5.685946e-03
61865984,922700,742391808,2268467,-6.709104e-02,-2.878460e-02,7.241685e-06,4.471516e-06,1.746095e-03,6.286497e-03
62128128,922709,745537536,2278039,-6.644077e-02,-2.843981e-02,4.164727e-06,3.132237e-06,1.004187e-03,4.403607e-03
62390272,922736,748683264,2287411,-6.642067e-02,-2.841925e-02,4.083085e-06,3.059873e-06,9.845020e-04,4.301870e-03
62652416,922791,751828992,2296926,-6.607956e-02,-2.848892e-02,2.820929e-06,3.308455e-06,6.801745e-04,4.651352e-03
62914560,922794,754974720,2306697,-6.716318e-02,-2.779580e-02,7.635174e-06,1.267420e-06,1.840972e-03,1.781864e-03
63176704,922806,758120448,2316269,-6.638031e-02,-2.830592e-02,3.921636e-06,2.676235e-06,9.455740e-04,3.762515e-03
63438848,922923,761266176,2325857,-6.595153e-02,-2.834784e-02,2.407226e-06,2.815156e-06,5.804236e-04,3.957824e-03
63700992,922933,764411904,2335180,-6.642819e-02,-2.827175e-02,4.113553e-06,2.565603e-06,9.918485e-04,3.606978e-03
63963136,922936,767557632,2344563,-6.602592e-02,-2.820082e-02,2.643609e-06,2.343423e-06,6.374197e-04,3.294615e-03
64225280,922978,770703360,2354210,-6.554192e-02,-2.835127e-02,1.303966e-06,2.826657e-06,3.144086e-04,3.973992e-03
64487424,922980,773849088,2363811,-6.553897e-02,-2.846918e-02,1.297253e-06,3.237039e-06,3.127901e-04,4.550949e-03
64749568,923034,776994816,2373367,-6.556354e-02,-2.811333e-02,1.353831e-06,2.083213e-06,3.264319e-04,2.928786e-03
65011712,923035,780140544,2382943,-6.575465e-02,-2.817067e-02,1.835076e-06,2.252004e-06,4.424684e-04,3.166090e-03
65273856,923039,783286272,2392244,-6.527367e-02,-2.800082e-02,7.632992e-07,1.771074e-06,1.840446e-04,2.489951e-03
65536000,923178,786432000,2402033,-6.500078e-02,-2.843246e-02,3.609337e-07,3.106282e-06,8.702733e-05,4.367116e-03
65798144,923284,789577728,2411488,-6.482942e-02,-2.838712e-02,1.843966e-07,2.948496e-06,4.446119e-05,4.145287e-03
66060288,925076,792723456,2421067,-6.463084e-02,-2.837197e-02,5.328429e-08,2.896720e-06,1.284776e-05,4.072494e-03
66322432,930100,795869184,2430736,-6.464748e-02,-2.923204e-02,6.124560e-08,6.564042e-06,1.476737e-05,9.228377e-03
66584576,930316,799014912,2440272,-6.473749e-02,-2.874843e-02,1.138988e-07,4.319859e-06,2.746296e-05,6.073283e-03
66846720,1000146,802160640,2449885,-6.483244e-02,-2.883430e-02,1.870036e-07,4.684181e-06,4.508979e-05,6.585483e-03
67108864,1000970,805306368,2459545,-6.457020e-02,-2.813000e-02,2.896587e-08,2.131613e-06,6.984169e-06,2.996832e-03
67371008,1356768,808452096,2469210,-6.495471e-02,-2.793367e-02,3.076956e-07,1.596863e-06,7.419071e-05,2.245028e-03
67633152,1356771,811597824,2478986,-6.477045e-02,-2.862217e-02,1.372334e-07,3.810987e-06,3.308935e-05,5.357862e-03
67895296,1356887,814743552,2488586,-6.471502e-02,-2.822854e-02,9.923634e-08,2.429042e-06,2.392759e-05,3.414987e-03
68157440,1356910,817889280,2497958,-6.450979e-02,-2.838966e-02,1.205259e-08,2.957215e-06,2.906088e-06,4.157545e-03
68419584,1357006,821035008,2507472,-6.445415e-02,-2.812780e-02,2.932311e-09,2.125173e-06,7.070308e-07,2.987778e-03
68681728,1357241,824180736,2516926,-6.469931e-02,-2.811228e-02,8.958332e-08,2.080176e-06,2.160008e-05,2.924517e-03
68943872,1357309,827326464,2526578,-6.478771e-02,-2.819794e-02,1.503158e-07,2.334609e-06,3.624374e-05,3.282223e-03
69206016,1357340,830472192,2536175,-6.456611e-02,-2.861312e-02,2.759276e-08,3.775733e-06,6.653090e-06,5.308297e-03
69468160,1357352,833617920,2545882,-6.443235e-02,-2.868332e-02,1.046068e-09,4.053443e-06,2.522249e-07,5.698730e-03
69730304,1357389,836763648,2555549,-6.380153e-02,-2.884780e-02,3.581638e-07,4.742825e-06,8.635947e-05,6.667932e-03
69992448,1357393,839909376,2565362,-6.366036e-02,-2.933720e-02,5.470695e-07,7.113975e-06,1.319079e-04,1.000153e-02
70254592,1357396,843055104,2574731,-6.371421e-02,-2.939618e-02,4.703061e-07,7.432060e-06,1.133989e-04,1.044872e-02
70516736,1357396,846200832,2584291,-6.383578e-02,-2.906391e-02,3.183499e-07,5.730790e-06,7.675964e-05,8.056910e-03
70778880,1357414,849346560,2593998,-6.396415e-02,-2.912514e-02,1.899665e-07,6.027710e-06,4.580421e-05,8.474349e-03
71041024,1357466,852492288,2603703,-6.406365e-02,-2.947297e-02,1.131357e-07,7.856661e-06,2.727896e-05,1.104567e-02
71303168,1357494,855638016,2613266,-6.444012e-02,-2.881639e-02,1.609725e-09,4.606987e-06,3.881324e-07,6.476956e-03
71565312,1357526,858783744,2623085,-6.417329e-02,-2.866411e-02,5.139911e-08,3.976462e-06,1.239321e-05,5.590502e-03
71827456,1357544,861929472,2633012,-6.423242e-02,-2.865417e-02,2.808504e-08,3.936937e-06,6.771787e-06,5.534933e-03
72089600,1357560,865075200,2642609,-6.432546e-02,-2.865265e-02,5.556668e-09,3.930893e-06,1.339808e-06,5.526437e-03
72351744,1357572,868220928,2652347,-6.394765e-02,-2.862759e-02,2.046246e-07,3.832150e-06,4.933852e-05,5.387614e-03
72613888,1357577,871366656,2662043,-6.374740e-02,-2.840493e-02,4.258917e-07,3.009999e-06,1.026898e-04,4.231752e-03
72876032,1357595,874512384,2671731,-6.401671e-02,-2.857531e-02,1.469151e-07,3.630217e-06,3.542377e-05,5.103717e-03
73138176,1357609,877658112,2681288,-6.360272e-02,-2.810372e-02,6.356541e-07,2.055561e-06,1.532671e-04,2.889910e-03
73400320,1357703,880803840,2690895,-6.359567e-02,-2.843016e-02,6.469426e-07,3.098178e-06,1.559890e-04,4.355724e-03
73662464,1357733,883949568,2700680,-6.328461e-02,-2.845293e-02,1.244093e-06,3.178851e-06,2.999722e-04,4.469141e-03
73924608,1357753,887095296,2710383,-6.356547e-02,-2.833672e-02,6.964438e-07,2.777952e-06,1.679246e-04,3.905519e-03
74186752,1357763,890241024,2719997,-6.323759e-02,-2.829376e-02,1.351214e-06,2.636594e-06,3.258010e-04,3.706783e-03
74448896,1357809,893386752,2729574,-6.372616e-02,-2.812584e-02,4.540576e-07,2.119486e-06,1.094811e-04,2.979781e-03
74711040,1357814,896532480,2739080,-6.360253e-02,-2.819224e-02,6.359630e-07,2.317201e-06,1.533416e-04,3.257750e-03
74973184,1357824,899678208,2748615,-6.344166e-02,-2.794761e-02,9.184267e-07,1.632284e-06,2.214485e-04,2.294826e-03
75235328,1357833,902823936,2758402,-6.330631e-02,-2.753587e-02,1.196165e-06,7.497231e-07,2.884158e-04,1.054034e-03
75497472,1357848,905969664,2767938,-6.291999e-02,-2.746566e-02,2.190439e-06,6.330816e-07,5.281525e-04,8.900486e-04
75759616,1357879,909115392,2777649,-6.287584e-02,-2.737402e-02,2.323057e-06,4.956445e-07,5.601291e-04,6.968260e-04
76021760,1357905,912261120,2787231,-6.319141e-02,-2.778257e-02,1.460704e-06,1.237810e-06,3.522009e-04,1.740235e-03
76283904,1358007,915406848,2796674,-6.350997e-02,-2.765797e-02,7.921560e-07,9.760835e-07,1.910025e-04,1.372274e-03
76546048,1358008,918552576,2806140,-6.345369e-02,-2.763928e-02,8.955085e-07,9.394956e-07,2.159226e-04,1.320836e-03
76808192,1358026,921698304,2815678,-6.318801e-02,-2.778189e-02,1.468928e-06,1.236289e-06,3.541838e-04,1.738098e-03
77070336,1358029,924844032,2825502,-6.280560e-02,-2.774277e-02,2.542117e-06,1.150839e-06,6.129483e-04,1.617963e-03
77332480,1358046,927989760,2835139,-6.268698e-02,-2.739745e-02,2.934446e-06,5.291787e-07,7.075456e-04,7.439716e-04
77594624,1358046,931135488,2844758,-6.253415e-02,-2.716484e-02,3.481392e-06,2.448662e-07,8.394236e-04,3.442571e-04
77856768,1358075,934281216,2854310,-6.235767e-02,-2.710425e-02,4.171131e-06,1.885760e-07,1.005732e-03,2.651187e-04
78118912,1358079,937426944,2864271,-6.209680e-02,-2.709287e-02,5.304721e-06,1.788228e-07,1.279060e-03,2.514067e-04
78381056,1358101,940572672,2873754,-6.235897e-02,-2.659667e-02,4.165821e-06,5.377359e-09,1.004451e-03,7.560021e-06
78643200,1358124,943718400,2883246,-6.229658e-02,-2.690463e-02,4.424368e-06,5.505122e-08,1.066791e-03,7.739642e-05
78905344,1358180,946864128,2893007,-6.195163e-02,-2.678828e-02,5.994528e-06,1.399012e-08,1.445384e-03,1.966869e-05
79167488,1358192,950009856,2902671,-6.199866e-02,-2.682058e-02,5.766455e-06,2.267545e-08,1.390392e-03,3.187938e-05
79429632,1358214,953155584,2912185,-6.185647e-02,-2.665797e-02,6.469552e-06,1.446959e-10,1.559920e-03,2.034278e-07
79691776,1358226,956301312,2921608,-6.209531e-02,-2.691143e-02,5.311621e-06,5.828777e-08,1.280723e-03,8.194669e-05
79953920,1358232,959447040,2931071,-6.238983e-02,-2.683307e-02,4.040800e-06,2.659271e-08,9.743064e-04,3.738666e-05
80216064,1358272,962592768,2940335,-6.260917e-02,-2.663544e-02,3.207095e-06,1.194618e-09,7.732859e-04,1.679512e-06
80478208,1358317,965738496,2950073,-6.243233e-02,-2.700032e-02,3.871749e-06,1.091098e-07,9.335454e-04,1.533974e-04
80740352,1358336,968884224,2959787,-6.239212e-02,-2.661203e-02,4.031594e-06,3.360865e-09,9.720868e-04,4.725035e-06
81002496,1358391,972029952,2969685,-6.263506e-02,-2.698216e-02,3.115007e-06,9.744198e-08,7.510819e-04,1.369935e-04
81264640,1358498,975175680,2979300,-6.278566e-02,-2.678256e-02,2.606092e-06,1.267051e-08,6.283738e-04,1.781345e-05
81526784,1358577,978321408,2988954,-6.263780e-02,-2.696987e-02,3.105363e-06,8.992148e-08,7.487564e-04,1.264205e-04
81788928,1358650,981467136,2998747,-6.304456e-02,-2.710720e-02,1.837236e-06,1.911455e-07,4.429893e-04,2.687312e-04
82051072,1358793,984612864,3008201,-6.312089e-02,-2.763174e-02,1.636137e-06,9.249501e-07,3.945008e-04,1.300386e-03
82313216,1358949,987758592,3017663,-6.358372e-02,-2.772333e-02,6.663222e-07,1.109511e-06,1.606617e-04,1.559860e-03
82575360,1360385,990904320,3027414,-6.366356e-02,-2.772526e-02,5.423515e-07,1.113568e-06,1.307703e-04,1.565564e-03
82837504,1360400,994050048,3036890,-6.392610e-02,-2.793845e-02,2.245827e-07,1.608961e-06,5.415077e-05,2.262036e-03
83099648,1361058,997195776,3046385,-6.397945e-02,-2.813599e-02,1.768669e-07,2.149114e-06,4.264565e-05,3.021436e-03
83361792,1362165,1000341504,3056094,-6.361003e-02,-2.859399e-02,6.240529e-07,3.701750e-06,1.504699e-04,5.204285e-03
83623936,1375036,1003487232,3065438,-6.392255e-02,-2.797892e-02,2.279567e-07,1.713276e-06,5.496428e-05,2.408692e-03
83886080,1375129,1006632960,3075089,-6.393060e-02,-2.830795e-02,2.203378e-07,2.682894e-06,5.312722e-05,3.771877e-03
84148224,1375162,1009778688,3084671,-6.375803e-02,-2.841539e-02,4.121278e-07,3.046405e-06,9.937111e-05,4.282936e-03
84410368,1375237,1012924416,3094265,-6.415766e-02,-2.826119e-02,5.873112e-08,2.531894e-06,1.416108e-05,3.559586e-03
84672512,1375333,1016070144,3103682,-6.365018e-02,-2.798102e-02,5.622397e-07,1.718776e-06,1.355657e-04,2.416425e-03
84934656,1375334,1019215872,3113346,-6.366941e-02,-2.806237e-02,5.337712e-07,1.938700e-06,1.287014e-04,2.725615e-03
85196800,1375355,1022361600,3122832,-6.416677e-02,-2.775659e-02,5.439762e-08,1.180676e-06,1.311620e-05,1.659910e-03
85458944,1375433,1025507328,3132318,-6.395160e-02,-2.732204e-02,2.010610e-07,4.251627e-07,4.847928e-05,5.977356e-04
85721088,1375434,1028653056,3141946,-6.387709e-02,-2.736131e-02,2.734365e-07,4.779141e-07,6.593025e-05,6.718987e-04
85983232,1375454,1031798784,3151552,-6.420714e-02,-2.774039e-02,3.719432e-08,1.145726e-06,8.968190e-06,1.610774e-03
86245376,1375456,1034944512,3161186,-6.429143e-02,-2.812433e-02,1.178741e-08,2.115079e-06,2.842149e-06,2.973586e-03
86507520,1375466,1038090240,3170756,-6.490204e-02,-2.812459e-02,2.520392e-07,2.115843e-06,6.077098e-05,2.974660e-03
86769664,1375492,1041235968,3180433,-6.529471e-02,-2.836404e-02,8.005067e-07,2.869773e-06,1.930160e-04,4.034610e-03
87031808,1375536,1044381696,3190028,-6.529593e-02,-2.855150e-02,8.026814e-07,3.540059e-06,1.935403e-04,4.976963e-03
87293952,1375554,1047527424,3199534,-6.533790e-02,-2.862351e-02,8.796591e-07,3.816211e-06,2.121010e-04,5.365205e-03
87556096,1375585,1050673152,3209062,-6.527409e-02,-2.816864e-02,7.640285e-07,2.245921e-06,1.842204e-04,3.157537e-03
87818240,1375654,1053818880,3218729,-6.523526e-02,-2.858220e-02,6.976505e-07,3.656505e-06,1.682156e-04,5.140675e-03
88080384,1375667,1056964608,3228421,-6.557725e-02,-2.915118e-02,1.385921e-06,6.156241e-06,3.341693e-04,8.655051e-03
88342528,1375675,1060110336,3238145,-6.513398e-02,-2.910579e-02,5.387253e-07,5.933084e-06,1.298959e-04,8.341314e-03
88604672,1375682,1063256064,3247668,-6.530235e-02,-2.970327e-02,8.142306e-07,9.200699e-06,1.963250e-04,1.293525e-02
88866816,1375701,1066401792,3257042,-6.525384e-02,-3.002307e-02,7.290369e-07,1.124307e-05,1.757833e-04,1.580662e-02
89128960,1375704,1069547520,3266541,-6.543224e-02,-3.015765e-02,1.065521e-06,1.216369e-05,2.569154e-04,1.710092e-02
89391104,1375710,1072693248,3276122,-6.504934e-02,-3.041856e-02,4.216333e-07,1.405169e-05,1.016631e-04,1.975525e-02
89653248,1375712,1075838976,3285759,-6.510871e-02,-3.010897e-02,5.022652e-07,1.182654e-05,1.211048e-04,1.662691e-02
89915392,1375718,1078984704,3295331,-6.524617e-02,-3.021429e-02,7.160035e-07,1.256202e-05,1.726408e-04,1.766092e-02
90177536,1375742,1082130432,3305020,-6.489128e-02,-2.981237e-02,2.413525e-07,9.874489e-06,5.819424e-05,1.388253e-02
90439680,1375758,1085276160,3314681,-6.481116e-02,-3.000341e-02,1.690467e-07,1.111161e-05,4.076006e-05,1.562180e-02
90701824,1375774,1088421888,3324390,-6.473204e-02,-3.005254e-02,1.102523e-07,1.144155e-05,2.658372e-05,1.608565e-02
90963968,1375784,1091567616,3333993,-6.450447e-02,-3.063258e-02,1.091441e-08,1.570203e-05,2.631652e-06,2.207545e-02
91226112,1375797,1094713344,3343694,-6.461405e-02,-3.064854e-02,4.581643e-08,1.582882e-05,1.104713e-05,2.225371e-02
91488256,1375799,1097859072,3353168,-6.426884e-02,-3.081079e-02,1.720295e-08,1.714616e-05,4.147928e-06,2.410576e-02
91750400,1375839,1101004800,3362470,-6.450865e-02,-3.097068e-02,1.180360e-08,1.849583e-05,2.846051e-06,2.600326e-02
92012544,1375850,1104150528,3372068,-6.435452e-02,-3.084353e-02,2.068957e-09,1.741836e-05,4.988613e-07,2.448844e-02
92274688,1375900,1107296256,3381722,-6.412210e-02,-3.056943e-02,7.723211e-08,1.520553e-05,1.862199e-05,2.137743e-02
92536832,1375904,1110441984,3391387,-6.466018e-02,-3.018913e-02,6.769065e-08,1.238431e-05,1.632138e-05,1.741108e-02
92798976,1375907,1113587712,3400984,-6.478292e-02,-3.047336e-02,1.466297e-07,1.446553e-05,3.535495e-05,2.033706e-02
93061120,1375951,1116733440,3410493,-6.454125e-02,-3.042018e-02,1.995103e-08,1.406388e-05,4.810537e-06,1.977239e-02
93323264,1375960,1119879168,3420090,-6.444419e-02,-3.039335e-02,1.952702e-09,1.386334e-05,4.708302e-07,1.949045e-02
93585408,1375966,1123024896,3429564,-6.424407e-02,-3.052397e-02,2.431516e-08,1.485305e-05,5.862805e-06,2.088188e-02
93847552,1375993,1126170624,3439250,-6.406102e-02,-3.002827e-02,1.149068e-07,1.127798e-05,2.770601e-05,1.585570e-02
94109696,1375999,1129316352,3448798,-6.433751e-02,-2.943174e-02,3.905684e-09,7.627189e-06,9.417276e-07,1.072305e-02
94371840,1376024,1132462080,3458472,-6.398228e-02,-2.993194e-02,1.744936e-07,1.064028e-05,4.207340e-05,1.495915e-02
94633984,1376039,1135607808,3468224,-6.435548e-02,-2.955877e-02,1.982446e-09,8.345008e-06,4.780019e-07,1.173223e-02
94896128,1376056,1138753536,3477749,-6.468097e-02,-2.954756e-02,7.894349e-08,8.280327e-06,1.903463e-05,1.164130e-02
95158272,1376078,1141899264,3487242,-6.423230e-02,-2.942901e-02,2.812251e-08,7.612113e-06,6.780821e-06,1.070186e-02
95420416,1376086,1145044992,3496887,-6.379133e-02,-2.944235e-02,3.704855e-07,7.685913e-06,8.933043e-05,1.080562e-02
95682560,1376098,1148190720,3506616,-6.392161e-02,-2.932175e-02,2.288611e-07,7.031793e-06,5.518236e-05,9.885987e-03
95944704,1376122,1151336448,3516012,-6.366473e-02,-2.905065e-02,5.406300e-07,5.667497e-06,1.303552e-04,7.967926e-03
96206848,1376248,1154482176,3525622,-6.410474e-02,-2.903280e-02,8.718231e-08,5.582827e-06,2.102115e-05,7.848889e-03
96468992,1376267,1157627904,3535053,-6.421407e-02,-2.897969e-02,3.456968e-08,5.334656e-06,8.335346e-06,7.499985e-03
96731136,1376283,1160773632,3544630,-6.411444e-02,-2.936289e-02,8.154360e-08,7.251633e-06,1.966157e-05,1.019506e-02
96993280,1376321,1163919360,3554036,-6.433053e-02,-2.916889e-02,4.825972e-09,6.244457e-06,1.163625e-06,8.779073e-03
97255424,1376453,1167065088,3563680,-6.384894e-02,-2.885096e-02,3.036670e-07,4.756603e-06,7.321934e-05,6.687301e-03
97517568,1376478,1170210816,3573305,-6.379239e-02,-2.875354e-02,3.691896e-07,4.341131e-06,8.901797e-05,6.103190e-03
97779712,1376578,1173356544,3583074,-6.335350e-02,-2.861897e-02,1.095165e-06,3.798489e-06,2.640630e-04,5.340291e-03
98041856,1376604,1176502272,3592928,-6.348640e-02,-2.873221e-02,8.346607e-07,4.252729e-06,2.012511e-04,5.978906e-03
98304000,1376667,1179648000,3602613,-6.356625e-02,-2.892333e-02,6.951511e-07,5.077493e-06,1.676129e-04,7.138441e-03
98566144,1376765,1182793728,3612301,-6.403033e-02,-2.881414e-02,1.366599e-07,4.597349e-06,3.295107e-05,6.463406e-03
98828288,1376774,1185939456,3621914,-6.399766e-02,-2.862485e-02,1.618825e-07,3.821445e-06,3.903266e-05,5.372564e-03
99090432,1378404,1189085184,3631243,-6.437454e-02,-2.855129e-02,6.485215e-10,3.539253e-06,1.563697e-07,4.975830e-03
99352576,1387442,1192230912,3640669,-6.473771e-02,-2.861915e-02,1.140497e-07,3.799186e-06,2.749935e-05,5.341270e-03
99614720,1387661,1195376640,3650165,-6.485651e-02,-2.882669e-02,2.083964e-07,4.651327e-06,5.024796e-05,6.539294e-03
99876864,1429986,1198522368,3659757,-6.519132e-02,-2.878331e-02,6.261853e-07,4.466082e-06,1.509841e-04,6.278858e-03
100139008,1432503,1201668096,3669364,-6.534248e-02,-2.880121e-02,8.882612e-07,4.542043e-06,2.141751e-04,6.385651e-03
100401152,1448281,1204813824,3678934,-6.548696e-02,-2.843312e-02,1.181477e-06,3.108606e-06,2.848745e-04,4.370385e-03
100663296,1448969,1207959552,3688470,-6.508316e-02,-2.844300e-02,4.667057e-07,3.143548e-06,1.125308e-04,4.419510e-03
100925440,1804223,1211105280,3698122,-6.495539e-02,-2.875022e-02,3.084565e-07,4.327334e-06,7.437418e-05,6.083792e-03
101187584,1804299,1214251008,3707587,-6.517735e-02,-2.914535e-02,6.042713e-07,6.127344e-06,1.457002e-04,8.614425e-03
101449728,1804406,1217396736,3717119,-6.554273e-02,-2.919277e-02,1.305821e-06,6.364389e-06,3.148560e-04,8.947685e-03
101711872,1804461,1220542464,3726581,-6.583553e-02,-2.876803e-02,2.060734e-06,4.401751e-06,4.968785e-04,6.188416e-03
101974016,1804488,1223688192,3736321,-6.596251e-02,-2.902591e-02,2.441425e-06,5.550333e-06,5.886696e-04,7.803205e-03
102236160,1804712,1226833920,3745764,-6.583121e-02,-2.908251e-02,2.048367e-06,5.820219e-06,4.938967e-04,8.182637e-03
102498304,1804836,1229979648,3755466,-6.567159e-02,-2.907350e-02,1.616943e-06,5.776792e-06,3.898727e-04,8.121584e-03
102760448,1804876,1233125376,3765144,-6.552955e-02,-2.914461e-02,1.275872e-06,6.123675e-06,3.076348e-04,8.609267e-03
103022592,1804901,1236271104,3774743,-6.521135e-02,-2.904070e-02,6.582821e-07,5.620211e-06,1.587232e-04,7.901446e-03
103284736,1804980,1239416832,3784271,-6.522265e-02,-2.901364e-02,6.767504e-07,5.492674e-06,1.631762e-04,7.722142e-03
103546880,1804981,1242562560,3793909,-6.492222e-02,-2.934968e-02,2.727123e-07,7.180663e-06,6.575563e-05,1.009528e-02
103809024,1804983,1245708288,3803444,-6.529024e-02,-2.940739e-02,7.925274e-07,7.493303e-06,1.910920e-04,1.053482e-02
104071168,1804994,1248854016,3813200,-6.509247e-02,-2.944427e-02,4.795173e-07,7.696565e-06,1.156199e-04,1.082059e-02
104333312,1805001,1251999744,3822743,-6.499151e-02,-2.948284e-02,3.498830e-07,7.912090e-06,8.436281e-05,1.112360e-02
104595456,1805003,1255145472,3832341,-6.509020e-02,-2.983268e-02,4.763752e-07,1.000256e-05,1.148623e-04,1.406258e-02
104857600,1805102,1258291200,3841763,-6.475451e-02,-3.047139e-02,1.256746e-07,1.445058e-05,3.030230e-05,2.031606e-02
105119744,1805155,1261436928,3851147,-6.473482e-02,-3.045344e-02,1.121055e-07,1.431443e-05,2.703058e-05,2.012464e-02
105381888,1805180,1264582656,3860805,-6.471665e-02,-3.026536e-02,1.002670e-07,1.292665e-05,2.417611e-05,1.817356e-02
105644032,1805188,1267728384,3870447,-6.503029e-02,-3.036428e-02,3.972646e-07,1.364771e-05,9.578733e-05,1.918730e-02
105906176,1805192,1270874112,3880076,-6.497514e-02,-3.049591e-02,3.307776e-07,1.463758e-05,7.975617e-05,2.057895e-02
106168320,1805195,1274019840,3889497,-6.464440e-02,-3.048771e-02,5.972840e-08,1.457489e-05,1.440155e-05,2.049081e-02
106430464,1805293,1277165568,3899277,-6.516001e-02,-3.076007e-02,5.776173e-07,1.672866e-05,1.392735e-04,2.351880e-02
106692608,1805307,1280311296,3908807,-6.565244e-02,-3.035489e-02,1.568594e-06,1.357841e-05,3.782150e-04,1.908987e-02
106954752,1805327,1283457024,3918360,-6.573251e-02,-3.024665e-02,1.775574e-06,1.279243e-05,4.281214e-04,1.798487e-02
107216896,1805354,1286602752,3927916,-6.561933e-02,-3.000904e-02,1.486753e-06,1.114916e-05,3.584817e-04,1.567459e-02
107479040,1805356,1289748480,3937615,-6.565262e-02,-2.991624e-02,1.569060e-06,1.053808e-05,3.783275e-04,1.481547e-02
107741184,1805358,1292894208,3947395,-6.580174e-02,-2.983334e-02,1.964868e-06,1.000671e-05,4.737634e-04,1.406841e-02
108003328,1805455,1296039936,3956731,-6.582476e-02,-3.004288e-02,2.029940e-06,1.137631e-05,4.894535e-04,1.599393e-02
108265472,1805481,1299185664,3966317,-6.568991e-02,-2.976063e-02,1.663853e-06,9.552013e-06,4.011836e-04,1.342916e-02
108527616,1805483,1302331392,3975792,-6.595033e-02,-2.981067e-02,2.403528e-06,9.863780e-06,5.795321e-04,1.386747e-02
108789760,1805485,1305477120,3985424,-6.611686e-02,-3.011215e-02,2.947607e-06,1.184838e-05,7.107188e-04,1.665762e-02
109051904,1805555,1308622848,3994877,-6.628904e-02,-3.025988e-02,3.568482e-06,1.288722e-05,8.604224e-04,1.811813e-02
109314048,1805566,1311768576,4004446,-6.612591e-02,-3.013381e-02,2.978747e-06,1.199796e-05,7.182272e-04,1.686791e-02
109576192,1805599,1314914304,4014213,-6.620739e-02,-3.031783e-02,3.266665e-06,1.330669e-05,7.876491e-04,1.870786e-02
109838336,1805611,1318060032,4024082,-6.659815e-02,-3.010868e-02,4.831841e-06,1.182450e-05,1.165040e-03,1.662405e-02
110100480,1805626,1321205760,4033705,-6.646934e-02,-2.976925e-02,4.282164e-06,9.605348e-06,1.032504e-03,1.350415e-02
110362624,1805648,1324351488,4043277,-6.679114e-02,-2.947066e-02,5.717537e-06,7.843698e-06,1.378597e-03,1.102744e-02
110624768,1805683,1327497216,4053221,-6.628586e-02,-2.932717e-02,3.556472e-06,7.060569e-06,8.575267e-04,9.926444e-03
110886912,1805706,1330642944,4062532,-6.622935e-02,-2.933344e-02,3.346516e-06,7.093898e-06,8.069026e-04,9.973301e-03
111149056,1805713,1333788672,4071923,-6.628102e-02,-2.943511e-02,3.538230e-06,7.645822e-06,8.531281e-04,1.074925e-02
111411200,1805734,1336934400,4081420,-6.646052e-02,-2.968965e-02,4.245733e-06,9.118317e-06,1.023719e-03,1.281943e-02
111673344,1805771,1340080128,4091101,-6.634140e-02,-2.950248e-02,3.769025e-06,8.022963e-06,9.087769e-04,1.127947e-02
111935488,1805843,1343225856,4100509,-6.633929e-02,-2.941379e-02,3.760843e-06,7.528404e-06,9.068040e-04,1.058417e-02
112197632,1805853,1346371584,4110132,-6.648669e-02,-2.947375e-02,4.354250e-06,7.861006e-06,1.049885e-03,1.105178e-02
112459776,1805892,1349517312,4119609,-6.659435e-02,-2.894054e-02,4.815150e-06,5.155370e-06,1.161016e-03,7.247927e-03
112721920,1805899,1352663040,4129370,-6.675246e-02,-2.873410e-02,5.534039e-06,4.260492e-06,1.334352e-03,5.989819e-03
112984064,1805929,1355808768,4138924,-6.708980e-02,-2.869307e-02,7.235030e-06,4.092794e-06,1.744490e-03,5.754053e-03
113246208,1805954,1358954496,4148494,-6.718571e-02,-2.883712e-02,7.760153e-06,4.696428e-06,1.871106e-03,6.602701e-03
113508352,1806028,1362100224,4157949,-6.730776e-02,-2.874260e-02,8.455071e-06,4.295681e-06,2.038663e-03,6.039292e-03
113770496,1806034,1365245952,4167452,-6.703904e-02,-2.881278e-02,6.964495e-06,4.591520e-06,1.679260e-03,6.455211e-03
114032640,1806039,1368391680,4176901,-6.729069e-02,-2.833563e-02,8.356095e-06,2.774334e-06,2.014799e-03,3.900432e-03
114294784,1806121,1371537408,4186711,-6.759587e-02,-2.856487e-02,1.021357e-05,3.590542e-06,2.462667e-03,5.047938e-03
114556928,1806180,1374683136,4196502,-6.743203e-02,-2.868877e-02,9.193198e-06,4.075433e-06,2.216638e-03,5.729645e-03
114819072,1806222,1377828864,4206173,-6.706788e-02,-2.918519e-02,7.117592e-06,6.326168e-06,1.716174e-03,8.893951e-03
115081216,1806327,1380974592,4215722,-6.732721e-02,-2.914279e-02,8.568538e-06,6.114672e-06,2.066022e-03,8.596607e-03
115343360,1806686,1384120320,4225221,-6.724741e-02,-2.924749e-02,8.107705e-06,6.643451e-06,1.954907e-03,9.340018e-03
115605504,1806857,1387266048,4234757,-6.698073e-02,-2.947195e-02,6.660178e-06,7.850929e-06,1.605884e-03,1.103761e-02
115867648,1806872,1390411776,4244320,-6.671891e-02,-2.956596e-02,5.377349e-06,8.386609e-06,1.296572e-03,1.179072e-02
116129792,1808338,1393557504,4253944,-6.676138e-02,-2.956931e-02,5.576113e-06,8.406028e-06,1.344497e-03,1.181802e-02
116391936,1808988,1396703232,4263565,-6.676631e-02,-2.951757e-02,5.599396e-06,8.108639e-06,1.350111e-03,1.139992e-02
116654080,1809769,1399848960,4273040,-6.698801e-02,-2.969037e-02,6.697803e-06,9.122626e-06,1.614956e-03,1.282549e-02
116916224,1809775,1402994688,4282473,-6.725269e-02,-2.978493e-02,8.137816e-06,9.702797e-06,1.962168e-03,1.364115e-02
117178368,1828033,1406140416,4291690,-6.709754e-02,-2.987233e-02,7.276734e-06,1.025491e-05,1.754546e-03,1.441736e-02
117440512,1828121,1409286144,4301422,-6.708454e-02,-2.974426e-02,7.206721e-06,9.451100e-06,1.737664e-03,1.328729e-02
117702656,1828197,1412431872,4311004,-6.738542e-02,-2.982560e-02,8.912720e-06,9.957801e-06,2.149010e-03,1.399966e-02
117964800,1828263,1415577600,4320653,-6.759476e-02,-3.000846e-02,1.020647e-05,1.114534e-05,2.460956e-03,1.566922e-02
118226944,1828365,1418723328,4330108,-6.756331e-02,-3.002071e-02,1.000652e-05,1.122727e-05,2.412743e-03,1.578441e-02
118489088,1828410,1421869056,4339547,-6.758742e-02,-2.965987e-02,1.015963e-05,8.939342e-06,2.449662e-03,1.256781e-02
118751232,1828459,1425014784,4349267,-6.768756e-02,-2.979223e-02,1.080801e-05,9.748303e-06,2.605997e-03,1.370513e-02
119013376,1828532,1428160512,4358552,-6.744976e-02,-2.960131e-02,9.301042e-06,8.592589e-06,2.242641e-03,1.208031e-02
119275520,1828599,1431306240,4367963,-6.748132e-02,-2.997162e-02,9.494544e-06,1.090070e-05,2.289298e-03,1.532527e-02
119537664,1828629,1434451968,4377562,-6.763098e-02,-3.026010e-02,1.043919e-05,1.288884e-05,2.517069e-03,1.812040e-02
119799808,1828651,1437597696,4387140,-6.779353e-02,-3.025302e-02,1.151600e-05,1.283807e-05,2.776706e-03,1.804902e-02
120061952,1828686,1440743424,4396670,-6.747513e-02,-3.065034e-02,9.456380e-06,1.584314e-05,2.280096e-03,2.227385e-02
120324096,1828692,1443889152,4406320,-6.734358e-02,-3.022091e-02,8.664636e-06,1.260894e-05,2.089193e-03,1.772690e-02
120586240,1828722,1447034880,4416124,-6.750438e-02,-3.023724e-02,9.637137e-06,1.272518e-05,2.323680e-03,1.789032e-02
120848384,1828756,1450180608,4425814,-6.780771e-02,-3.030607e-02,1.161248e-05,1.322098e-05,2.799970e-03,1.858735e-02
121110528,1828833,1453326336,4435390,-6.796221e-02,-3.059757e-02,1.268935e-05,1.542582e-05,3.059622e-03,2.168714e-02
121372672,1828845,1456472064,4445160,-6.787305e-02,-3.044561e-02,1.206203e-05,1.425526e-05,2.908363e-03,2.004145e-02
121634816,1828887,1459617792,4455055,-6.788030e-02,-3.060798e-02,1.211249e-05,1.550769e-05,2.920530e-03,2.180224e-02
121896960,1828926,1462763520,4464693,-6.803140e-02,-3.085123e-02,1.318705e-05,1.748267e-05,3.179625e-03,2.457886e-02
122159104,1828935,1465909248,4474118,-6.788190e-02,-3.085569e-02,1.212364e-05,1.751997e-05,2.923219e-03,2.463130e-02
122421248,1828975,1469054976,4483609,-6.751679e-02,-3.073456e-02,9.714358e-06,1.652063e-05,2.342299e-03,2.322633e-02
122683392,1828989,1472200704,4493158,-6.737561e-02,-3.079541e-02,8.854227e-06,1.701898e-05,2.134907e-03,2.392696e-02
122945536,1829023,1475346432,4502883,-6.716567e-02,-3.076049e-02,7.648933e-06,1.673209e-05,1.844289e-03,2.352362e-02
123207680,1829025,1478492160,4512441,-6.727871e-02,-3.100722e-02,8.286932e-06,1.881144e-05,1.998122e-03,2.644698e-02
123469824,1829036,1481637888,4521901,-6.709909e-02,-3.112561e-02,7.285058e-06,1.985245e-05,1.756553e-03,2.791054e-02
123731968,1829050,1484783616,4531481,-6.725494e-02,-3.122381e-02,8.150659e-06,2.073715e-05,1.965264e-03,2.915433e-02
123994112,1829052,1487929344,4540982,-6.739175e-02,-3.085535e-02,8.950528e-06,1.751713e-05,2.158127e-03,2.462731e-02
124256256,1829078,1491075072,4550513,-6.747944e-02,-3.120510e-02,9.482930e-06,2.056713e-05,2.286498e-03,2.891529e-02
124518400,1829129,1494220800,4560108,-6.732746e-02,-3.103915e-02,8.570020e-06,1.908950e-05,2.066380e-03,2.683789e-02
124780544,1829143,1497366528,4569899,-6.728715e-02,-3.094528e-02,8.335647e-06,1.827803e-05,2.009868e-03,2.569705e-02
125042688,1829155,1500512256,4579564,-6.713305e-02,-3.077259e-02,7.469572e-06,1.683129e-05,1.801042e-03,2.366308e-02
125304832,1829158,1503657984,4588996,-6.697326e-02,-3.061563e-02,6.621663e-06,1.556800e-05,1.596597e-03,2.188702e-02
125566976,1829199,1506803712,4598682,-6.692527e-02,-3.067330e-02,6.376988e-06,1.602641e-05,1.537602e-03,2.253150e-02
125829120,1829226,1509949440,4608151,-6.711416e-02,-3.078018e-02,7.366649e-06,1.689358e-05,1.776226e-03,2.375066e-02
126091264,1829229,1513095168,4617902,-6.712188e-02,-3.064321e-02,7.408608e-06,1.578637e-05,1.786343e-03,2.219404e-02
126353408,1829245,1516240896,4627547,-6.725954e-02,-3.095077e-02,8.176928e-06,1.832502e-05,1.971598e-03,2.576313e-02
126615552,1829274,1519386624,4637171,-6.726161e-02,-3.107448e-02,8.188778e-06,1.939944e-05,1.974456e-03,2.727365e-02
126877696,1829329,1522532352,4646800,-6.717683e-02,-3.131216e-02,7.710752e-06,2.154969e-05,1.859195e-03,3.029668e-02
127139840,1829368,1525678080,4656462,-6.732363e-02,-3.101342e-02,8.547569e-06,1.886528e-05,2.060966e-03,2.652267e-02
127401984,1829388,1528823808,4666145,-6.734335e-02,-3.097723e-02,8.663276e-06,1.855227e-05,2.088865e-03,2.608261e-02
127664128,1829443,1531969536,4675874,-6.757207e-02,-3.109427e-02,1.006203e-05,1.957415e-05,2.426128e-03,2.751927e-02
127926272,1829466,1535115264,4685597,-6.743197e-02,-3.074116e-02,9.192837e-06,1.657435e-05,2.216551e-03,2.330186e-02
128188416,1829509,1538260992,4695075,-6.730668e-02,-3.064161e-02,8.448789e-06,1.577369e-05,2.037149e-03,2.217620e-02
128450560,1829529,1541406720,4704574,-6.734552e-02,-3.036631e-02,8.676088e-06,1.366270e-05,2.091954e-03,1.920838e-02
128712704,1829557,1544552448,4714069,-6.734891e-02,-3.040373e-02,8.696070e-06,1.394071e-05,2.096772e-03,1.959922e-02
128974848,1829580,1547698176,4723525,-6.724070e-02,-3.041149e-02,8.069564e-06,1.399877e-05,1.945711e-03,1.968086e-02
129236992,1829583,1550843904,4733145,-6.684175e-02,-3.035836e-02,5.962138e-06,1.360398e-05,1.437574e-03,1.912582e-02
129499136,1829608,1553989632,4742487,-6.730364e-02,-3.027917e-02,8.431083e-06,1.302613e-05,2.032880e-03,1.831342e-02
129761280,1829719,1557135360,4751943,-6.746482e-02,-3.024432e-02,9.393114e-06,1.277577e-05,2.264841e-03,1.796144e-02
130023424,1829801,1560281088,4761508,-6.750257e-02,-3.009943e-02,9.625945e-06,1.176097e-05,2.320981e-03,1.653474e-02
130285568,1829843,1563426816,4771081,-6.740168e-02,-2.979514e-02,9.010053e-06,9.766526e-06,2.172479e-03,1.373074e-02
130547712,1829889,1566572544,4780600,-6.734358e-02,-2.991871e-02,8.664636e-06,1.055413e-05,2.089193e-03,1.483804e-02
130809856,1829931,1569718272,4790135,-6.756897e-02,-2.984320e-02,1.004237e-05,1.006920e-05,2.421389e-03,1.415628e-02
131072000,1829951,1572864000,4799846,-6.771767e-02,-2.994456e-02,1.100693e-05,1.072274e-05,2.653960e-03,1.507509e-02
131334144,1830136,1576009728,4809473,-6.779153e-02,-2.985575e-02,1.150245e-05,1.014903e-05,2.773440e-03,1.426851e-02
131596288,1830136,1579155456,4819126,-6.761429e-02,-3.002909e-02,1.033163e-05,1.128346e-05,2.491133e-03,1.586341e-02
131858432,1830270,1582301184,4828543,-6.739257e-02,-2.994217e-02,8.955433e-06,1.070712e-05,2.159309e-03,1.505313e-02
132120576,1830360,1585446912,4838213,-6.725450e-02,-2.995133e-02,8.148148e-06,1.076712e-05,1.964659e-03,1.513748e-02
132382720,1830388,1588592640,4847816,-6.725556e-02,-3.011832e-02,8.154232e-06,1.189089e-05,1.966126e-03,1.671738e-02
132644864,1831558,1591738368,4857629,-6.748919e-02,-3.014136e-02,9.543092e-06,1.205038e-05,2.301004e-03,1.694161e-02
132907008,1844658,1594884096,4867206,-6.754035e-02,-2.982429e-02,9.861768e-06,9.949539e-06,2.377842e-03,1.398804e-02
133169152,1844949,1598029824,4876976,-6.760132e-02,-3.002959e-02,1.024841e-05,1.128684e-05,2.471067e-03,1.586816e-02
133431296,1883327,1601175552,4886799,-6.738918e-02,-3.002373e-02,8.935155e-06,1.124749e-05,2.154420e-03,1.581283e-02
133693440,1885898,1604321280,4896308,-6.735447e-02,-2.998465e-02,8.728882e-06,1.098690e-05,2.104684e-03,1.544647e-02
133955584,1896041,1607467008,4906089,-6.719929e-02,-3.023378e-02,7.836010e-06,1.270052e-05,1.889397e-03,1.785564e-02
134217728,1896443,1610612736,4915662,-6.701752e-02,-3.040015e-02,6.851388e-06,1.391400e-05,1.651988e-03,1.956168e-02
134479872,2251343,1613758464,4925282,-6.651146e-02,-3.003617e-02,4.458252e-06,1.133109e-05,1.074961e-03,1.593036e-02
134742016,2251772,1616904192,4935007,-6.685458e-02,-2.985859e-02,6.024958e-06,1.016713e-05,1.452721e-03,1.429395e-02
135004160,2251853,1620049920,4944739,-6.667214e-02,-3.003480e-02,5.162604e-06,1.132190e-05,1.244793e-03,1.591744e-02
135266304,2251954,1623195648,4954302,-6.658172e-02,-2.990374e-02,4.759886e-06,1.045708e-05,1.147690e-03,1.470159e-02
135528448,2251999,1626341376,4963713,-6.682556e-02,-2.964612e-02,5.883336e-06,8.857310e-06,1.418574e-03,1.245248e-02
135790592,2252088,1629487104,4973456,-6.687624e-02,-2.972675e-02,6.131753e-06,9.343718e-06,1.478471e-03,1.313632e-02
136052736,2252164,1632632832,4983059,-6.658421e-02,-2.980508e-02,4.770750e-06,9.828724e-06,1.150310e-03,1.381819e-02
136314880,2252208,1635778560,4992567,-6.667729e-02,-2.976761e-02,5.186027e-06,9.595180e-06,1.250440e-03,1.348985e-02
136577024,2252264,1638924288,5001990,-6.668008e-02,-2.963996e-02,5.198759e-06,8.820683e-06,1.253510e-03,1.240099e-02
136839168,2252399,1642070016,5011526,-6.655989e-02,-2.969551e-02,4.665108e-06,9.153685e-06,1.124838e-03,1.286915e-02
137101312,2252487,1645215744,5021132,-6.659093e-02,-2.982430e-02,4.800153e-06,9.949621e-06,1.157400e-03,1.398816e-02
137363456,2252526,1648361472,5031042,-6.655545e-02,-3.010557e-02,4.645945e-06,1.180316e-05,1.120217e-03,1.659404e-02
137625600,2252533,1651507200,5040555,-6.671860e-02,-3.013641e-02,5.375898e-06,1.201601e-05,1.296222e-03,1.689330e-02
137887744,2252535,1654652928,5050257,-6.648299e-02,-2.991638e-02,4.338842e-06,1.053896e-05,1.046169e-03,1.481671e-02
138149888,2252537,1657798656,5059981,-6.652813e-02,-2.989765e-02,4.528944e-06,1.041770e-05,1.092007e-03,1.464622e-02
138412032,2252572,1660944384,5069542,-6.653066e-02,-3.002340e-02,4.539701e-06,1.124531e-05,1.094600e-03,1.580976e-02
138674176,2252619,1664090112,5079055,-6.664059e-02,-3.011188e-02,5.020213e-06,1.184656e-05,1.210460e-03,1.665506e-02
138936320,2252633,1667235840,5088834,-6.660797e-02,-3.023021e-02,4.875108e-06,1.267512e-05,1.175473e-03,1.781993e-02
139198464,2252677,1670381568,5098300,-6.651182e-02,-3.039417e-02,4.459794e-06,1.386948e-05,1.075333e-03,1.949908e-02
139460608,2252718,1673527296,5107972,-6.648705e-02,-3.005952e-02,4.355774e-06,1.148884e-05,1.050252e-03,1.615214e-02
139722752,2252738,1676673024,5117298,-6.656715e-02,-3.020031e-02,4.696508e-06,1.246312e-05,1.132409e-03,1.752188e-02
139984896,2252785,1679818752,5127024,-6.672665e-02,-3.038372e-02,5.413312e-06,1.379174e-05,1.305243e-03,1.938979e-02
140247040,2252807,1682964480,5136454,-6.669090e-02,-3.047764e-02,5.248210e-06,1.449815e-05,1.265434e-03,2.038293e-02
140509184,2252832,1686110208,5146102,-6.672093e-02,-3.050303e-02,5.386718e-06,1.469210e-05,1.298830e-03,2.065560e-02
140771328,2252951,1689255936,5155698,-6.644697e-02,-3.053734e-02,4.190097e-06,1.495633e-05,1.010304e-03,2.102708e-02
141033472,2252989,1692401664,5165311,-6.633566e-02,-3.019476e-02,3.746754e-06,1.242397e-05,9.034069e-04,1.746684e-02
141295616,2253009,1695547392,5174955,-6.639165e-02,-3.020540e-02,3.966677e-06,1.249906e-05,9.564343e-04,1.757241e-02
141557760,2253036,1698693120,5184477,-6.617417e-02,-3.021152e-02,3.147677e-06,1.254238e-05,7.589592e-04,1.763331e-02
141819904,2253041,1701838848,5194226,-6.623080e-02,-2.998864e-02,3.351834e-06,1.101341e-05,8.081849e-04,1.548373e-02
142082048,2253050,1704984576,5203742,-6.640843e-02,-3.001188e-02,4.033764e-06,1.116817e-05,9.726099e-04,1.570132e-02
142344192,2253052,1708130304,5213317,-6.624173e-02,-3.010571e-02,3.391947e-06,1.180408e-05,8.178569e-04,1.659534e-02
142606336,2253062,1711276032,5222968,-6.626817e-02,-3.017917e-02,3.490044e-06,1.231427e-05,8.415098e-04,1.731261e-02
142868480,2253071,1714421760,5232528,-6.608081e-02,-2.990289e-02,2.825110e-06,1.045161e-05,6.811826e-04,1.469390e-02
143130624,2253090,1717567488,5242286,-6.587218e-02,-3.017955e-02,2.167322e-06,1.231695e-05,5.225786e-04,1.731638e-02
143392768,2253137,1720713216,5251820,-6.596822e-02,-3.000016e-02,2.459316e-06,1.108995e-05,5.929834e-04,1.559135e-02
143654912,2253210,1723858944,5261601,-6.577592e-02,-3.013697e-02,1.893159e-06,1.201986e-05,4.564732e-04,1.689871e-02
143917056,2253213,1727004672,5271176,-6.601117e-02,-3.011165e-02,2.595855e-06,1.184496e-05,6.259053e-04,1.665281e-02
144179200,2253226,1730150400,5280880,-6.572170e-02,-3.008894e-02,1.746880e-06,1.168912e-05,4.212028e-04,1.643372e-02
144441344,2253245,1733296128,5290400,-6.566767e-02,-2.987772e-02,1.606991e-06,1.028945e-05,3.874733e-04,1.446592e-02
144703488,2253265,1736441856,5299953,-6.568903e-02,-2.978661e-02,1.661585e-06,9.713243e-06,4.006368e-04,1.365583e-02
144965632,2253294,1739587584,5309520,-6.585565e-02,-2.980849e-02,2.118916e-06,9.850143e-06,5.109072e-04,1.384830e-02
145227776,2253320,1742733312,5319125,-6.587742e-02,-2.985646e-02,2.182749e-06,1.015352e-05,5.262983e-04,1.427482e-02
145489920,2253341,1745879040,5328740,-6.570665e-02,-2.996718e-02,1.707323e-06,1.087140e-05,4.116649e-04,1.528408e-02
145752064,2253354,1749024768,5338444,-6.584902e-02,-3.019640e-02,2.099655e-06,1.243549e-05,5.062631e-04,1.748304e-02
146014208,2253362,1752170496,5347867,-6.579436e-02,-3.030238e-02,1.944243e-06,1.319416e-05,4.687906e-04,1.854964e-02
146276352,2253424,1755316224,5357517,-6.589244e-02,-3.024586e-02,2.227357e-06,1.278679e-05,5.370541e-04,1.797692e-02
146538496,2253438,1758461952,5366964,-6.566165e-02,-3.050530e-02,1.591746e-06,1.470953e-05,3.837973e-04,2.068010e-02
146800640,2253474,1761607680,5376627,-6.585202e-02,-3.073170e-02,2.108344e-06,1.649740e-05,5.083581e-04,2.319367e-02
147062784,2253484,1764753408,5386257,-6.596273e-02,-3.051251e-02,2.442123e-06,1.476487e-05,5.888380e-04,2.075791e-02
147324928,2253553,1767899136,5395866,-6.621514e-02,-3.040543e-02,3.294734e-06,1.395345e-05,7.944172e-04,1.961714e-02
147587072,2253605,1771044864,5405493,-6.632374e-02,-3.033369e-02,3.700775e-06,1.342262e-05,8.923206e-04,1.887084e-02
147849216,2253661,1774190592,5414885,-6.631450e-02,-3.022330e-02,3.665315e-06,1.262596e-05,8.837705e-04,1.775082e-02
148111360,2253747,1777336320,5424583,-6.614525e-02,-3.025580e-02,3.045885e-06,1.285797e-05,7.344153e-04,1.807700e-02
148373504,2253852,1780482048,5434397,-6.603333e-02,-3.022737e-02,2.667771e-06,1.265491e-05,6.432455e-04,1.779153e-02
148635648,2254075,1783627776,5443902,-6.619562e-02,-2.995559e-02,3.224250e-06,1.079508e-05,7.774223e-04,1.517679e-02
148897792,2254278,1786773504,5453414,-6.603851e-02,-3.003423e-02,2.684713e-06,1.131805e-05,6.473305e-04,1.591204e-02
149159936,2254392,1789919232,5462783,-6.596917e-02,-3.001488e-02,2.462284e-06,1.118822e-05,5.936992e-04,1.572951e-02
149422080,2254626,1793064960,5472315,-6.591985e-02,-3.001013e-02,2.309926e-06,1.115649e-05,5.569629e-04,1.568489e-02
149684224,2255983,1796210688,5481913,-6.590835e-02,-3.025100e-02,2.275113e-06,1.282356e-05,5.485688e-04,1.802863e-02
149946368,2256711,1799356416,5491436,-6.629251e-02,-3.013813e-02,3.581583e-06,1.202794e-05,8.635814e-04,1.691006e-02
150208512,2257384,1802502144,5501103,-6.632362e-02,-3.020404e-02,3.700288e-06,1.248945e-05,8.922032e-04,1.755890e-02
150470656,2258004,1805647872,5510514,-6.662763e-02,-3.022380e-02,4.962321e-06,1.262948e-05,1.196501e-03,1.775577e-02
150732800,2280891,1808793600,5520069,-6.655593e-02,-3.015076e-02,4.648033e-06,1.211572e-05,1.120721e-03,1.703347e-02
150994944,2280965,1811939328,5529521,-6.651336e-02,-3.006102e-02,4.466279e-06,1.149899e-05,1.076897e-03,1.616641e-02
151257088,2281031,1815085056,5539353,-6.669371e-02,-2.991779e-02,5.261087e-06,1.054815e-05,1.268539e-03,1.482963e-02
151519232,2281206,1818230784,5548834,-6.688171e-02,-2.933781e-02,6.158867e-06,7.117204e-06,1.485009e-03,1.000607e-02
151781376,2281257,1821376512,5558412,-6.691266e-02,-2.938106e-02,6.313441e-06,7.349834e-06,1.522279e-03,1.033312e-02
152043520,2281370,1824522240,5567976,-6.683727e-02,-2.919672e-02,5.940291e-06,6.384309e-06,1.432306e-03,8.975691e-03
152305664,2281370,1827667968,5577785,-6.704323e-02,-2.896726e-02,6.986652e-06,5.277420e-06,1.684602e-03,7.419517e-03
152567808,2281381,1830813696,5587257,-6.737256e-02,-2.903042e-02,8.836102e-06,5.571584e-06,2.130536e-03,7.833082e-03
152829952,2281524,1833959424,5596665,-6.765832e-02,-2.877776e-02,1.061663e-05,4.442636e-06,2.559853e-03,6.245896e-03
153092096,2281610,1837105152,5606077,-6.766990e-02,-2.867369e-02,1.069222e-05,4.014767e-06,2.578078e-03,5.644355e-03
153354240,2281637,1840250880,5615685,-6.779104e-02,-2.884007e-02,1.149917e-05,4.709208e-06,2.772647e-03,6.620669e-03
153616384,2281694,1843396608,5625267,-6.763327e-02,-2.880487e-02,1.045403e-05,4.557681e-06,2.520646e-03,6.407637e-03
153878528,2281815,1846542336,5634962,-6.756712e-02,-2.849406e-02,1.003062e-05,3.327210e-06,2.418555e-03,4.677719e-03
154140672,2281822,1849688064,5644408,-6.777861e-02,-2.847512e-02,1.141499e-05,3.258476e-06,2.752350e-03,4.581086e-03
154402816,2281846,1852833792,5654135,-6.788433e-02,-2.843111e-02,1.214051e-05,3.101497e-06,2.927286e-03,4.360390e-03
154664960,2281931,1855979520,5663675,-6.785522e-02,-2.856284e-02,1.193856e-05,3.582852e-06,2.878591e-03,5.037127e-03
154927104,2281946,1859125248,5673048,-6.772860e-02,-2.829669e-02,1.107957e-05,2.646117e-06,2.671475e-03,3.720172e-03
155189248,2281960,1862270976,5682853,-6.755544e-02,-2.822814e-02,9.956755e-06,2.427806e-06,2.400745e-03,3.413249e-03
155451392,2282087,1865416704,5692503,-6.748210e-02,-2.840941e-02,9.499319e-06,3.025550e-06,2.290450e-03,4.253616e-03
155713536,2282098,1868562432,5702015,-6.756864e-02,-2.827590e-02,1.004030e-05,2.578927e-06,2.420888e-03,3.625709e-03
155975680,2282157,1871708160,5711697,-6.755316e-02,-2.827968e-02,9.942420e-06,2.591074e-06,2.397289e-03,3.642786e-03
156237824,2282174,1874853888,5721112,-6.755840e-02,-2.827898e-02,9.975478e-06,2.588807e-06,2.405260e-03,3.639600e-03
156499968,2282187,1877999616,5730820,-6.774362e-02,-2.839951e-02,1.117979e-05,2.991194e-06,2.695640e-03,4.205316e-03
156762112,2282202,1881145344,5740521,-6.747086e-02,-2.822947e-02,9.430142e-06,2.431940e-06,2.273770e-03,3.419061e-03
157024256,2282262,1884291072,5750229,-6.740542e-02,-2.835035e-02,9.032520e-06,2.823570e-06,2.177896e-03,3.969653e-03
157286400,2282284,1887436800,5759801,-6.735758e-02,-2.825723e-02,8.747250e-06,2.519301e-06,2.109113e-03,3.541882e-03
157548544,2282313,1890582528,5769424,-6.738508e-02,-2.828195e-02,8.910718e-06,2.598394e-06,2.148527e-03,3.653079e-03
157810688,2282317,1893728256,5778856,-6.729541e-02,-2.828042e-02,8.383384e-06,2.593443e-06,2.021378e-03,3.646117e-03
158072832,2282327,1896873984,5788517,-6.725571e-02,-2.812211e-02,8.155041e-06,2.108636e-06,1.966321e-03,2.964529e-03
158334976,2282408,1900019712,5797970,-6.701425e-02,-2.817613e-02,6.834315e-06,2.268437e-06,1.647871e-03,3.189192e-03
158597120,2282431,1903165440,5807410,-6.710163e-02,-2.806931e-02,7.298779e-06,1.958080e-06,1.759861e-03,2.752861e-03
158859264,2282543,1906311168,5817022,-6.708258e-02,-2.841620e-02,7.196244e-06,3.049201e-06,1.735138e-03,4.286868e-03
159121408,2282610,1909456896,5826381,-6.725898e-02,-2.860496e-02,8.173775e-06,3.744058e-06,1.970838e-03,5.263765e-03
159383552,2282628,1912602624,5836004,-6.726889e-02,-2.851531e-02,8.230534e-06,3.405153e-06,1.984523e-03,4.787300e-03
159645696,2282641,1915748352,5845382,-6.721995e-02,-2.834244e-02,7.952106e-06,2.797053e-06,1.917390e-03,3.932373e-03
159907840,2282642,1918894080,5855274,-6.738400e-02,-2.825662e-02,8.904270e-06,2.517350e-06,2.146973e-03,3.539139e-03
160169984,2282674,1922039808,5864945,-6.736980e-02,-2.813615e-02,8.819720e-06,2.149611e-06,2.126587e-03,3.022135e-03
160432128,2282707,1925185536,5874574,-6.735416e-02,-2.792029e-02,8.727033e-06,1.563219e-06,2.104238e-03,2.197727e-03
160694272,2282732,1928331264,5884110,-6.710985e-02,-2.794999e-02,7.343250e-06,1.638382e-06,1.770584e-03,2.303399e-03
160956416,2282733,1931476992,5893748,-6.696421e-02,-2.789230e-02,6.575156e-06,1.494007e-06,1.585383e-03,2.100422e-03
161218560,2282782,1934622720,5903475,-6.692237e-02,-2.797915e-02,6.362359e-06,1.713871e-06,1.534074e-03,2.409529e-03
161480704,2282823,1937768448,5913200,-6.681165e-02,-2.772876e-02,5.816049e-06,1.120983e-06,1.402350e-03,1.575988e-03
161742848,2282834,1940914176,5922702,-6.664891e-02,-2.767553e-02,5.057576e-06,1.011088e-06,1.219469e-03,1.421486e-03
162004992,2282847,1944059904,5932387,-6.635462e-02,-2.783990e-02,3.820520e-06,1.368678e-06,9.211933e-04,1.924222e-03
162267136,2282848,1947205632,5941804,-6.640914e-02,-2.786994e-02,4.036637e-06,1.439852e-06,9.733028e-04,2.024286e-03
162529280,2282873,1950351360,5951450,-6.653718e-02,-2.791671e-02,4.567524e-06,1.554284e-06,1.101309e-03,2.185166e-03
162791424,2283028,1953497088,5961013,-6.675465e-02,-2.800842e-02,5.544385e-06,1.791359e-06,1.336847e-03,2.518469e-03
163053568,2283050,1956642816,5970685,-6.671378e-02,-2.806321e-02,5.353568e-06,1.941045e-06,1.290838e-03,2.728912e-03
163315712,2283146,1959788544,5980319,-6.662357e-02,-2.802340e-02,4.944246e-06,1.831696e-06,1.192143e-03,2.575179e-03
163577856,2283192,1962934272,5989830,-6.644551e-02,-2.794118e-02,4.184120e-06,1.615896e-06,1.008863e-03,2.271786e-03
163840000,2283214,1966080000,5999560,-6.626251e-02,-2.805609e-02,3.468920e-06,1.921238e-06,8.364163e-04,2.701066e-03
164102144,2283341,1969225728,6009289,-6.584819e-02,-2.796965e-02,2.097259e-06,1.689084e-06,5.056853e-04,2.374680e-03
164364288,2283388,1972371456,6018841,-6.586975e-02,-2.809460e-02,2.160154e-06,2.029494e-06,5.208503e-04,2.853263e-03
164626432,2283427,1975517184,6028361,-6.607339e-02,-2.817437e-02,2.800219e-06,2.263121e-06,6.751810e-04,3.181718e-03
164888576,2283512,1978662912,6038166,-6.582581e-02,-2.840941e-02,2.032913e-06,3.025543e-06,4.901704e-04,4.253606e-03
165150720,2283551,1981808640,6047829,-6.591393e-02,-2.837454e-02,2.291978e-06,2.905451e-06,5.526355e-04,4.084769e-03
165412864,2283582,1984954368,6057337,-6.596885e-02,-2.833431e-02,2.461279e-06,2.769918e-06,5.934567e-04,3.894223e-03
165675008,2283752,1988100096,6066846,-6.604154e-02,-2.804263e-02,2.694659e-06,1.884102e-06,6.497288e-04,2.648857e-03
165937152,2283933,1991245824,6076654,-6.605133e-02,-2.801855e-02,2.726872e-06,1.818581e-06,6.574958e-04,2.556740e-03
166199296,2284696,1994391552,6086191,-6.606777e-02,-2.789850e-02,2.781449e-06,1.509213e-06,6.706554e-04,2.121800e-03
166461440,2301802,1997537280,6095867,-6.611145e-02,-2.765922e-02,2.929063e-06,9.785582e-07,7.062475e-04,1.375754e-03
166723584,2302195,2000683008,6105685,-6.615558e-02,-2.766947e-02,3.082062e-06,9.989390e-07,7.431383e-04,1.404407e-03
166985728,2336811,2003828736,6115129,-6.595276e-02,-2.755857e-02,2.411065e-06,7.895554e-07,5.813494e-04,1.110035e-03
167247872,2339080,2006974464,6124655,-6.571639e-02,-2.760186e-02,1.732865e-06,8.683612e-07,4.178237e-04,1.220828e-03
167510016,2343522,2010120192,6134346,-6.576843e-02,-2.767271e-02,1.872589e-06,1.005428e-06,4.515135e-04,1.413530e-03
167772160,2343681,2013265920,6143971,-6.586538e-02,-2.770351e-02,2.147339e-06,1.068153e-06,5.177605e-04,1.501714e-03
168034304,2698141,2016411648,6153817,-6.594628e-02,-2.764837e-02,2.390977e-06,9.571992e-07,5.765059e-04,1.345725e-03
168296448,2698659,2019557376,6163351,-6.605853e-02,-2.768370e-02,2.750719e-06,1.027580e-06,6.632456e-04,1.444673e-03
168558592,2698817,2022703104,6173041,-6.606413e-02,-2.778465e-02,2.769335e-06,1.242436e-06,6.677344e-04,1.746739e-03
168820736,2698851,2025848832,6182669,-6.602447e-02,-2.778401e-02,2.638911e-06,1.241024e-06,6.362869e-04,1.744754e-03
169082880,2698968,2028994560,6192262,-6.601229e-02,-2.782556e-02,2.599481e-06,1.335312e-06,6.267797e-04,1.877313e-03
169345024,2699019,2032140288,6201829,-6.613911e-02,-2.767074e-02,3.024493e-06,1.001472e-06,7.292575e-04,1.407969e-03
169607168,2699048,2035286016,6211439,-6.615843e-02,-2.769866e-02,3.092063e-06,1.058147e-06,7.455498e-04,1.487647e-03
169869312,2699208,2038431744,6221167,-6.606357e-02,-2.795182e-02,2.767451e-06,1.643068e-06,6.672799e-04,2.309987e-03
170131456,2699311,2041577472,6230940,-6.617639e-02,-2.828707e-02,3.155561e-06,2.614922e-06,7.608600e-04,3.676316e-03
170393600,2699464,2044723200,6240401,-6.612816e-02,-2.847210e-02,2.986545e-06,3.247564e-06,7.201073e-04,4.565745e-03
170655744,2699573,2047868928,6250017,-6.612980e-02,-2.845968e-02,2.992187e-06,3.202947e-06,7.214677e-04,4.503018e-03
170917888,2699651,2051014656,6259715,-6.604221e-02,-2.859521e-02,2.696837e-06,3.706425e-06,6.502538e-04,5.210857e-03
171180032,2699669,2054160384,6269326,-6.585632e-02,-2.862213e-02,2.120847e-06,3.810806e-06,5.113728e-04,5.357607e-03
171442176,2699670,2057306112,6278949,-6.588031e-02,-2.881732e-02,2.191299e-06,4.610986e-06,5.283600e-04,6.482578e-03
171704320,2699685,2060451840,6288355,-6.569340e-02,-2.874748e-02,1.672880e-06,4.315918e-06,4.033601e-04,6.067744e-03
171966464,2699691,2063597568,6298065,-6.575722e-02,-2.907021e-02,1.842046e-06,5.761018e-06,4.441492e-04,8.099407e-03
172228608,2699709,2066743296,6307580,-6.569985e-02,-2.909792e-02,1.689612e-06,5.894781e-06,4.073945e-04,8.287463e-03
172490752,2699810,2069889024,6317317,-6.574829e-02,-2.909950e-02,1.817877e-06,5.902490e-06,4.383216e-04,8.298302e-03
172752896,2699867,2073034752,6326977,-6.566131e-02,-2.920129e-02,1.590900e-06,6.407411e-06,3.835933e-04,9.008169e-03
173015040,2699975,2076180480,6336984,-6.574026e-02,-2.928913e-02,1.796304e-06,6.859855e-06,4.331198e-04,9.644260e-03
173277184,2700010,2079326208,6346801,-6.535462e-02,-2.944673e-02,9.112862e-07,7.710234e-06,2.197268e-04,1.083981e-02
173539328,2700018,2082471936,6356431,-6.529932e-02,-2.965591e-02,8.087673e-07,8.915667e-06,1.950077e-04,1.253452e-02
173801472,2700063,2085617664,6365792,-6.543684e-02,-2.968488e-02,1.075032e-06,9.089486e-06,2.592088e-04,1.277890e-02
174063616,2700144,2088763392,6375274,-6.553550e-02,-2.968154e-02,1.289356e-06,9.069348e-06,3.108860e-04,1.275058e-02
174325760,2700157,2091909120,6384805,-6.555524e-02,-2.951566e-02,1.334568e-06,8.097770e-06,3.217873e-04,1.138464e-02
174587904,2700187,2095054848,6394493,-6.555356e-02,-2.987899e-02,1.330697e-06,1.029761e-05,3.208540e-04,1.447740e-02
174850048,2700200,2098200576,6404080,-6.541673e-02,-2.978641e-02,1.033737e-06,9.712025e-06,2.492518e-04,1.365412e-02
175112192,2700209,2101346304,6413697,-6.531804e-02,-2.958546e-02,8.427941e-07,8.499921e-06,2.032122e-04,1.195003e-02
175374336,2700245,2104492032,6423244,-6.512882e-02,-2.941701e-02,5.311725e-07,7.546077e-06,1.280748e-04,1.060902e-02
175636480,2700276,2107637760,6433017,-6.500742e-02,-2.954512e-02,3.689542e-07,8.266301e-06,8.896122e-05,1.162158e-02
175898624,2700278,2110783488,6442710,-6.503247e-02,-2.953461e-02,4.000213e-07,8.205992e-06,9.645201e-05,1.153679e-02
176160768,2700305,2113929216,6452152,-6.519821e-02,-2.950246e-02,6.371281e-07,8.022836e-06,1.536226e-04,1.127929e-02
176422912,2700313,2117074944,6461581,-6.512838e-02,-2.942339e-02,5.305319e-07,7.581146e-06,1.279204e-04,1.065832e-02
176685056,2700314,2120220672,6471233,-6.513965e-02,-2.918191e-02,5.470806e-07,6.309716e-06,1.319105e-04,8.870821e-03
176947200,2700348,2123366400,6480818,-6.512611e-02,-2.916703e-02,5.272375e-07,6.235142e-06,1.271260e-04,8.765977e-03
177209344,2700382,2126512128,6490510,-6.493535e-02,-2.913119e-02,2.865959e-07,6.057453e-06,6.910322e-05,8.516165e-03
177471488,2700385,2129657856,6500266,-6.508197e-02,-2.937961e-02,4.650784e-07,7.342009e-06,1.121384e-04,1.032212e-02
177733632,2700424,2132803584,6509679,-6.513455e-02,-2.947713e-02,5.395568e-07,7.880006e-06,1.300964e-04,1.107849e-02
177995776,2700444,2135949312,6519180,-6.517881e-02,-2.934731e-02,6.065438e-07,7.167980e-06,1.462482e-04,1.007745e-02
178257920,2700501,2139095040,6528719,-6.501048e-02,-2.946766e-02,3.726837e-07,7.826920e-06,8.986045e-05,1.100385e-02
178520064,2700515,2142240768,6538290,-6.505532e-02,-2.955492e-02,4.294388e-07,8.322778e-06,1.035451e-04,1.170098e-02
178782208,2700532,2145386496,6547944,-6.516614e-02,-2.936966e-02,5.869640e-07,7.288155e-06,1.415271e-04,1.024641e-02
179044352,2700542,2148532224,6557419,-6.526406e-02,-2.937903e-02,7.465975e-07,7.338870e-06,1.800175e-04,1.031771e-02
179306496,2700551,2151677952,6567088,-6.532139e-02,-2.951357e-02,8.489613e-07,8.085901e-06,2.046992e-04,1.136796e-02
179568640,2700613,2154823680,6576558,-6.536658e-02,-2.948585e-02,9.342745e-07,7.929033e-06,2.252697e-04,1.114742e-02
179830784,2700693,2157969408,6586230,-6.534586e-02,-2.937762e-02,8.946486e-07,7.331232e-06,2.157152e-04,1.030697e-02
180092928,2700704,2161115136,6595871,-6.546862e-02,-2.922128e-02,1.141953e-06,6.509020e-06,2.753445e-04,9.151021e-03
180355072,2700752,2164260864,6605531,-6.544084e-02,-2.935109e-02,1.083345e-06,7.188241e-06,2.612132e-04,1.010594e-02
180617216,2700803,2167406592,6615192,-6.544764e-02,-2.946135e-02,1.097536e-06,7.791628e-06,2.646348e-04,1.095424e-02
180879360,2700821,2170552320,6624807,-6.552648e-02,-2.955745e-02,1.268947e-06,8.337390e-06,3.059650e-04,1.172152e-02
181141504,2700962,2173698048,6634392,-6.565368e-02,-2.984278e-02,1.571712e-06,1.006656e-05,3.789669e-04,1.415257e-02
181403648,2701142,2176843776,6644165,-6.564062e-02,-3.004816e-02,1.539134e-06,1.141194e-05,3.711118e-04,1.604403e-02
181665792,2701189,2179989504,6653678,-6.577401e-02,-2.996223e-02,1.887893e-06,1.083878e-05,4.552036e-04,1.523823e-02
181927936,2701227,2183135232,6663191,-6.574243e-02,-2.994566e-02,1.802100e-06,1.072998e-05,4.345174e-04,1.508526e-02
182190080,2701238,2186280960,6672877,-6.552251e-02,-2.991594e-02,1.260016e-06,1.053612e-05,3.038117e-04,1.481271e-02
182452224,2701370,2189426688,6682753,-6.543028e-02,-2.973300e-02,1.061464e-06,9.381996e-06,2.559373e-04,1.319014e-02
182714368,2701803,2192572416,6692208,-6.532317e-02,-2.986968e-02,8.522321e-07,1.023799e-05,2.054878e-04,1.439357e-02
182976512,2701836,2195718144,6701909,-6.548546e-02,-2.990628e-02,1.178208e-06,1.047353e-05,2.840862e-04,1.472471e-02
183238656,2703303,2198863872,6711629,-6.527598e-02,-2.981953e-02,7.673404e-07,9.919527e-06,1.850190e-04,1.394585e-02
183500800,2703393,2202009600,6721141,-6.534548e-02,-2.983737e-02,8.939300e-07,1.003222e-05,2.155419e-04,1.410429e-02
183762944,2705285,2205155328,6730805,-6.532575e-02,-2.979869e-02,8.570122e-07,9.788729e-06,2.066404e-04,1.376196e-02
184025088,2706064,2208301056,6740428,-6.513692e-02,-2.981055e-02,5.430431e-07,9.863055e-06,1.309370e-04,1.386646e-02
184287232,2733727,2211446784,6749925,-6.506016e-02,-2.978007e-02,4.358095e-07,9.672523e-06,1.050812e-04,1.359858e-02
184549376,2733731,2214592512,6759574,-6.485120e-02,-2.960111e-02,2.035812e-07,8.591387e-06,4.908693e-05,1.207862e-02
184811520,2734018,2217738240,6769324,-6.492426e-02,-2.972423e-02,2.748409e-07,9.328295e-06,6.626885e-05,1.311464e-02
185073664,2734043,2220883968,6778616,-6.484389e-02,-2.976672e-02,1.970389e-07,9.589665e-06,4.750948e-05,1.348210e-02
185335808,2734197,2224029696,6788371,-6.498101e-02,-2.981972e-02,3.375740e-07,9.920747e-06,8.139491e-05,1.394757e-02
185597952,2734252,2227175424,6797967,-6.513622e-02,-2.980307e-02,5.420223e-07,9.816149e-06,1.306909e-04,1.380051e-02
185860096,2734275,2230321152,6807658,-6.516536e-02,-2.992554e-02,5.857659e-07,1.059854e-05,1.412382e-04,1.490048e-02
186122240,2734353,2233466880,6817243,-6.539369e-02,-3.003449e-02,9.874078e-07,1.131982e-05,2.380810e-04,1.591452e-02
186384384,2734440,2236612608,6826851,-6.539872e-02,-3.024333e-02,9.974278e-07,1.276870e-05,2.404970e-04,1.795150e-02
186646528,2734480,2239758336,6836290,-6.541084e-02,-3.032452e-02,1.021803e-06,1.335551e-05,2.463743e-04,1.877649e-02
186908672,2734581,2242904064,6845751,-6.545163e-02,-3.036680e-02,1.105920e-06,1.366635e-05,2.666563e-04,1.921351e-02
187170816,2734669,2246049792,6855369,-6.542293e-02,-3.037617e-02,1.046381e-06,1.373568e-05,2.523003e-04,1.931098e-02
187432960,2734714,2249195520,6864713,-6.517185e-02,-3.042869e-02,5.957530e-07,1.412775e-05,1.436463e-04,1.986217e-02
187695104,2734838,2252341248,6874465,-6.543887e-02,-3.053480e-02,1.079239e-06,1.493667e-05,2.602231e-04,2.099944e-02
187957248,2735105,2255486976,6884125,-6.531850e-02,-3.050343e-02,8.436288e-07,1.469518e-05,2.034134e-04,2.065994e-02
188219392,2735105,2258632704,6893874,-6.512053e-02,-3.052475e-02,5.191646e-07,1.485908e-05,1.251795e-04,2.089036e-02
188481536,2735164,2261778432,6903522,-6.534662e-02,-3.044623e-02,8.960868e-07,1.425994e-05,2.160620e-04,2.004803e-02
188743680,2735173,2264924160,6913248,-6.521890e-02,-3.038807e-02,6.705862e-07,1.382406e-05,1.616899e-04,1.943523e-02
189005824,2735291,2268069888,6922749,-6.504165e-02,-3.036694e-02,4.117166e-07,1.366737e-05,9.927195e-05,1.921494e-02
189267968,2735308,2271215616,6932337,-6.512002e-02,-3.047677e-02,5.184240e-07,1.449151e-05,1.250010e-04,2.037359e-02
189530112,2735312,2274361344,6942075,-6.521734e-02,-3.061824e-02,6.680384e-07,1.558858e-05,1.610756e-04,2.191596e-02
189792256,2735316,2277507072,6951859,-6.531568e-02,-3.064781e-02,8.384632e-07,1.582296e-05,2.021679e-04,2.224548e-02
190054400,2735385,2280652800,6961566,-6.514610e-02,-3.096500e-02,5.566558e-07,1.844703e-05,1.342193e-04,2.593466e-02
190316544,2735387,2283798528,6971272,-6.501018e-02,-3.098631e-02,3.723108e-07,1.863053e-05,8.977055e-05,2.619263e-02
190578688,2735394,2286944256,6980954,-6.519792e-02,-3.097782e-02,6.366762e-07,1.855736e-05,1.535136e-04,2.608976e-02
190840832,2735469,2290089984,6990637,-6.504431e-02,-3.099942e-02,4.151275e-07,1.874391e-05,1.000944e-04,2.635205e-02
191102976,2735477,2293235712,7000199,-6.508283e-02,-3.105849e-02,4.662579e-07,1.925885e-05,1.124228e-04,2.707599e-02
191365120,2735645,2296381440,7009704,-6.498810e-02,-3.107788e-02,3.458577e-07,1.942940e-05,8.339225e-05,2.731576e-02
191627264,2735675,2299527168,7019290,-6.512390e-02,-3.099125e-02,5.240289e-07,1.867318e-05,1.263524e-04,2.625259e-02
191889408,2735690,2302672896,7028763,-6.512074e-02,-3.116119e-02,5.194652e-07,2.017082e-05,1.252520e-04,2.835812e-02
192151552,2735782,2305818624,7038494,-6.500202e-02,-3.111163e-02,3.624303e-07,1.972808e-05,8.738817e-05,2.773567e-02
192413696,2735802,2308964352,7048107,-6.512911e-02,-3.132904e-02,5.315961e-07,2.170662e-05,1.281770e-04,3.051730e-02
192675840,2735806,2312110080,7057668,-6.510250e-02,-3.159779e-02,4.934963e-07,2.428308e-05,1.189904e-04,3.413954e-02
192937984,2735936,2315255808,7067349,-6.519953e-02,-3.176912e-02,6.392470e-07,2.600098e-05,1.541335e-04,3.655475e-02
193200128,2735940,2318401536,7076906,-6.503955e-02,-3.194698e-02,4.090152e-07,2.784652e-05,9.862060e-05,3.914938e-02
193462272,2735957,2321547264,7086734,-6.512044e-02,-3.192811e-02,5.190357e-07,2.764777e-05,1.251485e-04,3.886997e-02
193724416,2735966,2324692992,7096289,-6.520126e-02,-3.192736e-02,6.420141e-07,2.763982e-05,1.548006e-04,3.885878e-02
193986560,2735974,2327838720,7105741,-6.514563e-02,-3.186885e-02,5.559667e-07,2.702807e-05,1.340531e-04,3.799873e-02
194248704,2736025,2330984448,7115389,-6.524947e-02,-3.178293e-02,7.216001e-07,2.614201e-05,1.739902e-04,3.675301e-02
194510848,2736030,2334130176,7125112,-6.516386e-02,-3.195606e-02,5.834758e-07,2.794241e-05,1.406861e-04,3.928420e-02
194772992,2736053,2337275904,7134692,-6.520835e-02,-3.187088e-02,6.534189e-07,2.704915e-05,1.575505e-04,3.802836e-02
195035136,2736118,2340421632,7144416,-6.524953e-02,-3.178870e-02,7.216887e-07,2.620105e-05,1.740116e-04,3.683602e-02
195297280,2736123,2343567360,7154195,-6.527941e-02,-3.171849e-02,7.733565e-07,2.548728e-05,1.864696e-04,3.583253e-02
195559424,2736125,2346713088,7163982,-6.518571e-02,-3.166784e-02,6.173377e-07,2.497837e-05,1.488508e-04,3.511705e-02
195821568,2736155,2349858816,7173631,-6.512778e-02,-3.137903e-02,5.296531e-07,2.217499e-05,1.277085e-04,3.117579e-02
196083712,2736228,2353004544,7183150,-6.512558e-02,-3.158730e-02,5.264588e-07,2.417983e-05,1.269383e-04,3.399440e-02
196345856,2736246,2356150272,7192909,-6.528632e-02,-3.152291e-02,7.855518e-07,2.355071e-05,1.894101e-04,3.310991e-02
196608000,2736334,2359296000,7202728,-6.531899e-02,-3.162644e-02,8.445323e-07,2.456627e-05,2.036313e-04,3.453768e-02
196870144,2736437,2362441728,7212334,-6.527906e-02,-3.138886e-02,7.727407e-07,2.226765e-05,1.863211e-04,3.130605e-02
197132288,2736557,2365587456,7221867,-6.538278e-02,-3.142526e-02,9.658493e-07,2.261250e-05,2.328829e-04,3.179088e-02
197394432,2736611,2368733184,7231274,-6.548241e-02,-3.145815e-02,1.171602e-06,2.292636e-05,2.824933e-04,3.223213e-02
197656576,2736753,2371878912,7240889,-6.547333e-02,-3.150138e-02,1.152039e-06,2.334226e-05,2.777764e-04,3.281685e-02
197918720,2736766,2375024640,7250708,-6.540309e-02,-3.153906e-02,1.006183e-06,2.370779e-05,2.426080e-04,3.333074e-02
198180864,2736863,2378170368,7260274,-6.538245e-02,-3.146675e-02,9.652050e-07,2.300880e-05,2.327275e-04,3.234804e-02
198443008,2736866,2381316096,7269768,-6.521779e-02,-3.153401e-02,6.687693e-07,2.365858e-05,1.612518e-04,3.326157e-02
198705152,2736991,2384461824,7279382,-6.511620e-02,-3.145427e-02,5.129346e-07,2.288927e-05,1.236774e-04,3.217999e-02
198967296,2737087,2387607552,7289055,-6.501847e-02,-3.135287e-02,3.824993e-07,2.192924e-05,9.222716e-05,3.083029e-02
199229440,2737118,2390753280,7298745,-6.514452e-02,-3.142834e-02,5.543013e-07,2.264181e-05,1.336516e-04,3.183209e-02
199491584,2737364,2393899008,7308481,-6.524304e-02,-3.154424e-02,7.107050e-07,2.375820e-05,1.713632e-04,3.340163e-02
199753728,2738051,2397044736,7318119,-6.526645e-02,-3.147027e-02,7.507234e-07,2.304262e-05,1.810123e-04,3.239559e-02
200015872,2758861,2400190464,7327786,-6.523949e-02,-3.139864e-02,7.047379e-07,2.236003e-05,1.699245e-04,3.143594e-02
200278016,2759188,2403336192,7337389,-6.544538e-02,-3.148007e-02,1.092811e-06,2.313682e-05,2.634956e-04,3.252802e-02
200540160,2790152,2406481920,7347112,-6.546448e-02,-3.162564e-02,1.133116e-06,2.455841e-05,2.732139e-04,3.452662e-02
200802304,2790540,2409627648,7356741,-6.546734e-02,-3.166142e-02,1.139200e-06,2.491429e-05,2.746806e-04,3.502696e-02
201064448,2790593,2412773376,7366191,-6.547414e-02,-3.167246e-02,1.153767e-06,2.502464e-05,2.781930e-04,3.518210e-02
201326592,2792441,2415919104,7375582,-6.555746e-02,-3.166787e-02,1.339720e-06,2.497867e-05,3.230295e-04,3.511747e-02
201588736,3145181,2419064832,7385408,-6.555102e-02,-3.170555e-02,1.324842e-06,2.535681e-05,3.194422e-04,3.564911e-02
201850880,3145796,2422210560,7395078,-6.549888e-02,-3.169217e-02,1.207534e-06,2.522219e-05,2.911573e-04,3.545984e-02
202113024,3145863,2425356288,7404823,-6.534385e-02,-3.167412e-02,8.908472e-07,2.504119e-05,2.147986e-04,3.520538e-02
202375168,3146114,2428502016,7414257,-6.525634e-02,-3.173965e-02,7.333181e-07,2.570138e-05,1.768156e-04,3.613353e-02
202637312,3146153,2431647744,7423900,-6.542505e-02,-3.163571e-02,1.050714e-06,2.465831e-05,2.533452e-04,3.466708e-02
202899456,3146164,2434793472,7433419,-6.527702e-02,-3.164537e-02,7.691558e-07,2.475430e-05,1.854567e-04,3.480203e-02
203161600,3146327,2437939200,7443222,-6.536720e-02,-3.161635e-02,9.354703e-07,2.446637e-05,2.255580e-04,3.439724e-02
203423744,3146402,2441084928,7452861,-6.524570e-02,-3.166177e-02,7.152094e-07,2.491778e-05,1.724493e-04,3.503188e-02
203685888,3146434,2444230656,7462509,-6.516661e-02,-3.160463e-02,5.876834e-07,2.435053e-05,1.417006e-04,3.423437e-02
203948032,3146464,2447376384,7472063,-6.511667e-02,-3.162591e-02,5.136071e-07,2.456106e-05,1.238395e-04,3.453036e-02
204210176,3146676,2450522112,7481794,-6.494092e-02,-3.190041e-02,2.925940e-07,2.735719e-05,7.054945e-05,3.846143e-02
204472320,3146812,2453667840,7491030,-6.490171e-02,-3.194575e-02,2.517101e-07,2.783354e-05,6.069164e-05,3.913114e-02
204734464,3146829,2456813568,7500737,-6.497592e-02,-3.197615e-02,3.316866e-07,2.815526e-05,7.997536e-05,3.958344e-02
204996608,3146852,2459959296,7510376,-6.502465e-02,-3.207148e-02,3.901867e-07,2.917598e-05,9.408072e-05,4.101846e-02
205258752,3146860,2463105024,7520020,-6.493785e-02,-3.205037e-02,2.892826e-07,2.894840e-05,6.975101e-05,4.069851e-02
205520896,3146905,2466250752,7529537,-6.492659e-02,-3.204020e-02,2.772914e-07,2.883902e-05,6.685973e-05,4.054474e-02
205783040,3146924,2469396480,7539268,-6.494676e-02,-3.195175e-02,2.989393e-07,2.789686e-05,7.207942e-05,3.922017e-02
206045184,3147007,2472542208,7548613,-6.493983e-02,-3.192892e-02,2.914103e-07,2.765628e-05,7.026406e-05,3.888192e-02
206307328,3147020,2475687936,7558329,-6.502629e-02,-3.184084e-02,3.922371e-07,2.673757e-05,9.457512e-05,3.759032e-02
206569472,3147068,2478833664,7568073,-6.501819e-02,-3.171651e-02,3.821584e-07,2.546731e-05,9.214495e-05,3.580445e-02
206831616,3147168,2481979392,7577685,-6.496038e-02,-3.185416e-02,3.140180e-07,2.687548e-05,7.571514e-05,3.778420e-02
207093760,3147219,2485125120,7587440,-6.494579e-02,-3.168445e-02,2.978811e-07,2.514476e-05,7.182425e-05,3.535098e-02
207355904,3147252,2488270848,7597000,-6.466206e-02,-3.157822e-02,6.867506e-08,2.409067e-05,1.655874e-05,3.386904e-02
207618048,3147285,2491416576,7606810,-6.475324e-02,-3.150477e-02,1.247781e-07,2.337503e-05,3.008616e-05,3.286292e-02
207880192,3147317,2494562304,7616452,-6.488404e-02,-3.164732e-02,2.342893e-07,2.477373e-05,5.649119e-05,3.482935e-02
208142336,3147327,2497708032,7626122,-6.483607e-02,-3.165630e-02,1.901549e-07,2.486314e-05,4.584963e-05,3.495505e-02
208404480,3147340,2500853760,7635488,-6.497385e-02,-3.171299e-02,3.292966e-07,2.543172e-05,7.939909e-05,3.575441e-02
208666624,3147366,2503999488,7645044,-6.498983e-02,-3.155976e-02,3.478938e-07,2.390974e-05,8.388318e-05,3.361467e-02
208928768,3147408,2507145216,7654558,-6.494757e-02,-3.151134e-02,2.998280e-07,2.343854e-05,7.229370e-05,3.295222e-02
209190912,3147417,2510290944,7664197,-6.497027e-02,-3.158303e-02,3.252050e-07,2.413787e-05,7.841251e-05,3.393539e-02
209453056,3147423,2513436672,7673793,-6.510840e-02,-3.182088e-02,5.018323e-07,2.653155e-05,1.210004e-04,3.730067e-02
209715200,3147464,2516582400,7683448,-6.505421e-02,-3.185393e-02,4.279851e-07,2.687313e-05,1.031946e-04,3.778089e-02
209977344,3147525,2519728128,7693030,-6.498780e-02,-3.182402e-02,3.455073e-07,2.656395e-05,8.330774e-05,3.734623e-02
210239488,3147528,2522873856,7702843,-6.497835e-02,-3.180129e-02,3.344816e-07,2.633019e-05,8.064929e-05,3.701757e-02
210501632,3147530,2526019584,7712343,-6.484216e-02,-3.180641e-02,1.955074e-07,2.638267e-05,4.714019e-05,3.709136e-02
210763776,3147545,2529165312,7721789,-6.494423e-02,-3.190998e-02,2.961837e-07,2.745739e-05,7.141501e-05,3.860231e-02
211025920,3147547,2532311040,7731643,-6.485921e-02,-3.180872e-02,2.108730e-07,2.640644e-05,5.084510e-05,3.712477e-02
211288064,3147585,2535456768,7741210,-6.478013e-02,-3.168087e-02,1.444978e-07,2.510879e-05,3.484090e-05,3.530042e-02
211550208,3147696,2538602496,7750898,-6.465264e-02,-3.159718e-02,6.382408e-08,2.427713e-05,1.538909e-05,3.413118e-02
211812352,3147718,2541748224,7760541,-6.464300e-02,-3.154933e-02,5.904933e-08,2.380784e-05,1.423781e-05,3.347140e-02
212074496,3147721,2544893952,7770170,-6.452066e-02,-3.148159e-02,1.455936e-08,2.315140e-05,3.510511e-06,3.254852e-02
212336640,3147790,2548039680,7779735,-6.464175e-02,-3.153957e-02,5.844257e-08,2.371268e-05,1.409151e-05,3.333763e-02
212598784,3147805,2551185408,7789452,-6.451672e-02,-3.171570e-02,1.362200e-08,2.545908e-05,3.284500e-06,3.579288e-02
212860928,3147840,2554331136,7799009,-6.442846e-02,-3.188388e-02,8.096169e-10,2.718455e-05,1.952126e-07,3.821873e-02
213123072,3147918,2557476864,7808622,-6.436877e-02,-3.194928e-02,9.754899e-10,2.787082e-05,2.352074e-07,3.918354e-02
213385216,3147933,2560622592,7818297,-6.433616e-02,-3.183561e-02,4.076059e-09,2.668351e-05,9.828082e-07,3.751431e-02
213647360,3147950,2563768320,7827809,-6.437384e-02,-3.194810e-02,6.846825e-10,2.785839e-05,1.650887e-07,3.916607e-02
213909504,3148049,2566914048,7837278,-6.421675e-02,-3.204821e-02,3.358220e-08,2.892515e-05,8.097248e-06,4.066583e-02
214171648,3148099,2570059776,7847045,-6.420154e-02,-3.190417e-02,3.938682e-08,2.739656e-05,9.496839e-06,3.851679e-02
214433792,3148209,2573205504,7856506,-6.428505e-02,-3.194084e-02,1.321294e-08,2.778180e-05,3.185867e-06,3.905839e-02
214695936,3148224,2576351232,7865974,-6.424788e-02,-3.200702e-02,2.314004e-08,2.848379e-05,5.579462e-06,4.004531e-02
214958080,3148545,2579496960,7875494,-6.432670e-02,-3.191982e-02,5.372716e-09,2.756064e-05,1.295454e-06,3.874746e-02
215220224,3148555,2582642688,7885175,-6.414620e-02,-3.205554e-02,6.441648e-08,2.900403e-05,1.553192e-05,4.077672e-02
215482368,3148627,2585788416,7894592,-6.409201e-02,-3.227231e-02,9.485913e-08,3.138591e-05,2.287217e-05,4.412541e-02
215744512,3148642,2588934144,7904344,-6.415615e-02,-3.238403e-02,5.946285e-08,3.265011e-05,1.433752e-05,4.590274e-02
216006656,3148768,2592079872,7913925,-6.424200e-02,-3.232087e-02,2.496541e-08,3.193236e-05,6.019590e-06,4.489366e-02
216268800,3149046,2595225600,7923434,-6.423733e-02,-3.233311e-02,2.646105e-08,3.207081e-05,6.380214e-06,4.508831e-02
216530944,3149372,2598371328,7933160,-6.440779e-02,-3.261363e-02,6.061956e-11,3.532671e-05,1.461642e-08,4.966577e-02
216793088,3150239,2601517056,7942793,-6.442831e-02,-3.250498e-02,8.015810e-10,3.404699e-05,1.932750e-07,4.786662e-02
217055232,3150917,2604662784,7952339,-6.441440e-02,-3.247232e-02,2.072023e-10,3.366692e-05,4.996003e-08,4.733227e-02
217317376,3153246,2607808512,7961862,-6.453864e-02,-3.245043e-02,1.922116e-08,3.341342e-05,4.634553e-06,4.697588e-02
217579520,3154155,2610954240,7971318,-6.463352e-02,-3.226091e-02,5.452977e-08,3.125832e-05,1.314807e-05,4.394602e-02
217841664,3186632,2614099968,7981087,-6.451625e-02,-3.226360e-02,1.351439e-08,3.128836e-05,3.258552e-06,4.398826e-02
218103808,3186696,2617245696,7990615,-6.457813e-02,-3.218627e-02,3.172975e-08,3.042928e-05,7.650590e-06,4.278048e-02
218365952,3186998,2620391424,8000183,-6.454043e-02,-3.214987e-02,1.972018e-08,3.002894e-05,4.754873e-06,4.221764e-02
218628096,3187170,2623537152,8009719,-6.447414e-02,-3.213638e-02,5.496847e-09,2.988132e-05,1.325385e-06,4.201011e-02
218890240,3187217,2626682880,8019402,-6.454254e-02,-3.205385e-02,2.031681e-08,2.898589e-05,4.898734e-06,4.075122e-02
219152384,3187313,2629828608,8028924,-6.453308e-02,-3.226122e-02,1.771089e-08,3.126177e-05,4.270401e-06,4.395088e-02
219414528,3187379,2632974336,8038532,-6.443440e-02,-3.221906e-02,1.183314e-09,3.079211e-05,2.853174e-07,4.329058e-02
219676672,3187454,2636120064,8048151,-6.445739e-02,-3.228893e-02,3.293821e-09,3.157240e-05,7.941970e-07,4.438759e-02
219938816,3187505,2639265792,8058029,-6.437945e-02,-3.230248e-02,4.225554e-10,3.172479e-05,1.018854e-07,4.460185e-02
220200960,3187506,2642411520,8067879,-6.439902e-02,-3.231558e-02,9.672263e-13,3.187260e-05,2.332149e-10,4.480964e-02
220463104,3187669,2645557248,8077314,-6.432156e-02,-3.226938e-02,6.153957e-09,3.135307e-05,1.483825e-06,4.407924e-02
220725248,3187830,2648702976,8087038,-6.443392e-02,-3.229543e-02,1.150230e-09,3.164545e-05,2.773403e-07,4.449029e-02
220987392,3187960,2651848704,8096623,-6.457216e-02,-3.236385e-02,2.963926e-08,3.241994e-05,7.146537e-06,4.557915e-02
221249536,3188032,2654994432,8106183,-6.454298e-02,-3.242294e-02,2.044232e-08,3.309634e-05,4.928995e-06,4.653009e-02
221511680,3188280,2658140160,8115890,-6.439333e-02,-3.230783e-02,4.456524e-11,3.178517e-05,1.074545e-08,4.468672e-02
221773824,3188465,2661285888,8125473,-6.435807e-02,-3.223274e-02,1.758282e-09,3.094403e-05,4.239520e-07,4.350416e-02
222035968,3188509,2664431616,8135161,-6.435916e-02,-3.212836e-02,1.668239e-09,2.979366e-05,4.022412e-07,4.188686e-02
222298112,3188524,2667577344,8144651,-6.432055e-02,-3.205956e-02,6.312778e-09,2.904734e-05,1.522120e-06,4.083761e-02
222560256,3188544,2670723072,8154173,-6.451847e-02,-3.207369e-02,1.403554e-08,2.919989e-05,3.384210e-06,4.105208e-02
222822400,3188603,2673868800,8163720,-6.457487e-02,-3.212467e-02,3.058042e-08,2.975341e-05,7.373465e-06,4.183028e-02
223084544,3188612,2677014528,8173529,-6.475653e-02,-3.222125e-02,1.271155e-07,3.081638e-05,3.064974e-05,4.332471e-02
223346688,3188622,2680160256,8183362,-6.470648e-02,-3.208803e-02,9.392976e-08,2.935509e-05,2.264808e-05,4.127029e-02
223608832,3188648,2683305984,8193048,-6.482599e-02,-3.205767e-02,1.814649e-07,2.902698e-05,4.375431e-05,4.080899e-02
223870976,3188726,2686451712,8202827,-6.489293e-02,-3.214160e-02,2.429730e-07,2.993845e-05,5.858498e-05,4.209042e-02
224133120,3188754,2689597440,8212313,-6.489633e-02,-3.206964e-02,2.463414e-07,2.915610e-05,5.939714e-05,4.099052e-02
224395264,3188763,2692743168,8222073,-6.469563e-02,-3.192929e-02,8.739804e-08,2.766011e-05,2.107317e-05,3.888732e-02
224657408,3188837,2695888896,8231781,-6.481249e-02,-3.182311e-02,1.701451e-07,2.655451e-05,4.102492e-05,3.733294e-02
224919552,3188962,2699034624,8241086,-6.467847e-02,-3.172928e-02,7.754301e-08,2.559633e-05,1.869696e-05,3.598584e-02
225181696,3189117,2702180352,8250704,-6.474116e-02,-3.167479e-02,1.163916e-07,2.504790e-05,2.806401e-05,3.521481e-02
225443840,3189131,2705326080,8260180,-6.474116e-02,-3.164684e-02,1.163865e-07,2.476898e-05,2.806279e-05,3.482267e-02
225705984,3189143,2708471808,8269709,-6.486234e-02,-3.182319e-02,2.137567e-07,2.655539e-05,5.154043e-05,3.733418e-02
225968128,3189153,2711617536,8279376,-6.491850e-02,-3.183747e-02,2.688431e-07,2.670276e-05,6.482271e-05,3.754137e-02
226230272,3189192,2714763264,8288961,-6.491384e-02,-3.201177e-02,2.640282e-07,2.853451e-05,6.366175e-05,4.011663e-02
226492416,3189215,2717908992,8298752,-6.469891e-02,-3.210906e-02,8.934710e-08,2.958337e-05,2.154312e-05,4.159122e-02
226754560,3189222,2721054720,8308417,-6.469075e-02,-3.206733e-02,8.453641e-08,2.913116e-05,2.038318e-05,4.095546e-02
227016704,3189232,2724200448,8318050,-6.468626e-02,-3.191360e-02,8.194407e-08,2.749539e-05,1.975813e-05,3.865574e-02
227278848,3189288,2727346176,8327368,-6.471290e-02,-3.185069e-02,9.790302e-08,2.683953e-05,2.360610e-05,3.773366e-02
227540992,3189309,2730491904,8337065,-6.463856e-02,-3.177728e-02,5.691094e-08,2.608433e-05,1.372221e-05,3.667192e-02
227803136,3189372,2733637632,8346577,-6.465849e-02,-3.180416e-02,6.681731e-08,2.635963e-05,1.611080e-05,3.705897e-02
228065280,3189486,2736783360,8356239,-6.467306e-02,-3.164609e-02,7.455976e-08,2.476145e-05,1.797764e-05,3.481209e-02
228327424,3189506,2739929088,8365749,-6.448661e-02,-3.160689e-02,7.500521e-09,2.437285e-05,1.808505e-06,3.426576e-02
228589568,3189523,2743074816,8375311,-6.445297e-02,-3.156123e-02,2.805416e-09,2.392417e-05,6.764341e-07,3.363495e-02
228851712,3189627,2746220544,8385074,-6.438797e-02,-3.153979e-02,1.447856e-10,2.371490e-05,3.491029e-08,3.334074e-02
229113856,3189634,2749366272,8394785,-6.444329e-02,-3.156162e-02,1.873840e-09,2.392796e-05,4.518151e-07,3.364028e-02
229376000,3189688,2752512000,8404454,-6.447694e-02,-3.158231e-02,5.920094e-09,2.413080e-05,1.427437e-06,3.392546e-02
229638144,3189748,2755657728,8413977,-6.454302e-02,-3.167161e-02,2.045297e-08,2.501610e-05,4.931564e-06,3.517010e-02
229900288,3189827,2758803456,8423595,-6.448291e-02,-3.176381e-02,6.874078e-09,2.594691e-05,1.657459e-06,3.647872e-02
230162432,3189957,2761949184,8433154,-6.435811e-02,-3.183828e-02,1.755159e-09,2.671108e-05,4.231990e-07,3.755306e-02
230424576,3190069,2765094912,8442559,-6.440096e-02,-3.170983e-02,9.237611e-13,2.539990e-05,2.227347e-10,3.570969e-02
230686720,3190095,2768240640,8451924,-6.431552e-02,-3.165575e-02,7.137231e-09,2.485776e-05,1.720909e-06,3.494748e-02
230948864,3190119,2771386368,8461240,-6.437270e-02,-3.167544e-02,7.452314e-10,2.505443e-05,1.796881e-07,3.522398e-02
231211008,3190211,2774532096,8470799,-6.444345e-02,-3.174512e-02,1.887410e-09,2.575689e-05,4.550871e-07,3.621158e-02
231473152,3190376,2777677824,8480355,-6.448232e-02,-3.168503e-02,6.776824e-09,2.515055e-05,1.634009e-06,3.535912e-02
231735296,3190434,2780823552,8490075,-6.459577e-02,-3.154227e-02,3.832646e-08,2.373903e-05,9.241170e-06,3.337467e-02
231997440,3190456,2783969280,8499607,-6.458174e-02,-3.173909e-02,3.302745e-08,2.569567e-05,7.963487e-06,3.612551e-02
232259584,3190488,2787115008,8509384,-6.461378e-02,-3.165100e-02,4.570168e-08,2.481038e-05,1.101946e-05,3.488088e-02
232521728,3190495,2790260736,8519000,-6.457812e-02,-3.149116e-02,3.172710e-08,2.324359e-05,7.649950e-06,3.267813e-02
232783872,3190671,2793406464,8528565,-6.458004e-02,-3.160144e-02,3.241290e-08,2.431907e-05,7.815308e-06,3.419014e-02
233046016,3190751,2796552192,8538339,-6.440974e-02,-3.162429e-02,9.482687e-11,2.454500e-05,2.286439e-08,3.450779e-02
233308160,3191529,2799697920,8547909,-6.443104e-02,-3.155940e-02,9.634269e-10,2.390620e-05,2.322988e-07,3.360970e-02
233570304,3216110,2802843648,8557591,-6.429899e-02,-3.153998e-02,1.020402e-08,2.371671e-05,2.460366e-06,3.334329e-02
233832448,3216239,2805989376,8567234,-6.432187e-02,-3.147212e-02,6.104959e-09,2.306037e-05,1.472011e-06,3.242053e-02
234094592,3237654,2809135104,8576867,-6.442373e-02,-3.139379e-02,5.631176e-10,2.231422e-05,1.357774e-07,3.137153e-02
234356736,3237787,2812280832,8586488,-6.444412e-02,-3.158001e-02,1.946123e-09,2.410819e-05,4.692439e-07,3.389367e-02
234618880,3243630,2815426560,8595798,-6.423152e-02,-3.151626e-02,2.838550e-08,2.348622e-05,6.844234e-06,3.301924e-02
234881024,3245852,2818572288,8605261,-6.430469e-02,-3.163913e-02,9.083582e-09,2.469225e-05,2.190208e-06,3.471480e-02
235143168,3592341,2821718016,8614963,-6.438921e-02,-3.166829e-02,1.165513e-10,2.498295e-05,2.810252e-08,3.512349e-02
235405312,3592754,2824863744,8624480,-6.427132e-02,-3.159773e-02,1.656020e-08,2.428249e-05,3.992949e-06,3.413872e-02
235667456,3592954,2828009472,8634282,-6.428999e-02,-3.149380e-02,1.210336e-08,2.326907e-05,2.918329e-06,3.271395e-02
235929600,3593097,2831155200,8643976,-6.445634e-02,-3.151011e-02,3.173501e-09,2.342664e-05,7.651859e-07,3.293549e-02
236191744,3593272,2834300928,8653764,-6.439315e-02,-3.142057e-02,4.698464e-11,2.256792e-05,1.132881e-08,3.172820e-02
236453888,3593283,2837446656,8663278,-6.434394e-02,-3.141554e-02,3.143354e-09,2.252020e-05,7.579167e-07,3.166111e-02
236716032,3593294,2840592384,8672747,-6.423906e-02,-3.160829e-02,2.590168e-08,2.438669e-05,6.245342e-06,3.428521e-02
236978176,3593332,2843738112,8682302,-6.428488e-02,-3.164766e-02,1.325408e-08,2.477706e-05,3.195787e-06,3.483404e-02
237240320,3593494,2846883840,8691919,-6.431247e-02,-3.184374e-02,7.662704e-09,2.676756e-05,1.847610e-06,3.763247e-02
237502464,3593581,2850029568,8701509,-6.425724e-02,-3.181141e-02,2.038058e-08,2.643413e-05,4.914109e-06,3.716370e-02
237764608,3593641,2853175296,8711234,-6.426776e-02,-3.187287e-02,1.748751e-08,2.706988e-05,4.216541e-06,3.805751e-02
238026752,3593709,2856321024,8720824,-6.428576e-02,-3.184916e-02,1.305072e-08,2.682371e-05,3.146753e-06,3.771142e-02
238288896,3593744,2859466752,8730422,-6.429490e-02,-3.170302e-02,1.104557e-08,2.533127e-05,2.663277e-06,3.561320e-02
238551040,3593768,2862612480,8740132,-6.444776e-02,-3.167321e-02,2.280848e-09,2.503213e-05,5.499517e-07,3.519264e-02
238813184,3593795,2865758208,8749660,-6.441876e-02,-3.174266e-02,3.519587e-10,2.573187e-05,8.486331e-08,3.617640e-02
239075328,3593858,2868903936,8759313,-6.435085e-02,-3.192175e-02,2.415868e-09,2.758090e-05,5.825074e-07,3.877595e-02
239337472,3594063,2872049664,8768883,-6.442308e-02,-3.196687e-02,5.327740e-10,2.805686e-05,1.284610e-07,3.944510e-02
239599616,3594078,2875195392,8778653,-6.448044e-02,-3.198161e-02,6.470025e-09,2.821324e-05,1.560035e-06,3.966496e-02
239861760,3594132,2878341120,8788218,-6.455516e-02,-3.197648e-02,2.407411e-08,2.815869e-05,5.804683e-06,3.958827e-02
240123904,3594133,2881486848,8797669,-6.467344e-02,-3.202287e-02,7.476741e-08,2.865323e-05,1.802771e-05,4.028354e-02
240386048,3594186,2884632576,8807175,-6.458984e-02,-3.211197e-02,3.603670e-08,2.961499e-05,8.689069e-06,4.163567e-02
240648192,3594221,2887778304,8816832,-6.466023e-02,-3.215238e-02,6.771779e-08,3.005654e-05,1.632793e-05,4.225645e-02
240910336,3594342,2890924032,8826270,-6.472746e-02,-3.217890e-02,1.072304e-07,3.034796e-05,2.585509e-05,4.266615e-02
241172480,3594387,2894069760,8835890,-6.482264e-02,-3.230918e-02,1.786260e-07,3.180034e-05,4.306979e-05,4.470804e-02
241434624,3594490,2897215488,8845514,-6.487306e-02,-3.229867e-02,2.237855e-07,3.168196e-05,5.395854e-05,4.454163e-02
241696768,3594552,2900361216,8855147,-6.494465e-02,-3.235443e-02,2.966381e-07,3.231270e-05,7.152454e-05,4.542838e-02
241958912,3594562,2903506944,8864785,-6.491570e-02,-3.243645e-02,2.659459e-07,3.325194e-05,6.412413e-05,4.674885e-02
242221056,3594566,2906652672,8874633,-6.490601e-02,-3.249035e-02,2.560423e-07,3.387653e-05,6.173620e-05,4.762696e-02
242483200,3594579,2909798400,8884255,-6.495522e-02,-3.248282e-02,3.082662e-07,3.378890e-05,7.432830e-05,4.750376e-02
242745344,3594579,2912944128,8893869,-6.503276e-02,-3.245021e-02,4.003795e-07,3.341088e-05,9.653840e-05,4.697230e-02
243007488,3594581,2916089856,8903403,-6.508529e-02,-3.228112e-02,4.696217e-07,3.148467e-05,1.132339e-04,4.426425e-02
243269632,3594596,2919235584,8913052,-6.504703e-02,-3.211795e-02,4.186392e-07,2.968018e-05,1.009411e-04,4.172732e-02
243531776,3594670,2922381312,8922723,-6.490465e-02,-3.217235e-02,2.546643e-07,3.027588e-05,6.140395e-05,4.256482e-02
243793920,3594699,2925527040,8932525,-6.494037e-02,-3.214959e-02,2.919978e-07,3.002588e-05,7.040572e-05,4.221334e-02
244056064,3594713,2928672768,8942184,-6.496274e-02,-3.211967e-02,3.166706e-07,2.969890e-05,7.635473e-05,4.175363e-02
244318208,3594729,2931818496,8951965,-6.500841e-02,-3.213712e-02,3.701590e-07,2.988939e-05,8.925172e-05,4.202144e-02
244580352,3594735,2934964224,8961683,-6.496634e-02,-3.222087e-02,3.207421e-07,3.081216e-05,7.733644e-05,4.331878e-02
244842496,3594802,2938109952,8971366,-6.488429e-02,-3.230069e-02,2.345346e-07,3.170465e-05,5.655034e-05,4.457353e-02
245104640,3594814,2941255680,8980821,-6.506663e-02,-3.232413e-02,4.443900e-07,3.196917e-05,1.071501e-04,4.494540e-02
245366784,3594832,2944401408,8990403,-6.513966e-02,-3.236290e-02,5.470916e-07,3.240917e-05,1.319132e-04,4.556400e-02
245628928,3594864,2947547136,9000106,-6.515092e-02,-3.233043e-02,5.638722e-07,3.204048e-05,1.359593e-04,4.504567e-02
245891072,3594980,2950692864,9009768,-6.502889e-02,-3.245473e-02,3.955009e-07,3.346314e-05,9.536207e-05,4.704578e-02
246153216,3594982,2953838592,9019447,-6.513533e-02,-3.249236e-02,5.407067e-07,3.389986e-05,1.303737e-04,4.765976e-02
246415360,3595054,2956984320,9029055,-6.497908e-02,-3.245698e-02,3.353354e-07,3.348909e-05,8.085513e-05,4.708226e-02
246677504,3595172,2960130048,9038471,-6.502557e-02,-3.250314e-02,3.913324e-07,3.402547e-05,9.435698e-05,4.783637e-02
246939648,3595226,2963275776,9048135,-6.510524e-02,-3.254094e-02,4.973560e-07,3.446794e-05,1.199211e-04,4.845842e-02
247201792,3595239,2966421504,9057941,-6.513935e-02,-3.250467e-02,5.466288e-07,3.404338e-05,1.318016e-04,4.786154e-02
247463936,3595241,2969567232,9067871,-6.508990e-02,-3.236499e-02,4.759537e-07,3.243288e-05,1.147606e-04,4.559734e-02
247726080,3595355,2972712960,9077370,-6.518582e-02,-3.224067e-02,6.175134e-07,3.103241e-05,1.488931e-04,4.362842e-02
247988224,3595373,2975858688,9086697,-6.509496e-02,-3.238557e-02,4.829699e-07,3.266778e-05,1.164524e-04,4.592758e-02
248250368,3595392,2979004416,9096542,-6.523177e-02,-3.242433e-02,6.918378e-07,3.311237e-05,1.668140e-04,4.655263e-02
248512512,3595555,2982150144,9106008,-6.527606e-02,-3.229810e-02,7.674709e-07,3.167546e-05,1.850504e-04,4.453249e-02
248774656,3595805,2985295872,9115524,-6.514156e-02,-3.221717e-02,5.499057e-07,3.077111e-05,1.325918e-04,4.326106e-02
249036800,3595926,2988441600,9125223,-6.512401e-02,-3.223287e-02,5.241799e-07,3.094552e-05,1.263888e-04,4.350626e-02
249298944,3596050,2991587328,9134749,-6.506801e-02,-3.208182e-02,4.462296e-07,2.928780e-05,1.075936e-04,4.117567e-02
249561088,3596175,2994733056,9144229,-6.508838e-02,-3.202763e-02,4.738588e-07,2.870419e-05,1.142555e-04,4.035517e-02
249823232,3596375,2997878784,9153864,-6.506696e-02,-3.201326e-02,4.448371e-07,2.855039e-05,1.072579e-04,4.013895e-02
250085376,3596737,3001024512,9163599,-6.491727e-02,-3.210843e-02,2.675698e-07,2.957648e-05,6.451568e-05,4.158153e-02
250347520,3596992,3004170240,9173285,-6.484626e-02,-3.227255e-02,1.991480e-07,3.138854e-05,4.801800e-05,4.412910e-02
250609664,3598508,3007315968,9182932,-6.494279e-02,-3.239945e-02,2.946207e-07,3.282655e-05,7.103812e-05,4.615081e-02
250871808,3601075,3010461696,9192411,-6.504346e-02,-3.249463e-02,4.140337e-07,3.392628e-05,9.983066e-05,4.769691e-02
251133952,3602152,3013607424,9201820,-6.507801e-02,-3.250945e-02,4.596878e-07,3.409914e-05,1.108386e-04,4.793993e-02
251396096,3639771,3016753152,9211286,-6.510323e-02,-3.229121e-02,4.945227e-07,3.159802e-05,1.192379e-04,4.442361e-02
251658240,3639917,3019898880,9220630,-6.516935e-02,-3.236171e-02,5.918947e-07,3.239559e-05,1.427160e-04,4.554492e-02
251920384,3640163,3023044608,9230142,-6.533619e-02,-3.237212e-02,8.764476e-07,3.251423e-05,2.113266e-04,4.571171e-02
252182528,3640409,3026190336,9239931,-6.535460e-02,-3.230163e-02,9.112577e-07,3.171531e-05,2.197199e-04,4.458851e-02
252444672,3640427,3029336064,9249590,-6.548141e-02,-3.235921e-02,1.169441e-06,3.236714e-05,2.819724e-04,4.550492e-02
252706816,3640586,3032481792,9259157,-6.545719e-02,-3.214845e-02,1.117641e-06,3.001339e-05,2.694824e-04,4.219577e-02
252968960,3640638,3035627520,9268810,-6.539732e-02,-3.214477e-02,9.946468e-07,2.997315e-05,2.398265e-04,4.213921e-02
253231104,3640665,3038773248,9278381,-6.539323e-02,-3.207459e-02,9.865047e-07,2.920959e-05,2.378633e-04,4.106572e-02
253493248,3640692,3041918976,9287992,-6.536034e-02,-3.215515e-02,9.222579e-07,3.008686e-05,2.223723e-04,4.229908e-02
253755392,3640731,3045064704,9297571,-6.532895e-02,-3.218770e-02,8.629404e-07,3.044506e-05,2.080698e-04,4.280267e-02
254017536,3640812,3048210432,9307064,-6.540155e-02,-3.208500e-02,1.003106e-06,2.932225e-05,2.418661e-04,4.122410e-02
254279680,3640866,3051356160,9316569,-6.540138e-02,-3.224908e-02,1.002748e-06,3.112616e-05,2.417798e-04,4.376023e-02
254541824,3641114,3054501888,9326180,-6.545804e-02,-3.235516e-02,1.119453e-06,3.232100e-05,2.699194e-04,4.544005e-02
254803968,3641365,3057647616,9335869,-6.559455e-02,-3.220236e-02,1.426954e-06,3.060700e-05,3.440631e-04,4.303034e-02
255066112,3641607,3060793344,9345469,-6.558480e-02,-3.212760e-02,1.403748e-06,2.978544e-05,3.384678e-04,4.187532e-02
255328256,3641703,3063939072,9355121,-6.564061e-02,-3.211669e-02,1.539116e-06,2.966646e-05,3.711073e-04,4.170804e-02
255590400,3641807,3067084800,9364718,-6.552391e-02,-3.208097e-02,1.263163e-06,2.927857e-05,3.045703e-04,4.116270e-02
255852544,3641860,3070230528,9374252,-6.541408e-02,-3.213909e-02,1.028351e-06,2.991094e-05,2.479530e-04,4.205174e-02
256114688,3641910,3073376256,9383972,-6.539530e-02,-3.208848e-02,9.906087e-07,2.935994e-05,2.388528e-04,4.127710e-02
256376832,3642026,3076521984,9393615,-6.525171e-02,-3.197931e-02,7.254026e-07,2.818875e-05,1.749070e-04,3.963052e-02
256638976,3642030,3079667712,9403179,-6.510840e-02,-3.213966e-02,5.018217e-07,2.991713e-05,1.209979e-04,4.206045e-02
256901120,3642129,3082813440,9412827,-6.504381e-02,-3.193906e-02,4.144844e-07,2.776303e-05,9.993934e-05,3.903201e-02
257163264,3642221,3085959168,9422499,-6.507742e-02,-3.178249e-02,4.588900e-07,2.613751e-05,1.106463e-04,3.674669e-02
257425408,3642231,3089104896,9432185,-6.515241e-02,-3.164891e-02,5.661123e-07,2.478956e-05,1.364994e-04,3.485161e-02
257687552,3642285,3092250624,9441954,-6.511077e-02,-3.175117e-02,5.051947e-07,2.581834e-05,1.218111e-04,3.629796e-02
257949696,3642340,3095396352,9451642,-6.506460e-02,-3.167184e-02,4.416922e-07,2.501838e-05,1.064996e-04,3.517330e-02
258211840,3642359,3098542080,9461204,-6.508476e-02,-3.167810e-02,4.688970e-07,2.508106e-05,1.130591e-04,3.526143e-02
258473984,3642506,3101687808,9470870,-6.504297e-02,-3.167510e-02,4.134011e-07,2.505107e-05,9.967813e-05,3.521927e-02
258736128,3642509,3104833536,9480340,-6.493740e-02,-3.177373e-02,2.887939e-07,2.604804e-05,6.963318e-05,3.662090e-02
258998272,3642516,3107979264,9489929,-6.510914e-02,-3.165459e-02,5.028779e-07,2.484609e-05,1.212525e-04,3.493109e-02
259260416,3642523,3111124992,9499492,-6.510869e-02,-3.167464e-02,5.022440e-07,2.504641e-05,1.210997e-04,3.521271e-02
259522560,3642533,3114270720,9509139,-6.506026e-02,-3.167735e-02,4.359374e-07,2.507356e-05,1.051120e-04,3.525088e-02
259784704,3642586,3117416448,9518840,-6.518521e-02,-3.161772e-02,6.165536e-07,2.447993e-05,1.486617e-04,3.441630e-02
260046848,3642609,3120562176,9528336,-6.514181e-02,-3.164960e-02,5.502815e-07,2.479639e-05,1.326823e-04,3.486121e-02
260308992,3642618,3123707904,9537777,-6.499565e-02,-3.166725e-02,3.547919e-07,2.497249e-05,8.554645e-05,3.510878e-02
260571136,3642706,3126853632,9547373,-6.504083e-02,-3.170180e-02,4.106655e-07,2.531901e-05,9.901853e-05,3.559596e-02
260833280,3642738,3129999360,9556860,-6.509425e-02,-3.164272e-02,4.819763e-07,2.472795e-05,1.162128e-04,3.476499e-02
261095424,3642910,3133145088,9566497,-6.546265e-02,-3.165134e-02,1.129218e-06,2.481372e-05,2.722738e-04,3.488557e-02
261357568,3642921,3136290816,9576208,-6.537353e-02,-3.152424e-02,9.477464e-07,2.356370e-05,2.285180e-04,3.312816e-02
261619712,3643053,3139436544,9585953,-6.529500e-02,-3.155682e-02,8.010268e-07,2.388100e-05,1.931414e-04,3.357426e-02
261881856,3643142,3142582272,9595648,-6.535389e-02,-3.151467e-02,9.098927e-07,2.347088e-05,2.193908e-04,3.299767e-02
262144000,3643174,3145728000,9605369,-6.547876e-02,-3.162568e-02,1.163712e-06,2.455877e-05,2.805909e-04,3.452715e-02
262406144,3643253,3148873728,9614950,-6.553397e-02,-3.156870e-02,1.285890e-06,2.399725e-05,3.100503e-04,3.373770e-02
262668288,3643372,3152019456,9624524,-6.546479e-02,-3.143476e-02,1.133767e-06,2.270294e-05,2.733707e-04,3.191802e-02
262930432,3643387,3155165184,9634223,-6.550575e-02,-3.135704e-02,1.222679e-06,2.196834e-05,2.948089e-04,3.088525e-02
263192576,3643436,3158310912,9643640,-6.557478e-02,-3.137293e-02,1.380103e-06,2.211756e-05,3.327665e-04,3.109505e-02
263454720,3643459,3161456640,9653540,-6.549957e-02,-3.151500e-02,1.209041e-06,2.347401e-05,2.915206e-04,3.300208e-02
263716864,3643470,3164602368,9663195,-6.548924e-02,-3.154982e-02,1.186439e-06,2.381260e-05,2.860707e-04,3.347810e-02
263979008,3643558,3167748096,9672791,-6.551040e-02,-3.160401e-02,1.232982e-06,2.434443e-05,2.972932e-04,3.422580e-02
264241152,3643575,3170893824,9682329,-6.552095e-02,-3.148683e-02,1.256523e-06,2.320184e-05,3.029693e-04,3.261942e-02
264503296,3643773,3174039552,9691958,-6.554883e-02,-3.176292e-02,1.319804e-06,2.593784e-05,3.182276e-04,3.646597e-02
264765440,3643801,3177185280,9701391,-6.544606e-02,-3.186864e-02,1.094229e-06,2.702587e-05,2.638375e-04,3.799563e-02
265027584,3643977,3180331008,9711150,-6.555174e-02,-3.179407e-02,1.326489e-06,2.625607e-05,3.198394e-04,3.691338e-02
265289728,3644022,3183476736,9720687,-6.567615e-02,-3.176856e-02,1.628560e-06,2.599536e-05,3.926738e-04,3.654684e-02
265551872,3644038,3186622464,9730408,-6.580253e-02,-3.170532e-02,1.967082e-06,2.535445e-05,4.742974e-04,3.564579e-02
265814016,3644042,3189768192,9740049,-6.588151e-02,-3.181963e-02,2.194852e-06,2.651874e-05,5.292166e-04,3.728265e-02
266076160,3644105,3192913920,9749777,-6.591630e-02,-3.189481e-02,2.299158e-06,2.729865e-05,5.543666e-04,3.837913e-02
266338304,3644408,3196059648,9759306,-6.592365e-02,-3.162467e-02,2.321513e-06,2.454881e-05,5.597568e-04,3.451313e-02
266600448,3645049,3199205376,9768718,-6.601382e-02,-3.164757e-02,2.604409e-06,2.477617e-05,6.279678e-04,3.483279e-02
266862592,3645497,3202351104,9778380,-6.609964e-02,-3.154521e-02,2.888781e-06,2.376772e-05,6.965348e-04,3.341500e-02
267124736,3673309,3205496832,9788150,-6.604741e-02,-3.148331e-02,2.713944e-06,2.316797e-05,6.543787e-04,3.257181e-02
267386880,3673558,3208642560,9797766,-6.599820e-02,-3.139951e-02,2.554249e-06,2.236824e-05,6.158734e-04,3.144748e-02
267649024,3684583,3211788288,9807407,-6.596315e-02,-3.128226e-02,2.443428e-06,2.127299e-05,5.891525e-04,2.990767e-02
267911168,3684950,3214934016,9817120,-6.603619e-02,-3.115593e-02,2.677101e-06,2.012356e-05,6.454951e-04,2.829169e-02
268173312,3697344,3218079744,9826733,-6.588241e-02,-3.109062e-02,2.197546e-06,1.954191e-05,5.298661e-04,2.747394e-02
268435456,3699406,3221225472,9836258,-6.591248e-02,-3.096100e-02,2.287582e-06,1.841269e-05,5.515753e-04,2.588638e-02
268697600,4039355,3224371200,9845738,-6.590134e-02,-3.103208e-02,2.254012e-06,1.902776e-05,5.434811e-04,2.675110e-02
268959744,4039801,3227516928,9855630,-6.595446e-02,-3.082197e-02,2.416344e-06,1.723886e-05,5.826221e-04,2.423608e-02
269221888,4040125,3230662656,9865404,-6.593504e-02,-3.073705e-02,2.356335e-06,1.654090e-05,5.681529e-04,2.325482e-02
269484032,4040162,3233808384,9875088,-6.586496e-02,-3.079535e-02,2.146095e-06,1.701848e-05,5.174603e-04,2.392625e-02
269746176,4040242,3236954112,9884521,-6.580676e-02,-3.067276e-02,1.978971e-06,1.602213e-05,4.771640e-04,2.252549e-02
270008320,4040270,3240099840,9893913,-6.591914e-02,-3.067061e-02,2.307775e-06,1.600486e-05,5.564442e-04,2.250121e-02
270270464,4040383,3243245568,9903761,-6.591207e-02,-3.069649e-02,2.286342e-06,1.621260e-05,5.512764e-04,2.279327e-02
270532608,4040592,3246391296,9913313,-6.590633e-02,-3.054973e-02,2.269026e-06,1.505232e-05,5.471012e-04,2.116203e-02
270794752,4040604,3249537024,9922890,-6.580183e-02,-3.061380e-02,1.965118e-06,1.555359e-05,4.738238e-04,2.186678e-02
271056896,4040606,3252682752,9932558,-6.575366e-02,-3.055932e-02,1.832392e-06,1.512684e-05,4.418213e-04,2.126681e-02
271319040,4040620,3255828480,9942280,-6.571784e-02,-3.064601e-02,1.736693e-06,1.580868e-05,4.187465e-04,2.222540e-02
271581184,4040688,3258974208,9952126,-6.569158e-02,-3.078429e-02,1.668180e-06,1.692739e-05,4.022270e-04,2.379819e-02
271843328,4040735,3262119936,9961631,-6.568293e-02,-3.071178e-02,1.645891e-06,1.633603e-05,3.968527e-04,2.296680e-02
272105472,4040782,3265265664,9971313,-6.566349e-02,-3.083077e-02,1.596412e-06,1.731203e-05,3.849223e-04,2.433896e-02
272367616,4040826,3268411392,9980911,-6.560820e-02,-3.081060e-02,1.459732e-06,1.714459e-05,3.519664e-04,2.410355e-02
272629760,4040926,3271557120,9990432,-6.562342e-02,-3.086322e-02,1.496745e-06,1.758310e-05,3.608909e-04,2.472005e-02
272891904,4040967,3274702848,9999980,-6.577028e-02,-3.064206e-02,1.877670e-06,1.577727e-05,4.527386e-04,2.218124e-02
273154048,4041036,3277848576,10009357,-6.582513e-02,-3.065892e-02,2.031002e-06,1.591148e-05,4.897095e-04,2.236993e-02
273416192,4041166,3280994304,10019157,-6.587160e-02,-3.063153e-02,2.165611e-06,1.569376e-05,5.221661e-04,2.206384e-02
273678336,4041253,3284140032,10028790,-6.562913e-02,-3.062950e-02,1.510760e-06,1.567766e-05,3.642703e-04,2.204120e-02
273940480,4041305,3287285760,10038350,-6.559574e-02,-3.066402e-02,1.429785e-06,1.595216e-05,3.447458e-04,2.242712e-02
274202624,4041483,3290431488,10047901,-6.557611e-02,-3.060526e-02,1.383238e-06,1.548628e-05,3.335225e-04,2.177213e-02
274464768,4041581,3293577216,10057693,-6.545659e-02,-3.052891e-02,1.116381e-06,1.489122e-05,2.691787e-04,2.093555e-02
274726912,4041600,3296722944,10067246,-6.555299e-02,-3.060147e-02,1.329374e-06,1.545646e-05,3.205349e-04,2.173021e-02
274989056,4041614,3299868672,10076961,-6.549097e-02,-3.068805e-02,1.190207e-06,1.614477e-05,2.869794e-04,2.269791e-02
275251200,4041622,3303014400,10086424,-6.553715e-02,-3.073916e-02,1.293115e-06,1.655805e-05,3.117924e-04,2.327894e-02
275513344,4041655,3306160128,10096079,-6.557371e-02,-3.073898e-02,1.377583e-06,1.655657e-05,3.321590e-04,2.327685e-02
275775488,4041699,3309305856,10105637,-6.548721e-02,-3.084992e-02,1.182028e-06,1.747172e-05,2.850073e-04,2.456347e-02
276037632,4041723,3312451584,10115321,-6.560765e-02,-3.079921e-02,1.458418e-06,1.705040e-05,3.516496e-04,2.397113e-02
276299776,4041728,3315597312,10124914,-6.555694e-02,-3.075813e-02,1.338495e-06,1.671284e-05,3.227343e-04,2.349655e-02
276561920,4041849,3318743040,10134594,-6.569333e-02,-3.063185e-02,1.672687e-06,1.569623e-05,4.033136e-04,2.206730e-02
276824064,4041878,3321888768,10144425,-6.578372e-02,-3.055341e-02,1.914686e-06,1.508085e-05,4.616638e-04,2.120214e-02
277086208,4041904,3325034496,10153938,-6.569046e-02,-3.066294e-02,1.665275e-06,1.594358e-05,4.015266e-04,2.241506e-02
277348352,4041922,3328180224,10163682,-6.560552e-02,-3.062157e-02,1.453276e-06,1.561489e-05,3.504098e-04,2.195295e-02
277610496,4041932,3331325952,10173305,-6.562145e-02,-3.055138e-02,1.491936e-06,1.506514e-05,3.597313e-04,2.118006e-02
277872640,4041958,3334471680,10182902,-6.549949e-02,-3.054782e-02,1.208877e-06,1.503749e-05,2.914811e-04,2.114119e-02
278134784,4041992,3337617408,10192374,-6.559305e-02,-3.069098e-02,1.423360e-06,1.616825e-05,3.431966e-04,2.273092e-02
278396928,4042017,3340763136,10202063,-6.548988e-02,-3.064450e-02,1.187835e-06,1.579667e-05,2.864074e-04,2.220852e-02
278659072,4042081,3343908864,10211575,-6.566686e-02,-3.056001e-02,1.604933e-06,1.513222e-05,3.869770e-04,2.127436e-02
278921216,4042099,3347054592,10221039,-6.561378e-02,-3.050613e-02,1.473247e-06,1.471588e-05,3.552253e-04,2.068904e-02
279183360,4042099,3350200320,10230659,-6.572386e-02,-3.041590e-02,1.752596e-06,1.403174e-05,4.225810e-04,1.972721e-02
279445504,4042142,3353346048,10240410,-6.575691e-02,-3.036756e-02,1.841197e-06,1.367199e-05,4.439443e-04,1.922143e-02
279707648,4042163,3356491776,10250007,-6.580108e-02,-3.024812e-02,1.963030e-06,1.280294e-05,4.733203e-04,1.799963e-02
279969792,4042166,3359637504,10259515,-6.582974e-02,-3.035231e-02,2.044147e-06,1.355938e-05,4.928790e-04,1.906311e-02
280231936,4042253,3362783232,10269032,-6.576395e-02,-3.036703e-02,1.860354e-06,1.366805e-05,4.485635e-04,1.921589e-02
280494080,4042287,3365928960,10278975,-6.570122e-02,-3.043450e-02,1.693158e-06,1.417144e-05,4.082496e-04,1.992360e-02
280756224,4042354,3369074688,10288533,-6.580598e-02,-3.051394e-02,1.976771e-06,1.477590e-05,4.766334e-04,2.077341e-02
281018368,4042440,3372220416,10297992,-6.588316e-02,-3.055143e-02,2.199755e-06,1.506552e-05,5.303989e-04,2.118059e-02
281280512,4042466,3375366144,10307624,-6.591039e-02,-3.045669e-02,2.281275e-06,1.433901e-05,5.500548e-04,2.015919e-02
281542656,4042628,3378511872,10317427,-6.595600e-02,-3.062075e-02,2.421118e-06,1.560842e-05,5.837732e-04,2.194385e-02
281804800,4042633,3381657600,10326988,-6.600496e-02,-3.060069e-02,2.575895e-06,1.545032e-05,6.210926e-04,2.172159e-02
282066944,4042787,3384803328,10336599,-6.603395e-02,-3.066717e-02,2.669791e-06,1.597735e-05,6.437327e-04,2.246253e-02
282329088,4043125,3387949056,10346268,-6.577940e-02,-3.076855e-02,1.902725e-06,1.679808e-05,4.587798e-04,2.361639e-02
282591232,4043316,3391094784,10355606,-6.574889e-02,-3.065480e-02,1.819505e-06,1.587866e-05,4.387141e-04,2.232378e-02
282853376,4043361,3394240512,10365179,-6.593778e-02,-3.080181e-02,2.364760e-06,1.707189e-05,5.701843e-04,2.400135e-02
283115520,4043489,3397386240,10374932,-6.597736e-02,-3.077285e-02,2.488049e-06,1.683340e-05,5.999114e-04,2.366605e-02
283377664,4043790,3400531968,10384518,-6.586806e-02,-3.081819e-02,2.155207e-06,1.720749e-05,5.196576e-04,2.419198e-02
283639808,4043846,3403677696,10393930,-6.570248e-02,-3.079287e-02,1.696437e-06,1.699803e-05,4.090401e-04,2.389750e-02
283901952,4044131,3406823424,10403604,-6.565096e-02,-3.075130e-02,1.564901e-06,1.665699e-05,3.773245e-04,2.341804e-02
284164096,4046137,3409969152,10413213,-6.576514e-02,-3.063137e-02,1.863607e-06,1.569249e-05,4.493478e-04,2.206205e-02
284426240,4048940,3413114880,10422743,-6.580015e-02,-3.037431e-02,1.960421e-06,1.372194e-05,4.726913e-04,1.929165e-02
284688384,4050035,3416260608,10432367,-6.582994e-02,-3.045949e-02,2.044722e-06,1.436024e-05,4.930177e-04,2.018903e-02
284950528,4092714,3419406336,10441915,-6.582319e-02,-3.045222e-02,2.025463e-06,1.430520e-05,4.883740e-04,2.011167e-02
285212672,4092892,3422552064,10451319,-6.576082e-02,-3.048356e-02,1.851828e-06,1.454320e-05,4.465076e-04,2.044627e-02
285474816,4093343,3425697792,10460894,-6.579647e-02,-3.053106e-02,1.950128e-06,1.490777e-05,4.702094e-04,2.095882e-02
285736960,4093703,3428843520,10470400,-6.570233e-02,-3.052449e-02,1.696048e-06,1.485707e-05,4.089465e-04,2.088753e-02
285999104,4093715,3431989248,10479984,-6.578106e-02,-3.046483e-02,1.907332e-06,1.440074e-05,4.598906e-04,2.024598e-02
286261248,4093801,3435134976,10489516,-6.580605e-02,-3.073151e-02,1.976959e-06,1.649590e-05,4.766789e-04,2.319156e-02
286523392,4093844,3438280704,10499168,-6.583925e-02,-3.068070e-02,2.071444e-06,1.608571e-05,4.994607e-04,2.261488e-02
286785536,4093917,3441426432,10508720,-6.581077e-02,-3.075736e-02,1.990265e-06,1.670655e-05,4.798871e-04,2.348771e-02
287047680,4093937,3444572160,10518454,-6.579935e-02,-3.065930e-02,1.958168e-06,1.591450e-05,4.721482e-04,2.237417e-02
287309824,4093942,3447717888,10528276,-6.577010e-02,-3.048571e-02,1.877180e-06,1.455965e-05,4.526204e-04,2.046939e-02
287571968,4094086,3450863616,10537873,-6.578888e-02,-3.052338e-02,1.928981e-06,1.484851e-05,4.651106e-04,2.087551e-02
287834112,4094222,3454009344,10547466,-6.581689e-02,-3.059619e-02,2.007582e-06,1.541498e-05,4.840627e-04,2.167190e-02
288096256,4094341,3457155072,10557215,-6.593908e-02,-3.059704e-02,2.368748e-06,1.542168e-05,5.711460e-04,2.168131e-02
288358400,4094784,3460300800,10566955,-6.583326e-02,-3.058460e-02,2.054215e-06,1.532407e-05,4.953066e-04,2.154408e-02
288620544,4094809,3463446528,10576649,-6.585017e-02,-3.054945e-02,2.102982e-06,1.505016e-05,5.070651e-04,2.115900e-02
288882688,4095064,3466592256,10586175,-6.594473e-02,-3.043413e-02,2.386187e-06,1.416869e-05,5.753508e-04,1.991974e-02
289144832,4095093,3469737984,10595686,-6.581073e-02,-3.043023e-02,1.990139e-06,1.413936e-05,4.798567e-04,1.987850e-02
289406976,4095111,3472883712,10605450,-6.583583e-02,-3.034353e-02,2.061590e-06,1.349479e-05,4.970848e-04,1.897230e-02
289669120,4095341,3476029440,10614923,-6.577528e-02,-3.038392e-02,1.891396e-06,1.379319e-05,4.560482e-04,1.939183e-02
289931264,4095488,3479175168,10624434,-6.580592e-02,-3.041054e-02,1.976603e-06,1.399164e-05,4.765930e-04,1.967082e-02
290193408,4095492,3482320896,10633899,-6.598975e-02,-3.037811e-02,2.527290e-06,1.375009e-05,6.093732e-04,1.933123e-02
290455552,4095614,3485466624,10643307,-6.599490e-02,-3.031015e-02,2.543710e-06,1.325072e-05,6.133321e-04,1.862917e-02
290717696,4095763,3488612352,10653152,-6.603749e-02,-3.018952e-02,2.681369e-06,1.238700e-05,6.465242e-04,1.741486e-02
290979840,4095783,3491758080,10662834,-6.611843e-02,-3.006005e-02,2.953008e-06,1.149242e-05,7.120210e-04,1.615718e-02
291241984,4095797,3494903808,10672432,-6.597663e-02,-3.010642e-02,2.485746e-06,1.180898e-05,5.993561e-04,1.660223e-02
291504128,4095839,3498049536,10681850,-6.588905e-02,-3.007526e-02,2.217272e-06,1.159577e-05,5.346225e-04,1.630248e-02
291766272,4095869,3501195264,10691437,-6.588407e-02,-3.005307e-02,2.202453e-06,1.144515e-05,5.310493e-04,1.609072e-02
292028416,4095880,3504340992,10701137,-6.601723e-02,-3.006067e-02,2.615410e-06,1.149667e-05,6.306205e-04,1.616315e-02
292290560,4096000,3507486720,10711023,-6.596033e-02,-3.011213e-02,2.434608e-06,1.184829e-05,5.870258e-04,1.665750e-02
292552704,4096053,3510632448,10720555,-6.601579e-02,-3.006619e-02,2.610761e-06,1.153410e-05,6.294996e-04,1.621577e-02
292814848,4096061,3513778176,10730062,-6.599755e-02,-3.009776e-02,2.552153e-06,1.174953e-05,6.153681e-04,1.651865e-02
293076992,4096065,3516923904,10739661,-6.590954e-02,-2.998095e-02,2.278710e-06,1.096239e-05,5.494363e-04,1.541201e-02
293339136,4096083,3520069632,10749345,-6.579465e-02,-3.004597e-02,1.945054e-06,1.139717e-05,4.689859e-04,1.602327e-02
293601280,4096140,3523215360,10758953,-6.582540e-02,-3.011916e-02,2.031766e-06,1.189672e-05,4.898938e-04,1.672558e-02
293863424,4096180,3526361088,10768550,-6.589128e-02,-3.022660e-02,2.223911e-06,1.264939e-05,5.362233e-04,1.778376e-02
294125568,4096253,3529506816,10778202,-6.602252e-02,-3.027397e-02,2.632572e-06,1.298860e-05,6.347586e-04,1.826066e-02
294387712,4096263,3532652544,10787740,-6.599408e-02,-3.018683e-02,2.541096e-06,1.236807e-05,6.127020e-04,1.738825e-02
294649856,4096484,3535798272,10797451,-6.600063e-02,-3.018387e-02,2.562018e-06,1.234731e-05,6.177467e-04,1.735907e-02
294912000,4096545,3538944000,10807109,-6.595851e-02,-3.015107e-02,2.428938e-06,1.211786e-05,5.856588e-04,1.703648e-02
295174144,4096588,3542089728,10816829,-6.595882e-02,-3.004155e-02,2.429913e-06,1.136732e-05,5.858940e-04,1.598130e-02
295436288,4096712,3545235456,10826399,-6.592757e-02,-3.000419e-02,2.333448e-06,1.111680e-05,5.626345e-04,1.562910e-02
295698432,4096743,3548381184,10835908,-6.604433e-02,-2.989441e-02,2.703815e-06,1.039683e-05,6.519365e-04,1.461689e-02
295960576,4096756,3551526912,10845447,-6.596359e-02,-2.995287e-02,2.444802e-06,1.077727e-05,5.894839e-04,1.515174e-02
296222720,4096875,3554672640,10855088,-6.575015e-02,-2.985079e-02,1.822904e-06,1.011742e-05,4.395335e-04,1.422406e-02
296484864,4096881,3557818368,10864721,-6.570496e-02,-2.977124e-02,1.702925e-06,9.617718e-06,4.106046e-04,1.352154e-02
296747008,4096890,3560964096,10874300,-6.569910e-02,-2.958647e-02,1.687656e-06,8.505809e-06,4.069229e-04,1.195830e-02
297009152,4097135,3564109824,10883953,-6.558001e-02,-2.967575e-02,1.392419e-06,9.034514e-06,3.357362e-04,1.270161e-02
297271296,4097173,3567255552,10893534,-6.561112e-02,-2.970773e-02,1.466798e-06,9.227782e-06,3.536702e-04,1.297333e-02
297533440,4097187,3570401280,10902948,-6.552951e-02,-2.972179e-02,1.275788e-06,9.313408e-06,3.076146e-04,1.309371e-02
297795584,4097239,3573547008,10912494,-6.549164e-02,-2.978610e-02,1.191671e-06,9.710097e-06,2.873323e-04,1.365141e-02
298057728,4097386,3576692736,10922027,-6.557938e-02,-2.966598e-02,1.390925e-06,8.975891e-06,3.353759e-04,1.261919e-02
298319872,4097503,3579838464,10931449,-6.564574e-02,-2.960337e-02,1.551861e-06,8.604659e-06,3.741804e-04,1.209728e-02
298582016,4097576,3582984192,10940865,-6.556814e-02,-2.957282e-02,1.364549e-06,8.426389e-06,3.290163e-04,1.184665e-02
298844160,4097613,3586129920,10950561,-6.558148e-02,-2.956602e-02,1.395885e-06,8.386955e-06,3.365720e-04,1.179121e-02
299106304,4097775,3589275648,10960038,-6.562541e-02,-2.945661e-02,1.501634e-06,7.765218e-06,3.620699e-04,1.091711e-02
299368448,4097805,3592421376,10969435,-6.572331e-02,-2.929119e-02,1.751156e-06,6.870660e-06,4.222339e-04,9.659450e-03
299630592,4097924,3595567104,10978779,-6.564819e-02,-2.923214e-02,1.557974e-06,6.564576e-06,3.756544e-04,9.229128e-03
299892736,4097997,3598712832,10988505,-6.571320e-02,-2.921574e-02,1.724500e-06,6.480795e-06,4.158066e-04,9.111339e-03
300154880,4098547,3601858560,10997867,-6.568990e-02,-2.930977e-02,1.663833e-06,6.968398e-06,4.011789e-04,9.796861e-03
300417024,4099379,3605004288,11007246,-6.574548e-02,-2.930716e-02,1.810311e-06,6.954638e-06,4.364971e-04,9.777515e-03
300679168,4130869,3608150016,11016746,-6.568288e-02,-2.924557e-02,1.645776e-06,6.633545e-06,3.968251e-04,9.326092e-03
300941312,4130898,3611295744,11026216,-6.566472e-02,-2.922146e-02,1.599520e-06,6.509952e-06,3.856717e-04,9.152331e-03
301203456,4131418,3614441472,11035580,-6.575064e-02,-2.914402e-02,1.824232e-06,6.120772e-06,4.398537e-04,8.605184e-03
301465600,4132459,3617587200,11045228,-6.589062e-02,-2.922401e-02,2.221934e-06,6.522951e-06,5.357465e-04,9.170608e-03
301727744,4151221,3620732928,11054950,-6.588814e-02,-2.918899e-02,2.214544e-06,6.345306e-06,5.339646e-04,8.920857e-03
301989888,4153149,3623878656,11064685,-6.599598e-02,-2.908061e-02,2.547157e-06,5.811019e-06,6.141633e-04,8.169704e-03
302252032,4486076,3627024384,11074198,-6.586652e-02,-2.905809e-02,2.150681e-06,5.702964e-06,5.185663e-04,8.017791e-03
302514176,4486488,3630170112,11083777,-6.580568e-02,-2.914558e-02,1.975932e-06,6.128479e-06,4.764314e-04,8.616019e-03
302776320,4486886,3633315840,11093522,-6.567296e-02,-2.928212e-02,1.620412e-06,6.823178e-06,3.907092e-04,9.592697e-03
303038464,4486944,3636461568,11103124,-6.571124e-02,-2.928860e-02,1.719338e-06,6.857074e-06,4.145619e-04,9.640350e-03
303300608,4487034,3639607296,11112726,-6.577239e-02,-2.932692e-02,1.883453e-06,7.059204e-06,4.541329e-04,9.924524e-03
303562752,4487154,3642753024,11122392,-6.589696e-02,-2.931250e-02,2.240876e-06,6.982802e-06,5.403139e-04,9.817111e-03
303824896,4487155,3645898752,11132200,-6.588665e-02,-2.916813e-02,2.210111e-06,6.240669e-06,5.328958e-04,8.773747e-03
304087040,4487189,3649044480,11141661,-6.584712e-02,-2.912774e-02,2.094153e-06,6.040466e-06,5.049364e-04,8.492284e-03
304349184,4487235,3652190208,11151227,-6.601705e-02,-2.928881e-02,2.614832e-06,6.858176e-06,6.304810e-04,9.641900e-03
304611328,4487295,3655335936,11160941,-6.608964e-02,-2.927156e-02,2.854867e-06,6.768106e-06,6.883577e-04,9.515271e-03
304873472,4487346,3658481664,11170470,-6.598781e-02,-2.926714e-02,2.521135e-06,6.745127e-06,6.078890e-04,9.482964e-03
305135616,4487593,3661627392,11179788,-6.601097e-02,-2.927734e-02,2.595207e-06,6.798212e-06,6.257490e-04,9.557597e-03
305397760,4487623,3664773120,11189583,-6.592207e-02,-2.940445e-02,2.316702e-06,7.477220e-06,5.585967e-04,1.051221e-02
305659904,4487668,3667918848,11198861,-6.591686e-02,-2.935630e-02,2.300853e-06,7.216224e-06,5.547752e-04,1.014528e-02
305922048,4487770,3671064576,11208519,-6.596866e-02,-2.924954e-02,2.460671e-06,6.654046e-06,5.933102e-04,9.354913e-03
306184192,4487806,3674210304,11218087,-6.604227e-02,-2.925626e-02,2.697057e-06,6.688753e-06,6.503069e-04,9.403708e-03
306446336,4487816,3677356032,11227488,-6.606674e-02,-2.906139e-02,2.778021e-06,5.718758e-06,6.698287e-04,8.039993e-03
306708480,4487939,3680501760,11237247,-6.608458e-02,-2.903219e-02,2.837797e-06,5.579950e-06,6.842418e-04,7.844843e-03
306970624,4487947,3683647488,11246694,-6.614932e-02,-2.895033e-02,3.060127e-06,5.199898e-06,7.378493e-04,7.310528e-03
307232768,4487994,3686793216,11256254,-6.603601e-02,-2.899812e-02,2.676515e-06,5.420152e-06,6.453540e-04,7.620185e-03
307494912,4488255,3689938944,11265789,-6.598413e-02,-2.895009e-02,2.509460e-06,5.198802e-06,6.050740e-04,7.308988e-03
307757056,4488291,3693084672,11275289,-6.594489e-02,-2.889966e-02,2.386671e-06,4.971387e-06,5.754674e-04,6.989266e-03
308019200,4488390,3696230400,11284835,-6.586643e-02,-2.898558e-02,2.150397e-06,5.361923e-06,5.184978e-04,7.538320e-03
308281344,4488430,3699376128,11294303,-6.583609e-02,-2.900556e-02,2.062360e-06,5.454865e-06,4.972706e-04,7.668986e-03
308543488,4488446,3702521856,11304113,-6.570049e-02,-2.903786e-02,1.691278e-06,5.606786e-06,4.077962e-04,7.882573e-03
308805632,4488457,3705667584,11313721,-6.576903e-02,-2.914464e-02,1.874241e-06,6.123841e-06,4.519119e-04,8.609499e-03
309067776,4488606,3708813312,11323294,-6.580248e-02,-2.914664e-02,1.966957e-06,6.133746e-06,4.742672e-04,8.623425e-03
309329920,4488642,3711959040,11332928,-6.582160e-02,-2.910411e-02,2.020927e-06,5.924875e-06,4.872803e-04,8.329772e-03
309592064,4488658,3715104768,11342635,-6.572403e-02,-2.909446e-02,1.753050e-06,5.878024e-06,4.226905e-04,8.263906e-03
309854208,4488702,3718250496,11352231,-6.574605e-02,-2.913354e-02,1.811835e-06,6.069020e-06,4.368646e-04,8.532426e-03
310116352,4488748,3721396224,11361794,-6.569085e-02,-2.908343e-02,1.666295e-06,5.824650e-06,4.017724e-04,8.188867e-03
310378496,4488766,3724541952,11371387,-6.570539e-02,-2.912244e-02,1.704034e-06,6.014465e-06,4.108719e-04,8.455727e-03
310640640,4488800,3727687680,11381161,-6.577290e-02,-2.908166e-02,1.884844e-06,5.816112e-06,4.544683e-04,8.176864e-03
310902784,4488802,3730833408,11390574,-6.587885e-02,-2.914881e-02,2.186978e-06,6.144481e-06,5.273180e-04,8.638516e-03
311164928,4488824,3733979136,11400165,-6.567277e-02,-2.912987e-02,1.619938e-06,6.050955e-06,3.905949e-04,8.507028e-03
311427072,4488953,3737124864,11409816,-6.565726e-02,-2.910331e-02,1.580692e-06,5.921022e-06,3.811321e-04,8.324355e-03
311689216,4488992,3740270592,11419477,-6.556429e-02,-2.909196e-02,1.355565e-06,5.865909e-06,3.268501e-04,8.246874e-03
311951360,4488994,3743416320,11429140,-6.554670e-02,-2.900016e-02,1.314913e-06,5.429627e-06,3.170482e-04,7.633505e-03
312213504,4489006,3746562048,11438741,-6.549618e-02,-2.917685e-02,1.201614e-06,6.284298e-06,2.897299e-04,8.835087e-03
312475648,4489113,3749707776,11448193,-6.557172e-02,-2.928194e-02,1.372917e-06,6.822234e-06,3.310340e-04,9.591369e-03
312737792,4489145,3752853504,11457775,-6.561777e-02,-2.932019e-02,1.482958e-06,7.023518e-06,3.575667e-04,9.874353e-03
312999936,4489165,3755999232,11467358,-6.566396e-02,-2.934785e-02,1.597579e-06,7.170893e-06,3.852038e-04,1.008155e-02
313262080,4489175,3759144960,11476975,-6.581271e-02,-2.944188e-02,1.995734e-06,7.683321e-06,4.812059e-04,1.080197e-02
313524224,4489183,3762290688,11486584,-6.580754e-02,-2.943309e-02,1.981173e-06,7.634670e-06,4.776948e-04,1.073357e-02
313786368,4489183,3765436416,11496177,-6.574219e-02,-2.952794e-02,1.801460e-06,8.167802e-06,4.343631e-04,1.148310e-02
314048512,4489191,3768582144,11505826,-6.569660e-02,-2.952910e-02,1.681177e-06,8.174436e-06,4.053608e-04,1.149243e-02
314310656,4489254,3771727872,11515481,-6.569698e-02,-2.965793e-02,1.682163e-06,8.927751e-06,4.055984e-04,1.255151e-02
314572800,4489274,3774873600,11525201,-6.564394e-02,-2.962858e-02,1.547390e-06,8.753223e-06,3.731025e-04,1.230614e-02
314834944,4489292,3778019328,11534871,-6.568756e-02,-2.966947e-02,1.657804e-06,8.996829e-06,3.997250e-04,1.264863e-02
315097088,4489434,3781165056,11544418,-6.574194e-02,-2.965670e-02,1.800800e-06,8.920384e-06,4.342039e-04,1.254116e-02
315359232,4489678,3784310784,11554171,-6.571588e-02,-2.961346e-02,1.731532e-06,8.663934e-06,4.175021e-04,1.218061e-02
315621376,4489839,3787456512,11563480,-6.575875e-02,-2.950409e-02,1.846195e-06,8.032051e-06,4.451494e-04,1.129225e-02
315883520,4490296,3790602240,11573038,-6.580146e-02,-2.957874e-02,1.964074e-06,8.460791e-06,4.735720e-04,1.189501e-02
316145664,4490303,3793747968,11582578,-6.576931e-02,-2.959787e-02,1.874996e-06,8.572453e-06,4.520938e-04,1.205200e-02
316407808,4490466,3796893696,11592090,-6.577764e-02,-2.957806e-02,1.897898e-06,8.456815e-06,4.576159e-04,1.188942e-02
316669952,4490522,3800039424,11601713,-6.580140e-02,-2.969637e-02,1.963928e-06,9.158915e-06,4.735368e-04,1.287651e-02
316932096,4490596,3803185152,11611362,-6.586094e-02,-2.976182e-02,2.134345e-06,9.559325e-06,5.146273e-04,1.343944e-02
317194240,4490877,3806330880,11620852,-6.584916e-02,-2.975677e-02,2.100044e-06,9.528160e-06,5.063568e-04,1.339563e-02
317456384,4491355,3809476608,11630558,-6.582908e-02,-2.980888e-02,2.042251e-06,9.852599e-06,4.924219e-04,1.385175e-02
317718528,4493595,3812622336,11640177,-6.571099e-02,-2.980613e-02,1.718693e-06,9.835335e-06,4.144064e-04,1.382748e-02
317980672,4496607,3815768064,11649828,-6.564060e-02,-2.979511e-02,1.539079e-06,9.766328e-06,3.710985e-04,1.373047e-02
318242816,4497898,3818913792,11659281,-6.564073e-02,-2.971578e-02,1.539412e-06,9.276802e-06,3.711787e-04,1.304224e-02
318504960,4546363,3822059520,11668967,-6.558677e-02,-2.970002e-02,1.408413e-06,9.181014e-06,3.395926e-04,1.290758e-02
318767104,4546367,3825205248,11678480,-6.557925e-02,-2.973440e-02,1.390626e-06,9.390567e-06,3.353039e-04,1.320218e-02
319029248,4546867,3828350976,11687986,-6.565803e-02,-2.966168e-02,1.582641e-06,8.950138e-06,3.816019e-04,1.258299e-02
319291392,4547057,3831496704,11697543,-6.561136e-02,-2.959542e-02,1.467375e-06,8.558105e-06,3.538094e-04,1.203183e-02
319553536,4547380,3834642432,11706985,-6.567125e-02,-2.962823e-02,1.616071e-06,8.751151e-06,3.896626e-04,1.230323e-02
319815680,4547408,3837788160,11716519,-6.578367e-02,-2.968138e-02,1.914542e-06,9.068406e-06,4.616290e-04,1.274926e-02
320077824,4547443,3840933888,11725970,-6.583247e-02,-2.975165e-02,2.051973e-06,9.496575e-06,4.947660e-04,1.335122e-02
320339968,4547476,3844079616,11735759,-6.570488e-02,-2.975160e-02,1.702711e-06,9.496288e-06,4.105530e-04,1.335082e-02
320602112,4547660,3847225344,11745250,-6.575598e-02,-2.977344e-02,1.838671e-06,9.631355e-06,4.433351e-04,1.354071e-02
320864256,4547767,3850371072,11754927,-6.578215e-02,-2.964124e-02,1.910338e-06,8.828275e-06,4.606154e-04,1.241166e-02
321126400,4547781,3853516800,11764563,-6.576283e-02,-2.949494e-02,1.857286e-06,7.980264e-06,4.478238e-04,1.121944e-02
321388544,4547891,3856662528,11774139,-6.583610e-02,-2.937036e-02,2.062382e-06,7.291967e-06,4.972757e-04,1.025177e-02
321650688,4547912,3859808256,11783372,-6.581950e-02,-2.929774e-02,2.014979e-06,6.905006e-06,4.858461e-04,9.707739e-03
321912832,4548188,3862953984,11792875,-6.586191e-02,-2.922057e-02,2.137176e-06,6.505390e-06,5.153099e-04,9.145918e-03
322174976,4548290,3866099712,11802384,-6.587528e-02,-2.917591e-02,2.176435e-06,6.279574e-06,5.247759e-04,8.828444e-03
322437120,4548468,3869245440,11812175,-6.585852e-02,-2.908750e-02,2.127275e-06,5.844284e-06,5.129228e-04,8.216471e-03
322699264,4548565,3872391168,11821673,-6.592511e-02,-2.894992e-02,2.325965e-06,5.198055e-06,5.608302e-04,7.307937e-03
322961408,4548613,3875536896,11831313,-6.587008e-02,-2.894147e-02,2.161118e-06,5.159583e-06,5.210827e-04,7.253850e-03
323223552,4548955,3878682624,11840744,-6.586050e-02,-2.888377e-02,2.133060e-06,4.900780e-06,5.143176e-04,6.889999e-03
323485696,4549120,3881828352,11850476,-6.574152e-02,-2.882616e-02,1.799661e-06,4.649045e-06,4.339292e-04,6.536086e-03
323747840,4549133,3884974080,11860061,-6.577476e-02,-2.882205e-02,1.889962e-06,4.631335e-06,4.557023e-04,6.511187e-03
324009984,4549245,3888119808,11869565,-6.570361e-02,-2.890259e-02,1.699388e-06,4.984453e-06,4.097517e-04,7.007635e-03
324272128,4549539,3891265536,11879083,-6.574348e-02,-2.889000e-02,1.804942e-06,4.928396e-06,4.352025e-04,6.928826e-03
324534272,4549569,3894411264,11888789,-6.584693e-02,-2.891755e-02,2.093592e-06,5.051479e-06,5.048012e-04,7.101867e-03
324796416,4549579,3897556992,11898474,-6.567138e-02,-2.897031e-02,1.616393e-06,5.291413e-06,3.897402e-04,7.439190e-03
325058560,4549596,3900702720,11907975,-6.568039e-02,-2.886927e-02,1.639398e-06,4.836788e-06,3.952871e-04,6.800033e-03
325320704,4549632,3903848448,11917622,-6.556872e-02,-2.887283e-02,1.365907e-06,4.852473e-06,3.293438e-04,6.822085e-03
325582848,4549643,3906994176,11926994,-6.557579e-02,-2.884526e-02,1.382467e-06,4.731766e-06,3.333366e-04,6.652383e-03
325844992,4549700,3910139904,11936528,-6.544366e-02,-2.897354e-02,1.089216e-06,5.306291e-06,2.626286e-04,7.460108e-03
326107136,4549779,3913285632,11946159,-6.540848e-02,-2.879361e-02,1.017018e-06,4.509708e-06,2.452207e-04,6.340192e-03
326369280,4549783,3916431360,11955846,-6.531950e-02,-2.879435e-02,8.454775e-07,4.512850e-06,2.038592e-04,6.344608e-03
326631424,4549785,3919577088,11965478,-6.525512e-02,-2.874057e-02,7.312269e-07,4.287262e-06,1.763114e-04,6.027455e-03
326893568,4549875,3922722816,11974961,-6.527269e-02,-2.892989e-02,7.615818e-07,5.107127e-06,1.836305e-04,7.180102e-03
327155712,4549884,3925868544,11984705,-6.537437e-02,-2.899572e-02,9.494008e-07,5.408987e-06,2.289169e-04,7.604487e-03
327417856,4549927,3929014272,11994271,-6.526237e-02,-2.909252e-02,7.436776e-07,5.868626e-06,1.793135e-04,8.250692e-03
327680000,4550065,3932160000,12003805,-6.531100e-02,-2.904942e-02,8.299162e-07,5.661663e-06,2.001071e-04,7.959723e-03
327942144,4550072,3935305728,12013493,-6.539036e-02,-2.907540e-02,9.808149e-07,5.785964e-06,2.364914e-04,8.134480e-03
328204288,4550309,3938451456,12023016,-6.546181e-02,-2.914737e-02,1.127445e-06,6.137354e-06,2.718464e-04,8.628497e-03
328466432,4550388,3941597184,12032607,-6.548742e-02,-2.910184e-02,1.182482e-06,5.913872e-06,2.851167e-04,8.314304e-03
328728576,4550390,3944742912,12042271,-6.545536e-02,-2.896644e-02,1.113784e-06,5.273655e-06,2.685526e-04,7.414225e-03
328990720,4550489,3947888640,12051986,-6.551550e-02,-2.895217e-02,1.244326e-06,5.208294e-06,3.000283e-04,7.322333e-03
329252864,4550591,3951034368,12061905,-6.559411e-02,-2.893148e-02,1.425886e-06,5.114277e-06,3.438056e-04,7.190154e-03
329515008,4550606,3954180096,12071504,-6.550229e-02,-2.882081e-02,1.215029e-06,4.625989e-06,2.929644e-04,6.503672e-03
329777152,4550617,3957325824,12081122,-6.557936e-02,-2.889201e-02,1.390890e-06,4.937349e-06,3.353675e-04,6.941412e-03
330039296,4550697,3960471552,12090713,-6.546340e-02,-2.891238e-02,1.130818e-06,5.028288e-06,2.726596e-04,7.069263e-03
330301440,4550725,3963617280,12100468,-6.544203e-02,-2.897194e-02,1.085813e-06,5.298914e-06,2.618081e-04,7.449735e-03
330563584,4550948,3966763008,12110097,-6.541410e-02,-2.889171e-02,1.028396e-06,4.935983e-06,2.479639e-04,6.939491e-03
330825728,4551007,3969908736,12119704,-6.541613e-02,-2.885963e-02,1.032510e-06,4.794499e-06,2.489560e-04,6.740578e-03
331087872,4551040,3973054464,12129309,-6.539916e-02,-2.881973e-02,9.983210e-07,4.621343e-06,2.407124e-04,6.497140e-03
331350016,4551142,3976200192,12138957,-6.546856e-02,-2.861730e-02,1.141809e-06,3.791979e-06,2.753099e-04,5.331139e-03
331612160,4551293,3979345920,12148555,-6.538098e-02,-2.865685e-02,9.623085e-07,3.947588e-06,2.320292e-04,5.549908e-03
331874304,4551474,3982491648,12158246,-6.532250e-02,-2.863896e-02,8.510083e-07,3.876801e-06,2.051927e-04,5.450388e-03
332136448,4551569,3985637376,12167712,-6.524664e-02,-2.859822e-02,7.167981e-07,3.718045e-06,1.728324e-04,5.227195e-03
332398592,4551627,3988783104,12177480,-6.528173e-02,-2.854436e-02,7.774373e-07,3.513244e-06,1.874535e-04,4.939265e-03
332660736,4551653,3991928832,12186936,-6.527868e-02,-2.855702e-02,7.720729e-07,3.560865e-06,1.861601e-04,5.006214e-03
332922880,4551728,3995074560,12196751,-6.527712e-02,-2.849594e-02,7.693388e-07,3.334050e-06,1.855008e-04,4.687335e-03
333185024,4551798,3998220288,12206315,-6.515001e-02,-2.855668e-02,5.625079e-07,3.559564e-06,1.356303e-04,5.004386e-03
333447168,4551977,4001366016,12216002,-6.517218e-02,-2.861352e-02,5.962592e-07,3.777289e-06,1.437684e-04,5.310486e-03
333709312,4552258,4004511744,12225484,-6.521720e-02,-2.865469e-02,6.678192e-07,3.939007e-06,1.610227e-04,5.537844e-03
333971456,4552908,4007657472,12234970,-6.511886e-02,-2.868301e-02,5.167623e-07,4.052228e-06,1.246003e-04,5.697021e-03
334233600,4578443,4010803200,12244707,-6.499838e-02,-2.866139e-02,3.580568e-07,3.965654e-06,8.633367e-05,5.575307e-03
334495744,4579581,4013948928,12254293,-6.500551e-02,-2.861068e-02,3.666408e-07,3.766227e-06,8.840341e-05,5.294933e-03
334757888,4588376,4017094656,12263771,-6.497288e-02,-2.859123e-02,3.281859e-07,3.691121e-06,7.913127e-05,5.189342e-03
335020032,4588486,4020240384,12273300,-6.496364e-02,-2.855478e-02,3.176860e-07,3.552413e-06,7.659956e-05,4.994332e-03
335282176,4605312,4023386112,12282934,-6.490682e-02,-2.860546e-02,2.568648e-07,3.746004e-06,6.193452e-05,5.266502e-03
335544320,4606794,4026531840,12292587,-6.488705e-02,-2.870019e-02,2.372196e-07,4.121679e-06,5.719773e-05,5.794663e-03
335806464,4932910,4029677568,12302201,-6.491432e-02,-2.865659e-02,2.645261e-07,3.946529e-06,6.378180e-05,5.548420e-03
336068608,4933263,4032823296,12311673,-6.494509e-02,-2.859610e-02,2.971252e-07,3.709854e-06,7.164201e-05,5.215677e-03
336330752,4933596,4035969024,12321323,-6.486353e-02,-2.853057e-02,2.148604e-07,3.461714e-06,5.180656e-05,4.866820e-03
336592896,4933677,4039114752,12330987,-6.495257e-02,-2.847176e-02,3.053279e-07,3.246356e-06,7.361982e-05,4.564047e-03
336855040,4933893,4042260480,12340510,-6.489880e-02,-2.853754e-02,2.488029e-07,3.487692e-06,5.999067e-05,4.903342e-03
337117184,4933896,4045406208,12350232,-6.492347e-02,-2.859950e-02,2.740134e-07,3.722974e-06,6.606935e-05,5.234124e-03
337379328,4933955,4048551936,12359894,-6.480318e-02,-2.858018e-02,1.625547e-07,3.648773e-06,3.919474e-05,5.129805e-03
337641472,4933959,4051697664,12369192,-6.484091e-02,-2.860079e-02,1.944020e-07,3.727943e-06,4.687368e-05,5.241110e-03
337903616,4934047,4054843392,12378697,-6.482760e-02,-2.863366e-02,1.828386e-07,3.855968e-06,4.408553e-05,5.421100e-03
338165760,4934175,4057989120,12388355,-6.486010e-02,-2.864328e-02,2.116881e-07,3.893851e-06,5.104164e-05,5.474359e-03
338427904,4934232,4061134848,12397960,-6.486312e-02,-2.863252e-02,2.144738e-07,3.851493e-06,5.171333e-05,5.414808e-03
338690048,4934381,4064280576,12407548,-6.479061e-02,-2.858824e-02,1.525716e-07,3.679629e-06,3.678764e-05,5.173184e-03
338952192,4934487,4067426304,12417308,-6.487973e-02,-2.852416e-02,2.301389e-07,3.437898e-06,5.549046e-05,4.833336e-03
339214336,4934604,4070572032,12427062,-6.492300e-02,-2.853987e-02,2.735300e-07,3.496408e-06,6.595280e-05,4.915595e-03
339476480,4934639,4073717760,12436732,-6.487187e-02,-2.852623e-02,2.226591e-07,3.445604e-06,5.368693e-05,4.844171e-03
339738624,4934731,4076863488,12446445,-6.494609e-02,-2.854601e-02,2.982065e-07,3.519433e-06,7.190272e-05,4.947966e-03
340000768,4934763,4080009216,12455949,-6.507631e-02,-2.854168e-02,4.573973e-07,3.503175e-06,1.102864e-04,4.925109e-03
340262912,4934836,4083154944,12465588,-6.508882e-02,-2.869132e-02,4.744745e-07,4.085735e-06,1.144040e-04,5.744129e-03
340525056,4934871,4086300672,12475224,-6.500657e-02,-2.866792e-02,3.679231e-07,3.991683e-06,8.871261e-05,5.611902e-03
340787200,4934984,4089446400,12484831,-6.494796e-02,-2.871045e-02,3.002606e-07,4.163427e-06,7.239800e-05,5.853355e-03
341049344,4934987,4092592128,12494334,-6.496235e-02,-2.879653e-02,3.162347e-07,4.522137e-06,7.624963e-05,6.357666e-03
341311488,4935187,4095737856,12503975,-6.496733e-02,-2.886412e-02,3.218655e-07,4.814169e-06,7.760731e-05,6.768234e-03
341573632,4935198,4098883584,12513699,-6.513125e-02,-2.883821e-02,5.347297e-07,4.701128e-06,1.289325e-04,6.609308e-03
341835776,4935250,4102029312,12523287,-6.527516e-02,-2.883230e-02,7.658921e-07,4.675558e-06,1.846698e-04,6.573359e-03
342097920,4935287,4105175040,12532806,-6.526415e-02,-2.894898e-02,7.467520e-07,5.193741e-06,1.800548e-04,7.301872e-03
342360064,4935312,4108320768,12542309,-6.512464e-02,-2.888134e-02,5.250973e-07,4.890015e-06,1.266100e-04,6.874865e-03
342622208,4935421,4111466496,12551680,-6.512273e-02,-2.895274e-02,5.223367e-07,5.210921e-06,1.259444e-04,7.326026e-03
342884352,4935461,4114612224,12561168,-6.528208e-02,-2.894492e-02,7.780550e-07,5.175241e-06,1.876025e-04,7.275864e-03
343146496,4935562,4117757952,12570842,-6.525278e-02,-2.896095e-02,7.272313e-07,5.248466e-06,1.753480e-04,7.378810e-03
343408640,4935598,4120903680,12580466,-6.534135e-02,-2.902646e-02,8.861278e-07,5.552914e-06,2.136607e-04,7.806833e-03
343670784,4935648,4124049408,12590147,-6.536437e-02,-2.897874e-02,9.300016e-07,5.330286e-06,2.242394e-04,7.493841e-03
343932928,4935715,4127195136,12599854,-6.537265e-02,-2.902833e-02,9.460354e-07,5.561705e-06,2.281054e-04,7.819193e-03
344195072,4935744,4130340864,12609358,-6.539152e-02,-2.902641e-02,9.831036e-07,5.552677e-06,2.370432e-04,7.806500e-03
344457216,4935744,4133486592,12618874,-6.539807e-02,-2.900995e-02,9.961335e-07,5.475356e-06,2.401849e-04,7.697796e-03
344719360,4935762,4136632320,12628513,-6.550997e-02,-2.911480e-02,1.232023e-06,5.977038e-06,2.970618e-04,8.403108e-03
344981504,4935770,4139778048,12638169,-6.553861e-02,-2.902813e-02,1.296422e-06,5.560800e-06,3.125896e-04,7.817920e-03
345243648,4935828,4142923776,12647844,-6.565807e-02,-2.901425e-02,1.582735e-06,5.495503e-06,3.816246e-04,7.726119e-03
345505792,4936047,4146069504,12657568,-6.565130e-02,-2.912887e-02,1.565740e-06,6.046053e-06,3.775268e-04,8.500137e-03
345767936,4936079,4149215232,12667090,-6.568771e-02,-2.901328e-02,1.658187e-06,5.490954e-06,3.998175e-04,7.719723e-03
346030080,4936112,4152360960,12676747,-6.580699e-02,-2.894811e-02,1.979621e-06,5.189777e-06,4.773206e-04,7.296300e-03
346292224,4936112,4155506688,12686493,-6.578212e-02,-2.893536e-02,1.910256e-06,5.131865e-06,4.605955e-04,7.214882e-03
346554368,4936145,4158652416,12696260,-6.586217e-02,-2.897820e-02,2.137938e-06,5.327792e-06,5.154937e-04,7.490335e-03
346816512,4936198,4161798144,12705698,-6.579416e-02,-2.889886e-02,1.943682e-06,4.967833e-06,4.686553e-04,6.984269e-03
347078656,4936231,4164943872,12715500,-6.575702e-02,-2.886333e-02,1.841500e-06,4.810704e-06,4.440175e-04,6.763361e-03
347340800,4936235,4168089600,12725119,-6.571404e-02,-2.890950e-02,1.726692e-06,5.015382e-06,4.163352e-04,7.051118e-03
347602944,4936331,4171235328,12734780,-6.567591e-02,-2.877528e-02,1.627932e-06,4.432223e-06,3.925225e-04,6.231256e-03
347865088,4936391,4174381056,12744426,-6.566700e-02,-2.877720e-02,1.605273e-06,4.440273e-06,3.870589e-04,6.242573e-03
348127232,4936494,4177526784,12753995,-6.565598e-02,-2.877699e-02,1.577471e-06,4.439426e-06,3.803554e-04,6.241382e-03
348389376,4936501,4180672512,12763492,-6.566020e-02,-2.875990e-02,1.588101e-06,4.367701e-06,3.829184e-04,6.140545e-03
348651520,4936590,4183818240,12773223,-6.575601e-02,-2.875875e-02,1.838751e-06,4.362876e-06,4.433546e-04,6.133760e-03
348913664,4936867,4186963968,12782753,-6.568288e-02,-2.874892e-02,1.645776e-06,4.321911e-06,3.968251e-04,6.076168e-03
349175808,4936972,4190109696,12792432,-6.562541e-02,-2.868594e-02,1.501634e-06,4.064010e-06,3.620699e-04,5.713586e-03
349437952,4937175,4193255424,12801814,-6.550612e-02,-2.875531e-02,1.223503e-06,4.348531e-06,2.950076e-04,6.113593e-03
349700096,4937192,4196401152,12811373,-6.556343e-02,-2.878779e-02,1.353553e-06,4.485051e-06,3.263650e-04,6.305527e-03
349962240,4937571,4199546880,12821014,-6.550785e-02,-2.873264e-02,1.227330e-06,4.254481e-06,2.959304e-04,5.981368e-03
350224384,4937631,4202692608,12830704,-6.553245e-02,-2.864118e-02,1.282445e-06,3.885535e-06,3.092196e-04,5.462667e-03
350486528,4937711,4205838336,12840278,-6.542713e-02,-2.856333e-02,1.054995e-06,3.584693e-06,2.543775e-04,5.039714e-03
350748672,4937785,4208984064,12849896,-6.544923e-02,-2.854483e-02,1.100879e-06,3.514990e-06,2.654410e-04,4.941719e-03
351010816,4938563,4212129792,12859572,-6.544532e-02,-2.854938e-02,1.092686e-06,3.532052e-06,2.634655e-04,4.965707e-03
351272960,4941130,4215275520,12869137,-6.533873e-02,-2.867208e-02,8.812111e-07,4.008321e-06,2.124752e-04,5.635291e-03
351535104,4944277,4218421248,12878642,-6.520819e-02,-2.867192e-02,6.531660e-07,4.007694e-06,1.574896e-04,5.634411e-03
351797248,4945598,4221566976,12888355,-6.519867e-02,-2.864452e-02,6.378777e-07,3.898719e-06,1.538033e-04,5.481204e-03
352059392,4999896,4224712704,12898071,-6.515665e-02,-2.858884e-02,5.725097e-07,3.681944e-06,1.380419e-04,5.176439e-03
352321536,4999970,4227858432,12907513,-6.517088e-02,-2.857558e-02,5.942587e-07,3.631253e-06,1.432860e-04,5.105173e-03
352583680,5000472,4231004160,12916980,-6.523133e-02,-2.860896e-02,6.911068e-07,3.759557e-06,1.666378e-04,5.285555e-03
352845824,5000574,4234149888,12926655,-6.528324e-02,-2.864509e-02,7.801067e-07,3.900963e-06,1.880972e-04,5.484358e-03
353107968,5000604,4237295616,12936154,-6.524359e-02,-2.857625e-02,7.116474e-07,3.633781e-06,1.715905e-04,5.108727e-03
353370112,5000837,4240441344,12945758,-6.512289e-02,-2.848987e-02,5.225737e-07,3.311945e-06,1.260015e-04,4.656259e-03
353632256,5001050,4243587072,12955312,-6.503797e-02,-2.855515e-02,4.070068e-07,3.553782e-06,9.813636e-05,4.996257e-03
353894400,5001072,4246732800,12964754,-6.483433e-02,-2.851402e-02,1.886439e-07,3.400426e-06,4.548530e-05,4.780653e-03
354156544,5001079,4249878528,12974333,-6.479890e-02,-2.864722e-02,1.591185e-07,3.909400e-06,3.836622e-05,5.496219e-03
354418688,5001150,4253024256,12983709,-6.480302e-02,-2.871472e-02,1.624226e-07,4.180898e-06,3.916287e-05,5.877917e-03
354680832,5001182,4256169984,12993186,-6.491884e-02,-2.877452e-02,2.691909e-07,4.429000e-06,6.490656e-05,6.226724e-03
354942976,5001391,4259315712,13002809,-6.496392e-02,-2.883122e-02,3.180052e-07,4.670855e-06,7.667655e-05,6.566748e-03
355205120,5001563,4262461440,13012398,-6.499937e-02,-2.887352e-02,3.592437e-07,4.855486e-06,8.661985e-05,6.826321e-03
355467264,5001585,4265607168,13021913,-6.501383e-02,-2.875241e-02,3.767885e-07,4.336452e-06,9.085020e-05,6.096612e-03
355729408,5001886,4268752896,13031517,-6.507318e-02,-2.872260e-02,4.531744e-07,4.213150e-06,1.092682e-04,5.923261e-03
355991552,5001912,4271898624,13041102,-6.510379e-02,-2.868719e-02,4.953194e-07,4.069043e-06,1.194300e-04,5.720662e-03
356253696,5002095,4275044352,13050645,-6.501975e-02,-2.867739e-02,3.840860e-07,4.029605e-06,9.260976e-05,5.665216e-03
356515840,5002146,4278190080,13060164,-6.500333e-02,-2.858660e-02,3.640019e-07,3.673343e-06,8.776711e-05,5.164347e-03
356777984,5002600,4281335808,13069582,-6.508498e-02,-2.860042e-02,4.691929e-07,3.726526e-06,1.131305e-04,5.239118e-03
357040128,5002759,4284481536,13079224,-6.505129e-02,-2.865543e-02,4.241722e-07,3.941928e-06,1.022752e-04,5.541950e-03
357302272,5002861,4287627264,13088943,-6.495789e-02,-2.870605e-02,3.112352e-07,4.145492e-06,7.504418e-05,5.828141e-03
357564416,5003137,4290772992,13098308,-6.485677e-02,-2.872618e-02,2.086345e-07,4.227874e-06,5.030538e-05,5.943962e-03
357826560,5003157,4293918720,13108036,-6.477456e-02,-2.875978e-02,1.402919e-07,4.367188e-06,3.382679e-05,6.139822e-03
358088704,5003306,4297064448,13117574,-6.476633e-02,-2.873874e-02,1.341923e-07,4.279675e-06,3.235608e-05,6.016789e-03
358350848,5003341,4300210176,13127179,-6.478535e-02,-2.865856e-02,1.484900e-07,3.954371e-06,3.580350e-05,5.559444e-03
358612992,5003422,4303355904,13136775,-6.472892e-02,-2.863935e-02,1.081840e-07,3.878356e-06,2.608502e-05,5.452576e-03
358875136,5003465,4306501632,13146548,-6.471375e-02,-2.865249e-02,9.843527e-08,3.930265e-06,2.373444e-05,5.525554e-03
359137280,5003495,4309647360,13156328,-6.470137e-02,-2.853871e-02,9.082299e-08,3.492091e-06,2.189899e-05,4.909525e-03
359399424,5003512,4312793088,13165836,-6.489656e-02,-2.852135e-02,2.465707e-07,3.427511e-06,5.945244e-05,4.818732e-03
359661568,5003512,4315938816,13175467,-6.484021e-02,-2.843080e-02,1.937784e-07,3.100408e-06,4.672331e-05,4.358859e-03
359923712,5003525,4319084544,13184966,-6.483675e-02,-2.851263e-02,1.907467e-07,3.395282e-06,4.599231e-05,4.773422e-03
360185856,5003561,4322230272,13194759,-6.480603e-02,-2.854577e-02,1.648578e-07,3.518532e-06,3.975005e-05,4.946699e-03
360448000,5003567,4325376000,13204366,-6.480563e-02,-2.849071e-02,1.645312e-07,3.314977e-06,3.967131e-05,4.660521e-03
360710144,5003690,4328521728,13214097,-6.456245e-02,-2.857208e-02,2.638838e-08,3.617912e-06,6.362693e-06,5.086418e-03
360972288,5003691,4331667456,13223776,-6.465983e-02,-2.861566e-02,6.751243e-08,3.785605e-06,1.627841e-05,5.322177e-03
361234432,5003789,4334813184,13233383,-6.451675e-02,-2.867481e-02,1.362896e-08,4.019247e-06,3.286177e-06,5.650654e-03
361496576,5003967,4337958912,13243016,-6.446981e-02,-2.864334e-02,4.873707e-09,3.894079e-06,1.175135e-06,5.474680e-03
361758720,5004085,4341104640,13252739,-6.441341e-02,-2.859919e-02,1.796563e-10,3.721774e-06,4.331824e-08,5.232437e-03
362020864,5004100,4344250368,13262365,-6.438681e-02,-2.871292e-02,1.739109e-10,4.173520e-06,4.193291e-08,5.867545e-03
362283008,5004178,4347396096,13271654,-6.424919e-02,-2.880636e-02,2.274506e-08,4.564022e-06,5.484225e-06,6.416552e-03
362545152,5004216,4350541824,13281226,-6.423366e-02,-2.874241e-02,2.766955e-08,4.294886e-06,6.671604e-06,6.038174e-03
362807296,5004236,4353687552,13291072,-6.419825e-02,-2.871979e-02,4.070479e-08,4.201657e-06,9.814625e-06,5.907104e-03
363069440,5004295,4356833280,13300767,-6.425463e-02,-2.866841e-02,2.113410e-08,3.993634e-06,5.095796e-06,5.614644e-03
363331584,5004444,4359979008,13310284,-6.417139e-02,-2.863818e-02,5.226418e-08,3.873743e-06,1.260180e-05,5.446090e-03
363593728,5004514,4363124736,13319733,-6.419123e-02,-2.866156e-02,4.358605e-08,3.966306e-06,1.050935e-05,5.576225e-03
363855872,5004561,4366270464,13329319,-6.426236e-02,-2.881674e-02,1.894533e-08,4.608491e-06,4.568045e-06,6.479070e-03
364118016,5004778,4369416192,13338838,-6.431642e-02,-2.875729e-02,6.985719e-09,4.356770e-06,1.684377e-06,6.125176e-03
364380160,5004808,4372561920,13348204,-6.434894e-02,-2.873904e-02,2.607004e-09,4.280931e-06,6.285936e-07,6.018555e-03
364642304,5004905,4375707648,13357855,-6.427117e-02,-2.861547e-02,1.659857e-08,3.784873e-06,4.002201e-06,5.321148e-03
364904448,5005186,4378853376,13367330,-6.432285e-02,-2.868381e-02,5.952240e-09,4.055416e-06,1.435188e-06,5.701503e-03
365166592,5005294,4381999104,13376913,-6.423928e-02,-2.851565e-02,2.583218e-08,3.406432e-06,6.228584e-06,4.789098e-03
365428736,5005335,4385144832,13386563,-6.423423e-02,-2.853188e-02,2.747902e-08,3.466602e-06,6.625664e-06,4.873692e-03
365690880,5005497,4388290560,13396061,-6.416265e-02,-2.853653e-02,5.633652e-08,3.483930e-06,1.358370e-05,4.898052e-03
365953024,5005570,4391436288,13405628,-6.416857e-02,-2.855189e-02,5.355982e-08,3.541517e-06,1.291419e-05,4.979013e-03
366215168,5005579,4394582016,13415344,-6.415322e-02,-2.865731e-02,6.089945e-08,3.949387e-06,1.468390e-05,5.552438e-03
366477312,5005595,4397727744,13425217,-6.433763e-02,-2.876298e-02,3.890798e-09,4.380573e-06,9.381383e-07,6.158640e-03
366739456,5005730,4400873472,13434836,-6.427491e-02,-2.870473e-02,1.564882e-08,4.140139e-06,3.773200e-06,5.820615e-03
367001600,5005906,4404019200,13444402,-6.431958e-02,-2.862081e-02,6.467628e-09,3.805644e-06,1.559457e-06,5.350349e-03
367263744,5006208,4407164928,13453875,-6.432991e-02,-2.864850e-02,4.912273e-09,3.914447e-06,1.184434e-06,5.503315e-03
367525888,5006560,4410310656,13463542,-6.426492e-02,-2.869305e-02,1.824634e-08,4.092726e-06,4.399507e-06,5.753958e-03
367788032,5025468,4413456384,13473127,-6.429309e-02,-2.873470e-02,1.143099e-08,4.262983e-06,2.756210e-06,5.993322e-03
368050176,5026576,4416602112,13482714,-6.427208e-02,-2.870850e-02,1.636518e-08,4.155495e-06,3.945927e-06,5.842204e-03
368312320,5046051,4419747840,13492137,-6.420985e-02,-2.864080e-02,3.615844e-08,3.884044e-06,8.718423e-06,5.460571e-03
368574464,5046161,4422893568,13501633,-6.416491e-02,-2.866851e-02,5.526995e-08,3.994043e-06,1.332654e-05,5.615219e-03
368836608,5059449,4426039296,13511221,-6.411976e-02,-2.862498e-02,7.853372e-08,3.821940e-06,1.893583e-05,5.373260e-03
369098752,5060661,4429185024,13521097,-6.416664e-02,-2.871983e-02,5.446020e-08,4.201802e-06,1.313129e-05,5.907308e-03
369360896,5379775,4432330752,13530725,-6.425539e-02,-2.866888e-02,2.091372e-08,3.995510e-06,5.042658e-06,5.617282e-03
369623040,5380010,4435476480,13540276,-6.420578e-02,-2.872317e-02,3.772208e-08,4.215505e-06,9.095444e-06,5.926572e-03
369885184,5380198,4438622208,13549697,-6.432597e-02,-2.867924e-02,5.480288e-09,4.037041e-06,1.321392e-06,5.675670e-03
370147328,5380579,4441767936,13559200,-6.434198e-02,-2.869861e-02,3.366915e-09,4.115253e-06,8.118211e-07,5.785629e-03
370409472,5380581,4444913664,13568791,-6.428389e-02,-2.879630e-02,1.348150e-08,4.521147e-06,3.250621e-06,6.356274e-03
370671616,5380738,4448059392,13578395,-6.430390e-02,-2.876852e-02,9.234746e-09,4.403776e-06,2.226657e-06,6.191261e-03
370933760,5380745,4451205120,13587841,-6.418376e-02,-2.886735e-02,4.676218e-08,4.828345e-06,1.127517e-05,6.788163e-03
371195904,5380851,4454350848,13597630,-6.419324e-02,-2.880326e-02,4.275014e-08,4.550804e-06,1.030779e-05,6.397969e-03
371458048,5380948,4457496576,13607399,-6.413319e-02,-2.885325e-02,7.118904e-08,4.766594e-06,1.716490e-05,6.701347e-03
371720192,5381061,4460642304,13616943,-6.403014e-02,-2.894425e-02,1.367977e-07,5.172207e-06,3.298428e-05,7.271599e-03
371982336,5381184,4463788032,13626439,-6.407379e-02,-2.898591e-02,1.064122e-07,5.363424e-06,2.565781e-05,7.540430e-03
372244480,5381265,4466933760,13636189,-6.416532e-02,-2.892043e-02,5.507744e-08,5.064448e-06,1.328012e-05,7.120101e-03
372506624,5381419,4470079488,13646077,-6.421907e-02,-2.883731e-02,3.273832e-08,4.697219e-06,7.893774e-06,6.603813e-03
372768768,5381443,4473225216,13655574,-6.429909e-02,-2.880917e-02,1.018296e-08,4.576063e-06,2.455287e-06,6.433480e-03
373030912,5381479,4476370944,13665097,-6.427327e-02,-2.875061e-02,1.606160e-08,4.328954e-06,3.872729e-06,6.086069e-03
373293056,5381723,4479516672,13674776,-6.435516e-02,-2.876362e-02,2.010410e-09,4.383247e-06,4.847445e-07,6.162401e-03
373555200,5381737,4482662400,13684284,-6.439341e-02,-2.877212e-02,4.347772e-11,4.418924e-06,1.048323e-08,6.212558e-03
373817344,5381767,4485808128,13693800,-6.433459e-02,-2.869187e-02,4.279266e-09,4.087942e-06,1.031805e-06,5.747232e-03
374079488,5381780,4488953856,13703324,-6.431744e-02,-2.862714e-02,6.816134e-09,3.830415e-06,1.643488e-06,5.385174e-03
374341632,5381802,4492099584,13712747,-6.436004e-02,-2.852019e-02,1.596599e-09,3.423209e-06,3.849674e-07,4.812684e-03
374603776,5381840,4495245312,13722363,-6.439696e-02,-2.853489e-02,9.285961e-12,3.477813e-06,2.239005e-09,4.889453e-03
374865920,5381994,4498391040,13732208,-6.439692e-02,-2.851910e-02,9.514389e-12,3.419157e-06,2.294083e-09,4.806987e-03
375128064,5382020,4501536768,13741958,-6.440136e-02,-2.865886e-02,1.838751e-12,3.955549e-06,4.433546e-10,5.561100e-03
375390208,5382045,4504682496,13751599,-6.435274e-02,-2.855750e-02,2.233416e-09,3.562650e-06,5.385152e-07,5.008725e-03
375652352,5382115,4507828224,13761191,-6.426535e-02,-2.857349e-02,1.813179e-08,3.623285e-06,4.371887e-06,5.093971e-03
375914496,5382236,4510973952,13770622,-6.425519e-02,-2.857558e-02,2.097194e-08,3.631253e-06,5.056697e-06,5.105173e-03
376176640,5382281,4514119680,13780202,-6.421220e-02,-2.852359e-02,3.527139e-08,3.435813e-06,8.504539e-06,4.830404e-03
376438784,5382391,4517265408,13789667,-6.411821e-02,-2.848176e-02,7.940471e-08,3.282459e-06,1.914584e-05,4.614804e-03
376700928,5382525,4520411136,13799306,-6.415071e-02,-2.841182e-02,6.214499e-08,3.033947e-06,1.498423e-05,4.265422e-03
376963072,5382593,4523556864,13808986,-6.414822e-02,-2.834570e-02,6.339565e-08,2.807967e-06,1.528578e-05,3.947717e-03
377225216,5382625,4526702592,13818729,-6.421394e-02,-2.841396e-02,3.461957e-08,3.041407e-06,8.347375e-06,4.275909e-03
377487360,5382703,4529848320,13828322,-6.416401e-02,-2.833655e-02,5.569465e-08,2.777406e-06,1.342894e-05,3.904751e-03
377749504,5382705,4532994048,13837743,-6.414782e-02,-2.826899e-02,6.359841e-08,2.556780e-06,1.533467e-05,3.594573e-03
378011648,5382714,4536139776,13847429,-6.417665e-02,-2.825977e-02,4.988679e-08,2.527361e-06,1.202856e-05,3.553213e-03
378273792,5382739,4539285504,13857285,-6.419665e-02,-2.821455e-02,4.135372e-08,2.385641e-06,9.971095e-06,3.353969e-03
378535936,5382770,4542431232,13866907,-6.420051e-02,-2.833096e-02,3.979598e-08,2.758787e-06,9.595496e-06,3.878575e-03
378798080,5382781,4545576960,13876658,-6.430966e-02,-2.832244e-02,8.162353e-09,2.730564e-06,1.968084e-06,3.838896e-03
379060224,5382981,4548722688,13886204,-6.437205e-02,-2.824049e-02,7.814585e-10,2.466454e-06,1.884231e-07,3.467584e-03
379322368,5382981,4551868416,13895798,-6.446153e-02,-2.826905e-02,3.785559e-09,2.556958e-06,9.127635e-07,3.594824e-03
379584512,5382999,4555014144,13905351,-6.435741e-02,-2.819229e-02,1.813697e-09,2.317371e-06,4.373135e-07,3.257989e-03
379846656,5383028,4558159872,13915027,-6.441873e-02,-2.813820e-02,3.505623e-10,2.155601e-06,8.452661e-08,3.030556e-03
380108800,5383104,4561305600,13924505,-6.448470e-02,-2.816810e-02,7.173785e-09,2.244308e-06,1.729723e-06,3.155269e-03
380370944,5383120,4564451328,13934205,-6.444445e-02,-2.820060e-02,1.975817e-09,2.342750e-06,4.764036e-07,3.293669e-03
380633088,5383242,4567597056,13943946,-6.431839e-02,-2.836847e-02,6.660789e-09,2.884812e-06,1.606031e-06,4.055754e-03
380895232,5383339,4570742784,13953574,-6.433476e-02,-2.839110e-02,4.256875e-09,2.962195e-06,1.026406e-06,4.164545e-03
381157376,5383340,4573888512,13963284,-6.440113e-02,-2.844687e-02,1.265710e-12,3.157255e-06,3.051844e-10,4.438780e-03
381419520,5383459,4577034240,13972876,-6.431308e-02,-2.847683e-02,7.556117e-09,3.264638e-06,1.821910e-06,4.589750e-03
381681664,5383664,4580179968,13982304,-6.433289e-02,-2.842284e-02,4.503400e-09,3.072443e-06,1.085848e-06,4.319543e-03
381943808,5383757,4583325696,13992073,-6.432831e-02,-2.833928e-02,5.139382e-09,2.786490e-06,1.239194e-06,3.917522e-03
382205952,5383865,4586471424,14002064,-6.422839e-02,-2.836802e-02,2.945228e-08,2.883269e-06,7.101452e-06,4.053582e-03
382468096,5383893,4589617152,14011783,-6.425568e-02,-2.837162e-02,2.082761e-08,2.895503e-06,5.021896e-06,4.070783e-03
382730240,5383936,4592762880,14021255,-6.435890e-02,-2.840021e-02,1.689609e-09,2.993611e-06,4.073938e-07,4.208713e-03
382992384,5384086,4595908608,14030893,-6.435708e-02,-2.838678e-02,1.842366e-09,2.947338e-06,4.442262e-07,4.143659e-03
383254528,5384214,4599054336,14040515,-6.436070e-02,-2.834246e-02,1.544632e-09,2.797134e-06,3.724375e-07,3.932486e-03
383516672,5384537,4602200064,14050002,-6.426112e-02,-2.846638e-02,1.928733e-08,3.226967e-06,4.650507e-06,4.536788e-03
383778816,5384762,4605345792,14059503,-6.433287e-02,-2.846949e-02,4.506401e-09,3.238152e-06,1.086571e-06,4.552513e-03
384040960,5384882,4608491520,14069246,-6.433121e-02,-2.853867e-02,4.732231e-09,3.491924e-06,1.141022e-06,4.909290e-03
384303104,5385207,4611637248,14078815,-6.430500e-02,-2.845165e-02,9.025447e-09,3.174263e-06,2.176191e-06,4.462691e-03
384565248,5385837,4614782976,14088599,-6.428182e-02,-2.839372e-02,1.396677e-08,2.971197e-06,3.367630e-06,4.177202e-03
384827392,5388495,4617928704,14098245,-6.427643e-02,-2.842588e-02,1.527086e-08,3.083128e-06,3.682068e-06,4.334566e-03
385089536,5391748,4621074432,14107550,-6.428183e-02,-2.850269e-02,1.396501e-08,3.358753e-06,3.367205e-06,4.722066e-03
385351680,5393403,4624220160,14117145,-6.427187e-02,-2.851407e-02,1.641669e-08,3.400584e-06,3.958347e-06,4.780876e-03
385613824,5453493,4627365888,14126527,-6.428273e-02,-2.843724e-02,1.375275e-08,3.123139e-06,3.316026e-06,4.390817e-03
385875968,5453534,4630511616,14136252,-6.433539e-02,-2.846239e-02,4.174638e-09,3.212668e-06,1.006577e-06,4.516686e-03
386138112,5454092,4633657344,14145872,-6.429313e-02,-2.841878e-02,1.142144e-08,3.058237e-06,2.753905e-06,4.299571e-03
386400256,5454226,4636803072,14155427,-6.423806e-02,-2.837317e-02,2.622645e-08,2.900773e-06,6.323648e-06,4.078192e-03
386662400,5454321,4639948800,14165178,-6.419602e-02,-2.836312e-02,4.160865e-08,2.866662e-06,1.003256e-05,4.030237e-03
386924544,5454573,4643094528,14174905,-6.414694e-02,-2.835707e-02,6.404262e-08,2.846200e-06,1.544178e-05,4.001469e-03
387186688,5454769,4646240256,14184669,-6.413300e-02,-2.828825e-02,7.128847e-08,2.618737e-06,1.718888e-05,3.681678e-03
387448832,5454842,4649385984,14194065,-6.418691e-02,-2.841519e-02,4.540908e-08,3.045677e-06,1.094891e-05,4.281913e-03
387710976,5454873,4652531712,14203544,-6.413585e-02,-2.846819e-02,6.977675e-08,3.233495e-06,1.682438e-05,4.545966e-03
387973120,5454957,4655677440,14213074,-6.406242e-02,-2.848229e-02,1.139642e-07,3.284383e-06,2.747872e-05,4.617510e-03
388235264,5455117,4658823168,14222681,-6.408208e-02,-2.856825e-02,1.010755e-07,3.603338e-06,2.437104e-05,5.065926e-03
388497408,5455224,4661968896,14232310,-6.403924e-02,-2.870886e-02,1.301511e-07,4.156953e-06,3.138167e-05,5.844254e-03
388759552,5455280,4665114624,14241857,-6.411278e-02,-2.864628e-02,8.249526e-08,3.905703e-06,1.989103e-05,5.491022e-03
389021696,5455305,4668260352,14251562,-6.409793e-02,-2.860404e-02,9.125012e-08,3.740505e-06,2.200197e-05,5.258770e-03
389283840,5455608,4671406080,14261064,-6.413807e-02,-2.864119e-02,6.860869e-08,3.885586e-06,1.654274e-05,5.462740e-03
389545984,5455683,4674551808,14270669,-6.411666e-02,-2.868203e-02,8.028049e-08,4.048277e-06,1.935701e-05,5.691466e-03
389808128,5455878,4677697536,14280468,-6.410776e-02,-2.872374e-02,8.540513e-08,4.217846e-06,2.059265e-05,5.929864e-03
390070272,5455981,4680843264,14290122,-6.406715e-02,-2.873958e-02,1.107922e-07,4.283182e-06,2.671392e-05,6.021720e-03
390332416,5456212,4683988992,14299775,-6.399751e-02,-2.866934e-02,1.619964e-07,3.997372e-06,3.906013e-05,5.619899e-03
390594560,5456713,4687134720,14309369,-6.393143e-02,-2.866730e-02,2.195620e-07,3.989213e-06,5.294019e-05,5.608429e-03
390856704,5456715,4690280448,14318935,-6.392583e-02,-2.868658e-02,2.248371e-07,4.066601e-06,5.421208e-05,5.717229e-03
391118848,5456967,4693426176,14328453,-6.388134e-02,-2.865352e-02,2.690131e-07,3.934372e-06,6.486369e-05,5.531329e-03
391380992,5457079,4696571904,14338254,-6.380951e-02,-2.870939e-02,3.486853e-07,4.159126e-06,8.407402e-05,5.847308e-03
391643136,5457134,4699717632,14347523,-6.389317e-02,-2.869282e-02,2.568799e-07,4.091807e-06,6.193816e-05,5.752665e-03
391905280,5457229,4702863360,14357052,-6.395528e-02,-2.870148e-02,1.977738e-07,4.126922e-06,4.768668e-05,5.802034e-03
392167424,5457263,4706009088,14366677,-6.398236e-02,-2.866127e-02,1.744251e-07,3.965157e-06,4.205689e-05,5.574608e-03
392429568,5457344,4709154816,14376115,-6.391338e-02,-2.868137e-02,2.368061e-07,4.045594e-06,5.709802e-05,5.687694e-03
392691712,5457419,4712300544,14385551,-6.395496e-02,-2.864158e-02,1.980589e-07,3.887128e-06,4.775541e-05,5.464907e-03
392953856,5457496,4715446272,14395143,-6.396329e-02,-2.870354e-02,1.907207e-07,4.135289e-06,4.598604e-05,5.813797e-03
393216000,5457513,4718592000,14404659,-6.396245e-02,-2.870099e-02,1.914502e-07,4.124932e-06,4.616194e-05,5.799236e-03
393478144,5457532,4721737728,14414251,-6.385858e-02,-2.866249e-02,2.931424e-07,3.970009e-06,7.068168e-05,5.581431e-03
393740288,5457604,4724883456,14424136,-6.392104e-02,-2.859649e-02,2.294032e-07,3.711346e-06,5.531307e-05,5.217776e-03
394002432,5457648,4728029184,14433776,-6.382934e-02,-2.860264e-02,3.256555e-07,3.735096e-06,7.852115e-05,5.251166e-03
394264576,5457763,4731174912,14443383,-6.381275e-02,-2.864394e-02,3.448682e-07,3.896454e-06,8.315365e-05,5.478019e-03
394526720,5457789,4734320640,14452865,-6.378014e-02,-2.873226e-02,3.842246e-07,4.252913e-06,9.264315e-05,5.979164e-03
394788864,5457797,4737466368,14462311,-6.381302e-02,-2.877191e-02,3.445444e-07,4.418039e-06,8.307560e-05,6.211314e-03
395051008,5457803,4740612096,14471974,-6.394051e-02,-2.878684e-02,2.111331e-07,4.481005e-06,5.090782e-05,6.299838e-03
395313152,5457879,4743757824,14481609,-6.391840e-02,-2.880388e-02,2.319367e-07,4.553427e-06,5.592393e-05,6.401657e-03
395575296,5458051,4746903552,14491188,-6.383637e-02,-2.877982e-02,3.176860e-07,4.451349e-06,7.659956e-05,6.258144e-03
395837440,5458099,4750049280,14500674,-6.388746e-02,-2.886407e-02,2.626976e-07,4.813948e-06,6.334092e-05,6.767923e-03
396099584,5458112,4753195008,14510339,-6.393772e-02,-2.888400e-02,2.137016e-07,4.901778e-06,5.152714e-05,6.891403e-03
396361728,5458143,4756340736,14520132,-6.394650e-02,-2.899086e-02,2.056640e-07,5.386415e-06,4.958914e-05,7.572753e-03
396623872,5458249,4759486464,14529783,-6.395363e-02,-2.896913e-02,1.992477e-07,5.285999e-06,4.804206e-05,7.431578e-03
396886016,5458423,4762632192,14539162,-6.394997e-02,-2.900095e-02,2.025270e-07,5.433308e-06,4.883275e-05,7.638680e-03
397148160,5458480,4765777920,14548747,-6.399300e-02,-2.897641e-02,1.656513e-07,5.319549e-06,3.994139e-05,7.478747e-03
397410304,5458663,4768923648,14558314,-6.398585e-02,-2.884395e-02,1.715186e-07,4.726055e-06,4.135608e-05,6.644353e-03
397672448,5458735,4772069376,14567797,-6.399184e-02,-2.878777e-02,1.665927e-07,4.484949e-06,4.016837e-05,6.305383e-03
397934592,5458885,4775215104,14577339,-6.402911e-02,-2.881407e-02,1.375648e-07,4.597030e-06,3.316925e-05,6.462957e-03
398196736,5459006,4778360832,14586890,-6.401850e-02,-2.887237e-02,1.455476e-07,4.850414e-06,3.509403e-05,6.819190e-03
398458880,5459140,4781506560,14596431,-6.395994e-02,-2.883835e-02,1.936538e-07,4.701733e-06,4.669326e-05,6.610160e-03
398721024,5459374,4784652288,14606253,-6.402046e-02,-2.884152e-02,1.440506e-07,4.715484e-06,3.473309e-05,6.629491e-03
398983168,5459381,4787798016,14615492,-6.410722e-02,-2.893756e-02,8.571897e-08,5.141820e-06,2.066832e-05,7.228876e-03
399245312,5459431,4790943744,14625025,-6.408113e-02,-2.893895e-02,1.016780e-07,5.148149e-06,2.451633e-05,7.237774e-03
399507456,5459448,4794089472,14634690,-6.404748e-02,-2.888071e-02,1.242733e-07,4.887239e-06,2.996444e-05,6.870963e-03
399769600,5459621,4797235200,14644260,-6.410185e-02,-2.895608e-02,8.889335e-08,5.226154e-06,2.143372e-05,7.347442e-03
400031744,5459714,4800380928,14654066,-6.411649e-02,-2.892777e-02,8.038186e-08,5.097534e-06,1.938145e-05,7.166614e-03
400293888,5459786,4803526656,14663514,-6.414794e-02,-2.895370e-02,6.353454e-08,5.215276e-06,1.531927e-05,7.332150e-03
400556032,5459823,4806672384,14673237,-6.412312e-02,-2.897577e-02,7.666581e-08,5.316568e-06,1.848545e-05,7.474555e-03
400818176,5460152,4809818112,14682914,-6.411481e-02,-2.895461e-02,8.133523e-08,5.219437e-06,1.961133e-05,7.338000e-03
401080320,5460593,4812963840,14692442,-6.416589e-02,-2.889217e-02,5.480850e-08,4.938061e-06,1.321527e-05,6.942412e-03
401342464,5472295,4816109568,14702103,-6.410795e-02,-2.891844e-02,8.529631e-08,5.055474e-06,2.056641e-05,7.107483e-03
401604608,5473531,4819255296,14711562,-6.406979e-02,-2.898117e-02,1.090385e-07,5.341499e-06,2.629105e-05,7.509605e-03
401866752,5503505,4822401024,14721258,-6.413777e-02,-2.892236e-02,6.876490e-08,5.073112e-06,1.658040e-05,7.132282e-03
402128896,5503829,4825546752,14730752,-6.413789e-02,-2.898798e-02,6.870240e-08,5.373048e-06,1.656533e-05,7.553961e-03
402391040,5513809,4828692480,14740504,-6.412352e-02,-2.890529e-02,7.644318e-08,4.996545e-06,1.843177e-05,7.024635e-03
402653184,5514770,4831838208,14750286,-6.417971e-02,-2.892664e-02,4.852826e-08,5.092430e-06,1.170100e-05,7.159438e-03
402915328,5826766,4834983936,14759664,-6.414213e-02,-2.880934e-02,6.649799e-08,4.576772e-06,1.603381e-05,6.434477e-03
403177472,5826830,4838129664,14768981,-6.411218e-02,-2.873303e-02,8.284230e-08,4.256110e-06,1.997471e-05,5.983659e-03
403439616,5826903,4841275392,14778363,-6.419580e-02,-2.870297e-02,4.169685e-08,4.132979e-06,1.005383e-05,5.810549e-03
403701760,5827071,4844421120,14787890,-6.408828e-02,-2.861152e-02,9.716774e-08,3.769517e-06,2.342881e-05,5.299558e-03
403963904,5827376,4847566848,14797513,-6.409708e-02,-2.865926e-02,9.175947e-08,3.957156e-06,2.212479e-05,5.563361e-03
404226048,5827394,4850712576,14807249,-6.416062e-02,-2.863427e-02,5.730264e-08,3.858368e-06,1.381665e-05,5.424474e-03
404488192,5827536,4853858304,14816918,-6.414215e-02,-2.864904e-02,6.648646e-08,3.916614e-06,1.603103e-05,5.506361e-03
404750336,5827668,4857004032,14826405,-6.411029e-02,-2.857478e-02,8.393094e-08,3.628201e-06,2.023720e-05,5.100883e-03
405012480,5827734,4860149760,14836267,-6.413037e-02,-2.856772e-02,7.270385e-08,3.601329e-06,1.753015e-05,5.063104e-03
405274624,5827873,4863295488,14845916,-6.413824e-02,-2.850456e-02,6.851895e-08,3.365597e-06,1.652110e-05,4.731689e-03
405536768,5828073,4866441216,14855466,-6.418467e-02,-2.858157e-02,4.636989e-08,3.654091e-06,1.118058e-05,5.137281e-03
405798912,5828144,4869586944,14865072,-6.417806e-02,-2.853919e-02,4.925643e-08,3.493873e-06,1.187657e-05,4.912031e-03
406061056,5828226,4872732672,14874732,-6.417399e-02,-2.849446e-02,5.108204e-08,3.328658e-06,1.231676e-05,4.679755e-03
406323200,5828303,4875878400,14884396,-6.417171e-02,-2.845423e-02,5.211781e-08,3.183495e-06,1.256650e-05,4.475672e-03
406585344,5828356,4879024128,14894086,-6.415525e-02,-2.847679e-02,5.990334e-08,3.264504e-06,1.444373e-05,4.589561e-03
406847488,5828516,4882169856,14903684,-6.417954e-02,-2.832659e-02,4.860379e-08,2.744297e-06,1.171921e-05,3.858203e-03
407109632,5828521,4885315584,14913371,-6.419130e-02,-2.824307e-02,4.355805e-08,2.474558e-06,1.050260e-05,3.478977e-03
407371776,5828596,4888461312,14922897,-6.420655e-02,-2.823753e-02,3.742458e-08,2.457166e-06,9.023710e-06,3.454526e-03
407633920,5828640,4891607040,14932827,-6.412411e-02,-2.828017e-02,7.611805e-08,2.592663e-06,1.835337e-05,3.645021e-03
407896064,5828676,4894752768,14942359,-6.413051e-02,-2.829370e-02,7.262753e-08,2.636388e-06,1.751175e-05,3.706494e-03
408158208,5828752,4897898496,14951970,-6.427827e-02,-2.835238e-02,1.481760e-08,2.830391e-06,3.572780e-06,3.979242e-03
408420352,5828828,4901044224,14961443,-6.421334e-02,-2.843434e-02,3.484173e-08,3.112884e-06,8.400941e-06,4.376398e-03
408682496,5828979,4904189952,14971018,-6.409848e-02,-2.849511e-02,9.091733e-08,3.331037e-06,2.192173e-05,4.683100e-03
408944640,5829089,4907335680,14980659,-6.408882e-02,-2.840923e-02,9.683358e-08,3.024915e-06,2.334825e-05,4.252723e-03
409206784,5829095,4910481408,14990243,-6.409618e-02,-2.847149e-02,9.230646e-08,3.245376e-06,2.225668e-05,4.562669e-03
409468928,5829175,4913627136,14999993,-6.394905e-02,-2.845171e-02,2.033594e-07,3.174489e-06,4.903345e-05,4.463009e-03
409731072,5829218,4916772864,15009483,-6.388510e-02,-2.857821e-02,2.651242e-07,3.641276e-06,6.392603e-05,5.119266e-03
409993216,5829345,4919918592,15019144,-6.389092e-02,-2.860367e-02,2.591658e-07,3.739093e-06,6.248933e-05,5.256786e-03
410255360,5829362,4923064320,15028606,-6.374864e-02,-2.859462e-02,4.242790e-07,3.704151e-06,1.023010e-04,5.207661e-03
410517504,5829412,4926210048,15038323,-6.374691e-02,-2.860473e-02,4.265241e-07,3.743171e-06,1.028423e-04,5.262519e-03
410779648,5829508,4929355776,15047875,-6.374944e-02,-2.858179e-02,4.232314e-07,3.654952e-06,1.020484e-04,5.138492e-03
411041792,5829549,4932501504,15057565,-6.374221e-02,-2.859208e-02,4.326869e-07,3.694385e-06,1.043283e-04,5.193932e-03
411303936,5829585,4935647232,15067258,-6.372821e-02,-2.854529e-02,4.513105e-07,3.516729e-06,1.088187e-04,4.944164e-03
411566080,5829592,4938792960,15076743,-6.370740e-02,-2.847375e-02,4.796927e-07,3.253515e-06,1.156622e-04,4.574111e-03
411828224,5829610,4941938688,15086123,-6.377892e-02,-2.848530e-02,3.857409e-07,3.295302e-06,9.300876e-05,4.632861e-03
412090368,5829666,4945084416,15095874,-6.376760e-02,-2.857581e-02,3.999270e-07,3.632112e-06,9.642929e-05,5.106382e-03
412352512,5829726,4948230144,15105439,-6.385705e-02,-2.855581e-02,2.947986e-07,3.556269e-06,7.108102e-05,4.999753e-03
412614656,5829755,4951375872,15115085,-6.378052e-02,-2.854729e-02,3.837629e-07,3.524222e-06,9.253183e-05,4.954699e-03
412876800,5829778,4954521600,15124630,-6.385007e-02,-2.859071e-02,3.024283e-07,3.689110e-06,7.292067e-05,5.186515e-03
413138944,5829828,4957667328,15134146,-6.388857e-02,-2.863187e-02,2.615608e-07,3.848920e-06,6.306682e-05,5.411191e-03
413401088,5829844,4960813056,15143648,-6.389198e-02,-2.860696e-02,2.580821e-07,3.751825e-06,6.222804e-05,5.274686e-03
413663232,5829867,4963958784,15153353,-6.386295e-02,-2.858509e-02,2.884257e-07,3.667555e-06,6.954439e-05,5.156210e-03
413925376,5830074,4967104512,15163171,-6.386277e-02,-2.854720e-02,2.886177e-07,3.523872e-06,6.959071e-05,4.954207e-03
414187520,5830289,4970250240,15172769,-6.381593e-02,-2.866265e-02,3.411417e-07,3.970641e-06,8.225514e-05,5.582317e-03
414449664,5830376,4973395968,15182253,-6.392587e-02,-2.871468e-02,2.248017e-07,4.180715e-06,5.420357e-05,5.877660e-03
414711808,5830404,4976541696,15191767,-6.391600e-02,-2.869200e-02,2.342605e-07,4.088469e-06,5.648423e-05,5.747973e-03
414973952,5830507,4979687424,15201507,-6.386169e-02,-2.876986e-02,2.897797e-07,4.409429e-06,6.987088e-05,6.199211e-03
415236096,5830868,4982833152,15210996,-6.389751e-02,-2.869702e-02,2.525032e-07,4.108825e-06,6.088287e-05,5.776591e-03
415498240,5830904,4985978880,15220474,-6.388622e-02,-2.869935e-02,2.639746e-07,4.118277e-06,6.364882e-05,5.789879e-03
415760384,5830947,4989124608,15230072,-6.392035e-02,-2.863625e-02,2.300675e-07,3.866121e-06,5.547323e-05,5.435375e-03
416022528,5831060,4992270336,15239756,-6.385880e-02,-2.857742e-02,2.929004e-07,3.638242e-06,7.062333e-05,5.114999e-03
416284672,5831103,4995416064,15249489,-6.381502e-02,-2.854405e-02,3.422043e-07,3.512078e-06,8.251136e-05,4.937625e-03
416546816,5831200,4998561792,15259028,-6.384127e-02,-2.842451e-02,3.121836e-07,3.078303e-06,7.527284e-05,4.327781e-03
416808960,5831254,5001707520,15268748,-6.388441e-02,-2.841309e-02,2.658383e-07,3.038374e-06,6.409818e-05,4.271646e-03
417071104,5831388,5004853248,15278133,-6.383068e-02,-2.835305e-02,3.241267e-07,2.832666e-06,7.815252e-05,3.982441e-03
417333248,5831576,5007998976,15287810,-6.369071e-02,-2.830953e-02,5.030998e-07,2.688071e-06,1.213060e-04,3.779155e-03
417595392,5832089,5011144704,15297331,-6.358003e-02,-2.840851e-02,6.723568e-07,3.022408e-06,1.621168e-04,4.249198e-03
417857536,5832715,5014290432,15306966,-6.358001e-02,-2.850263e-02,6.723812e-07,3.358535e-06,1.621227e-04,4.721759e-03
418119680,5833112,5017436160,15316527,-6.361588e-02,-2.857386e-02,6.148464e-07,3.624697e-06,1.482501e-04,5.095956e-03
418381824,5835925,5020581888,15326037,-6.363835e-02,-2.857857e-02,5.801115e-07,3.642656e-06,1.398749e-04,5.121204e-03
418643968,5839515,5023727616,15335722,-6.370208e-02,-2.859872e-02,4.871002e-07,3.719963e-06,1.174483e-04,5.229891e-03
418906112,5841289,5026873344,15345369,-6.372278e-02,-2.860701e-02,4.586276e-07,3.752005e-06,1.105830e-04,5.274939e-03
419168256,5907030,5030019072,15355202,-6.376871e-02,-2.863633e-02,3.985242e-07,3.866451e-06,9.609103e-05,5.435838e-03
419430400,5907227,5033164800,15364633,-6.372476e-02,-2.864488e-02,4.559473e-07,3.900161e-06,1.099367e-04,5.483231e-03
419692544,5907564,5036310528,15374259,-6.370734e-02,-2.863160e-02,4.797856e-07,3.847882e-06,1.156846e-04,5.409732e-03
419954688,5907837,5039456256,15383802,-6.373712e-02,-2.860303e-02,4.394173e-07,3.736601e-06,1.059511e-04,5.253281e-03
420216832,5907874,5042601984,15393338,-6.375198e-02,-2.868273e-02,4.199321e-07,4.051080e-06,1.012529e-04,5.695408e-03
420478976,5908279,5045747712,15403049,-6.375492e-02,-2.868326e-02,4.161362e-07,4.053218e-06,1.003376e-04,5.698414e-03
420741120,5908443,5048893440,15412445,-6.374800e-02,-2.870120e-02,4.251044e-07,4.125787e-06,1.025000e-04,5.800439e-03
421003264,5908447,5052039168,15422214,-6.373869e-02,-2.865914e-02,4.373356e-07,3.956697e-06,1.054492e-04,5.562715e-03
421265408,5908508,5055184896,15431759,-6.378113e-02,-2.866363e-02,3.829971e-07,3.974561e-06,9.234720e-05,5.587830e-03
421527552,5908726,5058330624,15441573,-6.380437e-02,-2.870440e-02,3.547830e-07,4.138789e-06,8.554431e-05,5.818719e-03
421789696,5908835,5061476352,15451062,-6.376463e-02,-2.868960e-02,4.036958e-07,4.078773e-06,9.733802e-05,5.734341e-03
422051840,5909017,5064622080,15460534,-6.381012e-02,-2.876986e-02,3.479641e-07,4.409398e-06,8.390014e-05,6.199167e-03
422313984,5909089,5067767808,15469916,-6.388075e-02,-2.879943e-02,2.696240e-07,4.534456e-06,6.501099e-05,6.374985e-03
422576128,5909188,5070913536,15479547,-6.394187e-02,-2.882733e-02,2.098888e-07,4.654075e-06,5.060780e-05,6.543157e-03
422838272,5909358,5074059264,15489171,-6.387290e-02,-2.879038e-02,2.778331e-07,4.496017e-06,6.699035e-05,6.320943e-03
423100416,5909556,5077204992,15498807,-6.388637e-02,-2.879588e-02,2.638139e-07,4.519388e-06,6.361006e-05,6.353802e-03
423362560,5909721,5080350720,15508405,-6.396263e-02,-2.882595e-02,1.912938e-07,4.648138e-06,4.612422e-05,6.534810e-03
423624704,5909729,5083496448,15518218,-6.400749e-02,-2.887287e-02,1.540653e-07,4.852654e-06,3.714779e-05,6.822340e-03
423886848,5909861,5086642176,15527729,-6.400871e-02,-2.880502e-02,1.531134e-07,4.558301e-06,3.691827e-05,6.408509e-03
424148992,5910503,5089787904,15537379,-6.414406e-02,-2.881774e-02,6.550648e-08,4.612778e-06,1.579474e-05,6.485098e-03
424411136,5910546,5092933632,15547028,-6.410553e-02,-2.883743e-02,8.671655e-08,4.697768e-06,2.090886e-05,6.604585e-03
424673280,5910772,5096079360,15556487,-6.411763e-02,-2.874643e-02,7.973257e-08,4.311555e-06,1.922489e-05,6.061608e-03
424935424,5910806,5099225088,15566107,-6.402962e-02,-2.874699e-02,1.371838e-07,4.313907e-06,3.307737e-05,6.064915e-03
425197568,5910979,5102370816,15575630,-6.388992e-02,-2.878468e-02,2.601833e-07,4.471886e-06,6.273467e-05,6.287018e-03
425459712,5911141,5105516544,15585471,-6.398778e-02,-2.881331e-02,1.699239e-07,4.593795e-06,4.097158e-05,6.458410e-03
425721856,5911156,5108662272,15594949,-6.395096e-02,-2.883806e-02,2.016361e-07,4.700465e-06,4.861793e-05,6.608378e-03
425984000,5911161,5111808000,15604545,-6.395593e-02,-2.878114e-02,1.971977e-07,4.456931e-06,4.754777e-05,6.265993e-03
426246144,5911327,5114953728,15614311,-6.395923e-02,-2.870998e-02,1.942838e-07,4.161511e-06,4.684517e-05,5.850663e-03
426508288,5911335,5118099456,15623949,-6.395464e-02,-2.874435e-02,1.983508e-07,4.302911e-06,4.782579e-05,6.049456e-03
426770432,5911419,5121245184,15633650,-6.392021e-02,-2.874900e-02,2.301961e-07,4.322236e-06,5.550425e-05,6.076626e-03
427032576,5911530,5124390912,15643311,-6.392132e-02,-2.871545e-02,2.291392e-07,4.183884e-06,5.524941e-05,5.882117e-03
427294720,5911635,5127536640,15652715,-6.395618e-02,-2.874768e-02,1.969794e-07,4.316755e-06,4.749513e-05,6.068918e-03
427556864,5911643,5130682368,15662147,-6.397589e-02,-2.868909e-02,1.798751e-07,4.076712e-06,4.337098e-05,5.731443e-03
427819008,5911706,5133828096,15671918,-6.398602e-02,-2.874192e-02,1.713828e-07,4.292871e-06,4.132335e-05,6.035341e-03
428081152,5911758,5136973824,15681552,-6.398645e-02,-2.864222e-02,1.710252e-07,3.889670e-06,4.123712e-05,5.468481e-03
428343296,5911777,5140119552,15691000,-6.401679e-02,-2.867021e-02,1.468523e-07,4.000829e-06,3.540863e-05,5.624759e-03
428605440,5911780,5143265280,15700545,-6.405195e-02,-2.869238e-02,1.211415e-07,4.090006e-06,2.920930e-05,5.750133e-03
428867584,5911871,5146411008,15710276,-6.400272e-02,-2.866279e-02,1.578372e-07,3.971227e-06,3.805727e-05,5.583142e-03
429129728,5911923,5149556736,15720118,-6.403546e-02,-2.869232e-02,1.328909e-07,4.089795e-06,3.204228e-05,5.749837e-03
429391872,5912056,5152702464,15729799,-6.402450e-02,-2.860818e-02,1.410016e-07,3.756531e-06,3.399792e-05,5.281302e-03
429654016,5912071,5155848192,15739484,-6.398907e-02,-2.855446e-02,1.688690e-07,3.551191e-06,4.071723e-05,4.992615e-03
429916160,5912289,5158993920,15749087,-6.405421e-02,-2.863236e-02,1.195700e-07,3.850849e-06,2.883038e-05,5.413904e-03
430178304,5912345,5162139648,15758740,-6.407889e-02,-2.861614e-02,1.031133e-07,3.787454e-06,2.486239e-05,5.324776e-03
430440448,5912347,5165285376,15768286,-6.424305e-02,-2.864046e-02,2.463454e-08,3.882701e-06,5.939811e-06,5.458683e-03
430702592,5912354,5168431104,15777742,-6.428925e-02,-2.864287e-02,1.226620e-08,3.892219e-06,2.957592e-06,5.472065e-03
430964736,5912578,5171576832,15787213,-6.423165e-02,-2.872944e-02,2.834284e-08,4.241290e-06,6.833947e-06,5.962824e-03
431226880,5912778,5174722560,15796866,-6.428618e-02,-2.873052e-02,1.295557e-08,4.245756e-06,3.123810e-06,5.969102e-03
431489024,5912832,5177868288,15806233,-6.440584e-02,-2.871737e-02,3.412026e-11,4.191721e-06,8.226983e-09,5.893134e-03
431751168,5912988,5181014016,15815820,-6.437524e-02,-2.882614e-02,6.133414e-10,4.648933e-06,1.478872e-07,6.535928e-03
432013312,5913231,5184159744,15825380,-6.446162e-02,-2.885926e-02,3.796568e-09,4.792843e-06,9.154180e-07,6.738250e-03
432275456,5913242,5187305472,15835265,-6.453557e-02,-2.890050e-02,1.837741e-08,4.975126e-06,4.431110e-06,6.994522e-03
432537600,5913243,5190451200,15844850,-6.446742e-02,-2.893441e-02,4.544493e-09,5.127554e-06,1.095755e-06,7.208821e-03
432799744,5913391,5193596928,15854533,-6.454038e-02,-2.889341e-02,1.970553e-08,4.943534e-06,4.751343e-06,6.950107e-03
433061888,5913397,5196742656,15864057,-6.442910e-02,-2.896316e-02,8.464909e-10,5.258592e-06,2.041035e-07,7.393047e-03
433324032,5913677,5199888384,15873779,-6.435409e-02,-2.889056e-02,2.107772e-09,4.930870e-06,5.082201e-07,6.932302e-03
433586176,5913725,5203034112,15883161,-6.443126e-02,-2.880687e-02,9.773524e-10,4.566235e-06,2.356565e-07,6.419663e-03
433848320,5913809,5206179840,15892906,-6.450052e-02,-2.876796e-02,1.010342e-08,4.401430e-06,2.436109e-06,6.187965e-03
434110464,5914041,5209325568,15902476,-6.456441e-02,-2.877587e-02,2.703129e-08,4.434693e-06,6.517711e-06,6.234729e-03
434372608,5914123,5212471296,15912156,-6.460255e-02,-2.879359e-02,4.102409e-08,4.509621e-06,9.891613e-06,6.340070e-03
434634752,5914310,5215617024,15921776,-6.459500e-02,-2.878668e-02,3.802367e-08,4.480351e-06,9.168162e-06,6.298918e-03
434896896,5918988,5218762752,15931453,-6.462806e-02,-2.874746e-02,5.200900e-08,4.315841e-06,1.254027e-05,6.067635e-03
435159040,5920302,5221908480,15941133,-6.462558e-02,-2.873871e-02,5.088689e-08,4.279552e-06,1.226970e-05,6.016616e-03
435421184,5960887,5225054208,15950802,-6.462704e-02,-2.866402e-02,5.154786e-08,3.976113e-06,1.242908e-05,5.590012e-03
435683328,5961489,5228199936,15960112,-6.464809e-02,-2.864360e-02,6.154837e-08,3.895087e-06,1.484037e-05,5.476096e-03
435945472,5967684,5231345664,15969569,-6.457997e-02,-2.861713e-02,3.238876e-08,3.791305e-06,7.809488e-06,5.330190e-03
436207616,5968577,5234491392,15979259,-6.449529e-02,-2.863237e-02,9.079322e-09,3.850879e-06,2.189181e-06,5.413945e-03
436469760,6273874,5237637120,15988756,-6.448156e-02,-2.859865e-02,6.652279e-09,3.719697e-06,1.603979e-06,5.229517e-03
436731904,6273976,5240782848,15998174,-6.447035e-02,-2.856822e-02,4.948895e-09,3.603252e-06,1.193264e-06,5.065808e-03
436994048,6274149,5243928576,16007890,-6.442066e-02,-2.855597e-02,4.268546e-10,3.556887e-06,1.029220e-07,5.000622e-03
437256192,6274209,5247074304,16017478,-6.450891e-02,-2.854317e-02,1.186195e-08,3.508783e-06,2.860121e-06,4.932994e-03
437518336,6274631,5250220032,16027102,-6.454214e-02,-2.860358e-02,2.020440e-08,3.738718e-06,4.871628e-06,5.256258e-03
437780480,6274682,5253365760,16036678,-6.451441e-02,-2.865911e-02,1.308820e-08,3.956578e-06,3.155790e-06,5.562549e-03
438042624,6274929,5256511488,16046277,-6.451494e-02,-2.863043e-02,1.321123e-08,3.843294e-06,3.185455e-06,5.403282e-03
438304768,6275017,5259657216,16055811,-6.443994e-02,-2.873255e-02,1.594813e-09,4.254127e-06,3.845369e-07,5.980872e-03
438566912,6275036,5262802944,16065373,-6.446738e-02,-2.875337e-02,4.539471e-09,4.340425e-06,1.094545e-06,6.102197e-03
438829056,6275185,5265948672,16074793,-6.443874e-02,-2.871816e-02,1.500444e-09,4.194955e-06,3.617830e-07,5.897682e-03
439091200,6275289,5269094400,16084350,-6.433266e-02,-2.871921e-02,4.534453e-09,4.199283e-06,1.093335e-06,5.903766e-03
439353344,6275430,5272240128,16093838,-6.424416e-02,-2.874459e-02,2.428729e-08,4.303931e-06,5.856084e-06,6.050891e-03
439615488,6275650,5275385856,16103449,-6.425622e-02,-2.872013e-02,2.067306e-08,4.203039e-06,4.984632e-06,5.909047e-03
439877632,6275676,5278531584,16113153,-6.422892e-02,-2.862464e-02,2.926845e-08,3.820608e-06,7.057126e-06,5.371387e-03
440139776,6275723,5281677312,16122621,-6.414194e-02,-2.864856e-02,6.659793e-08,3.914698e-06,1.605791e-05,5.503667e-03
440401920,6275806,5284823040,16132110,-6.412361e-02,-2.862924e-02,7.639375e-08,3.838622e-06,1.841985e-05,5.396713e-03
440664064,6275885,5287968768,16141632,-6.414478e-02,-2.859948e-02,6.514087e-08,3.722902e-06,1.570658e-05,5.234024e-03
440926208,6275951,5291114496,16151392,-6.416247e-02,-2.852083e-02,5.642143e-08,3.425587e-06,1.360418e-05,4.816028e-03
441188352,6275967,5294260224,16161023,-6.416801e-02,-2.850488e-02,5.381877e-08,3.366780e-06,1.297663e-05,4.733351e-03
441450496,6276045,5297405952,16170557,-6.412772e-02,-2.849859e-02,7.413720e-08,3.343757e-06,1.787576e-05,4.700982e-03
441712640,6276048,5300551680,16180190,-6.411498e-02,-2.858069e-02,8.123752e-08,3.650737e-06,1.958776e-05,5.132566e-03
441974784,6276173,5303697408,16190079,-6.414803e-02,-2.864227e-02,6.348948e-08,3.889868e-06,1.530841e-05,5.468760e-03
442236928,6276408,5306843136,16199558,-6.417426e-02,-2.864358e-02,5.096087e-08,3.895013e-06,1.228754e-05,5.475994e-03
442499072,6276482,5309988864,16209253,-6.417350e-02,-2.862634e-02,5.130119e-08,3.827251e-06,1.236960e-05,5.380727e-03
442761216,6276500,5313134592,16219174,-6.408385e-02,-2.861829e-02,9.995113e-08,3.795825e-06,2.409994e-05,5.336545e-03
443023360,6276511,5316280320,16228811,-6.406133e-02,-2.864597e-02,1.146998e-07,3.904452e-06,2.765610e-05,5.489262e-03
443285504,6276555,5319426048,16238454,-6.407423e-02,-2.855670e-02,1.061304e-07,3.559620e-06,2.558987e-05,5.004465e-03
443547648,6276694,5322571776,16248123,-6.412461e-02,-2.856124e-02,7.583875e-08,3.576798e-06,1.828603e-05,5.028615e-03
443809792,6276721,5325717504,16257680,-6.420046e-02,-2.858496e-02,3.981679e-08,3.667077e-06,9.600514e-06,5.155538e-03
444071936,6276759,5328863232,16267279,-6.420745e-02,-2.862005e-02,3.707658e-08,3.802701e-06,8.939803e-06,5.346213e-03
444334080,6276771,5332008960,16276750,-6.423075e-02,-2.859732e-02,2.864468e-08,3.714562e-06,6.906726e-06,5.222297e-03
444596224,6277032,5335154688,16286300,-6.420690e-02,-2.856745e-02,3.728921e-08,3.600325e-06,8.991072e-06,5.061693e-03
444858368,6277069,5338300416,16295875,-6.422619e-02,-2.854335e-02,3.021151e-08,3.509439e-06,7.284516e-06,4.933916e-03
445120512,6277085,5341446144,16305618,-6.428409e-02,-2.845060e-02,1.343482e-08,3.170547e-06,3.239367e-06,4.457468e-03
445382656,6277121,5344591872,16314929,-6.435221e-02,-2.841126e-02,2.283695e-09,3.031981e-06,5.506383e-07,4.262657e-03
445644800,6277150,5347737600,16324664,-6.439956e-02,-2.850593e-02,1.998401e-13,3.370643e-06,4.818490e-11,4.738782e-03
445906944,6277188,5350883328,16334278,-6.438677e-02,-2.839783e-02,1.750919e-10,2.985386e-06,4.221768e-08,4.197150e-03
446169088,6277221,5354029056,16343962,-6.438585e-02,-2.839225e-02,2.001844e-10,2.966146e-06,4.826790e-08,4.170099e-03
446431232,6277299,5357174784,16353464,-6.440479e-02,-2.840883e-02,2.295103e-11,3.023522e-06,5.533888e-09,4.250765e-03
446693376,6277354,5360320512,16363004,-6.435032e-02,-2.846046e-02,2.468149e-09,3.205748e-06,5.951132e-07,4.506956e-03
446955520,6277370,5363466240,16372500,-6.438238e-02,-2.851437e-02,3.104864e-10,3.401697e-06,7.486361e-08,4.782440e-03
447217664,6277418,5366611968,16381975,-6.433707e-02,-2.854127e-02,3.960821e-09,3.501662e-06,9.550222e-07,4.922982e-03
447479808,6277444,5369757696,16391625,-6.432349e-02,-2.850959e-02,5.853782e-09,3.384110e-06,1.411448e-06,4.757714e-03
447741952,6277799,5372903424,16401366,-6.428596e-02,-2.858106e-02,1.300650e-08,3.652147e-06,3.136091e-06,5.134548e-03
448004096,6278000,5376049152,16411086,-6.432053e-02,-2.856424e-02,6.315146e-09,3.588164e-06,1.522690e-06,5.044594e-03
448266240,6278144,5379194880,16420615,-6.424337e-02,-2.857077e-02,2.453407e-08,3.612912e-06,5.915587e-06,5.079387e-03
448528384,6278423,5382340608,16430350,-6.425867e-02,-2.857660e-02,1.997419e-08,3.635137e-06,4.816121e-06,5.110634e-03
448790528,6278451,5385486336,16439922,-6.433051e-02,-2.854000e-02,4.829078e-09,3.496910e-06,1.164374e-06,4.916300e-03
449052672,6278469,5388632064,16449455,-6.424168e-02,-2.850054e-02,2.506440e-08,3.350879e-06,6.043457e-06,4.710996e-03
449314816,6278470,5391777792,16459134,-6.426641e-02,-2.851672e-02,1.784799e-08,3.410394e-06,4.303457e-06,4.794667e-03
449576960,6278578,5394923520,16468604,-6.426960e-02,-2.857095e-02,1.700418e-08,3.613627e-06,4.100000e-06,5.080393e-03
449839104,6278706,5398069248,16478309,-6.427480e-02,-2.851176e-02,1.567679e-08,3.392064e-06,3.779945e-06,4.768897e-03
450101248,6278848,5401214976,16488063,-6.428257e-02,-2.850661e-02,1.379123e-08,3.373133e-06,3.325302e-06,4.742283e-03
450363392,6278855,5404360704,16497704,-6.427374e-02,-2.858201e-02,1.594097e-08,3.655778e-06,3.843641e-06,5.139654e-03
450625536,6279023,5407506432,16507201,-6.426629e-02,-2.845018e-02,1.787786e-08,3.169042e-06,4.310661e-06,4.455351e-03
450887680,6279444,5410652160,16516603,-6.429917e-02,-2.838946e-02,1.016643e-08,2.956542e-06,2.451301e-06,4.156598e-03
451149824,6280447,5413797888,16526144,-6.426696e-02,-2.836520e-02,1.770098e-08,2.873712e-06,4.268010e-06,4.040148e-03
451411968,6280718,5416943616,16536056,-6.417460e-02,-2.828750e-02,5.080625e-08,2.616308e-06,1.225026e-05,3.678264e-03
451674112,6281698,5420089344,16545508,-6.426056e-02,-2.831258e-02,1.944493e-08,2.698073e-06,4.688506e-06,3.793216e-03
451936256,6283834,5423235072,16555197,-6.427764e-02,-2.832096e-02,1.497219e-08,2.725654e-06,3.610052e-06,3.831993e-03
452198400,6287799,5426380800,16564933,-6.428422e-02,-2.830575e-02,1.340548e-08,2.675687e-06,3.232291e-06,3.761744e-03
452460544,6289519,5429526528,16574354,-6.434287e-02,-2.827774e-02,3.263957e-09,2.584829e-06,7.869963e-07,3.634007e-03
452722688,6360896,5432672256,16584033,-6.435814e-02,-2.832039e-02,1.752662e-09,2.723797e-06,4.225971e-07,3.829382e-03
452984832,6361186,5435817984,16593734,-6.432065e-02,-2.835069e-02,6.297396e-09,2.824709e-06,1.518410e-06,3.971254e-03
453246976,6361572,5438963712,16603356,-6.433723e-02,-2.839328e-02,3.940216e-09,2.969695e-06,9.500540e-07,4.175089e-03
453509120,6361833,5442109440,16612832,-6.448951e-02,-2.837124e-02,8.012268e-09,2.894210e-06,1.931896e-06,4.068965e-03
453771264,6362035,5445255168,16622494,-6.451309e-02,-2.835497e-02,1.278820e-08,2.839134e-06,3.083455e-06,3.991534e-03
454033408,6362395,5448400896,16632233,-6.460907e-02,-2.828549e-02,4.371057e-08,2.609798e-06,1.053937e-05,3.669112e-03
454295552,6362433,5451546624,16641791,-6.462744e-02,-2.817722e-02,5.172733e-08,2.271709e-06,1.247235e-05,3.193792e-03
454557696,6362524,5454692352,16651138,-6.464179e-02,-2.817096e-02,5.846059e-08,2.252871e-06,1.409585e-05,3.167308e-03
454819840,6362615,5457838080,16660868,-6.465846e-02,-2.826331e-02,6.680190e-08,2.538632e-06,1.610709e-05,3.569059e-03
455081984,6362772,5460983808,16670609,-6.465635e-02,-2.836391e-02,6.571259e-08,2.869337e-06,1.584444e-05,4.033997e-03
455344128,6363186,5464129536,16680177,-6.465169e-02,-2.830330e-02,6.334688e-08,2.667661e-06,1.527402e-05,3.750461e-03
455606272,6363295,5467275264,16689910,-6.464044e-02,-2.840861e-02,5.781028e-08,3.022751e-06,1.393905e-05,4.249681e-03
455868416,6363432,5470420992,16699503,-6.465875e-02,-2.839929e-02,6.694833e-08,2.990447e-06,1.614240e-05,4.204266e-03
456130560,6363569,5473566720,16709049,-6.472359e-02,-2.843749e-02,1.047080e-07,3.124028e-06,2.524690e-05,4.392066e-03
456392704,6363592,5476712448,16718622,-6.469747e-02,-2.844366e-02,8.848509e-08,3.145860e-06,2.133528e-05,4.422761e-03
456654848,6363850,5479858176,16728129,-6.466445e-02,-2.847295e-02,6.993428e-08,3.250613e-06,1.686236e-05,4.570032e-03
456916992,6363921,5483003904,16737674,-6.456456e-02,-2.853335e-02,2.707786e-08,3.472091e-06,6.528940e-06,4.881408e-03
457179136,6364057,5486149632,16747443,-6.455184e-02,-2.854099e-02,2.305398e-08,3.500617e-06,5.558712e-06,4.921512e-03
457441280,6364418,5489295360,16757050,-6.457540e-02,-2.857912e-02,3.076310e-08,3.644732e-06,7.417513e-06,5.124123e-03
457703424,6364672,5492441088,16766478,-6.455057e-02,-2.857699e-02,2.267096e-08,3.636629e-06,5.466359e-06,5.112731e-03
457965568,6364698,5495586816,16776115,-6.450083e-02,-2.859421e-02,1.016643e-08,3.702567e-06,2.451301e-06,5.205433e-03
458227712,6364857,5498732544,16785854,-6.446326e-02,-2.857242e-02,4.001249e-09,3.619195e-06,9.647702e-07,5.088221e-03
458489856,6365129,5501878272,16795404,-6.446698e-02,-2.855773e-02,4.485419e-09,3.563536e-06,1.081512e-06,5.009971e-03
458752000,6365256,5505024000,16805071,-6.448743e-02,-2.854469e-02,7.644453e-09,3.514473e-06,1.843209e-06,4.940992e-03
459014144,6365362,5508169728,16814668,-6.451435e-02,-2.862550e-02,1.307627e-08,3.823972e-06,3.152913e-06,5.376118e-03
459276288,6365424,5511315456,16824207,-6.450035e-02,-2.864776e-02,1.006900e-08,3.911528e-06,2.427810e-06,5.499212e-03
459538432,6365496,5514461184,16833929,-6.454904e-02,-2.860674e-02,2.221334e-08,3.750981e-06,5.356019e-06,5.273499e-03
459800576,6365507,5517606912,16843687,-6.454454e-02,-2.858302e-02,2.089002e-08,3.659661e-06,5.036944e-06,5.145112e-03
460062720,6365526,5520752640,16853213,-6.448587e-02,-2.848892e-02,7.373303e-09,3.308475e-06,1.777831e-06,4.651380e-03
460324864,6365786,5523898368,16862751,-6.452473e-02,-2.852476e-02,1.555576e-08,3.440144e-06,3.750761e-06,4.836493e-03
460587008,6365790,5527044096,16872363,-6.449463e-02,-2.863370e-02,8.954804e-09,3.856137e-06,2.159157e-06,5.421337e-03
460849152,6365899,5530189824,16881776,-6.443106e-02,-2.868559e-02,9.648149e-10,4.062591e-06,2.326335e-07,5.711590e-03
461111296,6366003,5533335552,16891191,-6.438705e-02,-2.868298e-02,1.676794e-10,4.052093e-06,4.043040e-08,5.696831e-03
461373440,6366010,5536481280,16900561,-6.439460e-02,-2.865480e-02,2.917805e-11,3.939414e-06,7.035330e-09,5.538416e-03
461635584,6366040,5539627008,16910208,-6.441502e-02,-2.864487e-02,2.256115e-10,3.900117e-06,5.439882e-08,5.483169e-03
461897728,6366060,5542772736,16919763,-6.437120e-02,-2.868063e-02,8.296672e-10,4.042642e-06,2.000471e-07,5.683545e-03
462159872,6366104,5545918464,16929144,-6.439691e-02,-2.874673e-02,9.560408e-12,4.312800e-06,2.305179e-09,6.063359e-03
462422016,6366128,5549064192,16938731,-6.448460e-02,-2.868122e-02,7.156126e-09,4.045010e-06,1.725465e-06,5.686873e-03
462684160,6366187,5552209920,16948162,-6.448720e-02,-2.874304e-02,7.602819e-09,4.297496e-06,1.833171e-06,6.041843e-03
462946304,6366291,5555355648,16957660,-6.452619e-02,-2.872726e-02,1.592216e-08,4.232311e-06,3.839106e-06,5.950199e-03
463208448,6366299,5558501376,16967091,-6.449872e-02,-2.866884e-02,9.745676e-09,3.995353e-06,2.349850e-06,5.617062e-03
463470592,6366474,5561647104,16976674,-6.449611e-02,-2.866028e-02,9.236179e-09,3.961234e-06,2.227002e-06,5.569092e-03
463732736,6366511,5564792832,16986493,-6.451498e-02,-2.865047e-02,1.321979e-08,3.922256e-06,3.187520e-06,5.514293e-03
463994880,6366524,5567938560,16995906,-6.450620e-02,-2.870043e-02,1.127698e-08,4.122663e-06,2.719074e-06,5.796045e-03
464257024,6366674,5571084288,17005667,-6.445191e-02,-2.867914e-02,2.694461e-09,4.036645e-06,6.496809e-07,5.675114e-03
464519168,6366735,5574230016,17015293,-6.433387e-02,-2.866043e-02,4.373356e-09,3.961812e-06,1.054491e-06,5.569906e-03
464781312,6366966,5577375744,17024896,-6.426676e-02,-2.871979e-02,1.775256e-08,4.201627e-06,4.280448e-06,5.907061e-03
465043456,6367307,5580521472,17034486,-6.421173e-02,-2.863542e-02,3.544792e-08,3.862862e-06,8.547103e-06,5.430792e-03
465305600,6367365,5583667200,17044252,-6.420390e-02,-2.861985e-02,3.845493e-08,3.801931e-06,9.272145e-06,5.345130e-03
465567744,6367445,5586812928,17053827,-6.426461e-02,-2.860668e-02,1.833098e-08,3.750750e-06,4.419915e-06,5.273174e-03
465829888,6367485,5589958656,17063485,-6.422837e-02,-2.850181e-02,2.945740e-08,3.355545e-06,7.102686e-06,4.717556e-03
466092032,6367498,5593104384,17073135,-6.429894e-02,-2.848201e-02,1.021456e-08,3.283391e-06,2.462907e-06,4.616114e-03
466354176,6367668,5596250112,17082749,-6.423181e-02,-2.845536e-02,2.829018e-08,3.187511e-06,6.821250e-06,4.481318e-03
466616320,6367792,5599395840,17092383,-6.425037e-02,-2.850796e-02,2.238914e-08,3.378116e-06,5.398407e-06,4.749288e-03
466878464,6367926,5602541568,17102060,-6.423892e-02,-2.852731e-02,2.594727e-08,3.449602e-06,6.256333e-06,4.849791e-03
467140608,6367952,5605687296,17111572,-6.416055e-02,-2.851964e-02,5.733832e-08,3.421162e-06,1.382526e-05,4.809807e-03
467402752,6368047,5608833024,17121171,-6.416596e-02,-2.846839e-02,5.477710e-08,3.234218e-06,1.320770e-05,4.546982e-03
467664896,6368308,5611978752,17130870,-6.413575e-02,-2.846793e-02,6.983186e-08,3.232557e-06,1.683766e-05,4.544646e-03
467927040,6368352,5615124480,17140701,-6.419381e-02,-2.837699e-02,4.251630e-08,2.913807e-06,1.025141e-05,4.096516e-03
468189184,6368363,5618270208,17150449,-6.418097e-02,-2.834859e-02,4.797509e-08,2.817651e-06,1.156762e-05,3.961331e-03
468451328,6368508,5621415936,17160063,-6.418432e-02,-2.838010e-02,4.652082e-08,2.924449e-06,1.121697e-05,4.111478e-03
468713472,6368531,5624561664,17169605,-6.424845e-02,-2.845097e-02,2.296809e-08,3.171848e-06,5.538001e-06,4.459296e-03
468975616,6418638,5627707392,17179123,-6.429348e-02,-2.843709e-02,1.134671e-08,3.122625e-06,2.735888e-06,4.390095e-03
469237760,6419453,5630853120,17188745,-6.432547e-02,-2.833645e-02,5.554446e-09,2.777065e-06,1.339273e-06,3.904271e-03
469499904,6422199,5633998848,17198174,-6.429019e-02,-2.833360e-02,1.205914e-08,2.767556e-06,2.907666e-06,3.890903e-03
469762048,6424259,5637144576,17207532,-6.428619e-02,-2.830408e-02,1.295217e-08,2.670211e-06,3.122992e-06,3.754046e-03
470024192,6720913,5640290304,17217024,-6.425209e-02,-2.829534e-02,2.187705e-08,2.641725e-06,5.274933e-06,3.713998e-03
470286336,6720945,5643436032,17226295,-6.423454e-02,-2.821433e-02,2.737784e-08,2.384962e-06,6.601269e-06,3.353014e-03
470548480,6721435,5646581760,17235795,-6.422876e-02,-2.819044e-02,2.932456e-08,2.311749e-06,7.070656e-06,3.250085e-03
470810624,6721698,5649727488,17245384,-6.419069e-02,-2.821629e-02,4.381032e-08,2.391006e-06,1.056342e-05,3.361512e-03
471072768,6722004,5652873216,17254903,-6.420946e-02,-2.824566e-02,3.630593e-08,2.482704e-06,8.753985e-06,3.490430e-03
471334912,6722246,5656018944,17264645,-6.415877e-02,-2.822311e-02,5.819068e-08,2.412165e-06,1.403078e-05,3.391259e-03
471597056,6722266,5659164672,17274399,-6.407437e-02,-2.823194e-02,1.060333e-07,2.439667e-06,2.556647e-05,3.429925e-03
471859200,6722480,5662310400,17284122,-6.419446e-02,-2.821367e-02,4.224635e-08,2.382920e-06,1.018632e-05,3.350144e-03
472121344,6722501,5665456128,17293554,-6.424692e-02,-2.816734e-02,2.343337e-08,2.242037e-06,5.650189e-06,3.152076e-03
472383488,6722547,5668601856,17303415,-6.429926e-02,-2.817551e-02,1.014841e-08,2.266557e-06,2.446955e-06,3.186550e-03
472645632,6722745,5671747584,17313122,-6.432402e-02,-2.821112e-02,5.773115e-09,2.375042e-06,1.391998e-06,3.339068e-03
472907776,6722859,5674893312,17322821,-6.431921e-02,-2.820706e-02,6.527686e-09,2.362560e-06,1.573938e-06,3.321520e-03
473169920,6722886,5678039040,17332576,-6.431191e-02,-2.821456e-02,7.760846e-09,2.385675e-06,1.871274e-06,3.354017e-03
473432064,6723155,5681184768,17342170,-6.447246e-02,-2.815332e-02,5.250002e-09,2.200236e-06,1.265866e-06,3.093309e-03
473694208,6723250,5684330496,17351576,-6.444584e-02,-2.812131e-02,2.100936e-09,2.106316e-06,5.065719e-07,2.961267e-03
473956352,6723253,5687476224,17361295,-6.439779e-02,-2.808710e-02,4.896583e-12,2.008184e-06,1.180651e-09,2.823303e-03
474218496,6723265,5690621952,17370692,-6.434462e-02,-2.809233e-02,3.066963e-09,2.023035e-06,7.394975e-07,2.844182e-03
474480640,6723274,5693767680,17380186,-6.433708e-02,-2.811119e-02,3.958946e-09,2.077018e-06,9.545699e-07,2.920076e-03
474742784,6723303,5696913408,17389619,-6.429290e-02,-2.808499e-02,1.147086e-08,2.002207e-06,2.765822e-06,2.814901e-03
475004928,6723541,5700059136,17399075,-6.419740e-02,-2.813144e-02,4.104824e-08,2.135814e-06,9.897436e-06,3.002738e-03
475267072,6723574,5703204864,17408505,-6.410525e-02,-2.813725e-02,8.687899e-08,2.152812e-06,2.094802e-05,3.026636e-03
475529216,6723590,5706350592,17418237,-6.407025e-02,-2.818134e-02,1.087336e-07,2.284140e-06,2.621755e-05,3.211270e-03
475791360,6723623,5709496320,17427862,-6.408042e-02,-2.823756e-02,1.021299e-07,2.457236e-06,2.462529e-05,3.454625e-03
476053504,6723826,5712642048,17437424,-6.398228e-02,-2.823573e-02,1.744936e-07,2.451523e-06,4.207340e-05,3.446592e-03
476315648,6723848,5715787776,17446928,-6.396089e-02,-2.826552e-02,1.928219e-07,2.545694e-06,4.649267e-05,3.578988e-03
476577792,6723976,5718933504,17456531,-6.396600e-02,-2.830848e-02,1.883593e-07,2.684603e-06,4.541667e-05,3.774279e-03
476839936,6724092,5722079232,17466262,-6.397229e-02,-2.835887e-02,1.829405e-07,2.852268e-06,4.411011e-05,4.009999e-03
477102080,6724093,5725224960,17475678,-6.408624e-02,-2.834922e-02,9.844929e-08,2.819784e-06,2.373782e-05,3.964330e-03
477364224,6724121,5728370688,17485156,-6.415632e-02,-2.831103e-02,5.938293e-08,2.692996e-06,1.431825e-05,3.786080e-03
477626368,6724301,5731516416,17494828,-6.410330e-02,-2.831219e-02,8.803354e-08,2.696788e-06,2.122640e-05,3.791410e-03
477888512,6724312,5734662144,17504460,-6.413016e-02,-2.837329e-02,7.281237e-08,2.901191e-06,1.755632e-05,4.078781e-03
478150656,6724348,5737807872,17514066,-6.410320e-02,-2.840132e-02,8.809103e-08,2.997486e-06,2.124026e-05,4.214162e-03
478412800,6724441,5740953600,17523609,-6.409850e-02,-2.841010e-02,9.090385e-08,3.027941e-06,2.191848e-05,4.256977e-03
478674944,6724450,5744099328,17533162,-6.413059e-02,-2.840238e-02,7.258336e-08,3.001125e-06,1.750110e-05,4.219277e-03
478937088,6724454,5747245056,17542619,-6.414898e-02,-2.830445e-02,6.301353e-08,2.671435e-06,1.519365e-05,3.755766e-03
479199232,6724456,5750390784,17552189,-6.410686e-02,-2.830559e-02,8.593288e-08,2.675169e-06,2.071990e-05,3.761016e-03
479461376,6724550,5753536512,17561770,-6.407671e-02,-2.816582e-02,1.045200e-07,2.237476e-06,2.520158e-05,3.145664e-03
479723520,6724603,5756682240,17571353,-6.404636e-02,-2.817720e-02,1.250625e-07,2.271653e-06,3.015473e-05,3.193713e-03
479985664,6724760,5759827968,17580925,-6.403630e-02,-2.813219e-02,1.322778e-07,2.138004e-06,3.189445e-05,3.005816e-03
480247808,6724839,5762973696,17590403,-6.403960e-02,-2.820107e-02,1.298932e-07,2.344170e-06,3.131948e-05,3.295665e-03
480509952,6724893,5766119424,17600073,-6.398413e-02,-2.819245e-02,1.729471e-07,2.317859e-06,4.170052e-05,3.258675e-03
480772096,6724908,5769265152,17609627,-6.398788e-02,-2.822989e-02,1.698441e-07,2.433271e-06,4.095233e-05,3.420932e-03
481034240,6724933,5772410880,17619224,-6.403854e-02,-2.824971e-02,1.306515e-07,2.495493e-06,3.150232e-05,3.508410e-03
481296384,6725209,5775556608,17628910,-6.398745e-02,-2.832278e-02,1.702004e-07,2.731679e-06,4.103825e-05,3.840463e-03
481558528,6725454,5778702336,17638361,-6.412411e-02,-2.836493e-02,7.611805e-08,2.872777e-06,1.835337e-05,4.038834e-03
481820672,6725885,5781848064,17647988,-6.411031e-02,-2.830873e-02,8.392231e-08,2.685433e-06,2.023511e-05,3.775446e-03
482082816,6725896,5784993792,17657448,-6.411008e-02,-2.834252e-02,8.405618e-08,2.797321e-06,2.026739e-05,3.932750e-03
482344960,6725919,5788139520,17666881,-6.398863e-02,-2.838922e-02,1.692244e-07,2.955722e-06,4.080291e-05,4.155446e-03
482607104,6725957,5791285248,17676449,-6.401087e-02,-2.837202e-02,1.514213e-07,2.896878e-06,3.651029e-05,4.072717e-03
482869248,6726208,5794430976,17686132,-6.398866e-02,-2.842788e-02,1.692060e-07,3.090144e-06,4.079848e-05,4.344429e-03
483131392,6726279,5797576704,17695793,-6.389562e-02,-2.842118e-02,2.544012e-07,3.066641e-06,6.134050e-05,4.311385e-03
483393536,6726290,5800722432,17705412,-6.396033e-02,-2.849252e-02,1.933129e-07,3.321572e-06,4.661108e-05,4.669794e-03
483655680,6726303,5803868160,17714854,-6.398142e-02,-2.851212e-02,1.752101e-07,3.393422e-06,4.224617e-05,4.770807e-03
483917824,6726336,5807013888,17724466,-6.404547e-02,-2.846675e-02,1.256957e-07,3.228305e-06,3.030740e-05,4.538669e-03
484179968,6726416,5810159616,17734075,-6.402048e-02,-2.847362e-02,1.440337e-07,3.253031e-06,3.472900e-05,4.573431e-03
484442112,6726686,5813305344,17743630,-6.413057e-02,-2.853596e-02,7.259139e-08,3.481795e-06,1.750303e-05,4.895051e-03
484704256,6727989,5816451072,17753077,-6.414615e-02,-2.848107e-02,6.443918e-08,3.279976e-06,1.553739e-05,4.611313e-03
484966400,6728119,5819596800,17762670,-6.412753e-02,-2.845564e-02,7.423866e-08,3.188502e-06,1.790022e-05,4.482711e-03
485228544,6729218,5822742528,17772264,-6.416979e-02,-2.846325e-02,5.299917e-08,3.215747e-06,1.277901e-05,4.521014e-03
485490688,6731876,5825888256,17781966,-6.415167e-02,-2.845375e-02,6.166673e-08,3.181767e-06,1.486891e-05,4.473243e-03
485752832,6735876,5829033984,17791412,-6.408407e-02,-2.844143e-02,9.981456e-08,3.137976e-06,2.406701e-05,4.411676e-03
486014976,6737962,5832179712,17801085,-6.406802e-02,-2.843269e-02,1.102127e-07,3.107069e-06,2.657418e-05,4.368224e-03
486277120,6813654,5835325440,17810580,-6.411193e-02,-2.831897e-02,8.298819e-08,2.719090e-06,2.000988e-05,3.822764e-03
486539264,6814619,5838471168,17820432,-6.406557e-02,-2.838429e-02,1.118462e-07,2.938794e-06,2.696805e-05,4.131646e-03
486801408,6815132,5841616896,17830100,-6.410345e-02,-2.839298e-02,8.794514e-08,2.968661e-06,2.120509e-05,4.173636e-03
487063552,6815487,5844762624,17839669,-6.409667e-02,-2.829625e-02,9.201242e-08,2.644705e-06,2.218578e-05,3.718187e-03
487325696,6815577,5847908352,17849339,-6.407728e-02,-2.831907e-02,1.041494e-07,2.719434e-06,2.511222e-05,3.823248e-03
487587840,6815603,5851054080,17858783,-6.410141e-02,-2.832294e-02,8.916012e-08,2.732196e-06,2.149804e-05,3.841190e-03
487849984,6815827,5854199808,17868307,-6.405033e-02,-2.831668e-02,1.222696e-07,2.711557e-06,2.948130e-05,3.812175e-03
488112128,6816142,5857345536,17878066,-6.410298e-02,-2.826802e-02,8.822376e-08,2.553683e-06,2.127227e-05,3.590219e-03
488374272,6816171,5860491264,17887743,-6.400397e-02,-2.828238e-02,1.568383e-07,2.599764e-06,3.781641e-05,3.655004e-03
488636416,6816450,5863636992,17897467,-6.389038e-02,-2.825434e-02,2.597199e-07,2.510121e-06,6.262292e-05,3.528976e-03
488898560,6816484,5866782720,17906961,-6.385364e-02,-2.830015e-02,2.985076e-07,2.657401e-06,7.197534e-05,3.736035e-03
489160704,6816528,5869928448,17916579,-6.390945e-02,-2.826169e-02,2.406429e-07,2.533488e-06,5.802315e-05,3.561828e-03
489422848,6816918,5873074176,17926322,-6.395357e-02,-2.818895e-02,1.993009e-07,2.307203e-06,4.805489e-05,3.243693e-03
489684992,6817109,5876219904,17936050,-6.401041e-02,-2.818050e-02,1.517810e-07,2.281602e-06,3.659702e-05,3.207700e-03
489947136,6817304,5879365632,17945490,-6.391864e-02,-2.830320e-02,2.317143e-07,2.667339e-06,5.587030e-05,3.750008e-03
490209280,6817387,5882511360,17955121,-6.399171e-02,-2.832790e-02,1.667022e-07,2.748631e-06,4.019477e-05,3.864296e-03
490471424,6817533,5885657088,17964565,-6.396346e-02,-2.833274e-02,1.905710e-07,2.764718e-06,4.594996e-05,3.886914e-03
490733568,6817663,5888802816,17974023,-6.392412e-02,-2.835395e-02,2.264651e-07,2.835695e-06,5.460463e-05,3.986700e-03
490995712,6817804,5891948544,17983720,-6.393855e-02,-2.841419e-02,2.129377e-07,3.042206e-06,5.134294e-05,4.277033e-03
491257856,6817816,5895094272,17993439,-6.394984e-02,-2.841769e-02,2.026477e-07,3.054414e-06,4.886185e-05,4.294197e-03
491520000,6818136,5898240000,18003062,-6.398950e-02,-2.842256e-02,1.685141e-07,3.071470e-06,4.063164e-05,4.318175e-03
491782144,6818272,5901385728,18012479,-6.402124e-02,-2.851241e-02,1.434574e-07,3.394459e-06,3.459006e-05,4.772264e-03
492044288,6818305,5904531456,18022095,-6.399247e-02,-2.846351e-02,1.660822e-07,3.216682e-06,4.004528e-05,4.522329e-03
492306432,6818515,5907677184,18031581,-6.396267e-02,-2.842757e-02,1.912612e-07,3.089057e-06,4.611637e-05,4.342901e-03
492568576,6819235,5910822912,18041345,-6.391215e-02,-2.836987e-02,2.380040e-07,2.889572e-06,5.738687e-05,4.062446e-03
492830720,6819240,5913968640,18050898,-6.394323e-02,-2.831559e-02,2.086413e-07,2.707958e-06,5.030702e-05,3.807114e-03
493092864,6819272,5917114368,18060498,-6.393761e-02,-2.832007e-02,2.138050e-07,2.722727e-06,5.155206e-05,3.827879e-03
493355008,6819285,5920260096,18070054,-6.389597e-02,-2.837453e-02,2.540480e-07,2.905412e-06,6.125535e-05,4.084715e-03
493617152,6819286,5923405824,18079778,-6.402604e-02,-2.834230e-02,1.398457e-07,2.796605e-06,3.371922e-05,3.931743e-03
493879296,6819491,5926551552,18089297,-6.405656e-02,-2.835830e-02,1.179524e-07,2.850343e-06,2.844035e-05,4.007293e-03
494141440,6819708,5929697280,18098833,-6.399132e-02,-2.842973e-02,1.670248e-07,3.096651e-06,4.027256e-05,4.353577e-03
494403584,6819718,5932843008,18108493,-6.403200e-02,-2.836484e-02,1.354288e-07,2.872493e-06,3.265421e-05,4.038434e-03
494665728,6819752,5935988736,18118140,-6.407645e-02,-2.836029e-02,1.046839e-07,2.857077e-06,2.524109e-05,4.016760e-03
494927872,6819790,5939134464,18127632,-6.403555e-02,-2.832127e-02,1.328257e-07,2.726706e-06,3.202656e-05,3.833472e-03
495190016,6819810,5942280192,18137489,-6.404544e-02,-2.830490e-02,1.257168e-07,2.672915e-06,3.031249e-05,3.757847e-03
495452160,6819849,5945425920,18146895,-6.412143e-02,-2.831613e-02,7.760111e-08,2.709748e-06,1.871096e-05,3.809631e-03
495714304,6819883,5948571648,18156533,-6.414285e-02,-2.825166e-02,6.612962e-08,2.501659e-06,1.594499e-05,3.517078e-03
495976448,6819970,5951717376,18166295,-6.419823e-02,-2.821546e-02,4.071080e-08,2.388449e-06,9.816074e-06,3.357918e-03
496238592,6820001,5954863104,18175982,-6.405594e-02,-2.818642e-02,1.183775e-07,2.299536e-06,2.854286e-05,3.232915e-03
496500736,6820114,5958008832,18185508,-6.407532e-02,-2.818728e-02,1.054180e-07,2.302147e-06,2.541810e-05,3.236585e-03
496762880,6820154,5961154560,18195243,-6.407423e-02,-2.821891e-02,1.061304e-07,2.399124e-06,2.558987e-05,3.372925e-03
497025024,6820207,5964300288,18204457,-6.404657e-02,-2.832778e-02,1.249150e-07,2.748248e-06,3.011916e-05,3.863758e-03
497287168,6820321,5967446016,18214291,-6.406644e-02,-2.833144e-02,1.112639e-07,2.760384e-06,2.682765e-05,3.880820e-03
497549312,6820431,5970591744,18223828,-6.413753e-02,-2.829544e-02,6.889392e-08,2.642053e-06,1.661151e-05,3.714457e-03
497811456,6820505,5973737472,18233498,-6.417538e-02,-2.832916e-02,5.045419e-08,2.752826e-06,1.216537e-05,3.870194e-03
498073600,6820709,5976883200,18242917,-6.423537e-02,-2.831287e-02,2.710484e-08,2.699027e-06,6.535443e-06,3.794559e-03
498335744,6820984,5980028928,18252522,-6.423767e-02,-2.828967e-02,2.635208e-08,2.623327e-06,6.353941e-06,3.688131e-03
498597888,6821157,5983174656,18261926,-6.425440e-02,-2.827396e-02,2.119914e-08,2.572703e-06,5.111478e-06,3.616959e-03
498860032,6821268,5986320384,18271453,-6.423569e-02,-2.828290e-02,2.699945e-08,2.601434e-06,6.510033e-06,3.657352e-03
499122176,6821284,5989466112,18281018,-6.428506e-02,-2.836182e-02,1.321123e-08,2.862255e-06,3.185455e-06,4.024040e-03
499384320,6821322,5992611840,18290524,-6.430729e-02,-2.829605e-02,8.594695e-09,2.644027e-06,2.072329e-06,3.717233e-03
499646464,6821459,5995757568,18300166,-6.435383e-02,-2.829782e-02,2.131784e-09,2.649815e-06,5.140099e-07,3.725371e-03
499908608,6821533,5998903296,18309656,-6.436605e-02,-2.833569e-02,1.152758e-09,2.774514e-06,2.779499e-07,3.900685e-03
500170752,6821713,6002049024,18319381,-6.425926e-02,-2.833397e-02,1.980816e-08,2.768796e-06,4.776089e-06,3.892646e-03
500432896,6821737,6005194752,18329116,-6.426002e-02,-2.832189e-02,1.959482e-08,2.728730e-06,4.724649e-06,3.836317e-03
500695040,6821933,6008340480,18338657,-6.427255e-02,-2.830114e-02,1.624341e-08,2.660608e-06,3.916565e-06,3.740545e-03
500957184,6821976,6011486208,18348526,-6.431483e-02,-2.834499e-02,7.253518e-09,2.805595e-06,1.748948e-06,3.944383e-03
501219328,6822075,6014631936,18358137,-6.440220e-02,-2.824527e-02,4.830858e-12,2.481484e-06,1.164803e-09,3.488714e-03
501481472,6822161,6017777664,18367848,-6.437087e-02,-2.825319e-02,8.486600e-10,2.506504e-06,2.046266e-07,3.523891e-03
501743616,6822340,6020923392,18377520,-6.432099e-02,-2.823883e-02,6.243118e-09,2.461232e-06,1.505323e-06,3.460243e-03
502005760,6822458,6024069120,18386806,-6.429590e-02,-2.821200e-02,1.083671e-08,2.377764e-06,2.612917e-06,3.342895e-03
502267904,6822549,6027214848,18396315,-6.432905e-02,-2.827919e-02,5.034169e-09,2.589491e-06,1.213825e-06,3.640561e-03
502530048,6875987,6030360576,18405613,-6.434764e-02,-2.824746e-02,2.741850e-09,2.488384e-06,6.611073e-07,3.498415e-03
502792192,6876322,6033506304,18415145,-6.432990e-02,-2.826183e-02,4.914362e-09,2.533933e-06,1.184937e-06,3.562453e-03
503054336,6876974,6036652032,18424722,-6.433176e-02,-2.818290e-02,4.656679e-09,2.288872e-06,1.122806e-06,3.217922e-03
503316480,6878279,6039797760,18434213,-6.434668e-02,-2.822865e-02,2.843428e-09,2.429397e-06,6.855996e-07,3.415485e-03
503578624,7168620,6042943488,18443601,-6.428865e-02,-2.816581e-02,1.240024e-08,2.237443e-06,2.989912e-06,3.145617e-03
503840768,7168801,6046089216,18453107,-6.435486e-02,-2.813001e-02,2.037897e-09,2.131641e-06,4.913719e-07,2.996871e-03
504102912,7169151,6049234944,18462649,-6.437712e-02,-2.819667e-02,5.235279e-10,2.330717e-06,1.262316e-07,3.276752e-03
504365056,7169748,6052380672,18472188,-6.434394e-02,-2.820747e-02,3.143354e-09,2.363826e-06,7.579167e-07,3.323300e-03
504627200,7169995,6055526400,18481536,-6.432079e-02,-2.818646e-02,6.274949e-09,2.299661e-06,1.512998e-06,3.233090e-03
504889344,7170318,6058672128,18491084,-6.435334e-02,-2.822567e-02,2.177434e-09,2.420109e-06,5.250169e-07,3.402428e-03
505151488,7170325,6061817856,18500686,-6.434235e-02,-2.823433e-02,3.323821e-09,2.447133e-06,8.014306e-07,3.440420e-03
505413632,7170351,6064963584,18510315,-6.429923e-02,-2.827996e-02,1.015441e-08,2.591979e-06,2.448404e-06,3.644059e-03
505675776,7170581,6068109312,18520019,-6.424770e-02,-2.840538e-02,2.319674e-08,3.011543e-06,5.593134e-06,4.233925e-03
505937920,7170664,6071255040,18529489,-6.412432e-02,-2.843787e-02,7.599888e-08,3.125378e-06,1.832464e-05,4.393964e-03
506200064,7170668,6074400768,18539048,-6.421638e-02,-2.842985e-02,3.371614e-08,3.097057e-06,8.129542e-06,4.354148e-03
506462208,7170940,6077546496,18548678,-6.425955e-02,-2.835672e-02,1.972645e-08,2.845025e-06,4.756388e-06,3.999817e-03
506724352,7171024,6080692224,18558204,-6.428746e-02,-2.834295e-02,1.266548e-08,2.798779e-06,3.053866e-06,3.934800e-03
506986496,7171036,6083837952,18567511,-6.431440e-02,-2.826718e-02,7.328588e-09,2.550975e-06,1.767049e-06,3.586412e-03
507248640,7171048,6086983680,18577044,-6.426606e-02,-2.827665e-02,1.794167e-08,2.581338e-06,4.326047e-06,3.629100e-03
507510784,7171231,6090129408,18586515,-6.430878e-02,-2.832390e-02,8.320625e-09,2.735380e-06,2.006246e-06,3.845667e-03
507772928,7171308,6093275136,18596168,-6.436490e-02,-2.831435e-02,1.231988e-09,2.703877e-06,2.970535e-07,3.801376e-03
508035072,7171309,6096420864,18605841,-6.433497e-02,-2.822391e-02,4.228728e-09,2.414647e-06,1.019619e-06,3.394749e-03
508297216,7171377,6099566592,18615383,-6.435206e-02,-2.827261e-02,2.298674e-09,2.568355e-06,5.542499e-07,3.610846e-03
508559360,7171430,6102712320,18625071,-6.434175e-02,-2.825486e-02,3.392904e-09,2.511774e-06,8.180875e-07,3.531299e-03
508821504,7171510,6105858048,18634634,-6.435800e-02,-2.825916e-02,1.764535e-09,2.525419e-06,4.254599e-07,3.550483e-03
509083648,7171531,6109003776,18644347,-6.433466e-02,-2.828440e-02,4.269523e-09,2.606279e-06,1.029456e-06,3.664164e-03
509345792,7171565,6112149504,18653927,-6.433978e-02,-2.829233e-02,3.626815e-09,2.631944e-06,8.744875e-07,3.700246e-03
509607936,7171742,6115295232,18663527,-6.429065e-02,-2.824631e-02,1.195790e-08,2.484753e-06,2.883255e-06,3.493311e-03
509870080,7171788,6118440960,18673102,-6.431363e-02,-2.828182e-02,7.460568e-09,2.597980e-06,1.798871e-06,3.652496e-03
510132224,7172075,6121586688,18682709,-6.431099e-02,-2.827245e-02,7.923152e-09,2.567859e-06,1.910408e-06,3.610149e-03
510394368,7172168,6124732416,18692348,-6.426759e-02,-2.831557e-02,1.753286e-08,2.707890e-06,4.227475e-06,3.807019e-03
510656512,7172207,6127878144,18701916,-6.429663e-02,-2.826728e-02,1.068522e-08,2.551296e-06,2.576392e-06,3.586864e-03
510918656,7172237,6131023872,18711396,-6.432533e-02,-2.831736e-02,5.576680e-09,2.713797e-06,1.344633e-06,3.815323e-03
511180800,7172264,6134169600,18720805,-6.430216e-02,-2.829951e-02,9.572866e-09,2.655306e-06,2.308183e-06,3.733091e-03
511442944,7172309,6137315328,18730243,-6.416432e-02,-2.833322e-02,5.554705e-08,2.766310e-06,1.339335e-05,3.889152e-03
511705088,7172377,6140461056,18739651,-6.421355e-02,-2.830053e-02,3.476389e-08,2.658621e-06,8.382173e-06,3.737752e-03
511967232,7172421,6143606784,18749561,-6.427372e-02,-2.835289e-02,1.594661e-08,2.832114e-06,3.845003e-06,3.981666e-03
512229376,7172439,6146752512,18759232,-6.419884e-02,-2.827673e-02,4.046463e-08,2.581584e-06,9.756720e-06,3.629445e-03
512491520,7172505,6149898240,18769074,-6.418721e-02,-2.833686e-02,4.528215e-08,2.778437e-06,1.091831e-05,3.906200e-03
512753664,7172597,6153043968,18778502,-6.419486e-02,-2.839542e-02,4.208418e-08,2.977075e-06,1.014722e-05,4.185466e-03
513015808,7172664,6156189696,18788147,-6.426781e-02,-2.830841e-02,1.747569e-08,2.684395e-06,4.213690e-06,3.773988e-03
513277952,7172672,6159335424,18797838,-6.430896e-02,-2.836632e-02,8.289391e-09,2.877496e-06,1.998715e-06,4.045467e-03
513540096,7172850,6162481152,18807644,-6.429709e-02,-2.837686e-02,1.059147e-08,2.913362e-06,2.553786e-06,4.095891e-03
513802240,7172895,6165626880,18817362,-6.422429e-02,-2.841588e-02,3.087558e-08,3.048109e-06,7.444634e-06,4.285332e-03
514064384,7172939,6168772608,18827020,-6.425390e-02,-2.839794e-02,2.134475e-08,2.985766e-06,5.146587e-06,4.197684e-03
514326528,7173071,6171918336,18836684,-6.422129e-02,-2.837742e-02,3.193979e-08,2.915282e-06,7.701235e-06,4.098591e-03
514588672,7173086,6175064064,18846402,-6.419800e-02,-2.834250e-02,4.080406e-08,2.797271e-06,9.838562e-06,3.932680e-03
514850816,7173434,6178209792,18855879,-6.419481e-02,-2.834924e-02,4.210558e-08,2.819834e-06,1.015238e-05,3.964400e-03
515112960,7173697,6181355520,18865551,-6.424693e-02,-2.843241e-02,2.343109e-08,3.106078e-06,5.649640e-06,4.366831e-03
515375104,7173968,6184501248,18875159,-6.422957e-02,-2.852425e-02,2.904708e-08,3.438244e-06,7.003750e-06,4.833823e-03
515637248,7174034,6187646976,18884700,-6.417530e-02,-2.859250e-02,5.049102e-08,3.696004e-06,1.217425e-05,5.196206e-03
515899392,7174079,6190792704,18894273,-6.415034e-02,-2.862518e-02,6.233087e-08,3.822741e-06,1.502905e-05,5.374387e-03
516161536,7174095,6193938432,18903638,-6.416060e-02,-2.869672e-02,5.731334e-08,4.107579e-06,1.381924e-05,5.774839e-03
516423680,7174287,6197084160,18913235,-6.415324e-02,-2.878180e-02,6.089209e-08,4.459684e-06,1.468213e-05,6.269862e-03
516685824,7174398,6200229888,18922642,-6.413708e-02,-2.886670e-02,6.912879e-08,4.825505e-06,1.666814e-05,6.784170e-03
516947968,7174413,6203375616,18932153,-6.401881e-02,-2.881514e-02,1.453089e-07,4.601648e-06,3.503648e-05,6.469449e-03
517210112,7174475,6206521344,18941812,-6.408059e-02,-2.888364e-02,1.020252e-07,4.900194e-06,2.460003e-05,6.889177e-03
517472256,7174573,6209667072,18951224,-6.408347e-02,-2.886956e-02,1.001915e-07,4.838050e-06,2.415791e-05,6.801807e-03
517734400,7174589,6212812800,18960925,-6.410377e-02,-2.898717e-02,8.775523e-08,5.369267e-06,2.115930e-05,7.548644e-03
517996544,7174688,6215958528,18970512,-6.409775e-02,-2.896898e-02,9.135817e-08,5.285313e-06,2.202803e-05,7.430614e-03
518258688,7176437,6219104256,18980200,-6.405576e-02,-2.885424e-02,1.185006e-07,4.770905e-06,2.857254e-05,6.707409e-03
518520832,7176528,6222249984,18989724,-6.408715e-02,-2.887810e-02,9.787504e-08,4.875717e-06,2.359936e-05,6.854763e-03
518782976,7177641,6225395712,18999375,-6.409261e-02,-2.891257e-02,9.449234e-08,5.029124e-06,2.278373e-05,7.070438e-03
519045120,7180262,6228541440,19009004,-6.411988e-02,-2.885733e-02,7.847110e-08,4.784414e-06,1.892073e-05,6.726400e-03
519307264,7184560,6231687168,19018712,-6.417038e-02,-2.890591e-02,5.272851e-08,4.999285e-06,1.271375e-05,7.028487e-03
519569408,7187075,6234832896,19028293,-6.414413e-02,-2.895267e-02,6.547216e-08,5.210581e-06,1.578647e-05,7.325548e-03
519831552,7261749,6237978624,19037837,-6.419060e-02,-2.899628e-02,4.384776e-08,5.411561e-06,1.057245e-05,7.608105e-03
520093696,7263722,6241124352,19047268,-6.426869e-02,-2.895324e-02,1.724206e-08,5.213175e-06,4.157358e-06,7.329195e-03
520355840,7268335,6244270080,19056826,-6.427980e-02,-2.905490e-02,1.444809e-08,5.687771e-06,3.483684e-06,7.996429e-03
520617984,7269026,6247415808,19066551,-6.438869e-02,-2.912809e-02,1.279157e-10,6.042197e-06,3.084267e-08,8.494715e-03
520880128,7269181,6250561536,19076429,-6.434914e-02,-2.914440e-02,2.587260e-09,6.122642e-06,6.238329e-07,8.607815e-03
521142272,7269475,6253707264,19086204,-6.439462e-02,-2.913889e-02,2.893707e-11,6.095443e-06,6.977227e-09,8.569575e-03
521404416,7269520,6256852992,19095782,-6.437229e-02,-2.919229e-02,7.677726e-10,6.361965e-06,1.851232e-07,8.944276e-03
521666560,7269881,6259998720,19105297,-6.436655e-02,-2.920337e-02,1.119110e-09,6.417986e-06,2.698368e-07,9.023037e-03
521928704,7269891,6263144448,19115016,-6.427287e-02,-2.924239e-02,1.616374e-08,6.617177e-06,3.897357e-06,9.303080e-03
522190848,7270319,6266290176,19124708,-6.433380e-02,-2.924477e-02,4.383216e-09,6.629459e-06,1.056869e-06,9.320347e-03
522452992,7270379,6269435904,19134394,-6.441325e-02,-2.924215e-02,1.754865e-10,6.615950e-06,4.231282e-08,9.301355e-03
522715136,7270549,6272581632,19144138,-6.445719e-02,-2.930230e-02,3.269919e-09,6.928981e-06,7.884338e-07,9.741443e-03
522977280,7270637,6275727360,19153988,-6.444580e-02,-2.923801e-02,2.097523e-09,6.594677e-06,5.057488e-07,9.271447e-03
523239424,7270777,6278873088,19163521,-6.445517e-02,-2.921857e-02,3.043078e-09,6.495189e-06,7.337384e-07,9.131577e-03
523501568,7271076,6282018816,19173230,-6.449145e-02,-2.925943e-02,8.362814e-09,6.705132e-06,2.016419e-06,9.426735e-03
523763712,7271408,6285164544,19182672,-6.451026e-02,-2.917993e-02,1.215752e-08,6.299745e-06,2.931387e-06,8.856802e-03
524025856,7271476,6288310272,19192460,-6.456574e-02,-2.915554e-02,2.746914e-08,6.177889e-06,6.623283e-06,8.685485e-03
524288000,7271485,6291456000,19202127,-6.460582e-02,-2.914977e-02,4.235975e-08,6.149274e-06,1.021367e-05,8.645256e-03
524550144,7271737,6294601728,19211805,-6.449355e-02,-2.919945e-02,8.751507e-09,6.398144e-06,2.110139e-06,8.995143e-03
524812288,7271806,6297747456,19221673,-6.454057e-02,-2.923499e-02,1.975786e-08,6.579178e-06,4.763961e-06,9.249658e-03
525074432,7271875,6300893184,19231212,-6.444145e-02,-2.928360e-02,1.717902e-09,6.830916e-06,4.142157e-07,9.603576e-03
525336576,7271929,6304038912,19240626,-6.448382e-02,-2.924300e-02,7.025630e-09,6.620330e-06,1.694001e-06,9.307513e-03
525598720,7272270,6307184640,19250189,-6.450099e-02,-2.922997e-02,1.019800e-08,6.553423e-06,2.458914e-06,9.213449e-03
525860864,7272329,6310330368,19259944,-6.450950e-02,-2.919332e-02,1.199051e-08,6.367124e-06,2.891118e-06,8.951530e-03
526123008,7273135,6313476096,19269745,-6.455276e-02,-2.923927e-02,2.333539e-08,6.601155e-06,5.626565e-06,9.280555e-03
526385152,7273153,6316621824,19279417,-6.453747e-02,-2.923552e-02,1.889613e-08,6.581911e-06,4.556184e-06,9.253499e-03
526647296,7273156,6319767552,19289208,-6.462163e-02,-2.923589e-02,4.912093e-08,6.583814e-06,1.184390e-05,9.256174e-03
526909440,7273162,6322913280,19298572,-6.464632e-02,-2.920642e-02,6.067167e-08,6.433435e-06,1.462898e-05,9.044757e-03
527171584,7273492,6326059008,19308139,-6.462173e-02,-2.912371e-02,4.916387e-08,6.020715e-06,1.185426e-05,8.464515e-03
527433728,7273514,6329204736,19317967,-6.465500e-02,-2.916678e-02,6.502302e-08,6.233905e-06,1.567817e-05,8.764239e-03
527695872,7273560,6332350464,19327688,-6.473199e-02,-2.921999e-02,1.102176e-07,6.502473e-06,2.657537e-05,9.141818e-03
527958016,7273575,6335496192,19337258,-6.480376e-02,-2.928706e-02,1.630176e-07,6.849029e-06,3.930636e-05,9.629040e-03
528220160,7273592,6338641920,19346949,-6.479958e-02,-2.934667e-02,1.596599e-07,7.164560e-06,3.849675e-05,1.007264e-02
528482304,7273703,6341787648,19356665,-6.481850e-02,-2.939785e-02,1.751415e-07,7.441142e-06,4.222963e-05,1.046149e-02
528744448,7273746,6344933376,19366242,-6.480940e-02,-2.936514e-02,1.676039e-07,7.263757e-06,4.041218e-05,1.021210e-02
529006592,7273839,6348079104,19375912,-6.479129e-02,-2.934472e-02,1.531075e-07,7.154144e-06,3.691687e-05,1.005800e-02
529268736,7273843,6351224832,19385363,-6.477756e-02,-2.937787e-02,1.425502e-07,7.332574e-06,3.437130e-05,1.030886e-02
529530880,7273893,6354370560,19395104,-6.472371e-02,-2.945826e-02,1.047852e-07,7.774387e-06,2.526551e-05,1.093000e-02
529793024,7273952,6357516288,19404745,-6.467066e-02,-2.941963e-02,7.325534e-08,7.560472e-06,1.766312e-05,1.062926e-02
530055168,7274024,6360662016,19414263,-6.470054e-02,-2.941261e-02,9.032521e-08,7.521935e-06,2.177896e-05,1.057508e-02
530317312,7274103,6363807744,19423842,-6.470463e-02,-2.933086e-02,9.280059e-08,7.080193e-06,2.237582e-05,9.954032e-03
530579456,7274172,6366953472,19433388,-6.475074e-02,-2.930165e-02,1.230158e-07,6.925578e-06,2.966123e-05,9.736661e-03
530841600,7274438,6370099200,19443093,-6.475832e-02,-2.934528e-02,1.283938e-07,7.157103e-06,3.095795e-05,1.006216e-02
531103744,7274446,6373244928,19452615,-6.484973e-02,-2.931044e-02,2.022521e-07,6.971909e-06,4.876647e-05,9.801797e-03
531365888,7274483,6376390656,19462231,-6.475817e-02,-2.938935e-02,1.282817e-07,7.394855e-06,3.093092e-05,1.039642e-02
531628032,7274483,6379536384,19471683,-6.473858e-02,-2.933120e-02,1.146342e-07,7.081997e-06,2.764028e-05,9.956569e-03
531890176,7275007,6382682112,19481404,-6.482169e-02,-2.933905e-02,1.778207e-07,7.123815e-06,4.287564e-05,1.001536e-02
532152320,7275175,6385827840,19491141,-6.474238e-02,-2.933112e-02,1.172217e-07,7.081570e-06,2.826417e-05,9.955970e-03
532414464,7275277,6388973568,19500689,-6.475416e-02,-2.926566e-02,1.254264e-07,6.737457e-06,3.024247e-05,9.472181e-03
532676608,7275279,6392119296,19510586,-6.476931e-02,-2.936837e-02,1.363902e-07,7.281177e-06,3.288602e-05,1.023660e-02
532938752,7275317,6395265024,19520054,-6.469933e-02,-2.944794e-02,8.959670e-08,7.716980e-06,2.160331e-05,1.084929e-02
533200896,7275632,6398410752,19529977,-6.469913e-02,-2.946192e-02,8.947631e-08,7.794811e-06,2.157428e-05,1.095871e-02
533463040,7275731,6401556480,19539460,-6.476221e-02,-2.946591e-02,1.311961e-07,7.817105e-06,3.163363e-05,1.099006e-02
533725184,7275751,6404702208,19549189,-6.480096e-02,-2.946696e-02,1.607633e-07,7.822970e-06,3.876280e-05,1.099830e-02
533987328,7275809,6407847936,19558801,-6.480184e-02,-2.938443e-02,1.614751e-07,7.368145e-06,3.893442e-05,1.035886e-02
534249472,7275883,6410993664,19568413,-6.480599e-02,-2.940198e-02,1.648275e-07,7.463699e-06,3.974276e-05,1.049320e-02
534511616,7275934,6414139392,19577854,-6.480870e-02,-2.945869e-02,1.670309e-07,7.776796e-06,4.027403e-05,1.093339e-02
534773760,7276092,6417285120,19587563,-6.481399e-02,-2.939681e-02,1.713828e-07,7.435513e-06,4.132335e-05,1.045358e-02
535035904,7276235,6420430848,19597251,-6.478824e-02,-2.936170e-02,1.507321e-07,7.245244e-06,3.634410e-05,1.018608e-02
535298048,7276403,6423576576,19606872,-6.480894e-02,-2.932420e-02,1.672319e-07,7.044760e-06,4.032250e-05,9.904218e-03
535560192,7276625,6426722304,19616349,-6.478929e-02,-2.932697e-02,1.515431e-07,7.059471e-06,3.653966e-05,9.924900e-03
535822336,7276674,6429868032,19625974,-6.481431e-02,-2.937342e-02,1.716543e-07,7.308474e-06,4.138882e-05,1.027497e-02
536084480,7330617,6433013760,19635649,-6.481884e-02,-2.942985e-02,1.754285e-07,7.616760e-06,4.229883e-05,1.070839e-02
536346624,7332180,6436159488,19645181,-6.488553e-02,-2.937403e-02,2.357413e-07,7.311788e-06,5.684129e-05,1.027963e-02
536608768,7333518,6439305216,19654808,-6.484654e-02,-2.936865e-02,1.993941e-07,7.282735e-06,4.807735e-05,1.023879e-02
536870912,7334637,6442450944,19664612,-6.479602e-02,-2.940007e-02,1.568324e-07,7.453301e-06,3.781500e-05,1.047858e-02
537133056,7616982,6445596672,19674023,-6.484201e-02,-2.934556e-02,1.953690e-07,7.158598e-06,4.710684e-05,1.006426e-02
537395200,7617131,6448742400,19683564,-6.486717e-02,-2.935321e-02,2.182444e-07,7.199612e-06,5.262247e-05,1.012192e-02
537657344,7617537,6451888128,19693404,-6.489419e-02,-2.934984e-02,2.442233e-07,7.181561e-06,5.888645e-05,1.009655e-02
537919488,7618101,6455033856,19703171,-6.494128e-02,-2.939848e-02,2.929810e-07,7.444597e-06,7.064277e-05,1.046635e-02
538181632,7618526,6458179584,19713012,-6.493384e-02,-2.942309e-02,2.849789e-07,7.579526e-06,6.871331e-05,1.065604e-02
538443776,7618640,6461325312,19722741,-6.500951e-02,-2.939551e-02,3.715020e-07,7.428425e-06,8.957554e-05,1.044361e-02
538705920,7618774,6464471040,19732330,-6.504837e-02,-2.939096e-02,4.203861e-07,7.403641e-06,1.013623e-04,1.040877e-02
538968064,7618866,6467616768,19742011,-6.502327e-02,-2.933094e-02,3.884666e-07,7.080609e-06,9.366599e-05,9.954618e-03
539230208,7618958,6470762496,19751569,-6.501433e-02,-2.925321e-02,3.773924e-07,6.672990e-06,9.099580e-05,9.381548e-03
539492352,7619081,6473908224,19760982,-6.504308e-02,-2.926383e-02,4.135448e-07,6.727936e-06,9.971278e-05,9.458796e-03
539754496,7619162,6477053952,19770583,-6.498987e-02,-2.927180e-02,3.479465e-07,6.769366e-06,8.389589e-05,9.517041e-03
540016640,7619381,6480199680,19780094,-6.498602e-02,-2.933060e-02,3.434171e-07,7.078795e-06,8.280377e-05,9.952067e-03
540278784,7619424,6483345408,19789810,-6.497836e-02,-2.943473e-02,3.344989e-07,7.643762e-06,8.065344e-05,1.074635e-02
540540928,7619438,6486491136,19799371,-6.509805e-02,-2.945349e-02,4.872667e-07,7.747808e-06,1.174884e-04,1.089263e-02
540803072,7619574,6489636864,19808860,-6.516803e-02,-2.940144e-02,5.898673e-07,7.460778e-06,1.422272e-04,1.048910e-02
541065216,7619655,6492782592,19818548,-6.517474e-02,-2.941353e-02,6.002123e-07,7.526983e-06,1.447215e-04,1.058217e-02
541327360,7619769,6495928320,19828414,-6.518488e-02,-2.944583e-02,6.160388e-07,7.705238e-06,1.485376e-04,1.083278e-02
541589504,7619869,6499074048,19837906,-6.529327e-02,-2.945742e-02,7.979224e-07,7.769713e-06,1.923928e-04,1.092343e-02
541851648,7619882,6502219776,19847576,-6.534423e-02,-2.940015e-02,8.915646e-07,7.453738e-06,2.149716e-04,1.047920e-02
542113792,7619908,6505365504,19857238,-6.535184e-02,-2.935768e-02,9.059880e-07,7.223652e-06,2.184493e-04,1.015572e-02
542375936,7619931,6508511232,19866754,-6.541864e-02,-2.930835e-02,1.037619e-06,6.960916e-06,2.501878e-04,9.786343e-03
542638080,7619946,6511656960,19876266,-6.538884e-02,-2.938867e-02,9.777920e-07,7.391158e-06,2.357625e-04,1.039122e-02
542900224,7620089,6514802688,19885965,-6.541505e-02,-2.938070e-02,1.030316e-06,7.347915e-06,2.484269e-04,1.033042e-02
543162368,7620158,6517948416,19895847,-6.530134e-02,-2.933934e-02,8.124030e-07,7.125386e-06,1.958843e-04,1.001757e-02
543424512,7620178,6521094144,19905600,-6.532029e-02,-2.935434e-02,8.469305e-07,7.205681e-06,2.042095e-04,1.013046e-02
543686656,7620595,6524239872,19914909,-6.532031e-02,-2.942777e-02,8.469579e-07,7.605290e-06,2.042161e-04,1.069227e-02
543948800,7620620,6527385600,19924431,-6.533603e-02,-2.940820e-02,8.761407e-07,7.497760e-06,2.112526e-04,1.054109e-02
544210944,7620633,6530531328,19934053,-6.535572e-02,-2.934188e-02,9.133926e-07,7.138956e-06,2.202347e-04,1.003665e-02
544473088,7620720,6533677056,19943628,-6.535494e-02,-2.931652e-02,9.119121e-07,7.004092e-06,2.198777e-04,9.847042e-03
544735232,7620737,6536822784,19953107,-6.536473e-02,-2.928009e-02,9.307059e-07,6.812566e-06,2.244092e-04,9.577777e-03
544997376,7620838,6539968512,19962584,-6.536401e-02,-2.930471e-02,9.293120e-07,6.941695e-06,2.240731e-04,9.759319e-03
545259520,7620904,6543114240,19972102,-6.544947e-02,-2.939160e-02,1.101380e-06,7.407118e-06,2.655617e-04,1.041366e-02
545521664,7620910,6546259968,19981560,-6.548610e-02,-2.944044e-02,1.179599e-06,7.675331e-06,2.844216e-04,1.079074e-02
545783808,7621026,6549405696,19990970,-6.559194e-02,-2.943798e-02,1.420712e-06,7.661734e-06,3.425582e-04,1.077162e-02
546045952,7621036,6552551424,20000373,-6.555697e-02,-2.938896e-02,1.338582e-06,7.392769e-06,3.227551e-04,1.039348e-02
546308096,7621072,6555697152,20009930,-6.555785e-02,-2.939290e-02,1.340617e-06,7.414197e-06,3.232458e-04,1.042361e-02
546570240,7621125,6558842880,20019572,-6.553870e-02,-2.948999e-02,1.296642e-06,7.952358e-06,3.126428e-04,1.118021e-02
546832384,7621292,6561988608,20029295,-6.554202e-02,-2.950932e-02,1.304204e-06,8.061724e-06,3.144660e-04,1.133397e-02
547094528,7621306,6565134336,20038804,-6.555410e-02,-2.947602e-02,1.331952e-06,7.873753e-06,3.211567e-04,1.106970e-02
547356672,7621315,6568280064,20048351,-6.555088e-02,-2.952072e-02,1.324516e-06,8.126598e-06,3.193636e-04,1.142517e-02
547618816,7621364,6571425792,20057905,-6.557184e-02,-2.948803e-02,1.373197e-06,7.941321e-06,3.311014e-04,1.116469e-02
547880960,7621701,6574571520,20067698,-6.551920e-02,-2.951478e-02,1.252601e-06,8.092756e-06,3.020236e-04,1.137759e-02
548143104,7621702,6577717248,20077040,-6.546379e-02,-2.947902e-02,1.131642e-06,7.890623e-06,2.728583e-04,1.109342e-02
548405248,7621986,6580862976,20086629,-6.543433e-02,-2.940484e-02,1.069832e-06,7.479360e-06,2.579549e-04,1.051522e-02
548667392,7622107,6584008704,20096200,-6.536242e-02,-2.939329e-02,9.262404e-07,7.416337e-06,2.233325e-04,1.042662e-02
548929536,7622318,6587154432,20105816,-6.531195e-02,-2.942543e-02,8.316547e-07,7.592423e-06,2.005263e-04,1.067418e-02
549191680,7622664,6590300160,20115251,-6.538571e-02,-2.938244e-02,9.716131e-07,7.357350e-06,2.342727e-04,1.034369e-02
549453824,7622669,6593445888,20124720,-6.535234e-02,-2.937159e-02,9.069386e-07,7.298608e-06,2.186785e-04,1.026110e-02
549715968,7622675,6596591616,20134201,-6.537499e-02,-2.940315e-02,9.505918e-07,7.470091e-06,2.292041e-04,1.050219e-02
549978112,7622808,6599737344,20143815,-6.541650e-02,-2.939148e-02,1.033267e-06,7.406479e-06,2.491386e-04,1.041276e-02
550240256,7622985,6602883072,20153472,-6.537142e-02,-2.940303e-02,9.436454e-07,7.469470e-06,2.275292e-04,1.050132e-02
550502400,7623047,6606028800,20163092,-6.534322e-02,-2.936983e-02,8.896661e-07,7.289090e-06,2.145138e-04,1.024772e-02
550764544,7623052,6609174528,20172674,-6.540623e-02,-2.941129e-02,1.012485e-06,7.514672e-06,2.441276e-04,1.056487e-02
551026688,7623157,6612320256,20182399,-6.533087e-02,-2.937697e-02,8.665154e-07,7.327702e-06,2.089318e-04,1.030201e-02
551288832,7623209,6615465984,20191806,-6.536496e-02,-2.938226e-02,9.311515e-07,7.356370e-06,2.245167e-04,1.034231e-02
551550976,7623215,6618611712,20201270,-6.545351e-02,-2.935540e-02,1.109872e-06,7.211352e-06,2.676093e-04,1.013843e-02
551813120,7625134,6621757440,20210902,-6.544056e-02,-2.931500e-02,1.082756e-06,6.996010e-06,2.610711e-04,9.835680e-03
552075264,7625370,6624903168,20220507,-6.542250e-02,-2.939701e-02,1.045497e-06,7.436570e-06,2.520873e-04,1.045506e-02
552337408,7626012,6628048896,20229920,-6.538845e-02,-2.935976e-02,9.770258e-07,7.234810e-06,2.355778e-04,1.017141e-02
552599552,7629072,6631194624,20239307,-6.537258e-02,-2.939967e-02,9.459050e-07,7.451104e-06,2.280740e-04,1.047550e-02
552861696,7633603,6634340352,20248804,-6.529756e-02,-2.940864e-02,8.056077e-07,7.500168e-06,1.942459e-04,1.054448e-02
553123840,7636659,6637486080,20258397,-6.526703e-02,-2.943986e-02,7.517307e-07,7.672112e-06,1.812552e-04,1.078621e-02
553385984,7710176,6640631808,20267936,-6.525797e-02,-2.948301e-02,7.361153e-07,7.913012e-06,1.774901e-04,1.112489e-02
553648128,7712287,6643777536,20277322,-6.526160e-02,-2.949028e-02,7.423546e-07,7.953976e-06,1.789945e-04,1.118248e-02
553910272,7722173,6646923264,20286753,-6.525669e-02,-2.955178e-02,7.339052e-07,8.304679e-06,1.769572e-04,1.167554e-02
554172416,7722823,6650068992,20296332,-6.525027e-02,-2.955836e-02,7.229552e-07,8.342640e-06,1.743169e-04,1.172891e-02
554434560,7723191,6653214720,20306027,-6.521337e-02,-2.957481e-02,6.615626e-07,8.437900e-06,1.595141e-04,1.186283e-02
554696704,7723364,6656360448,20315619,-6.520782e-02,-2.955334e-02,6.525639e-07,8.313635e-06,1.573444e-04,1.168813e-02
554958848,7723431,6659506176,20325344,-6.511640e-02,-2.959550e-02,5.132227e-07,8.558573e-06,1.237469e-04,1.203249e-02
555220992,7723680,6662651904,20334931,-6.513169e-02,-2.959972e-02,5.353727e-07,8.583254e-06,1.290876e-04,1.206719e-02
555483136,7723860,6665797632,20344753,-6.520189e-02,-2.963588e-02,6.430174e-07,8.796470e-06,1.550426e-04,1.236694e-02
555745280,7724270,6668943360,20354333,-6.519412e-02,-2.962199e-02,6.306268e-07,8.714239e-06,1.520550e-04,1.225134e-02
556007424,7724390,6672089088,20363923,-6.512979e-02,-2.963340e-02,5.325961e-07,8.781725e-06,1.284181e-04,1.234622e-02
556269568,7724465,6675234816,20373660,-6.515147e-02,-2.964091e-02,5.647005e-07,8.826304e-06,1.361590e-04,1.240889e-02
556531712,7724639,6678380544,20383368,-6.513586e-02,-2.966828e-02,5.414850e-07,8.989657e-06,1.305614e-04,1.263855e-02
556793856,7724672,6681526272,20392852,-6.511141e-02,-2.966997e-02,5.060954e-07,8.999802e-06,1.220283e-04,1.265281e-02
557056000,7725123,6684672000,20402666,-6.505056e-02,-2.968652e-02,4.232314e-07,9.099384e-06,1.020484e-04,1.279281e-02
557318144,7725478,6687817728,20412180,-6.504939e-02,-2.962658e-02,4.217108e-07,8.741356e-06,1.016817e-04,1.228946e-02
557580288,7725498,6690963456,20421869,-6.506665e-02,-2.968009e-02,4.444198e-07,9.060622e-06,1.071573e-04,1.273832e-02
557842432,7725546,6694109184,20431293,-6.500461e-02,-2.964864e-02,3.655498e-07,8.872295e-06,8.814036e-05,1.247355e-02
558104576,7725741,6697254912,20440746,-6.494715e-02,-2.968900e-02,2.993712e-07,9.114347e-06,7.218356e-05,1.281385e-02
558366720,7725768,6700400640,20450329,-6.500886e-02,-2.973138e-02,3.707032e-07,9.372072e-06,8.938292e-05,1.317618e-02
558628864,7725884,6703546368,20460031,-6.504420e-02,-2.973273e-02,4.149931e-07,9.380330e-06,1.000620e-04,1.318779e-02
558891008,7726092,6706692096,20469622,-6.507179e-02,-2.977220e-02,4.513005e-07,9.623645e-06,1.088163e-04,1.352987e-02
559153152,7726316,6709837824,20479277,-6.512123e-02,-2.969915e-02,5.201636e-07,9.175733e-06,1.254204e-04,1.290015e-02
559415296,7726319,6712983552,20488833,-6.515643e-02,-2.971008e-02,5.721828e-07,9.242081e-06,1.379631e-04,1.299343e-02
559677440,7726988,6716129280,20498521,-6.514616e-02,-2.968794e-02,5.567447e-07,9.107982e-06,1.342407e-04,1.280490e-02
559939584,7727161,6719275008,20508185,-6.515277e-02,-2.970476e-02,5.666618e-07,9.209742e-06,1.366319e-04,1.294796e-02
560201728,7727206,6722420736,20517932,-6.519266e-02,-2.977112e-02,6.283096e-07,9.616921e-06,1.514962e-04,1.352042e-02
560463872,7727217,6725566464,20527588,-6.514119e-02,-2.974442e-02,5.493534e-07,9.452085e-06,1.324586e-04,1.328867e-02
560726016,7727441,6728712192,20537195,-6.505360e-02,-2.975171e-02,4.271861e-07,9.496931e-06,1.030019e-04,1.335172e-02
560988160,7727464,6731857920,20546925,-6.499637e-02,-2.969775e-02,3.556534e-07,9.167294e-06,8.575415e-05,1.288829e-02
561250304,7727493,6735003648,20556501,-6.502461e-02,-2.970405e-02,3.901308e-07,9.205457e-06,9.406726e-05,1.294194e-02
561512448,7727573,6738149376,20566188,-6.496983e-02,-2.964287e-02,3.247038e-07,8.837951e-06,7.829168e-05,1.242526e-02
561774592,7727778,6741295104,20575514,-6.490892e-02,-2.967569e-02,2.589989e-07,9.034200e-06,6.244910e-05,1.270117e-02
562036736,7727876,6744440832,20585046,-6.494493e-02,-2.969532e-02,2.969466e-07,9.152546e-06,7.159893e-05,1.286755e-02
562298880,7727881,6747586560,20594617,-6.493105e-02,-2.971809e-02,2.820115e-07,9.290831e-06,6.799783e-05,1.306197e-02
562561024,7727908,6750732288,20603997,-6.498911e-02,-2.982150e-02,3.470505e-07,9.931980e-06,8.367987e-05,1.396335e-02
562823168,7727915,6753878016,20613650,-6.511744e-02,-2.986006e-02,5.147184e-07,1.017650e-05,1.241075e-04,1.430713e-02
563085312,7727968,6757023744,20623105,-6.504893e-02,-2.985874e-02,4.211013e-07,1.016808e-05,1.015348e-04,1.429529e-02
563347456,7728176,6760169472,20632784,-6.505646e-02,-2.980047e-02,4.309342e-07,9.799839e-06,1.039057e-04,1.377758e-02
563609600,7728278,6763315200,20642344,-6.512536e-02,-2.979540e-02,5.261453e-07,9.768121e-06,1.268627e-04,1.373299e-02
563871744,7728336,6766460928,20651860,-6.520477e-02,-2.981339e-02,6.476499e-07,9.880881e-06,1.561596e-04,1.389152e-02
564133888,7728371,6769606656,20661557,-6.505792e-02,-2.989893e-02,4.328535e-07,1.042599e-05,1.043685e-04,1.465789e-02
564396032,7728470,6772752384,20671392,-6.503545e-02,-2.991140e-02,4.038000e-07,1.050666e-05,9.736312e-05,1.477129e-02
564658176,7728549,6775898112,20680946,-6.504370e-02,-2.984354e-02,4.143502e-07,1.007138e-05,9.990696e-05,1.415933e-02
564920320,7728574,6779043840,20690647,-6.503879e-02,-2.985011e-02,4.080437e-07,1.011312e-05,9.838636e-05,1.421802e-02
565182464,7728656,6782189568,20700136,-6.501454e-02,-2.981330e-02,3.776579e-07,9.880355e-06,9.105983e-05,1.389077e-02
565444608,7729038,6785335296,20709803,-6.506322e-02,-2.985229e-02,4.398520e-07,1.012697e-05,1.060559e-04,1.423749e-02
565706752,7729300,6788481024,20719430,-6.507143e-02,-2.989448e-02,4.508101e-07,1.039729e-05,1.086981e-04,1.461753e-02
565968896,7729477,6791626752,20729255,-6.511041e-02,-2.992620e-02,5.046758e-07,1.060286e-05,1.216860e-04,1.490655e-02
566231040,7729681,6794772480,20738947,-6.503888e-02,-2.987526e-02,4.081674e-07,1.027367e-05,9.841620e-05,1.444374e-02
566493184,7729686,6797918208,20748698,-6.504223e-02,-2.991763e-02,4.124627e-07,1.054711e-05,9.945186e-05,1.482817e-02
566755328,7729698,6801063936,20758239,-6.506599e-02,-2.988179e-02,4.435460e-07,1.031560e-05,1.069466e-04,1.450269e-02
567017472,7729837,6804209664,20767885,-6.508583e-02,-2.986459e-02,4.703572e-07,1.020542e-05,1.134112e-04,1.434779e-02
567279616,7729979,6807355392,20777369,-6.502199e-02,-2.989708e-02,3.868708e-07,1.041403e-05,9.328120e-05,1.464107e-02
567541760,7730300,6810501120,20787113,-6.503554e-02,-2.993686e-02,4.039136e-07,1.067236e-05,9.739053e-05,1.500426e-02
567803904,7730340,6813646848,20796700,-6.504159e-02,-2.989078e-02,4.116305e-07,1.037343e-05,9.925121e-05,1.458400e-02
568066048,7730382,6816792576,20806459,-6.506204e-02,-2.982692e-02,4.382920e-07,9.966149e-06,1.056797e-04,1.401139e-02
568328192,7730394,6819938304,20816165,-6.507569e-02,-2.985911e-02,4.565512e-07,1.017041e-05,1.100824e-04,1.429856e-02
568590336,7730508,6823084032,20825741,-6.509873e-02,-2.984904e-02,4.882137e-07,1.010633e-05,1.177167e-04,1.420847e-02
568852480,7730533,6826229760,20835309,-6.504827e-02,-2.981536e-02,4.202508e-07,9.893286e-06,1.013297e-04,1.390896e-02
569114624,7730913,6829375488,20844589,-6.509805e-02,-2.980647e-02,4.872771e-07,9.837473e-06,1.174909e-04,1.383049e-02
569376768,7731055,6832521216,20854318,-6.509405e-02,-2.979087e-02,4.816970e-07,9.739838e-06,1.161454e-04,1.369322e-02
569638912,7785082,6835666944,20863919,-6.509033e-02,-2.973831e-02,4.765501e-07,9.414499e-06,1.149044e-04,1.323583e-02
569901056,7786342,6838812672,20873473,-6.507006e-02,-2.981392e-02,4.489811e-07,9.884242e-06,1.082571e-04,1.389624e-02
570163200,7791275,6841958400,20883018,-6.512441e-02,-2.983405e-02,5.247735e-07,1.001122e-05,1.265319e-04,1.407476e-02
570425344,7792287,6845104128,20892477,-6.510923e-02,-2.982737e-02,5.030047e-07,9.968996e-06,1.212831e-04,1.401540e-02
570687488,8065584,6848249856,20902183,-6.509847e-02,-2.976736e-02,4.878598e-07,9.593668e-06,1.176314e-04,1.348772e-02
570949632,8065700,6851395584,20911915,-6.511394e-02,-2.976195e-02,5.097060e-07,9.560154e-06,1.228989e-04,1.344061e-02
571211776,8066317,6854541312,20921723,-6.515145e-02,-2.974470e-02,5.646669e-07,9.453792e-06,1.361509e-04,1.329107e-02
571473920,8066919,6857687040,20931307,-6.513288e-02,-2.974066e-02,5.371078e-07,9.428930e-06,1.295059e-04,1.325612e-02
571736064,8067094,6860832768,20941007,-6.515317e-02,-2.978193e-02,5.672564e-07,9.684112e-06,1.367753e-04,1.361488e-02
571998208,8067394,6863978496,20950811,-6.515525e-02,-2.980424e-02,5.704032e-07,9.823469e-06,1.375341e-04,1.381080e-02
572260352,8067480,6867124224,20960684,-6.513393e-02,-2.981060e-02,5.386487e-07,9.863347e-06,1.298775e-04,1.386687e-02
572522496,8067669,6870269952,20970307,-6.507467e-02,-2.982644e-02,4.551728e-07,9.963092e-06,1.097500e-04,1.400710e-02
572784640,8067799,6873415680,20979962,-6.503668e-02,-2.981513e-02,4.053544e-07,9.891856e-06,9.773792e-05,1.390695e-02
573046784,8067958,6876561408,20989697,-6.501862e-02,-2.987806e-02,3.826928e-07,1.029162e-05,9.227383e-05,1.446898e-02
573308928,8068025,6879707136,20999214,-6.501624e-02,-2.988656e-02,3.797487e-07,1.034626e-05,9.156395e-05,1.454580e-02
573571072,8068083,6882852864,21008691,-6.501810e-02,-2.989138e-02,3.820478e-07,1.037729e-05,9.211832e-05,1.458941e-02
573833216,8068117,6885998592,21018433,-6.505667e-02,-2.985069e-02,4.312081e-07,1.011679e-05,1.039717e-04,1.422318e-02
574095360,8068172,6889144320,21028138,-6.508456e-02,-2.981813e-02,4.686215e-07,9.910706e-06,1.129927e-04,1.393345e-02
574357504,8068391,6892290048,21037544,-6.507867e-02,-2.982914e-02,4.605874e-07,9.980161e-06,1.110556e-04,1.403109e-02
574619648,8068421,6895435776,21047163,-6.498173e-02,-2.979128e-02,3.384056e-07,9.742395e-06,8.159543e-05,1.369682e-02
574881792,8068450,6898581504,21056636,-6.498229e-02,-2.979090e-02,3.390561e-07,9.739989e-06,8.175227e-05,1.369344e-02
575143936,8068483,6901727232,21066192,-6.499389e-02,-2.974295e-02,3.527003e-07,9.443051e-06,8.504212e-05,1.327597e-02
575406080,8068659,6904872960,21076062,-6.499953e-02,-2.976353e-02,3.594313e-07,9.569925e-06,8.666507e-05,1.345434e-02
575668224,8068718,6908018688,21085765,-6.502675e-02,-2.981334e-02,3.928066e-07,9.880565e-06,9.471244e-05,1.389107e-02
575930368,8068837,6911164416,21095457,-6.497966e-02,-2.980255e-02,3.360001e-07,9.812858e-06,8.101542e-05,1.379588e-02
576192512,8068842,6914310144,21105095,-6.501215e-02,-2.980574e-02,3.747241e-07,9.832894e-06,9.035244e-05,1.382405e-02
576454656,8068854,6917455872,21114527,-6.501271e-02,-2.978180e-02,3.754086e-07,9.683300e-06,9.051747e-05,1.361374e-02
576716800,8068891,6920601600,21124294,-6.498422e-02,-2.984096e-02,3.413071e-07,1.005497e-05,8.229502e-05,1.413627e-02
576978944,8069095,6923747328,21133924,-6.493230e-02,-2.979955e-02,2.833425e-07,9.794067e-06,6.831877e-05,1.376947e-02
577241088,8069343,6926893056,21143516,-6.496990e-02,-2.980767e-02,3.247802e-07,9.844975e-06,7.831010e-05,1.384104e-02
577503232,8069393,6930038784,21153082,-6.503190e-02,-2.983091e-02,3.992959e-07,9.991368e-06,9.627712e-05,1.404685e-02
577765376,8069441,6933184512,21162596,-6.505693e-02,-2.990369e-02,4.315604e-07,1.045675e-05,1.040566e-04,1.470113e-02
578027520,8069539,6936330240,21172050,-6.502843e-02,-2.988931e-02,3.949201e-07,1.036396e-05,9.522204e-05,1.457067e-02
578289664,8069603,6939475968,21181834,-6.499775e-02,-2.985487e-02,3.573082e-07,1.014340e-05,8.615316e-05,1.426059e-02
578551808,8069681,6942621696,21191454,-6.497418e-02,-2.990971e-02,3.296815e-07,1.049573e-05,7.949190e-05,1.475593e-02
578813952,8069690,6945767424,21201070,-6.497877e-02,-2.980000e-02,3.349730e-07,9.796877e-06,8.076776e-05,1.377342e-02
579076096,8069690,6948913152,21210570,-6.499932e-02,-2.982413e-02,3.591812e-07,9.948541e-06,8.660476e-05,1.398664e-02
579338240,8069793,6952058880,21220452,-6.497519e-02,-2.982349e-02,3.308461e-07,9.944511e-06,7.977270e-05,1.398097e-02
579600384,8069832,6955204608,21229861,-6.496283e-02,-2.982300e-02,3.167712e-07,9.941433e-06,7.637899e-05,1.397665e-02
579862528,8069939,6958350336,21239407,-6.491649e-02,-2.983230e-02,2.667610e-07,1.000012e-05,6.432068e-05,1.405915e-02
580124672,8069947,6961496064,21249053,-6.495924e-02,-2.982694e-02,3.127500e-07,9.966302e-06,7.540941e-05,1.401161e-02
580386816,8069955,6964641792,21258626,-6.490873e-02,-2.982230e-02,2.588018e-07,9.936982e-06,6.240156e-05,1.397039e-02
580648960,8069984,6967787520,21268317,-6.483878e-02,-2.987631e-02,1.925275e-07,1.028042e-05,4.642170e-05,1.445322e-02
580911104,8070106,6970933248,21277890,-6.482063e-02,-2.983985e-02,1.769296e-07,1.004792e-05,4.266077e-05,1.412636e-02
581173248,8070131,6974078976,21287656,-6.489140e-02,-2.985671e-02,2.414696e-07,1.015511e-05,5.822248e-05,1.427705e-02
581435392,8070522,6977224704,21297399,-6.491321e-02,-2.978356e-02,2.633854e-07,9.694259e-06,6.350676e-05,1.362914e-02
581697536,8070699,6980370432,21307247,-6.498673e-02,-2.971942e-02,3.442471e-07,9.298964e-06,8.300391e-05,1.307340e-02
581959680,8070857,6983516160,21316737,-6.500209e-02,-2.974256e-02,3.625110e-07,9.440647e-06,8.740764e-05,1.327259e-02
582221824,8070937,6986661888,21326277,-6.496659e-02,-2.981831e-02,3.210207e-07,9.911867e-06,7.740362e-05,1.393508e-02
582483968,8070966,6989807616,21335748,-6.499516e-02,-2.982366e-02,3.542152e-07,9.945544e-06,8.540739e-05,1.398243e-02
582746112,8071407,6992953344,21345385,-6.492024e-02,-2.980229e-02,2.706463e-07,9.811224e-06,6.525750e-05,1.379359e-02
583008256,8071518,6996099072,21354939,-6.490268e-02,-2.976241e-02,2.526829e-07,9.563011e-06,6.092620e-05,1.344462e-02
583270400,8071530,6999244800,21364646,-6.495547e-02,-2.978374e-02,3.085476e-07,9.695360e-06,7.439613e-05,1.363069e-02
583532544,8071682,7002390528,21374017,-6.495341e-02,-2.976157e-02,3.062591e-07,9.557828e-06,7.384433e-05,1.343734e-02
583794688,8071810,7005536256,21383667,-6.490079e-02,-2.975993e-02,2.507839e-07,9.547684e-06,6.046833e-05,1.342307e-02
584056832,8071908,7008681984,21393076,-6.485333e-02,-2.980741e-02,2.055086e-07,9.843375e-06,4.955167e-05,1.383879e-02
584318976,8072020,7011827712,21402609,-6.482323e-02,-2.983485e-02,1.791238e-07,1.001628e-05,4.318984e-05,1.408187e-02
584581120,8072076,7014973440,21412241,-6.480680e-02,-2.981722e-02,1.654876e-07,9.904984e-06,3.990192e-05,1.392540e-02
584843264,8072130,7018119168,21422045,-6.482705e-02,-2.981740e-02,1.823737e-07,9.906133e-06,4.397345e-05,1.392702e-02
585105408,8072169,7021264896,21431563,-6.479695e-02,-2.981127e-02,1.575650e-07,9.867572e-06,3.799163e-05,1.387280e-02
585367552,8074080,7024410624,21441051,-6.478023e-02,-2.981022e-02,1.445714e-07,9.861008e-06,3.485866e-05,1.386358e-02
585629696,8074342,7027556352,21450466,-6.474599e-02,-2.986256e-02,1.197091e-07,1.019244e-05,2.886393e-05,1.432954e-02
585891840,8074924,7030702080,21459982,-6.475535e-02,-2.988783e-02,1.262722e-07,1.035440e-05,3.044640e-05,1.455724e-02
586153984,8078067,7033847808,21469625,-6.475416e-02,-2.989844e-02,1.254264e-07,1.042281e-05,3.024247e-05,1.465341e-02
586416128,8082925,7036993536,21479194,-6.468460e-02,-2.985808e-02,8.099561e-08,1.016384e-05,1.952944e-05,1.428932e-02
586678272,8086346,7040139264,21488932,-6.465804e-02,-2.991836e-02,6.658256e-08,1.055183e-05,1.605420e-05,1.483480e-02
586940416,8158751,7043284992,21498684,-6.466765e-02,-2.992562e-02,7.163503e-08,1.059909e-05,1.727244e-05,1.490125e-02
587202560,8161258,7046430720,21508285,-6.464510e-02,-2.992281e-02,6.007487e-08,1.058080e-05,1.448509e-05,1.487553e-02
587464704,8175941,7049576448,21517907,-6.465771e-02,-2.997150e-02,6.641348e-08,1.089994e-05,1.601343e-05,1.532420e-02
587726848,8176766,7052722176,21527680,-6.468482e-02,-2.995452e-02,8.111864e-08,1.078807e-05,1.955910e-05,1.516693e-02
587988992,8177191,7055867904,21537187,-6.469756e-02,-3.000839e-02,8.854272e-08,1.114487e-05,2.134917e-05,1.566855e-02
588251136,8177251,7059013632,21546735,-6.474882e-02,-2.999309e-02,1.216711e-07,1.104294e-05,2.933699e-05,1.552525e-02
588513280,8177644,7062159360,21556243,-6.469652e-02,-3.000962e-02,8.792305e-08,1.115308e-05,2.119976e-05,1.568009e-02
588775424,8177771,7065305088,21565739,-6.479367e-02,-3.000738e-02,1.549732e-07,1.113808e-05,3.736670e-05,1.565901e-02
589037568,8178108,7068450816,21575243,-6.476489e-02,-3.000946e-02,1.331409e-07,1.115201e-05,3.210256e-05,1.567859e-02
589299712,8178235,7071596544,21584867,-6.476012e-02,-3.000772e-02,1.296838e-07,1.114040e-05,3.126900e-05,1.566228e-02
589561856,8178329,7074742272,21594289,-6.468787e-02,-2.998422e-02,8.286803e-08,1.098404e-05,1.998091e-05,1.544244e-02
589824000,8178372,7077888000,21603675,-6.475545e-02,-2.995690e-02,1.263410e-07,1.080369e-05,3.046300e-05,1.518889e-02
590086144,8178698,7081033728,21613113,-6.479971e-02,-2.992700e-02,1.597671e-07,1.060807e-05,3.852259e-05,1.491387e-02
590348288,8178725,7084179456,21622791,-6.484086e-02,-2.993003e-02,1.943560e-07,1.062778e-05,4.686259e-05,1.494158e-02
590610432,8179139,7087325184,21632468,-6.488942e-02,-2.994122e-02,2.395258e-07,1.070087e-05,5.775379e-05,1.504434e-02
590872576,8179352,7090470912,21642001,-6.497911e-02,-2.982666e-02,3.353612e-07,9.964479e-06,8.086136e-05,1.400905e-02
591134720,8179450,7093616640,21651916,-6.501944e-02,-2.982066e-02,3.837075e-07,9.926638e-06,9.251849e-05,1.395585e-02
591396864,8179580,7096762368,21661650,-6.503166e-02,-2.985814e-02,3.989946e-07,1.016425e-05,9.620449e-05,1.428991e-02
591659008,8179594,7099908096,21671393,-6.498168e-02,-2.984874e-02,3.383536e-07,1.010438e-05,8.158289e-05,1.420573e-02
591921152,8180045,7103053824,21680822,-6.495140e-02,-2.984964e-02,3.040366e-07,1.011010e-05,7.330846e-05,1.421377e-02
592183296,8180123,7106199552,21690447,-6.499167e-02,-2.982800e-02,3.500681e-07,9.972937e-06,8.440744e-05,1.402094e-02
592445440,8180170,7109345280,21700096,-6.499662e-02,-2.984750e-02,3.559556e-07,1.009649e-05,8.582702e-05,1.419464e-02
592707584,8180256,7112491008,21709489,-6.498805e-02,-2.982267e-02,3.457964e-07,9.939342e-06,8.337746e-05,1.397371e-02
592969728,8180340,7115636736,21719071,-6.500924e-02,-2.979427e-02,3.711751e-07,9.761066e-06,8.949672e-05,1.372307e-02
593231872,8180920,7118782464,21728333,-6.499587e-02,-2.979875e-02,3.550582e-07,9.789066e-06,8.561065e-05,1.376243e-02
593494016,8181164,7121928192,21737798,-6.502995e-02,-2.979163e-02,3.968327e-07,9.744582e-06,9.568319e-05,1.369989e-02
593756160,8181195,7125073920,21747368,-6.510678e-02,-2.977138e-02,4.995337e-07,9.618573e-06,1.204462e-04,1.352274e-02
594018304,8181267,7128219648,21757228,-6.514059e-02,-2.970955e-02,5.484702e-07,9.238887e-06,1.322456e-04,1.298894e-02
594280448,8181312,7131365376,21766923,-6.515098e-02,-2.975947e-02,5.639617e-07,9.544841e-06,1.359809e-04,1.341908e-02
594542592,8181554,7134511104,21776593,-6.512804e-02,-2.975970e-02,5.300436e-07,9.546234e-06,1.278026e-04,1.342104e-02
594804736,8181587,7137656832,21786090,-6.511953e-02,-2.974552e-02,5.177161e-07,9.458832e-06,1.248303e-04,1.329816e-02
595066880,8181596,7140802560,21795702,-6.516019e-02,-2.974162e-02,5.778778e-07,9.434867e-06,1.393363e-04,1.326447e-02
595329024,8181710,7143948288,21805397,-6.512658e-02,-2.977628e-02,5.279086e-07,9.648948e-06,1.272878e-04,1.356544e-02
595591168,8181754,7147094016,21814904,-6.516647e-02,-2.978118e-02,5.874664e-07,9.679429e-06,1.416483e-04,1.360830e-02
595853312,8181956,7150239744,21824675,-6.517106e-02,-2.979355e-02,5.945344e-07,9.756598e-06,1.433525e-04,1.371679e-02
596115456,8182008,7153385472,21834280,-6.510094e-02,-2.978738e-02,4.913109e-07,9.718074e-06,1.184635e-04,1.366263e-02
596377600,8182095,7156531200,21843610,-6.512806e-02,-2.973397e-02,5.300653e-07,9.387943e-06,1.278079e-04,1.319849e-02
596639744,8182275,7159676928,21853149,-6.514074e-02,-2.973101e-02,5.486909e-07,9.369814e-06,1.322988e-04,1.317301e-02
596901888,8182305,7162822656,21862863,-6.519768e-02,-2.973723e-02,6.362958e-07,9.407893e-06,1.534219e-04,1.322654e-02
597164032,8182307,7165968384,21872473,-6.521046e-02,-2.974401e-02,6.568442e-07,9.449543e-06,1.583765e-04,1.328510e-02
597426176,8182533,7169114112,21881990,-6.516663e-02,-2.974183e-02,5.877177e-07,9.436115e-06,1.417089e-04,1.326622e-02
597688320,8182622,7172259840,21891628,-6.519673e-02,-2.977136e-02,6.347752e-07,9.618446e-06,1.530552e-04,1.352256e-02
597950464,8182650,7175405568,21901356,-6.522845e-02,-2.982958e-02,6.863211e-07,9.982939e-06,1.654838e-04,1.403500e-02
598212608,8182702,7178551296,21911097,-6.523272e-02,-2.985274e-02,6.934252e-07,1.012985e-05,1.671968e-04,1.424154e-02
598474752,8182866,7181697024,21920520,-6.526131e-02,-2.984059e-02,7.418540e-07,1.005267e-05,1.788738e-04,1.413303e-02
598736896,8182880,7184842752,21929922,-6.526893e-02,-2.979168e-02,7.550289e-07,9.744884e-06,1.820505e-04,1.370032e-02
598999040,8182947,7187988480,21939518,-6.528292e-02,-2.973044e-02,7.795409e-07,9.366302e-06,1.879607e-04,1.316807e-02
599261184,8183454,7191134208,21949160,-6.533316e-02,-2.967349e-02,8.707790e-07,9.020925e-06,2.099598e-04,1.268250e-02
599523328,8183480,7194279936,21958825,-6.538752e-02,-2.966012e-02,9.751856e-07,8.940824e-06,2.351340e-04,1.256989e-02
599785472,8183882,7197425664,21968298,-6.534327e-02,-2.964361e-02,8.897505e-07,8.842349e-06,2.145342e-04,1.243144e-02
600047616,8183904,7200571392,21978013,-6.538271e-02,-2.962041e-02,9.657174e-07,8.704927e-06,2.328511e-04,1.223824e-02
600309760,8183937,7203717120,21987477,-6.534435e-02,-2.963214e-02,8.917897e-07,8.774276e-06,2.150259e-04,1.233574e-02
600571904,8183963,7206862848,21996852,-6.526710e-02,-2.967807e-02,7.518599e-07,9.048515e-06,1.812864e-04,1.272129e-02
600834048,8184100,7210008576,22006354,-6.529645e-02,-2.974549e-02,8.036162e-07,9.458626e-06,1.937657e-04,1.329787e-02
601096192,8184498,7213154304,22015969,-6.526447e-02,-2.977251e-02,7.473058e-07,9.625541e-06,1.801883e-04,1.353253e-02
601358336,8184710,7216300032,22025624,-6.522091e-02,-2.970615e-02,6.738972e-07,9.218200e-06,1.624882e-04,1.295985e-02
601620480,8184718,7219445760,22035228,-6.525025e-02,-2.966123e-02,7.229172e-07,8.947486e-06,1.743078e-04,1.257926e-02
601882624,8184782,7222591488,22044842,-6.524898e-02,-2.969081e-02,7.207649e-07,9.125304e-06,1.737889e-04,1.282925e-02
602144768,8185080,7225737216,22054430,-6.523922e-02,-2.965263e-02,7.042877e-07,8.896068e-06,1.698159e-04,1.250697e-02
602406912,8185173,7228882944,22063710,-6.524189e-02,-2.970267e-02,7.087717e-07,9.197061e-06,1.708971e-04,1.293014e-02
602669056,8185250,7232028672,22073289,-6.531636e-02,-2.971874e-02,8.397053e-07,9.294807e-06,2.024674e-04,1.306756e-02
602931200,8185282,7235174400,22082704,-6.527045e-02,-2.973874e-02,7.576855e-07,9.417151e-06,1.826910e-04,1.323956e-02
603193344,8239677,7238320128,22092368,-6.524679e-02,-2.975851e-02,7.170504e-07,9.538915e-06,1.728932e-04,1.341075e-02
603455488,8240492,7241465856,22101925,-6.518650e-02,-2.982230e-02,6.185794e-07,9.936994e-06,1.491501e-04,1.397040e-02
603717632,8249048,7244611584,22111603,-6.527426e-02,-2.986017e-02,7.643280e-07,1.017717e-05,1.842927e-04,1.430806e-02
603979776,8250076,7247757312,22121291,-6.523236e-02,-2.983680e-02,6.928174e-07,1.002860e-05,1.670502e-04,1.409919e-02
604241920,8513810,7250903040,22131002,-6.526550e-02,-2.983190e-02,7.490845e-07,9.997633e-06,1.806172e-04,1.405566e-02
604504064,8513897,7254048768,22140679,-6.530797e-02,-2.980272e-02,8.244140e-07,9.813908e-06,1.987804e-04,1.379736e-02
604766208,8514778,7257194496,22150351,-6.521336e-02,-2.979022e-02,6.615505e-07,9.735792e-06,1.595112e-04,1.368754e-02
605028352,8515286,7260340224,22160012,-6.521511e-02,-2.976597e-02,6.644017e-07,9.585051e-06,1.601987e-04,1.347561e-02
605290496,8515351,7263485952,22169535,-6.527454e-02,-2.973854e-02,7.648102e-07,9.415962e-06,1.844089e-04,1.323789e-02
605552640,8515814,7266631680,22178972,-6.525569e-02,-2.976081e-02,7.321956e-07,9.553107e-06,1.765450e-04,1.343070e-02
605814784,8516023,7269777408,22188583,-6.524131e-02,-2.975953e-02,7.078061e-07,9.545221e-06,1.706642e-04,1.341961e-02
606076928,8516188,7272923136,22198337,-6.531303e-02,-2.974423e-02,8.336127e-07,9.450894e-06,2.009984e-04,1.328700e-02
606339072,8516355,7276068864,22207799,-6.537964e-02,-2.978116e-02,9.596937e-07,9.679325e-06,2.313987e-04,1.360815e-02
606601216,8516545,7279214592,22217361,-6.545251e-02,-2.979178e-02,1.107769e-06,9.745523e-06,2.671023e-04,1.370122e-02
606863360,8516556,7282360320,22226884,-6.541208e-02,-2.983146e-02,1.024305e-06,9.994807e-06,2.469775e-04,1.405169e-02
607125504,8516597,7285506048,22236203,-6.542968e-02,-2.983987e-02,1.060236e-06,1.004809e-05,2.556412e-04,1.412659e-02
607387648,8516654,7288651776,22245720,-6.541959e-02,-2.984894e-02,1.039563e-06,1.010567e-05,2.506565e-04,1.420754e-02
607649792,8516713,7291797504,22255481,-6.546763e-02,-2.984561e-02,1.139820e-06,1.008450e-05,2.748302e-04,1.417779e-02
607911936,8516855,7294943232,22265226,-6.548302e-02,-2.979951e-02,1.172924e-06,9.793835e-06,2.828123e-04,1.376914e-02
608174080,8516915,7298088960,22274732,-6.541651e-02,-2.974821e-02,1.033298e-06,9.475372e-06,2.491459e-04,1.332141e-02
608436224,8517027,7301234688,22284497,-6.541152e-02,-2.963853e-02,1.023159e-06,8.812177e-06,2.467012e-04,1.238903e-02
608698368,8517217,7304380416,22294240,-6.539708e-02,-2.964294e-02,9.941713e-07,8.838350e-06,2.397118e-04,1.242582e-02
608960512,8517422,7307526144,22303878,-6.543056e-02,-2.963466e-02,1.062047e-06,8.789212e-06,2.560779e-04,1.235674e-02
609222656,8517439,7310671872,22313659,-6.535134e-02,-2.957921e-02,9.050522e-07,8.463478e-06,2.182237e-04,1.189879e-02
609484800,8517454,7313817600,22323092,-6.532916e-02,-2.952247e-02,8.633280e-07,8.136594e-06,2.081633e-04,1.143923e-02
609746944,8517488,7316963328,22332566,-6.529752e-02,-2.956565e-02,8.055409e-07,8.384818e-06,1.942298e-04,1.178820e-02
610009088,8517543,7320109056,22342047,-6.524821e-02,-2.956922e-02,7.194625e-07,8.405499e-06,1.734748e-04,1.181728e-02
610271232,8517552,7323254784,22351662,-6.519662e-02,-2.957661e-02,6.345972e-07,8.448367e-06,1.530123e-04,1.187755e-02
610533376,8517604,7326400512,22361517,-6.518644e-02,-2.961208e-02,6.184857e-07,8.655844e-06,1.491275e-04,1.216924e-02
610795520,8517640,7329546240,22371284,-6.518334e-02,-2.954222e-02,6.136202e-07,8.249633e-06,1.479544e-04,1.159815e-02
611057664,8517804,7332691968,22380754,-6.518551e-02,-2.955539e-02,6.170217e-07,8.325465e-06,1.487746e-04,1.170476e-02
611319808,8518006,7335837696,22390413,-6.512742e-02,-2.959146e-02,5.291436e-07,8.534929e-06,1.275856e-04,1.199924e-02
611581952,8518061,7338983424,22400154,-6.508574e-02,-2.956576e-02,4.702346e-07,8.385434e-06,1.133817e-04,1.178907e-02
611844096,8518125,7342129152,22409830,-6.506466e-02,-2.953955e-02,4.417714e-07,8.234318e-06,1.065187e-04,1.157662e-02
612106240,8518270,7345274880,22419275,-6.515279e-02,-2.950195e-02,5.666955e-07,8.019924e-06,1.366400e-04,1.127520e-02
612368384,8518283,7348420608,22428917,-6.516036e-02,-2.951604e-02,5.781497e-07,8.099953e-06,1.394018e-04,1.138771e-02
612630528,8518338,7351566336,22438623,-6.518479e-02,-2.949796e-02,6.158985e-07,7.997374e-06,1.485037e-04,1.124350e-02
612892672,8518348,7354712064,22448325,-6.520020e-02,-2.952482e-02,6.403197e-07,8.150010e-06,1.543921e-04,1.145809e-02
613154816,8518408,7357857792,22457993,-6.521051e-02,-2.950024e-02,6.569288e-07,8.010253e-06,1.583968e-04,1.126160e-02
613416960,8518450,7361003520,22467733,-6.520936e-02,-2.946946e-02,6.550580e-07,7.837001e-06,1.579458e-04,1.101803e-02
613679104,8518473,7364149248,22477415,-6.519517e-02,-2.941624e-02,6.322964e-07,7.541851e-06,1.524575e-04,1.060308e-02
613941248,8518516,7367294976,22487192,-6.512742e-02,-2.943373e-02,5.291436e-07,7.638201e-06,1.275856e-04,1.073854e-02
614203392,8518516,7370440704,22496865,-6.513541e-02,-2.940314e-02,5.408272e-07,7.470081e-06,1.304028e-04,1.050218e-02
614465536,8518558,7373586432,22506408,-6.514487e-02,-2.940750e-02,5.548229e-07,7.493895e-06,1.337774e-04,1.053566e-02
614727680,8518694,7376732160,22516029,-6.523151e-02,-2.936864e-02,6.914041e-07,7.282685e-06,1.667094e-04,1.023872e-02
614989824,8519142,7379877888,22525679,-6.523599e-02,-2.932926e-02,6.988708e-07,7.071651e-06,1.685098e-04,9.942024e-03
615251968,8519292,7383023616,22535351,-6.530008e-02,-2.935918e-02,8.101347e-07,7.231714e-06,1.953374e-04,1.016706e-02
615514112,8519552,7386169344,22544991,-6.526575e-02,-2.936961e-02,7.495231e-07,7.287893e-06,1.807229e-04,1.024604e-02
615776256,8519565,7389315072,22554456,-6.520501e-02,-2.940176e-02,6.480337e-07,7.462528e-06,1.562521e-04,1.049156e-02
616038400,8519622,7392460800,22564397,-6.511455e-02,-2.946953e-02,5.105787e-07,7.837355e-06,1.231093e-04,1.101853e-02
616300544,8519999,7395606528,22573854,-6.509341e-02,-2.944551e-02,4.808183e-07,7.703450e-06,1.159336e-04,1.083027e-02
616562688,8520178,7398752256,22583493,-6.516083e-02,-2.948436e-02,5.788637e-07,7.920643e-06,1.395740e-04,1.113562e-02
616824832,8520295,7401897984,22593131,-6.523321e-02,-2.943531e-02,6.942320e-07,7.646934e-06,1.673913e-04,1.075081e-02
617086976,8520361,7405043712,22602900,-6.521868e-02,-2.934963e-02,6.702325e-07,7.180413e-06,1.616046e-04,1.009493e-02
617349120,8520480,7408189440,22612540,-6.523303e-02,-2.937066e-02,6.939341e-07,7.293566e-06,1.673195e-04,1.025401e-02
617611264,8520572,7411335168,22622305,-6.519273e-02,-2.941537e-02,6.284159e-07,7.537033e-06,1.515219e-04,1.059630e-02
617873408,8520661,7414480896,22632002,-6.520728e-02,-2.942311e-02,6.516975e-07,7.579618e-06,1.571355e-04,1.065617e-02
618135552,8520674,7417626624,22641476,-6.517128e-02,-2.943916e-02,5.948677e-07,7.668253e-06,1.434328e-04,1.078079e-02
618397696,8520792,7420772352,22651140,-6.510773e-02,-2.945788e-02,5.008721e-07,7.772289e-06,1.207689e-04,1.092705e-02
618659840,8521057,7423918080,22660791,-6.509720e-02,-2.947743e-02,4.860816e-07,7.881647e-06,1.172026e-04,1.108080e-02
618921984,8522763,7427063808,22670536,-6.511567e-02,-2.948677e-02,5.121771e-07,7.934173e-06,1.234947e-04,1.115464e-02
619184128,8523156,7430209536,22679978,-6.506390e-02,-2.946563e-02,4.407617e-07,7.815553e-06,1.062752e-04,1.098787e-02
619446272,8523532,7433355264,22689688,-6.502382e-02,-2.952489e-02,3.891541e-07,8.150371e-06,9.383176e-05,1.145860e-02
619708416,8526758,7436500992,22699354,-6.499089e-02,-2.952289e-02,3.491517e-07,8.138963e-06,8.418650e-05,1.144256e-02
619970560,8531883,7439646720,22708955,-6.498855e-02,-2.950834e-02,3.463837e-07,8.056193e-06,8.351908e-05,1.132619e-02
620232704,8535895,7442792448,22718460,-6.497175e-02,-2.953266e-02,3.268897e-07,8.194813e-06,7.881872e-05,1.152108e-02
620494848,8606929,7445938176,22727989,-6.492224e-02,-2.960467e-02,2.727357e-07,8.612266e-06,6.576127e-05,1.210797e-02
620756992,8609832,7449083904,22737629,-6.493383e-02,-2.960633e-02,2.849709e-07,8.622010e-06,6.871139e-05,1.212167e-02
621019136,8630020,7452229632,22747232,-6.498895e-02,-2.960615e-02,3.468574e-07,8.621004e-06,8.363331e-05,1.212026e-02
621281280,8631083,7455375360,22756976,-6.496187e-02,-2.961410e-02,3.156986e-07,8.667728e-06,7.612037e-05,1.218595e-02
621543424,8631463,7458521088,22766740,-6.494253e-02,-2.966235e-02,2.943376e-07,8.954151e-06,7.096988e-05,1.258863e-02
621805568,8631742,7461666816,22776532,-6.488368e-02,-2.966511e-02,2.339432e-07,8.970713e-06,5.640774e-05,1.261191e-02
622067712,8631848,7464812544,22786132,-6.484810e-02,-2.959817e-02,2.007872e-07,8.574199e-06,4.841324e-05,1.205445e-02
622329856,8632243,7467958272,22795528,-6.485528e-02,-2.960963e-02,2.072823e-07,8.641416e-06,4.997933e-05,1.214895e-02
622592000,8632378,7471104000,22805085,-6.485335e-02,-2.954942e-02,2.055221e-07,8.291040e-06,4.955492e-05,1.165636e-02
622854144,8632397,7474249728,22814703,-6.490331e-02,-2.954093e-02,2.533200e-07,8.242230e-06,6.107982e-05,1.158774e-02
623116288,8632468,7477395456,22824416,-6.491990e-02,-2.957243e-02,2.702898e-07,8.424086e-06,6.517153e-05,1.184341e-02
623378432,8632543,7480541184,22834091,-6.484030e-02,-2.959502e-02,1.938637e-07,8.555773e-06,4.674387e-05,1.202855e-02
623640576,8632842,7483686912,22843771,-6.483439e-02,-2.949974e-02,1.886892e-07,8.007406e-06,4.549622e-05,1.125760e-02
623902720,8632975,7486832640,22853173,-6.488021e-02,-2.947690e-02,2.305967e-07,7.878699e-06,5.560083e-05,1.107665e-02
624164864,8633470,7489978368,22862699,-6.488116e-02,-2.951621e-02,2.315135e-07,8.100928e-06,5.582189e-05,1.138908e-02
624427008,8633638,7493124096,22872304,-6.488112e-02,-2.948015e-02,2.314777e-07,7.896956e-06,5.581325e-05,1.110232e-02
624689152,8633667,7496269824,22882121,-6.493118e-02,-2.941578e-02,2.821461e-07,7.539293e-06,6.803028e-05,1.059948e-02
624951296,8633747,7499415552,22891825,-6.494728e-02,-2.944403e-02,2.995099e-07,7.695253e-06,7.221699e-05,1.081875e-02
625213440,8634017,7502561280,22901576,-6.494611e-02,-2.940661e-02,2.982309e-07,7.489031e-06,7.190860e-05,1.052882e-02
625475584,8634370,7505707008,22911237,-6.492973e-02,-2.944249e-02,2.806126e-07,7.686729e-06,6.766055e-05,1.080676e-02
625737728,8634559,7508852736,22920953,-6.486595e-02,-2.939609e-02,2.171042e-07,7.431583e-06,5.234756e-05,1.044805e-02
625999872,8634715,7511998464,22930410,-6.489749e-02,-2.940045e-02,2.474965e-07,7.455335e-06,5.967566e-05,1.048145e-02
626262016,8634782,7515144192,22939864,-6.491862e-02,-2.945326e-02,2.689667e-07,7.746522e-06,6.485250e-05,1.089082e-02
626524160,8634972,7518289920,22949469,-6.489634e-02,-2.946061e-02,2.463487e-07,7.787532e-06,5.939893e-05,1.094848e-02
626786304,8635149,7521435648,22959178,-6.494155e-02,-2.944323e-02,2.932715e-07,7.690810e-06,7.071280e-05,1.081250e-02
627048448,8635398,7524581376,22968875,-6.492619e-02,-2.945507e-02,2.768757e-07,7.756604e-06,6.675949e-05,1.090500e-02
627310592,8635582,7527727104,22978365,-6.491404e-02,-2.939099e-02,2.642350e-07,7.403813e-06,6.371161e-05,1.040901e-02
627572736,8635606,7530872832,22987899,-6.491813e-02,-2.935352e-02,2.684569e-07,7.201261e-06,6.472957e-05,1.012424e-02
627834880,8635630,7534018560,22997555,-6.490109e-02,-2.935147e-02,2.510900e-07,7.190259e-06,6.054212e-05,1.010877e-02
628097024,8635765,7537164288,23007276,-6.489517e-02,-2.938848e-02,2.451890e-07,7.390135e-06,5.911928e-05,1.038978e-02
628359168,8635823,7540310016,23016817,-6.487437e-02,-2.940428e-02,2.250279e-07,7.476293e-06,5.425810e-05,1.051091e-02
628621312,8635824,7543455744,23026249,-6.482612e-02,-2.937405e-02,1.815792e-07,7.311889e-06,4.378186e-05,1.027977e-02
628883456,8635836,7546601472,23035810,-6.480208e-02,-2.936449e-02,1.616667e-07,7.260253e-06,3.898063e-05,1.020718e-02
629145600,8635974,7549747200,23045286,-6.478883e-02,-2.937744e-02,1.511837e-07,7.330234e-06,3.645299e-05,1.030556e-02
629407744,8636289,7552892928,23054819,-6.478392e-02,-2.935018e-02,1.473896e-07,7.183368e-06,3.553817e-05,1.009909e-02
629669888,8636446,7556038656,23064539,-6.485865e-02,-2.938829e-02,2.103532e-07,7.389082e-06,5.071979e-05,1.038830e-02
629932032,8636651,7559184384,23074256,-6.487301e-02,-2.936997e-02,2.237362e-07,7.289834e-06,5.394664e-05,1.024877e-02
630194176,8636656,7562330112,23083702,-6.486352e-02,-2.934623e-02,2.148466e-07,7.162207e-06,5.180322e-05,1.006934e-02
630456320,8636785,7565475840,23093260,-6.488320e-02,-2.932717e-02,2.334822e-07,7.060550e-06,5.629658e-05,9.926417e-03
630718464,8636869,7568621568,23102984,-6.486074e-02,-2.924426e-02,2.122781e-07,6.626793e-06,5.118390e-05,9.316598e-03
630980608,8636900,7571767296,23112733,-6.487527e-02,-2.928287e-02,2.258769e-07,6.827091e-06,5.446281e-05,9.598197e-03
631242752,8636955,7574913024,23122230,-6.485236e-02,-2.926848e-02,2.046246e-07,6.752115e-06,4.933852e-05,9.492788e-03
631504896,8637041,7578058752,23131711,-6.482614e-02,-2.926922e-02,1.815919e-07,6.755949e-06,4.378492e-05,9.498177e-03
631767040,8637094,7581204480,23141304,-6.483848e-02,-2.927190e-02,1.922661e-07,6.769870e-06,4.635866e-05,9.517751e-03
632029184,8637177,7584350208,23150806,-6.481241e-02,-2.928697e-02,1.700775e-07,6.848521e-06,4.100861e-05,9.628327e-03
632291328,8637338,7587495936,23160515,-6.481845e-02,-2.926344e-02,1.750979e-07,6.725926e-06,4.221911e-05,9.455970e-03
632553472,8637602,7590641664,23170313,-6.482919e-02,-2.927938e-02,1.841983e-07,6.808891e-06,4.441337e-05,9.572609e-03
632815616,8637864,7593787392,23180051,-6.486325e-02,-2.934437e-02,2.145981e-07,7.152230e-06,5.174329e-05,1.005531e-02
633077760,8638046,7596933120,23189679,-6.486677e-02,-2.937948e-02,2.178686e-07,7.341282e-06,5.253188e-05,1.032110e-02
633339904,8638338,7600078848,23199289,-6.490989e-02,-2.938533e-02,2.599857e-07,7.373040e-06,6.268703e-05,1.036575e-02
633602048,8638467,7603224576,23209025,-6.491499e-02,-2.934223e-02,2.652087e-07,7.140808e-06,6.394638e-05,1.003925e-02
633864192,8638492,7606370304,23218586,-6.491891e-02,-2.941426e-02,2.692682e-07,7.530969e-06,6.492520e-05,1.058778e-02
634126336,8638522,7609516032,23228190,-6.487171e-02,-2.941568e-02,2.225044e-07,7.538762e-06,5.364964e-05,1.059873e-02
634388480,8638699,7612661760,23237704,-6.484967e-02,-2.942932e-02,2.022052e-07,7.613861e-06,4.875516e-05,1.070432e-02
634650624,8638829,7615807488,23247177,-6.486019e-02,-2.945162e-02,2.117772e-07,7.737412e-06,5.106313e-05,1.087802e-02
634912768,8639136,7618953216,23256961,-6.480372e-02,-2.941188e-02,1.629875e-07,7.517900e-06,3.929911e-05,1.056940e-02
635174912,8639178,7622098944,23266561,-6.481400e-02,-2.944669e-02,1.713951e-07,7.710007e-06,4.132632e-05,1.083949e-02
635437056,8639268,7625244672,23276044,-6.477511e-02,-2.942357e-02,1.407052e-07,7.582162e-06,3.392645e-05,1.065975e-02
635699200,8639688,7628390400,23285659,-6.478161e-02,-2.945777e-02,1.456215e-07,7.771655e-06,3.511185e-05,1.092616e-02
635961344,8639829,7631536128,23295004,-6.480778e-02,-2.947847e-02,1.662827e-07,7.887495e-06,4.009362e-05,1.108902e-02
636223488,8639843,7634681856,23304692,-6.477628e-02,-2.949117e-02,1.415841e-07,7.958988e-06,3.413837e-05,1.118953e-02
636485632,8640627,7637827584,23314544,-6.470573e-02,-2.946429e-02,9.346908e-08,7.808067e-06,2.253700e-05,1.097735e-02
636747776,8694448,7640973312,23324220,-6.469521e-02,-2.946091e-02,8.714711e-08,7.789165e-06,2.101267e-05,1.095077e-02
637009920,8694791,7644119040,23333621,-6.472988e-02,-2.946628e-02,1.088221e-07,7.819199e-06,2.623887e-05,1.099300e-02
637272064,8707312,7647264768,23343261,-6.477463e-02,-2.947275e-02,1.403421e-07,7.855419e-06,3.383890e-05,1.104392e-02
637534208,8708127,7650410496,23352878,-6.472326e-02,-2.945960e-02,1.044960e-07,7.781847e-06,2.519577e-05,1.094049e-02
637796352,8961423,7653556224,23362526,-6.468524e-02,-2.950418e-02,8.136073e-08,8.032589e-06,1.961747e-05,1.129301e-02
638058496,8961650,7656701952,23372059,-6.474292e-02,-2.954151e-02,1.175893e-07,8.245567e-06,2.835281e-05,1.159243e-02
638320640,8962682,7659847680,23381538,-6.468338e-02,-2.952545e-02,8.030161e-08,8.153615e-06,1.936210e-05,1.146316e-02
638582784,8962939,7662993408,23391217,-6.466833e-02,-2.954297e-02,7.199842e-08,8.253967e-06,1.736006e-05,1.160424e-02
638844928,8963113,7666139136,23400555,-6.467991e-02,-2.958245e-02,7.834592e-08,8.482380e-06,1.889055e-05,1.192536e-02
639107072,8963501,7669284864,23410084,-6.472658e-02,-2.955053e-02,1.066553e-07,8.297445e-06,2.571644e-05,1.166537e-02
639369216,8963980,7672430592,23419868,-6.474403e-02,-2.951218e-02,1.183519e-07,8.078011e-06,2.853668e-05,1.135686e-02
639631360,8964199,7675576320,23429556,-6.474902e-02,-2.955805e-02,1.218115e-07,8.340854e-06,2.937084e-05,1.172639e-02
639893504,8964309,7678722048,23439127,-6.471743e-02,-2.958510e-02,1.007583e-07,8.497836e-06,2.429457e-05,1.194710e-02
640155648,8964359,7681867776,23448763,-6.467092e-02,-2.965362e-02,7.339657e-08,8.901990e-06,1.769718e-05,1.251530e-02
640417792,8964543,7685013504,23458523,-6.465758e-02,-2.960474e-02,6.634821e-08,8.612704e-06,1.599770e-05,1.210859e-02
640679936,8964573,7688159232,23468193,-6.457409e-02,-2.962399e-02,3.030483e-08,8.726076e-06,7.307015e-06,1.226798e-02
640942080,8964590,7691304960,23477767,-6.458863e-02,-2.957722e-02,3.557990e-08,8.451919e-06,8.578926e-06,1.188254e-02
641204224,8964688,7694450688,23487362,-6.460111e-02,-2.955782e-02,4.044365e-08,8.339520e-06,9.751660e-06,1.172452e-02
641466368,8964968,7697596416,23496684,-6.458587e-02,-2.954138e-02,3.454752e-08,8.244851e-06,8.330002e-06,1.159142e-02
641728512,8965231,7700742144,23506310,-6.461939e-02,-2.952760e-02,4.813188e-08,8.165853e-06,1.160543e-05,1.148036e-02
641990656,8965280,7703887872,23516032,-6.456412e-02,-2.954115e-02,2.693339e-08,8.243493e-06,6.494103e-06,1.158952e-02
642252800,8965339,7707033600,23525493,-6.453827e-02,-2.952508e-02,1.911800e-08,8.151477e-06,4.609680e-06,1.146015e-02
642514944,8965362,7710179328,23535102,-6.458959e-02,-2.960172e-02,3.594341e-08,8.594959e-06,8.666576e-06,1.208364e-02
642777088,8965410,7713325056,23544642,-6.462771e-02,-2.956284e-02,5.184940e-08,8.368548e-06,1.250178e-05,1.176533e-02
643039232,8965446,7716470784,23554426,-6.458826e-02,-2.955061e-02,3.543950e-08,8.297939e-06,8.545075e-06,1.166606e-02
643301376,8965500,7719616512,23564059,-6.457943e-02,-2.954700e-02,3.219596e-08,8.277112e-06,7.763001e-06,1.163678e-02
643563520,8965576,7722762240,23573737,-6.454615e-02,-2.958376e-02,2.135999e-08,8.489976e-06,5.150262e-06,1.193604e-02
643825664,8965588,7725907968,23583214,-6.458873e-02,-2.956573e-02,3.561926e-08,8.385228e-06,8.588418e-06,1.178878e-02
644087808,8965606,7729053696,23592755,-6.461175e-02,-2.953095e-02,4.483616e-08,8.185037e-06,1.081077e-05,1.150733e-02
644349952,8965610,7732199424,23602390,-6.467690e-02,-2.952446e-02,7.667407e-08,8.147968e-06,1.848744e-05,1.145522e-02
644612096,8965686,7735345152,23611989,-6.466224e-02,-2.948532e-02,6.876881e-08,7.926012e-06,1.658135e-05,1.114317e-02
644874240,8965920,7738490880,23621409,-6.468646e-02,-2.952945e-02,8.205929e-08,8.176459e-06,1.978591e-05,1.149527e-02
645136384,8966010,7741636608,23630989,-6.469638e-02,-2.953419e-02,8.783912e-08,8.203581e-06,2.117952e-05,1.153340e-02
645398528,8966193,7744782336,23640568,-6.467661e-02,-2.951328e-02,7.651323e-08,8.084259e-06,1.844866e-05,1.136565e-02
645660672,8966222,7747928064,23650148,-6.475592e-02,-2.954119e-02,1.266802e-07,8.243728e-06,3.054479e-05,1.158985e-02
645922816,8966228,7751073792,23659713,-6.468611e-02,-2.956535e-02,8.185879e-08,8.383071e-06,1.973756e-05,1.178575e-02
646184960,8966362,7754219520,23669272,-6.461913e-02,-2.955647e-02,4.801753e-08,8.331722e-06,1.157785e-05,1.171356e-02
646447104,8966399,7757365248,23678881,-6.457809e-02,-2.959319e-02,3.171649e-08,8.545065e-06,7.647392e-06,1.201349e-02
646709248,8966460,7760510976,23688735,-6.454180e-02,-2.956813e-02,2.010708e-08,8.399139e-06,4.848164e-06,1.180834e-02
646971392,8966533,7763656704,23698177,-6.454786e-02,-2.954441e-02,2.186163e-08,8.262210e-06,5.271214e-06,1.161583e-02
647233536,8966590,7766802432,23707782,-6.457509e-02,-2.952367e-02,3.065603e-08,8.143460e-06,7.391697e-06,1.144888e-02
647495680,8966596,7769948160,23717456,-6.460253e-02,-2.946358e-02,4.101805e-08,7.804080e-06,9.890158e-06,1.097174e-02
647757824,8966816,7773093888,23727140,-6.459034e-02,-2.948020e-02,3.622931e-08,7.897238e-06,8.735510e-06,1.110272e-02
648019968,8966851,7776239616,23736759,-6.456773e-02,-2.949376e-02,2.813250e-08,7.973625e-06,6.783232e-06,1.121011e-02
648282112,8966916,7779385344,23746365,-6.454688e-02,-2.950601e-02,2.157176e-08,8.042971e-06,5.201324e-06,1.130760e-02
648544256,8967090,7782531072,23755985,-6.451467e-02,-2.945405e-02,1.314793e-08,7.750919e-06,3.170193e-06,1.089701e-02
648806400,8967119,7785676800,23765640,-6.454553e-02,-2.936470e-02,2.117962e-08,7.261408e-06,5.106770e-06,1.020880e-02
649068544,8967597,7788822528,23775240,-6.454156e-02,-2.940061e-02,2.003742e-08,7.456250e-06,4.831367e-06,1.048273e-02
649330688,8967679,7791968256,23784809,-6.458216e-02,-2.947062e-02,3.318199e-08,7.843458e-06,8.000749e-06,1.102711e-02
649592832,8967748,7795113984,23794530,-6.457421e-02,-2.947971e-02,3.034894e-08,7.894454e-06,7.317653e-06,1.109880e-02
649854976,8967948,7798259712,23804064,-6.455807e-02,-2.948434e-02,2.498425e-08,7.920507e-06,6.024133e-06,1.113543e-02
650117120,8968316,7801405440,23813644,-6.454735e-02,-2.947513e-02,2.170987e-08,7.868736e-06,5.234622e-06,1.106265e-02
650379264,8968473,7804551168,23823160,-6.455399e-02,-2.943584e-02,2.371249e-08,7.649881e-06,5.717489e-06,1.075496e-02
650641408,8968500,7807696896,23832888,-6.455447e-02,-2.947337e-02,2.385957e-08,7.858906e-06,5.752954e-06,1.104882e-02
650903552,8968580,7810842624,23842232,-6.459402e-02,-2.945834e-02,3.764398e-08,7.774844e-06,9.076613e-06,1.093064e-02
651165696,8968660,7813988352,23851735,-6.461323e-02,-2.945756e-02,4.546625e-08,7.770513e-06,1.096270e-05,1.092455e-02
651427840,8968700,7817134080,23861370,-6.462729e-02,-2.946481e-02,5.165957e-08,7.810961e-06,1.245601e-05,1.098142e-02
651689984,8968745,7820279808,23870904,-6.458726e-02,-2.942477e-02,3.506460e-08,7.588780e-06,8.454679e-06,1.066905e-02
651952128,8968938,7823425536,23880406,-6.458478e-02,-2.941410e-02,3.414158e-08,7.530110e-06,8.232123e-06,1.058657e-02
652214272,8969474,7826571264,23889840,-6.456714e-02,-2.937656e-02,2.793540e-08,7.325484e-06,6.735707e-06,1.029889e-02
652476416,8970806,7829716992,23899453,-6.454585e-02,-2.940007e-02,2.127080e-08,7.453280e-06,5.128756e-06,1.047856e-02
652738560,8971318,7832862720,23909181,-6.452788e-02,-2.945909e-02,1.635375e-08,7.778999e-06,3.943169e-06,1.093648e-02
653000704,8971387,7836008448,23918696,-6.458113e-02,-2.945795e-02,3.280846e-08,7.772642e-06,7.910686e-06,1.092755e-02
653262848,8975138,7839154176,23928307,-6.456979e-02,-2.945776e-02,2.882908e-08,7.771603e-06,6.951187e-06,1.092609e-02
653524992,8980411,7842299904,23937719,-6.455457e-02,-2.940490e-02,2.389181e-08,7.479686e-06,5.760726e-06,1.051568e-02
653787136,8984760,7845445632,23947292,-6.456372e-02,-2.935828e-02,2.680393e-08,7.226826e-06,6.462889e-06,1.016018e-02
654049280,9054663,7848591360,23956848,-6.459153e-02,-2.931623e-02,3.668168e-08,7.002544e-06,8.844585e-06,9.844866e-03
654311424,9057995,7851737088,23966399,-6.459779e-02,-2.927137e-02,3.911816e-08,6.767146e-06,9.432063e-06,9.513922e-03
654573568,9084335,7854882816,23975828,-6.455214e-02,-2.927892e-02,2.314457e-08,6.806451e-06,5.580556e-06,9.569181e-03
654835712,9085476,7858028544,23985341,-6.454057e-02,-2.931498e-02,1.975995e-08,6.995931e-06,4.764465e-06,9.835569e-03
655097856,9085881,7861174272,23994885,-6.458886e-02,-2.930469e-02,3.566709e-08,6.941617e-06,8.599949e-06,9.759209e-03
655360000,9086075,7864320000,24004889,-6.457830e-02,-2.936172e-02,3.179083e-08,7.245345e-06,7.665318e-06,1.018622e-02
655622144,9086207,7867465728,24014391,-6.456617e-02,-2.930815e-02,2.761009e-08,6.959825e-06,6.657269e-06,9.784808e-03
655884288,9086629,7870611456,24023674,-6.451958e-02,-2.931969e-02,1.429803e-08,7.020872e-06,3.447501e-06,9.870633e-03
656146432,9086636,7873757184,24033364,-6.451228e-02,-2.935876e-02,1.260685e-08,7.229410e-06,3.039730e-06,1.016382e-02
656408576,9086723,7876902912,24043112,-6.444713e-02,-2.931675e-02,2.220758e-09,7.005275e-06,5.354631e-07,9.848705e-03
656670720,9086762,7880048640,24052775,-6.445599e-02,-2.931730e-02,3.134170e-09,7.008194e-06,7.557025e-07,9.852810e-03
656932864,9087025,7883194368,24062378,-6.441702e-02,-2.927201e-02,2.895826e-10,6.770442e-06,6.982334e-08,9.518554e-03
657195008,9087231,7886340096,24071996,-6.433190e-02,-2.930120e-02,4.637379e-09,6.923216e-06,1.118152e-06,9.733340e-03
657457152,9087239,7889485824,24081547,-6.425801e-02,-2.928047e-02,2.016206e-08,6.814560e-06,4.861419e-06,9.580579e-03
657719296,9087693,7892631552,24091078,-6.427947e-02,-2.932526e-02,1.452880e-08,7.050427e-06,3.503145e-06,9.912184e-03
657981440,9087902,7895777280,24100840,-6.431869e-02,-2.934431e-02,6.612233e-09,7.151952e-06,1.594323e-06,1.005492e-02
658243584,9088077,7898923008,24110471,-6.436802e-02,-2.936558e-02,1.023062e-09,7.266136e-06,2.466779e-07,1.021545e-02
658505728,9088219,7902068736,24119969,-6.437899e-02,-2.934086e-02,4.414469e-10,7.133493e-06,1.064404e-07,1.002897e-02
658767872,9088518,7905214464,24129465,-6.434584e-02,-2.935266e-02,2.933925e-09,7.196653e-06,7.074199e-07,1.011776e-02
659030016,9088848,7908360192,24139237,-6.434437e-02,-2.938553e-02,3.095085e-09,7.374123e-06,7.462783e-07,1.036727e-02
659292160,9088875,7911505920,24148906,-6.433585e-02,-2.941401e-02,4.116114e-09,7.529579e-06,9.924660e-07,1.058582e-02
659554304,9089065,7914651648,24158364,-6.430818e-02,-2.940329e-02,8.431088e-09,7.470896e-06,2.032881e-06,1.050332e-02
659816448,9089183,7917797376,24167941,-6.434413e-02,-2.937758e-02,3.121670e-09,7.331000e-06,7.526883e-07,1.030664e-02
660078592,9089336,7920943104,24177392,-6.431480e-02,-2.932958e-02,7.258595e-09,7.073354e-06,1.750172e-06,9.944419e-03
660340736,9089492,7924088832,24186976,-6.429239e-02,-2.936374e-02,1.157964e-08,7.256239e-06,2.792051e-06,1.020154e-02
660602880,9089776,7927234560,24196596,-6.428453e-02,-2.938703e-02,1.333483e-08,7.382268e-06,3.215258e-06,1.037872e-02
660865024,9089886,7930380288,24206188,-6.428073e-02,-2.948756e-02,1.422507e-08,7.938624e-06,3.429909e-06,1.116090e-02
661127168,9089917,7933526016,24215595,-6.426702e-02,-2.951328e-02,1.768314e-08,8.084227e-06,4.263709e-06,1.136560e-02
661389312,9090041,7936671744,24225241,-6.429731e-02,-2.948937e-02,1.054551e-08,7.948860e-06,2.542705e-06,1.117529e-02
661651456,9090108,7939817472,24235006,-6.424108e-02,-2.947960e-02,2.525585e-08,7.893878e-06,6.089620e-06,1.109799e-02
661913600,9090111,7942963200,24244491,-6.423126e-02,-2.947670e-02,2.847344e-08,7.877558e-06,6.865437e-06,1.107505e-02
662175744,9090174,7946108928,24254100,-6.428750e-02,-2.950529e-02,1.265710e-08,8.038862e-06,3.051844e-06,1.130182e-02
662437888,9090397,7949254656,24263816,-6.429369e-02,-2.952043e-02,1.130231e-08,8.124941e-06,2.725182e-06,1.142284e-02
662700032,9090471,7952400384,24273516,-6.423443e-02,-2.951123e-02,2.741483e-08,8.072569e-06,6.610188e-06,1.134921e-02
662962176,9090744,7955546112,24283097,-6.418902e-02,-2.957363e-02,4.451490e-08,8.431083e-06,1.073331e-05,1.185325e-02
663224320,9090889,7958691840,24292808,-6.418230e-02,-2.952933e-02,4.739589e-08,8.175788e-06,1.142796e-05,1.149433e-02
663486464,9091057,7961837568,24302273,-6.421269e-02,-2.948341e-02,3.508693e-08,7.915297e-06,8.460062e-06,1.112810e-02
663748608,9091106,7964983296,24311874,-6.424399e-02,-2.952808e-02,2.433841e-08,8.168621e-06,5.868409e-06,1.148425e-02
664010752,9091217,7968129024,24321566,-6.422991e-02,-2.950618e-02,2.893291e-08,8.043943e-06,6.976222e-06,1.130897e-02
664272896,9091342,7971274752,24331234,-6.420581e-02,-2.945338e-02,3.771051e-08,7.747228e-06,9.092652e-06,1.089182e-02
664535040,9091446,7974420480,24340374,-6.418553e-02,-2.950118e-02,4.599842e-08,8.015600e-06,1.109101e-05,1.126912e-02
664797184,9091508,7977566208,24349718,-6.425987e-02,-2.952719e-02,1.963656e-08,8.163554e-06,4.734714e-06,1.147713e-02
665059328,9091540,7980711936,24359282,-6.423590e-02,-2.953130e-02,2.693094e-08,8.187029e-06,6.493513e-06,1.151013e-02
665321472,9091610,7983857664,24369177,-6.423303e-02,-2.950982e-02,2.787815e-08,8.064570e-06,6.721902e-06,1.133797e-02
665583616,9091734,7987003392,24378552,-6.425768e-02,-2.945663e-02,2.025526e-08,7.765332e-06,4.883893e-06,1.091727e-02
665845760,9091905,7990149120,24388375,-6.424753e-02,-2.943116e-02,2.324897e-08,7.624030e-06,5.605727e-06,1.071861e-02
666107904,9092262,7993294848,24398098,-6.423929e-02,-2.942861e-02,2.582978e-08,7.609914e-06,6.228006e-06,1.069877e-02
666370048,9092321,7996440576,24407605,-6.419180e-02,-2.944338e-02,4.334994e-08,7.691626e-06,1.045242e-05,1.081365e-02
666632192,9092455,7999586304,24417374,-6.416223e-02,-2.947075e-02,5.653475e-08,7.844198e-06,1.363150e-05,1.102815e-02
666894336,9092786,8002732032,24426959,-6.420536e-02,-2.947747e-02,3.788723e-08,7.881878e-06,9.135263e-06,1.108112e-02
667156480,9093043,8005877760,24436470,-6.423941e-02,-2.954065e-02,2.579148e-08,8.240648e-06,6.218771e-06,1.158551e-02
667418624,9093056,8009023488,24445918,-6.423198e-02,-2.954634e-02,2.823006e-08,8.273329e-06,6.806754e-06,1.163146e-02
667680768,9093083,8012169216,24455537,-6.418219e-02,-2.948304e-02,4.744131e-08,7.913170e-06,1.143892e-05,1.112511e-02
667942912,9093364,8015314944,24465432,-6.414189e-02,-2.948047e-02,6.662101e-08,7.898725e-06,1.606347e-05,1.110481e-02
668205056,9093473,8018460672,24475211,-6.417494e-02,-2.945929e-02,5.065522e-08,7.780142e-06,1.221385e-05,1.093809e-02
668467200,9093805,8021606400,24485060,-6.420185e-02,-2.948864e-02,3.926271e-08,7.944744e-06,9.466914e-06,1.116950e-02
668729344,9093816,8024752128,24494586,-6.414332e-02,-2.950954e-02,6.588460e-08,8.062993e-06,1.588591e-05,1.133575e-02
668991488,9093876,8027897856,24504251,-6.419428e-02,-2.952950e-02,4.231989e-08,8.176768e-06,1.020405e-05,1.149571e-02
669253632,9094291,8031043584,24513955,-6.422601e-02,-2.960325e-02,3.027371e-08,8.603982e-06,7.299512e-06,1.209632e-02
669515776,9094502,8034189312,24523664,-6.425059e-02,-2.960824e-02,2.232453e-08,8.633237e-06,5.382828e-06,1.213745e-02
669777920,9094733,8037335040,24533300,-6.429640e-02,-2.961085e-02,1.073303e-08,8.648612e-06,2.587918e-06,1.215907e-02
670040064,9096475,8040480768,24542934,-6.425398e-02,-2.962019e-02,2.132299e-08,8.703651e-06,5.141339e-06,1.223645e-02
670302208,9149082,8043626496,24552618,-6.424673e-02,-2.962047e-02,2.349272e-08,8.705289e-06,5.664499e-06,1.223875e-02
670564352,9149585,8046772224,24562352,-6.424298e-02,-2.963331e-02,2.465559e-08,8.781229e-06,5.944887e-06,1.234552e-02
670826496,9165467,8049917952,24571764,-6.421953e-02,-2.960650e-02,3.256869e-08,8.623049e-06,7.852871e-06,1.212313e-02
671088640,9166135,8053063680,24581358,-6.424654e-02,-2.965505e-02,2.355214e-08,8.910507e-06,5.678827e-06,1.252727e-02
671350784,9409083,8056209408,24590930,-6.425179e-02,-2.963586e-02,2.196751e-08,8.796326e-06,5.296744e-06,1.236674e-02
671612928,9409345,8059355136,24600590,-6.423403e-02,-2.957000e-02,2.754575e-08,8.410026e-06,6.641755e-06,1.182364e-02
671875072,9410457,8062500864,24610319,-6.425044e-02,-2.958340e-02,2.236908e-08,8.487903e-06,5.393570e-06,1.193313e-02
672137216,9410611,8065646592,24620068,-6.425518e-02,-2.964012e-02,2.097410e-08,8.821601e-06,5.057217e-06,1.240228e-02
672399360,9410856,8068792320,24629659,-6.430887e-02,-2.963570e-02,8.305680e-09,8.795387e-06,2.002642e-06,1.236542e-02
672661504,9411306,8071938048,24639271,-6.434485e-02,-2.963897e-02,3.041434e-09,8.814809e-06,7.333421e-07,1.239273e-02
672923648,9411924,8075083776,24648775,-6.436149e-02,-2.962853e-02,1.483178e-09,8.752892e-06,3.576197e-07,1.230568e-02
673185792,9412012,8078229504,24658591,-6.439449e-02,-2.960002e-02,3.039791e-11,8.585001e-06,7.329458e-09,1.206964e-02
673447936,9412147,8081375232,24668229,-6.442158e-02,-2.963132e-02,4.655618e-10,8.769432e-06,1.122550e-07,1.232893e-02
673710080,9412153,8084520960,24677918,-6.442479e-02,-2.968014e-02,6.144490e-10,9.060936e-06,1.481542e-07,1.273876e-02
673972224,9412308,8087666688,24687693,-6.443041e-02,-2.965371e-02,9.245139e-10,8.902513e-06,2.229162e-07,1.251603e-02
674234368,9412328,8090812416,24697197,-6.440137e-02,-2.965613e-02,1.859013e-12,8.916991e-06,4.482400e-10,1.253639e-02
674496512,9412473,8093958144,24706977,-6.441502e-02,-2.972468e-02,2.256115e-10,9.331095e-06,5.439882e-08,1.311857e-02
674758656,9412547,8097103872,24716703,-6.441320e-02,-2.973995e-02,1.743041e-10,9.424606e-06,4.202773e-08,1.325004e-02
675020800,9412965,8100249600,24726278,-6.439678e-02,-2.972312e-02,1.040773e-11,9.321527e-06,2.509483e-09,1.310512e-02
675282944,9413008,8103395328,24735900,-6.439861e-02,-2.968938e-02,1.941169e-12,9.116686e-06,4.680494e-10,1.281714e-02
675545088,9413075,8106541056,24745417,-6.447712e-02,-2.961386e-02,5.947642e-09,8.666336e-06,1.434079e-06,1.218399e-02
675807232,9413150,8109686784,24755109,-6.451720e-02,-2.958986e-02,1.373528e-08,8.525572e-06,3.311814e-06,1.198609e-02
676069376,9413256,8112832512,24764604,-6.449038e-02,-2.957999e-02,8.167738e-09,8.468020e-06,1.969383e-06,1.190518e-02
676331520,9413273,8115978240,24774335,-6.454901e-02,-2.953051e-02,2.220446e-08,8.182500e-06,5.353878e-06,1.150377e-02
676593664,9413284,8119123968,24784158,-6.449278e-02,-2.951659e-02,8.607132e-09,8.103060e-06,2.075328e-06,1.139208e-02
676855808,9413381,8122269696,24793831,-6.444239e-02,-2.952258e-02,1.796603e-09,8.137189e-06,4.331919e-07,1.144006e-02
677117952,9413402,8125415424,24803459,-6.442585e-02,-2.956917e-02,6.680190e-10,8.405186e-06,1.610709e-07,1.181684e-02
677380096,9413506,8128561152,24812810,-6.443261e-02,-2.956558e-02,1.063490e-09,8.384387e-06,2.564257e-07,1.178760e-02
677642240,9413522,8131706880,24822381,-6.446670e-02,-2.956713e-02,4.448570e-09,8.393354e-06,1.072627e-06,1.180020e-02
677904384,9413589,8134852608,24831973,-6.446140e-02,-2.959387e-02,3.769074e-09,8.549040e-06,9.087886e-07,1.201908e-02
678166528,9413613,8137998336,24841644,-6.443679e-02,-2.954792e-02,1.353575e-09,8.282418e-06,3.263703e-07,1.164424e-02
678428672,9413888,8141144064,24851320,-6.442928e-02,-2.949461e-02,8.573642e-10,7.978422e-06,2.067253e-07,1.121685e-02
678690816,9413931,8144289792,24860957,-6.447494e-02,-2.949239e-02,5.615695e-09,7.965916e-06,1.354041e-06,1.119927e-02
678952960,9413946,8147435520,24870629,-6.447770e-02,-2.947560e-02,6.036459e-09,7.871412e-06,1.455494e-06,1.106641e-02
679215104,9413976,8150581248,24880078,-6.454992e-02,-2.943513e-02,2.247618e-08,7.645925e-06,5.419394e-06,1.074939e-02
679477248,9414061,8153726976,24889885,-6.456271e-02,-2.944018e-02,2.647317e-08,7.673876e-06,6.383138e-06,1.078869e-02
679739392,9414254,8156872704,24899438,-6.458011e-02,-2.943594e-02,3.243705e-08,7.650438e-06,7.821131e-06,1.075574e-02
680001536,9414306,8160018432,24909260,-6.451399e-02,-2.946520e-02,1.299291e-08,7.813127e-06,3.132814e-06,1.098446e-02
680263680,9414456,8163164160,24918845,-6.452201e-02,-2.945445e-02,1.488479e-08,7.753149e-06,3.588980e-06,1.090014e-02
680525824,9414509,8166309888,24928525,-6.445839e-02,-2.944008e-02,3.409415e-09,7.673319e-06,8.220687e-07,1.078791e-02
680787968,9414615,8169455616,24937952,-6.445742e-02,-2.939364e-02,3.296387e-09,7.418214e-06,7.948158e-07,1.042926e-02
681050112,9414729,8172601344,24947329,-6.443094e-02,-2.938200e-02,9.569625e-10,7.354965e-06,2.307401e-07,1.034033e-02
681312256,9414912,8175747072,24956986,-6.443634e-02,-2.932720e-02,1.320340e-09,7.060698e-06,3.183567e-07,9.926625e-03
681574400,9415020,8178892800,24966662,-6.439695e-02,-2.932007e-02,9.331425e-12,7.022856e-06,2.249967e-09,9.873423e-03
681836544,9415128,8182038528,24976317,-6.438845e-02,-2.926893e-02,1.333655e-10,6.754438e-06,3.215673e-08,9.496055e-03
682098688,9415155,8185184256,24986010,-6.435014e-02,-2.918738e-02,2.486691e-09,6.337201e-06,5.995842e-07,8.909462e-03
682360832,9415192,8188329984,24995440,-6.440162e-02,-2.924004e-02,2.613965e-12,6.605099e-06,6.302719e-10,9.286099e-03
682622976,9415676,8191475712,25005130,-6.443824e-02,-2.929424e-02,1.462021e-09,6.886625e-06,3.525184e-07,9.681895e-03
682885120,9415747,8194621440,25014624,-6.443302e-02,-2.927003e-02,1.089893e-09,6.760151e-06,2.627919e-07,9.504087e-03
683147264,9415801,8197767168,25023964,-6.446539e-02,-2.925041e-02,4.275368e-09,6.658534e-06,1.030865e-06,9.361224e-03
683409408,9415902,8200912896,25033563,-6.442444e-02,-2.923426e-02,5.972112e-10,6.575423e-06,1.439979e-07,9.244379e-03
683671552,9416185,8204058624,25043237,-6.440515e-02,-2.926372e-02,2.650552e-11,6.727375e-06,6.390938e-09,9.458007e-03
683933696,9416596,8207204352,25052924,-6.442368e-02,-2.925254e-02,5.606451e-10,6.669497e-06,1.351812e-07,9.376637e-03
684195840,9416701,8210350080,25062612,-6.444912e-02,-2.920801e-02,2.412939e-09,6.441478e-06,5.818012e-07,9.056065e-03
684457984,9416708,8213495808,25072151,-6.448378e-02,-2.921695e-02,7.019386e-09,6.486979e-06,1.692495e-06,9.120035e-03
684720128,9416833,8216641536,25081848,-6.444135e-02,-2.919774e-02,1.709882e-09,6.389450e-06,4.122820e-07,8.982919e-03
684982272,9416864,8219787264,25091134,-6.443276e-02,-2.919463e-02,1.072743e-09,6.373743e-06,2.586568e-07,8.960837e-03
685244416,9416887,8222932992,25100923,-6.443834e-02,-2.922009e-02,1.469437e-09,6.502939e-06,3.543066e-07,9.142471e-03
685506560,9417302,8226078720,25110462,-6.444870e-02,-2.924748e-02,2.371397e-09,6.643384e-06,5.717847e-07,9.339923e-03
685768704,9417735,8229224448,25120345,-6.443663e-02,-2.920313e-02,1.341541e-09,6.416768e-06,3.234686e-07,9.021325e-03
686030848,9418911,8232370176,25129970,-6.444135e-02,-2.919130e-02,1.709266e-09,6.356938e-06,4.121335e-07,8.937210e-03
686292992,9418983,8235515904,25139667,-6.439453e-02,-2.923208e-02,2.990697e-11,6.564242e-06,7.211084e-09,9.228659e-03
686555136,9419773,8238661632,25149071,-6.441391e-02,-2.922761e-02,1.934946e-10,6.541365e-06,4.665488e-08,9.196496e-03
686817280,9423279,8241807360,25158698,-6.443091e-02,-2.923227e-02,9.551195e-10,6.565206e-06,2.302958e-07,9.230015e-03
687079424,9428952,8244953088,25168155,-6.443965e-02,-2.922533e-02,1.572280e-09,6.529699e-06,3.791039e-07,9.180093e-03
687341568,9433563,8248098816,25177955,-6.442849e-02,-2.923272e-02,8.117382e-10,6.567526e-06,1.957241e-07,9.233274e-03
687603712,9502361,8251244544,25187575,-6.444938e-02,-2.923682e-02,2.437890e-09,6.588584e-06,5.878174e-07,9.262880e-03
687865856,9506302,8254390272,25197214,-6.442925e-02,-2.921251e-02,8.556198e-10,6.464360e-06,2.063047e-07,9.088235e-03
688128000,9538596,8257536000,25206767,-6.447645e-02,-2.923742e-02,5.843526e-09,6.591654e-06,1.408975e-06,9.267196e-03
688390144,9539691,8260681728,25216483,-6.445938e-02,-2.924511e-02,3.525233e-09,6.631214e-06,8.499945e-07,9.322814e-03
688652288,9540453,8263827456,25226139,-6.449859e-02,-2.921372e-02,9.719216e-09,6.470537e-06,2.343470e-06,9.096920e-03
688914432,9540592,8266973184,25235818,-6.450448e-02,-2.921026e-02,1.091596e-08,6.452943e-06,2.632027e-06,9.072183e-03
689176576,9540652,8270118912,25245193,-6.453457e-02,-2.925446e-02,1.810772e-08,6.679410e-06,4.366084e-06,9.390573e-03
689438720,9541053,8273264640,25254850,-6.448876e-02,-2.921398e-02,7.878119e-09,6.471826e-06,1.899550e-06,9.098730e-03
689700864,9541056,8276410368,25264347,-6.453245e-02,-2.925062e-02,1.754273e-08,6.659592e-06,4.229855e-06,9.362711e-03
689963008,9541145,8279556096,25274058,-6.452007e-02,-2.925135e-02,1.441587e-08,6.663351e-06,3.475914e-06,9.367996e-03
690225152,9541219,8282701824,25283636,-6.454194e-02,-2.923861e-02,2.014514e-08,6.597738e-06,4.857339e-06,9.275750e-03
690487296,9541303,8285847552,25293272,-6.454922e-02,-2.924379e-02,2.226445e-08,6.624395e-06,5.368343e-06,9.313227e-03
690749440,9541431,8288993280,25302941,-6.453212e-02,-2.923783e-02,1.745403e-08,6.593777e-06,4.208467e-06,9.270182e-03
691011584,9541620,8292139008,25312425,-6.451128e-02,-2.921941e-02,1.238200e-08,6.499510e-06,2.985513e-06,9.137651e-03
691273728,9541956,8295284736,25321798,-6.458782e-02,-2.916856e-02,3.527699e-08,6.242828e-06,8.505889e-06,8.776783e-03
691535872,9542231,8298430464,25331355,-6.461994e-02,-2.916514e-02,4.837083e-08,6.225714e-06,1.166304e-05,8.752721e-03
691798016,9542489,8301576192,25340940,-6.458554e-02,-2.921892e-02,3.442576e-08,6.497003e-06,8.300644e-06,9.134127e-03
692060160,9542888,8304721920,25350467,-6.460424e-02,-2.920335e-02,4.171206e-08,6.417863e-06,1.005750e-05,9.022864e-03
692322304,9542966,8307867648,25359851,-6.461030e-02,-2.927860e-02,4.422613e-08,6.804818e-06,1.066368e-05,9.566885e-03
692584448,9543337,8311013376,25369538,-6.460191e-02,-2.929240e-02,4.076493e-08,6.876999e-06,9.829128e-06,9.668362e-03
692846592,9543356,8314159104,25379286,-6.459244e-02,-2.929641e-02,3.703355e-08,6.898038e-06,8.929428e-06,9.697942e-03
693108736,9543491,8317304832,25389165,-6.460807e-02,-2.927267e-02,4.329101e-08,6.773893e-06,1.043821e-05,9.523407e-03
693370880,9543751,8320450560,25398744,-6.460855e-02,-2.921495e-02,4.349277e-08,6.476765e-06,1.048686e-05,9.105674e-03
693633024,9543915,8323596288,25408394,-6.460498e-02,-2.924902e-02,4.201695e-08,6.651336e-06,1.013101e-05,9.351104e-03
693895168,9544021,8326742016,25417854,-6.463179e-02,-2.921606e-02,5.372548e-08,6.482435e-06,1.295414e-05,9.113647e-03
694157312,9544102,8329887744,25427522,-6.467162e-02,-2.923109e-02,7.377653e-08,6.559185e-06,1.778879e-05,9.221548e-03
694419456,9544200,8333033472,25437057,-6.462542e-02,-2.929327e-02,5.081297e-08,6.881542e-06,1.225188e-05,9.674750e-03
694681600,9544310,8336179200,25446731,-6.459709e-02,-2.925914e-02,3.884455e-08,6.703646e-06,9.366089e-06,9.424646e-03
694943744,9544318,8339324928,25456076,-6.459761e-02,-2.926713e-02,3.905040e-08,6.745069e-06,9.415725e-06,9.482883e-03
695205888,9544421,8342470656,25465873,-6.460868e-02,-2.924114e-02,4.354562e-08,6.610758e-06,1.049960e-05,9.294056e-03
695468032,9544501,8345616384,25475590,-6.461155e-02,-2.924762e-02,4.475416e-08,6.644113e-06,1.079100e-05,9.340949e-03
695730176,9544525,8348762112,25484987,-6.461247e-02,-2.925053e-02,4.514274e-08,6.659150e-06,1.088469e-05,9.362089e-03
695992320,9544720,8351907840,25494689,-6.457032e-02,-2.926674e-02,2.900899e-08,6.743086e-06,6.994569e-06,9.480095e-03
696254464,9544931,8355053568,25504327,-6.459400e-02,-2.925136e-02,3.763531e-08,6.663428e-06,9.074521e-06,9.368104e-03
696516608,9545295,8358199296,25513860,-6.451792e-02,-2.927805e-02,1.390345e-08,6.801923e-06,3.352361e-06,9.562814e-03
696778752,9545372,8361345024,25523619,-6.453207e-02,-2.930298e-02,1.744222e-08,6.932570e-06,4.205619e-06,9.746490e-03
697040896,9545393,8364490752,25533197,-6.452329e-02,-2.929427e-02,1.519913e-08,6.886781e-06,3.664772e-06,9.682115e-03
697303040,9545597,8367636480,25542471,-6.454114e-02,-2.936930e-02,1.991947e-08,7.286234e-06,4.802926e-06,1.024371e-02
697565184,9545841,8370782208,25552144,-6.457399e-02,-2.940500e-02,3.027111e-08,7.480216e-06,7.298887e-06,1.051642e-02
697827328,9545862,8373927936,25561722,-6.459351e-02,-2.943477e-02,3.744476e-08,7.643947e-06,9.028576e-06,1.074661e-02
698089472,9546056,8377073664,25571300,-6.462552e-02,-2.939133e-02,5.085664e-08,7.405638e-06,1.226241e-05,1.041157e-02
698351616,9546063,8380219392,25581064,-6.455977e-02,-2.937927e-02,2.552415e-08,7.340131e-06,6.154312e-06,1.031948e-02
698613760,9546065,8383365120,25590522,-6.461460e-02,-2.936793e-02,4.605276e-08,7.278845e-06,1.110411e-05,1.023332e-02
698875904,9546245,8386510848,25600121,-6.460543e-02,-2.934870e-02,4.220042e-08,7.175443e-06,1.017525e-05,1.008794e-02
699138048,9546331,8389656576,25609545,-6.460711e-02,-2.935975e-02,4.289198e-08,7.234760e-06,1.034199e-05,1.017134e-02
699400192,9546427,8392802304,25619004,-6.460465e-02,-2.934896e-02,4.188266e-08,7.176830e-06,1.009863e-05,1.008989e-02
699662336,9546701,8395948032,25628682,-6.453006e-02,-2.937535e-02,1.691491e-08,7.318932e-06,4.078477e-06,1.028968e-02
699924480,9546979,8399093760,25638201,-6.457202e-02,-2.939340e-02,2.959054e-08,7.416885e-06,7.134789e-06,1.042739e-02
700186624,9547001,8402239488,25647892,-6.452999e-02,-2.939171e-02,1.689747e-08,7.407686e-06,4.074271e-06,1.041446e-02
700448768,9547002,8405385216,25657442,-6.452294e-02,-2.942901e-02,1.511474e-08,7.612144e-06,3.644425e-06,1.070190e-02
700710912,9547483,8408530944,25667126,-6.451989e-02,-2.944764e-02,1.437296e-08,7.715304e-06,3.465569e-06,1.084693e-02
700973056,9547674,8411676672,25676547,-6.456128e-02,-2.946472e-02,2.600971e-08,7.810482e-06,6.271389e-06,1.098074e-02
701235200,9547708,8414822400,25685987,-6.452692e-02,-2.946325e-02,1.610696e-08,7.802229e-06,3.883665e-06,1.096914e-02
701497344,9547987,8417968128,25695736,-6.454176e-02,-2.946538e-02,2.009441e-08,7.814178e-06,4.845108e-06,1.098594e-02
701759488,9548133,8421113856,25705228,-6.454453e-02,-2.949012e-02,2.088787e-08,7.953073e-06,5.036425e-06,1.118121e-02
702021632,9548389,8424259584,25714726,-6.458953e-02,-2.948664e-02,3.592081e-08,7.933460e-06,8.661127e-06,1.115364e-02
702283776,9548438,8427405312,25724364,-6.457925e-02,-2.948405e-02,3.212915e-08,7.918860e-06,7.746892e-06,1.113311e-02
702545920,9548456,8430551040,25734041,-6.456617e-02,-2.948619e-02,2.761257e-08,7.930910e-06,6.657866e-06,1.115006e-02
702808064,9548755,8433696768,25743477,-6.456731e-02,-2.952787e-02,2.799272e-08,8.167440e-06,6.749525e-06,1.148259e-02
703070208,9549325,8436842496,25753168,-6.454216e-02,-2.950038e-02,2.020863e-08,8.011044e-06,4.872650e-06,1.126271e-02
703332352,9549573,8439988224,25762835,-6.459475e-02,-2.947776e-02,3.792494e-08,7.883499e-06,9.144358e-06,1.108340e-02
703594496,9551404,8443133952,25772487,-6.457151e-02,-2.947298e-02,2.941649e-08,7.856672e-06,7.092823e-06,1.104568e-02
703856640,9603719,8446279680,25781927,-6.451142e-02,-2.947867e-02,1.241352e-08,7.888635e-06,2.993114e-06,1.109062e-02
704118784,9604640,8449425408,25791406,-6.456006e-02,-2.946661e-02,2.561947e-08,7.821053e-06,6.177294e-06,1.099561e-02
704380928,9623588,8452571136,25801016,-6.451456e-02,-2.944953e-02,1.312232e-08,7.725799e-06,3.164017e-06,1.086169e-02
704643072,9624289,8455716864,25810679,-6.453821e-02,-2.943520e-02,1.910153e-08,7.646358e-06,4.605707e-06,1.075000e-02
704905216,9856760,8458862592,25820186,-6.461085e-02,-2.937986e-02,4.445833e-08,7.343361e-06,1.071967e-05,1.032402e-02
705167360,9857255,8462008320,25829700,-6.460777e-02,-2.938732e-02,4.316708e-08,7.383837e-06,1.040833e-05,1.038093e-02
705429504,9858421,8465154048,25839237,-6.456755e-02,-2.936871e-02,2.807255e-08,7.283057e-06,6.768776e-06,1.023924e-02
705691648,9858473,8468299776,25848805,-6.454109e-02,-2.938062e-02,1.990685e-08,7.347481e-06,4.799885e-06,1.032981e-02
705953792,9858769,8471445504,25858497,-6.454024e-02,-2.945077e-02,1.966790e-08,7.732677e-06,4.742269e-06,1.087136e-02
706215936,9859190,8474591232,25868021,-6.449777e-02,-2.948363e-02,9.558292e-09,7.916492e-06,2.304669e-06,1.112978e-02
706478080,9859824,8477736960,25877720,-6.446788e-02,-2.951769e-02,4.607998e-09,8.109360e-06,1.111068e-06,1.140094e-02
706740224,9859900,8480882688,25887435,-6.445875e-02,-2.953217e-02,3.451307e-09,8.191998e-06,8.321696e-07,1.151712e-02
707002368,9860074,8484028416,25897043,-6.445265e-02,-2.949169e-02,2.771581e-09,7.961942e-06,6.682758e-07,1.119368e-02
707264512,9860128,8487174144,25906827,-6.442309e-02,-2.946034e-02,5.331180e-10,7.786004e-06,1.285439e-07,1.094633e-02
707526656,9860196,8490319872,25916330,-6.437267e-02,-2.943401e-02,7.468595e-10,7.639776e-06,1.800807e-07,1.074075e-02
707788800,9860241,8493465600,25925831,-6.440806e-02,-2.941108e-02,6.486817e-11,7.513508e-06,1.564083e-08,1.056323e-02
708050944,9860506,8496611328,25935208,-6.442470e-02,-2.945567e-02,6.100245e-10,7.759945e-06,1.470874e-07,1.090970e-02
708313088,9860601,8499757056,25944659,-6.444059e-02,-2.944770e-02,1.647005e-09,7.715604e-06,3.971213e-07,1.084736e-02
708575232,9860897,8502902784,25954407,-6.445290e-02,-2.947968e-02,2.798317e-09,7.894287e-06,6.747225e-07,1.109856e-02
708837376,9860957,8506048512,25963839,-6.442675e-02,-2.942915e-02,7.154333e-10,7.612894e-06,1.725033e-07,1.070296e-02
709099520,9860999,8509194240,25973539,-6.443379e-02,-2.943615e-02,1.141655e-09,7.651592e-06,2.752726e-07,1.075736e-02
709361664,9861134,8512339968,25983037,-6.438474e-02,-2.944269e-02,2.328306e-10,7.687824e-06,5.613948e-08,1.080830e-02
709623808,9861205,8515485696,25992708,-6.433865e-02,-2.948024e-02,3.763587e-09,7.897458e-06,9.074657e-07,1.110303e-02
709885952,9861215,8518631424,26002243,-6.436883e-02,-2.947696e-02,9.717702e-10,7.879002e-06,2.343105e-07,1.107708e-02
710148096,9861366,8521777152,26011644,-6.435623e-02,-2.945348e-02,1.916002e-09,7.747787e-06,4.619811e-07,1.089260e-02
710410240,9861445,8524922880,26021479,-6.440414e-02,-2.947953e-02,1.709882e-11,7.893481e-06,4.122820e-09,1.109743e-02
710672384,9861477,8528068608,26031185,-6.438233e-02,-2.948854e-02,3.123271e-10,7.944166e-06,7.530743e-08,1.116869e-02
710934528,9861556,8531214336,26040838,-6.441544e-02,-2.950772e-02,2.383196e-10,8.052641e-06,5.746296e-08,1.132120e-02
711196672,9861570,8534360064,26050601,-6.441160e-02,-2.947913e-02,1.345729e-10,7.891220e-06,3.244783e-08,1.109425e-02
711458816,9861609,8537505792,26060237,-6.445244e-02,-2.951479e-02,2.749659e-09,8.092830e-06,6.629900e-07,1.137770e-02
711720960,9861612,8540651520,26069862,-6.443160e-02,-2.948289e-02,9.984280e-10,7.912373e-06,2.407382e-07,1.112399e-02
711983104,9861909,8543797248,26079478,-6.438642e-02,-2.951046e-02,1.844818e-10,8.068220e-06,4.448174e-08,1.134310e-02
712245248,9861912,8546942976,26089208,-6.440595e-02,-2.953758e-02,3.534972e-11,8.222991e-06,8.523426e-09,1.156069e-02
712507392,9861932,8550088704,26098723,-6.437939e-02,-2.956456e-02,4.247023e-10,8.378455e-06,1.024030e-07,1.177926e-02
712769536,9862051,8553234432,26108191,-6.433970e-02,-2.957782e-02,3.635794e-09,8.455429e-06,8.766526e-07,1.188747e-02
713031680,9862110,8556380160,26117714,-6.434988e-02,-2.955564e-02,2.512020e-09,8.326895e-06,6.056912e-07,1.170677e-02
713293824,9862304,8559525888,26127364,-6.441502e-02,-2.956158e-02,2.253878e-10,8.361222e-06,5.434487e-08,1.175503e-02
713555968,9862330,8562671616,26136918,-6.446750e-02,-2.954114e-02,4.555549e-09,8.243439e-06,1.098422e-06,1.158944e-02
713818112,9862341,8565817344,26146447,-6.445097e-02,-2.951334e-02,2.597882e-09,8.084588e-06,6.263941e-07,1.136611e-02
714080256,9862649,8568963072,26155910,-6.446459e-02,-2.951608e-02,4.171750e-09,8.100176e-06,1.005881e-06,1.138803e-02
714342400,9862844,8572108800,26165606,-6.449294e-02,-2.955527e-02,8.637572e-09,8.324810e-06,2.082667e-06,1.170384e-02
714604544,9862878,8575254528,26175221,-6.448270e-02,-2.958177e-02,6.839529e-09,8.478409e-06,1.649128e-06,1.191978e-02
714866688,9863169,8578400256,26184760,-6.447157e-02,-2.956888e-02,5.121238e-09,8.403512e-06,1.234819e-06,1.181449e-02
715128832,9863186,8581545984,26194373,-6.449364e-02,-2.957904e-02,8.768243e-09,8.462514e-06,2.114174e-06,1.189744e-02
715390976,9863226,8584691712,26203984,-6.447777e-02,-2.955804e-02,6.048042e-09,8.340800e-06,1.458287e-06,1.172632e-02
715653120,9863306,8587837440,26213730,-6.448612e-02,-2.953969e-02,7.416872e-09,8.235141e-06,1.788336e-06,1.157777e-02
715915264,9863349,8590983168,26223495,-6.445467e-02,-2.954639e-02,2.988252e-09,8.273597e-06,7.205192e-07,1.163184e-02
716177408,9864013,8594128896,26233058,-6.445180e-02,-2.952108e-02,2.682871e-09,8.128647e-06,6.468863e-07,1.142805e-02
716439552,9864158,8597274624,26242532,-6.448814e-02,-2.947570e-02,7.768724e-09,7.871977e-06,1.873173e-06,1.106720e-02
716701696,9864175,8600420352,26251967,-6.450433e-02,-2.951572e-02,1.088329e-08,8.098130e-06,2.624150e-06,1.138515e-02
716963840,9864196,8603566080,26261444,-6.448033e-02,-2.953224e-02,6.452059e-09,8.192445e-06,1.555703e-06,1.151775e-02
717225984,9864360,8606711808,26270822,-6.441944e-02,-2.955369e-02,3.778578e-10,8.315644e-06,9.110803e-08,1.169095e-02
717488128,9864839,8609857536,26280271,-6.440715e-02,-2.949917e-02,5.115908e-11,8.004181e-06,1.233534e-08,1.125307e-02
717750272,9864926,8613003264,26289757,-6.445129e-02,-2.948408e-02,2.630643e-09,7.919039e-06,6.342934e-07,1.113337e-02
718012416,9864988,8616148992,26299362,-6.442707e-02,-2.946746e-02,7.326744e-10,7.825784e-06,1.766604e-07,1.100226e-02
718274560,9865002,8619294720,26309107,-6.448103e-02,-2.949737e-02,6.566268e-09,7.994014e-06,1.583240e-06,1.123877e-02
718536704,9865006,8622440448,26318796,-6.442111e-02,-2.948459e-02,4.455263e-10,7.921901e-06,1.074241e-07,1.113739e-02
718798848,9865383,8625586176,26328297,-6.438567e-02,-2.952525e-02,2.054898e-10,8.152467e-06,4.954714e-08,1.146154e-02
719060992,9865687,8628731904,26337912,-6.439313e-02,-2.955639e-02,4.729156e-11,8.331228e-06,1.140281e-08,1.171286e-02
719323136,9866328,8631877632,26347497,-6.444637e-02,-2.952093e-02,2.150401e-09,8.127777e-06,5.184987e-07,1.142683e-02
719585280,9866754,8635023360,26357074,-6.448609e-02,-2.953724e-02,7.411739e-09,8.221046e-06,1.787098e-06,1.155796e-02
719847424,9867179,8638169088,26366564,-6.446423e-02,-2.957001e-02,4.124723e-09,8.410079e-06,9.945417e-07,1.182372e-02
720109568,9868234,8641314816,26376276,-6.447400e-02,-2.960259e-02,5.475877e-09,8.600081e-06,1.320328e-06,1.209084e-02
720371712,9871767,8644460544,26385807,-6.448489e-02,-2.964391e-02,7.206637e-09,8.844166e-06,1.737644e-06,1.243400e-02
720633856,9877466,8647606272,26395432,-6.446269e-02,-2.966156e-02,3.929934e-09,8.949459e-06,9.475748e-07,1.258203e-02
720896000,9882533,8650752000,26404902,-6.443740e-02,-2.969053e-02,1.398346e-09,9.123582e-06,3.371653e-07,1.282683e-02
721158144,9950356,8653897728,26414475,-6.441361e-02,-2.971993e-02,1.852923e-10,9.302076e-06,4.467716e-08,1.307778e-02
721420288,9954671,8657043456,26424270,-6.438701e-02,-2.975960e-02,1.688392e-10,9.545647e-06,4.071003e-08,1.342021e-02
721682432,9993048,8660189184,26433949,-6.443023e-02,-2.972528e-02,9.136719e-10,9.334725e-06,2.203020e-07,1.312368e-02
721944576,9994163,8663334912,26443841,-6.439426e-02,-2.970703e-02,3.299810e-11,9.223528e-06,7.956411e-09,1.296734e-02
722206720,9995191,8666480640,26453355,-6.439818e-02,-2.970190e-02,3.332057e-12,9.192441e-06,8.034163e-10,1.292364e-02
722468864,9995227,8669626368,26462964,-6.434380e-02,-2.971533e-02,3.159247e-09,9.274057e-06,7.617489e-07,1.303838e-02
722731008,9995277,8672772096,26472417,-6.436396e-02,-2.973755e-02,1.299308e-09,9.409870e-06,3.132854e-07,1.322932e-02
722993152,9995656,8675917824,26482074,-6.436731e-02,-2.970786e-02,1.068842e-09,9.228575e-06,2.577162e-07,1.297444e-02
723255296,9995679,8679063552,26491616,-6.434844e-02,-2.969717e-02,2.658997e-09,9.163752e-06,6.411300e-07,1.288331e-02
723517440,9995807,8682209280,26501244,-6.436486e-02,-2.971276e-02,1.235128e-09,9.258385e-06,2.978106e-07,1.301635e-02
723779584,9995837,8685355008,26510789,-6.436382e-02,-2.971365e-02,1.308994e-09,9.263804e-06,3.156210e-07,1.302397e-02
724041728,9995984,8688500736,26520244,-6.435683e-02,-2.970498e-02,1.864177e-09,9.211087e-06,4.494852e-07,1.294985e-02
724303872,9996054,8691646464,26529627,-6.439744e-02,-2.975090e-02,6.568968e-12,9.491950e-06,1.583891e-09,1.334472e-02
724566016,9996187,8694792192,26539399,-6.434980e-02,-2.977674e-02,2.520242e-09,9.651818e-06,6.076738e-07,1.356948e-02
724828160,9996462,8697937920,26548878,-6.433081e-02,-2.974115e-02,4.787746e-09,9.431961e-06,1.154408e-06,1.326038e-02
725090304,9996616,8701083648,26558210,-6.434420e-02,-2.974114e-02,3.114181e-09,9.431927e-06,7.508827e-07,1.326033e-02
725352448,9997297,8704229376,26567899,-6.426038e-02,-2.971845e-02,1.949483e-08,9.293046e-06,4.700539e-06,1.306508e-02
725614592,9997637,8707375104,26577464,-6.427522e-02,-2.973762e-02,1.557063e-08,9.410271e-06,3.754347e-06,1.322989e-02
725876736,9997932,8710520832,26586922,-6.425216e-02,-2.974172e-02,2.185722e-08,9.435474e-06,5.270152e-06,1.326532e-02
726138880,9998065,8713666560,26596342,-6.425038e-02,-2.973275e-02,2.238691e-08,9.380410e-06,5.397869e-06,1.318791e-02
726401024,9998107,8716812288,26605946,-6.420366e-02,-2.967109e-02,3.854849e-08,9.006564e-06,9.294706e-06,1.266231e-02
726663168,9998214,8719958016,26615590,-6.419657e-02,-2.967708e-02,4.138403e-08,9.042521e-06,9.978402e-06,1.271287e-02
726925312,9998459,8723103744,26625230,-6.419774e-02,-2.972247e-02,4.090948e-08,9.317547e-06,9.863979e-06,1.309953e-02
727187456,9998524,8726249472,26634753,-6.418455e-02,-2.969219e-02,4.641803e-08,9.133633e-06,1.119219e-05,1.284096e-02
727449600,9998631,8729395200,26644232,-6.419498e-02,-2.969220e-02,4.203223e-08,9.133712e-06,1.013469e-05,1.284107e-02
727711744,9998672,8732540928,26653787,-6.422414e-02,-2.966223e-02,3.092797e-08,8.953415e-06,7.457266e-06,1.258759e-02
727973888,9998808,8735686656,26663614,-6.415034e-02,-2.968640e-02,6.233087e-08,9.098653e-06,1.502905e-05,1.279178e-02
728236032,9999010,8738832384,26673232,-6.419802e-02,-2.971825e-02,4.079503e-08,9.291831e-06,9.836383e-06,1.306337e-02
728498176,9999031,8741978112,26682879,-6.417391e-02,-2.971166e-02,5.111572e-08,9.251687e-06,1.232488e-05,1.300693e-02
728760320,9999071,8745123840,26692319,-6.410792e-02,-2.967700e-02,8.531372e-08,9.042074e-06,2.057060e-05,1.271224e-02
729022464,9999109,8748269568,26701960,-6.410511e-02,-2.972511e-02,8.696246e-08,9.333723e-06,2.096815e-05,1.312227e-02
729284608,9999161,8751415296,26711578,-6.407598e-02,-2.977881e-02,1.049879e-07,9.664692e-06,2.531438e-05,1.358758e-02
729546752,9999196,8754561024,26721051,-6.405243e-02,-2.981644e-02,1.208046e-07,9.900060e-06,2.912808e-05,1.391848e-02
729808896,9999548,8757706752,26730619,-6.406470e-02,-2.984092e-02,1.124251e-07,1.005471e-05,2.710762e-05,1.413591e-02
730071040,9999771,8760852480,26740129,-6.405831e-02,-2.980379e-02,1.167528e-07,9.820666e-06,2.815111e-05,1.380686e-02
730333184,9999937,8763998208,26749587,-6.410686e-02,-2.982742e-02,8.593288e-08,9.969313e-06,2.071990e-05,1.401584e-02
730595328,10000054,8767143936,26759194,-6.420582e-02,-2.981418e-02,3.770761e-08,9.885894e-06,9.091956e-06,1.389856e-02
730857472,10000173,8770289664,26768926,-6.415664e-02,-2.982436e-02,5.922327e-08,9.949986e-06,1.427975e-05,1.398867e-02
731119616,10000528,8773435392,26778416,-6.415863e-02,-2.982629e-02,5.825900e-08,9.962187e-06,1.404725e-05,1.400582e-02
731381760,10000620,8776581120,26788119,-6.414773e-02,-2.989423e-02,6.363975e-08,1.039564e-05,1.534464e-05,1.461522e-02
731643904,10000676,8779726848,26797740,-6.410011e-02,-2.988678e-02,8.993600e-08,1.034770e-05,2.168512e-05,1.454782e-02
731906048,10000807,8782872576,26807266,-6.409141e-02,-2.983543e-02,9.523124e-08,1.001997e-05,2.296189e-05,1.408706e-02
732168192,10000888,8786018304,26816878,-6.409730e-02,-2.983142e-02,9.162861e-08,9.994583e-06,2.209324e-05,1.405137e-02
732430336,10000973,8789164032,26826404,-6.408939e-02,-2.983136e-02,9.648149e-08,9.994230e-06,2.326335e-05,1.405087e-02
732692480,10001094,8792309760,26835873,-6.410401e-02,-2.989483e-02,8.760961e-08,1.039954e-05,2.112419e-05,1.462069e-02
732954624,10001234,8795455488,26845634,-6.409174e-02,-2.986828e-02,9.502443e-08,1.022901e-05,2.291203e-05,1.438096e-02
733216768,10001390,8798601216,26855048,-6.406453e-02,-2.983990e-02,1.125400e-07,1.004829e-05,2.713533e-05,1.412687e-02
733478912,10001482,8801746944,26864394,-6.405550e-02,-2.980771e-02,1.186802e-07,9.845233e-06,2.861584e-05,1.384140e-02
733741056,10001761,8804892672,26874107,-6.407929e-02,-2.984011e-02,1.028551e-07,1.004962e-05,2.480013e-05,1.412875e-02
734003200,10001788,8808038400,26883709,-6.407230e-02,-2.984263e-02,1.073914e-07,1.006561e-05,2.589392e-05,1.415122e-02
734265344,10002298,8811184128,26893270,-6.403176e-02,-2.988350e-02,1.355989e-07,1.032657e-05,3.269522e-05,1.451811e-02
734527488,10002447,8814329856,26902769,-6.404594e-02,-2.987322e-02,1.253578e-07,1.026062e-05,3.022593e-05,1.442540e-02
734789632,10002551,8817475584,26912232,-6.401911e-02,-2.992606e-02,1.450761e-07,1.060195e-05,3.498035e-05,1.490527e-02
735051776,10002808,8820621312,26921979,-6.401969e-02,-2.994027e-02,1.446337e-07,1.069469e-05,3.487369e-05,1.503565e-02
735313920,10003109,8823767040,26931627,-6.397867e-02,-2.990342e-02,1.775193e-07,1.045503e-05,4.280295e-05,1.469871e-02
735576064,10003130,8826912768,26941265,-6.400751e-02,-2.984399e-02,1.540477e-07,1.007424e-05,3.714356e-05,1.416336e-02
735838208,10003188,8830058496,26951015,-6.399696e-02,-2.983850e-02,1.624406e-07,1.003942e-05,3.916722e-05,1.411441e-02
736100352,10003284,8833204224,26960466,-6.402510e-02,-2.982949e-02,1.405543e-07,9.982362e-06,3.389007e-05,1.403419e-02
736362496,10003667,8836349952,26969946,-6.401207e-02,-2.984217e-02,1.504950e-07,1.006265e-05,3.628694e-05,1.414707e-02
736624640,10004230,8839495680,26979516,-6.405026e-02,-2.985505e-02,1.223165e-07,1.014456e-05,2.949261e-05,1.426222e-02
736886784,10004660,8842641408,26989079,-6.405540e-02,-2.984561e-02,1.187521e-07,1.008449e-05,2.863318e-05,1.417777e-02
737148928,10006069,8845787136,26998703,-6.405025e-02,-2.980757e-02,1.223269e-07,9.844356e-06,2.949512e-05,1.384017e-02
737411072,10058437,8848932864,27008198,-6.401076e-02,-2.980467e-02,1.515083e-07,9.826178e-06,3.653126e-05,1.381461e-02
737673216,10059665,8852078592,27017622,-6.403635e-02,-2.981250e-02,1.322452e-07,9.875308e-06,3.188660e-05,1.388368e-02
737935360,10081825,8855224320,27027001,-6.400417e-02,-2.988088e-02,1.566849e-07,1.030976e-05,3.777943e-05,1.449448e-02
738197504,10082687,8858370048,27036380,-6.405082e-02,-2.992395e-02,1.219259e-07,1.058821e-05,2.939844e-05,1.488595e-02
738459648,10304853,8861515776,27046144,-6.407095e-02,-2.993056e-02,1.082771e-07,1.063127e-05,2.610748e-05,1.494648e-02
738721792,10305322,8864661504,27055758,-6.407664e-02,-3.001035e-02,1.045634e-07,1.115795e-05,2.521204e-05,1.568695e-02
738983936,10306463,8867807232,27065344,-6.406479e-02,-3.000036e-02,1.123651e-07,1.109128e-05,2.709317e-05,1.559321e-02
739246080,10306534,8870952960,27074981,-6.404252e-02,-2.998031e-02,1.277965e-07,1.095819e-05,3.081393e-05,1.540610e-02
739508224,10306999,8874098688,27084740,-6.399496e-02,-2.997648e-02,1.640601e-07,1.093282e-05,3.955772e-05,1.537044e-02
739770368,10307126,8877244416,27094086,-6.399731e-02,-2.991882e-02,1.621644e-07,1.055483e-05,3.910063e-05,1.483902e-02
740032512,10307792,8880390144,27103661,-6.402202e-02,-2.991191e-02,1.428710e-07,1.050997e-05,3.444867e-05,1.477595e-02
740294656,10307914,8883535872,27113451,-6.400307e-02,-2.990828e-02,1.575532e-07,1.048649e-05,3.798878e-05,1.474294e-02
740556800,10308093,8886681600,27122861,-6.401034e-02,-2.986611e-02,1.518333e-07,1.021511e-05,3.660962e-05,1.436141e-02
740818944,10308173,8889827328,27132483,-6.402684e-02,-2.989241e-02,1.392501e-07,1.038394e-05,3.357560e-05,1.459876e-02
741081088,10308201,8892973056,27142044,-6.403662e-02,-2.992130e-02,1.320448e-07,1.057096e-05,3.183828e-05,1.486170e-02
741343232,10308212,8896118784,27151512,-6.405476e-02,-2.998162e-02,1.191941e-07,1.096681e-05,2.873975e-05,1.541822e-02
741605376,10308553,8899264512,27161033,-6.405448e-02,-2.994997e-02,1.193845e-07,1.075820e-05,2.878567e-05,1.512493e-02
741867520,10308854,8902410240,27170492,-6.403483e-02,-2.999460e-02,1.333476e-07,1.105295e-05,3.215239e-05,1.553933e-02
742129664,10308924,8905555968,27180155,-6.401976e-02,-2.997627e-02,1.445827e-07,1.093144e-05,3.486139e-05,1.536850e-02
742391808,10308925,8908701696,27189928,-6.403083e-02,-2.999466e-02,1.362856e-07,1.105339e-05,3.286081e-05,1.553994e-02
742653952,10309180,8911847424,27199623,-6.399441e-02,-2.995858e-02,1.645071e-07,1.081477e-05,3.966548e-05,1.520447e-02
742916096,10309254,8914993152,27209267,-6.400893e-02,-3.000693e-02,1.529385e-07,1.113511e-05,3.687611e-05,1.565483e-02
743178240,10309315,8918138880,27218909,-6.400080e-02,-3.003477e-02,1.593623e-07,1.132170e-05,3.842500e-05,1.591716e-02
743440384,10309322,8921284608,27228287,-6.403797e-02,-3.005503e-02,1.310666e-07,1.145843e-05,3.160241e-05,1.610939e-02
743702528,10309324,8924430336,27237902,-6.411080e-02,-3.003369e-02,8.363764e-08,1.131444e-05,2.016648e-05,1.590696e-02
743964672,10309525,8927576064,27247687,-6.409936e-02,-3.004710e-02,9.038791e-08,1.140478e-05,2.179408e-05,1.603397e-02
744226816,10309657,8930721792,27257178,-6.417239e-02,-3.005521e-02,5.180870e-08,1.145962e-05,1.249197e-05,1.611107e-02
744488960,10309688,8933867520,27266732,-6.421424e-02,-3.005952e-02,3.450599e-08,1.148882e-05,8.319988e-06,1.615212e-02
744751104,10309784,8937013248,27276427,-6.425508e-02,-3.009946e-02,2.100217e-08,1.176119e-05,5.063984e-06,1.653504e-02
745013248,10309893,8940158976,27285927,-6.422083e-02,-3.007056e-02,3.210245e-08,1.156381e-05,7.740453e-06,1.625754e-02
745275392,10309921,8943304704,27295628,-6.421606e-02,-3.012109e-02,3.383390e-08,1.191000e-05,8.157936e-06,1.674425e-02
745537536,10309945,8946450432,27305356,-6.421467e-02,-3.017156e-02,3.434839e-08,1.226091e-05,8.281989e-06,1.723760e-02
745799680,10310000,8949596160,27315024,-6.422603e-02,-3.013101e-02,3.026593e-08,1.197862e-05,7.297637e-06,1.684073e-02
746061824,10310041,8952741888,27324499,-6.419976e-02,-3.019438e-02,4.009678e-08,1.242124e-05,9.668025e-06,1.746300e-02
746323968,10310185,8955887616,27333947,-6.421014e-02,-3.020037e-02,3.604801e-08,1.246353e-05,8.691797e-06,1.752245e-02
746586112,10310225,8959033344,27343703,-6.422797e-02,-3.019905e-02,2.959566e-08,1.245420e-05,7.136025e-06,1.750935e-02
746848256,10310382,8962179072,27353261,-6.423087e-02,-3.025275e-02,2.860434e-08,1.283609e-05,6.897000e-06,1.804625e-02
747110400,10310456,8965324800,27362895,-6.422888e-02,-3.032161e-02,2.928119e-08,1.333423e-05,7.060200e-06,1.874657e-02
747372544,10310653,8968470528,27372630,-6.426620e-02,-3.040824e-02,1.790377e-08,1.397443e-05,4.316908e-06,1.964664e-02
747634688,10310833,8971616256,27382061,-6.425369e-02,-3.042545e-02,2.140793e-08,1.410342e-05,5.161821e-06,1.982798e-02
747896832,10310976,8974761984,27391785,-6.421798e-02,-3.045651e-02,3.313315e-08,1.433767e-05,7.988973e-06,2.015731e-02
748158976,10311028,8977907712,27401525,-6.417084e-02,-3.040512e-02,5.251316e-08,1.395116e-05,1.266183e-05,1.961391e-02
748421120,10311382,8981053440,27411063,-6.417809e-02,-3.040215e-02,4.924651e-08,1.392892e-05,1.187418e-05,1.958265e-02
748683264,10311410,8984199168,27420732,-6.420767e-02,-3.039471e-02,3.699342e-08,1.387347e-05,8.919751e-06,1.950470e-02
748945408,10311491,8987344896,27430347,-6.420427e-02,-3.042987e-02,3.831188e-08,1.413662e-05,9.237654e-06,1.987466e-02
749207552,10311554,8990490624,27439939,-6.421681e-02,-3.046905e-02,3.355763e-08,1.443276e-05,8.091322e-06,2.029100e-02
749469696,10311555,8993636352,27449619,-6.419806e-02,-3.049190e-02,4.077998e-08,1.460692e-05,9.832756e-06,2.053585e-02
749731840,10312474,8996782080,27459533,-6.420151e-02,-3.049776e-02,3.939865e-08,1.465172e-05,9.499691e-06,2.059883e-02
749993984,10312574,8999927808,27469100,-6.421990e-02,-3.054037e-02,3.243705e-08,1.497979e-05,7.821131e-06,2.106007e-02
750256128,10312613,9003073536,27478505,-6.421438e-02,-3.055844e-02,3.445618e-08,1.511999e-05,8.307979e-06,2.125717e-02
750518272,10312682,9006219264,27488147,-6.423241e-02,-3.052932e-02,2.808753e-08,1.489434e-05,6.772388e-06,2.093993e-02
750780416,10312694,9009364992,27497763,-6.424376e-02,-3.057903e-02,2.441285e-08,1.528051e-05,5.886359e-06,2.148284e-02
751042560,10313115,9012510720,27507293,-6.418156e-02,-3.054500e-02,4.771760e-08,1.501563e-05,1.150553e-05,2.111045e-02
751304704,10313195,9015656448,27516851,-6.421258e-02,-3.059124e-02,3.512881e-08,1.537611e-05,8.470160e-06,2.161725e-02
751566848,10313229,9018802176,27526334,-6.423041e-02,-3.060487e-02,2.876081e-08,1.548317e-05,6.934726e-06,2.176777e-02
751828992,10313309,9021947904,27536020,-6.426375e-02,-3.060272e-02,1.856373e-08,1.546627e-05,4.476035e-06,2.174401e-02
752091136,10313351,9025093632,27545563,-6.425685e-02,-3.061169e-02,2.049348e-08,1.553693e-05,4.941332e-06,2.184334e-02
752353280,10313698,9028239360,27555224,-6.422937e-02,-3.061279e-02,2.911569e-08,1.554556e-05,7.020293e-06,2.185548e-02
752615424,10314093,9031385088,27564630,-6.427275e-02,-3.061649e-02,1.619407e-08,1.557476e-05,3.904669e-06,2.189653e-02
752877568,10314757,9034530816,27574201,-6.428267e-02,-3.062837e-02,1.376674e-08,1.566870e-05,3.319398e-06,2.202860e-02
753139712,10314995,9037676544,27583742,-6.426457e-02,-3.057705e-02,1.834107e-08,1.526503e-05,4.422348e-06,2.146109e-02
753401856,10315417,9040822272,27593125,-6.428727e-02,-3.059776e-02,1.270912e-08,1.542727e-05,3.064388e-06,2.168917e-02
753664000,10317567,9043968000,27602661,-6.427953e-02,-3.057378e-02,1.451264e-08,1.523947e-05,3.499249e-06,2.142515e-02
753926144,10320424,9047113728,27612359,-6.427152e-02,-3.057438e-02,1.650846e-08,1.524415e-05,3.980475e-06,2.143173e-02
754188288,10326248,9050259456,27622021,-6.428273e-02,-3.060984e-02,1.375275e-08,1.552233e-05,3.316026e-06,2.182283e-02
754450432,10331867,9053405184,27631450,-6.429441e-02,-3.055956e-02,1.114917e-08,1.512867e-05,2.688257e-06,2.126937e-02
754712576,10398417,9056550912,27640889,-6.436749e-02,-3.057523e-02,1.057182e-09,1.525079e-05,2.549048e-07,2.144106e-02
754974720,10403081,9059696640,27650233,-6.435564e-02,-3.055796e-02,1.967877e-09,1.511621e-05,4.744890e-07,2.125186e-02
755236864,10447375,9062842368,27660085,-6.438313e-02,-3.057800e-02,2.847847e-10,1.527246e-05,6.866649e-08,2.147153e-02
755499008,10448674,9065988096,27669700,-6.438946e-02,-3.059139e-02,1.111458e-10,1.537731e-05,2.679917e-08,2.161894e-02
755761152,10449656,9069133824,27679406,-6.438429e-02,-3.058407e-02,2.469070e-10,1.531991e-05,5.953353e-08,2.153824e-02
756023296,10449717,9072279552,27688947,-6.447448e-02,-3.051395e-02,5.546675e-09,1.477594e-05,1.337399e-06,2.077347e-02
756285440,10449903,9075425280,27698459,-6.444650e-02,-3.051838e-02,2.162164e-09,1.481002e-05,5.213350e-07,2.082139e-02
756547584,10450058,9078571008,27708004,-6.442248e-02,-3.048009e-02,5.052785e-10,1.451678e-05,1.218314e-07,2.040912e-02
756809728,10450106,9081716736,27717543,-6.442805e-02,-3.049436e-02,7.864651e-10,1.462575e-05,1.896303e-07,2.056232e-02
757071872,10450299,9084862464,27727262,-6.441457e-02,-3.050599e-02,2.121650e-10,1.471481e-05,5.115664e-08,2.068753e-02
757334016,10450319,9088008192,27736962,-6.439682e-02,-3.048536e-02,1.012129e-11,1.455697e-05,2.440418e-09,2.046563e-02
757596160,10450539,9091153920,27746647,-6.438804e-02,-3.049098e-02,1.431764e-10,1.459990e-05,3.452228e-08,2.052598e-02
757858304,10450842,9094299648,27756251,-6.436578e-02,-3.050304e-02,1.171044e-09,1.469221e-05,2.823588e-07,2.065576e-02
758120448,10450865,9097445376,27765725,-6.433437e-02,-3.051955e-02,4.307581e-09,1.481903e-05,1.038632e-06,2.083405e-02
758382592,10450948,9100591104,27775435,-6.436139e-02,-3.050616e-02,1.491223e-09,1.471616e-05,3.595596e-07,2.068942e-02
758644736,10451059,9103736832,27784973,-6.437112e-02,-3.050720e-02,8.343953e-10,1.472409e-05,2.011871e-07,2.070057e-02
758906880,10451850,9106882560,27794468,-6.439477e-02,-3.054273e-02,2.735612e-11,1.499801e-05,6.596032e-09,2.108568e-02
759169024,10452072,9110028288,27804035,-6.440666e-02,-3.055234e-02,4.436651e-11,1.507259e-05,1.069753e-08,2.119053e-02
759431168,10452440,9113174016,27813488,-6.439903e-02,-3.050473e-02,9.381385e-13,1.470513e-05,2.262013e-10,2.067392e-02
759693312,10452649,9116319744,27823186,-6.441348e-02,-3.051288e-02,1.816592e-10,1.476775e-05,4.380116e-08,2.076196e-02
759955456,10452758,9119465472,27832823,-6.441627e-02,-3.051584e-02,2.647802e-10,1.479052e-05,6.384307e-08,2.079397e-02
760217600,10452806,9122611200,27842576,-6.441233e-02,-3.050553e-02,1.520464e-10,1.471128e-05,3.666101e-08,2.068257e-02
760479744,10453123,9125756928,27852141,-6.440282e-02,-3.053375e-02,7.931655e-12,1.492856e-05,1.912459e-09,2.098805e-02
760741888,10453159,9128902656,27861738,-6.441017e-02,-3.049370e-02,1.034298e-10,1.462071e-05,2.493870e-08,2.055523e-02
761004032,10453170,9132048384,27871371,-6.441446e-02,-3.047743e-02,2.091372e-10,1.449650e-05,5.042658e-08,2.038061e-02
761266176,10453343,9135194112,27881035,-6.442475e-02,-3.049613e-02,6.122348e-10,1.463930e-05,1.476203e-07,2.058137e-02
761528320,10453391,9138339840,27890905,-6.441451e-02,-3.051014e-02,2.104322e-10,1.474671e-05,5.073882e-08,2.073238e-02
761790464,10453496,9141485568,27900569,-6.438183e-02,-3.046639e-02,3.302204e-10,1.441256e-05,7.962181e-08,2.026259e-02
762052608,10453547,9144631296,27910011,-6.436635e-02,-3.047629e-02,1.132610e-09,1.448787e-05,2.730918e-07,2.036847e-02
762314752,10453560,9147777024,27919593,-6.440028e-02,-3.044015e-02,7.599477e-14,1.421405e-05,1.832365e-11,1.998351e-02
762576896,10453684,9150922752,27929226,-6.440596e-02,-3.045185e-02,3.552714e-11,1.430240e-05,8.566204e-09,2.010772e-02
762839040,10453808,9154068480,27939060,-6.439336e-02,-3.044441e-02,4.416822e-11,1.424620e-05,1.064972e-08,2.002871e-02
763101184,10453823,9157214208,27948745,-6.438192e-02,-3.040153e-02,3.269789e-10,1.392432e-05,7.884027e-08,1.957618e-02
763363328,10454162,9160359936,27958374,-6.439282e-02,-3.045822e-02,5.158629e-11,1.435064e-05,1.243834e-08,2.017554e-02
763625472,10454314,9163505664,27967964,-6.436202e-02,-3.047033e-02,1.442713e-09,1.444248e-05,3.478629e-07,2.030467e-02
763887616,10454527,9166651392,27977453,-6.435736e-02,-3.048308e-02,1.818142e-09,1.453957e-05,4.383853e-07,2.044116e-02
764149760,10454779,9169797120,27986877,-6.433890e-02,-3.046189e-02,3.733480e-09,1.437845e-05,9.002064e-07,2.021464e-02
764411904,10454841,9172942848,27996716,-6.431378e-02,-3.042054e-02,7.434849e-09,1.406654e-05,1.792670e-06,1.977613e-02
764674048,10455165,9176088576,28006433,-6.432833e-02,-3.039612e-02,5.137246e-09,1.388399e-05,1.238678e-06,1.951948e-02
764936192,10455318,9179234304,28015885,-6.429232e-02,-3.040582e-02,1.159568e-08,1.395632e-05,2.795918e-06,1.962117e-02
765198336,10455433,9182380032,28025534,-6.429784e-02,-3.039939e-02,1.043715e-08,1.390832e-05,2.516576e-06,1.955369e-02
765460480,10455453,9185525760,28035116,-6.429780e-02,-3.041617e-02,1.044628e-08,1.403382e-05,2.518779e-06,1.973013e-02
765722624,10455510,9188671488,28044714,-6.431863e-02,-3.037633e-02,6.620717e-09,1.373689e-05,1.596369e-06,1.931266e-02
765984768,10455580,9191817216,28054359,-6.429274e-02,-3.043894e-02,1.150600e-08,1.420492e-05,2.774294e-06,1.997067e-02
766246912,10455657,9194962944,28064079,-6.428257e-02,-3.043181e-02,1.379123e-08,1.415124e-05,3.325302e-06,1.989520e-02
766509056,10455838,9198108672,28073646,-6.428605e-02,-3.044621e-02,1.298442e-08,1.425974e-05,3.130766e-06,2.004775e-02
766771200,10455965,9201254400,28083222,-6.431658e-02,-3.044267e-02,6.959589e-09,1.423304e-05,1.678077e-06,2.001021e-02
767033344,10456152,9204400128,28092735,-6.430922e-02,-3.045544e-02,8.241975e-09,1.432959e-05,1.987282e-06,2.014595e-02
767295488,10456284,9207545856,28102327,-6.434496e-02,-3.046030e-02,3.029120e-09,1.436638e-05,7.303729e-07,2.019767e-02
767557632,10456621,9210691584,28111737,-6.436997e-02,-3.042025e-02,9.019985e-10,1.406439e-05,2.174874e-07,1.977310e-02
767819776,10457028,9213837312,28121325,-6.446119e-02,-3.041330e-02,3.744414e-09,1.401227e-05,9.028428e-07,1.969983e-02
768081920,10457140,9216983040,28130873,-6.448559e-02,-3.046835e-02,7.326037e-09,1.442750e-05,1.766434e-06,2.028359e-02
768344064,10457146,9220128768,28140555,-6.444005e-02,-3.046268e-02,1.603752e-09,1.438441e-05,3.866922e-07,2.022303e-02
768606208,10457297,9223274496,28150412,-6.447571e-02,-3.047064e-02,5.731300e-09,1.444489e-05,1.381915e-06,2.030805e-02
768868352,10457752,9226420224,28159926,-6.447872e-02,-3.043733e-02,6.196112e-09,1.419279e-05,1.493989e-06,1.995363e-02
769130496,10457760,9229565952,28169656,-6.444447e-02,-3.045602e-02,1.977142e-09,1.433398e-05,4.767230e-07,2.015212e-02
769392640,10458028,9232711680,28179239,-6.446501e-02,-3.046015e-02,4.225821e-09,1.436525e-05,1.018918e-06,2.019608e-02
769654784,10458054,9235857408,28188730,-6.442428e-02,-3.041336e-02,5.892267e-10,1.401276e-05,1.420727e-07,1.970051e-02
769916928,10458293,9239003136,28198228,-6.440566e-02,-3.046544e-02,3.197892e-11,1.440540e-05,7.710669e-09,2.025253e-02
770179072,10459009,9242148864,28207836,-6.446473e-02,-3.044940e-02,4.190056e-09,1.428387e-05,1.010295e-06,2.008167e-02
770441216,10459523,9245294592,28217536,-6.444653e-02,-3.048184e-02,2.164936e-09,1.453011e-05,5.220035e-07,2.042786e-02
770703360,10460586,9248440320,28227095,-6.445403e-02,-3.047622e-02,2.919415e-09,1.448728e-05,7.039213e-07,2.036765e-02
770965504,10513057,9251586048,28236351,-6.450443e-02,-3.049602e-02,1.090507e-08,1.463840e-05,2.629400e-06,2.058011e-02
771227648,10514536,9254731776,28246109,-6.455498e-02,-3.049364e-02,2.401865e-08,1.462021e-05,5.791311e-06,2.055453e-02
771489792,10540168,9257877504,28255682,-6.456855e-02,-3.048846e-02,2.840810e-08,1.458065e-05,6.849683e-06,2.049892e-02
771751936,10540968,9261023232,28265317,-6.466577e-02,-3.049808e-02,7.063351e-08,1.465417e-05,1.703096e-05,2.060228e-02
772014080,10753323,9264168960,28274991,-6.468228e-02,-3.053442e-02,7.967787e-08,1.493375e-05,1.921171e-05,2.099533e-02
772276224,10753784,9267314688,28284681,-6.469630e-02,-3.053564e-02,8.779054e-08,1.494315e-05,2.116781e-05,2.100855e-02
772538368,10754838,9270460416,28294200,-6.473633e-02,-3.051667e-02,1.131156e-07,1.479685e-05,2.727413e-05,2.080287e-02
772800512,10755109,9273606144,28303725,-6.471837e-02,-3.049801e-02,1.013599e-07,1.465369e-05,2.443963e-05,2.060159e-02
773062656,10755460,9276751872,28313058,-6.475119e-02,-3.044521e-02,1.233348e-07,1.425222e-05,2.973815e-05,2.003717e-02
773324800,10755587,9279897600,28322762,-6.475943e-02,-3.048812e-02,1.291852e-07,1.457803e-05,3.114878e-05,2.049523e-02
773586944,10756095,9283043328,28332528,-6.475145e-02,-3.049319e-02,1.235128e-07,1.461677e-05,2.978106e-05,2.054970e-02
773849088,10756313,9286189056,28342220,-6.470957e-02,-3.052209e-02,9.583459e-08,1.483860e-05,2.310737e-05,2.086156e-02
774111232,10756444,9289334784,28351797,-6.468686e-02,-3.053235e-02,8.228568e-08,1.491777e-05,1.984049e-05,2.097287e-02
774373376,10756649,9292480512,28361436,-6.464946e-02,-3.054889e-02,6.222675e-08,1.504577e-05,1.500394e-05,2.115283e-02
774635520,10756689,9295626240,28371021,-6.466702e-02,-3.055594e-02,7.130041e-08,1.510054e-05,1.719176e-05,2.122983e-02
774897664,10756798,9298771968,28380389,-6.462876e-02,-3.049005e-02,5.232893e-08,1.459281e-05,1.261741e-05,2.051602e-02
775159808,10757069,9301917696,28389928,-6.466360e-02,-3.052826e-02,6.948184e-08,1.488618e-05,1.675327e-05,2.092845e-02
775421952,10757332,9305063424,28399533,-6.467243e-02,-3.049695e-02,7.421836e-08,1.464559e-05,1.789533e-05,2.059021e-02
775684096,10757468,9308209152,28409092,-6.465482e-02,-3.050116e-02,6.493186e-08,1.467775e-05,1.565619e-05,2.063543e-02
775946240,10757553,9311354880,28418718,-6.470924e-02,-3.051256e-02,9.562712e-08,1.476527e-05,2.305735e-05,2.075847e-02
776208384,10757669,9314500608,28428470,-6.471746e-02,-3.052709e-02,1.007773e-07,1.487711e-05,2.429913e-05,2.091570e-02
776470528,10757736,9317646336,28438063,-6.473400e-02,-3.057672e-02,1.115524e-07,1.526250e-05,2.689721e-05,2.145753e-02
776732672,10757745,9320792064,28447814,-6.473395e-02,-3.055921e-02,1.115226e-07,1.512593e-05,2.689001e-05,2.126552e-02
776994816,10757962,9323937792,28457378,-6.478248e-02,-3.063107e-02,1.462875e-07,1.569004e-05,3.527245e-05,2.205861e-02
777256960,10757980,9327083520,28467129,-6.477067e-02,-3.061810e-02,1.373936e-07,1.558752e-05,3.312796e-05,2.191447e-02
777519104,10758011,9330229248,28476747,-6.476203e-02,-3.065411e-02,1.310612e-07,1.587315e-05,3.160110e-05,2.231604e-02
777781248,10758150,9333374976,28486450,-6.479870e-02,-3.060921e-02,1.589581e-07,1.551737e-05,3.832753e-05,2.181585e-02
778043392,10758268,9336520704,28495809,-6.480347e-02,-3.062278e-02,1.627831e-07,1.562446e-05,3.924980e-05,2.196641e-02
778305536,10758297,9339666432,28505082,-6.477263e-02,-3.064313e-02,1.388501e-07,1.578579e-05,3.347914e-05,2.219322e-02
778567680,10758355,9342812160,28514862,-6.473188e-02,-3.060785e-02,1.101434e-07,1.550669e-05,2.655748e-05,2.180083e-02
778829824,10758361,9345957888,28524433,-6.474150e-02,-3.058171e-02,1.166204e-07,1.530147e-05,2.811920e-05,2.151232e-02
779091968,10758420,9349103616,28533826,-6.472621e-02,-3.055470e-02,1.064122e-07,1.509086e-05,2.565781e-05,2.121622e-02
779354112,10758529,9352249344,28543188,-6.475078e-02,-3.055510e-02,1.230419e-07,1.509403e-05,2.966753e-05,2.122067e-02
779616256,10758669,9355395072,28552757,-6.473035e-02,-3.060429e-02,1.091271e-07,1.547867e-05,2.631241e-05,2.176144e-02
779878400,10758679,9358540800,28562319,-6.470091e-02,-3.060970e-02,9.054478e-08,1.552127e-05,2.183191e-05,2.182134e-02
780140544,10758768,9361686528,28571715,-6.472017e-02,-3.061230e-02,1.025065e-07,1.554173e-05,2.471608e-05,2.185009e-02
780402688,10758807,9364832256,28581284,-6.471696e-02,-3.068311e-02,1.004653e-07,1.610502e-05,2.422391e-05,2.264202e-02
780664832,10758896,9367977984,28590790,-6.471995e-02,-3.067112e-02,1.023634e-07,1.600893e-05,2.468158e-05,2.250694e-02
780926976,10759222,9371123712,28600365,-6.473967e-02,-3.062696e-02,1.153770e-07,1.565751e-05,2.781939e-05,2.201287e-02
781189120,10759330,9374269440,28610038,-6.467617e-02,-3.066422e-02,7.626613e-08,1.595382e-05,1.838908e-05,2.242944e-02
781451264,10759486,9377415168,28619538,-6.466272e-02,-3.065654e-02,6.902305e-08,1.589248e-05,1.664265e-05,2.234321e-02
781713408,10759750,9380560896,28629102,-6.465796e-02,-3.068069e-02,6.654411e-08,1.608567e-05,1.604493e-05,2.261482e-02
781975552,10759901,9383706624,28638522,-6.469373e-02,-3.065048e-02,8.627393e-08,1.584425e-05,2.080213e-05,2.227541e-02
782237696,10759920,9386852352,28648067,-6.466072e-02,-3.060654e-02,6.797396e-08,1.549632e-05,1.638969e-05,2.178626e-02
782499840,10760007,9389998080,28657625,-6.463403e-02,-3.063465e-02,5.476664e-08,1.571847e-05,1.320518e-05,2.209858e-02
782761984,10760133,9393143808,28667137,-6.456406e-02,-3.058511e-02,2.691382e-08,1.532806e-05,6.489387e-06,2.154970e-02
783024128,10760218,9396289536,28676801,-6.458373e-02,-3.059079e-02,3.375446e-08,1.537264e-05,8.138782e-06,2.161237e-02
783286272,10760955,9399435264,28686347,-6.457752e-02,-3.055986e-02,3.151247e-08,1.513100e-05,7.598201e-06,2.127265e-02
783548416,10761074,9402580992,28696204,-6.458720e-02,-3.056297e-02,3.504228e-08,1.515525e-05,8.449299e-06,2.130675e-02
783810560,10761242,9405726720,28705792,-6.457655e-02,-3.057747e-02,3.116953e-08,1.526832e-05,7.515512e-06,2.146571e-02
784072704,10761254,9408872448,28715487,-6.458797e-02,-3.056468e-02,3.533018e-08,1.516850e-05,8.518716e-06,2.132537e-02
784334848,10761455,9412018176,28725179,-6.464222e-02,-3.052275e-02,5.866974e-08,1.484365e-05,1.414629e-05,2.086866e-02
784596992,10761649,9415163904,28734758,-6.461520e-02,-3.050349e-02,4.630894e-08,1.469566e-05,1.116588e-05,2.066060e-02
784859136,10761757,9418309632,28744321,-6.460384e-02,-3.050712e-02,4.155092e-08,1.472347e-05,1.001864e-05,2.069971e-02
785121280,10761861,9421455360,28753873,-6.463882e-02,-3.053252e-02,5.703543e-08,1.491908e-05,1.375222e-05,2.097472e-02
785383424,10762037,9424601088,28763449,-6.461569e-02,-3.056448e-02,4.652082e-08,1.516696e-05,1.121697e-05,2.132321e-02
785645568,10762124,9427746816,28773045,-6.461086e-02,-3.057145e-02,4.446147e-08,1.522133e-05,1.072043e-05,2.139964e-02
785907712,10762449,9430892544,28782584,-6.460448e-02,-3.055266e-02,4.180951e-08,1.507502e-05,1.008099e-05,2.119394e-02
786169856,10762833,9434038272,28792021,-6.459203e-02,-3.054254e-02,3.687315e-08,1.499654e-05,8.890750e-06,2.108361e-02
786432000,10763046,9437184000,28801836,-6.462320e-02,-3.055747e-02,4.981692e-08,1.511246e-05,1.201172e-05,2.124658e-02
786694144,10763846,9440329728,28811387,-6.463156e-02,-3.055264e-02,5.361846e-08,1.507489e-05,1.292833e-05,2.119376e-02
786956288,10764320,9443475456,28821084,-6.464847e-02,-3.056456e-02,6.173705e-08,1.516758e-05,1.488587e-05,2.132409e-02
787218432,10766583,9446621184,28830673,-6.461266e-02,-3.055404e-02,4.522192e-08,1.508581e-05,1.090379e-05,2.120912e-02
787480576,10769144,9449766912,28840367,-6.458159e-02,-3.052706e-02,3.297331e-08,1.487694e-05,7.950433e-06,2.091546e-02
787742720,10775455,9452912640,28849928,-6.460353e-02,-3.050255e-02,4.142345e-08,1.468847e-05,9.987906e-06,2.065050e-02
788004864,10781336,9456058368,28859600,-6.458868e-02,-3.046548e-02,3.559958e-08,1.440564e-05,8.583672e-06,2.025287e-02
788267008,10846795,9459204096,28869237,-6.458901e-02,-3.045261e-02,3.572339e-08,1.430813e-05,8.613525e-06,2.011579e-02
788529152,10851591,9462349824,28878710,-6.456576e-02,-3.043737e-02,2.747408e-08,1.419309e-05,6.624474e-06,1.995404e-02
788791296,10902046,9465495552,28888246,-6.455009e-02,-3.038567e-02,2.252536e-08,1.380619e-05,5.431252e-06,1.941010e-02
789053440,10903617,9468641280,28897920,-6.458069e-02,-3.036001e-02,3.264941e-08,1.361619e-05,7.872336e-06,1.914298e-02
789315584,10904454,9471787008,28907490,-6.456220e-02,-3.033631e-02,2.630856e-08,1.344181e-05,6.343447e-06,1.889783e-02
789577728,10904482,9474932736,28917243,-6.454431e-02,-3.033298e-02,2.082546e-08,1.341743e-05,5.021377e-06,1.886355e-02
789839872,10904669,9478078464,28926778,-6.454360e-02,-3.034274e-02,2.061954e-08,1.348906e-05,4.971726e-06,1.896425e-02
790102016,10904738,9481224192,28936364,-6.456819e-02,-3.030280e-02,2.828768e-08,1.319724e-05,6.820646e-06,1.855398e-02
790364160,10904802,9484369920,28945851,-6.453528e-02,-3.032706e-02,1.830073e-08,1.337407e-05,4.412621e-06,1.880259e-02
790626304,10904934,9487515648,28955535,-6.454394e-02,-3.031218e-02,2.071808e-08,1.326550e-05,4.995487e-06,1.864994e-02
790888448,10905009,9490661376,28965085,-6.456699e-02,-3.028567e-02,2.788561e-08,1.307307e-05,6.723702e-06,1.837941e-02
791150592,10905298,9493807104,28974747,-6.456829e-02,-3.028878e-02,2.832027e-08,1.309557e-05,6.828504e-06,1.841105e-02
791412736,10905599,9496952832,28984104,-6.458660e-02,-3.029079e-02,3.481948e-08,1.311012e-05,8.395577e-06,1.843150e-02
791674880,10905691,9500098560,28993531,-6.461372e-02,-3.027877e-02,4.567620e-08,1.302320e-05,1.101332e-05,1.830930e-02
791937024,10905695,9503244288,29003080,-6.461821e-02,-3.027029e-02,4.761674e-08,1.296206e-05,1.148122e-05,1.822334e-02
792199168,10905722,9506390016,29012801,-6.467803e-02,-3.033286e-02,7.729838e-08,1.341653e-05,1.863797e-05,1.886228e-02
792461312,10906759,9509535744,29022518,-6.466362e-02,-3.026995e-02,6.949363e-08,1.295963e-05,1.675611e-05,1.821993e-02
792723456,10906903,9512681472,29032035,-6.462962e-02,-3.029830e-02,5.272509e-08,1.316456e-05,1.271293e-05,1.850804e-02
792985600,10907233,9515827200,29041453,-6.463937e-02,-3.031547e-02,5.729908e-08,1.328943e-05,1.381579e-05,1.868359e-02
793247744,10907558,9518972928,29050920,-6.465342e-02,-3.033349e-02,6.421998e-08,1.342114e-05,1.548454e-05,1.886877e-02
793509888,10907568,9522118656,29060593,-6.469600e-02,-3.035180e-02,8.761403e-08,1.355565e-05,2.112525e-05,1.905787e-02
793772032,10907775,9525264384,29070068,-6.475320e-02,-3.038201e-02,1.247518e-07,1.377899e-05,3.007981e-05,1.937186e-02
794034176,10907895,9528410112,29079985,-6.474948e-02,-3.037269e-02,1.221341e-07,1.370992e-05,2.944864e-05,1.927475e-02
794296320,10907922,9531555840,29089494,-6.473012e-02,-3.042063e-02,1.089745e-07,1.406725e-05,2.627563e-05,1.977713e-02
794558464,10907935,9534701568,29099246,-6.471621e-02,-3.041642e-02,9.998882e-08,1.403569e-05,2.410903e-05,1.973276e-02
794820608,10908055,9537847296,29108826,-6.469844e-02,-3.042477e-02,8.906670e-08,1.409830e-05,2.147552e-05,1.982078e-02
795082752,10908058,9540993024,29118288,-6.471185e-02,-3.040916e-02,9.725136e-08,1.398133e-05,2.344898e-05,1.965633e-02
795344896,10908159,9544138752,29127876,-6.473849e-02,-3.041475e-02,1.145737e-07,1.402315e-05,2.762569e-05,1.971512e-02
795607040,10908287,9547284480,29137391,-6.472679e-02,-3.040329e-02,1.067916e-07,1.393744e-05,2.574930e-05,1.959463e-02
795869184,10908472,9550430208,29146954,-6.475416e-02,-3.047485e-02,1.254264e-07,1.447687e-05,3.024247e-05,2.035300e-02
796131328,10908498,9553575936,29156696,-6.473370e-02,-3.045774e-02,1.113534e-07,1.434697e-05,2.684923e-05,2.017038e-02
796393472,10908558,9556721664,29166303,-6.474292e-02,-3.048407e-02,1.175944e-07,1.454711e-05,2.835404e-05,2.045176e-02
796655616,10908568,9559867392,29175871,-6.471852e-02,-3.042726e-02,1.014548e-07,1.411698e-05,2.446251e-05,1.984704e-02
796917760,10908845,9563013120,29185392,-6.472150e-02,-3.041420e-02,1.033623e-07,1.401903e-05,2.492242e-05,1.970934e-02
797179904,10909273,9566158848,29195061,-6.469471e-02,-3.044520e-02,8.685264e-08,1.425213e-05,2.094167e-05,2.003705e-02
797442048,10909333,9569304576,29204497,-6.468958e-02,-3.039607e-02,8.385757e-08,1.388362e-05,2.021950e-05,1.951896e-02
797704192,10909451,9572450304,29214129,-6.464536e-02,-3.044222e-02,6.019911e-08,1.422961e-05,1.451504e-05,2.000539e-02
797966336,10909667,9575596032,29223777,-6.464327e-02,-3.042198e-02,5.917976e-08,1.407734e-05,1.426926e-05,1.979131e-02
798228480,10910095,9578741760,29233479,-6.464940e-02,-3.036288e-02,6.219701e-08,1.363735e-05,1.499677e-05,1.917273e-02
798490624,10910271,9581887488,29243209,-6.464453e-02,-3.037484e-02,5.979397e-08,1.372583e-05,1.441736e-05,1.929712e-02
798752768,10910310,9585033216,29252796,-6.463866e-02,-3.035701e-02,5.695716e-08,1.359401e-05,1.373335e-05,1.911180e-02
799014912,10910316,9588178944,29262472,-6.464957e-02,-3.029442e-02,6.228251e-08,1.313645e-05,1.501739e-05,1.846852e-02
799277056,10910333,9591324672,29272013,-6.465632e-02,-3.031772e-02,6.569731e-08,1.330586e-05,1.584075e-05,1.870670e-02
799539200,10910509,9594470400,29281580,-6.468738e-02,-3.034693e-02,8.258516e-08,1.351979e-05,1.991271e-05,1.900745e-02
799801344,10910679,9597616128,29291523,-6.470811e-02,-3.037522e-02,9.492799e-08,1.372866e-05,2.288877e-05,1.930110e-02
800063488,10910775,9600761856,29301352,-6.467073e-02,-3.040538e-02,7.329568e-08,1.395307e-05,1.767285e-05,1.961659e-02
800325632,10910864,9603907584,29310901,-6.467458e-02,-3.040792e-02,7.539212e-08,1.397207e-05,1.817834e-05,1.964331e-02
800587776,10911020,9607053312,29320402,-6.463556e-02,-3.040918e-02,5.548736e-08,1.398145e-05,1.337896e-05,1.965651e-02
800849920,10911145,9610199040,29330060,-6.467751e-02,-3.040889e-02,7.701279e-08,1.397932e-05,1.856911e-05,1.965351e-02
801112064,10911588,9613344768,29339706,-6.460483e-02,-3.040028e-02,4.195589e-08,1.391501e-05,1.011629e-05,1.956308e-02
801374208,10911945,9616490496,29349497,-6.462840e-02,-3.038465e-02,5.216544e-08,1.379860e-05,1.257799e-05,1.939943e-02
801636352,10912006,9619636224,29359045,-6.464300e-02,-3.038611e-02,5.904933e-08,1.380948e-05,1.423781e-05,1.941473e-02
801898496,10912141,9622781952,29368705,-6.463289e-02,-3.038527e-02,5.423440e-08,1.380320e-05,1.307685e-05,1.940589e-02
802160640,10912152,9625927680,29378447,-6.464355e-02,-3.034748e-02,5.931759e-08,1.352385e-05,1.430249e-05,1.901315e-02
802422784,10912739,9629073408,29388194,-6.464104e-02,-3.031610e-02,5.809726e-08,1.329406e-05,1.400825e-05,1.869010e-02
802684928,10912759,9632219136,29397870,-6.463370e-02,-3.028772e-02,5.461331e-08,1.308792e-05,1.316821e-05,1.840028e-02
802947072,10913208,9635364864,29407718,-6.465002e-02,-3.027303e-02,6.250956e-08,1.298184e-05,1.507213e-05,1.825115e-02
803209216,10913298,9638510592,29417178,-6.466862e-02,-3.032266e-02,7.215444e-08,1.334193e-05,1.739768e-05,1.875740e-02
803471360,10913310,9641656320,29426617,-6.469068e-02,-3.039007e-02,8.449309e-08,1.383892e-05,2.037274e-05,1.945611e-02
803733504,10914198,9644802048,29436057,-6.471330e-02,-3.032118e-02,9.815496e-08,1.333115e-05,2.366685e-05,1.874225e-02
803995648,10914603,9647947776,29445555,-6.473041e-02,-3.028591e-02,1.091714e-07,1.307479e-05,2.632310e-05,1.838183e-02
804257792,10915228,9651093504,29454994,-6.475812e-02,-3.027556e-02,1.282497e-07,1.300006e-05,3.092320e-05,1.827677e-02
804519936,10968081,9654239232,29464558,-6.474612e-02,-3.029804e-02,1.197968e-07,1.316269e-05,2.888507e-05,1.850540e-02
804782080,10969772,9657384960,29474137,-6.473187e-02,-3.029898e-02,1.101336e-07,1.316951e-05,2.655510e-05,1.851500e-02
805044224,10998675,9660530688,29483608,-6.470916e-02,-3.027439e-02,9.558104e-08,1.299167e-05,2.304623e-05,1.826496e-02
805306368,10999544,9663676416,29493229,-6.469443e-02,-3.025206e-02,8.669023e-08,1.283113e-05,2.090251e-05,1.803927e-02
805568512,11201839,9666822144,29502828,-6.469285e-02,-3.025170e-02,8.575824e-08,1.282857e-05,2.067779e-05,1.803566e-02
805830656,11202132,9669967872,29512368,-6.475417e-02,-3.024289e-02,1.254317e-07,1.276557e-05,3.024373e-05,1.794710e-02
806092800,11203393,9673113600,29521837,-6.477487e-02,-3.024416e-02,1.405264e-07,1.277463e-05,3.388333e-05,1.795983e-02
806354944,11203666,9676259328,29531445,-6.473706e-02,-3.023736e-02,1.136073e-07,1.272605e-05,2.739268e-05,1.789153e-02
806617088,11203870,9679405056,29541046,-6.471643e-02,-3.021951e-02,1.001255e-07,1.259903e-05,2.414198e-05,1.771295e-02
806879232,11204134,9682550784,29550706,-6.474119e-02,-3.025225e-02,1.164068e-07,1.283252e-05,2.806769e-05,1.804122e-02
807141376,11204475,9685696512,29560178,-6.477220e-02,-3.026727e-02,1.385337e-07,1.294033e-05,3.340287e-05,1.819279e-02
807403520,11204870,9688842240,29569913,-6.472317e-02,-3.020255e-02,1.044382e-07,1.247889e-05,2.518184e-05,1.754406e-02
807665664,11204979,9691987968,29579535,-6.472051e-02,-3.019676e-02,1.027261e-07,1.243805e-05,2.476902e-05,1.748664e-02
807927808,11205269,9695133696,29589090,-6.470401e-02,-3.014008e-02,9.241968e-08,1.204146e-05,2.228398e-05,1.692906e-02
808189952,11205298,9698279424,29598951,-6.474828e-02,-3.014579e-02,1.212971e-07,1.208115e-05,2.924683e-05,1.698487e-02
808452096,11205333,9701425152,29608491,-6.473063e-02,-3.013227e-02,1.093142e-07,1.198731e-05,2.635753e-05,1.685295e-02
808714240,11205765,9704570880,29618148,-6.474609e-02,-3.013780e-02,1.197762e-07,1.202561e-05,2.888009e-05,1.690679e-02
808976384,11205836,9707716608,29627703,-6.473617e-02,-3.015812e-02,1.130054e-07,1.216699e-05,2.724755e-05,1.710556e-02
809238528,11205908,9710862336,29637118,-6.473758e-02,-3.015574e-02,1.139591e-07,1.215037e-05,2.747751e-05,1.708218e-02
809500672,11206082,9714008064,29646765,-6.472698e-02,-3.017416e-02,1.069134e-07,1.227916e-05,2.577867e-05,1.726325e-02
809762816,11206196,9717153792,29656395,-6.473394e-02,-3.013420e-02,1.115176e-07,1.200070e-05,2.688881e-05,1.687177e-02
810024960,11206207,9720299520,29665907,-6.474384e-02,-3.012517e-02,1.182238e-07,1.193823e-05,2.850579e-05,1.678395e-02
810287104,11206223,9723445248,29675649,-6.470434e-02,-3.009780e-02,9.262364e-08,1.174984e-05,2.233315e-05,1.651908e-02
810549248,11206599,9726590976,29685207,-6.467578e-02,-3.008484e-02,7.605229e-08,1.166114e-05,1.833752e-05,1.639438e-02
810811392,11206673,9729736704,29694901,-6.463569e-02,-3.003836e-02,5.554705e-08,1.134586e-05,1.339335e-05,1.595112e-02
811073536,11206721,9732882432,29704414,-6.461638e-02,-3.006074e-02,4.682020e-08,1.149713e-05,1.128916e-05,1.616380e-02
811335680,11206749,9736028160,29714139,-6.462329e-02,-3.005901e-02,4.985684e-08,1.148540e-05,1.202134e-05,1.614731e-02
811597824,11206754,9739173888,29723846,-6.460699e-02,-3.009645e-02,4.284261e-08,1.174058e-05,1.033009e-05,1.650607e-02
811859968,11206764,9742319616,29733526,-6.460849e-02,-3.007453e-02,4.346791e-08,1.159085e-05,1.048086e-05,1.629556e-02
812122112,11206826,9745465344,29743070,-6.460004e-02,-3.005759e-02,4.001328e-08,1.147578e-05,9.647891e-06,1.613379e-02
812384256,11206840,9748611072,29752778,-6.460477e-02,-3.003678e-02,4.192842e-08,1.133519e-05,1.010966e-05,1.593613e-02
812646400,11206957,9751756800,29762646,-6.457677e-02,-3.008489e-02,3.124588e-08,1.166148e-05,7.533918e-06,1.639486e-02
812908544,11207164,9754902528,29772178,-6.454344e-02,-3.012883e-02,2.057462e-08,1.196352e-05,4.960897e-06,1.681949e-02
813170688,11207277,9758048256,29781915,-6.452174e-02,-3.019035e-02,1.482123e-08,1.239286e-05,3.573655e-06,1.742310e-02
813432832,11207325,9761193984,29791523,-6.449378e-02,-3.017749e-02,8.794775e-09,1.230246e-05,2.120571e-06,1.729600e-02
813694976,11207329,9764339712,29801251,-6.450579e-02,-3.018056e-02,1.119169e-08,1.232401e-05,2.698510e-06,1.732631e-02
813957120,11207371,9767485440,29810910,-6.449597e-02,-3.021209e-02,9.210419e-09,1.254641e-05,2.220791e-06,1.763899e-02
814219264,11207628,9770631168,29820250,-6.447832e-02,-3.018630e-02,6.132934e-09,1.236434e-05,1.478756e-06,1.738301e-02
814481408,11207692,9773776896,29829719,-6.446457e-02,-3.013028e-02,4.168863e-09,1.197356e-05,1.005185e-06,1.683361e-02
814743552,11207974,9776922624,29839477,-6.444135e-02,-3.012584e-02,1.709266e-09,1.194286e-05,4.121335e-07,1.679045e-02
815005696,11208095,9780068352,29849308,-6.440295e-02,-3.018884e-02,8.705037e-12,1.238225e-05,2.098934e-09,1.740819e-02
815267840,11208269,9783214080,29858933,-6.442907e-02,-3.018968e-02,8.451908e-10,1.238815e-05,2.037901e-07,1.741648e-02
815529984,11208490,9786359808,29868732,-6.444027e-02,-3.020587e-02,1.621704e-09,1.250238e-05,3.910208e-07,1.757708e-02
815792128,11208499,9789505536,29878304,-6.442737e-02,-3.017270e-02,7.488970e-10,1.226892e-05,1.805720e-07,1.724886e-02
816054272,11208602,9792651264,29887948,-6.443901e-02,-3.017667e-02,1.521296e-09,1.229671e-05,3.668106e-07,1.728792e-02
816316416,11208704,9795796992,29897628,-6.439904e-02,-3.016516e-02,9.237611e-13,1.221612e-05,2.227347e-10,1.717463e-02
816578560,11208961,9798942720,29907148,-6.441736e-02,-3.023155e-02,3.013645e-10,1.268463e-05,7.266416e-08,1.783330e-02
816840704,11209344,9802088448,29916662,-6.442786e-02,-3.025447e-02,7.760526e-10,1.284843e-05,1.871197e-07,1.806359e-02
817102848,11209530,9805234176,29926306,-6.441597e-02,-3.024999e-02,2.549321e-10,1.281632e-05,6.146852e-08,1.801845e-02
817364992,11209967,9808379904,29935772,-6.441782e-02,-3.025172e-02,3.176162e-10,1.282874e-05,7.658272e-08,1.803591e-02
817627136,11210132,9811525632,29945348,-6.442417e-02,-3.025832e-02,5.841736e-10,1.287605e-05,1.408543e-07,1.810241e-02
817889280,11210137,9814671360,29954925,-6.438331e-02,-3.027698e-02,2.785328e-10,1.301034e-05,6.715904e-08,1.829121e-02
818151424,11210146,9817817088,29964437,-6.441966e-02,-3.029585e-02,3.863045e-10,1.314676e-05,9.314468e-08,1.848301e-02
818413568,11210332,9820962816,29974120,-6.445242e-02,-3.030945e-02,2.748096e-09,1.324557e-05,6.626133e-07,1.862193e-02
818675712,11210737,9824108544,29983713,-6.451590e-02,-3.034713e-02,1.343310e-08,1.352127e-05,3.238951e-06,1.900953e-02
818937856,11210739,9827254272,29993130,-6.453240e-02,-3.039007e-02,1.752892e-08,1.383894e-05,4.226524e-06,1.945615e-02
819200000,11210868,9830400000,30002802,-6.456669e-02,-3.042834e-02,2.778617e-08,1.412513e-05,6.699724e-06,1.985850e-02
819462144,11211005,9833545728,30012315,-6.459091e-02,-3.044711e-02,3.644519e-08,1.426655e-05,8.787562e-06,2.005732e-02
819724288,11211518,9836691456,30021962,-6.454456e-02,-3.046351e-02,2.089648e-08,1.439073e-05,5.038502e-06,2.023190e-02
819986432,11211579,9839837184,30031767,-6.451110e-02,-3.046671e-02,1.234223e-08,1.441505e-05,2.975925e-06,2.026610e-02
820248576,11212730,9842982912,30041303,-6.448863e-02,-3.045486e-02,7.854330e-09,1.432519e-05,1.893814e-06,2.013976e-02
820510720,11213161,9846128640,30050869,-6.445741e-02,-3.043112e-02,3.295532e-09,1.414604e-05,7.946095e-07,1.988790e-02
820772864,11215449,9849274368,30060397,-6.443214e-02,-3.045627e-02,1.033096e-09,1.433582e-05,2.490972e-07,2.015471e-02
821035008,11217933,9852420096,30069918,-6.446155e-02,-3.048378e-02,3.788310e-09,1.454490e-05,9.134267e-07,2.044865e-02
821297152,11224810,9855565824,30079507,-6.443276e-02,-3.049643e-02,1.072743e-09,1.464158e-05,2.586568e-07,2.058458e-02
821559296,11230967,9858711552,30089239,-6.442321e-02,-3.047724e-02,5.386372e-10,1.449504e-05,1.298747e-07,2.037856e-02
821821440,11295575,9861857280,30098813,-6.444141e-02,-3.052142e-02,1.714815e-09,1.483342e-05,4.134715e-07,2.085428e-02
822083584,11300664,9865003008,30108482,-6.439191e-02,-3.051832e-02,6.546963e-11,1.480958e-05,1.578586e-08,2.082076e-02
822345728,11359409,9868148736,30118216,-6.442843e-02,-3.050674e-02,8.079218e-10,1.472059e-05,1.948039e-07,2.069565e-02
822607872,11359523,9871294464,30127801,-6.441138e-02,-3.051092e-02,1.294370e-10,1.475265e-05,3.120948e-08,2.074073e-02
822870016,11359987,9874440192,30137433,-6.437894e-02,-3.050721e-02,4.436412e-10,1.472419e-05,1.069695e-07,2.070072e-02
823132160,11360170,9877585920,30146964,-6.436495e-02,-3.050366e-02,1.228329e-09,1.469693e-05,2.961714e-07,2.066239e-02
823394304,11360278,9880731648,30156556,-6.433403e-02,-3.045706e-02,4.351703e-09,1.434179e-05,1.049271e-06,2.016310e-02
823656448,11360312,9883877376,30166140,-6.433525e-02,-3.044149e-02,4.192950e-09,1.422413e-05,1.010992e-06,1.999769e-02
823918592,11360477,9887023104,30175773,-6.435624e-02,-3.043194e-02,1.915350e-09,1.415223e-05,4.618239e-07,1.989660e-02
824180736,11360538,9890168832,30185198,-6.436523e-02,-3.040863e-02,1.209082e-09,1.397739e-05,2.915306e-07,1.965079e-02
824442880,11360630,9893314560,30194796,-6.438284e-02,-3.040284e-02,2.946763e-10,1.393412e-05,7.105152e-08,1.958996e-02
824705024,11360717,9896460288,30204555,-6.434082e-02,-3.040516e-02,3.502268e-09,1.395142e-05,8.444571e-07,1.961428e-02
824967168,11360903,9899606016,30214276,-6.429208e-02,-3.039806e-02,1.164709e-08,1.389845e-05,2.808313e-06,1.953981e-02
825229312,11361581,9902751744,30223864,-6.428842e-02,-3.032485e-02,1.245174e-08,1.335791e-05,3.002328e-06,1.877986e-02
825491456,11361614,9905897472,30233459,-6.430312e-02,-3.033785e-02,9.387159e-09,1.345311e-05,2.263406e-06,1.891371e-02
825753600,11361632,9909043200,30242871,-6.429834e-02,-3.035980e-02,1.033540e-08,1.361463e-05,2.492043e-06,1.914079e-02
826015744,11361720,9912188928,30252473,-6.432360e-02,-3.033156e-02,5.837832e-09,1.340701e-05,1.407602e-06,1.884889e-02
826277888,11362109,9915334656,30262102,-6.436983e-02,-3.034586e-02,9.105217e-10,1.351198e-05,2.195424e-07,1.899648e-02
826540032,11362486,9918480384,30271613,-6.435981e-02,-3.034920e-02,1.615110e-09,1.353652e-05,3.894308e-07,1.903097e-02
826802176,11362510,9921626112,30281249,-6.436367e-02,-3.032566e-02,1.320340e-09,1.336384e-05,3.183567e-07,1.878821e-02
827064320,11362576,9924771840,30290762,-6.435627e-02,-3.030654e-02,1.912742e-09,1.322443e-05,4.611951e-07,1.859221e-02
827326464,11362714,9927917568,30300433,-6.431001e-02,-3.033290e-02,8.099201e-09,1.341686e-05,1.952857e-06,1.886274e-02
827588608,11362789,9931063296,30310200,-6.432608e-02,-3.036759e-02,5.464855e-09,1.367221e-05,1.317671e-06,1.922174e-02
827850752,11363523,9934209024,30319876,-6.435811e-02,-3.037466e-02,1.755159e-09,1.372452e-05,4.231990e-07,1.929528e-02
828112896,11363548,9937354752,30329562,-6.437258e-02,-3.030683e-02,7.521628e-10,1.322652e-05,1.813594e-07,1.859514e-02
828375040,11363558,9940500480,30339137,-6.432240e-02,-3.032755e-02,6.022574e-09,1.337766e-05,1.452146e-06,1.880763e-02
828637184,11363736,9943646208,30348945,-6.430842e-02,-3.035228e-02,8.387361e-09,1.355920e-05,2.022337e-06,1.906286e-02
828899328,11363766,9946791936,30358690,-6.431613e-02,-3.033751e-02,7.034376e-09,1.345061e-05,1.696109e-06,1.891019e-02
829161472,11363835,9949937664,30368411,-6.433617e-02,-3.032597e-02,4.074157e-09,1.336614e-05,9.823495e-07,1.879144e-02
829423616,11363884,9953083392,30378100,-6.436950e-02,-3.028735e-02,9.304133e-10,1.308519e-05,2.243387e-07,1.839645e-02
829685760,11364667,9956229120,30387808,-6.436808e-02,-3.031307e-02,1.018777e-09,1.327197e-05,2.456447e-07,1.865904e-02
829947904,11364825,9959374848,30397313,-6.437688e-02,-3.031314e-02,5.344952e-10,1.327246e-05,1.288760e-07,1.865973e-02
830210048,11364881,9962520576,30406976,-6.434236e-02,-3.032138e-02,3.322962e-09,1.333261e-05,8.012235e-07,1.874429e-02
830472192,11365005,9965666304,30416516,-6.431387e-02,-3.036347e-02,7.419438e-09,1.364175e-05,1.788954e-06,1.917892e-02
830734336,11365342,9968812032,30425995,-6.431621e-02,-3.029614e-02,7.020635e-09,1.314890e-05,1.692796e-06,1.848602e-02
830996480,11365497,9971957760,30435786,-6.437129e-02,-3.031092e-02,8.245247e-10,1.325627e-05,1.988071e-07,1.863697e-02
831258624,11365564,9975103488,30445452,-6.434346e-02,-3.030773e-02,3.197049e-09,1.323305e-05,7.708637e-07,1.860432e-02
831520768,11365682,9978249216,30455072,-6.434191e-02,-3.028828e-02,3.374701e-09,1.309195e-05,8.136985e-07,1.840595e-02
831782912,11365893,9981394944,30464679,-6.429828e-02,-3.024797e-02,1.034752e-08,1.280190e-05,2.494966e-06,1.799816e-02
832045056,11365894,9984540672,30474226,-6.427105e-02,-3.021619e-02,1.662930e-08,1.257550e-05,4.009611e-06,1.767988e-02
832307200,11365990,9987686400,30483814,-6.430150e-02,-3.020672e-02,9.703063e-09,1.250839e-05,2.339576e-06,1.758553e-02
832569344,11366109,9990832128,30493348,-6.428957e-02,-3.021280e-02,1.219534e-08,1.255142e-05,2.940506e-06,1.764602e-02
832831488,11366314,9993977856,30503065,-6.432791e-02,-3.018137e-02,5.197230e-09,1.232970e-05,1.253142e-06,1.733431e-02
833093632,11366506,9997123584,30512520,-6.431749e-02,-3.016710e-02,6.808755e-09,1.222971e-05,1.641708e-06,1.719372e-02
833355776,11366544,10000269312,30521932,-6.431541e-02,-3.015485e-02,7.156126e-09,1.214417e-05,1.725465e-06,1.707347e-02
833617920,11366611,10003415040,30531645,-6.430717e-02,-3.013330e-02,8.618195e-09,1.199445e-05,2.077995e-06,1.686297e-02
833880064,11366827,10006560768,30541333,-6.427988e-02,-3.012463e-02,1.442840e-08,1.193449e-05,3.478935e-06,1.677868e-02
834142208,11367207,10009706496,30550801,-6.430000e-02,-3.009821e-02,1.000034e-08,1.175265e-05,2.411254e-06,1.652303e-02
834404352,11367537,10012852224,30560526,-6.424461e-02,-3.011838e-02,2.414584e-08,1.189133e-05,5.821977e-06,1.671800e-02
834666496,11367569,10015997952,30570184,-6.427860e-02,-3.009389e-02,1.473971e-08,1.172304e-05,3.553998e-06,1.648140e-02
834928640,11367570,10019143680,30579832,-6.426335e-02,-3.010706e-02,1.867352e-08,1.181337e-05,4.502508e-06,1.660841e-02
835190784,11367778,10022289408,30589483,-6.425630e-02,-3.012164e-02,2.065164e-08,1.191386e-05,4.979467e-06,1.674967e-02
835452928,11368213,10025435136,30598838,-6.422824e-02,-3.016021e-02,2.950089e-08,1.218158e-05,7.113173e-06,1.712606e-02
835715072,11368556,10028580864,30608512,-6.421883e-02,-3.016322e-02,3.282466e-08,1.220262e-05,7.914591e-06,1.715565e-02
835977216,11369051,10031726592,30618032,-6.426494e-02,-3.013791e-02,1.824232e-08,1.202637e-05,4.398537e-06,1.690786e-02
836239360,11369863,10034872320,30627646,-6.430413e-02,-3.011033e-02,9.191838e-09,1.183587e-05,2.216310e-06,1.664003e-02
836501504,11370378,10038018048,30637197,-6.429400e-02,-3.012563e-02,1.123745e-08,1.194135e-05,2.709544e-06,1.678832e-02
836763648,11370764,10041163776,30646815,-6.425175e-02,-3.013452e-02,2.197855e-08,1.200291e-05,5.299408e-06,1.687488e-02
837025792,11371978,10044309504,30656640,-6.426903e-02,-3.012124e-02,1.715413e-08,1.191107e-05,4.136155e-06,1.674575e-02
837287936,11373691,10047455232,30666134,-6.427984e-02,-3.006656e-02,1.443914e-08,1.153660e-05,3.481525e-06,1.621929e-02
837550080,11374074,10050600960,30675877,-6.430049e-02,-3.005996e-02,9.902231e-09,1.149184e-05,2.387598e-06,1.615637e-02
837812224,11378996,10053746688,30685646,-6.428544e-02,-3.010849e-02,1.312402e-08,1.182322e-05,3.164428e-06,1.662225e-02
838074368,11423795,10056892416,30695493,-6.426741e-02,-3.005303e-02,1.758025e-08,1.144492e-05,4.238901e-06,1.609040e-02
838336512,11425990,10060038144,30705182,-6.422677e-02,-3.001551e-02,3.000983e-08,1.119245e-05,7.235887e-06,1.573545e-02
838598656,11459491,10063183872,30714850,-6.421980e-02,-2.997653e-02,3.247463e-08,1.093312e-05,7.830194e-06,1.537086e-02
838860800,11460267,10066329600,30724319,-6.420127e-02,-2.996775e-02,3.949335e-08,1.087518e-05,9.522527e-06,1.528940e-02
839122944,11649884,10069475328,30733687,-6.421320e-02,-2.997737e-02,3.489460e-08,1.093871e-05,8.413688e-06,1.537872e-02
839385088,11651564,10072621056,30743311,-6.415600e-02,-2.998756e-02,5.953918e-08,1.100620e-05,1.435592e-05,1.547360e-02
839647232,11651981,10075766784,30752916,-6.418630e-02,-3.003593e-02,4.566983e-08,1.132950e-05,1.101178e-05,1.592813e-02
839909376,11652190,10078912512,30762530,-6.424263e-02,-2.999997e-02,2.476568e-08,1.108872e-05,5.971433e-06,1.558962e-02
840171520,11652706,10082058240,30772362,-6.424840e-02,-3.000351e-02,2.298390e-08,1.111232e-05,5.541814e-06,1.562279e-02
840433664,11652991,10085203968,30781873,-6.427595e-02,-3.003552e-02,1.538894e-08,1.132674e-05,3.710538e-06,1.592425e-02
840695808,11653708,10088349696,30791286,-6.427716e-02,-3.002899e-02,1.509094e-08,1.128284e-05,3.638685e-06,1.586253e-02
840957952,11653830,10091495424,30801009,-6.430861e-02,-3.005588e-02,8.351916e-09,1.146416e-05,2.013791e-06,1.611745e-02
841220096,11654487,10094641152,30810765,-6.431589e-02,-3.005677e-02,7.075679e-09,1.147025e-05,1.706068e-06,1.612600e-02
841482240,11654861,10097786880,30820308,-6.436165e-02,-3.007251e-02,1.470580e-09,1.157705e-05,3.545821e-07,1.627616e-02
841744384,11655112,10100932608,30829759,-6.438520e-02,-3.002881e-02,2.191674e-10,1.128158e-05,5.284504e-08,1.586075e-02
842006528,11655141,10104078336,30839456,-6.438125e-02,-3.007938e-02,3.516792e-10,1.162390e-05,8.479590e-08,1.634202e-02
842268672,11655198,10107224064,30849011,-6.438206e-02,-3.007803e-02,3.218794e-10,1.161470e-05,7.761068e-08,1.632910e-02
842530816,11655236,10110369792,30858511,-6.433830e-02,-3.010653e-02,3.806675e-09,1.180973e-05,9.178549e-07,1.660327e-02
842792960,11655353,10113515520,30868088,-6.431702e-02,-3.010551e-02,6.886438e-09,1.180275e-05,1.660439e-06,1.659347e-02
843055104,11655412,10116661248,30877446,-6.430678e-02,-3.005215e-02,8.690279e-09,1.143893e-05,2.095376e-06,1.608197e-02
843317248,11655428,10119806976,30887100,-6.432542e-02,-3.006317e-02,5.562223e-09,1.151362e-05,1.341148e-06,1.618699e-02
843579392,11655451,10122952704,30896589,-6.432828e-02,-3.007482e-02,5.143656e-09,1.159280e-05,1.240224e-06,1.629830e-02
843841536,11655580,10126098432,30906294,-6.435034e-02,-3.004787e-02,2.465929e-09,1.140998e-05,5.945779e-07,1.604127e-02
844103680,11655619,10129244160,30915977,-6.438122e-02,-3.003231e-02,3.527978e-10,1.130516e-05,8.506564e-08,1.589391e-02
844365824,11655688,10132389888,30925736,-6.438672e-02,-3.004112e-02,1.764749e-10,1.136446e-05,4.255114e-08,1.597727e-02
844627968,11655856,10135535616,30935224,-6.435886e-02,-3.005153e-02,1.692673e-09,1.143474e-05,4.081326e-07,1.607609e-02
844890112,11655912,10138681344,30944952,-6.434682e-02,-3.001887e-02,2.828351e-09,1.121494e-05,6.819642e-07,1.576707e-02
845152256,11656141,10141827072,30954859,-6.434705e-02,-3.004807e-02,2.803838e-09,1.141136e-05,6.760536e-07,1.604322e-02
845414400,11656649,10144972800,30964421,-6.433856e-02,-3.004994e-02,3.774565e-09,1.142403e-05,9.101126e-07,1.606102e-02
845676544,11656711,10148118528,30973807,-6.433039e-02,-3.004963e-02,4.845660e-09,1.142192e-05,1.168372e-06,1.605807e-02
845938688,11656719,10151264256,30983327,-6.432965e-02,-3.007713e-02,4.948895e-09,1.160852e-05,1.193264e-06,1.632040e-02
846200832,11656837,10154409984,30992970,-6.431866e-02,-3.004287e-02,6.617080e-09,1.137628e-05,1.595492e-06,1.599390e-02
846462976,11656928,10157555712,31002728,-6.431213e-02,-3.007856e-02,7.721514e-09,1.161830e-05,1.861790e-06,1.633415e-02
846725120,11657036,10160701440,31012214,-6.425428e-02,-3.010527e-02,2.123604e-08,1.180106e-05,5.120375e-06,1.659109e-02
846987264,11657067,10163847168,31021819,-6.425467e-02,-3.007403e-02,2.112111e-08,1.158740e-05,5.092663e-06,1.629071e-02
847249408,11657122,10166992896,31031398,-6.427326e-02,-3.005619e-02,1.606349e-08,1.146626e-05,3.873184e-06,1.612039e-02
847511552,11657129,10170138624,31040947,-6.429268e-02,-3.002752e-02,1.151879e-08,1.127292e-05,2.777378e-06,1.584858e-02
847773696,11657157,10173284352,31050418,-6.428315e-02,-3.001775e-02,1.365333e-08,1.120745e-05,3.292052e-06,1.575653e-02
848035840,11657523,10176430080,31060038,-6.430514e-02,-3.001596e-02,8.998570e-09,1.119548e-05,2.169710e-06,1.573971e-02
848297984,11657706,10179575808,31069760,-6.431799e-02,-3.001590e-02,6.725401e-09,1.119508e-05,1.621610e-06,1.573915e-02
848560128,11658567,10182721536,31079179,-6.437212e-02,-3.003188e-02,7.772984e-10,1.130222e-05,1.874201e-07,1.588977e-02
848822272,11658570,10185867264,31088562,-6.441253e-02,-2.998970e-02,1.570479e-10,1.102043e-05,3.786696e-08,1.549360e-02
849084416,11658671,10189012992,31098367,-6.441217e-02,-3.000070e-02,1.480310e-10,1.109355e-05,3.569282e-08,1.559641e-02
849346560,11658894,10192158720,31108072,-6.443014e-02,-2.999838e-02,9.082748e-10,1.107810e-05,2.190007e-07,1.557468e-02
849608704,11659328,10195304448,31117731,-6.441524e-02,-3.001852e-02,2.321490e-10,1.121257e-05,5.597512e-08,1.576374e-02
849870848,11659435,10198450176,31127313,-6.441543e-02,-3.004045e-02,2.378597e-10,1.135993e-05,5.735208e-08,1.597091e-02
850132992,11659630,10201595904,31136702,-6.444078e-02,-3.003244e-02,1.662766e-09,1.130599e-05,4.009215e-07,1.589507e-02
850395136,11660170,10204741632,31146549,-6.443155e-02,-3.006699e-02,9.951349e-10,1.153957e-05,2.399441e-07,1.622346e-02
850657280,11660187,10207887360,31156247,-6.441955e-02,-3.003888e-02,3.819239e-10,1.134936e-05,9.208843e-08,1.595604e-02
850919424,11660559,10211033088,31165793,-6.440696e-02,-3.005672e-02,4.842549e-11,1.146984e-05,1.167622e-08,1.612543e-02
851181568,11660684,10214178816,31175248,-6.440073e-02,-3.004258e-02,5.223044e-13,1.137431e-05,1.259366e-10,1.599112e-02
851443712,11660932,10217324544,31184804,-6.442881e-02,-2.999425e-02,8.300965e-10,1.105065e-05,2.001506e-07,1.553609e-02
851705856,11660999,10220470272,31194379,-6.441621e-02,-3.001666e-02,2.626024e-10,1.120015e-05,6.331796e-08,1.574628e-02
851968000,11661018,10223616000,31203990,-6.445657e-02,-3.003134e-02,3.200420e-09,1.129861e-05,7.716764e-07,1.588470e-02
852230144,11661750,10226761728,31213428,-6.447459e-02,-3.008700e-02,5.563334e-09,1.167589e-05,1.341416e-06,1.641512e-02
852492288,11661858,10229907456,31223122,-6.441373e-02,-3.005639e-02,1.885519e-10,1.146761e-05,4.546311e-08,1.612229e-02
852754432,11662151,10233053184,31232633,-6.436676e-02,-3.004935e-02,1.105196e-09,1.142000e-05,2.664818e-07,1.605536e-02
853016576,11662203,10236198912,31242392,-6.432652e-02,-3.004677e-02,5.400056e-09,1.140256e-05,1.302047e-06,1.603084e-02
853278720,11662696,10239344640,31252230,-6.433218e-02,-3.006935e-02,4.599910e-09,1.155560e-05,1.109117e-06,1.624601e-02
853540864,11662748,10242490368,31261990,-6.433403e-02,-3.010877e-02,4.351703e-09,1.182516e-05,1.049271e-06,1.662497e-02
853803008,11664123,10245636096,31271615,-6.432988e-02,-3.013175e-02,4.917497e-09,1.198372e-05,1.185693e-06,1.684789e-02
854065152,11664256,10248781824,31281356,-6.431061e-02,-3.014623e-02,7.990941e-09,1.208419e-05,1.926754e-06,1.698915e-02
854327296,11672444,10251927552,31290968,-6.433261e-02,-3.018098e-02,4.541480e-09,1.232698e-05,1.095029e-06,1.733048e-02
854589440,11674021,10255073280,31300523,-6.432671e-02,-3.017758e-02,5.371624e-09,1.230315e-05,1.295191e-06,1.729698e-02
854851584,11675509,10258219008,31310104,-6.432717e-02,-3.018949e-02,5.304125e-09,1.238684e-05,1.278916e-06,1.741464e-02
855113728,11680325,10261364736,31319792,-6.434797e-02,-3.019823e-02,2.707626e-09,1.244841e-05,6.528553e-07,1.750120e-02
855375872,11744976,10264510464,31329525,-6.435588e-02,-3.018798e-02,1.946781e-09,1.237616e-05,4.694023e-07,1.739962e-02
855638016,11749555,10267656192,31339216,-6.437060e-02,-3.014857e-02,8.643595e-10,1.210046e-05,2.084119e-07,1.701202e-02
855900160,11814157,10270801920,31348728,-6.436960e-02,-3.016126e-02,9.240608e-10,1.218890e-05,2.228070e-07,1.713635e-02
856162304,11814856,10273947648,31358551,-6.438233e-02,-3.014692e-02,3.123271e-10,1.208894e-05,7.530743e-08,1.699583e-02
856424448,11814877,10277093376,31368238,-6.436539e-02,-3.015624e-02,1.197710e-09,1.215385e-05,2.887885e-07,1.708707e-02
856686592,11814948,10280239104,31377788,-6.432004e-02,-3.011022e-02,6.394734e-09,1.183511e-05,1.541881e-06,1.663897e-02
856948736,11815312,10283384832,31387284,-6.430689e-02,-3.012170e-02,8.670842e-09,1.191423e-05,2.090689e-06,1.675020e-02
857210880,11815554,10286530560,31396881,-6.432659e-02,-3.008218e-02,5.389112e-09,1.164294e-05,1.299408e-06,1.636880e-02
857473024,11815617,10289676288,31406545,-6.432150e-02,-3.007875e-02,6.163313e-09,1.161958e-05,1.486081e-06,1.633595e-02
857735168,11815838,10292822016,31416131,-6.438169e-02,-3.006589e-02,3.353853e-10,1.153205e-05,8.086716e-08,1.621289e-02
857997312,11816472,10295967744,31425726,-6.436878e-02,-3.004885e-02,9.750245e-10,1.141665e-05,2.350952e-07,1.605065e-02
858259456,11816706,10299113472,31435220,-6.436951e-02,-3.007023e-02,9.295045e-10,1.156158e-05,2.241195e-07,1.625441e-02
858521600,11816834,10302259200,31444809,-6.436253e-02,-3.005257e-02,1.404482e-09,1.144177e-05,3.386448e-07,1.608597e-02
858783744,11817040,10305404928,31454360,-6.439294e-02,-3.006531e-02,4.988809e-11,1.152814e-05,1.202888e-08,1.620739e-02
859045888,11817123,10308550656,31464180,-6.439144e-02,-3.008859e-02,7.328588e-11,1.168676e-05,1.767049e-08,1.643040e-02
859308032,11817348,10311696384,31473556,-6.436939e-02,-3.007798e-02,9.372436e-10,1.161431e-05,2.259856e-07,1.632854e-02
859570176,11817519,10314842112,31483048,-6.437054e-02,-3.007302e-02,8.683068e-10,1.158055e-05,2.093637e-07,1.628108e-02
859832320,11817565,10317987840,31492673,-6.434453e-02,-3.006742e-02,3.077700e-09,1.154246e-05,7.420866e-07,1.622753e-02
860094464,11817855,10321133568,31502287,-6.437212e-02,-3.007076e-02,7.772984e-10,1.156514e-05,1.874201e-07,1.625942e-02
860356608,11818165,10324279296,31512225,-6.438314e-02,-3.005235e-02,2.842820e-10,1.144030e-05,6.854528e-08,1.608390e-02
860618752,11818343,10327425024,31522106,-6.443229e-02,-3.006710e-02,1.042697e-09,1.154026e-05,2.514122e-07,1.622444e-02
860880896,11818345,10330570752,31531546,-6.442484e-02,-3.006017e-02,6.166672e-10,1.149324e-05,1.486891e-07,1.615834e-02
861143040,11818513,10333716480,31541297,-6.442382e-02,-3.004671e-02,5.673689e-10,1.140219e-05,1.368024e-07,1.603032e-02
861405184,11818514,10336862208,31550912,-6.444905e-02,-3.004985e-02,2.405625e-09,1.142336e-05,5.800376e-07,1.606008e-02
861667328,11818610,10340007936,31560548,-6.448592e-02,-3.005139e-02,7.380982e-09,1.143380e-05,1.779682e-06,1.607476e-02
861929472,11818682,10343153664,31570267,-6.445997e-02,-3.008112e-02,3.596368e-09,1.163574e-05,8.671462e-07,1.635867e-02
862191616,11818854,10346299392,31579959,-6.445604e-02,-3.011036e-02,3.140013e-09,1.183609e-05,7.571112e-07,1.664034e-02
862453760,11819578,10349445120,31589539,-6.443518e-02,-3.007941e-02,1.237748e-09,1.162409e-05,2.984423e-07,1.634229e-02
862715904,11819706,10352590848,31599065,-6.444058e-02,-3.005598e-02,1.646401e-09,1.146490e-05,3.969755e-07,1.611848e-02
862978048,11819835,10355736576,31608355,-6.439574e-02,-3.009970e-02,1.816236e-11,1.176283e-05,4.379258e-09,1.653734e-02
863240192,11820253,10358882304,31617915,-6.437837e-02,-3.007561e-02,4.678152e-10,1.159818e-05,1.127983e-07,1.630586e-02
863502336,11820326,10362028032,31627440,-6.436663e-02,-3.012803e-02,1.113634e-09,1.195795e-05,2.685163e-07,1.681166e-02
863764480,11820588,10365173760,31636880,-6.435847e-02,-3.017485e-02,1.724702e-09,1.228395e-05,4.158554e-07,1.726998e-02
864026624,11820632,10368319488,31646194,-6.435050e-02,-3.015359e-02,2.450414e-09,1.213537e-05,5.908370e-07,1.706110e-02
864288768,11820728,10371465216,31655643,-6.433689e-02,-3.018087e-02,3.983360e-09,1.232621e-05,9.604569e-07,1.732940e-02
864550912,11820806,10374610944,31665099,-6.434052e-02,-3.018817e-02,3.538517e-09,1.237751e-05,8.531974e-07,1.740152e-02
864813056,11820875,10377756672,31674737,-6.426875e-02,-3.021521e-02,1.722837e-08,1.256855e-05,4.154056e-06,1.767011e-02
865075200,11821058,10380902400,31684445,-6.431600e-02,-3.015547e-02,7.055638e-09,1.214852e-05,1.701236e-06,1.707959e-02
865337344,11821420,10384048128,31694091,-6.429055e-02,-3.014682e-02,1.198072e-08,1.208830e-05,2.888758e-06,1.699492e-02
865599488,11821490,10387193856,31703690,-6.431099e-02,-3.013902e-02,7.923152e-09,1.203413e-05,1.910408e-06,1.691876e-02
865861632,11821521,10390339584,31713269,-6.429541e-02,-3.013106e-02,1.093933e-08,1.197896e-05,2.637661e-06,1.684120e-02
866123776,11821628,10393485312,31722905,-6.427979e-02,-3.012301e-02,1.445167e-08,1.192331e-05,3.484548e-06,1.676296e-02
866385920,11821640,10396631040,31732419,-6.430481e-02,-3.011733e-02,9.060873e-09,1.188406e-05,2.184732e-06,1.670778e-02
866648064,11822380,10399776768,31742238,-6.429776e-02,-3.014144e-02,1.045390e-08,1.205092e-05,2.520615e-06,1.694237e-02
866910208,11822499,10402922496,31751997,-6.430537e-02,-3.012913e-02,8.954804e-09,1.196556e-05,2.159157e-06,1.682237e-02
867172352,11822512,10406068224,31761550,-6.434181e-02,-3.008177e-02,3.385964e-09,1.164020e-05,8.164142e-07,1.636494e-02
867434496,11822595,10409213952,31771178,-6.433779e-02,-3.007677e-02,3.870376e-09,1.160606e-05,9.332144e-07,1.631694e-02
867696640,11823347,10412359680,31780638,-6.433887e-02,-3.006376e-02,3.737123e-09,1.151762e-05,9.010848e-07,1.619260e-02
867958784,11823425,10415505408,31790165,-6.433580e-02,-3.005407e-02,4.121852e-09,1.145193e-05,9.938495e-07,1.610026e-02
868220928,11823632,10418651136,31799995,-6.434851e-02,-3.002074e-02,2.651319e-09,1.122746e-05,6.392788e-07,1.578467e-02
868483072,11823738,10421796864,31809732,-6.433832e-02,-2.996640e-02,3.804836e-09,1.086624e-05,9.174116e-07,1.527683e-02
868745216,11824248,10424942592,31819047,-6.435557e-02,-2.995778e-02,1.973830e-09,1.080949e-05,4.759245e-07,1.519705e-02
869007360,11824334,10428088320,31828713,-6.438792e-02,-2.995995e-02,1.460434e-10,1.082374e-05,3.521358e-08,1.521708e-02
869269504,11824858,10431234048,31838451,-6.440341e-02,-2.995808e-02,1.164424e-11,1.081149e-05,2.807627e-09,1.519985e-02
869531648,11825256,10434379776,31848102,-6.438507e-02,-2.990335e-02,2.229337e-10,1.045453e-05,5.375315e-08,1.469801e-02
869793792,11825737,10437525504,31857608,-6.439546e-02,-2.989418e-02,2.058803e-11,1.039531e-05,4.964129e-09,1.461475e-02
870055936,11826115,10440671232,31867216,-6.438094e-02,-2.988491e-02,3.635137e-10,1.033565e-05,8.764942e-08,1.453088e-02
870318080,11826880,10443816960,31876755,-6.440198e-02,-2.988467e-02,3.898271e-12,1.033408e-05,9.399402e-10,1.452867e-02
870580224,11828376,10446962688,31886330,-6.439090e-02,-2.986878e-02,8.289391e-11,1.023218e-05,1.998715e-08,1.438541e-02
870842368,11828412,10450108416,31895954,-6.439417e-02,-2.984015e-02,3.403328e-11,1.004984e-05,8.206009e-09,1.412905e-02
871104512,11829439,10453254144,31905487,-6.440457e-02,-2.985232e-02,2.085937e-11,1.012716e-05,5.029553e-09,1.423776e-02
871366656,11834158,10456399872,31915008,-6.442623e-02,-2.986567e-02,6.878054e-10,1.021233e-05,1.658417e-07,1.435750e-02
871628800,11878613,10459545600,31924555,-6.444670e-02,-2.988588e-02,2.180912e-09,1.034189e-05,5.258555e-07,1.453965e-02
871890944,11881473,10462691328,31934152,-6.448598e-02,-2.985791e-02,7.392509e-09,1.016280e-05,1.782461e-06,1.428787e-02
872153088,11918147,10465837056,31943912,-6.446323e-02,-2.986799e-02,3.997480e-09,1.022712e-05,9.638613e-07,1.437829e-02
872415232,11919329,10468982784,31953428,-6.446853e-02,-2.989706e-02,4.695400e-09,1.041394e-05,1.132142e-06,1.464095e-02
872677376,12098032,10472128512,31963015,-6.447066e-02,-2.987769e-02,4.991967e-09,1.028929e-05,1.203649e-06,1.446570e-02
872939520,12099807,10475274240,31972517,-6.451477e-02,-2.986961e-02,1.317186e-08,1.023751e-05,3.175963e-06,1.439290e-02
873201664,12100466,10478419968,31982075,-6.455840e-02,-2.986755e-02,2.509035e-08,1.022431e-05,6.049716e-06,1.437434e-02
873463808,12100552,10481565696,31991968,-6.459104e-02,-2.989790e-02,3.649641e-08,1.041936e-05,8.799913e-06,1.464856e-02
873725952,12101070,10484711424,32001594,-6.457899e-02,-2.985991e-02,3.203574e-08,1.017553e-05,7.724368e-06,1.430576e-02
873988096,12101403,10487857152,32011297,-6.456584e-02,-2.985276e-02,2.750125e-08,1.012995e-05,6.631026e-06,1.424168e-02
874250240,12102078,10491002880,32020755,-6.456975e-02,-2.980908e-02,2.881390e-08,9.853803e-06,6.947528e-06,1.385345e-02
874512384,12103117,10494148608,32030411,-6.453466e-02,-2.987978e-02,1.813380e-08,1.030267e-05,4.372371e-06,1.448451e-02
874774528,12103602,10497294336,32039943,-6.455980e-02,-2.991729e-02,2.553606e-08,1.054491e-05,6.157183e-06,1.482507e-02
875036672,12103629,10500440064,32049420,-6.453716e-02,-2.995340e-02,1.881225e-08,1.078073e-05,4.535957e-06,1.515661e-02
875298816,12103708,10503585792,32059091,-6.454524e-02,-3.000229e-02,2.109513e-08,1.110414e-05,5.086398e-06,1.561129e-02
875560960,12103709,10506731520,32068642,-6.453878e-02,-2.996483e-02,1.926043e-08,1.085590e-05,4.644022e-06,1.526229e-02
875823104,12103773,10509877248,32078220,-6.455163e-02,-2.997402e-02,2.299068e-08,1.091657e-05,5.543448e-06,1.534759e-02
876085248,12103825,10513022976,32087865,-6.460707e-02,-2.996149e-02,4.287655e-08,1.083388e-05,1.033827e-05,1.523133e-02
876347392,12103854,10516168704,32097471,-6.462891e-02,-2.998186e-02,5.240054e-08,1.096839e-05,1.263467e-05,1.542044e-02
876609536,12104041,10519314432,32107221,-6.458250e-02,-2.998647e-02,3.330697e-08,1.099895e-05,8.030884e-06,1.546340e-02
876871680,12104065,10522460160,32116710,-6.455160e-02,-3.001111e-02,2.298164e-08,1.116301e-05,5.541269e-06,1.569405e-02
877133824,12104080,10525605888,32126342,-6.452567e-02,-2.995149e-02,1.579268e-08,1.076816e-05,3.807888e-06,1.513894e-02
877395968,12104150,10528751616,32135926,-6.448603e-02,-3.000578e-02,7.401480e-09,1.112740e-05,1.784624e-06,1.564400e-02
877658112,12104150,10531897344,32145715,-6.446417e-02,-2.999570e-02,4.117070e-09,1.106030e-05,9.926965e-07,1.554966e-02
877920256,12104479,10535043072,32155072,-6.446119e-02,-3.001024e-02,3.743502e-09,1.115722e-05,9.026229e-07,1.568592e-02
878182400,12104630,10538188800,32164581,-6.444629e-02,-3.002424e-02,2.142806e-09,1.125094e-05,5.166675e-07,1.581768e-02
878444544,12105088,10541334528,32174062,-6.448221e-02,-3.000233e-02,6.758436e-09,1.110443e-05,1.629575e-06,1.561171e-02
878706688,12105105,10544480256,32183756,-6.448971e-02,-3.002533e-02,8.046985e-09,1.125823e-05,1.940267e-06,1.582792e-02
878968832,12105257,10547625984,32193484,-6.449004e-02,-3.001149e-02,8.105908e-09,1.116555e-05,1.954474e-06,1.569762e-02
879230976,12105336,10550771712,32202896,-6.453733e-02,-3.001026e-02,1.885928e-08,1.115736e-05,4.547298e-06,1.568611e-02
879493120,12105367,10553917440,32212579,-6.454940e-02,-3.001671e-02,2.232007e-08,1.120048e-05,5.381754e-06,1.574673e-02
879755264,12105482,10557063168,32222199,-6.455100e-02,-3.003085e-02,2.280128e-08,1.129534e-05,5.497781e-06,1.588011e-02
880017408,12105556,10560208896,32231705,-6.452253e-02,-2.999646e-02,1.501233e-08,1.106537e-05,3.619730e-06,1.555678e-02
880279552,12105558,10563354624,32241476,-6.450097e-02,-2.999466e-02,1.019500e-08,1.105335e-05,2.458189e-06,1.553989e-02
880541696,12105647,10566500352,32250929,-6.452893e-02,-3.000756e-02,1.662162e-08,1.113932e-05,4.007758e-06,1.566075e-02
880803840,12105823,10569646080,32260641,-6.452369e-02,-3.001597e-02,1.529850e-08,1.119554e-05,3.688731e-06,1.573979e-02
881065984,12106239,10572791808,32270282,-6.453511e-02,-3.005925e-02,1.825440e-08,1.148703e-05,4.401449e-06,1.614960e-02
881328128,12106437,10575937536,32279981,-6.450243e-02,-3.005293e-02,1.049202e-08,1.144421e-05,2.529808e-06,1.608939e-02
881590272,12106981,10579083264,32289585,-6.451114e-02,-3.003426e-02,1.235217e-08,1.131828e-05,2.978320e-06,1.591235e-02
881852416,12107050,10582228992,32299169,-6.449696e-02,-3.004760e-02,9.400157e-09,1.140815e-05,2.266539e-06,1.603871e-02
882114560,12107239,10585374720,32308664,-6.452283e-02,-3.011231e-02,1.508545e-08,1.184947e-05,3.637361e-06,1.665915e-02
882376704,12107633,10588520448,32318224,-6.451962e-02,-3.013629e-02,1.430872e-08,1.201516e-05,3.450079e-06,1.689210e-02
882638848,12107949,10591666176,32327880,-6.455386e-02,-3.013416e-02,2.367120e-08,1.200042e-05,5.707535e-06,1.687138e-02
882900992,12108005,10594811904,32337398,-6.452119e-02,-3.014780e-02,1.468729e-08,1.209507e-05,3.541359e-06,1.700444e-02
883163136,12108292,10597957632,32346788,-6.451787e-02,-3.014481e-02,1.389291e-08,1.207430e-05,3.349820e-06,1.697524e-02
883425280,12108670,10601103360,32356281,-6.455947e-02,-3.015754e-02,2.542902e-08,1.216294e-05,6.131374e-06,1.709986e-02
883687424,12108945,10604249088,32366125,-6.460351e-02,-3.015715e-02,4.141738e-08,1.216024e-05,9.986444e-06,1.709606e-02
883949568,12109101,10607394816,32375626,-6.459577e-02,-3.017094e-02,3.832355e-08,1.225661e-05,9.240467e-06,1.723155e-02
884211712,12109298,10610540544,32385250,-6.461128e-02,-3.015952e-02,4.463759e-08,1.217677e-05,1.076289e-05,1.711930e-02
884473856,12109530,10613686272,32394835,-6.460959e-02,-3.017491e-02,4.392580e-08,1.228436e-05,1.059127e-05,1.727057e-02
884736000,12109674,10616832000,32404240,-6.460460e-02,-3.020796e-02,4.185827e-08,1.251718e-05,1.009275e-05,1.759788e-02
884998144,12109990,10619977728,32413949,-6.464580e-02,-3.013531e-02,6.041868e-08,1.200836e-05,1.456798e-05,1.688253e-02
885260288,12110362,10623123456,32423412,-6.467722e-02,-3.017711e-02,7.684746e-08,1.229984e-05,1.852925e-05,1.729233e-02
885522432,12110712,10626269184,32432904,-6.469264e-02,-3.015472e-02,8.563610e-08,1.214329e-05,2.064834e-05,1.707223e-02
885784576,12110768,10629414912,32442629,-6.470251e-02,-3.017991e-02,9.151137e-08,1.231945e-05,2.206497e-05,1.731989e-02
886046720,12111241,10632560640,32452363,-6.469660e-02,-3.017503e-02,8.796724e-08,1.228525e-05,2.121042e-05,1.727182e-02
886308864,12111821,10635706368,32461715,-6.476811e-02,-3.018083e-02,1.355001e-07,1.232595e-05,3.267141e-05,1.732903e-02
886571008,12112662,10638852096,32471231,-6.479112e-02,-3.020360e-02,1.529735e-07,1.248630e-05,3.688454e-05,1.755447e-02
886833152,12112781,10641997824,32480767,-6.476440e-02,-3.025088e-02,1.327823e-07,1.282274e-05,3.201609e-05,1.802747e-02
887095296,12112820,10645143552,32490323,-6.479650e-02,-3.021665e-02,1.572103e-07,1.257871e-05,3.790611e-05,1.768439e-02
887357440,12112902,10648289280,32499877,-6.479173e-02,-3.020515e-02,1.534518e-07,1.249730e-05,3.699986e-05,1.756993e-02
887619584,12119338,10651435008,32509519,-6.478620e-02,-3.021260e-02,1.491453e-07,1.255004e-05,3.596151e-05,1.764409e-02
887881728,12123225,10654580736,32519278,-6.477443e-02,-3.019596e-02,1.401970e-07,1.243243e-05,3.380392e-05,1.747873e-02
888143872,12124370,10657726464,32528745,-6.480096e-02,-3.019156e-02,1.607693e-07,1.240136e-05,3.876424e-05,1.743505e-02
888406016,12129423,10660872192,32538476,-6.484519e-02,-3.020979e-02,1.981915e-07,1.253010e-05,4.778739e-05,1.761604e-02
888668160,12129987,10664017920,32548258,-6.485958e-02,-3.023463e-02,2.112084e-07,1.270656e-05,5.092598e-05,1.786413e-02
888930304,12193404,10667163648,32557793,-6.482148e-02,-3.023739e-02,1.776448e-07,1.272626e-05,4.283323e-05,1.789183e-02
889192448,12200143,10670309376,32567395,-6.487459e-02,-3.024763e-02,2.252329e-07,1.279947e-05,5.430753e-05,1.799475e-02
889454592,12269415,10673455104,32576901,-6.486389e-02,-3.025643e-02,2.151921e-07,1.286248e-05,5.188652e-05,1.808334e-02
889716736,12269443,10676600832,32586486,-6.485058e-02,-3.027255e-02,2.030168e-07,1.297838e-05,4.895085e-05,1.824628e-02
889978880,12269674,10679746560,32596081,-6.488982e-02,-3.028318e-02,2.399198e-07,1.305504e-05,5.784880e-05,1.835406e-02
890241024,12269936,10682892288,32605727,-6.486880e-02,-3.030241e-02,2.197716e-07,1.319440e-05,5.299070e-05,1.854998e-02
890503168,12270205,10686038016,32615422,-6.481994e-02,-3.031424e-02,1.763471e-07,1.328052e-05,4.252033e-05,1.867106e-02
890765312,12270539,10689183744,32625090,-6.482729e-02,-3.029191e-02,1.825711e-07,1.311820e-05,4.402102e-05,1.844286e-02
891027456,12270638,10692329472,32634601,-6.485064e-02,-3.026772e-02,2.030772e-07,1.294363e-05,4.896542e-05,1.819742e-02
891289600,12271321,10695475200,32644127,-6.483246e-02,-3.024445e-02,1.870229e-07,1.277669e-05,4.509445e-05,1.796273e-02
891551744,12271572,10698620928,32653533,-6.482279e-02,-3.024916e-02,1.787456e-07,1.281040e-05,4.309865e-05,1.801013e-02
891813888,12271812,10701766656,32663171,-6.483434e-02,-3.023644e-02,1.886504e-07,1.271948e-05,4.548686e-05,1.788230e-02
892076032,12271949,10704912384,32672739,-6.486308e-02,-3.024527e-02,2.144393e-07,1.278254e-05,5.170502e-05,1.797095e-02
892338176,12272241,10708058112,32682500,-6.482443e-02,-3.030211e-02,1.801406e-07,1.319223e-05,4.343501e-05,1.854694e-02
892600320,12272409,10711203840,32691997,-6.480969e-02,-3.030035e-02,1.678480e-07,1.317944e-05,4.047103e-05,1.852895e-02
892862464,12272588,10714349568,32701637,-6.478156e-02,-3.030236e-02,1.455874e-07,1.319406e-05,3.510363e-05,1.854951e-02
893124608,12272631,10717495296,32711468,-6.478316e-02,-3.027380e-02,1.468124e-07,1.298740e-05,3.539899e-05,1.825896e-02
893386752,12272665,10720641024,32721140,-6.477670e-02,-3.024974e-02,1.419039e-07,1.281452e-05,3.421547e-05,1.801592e-02
893648896,12272860,10723786752,32730931,-6.473892e-02,-3.023340e-02,1.148664e-07,1.269784e-05,2.769627e-05,1.785187e-02
893911040,12273069,10726932480,32740440,-6.469294e-02,-3.020005e-02,8.581060e-08,1.246128e-05,2.069041e-05,1.751929e-02
894173184,12273288,10730078208,32750050,-6.470455e-02,-3.026736e-02,9.275066e-08,1.294100e-05,2.236378e-05,1.819373e-02
894435328,12273423,10733223936,32759633,-6.468788e-02,-3.027426e-02,8.287233e-08,1.299070e-05,1.998195e-05,1.826361e-02
894697472,12273455,10736369664,32769247,-6.464341e-02,-3.030372e-02,5.924503e-08,1.320394e-05,1.428500e-05,1.856340e-02
894959616,12273841,10739515392,32779046,-6.466134e-02,-3.033202e-02,6.829680e-08,1.341038e-05,1.646753e-05,1.885363e-02
895221760,12273871,10742661120,32788908,-6.464382e-02,-3.033963e-02,5.944831e-08,1.346622e-05,1.433401e-05,1.893213e-02
895483904,12274374,10745806848,32798496,-6.463278e-02,-3.035288e-02,5.418583e-08,1.356360e-05,1.306514e-05,1.906905e-02
895746048,12274420,10748952576,32808082,-6.462061e-02,-3.031791e-02,4.866623e-08,1.330728e-05,1.173427e-05,1.870868e-02
896008192,12274488,10752098304,32817813,-6.462867e-02,-3.029250e-02,5.228803e-08,1.312251e-05,1.260755e-05,1.844892e-02
896270336,12274777,10755244032,32827265,-6.465061e-02,-3.028904e-02,6.280423e-08,1.309747e-05,1.514318e-05,1.841372e-02
896532480,12275066,10758389760,32836897,-6.464767e-02,-3.030997e-02,6.134152e-08,1.324940e-05,1.479050e-05,1.862730e-02
896794624,12275382,10761535488,32846607,-6.461944e-02,-3.029470e-02,4.815477e-08,1.313846e-05,1.161094e-05,1.847135e-02
897056768,12275417,10764681216,32856133,-6.463737e-02,-3.023618e-02,5.634359e-08,1.271762e-05,1.358541e-05,1.787969e-02
897318912,12275547,10767826944,32865728,-6.465529e-02,-3.022316e-02,6.517129e-08,1.262493e-05,1.571392e-05,1.774937e-02
897581056,12275656,10770972672,32875323,-6.465529e-02,-3.023168e-02,6.517129e-08,1.268557e-05,1.571392e-05,1.783463e-02
897843200,12275876,10774118400,32884647,-6.468564e-02,-3.024090e-02,8.158616e-08,1.275135e-05,1.967183e-05,1.792710e-02
898105344,12276290,10777264128,32893990,-6.469383e-02,-3.022197e-02,8.633521e-08,1.261653e-05,2.081691e-05,1.773755e-02
898367488,12276394,10780409856,32903563,-6.470340e-02,-3.021977e-02,9.204858e-08,1.260089e-05,2.219450e-05,1.771557e-02
898629632,12276503,10783555584,32913096,-6.471446e-02,-3.021225e-02,9.888459e-08,1.254752e-05,2.384278e-05,1.764054e-02
898891776,12276638,10786701312,32922849,-6.469313e-02,-3.025667e-02,8.592414e-08,1.286420e-05,2.071779e-05,1.808577e-02
899153920,12277130,10789847040,32932332,-6.467994e-02,-3.026107e-02,7.836677e-08,1.289581e-05,1.889558e-05,1.813020e-02
899416064,12277191,10792992768,32941807,-6.469632e-02,-3.024908e-02,8.780379e-08,1.280984e-05,2.117100e-05,1.800934e-02
899678208,12277226,10796138496,32951328,-6.470294e-02,-3.021613e-02,9.177301e-08,1.257506e-05,2.212805e-05,1.767926e-02
899940352,12277273,10799284224,32961034,-6.468701e-02,-3.019297e-02,8.237546e-08,1.241132e-05,1.986214e-05,1.744905e-02
900202496,12277423,10802429952,32970662,-6.473257e-02,-3.016273e-02,1.106038e-07,1.219919e-05,2.666849e-05,1.715082e-02
900464640,12277907,10805575680,32980484,-6.474268e-02,-3.013345e-02,1.174258e-07,1.199552e-05,2.831340e-05,1.686448e-02
900726784,12278339,10808721408,32990046,-6.476400e-02,-3.012762e-02,1.324946e-07,1.195517e-05,3.194674e-05,1.680775e-02
900988928,12278455,10811867136,32999729,-6.477182e-02,-3.009222e-02,1.382455e-07,1.171157e-05,3.333337e-05,1.646528e-02
901251072,12278696,10815012864,33009183,-6.474718e-02,-3.002713e-02,1.205354e-07,1.127033e-05,2.906317e-05,1.584494e-02
901513216,12278783,10818158592,33018684,-6.478816e-02,-2.999552e-02,1.506627e-07,1.105911e-05,3.632737e-05,1.554799e-02
901775360,12279336,10821304320,33028289,-6.478969e-02,-2.999653e-02,1.518565e-07,1.106577e-05,3.661522e-05,1.555736e-02
902037504,12279670,10824450048,33037922,-6.480241e-02,-3.001353e-02,1.619305e-07,1.117921e-05,3.904423e-05,1.571683e-02
902299648,12279702,10827595776,33047515,-6.483205e-02,-3.004703e-02,1.866622e-07,1.140430e-05,4.500748e-05,1.603330e-02
902561792,12280649,10830741504,33056978,-6.481644e-02,-3.003827e-02,1.734184e-07,1.134524e-05,4.181415e-05,1.595026e-02
902823936,12280711,10833887232,33066615,-6.478678e-02,-3.006523e-02,1.496003e-07,1.152762e-05,3.607121e-05,1.620666e-02
903086080,12281423,10837032960,33076282,-6.478034e-02,-3.004386e-02,1.446564e-07,1.138295e-05,3.487915e-05,1.600328e-02
903348224,12282341,10840178688,33085886,-6.478858e-02,-3.002144e-02,1.509925e-07,1.123218e-05,3.640690e-05,1.579130e-02
903610368,12283092,10843324416,33095558,-6.477679e-02,-3.002018e-02,1.419713e-07,1.122373e-05,3.423172e-05,1.577942e-02
903872512,12284587,10846470144,33105256,-6.476737e-02,-3.003925e-02,1.349576e-07,1.135188e-05,3.254061e-05,1.595959e-02
904134656,12284789,10849615872,33114679,-6.476407e-02,-3.005594e-02,1.325489e-07,1.146458e-05,3.195981e-05,1.611804e-02
904396800,12288382,10852761600,33124048,-6.477764e-02,-2.996827e-02,1.426064e-07,1.087861e-05,3.438487e-05,1.529422e-02
904658944,12288557,10855907328,33133618,-6.476650e-02,-2.995581e-02,1.343179e-07,1.079655e-05,3.238636e-05,1.517885e-02
904921088,12288883,10859053056,33143209,-6.479365e-02,-2.996877e-02,1.549614e-07,1.088190e-05,3.736388e-05,1.529885e-02
905183232,12333011,10862198784,33152774,-6.479152e-02,-2.991469e-02,1.532884e-07,1.052804e-05,3.696046e-05,1.480136e-02
905445376,12336243,10865344512,33162399,-6.477739e-02,-2.992776e-02,1.424208e-07,1.061301e-05,3.434011e-05,1.492081e-02
905707520,12376306,10868490240,33171778,-6.476916e-02,-2.990782e-02,1.362801e-07,1.048347e-05,3.285948e-05,1.473870e-02
905969664,12377734,10871635968,33181059,-6.473041e-02,-2.991143e-02,1.091664e-07,1.050685e-05,2.632191e-05,1.477157e-02
906231808,12546556,10874781696,33190793,-6.474190e-02,-2.986834e-02,1.168954e-07,1.022938e-05,2.818549e-05,1.438147e-02
906493952,12548282,10877927424,33200313,-6.477320e-02,-2.989490e-02,1.392779e-07,1.040000e-05,3.358231e-05,1.462135e-02
906756096,12548864,10881073152,33209928,-6.484800e-02,-2.989968e-02,2.007004e-07,1.043084e-05,4.839231e-05,1.466470e-02
907018240,12548905,10884218880,33219640,-6.489153e-02,-2.985612e-02,2.416014e-07,1.015139e-05,5.825427e-05,1.427183e-02
907280384,12549430,10887364608,33229012,-6.491290e-02,-2.986544e-02,2.630643e-07,1.021086e-05,6.342933e-05,1.435544e-02
907542528,12549961,10890510336,33238549,-6.488588e-02,-2.983848e-02,2.360815e-07,1.003926e-05,5.692331e-05,1.411418e-02
907804672,12550470,10893656064,33248181,-6.491843e-02,-2.981476e-02,2.687658e-07,9.889502e-06,6.480407e-05,1.390364e-02
908066816,12551862,10896801792,33257870,-6.492512e-02,-2.978696e-02,2.757478e-07,9.715438e-06,6.648753e-05,1.365892e-02
908328960,12552190,10899947520,33267509,-6.494267e-02,-2.980173e-02,2.944832e-07,9.807724e-06,7.100497e-05,1.378866e-02
908591104,12552209,10903093248,33277287,-6.494375e-02,-2.980690e-02,2.956650e-07,9.840172e-06,7.128991e-05,1.383428e-02
908853248,12552221,10906238976,33286894,-6.496481e-02,-2.978468e-02,3.190060e-07,9.701207e-06,7.691784e-05,1.363891e-02
909115392,12552279,10909384704,33296304,-6.496852e-02,-2.978643e-02,3.232111e-07,9.712152e-06,7.793176e-05,1.365430e-02
909377536,12552462,10912530432,33305797,-6.493482e-02,-2.981091e-02,2.860298e-07,9.865325e-06,6.896671e-05,1.386965e-02
909639680,12552535,10915676160,33315548,-6.494150e-02,-2.983884e-02,2.932231e-07,1.004156e-05,7.070113e-05,1.411741e-02
909901824,12552703,10918821888,33324971,-6.490061e-02,-2.978743e-02,2.506049e-07,9.718399e-06,6.042515e-05,1.366308e-02
910163968,12552741,10921967616,33334679,-6.488433e-02,-2.977197e-02,2.345707e-07,9.622213e-06,5.655903e-05,1.352786e-02
910426112,12552794,10925113344,33344366,-6.487088e-02,-2.975757e-02,2.217249e-07,9.533094e-06,5.346168e-05,1.340256e-02
910688256,12552823,10928259072,33353695,-6.485876e-02,-2.973405e-02,2.104558e-07,9.388387e-06,5.074451e-05,1.319912e-02
910950400,12552832,10931404800,33363268,-6.486440e-02,-2.973597e-02,2.156624e-07,9.400193e-06,5.199993e-05,1.321572e-02
911212544,12553134,10934550528,33372888,-6.484421e-02,-2.973283e-02,1.973235e-07,9.380935e-06,4.757809e-05,1.318864e-02
911474688,12553144,10937696256,33382336,-6.487370e-02,-2.971606e-02,2.243921e-07,9.278458e-06,5.410481e-05,1.304457e-02
911736832,12553201,10940841984,33391771,-6.479786e-02,-2.975529e-02,1.582874e-07,9.519021e-06,3.816583e-05,1.338278e-02
911998976,12553592,10943987712,33401357,-6.480342e-02,-2.976049e-02,1.627470e-07,9.551126e-06,3.924111e-05,1.342792e-02
912261120,12553756,10947133440,33411191,-6.483471e-02,-2.977301e-02,1.889677e-07,9.628662e-06,4.556336e-05,1.353692e-02
912523264,12553857,10950279168,33421077,-6.480766e-02,-2.979334e-02,1.661855e-07,9.755260e-06,4.007018e-05,1.371491e-02
912785408,12553971,10953424896,33430489,-6.478206e-02,-2.981838e-02,1.459686e-07,9.912289e-06,3.519554e-05,1.393567e-02
913047552,12553989,10956570624,33440096,-6.480647e-02,-2.986974e-02,1.652150e-07,1.023832e-05,3.983617e-05,1.439404e-02
913309696,12553994,10959716352,33449610,-6.476983e-02,-2.989168e-02,1.367757e-07,1.037925e-05,3.297897e-05,1.459218e-02
913571840,12554174,10962862080,33459255,-6.474623e-02,-2.989812e-02,1.198742e-07,1.042077e-05,2.890372e-05,1.465055e-02
913833984,12554184,10966007808,33468828,-6.473485e-02,-2.988334e-02,1.121255e-07,1.032553e-05,2.703538e-05,1.451665e-02
914096128,12554284,10969153536,33478337,-6.476247e-02,-2.989443e-02,1.313796e-07,1.039697e-05,3.167790e-05,1.461708e-02
914358272,12554611,10972299264,33487822,-6.472722e-02,-2.985357e-02,1.070743e-07,1.013515e-05,2.581745e-05,1.424900e-02
914620416,12554875,10975444992,33497563,-6.474275e-02,-2.984839e-02,1.174769e-07,1.010216e-05,2.832571e-05,1.420261e-02
914882560,12555391,10978590720,33507167,-6.473309e-02,-2.980319e-02,1.109461e-07,9.816885e-06,2.675100e-05,1.380154e-02
915144704,12555486,10981736448,33516745,-6.473585e-02,-2.980825e-02,1.127951e-07,9.848612e-06,2.719684e-05,1.384615e-02
915406848,12555850,10984882176,33526320,-6.478285e-02,-2.979750e-02,1.465727e-07,9.781235e-06,3.534119e-05,1.375142e-02
915668992,12555903,10988027904,33536039,-6.475356e-02,-2.982539e-02,1.250046e-07,9.956520e-06,3.014075e-05,1.399786e-02
915931136,12556730,10991173632,33545497,-6.473220e-02,-2.984640e-02,1.103562e-07,1.008953e-05,2.660878e-05,1.418486e-02
916193280,12556841,10994319360,33555146,-6.473938e-02,-2.987954e-02,1.151747e-07,1.030118e-05,2.777060e-05,1.448241e-02
916455424,12556927,10997465088,33564778,-6.475031e-02,-2.985276e-02,1.227129e-07,1.012999e-05,2.958818e-05,1.424174e-02
916717568,12557239,11000610816,33574405,-6.473617e-02,-2.984991e-02,1.130104e-07,1.011186e-05,2.724875e-05,1.421625e-02
916979712,12557614,11003756544,33584079,-6.473769e-02,-2.983032e-02,1.140296e-07,9.987636e-06,2.749449e-05,1.404160e-02
917241856,12557724,11006902272,33593545,-6.471545e-02,-2.980439e-02,9.950879e-08,9.824426e-06,2.399328e-05,1.381215e-02
917504000,12558061,11010048000,33603195,-6.470452e-02,-2.978012e-02,9.273251e-08,9.672824e-06,2.235941e-05,1.359901e-02
917766144,12558356,11013193728,33612633,-6.468314e-02,-2.981379e-02,8.016654e-08,9.883423e-06,1.932953e-05,1.389509e-02
918028288,12558368,11016339456,33622249,-6.469283e-02,-2.981981e-02,8.574951e-08,9.921287e-06,2.067568e-05,1.394832e-02
918290432,12558616,11019485184,33631819,-6.464328e-02,-2.984768e-02,5.918339e-08,1.009764e-05,1.427013e-05,1.419626e-02
918552576,12559106,11022630912,33641342,-6.463482e-02,-2.986263e-02,5.514041e-08,1.019286e-05,1.329530e-05,1.433013e-02
918814720,12559649,11025776640,33650870,-6.463908e-02,-2.986799e-02,5.716005e-08,1.022714e-05,1.378227e-05,1.437832e-02
919076864,12559784,11028922368,33660744,-6.462672e-02,-2.988672e-02,5.139911e-08,1.034728e-05,1.239321e-05,1.454723e-02
919339008,12559880,11032068096,33670363,-6.460501e-02,-2.986330e-02,4.202612e-08,1.019718e-05,1.013322e-05,1.433620e-02
919601152,12561464,11035213824,33680051,-6.458805e-02,-2.986733e-02,3.536100e-08,1.022291e-05,8.526146e-06,1.437238e-02
919863296,12561690,11038359552,33689686,-6.461984e-02,-2.986849e-02,4.832823e-08,1.023031e-05,1.165277e-05,1.438278e-02
920125440,12561758,11041505280,33699325,-6.457409e-02,-2.985461e-02,3.030742e-08,1.014177e-05,7.307641e-06,1.425830e-02
920387584,12561845,11044651008,33708857,-6.457372e-02,-2.983381e-02,3.017785e-08,1.000969e-05,7.276401e-06,1.407260e-02
920649728,12561951,11047796736,33718409,-6.461900e-02,-2.983618e-02,4.796204e-08,1.002468e-05,1.156447e-05,1.409369e-02
920911872,12566255,11050942464,33728030,-6.458563e-02,-2.982681e-02,3.445895e-08,9.965455e-06,8.308646e-06,1.401042e-02
921174016,12572561,11054088192,33737620,-6.456256e-02,-2.981715e-02,2.642470e-08,9.904561e-06,6.371451e-06,1.392481e-02
921436160,12573501,11057233920,33747277,-6.458443e-02,-2.982906e-02,3.401230e-08,9.979655e-06,8.200950e-06,1.403038e-02
921698304,12576889,11060379648,33756813,-6.457362e-02,-2.982703e-02,3.014162e-08,9.966820e-06,7.267664e-06,1.401234e-02
921960448,12579794,11063525376,33766293,-6.456742e-02,-2.980041e-02,2.803013e-08,9.799489e-06,6.758546e-06,1.377709e-02
922222592,12583351,11066671104,33775688,-6.454401e-02,-2.980247e-02,2.073953e-08,9.812356e-06,5.000659e-06,1.379518e-02
922484736,12641936,11069816832,33785286,-6.454986e-02,-2.978151e-02,2.245831e-08,9.681527e-06,5.415086e-06,1.361124e-02
922746880,12653158,11072962560,33794843,-6.453304e-02,-2.980982e-02,1.769899e-08,9.858470e-06,4.267532e-06,1.386001e-02
923009024,12723431,11076108288,33804507,-6.451092e-02,-2.980313e-02,1.230253e-08,9.816487e-06,2.966353e-06,1.380099e-02
923271168,12723462,11079254016,33813939,-6.453351e-02,-2.982186e-02,1.782411e-08,9.934222e-06,4.297699e-06,1.396651e-02
923533312,12723717,11082399744,33823534,-6.458622e-02,-2.980614e-02,3.467782e-08,9.835393e-06,8.361419e-06,1.382757e-02
923795456,12724059,11085545472,33833147,-6.458280e-02,-2.980679e-02,3.341584e-08,9.839448e-06,8.057134e-06,1.383327e-02
924057600,12724201,11088691200,33842791,-6.461100e-02,-2.980349e-02,4.452119e-08,9.818776e-06,1.073483e-05,1.380420e-02
924319744,12724798,11091836928,33852221,-6.462532e-02,-2.976668e-02,5.076931e-08,9.589434e-06,1.224135e-05,1.348177e-02
924581888,12725065,11094982656,33861822,-6.464253e-02,-2.972970e-02,5.882143e-08,9.361765e-06,1.418286e-05,1.316169e-02
924844032,12725584,11098128384,33871325,-6.460765e-02,-2.974698e-02,4.311756e-08,9.467828e-06,1.039639e-05,1.331081e-02
925106176,12725819,11101274112,33881037,-6.461366e-02,-2.973166e-02,4.565072e-08,9.373794e-06,1.100718e-05,1.317860e-02
925368320,12726077,11104419840,33890657,-6.457228e-02,-2.974415e-02,2.968032e-08,9.450378e-06,7.156436e-06,1.328627e-02
925630464,12726203,11107565568,33900151,-6.456084e-02,-2.974461e-02,2.586812e-08,9.453208e-06,6.237248e-06,1.329025e-02
925892608,12726397,11110711296,33909568,-6.452335e-02,-2.976098e-02,1.521383e-08,9.554143e-06,3.668317e-06,1.343216e-02
926154752,12726498,11113857024,33919327,-6.452226e-02,-2.976352e-02,1.494667e-08,9.569844e-06,3.603900e-06,1.345423e-02
926416896,12726773,11117002752,33928760,-6.452952e-02,-2.979463e-02,1.677566e-08,9.763290e-06,4.044901e-06,1.372620e-02
926679040,12726815,11120148480,33938524,-6.454399e-02,-2.979395e-02,2.073310e-08,9.759088e-06,4.999107e-06,1.372029e-02
926941184,12726863,11123294208,33948258,-6.449302e-02,-2.977663e-02,8.651427e-09,9.651181e-06,2.086008e-06,1.356858e-02
927203328,12726883,11126439936,33957800,-6.446229e-02,-2.980457e-02,3.879652e-09,9.825547e-06,9.354509e-07,1.381372e-02
927465472,12727544,11129585664,33967520,-6.447259e-02,-2.978795e-02,5.268372e-09,9.721604e-06,1.270295e-06,1.366759e-02
927727616,12727569,11132731392,33977244,-6.446791e-02,-2.982328e-02,4.612045e-09,9.943206e-06,1.112044e-06,1.397914e-02
927989760,12727654,11135877120,33986885,-6.441360e-02,-2.983862e-02,1.848868e-10,1.004017e-05,4.457940e-08,1.411545e-02
928251904,12728092,11139022848,33996373,-6.439611e-02,-2.983612e-02,1.512590e-11,1.002433e-05,3.647115e-09,1.409319e-02
928514048,12728620,11142168576,34006137,-6.442212e-02,-2.983580e-02,4.889991e-10,1.002231e-05,1.179061e-07,1.409036e-02
928776192,12728676,11145314304,34015755,-6.442807e-02,-2.978998e-02,7.877193e-10,9.734281e-06,1.899327e-07,1.368541e-02
929038336,12728718,11148460032,34025397,-6.448328e-02,-2.980524e-02,6.935990e-09,9.829728e-06,1.672387e-06,1.381960e-02
929300480,12728877,11151605760,34035139,-6.445768e-02,-2.980630e-02,3.327259e-09,9.836375e-06,8.022594e-07,1.382895e-02
929562624,12729340,11154751488,34044732,-6.448691e-02,-2.981023e-02,7.552231e-09,9.861019e-06,1.820973e-06,1.386359e-02
929824768,12729534,11157897216,34054397,-6.446196e-02,-2.981414e-02,3.838921e-09,9.885648e-06,9.256300e-07,1.389822e-02
930086912,12729630,11161042944,34063829,-6.446365e-02,-2.980436e-02,4.050413e-09,9.824216e-06,9.766245e-07,1.381185e-02
930349056,12729769,11164188672,34073513,-6.445489e-02,-2.983480e-02,3.012739e-09,1.001595e-05,7.264234e-07,1.408140e-02
930611200,12729806,11167334400,34083121,-6.443764e-02,-2.985019e-02,1.416234e-09,1.011363e-05,3.414783e-07,1.421873e-02
930873344,12730036,11170480128,34092844,-6.442051e-02,-2.982794e-02,4.207195e-10,9.972572e-06,1.014427e-07,1.402043e-02
931135488,12730577,11173625856,34102335,-6.442145e-02,-2.984064e-02,4.601120e-10,1.005297e-05,1.109409e-07,1.413345e-02
931397632,12730620,11176771584,34111943,-6.444020e-02,-2.986663e-02,1.615709e-09,1.021847e-05,3.895753e-07,1.436613e-02
931659776,12730855,11179917312,34121517,-6.445804e-02,-2.986712e-02,3.368644e-09,1.022160e-05,8.122381e-07,1.437054e-02
931921920,12731077,11183063040,34130891,-6.451079e-02,-2.985618e-02,1.227445e-08,1.015173e-05,2.959582e-06,1.427230e-02
932184064,12731477,11186208768,34140401,-6.451804e-02,-2.984424e-02,1.393334e-08,1.007579e-05,3.359567e-06,1.416553e-02
932446208,12731656,11189354496,34149939,-6.456546e-02,-2.987231e-02,2.737537e-08,1.025478e-05,6.600674e-06,1.441718e-02
932708352,12731972,11192500224,34159448,-6.459237e-02,-2.980646e-02,3.700488e-08,9.837379e-06,8.922515e-06,1.383036e-02
932970496,12732079,11195645952,34168873,-6.458925e-02,-2.983461e-02,3.581640e-08,1.001474e-05,8.635949e-06,1.407971e-02
933232640,12732622,11198791680,34178633,-6.460258e-02,-2.982022e-02,4.103616e-08,9.923904e-06,9.894526e-06,1.395200e-02
933494784,12732886,11201937408,34188209,-6.462255e-02,-2.978010e-02,4.952799e-08,9.672719e-06,1.194205e-05,1.359886e-02
933756928,12732981,11205083136,34197734,-6.464899e-02,-2.977111e-02,6.199279e-08,9.616863e-06,1.494753e-05,1.352033e-02
934019072,12733266,11208228864,34207706,-6.461995e-02,-2.978562e-02,4.837738e-08,9.707114e-06,1.166462e-05,1.364722e-02
934281216,12733710,11211374592,34217565,-6.459113e-02,-2.977237e-02,3.653058e-08,9.624720e-06,8.808152e-06,1.353138e-02
934543360,12733916,11214520320,34227115,-6.456622e-02,-2.979773e-02,2.762743e-08,9.782703e-06,6.661448e-06,1.375349e-02
934805504,12734074,11217666048,34236912,-6.458952e-02,-2.979235e-02,3.591516e-08,9.749094e-06,8.659766e-06,1.370624e-02
935067648,12734851,11220811776,34246419,-6.459060e-02,-2.982836e-02,3.632865e-08,9.975231e-06,8.759462e-06,1.402416e-02
935329792,12735078,11223957504,34256161,-6.459437e-02,-2.980823e-02,3.777999e-08,9.848472e-06,9.109406e-06,1.384595e-02
935591936,12735619,11227103232,34265608,-6.458569e-02,-2.983890e-02,3.448108e-08,1.004194e-05,8.313982e-06,1.411794e-02
935854080,12735747,11230248960,34275296,-6.458715e-02,-2.987443e-02,3.502276e-08,1.026839e-05,8.444590e-06,1.443632e-02
936116224,12736493,11233394688,34284852,-6.459925e-02,-2.987260e-02,3.970091e-08,1.025666e-05,9.572574e-06,1.441983e-02
936378368,12737183,11236540416,34294301,-6.458265e-02,-2.984861e-02,3.336138e-08,1.010356e-05,8.044004e-06,1.420458e-02
936640512,12739192,11239686144,34303681,-6.456842e-02,-2.984928e-02,2.836542e-08,1.010781e-05,6.839392e-06,1.421056e-02
936902656,12740237,11242831872,34313063,-6.452504e-02,-2.983048e-02,1.563391e-08,9.988660e-06,3.769605e-06,1.404304e-02
937164800,12742785,11245977600,34322683,-6.454843e-02,-2.982909e-02,2.202939e-08,9.979832e-06,5.311666e-06,1.403063e-02
937426944,12743403,11249123328,34332323,-6.455459e-02,-2.982134e-02,2.389641e-08,9.930946e-06,5.761837e-06,1.396190e-02
937689088,12746819,11252269056,34341806,-6.452617e-02,-2.986684e-02,1.591840e-08,1.021976e-05,3.838200e-06,1.436794e-02
937951232,12751362,11255414784,34351531,-6.451489e-02,-2.987033e-02,1.319924e-08,1.024212e-05,3.182565e-06,1.439939e-02
938213376,12754400,11258560512,34361183,-6.456539e-02,-2.989664e-02,2.735319e-08,1.041120e-05,6.595325e-06,1.463710e-02
938475520,12781300,11261706240,34370903,-6.460592e-02,-2.986843e-02,4.240270e-08,1.022993e-05,1.022402e-05,1.438224e-02
938737664,12787472,11264851968,34380575,-6.459957e-02,-2.987165e-02,3.982571e-08,1.025058e-05,9.602664e-06,1.441127e-02
938999808,12791307,11267997696,34390156,-6.458578e-02,-2.984873e-02,3.451429e-08,1.010432e-05,8.321991e-06,1.420564e-02
939261952,12834892,11271143424,34399756,-6.462388e-02,-2.983066e-02,5.012004e-08,9.989802e-06,1.208480e-05,1.404465e-02
939524096,12836652,11274289152,34409508,-6.463147e-02,-2.981022e-02,5.357706e-08,9.860996e-06,1.291835e-05,1.386356e-02
939786240,12995180,11277434880,34419139,-6.460273e-02,-2.983087e-02,4.109655e-08,9.991132e-06,9.909088e-06,1.404652e-02
940048384,12996841,11280580608,34428702,-6.463032e-02,-2.986985e-02,5.304721e-08,1.023906e-05,1.279060e-05,1.439508e-02
940310528,12997361,11283726336,34438562,-6.464294e-02,-2.982955e-02,5.902037e-08,9.982738e-06,1.423083e-05,1.403472e-02
940572672,12997501,11286872064,34448371,-6.458807e-02,-2.982328e-02,3.536941e-08,9.943159e-06,8.528173e-06,1.397907e-02
940834816,12997888,11290017792,34457952,-6.457735e-02,-2.983328e-02,3.145166e-08,1.000635e-05,7.583538e-06,1.406792e-02
941096960,12998592,11293163520,34467539,-6.454311e-02,-2.979932e-02,2.047856e-08,9.792669e-06,4.937733e-06,1.376750e-02
941359104,12999013,11296309248,34477166,-6.458081e-02,-2.982417e-02,3.268981e-08,9.948822e-06,7.882077e-06,1.398703e-02
941621248,13000761,11299454976,34486908,-6.460162e-02,-2.985525e-02,4.064768e-08,1.014579e-05,9.800857e-06,1.426395e-02
941883392,13000876,11302600704,34496504,-6.463591e-02,-2.986478e-02,5.565246e-08,1.020659e-05,1.341877e-05,1.434943e-02
942145536,13000900,11305746432,34506242,-6.465591e-02,-2.990789e-02,6.548741e-08,1.048394e-05,1.579014e-05,1.473936e-02
942407680,13000983,11308892160,34515875,-6.467322e-02,-2.988880e-02,7.464523e-08,1.036070e-05,1.799825e-05,1.456609e-02
942669824,13001046,11312037888,34525438,-6.463672e-02,-2.991600e-02,5.603628e-08,1.053652e-05,1.351131e-05,1.481327e-02
942931968,13001137,11315183616,34534924,-6.465884e-02,-2.991437e-02,6.699461e-08,1.052596e-05,1.615356e-05,1.479844e-02
943194112,13001318,11318329344,34544758,-6.467740e-02,-2.988920e-02,7.695077e-08,1.036323e-05,1.855416e-05,1.456964e-02
943456256,13001422,11321475072,34554392,-6.464980e-02,-2.990025e-02,6.239785e-08,1.043452e-05,1.504520e-05,1.466988e-02
943718400,13001613,11324620800,34564330,-6.463040e-02,-2.990104e-02,5.308497e-08,1.043963e-05,1.279970e-05,1.467706e-02
943980544,13001663,11327766528,34573841,-6.464336e-02,-2.987036e-02,5.922327e-08,1.024231e-05,1.427975e-05,1.439965e-02
944242688,13001690,11330912256,34583659,-6.464941e-02,-2.985473e-02,6.220444e-08,1.014252e-05,1.499856e-05,1.425935e-02
944504832,13001731,11334057984,34593082,-6.465527e-02,-2.986002e-02,6.515988e-08,1.017623e-05,1.571117e-05,1.430674e-02
944766976,13001853,11337203712,34602496,-6.465919e-02,-2.988703e-02,6.717601e-08,1.034927e-05,1.619729e-05,1.455003e-02
945029120,13002020,11340349440,34612177,-6.470554e-02,-2.993761e-02,9.335066e-08,1.067725e-05,2.250846e-05,1.501114e-02
945291264,13002023,11343495168,34621693,-6.468163e-02,-2.989618e-02,7.931655e-08,1.040827e-05,1.912459e-05,1.463297e-02
945553408,13002269,11346640896,34631374,-6.467274e-02,-2.988561e-02,7.438490e-08,1.034013e-05,1.793548e-05,1.453717e-02
945815552,13002630,11349786624,34641051,-6.469587e-02,-2.991042e-02,8.753906e-08,1.050033e-05,2.110718e-05,1.476240e-02
946077696,13002634,11352932352,34650572,-6.472114e-02,-2.991289e-02,1.031324e-07,1.051636e-05,2.486700e-05,1.478493e-02
946339840,13002684,11356078080,34660231,-6.473783e-02,-2.986697e-02,1.141302e-07,1.022060e-05,2.751877e-05,1.436913e-02
946601984,13002804,11359223808,34669714,-6.471502e-02,-2.984777e-02,9.923634e-08,1.009825e-05,2.392759e-05,1.419712e-02
946864128,13002890,11362369536,34679289,-6.471702e-02,-2.984059e-02,1.005031e-07,1.005262e-05,2.423302e-05,1.413297e-02
947126272,13002932,11365515264,34688779,-6.471249e-02,-2.986080e-02,9.765141e-08,1.018122e-05,2.354544e-05,1.431376e-02
947388416,13002942,11368660992,34698291,-6.471208e-02,-2.983671e-02,9.739547e-08,1.002806e-05,2.348373e-05,1.409843e-02
947650560,13003262,11371806720,34708168,-6.467666e-02,-2.987678e-02,7.653797e-08,1.028342e-05,1.845462e-05,1.445744e-02
947912704,13003267,11374952448,34717850,-6.469247e-02,-2.985544e-02,8.553583e-08,1.014704e-05,2.062416e-05,1.426571e-02
948174848,13003746,11378098176,34727208,-6.469973e-02,-2.985604e-02,8.983772e-08,1.015082e-05,2.166142e-05,1.427103e-02
948436992,13004091,11381243904,34736746,-6.470352e-02,-2.988476e-02,9.212545e-08,1.033469e-05,2.221303e-05,1.452953e-02
948699136,13004355,11384389632,34746388,-6.466522e-02,-2.988336e-02,7.034075e-08,1.032566e-05,1.696037e-05,1.451684e-02
948961280,13004724,11387535360,34756224,-6.472329e-02,-2.985010e-02,1.045152e-07,1.011306e-05,2.520042e-05,1.421793e-02
949223424,13005084,11390681088,34765785,-6.472480e-02,-2.985456e-02,1.054954e-07,1.014145e-05,2.543677e-05,1.425785e-02
949485568,13005626,11393826816,34775270,-6.475220e-02,-2.986092e-02,1.240423e-07,1.018199e-05,2.990873e-05,1.431485e-02
949747712,13005679,11396972544,34784901,-6.473077e-02,-2.989030e-02,1.094078e-07,1.037034e-05,2.638011e-05,1.457965e-02
950009856,13005803,11400118272,34794392,-6.477021e-02,-2.991164e-02,1.370568e-07,1.050826e-05,3.304677e-05,1.477355e-02
950272000,13005849,11403264000,34804050,-6.472833e-02,-2.992019e-02,1.077971e-07,1.056377e-05,2.599175e-05,1.485158e-02
950534144,13006282,11406409728,34813618,-6.469770e-02,-2.994985e-02,8.862255e-08,1.075742e-05,2.136842e-05,1.512383e-02
950796288,13006455,11409555456,34823223,-6.471509e-02,-2.997469e-02,9.927859e-08,1.092100e-05,2.393778e-05,1.535382e-02
951058432,13006929,11412701184,34833007,-6.468048e-02,-2.995451e-02,7.866741e-08,1.078798e-05,1.896807e-05,1.516681e-02
951320576,13007120,11415846912,34842647,-6.462866e-02,-2.996588e-02,5.228463e-08,1.086282e-05,1.260672e-05,1.527203e-02
951582720,13007178,11418992640,34852132,-6.461351e-02,-2.995946e-02,4.558707e-08,1.082054e-05,1.099183e-05,1.521259e-02
951844864,13007862,11422138368,34861773,-6.463744e-02,-2.993988e-02,5.637543e-08,1.069211e-05,1.359309e-05,1.503202e-02
952107008,13007907,11425284096,34871370,-6.466070e-02,-2.996764e-02,6.796231e-08,1.087445e-05,1.638688e-05,1.528838e-02
952369152,13008398,11428429824,34881194,-6.462833e-02,-2.998079e-02,5.213141e-08,1.096131e-05,1.256978e-05,1.541049e-02
952631296,13008665,11431575552,34890762,-6.461277e-02,-2.997225e-02,4.526947e-08,1.090487e-05,1.091525e-05,1.533114e-02
952893440,13008752,11434721280,34900102,-6.462996e-02,-2.997622e-02,5.287917e-08,1.093111e-05,1.275008e-05,1.536803e-02
953155584,13010312,11437867008,34909343,-6.463529e-02,-2.999452e-02,5.536107e-08,1.105241e-05,1.334851e-05,1.553856e-02
953417728,13010430,11441012736,34918848,-6.460745e-02,-2.995830e-02,4.303406e-08,1.081290e-05,1.037625e-05,1.520184e-02
953679872,13010748,11444158464,34928547,-6.456071e-02,-2.990205e-02,2.582739e-08,1.044614e-05,6.227428e-06,1.468621e-02
953942016,13010865,11447304192,34938158,-6.456508e-02,-2.988630e-02,2.725224e-08,1.034457e-05,6.570984e-06,1.454342e-02
954204160,13011303,11450449920,34947900,-6.455244e-02,-2.989547e-02,2.323761e-08,1.040363e-05,5.602988e-06,1.462645e-02
954466304,13015037,11453595648,34957621,-6.458043e-02,-2.990664e-02,3.255524e-08,1.047583e-05,7.849629e-06,1.472795e-02
954728448,13021903,11456741376,34967242,-6.453980e-02,-2.992533e-02,1.954271e-08,1.059715e-05,4.712083e-06,1.489852e-02
954990592,13022711,11459887104,34976888,-6.453618e-02,-2.994262e-02,1.854546e-08,1.071007e-05,4.471630e-06,1.505728e-02
955252736,13028647,11463032832,34986297,-6.451298e-02,-2.994584e-02,1.276293e-08,1.073113e-05,3.077363e-06,1.508687e-02
955514880,13029662,11466178560,34996004,-6.450971e-02,-2.991727e-02,1.203624e-08,1.054477e-05,2.902145e-06,1.482487e-02
955777024,13035251,11469324288,35005880,-6.451656e-02,-2.993660e-02,1.358551e-08,1.067066e-05,3.275700e-06,1.500186e-02
956039168,13090528,11472470016,35015643,-6.452663e-02,-2.995509e-02,1.603517e-08,1.079179e-05,3.866357e-06,1.517216e-02
956301312,13102044,11475615744,35025233,-6.455897e-02,-2.992983e-02,2.527006e-08,1.062649e-05,6.093047e-06,1.493977e-02
956563456,13178138,11478761472,35034785,-6.455073e-02,-2.995597e-02,2.271810e-08,1.079760e-05,5.477726e-06,1.518033e-02
956825600,13178232,11481907200,35044287,-6.459862e-02,-2.994868e-02,3.944894e-08,1.074977e-05,9.511819e-06,1.511308e-02
957087744,13178566,11485052928,35053802,-6.458718e-02,-2.993327e-02,3.503391e-08,1.064893e-05,8.447280e-06,1.497132e-02
957349888,13178684,11488198656,35063659,-6.461488e-02,-2.994520e-02,4.617436e-08,1.072693e-05,1.113343e-05,1.508097e-02
957612032,13179041,11491344384,35073507,-6.455173e-02,-2.992154e-02,2.302232e-08,1.057250e-05,5.551077e-06,1.486386e-02
957874176,13179678,11494490112,35083024,-6.453536e-02,-2.991260e-02,1.832291e-08,1.051444e-05,4.417969e-06,1.478223e-02
958136320,13180153,11497635840,35092733,-6.457262e-02,-2.996918e-02,2.979853e-08,1.088459e-05,7.184938e-06,1.530263e-02
958398464,13180491,11500781568,35102264,-6.456853e-02,-2.994400e-02,2.840057e-08,1.071907e-05,6.847866e-06,1.506993e-02
958660608,13180731,11503927296,35112063,-6.451380e-02,-2.996941e-02,1.295048e-08,1.088613e-05,3.122583e-06,1.530479e-02
958922752,13180814,11507073024,35121746,-6.449986e-02,-3.000380e-02,9.972046e-09,1.111426e-05,2.404432e-06,1.562552e-02
959184896,13180839,11510218752,35131340,-6.446837e-02,-2.996839e-02,4.673982e-09,1.087939e-05,1.126978e-06,1.529532e-02
959447040,13181102,11513364480,35140872,-6.446562e-02,-2.998721e-02,4.305625e-09,1.100390e-05,1.038160e-06,1.547037e-02
959709184,13181267,11516510208,35150602,-6.444264e-02,-3.000733e-02,1.818142e-09,1.113777e-05,4.383853e-07,1.565857e-02
959971328,13181510,11519655936,35160193,-6.445999e-02,-3.002788e-02,3.598155e-09,1.127539e-05,8.675772e-07,1.585206e-02
960233472,13181563,11522801664,35169905,-6.442315e-02,-2.996891e-02,5.358741e-10,1.088282e-05,1.292085e-07,1.530014e-02
960495616,13181667,11525947392,35179501,-6.441176e-02,-3.000383e-02,1.382274e-10,1.111442e-05,3.332902e-08,1.562575e-02
960757760,13181725,11529093120,35189220,-6.441201e-02,-3.001832e-02,1.440693e-10,1.121123e-05,3.473758e-08,1.576185e-02
961019904,13182226,11532238848,35198938,-6.443529e-02,-3.003038e-02,1.245098e-09,1.129219e-05,3.002146e-07,1.587567e-02
961282048,13182405,11535384576,35208426,-6.441437e-02,-3.007351e-02,2.065593e-10,1.158390e-05,4.980500e-08,1.628579e-02
961544192,13182499,11538530304,35217964,-6.442479e-02,-3.005724e-02,6.144490e-10,1.147339e-05,1.481542e-07,1.613042e-02
961806336,13182929,11541676032,35227536,-6.440514e-02,-3.006137e-02,2.642886e-11,1.150139e-05,6.372453e-09,1.616979e-02
962068480,13183447,11544821760,35237046,-6.439179e-02,-3.006773e-02,6.741296e-11,1.154456e-05,1.625443e-08,1.623049e-02
962330624,13183484,11547967488,35246561,-6.439221e-02,-3.007946e-02,6.073564e-11,1.162443e-05,1.464441e-08,1.634277e-02
962592768,13183539,11551113216,35256101,-6.439781e-02,-3.013731e-02,4.798162e-12,1.202221e-05,1.156919e-09,1.690201e-02
962854912,13183816,11554258944,35265582,-6.443925e-02,-3.013253e-02,1.540536e-09,1.198913e-05,3.714497e-07,1.685550e-02
963117056,13184310,11557404672,35275159,-6.441080e-02,-3.012803e-02,1.165513e-10,1.195799e-05,2.810252e-08,1.681172e-02
963379200,13184410,11560550400,35284647,-6.440358e-02,-3.012852e-02,1.278977e-11,1.196134e-05,3.083834e-09,1.681643e-02
963641344,13184540,11563696128,35294150,-6.438986e-02,-3.010771e-02,1.028245e-10,1.181786e-05,2.479275e-08,1.661471e-02
963903488,13184637,11566841856,35303521,-6.439367e-02,-3.009376e-02,4.010681e-11,1.172213e-05,9.670441e-09,1.648013e-02
964165632,13184767,11569987584,35312947,-6.439951e-02,-3.004631e-02,2.418066e-13,1.139945e-05,5.830374e-11,1.602647e-02
964427776,13185033,11573133312,35322759,-6.441669e-02,-3.004233e-02,2.785328e-10,1.137259e-05,6.715904e-08,1.598870e-02
964689920,13185568,11576279040,35332483,-6.439690e-02,-3.004593e-02,9.606538e-12,1.139688e-05,2.316302e-09,1.602286e-02
964952064,13185593,11579424768,35342044,-6.438420e-02,-3.007546e-02,2.497247e-10,1.159719e-05,6.021293e-08,1.630447e-02
965214208,13185795,11582570496,35351718,-6.439214e-02,-3.011162e-02,6.178530e-11,1.184478e-05,1.489750e-08,1.665256e-02
965476352,13186163,11585716224,35361168,-6.437399e-02,-3.011530e-02,6.765189e-10,1.187006e-05,1.631204e-07,1.668810e-02
965738496,13186164,11588861952,35370767,-6.439912e-02,-3.013063e-02,7.860934e-13,1.197594e-05,1.895407e-10,1.683696e-02
966000640,13186574,11592007680,35380330,-6.437214e-02,-3.011348e-02,7.764678e-10,1.185753e-05,1.872198e-07,1.667048e-02
966262784,13186862,11595153408,35389884,-6.441016e-02,-3.009037e-02,1.032783e-10,1.169895e-05,2.490217e-08,1.644754e-02
966524928,13187036,11598299136,35399374,-6.440116e-02,-3.012938e-02,1.350919e-12,1.196730e-05,3.257299e-10,1.682482e-02
966787072,13187541,11601444864,35409031,-6.437906e-02,-3.016824e-02,4.386336e-10,1.223767e-05,1.057621e-07,1.720492e-02
967049216,13187586,11604590592,35418454,-6.436429e-02,-3.012728e-02,1.275249e-09,1.195281e-05,3.074846e-07,1.680444e-02
967311360,13188115,11607736320,35428072,-6.435263e-02,-3.012739e-02,2.243992e-09,1.195356e-05,5.410650e-07,1.680549e-02
967573504,13188402,11610882048,35437601,-6.439214e-02,-3.011977e-02,6.178530e-11,1.190092e-05,1.489750e-08,1.673149e-02
967835648,13188774,11614027776,35447268,-6.440857e-02,-3.011168e-02,7.341350e-11,1.184519e-05,1.770126e-08,1.665313e-02
968097792,13189224,11617173504,35456860,-6.443805e-02,-3.011932e-02,1.447244e-09,1.189780e-05,3.489555e-07,1.672710e-02
968359936,13189263,11620319232,35466324,-6.447960e-02,-3.012181e-02,6.335293e-09,1.191497e-05,1.527548e-06,1.675124e-02
968622080,13189531,11623464960,35475940,-6.445726e-02,-3.013286e-02,3.278446e-09,1.199139e-05,7.904897e-07,1.685868e-02
968884224,13190264,11626610688,35485576,-6.446992e-02,-3.016520e-02,4.888282e-09,1.221643e-05,1.178649e-06,1.717507e-02
969146368,13190305,11629756416,35495176,-6.445318e-02,-3.015056e-02,2.827559e-09,1.211427e-05,6.817731e-07,1.703143e-02
969408512,13190496,11632902144,35504676,-6.450576e-02,-3.012794e-02,1.118539e-08,1.195734e-05,2.696990e-06,1.681081e-02
969670656,13191189,11636047872,35514343,-6.451676e-02,-3.014627e-02,1.363244e-08,1.208442e-05,3.287017e-06,1.698947e-02
969932800,13192079,11639193600,35523880,-6.450651e-02,-3.013847e-02,1.134354e-08,1.203030e-05,2.735123e-06,1.691338e-02
970194944,13194493,11642339328,35533417,-6.451637e-02,-3.008985e-02,1.354212e-08,1.169540e-05,3.265239e-06,1.644254e-02
970457088,13194859,11645485056,35542854,-6.448147e-02,-3.008907e-02,6.637703e-09,1.169005e-05,1.600464e-06,1.643503e-02
970719232,13197653,11648630784,35552223,-6.447206e-02,-3.008668e-02,5.191860e-09,1.167373e-05,1.251847e-06,1.641207e-02
970981376,13198317,11651776512,35561936,-6.449098e-02,-3.007329e-02,8.277186e-09,1.158239e-05,1.995772e-06,1.628366e-02
971243520,13201869,11654922240,35571469,-6.445672e-02,-3.008022e-02,3.216457e-09,1.162963e-05,7.755432e-07,1.635008e-02
971505664,13206339,11658067968,35581204,-6.446573e-02,-3.007073e-02,4.320304e-09,1.156494e-05,1.041700e-06,1.625913e-02
971767808,13209325,11661213696,35590963,-6.445614e-02,-3.005621e-02,3.150877e-09,1.146644e-05,7.597307e-07,1.612064e-02
972029952,13236233,11664359424,35600704,-6.445938e-02,-3.008375e-02,3.526118e-09,1.165368e-05,8.502078e-07,1.638389e-02
972292096,13242270,11667505152,35610273,-6.445938e-02,-3.010798e-02,3.526118e-09,1.181970e-05,8.502078e-07,1.661730e-02
972554240,13246771,11670650880,35620020,-6.447829e-02,-3.011733e-02,6.129434e-09,1.188406e-05,1.477912e-06,1.670778e-02
972816384,13293691,11673796608,35629624,-6.451397e-02,-3.008316e-02,1.298951e-08,1.164963e-05,3.131995e-06,1.637820e-02
973078528,13295559,11676942336,35639394,-6.449793e-02,-3.008124e-02,9.590369e-09,1.163658e-05,2.312403e-06,1.635985e-02
973340672,13443879,11680088064,35648944,-6.451690e-02,-3.007118e-02,1.366552e-08,1.156804e-05,3.294992e-06,1.626350e-02
973602816,13445573,11683233792,35658405,-6.452349e-02,-3.001325e-02,1.524877e-08,1.117735e-05,3.676742e-06,1.571422e-02
973864960,13446153,11686379520,35668117,-6.451005e-02,-2.997455e-02,1.210992e-08,1.092007e-05,2.919910e-06,1.535251e-02
974127104,13446442,11689525248,35677825,-6.449262e-02,-2.995662e-02,8.578125e-09,1.080185e-05,2.068334e-06,1.518631e-02
974389248,13446677,11692670976,35687483,-6.446963e-02,-2.997181e-02,4.847735e-09,1.090194e-05,1.168872e-06,1.532702e-02
974651392,13447487,11695816704,35697337,-6.446381e-02,-2.996167e-02,4.071304e-09,1.083512e-05,9.816615e-07,1.523308e-02
974913536,13447875,11698962432,35707086,-6.444935e-02,-2.996930e-02,2.434948e-09,1.088538e-05,5.871079e-07,1.530374e-02
975175680,13449694,11702108160,35716758,-6.445924e-02,-2.999852e-02,3.509326e-09,1.107906e-05,8.461590e-07,1.557604e-02
975437824,13449838,11705253888,35726359,-6.446104e-02,-3.001394e-02,3.726200e-09,1.118195e-05,8.984509e-07,1.572068e-02
975699968,13449895,11708399616,35735975,-6.449153e-02,-3.003888e-02,8.377811e-09,1.134934e-05,2.020034e-06,1.595602e-02
975962112,13449919,11711545344,35745535,-6.451514e-02,-3.006465e-02,1.325580e-08,1.152363e-05,3.196201e-06,1.620105e-02
976224256,13449924,11714691072,35755079,-6.456631e-02,-3.005849e-02,2.765716e-08,1.148184e-05,6.668617e-06,1.614231e-02
976486400,13450101,11717836800,35764723,-6.457705e-02,-3.003571e-02,3.134605e-08,1.132803e-05,7.558071e-06,1.592606e-02
976748544,13450244,11720982528,35774182,-6.456698e-02,-3.001519e-02,2.788064e-08,1.119032e-05,6.722502e-06,1.573245e-02
977010688,13450374,11724128256,35783811,-6.460672e-02,-2.998202e-02,4.273165e-08,1.096949e-05,1.030334e-05,1.542199e-02
977272832,13450543,11727273984,35793029,-6.459584e-02,-2.998090e-02,3.835272e-08,1.096204e-05,9.247502e-06,1.541151e-02
977534976,13450597,11730419712,35802777,-6.460604e-02,-2.996616e-02,4.245181e-08,1.086467e-05,1.023586e-05,1.527462e-02
977797120,13450629,11733565440,35812370,-6.461310e-02,-2.999909e-02,4.541225e-08,1.108285e-05,1.094968e-05,1.558136e-02
978059264,13450717,11736711168,35821878,-6.462578e-02,-2.999546e-02,5.097769e-08,1.105871e-05,1.229160e-05,1.554743e-02
978321408,13450917,11739856896,35831576,-6.461045e-02,-3.000136e-02,4.428883e-08,1.109794e-05,1.067880e-05,1.560258e-02
978583552,13451084,11743002624,35841306,-6.461903e-02,-3.002962e-02,4.797183e-08,1.128702e-05,1.156683e-05,1.586840e-02
978845696,13451209,11746148352,35850955,-6.458224e-02,-3.002400e-02,3.320914e-08,1.124933e-05,8.007296e-06,1.581541e-02
979107840,13451281,11749294080,35860633,-6.458544e-02,-3.001261e-02,3.438707e-08,1.117304e-05,8.291315e-06,1.570816e-02
979369984,13451532,11752439808,35870342,-6.462047e-02,-2.998352e-02,4.860708e-08,1.097941e-05,1.172000e-05,1.543593e-02
979632128,13451683,11755585536,35880068,-6.463674e-02,-2.996264e-02,5.604334e-08,1.084148e-05,1.351301e-05,1.524202e-02
979894272,13451709,11758731264,35889459,-6.463531e-02,-2.994335e-02,5.537159e-08,1.071479e-05,1.335104e-05,1.506391e-02
980156416,13451747,11761876992,35899004,-6.464390e-02,-2.995715e-02,5.948465e-08,1.080533e-05,1.434277e-05,1.519119e-02
980418560,13451807,11765022720,35908513,-6.465387e-02,-2.998779e-02,6.444674e-08,1.100772e-05,1.553922e-05,1.547574e-02
980680704,13451928,11768168448,35918325,-6.463461e-02,-3.001198e-02,5.503898e-08,1.116882e-05,1.327085e-05,1.570223e-02
980942848,13452060,11771314176,35927923,-6.463052e-02,-2.999192e-02,5.313648e-08,1.103512e-05,1.281212e-05,1.551427e-02
981204992,13452179,11774459904,35937545,-6.464177e-02,-2.997368e-02,5.844978e-08,1.091433e-05,1.409325e-05,1.534444e-02
981467136,13452258,11777605632,35947032,-6.463056e-02,-2.999154e-02,5.315709e-08,1.103264e-05,1.281709e-05,1.551077e-02
981729280,13452605,11780751360,35956406,-6.463334e-02,-2.999343e-02,5.444629e-08,1.104518e-05,1.312794e-05,1.552840e-02
981991424,13453106,11783897088,35966004,-6.462415e-02,-2.999449e-02,5.024354e-08,1.105221e-05,1.211458e-05,1.553828e-02
982253568,13453370,11787042816,35975477,-6.465635e-02,-3.002501e-02,6.571641e-08,1.125606e-05,1.584536e-05,1.582488e-02
982515712,13453880,11790188544,35985228,-6.466753e-02,-3.003587e-02,7.157123e-08,1.132908e-05,1.725705e-05,1.592754e-02
982777856,13454011,11793334272,35994804,-6.465890e-02,-3.005069e-02,6.702933e-08,1.142905e-05,1.616193e-05,1.606808e-02
983040000,13454681,11796480000,36004585,-6.467639e-02,-3.010310e-02,7.638963e-08,1.178617e-05,1.841885e-05,1.657016e-02
983302144,13454754,11799625728,36014116,-6.469514e-02,-3.011449e-02,8.710753e-08,1.186449e-05,2.100313e-05,1.668027e-02
983564288,13454898,11802771456,36023640,-6.467225e-02,-3.013056e-02,7.411691e-08,1.197545e-05,1.787087e-05,1.683627e-02
983826432,13454910,11805917184,36033119,-6.463043e-02,-3.015763e-02,5.309870e-08,1.216354e-05,1.280301e-05,1.710070e-02
984088576,13455319,11809062912,36042769,-6.462111e-02,-3.017133e-02,4.889002e-08,1.225933e-05,1.178823e-05,1.723538e-02
984350720,13455462,11812208640,36052570,-6.460588e-02,-3.021930e-02,4.238736e-08,1.259753e-05,1.022032e-05,1.771085e-02
984612864,13456025,11815354368,36061990,-6.460416e-02,-3.025828e-02,4.167859e-08,1.287572e-05,1.004943e-05,1.810196e-02
984875008,13456069,11818500096,36071728,-6.457723e-02,-3.028330e-02,3.140940e-08,1.305595e-05,7.573346e-06,1.835535e-02
985137152,13456168,11821645824,36081327,-6.460059e-02,-3.021424e-02,4.023714e-08,1.256161e-05,9.701868e-06,1.766034e-02
985399296,13456975,11824791552,36090692,-6.456955e-02,-3.022505e-02,2.874565e-08,1.263835e-05,6.931071e-06,1.776824e-02
985661440,13457115,11827937280,36100341,-6.455428e-02,-3.022514e-02,2.380206e-08,1.263906e-05,5.739087e-06,1.776923e-02
985923584,13457473,11831083008,36109911,-6.455522e-02,-3.020872e-02,2.409261e-08,1.252252e-05,5.809144e-06,1.760539e-02
986185728,13457620,11834228736,36119562,-6.456218e-02,-3.017777e-02,2.630131e-08,1.230444e-05,6.341699e-06,1.729880e-02
986447872,13457785,11837374464,36129328,-6.456309e-02,-3.019116e-02,2.659696e-08,1.239854e-05,6.412986e-06,1.743109e-02
986710016,13459133,11840520192,36138731,-6.455541e-02,-3.016998e-02,2.415278e-08,1.224983e-05,5.823652e-06,1.722202e-02
986972160,13459267,11843665920,36148328,-6.458687e-02,-3.016001e-02,3.491965e-08,1.218020e-05,8.419730e-06,1.712412e-02
987234304,13459770,11846811648,36157883,-6.461557e-02,-3.014767e-02,4.646941e-08,1.209416e-05,1.120457e-05,1.700317e-02
987496448,13460139,11849957376,36167482,-6.459366e-02,-3.016921e-02,3.750245e-08,1.224448e-05,9.042486e-06,1.721450e-02
987758592,13460341,11853103104,36177196,-6.462509e-02,-3.016130e-02,5.066528e-08,1.218916e-05,1.221627e-05,1.713672e-02
988020736,13464049,11856248832,36186850,-6.463756e-02,-3.015222e-02,5.643205e-08,1.212584e-05,1.360674e-05,1.704769e-02
988282880,13471587,11859394560,36196393,-6.461456e-02,-3.014894e-02,4.603677e-08,1.210304e-05,1.110026e-05,1.701565e-02
988545024,13471991,11862540288,36205881,-6.463013e-02,-3.014535e-02,5.295801e-08,1.207807e-05,1.276909e-05,1.698054e-02
988807168,13477509,11865686016,36215464,-6.466854e-02,-3.013592e-02,7.211042e-08,1.201258e-05,1.738706e-05,1.688847e-02
989069312,13479633,11868831744,36225278,-6.463540e-02,-3.015319e-02,5.541017e-08,1.213261e-05,1.336035e-05,1.705721e-02
989331456,13484408,11871977472,36234754,-6.465325e-02,-3.014974e-02,6.413315e-08,1.210859e-05,1.546361e-05,1.702345e-02
989593600,13539503,11875123200,36244301,-6.464514e-02,-3.017240e-02,6.009313e-08,1.226684e-05,1.448949e-05,1.724593e-02
989855744,13551055,11878268928,36254272,-6.460613e-02,-3.021350e-02,4.248865e-08,1.255640e-05,1.024475e-05,1.765303e-02
990117888,13632891,11881414656,36263811,-6.458034e-02,-3.020409e-02,3.252299e-08,1.248980e-05,7.841852e-06,1.755940e-02
990380032,13633030,11884560384,36273447,-6.453779e-02,-3.018758e-02,1.898432e-08,1.237335e-05,4.577446e-06,1.739568e-02
990642176,13633485,11887706112,36283144,-6.455835e-02,-3.020065e-02,2.507383e-08,1.246553e-05,6.045733e-06,1.752526e-02
990904320,13633637,11890851840,36292990,-6.453648e-02,-3.020110e-02,1.862672e-08,1.246868e-05,4.491222e-06,1.752970e-02
991166464,13633827,11893997568,36302790,-6.455923e-02,-3.020005e-02,2.535303e-08,1.246126e-05,6.113053e-06,1.751927e-02
991428608,13634599,11897143296,36312312,-6.458819e-02,-3.017172e-02,3.541426e-08,1.226206e-05,8.538988e-06,1.723921e-02
991690752,13635347,11900289024,36321921,-6.455038e-02,-3.019029e-02,2.261490e-08,1.239241e-05,5.452842e-06,1.742247e-02
991952896,13635367,11903434752,36331454,-6.455468e-02,-3.020885e-02,2.392406e-08,1.252345e-05,5.768504e-06,1.760670e-02
992215040,13635533,11906580480,36341007,-6.452837e-02,-3.019486e-02,1.647784e-08,1.242463e-05,3.973091e-06,1.746777e-02
992477184,13635889,11909726208,36350884,-6.453509e-02,-3.020671e-02,1.824836e-08,1.250831e-05,4.399993e-06,1.758541e-02
992739328,13635938,11912871936,36360398,-6.452759e-02,-3.025107e-02,1.627761e-08,1.282404e-05,3.924813e-06,1.802930e-02
993001472,13636211,11916017664,36369833,-6.453825e-02,-3.026957e-02,1.911183e-08,1.295693e-05,4.608190e-06,1.821612e-02
993263616,13636219,11919163392,36379460,-6.455194e-02,-3.030075e-02,2.308567e-08,1.318234e-05,5.566352e-06,1.853304e-02
993525760,13636339,11922309120,36389192,-6.456778e-02,-3.030577e-02,2.815000e-08,1.321882e-05,6.787451e-06,1.858432e-02
993787904,13636475,11925454848,36398968,-6.457461e-02,-3.028601e-02,3.048928e-08,1.307551e-05,7.351491e-06,1.838283e-02
994050048,13636529,11928600576,36408556,-6.462752e-02,-3.031097e-02,5.176461e-08,1.325665e-05,1.248134e-05,1.863751e-02
994312192,13636692,11931746304,36418010,-6.462585e-02,-3.031828e-02,5.100797e-08,1.330994e-05,1.229890e-05,1.871243e-02
994574336,13637085,11934892032,36427490,-6.459799e-02,-3.031278e-02,3.920072e-08,1.326982e-05,9.451970e-06,1.865603e-02
994836480,13637394,11938037760,36436810,-6.458488e-02,-3.032841e-02,3.418014e-08,1.338398e-05,8.241419e-06,1.881652e-02
995098624,13637412,11941183488,36446592,-6.460664e-02,-3.031506e-02,4.270085e-08,1.328645e-05,1.029591e-05,1.867940e-02
995360768,13637994,11944329216,36456138,-6.459124e-02,-3.029409e-02,3.657046e-08,1.313403e-05,8.817768e-06,1.846512e-02
995622912,13638340,11947474944,36465787,-6.459433e-02,-3.029015e-02,3.776261e-08,1.310551e-05,9.105217e-06,1.842502e-02
995885056,13638504,11950620672,36475137,-6.460514e-02,-3.026262e-02,4.208112e-08,1.290692e-05,1.014648e-05,1.814582e-02
996147200,13638526,11953766400,36484784,-6.459074e-02,-3.022204e-02,3.637979e-08,1.261699e-05,8.771793e-06,1.773820e-02
996409344,13638775,11956912128,36494145,-6.462824e-02,-3.026737e-02,5.209059e-08,1.294105e-05,1.255994e-05,1.819381e-02
996671488,13639239,11960057856,36503637,-6.459926e-02,-3.027845e-02,3.970388e-08,1.302094e-05,9.573290e-06,1.830612e-02
996933632,13639442,11963203584,36513207,-6.457592e-02,-3.026241e-02,3.094632e-08,1.290539e-05,7.461690e-06,1.814367e-02
997195776,13639465,11966349312,36522803,-6.456717e-02,-3.023995e-02,2.794537e-08,1.274455e-05,6.738109e-06,1.791755e-02
997457920,13639517,11969495040,36532364,-6.452239e-02,-3.022356e-02,1.497766e-08,1.262776e-05,3.611371e-06,1.775335e-02
997720064,13639769,11972640768,36541968,-6.454962e-02,-3.026121e-02,2.238691e-08,1.289679e-05,5.397869e-06,1.813157e-02
997982208,13640303,11975786496,36551641,-6.452617e-02,-3.023866e-02,1.591840e-08,1.273532e-05,3.838200e-06,1.790457e-02
998244352,13640630,11978932224,36561180,-6.453788e-02,-3.021760e-02,1.901102e-08,1.258545e-05,4.583884e-06,1.769386e-02
998506496,13640893,11982077952,36570758,-6.454314e-02,-3.018876e-02,2.048709e-08,1.238169e-05,4.939789e-06,1.740739e-02
998768640,13640966,11985223680,36580343,-6.454540e-02,-3.018943e-02,2.114060e-08,1.238641e-05,5.097363e-06,1.741403e-02
999030784,13641094,11988369408,36589884,-6.450926e-02,-3.018294e-02,1.193672e-08,1.234078e-05,2.878150e-06,1.734989e-02
999292928,13641483,11991515136,36599463,-6.449997e-02,-3.016424e-02,9.992889e-09,1.220970e-05,2.409458e-06,1.716560e-02
999555072,13641712,11994660864,36609003,-6.448792e-02,-3.012015e-02,7.729373e-09,1.190355e-05,1.863685e-06,1.673518e-02
999817216,13641779,11997806592,36618556,-6.448147e-02,-3.012426e-02,6.637703e-09,1.193190e-05,1.600464e-06,1.677504e-02
1000079360,13642148,12000952320,36628233,-6.448615e-02,-3.010223e-02,7.422006e-09,1.178021e-05,1.789574e-06,1.656178e-02
1000341504,13642577,12004098048,36637709,-6.448194e-02,-3.011118e-02,6.714407e-09,1.184175e-05,1.618959e-06,1.664830e-02
1000603648,13642645,12007243776,36647345,-6.447384e-02,-3.015397e-02,5.451644e-09,1.213802e-05,1.314485e-06,1.706482e-02
1000865792,13643246,12010389504,36656836,-6.442939e-02,-3.016596e-02,8.639214e-10,1.222172e-05,2.083063e-07,1.718250e-02
1001127936,13643816,12013535232,36666422,-6.444152e-02,-3.015622e-02,1.723465e-09,1.215374e-05,4.155571e-07,1.708693e-02
1001390080,13643907,12016680960,36676028,-6.443692e-02,-3.015587e-02,1.362911e-09,1.215130e-05,3.286214e-07,1.708350e-02
1001652224,13644563,12019826688,36685818,-6.445232e-02,-3.014418e-02,2.737171e-09,1.206990e-05,6.599790e-07,1.696905e-02
1001914368,13644580,12022972416,36695562,-6.444960e-02,-3.011075e-02,2.460013e-09,1.183875e-05,5.931515e-07,1.664408e-02
1002176512,13645092,12026118144,36705066,-6.443796e-02,-3.012111e-02,1.441015e-09,1.191017e-05,3.474536e-07,1.674448e-02
1002438656,13645347,12029263872,36714755,-6.442176e-02,-3.011546e-02,4.733103e-10,1.187123e-05,1.141233e-07,1.668974e-02
1002700800,13645490,12032409600,36724418,-6.439200e-02,-3.014290e-02,6.403078e-11,1.206103e-05,1.543892e-08,1.695659e-02
1002962944,13645716,12035555328,36733849,-6.437565e-02,-3.016622e-02,5.932122e-10,1.222358e-05,1.430337e-07,1.718512e-02
1003225088,13645977,12038701056,36743616,-6.435218e-02,-3.016877e-02,2.286545e-09,1.224139e-05,5.513253e-07,1.721016e-02
1003487232,13647013,12041846784,36753141,-6.431812e-02,-3.020309e-02,6.704642e-09,1.248271e-05,1.616605e-06,1.754942e-02
1003749376,13649887,12044992512,36762471,-6.430762e-02,-3.023087e-02,8.534018e-09,1.267979e-05,2.057699e-06,1.782649e-02
1004011520,13649899,12048138240,36772006,-6.433970e-02,-3.022084e-02,3.635794e-09,1.260847e-05,8.766526e-07,1.772623e-02
1004273664,13652761,12051283968,36781547,-6.435676e-02,-3.022992e-02,1.869972e-09,1.267301e-05,4.508824e-07,1.781696e-02
1004535808,13653612,12054429696,36791253,-6.439465e-02,-3.021254e-02,2.869710e-11,1.254958e-05,6.919365e-09,1.764344e-02
1004797952,13657023,12057575424,36800848,-6.440566e-02,-3.020377e-02,3.206324e-11,1.248753e-05,7.731000e-09,1.755620e-02
1005060096,13661483,12060721152,36810324,-6.439754e-02,-3.021724e-02,6.081857e-12,1.258293e-05,1.466441e-09,1.769032e-02
1005322240,13664322,12063866880,36819804,-6.438495e-02,-3.022778e-02,2.265077e-10,1.265783e-05,5.461491e-08,1.779563e-02
1005584384,13691272,12067012608,36829337,-6.436318e-02,-3.026029e-02,1.355769e-09,1.289021e-05,3.268993e-07,1.812232e-02
1005846528,13697288,12070158336,36839046,-6.437017e-02,-3.023051e-02,8.899557e-10,1.267727e-05,2.145836e-07,1.782295e-02
1006108672,13702432,12073304064,36848665,-6.435981e-02,-3.017101e-02,1.615110e-09,1.225709e-05,3.894308e-07,1.723223e-02
1006370816,13752771,12076449792,36858232,-6.439498e-02,-3.020814e-02,2.521738e-11,1.251843e-05,6.080345e-09,1.759964e-02
1006632960,13754713,12079595520,36867840,-6.437825e-02,-3.020480e-02,4.733103e-10,1.249481e-05,1.141233e-07,1.756643e-02
1006895104,13892968,12082741248,36877383,-6.441218e-02,-3.018129e-02,1.482123e-10,1.232919e-05,3.573654e-08,1.733359e-02
1007157248,13894771,12085886976,36886995,-6.440213e-02,-3.014441e-02,4.540590e-12,1.207154e-05,1.094814e-09,1.697136e-02
1007419392,13895396,12089032704,36896520,-6.441610e-02,-3.015278e-02,2.589928e-10,1.212974e-05,6.244763e-08,1.705319e-02
1007681536,13895819,12092178432,36906087,-6.443208e-02,-3.013839e-02,1.028789e-09,1.202973e-05,2.480589e-07,1.691259e-02
1007943680,13895832,12095324160,36915880,-6.442490e-02,-3.013164e-02,6.200020e-10,1.198294e-05,1.494932e-07,1.684680e-02
1008205824,13896787,12098469888,36925414,-6.439321e-02,-3.016519e-02,4.606987e-11,1.221637e-05,1.110824e-08,1.717497e-02
1008467968,13897190,12101615616,36934915,-6.440844e-02,-3.015096e-02,7.125905e-11,1.211707e-05,1.718179e-08,1.703537e-02
1008730112,13898869,12104761344,36944624,-6.438553e-02,-3.016066e-02,2.093528e-10,1.218472e-05,5.047856e-08,1.713048e-02
1008992256,13899037,12107907072,36954137,-6.441425e-02,-3.016496e-02,2.029346e-10,1.221471e-05,4.893101e-08,1.717265e-02
1009254400,13899123,12111052800,36963617,-6.447787e-02,-3.013553e-02,6.063117e-09,1.200987e-05,1.461922e-06,1.688466e-02
1009516544,13899178,12114198528,36973265,-6.447273e-02,-3.013982e-02,5.290026e-09,1.203962e-05,1.275516e-06,1.692648e-02
1009778688,13899328,12117344256,36982808,-6.447580e-02,-3.012713e-02,5.744845e-09,1.195178e-05,1.385181e-06,1.680299e-02
1010040832,13899523,12120489984,36992286,-6.444631e-02,-3.014220e-02,2.144186e-09,1.205614e-05,5.170003e-07,1.694972e-02
1010302976,13899558,12123635712,37001726,-6.446283e-02,-3.007977e-02,3.946766e-09,1.162657e-05,9.516334e-07,1.634577e-02
1010565120,13899758,12126781440,37011280,-6.448704e-02,-3.005909e-02,7.575558e-09,1.148595e-05,1.826598e-06,1.614808e-02
1010827264,13899819,12129927168,37020712,-6.446362e-02,-3.004442e-02,4.047569e-09,1.138672e-05,9.759385e-07,1.600858e-02
1011089408,13899875,12133072896,37030483,-6.446300e-02,-3.001553e-02,3.968327e-09,1.119255e-05,9.568320e-07,1.573559e-02
1011351552,13899912,12136218624,37040087,-6.445497e-02,-3.004074e-02,3.021743e-09,1.136187e-05,7.285943e-07,1.597364e-02
1011613696,13900092,12139364352,37049729,-6.445665e-02,-3.007258e-02,3.208856e-09,1.157753e-05,7.737104e-07,1.627684e-02
1011875840,13900300,12142510080,37059417,-6.445473e-02,-3.005412e-02,2.994772e-09,1.145227e-05,7.220912e-07,1.610073e-02
1012137984,13900586,12145655808,37068797,-6.448665e-02,-3.002988e-02,7.506975e-09,1.128880e-05,1.810061e-06,1.587090e-02
1012400128,13900616,12148801536,37078114,-6.445200e-02,-2.999826e-02,2.703751e-09,1.107729e-05,6.519209e-07,1.557355e-02
1012662272,13900724,12151947264,37087650,-6.445516e-02,-3.000253e-02,3.042256e-09,1.110575e-05,7.335403e-07,1.561356e-02
1012924416,13900905,12155092992,37097237,-6.446116e-02,-2.997511e-02,3.739856e-09,1.092375e-05,9.017438e-07,1.535768e-02
1013186560,13900973,12158238720,37106641,-6.444802e-02,-2.999233e-02,2.305824e-09,1.103791e-05,5.559738e-07,1.551818e-02
1013448704,13901029,12161384448,37116257,-6.443187e-02,-3.000817e-02,1.015450e-09,1.114335e-05,2.448426e-07,1.566642e-02
1013710848,13901141,12164530176,37126048,-6.439578e-02,-3.002140e-02,1.784622e-11,1.123187e-05,4.303032e-09,1.579087e-02
1013972992,13901276,12167675904,37135537,-6.440798e-02,-3.007702e-02,6.367357e-11,1.160780e-05,1.535279e-08,1.631939e-02
1014235136,13901279,12170821632,37144875,-6.441442e-02,-3.005689e-02,2.078462e-10,1.147103e-05,5.011531e-08,1.612710e-02
1014497280,13901473,12173967360,37154462,-6.442545e-02,-3.003839e-02,6.477627e-10,1.134608e-05,1.561868e-07,1.595144e-02
1014759424,13901620,12177113088,37164110,-6.442177e-02,-3.007598e-02,4.736345e-10,1.160068e-05,1.142014e-07,1.630938e-02
1015021568,13901708,12180258816,37173585,-6.444570e-02,-3.007398e-02,2.087979e-09,1.158708e-05,5.034477e-07,1.629026e-02
1015283712,13902444,12183404544,37183101,-6.446664e-02,-3.008517e-02,4.440622e-09,1.166336e-05,1.070710e-06,1.639749e-02
1015545856,13902571,12186550272,37192446,-6.447582e-02,-3.011373e-02,5.748234e-09,1.185927e-05,1.385998e-06,1.667293e-02
1015808000,13903304,12189696000,37202115,-6.443815e-02,-3.009778e-02,1.455192e-09,1.174967e-05,3.508717e-07,1.651884e-02
1016070144,13903512,12192841728,37211852,-6.446293e-02,-3.009417e-02,3.959883e-09,1.172492e-05,9.547961e-07,1.648405e-02
1016332288,13904038,12195987456,37221382,-6.450228e-02,-3.010153e-02,1.046000e-08,1.177539e-05,2.522085e-06,1.655500e-02
1016594432,13904116,12199133184,37231056,-6.451552e-02,-3.007680e-02,1.334344e-08,1.160626e-05,3.217333e-06,1.631723e-02
1016856576,13904491,12202278912,37240630,-6.447597e-02,-3.008424e-02,5.770851e-09,1.165702e-05,1.391452e-06,1.638859e-02
1017118720,13904495,12205424640,37250215,-6.448154e-02,-3.006145e-02,6.648634e-09,1.150192e-05,1.603100e-06,1.617054e-02
1017380864,13904560,12208570368,37259878,-6.446569e-02,-3.005576e-02,4.314430e-09,1.146337e-05,1.040283e-06,1.611634e-02
1017643008,13904670,12211716096,37269394,-6.444764e-02,-3.004362e-02,2.269475e-09,1.138129e-05,5.472097e-07,1.600095e-02
1017905152,13904753,12214861824,37279119,-6.445325e-02,-3.006056e-02,2.835488e-09,1.149591e-05,6.836850e-07,1.616208e-02
1018167296,13905349,12218007552,37288704,-6.444887e-02,-3.006647e-02,2.388116e-09,1.153600e-05,5.758160e-07,1.621844e-02
1018429440,13905365,12221153280,37298347,-6.446987e-02,-2.998756e-02,4.880992e-09,1.100620e-05,1.176891e-06,1.547360e-02
1018691584,13905537,12224299008,37308238,-6.445426e-02,-2.998530e-02,2.943619e-09,1.099122e-05,7.097572e-07,1.545255e-02
1018953728,13906170,12227444736,37317854,-6.443718e-02,-3.001419e-02,1.382233e-09,1.118362e-05,3.332802e-07,1.572303e-02
1019215872,13906428,12230590464,37327465,-6.444550e-02,-2.999121e-02,2.070313e-09,1.103044e-05,4.991882e-07,1.550767e-02
1019478016,13907079,12233736192,37337073,-6.444479e-02,-2.996842e-02,2.005736e-09,1.087955e-05,4.836174e-07,1.529555e-02
1019740160,13907093,12236881920,37346872,-6.444716e-02,-2.994256e-02,2.224271e-09,1.070962e-05,5.363100e-07,1.505664e-02
1020002304,13908379,12240027648,37356460,-6.443265e-02,-2.997877e-02,1.065921e-09,1.094799e-05,2.570119e-07,1.539177e-02
1020264448,13908440,12243173376,37366145,-6.444059e-02,-2.996179e-02,1.647610e-09,1.083591e-05,3.972672e-07,1.523420e-02
1020526592,13908984,12246319104,37375895,-6.446300e-02,-2.998002e-02,3.968327e-09,1.095620e-05,9.568320e-07,1.540331e-02
1020788736,13909437,12249464832,37385516,-6.444608e-02,-2.992175e-02,2.122849e-09,1.057389e-05,5.118556e-07,1.486582e-02
1021050880,13909630,12252610560,37394874,-6.444591e-02,-2.990612e-02,2.107088e-09,1.047245e-05,5.080552e-07,1.472321e-02
1021313024,13909955,12255756288,37404600,-6.447154e-02,-2.987825e-02,5.116974e-09,1.029286e-05,1.233790e-06,1.447071e-02
1021575168,13913214,12258902016,37414288,-6.445441e-02,-2.986733e-02,2.959810e-09,1.022290e-05,7.136612e-07,1.437236e-02
1021837312,13921524,12262047744,37423843,-6.444934e-02,-2.989344e-02,2.434213e-09,1.039060e-05,5.869307e-07,1.460813e-02
1022099456,13921642,12265193472,37433377,-6.441694e-02,-2.996884e-02,2.868000e-10,1.088232e-05,6.915242e-08,1.529943e-02
1022361600,13926621,12268339200,37443014,-6.443358e-02,-2.996961e-02,1.127601e-09,1.088743e-05,2.718839e-07,1.530662e-02
1022623744,13929855,12271484928,37452598,-6.442902e-02,-2.996905e-02,8.421611e-10,1.088374e-05,2.030595e-07,1.530144e-02
1022885888,13933802,12274630656,37462062,-6.443159e-02,-2.997129e-02,9.974865e-10,1.089852e-05,2.405112e-07,1.532221e-02
1023148032,13988877,12277776384,37471702,-6.444379e-02,-2.997297e-02,1.917307e-09,1.090962e-05,4.622957e-07,1.533781e-02
1023410176,14000441,12280922112,37481240,-6.443664e-02,-2.998750e-02,1.342633e-09,1.100584e-05,3.237319e-07,1.547309e-02
1023672320,14088150,12284067840,37490869,-6.444704e-02,-3.003121e-02,2.212340e-09,1.129775e-05,5.334332e-07,1.588348e-02
1023934464,14088353,12287213568,37500510,-6.445689e-02,-3.002859e-02,3.235924e-09,1.128015e-05,7.802370e-07,1.585874e-02
1024196608,14088892,12290359296,37510102,-6.447323e-02,-3.002985e-02,5.361799e-09,1.128862e-05,1.292822e-06,1.587065e-02
1024458752,14088945,12293505024,37519537,-6.448479e-02,-3.003774e-02,7.188938e-09,1.134168e-05,1.733377e-06,1.594525e-02
1024720896,14089005,12296650752,37529136,-6.447722e-02,-3.000711e-02,5.962591e-09,1.113630e-05,1.437684e-06,1.565651e-02
1024983040,14090146,12299796480,37538815,-6.450436e-02,-3.000083e-02,1.089107e-08,1.109443e-05,2.626024e-06,1.559765e-02
1025245184,14090683,12302942208,37548365,-6.450360e-02,-2.996835e-02,1.073303e-08,1.087910e-05,2.587918e-06,1.529491e-02
1025507328,14090803,12306087936,37557804,-6.451789e-02,-2.995941e-02,1.389642e-08,1.082020e-05,3.350667e-06,1.521210e-02
1025769472,14090893,12309233664,37567495,-6.454808e-02,-2.994806e-02,2.192557e-08,1.074566e-05,5.286631e-06,1.510731e-02
1026031616,14091427,12312379392,37576995,-6.455453e-02,-2.991422e-02,2.388029e-08,1.052498e-05,5.757950e-06,1.479706e-02
1026293760,14091576,12315525120,37586501,-6.456240e-02,-2.989472e-02,2.637386e-08,1.039884e-05,6.359192e-06,1.461971e-02
1026555904,14091585,12318670848,37595953,-6.454816e-02,-2.990017e-02,2.194984e-08,1.043401e-05,5.292485e-06,1.466915e-02
1026818048,14091636,12321816576,37605651,-6.450586e-02,-2.992298e-02,1.120588e-08,1.058189e-05,2.701932e-06,1.487706e-02
1027080192,14091692,12324962304,37615078,-6.450483e-02,-2.993057e-02,1.098926e-08,1.063130e-05,2.649700e-06,1.494653e-02
1027342336,14091831,12328108032,37624571,-6.450547e-02,-2.990986e-02,1.112401e-08,1.049672e-05,2.682190e-06,1.475733e-02
1027604480,14091839,12331253760,37634303,-6.450578e-02,-2.988933e-02,1.118854e-08,1.036408e-05,2.697749e-06,1.457084e-02
1027866624,14092108,12334399488,37644037,-6.449450e-02,-2.990225e-02,8.929440e-09,1.044743e-05,2.153042e-06,1.468802e-02
1028128768,14092477,12337545216,37653441,-6.452198e-02,-2.987532e-02,1.487934e-08,1.027408e-05,3.587666e-06,1.444431e-02
1028390912,14092717,12340690944,37663003,-6.452082e-02,-2.983264e-02,1.459714e-08,1.000226e-05,3.519621e-06,1.406217e-02
1028653056,14092917,12343836672,37672705,-6.449507e-02,-2.984879e-02,9.038192e-09,1.010471e-05,2.179264e-06,1.420619e-02
1028915200,14093343,12346982400,37682546,-6.446650e-02,-2.983832e-02,4.421775e-09,1.003824e-05,1.066166e-06,1.411275e-02
1029177344,14093776,12350128128,37692199,-6.443180e-02,-2.983687e-02,1.011181e-09,1.002910e-05,2.438132e-07,1.409989e-02
1029439488,14093996,12353273856,37701854,-6.440894e-02,-2.987063e-02,7.980289e-11,1.024407e-05,1.924185e-08,1.440212e-02
1029701632,14094153,12356419584,37711514,-6.439434e-02,-2.985661e-02,3.206324e-11,1.015450e-05,7.731000e-09,1.427620e-02
1029963776,14094352,12359565312,37721066,-6.436829e-02,-2.981188e-02,1.005503e-09,9.871434e-06,2.424441e-07,1.387823e-02
1030225920,14094564,12362711040,37731146,-6.437556e-02,-2.975460e-02,5.975754e-10,9.514780e-06,1.440857e-07,1.337682e-02
1030488064,14094885,12365856768,37740906,-6.439350e-02,-2.977304e-02,4.230666e-11,9.628835e-06,1.020086e-08,1.353717e-02
1030750208,14094888,12369002496,37750388,-6.437818e-02,-2.977195e-02,4.762324e-10,9.622108e-06,1.148278e-07,1.352771e-02
1031012352,14094890,12372148224,37759884,-6.435551e-02,-2.975219e-02,1.979130e-09,9.499905e-06,4.772024e-07,1.335590e-02
1031274496,14095325,12375293952,37769560,-6.433196e-02,-2.974513e-02,4.629265e-09,9.456415e-06,1.116195e-06,1.329476e-02
1031536640,14095998,12378439680,37779221,-6.430565e-02,-2.969758e-02,8.902706e-09,9.166222e-06,2.146596e-06,1.288678e-02
1031798784,14096225,12381585408,37788710,-6.431823e-02,-2.967832e-02,6.686353e-09,9.049973e-06,1.612195e-06,1.272334e-02
1032060928,14096380,12384731136,37798316,-6.431464e-02,-2.965076e-02,7.286552e-09,8.884904e-06,1.756913e-06,1.249127e-02
1032323072,14096410,12387876864,37807685,-6.431268e-02,-2.966671e-02,7.624923e-09,8.980300e-06,1.838500e-06,1.262539e-02
1032585216,14096492,12391022592,37817210,-6.431556e-02,-2.965316e-02,7.130938e-09,8.899256e-06,1.719392e-06,1.251145e-02
1032847360,14096992,12394168320,37826746,-6.423855e-02,-2.966882e-02,2.606742e-08,8.992908e-06,6.285304e-06,1.264312e-02
1033109504,14097214,12397314048,37836215,-6.418920e-02,-2.966095e-02,4.443948e-08,8.945804e-06,1.071512e-05,1.257689e-02
1033371648,14097270,12400459776,37845903,-6.413730e-02,-2.966597e-02,6.901130e-08,8.975857e-06,1.663981e-05,1.261914e-02
1033633792,14097687,12403605504,37855562,-6.415094e-02,-2.964471e-02,6.202989e-08,8.848897e-06,1.495648e-05,1.244065e-02
1033895936,14098138,12406751232,37865218,-6.415287e-02,-2.967706e-02,6.107240e-08,9.042432e-06,1.472561e-05,1.271274e-02
1034158080,14098190,12409896960,37874907,-6.416669e-02,-2.968395e-02,5.443238e-08,9.083882e-06,1.312458e-05,1.277102e-02
1034420224,14098795,12413042688,37884663,-6.414349e-02,-2.962691e-02,6.579666e-08,8.743306e-06,1.586471e-05,1.229220e-02
1034682368,14099297,12416188416,37894255,-6.418765e-02,-2.963072e-02,4.509210e-08,8.765880e-06,1.087248e-05,1.232394e-02
1034944512,14099683,12419334144,37903648,-6.422429e-02,-2.964227e-02,3.087558e-08,8.834408e-06,7.444634e-06,1.242028e-02
1035206656,14099803,12422479872,37913290,-6.424282e-02,-2.964886e-02,2.470475e-08,8.873581e-06,5.956741e-06,1.247535e-02
1035468800,14100390,12425625600,37922888,-6.421825e-02,-2.963395e-02,3.303287e-08,8.784994e-06,7.964793e-06,1.235081e-02
1035730944,14100772,12428771328,37932567,-6.419869e-02,-2.965472e-02,4.052760e-08,8.908572e-06,9.771902e-06,1.252455e-02
1035993088,14101038,12431917056,37941994,-6.421182e-02,-2.965865e-02,3.541145e-08,8.932026e-06,8.538312e-06,1.255752e-02
1036255232,14101287,12435062784,37951539,-6.423183e-02,-2.965938e-02,2.828266e-08,8.936413e-06,6.819437e-06,1.256369e-02
1036517376,14101380,12438208512,37961093,-6.423724e-02,-2.967462e-02,2.649015e-08,9.027741e-06,6.387230e-06,1.269209e-02
1036779520,14101668,12441354240,37970935,-6.423718e-02,-2.969242e-02,2.650955e-08,9.135008e-06,6.391909e-06,1.284289e-02
1037041664,14102413,12444499968,37980458,-6.422427e-02,-2.968713e-02,3.088344e-08,9.103047e-06,7.446529e-06,1.279796e-02
1037303808,14105249,12447645696,37989977,-6.421687e-02,-2.968995e-02,3.353853e-08,9.120072e-06,8.086717e-06,1.282190e-02
1037565952,14105750,12450791424,37999718,-6.423105e-02,-2.970054e-02,2.854389e-08,9.184164e-06,6.882423e-06,1.291200e-02
1037828096,14108394,12453937152,38009438,-6.422282e-02,-2.969958e-02,3.139355e-08,9.178329e-06,7.569527e-06,1.290380e-02
1038090240,14109252,12457082880,38019149,-6.421586e-02,-2.972543e-02,3.390794e-08,9.335681e-06,8.175790e-06,1.312502e-02
1038352384,14112448,12460228608,38028804,-6.424671e-02,-2.970177e-02,2.349729e-08,9.191616e-06,5.665600e-06,1.292248e-02
1038614528,14117009,12463374336,38038246,-6.430089e-02,-2.971854e-02,9.822321e-09,9.293613e-06,2.368331e-06,1.306588e-02
1038876672,14119810,12466520064,38047880,-6.431401e-02,-2.969779e-02,7.395071e-09,9.167486e-06,1.783079e-06,1.288855e-02
1039138816,14146905,12469665792,38057440,-6.427564e-02,-2.968876e-02,1.546668e-08,9.112885e-06,3.729282e-06,1.281179e-02
1039400960,14152780,12472811520,38066924,-6.431872e-02,-2.969079e-02,6.607387e-09,9.125203e-06,1.593155e-06,1.282911e-02
1039663104,14158475,12475957248,38076575,-6.434799e-02,-2.967482e-02,2.705300e-09,9.028938e-06,6.522945e-07,1.269377e-02
1039925248,14212244,12479102976,38086167,-6.432009e-02,-2.970747e-02,6.385205e-09,9.226232e-06,1.539583e-06,1.297115e-02
1040187392,14214263,12482248704,38095767,-6.427002e-02,-2.968709e-02,1.689554e-08,9.102845e-06,4.073805e-06,1.279768e-02
1040449536,14342004,12485394432,38105218,-6.429213e-02,-2.965296e-02,1.163583e-08,8.898045e-06,2.805599e-06,1.250975e-02
1040711680,14344024,12488540160,38114767,-6.431516e-02,-2.963671e-02,7.199049e-09,8.801354e-06,1.735815e-06,1.237381e-02
1040973824,14344680,12491685888,38124133,-6.432465e-02,-2.964063e-02,5.677279e-09,8.824633e-06,1.368890e-06,1.240654e-02
1041235968,14345069,12494831616,38133574,-6.435847e-02,-2.961788e-02,1.725321e-09,8.690018e-06,4.160047e-07,1.221728e-02
1041498112,14345139,12497977344,38143121,-6.433503e-02,-2.962843e-02,4.221947e-09,8.752330e-06,1.017984e-06,1.230489e-02
1041760256,14346073,12501123072,38152827,-6.432344e-02,-2.959069e-02,5.861765e-09,8.530435e-06,1.413373e-06,1.199293e-02
1042022400,14346571,12504268800,38162453,-6.434212e-02,-2.957574e-02,3.350507e-09,8.443343e-06,8.078648e-07,1.187048e-02
1042284544,14348119,12507414528,38171770,-6.431134e-02,-2.958399e-02,7.860934e-09,8.491333e-06,1.895407e-06,1.193795e-02
1042546688,14348421,12510560256,38181726,-6.432525e-02,-2.958509e-02,5.587813e-09,8.497749e-06,1.347318e-06,1.194697e-02
1042808832,14348434,12513705984,38191574,-6.434228e-02,-2.958834e-02,3.331558e-09,8.516731e-06,8.032959e-07,1.197366e-02
1043070976,14348493,12516851712,38201353,-6.434247e-02,-2.960737e-02,3.310090e-09,8.628148e-06,7.981197e-07,1.213030e-02
1043333120,14348682,12519997440,38210963,-6.432597e-02,-2.962114e-02,5.481391e-09,8.709236e-06,1.321658e-06,1.224430e-02
1043595264,14348898,12523143168,38220465,-6.432410e-02,-2.959147e-02,5.760668e-09,8.535017e-06,1.388996e-06,1.199937e-02
1043857408,14348923,12526288896,38229961,-6.433862e-02,-2.959361e-02,3.768159e-09,8.547516e-06,9.085681e-07,1.201694e-02
1044119552,14349083,12529434624,38239799,-6.433959e-02,-2.957424e-02,3.650185e-09,8.434588e-06,8.801223e-07,1.185818e-02
1044381696,14349116,12532580352,38249297,-6.434263e-02,-2.952573e-02,3.292111e-09,8.155222e-06,7.937847e-07,1.146541e-02
1044643840,14349144,12535726080,38258802,-6.436378e-02,-2.952367e-02,1.312231e-09,8.143449e-06,3.164014e-07,1.144886e-02
1044905984,14349289,12538871808,38268364,-6.435180e-02,-2.953519e-02,2.323028e-09,8.209312e-06,5.601221e-07,1.154146e-02
1045168128,14349482,12542017536,38277957,-6.432296e-02,-2.953321e-02,5.935008e-09,8.197992e-06,1.431033e-06,1.152554e-02
1045430272,14349683,12545163264,38287533,-6.438023e-02,-2.955717e-02,3.910048e-10,8.335765e-06,9.427799e-08,1.171924e-02
1045692416,14349706,12548308992,38297025,-6.435511e-02,-2.957081e-02,2.015758e-09,8.414726e-06,4.860340e-07,1.183025e-02
1045954560,14349934,12551454720,38306612,-6.432285e-02,-2.952058e-02,5.952240e-09,8.125790e-06,1.435188e-06,1.142404e-02
1046216704,14350026,12554600448,38316194,-6.436177e-02,-2.951949e-02,1.462021e-09,8.119600e-06,3.525184e-07,1.141533e-02
1046478848,14350223,12557746176,38325671,-6.432948e-02,-2.952411e-02,4.973034e-09,8.145937e-06,1.199084e-06,1.145236e-02
1046740992,14350311,12560891904,38335312,-6.434655e-02,-2.951711e-02,2.856952e-09,8.106062e-06,6.888603e-07,1.139630e-02
1047003136,14350407,12564037632,38345120,-6.434549e-02,-2.953315e-02,2.971171e-09,8.197607e-06,7.164004e-07,1.152500e-02
1047265280,14350425,12567183360,38354842,-6.436466e-02,-2.952978e-02,1.248782e-09,8.178356e-06,3.011027e-07,1.149794e-02
1047527424,14350677,12570329088,38364282,-6.432413e-02,-2.952307e-02,5.757276e-09,8.140016e-06,1.388178e-06,1.144404e-02
1047789568,14350717,12573474816,38373824,-6.434936e-02,-2.950312e-02,2.564571e-09,8.026572e-06,6.183623e-07,1.128455e-02
1048051712,14350975,12576620544,38383559,-6.436979e-02,-2.948979e-02,9.127712e-10,7.951224e-06,2.200849e-07,1.117861e-02
1048313856,14351041,12579766272,38393611,-6.436436e-02,-2.951273e-02,1.270465e-09,8.081124e-06,3.063309e-07,1.136124e-02
1048576000,14351078,12582912000,38402952,-6.436259e-02,-2.949855e-02,1.399461e-09,8.000714e-06,3.374340e-07,1.124819e-02
1048838144,14351655,12586057728,38412573,-6.438991e-02,-2.950704e-02,1.019199e-10,8.048783e-06,2.457463e-08,1.131577e-02
1049100288,14351980,12589203456,38422062,-6.440925e-02,-2.951610e-02,8.549167e-11,8.100293e-06,2.061351e-08,1.138819e-02
1049362432,14352522,12592349184,38431812,-6.444488e-02,-2.950400e-02,2.014421e-09,8.031533e-06,4.857115e-07,1.129152e-02
1049624576,14352968,12595494912,38441342,-6.444413e-02,-2.947038e-02,1.947438e-09,7.842133e-06,4.695609e-07,1.102524e-02
1049886720,14353234,12598640640,38451119,-6.441300e-02,-2.948916e-02,1.688392e-10,7.947652e-06,4.071003e-08,1.117359e-02
1050148864,14353442,12601786368,38460609,-6.443782e-02,-2.946284e-02,1.430288e-09,7.799939e-06,3.448671e-07,1.096592e-02
1050411008,14353829,12604932096,38470214,-6.444526e-02,-2.941313e-02,2.048674e-09,7.524745e-06,4.939706e-07,1.057903e-02
1050673152,14353966,12608077824,38479986,-6.446889e-02,-2.939788e-02,4.745566e-09,7.441305e-06,1.144238e-06,1.046172e-02
1050935296,14353996,12611223552,38489587,-6.446616e-02,-2.940577e-02,4.377299e-09,7.484414e-06,1.055442e-06,1.052233e-02
1051197440,14354108,12614369280,38499241,-6.447300e-02,-2.943920e-02,5.328027e-09,7.668449e-06,1.284679e-06,1.078106e-02
1051459584,14354122,12617515008,38508899,-6.444943e-02,-2.945300e-02,2.443043e-09,7.745081e-06,5.890599e-07,1.088880e-02
1051721728,14354700,12620660736,38518349,-6.445166e-02,-2.943709e-02,2.668226e-09,7.656786e-06,6.433552e-07,1.076466e-02
1051983872,14354758,12623806464,38527923,-6.442935e-02,-2.941318e-02,8.612955e-10,7.525020e-06,2.076732e-07,1.057942e-02
1052246016,14354930,12626952192,38537551,-6.445680e-02,-2.939792e-02,3.225760e-09,7.441538e-06,7.777863e-07,1.046205e-02
1052508160,14355235,12630097920,38547222,-6.447360e-02,-2.941522e-02,5.416494e-09,7.536256e-06,1.306010e-06,1.059521e-02
1052770304,14355817,12633243648,38556967,-6.446124e-02,-2.938398e-02,3.749887e-09,7.365688e-06,9.041624e-07,1.035541e-02
1053032448,14356290,12636389376,38566569,-6.446278e-02,-2.936194e-02,3.941151e-09,7.246528e-06,9.502796e-07,1.018788e-02
1053294592,14356593,12639535104,38576145,-6.448076e-02,-2.934123e-02,6.521668e-09,7.135473e-06,1.572487e-06,1.003175e-02
1053556736,14357597,12642680832,38585886,-6.449564e-02,-2.935851e-02,9.146178e-09,7.228078e-06,2.205301e-06,1.016194e-02
1053818880,14357703,12645826560,38595414,-6.447971e-02,-2.940746e-02,6.353096e-09,7.493691e-06,1.531841e-06,1.053537e-02
1054081024,14358253,12648972288,38605213,-6.448108e-02,-2.941656e-02,6.573515e-09,7.543611e-06,1.584988e-06,1.060555e-02
1054343168,14358951,12652118016,38614693,-6.449099e-02,-2.937983e-02,8.278541e-09,7.343200e-06,1.996099e-06,1.032379e-02
1054605312,14359187,12655263744,38624359,-6.448905e-02,-2.940244e-02,7.929785e-09,7.466233e-06,1.912008e-06,1.049677e-02
1054867456,14359728,12658409472,38634088,-6.449673e-02,-2.941003e-02,9.355423e-09,7.507750e-06,2.255754e-06,1.055514e-02
1055129600,14362497,12661555200,38643700,-6.451554e-02,-2.942358e-02,1.334860e-08,7.582203e-06,3.218578e-06,1.065981e-02
1055391744,14371096,12664700928,38653070,-6.453094e-02,-2.942048e-02,1.714437e-08,7.565164e-06,4.133802e-06,1.063585e-02
1055653888,14371548,12667846656,38662759,-6.454683e-02,-2.942911e-02,2.155864e-08,7.612709e-06,5.198159e-06,1.070270e-02
1055916032,14375794,12670992384,38672290,-6.452118e-02,-2.941231e-02,1.468368e-08,7.520270e-06,3.540489e-06,1.057274e-02
1056178176,14380159,12674138112,38681851,-6.454778e-02,-2.940231e-02,2.183740e-08,7.465541e-06,5.265372e-06,1.049579e-02
1056440320,14383109,12677283840,38691432,-6.454741e-02,-2.946189e-02,2.172963e-08,7.794665e-06,5.239389e-06,1.095851e-02
1056702464,14438210,12680429568,38701085,-6.456473e-02,-2.945376e-02,2.713429e-08,7.749322e-06,6.542544e-06,1.089476e-02
1056964608,14449948,12683575296,38710796,-6.454337e-02,-2.942055e-02,2.055326e-08,7.565543e-06,4.955744e-06,1.063638e-02
1057226752,14543108,12686721024,38720347,-6.456663e-02,-2.942834e-02,2.776630e-08,7.608445e-06,6.694933e-06,1.069670e-02
1057488896,14543215,12689866752,38729893,-6.456415e-02,-2.939732e-02,2.694561e-08,7.438276e-06,6.497051e-06,1.045746e-02
1057751040,14543839,12693012480,38739380,-6.456213e-02,-2.938207e-02,2.628681e-08,7.355319e-06,6.338204e-06,1.034083e-02
1058013184,14543909,12696158208,38749121,-6.455381e-02,-2.939229e-02,2.365745e-08,7.410860e-06,5.704219e-06,1.041892e-02
1058275328,14544122,12699303936,38758706,-6.451256e-02,-2.938672e-02,1.266884e-08,7.380588e-06,3.054674e-06,1.037636e-02
1058537472,14545153,12702449664,38768509,-6.453494e-02,-2.938573e-02,1.820812e-08,7.375165e-06,4.390291e-06,1.036873e-02
1058799616,14545686,12705595392,38777977,-6.455600e-02,-2.937672e-02,2.433376e-08,7.326361e-06,5.867288e-06,1.030012e-02
1059061760,14545891,12708741120,38787756,-6.450789e-02,-2.937479e-02,1.163905e-08,7.315898e-06,2.806374e-06,1.028541e-02
1059323904,14546070,12711886848,38797412,-6.450460e-02,-2.938129e-02,1.094089e-08,7.351076e-06,2.638037e-06,1.033487e-02
1059586048,14546589,12715032576,38807137,-6.452124e-02,-2.938105e-02,1.469813e-08,7.349773e-06,3.543973e-06,1.033304e-02
1059848192,14546654,12718178304,38816636,-6.451058e-02,-2.938289e-02,1.222827e-08,7.359765e-06,2.948447e-06,1.034708e-02
1060110336,14546713,12721324032,38826096,-6.448825e-02,-2.941001e-02,7.787123e-09,7.507668e-06,1.877609e-06,1.055502e-02
1060372480,14546725,12724469760,38835738,-6.448424e-02,-2.939655e-02,7.095748e-09,7.434081e-06,1.710907e-06,1.045156e-02
1060634624,14546730,12727615488,38845356,-6.447732e-02,-2.939869e-02,5.978711e-09,7.445767e-06,1.441570e-06,1.046799e-02
1060896768,14546890,12730761216,38854957,-6.444322e-02,-2.941981e-02,1.868039e-09,7.561455e-06,4.504164e-07,1.063064e-02
1061158912,14546992,12733906944,38864471,-6.440434e-02,-2.938922e-02,1.880296e-11,7.394186e-06,4.533717e-09,1.039548e-02
1061421056,14547025,12737052672,38874155,-6.439571e-02,-2.938721e-02,1.841727e-11,7.383230e-06,4.440720e-09,1.038007e-02
1061683200,14547376,12740198400,38883892,-6.439805e-02,-2.935942e-02,3.810507e-12,7.233006e-06,9.187789e-10,1.016887e-02
1061945344,14547677,12743344128,38893483,-6.439723e-02,-2.934843e-02,7.681855e-12,7.174006e-06,1.852228e-09,1.008592e-02
1062207488,14548249,12746489856,38903271,-6.439404e-02,-2.933395e-02,3.552714e-11,7.096617e-06,8.566204e-09,9.977124e-03
1062469632,14548366,12749635584,38913057,-6.438845e-02,-2.933591e-02,1.335377e-10,7.107101e-06,3.219823e-08,9.991863e-03
1062731776,14548845,12752781312,38922693,-6.439386e-02,-2.933390e-02,3.769074e-11,7.096389e-06,9.087886e-09,9.976802e-03
1062993920,14548887,12755927040,38932324,-6.443010e-02,-2.929557e-02,9.060308e-10,6.893646e-06,2.184596e-07,9.691766e-03
1063256064,14549371,12759072768,38942022,-6.440775e-02,-2.929196e-02,6.004086e-11,6.874674e-06,1.447689e-08,9.665093e-03
1063518208,14549514,12762218496,38951572,-6.441444e-02,-2.928629e-02,2.084912e-10,6.844983e-06,5.027082e-08,9.623352e-03
1063780352,14549518,12765364224,38961269,-6.443624e-02,-2.927351e-02,1.313310e-09,6.778247e-06,3.166617e-07,9.529528e-03
1064042496,14549961,12768509952,38970805,-6.447788e-02,-2.929433e-02,6.065437e-09,6.887133e-06,1.462481e-06,9.682611e-03
1064304640,14550115,12771655680,38980215,-6.446486e-02,-2.932551e-02,4.206470e-09,7.051743e-06,1.014252e-06,9.914035e-03
1064566784,14550121,12774801408,38989899,-6.447075e-02,-2.932697e-02,5.005663e-09,7.059501e-06,1.206952e-06,9.924942e-03
1064828928,14550509,12777947136,38999688,-6.449960e-02,-2.930045e-02,9.920033e-09,6.919286e-06,2.391891e-06,9.727814e-03
1065091072,14551305,12781092864,39009167,-6.450652e-02,-2.928307e-02,1.134671e-08,6.828113e-06,2.735888e-06,9.599634e-03
1065353216,14551409,12784238592,39018885,-6.448685e-02,-2.929622e-02,7.543169e-09,6.897059e-06,1.818788e-06,9.696566e-03
1065615360,14551565,12787384320,39028541,-6.447361e-02,-2.929693e-02,5.417591e-09,6.900748e-06,1.306274e-06,9.701752e-03
1065877504,14551616,12790530048,39038323,-6.444289e-02,-2.930594e-02,1.839170e-09,6.948165e-06,4.434555e-07,9.768414e-03
1066139648,14551809,12793675776,39047784,-6.443615e-02,-2.927470e-02,1.306300e-09,6.784475e-06,3.149713e-07,9.538285e-03
1066401792,14552075,12796821504,39057180,-6.439540e-02,-2.926715e-02,2.120104e-11,6.745176e-06,5.111936e-09,9.483032e-03
1066663936,14552562,12799967232,39066700,-6.443703e-02,-2.925277e-02,1.371175e-09,6.670681e-06,3.306140e-07,9.378300e-03
1066926080,14552760,12803112960,39076285,-6.448074e-02,-2.928244e-02,6.518058e-09,6.824852e-06,1.571616e-06,9.595050e-03
1067188224,14552771,12806258688,39086053,-6.446831e-02,-2.930479e-02,4.665836e-09,6.942137e-06,1.125013e-06,9.759940e-03
1067450368,14553234,12809404416,39095536,-6.446365e-02,-2.928584e-02,4.050413e-09,6.842625e-06,9.766245e-07,9.620036e-03
1067712512,14553398,12812550144,39105228,-6.447960e-02,-2.924290e-02,6.335293e-09,6.619841e-06,1.527548e-06,9.306826e-03
1067974656,14553921,12815695872,39114940,-6.447899e-02,-2.921420e-02,6.238410e-09,6.472973e-06,1.504188e-06,9.100344e-03
1068236800,14554482,12818841600,39124505,-6.445165e-02,-2.924572e-02,2.667456e-09,6.634342e-06,6.431698e-07,9.327211e-03
1068498944,14554726,12821987328,39134153,-6.445356e-02,-2.924611e-02,2.868114e-09,6.636328e-06,6.915517e-07,9.330004e-03
1068761088,14555206,12825133056,39143917,-6.442650e-02,-2.927103e-02,7.019461e-10,6.765373e-06,1.692513e-07,9.511428e-03
1069023232,14555785,12828278784,39153678,-6.445238e-02,-2.927318e-02,2.743411e-09,6.776569e-06,6.614836e-07,9.527169e-03
1069285376,14555925,12831424512,39163521,-6.443791e-02,-2.931369e-02,1.437058e-09,6.989074e-06,3.464996e-07,9.825929e-03
1069547520,14556199,12834570240,39172888,-6.440337e-02,-2.931337e-02,1.134115e-11,6.987400e-06,2.734547e-09,9.823577e-03
1069809664,14556263,12837715968,39182545,-6.440227e-02,-2.929003e-02,5.130119e-12,6.864549e-06,1.236960e-09,9.650858e-03
1070071808,14556388,12840861696,39192115,-6.436235e-02,-2.931285e-02,1.417356e-09,6.984653e-06,3.417488e-07,9.819714e-03
1070333952,14557019,12844007424,39201739,-6.433863e-02,-2.928939e-02,3.766330e-09,6.861221e-06,9.081270e-07,9.646180e-03
1070596096,14557451,12847153152,39211525,-6.433264e-02,-2.926478e-02,4.537464e-09,6.732903e-06,1.094061e-06,9.465779e-03
1070858240,14560054,12850298880,39221293,-6.435413e-02,-2.927807e-02,2.104353e-09,6.802049e-06,5.073957e-07,9.562991e-03
1071120384,14561085,12853444608,39230644,-6.440180e-02,-2.922587e-02,3.224143e-12,6.532469e-06,7.773964e-10,9.183989e-03
1071382528,14563658,12856590336,39240412,-6.438544e-02,-2.923383e-02,2.119480e-10,6.573207e-06,5.110432e-08,9.241263e-03
1071644672,14564408,12859736064,39250141,-6.439751e-02,-2.924310e-02,6.229739e-12,6.620848e-06,1.502097e-09,9.308240e-03
1071906816,14567551,12862881792,39259573,-6.440432e-02,-2.922836e-02,1.860961e-11,6.545205e-06,4.487098e-09,9.201895e-03
1072168960,14572255,12866027520,39269333,-6.437468e-02,-2.921687e-02,6.413315e-10,6.486571e-06,1.546361e-07,9.119461e-03
1072431104,14575133,12869173248,39278711,-6.437950e-02,-2.921906e-02,4.204139e-10,6.497696e-06,1.013690e-07,9.135101e-03
1072693248,14602228,12872318976,39288278,-6.436690e-02,-2.921343e-02,1.095804e-09,6.469031e-06,2.642172e-07,9.094801e-03
1072955392,14607953,12875464704,39297953,-6.437615e-02,-2.917384e-02,5.691450e-10,6.269197e-06,1.372307e-07,8.813855e-03
1073217536,14614208,12878610432,39307608,-6.439971e-02,-2.918901e-02,8.443246e-14,6.345409e-06,2.035812e-11,8.921002e-03
1073479680,14671348,12881756160,39317351,-6.438683e-02,-2.918061e-02,1.735181e-10,6.303168e-06,4.183820e-08,8.861614e-03
1073741824,14673554,12884901888,39326828,-6.442107e-02,-2.916181e-02,4.439551e-10,6.209114e-06,1.070452e-07,8.729384e-03
1074003968,14791280,12888047616,39336434,-6.439668e-02,-2.919967e-02,1.104206e-11,6.399228e-06,2.662430e-09,8.996666e-03
1074266112,14793344,12891193344,39346102,-6.443708e-02,-2.921499e-02,1.375041e-09,6.476992e-06,3.315460e-07,9.105993e-03
1074528256,14794042,12894339072,39355767,-6.446286e-02,-2.920602e-02,3.950512e-09,6.431394e-06,9.525364e-07,9.041888e-03
1074790400,14794222,12897484800,39365415,-6.441628e-02,-2.921673e-02,2.650227e-10,6.485812e-06,6.390155e-08,9.118394e-03
1075052544,14794410,12900630528,39375082,-6.442000e-02,-2.921606e-02,3.998943e-10,6.482435e-06,9.642140e-08,9.113647e-03
1075314688,14795521,12903776256,39384683,-6.441147e-02,-2.926539e-02,1.314793e-10,6.736026e-06,3.170193e-08,9.470169e-03
1075576832,14795714,12906921984,39394308,-6.441097e-02,-2.927869e-02,1.202807e-10,6.805275e-06,2.900174e-08,9.567526e-03
1075838976,14797589,12910067712,39404151,-6.436947e-02,-2.924777e-02,9.322323e-10,6.644910e-06,2.247773e-07,9.342070e-03
1076101120,14797663,12913213440,39413660,-6.437119e-02,-2.925974e-02,8.300965e-10,6.706762e-06,2.001506e-07,9.429027e-03
1076363264,14797778,12916359168,39423362,-6.437236e-02,-2.927570e-02,7.640610e-10,6.789658e-06,1.842283e-07,9.545569e-03
1076625408,14797931,12919504896,39433014,-6.436935e-02,-2.926189e-02,9.395260e-10,6.717900e-06,2.265359e-07,9.444686e-03
1076887552,14797952,12922650624,39442854,-6.434236e-02,-2.924139e-02,3.322962e-09,6.612061e-06,8.012235e-07,9.295886e-03
1077149696,14798178,12925796352,39452380,-6.430600e-02,-2.922896e-02,8.836747e-09,6.548303e-06,2.130692e-06,9.206249e-03
1077411840,14798292,12928942080,39461941,-6.426957e-02,-2.925759e-02,1.701195e-08,6.695604e-06,4.101874e-06,9.413340e-03
1077673984,14798396,12932087808,39471649,-6.429125e-02,-2.926496e-02,1.182627e-08,6.733831e-06,2.851518e-06,9.467084e-03
1077936128,14798465,12935233536,39481352,-6.427570e-02,-2.929219e-02,1.545185e-08,6.875895e-06,3.725708e-06,9.666811e-03
1078198272,14798528,12938379264,39490903,-6.425826e-02,-2.933862e-02,2.009018e-08,7.121528e-06,4.844089e-06,1.001215e-02
1078460416,14798770,12941524992,39500434,-6.426669e-02,-2.931388e-02,1.777242e-08,6.990099e-06,4.285236e-06,9.827370e-03
1078722560,14798939,12944670720,39510228,-6.427623e-02,-2.932834e-02,1.532062e-08,7.066787e-06,3.694066e-06,9.935185e-03
1078984704,14799006,12947816448,39519879,-6.429261e-02,-2.935501e-02,1.153319e-08,7.209291e-06,2.780850e-06,1.013553e-02
1079246848,14799029,12950962176,39529529,-6.430473e-02,-2.935837e-02,9.076483e-09,7.227347e-06,2.188496e-06,1.016092e-02
1079508992,14799355,12954107904,39539008,-6.429882e-02,-2.932035e-02,1.023867e-08,7.024367e-06,2.468721e-06,9.875546e-03
1079771136,14799363,12957253632,39548461,-6.429049e-02,-2.928870e-02,1.199214e-08,6.857611e-06,2.891512e-06,9.641105e-03
1080033280,14799518,12960399360,39558045,-6.429596e-02,-2.927411e-02,1.082585e-08,6.781370e-06,2.610299e-06,9.533918e-03
1080295424,14799601,12963545088,39567480,-6.430627e-02,-2.927511e-02,8.784995e-09,6.786590e-06,2.118214e-06,9.541257e-03
1080557568,14799706,12966690816,39577195,-6.429878e-02,-2.928629e-02,1.024621e-08,6.844993e-06,2.470539e-06,9.623365e-03
1080819712,14799841,12969836544,39586723,-6.430867e-02,-2.931005e-02,8.341026e-09,6.969883e-06,2.011165e-06,9.798948e-03
1081081856,14800007,12972982272,39596361,-6.430307e-02,-2.928041e-02,9.395823e-09,6.814268e-06,2.265495e-06,9.580169e-03
1081344000,14800309,12976128000,39606038,-6.431524e-02,-2.928116e-02,7.185148e-09,6.818168e-06,1.732463e-06,9.585653e-03
1081606144,14800343,12979273728,39615698,-6.430288e-02,-2.928456e-02,9.433415e-09,6.835941e-06,2.274559e-06,9.610641e-03
1081868288,14800348,12982419456,39625336,-6.431761e-02,-2.928202e-02,6.787868e-09,6.822633e-06,1.636672e-06,9.591931e-03
1082130432,14800752,12985565184,39635021,-6.435247e-02,-2.926463e-02,2.259548e-09,6.732092e-06,5.448160e-07,9.464638e-03
1082392576,14801037,12988710912,39644721,-6.435548e-02,-2.925350e-02,1.982446e-09,6.674472e-06,4.780019e-07,9.383630e-03
1082654720,14801503,12991856640,39654288,-6.437571e-02,-2.921590e-02,5.903123e-10,6.481619e-06,1.423345e-07,9.112501e-03
1082916864,14801796,12995002368,39663980,-6.439136e-02,-2.919021e-02,7.469581e-11,6.351464e-06,1.801044e-08,8.929513e-03
1083179008,14802451,12998148096,39673497,-6.441211e-02,-2.917057e-02,1.465841e-10,6.252838e-06,3.534396e-08,8.790856e-03
1083441152,14802497,13001293824,39682929,-6.444134e-02,-2.920077e-02,1.708650e-09,6.404818e-06,4.119850e-07,9.004523e-03
1083703296,14803039,13004439552,39692450,-6.445315e-02,-2.920529e-02,2.824390e-09,6.427719e-06,6.810091e-07,9.036722e-03
1083965440,14803340,13007585280,39702144,-6.445476e-02,-2.920854e-02,2.998035e-09,6.444192e-06,7.228780e-07,9.059880e-03
1084227584,14803429,13010731008,39711763,-6.446908e-02,-2.916516e-02,4.772293e-09,6.225806e-06,1.150682e-06,8.752853e-03
1084489728,14803490,13013876736,39721558,-6.445031e-02,-2.914533e-02,2.530726e-09,6.127243e-06,6.102016e-07,8.614282e-03
1084751872,14803576,13017022464,39731230,-6.446254e-02,-2.914410e-02,3.910341e-09,6.121195e-06,9.428507e-07,8.605780e-03
1085014016,14803683,13020168192,39740809,-6.443863e-02,-2.915615e-02,1.491799e-09,6.180955e-06,3.596984e-07,8.689796e-03
1085276160,14804061,13023313920,39750089,-6.443230e-02,-2.919121e-02,1.043178e-09,6.356516e-06,2.515282e-07,8.936616e-03
1085538304,14804185,13026459648,39759772,-6.442922e-02,-2.918660e-02,8.538772e-10,6.333291e-06,2.058845e-07,8.903964e-03
1085800448,14804494,13029605376,39769405,-6.436047e-02,-2.917345e-02,1.562841e-09,6.267258e-06,3.768278e-07,8.811127e-03
1086062592,14804602,13032751104,39778929,-6.437603e-02,-2.917112e-02,5.744898e-10,6.255596e-06,1.385194e-07,8.794733e-03
1086324736,14805385,13035896832,39788499,-6.433414e-02,-2.919000e-02,4.337952e-09,6.350412e-06,1.045955e-06,8.928034e-03
1086586880,14805489,13039042560,39798105,-6.433831e-02,-2.920865e-02,3.805756e-09,6.444759e-06,9.176332e-07,9.060679e-03
1086849024,14806202,13042188288,39807702,-6.433934e-02,-2.922626e-02,3.679954e-09,6.534459e-06,8.873004e-07,9.186787e-03
1087111168,14807031,13045334016,39817387,-6.436444e-02,-2.924016e-02,1.264629e-09,6.605750e-06,3.049238e-07,9.287014e-03
1087373312,14807164,13048479744,39827057,-6.435715e-02,-2.924896e-02,1.835976e-09,6.651038e-06,4.426854e-07,9.350685e-03
1087635456,14807628,13051625472,39836574,-6.435067e-02,-2.923410e-02,2.433478e-09,6.574631e-06,5.867535e-07,9.243265e-03
1087897600,14808267,13054771200,39846028,-6.434670e-02,-2.922215e-02,2.841045e-09,6.513450e-06,6.850249e-07,9.157250e-03
1088159744,14809197,13057916928,39855731,-6.432226e-02,-2.921473e-02,6.044566e-09,6.475646e-06,1.457449e-06,9.104101e-03
1088421888,14809416,13061062656,39865258,-6.430475e-02,-2.920043e-02,9.072224e-09,6.403092e-06,2.187470e-06,9.002099e-03
1088684032,14811837,13064208384,39874717,-6.428287e-02,-2.921869e-02,1.371957e-08,6.495825e-06,3.308025e-06,9.132471e-03
1088946176,14820755,13067354112,39884313,-6.427424e-02,-2.920297e-02,1.581516e-08,6.415938e-06,3.813308e-06,9.020157e-03
1089208320,14821504,13070499840,39893910,-6.426597e-02,-2.919202e-02,1.796563e-08,6.360602e-06,4.331824e-06,8.942361e-03
1089470464,14825184,13073645568,39903560,-6.427144e-02,-2.915986e-02,1.652953e-08,6.199417e-06,3.985554e-06,8.715753e-03
1089732608,14830572,13076791296,39913131,-6.428348e-02,-2.913439e-02,1.357856e-08,6.073215e-06,3.274025e-06,8.538324e-03
1089994752,14832407,13079937024,39922746,-6.425007e-02,-2.916378e-02,2.247842e-08,6.218930e-06,5.419933e-06,8.743184e-03
1090256896,14887782,13083082752,39932218,-6.424440e-02,-2.915553e-02,2.421071e-08,6.177861e-06,5.837619e-06,8.685446e-03
1090519040,14899512,13086228480,39941952,-6.422088e-02,-2.915982e-02,3.208643e-08,6.199195e-06,7.736591e-06,8.715440e-03
1090781184,14998046,13089374208,39951591,-6.421126e-02,-2.915138e-02,3.562207e-08,6.157249e-06,8.589096e-06,8.656467e-03
1091043328,14998173,13092519936,39961346,-6.425257e-02,-2.914810e-02,2.173622e-08,6.140991e-06,5.240977e-06,8.633610e-03
1091305472,14998789,13095665664,39971157,-6.423657e-02,-2.916551e-02,2.670887e-08,6.227582e-06,6.439968e-06,8.755348e-03
1091567616,14998891,13098811392,39980606,-6.424446e-02,-2.916289e-02,2.419449e-08,6.214490e-06,5.833707e-06,8.736943e-03
1091829760,14999112,13101957120,39990062,-6.425327e-02,-2.917290e-02,2.153020e-08,6.264525e-06,5.191303e-06,8.807288e-03
1092091904,14999984,13105102848,39999690,-6.422256e-02,-2.918051e-02,3.148603e-08,6.302681e-06,7.591824e-06,8.860930e-03
1092354048,15000749,13108248576,40009239,-6.422180e-02,-2.915444e-02,3.175630e-08,6.172437e-06,7.656992e-06,8.677820e-03
1092616192,15000827,13111394304,40018900,-6.422626e-02,-2.915518e-02,3.018562e-08,6.176121e-06,7.278272e-06,8.683000e-03
1092878336,15001262,13114540032,40028679,-6.426708e-02,-2.913875e-02,1.766729e-08,6.094745e-06,4.259888e-06,8.568592e-03
1093140480,15001603,13117685760,40038208,-6.425000e-02,-2.916200e-02,2.250076e-08,6.210070e-06,5.425321e-06,8.730729e-03
1093402624,15001631,13120831488,40047934,-6.423188e-02,-2.915400e-02,2.826513e-08,6.170253e-06,6.815209e-06,8.674750e-03
1093664768,15001788,13123977216,40057565,-6.422966e-02,-2.911443e-02,2.901661e-08,5.975262e-06,6.996404e-06,8.400612e-03
1093926912,15001892,13127122944,40067129,-6.423438e-02,-2.907315e-02,2.742964e-08,5.775109e-06,6.613758e-06,8.119218e-03
1094189056,15001909,13130268672,40076739,-6.424399e-02,-2.906724e-02,2.433841e-08,5.746774e-06,5.868409e-06,8.079381e-03
1094451200,15001916,13133414400,40086547,-6.424832e-02,-2.906044e-02,2.300876e-08,5.714224e-06,5.547807e-06,8.033618e-03
1094713344,15001987,13136560128,40096085,-6.429526e-02,-2.904321e-02,1.097052e-08,5.632113e-06,2.645182e-06,7.918180e-03
1094975488,15002187,13139705856,40105887,-6.425588e-02,-2.900811e-02,2.077174e-08,5.466756e-06,5.008423e-06,7.685705e-03
1095237632,15002380,13142851584,40115501,-6.423858e-02,-2.896524e-02,2.605780e-08,5.268122e-06,6.282984e-06,7.406445e-03
1095499776,15002726,13145997312,40125174,-6.419945e-02,-2.895791e-02,4.022220e-08,5.234546e-06,9.698265e-06,7.359242e-03
1095761920,15003318,13149143040,40134936,-6.425335e-02,-2.897701e-02,2.150616e-08,5.322282e-06,5.185505e-06,7.482588e-03
1096024064,15003660,13152288768,40144603,-6.423620e-02,-2.901623e-02,2.683077e-08,5.504807e-06,6.469361e-06,7.739200e-03
1096286208,15003993,13155434496,40154395,-6.422075e-02,-2.902152e-02,3.213182e-08,5.529631e-06,7.747536e-06,7.774101e-03
1096548352,15004081,13158580224,40163937,-6.425704e-02,-2.902381e-02,2.043806e-08,5.540429e-06,4.927968e-06,7.789281e-03
1096810496,15004408,13161725952,40173463,-6.429322e-02,-2.900852e-02,1.140234e-08,5.468681e-06,2.749300e-06,7.688412e-03
1097072640,15004536,13164871680,40183125,-6.430008e-02,-2.901023e-02,9.985443e-09,5.476673e-06,2.407662e-06,7.699646e-03
1097334784,15004729,13168017408,40192759,-6.429504e-02,-2.899679e-02,1.101739e-08,5.413953e-06,2.656484e-06,7.611468e-03
1097596928,15004950,13171163136,40202243,-6.430189e-02,-2.902684e-02,9.626886e-09,5.554696e-06,2.321208e-06,7.809339e-03
1097859072,15005182,13174308864,40211936,-6.429235e-02,-2.904283e-02,1.158926e-08,5.630301e-06,2.794371e-06,7.915631e-03
1098121216,15005265,13177454592,40221559,-6.426098e-02,-2.906543e-02,1.932667e-08,5.738097e-06,4.659992e-06,8.067182e-03
1098383360,15005822,13180600320,40231259,-6.421588e-02,-2.905422e-02,3.389971e-08,5.684484e-06,8.173804e-06,7.991808e-03
1098645504,15006524,13183746048,40241259,-6.420758e-02,-2.905472e-02,3.702782e-08,5.686900e-06,8.928045e-06,7.995205e-03
1098907648,15006611,13186891776,40250958,-6.424510e-02,-2.908509e-02,2.399326e-08,5.832681e-06,5.785187e-06,8.200159e-03
1099169792,15006798,13190037504,40260479,-6.425706e-02,-2.910217e-02,2.043167e-08,5.915466e-06,4.926427e-06,8.316545e-03
1099431936,15006836,13193183232,40270039,-6.426751e-02,-2.907359e-02,1.755457e-08,5.777249e-06,4.232710e-06,8.122226e-03
1099694080,15006929,13196328960,40279732,-6.426510e-02,-2.902162e-02,1.819807e-08,5.530096e-06,4.387868e-06,7.774754e-03
1099956224,15007236,13199474688,40289416,-6.425709e-02,-2.904566e-02,2.042528e-08,5.643754e-06,4.924887e-06,7.934545e-03
1100218368,15007866,13202620416,40298915,-6.425606e-02,-2.905470e-02,2.072023e-08,5.686785e-06,4.996004e-06,7.995042e-03
1100480512,15007880,13205766144,40308619,-6.426368e-02,-2.908297e-02,1.858404e-08,5.822420e-06,4.480931e-06,8.185732e-03
1100742656,15008098,13208911872,40318302,-6.426066e-02,-2.906042e-02,1.941585e-08,5.714117e-06,4.681495e-06,8.033468e-03
1101004800,15008217,13212057600,40327842,-6.428234e-02,-2.903187e-02,1.384553e-08,5.578427e-06,3.338395e-06,7.842704e-03
1101266944,15008538,13215203328,40337412,-6.431438e-02,-2.900164e-02,7.331139e-09,5.436565e-06,1.767664e-06,7.643259e-03
1101529088,15009060,13218349056,40346961,-6.433640e-02,-2.902284e-02,4.045673e-09,5.535862e-06,9.754815e-07,7.782861e-03
1101791232,15009695,13221494784,40356482,-6.433666e-02,-2.900928e-02,4.011624e-09,5.472236e-06,9.672716e-07,7.693409e-03
1102053376,15009705,13224640512,40366122,-6.437515e-02,-2.903774e-02,6.174075e-10,5.606195e-06,1.488676e-07,7.881742e-03
1102315520,15010863,13227786240,40375954,-6.440309e-02,-2.904134e-02,9.560408e-12,5.623240e-06,2.305179e-09,7.905706e-03
1102577664,15010891,13230931968,40385716,-6.442683e-02,-2.903691e-02,7.198243e-10,5.602262e-06,1.735620e-07,7.876212e-03
1102839808,15011121,13234077696,40395541,-6.443822e-02,-2.902993e-02,1.460881e-09,5.569254e-06,3.522437e-07,7.829807e-03
1103101952,15011371,13237223424,40405270,-6.445257e-02,-2.905064e-02,2.762958e-09,5.667461e-06,6.661967e-07,7.967875e-03
1103364096,15011490,13240369152,40415168,-6.444837e-02,-2.905745e-02,2.339577e-09,5.699931e-06,5.641122e-07,8.013525e-03
1103626240,15012484,13243514880,40424994,-6.443595e-02,-2.907704e-02,1.292334e-09,5.793862e-06,3.116041e-07,8.145582e-03
1103888384,15012602,13246660608,40434580,-6.441496e-02,-2.906807e-02,2.236016e-10,5.750757e-06,5.391421e-08,8.084982e-03
1104150528,15012617,13249806336,40444201,-6.437707e-02,-2.908640e-02,5.259173e-10,5.838972e-06,1.268077e-07,8.209002e-03
1104412672,15014922,13252952064,40453793,-6.437368e-02,-2.908294e-02,6.928951e-10,5.822295e-06,1.670689e-07,8.185556e-03
1104674816,15016717,13256097792,40463396,-6.435177e-02,-2.907124e-02,2.326621e-09,5.765963e-06,5.609884e-07,8.106360e-03
1104936960,15018980,13259243520,40473141,-6.433879e-02,-2.905906e-02,3.747150e-09,5.707600e-06,9.035024e-07,8.024307e-03
1105199104,15019728,13262389248,40482695,-6.432059e-02,-2.907140e-02,6.306859e-09,5.766733e-06,1.520693e-06,8.107441e-03
1105461248,15022512,13265534976,40492371,-6.430374e-02,-2.906361e-02,9.266277e-09,5.729391e-06,2.234259e-06,8.054942e-03
1105723392,15027458,13268680704,40502158,-6.430203e-02,-2.906106e-02,9.597668e-09,5.717154e-06,2.314163e-06,8.037738e-03
1105985536,15030377,13271826432,40511724,-6.427959e-02,-2.905599e-02,1.449829e-08,5.692934e-06,3.495787e-06,8.003687e-03
1106247680,15057435,13274972160,40521410,-6.427480e-02,-2.904479e-02,1.567493e-08,5.639622e-06,3.779496e-06,7.928736e-03
1106509824,15063205,13278117888,40531075,-6.423655e-02,-2.906353e-02,2.671618e-08,5.728980e-06,6.441730e-06,8.054364e-03
1106771968,15069639,13281263616,40540699,-6.419950e-02,-2.904636e-02,4.020128e-08,5.647099e-06,9.693222e-06,7.939248e-03
1107034112,15130416,13284409344,40550301,-6.419026e-02,-2.907149e-02,4.399141e-08,5.767135e-06,1.060709e-05,8.108007e-03
1107296256,15132850,13287555072,40560006,-6.419439e-02,-2.904506e-02,4.227698e-08,5.640904e-06,1.019371e-05,7.930540e-03
1107558400,15240667,13290700800,40569653,-6.424378e-02,-2.903742e-02,2.440587e-08,5.604687e-06,5.884675e-06,7.879621e-03
1107820544,15242744,13293846528,40579160,-6.421601e-02,-2.906126e-02,3.385309e-08,5.718125e-06,8.162563e-06,8.039103e-03
1108082688,15243462,13296992256,40588876,-6.422461e-02,-2.906102e-02,3.076310e-08,5.716967e-06,7.417513e-06,8.037476e-03
1108344832,15243565,13300137984,40598630,-6.423209e-02,-2.905640e-02,2.819502e-08,5.694898e-06,6.798306e-06,8.006449e-03
1108606976,15243799,13303283712,40608275,-6.423164e-02,-2.906535e-02,2.834535e-08,5.737704e-06,6.834552e-06,8.066629e-03
1108869120,15244950,13306429440,40617961,-6.421533e-02,-2.904874e-02,3.410304e-08,5.658392e-06,8.222831e-06,7.955126e-03
1109131264,15244988,13309575168,40627487,-6.418937e-02,-2.902479e-02,4.436412e-08,5.545025e-06,1.069695e-05,7.795742e-03
1109393408,15246887,13312720896,40636951,-6.420460e-02,-2.901215e-02,3.818365e-08,5.485665e-06,9.206736e-06,7.712288e-03
1109655552,15246986,13315866624,40646579,-6.423189e-02,-2.902522e-02,2.826011e-08,5.547069e-06,6.814000e-06,7.798616e-03
1109917696,15247201,13319012352,40656277,-6.423336e-02,-2.902551e-02,2.776878e-08,5.548420e-06,6.695532e-06,7.800516e-03
1110179840,15247266,13322158080,40665909,-6.425092e-02,-2.898465e-02,2.222667e-08,5.357628e-06,5.359233e-06,7.532282e-03
1110441984,15247465,13325303808,40675582,-6.425915e-02,-2.898071e-02,1.983963e-08,5.339398e-06,4.783676e-06,7.506652e-03
1110704128,15247542,13328449536,40685256,-6.426475e-02,-2.897613e-02,1.829267e-08,5.318218e-06,4.410677e-06,7.476874e-03
1110966272,15247582,13331595264,40694851,-6.425063e-02,-2.897145e-02,2.231117e-08,5.296684e-06,5.379608e-06,7.446601e-03
1111228416,15247788,13334740992,40704458,-6.423091e-02,-2.898179e-02,2.859174e-08,5.344357e-06,6.893961e-06,7.513624e-03
1111490560,15247887,13337886720,40713918,-6.419072e-02,-2.897453e-02,4.380097e-08,5.310883e-06,1.056117e-05,7.466563e-03
1111752704,15248001,13341032448,40723688,-6.420675e-02,-2.901468e-02,3.734678e-08,5.497546e-06,9.004953e-06,7.728993e-03
1112014848,15248161,13344178176,40733164,-6.421011e-02,-2.901181e-02,3.605933e-08,5.484086e-06,8.694526e-06,7.710068e-03
1112276992,15248171,13347323904,40742533,-6.422275e-02,-2.902430e-02,3.141732e-08,5.542753e-06,7.575257e-06,7.792548e-03
1112539136,15248390,13350469632,40751989,-6.422053e-02,-2.905694e-02,3.220933e-08,5.697485e-06,7.766224e-06,8.010087e-03
1112801280,15248455,13353615360,40761449,-6.425198e-02,-2.905771e-02,2.191012e-08,5.701158e-06,5.282908e-06,8.015251e-03
1113063424,15248669,13356761088,40771024,-6.429209e-02,-2.906847e-02,1.164548e-08,5.752660e-06,2.807925e-06,8.087656e-03
1113325568,15248680,13359906816,40780574,-6.432974e-02,-2.906116e-02,4.937371e-09,5.717626e-06,1.190485e-06,8.038402e-03
1113587712,15248924,13363052544,40790105,-6.430890e-02,-2.904462e-02,8.300248e-09,5.638808e-06,2.001333e-06,7.927592e-03
1113849856,15249145,13366198272,40799829,-6.431162e-02,-2.900897e-02,7.812127e-09,5.470773e-06,1.883638e-06,7.691350e-03
1114112000,15249164,13369344000,40809669,-6.431724e-02,-2.901630e-02,6.849391e-09,5.505122e-06,1.651506e-06,7.739643e-03
1114374144,15249366,13372489728,40819471,-6.430446e-02,-2.902381e-02,9.127661e-09,5.540403e-06,2.200836e-06,7.789244e-03
1114636288,15249398,13375635456,40829146,-6.428910e-02,-2.898201e-02,1.229923e-08,5.345400e-06,2.965556e-06,7.515089e-03
1114898432,15249774,13378781184,40838689,-6.428412e-02,-2.899445e-02,1.342791e-08,5.403089e-06,3.237702e-06,7.596194e-03
1115160576,15249837,13381926912,40848166,-6.429614e-02,-2.901539e-02,1.078713e-08,5.500857e-06,2.600962e-06,7.733647e-03
1115422720,15249853,13385072640,40857890,-6.429937e-02,-2.902657e-02,1.012740e-08,5.553423e-06,2.441891e-06,7.807550e-03
1115684864,15250353,13388218368,40867596,-6.430760e-02,-2.902444e-02,8.538148e-09,5.543367e-06,2.058694e-06,7.793412e-03
1115947008,15250546,13391364096,40877058,-6.432243e-02,-2.901519e-02,6.016794e-09,5.499922e-06,1.450753e-06,7.732332e-03
1116209152,15250917,13394509824,40886679,-6.431953e-02,-2.901678e-02,6.476020e-09,5.507395e-06,1.561480e-06,7.742838e-03
1116471296,15251296,13397655552,40895933,-6.433880e-02,-2.905243e-02,3.746238e-09,5.675987e-06,9.032826e-07,7.979862e-03
1116733440,15251828,13400801280,40905684,-6.435432e-02,-2.905389e-02,2.087298e-09,5.682912e-06,5.032836e-07,7.989598e-03
1116995584,15251856,13403947008,40915489,-6.433147e-02,-2.908720e-02,4.696421e-09,5.842861e-06,1.132388e-06,8.214470e-03
1117257728,15252490,13407092736,40924918,-6.430616e-02,-2.908459e-02,8.805958e-09,5.830243e-06,2.123268e-06,8.196730e-03
1117519872,15252644,13410238464,40934579,-6.428742e-02,-2.905275e-02,1.267555e-08,5.677505e-06,3.056292e-06,7.981997e-03
1117782016,15252867,13413384192,40944080,-6.426769e-02,-2.907466e-02,1.750722e-08,5.782408e-06,4.221293e-06,8.129478e-03
1118044160,15252935,13416529920,40953685,-6.423949e-02,-2.911207e-02,2.576516e-08,5.963730e-06,6.212425e-06,8.384400e-03
1118306304,15253003,13419675648,40963346,-6.425030e-02,-2.913515e-02,2.241144e-08,6.076989e-06,5.403785e-06,8.543630e-03
1118568448,15253255,13422821376,40973133,-6.425835e-02,-2.913183e-02,2.006485e-08,6.060589e-06,4.837980e-06,8.520574e-03
1118830592,15253543,13425967104,40982789,-6.426922e-02,-2.914729e-02,1.710342e-08,6.136966e-06,4.123929e-06,8.627952e-03
1119092736,15253568,13429112832,40992362,-6.425431e-02,-2.917647e-02,2.122518e-08,6.282412e-06,5.117758e-06,8.832433e-03
1119354880,15253908,13432258560,41001910,-6.425022e-02,-2.918952e-02,2.243599e-08,6.347962e-06,5.409703e-06,8.924591e-03
1119617024,15254013,13435404288,41011694,-6.424600e-02,-2.915877e-02,2.371708e-08,6.194002e-06,5.718596e-06,8.708138e-03
1119879168,15254725,13438550016,41021472,-6.428021e-02,-2.917024e-02,1.434975e-08,6.251199e-06,3.459971e-06,8.788551e-03
1120141312,15254829,13441695744,41030834,-6.425004e-02,-2.919229e-02,2.248735e-08,6.361927e-06,5.422088e-06,8.944224e-03
1120403456,15255746,13444841472,41040462,-6.423057e-02,-2.916392e-02,2.870776e-08,6.219645e-06,6.921935e-06,8.744190e-03
1120665600,15256291,13447987200,41050127,-6.423026e-02,-2.914550e-02,2.881390e-08,6.128119e-06,6.947528e-06,8.615514e-03
1120927744,15256587,13451132928,41059718,-6.420898e-02,-2.913181e-02,3.649072e-08,6.060534e-06,8.798540e-06,8.520496e-03
1121189888,15257033,13454278656,41069393,-6.424419e-02,-2.911420e-02,2.427800e-08,5.974106e-06,5.853844e-06,8.398986e-03
1121452032,15257572,13457424384,41078997,-6.426299e-02,-2.914201e-02,1.877139e-08,6.110822e-06,4.526106e-06,8.591196e-03
1121714176,15258932,13460570112,41088727,-6.423310e-02,-2.918047e-02,2.785576e-08,6.302485e-06,6.716504e-06,8.860653e-03
1121976320,15259034,13463715840,41098290,-6.420168e-02,-2.915939e-02,3.933360e-08,6.197080e-06,9.484009e-06,8.712466e-03
1122238464,15261296,13466861568,41108049,-6.421878e-02,-2.915782e-02,3.284086e-08,6.189274e-06,7.918497e-06,8.701492e-03
1122500608,15270321,13470007296,41117695,-6.423274e-02,-2.913724e-02,2.797527e-08,6.087279e-06,6.745318e-06,8.558096e-03
1122762752,15271486,13473153024,41127383,-6.423911e-02,-2.917502e-02,2.588490e-08,6.275122e-06,6.241294e-06,8.822184e-03
1123024896,15274450,13476298752,41136906,-6.423116e-02,-2.918244e-02,2.850865e-08,6.312364e-06,6.873928e-06,8.874544e-03
1123287040,15280796,13479444480,41146738,-6.422073e-02,-2.919273e-02,3.213717e-08,6.364173e-06,7.748824e-06,8.947381e-03
1123549184,15281660,13482590208,41156319,-6.424384e-02,-2.919485e-02,2.438725e-08,6.374881e-06,5.880185e-06,8.962437e-03
1123811328,15337231,13485735936,41165806,-6.427838e-02,-2.925017e-02,1.479222e-08,6.657275e-06,3.566659e-06,9.359454e-03
1124073472,15349235,13488881664,41175484,-6.432180e-02,-2.925441e-02,6.115442e-09,6.679179e-06,1.474538e-06,9.390248e-03
1124335616,15452786,13492027392,41185190,-6.433486e-02,-2.923379e-02,4.243275e-09,6.573036e-06,1.023127e-06,9.241021e-03
1124597760,15453143,13495173120,41194687,-6.436927e-02,-2.927877e-02,9.445569e-10,6.805683e-06,2.277489e-07,9.568101e-03
1124859904,15453723,13498318848,41204565,-6.436619e-02,-2.925161e-02,1.143166e-09,6.664698e-06,2.756369e-07,9.369888e-03
1125122048,15453748,13501464576,41214230,-6.441534e-02,-2.923214e-02,2.353385e-10,6.564538e-06,5.674416e-08,9.229074e-03
1125384192,15454133,13504610304,41223823,-6.442715e-02,-2.923194e-02,7.371179e-10,6.563545e-06,1.777318e-07,9.227680e-03
1125646336,15455000,13507756032,41233264,-6.441992e-02,-2.924734e-02,3.966232e-10,6.642702e-06,9.563270e-08,9.338966e-03
1125908480,15455649,13510901760,41242779,-6.444927e-02,-2.923214e-02,2.426867e-09,6.564586e-06,5.851594e-07,9.229141e-03
1126170624,15455764,13514047488,41252607,-6.445036e-02,-2.922752e-02,2.535976e-09,6.540908e-06,6.114675e-07,9.195852e-03
1126432768,15456219,13517193216,41262249,-6.445116e-02,-2.922188e-02,2.616904e-09,6.512118e-06,6.309807e-07,9.155378e-03
1126694912,15456405,13520338944,41271579,-6.441002e-02,-2.918710e-02,1.004211e-10,6.335804e-06,2.421325e-08,8.907497e-03
1126957056,15456712,13523484672,41281407,-6.439760e-02,-2.921622e-02,5.791423e-12,6.483232e-06,1.396412e-09,9.114766e-03
1127219200,15456828,13526630400,41291071,-6.440957e-02,-2.922706e-02,9.151879e-11,6.538583e-06,2.206676e-08,9.192585e-03
1127481344,15456869,13529776128,41300815,-6.440349e-02,-2.920576e-02,1.215827e-11,6.430081e-06,2.931569e-09,9.040041e-03
1127743488,15456996,13532921856,41310497,-6.441958e-02,-2.921753e-02,3.833813e-10,6.489911e-06,9.243985e-08,9.124157e-03
1128005632,15457069,13536067584,41319985,-6.442019e-02,-2.923530e-02,4.073786e-10,6.580755e-06,9.822600e-08,9.251874e-03
1128267776,15457236,13539213312,41329484,-6.440613e-02,-2.924694e-02,3.759931e-11,6.640619e-06,9.065842e-09,9.336037e-03
1128529920,15457338,13542359040,41339019,-6.439298e-02,-2.924240e-02,4.936324e-11,6.617263e-06,1.190233e-08,9.303201e-03
1128792064,15457443,13545504768,41348681,-6.439341e-02,-2.922880e-02,4.347772e-11,6.547436e-06,1.048323e-08,9.205030e-03
1129054208,15457727,13548650496,41358314,-6.436257e-02,-2.921495e-02,1.401133e-09,6.476765e-06,3.378374e-07,9.105674e-03
1129316352,15458309,13551796224,41367859,-6.434219e-02,-2.919290e-02,3.341887e-09,6.365037e-06,8.057864e-07,8.948596e-03
1129578496,15458787,13554941952,41377427,-6.430964e-02,-2.921271e-02,8.165046e-09,6.465365e-06,1.968733e-06,9.089646e-03
1129840640,15458992,13558087680,41387116,-6.431983e-02,-2.921339e-02,6.428142e-09,6.468860e-06,1.549936e-06,9.094561e-03
1130102784,15459142,13561233408,41396575,-6.430390e-02,-2.918330e-02,9.236179e-09,6.316680e-06,2.227002e-06,8.880611e-03
1130364928,15459354,13564379136,41406307,-6.432205e-02,-2.915010e-02,6.075886e-09,6.150900e-06,1.465001e-06,8.647542e-03
1130627072,15459563,13567524864,41415836,-6.433096e-02,-2.915400e-02,4.767147e-09,6.170234e-06,1.149441e-06,8.674723e-03
1130889216,15459816,13570670592,41425587,-6.436678e-02,-2.916954e-02,1.103710e-09,6.247697e-06,2.661236e-07,8.783629e-03
1131151360,15459907,13573816320,41435179,-6.438664e-02,-2.919685e-02,1.784600e-10,6.384950e-06,4.302977e-08,8.976592e-03
1131413504,15460424,13576962048,41444812,-6.440168e-02,-2.921169e-02,2.810252e-12,6.460165e-06,6.776001e-10,9.082336e-03
1131675648,15460452,13580107776,41454546,-6.437629e-02,-2.921202e-02,5.620573e-10,6.461851e-06,1.355217e-07,9.084707e-03
1131937792,15461044,13583253504,41464248,-6.438990e-02,-2.924694e-02,1.020704e-10,6.640599e-06,2.461092e-08,9.336009e-03
1132199936,15461784,13586399232,41473705,-6.436435e-02,-2.923764e-02,1.270996e-09,6.592773e-06,3.064590e-07,9.268770e-03
1132462080,15461802,13589544960,41483190,-6.435584e-02,-2.921755e-02,1.950728e-09,6.490025e-06,4.703540e-07,9.124317e-03
1132724224,15461822,13592690688,41492881,-6.433601e-02,-2.921094e-02,4.095109e-09,6.456388e-06,9.874013e-07,9.077026e-03
1132986368,15462008,13595836416,41502719,-6.436093e-02,-2.919620e-02,1.526531e-09,6.381684e-06,3.680729e-07,8.971999e-03
1133248512,15462048,13598982144,41512453,-6.434064e-02,-2.920896e-02,3.524349e-09,6.446320e-06,8.497812e-07,9.062871e-03
1133510656,15462055,13602127872,41522137,-6.428511e-02,-2.919987e-02,1.319924e-08,6.400227e-06,3.182565e-06,8.998070e-03
1133772800,15462947,13605273600,41531650,-6.425466e-02,-2.921633e-02,2.112327e-08,6.483801e-06,5.093185e-06,9.115567e-03
1134034944,15463103,13608419328,41541137,-6.424087e-02,-2.920412e-02,2.532220e-08,6.421789e-06,6.105618e-06,9.028384e-03
1134297088,15463369,13611565056,41550538,-6.423787e-02,-2.917086e-02,2.628681e-08,6.254301e-06,6.338204e-06,8.792913e-03
1134559232,15463380,13614710784,41560327,-6.424051e-02,-2.916481e-02,2.543852e-08,6.224068e-06,6.133665e-06,8.750409e-03
1134821376,15463679,13617856512,41569740,-6.423208e-02,-2.915101e-02,2.819752e-08,6.155437e-06,6.798909e-06,8.653921e-03
1135083520,15464286,13621002240,41579208,-6.425340e-02,-2.911811e-02,2.149305e-08,5.993251e-06,5.182344e-06,8.425903e-03
1135345664,15464865,13624147968,41588882,-6.424751e-02,-2.916822e-02,2.325351e-08,6.241097e-06,5.606823e-06,8.774350e-03
1135607808,15464984,13627293696,41598504,-6.427006e-02,-2.913784e-02,1.688392e-08,6.090239e-06,4.071003e-06,8.562258e-03
1135869952,15465862,13630439424,41608039,-6.426290e-02,-2.911672e-02,1.879590e-08,5.986459e-06,4.532015e-06,8.416355e-03
1136132096,15466119,13633585152,41617694,-6.426220e-02,-2.913537e-02,1.899048e-08,6.078027e-06,4.578932e-06,8.545090e-03
1136394240,15466477,13636730880,41627270,-6.426612e-02,-2.913394e-02,1.792372e-08,6.070984e-06,4.321716e-06,8.535188e-03
1136656384,15466609,13639876608,41636853,-6.428356e-02,-2.916468e-02,1.355947e-08,6.223427e-06,3.269421e-06,8.749506e-03
1136918528,15467082,13643022336,41646438,-6.427300e-02,-2.916133e-02,1.612966e-08,6.206747e-06,3.889139e-06,8.726058e-03
1137180672,15467667,13646168064,41655935,-6.429172e-02,-2.914122e-02,1.172440e-08,6.106945e-06,2.826956e-06,8.585746e-03
1137442816,15467668,13649313792,41665480,-6.427253e-02,-2.916686e-02,1.624911e-08,6.234305e-06,3.917939e-06,8.764802e-03
1137704960,15468150,13652459520,41675229,-6.428976e-02,-2.915972e-02,1.215259e-08,6.198694e-06,2.930199e-06,8.714735e-03
1137967104,15469768,13655605248,41685022,-6.427631e-02,-2.917523e-02,1.530034e-08,6.276204e-06,3.689175e-06,8.823707e-03
1138229248,15472244,13658750976,41694612,-6.427596e-02,-2.918364e-02,1.538709e-08,6.318384e-06,3.710093e-06,8.883007e-03
1138491392,15474222,13661896704,41704120,-6.426225e-02,-2.920740e-02,1.897611e-08,6.438387e-06,4.575465e-06,9.051720e-03
1138753536,15475104,13665042432,41713758,-6.426509e-02,-2.921044e-02,1.820209e-08,6.453860e-06,4.388837e-06,9.073473e-03
1139015680,15477358,13668188160,41723440,-6.423389e-02,-2.919614e-02,2.759276e-08,6.381373e-06,6.653090e-06,8.971564e-03
1139277824,15482460,13671333888,41733194,-6.418815e-02,-2.923307e-02,4.488350e-08,6.569321e-06,1.082218e-05,9.235799e-03
1139539968,15485534,13674479616,41742657,-6.422191e-02,-2.922839e-02,3.171649e-08,6.545348e-06,7.647392e-06,9.202095e-03
1139802112,15512666,13677625344,41752362,-6.421333e-02,-2.921367e-02,3.484729e-08,6.470244e-06,8.402282e-06,9.096506e-03
1140064256,15518419,13680771072,41762222,-6.420276e-02,-2.922328e-02,3.890625e-08,6.519260e-06,9.380967e-06,9.165418e-03
1140326400,15525013,13683916800,41771866,-6.420791e-02,-2.920849e-02,3.689890e-08,6.443927e-06,8.896961e-06,9.059508e-03
1140588544,15589545,13687062528,41781620,-6.424125e-02,-2.923066e-02,2.520141e-08,6.556962e-06,6.076494e-06,9.218424e-03
1140850688,15592104,13690208256,41791181,-6.424491e-02,-2.923816e-02,2.405331e-08,6.595461e-06,5.799667e-06,9.272549e-03
1141112832,15690094,13693353984,41800513,-6.423680e-02,-2.923911e-02,2.663343e-08,6.600322e-06,6.421779e-06,9.279383e-03
1141374976,15692187,13696499712,41809970,-6.426331e-02,-2.922375e-02,1.868574e-08,6.521629e-06,4.505454e-06,9.168748e-03
1141637120,15693049,13699645440,41819320,-6.423904e-02,-2.920955e-02,2.590888e-08,6.449309e-06,6.247076e-06,9.067073e-03
1141899264,15693123,13702791168,41828838,-6.421684e-02,-2.920509e-02,3.354944e-08,6.426690e-06,8.089349e-06,9.035274e-03
1142161408,15693299,13705936896,41838695,-6.421029e-02,-2.923606e-02,3.599145e-08,6.584655e-06,8.678159e-06,9.257357e-03
1142423552,15694352,13709082624,41848114,-6.420909e-02,-2.926881e-02,3.644803e-08,6.753819e-06,8.788248e-06,9.495183e-03
1142685696,15694486,13712228352,41857591,-6.421453e-02,-2.925985e-02,3.440088e-08,6.707302e-06,8.294645e-06,9.429787e-03
1142947840,15696312,13715374080,41867165,-6.418934e-02,-2.929674e-02,4.437667e-08,6.899780e-06,1.069998e-05,9.700391e-03
1143209984,15696446,13718519808,41876907,-6.418797e-02,-2.932752e-02,4.495930e-08,7.062441e-06,1.084046e-05,9.929075e-03
1143472128,15696792,13721665536,41886172,-6.420943e-02,-2.932475e-02,3.631729e-08,7.047697e-06,8.756724e-06,9.908347e-03
1143734272,15696817,13724811264,41895936,-6.420495e-02,-2.929804e-02,3.804692e-08,6.906621e-06,9.173767e-06,9.710008e-03
1143996416,15697056,13727956992,41905581,-6.421052e-02,-2.928712e-02,3.590387e-08,6.849331e-06,8.657041e-06,9.629464e-03
1144258560,15697094,13731102720,41915257,-6.422862e-02,-2.928561e-02,2.937051e-08,6.841417e-06,7.081735e-06,9.618338e-03
1144520704,15697178,13734248448,41924891,-6.422725e-02,-2.927755e-02,2.984227e-08,6.799329e-06,7.195486e-06,9.559168e-03
1144782848,15697196,13737394176,41934475,-6.422850e-02,-2.926457e-02,2.941138e-08,6.731801e-06,7.091590e-06,9.464229e-03
1145044992,15697478,13740539904,41944051,-6.426134e-02,-2.922723e-02,1.922736e-08,6.539431e-06,4.636048e-06,9.193776e-03
1145307136,15697620,13743685632,41953542,-6.428298e-02,-2.921043e-02,1.369515e-08,6.453794e-06,3.302136e-06,9.073380e-03
1145569280,15697675,13746831360,41963288,-6.426138e-02,-2.921198e-02,1.921703e-08,6.461690e-06,4.633557e-06,9.084480e-03
1145831424,15697730,13749977088,41972616,-6.427795e-02,-2.919568e-02,1.489571e-08,6.379039e-06,3.591611e-06,8.968282e-03
1146093568,15697917,13753122816,41982259,-6.428304e-02,-2.919870e-02,1.367946e-08,6.394348e-06,3.298353e-06,8.989803e-03
1146355712,15698080,13756268544,41991685,-6.425037e-02,-2.922810e-02,2.238914e-08,6.543871e-06,5.398407e-06,9.200018e-03
1146617856,15698106,13759414272,42001287,-6.422494e-02,-2.926542e-02,3.064821e-08,6.736229e-06,7.389811e-06,9.470455e-03
1146880000,15698178,13762560000,42010790,-6.421825e-02,-2.925429e-02,3.303558e-08,6.678534e-06,7.965446e-06,9.389342e-03
1147142144,15698424,13765705728,42020201,-6.423660e-02,-2.926016e-02,2.669913e-08,6.708924e-06,6.437620e-06,9.432066e-03
1147404288,15698623,13768851456,42029942,-6.428277e-02,-2.924597e-02,1.374227e-08,6.635599e-06,3.313498e-06,9.328978e-03
1147666432,15698886,13771997184,42039462,-6.425311e-02,-2.922002e-02,2.157833e-08,6.502606e-06,5.202908e-06,9.142005e-03
1147928576,15698919,13775142912,42049039,-6.423151e-02,-2.924010e-02,2.838801e-08,6.605395e-06,6.844839e-06,9.286515e-03
1148190720,15698947,13778288640,42058694,-6.421041e-02,-2.923161e-02,3.594341e-08,6.561847e-06,8.666576e-06,9.225291e-03
1148452864,15699259,13781434368,42068062,-6.419733e-02,-2.924768e-02,4.107541e-08,6.644459e-06,9.903988e-06,9.341436e-03
1148715008,15699421,13784580096,42077735,-6.418250e-02,-2.925289e-02,4.730834e-08,6.671316e-06,1.140686e-05,9.379194e-03
1148977152,15699587,13787725824,42087342,-6.415282e-02,-2.924991e-02,6.109818e-08,6.655958e-06,1.473182e-05,9.357602e-03
1149239296,15699945,13790871552,42096913,-6.412479e-02,-2.924829e-02,7.574440e-08,6.647600e-06,1.826328e-05,9.345850e-03
1149501440,15700332,13794017280,42106539,-6.414533e-02,-2.925878e-02,6.485594e-08,6.701766e-06,1.563789e-05,9.422002e-03
1149763584,15700430,13797163008,42116021,-6.412924e-02,-2.927322e-02,7.331182e-08,6.776773e-06,1.767674e-05,9.527455e-03
1150025728,15700808,13800308736,42125815,-6.414539e-02,-2.926250e-02,6.482938e-08,6.721058e-06,1.563148e-05,9.449126e-03
1150287872,15701266,13803454464,42135120,-6.414513e-02,-2.926667e-02,6.495844e-08,6.742689e-06,1.566260e-05,9.479537e-03
1150550016,15701305,13806600192,42144745,-6.413343e-02,-2.924525e-02,7.106187e-08,6.631934e-06,1.713424e-05,9.323825e-03
1150812160,15702043,13809745920,42154324,-6.411567e-02,-2.922826e-02,8.084302e-08,6.544672e-06,1.949264e-05,9.201145e-03
1151074304,15702316,13812891648,42163966,-6.410797e-02,-2.924600e-02,8.528325e-08,6.635762e-06,2.056326e-05,9.329207e-03
1151336448,15702427,13816037376,42173434,-6.412815e-02,-2.920879e-02,7.390206e-08,6.445440e-06,1.781906e-05,9.061636e-03
1151598592,15702501,13819183104,42182920,-6.414524e-02,-2.921339e-02,6.490529e-08,6.468832e-06,1.564978e-05,9.094520e-03
1151860736,15702591,13822328832,42192635,-6.416207e-02,-2.923125e-02,5.661273e-08,6.559996e-06,1.365030e-05,9.222689e-03
1152122880,15702831,13825474560,42202345,-6.415344e-02,-2.924792e-02,6.079285e-08,6.645679e-06,1.465820e-05,9.343150e-03
1152385024,15703048,13828620288,42211905,-6.414749e-02,-2.925486e-02,6.376010e-08,6.681519e-06,1.537366e-05,9.393538e-03
1152647168,15703252,13831766016,42221340,-6.415564e-02,-2.924482e-02,5.971383e-08,6.629689e-06,1.439803e-05,9.320670e-03
1152909312,15703416,13834911744,42230732,-6.413291e-02,-2.922489e-02,7.134020e-08,6.527443e-06,1.720135e-05,9.176923e-03
1153171456,15703452,13838057472,42240367,-6.408127e-02,-2.921988e-02,1.015878e-07,6.501875e-06,2.449457e-05,9.140976e-03
1153433600,15704048,13841203200,42249811,-6.412902e-02,-2.920243e-02,7.342887e-08,6.413202e-06,1.770497e-05,9.016312e-03
1153695744,15704415,13844348928,42259386,-6.411643e-02,-2.918162e-02,8.041566e-08,6.308228e-06,1.938960e-05,8.868729e-03
1153957888,15705635,13847494656,42268872,-6.411813e-02,-2.916306e-02,7.945090e-08,6.215354e-06,1.915698e-05,8.738156e-03
1154220032,15705899,13850640384,42278389,-6.413001e-02,-2.916271e-02,7.289684e-08,6.213589e-06,1.757668e-05,8.735675e-03
1154482176,15706130,13853786112,42287920,-6.410468e-02,-2.917853e-02,8.721751e-08,6.292706e-06,2.102965e-05,8.846906e-03
1154744320,15706560,13856931840,42297463,-6.409397e-02,-2.920253e-02,9.365595e-08,6.413692e-06,2.258206e-05,9.017001e-03
1155006464,15707287,13860077568,42307266,-6.411769e-02,-2.919112e-02,7.969891e-08,6.356056e-06,1.921678e-05,8.935969e-03
1155268608,15708804,13863223296,42316838,-6.409678e-02,-2.914679e-02,9.194463e-08,6.134503e-06,2.216943e-05,8.624488e-03
1155530752,15709039,13866369024,42326275,-6.406081e-02,-2.914782e-02,1.150483e-07,6.139588e-06,2.774013e-05,8.631636e-03
1155792896,15710942,13869514752,42335839,-6.405408e-02,-2.913375e-02,1.196627e-07,6.070067e-06,2.885274e-05,8.533898e-03
1156055040,15720057,13872660480,42345337,-6.410699e-02,-2.909442e-02,8.585863e-08,5.877807e-06,2.070199e-05,8.263600e-03
1156317184,15721570,13875806208,42355009,-6.411522e-02,-2.909928e-02,8.110167e-08,5.901403e-06,1.955501e-05,8.296775e-03
1156579328,15724040,13878951936,42364477,-6.412194e-02,-2.905655e-02,7.731910e-08,5.695610e-06,1.864297e-05,8.007449e-03
1156841472,15731118,13882097664,42373917,-6.408504e-02,-2.906351e-02,9.919879e-08,5.728882e-06,2.391854e-05,8.054227e-03
1157103616,15731201,13885243392,42383605,-6.408292e-02,-2.904022e-02,1.005409e-07,5.617924e-06,2.424214e-05,7.898231e-03
1157365760,15786759,13888389120,42393195,-6.402717e-02,-2.900722e-02,1.390056e-07,5.462620e-06,3.351664e-05,7.679889e-03
1157627904,15798929,13891534848,42402731,-6.401284e-02,-2.898234e-02,1.498944e-07,5.346907e-06,3.614212e-05,7.517209e-03
1157890048,15907724,13894680576,42412233,-6.403675e-02,-2.898985e-02,1.319528e-07,5.381687e-06,3.181609e-05,7.566107e-03
1158152192,15908105,13897826304,42421931,-6.401963e-02,-2.902042e-02,1.446847e-07,5.524499e-06,3.488599e-05,7.766886e-03
1158414336,15908731,13900972032,42431523,-6.401521e-02,-2.902885e-02,1.480654e-07,5.564191e-06,3.570112e-05,7.822688e-03
1158676480,15908877,13904117760,42441353,-6.400888e-02,-2.900278e-02,1.529735e-07,5.441882e-06,3.688454e-05,7.650734e-03
1158938624,15909151,13907263488,42450815,-6.401665e-02,-2.902562e-02,1.469608e-07,5.548929e-06,3.543479e-05,7.801232e-03
1159200768,15909936,13910409216,42460343,-6.400904e-02,-2.900161e-02,1.528511e-07,5.436409e-06,3.685503e-05,7.643040e-03
1159462912,15910602,13913554944,42470082,-6.401331e-02,-2.898909e-02,1.495312e-07,5.378196e-06,3.605454e-05,7.561198e-03
1159725056,15910634,13916700672,42479807,-6.396211e-02,-2.903003e-02,1.917503e-07,5.569720e-06,4.623429e-05,7.830461e-03
1159987200,15911251,13919846400,42489461,-6.395803e-02,-2.904784e-02,1.953427e-07,5.654104e-06,4.710049e-05,7.949097e-03
1160249344,15911376,13922992128,42499067,-6.394558e-02,-2.909602e-02,2.065028e-07,5.885559e-06,4.979138e-05,8.274499e-03
1160511488,15911658,13926137856,42508752,-6.394179e-02,-2.911253e-02,2.099571e-07,5.965950e-06,5.062426e-05,8.387521e-03
1160773632,15911761,13929283584,42518484,-6.390852e-02,-2.909475e-02,2.415502e-07,5.879415e-06,5.824191e-05,8.265861e-03
1161035776,15912121,13932429312,42528062,-6.391765e-02,-2.910936e-02,2.326621e-07,5.950491e-06,5.609883e-05,8.365787e-03
1161297920,15912124,13935575040,42537601,-6.392136e-02,-2.911641e-02,2.290964e-07,5.984937e-06,5.523910e-05,8.414214e-03
1161560064,15912258,13938720768,42547010,-6.390635e-02,-2.913125e-02,2.436934e-07,6.057747e-06,5.875868e-05,8.516578e-03
1161822208,15912333,13941866496,42556615,-6.387642e-02,-2.912699e-02,2.741382e-07,6.036823e-06,6.609944e-05,8.487161e-03
1162084352,15912380,13945012224,42566166,-6.389955e-02,-2.914808e-02,2.504482e-07,6.140898e-06,6.038739e-05,8.633479e-03
1162346496,15912600,13948157952,42575741,-6.389555e-02,-2.914058e-02,2.544688e-07,6.103779e-06,6.135681e-05,8.581294e-03
1162608640,15912804,13951303680,42585619,-6.393378e-02,-2.914483e-02,2.173612e-07,6.124782e-06,5.240952e-05,8.610820e-03
1162870784,15913276,13954449408,42595227,-6.392460e-02,-2.915832e-02,2.260044e-07,6.191759e-06,5.449355e-05,8.704985e-03
1163132928,15914047,13957595136,42604964,-6.395583e-02,-2.915700e-02,1.972904e-07,6.185151e-06,4.757011e-05,8.695695e-03
1163395072,15914199,13960740864,42614542,-6.394187e-02,-2.914204e-02,2.098888e-07,6.110969e-06,5.060780e-05,8.591402e-03
1163657216,15914368,13963886592,42624220,-6.398270e-02,-2.910999e-02,1.741451e-07,5.953536e-06,4.198939e-05,8.370069e-03
1163919360,15914428,13967032320,42633841,-6.400739e-02,-2.910282e-02,1.541413e-07,5.918620e-06,3.716613e-05,8.320978e-03
1164181504,15914686,13970178048,42643355,-6.400683e-02,-2.906589e-02,1.545863e-07,5.740301e-06,3.727341e-05,8.070281e-03
1164443648,15914886,13973323776,42652891,-6.398720e-02,-2.903569e-02,1.704034e-07,5.596497e-06,4.108719e-05,7.868107e-03
1164705792,15915111,13976469504,42662615,-6.399045e-02,-2.902122e-02,1.677320e-07,5.528256e-06,4.044307e-05,7.772167e-03
1164967936,15915643,13979615232,42672188,-6.399581e-02,-2.899871e-02,1.633728e-07,5.422902e-06,3.939199e-05,7.624050e-03
1165230080,15915687,13982760960,42681728,-6.397357e-02,-2.902718e-02,1.818459e-07,5.556294e-06,4.384619e-05,7.811586e-03
1165492224,15916309,13985906688,42691222,-6.398754e-02,-2.907401e-02,1.701267e-07,5.779246e-06,4.102047e-05,8.125033e-03
1165754368,15916941,13989052416,42700783,-6.399919e-02,-2.909026e-02,1.606498e-07,5.857675e-06,3.873543e-05,8.235296e-03
1166016512,15917047,13992198144,42710389,-6.400442e-02,-2.907785e-02,1.564844e-07,5.797745e-06,3.773109e-05,8.151041e-03
1166278656,15917054,13995343872,42720089,-6.400549e-02,-2.907366e-02,1.556426e-07,5.777580e-06,3.752812e-05,8.122692e-03
1166540800,15917083,13998489600,42729782,-6.404182e-02,-2.905394e-02,1.282977e-07,5.683187e-06,3.093478e-05,7.989985e-03
1166802944,15917107,14001635328,42739296,-6.403402e-02,-2.905750e-02,1.339413e-07,5.700136e-06,3.229556e-05,8.013813e-03
1167065088,15917287,14004781056,42748822,-6.403570e-02,-2.908927e-02,1.327171e-07,5.852879e-06,3.200038e-05,8.228554e-03
1167327232,15918150,14007926784,42758374,-6.403036e-02,-2.905556e-02,1.366324e-07,5.690881e-06,3.294442e-05,8.000801e-03
1167589376,15918223,14011072512,42768218,-6.401506e-02,-2.903842e-02,1.481801e-07,5.609406e-06,3.572878e-05,7.886256e-03
1167851520,15918447,14014218240,42777665,-6.401517e-02,-2.903361e-02,1.480941e-07,5.586666e-06,3.570803e-05,7.854285e-03
1168113664,15918792,14017363968,42787346,-6.399208e-02,-2.899062e-02,1.663982e-07,5.385257e-06,4.012146e-05,7.571124e-03
1168375808,15918968,14020509696,42796895,-6.398772e-02,-2.901043e-02,1.699730e-07,5.477606e-06,4.098343e-05,7.700957e-03
1168637952,15919641,14023655424,42806477,-6.393477e-02,-2.902520e-02,2.164451e-07,5.546973e-06,5.218864e-05,7.798480e-03
1168900096,15920130,14026801152,42816187,-6.395235e-02,-2.904723e-02,2.003934e-07,5.651234e-06,4.831831e-05,7.945063e-03
1169162240,15920161,14029946880,42825750,-6.393802e-02,-2.902605e-02,2.134262e-07,5.550974e-06,5.146073e-05,7.804107e-03
1169424384,15920887,14033092608,42835279,-6.392798e-02,-2.906762e-02,2.228067e-07,5.748605e-06,5.372254e-05,8.081956e-03
1169686528,15920924,14036238336,42844980,-6.394291e-02,-2.908529e-02,2.089341e-07,5.833617e-06,5.037761e-05,8.201474e-03
1169948672,15921790,14039384064,42854559,-6.394237e-02,-2.911344e-02,2.094316e-07,5.970418e-06,5.049757e-05,8.393803e-03
1170210816,15921991,14042529792,42864100,-6.390966e-02,-2.911186e-02,2.404383e-07,5.962684e-06,5.797381e-05,8.382929e-03
1170472960,15922724,14045675520,42873651,-6.391277e-02,-2.910518e-02,2.373938e-07,5.930108e-06,5.723973e-05,8.337130e-03
1170735104,15922909,14048821248,42883371,-6.390363e-02,-2.913101e-02,2.463858e-07,6.056564e-06,5.940784e-05,8.514915e-03
1170997248,15922953,14051966976,42892947,-6.392803e-02,-2.911758e-02,2.227575e-07,5.990643e-06,5.371068e-05,8.422236e-03
1171259392,15924682,14055112704,42903003,-6.396051e-02,-2.912270e-02,1.931492e-07,6.015753e-06,4.657159e-05,8.457539e-03
1171521536,15925284,14058258432,42912569,-6.397214e-02,-2.910205e-02,1.830680e-07,5.914850e-06,4.414085e-05,8.315679e-03
1171783680,15927870,14061404160,42922091,-6.397300e-02,-2.906781e-02,1.823292e-07,5.749489e-06,4.396271e-05,8.083198e-03
1172045824,15929543,14064549888,42931655,-6.395853e-02,-2.909441e-02,1.948951e-07,5.877771e-06,4.699257e-05,8.263551e-03
1172307968,15930376,14067695616,42941029,-6.397378e-02,-2.912366e-02,1.816681e-07,6.020468e-06,4.380330e-05,8.464169e-03
1172570112,15932426,14070841344,42950667,-6.397098e-02,-2.913614e-02,1.840576e-07,6.081857e-06,4.437945e-05,8.550474e-03
1172832256,15937684,14073987072,42960271,-6.398996e-02,-2.915520e-02,1.681350e-07,6.176213e-06,4.054025e-05,8.683129e-03
1173094400,15940844,14077132800,42969674,-6.396196e-02,-2.909538e-02,1.918808e-07,5.882459e-06,4.626576e-05,8.270142e-03
1173356544,15967782,14080278528,42979396,-6.394260e-02,-2.906560e-02,2.092135e-07,5.738900e-06,5.044497e-05,8.068310e-03
1173618688,15973782,14083424256,42989031,-6.396194e-02,-2.909763e-02,1.919004e-07,5.893370e-06,4.627048e-05,8.285481e-03
1173880832,15980547,14086569984,42998510,-6.399247e-02,-2.910432e-02,1.660822e-07,5.925908e-06,4.004528e-05,8.331226e-03
1174142976,16048770,14089715712,43007841,-6.398124e-02,-2.910546e-02,1.753661e-07,5.931487e-06,4.228378e-05,8.339069e-03
1174405120,16051350,14092861440,43017427,-6.401415e-02,-2.912670e-02,1.488807e-07,6.035377e-06,3.589771e-05,8.485128e-03
1174667264,16139373,14096007168,43027133,-6.400589e-02,-2.913206e-02,1.553253e-07,6.061745e-06,3.745161e-05,8.522199e-03
1174929408,16141552,14099152896,43036926,-6.398962e-02,-2.915315e-02,1.684101e-07,6.166034e-06,4.060657e-05,8.668818e-03
1175191552,16142533,14102298624,43046387,-6.397679e-02,-2.917079e-02,1.791112e-07,6.253975e-06,4.318680e-05,8.792454e-03
1175453696,16142588,14105444352,43055997,-6.397334e-02,-2.916374e-02,1.820366e-07,6.218753e-06,4.389217e-05,8.742936e-03
1175715840,16142854,14108590080,43065709,-6.398194e-02,-2.915847e-02,1.747738e-07,6.192463e-06,4.214097e-05,8.705975e-03
1175977984,16143904,14111735808,43075292,-6.396414e-02,-2.915462e-02,1.899730e-07,6.173344e-06,4.580577e-05,8.679096e-03
1176240128,16144031,14114881536,43085108,-6.396073e-02,-2.914498e-02,1.929593e-07,6.125519e-06,4.652581e-05,8.611858e-03
1176502272,16145880,14118027264,43094600,-6.394794e-02,-2.915648e-02,2.043618e-07,6.182566e-06,4.927516e-05,8.692061e-03
1176764416,16146113,14121172992,43104021,-6.394649e-02,-2.920825e-02,2.056775e-07,6.442736e-06,4.959240e-05,9.057834e-03
1177026560,16146502,14124318720,43113594,-6.393129e-02,-2.919235e-02,2.196877e-07,6.362256e-06,5.297050e-05,8.944687e-03
1177288704,16146552,14127464448,43123356,-6.393245e-02,-2.919866e-02,2.186065e-07,6.394112e-06,5.270979e-05,8.989473e-03
1177550848,16146554,14130610176,43133033,-6.393245e-02,-2.920807e-02,2.186065e-07,6.441800e-06,5.270979e-05,9.056518e-03
1177812992,16146729,14133755904,43142790,-6.393748e-02,-2.923921e-02,2.139290e-07,6.600848e-06,5.158196e-05,9.280124e-03
1178075136,16146814,14136901632,43152685,-6.394641e-02,-2.925459e-02,2.057451e-07,6.680123e-06,4.960869e-05,9.391575e-03
1178337280,16146895,14140047360,43162168,-6.392791e-02,-2.928031e-02,2.228700e-07,6.813742e-06,5.373781e-05,9.579431e-03
1178599424,16147176,14143193088,43171715,-6.391028e-02,-2.927305e-02,2.398249e-07,6.775871e-06,5.782592e-05,9.526188e-03
1178861568,16147282,14146338816,43181388,-6.390627e-02,-2.929864e-02,2.437670e-07,6.909735e-06,5.877641e-05,9.714386e-03
1179123712,16147289,14149484544,43191052,-6.391311e-02,-2.930767e-02,2.370672e-07,6.957330e-06,5.716098e-05,9.781299e-03
1179385856,16147313,14152630272,43200694,-6.391228e-02,-2.931526e-02,2.378732e-07,6.997389e-06,5.735533e-05,9.837619e-03
1179648000,16147658,14155776000,43210073,-6.392341e-02,-2.929715e-02,2.271393e-07,6.901942e-06,5.476719e-05,9.703431e-03
1179910144,16147677,14158921728,43219813,-6.391542e-02,-2.929505e-02,2.348161e-07,6.890868e-06,5.661821e-05,9.687862e-03
1180172288,16147756,14162067456,43229381,-6.392229e-02,-2.928448e-02,2.282058e-07,6.835483e-06,5.502434e-05,9.609996e-03
1180434432,16147771,14165213184,43238881,-6.391844e-02,-2.927162e-02,2.319008e-07,6.768425e-06,5.591528e-05,9.515720e-03
1180696576,16147962,14168358912,43248525,-6.391861e-02,-2.930396e-02,2.317430e-07,6.937760e-06,5.587722e-05,9.753787e-03
1180958720,16148220,14171504640,43258294,-6.394295e-02,-2.932872e-02,2.088933e-07,7.068788e-06,5.036776e-05,9.937999e-03
1181220864,16148548,14174650368,43267935,-6.396307e-02,-2.933802e-02,1.909094e-07,7.118328e-06,4.603155e-05,1.000765e-02
1181483008,16148614,14177796096,43277729,-6.394857e-02,-2.936534e-02,2.037897e-07,7.264871e-06,4.913720e-05,1.021367e-02
1181745152,16148699,14180941824,43287084,-6.396786e-02,-2.935520e-02,1.867460e-07,7.210321e-06,4.502767e-05,1.013698e-02
1182007296,16149007,14184087552,43296794,-6.398678e-02,-2.936507e-02,1.707542e-07,7.263395e-06,4.117177e-05,1.021160e-02
1182269440,16149144,14187233280,43306341,-6.398158e-02,-2.938518e-02,1.750792e-07,7.372211e-06,4.221460e-05,1.036458e-02
1182531584,16149457,14190379008,43316117,-6.397235e-02,-2.941884e-02,1.828896e-07,7.556150e-06,4.409782e-05,1.062318e-02
1182793728,16149619,14193524736,43325871,-6.396224e-02,-2.942785e-02,1.916393e-07,7.605753e-06,4.620754e-05,1.069292e-02
1183055872,16150041,14196670464,43335282,-6.395185e-02,-2.943359e-02,2.008406e-07,7.637429e-06,4.842613e-05,1.073745e-02
1183318016,16150216,14199816192,43344935,-6.395214e-02,-2.942145e-02,2.005802e-07,7.570462e-06,4.836335e-05,1.064330e-02
1183580160,16150552,14202961920,43354506,-6.394951e-02,-2.942088e-02,2.029430e-07,7.567326e-06,4.893304e-05,1.063889e-02
1183842304,16150861,14206107648,43364017,-6.396143e-02,-2.940490e-02,1.923445e-07,7.479706e-06,4.637757e-05,1.051571e-02
1184104448,16150899,14209253376,43373902,-6.393888e-02,-2.938784e-02,2.126352e-07,7.386632e-06,5.127001e-05,1.038485e-02
1184366592,16151650,14212399104,43383336,-6.398223e-02,-2.940475e-02,1.745309e-07,7.478860e-06,4.208240e-05,1.051452e-02
1184628736,16152113,14215544832,43393190,-6.400052e-02,-2.939056e-02,1.595825e-07,7.401462e-06,3.847809e-05,1.040570e-02
1184890880,16152186,14218690560,43402815,-6.399602e-02,-2.938106e-02,1.632042e-07,7.349824e-06,3.935134e-05,1.033311e-02
1185153024,16152188,14221836288,43412499,-6.399558e-02,-2.936435e-02,1.635595e-07,7.259530e-06,3.943703e-05,1.020616e-02
1185415168,16152202,14224982016,43422079,-6.400014e-02,-2.938646e-02,1.598922e-07,7.379162e-06,3.855276e-05,1.037435e-02
1185677312,16152542,14228127744,43431655,-6.404080e-02,-2.939575e-02,1.290246e-07,7.429735e-06,3.111006e-05,1.044545e-02
1185939456,16152695,14231273472,43441489,-6.404716e-02,-2.941001e-02,1.244993e-07,7.507638e-06,3.001893e-05,1.055498e-02
1186201600,16152867,14234419200,43451063,-6.402447e-02,-2.941299e-02,1.410240e-07,7.524009e-06,3.400331e-05,1.057799e-02
1186463744,16152905,14237564928,43460800,-6.398171e-02,-2.943747e-02,1.749669e-07,7.658899e-06,4.218754e-05,1.076763e-02
1186725888,16153006,14240710656,43470474,-6.399745e-02,-2.947223e-02,1.620444e-07,7.852505e-06,3.907170e-05,1.103983e-02
1186988032,16153605,14243856384,43480018,-6.397665e-02,-2.946670e-02,1.792311e-07,7.821522e-06,4.321570e-05,1.099627e-02
1187250176,16154067,14247002112,43489554,-6.394608e-02,-2.949668e-02,2.060426e-07,7.990106e-06,4.968042e-05,1.123328e-02
1187512320,16155549,14250147840,43499126,-6.395248e-02,-2.947414e-02,2.002800e-07,7.863199e-06,4.829096e-05,1.105486e-02
1187774464,16155661,14253293568,43508791,-6.394883e-02,-2.946542e-02,2.035610e-07,7.814366e-06,4.908206e-05,1.098621e-02
1188036608,16155838,14256439296,43518337,-6.395108e-02,-2.945079e-02,2.015357e-07,7.732770e-06,4.859373e-05,1.087149e-02
1188298752,16156280,14259585024,43527933,-6.394592e-02,-2.945023e-02,2.061914e-07,7.729673e-06,4.971631e-05,1.086713e-02
1188560896,16156941,14262730752,43537356,-6.394479e-02,-2.946356e-02,2.072212e-07,7.803987e-06,4.996460e-05,1.097161e-02
1188823040,16158688,14265876480,43546881,-6.396288e-02,-2.946395e-02,1.910722e-07,7.806151e-06,4.607081e-05,1.097466e-02
1189085184,16159358,14269022208,43556836,-6.396345e-02,-2.950026e-02,1.905775e-07,8.010390e-06,4.595153e-05,1.126180e-02
1189347328,16160782,14272167936,43566267,-6.394273e-02,-2.948584e-02,2.090976e-07,7.928969e-06,5.041703e-05,1.114733e-02
1189609472,16169739,14275313664,43575616,-6.393365e-02,-2.944832e-02,2.174862e-07,7.719060e-06,5.243967e-05,1.085221e-02
1189871616,16171817,14278459392,43585134,-6.393486e-02,-2.944075e-02,2.163619e-07,7.677034e-06,5.216858e-05,1.079313e-02
1190133760,16173661,14281605120,43594572,-6.392283e-02,-2.943453e-02,2.276935e-07,7.642619e-06,5.490083e-05,1.074475e-02
1190395904,16180644,14284750848,43604375,-6.391481e-02,-2.946141e-02,2.354086e-07,7.791961e-06,5.676107e-05,1.095471e-02
1190658048,16181807,14287896576,43613937,-6.392192e-02,-2.944793e-02,2.285618e-07,7.716876e-06,5.511019e-05,1.084915e-02
1190920192,16236363,14291042304,43623486,-6.392826e-02,-2.943732e-02,2.225395e-07,7.658064e-06,5.365812e-05,1.076646e-02
1191182336,16248910,14294188032,43633197,-6.394401e-02,-2.941620e-02,2.079273e-07,7.541605e-06,5.013484e-05,1.060273e-02
1191444480,16362745,14297333760,43642706,-6.393132e-02,-2.938645e-02,2.196668e-07,7.379111e-06,5.296544e-05,1.037428e-02
1191706624,16363119,14300479488,43652153,-6.392040e-02,-2.934904e-02,2.300174e-07,7.177249e-06,5.546116e-05,1.009048e-02
1191968768,16363860,14303625216,43661695,-6.392753e-02,-2.935926e-02,2.232290e-07,7.232105e-06,5.382434e-05,1.016760e-02
1192230912,16364012,14306770944,43671179,-6.391168e-02,-2.937166e-02,2.384550e-07,7.298990e-06,5.749560e-05,1.026164e-02
1192493056,16364214,14309916672,43680855,-6.389472e-02,-2.937750e-02,2.553114e-07,7.330556e-06,6.155997e-05,1.030602e-02
1192755200,16364937,14313062400,43690524,-6.388672e-02,-2.939814e-02,2.634542e-07,7.442728e-06,6.352336e-05,1.046372e-02
1193017344,16365654,14316208128,43700319,-6.388211e-02,-2.935649e-02,2.682099e-07,7.217225e-06,6.467002e-05,1.014669e-02
1193279488,16365805,14319353856,43710095,-6.385207e-02,-2.935732e-02,3.002280e-07,7.221679e-06,7.239013e-05,1.015295e-02
1193541632,16366376,14322499584,43719673,-6.383575e-02,-2.937587e-02,3.183835e-07,7.321743e-06,7.676775e-05,1.029363e-02
1193803776,16366420,14325645312,43729305,-6.379021e-02,-2.938711e-02,3.718472e-07,7.382684e-06,8.965877e-05,1.037930e-02
1194065920,16366682,14328791040,43738973,-6.378164e-02,-2.935296e-02,3.823702e-07,7.198303e-06,9.219606e-05,1.012008e-02
1194328064,16366911,14331936768,43748532,-6.379697e-02,-2.931518e-02,3.636513e-07,6.996975e-06,8.768260e-05,9.837037e-03
1194590208,16367110,14335082496,43758094,-6.377421e-02,-2.932375e-02,3.916121e-07,7.042397e-06,9.442441e-05,9.900897e-03
1194852352,16367178,14338228224,43767979,-6.378438e-02,-2.934580e-02,3.789869e-07,7.159934e-06,9.138027e-05,1.006614e-02
1195114496,16367345,14341373952,43777657,-6.379133e-02,-2.935546e-02,3.704855e-07,7.211682e-06,8.933043e-05,1.013889e-02
1195376640,16367728,14344519680,43787260,-6.379718e-02,-2.936503e-02,3.633908e-07,7.263175e-06,8.761977e-05,1.021129e-02
1195638784,16367773,14347665408,43796817,-6.379750e-02,-2.935964e-02,3.630136e-07,7.234179e-06,8.752884e-05,1.017052e-02
1195900928,16367791,14350811136,43806415,-6.378926e-02,-2.936711e-02,3.730112e-07,7.274423e-06,8.993943e-05,1.022710e-02
1196163072,16367911,14353956864,43816049,-6.375765e-02,-2.933320e-02,4.126158e-07,7.092638e-06,9.948877e-05,9.971529e-03
1196425216,16368338,14357102592,43825715,-6.372477e-02,-2.938218e-02,4.559372e-07,7.355904e-06,1.099343e-04,1.034166e-02
1196687360,16369293,14360248320,43835392,-6.372998e-02,-2.934904e-02,4.489312e-07,7.177249e-06,1.082450e-04,1.009048e-02
1196949504,16369390,14363394048,43844881,-6.372175e-02,-2.936532e-02,4.600314e-07,7.264731e-06,1.109215e-04,1.021347e-02
1197211648,16369593,14366539776,43854556,-6.369276e-02,-2.934433e-02,5.001974e-07,7.152041e-06,1.206062e-04,1.005504e-02
1197473792,16369658,14369685504,43863921,-6.372009e-02,-2.933248e-02,4.622779e-07,7.088799e-06,1.114632e-04,9.966132e-03
1197735936,16369842,14372831232,43873609,-6.374525e-02,-2.929949e-02,4.286970e-07,6.914211e-06,1.033662e-04,9.720678e-03
1197998080,16369946,14375976960,43883231,-6.374728e-02,-2.928771e-02,4.260473e-07,6.852402e-06,1.027274e-04,9.633782e-03
1198260224,16370248,14379122688,43893059,-6.373367e-02,-2.928696e-02,4.439927e-07,6.848463e-06,1.070543e-04,9.628245e-03
1198522368,16370830,14382268416,43902739,-6.374721e-02,-2.929494e-02,4.261349e-07,6.890330e-06,1.027485e-04,9.687105e-03
1198784512,16370921,14385414144,43912187,-6.375746e-02,-2.929145e-02,4.128552e-07,6.871998e-06,9.954649e-05,9.661332e-03
1199046656,16371531,14388559872,43921794,-6.372259e-02,-2.924111e-02,4.588900e-07,6.610605e-06,1.106463e-04,9.293840e-03
1199308800,16371948,14391705600,43931162,-6.370476e-02,-2.921962e-02,4.833635e-07,6.500564e-06,1.165473e-04,9.139134e-03
1199570944,16372200,14394851328,43940665,-6.369081e-02,-2.921188e-02,5.029518e-07,6.461178e-06,1.212703e-04,9.083761e-03
1199833088,16372341,14397997056,43950250,-6.366919e-02,-2.923055e-02,5.340870e-07,6.556428e-06,1.287776e-04,9.217672e-03
1200095232,16372409,14401142784,43959941,-6.369606e-02,-2.925984e-02,4.955292e-07,6.707293e-06,1.194806e-04,9.429774e-03
1200357376,16372415,14404288512,43969426,-6.371503e-02,-2.928238e-02,4.691929e-07,6.824511e-06,1.131305e-04,9.594571e-03
1200619520,16372436,14407434240,43979095,-6.371448e-02,-2.928405e-02,4.699383e-07,6.833273e-06,1.133102e-04,9.606889e-03
1200881664,16373352,14410579968,43988779,-6.372823e-02,-2.930811e-02,4.512805e-07,6.959609e-06,1.088115e-04,9.784505e-03
1201143808,16373451,14413725696,43998126,-6.373399e-02,-2.929586e-02,4.435758e-07,6.895132e-06,1.069538e-04,9.693856e-03
1201405952,16373570,14416871424,44007641,-6.373333e-02,-2.928440e-02,4.444496e-07,6.835084e-06,1.071644e-04,9.609436e-03
1201668096,16374229,14420017152,44017284,-6.374250e-02,-2.927715e-02,4.323145e-07,6.797251e-06,1.042385e-04,9.556245e-03
1201930240,16374405,14423162880,44026864,-6.373986e-02,-2.927317e-02,4.357898e-07,6.776492e-06,1.050764e-04,9.527060e-03
1202192384,16374960,14426308608,44036369,-6.376508e-02,-2.928099e-02,4.031280e-07,6.817283e-06,9.720110e-05,9.584407e-03
1202454528,16375347,14429454336,44046191,-6.375347e-02,-2.926431e-02,4.180031e-07,6.730439e-06,1.007877e-04,9.462315e-03
1202716672,16375538,14432600064,44055739,-6.376004e-02,-2.927991e-02,4.095490e-07,6.811642e-06,9.874933e-05,9.576478e-03
1202978816,16375743,14435745792,44065647,-6.375253e-02,-2.925943e-02,4.192179e-07,6.705161e-06,1.010806e-04,9.426776e-03
1203240960,16375909,14438891520,44075252,-6.369726e-02,-2.925218e-02,4.938418e-07,6.667679e-06,1.190738e-04,9.374080e-03
1203503104,16377221,14442037248,44084933,-6.372777e-02,-2.925170e-02,4.518913e-07,6.665178e-06,1.089588e-04,9.370564e-03
1203765248,16377313,14445182976,44094536,-6.375101e-02,-2.925190e-02,4.211884e-07,6.666217e-06,1.015558e-04,9.372026e-03
1204027392,16377730,14448328704,44104236,-6.376551e-02,-2.921817e-02,4.025794e-07,6.493196e-06,9.706883e-05,9.128775e-03
1204289536,16378263,14451474432,44113805,-6.377131e-02,-2.920558e-02,3.952573e-07,6.429193e-06,9.530334e-05,9.038793e-03
1204551680,16378271,14454620160,44123427,-6.375388e-02,-2.920051e-02,4.174734e-07,6.403488e-06,1.006600e-04,9.002656e-03
1204813824,16379505,14457765888,44133004,-6.373931e-02,-2.919905e-02,4.365181e-07,6.396119e-06,1.052520e-04,8.992294e-03
1205075968,16380574,14460911616,44142553,-6.371702e-02,-2.918370e-02,4.664614e-07,6.318693e-06,1.124719e-04,8.883442e-03
1205338112,16383243,14464057344,44152201,-6.373636e-02,-2.922175e-02,4.404155e-07,6.511425e-06,1.061918e-04,9.154403e-03
1205600256,16384807,14467203072,44161676,-6.374429e-02,-2.922504e-02,4.299565e-07,6.528214e-06,1.036699e-04,9.178006e-03
1205862400,16385688,14470348800,44171179,-6.374187e-02,-2.920894e-02,4.331379e-07,6.446206e-06,1.044370e-04,9.062713e-03
1206124544,16387440,14473494528,44180790,-6.375803e-02,-2.919905e-02,4.121278e-07,6.396119e-06,9.937111e-05,8.992294e-03
1206386688,16393025,14476640256,44190527,-6.374263e-02,-2.918515e-02,4.321382e-07,6.325962e-06,1.041960e-04,8.893661e-03
1206648832,16396198,14479785984,44200118,-6.376480e-02,-2.918117e-02,4.034781e-07,6.305992e-06,9.728552e-05,8.865586e-03
1206910976,16423099,14482931712,44209595,-6.374288e-02,-2.921592e-02,4.318150e-07,6.481695e-06,1.041180e-04,9.112607e-03
1207173120,16428897,14486077440,44219182,-6.373557e-02,-2.921704e-02,4.414743e-07,6.487425e-06,1.064471e-04,9.120661e-03
1207435264,16436136,14489223168,44228685,-6.372547e-02,-2.919725e-02,4.549919e-07,6.386974e-06,1.097064e-04,8.979437e-03
1207697408,16507873,14492368896,44238130,-6.369491e-02,-2.922268e-02,4.971563e-07,6.516169e-06,1.198730e-04,9.161074e-03
1207959552,16510689,14495514624,44247705,-6.370880e-02,-2.922949e-02,4.777544e-07,6.551011e-06,1.151948e-04,9.210056e-03
1208221696,16588810,14498660352,44257277,-6.368478e-02,-2.924192e-02,5.115481e-07,6.614772e-06,1.233431e-04,9.299698e-03
1208483840,16590950,14501806080,44266905,-6.367048e-02,-2.925272e-02,5.322047e-07,6.670450e-06,1.283237e-04,9.377976e-03
1208745984,16592151,14504951808,44276615,-6.367669e-02,-2.923159e-02,5.231879e-07,6.561723e-06,1.261496e-04,9.225116e-03
1209008128,16592353,14508097536,44286092,-6.367271e-02,-2.925880e-02,5.289593e-07,6.701881e-06,1.275412e-04,9.422165e-03
1209270272,16592454,14511243264,44295543,-6.365485e-02,-2.924691e-02,5.552448e-07,6.640446e-06,1.338791e-04,9.335794e-03
1209532416,16593639,14514388992,44305145,-6.367802e-02,-2.925584e-02,5.212603e-07,6.686575e-06,1.256848e-04,9.400646e-03
1209794560,16593676,14517534720,44314811,-6.364656e-02,-2.925319e-02,5.676718e-07,6.672894e-06,1.368754e-04,9.381412e-03
1210056704,16595522,14520680448,44324457,-6.362028e-02,-2.922515e-02,6.079604e-07,6.528813e-06,1.465897e-04,9.178849e-03
1210318848,16595821,14523826176,44333948,-6.363066e-02,-2.921254e-02,5.918833e-07,6.464512e-06,1.427132e-04,9.088448e-03
1210580992,16596106,14526971904,44343497,-6.365558e-02,-2.921890e-02,5.541682e-07,6.496908e-06,1.336195e-04,9.133994e-03
1210843136,16596168,14530117632,44352947,-6.367385e-02,-2.919452e-02,5.273025e-07,6.373217e-06,1.271417e-04,8.960096e-03
1211105280,16596388,14533263360,44362685,-6.368526e-02,-2.918141e-02,5.108556e-07,6.307162e-06,1.231761e-04,8.867229e-03
1211367424,16596474,14536409088,44372322,-6.369360e-02,-2.920204e-02,4.990072e-07,6.411221e-06,1.203192e-04,9.013525e-03
1211629568,16596493,14539554816,44382012,-6.369460e-02,-2.921195e-02,4.975872e-07,6.461519e-06,1.199769e-04,9.084241e-03
1211891712,16596736,14542700544,44391671,-6.369881e-02,-2.920024e-02,4.916765e-07,6.402112e-06,1.185517e-04,9.000720e-03
1212153856,16596982,14545846272,44401308,-6.372016e-02,-2.920491e-02,4.621867e-07,6.425755e-06,1.114412e-04,9.033960e-03
1212416000,16597027,14548992000,44410816,-6.374212e-02,-2.919504e-02,4.328045e-07,6.375850e-06,1.043566e-04,8.963798e-03
1212678144,16597057,14552137728,44420351,-6.371677e-02,-2.920787e-02,4.668075e-07,6.440779e-06,1.125553e-04,9.055081e-03
1212940288,16597144,14555283456,44430299,-6.371380e-02,-2.919944e-02,4.708683e-07,6.398060e-06,1.135345e-04,8.995023e-03
1213202432,16597448,14558429184,44440129,-6.370392e-02,-2.922201e-02,4.845245e-07,6.512765e-06,1.168272e-04,9.156288e-03
1213464576,16597462,14561574912,44449790,-6.370825e-02,-2.924477e-02,4.785169e-07,6.629439e-06,1.153787e-04,9.320319e-03
1213726720,16597585,14564720640,44459537,-6.372786e-02,-2.924979e-02,4.517811e-07,6.655314e-06,1.089322e-04,9.356697e-03
1213988864,16597603,14567866368,44469162,-6.372772e-02,-2.925361e-02,4.519615e-07,6.675030e-06,1.089757e-04,9.384416e-03
1214251008,16597808,14571012096,44478676,-6.375281e-02,-2.925225e-02,4.188610e-07,6.668006e-06,1.009946e-04,9.374540e-03
1214513152,16597952,14574157824,44488542,-6.375114e-02,-2.926911e-02,4.210240e-07,6.755387e-06,1.015161e-04,9.497389e-03
1214775296,16598364,14577303552,44498327,-6.376418e-02,-2.928963e-02,4.042735e-07,6.862479e-06,9.747732e-05,9.647950e-03
1215037440,16598464,14580449280,44507937,-6.374121e-02,-2.927971e-02,4.340112e-07,6.810602e-06,1.046476e-04,9.575015e-03
1215299584,16598533,14583595008,44517463,-6.372723e-02,-2.927283e-02,4.526229e-07,6.774707e-06,1.091352e-04,9.524551e-03
1215561728,16598881,14586740736,44526936,-6.372390e-02,-2.927300e-02,4.571152e-07,6.775619e-06,1.102183e-04,9.525833e-03
1215823872,16599082,14589886464,44536479,-6.370553e-02,-2.930369e-02,4.822970e-07,6.936337e-06,1.162901e-04,9.751786e-03
1216086016,16599383,14593032192,44546158,-6.371609e-02,-2.930874e-02,4.677345e-07,6.962931e-06,1.127788e-04,9.789175e-03
1216348160,16599391,14596177920,44555606,-6.369324e-02,-2.931432e-02,4.995126e-07,6.992443e-06,1.204411e-04,9.830665e-03
1216610304,16599922,14599323648,44565281,-6.369202e-02,-2.928140e-02,5.012413e-07,6.819423e-06,1.208579e-04,9.587416e-03
1216872448,16600062,14602469376,44575052,-6.366733e-02,-2.927938e-02,5.368020e-07,6.808852e-06,1.294322e-04,9.572555e-03
1217134592,16600258,14605615104,44584573,-6.364076e-02,-2.930674e-02,5.764514e-07,6.952418e-06,1.389924e-04,9.774393e-03
1217396736,16600584,14608760832,44594147,-6.364933e-02,-2.930785e-02,5.635030e-07,6.958243e-06,1.358703e-04,9.782584e-03
1217658880,16600720,14611906560,44603819,-6.366391e-02,-2.930877e-02,5.418249e-07,6.963089e-06,1.306433e-04,9.789396e-03
1217921024,16601373,14615052288,44613348,-6.369093e-02,-2.931236e-02,5.027828e-07,6.982044e-06,1.212296e-04,9.816046e-03
1218183168,16601904,14618198016,44622821,-6.370070e-02,-2.930956e-02,4.890261e-07,6.967287e-06,1.179126e-04,9.795299e-03
1218445312,16601921,14621343744,44632596,-6.370222e-02,-2.928037e-02,4.869027e-07,6.814015e-06,1.174006e-04,9.579813e-03
1218707456,16601956,14624489472,44642287,-6.368267e-02,-2.926568e-02,5.145687e-07,6.737573e-06,1.240714e-04,9.472344e-03
1218969600,16602104,14627635200,44651975,-6.368773e-02,-2.928906e-02,5.073258e-07,6.859494e-06,1.223250e-04,9.643752e-03
1219231744,16602302,14630780928,44661626,-6.368989e-02,-2.927992e-02,5.042631e-07,6.811701e-06,1.215865e-04,9.576559e-03
1219493888,16602399,14633926656,44670878,-6.366911e-02,-2.929396e-02,5.342068e-07,6.885178e-06,1.288065e-04,9.679861e-03
1219756032,16602650,14637072384,44680520,-6.369057e-02,-2.930387e-02,5.033006e-07,6.937289e-06,1.213545e-04,9.753125e-03
1220018176,16602730,14640218112,44690189,-6.370360e-02,-2.929965e-02,4.849810e-07,6.915063e-06,1.169373e-04,9.721878e-03
1220280320,16602779,14643363840,44699884,-6.367659e-02,-2.927769e-02,5.233280e-07,6.800048e-06,1.261834e-04,9.560177e-03
1220542464,16603150,14646509568,44709563,-6.364932e-02,-2.929273e-02,5.635254e-07,6.878708e-06,1.358757e-04,9.670765e-03
1220804608,16603760,14649655296,44719159,-6.365985e-02,-2.927191e-02,5.478192e-07,6.769928e-06,1.320887e-04,9.517832e-03
1221066752,16605386,14652801024,44728753,-6.365222e-02,-2.927567e-02,5.591824e-07,6.789512e-06,1.348285e-04,9.545365e-03
1221328896,16605476,14655946752,44738347,-6.365895e-02,-2.928051e-02,5.491546e-07,6.814754e-06,1.324106e-04,9.580852e-03
1221591040,16605486,14659092480,44747931,-6.363478e-02,-2.928660e-02,5.855606e-07,6.846621e-06,1.411887e-04,9.625654e-03
1221853184,16606098,14662238208,44757554,-6.365819e-02,-2.927663e-02,5.502926e-07,6.794502e-06,1.326850e-04,9.552381e-03
1222115328,16606778,14665383936,44767098,-6.367439e-02,-2.928686e-02,5.265128e-07,6.847946e-06,1.269513e-04,9.627517e-03
1222377472,16608540,14668529664,44776700,-6.369494e-02,-2.928640e-02,4.971143e-07,6.845529e-06,1.198628e-04,9.624119e-03
1222639616,16609861,14671675392,44786230,-6.368664e-02,-2.930729e-02,5.088872e-07,6.955286e-06,1.227015e-04,9.778426e-03
1222901760,16610501,14674821120,44795874,-6.369805e-02,-2.928823e-02,4.927429e-07,6.855153e-06,1.188088e-04,9.637648e-03
1223163904,16619765,14677966848,44805288,-6.369378e-02,-2.928278e-02,4.987547e-07,6.826614e-06,1.202583e-04,9.597526e-03
1223426048,16622173,14681112576,44814960,-6.367397e-02,-2.925556e-02,5.271185e-07,6.685121e-06,1.270974e-04,9.398602e-03
1223688192,16623217,14684258304,44824386,-6.369913e-02,-2.924502e-02,4.912274e-07,6.630725e-06,1.184434e-04,9.322126e-03
1223950336,16630213,14687404032,44833904,-6.371994e-02,-2.925158e-02,4.624906e-07,6.664534e-06,1.115145e-04,9.369658e-03
1224212480,16632411,14690549760,44843538,-6.369751e-02,-2.922162e-02,4.934963e-07,6.510788e-06,1.189904e-04,9.153508e-03
1224474624,16686050,14693695488,44853261,-6.367599e-02,-2.924945e-02,5.241907e-07,6.653575e-06,1.263914e-04,9.354251e-03
1224736768,16698727,14696841216,44862834,-6.364693e-02,-2.922114e-02,5.671218e-07,6.508298e-06,1.367428e-04,9.150006e-03
1224998912,16817861,14699986944,44872420,-6.367416e-02,-2.919889e-02,5.268481e-07,6.395308e-06,1.270321e-04,8.991155e-03
1225261056,16818293,14703132672,44882168,-6.366403e-02,-2.918355e-02,5.416604e-07,6.317925e-06,1.306036e-04,8.882361e-03
1225523200,16819127,14706278400,44891615,-6.368697e-02,-2.918780e-02,5.084196e-07,6.339330e-06,1.225887e-04,8.912455e-03
1225785344,16819224,14709424128,44901285,-6.369875e-02,-2.916745e-02,4.917497e-07,6.237236e-06,1.185693e-04,8.768920e-03
1226047488,16819473,14712569856,44910825,-6.367003e-02,-2.915671e-02,5.328571e-07,6.183734e-06,1.284810e-04,8.693702e-03
1226309632,16820087,14715715584,44920335,-6.369679e-02,-2.913522e-02,4.945122e-07,6.077301e-06,1.192354e-04,8.544069e-03
1226571776,16820809,14718861312,44929985,-6.370941e-02,-2.908643e-02,4.769205e-07,5.839116e-06,1.149937e-04,8.209205e-03
1226833920,16821151,14722007040,44939662,-6.373357e-02,-2.910329e-02,4.441317e-07,5.920886e-06,1.070878e-04,8.324165e-03
1227096064,16821543,14725152768,44949206,-6.371623e-02,-2.910293e-02,4.675408e-07,5.919173e-06,1.127321e-04,8.321756e-03
1227358208,16821616,14728298496,44958613,-6.372498e-02,-2.911399e-02,4.556555e-07,5.973104e-06,1.098664e-04,8.397579e-03
1227620352,16821953,14731444224,44968352,-6.372751e-02,-2.911959e-02,4.522520e-07,6.000495e-06,1.090457e-04,8.436087e-03
1227882496,16822032,14734589952,44978071,-6.370430e-02,-2.912513e-02,4.839957e-07,6.027683e-06,1.166997e-04,8.474310e-03
1228144640,16822331,14737735680,44987682,-6.369901e-02,-2.913196e-02,4.913945e-07,6.061241e-06,1.184837e-04,8.521489e-03
1228406784,16822344,14740881408,44997270,-6.369397e-02,-2.910509e-02,4.984811e-07,5.929645e-06,1.201924e-04,8.336480e-03
1228668928,16822643,14744027136,45006978,-6.368897e-02,-2.910426e-02,5.055654e-07,5.925627e-06,1.219005e-04,8.330830e-03
1228931072,16822964,14747172864,45016510,-6.368221e-02,-2.906977e-02,5.152210e-07,5.758890e-06,1.242286e-04,8.096415e-03
1229193216,16823027,14750318592,45026085,-6.369404e-02,-2.907529e-02,4.983759e-07,5.785427e-06,1.201670e-04,8.133722e-03
1229455360,16823076,14753464320,45035910,-6.372008e-02,-2.906476e-02,4.622981e-07,5.734876e-06,1.114680e-04,8.062654e-03
1229717504,16823143,14756610048,45045354,-6.370943e-02,-2.908215e-02,4.768896e-07,5.818475e-06,1.149863e-04,8.180185e-03
1229979648,16823555,14759755776,45054853,-6.372546e-02,-2.907920e-02,4.550019e-07,5.804232e-06,1.097088e-04,8.160161e-03
1230241792,16824529,14762901504,45064518,-6.369404e-02,-2.910121e-02,4.983759e-07,5.910801e-06,1.201670e-04,8.309986e-03
1230503936,16824746,14766047232,45074294,-6.369093e-02,-2.911117e-02,5.027828e-07,5.959328e-06,1.212296e-04,8.378210e-03
1230766080,16824822,14769192960,45083741,-6.366614e-02,-2.913263e-02,5.385502e-07,6.064543e-06,1.298538e-04,8.526132e-03
1231028224,16824861,14772338688,45093086,-6.369150e-02,-2.912863e-02,5.019801e-07,6.044871e-06,1.210360e-04,8.498477e-03
1231290368,16824993,14775484416,45103031,-6.368151e-02,-2.911135e-02,5.162375e-07,5.960173e-06,1.244738e-04,8.379399e-03
1231552512,16825145,14778630144,45112526,-6.365376e-02,-2.913358e-02,5.568781e-07,6.069204e-06,1.342729e-04,8.532685e-03
1231814656,16825549,14781775872,45122242,-6.363315e-02,-2.914717e-02,5.880605e-07,6.136385e-06,1.417915e-04,8.627135e-03
1232076800,16826131,14784921600,45131699,-6.365488e-02,-2.916800e-02,5.552004e-07,6.240008e-06,1.338684e-04,8.772819e-03
1232338944,16826282,14788067328,45141449,-6.365320e-02,-2.918762e-02,5.577125e-07,6.338402e-06,1.344741e-04,8.911150e-03
1232601088,16826858,14791213056,45151290,-6.368042e-02,-2.921689e-02,5.178019e-07,6.486647e-06,1.248510e-04,9.119568e-03
1232863232,16827128,14794358784,45160776,-6.370752e-02,-2.923745e-02,4.795379e-07,6.591788e-06,1.156248e-04,9.267385e-03
1233125376,16827463,14797504512,45170241,-6.370866e-02,-2.924788e-02,4.779502e-07,6.645448e-06,1.152420e-04,9.342826e-03
1233387520,16827648,14800650240,45180006,-6.373093e-02,-2.922493e-02,4.476641e-07,6.527652e-06,1.079395e-04,9.177217e-03
1233649664,16827658,14803795968,45189475,-6.373030e-02,-2.923016e-02,4.485020e-07,6.554405e-06,1.081415e-04,9.214829e-03
1233911808,16827666,14806941696,45199139,-6.376838e-02,-2.920262e-02,3.989476e-07,6.414145e-06,9.619314e-05,9.017637e-03
1234173952,16827745,14810087424,45208729,-6.378536e-02,-2.920079e-02,3.777861e-07,6.404893e-06,9.109075e-05,9.004629e-03
1234436096,16828705,14813233152,45218100,-6.379159e-02,-2.919284e-02,3.701681e-07,6.364718e-06,8.925390e-05,8.948148e-03
1234698240,16828748,14816378880,45227578,-6.380632e-02,-2.917252e-02,3.524614e-07,6.262605e-06,8.498452e-05,8.804587e-03
1234960384,16828940,14819524608,45237309,-6.379931e-02,-2.916022e-02,3.608263e-07,6.201190e-06,8.700143e-05,8.718243e-03
1235222528,16829799,14822670336,45247094,-6.378963e-02,-2.914615e-02,3.725563e-07,6.131301e-06,8.982974e-05,8.619988e-03
1235484672,16829893,14825816064,45256650,-6.376434e-02,-2.912013e-02,4.040651e-07,6.003150e-06,9.742707e-05,8.439821e-03
1235746816,16830417,14828961792,45266191,-6.378762e-02,-2.914628e-02,3.750069e-07,6.131965e-06,9.042064e-05,8.620922e-03
1236008960,16830560,14832107520,45275745,-6.378877e-02,-2.914028e-02,3.736030e-07,6.102270e-06,9.008213e-05,8.579172e-03
1236271104,16830817,14835253248,45285169,-6.379592e-02,-2.915033e-02,3.649194e-07,6.152037e-06,8.798836e-05,8.649139e-03
1236533248,16830907,14838398976,45294731,-6.378496e-02,-2.916524e-02,3.782809e-07,6.226225e-06,9.121004e-05,8.753440e-03
1236795392,16831126,14841544704,45304364,-6.381080e-02,-2.914474e-02,3.471647e-07,6.124348e-06,8.370739e-05,8.610212e-03
1237057536,16832646,14844690432,45313819,-6.381802e-02,-2.913273e-02,3.387091e-07,6.065038e-06,8.166860e-05,8.526828e-03
1237319680,16832684,14847836160,45323253,-6.380300e-02,-2.913223e-02,3.564091e-07,6.062598e-06,8.593638e-05,8.523398e-03
1237581824,16833196,14850981888,45332964,-6.380889e-02,-2.912222e-02,3.494160e-07,6.013396e-06,8.425020e-05,8.454224e-03
1237843968,16833648,14854127616,45342488,-6.380731e-02,-2.911946e-02,3.512858e-07,5.999874e-06,8.470105e-05,8.435215e-03
1238106112,16833858,14857273344,45351855,-6.378920e-02,-2.913423e-02,3.730840e-07,6.072435e-06,8.995699e-05,8.537227e-03
1238368256,16834652,14860419072,45361437,-6.382917e-02,-2.909637e-02,3.258511e-07,5.887258e-06,7.856831e-05,8.276887e-03
1238630400,16835839,14863564800,45371080,-6.384988e-02,-2.910031e-02,3.026332e-07,5.906400e-06,7.297008e-05,8.303799e-03
1238892544,16838935,14866710528,45380793,-6.385367e-02,-2.911911e-02,2.984751e-07,5.998141e-06,7.196749e-05,8.432778e-03
1239154688,16840254,14869856256,45390457,-6.385282e-02,-2.911342e-02,2.994039e-07,5.970291e-06,7.219143e-05,8.393623e-03
1239416832,16841247,14873001984,45399929,-6.384187e-02,-2.914125e-02,3.115096e-07,6.107102e-06,7.511033e-05,8.585966e-03
1239678976,16842653,14876147712,45409581,-6.382443e-02,-2.917500e-02,3.312834e-07,6.275019e-06,7.987813e-05,8.822040e-03
1239941120,16848446,14879293440,45418916,-6.384206e-02,-2.917542e-02,3.113017e-07,6.277156e-06,7.506020e-05,8.825045e-03
1240203264,16851737,14882439168,45428564,-6.381932e-02,-2.919610e-02,3.371931e-07,6.381185e-06,8.130308e-05,8.971298e-03
1240465408,16878324,14885584896,45438186,-6.380828e-02,-2.920616e-02,3.501386e-07,6.432122e-06,8.442445e-05,9.042910e-03
1240727552,16884216,14888730624,45447815,-6.383530e-02,-2.917959e-02,3.188882e-07,6.298043e-06,7.688943e-05,8.854410e-03
1240989696,16891919,14891876352,45457466,-6.382636e-02,-2.915473e-02,3.290658e-07,6.173890e-06,7.934342e-05,8.679863e-03
1241251840,16967113,14895022080,45466975,-6.381083e-02,-2.916297e-02,3.471295e-07,6.214880e-06,8.369892e-05,8.737491e-03
1241513984,16970162,14898167808,45476410,-6.384393e-02,-2.913815e-02,3.092184e-07,6.091783e-06,7.455787e-05,8.564430e-03
1241776128,17038359,14901313536,45485975,-6.388368e-02,-2.911903e-02,2.665841e-07,5.997766e-06,6.427801e-05,8.432250e-03
1242038272,17040376,14904459264,45495513,-6.389683e-02,-2.910467e-02,2.531850e-07,5.927623e-06,6.104728e-05,8.333636e-03
1242300416,17041633,14907604992,45505150,-6.392462e-02,-2.911822e-02,2.259902e-07,5.993762e-06,5.449013e-05,8.426622e-03
1242562560,17041853,14910750720,45514903,-6.394915e-02,-2.912252e-02,2.032653e-07,6.014849e-06,4.901077e-05,8.456267e-03
1242824704,17041874,14913896448,45524449,-6.394254e-02,-2.910265e-02,2.092680e-07,5.917786e-06,5.045812e-05,8.319806e-03
1243086848,17043187,14917042176,45534105,-6.394213e-02,-2.910171e-02,2.096431e-07,5.913210e-06,5.054856e-05,8.313374e-03
1243348992,17043195,14920187904,45543432,-6.395824e-02,-2.912482e-02,1.951583e-07,6.026119e-06,4.705604e-05,8.472112e-03
1243611136,17045019,14923333632,45552972,-6.394422e-02,-2.913685e-02,2.077371e-07,6.085330e-06,5.008899e-05,8.555357e-03
1243873280,17045430,14926479360,45562561,-6.392635e-02,-2.910403e-02,2.243427e-07,5.924521e-06,5.409289e-05,8.329276e-03
1244135424,17045623,14929625088,45572211,-6.391666e-02,-2.907256e-02,2.336190e-07,5.772298e-06,5.632957e-05,8.115266e-03
1244397568,17045897,14932770816,45581700,-6.389173e-02,-2.910502e-02,2.583396e-07,5.929310e-06,6.229013e-05,8.336008e-03
1244659712,17046020,14935916544,45591166,-6.391247e-02,-2.911120e-02,2.376843e-07,5.959473e-06,5.730977e-05,8.378415e-03
1244921856,17046121,14939062272,45600823,-6.391723e-02,-2.911359e-02,2.330720e-07,5.971147e-06,5.619766e-05,8.394826e-03
1245184000,17046275,14942208000,45610663,-6.390635e-02,-2.910241e-02,2.436934e-07,5.916617e-06,5.875868e-05,8.318163e-03
1245446144,17046481,14945353728,45620345,-6.391682e-02,-2.910006e-02,2.334606e-07,5.905214e-06,5.629137e-05,8.302132e-03
1245708288,17046641,14948499456,45629764,-6.387651e-02,-2.909524e-02,2.740446e-07,5.881773e-06,6.607686e-05,8.269176e-03
1245970432,17046664,14951645184,45639304,-6.387251e-02,-2.908261e-02,2.782496e-07,5.820713e-06,6.709077e-05,8.183331e-03
1246232576,17046718,14954790912,45648717,-6.387644e-02,-2.906721e-02,2.741148e-07,5.746640e-06,6.609379e-05,8.079192e-03
1246494720,17046972,14957936640,45658644,-6.385069e-02,-2.908756e-02,3.017485e-07,5.844618e-06,7.275676e-05,8.216939e-03
1246756864,17047249,14961082368,45668255,-6.384038e-02,-2.908340e-02,3.131752e-07,5.824506e-06,7.551193e-05,8.188665e-03
1247019008,17047263,14964228096,45677609,-6.384258e-02,-2.908953e-02,3.107200e-07,5.854141e-06,7.491995e-05,8.230329e-03
1247281152,17047328,14967373824,45687600,-6.383396e-02,-2.911254e-02,3.204046e-07,5.966005e-06,7.725507e-05,8.387597e-03
1247543296,17047391,14970519552,45697276,-6.383096e-02,-2.910713e-02,3.238128e-07,5.939628e-06,7.807686e-05,8.350514e-03
1247805440,17047401,14973665280,45706964,-6.385223e-02,-2.909942e-02,3.000565e-07,5.902082e-06,7.234879e-05,8.297729e-03
1248067584,17047848,14976811008,45716732,-6.387737e-02,-2.913060e-02,2.731405e-07,6.054565e-06,6.585888e-05,8.512105e-03
1248329728,17048199,14979956736,45726437,-6.388441e-02,-2.912359e-02,2.658306e-07,6.020121e-06,6.409633e-05,8.463679e-03
1248591872,17048251,14983102464,45735909,-6.386691e-02,-2.914427e-02,2.841839e-07,6.121998e-06,6.852163e-05,8.606907e-03
1248854016,17048311,14986248192,45745498,-6.385041e-02,-2.914332e-02,3.020515e-07,6.117316e-06,7.282981e-05,8.600326e-03
1249116160,17048473,14989393920,45755207,-6.385645e-02,-2.910840e-02,2.954462e-07,5.945794e-06,7.123717e-05,8.359184e-03
1249378304,17048863,14992539648,45764788,-6.385833e-02,-2.914334e-02,2.934087e-07,6.117399e-06,7.074588e-05,8.600442e-03
1249640448,17049069,14995685376,45774551,-6.384977e-02,-2.913197e-02,3.027562e-07,6.061287e-06,7.299973e-05,8.521554e-03
1249902592,17049210,14998831104,45784032,-6.385338e-02,-2.911369e-02,2.987927e-07,5.971602e-06,7.204405e-05,8.395467e-03
1250164736,17049671,15001976832,45793593,-6.387016e-02,-2.909504e-02,2.807311e-07,5.880824e-06,6.768909e-05,8.267842e-03
1250426880,17049706,15005122560,45803111,-6.386954e-02,-2.910852e-02,2.813946e-07,5.946375e-06,6.784910e-05,8.360001e-03
1250689024,17050107,15008268288,45813019,-6.389652e-02,-2.911436e-02,2.534925e-07,5.974898e-06,6.112142e-05,8.400099e-03
1250951168,17050289,15011414016,45822690,-6.389537e-02,-2.913536e-02,2.546493e-07,6.077999e-06,6.140031e-05,8.545050e-03
1251213312,17050352,15014559744,45832259,-6.389940e-02,-2.913429e-02,2.506049e-07,6.072738e-06,6.042515e-05,8.537654e-03
1251475456,17051109,15017705472,45841911,-6.386034e-02,-2.912835e-02,2.912334e-07,6.043479e-06,7.022139e-05,8.496519e-03
1251737600,17051718,15020851200,45851267,-6.387244e-02,-2.909928e-02,2.783203e-07,5.901386e-06,6.710782e-05,8.296749e-03
1251999744,17051719,15023996928,45860819,-6.384152e-02,-2.910602e-02,3.119006e-07,5.934182e-06,7.520460e-05,8.342857e-03
1252261888,17051822,15027142656,45870323,-6.382364e-02,-2.908874e-02,3.321932e-07,5.850311e-06,8.009750e-05,8.224944e-03
1252524032,17051990,15030288384,45879856,-6.382450e-02,-2.909064e-02,3.311977e-07,5.859496e-06,7.985745e-05,8.237857e-03
1252786176,17052099,15033434112,45889402,-6.380986e-02,-2.909631e-02,3.482630e-07,5.886969e-06,8.397222e-05,8.276480e-03
1253048320,17052459,15036579840,45899115,-6.383055e-02,-2.908084e-02,3.242794e-07,5.812169e-06,7.818935e-05,8.171320e-03
1253310464,17052508,15039725568,45908562,-6.384136e-02,-2.907345e-02,3.120837e-07,5.776568e-06,7.524875e-05,8.121270e-03
1253572608,17052568,15042871296,45918138,-6.384689e-02,-2.905955e-02,3.059293e-07,5.709941e-06,7.376482e-05,8.027598e-03
1253834752,17052570,15046017024,45927697,-6.386954e-02,-2.903729e-02,2.813867e-07,5.604069e-06,6.784720e-05,7.878753e-03
1254096896,17052757,15049162752,45937289,-6.388548e-02,-2.904560e-02,2.647331e-07,5.643497e-06,6.383171e-05,7.934184e-03
1254359040,17053489,15052308480,45947018,-6.392255e-02,-2.903912e-02,2.279567e-07,5.612751e-06,5.496428e-05,7.890958e-03
1254621184,17055175,15055454208,45956547,-6.391787e-02,-2.902995e-02,2.324537e-07,5.569351e-06,5.604859e-05,7.829943e-03
1254883328,17055304,15058599936,45966066,-6.391528e-02,-2.902884e-02,2.349534e-07,5.564130e-06,5.665130e-05,7.822602e-03
1255145472,17055359,15061745664,45975714,-6.392471e-02,-2.903616e-02,2.259052e-07,5.598700e-06,5.446964e-05,7.871204e-03
1255407616,17055729,15064891392,45985533,-6.393866e-02,-2.902534e-02,2.128345e-07,5.547613e-06,5.131807e-05,7.799382e-03
1255669760,17056577,15068037120,45995376,-6.395631e-02,-2.905066e-02,1.968670e-07,5.667524e-06,4.746802e-05,7.967963e-03
1255931904,17058691,15071182848,46004783,-6.394212e-02,-2.904180e-02,2.096567e-07,5.625449e-06,5.055185e-05,7.908811e-03
1256194048,17060123,15074328576,46014450,-6.394336e-02,-2.903251e-02,2.085256e-07,5.581437e-06,5.027913e-05,7.846934e-03
1256456192,17060127,15077474304,46024235,-6.394612e-02,-2.903508e-02,2.060088e-07,5.593589e-06,4.967227e-05,7.864018e-03
1256718336,17069567,15080620032,46033899,-6.394403e-02,-2.900515e-02,2.079137e-07,5.452925e-06,5.013157e-05,7.666259e-03
1256980480,17072643,15083765760,46043441,-6.395761e-02,-2.899869e-02,1.957117e-07,5.422780e-06,4.718946e-05,7.623879e-03
1257242624,17072929,15086911488,46052925,-6.395888e-02,-2.901174e-02,1.945926e-07,5.483763e-06,4.691963e-05,7.709614e-03
1257504768,17079748,15090057216,46062452,-6.397758e-02,-2.901128e-02,1.784434e-07,5.481600e-06,4.302577e-05,7.706574e-03
1257766912,17082916,15093202944,46071903,-6.400205e-02,-2.901418e-02,1.583645e-07,5.495179e-06,3.818442e-05,7.725664e-03
1258029056,17135768,15096348672,46081457,-6.398945e-02,-2.902097e-02,1.685508e-07,5.527074e-06,4.064049e-05,7.770506e-03
1258291200,17148594,15099494400,46091043,-6.400854e-02,-2.901177e-02,1.532417e-07,5.483885e-06,3.694921e-05,7.709787e-03
1258553344,17273217,15102640128,46100600,-6.397834e-02,-2.900669e-02,1.777956e-07,5.460130e-06,4.286959e-05,7.676388e-03
1258815488,17273554,15105785856,46110277,-6.395136e-02,-2.898184e-02,2.012816e-07,5.344607e-06,4.853245e-05,7.513976e-03
1259077632,17274541,15108931584,46119832,-6.394465e-02,-2.898810e-02,2.073501e-07,5.373575e-06,4.999568e-05,7.554702e-03
1259339776,17274556,15112077312,46129521,-6.393427e-02,-2.898749e-02,2.169098e-07,5.370752e-06,5.230069e-05,7.550731e-03
1259601920,17274771,15115223040,46139299,-6.394400e-02,-2.900609e-02,2.079341e-07,5.457310e-06,5.013649e-05,7.672423e-03
1259864064,17275185,15118368768,46148783,-6.392311e-02,-2.902437e-02,2.274234e-07,5.543051e-06,5.483571e-05,7.792968e-03
1260126208,17276087,15121514496,46158561,-6.393173e-02,-2.902202e-02,2.192828e-07,5.531997e-06,5.287287e-05,7.777427e-03
1260388352,17276648,15124660224,46168078,-6.393297e-02,-2.902418e-02,2.181191e-07,5.542174e-06,5.259227e-05,7.791735e-03
1260650496,17276871,15127805952,46177847,-6.391888e-02,-2.902580e-02,2.314777e-07,5.549798e-06,5.581325e-05,7.802453e-03
1260912640,17277088,15130951680,46187436,-6.394559e-02,-2.900950e-02,2.064893e-07,5.473282e-06,4.978812e-05,7.694879e-03
1261174784,17277103,15134097408,46196953,-6.395880e-02,-2.898969e-02,1.946584e-07,5.380978e-06,4.693548e-05,7.565110e-03
1261436928,17277477,15137243136,46206619,-6.398500e-02,-2.896773e-02,1.722290e-07,5.279585e-06,4.152737e-05,7.422562e-03
1261699072,17277499,15140388864,46216229,-6.400183e-02,-2.899333e-02,1.585425e-07,5.397860e-06,3.822732e-05,7.588844e-03
1261961216,17277730,15143534592,46225869,-6.402883e-02,-2.899759e-02,1.377694e-07,5.417681e-06,3.321858e-05,7.616709e-03
1262223360,17278096,15146680320,46235659,-6.405908e-02,-2.901652e-02,1.162289e-07,5.506135e-06,2.802480e-05,7.741068e-03
1262485504,17278121,15149826048,46245381,-6.408029e-02,-2.899444e-02,1.022157e-07,5.403037e-06,2.464596e-05,7.596121e-03
1262747648,17278276,15152971776,46254681,-6.405098e-02,-2.902953e-02,1.218167e-07,5.567373e-06,2.937210e-05,7.827162e-03
1263009792,17278320,15156117504,46264288,-6.407228e-02,-2.902328e-02,1.074012e-07,5.537939e-06,2.589628e-05,7.785780e-03
1263271936,17278587,15159263232,46273788,-6.406083e-02,-2.903058e-02,1.150382e-07,5.572349e-06,2.773769e-05,7.834157e-03
1263534080,17278733,15162408960,46283374,-6.409913e-02,-2.900524e-02,9.052685e-08,5.453325e-06,2.182758e-05,7.666821e-03
1263796224,17279962,15165554688,46292723,-6.409420e-02,-2.903978e-02,9.351464e-08,5.615840e-06,2.254799e-05,7.895301e-03
1264058368,17280019,15168700416,46302238,-6.410523e-02,-2.905077e-02,8.689216e-08,5.668082e-06,2.095120e-05,7.968749e-03
1264320512,17280067,15171846144,46311769,-6.407570e-02,-2.907676e-02,1.051714e-07,5.792517e-06,2.535864e-05,8.143691e-03
1264582656,17280091,15174991872,46321353,-6.405654e-02,-2.907596e-02,1.179677e-07,5.788644e-06,2.844405e-05,8.138246e-03
1264844800,17280165,15178137600,46330934,-6.407718e-02,-2.907270e-02,1.042168e-07,5.772988e-06,2.512846e-05,8.116235e-03
1265106944,17280485,15181283328,46340376,-6.408959e-02,-2.906964e-02,9.635657e-08,5.758255e-06,2.323323e-05,8.095522e-03
1265369088,17280843,15184429056,46349866,-6.410235e-02,-2.905971e-02,8.859594e-08,5.710698e-06,2.136200e-05,8.028662e-03
1265631232,17281444,15187574784,46359567,-6.408664e-02,-2.903987e-02,9.819698e-08,5.616290e-06,2.367698e-05,7.895935e-03
1265893376,17281473,15190720512,46369236,-6.407511e-02,-2.904492e-02,1.055535e-07,5.640232e-06,2.545077e-05,7.929593e-03
1266155520,17282192,15193866240,46378676,-6.409635e-02,-2.904028e-02,9.220236e-08,5.618250e-06,2.223157e-05,7.898689e-03
1266417664,17282562,15197011968,46388584,-6.409528e-02,-2.906864e-02,9.285507e-08,5.753491e-06,2.238896e-05,8.088825e-03
1266679808,17282779,15200157696,46398081,-6.407348e-02,-2.906555e-02,1.066164e-07,5.738659e-06,2.570705e-05,8.067972e-03
1266941952,17283005,15203303424,46407619,-6.408878e-02,-2.902686e-02,9.686141e-08,5.554793e-06,2.335495e-05,7.809475e-03
1267204096,17283051,15206449152,46417143,-6.410284e-02,-2.902182e-02,8.830787e-08,5.531077e-06,2.129255e-05,7.776132e-03
1267466240,17283067,15209594880,46426907,-6.409973e-02,-2.902750e-02,9.016406e-08,5.557831e-06,2.174011e-05,7.813747e-03
1267728384,17283219,15212740608,46436499,-6.412633e-02,-2.901917e-02,7.489786e-08,5.518591e-06,1.805916e-05,7.758578e-03
1267990528,17284007,15215886336,46446172,-6.415810e-02,-2.903173e-02,5.851825e-08,5.577794e-06,1.410976e-05,7.841812e-03
1268252672,17284168,15219032064,46455673,-6.414124e-02,-2.905922e-02,6.695990e-08,5.708357e-06,1.614519e-05,8.025371e-03
1268514816,17284170,15222177792,46465236,-6.414652e-02,-2.904112e-02,6.425396e-08,5.622233e-06,1.549273e-05,7.904289e-03
1268776960,17285238,15225323520,46474835,-6.413428e-02,-2.903472e-02,7.060579e-08,5.591915e-06,1.702427e-05,7.861665e-03
1269039104,17285420,15228469248,46484482,-6.415102e-02,-2.902520e-02,6.199279e-08,5.546946e-06,1.494753e-05,7.798444e-03
1269301248,17285757,15231614976,46493876,-6.416640e-02,-2.905527e-02,5.456805e-08,5.689530e-06,1.315730e-05,7.998902e-03
1269563392,17285941,15234760704,46503454,-6.415557e-02,-2.903483e-02,5.974661e-08,5.592435e-06,1.440594e-05,7.862396e-03
1269825536,17286288,15237906432,46512986,-6.416410e-02,-2.902526e-02,5.564894e-08,5.547262e-06,1.341792e-05,7.798888e-03
1270087680,17286362,15241052160,46522594,-6.416926e-02,-2.903554e-02,5.324302e-08,5.595792e-06,1.283781e-05,7.867116e-03
1270349824,17286449,15244197888,46532090,-6.415915e-02,-2.902796e-02,5.801109e-08,5.560000e-06,1.398747e-05,7.816797e-03
1270611968,17288077,15247343616,46541620,-6.412745e-02,-2.903022e-02,7.428739e-08,5.570661e-06,1.791197e-05,7.831783e-03
1270874112,17288221,15250489344,46551433,-6.413203e-02,-2.903686e-02,7.180662e-08,5.602041e-06,1.731381e-05,7.875903e-03
1271136256,17288474,15253635072,46560812,-6.413233e-02,-2.901476e-02,7.164699e-08,5.497922e-06,1.727532e-05,7.729521e-03
1271398400,17289206,15256780800,46570621,-6.414311e-02,-2.899400e-02,6.599173e-08,5.400985e-06,1.591174e-05,7.593237e-03
1271660544,17289533,15259926528,46580268,-6.414038e-02,-2.897680e-02,6.740407e-08,5.321311e-06,1.625228e-05,7.481223e-03
1271922688,17289859,15263072256,46589778,-6.413984e-02,-2.898150e-02,6.768678e-08,5.343040e-06,1.632045e-05,7.511772e-03
1272184832,17291221,15266217984,46599424,-6.412356e-02,-2.897377e-02,7.642258e-08,5.307373e-06,1.842680e-05,7.461627e-03
1272446976,17294668,15269363712,46609074,-6.412783e-02,-2.897111e-02,7.408040e-08,5.295124e-06,1.786206e-05,7.444407e-03
1272709120,17295804,15272509440,46618735,-6.414113e-02,-2.896839e-02,6.701389e-08,5.282599e-06,1.615820e-05,7.426797e-03
1272971264,17296676,15275655168,46628356,-6.416395e-02,-2.894413e-02,5.571927e-08,5.171648e-06,1.343488e-05,7.270813e-03
1273233408,17297829,15278800896,46638056,-6.415669e-02,-2.895455e-02,5.920151e-08,5.219182e-06,1.427450e-05,7.337640e-03
1273495552,17304077,15281946624,46647564,-6.411730e-02,-2.894415e-02,7.991781e-08,5.171775e-06,1.926956e-05,7.270991e-03
1273757696,17307221,15285092352,46657212,-6.411339e-02,-2.892962e-02,8.214895e-08,5.105897e-06,1.980753e-05,7.178374e-03
1274019840,17333653,15288238080,46666894,-6.408125e-02,-2.895248e-02,1.016020e-07,5.209697e-06,2.449800e-05,7.324305e-03
1274281984,17339674,15291383808,46676586,-6.409647e-02,-2.895026e-02,9.213450e-08,5.199583e-06,2.221522e-05,7.310087e-03
1274544128,17347945,15294529536,46686064,-6.409908e-02,-2.896512e-02,9.055375e-08,5.267591e-06,2.183407e-05,7.405700e-03
1274806272,17426268,15297675264,46695739,-6.409100e-02,-2.893361e-02,9.548432e-08,5.123944e-06,2.302291e-05,7.203746e-03
1275068416,17429401,15300820992,46705282,-6.408408e-02,-2.893003e-02,9.980985e-08,5.107733e-06,2.406587e-05,7.180953e-03
1275330560,17488086,15303966720,46714860,-6.407834e-02,-2.893603e-02,1.034677e-07,5.134912e-06,2.494784e-05,7.219166e-03
1275592704,17490063,15307112448,46724575,-6.408884e-02,-2.895666e-02,9.682431e-08,5.228821e-06,2.334601e-05,7.351190e-03
1275854848,17491490,15310258176,46734207,-6.407662e-02,-2.896785e-02,1.045730e-07,5.280133e-06,2.521436e-05,7.423332e-03
1276116992,17491531,15313403904,46743926,-6.405821e-02,-2.895788e-02,1.168241e-07,5.234393e-06,2.816830e-05,7.359026e-03
1276379136,17491687,15316549632,46753479,-6.404094e-02,-2.897204e-02,1.289283e-07,5.299377e-06,3.108683e-05,7.450386e-03
1276641280,17492967,15319695360,46763248,-6.402525e-02,-2.897749e-02,1.404370e-07,5.324525e-06,3.386179e-05,7.485742e-03
1276903424,17493109,15322841088,46772847,-6.403234e-02,-2.899104e-02,1.351767e-07,5.387219e-06,3.259342e-05,7.573884e-03
1277165568,17494799,15325986816,46782330,-6.399056e-02,-2.899050e-02,1.676466e-07,5.384738e-06,4.042248e-05,7.570396e-03
1277427712,17495154,15329132544,46791785,-6.399586e-02,-2.895907e-02,1.633306e-07,5.239832e-06,3.938183e-05,7.366672e-03
1277689856,17495407,15332278272,46801430,-6.397665e-02,-2.897644e-02,1.792311e-07,5.319661e-06,4.321570e-05,7.478904e-03
1277952000,17495724,15335424000,46811222,-6.396325e-02,-2.898878e-02,1.907532e-07,5.376745e-06,4.599389e-05,7.559158e-03
1278214144,17495863,15338569728,46820831,-6.396205e-02,-2.901475e-02,1.918025e-07,5.497835e-06,4.624688e-05,7.729398e-03
1278476288,17495988,15341715456,46830609,-6.397992e-02,-2.899413e-02,1.764723e-07,5.401600e-06,4.255051e-05,7.594101e-03
1278738432,17496040,15344861184,46840248,-6.396233e-02,-2.900545e-02,1.915611e-07,5.454342e-06,4.618867e-05,7.668253e-03
1279000576,17496389,15348006912,46849888,-6.399521e-02,-2.902765e-02,1.638550e-07,5.558516e-06,3.950826e-05,7.814710e-03
1279262720,17496474,15351152640,46859389,-6.398546e-02,-2.902170e-02,1.718458e-07,5.530481e-06,4.143498e-05,7.775296e-03
1279524864,17496493,15354298368,46868939,-6.398755e-02,-2.901948e-02,1.701144e-07,5.520061e-06,4.101751e-05,7.760645e-03
1279787008,17496506,15357444096,46878506,-6.397934e-02,-2.897243e-02,1.769609e-07,5.301186e-06,4.266833e-05,7.452930e-03
1280049152,17496795,15360589824,46888130,-6.396497e-02,-2.894920e-02,1.892528e-07,5.194751e-06,4.563211e-05,7.303293e-03
1280311296,17497183,15363735552,46897729,-6.397026e-02,-2.896423e-02,1.846782e-07,5.263497e-06,4.452910e-05,7.399943e-03
1280573440,17497241,15366881280,46907481,-6.397597e-02,-2.897686e-02,1.798056e-07,5.321594e-06,4.335422e-05,7.481622e-03
1280835584,17497241,15370027008,46917170,-6.397915e-02,-2.894895e-02,1.771177e-07,5.193605e-06,4.270612e-05,7.301681e-03
1281097728,17497243,15373172736,46926651,-6.400061e-02,-2.897375e-02,1.595111e-07,5.307252e-06,3.846087e-05,7.461459e-03
1281359872,17497313,15376318464,46936294,-6.397508e-02,-2.901576e-02,1.805583e-07,5.502570e-06,4.353571e-05,7.736056e-03
1281622016,17497821,15379464192,46945826,-6.397597e-02,-2.896070e-02,1.797993e-07,5.247296e-06,4.335270e-05,7.377167e-03
1281884160,17498058,15382609920,46955544,-6.398939e-02,-2.896960e-02,1.685997e-07,5.288174e-06,4.065229e-05,7.434637e-03
1282146304,17498195,15385755648,46965220,-6.401617e-02,-2.894939e-02,1.473267e-07,5.195643e-06,3.552300e-05,7.304546e-03
1282408448,17498314,15388901376,46974847,-6.402923e-02,-2.893728e-02,1.374709e-07,5.140570e-06,3.314660e-05,7.227120e-03
1282670592,17498352,15392047104,46984517,-6.404734e-02,-2.894991e-02,1.243732e-07,5.198004e-06,2.998851e-05,7.307866e-03
1282932736,17498827,15395192832,46994312,-6.404249e-02,-2.898395e-02,1.278178e-07,5.354378e-06,3.081907e-05,7.527712e-03
1283194880,17499036,15398338560,47004162,-6.401417e-02,-2.901672e-02,1.488635e-07,5.507080e-06,3.589355e-05,7.742395e-03
1283457024,17499148,15401484288,47013740,-6.403874e-02,-2.901240e-02,1.305115e-07,5.486851e-06,3.146857e-05,7.713957e-03
1283719168,17499714,15404630016,47023222,-6.402724e-02,-2.902148e-02,1.389500e-07,5.529456e-06,3.350325e-05,7.773854e-03
1283981312,17499882,15407775744,47032865,-6.403743e-02,-2.900948e-02,1.314607e-07,5.473169e-06,3.169743e-05,7.694720e-03
1284243456,17500121,15410921472,47042692,-6.404543e-02,-2.904204e-02,1.257221e-07,5.626554e-06,3.031376e-05,7.910363e-03
1284505600,17500201,15414067200,47052045,-6.404353e-02,-2.905028e-02,1.270730e-07,5.665715e-06,3.063949e-05,7.965419e-03
1284767744,17500318,15417212928,47061841,-6.403694e-02,-2.902594e-02,1.318175e-07,5.550474e-06,3.178347e-05,7.803403e-03
1285029888,17500983,15420358656,47071314,-6.404454e-02,-2.901646e-02,1.263516e-07,5.505856e-06,3.046555e-05,7.740675e-03
1285292032,17501470,15423504384,47081033,-6.401341e-02,-2.898378e-02,1.494563e-07,5.353602e-06,3.603648e-05,7.526621e-03
1285554176,17501594,15426650112,47090699,-6.402281e-02,-2.898340e-02,1.422746e-07,5.351810e-06,3.430487e-05,7.524101e-03
1285816320,17501723,15429795840,47100434,-6.402607e-02,-2.897329e-02,1.398235e-07,5.305133e-06,3.371384e-05,7.458478e-03
1286078464,17501910,15432941568,47109984,-6.405611e-02,-2.897311e-02,1.182596e-07,5.304326e-06,2.851444e-05,7.457344e-03
1286340608,17502010,15436087296,47119484,-6.405208e-02,-2.897857e-02,1.210482e-07,5.329503e-06,2.918680e-05,7.492741e-03
1286602752,17502208,15439233024,47129079,-6.403907e-02,-2.900519e-02,1.302747e-07,5.453116e-06,3.141148e-05,7.666528e-03
1286864896,17502231,15442378752,47138427,-6.404182e-02,-2.899308e-02,1.282923e-07,5.396691e-06,3.093349e-05,7.587200e-03
1287127040,17502448,15445524480,47148002,-6.402914e-02,-2.897685e-02,1.375372e-07,5.321551e-06,3.316259e-05,7.481561e-03
1287389184,17502482,15448670208,47157537,-6.401987e-02,-2.897081e-02,1.444978e-07,5.293727e-06,3.484090e-05,7.442443e-03
1287651328,17502548,15451815936,47166939,-6.400935e-02,-2.897898e-02,1.526123e-07,5.331396e-06,3.679746e-05,7.495401e-03
1287913472,17503412,15454961664,47176403,-6.401504e-02,-2.897987e-02,1.481973e-07,5.335482e-06,3.573293e-05,7.501147e-03
1288175616,17504988,15458107392,47186187,-6.402691e-02,-2.898528e-02,1.391945e-07,5.360526e-06,3.356220e-05,7.536355e-03
1288437760,17505233,15461253120,47195667,-6.400768e-02,-2.899593e-02,1.539132e-07,5.409941e-06,3.711113e-05,7.605827e-03
1288699904,17505418,15464398848,47205236,-6.401559e-02,-2.900351e-02,1.477731e-07,5.445281e-06,3.563064e-05,7.655512e-03
1288962048,17505612,15467544576,47215042,-6.399903e-02,-2.903514e-02,1.607753e-07,5.593879e-06,3.876568e-05,7.864428e-03
1289224192,17506477,15470690304,47224631,-6.400120e-02,-2.904177e-02,1.590413e-07,5.625317e-06,3.834759e-05,7.908625e-03
1289486336,17508848,15473836032,47234208,-6.401811e-02,-2.907636e-02,1.458433e-07,5.790589e-06,3.516534e-05,8.140981e-03
1289748480,17509931,15476981760,47243976,-6.402282e-02,-2.906211e-02,1.422690e-07,5.722179e-06,3.430351e-05,8.044803e-03
1290010624,17510680,15480127488,47253594,-6.404716e-02,-2.908453e-02,1.244993e-07,5.829956e-06,3.001893e-05,8.196326e-03
1290272768,17519626,15483273216,47263254,-6.405012e-02,-2.905603e-02,1.224155e-07,5.693165e-06,2.951648e-05,8.004013e-03
1290534912,17522766,15486418944,47272693,-6.405840e-02,-2.901816e-02,1.166917e-07,5.513866e-06,2.813638e-05,7.751937e-03
1290797056,17523387,15489564672,47282218,-6.406971e-02,-2.904457e-02,1.090926e-07,5.638587e-06,2.630411e-05,7.927281e-03
1291059200,17529271,15492710400,47291881,-6.403741e-02,-2.903496e-02,1.314715e-07,5.593016e-06,3.170004e-05,7.863213e-03
1291321344,17533630,15495856128,47301444,-6.400621e-02,-2.904932e-02,1.550729e-07,5.661148e-06,3.739075e-05,7.959001e-03
1291583488,17585570,15499001856,47310973,-6.401610e-02,-2.904008e-02,1.473781e-07,5.617288e-06,3.553541e-05,7.897337e-03
1291845632,17598449,15502147584,47320634,-6.404284e-02,-2.907253e-02,1.275675e-07,5.772155e-06,3.075873e-05,8.115064e-03
1292107776,17728418,15505293312,47330124,-6.403086e-02,-2.909525e-02,1.362691e-07,5.881827e-06,3.285683e-05,8.269251e-03
1292369920,17728607,15508439040,47339724,-6.400774e-02,-2.909980e-02,1.538723e-07,5.903910e-06,3.710126e-05,8.300299e-03
1292632064,17729695,15511584768,47349450,-6.402032e-02,-2.912141e-02,1.441581e-07,6.009413e-06,3.475900e-05,8.448625e-03
1292894208,17729945,15514730496,47359089,-6.400441e-02,-2.912006e-02,1.564903e-07,6.002795e-06,3.773251e-05,8.439320e-03
1293156352,17729966,15517876224,47368793,-6.402249e-02,-2.913385e-02,1.425164e-07,6.070572e-06,3.436316e-05,8.534607e-03
1293418496,17730615,15521021952,47378484,-6.403173e-02,-2.911522e-02,1.356263e-07,5.979115e-06,3.270183e-05,8.406028e-03
1293680640,17731275,15524167680,47388172,-6.401425e-02,-2.914273e-02,1.488060e-07,6.114396e-06,3.587969e-05,8.596219e-03
1293942784,17731937,15527313408,47397611,-6.398565e-02,-2.914608e-02,1.716914e-07,6.130951e-06,4.139775e-05,8.619494e-03
1294204928,17732082,15530459136,47407186,-6.398834e-02,-2.914823e-02,1.694697e-07,6.141609e-06,4.086205e-05,8.634479e-03
1294467072,17732269,15533604864,47416769,-6.399321e-02,-2.918584e-02,1.654816e-07,6.329439e-06,3.990045e-05,8.898549e-03
1294729216,17732276,15536750592,47426585,-6.396788e-02,-2.916540e-02,1.867331e-07,6.227015e-06,4.502456e-05,8.754551e-03
1294991360,17732629,15539896320,47436239,-6.395002e-02,-2.919600e-02,2.024800e-07,6.380667e-06,4.882142e-05,8.970571e-03
1295253504,17732705,15543042048,47445701,-6.394568e-02,-2.920915e-02,2.064080e-07,6.447304e-06,4.976853e-05,9.064254e-03
1295515648,17732957,15546187776,47455319,-6.394884e-02,-2.919112e-02,2.035476e-07,6.356056e-06,4.907882e-05,8.935969e-03
1295777792,17733176,15549333504,47464715,-6.396614e-02,-2.916998e-02,1.882364e-07,6.249904e-06,4.538704e-05,8.786731e-03
1296039936,17733485,15552479232,47474305,-6.400255e-02,-2.915000e-02,1.579675e-07,6.150411e-06,3.808868e-05,8.646852e-03
1296302080,17733528,15555624960,47483959,-6.399541e-02,-2.913594e-02,1.636982e-07,6.080874e-06,3.947045e-05,8.549092e-03
1296564224,17733571,15558770688,47493481,-6.400762e-02,-2.916764e-02,1.539659e-07,6.238231e-06,3.712382e-05,8.770320e-03
1296826368,17733958,15561916416,47503079,-6.400720e-02,-2.916390e-02,1.542935e-07,6.219562e-06,3.720281e-05,8.744073e-03
1297088512,17734056,15565062144,47512633,-6.399959e-02,-2.918747e-02,1.603334e-07,6.337651e-06,3.865915e-05,8.910094e-03
1297350656,17735159,15568207872,47522398,-6.399137e-02,-2.918974e-02,1.669822e-07,6.349079e-06,4.026228e-05,8.926161e-03
1297612800,17735168,15571353600,47532066,-6.395718e-02,-2.921481e-02,1.960942e-07,6.476063e-06,4.728169e-05,9.104687e-03
1297874944,17735183,15574499328,47541716,-6.396498e-02,-2.919953e-02,1.892463e-07,6.398512e-06,4.563055e-05,8.995658e-03
1298137088,17735278,15577645056,47551297,-6.395771e-02,-2.919411e-02,1.956260e-07,6.371129e-06,4.716879e-05,8.957162e-03
1298399232,17735570,15580790784,47560760,-6.397343e-02,-2.918765e-02,1.819603e-07,6.338561e-06,4.387377e-05,8.911373e-03
1298661376,17735614,15583936512,47570415,-6.397530e-02,-2.919430e-02,1.803684e-07,6.372069e-06,4.348992e-05,8.958483e-03
1298923520,17736062,15587082240,47579913,-6.397065e-02,-2.919688e-02,1.843454e-07,6.385119e-06,4.444885e-05,8.976830e-03
1299185664,17736587,15590227968,47589529,-6.396419e-02,-2.918785e-02,1.899341e-07,6.339593e-06,4.579637e-05,8.912824e-03
1299447808,17736650,15593373696,47599114,-6.392498e-02,-2.919683e-02,2.256433e-07,6.384856e-06,5.440647e-05,8.976459e-03
1299709952,17737594,15596519424,47608801,-6.396585e-02,-2.919476e-02,1.884886e-07,6.374402e-06,4.544786e-05,8.961762e-03
1299972096,17737617,15599665152,47618423,-6.393656e-02,-2.920249e-02,2.147776e-07,6.413503e-06,5.178657e-05,9.016735e-03
1300234240,17738043,15602810880,47628029,-6.397287e-02,-2.917942e-02,1.824437e-07,6.297183e-06,4.399033e-05,8.853200e-03
1300496384,17738175,15605956608,47637696,-6.397652e-02,-2.914205e-02,1.793383e-07,6.111043e-06,4.324155e-05,8.591507e-03
1300758528,17738451,15609102336,47647205,-6.401935e-02,-2.914856e-02,1.448945e-07,6.143252e-06,3.493657e-05,8.636790e-03
1301020672,17738454,15612248064,47656706,-6.401961e-02,-2.913617e-02,1.447018e-07,6.082004e-06,3.489009e-05,8.550681e-03
1301282816,17738666,15615393792,47666169,-6.402380e-02,-2.912786e-02,1.415281e-07,6.041089e-06,3.412485e-05,8.493158e-03
1301544960,17739352,15618539520,47675870,-6.399593e-02,-2.913628e-02,1.632764e-07,6.082519e-06,3.936876e-05,8.551405e-03
1301807104,17739363,15621685248,47685471,-6.401312e-02,-2.913185e-02,1.496752e-07,6.060709e-06,3.608928e-05,8.520742e-03
1302069248,17739627,15624830976,47694986,-6.399519e-02,-2.914382e-02,1.638731e-07,6.119785e-06,3.951262e-05,8.603797e-03
1302331392,17740663,15627976704,47704776,-6.398312e-02,-2.916047e-02,1.737909e-07,6.202432e-06,4.190398e-05,8.719991e-03
1302593536,17740816,15631122432,47714482,-6.402552e-02,-2.915430e-02,1.402361e-07,6.171752e-06,3.381334e-05,8.676857e-03
1302855680,17740921,15634268160,47723986,-6.403565e-02,-2.914925e-02,1.327551e-07,6.146679e-06,3.200954e-05,8.641606e-03
1303117824,17741512,15637413888,47733608,-6.399824e-02,-2.912703e-02,1.614092e-07,6.036997e-06,3.891854e-05,8.487405e-03
1303379968,17741537,15640559616,47743071,-6.399211e-02,-2.909285e-02,1.663738e-07,5.870214e-06,4.011560e-05,8.252925e-03
1303642112,17741677,15643705344,47752534,-6.399243e-02,-2.908398e-02,1.661126e-07,5.827321e-06,4.005260e-05,8.192622e-03
1303904256,17741728,15646851072,47762056,-6.397812e-02,-2.906363e-02,1.779841e-07,5.729471e-06,4.291504e-05,8.055055e-03
1304166400,17743257,15649996800,47771801,-6.399649e-02,-2.905632e-02,1.628252e-07,5.694516e-06,3.925995e-05,8.005911e-03
1304428544,17743485,15653142528,47781325,-6.401113e-02,-2.904971e-02,1.512184e-07,5.663028e-06,3.646137e-05,7.961642e-03
1304690688,17743810,15656288256,47790884,-6.400697e-02,-2.901737e-02,1.544750e-07,5.510131e-06,3.724657e-05,7.746686e-03
1304952832,17744644,15659433984,47800368,-6.400666e-02,-2.903489e-02,1.547210e-07,5.592699e-06,3.730590e-05,7.862768e-03
1305214976,17745050,15662579712,47810030,-6.402888e-02,-2.904906e-02,1.377307e-07,5.659952e-06,3.320924e-05,7.957319e-03
1305477120,17745322,15665725440,47819638,-6.401997e-02,-2.903817e-02,1.444241e-07,5.608242e-06,3.482315e-05,7.884620e-03
1305739264,17746630,15668871168,47829231,-6.402972e-02,-2.906079e-02,1.371065e-07,5.715898e-06,3.305874e-05,8.035974e-03
1306001408,17750471,15672016896,47838894,-6.404386e-02,-2.905034e-02,1.268341e-07,5.666042e-06,3.058189e-05,7.965881e-03
1306263552,17751345,15675162624,47848498,-6.404997e-02,-2.905639e-02,1.225250e-07,5.694854e-06,2.954289e-05,8.006387e-03
1306525696,17752126,15678308352,47857955,-6.407970e-02,-2.906709e-02,1.025924e-07,5.746050e-06,2.473679e-05,8.078365e-03
1306787840,17753047,15681454080,47867629,-6.406268e-02,-2.909088e-02,1.137882e-07,5.860660e-06,2.743629e-05,8.239493e-03
1307049984,17759551,15684599808,47877399,-6.407882e-02,-2.910033e-02,1.031564e-07,5.906509e-06,2.487278e-05,8.303952e-03
1307312128,17762576,15687745536,47887066,-6.409253e-02,-2.911521e-02,9.453814e-08,5.979078e-06,2.279477e-05,8.405978e-03
1307574272,17788797,15690891264,47896746,-6.411014e-02,-2.912017e-02,8.402162e-08,6.003351e-06,2.025906e-05,8.440102e-03
1307836416,17794892,15694036992,47906221,-6.411760e-02,-2.914851e-02,7.975360e-08,6.142994e-06,1.922997e-05,8.636426e-03
1308098560,17803544,15697182720,47916119,-6.411300e-02,-2.914191e-02,8.237119e-08,6.110343e-06,1.986111e-05,8.590523e-03
1308360704,17885467,15700328448,47925691,-6.410935e-02,-2.913265e-02,8.448010e-08,6.064671e-06,2.036961e-05,8.526312e-03
1308622848,17888720,15703474176,47935374,-6.409672e-02,-2.912190e-02,9.198078e-08,6.011815e-06,2.217815e-05,8.452004e-03
1308884992,17937861,15706619904,47944947,-6.412959e-02,-2.913585e-02,7.312231e-08,6.080442e-06,1.763105e-05,8.548485e-03
1309147136,17939810,15709765632,47954474,-6.410722e-02,-2.913681e-02,8.571897e-08,6.085174e-06,2.066832e-05,8.555138e-03
1309409280,17941267,15712911360,47964074,-6.406741e-02,-2.910096e-02,1.106187e-07,5.909587e-06,2.667208e-05,8.308280e-03
1309671424,17941414,15716057088,47973723,-6.406884e-02,-2.909735e-02,1.096692e-07,5.892014e-06,2.644313e-05,8.283573e-03
1309933568,17941538,15719202816,47983203,-6.408286e-02,-2.913154e-02,1.005787e-07,6.059186e-06,2.425125e-05,8.518601e-03
1310195712,17942927,15722348544,47992767,-6.409237e-02,-2.913378e-02,9.463897e-08,6.070195e-06,2.281909e-05,8.534078e-03
1310457856,17943005,15725494272,48002277,-6.406078e-02,-2.915641e-02,1.150685e-07,6.182251e-06,2.774500e-05,8.691618e-03
1310720000,17944675,15728640000,48011872,-6.403381e-02,-2.913813e-02,1.340995e-07,6.091691e-06,3.233371e-05,8.564300e-03
1310982144,17945041,15731785728,48021261,-6.402299e-02,-2.915473e-02,1.421398e-07,6.173862e-06,3.427235e-05,8.679825e-03
1311244288,17945263,15734931456,48030849,-6.401341e-02,-2.918570e-02,1.494505e-07,6.328764e-06,3.603509e-05,8.897601e-03
1311506432,17945484,15738077184,48040376,-6.399588e-02,-2.916474e-02,1.633186e-07,6.223706e-06,3.937892e-05,8.749899e-03
1311768576,17945665,15741222912,48049997,-6.400398e-02,-2.919217e-02,1.568324e-07,6.361326e-06,3.781500e-05,8.943378e-03
1312030720,17945983,15744368640,48059942,-6.404711e-02,-2.922563e-02,1.245309e-07,6.531222e-06,3.002653e-05,9.182235e-03
1312292864,17946009,15747514368,48069488,-6.402883e-02,-2.922633e-02,1.377694e-07,6.534802e-06,3.321858e-05,9.187268e-03
1312555008,17946131,15750660096,48079174,-6.404167e-02,-2.922861e-02,1.283991e-07,6.546463e-06,3.095924e-05,9.203663e-03
1312817152,17946383,15753805824,48088717,-6.405605e-02,-2.923164e-02,1.183058e-07,6.561999e-06,2.852556e-05,9.225505e-03
1313079296,17946394,15756951552,48098347,-6.404942e-02,-2.923168e-02,1.229061e-07,6.562190e-06,2.963477e-05,9.225773e-03
1313341440,17946599,15760097280,48108147,-6.405648e-02,-2.921650e-02,1.180087e-07,6.484674e-06,2.845393e-05,9.116794e-03
1313603584,17946652,15763243008,48117606,-6.408555e-02,-2.921878e-02,9.887991e-08,6.496262e-06,2.384165e-05,9.133085e-03
1313865728,17947147,15766388736,48127094,-6.404051e-02,-2.919232e-02,1.292334e-07,6.362115e-06,3.116041e-05,8.944487e-03
1314127872,17947228,15769534464,48136846,-6.403956e-02,-2.916279e-02,1.299200e-07,6.214026e-06,3.132595e-05,8.736290e-03
1314390016,17947229,15772680192,48146325,-6.401512e-02,-2.916695e-02,1.481342e-07,6.234779e-06,3.571771e-05,8.765468e-03
1314652160,17947329,15775825920,48155937,-6.399699e-02,-2.916461e-02,1.624226e-07,6.223102e-06,3.916287e-05,8.749050e-03
1314914304,17947348,15778971648,48165698,-6.401408e-02,-2.914266e-02,1.489382e-07,6.114054e-06,3.591158e-05,8.595740e-03
1315176448,17947918,15782117376,48175234,-6.402053e-02,-2.915241e-02,1.439997e-07,6.162353e-06,3.472082e-05,8.663642e-03
1315438592,17948010,15785263104,48184731,-6.402980e-02,-2.913378e-02,1.370513e-07,6.070223e-06,3.304543e-05,8.534117e-03
1315700736,17948245,15788408832,48194309,-6.403556e-02,-2.914387e-02,1.328148e-07,6.120034e-06,3.202395e-05,8.604147e-03
1315962880,17948334,15791554560,48203903,-6.401661e-02,-2.915270e-02,1.469894e-07,6.163805e-06,3.544168e-05,8.665684e-03
1316225024,17948364,15794700288,48213294,-6.401661e-02,-2.910010e-02,1.469894e-07,5.905395e-06,3.544168e-05,8.302387e-03
1316487168,17948843,15797846016,48223072,-6.402154e-02,-2.914307e-02,1.432317e-07,6.116072e-06,3.453564e-05,8.598576e-03
1316749312,17949140,15800991744,48232828,-6.403650e-02,-2.913218e-02,1.321315e-07,6.062332e-06,3.185917e-05,8.523025e-03
1317011456,17949183,15804137472,48242576,-6.404619e-02,-2.914367e-02,1.251838e-07,6.119030e-06,3.018396e-05,8.602735e-03
1317273600,17949676,15807283200,48252159,-6.406867e-02,-2.913967e-02,1.097827e-07,6.099252e-06,2.647050e-05,8.574929e-03
1317535744,17949934,15810428928,48261799,-6.405966e-02,-2.912468e-02,1.158330e-07,6.025470e-06,2.792934e-05,8.471198e-03
1317797888,17950133,15813574656,48271229,-6.403993e-02,-2.911397e-02,1.296516e-07,5.972976e-06,3.126123e-05,8.397399e-03
1318060032,17950214,15816720384,48280685,-6.402915e-02,-2.909960e-02,1.375317e-07,5.902942e-06,3.316126e-05,8.298937e-03
1318322176,17950356,15819866112,48290225,-6.405033e-02,-2.911425e-02,1.222696e-07,5.974361e-06,2.948130e-05,8.399345e-03
1318584320,17951023,15823011840,48299932,-6.403658e-02,-2.912178e-02,1.320773e-07,6.011249e-06,3.184611e-05,8.451206e-03
1318846464,17951077,15826157568,48309543,-6.404649e-02,-2.910363e-02,1.249677e-07,5.922563e-06,3.013186e-05,8.326522e-03
1319108608,17951658,15829303296,48319318,-6.405515e-02,-2.910126e-02,1.189216e-07,5.911045e-06,2.867405e-05,8.310330e-03
1319370752,17951776,15832449024,48328879,-6.406439e-02,-2.909123e-02,1.126350e-07,5.862355e-06,2.715824e-05,8.241876e-03
1319632896,17951961,15835594752,48338505,-6.405647e-02,-2.908822e-02,1.180138e-07,5.847779e-06,2.845516e-05,8.221385e-03
1319895040,17951997,15838740480,48348368,-6.404836e-02,-2.909199e-02,1.236490e-07,5.866027e-06,2.981391e-05,8.247038e-03
1320157184,17952025,15841886208,48357910,-6.403891e-02,-2.910783e-02,1.303877e-07,5.943033e-06,3.143872e-05,8.355301e-03
1320419328,17952051,15845031936,48367456,-6.401765e-02,-2.910838e-02,1.461964e-07,5.945703e-06,3.525046e-05,8.359055e-03
1320681472,17952188,15848177664,48377085,-6.402136e-02,-2.910887e-02,1.433671e-07,5.948074e-06,3.456828e-05,8.362389e-03
1320943616,17952456,15851323392,48386911,-6.404236e-02,-2.912542e-02,1.279084e-07,6.029082e-06,3.084090e-05,8.476278e-03
1321205760,17952525,15854469120,48396394,-6.403002e-02,-2.910120e-02,1.368859e-07,5.910719e-06,3.300555e-05,8.309871e-03
1321467904,17953459,15857614848,48405999,-6.401695e-02,-2.911244e-02,1.467324e-07,5.965495e-06,3.537972e-05,8.386881e-03
1321730048,17955066,15860760576,48415467,-6.400995e-02,-2.908573e-02,1.521412e-07,5.835777e-06,3.668386e-05,8.204510e-03
1321992192,17955271,15863906304,48425163,-6.401160e-02,-2.908536e-02,1.508594e-07,5.833968e-06,3.637480e-05,8.201967e-03
1322254336,17955563,15867052032,48434439,-6.399349e-02,-2.908389e-02,1.652513e-07,5.826853e-06,3.984493e-05,8.191964e-03
1322516480,17955600,15870197760,48443898,-6.398132e-02,-2.907689e-02,1.752974e-07,5.793127e-06,4.226723e-05,8.144547e-03
1322778624,17956429,15873343488,48453425,-6.398268e-02,-2.906769e-02,1.741576e-07,5.748935e-06,4.199239e-05,8.082419e-03
1323040768,17959118,15876489216,48462787,-6.399912e-02,-2.907128e-02,1.607095e-07,5.766124e-06,3.874984e-05,8.106586e-03
1323302912,17959951,15879634944,48472387,-6.399419e-02,-2.909288e-02,1.646824e-07,5.870367e-06,3.970776e-05,8.253141e-03
1323565056,17961149,15882780672,48481967,-6.398313e-02,-2.908763e-02,1.737847e-07,5.844915e-06,4.190248e-05,8.217358e-03
1323827200,17969714,15885926400,48491288,-6.398761e-02,-2.907206e-02,1.700652e-07,5.769918e-06,4.100565e-05,8.111919e-03
1324089344,17972617,15889072128,48501064,-6.400144e-02,-2.908014e-02,1.588512e-07,5.808765e-06,3.830175e-05,8.166535e-03
1324351488,17974325,15892217856,48510683,-6.401414e-02,-2.912350e-02,1.488865e-07,6.019646e-06,3.589910e-05,8.463012e-03
1324613632,17978951,15895363584,48520343,-6.401210e-02,-2.912783e-02,1.504719e-07,6.040906e-06,3.628136e-05,8.492901e-03
1324875776,17984430,15898509312,48530103,-6.401276e-02,-2.910986e-02,1.499579e-07,5.952918e-06,3.615742e-05,8.369199e-03
1325137920,18035539,15901655040,48539855,-6.402737e-02,-2.909840e-02,1.388556e-07,5.897151e-06,3.348048e-05,8.290796e-03
1325400064,18048603,15904800768,48549355,-6.404038e-02,-2.909798e-02,1.293299e-07,5.895106e-06,3.118366e-05,8.287922e-03
1325662208,18183636,15907946496,48558909,-6.404012e-02,-2.911433e-02,1.295121e-07,5.974734e-06,3.122760e-05,8.399870e-03
1325924352,18183652,15911092224,48568315,-6.402809e-02,-2.911980e-02,1.383175e-07,6.001499e-06,3.335074e-05,8.437498e-03
1326186496,18184785,15914237952,48578071,-6.401290e-02,-2.910032e-02,1.498482e-07,5.906463e-06,3.613099e-05,8.303888e-03
1326448640,18185322,15917383680,48587575,-6.399763e-02,-2.910539e-02,1.619005e-07,5.931115e-06,3.903700e-05,8.338546e-03
1326710784,18185470,15920529408,48597309,-6.397998e-02,-2.912095e-02,1.764222e-07,6.007176e-06,4.253844e-05,8.445481e-03
1326972928,18185772,15923675136,48606919,-6.398030e-02,-2.912859e-02,1.761470e-07,6.044688e-06,4.247207e-05,8.498218e-03
1327235072,18186673,15926820864,48616473,-6.399911e-02,-2.914271e-02,1.607155e-07,6.114303e-06,3.875128e-05,8.596090e-03
1327497216,18187082,15929966592,48626137,-6.398060e-02,-2.914668e-02,1.758969e-07,6.133921e-06,4.241177e-05,8.623671e-03
1327759360,18187375,15933112320,48635805,-6.395897e-02,-2.911183e-02,1.945072e-07,5.962520e-06,4.689903e-05,8.382699e-03
1328021504,18187407,15936258048,48645409,-6.396666e-02,-2.910561e-02,1.877841e-07,5.932222e-06,4.527799e-05,8.340102e-03
1328283648,18187601,15939403776,48654936,-6.397334e-02,-2.910977e-02,1.820430e-07,5.952473e-06,4.389369e-05,8.368573e-03
1328545792,18187764,15942549504,48664457,-6.395110e-02,-2.911066e-02,2.015090e-07,5.956827e-06,4.858728e-05,8.374695e-03
1328807936,18187770,15945695232,48674327,-6.396835e-02,-2.910405e-02,1.863276e-07,5.924603e-06,4.492680e-05,8.329390e-03
1329070080,18188318,15948840960,48683993,-6.395780e-02,-2.908118e-02,1.955403e-07,5.813776e-06,4.714814e-05,8.173580e-03
1329332224,18188513,15951986688,48693663,-6.394345e-02,-2.905629e-02,2.084440e-07,5.694365e-06,5.025944e-05,8.005699e-03
1329594368,18188753,15955132416,48703204,-6.392551e-02,-2.906161e-02,2.251410e-07,5.719809e-06,5.428537e-05,8.041471e-03
1329856512,18188770,15958278144,48712835,-6.394542e-02,-2.905135e-02,2.066450e-07,5.670823e-06,4.982568e-05,7.972602e-03
1330118656,18188784,15961423872,48722672,-6.396323e-02,-2.902653e-02,1.907727e-07,5.553239e-06,4.599859e-05,7.807290e-03
1330380800,18189115,15964569600,48732311,-6.397766e-02,-2.903526e-02,1.783741e-07,5.594461e-06,4.300908e-05,7.865245e-03
1330642944,18189460,15967715328,48741759,-6.395213e-02,-2.904562e-02,2.005869e-07,5.643577e-06,4.836496e-05,7.934297e-03
1330905088,18190307,15970861056,48751240,-6.394474e-02,-2.903183e-02,2.072619e-07,5.578260e-06,4.997442e-05,7.842467e-03
1331167232,18190460,15974006784,48760861,-6.394453e-02,-2.906345e-02,2.074587e-07,5.728615e-06,5.002186e-05,8.053850e-03
1331429376,18190467,15977152512,48770586,-6.395423e-02,-2.906647e-02,1.987160e-07,5.743086e-06,4.791384e-05,8.074197e-03
1331691520,18190606,15980298240,48780044,-6.396271e-02,-2.906587e-02,1.912221e-07,5.740194e-06,4.610694e-05,8.070130e-03
1331953664,18190890,15983443968,48789595,-6.396127e-02,-2.904451e-02,1.924883e-07,5.638295e-06,4.641225e-05,7.926870e-03
1332215808,18191001,15986589696,48799270,-6.393656e-02,-2.905758e-02,2.147776e-07,5.700527e-06,5.178657e-05,8.014362e-03
1332477952,18191274,15989735424,48808941,-6.392290e-02,-2.904402e-02,2.276224e-07,5.635977e-06,5.488369e-05,7.923611e-03
1332740096,18191818,15992881152,48818526,-6.392998e-02,-2.902709e-02,2.209187e-07,5.555855e-06,5.326730e-05,7.810969e-03
1333002240,18191877,15996026880,48828079,-6.393256e-02,-2.903601e-02,2.185020e-07,5.598004e-06,5.268460e-05,7.870226e-03
1333264384,18192773,15999172608,48837730,-6.389368e-02,-2.906361e-02,2.563590e-07,5.729391e-06,6.181258e-05,8.054942e-03
1333526528,18192968,16002318336,48847276,-6.387138e-02,-2.910042e-02,2.794456e-07,5.906952e-06,6.737914e-05,8.304575e-03
1333788672,18193172,16005464064,48856892,-6.390209e-02,-2.909132e-02,2.479118e-07,5.862815e-06,5.977580e-05,8.242523e-03
1334050816,18193367,16008609792,48866536,-6.388308e-02,-2.910800e-02,2.672076e-07,5.943859e-06,6.442836e-05,8.356463e-03
1334312960,18193627,16011755520,48876048,-6.384778e-02,-2.910298e-02,3.049493e-07,5.919399e-06,7.352853e-05,8.322075e-03
1334575104,18193767,16014901248,48885797,-6.387257e-02,-2.912401e-02,2.781867e-07,6.022160e-06,6.707561e-05,8.466546e-03
1334837248,18194133,16018046976,48895601,-6.384973e-02,-2.913957e-02,3.027972e-07,6.098782e-06,7.300961e-05,8.574270e-03
1335099392,18194543,16021192704,48905297,-6.385185e-02,-2.911624e-02,3.004729e-07,5.984089e-06,7.244921e-05,8.413021e-03
1335361536,18194704,16024338432,48914913,-6.385091e-02,-2.914940e-02,3.015030e-07,6.147417e-06,7.269757e-05,8.642645e-03
1335623680,18195092,16027484160,48924399,-6.387015e-02,-2.914950e-02,2.807468e-07,6.147935e-06,6.769289e-05,8.643372e-03
1335885824,18195846,16030629888,48934040,-6.384600e-02,-2.915763e-02,3.069191e-07,6.188311e-06,7.400349e-05,8.700137e-03
1336147968,18196037,16033775616,48943723,-6.385514e-02,-2.914188e-02,2.968735e-07,6.110205e-06,7.158131e-05,8.590329e-03
1336410112,18196212,16036921344,48953545,-6.387215e-02,-2.912740e-02,2.786270e-07,6.038828e-06,6.718176e-05,8.489979e-03
1336672256,18196788,16040067072,48963392,-6.386394e-02,-2.910049e-02,2.873623e-07,5.907305e-06,6.928800e-05,8.305071e-03
1336934400,18196875,16043212800,48972730,-6.388762e-02,-2.910869e-02,2.625372e-07,5.947230e-06,6.330225e-05,8.361202e-03
1337196544,18196995,16046358528,48982200,-6.386486e-02,-2.909949e-02,2.863806e-07,5.902408e-06,6.905129e-05,8.298187e-03
1337458688,18197080,16049504256,48992119,-6.387541e-02,-2.910247e-02,2.752003e-07,5.916907e-06,6.635554e-05,8.318571e-03
1337720832,18198490,16052649984,49001641,-6.387319e-02,-2.909189e-02,2.775269e-07,5.865566e-06,6.691651e-05,8.246391e-03
1337982976,18199178,16055795712,49011415,-6.387008e-02,-2.910051e-02,2.808179e-07,5.907360e-06,6.771003e-05,8.305149e-03
1338245120,18199282,16058941440,49021032,-6.384212e-02,-2.911865e-02,3.112352e-07,5.995869e-06,7.504418e-05,8.429583e-03
1338507264,18199875,16062087168,49030521,-6.386423e-02,-2.912617e-02,2.870508e-07,6.032787e-06,6.921290e-05,8.481487e-03
1338769408,18200140,16065232896,49040044,-6.384223e-02,-2.910144e-02,3.111105e-07,5.911924e-06,7.501410e-05,8.311565e-03
1339031552,18200865,16068378624,49049844,-6.384289e-02,-2.911042e-02,3.103712e-07,5.955672e-06,7.483584e-05,8.373071e-03
1339293696,18201853,16071524352,49059599,-6.384981e-02,-2.912092e-02,3.027070e-07,6.006994e-06,7.298787e-05,8.445224e-03
1339555840,18206001,16074670080,49069165,-6.384782e-02,-2.912144e-02,3.049082e-07,6.009541e-06,7.351861e-05,8.448805e-03
1339817984,18206880,16077815808,49078646,-6.382734e-02,-2.912272e-02,3.279470e-07,6.015845e-06,7.907365e-05,8.457666e-03
1340080128,18207542,16080961536,49088145,-6.380545e-02,-2.912726e-02,3.534884e-07,6.038150e-06,8.523214e-05,8.489027e-03
1340342272,18208288,16084107264,49097946,-6.379607e-02,-2.913493e-02,3.647304e-07,6.075905e-06,8.794278e-05,8.542107e-03
1340604416,18215088,16087252992,49107500,-6.381235e-02,-2.915806e-02,3.453321e-07,6.190424e-06,8.326552e-05,8.703108e-03
1340866560,18217901,16090398720,49117145,-6.378430e-02,-2.916468e-02,3.790878e-07,6.223408e-06,9.140461e-05,8.749481e-03
1341128704,18243944,16093544448,49126837,-6.377958e-02,-2.916505e-02,3.849269e-07,6.225267e-06,9.281249e-05,8.752094e-03
1341390848,18250156,16096690176,49136546,-6.380027e-02,-2.915182e-02,3.596815e-07,6.159412e-06,8.672540e-05,8.659509e-03
1341652992,18259319,16099835904,49145945,-6.379841e-02,-2.913972e-02,3.619101e-07,6.099509e-06,8.726276e-05,8.575291e-03
1341915136,18344583,16102981632,49155402,-6.381681e-02,-2.913784e-02,3.401155e-07,6.090220e-06,8.200770e-05,8.562232e-03
1342177280,18347985,16106127360,49165079,-6.382903e-02,-2.913156e-02,3.260042e-07,6.059287e-06,7.860523e-05,8.518743e-03
1342439424,18387805,16109273088,49174737,-6.383257e-02,-2.914423e-02,3.219839e-07,6.121822e-06,7.763585e-05,8.606660e-03
1342701568,18389730,16112418816,49184337,-6.384605e-02,-2.915866e-02,3.068614e-07,6.193418e-06,7.398956e-05,8.707318e-03
1342963712,18391275,16115564544,49193632,-6.384661e-02,-2.916711e-02,3.062426e-07,6.235552e-06,7.384036e-05,8.766553e-03
1343225856,18391279,16118710272,49203019,-6.385410e-02,-2.918148e-02,2.980112e-07,6.307536e-06,7.185564e-05,8.867756e-03
1343488000,18391508,16121856000,49212629,-6.386802e-02,-2.916719e-02,2.830095e-07,6.235961e-06,6.823846e-05,8.767128e-03
1343750144,18392853,16125001728,49222262,-6.386051e-02,-2.916377e-02,2.910485e-07,6.218874e-06,7.017681e-05,8.743106e-03
1344012288,18393192,16128147456,49232091,-6.385408e-02,-2.917806e-02,2.980275e-07,6.290370e-06,7.185955e-05,8.843622e-03
1344274432,18394661,16131293184,49241753,-6.382994e-02,-2.918943e-02,3.249756e-07,6.347512e-06,7.835720e-05,8.923958e-03
1344536576,18395165,16134438912,49251407,-6.383027e-02,-2.917202e-02,3.245934e-07,6.260088e-06,7.826506e-05,8.801049e-03
1344798720,18395305,16137584640,49261255,-6.381790e-02,-2.916658e-02,3.388479e-07,6.232929e-06,8.170205e-05,8.762864e-03
1345060864,18395514,16140730368,49270868,-6.381369e-02,-2.914870e-02,3.437664e-07,6.143954e-06,8.288801e-05,8.637777e-03
1345323008,18395808,16143876096,49280405,-6.380615e-02,-2.913418e-02,3.526561e-07,6.072187e-06,8.503145e-05,8.536879e-03
1345585152,18395992,16147021824,49290107,-6.379263e-02,-2.912765e-02,3.688999e-07,6.040036e-06,8.894813e-05,8.491678e-03
1345847296,18396230,16150167552,49299729,-6.376476e-02,-2.913967e-02,4.035349e-07,6.099288e-06,9.729921e-05,8.574981e-03
1346109440,18396281,16153313280,49309426,-6.379477e-02,-2.914566e-02,3.663070e-07,6.128876e-06,8.832294e-05,8.616577e-03
1346371584,18396431,16156459008,49319155,-6.379181e-02,-2.913579e-02,3.698962e-07,6.080103e-06,8.918833e-05,8.548006e-03
1346633728,18396637,16159604736,49328934,-6.378846e-02,-2.916439e-02,3.739856e-07,6.221996e-06,9.017438e-05,8.747496e-03
1346895872,18396699,16162750464,49338805,-6.379227e-02,-2.917200e-02,3.693345e-07,6.260022e-06,8.905290e-05,8.800956e-03
1347158016,18396795,16165896192,49348343,-6.380548e-02,-2.918867e-02,3.534618e-07,6.343702e-06,8.522572e-05,8.918601e-03
1347420160,18397397,16169041920,49358071,-6.381583e-02,-2.920794e-02,3.412549e-07,6.441147e-06,8.228241e-05,9.055600e-03
1347682304,18397417,16172187648,49367540,-6.379740e-02,-2.922220e-02,3.631303e-07,6.513735e-06,8.755698e-05,9.157651e-03
1347944448,18397426,16175333376,49377058,-6.380651e-02,-2.924555e-02,3.522314e-07,6.633449e-06,8.492907e-05,9.325956e-03
1348206592,18397505,16178479104,49386553,-6.382260e-02,-2.924446e-02,3.333880e-07,6.627828e-06,8.038559e-05,9.318054e-03
1348468736,18397736,16181624832,49396138,-6.383938e-02,-2.924260e-02,3.143020e-07,6.618251e-06,7.578362e-05,9.304589e-03
1348730880,18398088,16184770560,49405819,-6.387764e-02,-2.924121e-02,2.728602e-07,6.611103e-06,6.579128e-05,9.294541e-03
1348993024,18398217,16187916288,49415459,-6.386217e-02,-2.923533e-02,2.892585e-07,6.580918e-06,6.974522e-05,9.252103e-03
1349255168,18398282,16191062016,49425121,-6.383766e-02,-2.924612e-02,3.162263e-07,6.636376e-06,7.624760e-05,9.330071e-03
1349517312,18398551,16194207744,49434572,-6.383750e-02,-2.923929e-02,3.164107e-07,6.601250e-06,7.629206e-05,9.280688e-03
1349779456,18398648,16197353472,49444225,-6.383726e-02,-2.924524e-02,3.166789e-07,6.631857e-06,7.635674e-05,9.323717e-03
1350041600,18399102,16200499200,49453762,-6.383444e-02,-2.926738e-02,3.198566e-07,6.746375e-06,7.712294e-05,9.484719e-03
1350303744,18399443,16203644928,49463367,-6.382634e-02,-2.924122e-02,3.290914e-07,6.611180e-06,7.934961e-05,9.294648e-03
1350565888,18399526,16206790656,49472980,-6.379619e-02,-2.925114e-02,3.645865e-07,6.662293e-06,8.790808e-05,9.366509e-03
1350828032,18399849,16209936384,49482529,-6.378154e-02,-2.920954e-02,3.824993e-07,6.449281e-06,9.222716e-05,9.067034e-03
1351090176,18400124,16213082112,49492072,-6.380322e-02,-2.921183e-02,3.561512e-07,6.460913e-06,8.587419e-05,9.083388e-03
1351352320,18400246,16216227840,49501588,-6.379665e-02,-2.922020e-02,3.640378e-07,6.503518e-06,8.777578e-05,9.143286e-03
1351614464,18400401,16219373568,49511045,-6.379479e-02,-2.923424e-02,3.662799e-07,6.575318e-06,8.831640e-05,9.244230e-03
1351876608,18400885,16222519296,49520727,-6.381308e-02,-2.923756e-02,3.444832e-07,6.592362e-06,8.306084e-05,9.268192e-03
1352138752,18400964,16225665024,49530181,-6.382664e-02,-2.924902e-02,3.287496e-07,6.651355e-06,7.926719e-05,9.351132e-03
1352400896,18401214,16228810752,49539734,-6.382493e-02,-2.924129e-02,3.307090e-07,6.611524e-06,7.973964e-05,9.295132e-03
1352663040,18401829,16231956480,49549167,-6.385906e-02,-2.924226e-02,2.926182e-07,6.616516e-06,7.055529e-05,9.302150e-03
1352925184,18401873,16235102208,49558822,-6.384473e-02,-2.926927e-02,3.083241e-07,6.756229e-06,7.434226e-05,9.498573e-03
1353187328,18402022,16238247936,49568646,-6.383144e-02,-2.928849e-02,3.232619e-07,6.856518e-06,7.794401e-05,9.639570e-03
1353449472,18402033,16241393664,49578000,-6.383506e-02,-2.929158e-02,3.191575e-07,6.872701e-06,7.695437e-05,9.662321e-03
1353711616,18402111,16244539392,49587473,-6.384480e-02,-2.929625e-02,3.082497e-07,6.897187e-06,7.432430e-05,9.696745e-03
1353973760,18402216,16247685120,49597016,-6.383701e-02,-2.929925e-02,3.169557e-07,6.912947e-06,7.642349e-05,9.718902e-03
1354235904,18402380,16250830848,49606669,-6.386250e-02,-2.929153e-02,2.889140e-07,6.872428e-06,6.966215e-05,9.661935e-03
1354498048,18402790,16253976576,49616353,-6.386989e-02,-2.927478e-02,2.810154e-07,6.784902e-06,6.775764e-05,9.538884e-03
1354760192,18403652,16257122304,49625873,-6.388613e-02,-2.924967e-02,2.640665e-07,6.654690e-06,6.367098e-05,9.355818e-03
1355022336,18403723,16260268032,49635542,-6.387569e-02,-2.926900e-02,2.749034e-07,6.754787e-06,6.628393e-05,9.496545e-03
1355284480,18405233,16263413760,49644976,-6.386633e-02,-2.927430e-02,2.848039e-07,6.782379e-06,6.867112e-05,9.535338e-03
1355546624,18405404,16266559488,49654753,-6.383014e-02,-2.925896e-02,3.247378e-07,6.702701e-06,7.829987e-05,9.423318e-03
1355808768,18405715,16269705216,49664241,-6.383558e-02,-2.926265e-02,3.185685e-07,6.721850e-06,7.681236e-05,9.450238e-03
1356070912,18405997,16272850944,49673718,-6.386953e-02,-2.925771e-02,2.814025e-07,6.696222e-06,6.785100e-05,9.414207e-03
1356333056,18406580,16275996672,49683372,-6.385127e-02,-2.923506e-02,3.011022e-07,6.579542e-06,7.260093e-05,9.250168e-03
1356595200,18409543,16279142400,49692920,-6.387222e-02,-2.924130e-02,2.785562e-07,6.611573e-06,6.716469e-05,9.295200e-03
1356857344,18410248,16282288128,49702729,-6.386256e-02,-2.925252e-02,2.888420e-07,6.669411e-06,6.964477e-05,9.376516e-03
1357119488,18411910,16285433856,49712313,-6.388507e-02,-2.926219e-02,2.651549e-07,6.719455e-06,6.393343e-05,9.446872e-03
1357381632,18419941,16288579584,49722118,-6.390613e-02,-2.925901e-02,2.439068e-07,6.702952e-06,5.881012e-05,9.423670e-03
1357643776,18422889,16291725312,49731713,-6.388390e-02,-2.926891e-02,2.663610e-07,6.754331e-06,6.422422e-05,9.495905e-03
1357905920,18425190,16294871040,49741512,-6.386801e-02,-2.926563e-02,2.830174e-07,6.737322e-06,6.824038e-05,9.471991e-03
1358168064,18428788,16298016768,49750886,-6.382532e-02,-2.925987e-02,3.302636e-07,6.707408e-06,7.963224e-05,9.429936e-03
1358430208,18435404,16301162496,49760371,-6.381945e-02,-2.926518e-02,3.370374e-07,6.734943e-06,8.126553e-05,9.468648e-03
1358692352,18485749,16304308224,49770104,-6.381251e-02,-2.928397e-02,3.451482e-07,6.832815e-06,8.322118e-05,9.606246e-03
1358954496,18499000,16307453952,49779730,-6.380644e-02,-2.932806e-02,3.523110e-07,7.065272e-06,8.494826e-05,9.933056e-03
1359216640,18638582,16310599680,49789366,-6.380267e-02,-2.927713e-02,3.568007e-07,6.797134e-06,8.603078e-05,9.556081e-03
1359478784,18638871,16313745408,49799017,-6.379151e-02,-2.926203e-02,3.702588e-07,6.718634e-06,8.927576e-05,9.445718e-03
1359740928,18639791,16316891136,49808804,-6.382746e-02,-2.925055e-02,3.278019e-07,6.659255e-06,7.903868e-05,9.362238e-03
1360003072,18640396,16320036864,49818238,-6.380229e-02,-2.923132e-02,3.572637e-07,6.560339e-06,8.614243e-05,9.223172e-03
1360265216,18640704,16323182592,49827961,-6.378113e-02,-2.924397e-02,3.830063e-07,6.625306e-06,9.234942e-05,9.314508e-03
1360527360,18640856,16326328320,49837627,-6.378203e-02,-2.923915e-02,3.818913e-07,6.600552e-06,9.208056e-05,9.279707e-03
1360789504,18641869,16329474048,49847240,-6.379396e-02,-2.924504e-02,3.672817e-07,6.630811e-06,8.855794e-05,9.322248e-03
1361051648,18642128,16332619776,49856838,-6.379818e-02,-2.924639e-02,3.621881e-07,6.637797e-06,8.732978e-05,9.332069e-03
1361313792,18642516,16335765504,49866557,-6.378392e-02,-2.926546e-02,3.795559e-07,6.736432e-06,9.151745e-05,9.470739e-03
1361575936,18642633,16338911232,49876106,-6.377228e-02,-2.927341e-02,3.940403e-07,6.777723e-06,9.500992e-05,9.528791e-03
1361838080,18642701,16342056960,49885692,-6.378011e-02,-2.929212e-02,3.842707e-07,6.875533e-06,9.265431e-05,9.666302e-03
1362100224,18642879,16345202688,49895368,-6.376698e-02,-2.926861e-02,4.007190e-07,6.752783e-06,9.662026e-05,9.493727e-03
1362362368,18642939,16348348416,49904980,-6.379472e-02,-2.926636e-02,3.663701e-07,6.741113e-06,8.833815e-05,9.477320e-03
1362624512,18643642,16351494144,49914594,-6.376771e-02,-2.926349e-02,3.997951e-07,6.726206e-06,9.639749e-05,9.456364e-03
1362886656,18643700,16354639872,49924035,-6.374996e-02,-2.930421e-02,4.225531e-07,6.939085e-06,1.018848e-04,9.755649e-03
1363148800,18643866,16357785600,49933434,-6.373975e-02,-2.930847e-02,4.359374e-07,6.961506e-06,1.051120e-04,9.787172e-03
1363410944,18644004,16360931328,49942928,-6.373342e-02,-2.929920e-02,4.443304e-07,6.912673e-06,1.071357e-04,9.718517e-03
1363673088,18644104,16364077056,49952537,-6.372275e-02,-2.931029e-02,4.586680e-07,6.971142e-06,1.105928e-04,9.800718e-03
1363935232,18644325,16367222784,49962051,-6.372359e-02,-2.933236e-02,4.575384e-07,7.088154e-06,1.103204e-04,9.965226e-03
1364197376,18644626,16370368512,49971473,-6.372137e-02,-2.935610e-02,4.605470e-07,7.215114e-06,1.110458e-04,1.014372e-02
1364459520,18645424,16373514240,49981083,-6.369000e-02,-2.936090e-02,5.041044e-07,7.240953e-06,1.215482e-04,1.018005e-02
1364721664,18645507,16376659968,49990810,-6.370457e-02,-2.935798e-02,4.836329e-07,7.225214e-06,1.166122e-04,1.015792e-02
1364983808,18645711,16379805696,50000548,-6.369586e-02,-2.935391e-02,4.958124e-07,7.203391e-06,1.195489e-04,1.012724e-02
1365245952,18646010,16382951424,50010127,-6.367703e-02,-2.939684e-02,5.226922e-07,7.435645e-06,1.260301e-04,1.045376e-02
1365508096,18646055,16386097152,50019890,-6.365028e-02,-2.941070e-02,5.620832e-07,7.511415e-06,1.355280e-04,1.056029e-02
1365770240,18646215,16389242880,50029530,-6.364132e-02,-2.943308e-02,5.756032e-07,7.634608e-06,1.387878e-04,1.073348e-02
1366032384,18646515,16392388608,50039117,-6.365336e-02,-2.942201e-02,5.574677e-07,7.573558e-06,1.344151e-04,1.064765e-02
1366294528,18646815,16395534336,50048983,-6.365840e-02,-2.942228e-02,5.499720e-07,7.575065e-06,1.326077e-04,1.064977e-02
1366556672,18646932,16398680064,50058598,-6.365474e-02,-2.942850e-02,5.554224e-07,7.609308e-06,1.339219e-04,1.069792e-02
1366818816,18647904,16401825792,50068257,-6.365351e-02,-2.944789e-02,5.572452e-07,7.716680e-06,1.343614e-04,1.084887e-02
1367080960,18648305,16404971520,50077892,-6.364986e-02,-2.944922e-02,5.627090e-07,7.724080e-06,1.356788e-04,1.085927e-02
1367343104,18648311,16408117248,50087537,-6.363685e-02,-2.946430e-02,5.823950e-07,7.808108e-06,1.404255e-04,1.097741e-02
1367605248,18648402,16411262976,50097220,-6.363931e-02,-2.946763e-02,5.786596e-07,7.826721e-06,1.395248e-04,1.100358e-02
1367867392,18648882,16414408704,50106771,-6.364885e-02,-2.948637e-02,5.642303e-07,7.931918e-06,1.360457e-04,1.115147e-02
1368129536,18648975,16417554432,50116147,-6.363966e-02,-2.947081e-02,5.781270e-07,7.844553e-06,1.393964e-04,1.102865e-02
1368391680,18649622,16420700160,50125929,-6.364223e-02,-2.946598e-02,5.742135e-07,7.817490e-06,1.384528e-04,1.099060e-02
1368653824,18649790,16423845888,50135356,-6.365149e-02,-2.945921e-02,5.602637e-07,7.779696e-06,1.350892e-04,1.093746e-02
1368915968,18650097,16426991616,50145123,-6.365674e-02,-2.951270e-02,5.524391e-07,8.080923e-06,1.332026e-04,1.136096e-02
1369178112,18650561,16430137344,50154870,-6.366519e-02,-2.951592e-02,5.399509e-07,8.099264e-06,1.301915e-04,1.138674e-02
1369440256,18650810,16433283072,50164306,-6.366930e-02,-2.949002e-02,5.339236e-07,7.952505e-06,1.287382e-04,1.118042e-02
1369702400,18650990,16436428800,50173946,-6.368262e-02,-2.948930e-02,5.146435e-07,7.948430e-06,1.240894e-04,1.117469e-02
1369964544,18651550,16439574528,50183496,-6.366847e-02,-2.949065e-02,5.351329e-07,7.956078e-06,1.290298e-04,1.118544e-02
1370226688,18651928,16442720256,50193246,-6.369299e-02,-2.951100e-02,4.998602e-07,8.071278e-06,1.205249e-04,1.134740e-02
1370488832,18651980,16445865984,50202829,-6.369463e-02,-2.952507e-02,4.975557e-07,8.151414e-06,1.199692e-04,1.146006e-02
1370750976,18652254,16449011712,50212396,-6.371141e-02,-2.954665e-02,4.741563e-07,8.275097e-06,1.143273e-04,1.163395e-02
1371013120,18652665,16452157440,50221948,-6.367557e-02,-2.957083e-02,5.248058e-07,8.414801e-06,1.265397e-04,1.183036e-02
1371275264,18653635,16455303168,50231642,-6.368063e-02,-2.955809e-02,5.175017e-07,8.341059e-06,1.247786e-04,1.172668e-02
1371537408,18654235,16458448896,50241236,-6.367620e-02,-2.955616e-02,5.238887e-07,8.329948e-06,1.263186e-04,1.171106e-02
1371799552,18654660,16461594624,50251023,-6.369217e-02,-2.954625e-02,5.010303e-07,8.272836e-06,1.208070e-04,1.163077e-02
1372061696,18655107,16464740352,50260734,-6.371661e-02,-2.952631e-02,4.670315e-07,8.158520e-06,1.126093e-04,1.147005e-02
1372323840,18655176,16467886080,50270574,-6.372149e-02,-2.952626e-02,4.603751e-07,8.158211e-06,1.110044e-04,1.146962e-02
1372585984,18656465,16471031808,50280309,-6.371723e-02,-2.949613e-02,4.661765e-07,7.987011e-06,1.124032e-04,1.122893e-02
1372848128,18657052,16474177536,50290042,-6.369448e-02,-2.949625e-02,4.977554e-07,7.987664e-06,1.200174e-04,1.122984e-02
1373110272,18661638,16477323264,50299601,-6.369352e-02,-2.951990e-02,4.991230e-07,8.121936e-06,1.203472e-04,1.141862e-02
1373372416,18662584,16480468992,50309250,-6.370445e-02,-2.952643e-02,4.837884e-07,8.159180e-06,1.166497e-04,1.147098e-02
1373634560,18662756,16483614720,50318868,-6.367277e-02,-2.953417e-02,5.288617e-07,8.203475e-06,1.275177e-04,1.153325e-02
1373896704,18663384,16486760448,50328276,-6.366507e-02,-2.952089e-02,5.401261e-07,8.127554e-06,1.302337e-04,1.142652e-02
1374158848,18670608,16489906176,50338066,-6.368051e-02,-2.954456e-02,5.176625e-07,8.263099e-06,1.248173e-04,1.161708e-02
1374420992,18673132,16493051904,50347704,-6.367636e-02,-2.953108e-02,5.236622e-07,8.185793e-06,1.262640e-04,1.150839e-02
1374683136,18699171,16496197632,50357220,-6.363742e-02,-2.948572e-02,5.815310e-07,7.928298e-06,1.402172e-04,1.114638e-02
1374945280,18705347,16499343360,50366696,-6.365319e-02,-2.948852e-02,5.577236e-07,7.944072e-06,1.344768e-04,1.116856e-02
1375207424,18714988,16502489088,50376252,-6.363320e-02,-2.950095e-02,5.879805e-07,8.014292e-06,1.417722e-04,1.126728e-02
1375469568,18803775,16505634816,50385846,-6.360867e-02,-2.949355e-02,6.262089e-07,7.972426e-06,1.509898e-04,1.120842e-02
1375731712,18807148,16508780544,50395497,-6.362943e-02,-2.950542e-02,5.937878e-07,8.039633e-06,1.431725e-04,1.130291e-02
1375993856,18837655,16511926272,50405304,-6.362630e-02,-2.948962e-02,5.986087e-07,7.950236e-06,1.443349e-04,1.117723e-02
1376256000,18839811,16515072000,50414920,-6.361125e-02,-2.949378e-02,6.221356e-07,7.973709e-06,1.500076e-04,1.121023e-02
1376518144,18841402,16518217728,50424392,-6.362922e-02,-2.951105e-02,5.941094e-07,8.071543e-06,1.432500e-04,1.134777e-02
1376780288,18841473,16521363456,50434038,-6.364013e-02,-2.950265e-02,5.774135e-07,8.023933e-06,1.392243e-04,1.128084e-02
1377042432,18841490,16524509184,50443685,-6.363786e-02,-2.949992e-02,5.808608e-07,8.008471e-06,1.400555e-04,1.125910e-02
1377304576,18843092,16527654912,50453261,-6.364717e-02,-2.949198e-02,5.667515e-07,7.963592e-06,1.366536e-04,1.119600e-02
1377566720,18843319,16530800640,50462774,-6.363895e-02,-2.944569e-02,5.792039e-07,7.704483e-06,1.396560e-04,1.083172e-02
1377828864,18844697,16533946368,50472459,-6.362446e-02,-2.943207e-02,6.014598e-07,7.629010e-06,1.450223e-04,1.072561e-02
1378091008,18845233,16537092096,50482148,-6.365208e-02,-2.944089e-02,5.593830e-07,7.677819e-06,1.348769e-04,1.079423e-02
1378353152,18845551,16540237824,50491938,-6.365698e-02,-2.942686e-02,5.520847e-07,7.600257e-06,1.331172e-04,1.068519e-02
1378615296,18845708,16543383552,50501382,-6.364516e-02,-2.941075e-02,5.697844e-07,7.511721e-06,1.373848e-04,1.056072e-02
1378877440,18846003,16546529280,50510991,-6.364727e-02,-2.940145e-02,5.666057e-07,7.460798e-06,1.366184e-04,1.048913e-02
1379139584,18846292,16549675008,50520688,-6.365924e-02,-2.939709e-02,5.487350e-07,7.437047e-06,1.323095e-04,1.045573e-02
1379401728,18846326,16552820736,50530293,-6.361948e-02,-2.937770e-02,6.092159e-07,7.331616e-06,1.468924e-04,1.030751e-02
1379663872,18846610,16555966464,50539898,-6.364537e-02,-2.933598e-02,5.694695e-07,7.107438e-06,1.373089e-04,9.992337e-03
1379926016,18846659,16559112192,50549475,-6.364883e-02,-2.933282e-02,5.642639e-07,7.090634e-06,1.360537e-04,9.968711e-03
1380188160,18846890,16562257920,50558944,-6.364480e-02,-2.933066e-02,5.703245e-07,7.079132e-06,1.375150e-04,9.952541e-03
1380450304,18846992,16565403648,50568492,-6.367207e-02,-2.934109e-02,5.298809e-07,7.134717e-06,1.277634e-04,1.003069e-02
1380712448,18847176,16568549376,50578126,-6.366948e-02,-2.937257e-02,5.336624e-07,7.303902e-06,1.286752e-04,1.026855e-02
1380974592,18847622,16571695104,50587831,-6.362814e-02,-2.935982e-02,5.957760e-07,7.235120e-06,1.436518e-04,1.017185e-02
1381236736,18847661,16574840832,50597381,-6.359420e-02,-2.935807e-02,6.493179e-07,7.225724e-06,1.565617e-04,1.015863e-02
1381498880,18847687,16577986560,50607280,-6.360303e-02,-2.932876e-02,6.351671e-07,7.068986e-06,1.531497e-04,9.938277e-03
1381761024,18847696,16581132288,50616904,-6.360245e-02,-2.933428e-02,6.360818e-07,7.098393e-06,1.533703e-04,9.979622e-03
1382023168,18848111,16584278016,50626483,-6.364521e-02,-2.934548e-02,5.697170e-07,7.158179e-06,1.373686e-04,1.006367e-02
1382285312,18848396,16587423744,50636156,-6.366337e-02,-2.936001e-02,5.426259e-07,7.236153e-06,1.308364e-04,1.017330e-02
1382547456,18848571,16590569472,50645809,-6.364302e-02,-2.934988e-02,5.730172e-07,7.181781e-06,1.381643e-04,1.009685e-02
1382809600,18848580,16593715200,50655321,-6.364247e-02,-2.936137e-02,5.738522e-07,7.243450e-06,1.383656e-04,1.018356e-02
1383071744,18848737,16596860928,50665102,-6.361764e-02,-2.937211e-02,6.120920e-07,7.301386e-06,1.475859e-04,1.026501e-02
1383333888,18849020,16600006656,50674901,-6.360884e-02,-2.935841e-02,6.259377e-07,7.227537e-06,1.509244e-04,1.016118e-02
1383596032,18849393,16603152384,50684463,-6.359640e-02,-2.935735e-02,6.457806e-07,7.221850e-06,1.557088e-04,1.015319e-02
1383858176,18849719,16606298112,50693848,-6.361698e-02,-2.935127e-02,6.131301e-07,7.189200e-06,1.478362e-04,1.010729e-02
1384120320,18849875,16609443840,50703331,-6.363014e-02,-2.935260e-02,5.926860e-07,7.196324e-06,1.429068e-04,1.011730e-02
1384382464,18850098,16612589568,50712881,-6.362898e-02,-2.932793e-02,5.944770e-07,7.064609e-06,1.433386e-04,9.932123e-03
1384644608,18850117,16615735296,50722535,-6.362767e-02,-2.934419e-02,5.965008e-07,7.151284e-06,1.438266e-04,1.005398e-02
1384906752,18850487,16618881024,50731938,-6.361224e-02,-2.935241e-02,6.205734e-07,7.195315e-06,1.496309e-04,1.011588e-02
1385168896,18850564,16622026752,50741575,-6.359039e-02,-2.932828e-02,6.554682e-07,7.066480e-06,1.580447e-04,9.934753e-03
1385431040,18850825,16625172480,50751285,-6.363481e-02,-2.933480e-02,5.855150e-07,7.101153e-06,1.411777e-04,9.983501e-03
1385693184,18851289,16628318208,50760770,-6.362367e-02,-2.931424e-02,6.026970e-07,6.991990e-06,1.453206e-04,9.830029e-03
1385955328,18851423,16631463936,50770159,-6.364760e-02,-2.931669e-02,5.661123e-07,7.004989e-06,1.364994e-04,9.848303e-03
1386217472,18851632,16634609664,50779773,-6.364360e-02,-2.931234e-02,5.721490e-07,6.981966e-06,1.379550e-04,9.815935e-03
1386479616,18852237,16637755392,50789400,-6.362586e-02,-2.932403e-02,5.992891e-07,7.043900e-06,1.444989e-04,9.903008e-03
1386741760,18852247,16640901120,50798922,-6.363177e-02,-2.931990e-02,5.901763e-07,7.021997e-06,1.423017e-04,9.872217e-03
1387003904,18852261,16644046848,50808632,-6.366321e-02,-2.932428e-02,5.428674e-07,7.045185e-06,1.308947e-04,9.904816e-03
1387266048,18852267,16647192576,50818196,-6.364425e-02,-2.934041e-02,5.711575e-07,7.131085e-06,1.377159e-04,1.002558e-02
1387528192,18852451,16650338304,50827995,-6.363155e-02,-2.934476e-02,5.905198e-07,7.154353e-06,1.423845e-04,1.005829e-02
1387790336,18852705,16653484032,50837616,-6.362342e-02,-2.933725e-02,6.030788e-07,7.114243e-06,1.454127e-04,1.000190e-02
1388052480,18853084,16656629760,50847286,-6.363016e-02,-2.934622e-02,5.926516e-07,7.162157e-06,1.428985e-04,1.006927e-02
1388314624,18854115,16659775488,50856844,-6.364077e-02,-2.933581e-02,5.764288e-07,7.106535e-06,1.389869e-04,9.991067e-03
1388576768,18854119,16662921216,50866215,-6.365906e-02,-2.931128e-02,5.489890e-07,6.976336e-06,1.323707e-04,9.808022e-03
1388838912,18855535,16666066944,50875996,-6.367996e-02,-2.931986e-02,5.184562e-07,7.021741e-06,1.250087e-04,9.871855e-03
1389101056,18855579,16669212672,50885592,-6.367196e-02,-2.931331e-02,5.300436e-07,6.987066e-06,1.278026e-04,9.823105e-03
1389363200,18855927,16672358400,50895223,-6.366128e-02,-2.931252e-02,5.457147e-07,6.982911e-06,1.315812e-04,9.817263e-03
1389625344,18856474,16675504128,50904895,-6.367417e-02,-2.931191e-02,5.268373e-07,6.979672e-06,1.270295e-04,9.812711e-03
1389887488,18856833,16678649856,50914705,-6.366730e-02,-2.931762e-02,5.368457e-07,7.009870e-06,1.294427e-04,9.855166e-03
1390149632,18859973,16681795584,50924217,-6.367502e-02,-2.933143e-02,5.255942e-07,7.083226e-06,1.267298e-04,9.958297e-03
1390411776,18860552,16684941312,50933657,-6.367615e-02,-2.932828e-02,5.239642e-07,7.066471e-06,1.263368e-04,9.934740e-03
1390673920,18862778,16688087040,50943143,-6.370302e-02,-2.933922e-02,4.857804e-07,7.124730e-06,1.171300e-04,1.001665e-02
1390936064,18869944,16691232768,50952629,-6.370235e-02,-2.934418e-02,4.867155e-07,7.151224e-06,1.173555e-04,1.005390e-02
1391198208,18872922,16694378496,50962067,-6.370145e-02,-2.935657e-02,4.879743e-07,7.217675e-06,1.176590e-04,1.014732e-02
1391460352,18876089,16697524224,50971655,-6.372854e-02,-2.936349e-02,4.508602e-07,7.254894e-06,1.087102e-04,1.019964e-02
1391722496,18878362,16700669952,50981524,-6.371563e-02,-2.936810e-02,4.683665e-07,7.279739e-06,1.129312e-04,1.023457e-02
1391984640,18886563,16703815680,50991066,-6.368411e-02,-2.933063e-02,5.124971e-07,7.078963e-06,1.235719e-04,9.952304e-03
1392246784,18935906,16706961408,51000695,-6.369863e-02,-2.932049e-02,4.919169e-07,7.025107e-06,1.186096e-04,9.876587e-03
1392508928,18949377,16710107136,51010166,-6.368653e-02,-2.931907e-02,5.090360e-07,7.017566e-06,1.227374e-04,9.865986e-03
1392771072,19093691,16713252864,51019862,-6.368288e-02,-2.929838e-02,5.142588e-07,6.908394e-06,1.239966e-04,9.712500e-03
1393033216,19093847,16716398592,51029649,-6.367131e-02,-2.928307e-02,5.309878e-07,6.828113e-06,1.280303e-04,9.599634e-03
1393295360,19094691,16719544320,51039043,-6.367712e-02,-2.928085e-02,5.225629e-07,6.816563e-06,1.259989e-04,9.583395e-03
1393557504,19095526,16722690048,51048731,-6.366050e-02,-2.927241e-02,5.468601e-07,6.772516e-06,1.318574e-04,9.521471e-03
1393819648,19095782,16725835776,51058266,-6.364123e-02,-2.928632e-02,5.757389e-07,6.845139e-06,1.388205e-04,9.623570e-03
1394081792,19095944,16728981504,51067972,-6.365412e-02,-2.927396e-02,5.563446e-07,6.780633e-06,1.341443e-04,9.532883e-03
1394343936,19097132,16732127232,51077433,-6.365817e-02,-2.928415e-02,5.503147e-07,6.833760e-06,1.326903e-04,9.607573e-03
1394606080,19097257,16735272960,51087086,-6.365871e-02,-2.928402e-02,5.495080e-07,6.833117e-06,1.324958e-04,9.606669e-03
1394868224,19097648,16738418688,51096763,-6.366060e-02,-2.928556e-02,5.467169e-07,6.841163e-06,1.318229e-04,9.617982e-03
1395130368,19097742,16741564416,51106339,-6.364399e-02,-2.929121e-02,5.715518e-07,6.870719e-06,1.378110e-04,9.659533e-03
1395392512,19097785,16744710144,51115812,-6.365164e-02,-2.930782e-02,5.600518e-07,6.958076e-06,1.350381e-04,9.782349e-03
1395654656,19098035,16747855872,51125552,-6.365862e-02,-2.929170e-02,5.496406e-07,6.873306e-06,1.325278e-04,9.663172e-03
1395916800,19098095,16751001600,51135471,-6.366942e-02,-2.926160e-02,5.337495e-07,6.716375e-06,1.286962e-04,9.442541e-03
1396178944,19098810,16754147328,51144859,-6.363582e-02,-2.926058e-02,5.839767e-07,6.711095e-06,1.408068e-04,9.435118e-03
1396441088,19098893,16757293056,51154567,-6.365348e-02,-2.925098e-02,5.573008e-07,6.661476e-06,1.343748e-04,9.365359e-03
1396703232,19099062,16760438784,51164192,-6.365848e-02,-2.926049e-02,5.498505e-07,6.710660e-06,1.325784e-04,9.434507e-03
1396965376,19099160,16763584512,51173987,-6.365855e-02,-2.926612e-02,5.497511e-07,6.739817e-06,1.325545e-04,9.475498e-03
1397227520,19099303,16766730240,51183704,-6.366079e-02,-2.925524e-02,5.464415e-07,6.683455e-06,1.317564e-04,9.396260e-03
1397489664,19099366,16769875968,51193202,-6.367187e-02,-2.929819e-02,5.301738e-07,6.907365e-06,1.278340e-04,9.711055e-03
1397751808,19099661,16773021696,51202970,-6.367312e-02,-2.933314e-02,5.283634e-07,7.092311e-06,1.273975e-04,9.971070e-03
1398013952,19100598,16776167424,51212602,-6.365864e-02,-2.932421e-02,5.496184e-07,7.044820e-06,1.325225e-04,9.904301e-03
1398276096,19100718,16779313152,51222257,-6.364959e-02,-2.929698e-02,5.631227e-07,6.901003e-06,1.357786e-04,9.702111e-03
1398538240,19100884,16782458880,51232115,-6.363562e-02,-2.930233e-02,5.842842e-07,6.929147e-06,1.408810e-04,9.741679e-03
1398800384,19100907,16785604608,51241589,-6.363589e-02,-2.930931e-02,5.838629e-07,6.965960e-06,1.407794e-04,9.793432e-03
1399062528,19101449,16788750336,51251079,-6.363437e-02,-2.931299e-02,5.861993e-07,6.985392e-06,1.413428e-04,9.820753e-03
1399324672,19101463,16791896064,51260662,-6.361645e-02,-2.932259e-02,6.139471e-07,7.036220e-06,1.480332e-04,9.892211e-03
1399586816,19101651,16795041792,51270276,-6.361619e-02,-2.932111e-02,6.143558e-07,7.028366e-06,1.481318e-04,9.881170e-03
1399848960,19101881,16798187520,51279671,-6.361919e-02,-2.931830e-02,6.096695e-07,7.013491e-06,1.470018e-04,9.860256e-03
1400111104,19101947,16801333248,51289276,-6.360566e-02,-2.931165e-02,6.309818e-07,6.978324e-06,1.521406e-04,9.810816e-03
1400373248,19103020,16804478976,51298928,-6.358736e-02,-2.932368e-02,6.603875e-07,7.042031e-06,1.592308e-04,9.900382e-03
1400635392,19103299,16807624704,51308551,-6.363152e-02,-2.931213e-02,5.905657e-07,6.980834e-06,1.423956e-04,9.814344e-03
1400897536,19103531,16810770432,51317917,-6.361024e-02,-2.933242e-02,6.237233e-07,7.088492e-06,1.503904e-04,9.965700e-03
1401159680,19103545,16813916160,51327387,-6.363961e-02,-2.932321e-02,5.781950e-07,7.039501e-06,1.394128e-04,9.896824e-03
1401421824,19103984,16817061888,51337178,-6.362467e-02,-2.934414e-02,6.011363e-07,7.151005e-06,1.449443e-04,1.005359e-02
1401683968,19104178,16820207616,51347158,-6.360658e-02,-2.934741e-02,6.295268e-07,7.168549e-06,1.517897e-04,1.007825e-02
1401946112,19104772,16823353344,51356828,-6.364243e-02,-2.934561e-02,5.739087e-07,7.158887e-06,1.383793e-04,1.006467e-02
1402208256,19104953,16826499072,51366519,-6.366397e-02,-2.934196e-02,5.417372e-07,7.139354e-06,1.306222e-04,1.003721e-02
1402470400,19105107,16829644800,51376145,-6.366450e-02,-2.934590e-02,5.409697e-07,7.160422e-06,1.304371e-04,1.006683e-02
1402732544,19105730,16832790528,51385787,-6.369516e-02,-2.936100e-02,4.968097e-07,7.241485e-06,1.197894e-04,1.018079e-02
1402994688,19105895,16835936256,51395400,-6.370945e-02,-2.937984e-02,4.768690e-07,7.343230e-06,1.149813e-04,1.032384e-02
1403256832,19105900,16839081984,51404885,-6.370147e-02,-2.938437e-02,4.879430e-07,7.367802e-06,1.176515e-04,1.035838e-02
1403518976,19106861,16842227712,51414505,-6.369518e-02,-2.937751e-02,4.967782e-07,7.330617e-06,1.197818e-04,1.030610e-02
1403781120,19107117,16845373440,51424250,-6.368387e-02,-2.940471e-02,5.128385e-07,7.478657e-06,1.236542e-04,1.051423e-02
1404043264,19107218,16848519168,51434007,-6.367267e-02,-2.939670e-02,5.290135e-07,7.434914e-06,1.275543e-04,1.045274e-02
1404305408,19107410,16851664896,51443734,-6.365741e-02,-2.938427e-02,5.514428e-07,7.367255e-06,1.329623e-04,1.035761e-02
1404567552,19108177,16854810624,51453434,-6.366058e-02,-2.939273e-02,5.467500e-07,7.413284e-06,1.318308e-04,1.042232e-02
1404829696,19108670,16857956352,51463014,-6.361319e-02,-2.940085e-02,6.190717e-07,7.457532e-06,1.492689e-04,1.048453e-02
1405091840,19109964,16861102080,51472454,-6.362911e-02,-2.940463e-02,5.942702e-07,7.478229e-06,1.432888e-04,1.051363e-02
1405353984,19109971,16864247808,51482095,-6.360459e-02,-2.942011e-02,6.326756e-07,7.563094e-06,1.525490e-04,1.063294e-02
1405616128,19110088,16867393536,51491588,-6.362680e-02,-2.942719e-02,5.978366e-07,7.602085e-06,1.441487e-04,1.068776e-02
1405878272,19110424,16870539264,51501240,-6.360578e-02,-2.943495e-02,6.307924e-07,7.644967e-06,1.520949e-04,1.074805e-02
1406140416,19112083,16873684992,51510857,-6.361860e-02,-2.946082e-02,6.105891e-07,7.788654e-06,1.472236e-04,1.095006e-02
1406402560,19112192,16876830720,51520608,-6.361598e-02,-2.946621e-02,6.146946e-07,7.818771e-06,1.482134e-04,1.099240e-02
1406664704,19117052,16879976448,51530174,-6.363416e-02,-2.948806e-02,5.865074e-07,7.941458e-06,1.414170e-04,1.116488e-02
1406926848,19118097,16883122176,51539687,-6.364608e-02,-2.945964e-02,5.684018e-07,7.782075e-06,1.370515e-04,1.094081e-02
1407188992,19118222,16886267904,51549282,-6.367804e-02,-2.944100e-02,5.212281e-07,7.678448e-06,1.256771e-04,1.079512e-02
1407451136,19118530,16889413632,51559076,-6.368653e-02,-2.939294e-02,5.090466e-07,7.414420e-06,1.227399e-04,1.042392e-02
1407713280,19126190,16892559360,51568600,-6.370965e-02,-2.940465e-02,4.765810e-07,7.478300e-06,1.149119e-04,1.051373e-02
1407975424,19128462,16895705088,51578382,-6.371541e-02,-2.942568e-02,4.686725e-07,7.593799e-06,1.130050e-04,1.067611e-02
1408237568,19154329,16898850816,51588152,-6.371804e-02,-2.943908e-02,4.650784e-07,7.667809e-06,1.121384e-04,1.078016e-02
1408499712,19160376,16901996544,51597763,-6.371858e-02,-2.941947e-02,4.643368e-07,7.559591e-06,1.119596e-04,1.062802e-02
1408761856,19170572,16905142272,51607528,-6.370208e-02,-2.941542e-02,4.870899e-07,7.537340e-06,1.174458e-04,1.059674e-02
1409024000,19262691,16908288000,51616958,-6.368136e-02,-2.944082e-02,5.164410e-07,7.677427e-06,1.245228e-04,1.079368e-02
1409286144,19266219,16911433728,51626487,-6.366296e-02,-2.944319e-02,5.432298e-07,7.690562e-06,1.309821e-04,1.081215e-02
1409548288,19287874,16914579456,51635785,-6.365660e-02,-2.942792e-02,5.526496e-07,7.606122e-06,1.332533e-04,1.069344e-02
1409810432,19290024,16917725184,51645600,-6.367806e-02,-2.940607e-02,5.212066e-07,7.486105e-06,1.256719e-04,1.052471e-02
1410072576,19291622,16920870912,51655195,-6.367218e-02,-2.941050e-02,5.297290e-07,7.510323e-06,1.277268e-04,1.055875e-02
1410334720,19291688,16924016640,51664766,-6.367926e-02,-2.939546e-02,5.194760e-07,7.428151e-06,1.252546e-04,1.044323e-02
1410596864,19291727,16927162368,51674556,-6.369332e-02,-2.938264e-02,4.993968e-07,7.358421e-06,1.204132e-04,1.034519e-02
1410859008,19293349,16930308096,51684283,-6.370120e-02,-2.939779e-02,4.883178e-07,7.440817e-06,1.177418e-04,1.046103e-02
1411121152,19293579,16933453824,51693874,-6.369462e-02,-2.938638e-02,4.975662e-07,7.378706e-06,1.199718e-04,1.037371e-02
1411383296,19294958,16936599552,51703627,-6.367697e-02,-2.938956e-02,5.227784e-07,7.396010e-06,1.260509e-04,1.039804e-02
1411645440,19295550,16939745280,51713152,-6.369956e-02,-2.940861e-02,4.906218e-07,7.499974e-06,1.182974e-04,1.054420e-02
1411907584,19295704,16942891008,51722805,-6.371741e-02,-2.941321e-02,4.659324e-07,7.525215e-06,1.123443e-04,1.057969e-02
1412169728,19295962,16946036736,51732411,-6.371336e-02,-2.938890e-02,4.714821e-07,7.392424e-06,1.136825e-04,1.039300e-02
1412431872,19296329,16949182464,51741603,-6.370046e-02,-2.937831e-02,4.893596e-07,7.334924e-06,1.179930e-04,1.031216e-02
1412694016,19296504,16952328192,51751376,-6.368192e-02,-2.939985e-02,5.156489e-07,7.452060e-06,1.243318e-04,1.047684e-02
1412956160,19296608,16955473920,51761038,-6.366988e-02,-2.939790e-02,5.330747e-07,7.441467e-06,1.285335e-04,1.046195e-02
1413218304,19296923,16958619648,51770736,-6.367119e-02,-2.941767e-02,5.311725e-07,7.549679e-06,1.280748e-04,1.061408e-02
1413480448,19297025,16961765376,51780233,-6.364744e-02,-2.942943e-02,5.663478e-07,7.614437e-06,1.365562e-04,1.070512e-02
1413742592,19297236,16964911104,51789941,-6.367023e-02,-2.940806e-02,5.325743e-07,7.496975e-06,1.284128e-04,1.053999e-02
1414004736,19297372,16968056832,51799488,-6.367511e-02,-2.940267e-02,5.254753e-07,7.467485e-06,1.267012e-04,1.049853e-02
1414266880,19297559,16971202560,51808873,-6.366182e-02,-2.940431e-02,5.449115e-07,7.476477e-06,1.313875e-04,1.051117e-02
1414529024,19297967,16974348288,51818242,-6.366689e-02,-2.939121e-02,5.374573e-07,7.405009e-06,1.295902e-04,1.041069e-02
1414791168,19298026,16977494016,51827791,-6.365426e-02,-2.938627e-02,5.561334e-07,7.378119e-06,1.340933e-04,1.037289e-02
1415053312,19298068,16980639744,51837381,-6.365503e-02,-2.940934e-02,5.549783e-07,7.503984e-06,1.338148e-04,1.054984e-02
1415315456,19298132,16983785472,51846957,-6.365985e-02,-2.943258e-02,5.478192e-07,7.631839e-06,1.320887e-04,1.072959e-02
1415577600,19298476,16986931200,51856378,-6.370134e-02,-2.944869e-02,4.881304e-07,7.721141e-06,1.176966e-04,1.085514e-02
1415839744,19298753,16990076928,51865921,-6.368817e-02,-2.944263e-02,5.067104e-07,7.687473e-06,1.221766e-04,1.080781e-02
1416101888,19298840,16993222656,51875417,-6.368113e-02,-2.944116e-02,5.167838e-07,7.679347e-06,1.246055e-04,1.079638e-02
1416364032,19299048,16996368384,51885062,-6.367971e-02,-2.944385e-02,5.188210e-07,7.694220e-06,1.250967e-04,1.081729e-02
1416626176,19299264,16999514112,51894853,-6.368545e-02,-2.944638e-02,5.105787e-07,7.708279e-06,1.231093e-04,1.083706e-02
1416888320,19299325,17002659840,51904478,-6.365639e-02,-2.942394e-02,5.529598e-07,7.584172e-06,1.333281e-04,1.066258e-02
1417150464,19299741,17005805568,51914112,-6.366693e-02,-2.942095e-02,5.373917e-07,7.567725e-06,1.295744e-04,1.063945e-02
1417412608,19299760,17008951296,51923653,-6.365857e-02,-2.938526e-02,5.497179e-07,7.372656e-06,1.325465e-04,1.036521e-02
1417674752,19300062,17012097024,51933267,-6.362692e-02,-2.939848e-02,5.976638e-07,7.444628e-06,1.441070e-04,1.046639e-02
1417936896,19300150,17015242752,51942822,-6.364358e-02,-2.938808e-02,5.721715e-07,7.387958e-06,1.379604e-04,1.038672e-02
1418199040,19300475,17018388480,51952356,-6.362166e-02,-2.940374e-02,6.058128e-07,7.473340e-06,1.460719e-04,1.050676e-02
1418461184,19300870,17021534208,51961953,-6.363091e-02,-2.940665e-02,5.915050e-07,7.489276e-06,1.426220e-04,1.052916e-02
1418723328,19300900,17024679936,51971366,-6.362765e-02,-2.939726e-02,5.965238e-07,7.437941e-06,1.438322e-04,1.045699e-02
1418985472,19301020,17027825664,51980762,-6.364363e-02,-2.944950e-02,5.720926e-07,7.725634e-06,1.379414e-04,1.086146e-02
1419247616,19301176,17030971392,51990277,-6.365048e-02,-2.944981e-02,5.617817e-07,7.727332e-06,1.354552e-04,1.086385e-02
1419509760,19301691,17034117120,52000062,-6.366249e-02,-2.943416e-02,5.439219e-07,7.640610e-06,1.311489e-04,1.074192e-02
1419771904,19301895,17037262848,52009489,-6.364875e-02,-2.939963e-02,5.643758e-07,7.450891e-06,1.360807e-04,1.047520e-02
1420034048,19302476,17040408576,52019025,-6.365736e-02,-2.941742e-02,5.515202e-07,7.548298e-06,1.329810e-04,1.061214e-02
1420296192,19302498,17043554304,52028663,-6.364125e-02,-2.941654e-02,5.757049e-07,7.543467e-06,1.388124e-04,1.060535e-02
1420558336,19302640,17046700032,52038150,-6.364559e-02,-2.943611e-02,5.691435e-07,7.651344e-06,1.372303e-04,1.075701e-02
1420820480,19302706,17049845760,52047752,-6.363514e-02,-2.940963e-02,5.850134e-07,7.505586e-06,1.410568e-04,1.055209e-02
1421082624,19302769,17052991488,52057541,-6.362478e-02,-2.940740e-02,6.009745e-07,7.493375e-06,1.449053e-04,1.053492e-02
1421344768,19303147,17056137216,52067145,-6.362074e-02,-2.939871e-02,6.072519e-07,7.445879e-06,1.464189e-04,1.046815e-02
1421606912,19303607,17059282944,52076781,-6.366404e-02,-2.939555e-02,5.416384e-07,7.428648e-06,1.305984e-04,1.044392e-02
1421869056,19304451,17062428672,52086326,-6.362792e-02,-2.937718e-02,5.961095e-07,7.328812e-06,1.437323e-04,1.030357e-02
1422131200,19304503,17065574400,52095715,-6.360997e-02,-2.938735e-02,6.241470e-07,7.384010e-06,1.504926e-04,1.038117e-02
1422393344,19305811,17068720128,52105561,-6.363175e-02,-2.939003e-02,5.902107e-07,7.398543e-06,1.423100e-04,1.040160e-02
1422655488,19305972,17071865856,52115117,-6.361886e-02,-2.939023e-02,6.101816e-07,7.399678e-06,1.471253e-04,1.040320e-02
1422917632,19306193,17075011584,52124496,-6.361111e-02,-2.939966e-02,6.223472e-07,7.451064e-06,1.500586e-04,1.047544e-02
1423179776,19307010,17078157312,52134127,-6.359717e-02,-2.938239e-02,6.445358e-07,7.357046e-06,1.554087e-04,1.034326e-02
1423441920,19307173,17081303040,52143726,-6.362779e-02,-2.938531e-02,5.963167e-07,7.372909e-06,1.437822e-04,1.036556e-02
1423704064,19310440,17084448768,52153209,-6.361432e-02,-2.939286e-02,6.172909e-07,7.413963e-06,1.488395e-04,1.042328e-02
1423966208,19310979,17087594496,52162722,-6.359612e-02,-2.940638e-02,6.462237e-07,7.487788e-06,1.558157e-04,1.052707e-02
1424228352,19313721,17090740224,52172547,-6.359385e-02,-2.940564e-02,6.498824e-07,7.483741e-06,1.566978e-04,1.052138e-02
1424490496,19319792,17093885952,52182044,-6.356860e-02,-2.941180e-02,6.912307e-07,7.517481e-06,1.666676e-04,1.056882e-02
1424752640,19323288,17097031680,52191820,-6.356107e-02,-2.942815e-02,7.038126e-07,7.607376e-06,1.697013e-04,1.069520e-02
1425014784,19327256,17100177408,52201159,-6.353749e-02,-2.940455e-02,7.439218e-07,7.477791e-06,1.793724e-04,1.051302e-02
1425276928,19327888,17103323136,52210844,-6.351241e-02,-2.940206e-02,7.878119e-07,7.464177e-06,1.899550e-04,1.049388e-02
1425539072,19337739,17106468864,52220411,-6.351905e-02,-2.938729e-02,7.760846e-07,7.383675e-06,1.871274e-04,1.038070e-02
1425801216,19386198,17109614592,52230105,-6.352965e-02,-2.938510e-02,7.575169e-07,7.371786e-06,1.826504e-04,1.036398e-02
1426063360,19399893,17112760320,52239625,-6.353263e-02,-2.939544e-02,7.523381e-07,7.428019e-06,1.814017e-04,1.044304e-02
1426325504,19548657,17115906048,52249274,-6.354421e-02,-2.940236e-02,7.323741e-07,7.465795e-06,1.765880e-04,1.049615e-02
1426587648,19549075,17119051776,52258817,-6.353877e-02,-2.941727e-02,7.417128e-07,7.547489e-06,1.788397e-04,1.061100e-02
1426849792,19549730,17122197504,52268466,-6.352599e-02,-2.941699e-02,7.638982e-07,7.545954e-06,1.841890e-04,1.060885e-02
1427111936,19550481,17125343232,52277965,-6.352783e-02,-2.941772e-02,7.606847e-07,7.549956e-06,1.834142e-04,1.061447e-02
1427374080,19550644,17128488960,52287470,-6.354693e-02,-2.944173e-02,7.277270e-07,7.682464e-06,1.754675e-04,1.080077e-02
1427636224,19551137,17131634688,52297139,-6.355653e-02,-2.943568e-02,7.114463e-07,7.648984e-06,1.715419e-04,1.075370e-02
1427898368,19552155,17134780416,52306617,-6.356081e-02,-2.944230e-02,7.042502e-07,7.685624e-06,1.698069e-04,1.080521e-02
1428160512,19552702,17137926144,52316193,-6.356019e-02,-2.945751e-02,7.052885e-07,7.770233e-06,1.700572e-04,1.092416e-02
1428422656,19552855,17141071872,52325693,-6.354738e-02,-2.942017e-02,7.269645e-07,7.563422e-06,1.752837e-04,1.063340e-02
1428684800,19552873,17144217600,52335510,-6.354550e-02,-2.943318e-02,7.301824e-07,7.635153e-06,1.760595e-04,1.073425e-02
1428946944,19552893,17147363328,52345225,-6.353928e-02,-2.940887e-02,7.408404e-07,7.501402e-06,1.786294e-04,1.054621e-02
1429209088,19553124,17150509056,52355270,-6.350572e-02,-2.941847e-02,7.997336e-07,7.554092e-06,1.928296e-04,1.062029e-02
1429471232,19553149,17153654784,52364846,-6.350695e-02,-2.943058e-02,7.975497e-07,7.620780e-06,1.923030e-04,1.071404e-02
1429733376,19554076,17156800512,52374471,-6.354508e-02,-2.945344e-02,7.308956e-07,7.747539e-06,1.762315e-04,1.089225e-02
1429995520,19554078,17159946240,52384172,-6.354026e-02,-2.943979e-02,7.391484e-07,7.671761e-06,1.782214e-04,1.078572e-02
1430257664,19554159,17163091968,52393768,-6.351984e-02,-2.943270e-02,7.746938e-07,7.632499e-06,1.867920e-04,1.073052e-02
1430519808,19554236,17166237696,52403321,-6.353010e-02,-2.943855e-02,7.567260e-07,7.664869e-06,1.824597e-04,1.077603e-02
1430781952,19554449,17169383424,52412911,-6.352480e-02,-2.942059e-02,7.659834e-07,7.565768e-06,1.846918e-04,1.063670e-02
1431044096,19554554,17172529152,52422527,-6.351200e-02,-2.941465e-02,7.885527e-07,7.533116e-06,1.901337e-04,1.059080e-02
1431306240,19554796,17175674880,52432162,-6.350683e-02,-2.942752e-02,7.977627e-07,7.603903e-06,1.923543e-04,1.069032e-02
1431568384,19555634,17178820608,52441931,-6.348638e-02,-2.939937e-02,8.347015e-07,7.449447e-06,2.012609e-04,1.047317e-02
1431830528,19555761,17181966336,52451582,-6.346916e-02,-2.940258e-02,8.664738e-07,7.466976e-06,2.089217e-04,1.049781e-02
1432092672,19555847,17185112064,52461084,-6.347764e-02,-2.941924e-02,8.507471e-07,7.558341e-06,2.051298e-04,1.062626e-02
1432354816,19556295,17188257792,52470516,-6.347006e-02,-2.941326e-02,8.647962e-07,7.525501e-06,2.085173e-04,1.058009e-02
1432616960,19556691,17191403520,52480082,-6.345715e-02,-2.945179e-02,8.889635e-07,7.738375e-06,2.143444e-04,1.087937e-02
1432879104,19556880,17194549248,52489633,-6.348959e-02,-2.945248e-02,8.288442e-07,7.742189e-06,1.998486e-04,1.088473e-02
1433141248,19556889,17197694976,52499104,-6.351024e-02,-2.942073e-02,7.916786e-07,7.566516e-06,1.908874e-04,1.063775e-02
1433403392,19556971,17200840704,52508491,-6.353489e-02,-2.944046e-02,7.484269e-07,7.675424e-06,1.804586e-04,1.079087e-02
1433665536,19556999,17203986432,52518091,-6.357617e-02,-2.946214e-02,6.787009e-07,7.796049e-06,1.636465e-04,1.096045e-02
1433927680,19558210,17207132160,52527735,-6.360681e-02,-2.945250e-02,6.291485e-07,7.742334e-06,1.516985e-04,1.088494e-02
1434189824,19558376,17210277888,52537584,-6.362715e-02,-2.945938e-02,5.972951e-07,7.780631e-06,1.440182e-04,1.093878e-02
1434451968,19558686,17213423616,52547163,-6.361643e-02,-2.945346e-02,6.139821e-07,7.747642e-06,1.480417e-04,1.089240e-02
1434714112,19558981,17216569344,52556656,-6.363359e-02,-2.945984e-02,5.873865e-07,7.783187e-06,1.416290e-04,1.094237e-02
1434976256,19559156,17219715072,52566223,-6.363385e-02,-2.944559e-02,5.869868e-07,7.703905e-06,1.415326e-04,1.083091e-02
1435238400,19559321,17222860800,52575825,-6.360659e-02,-2.944076e-02,6.295031e-07,7.677138e-06,1.517840e-04,1.079328e-02
1435500544,19559920,17226006528,52585306,-6.362671e-02,-2.946953e-02,5.979863e-07,7.837366e-06,1.441848e-04,1.101854e-02
1435762688,19559970,17229152256,52595043,-6.365173e-02,-2.947562e-02,5.599180e-07,7.871527e-06,1.350059e-04,1.106657e-02
1436024832,19560303,17232297984,52604652,-6.362930e-02,-2.948588e-02,5.939830e-07,7.929190e-06,1.432195e-04,1.114764e-02
1436286976,19560693,17235443712,52614199,-6.363114e-02,-2.947125e-02,5.911498e-07,7.846985e-06,1.425364e-04,1.103206e-02
1436549120,19560890,17238589440,52623857,-6.364392e-02,-2.947218e-02,5.716644e-07,7.852234e-06,1.378381e-04,1.103945e-02
1436811264,19561249,17241735168,52633291,-6.366131e-02,-2.947392e-02,5.456597e-07,7.861956e-06,1.315680e-04,1.105311e-02
1437073408,19561963,17244880896,52643194,-6.365935e-02,-2.947845e-02,5.485695e-07,7.887390e-06,1.322696e-04,1.108887e-02
1437335552,19562114,17248026624,52652974,-6.361043e-02,-2.948027e-02,6.234173e-07,7.897615e-06,1.503167e-04,1.110325e-02
1437597696,19562324,17251172352,52662593,-6.359141e-02,-2.946510e-02,6.538285e-07,7.812564e-06,1.576493e-04,1.098367e-02
1437859840,19562501,17254318080,52672207,-6.357655e-02,-2.945321e-02,6.780750e-07,7.746284e-06,1.634955e-04,1.089049e-02
1438121984,19563587,17257463808,52681852,-6.358117e-02,-2.944728e-02,6.704886e-07,7.713296e-06,1.616664e-04,1.084411e-02
1438384128,19563851,17260609536,52691314,-6.358515e-02,-2.943549e-02,6.639767e-07,7.647923e-06,1.600962e-04,1.075220e-02
1438646272,19564882,17263755264,52701029,-6.358176e-02,-2.941323e-02,6.695251e-07,7.525296e-06,1.614340e-04,1.057980e-02
1438908416,19565230,17266900992,52710627,-6.358934e-02,-2.940742e-02,6.571703e-07,7.493497e-06,1.584551e-04,1.053510e-02
1439170560,19565674,17270046720,52720201,-6.357384e-02,-2.940626e-02,6.825364e-07,7.487094e-06,1.645713e-04,1.052610e-02
1439432704,19566442,17273192448,52729742,-6.357546e-02,-2.942341e-02,6.798676e-07,7.581280e-06,1.639278e-04,1.065851e-02
1439694848,19567056,17276338176,52739253,-6.356350e-02,-2.941193e-02,6.997431e-07,7.518176e-06,1.687201e-04,1.056979e-02
1439956992,19567561,17279483904,52749050,-6.355888e-02,-2.942334e-02,7.074802e-07,7.580879e-06,1.705857e-04,1.065795e-02
1440219136,19572329,17282629632,52758678,-6.356826e-02,-2.943795e-02,6.917883e-07,7.661570e-06,1.668021e-04,1.077139e-02
1440481280,19573309,17285775360,52768257,-6.358137e-02,-2.942651e-02,6.701592e-07,7.598347e-06,1.615869e-04,1.068251e-02
1440743424,19573633,17288921088,52777751,-6.354465e-02,-2.942740e-02,7.316347e-07,7.603236e-06,1.764097e-04,1.068938e-02
1441005568,19573739,17292066816,52787310,-6.355017e-02,-2.940271e-02,7.222205e-07,7.467729e-06,1.741398e-04,1.049887e-02
1441267712,19581668,17295212544,52796898,-6.356297e-02,-2.940108e-02,7.006284e-07,7.458784e-06,1.689336e-04,1.048629e-02
1441529856,19583517,17298358272,52806490,-6.353969e-02,-2.938595e-02,7.401352e-07,7.376389e-06,1.784593e-04,1.037045e-02
1441792000,19609311,17301504000,52815993,-6.352454e-02,-2.937873e-02,7.664400e-07,7.337215e-06,1.848019e-04,1.031538e-02
1442054144,19615468,17304649728,52825607,-6.354492e-02,-2.939336e-02,7.311631e-07,7.416702e-06,1.762960e-04,1.042713e-02
1442316288,19626152,17307795456,52835166,-6.354005e-02,-2.940305e-02,7.395200e-07,7.469582e-06,1.783110e-04,1.050147e-02
1442578432,19721665,17310941184,52844893,-6.352225e-02,-2.939393e-02,7.704501e-07,7.419807e-06,1.857688e-04,1.043150e-02
1442840576,19725249,17314086912,52854484,-6.350734e-02,-2.940769e-02,7.968446e-07,7.494976e-06,1.921329e-04,1.053718e-02
1443102720,19738117,17317232640,52864179,-6.352107e-02,-2.943415e-02,7.725181e-07,7.640528e-06,1.862674e-04,1.074181e-02
1443364864,19740324,17320378368,52873802,-6.354444e-02,-2.944247e-02,7.319788e-07,7.686615e-06,1.764927e-04,1.080660e-02
1443627008,19741952,17323524096,52883320,-6.355157e-02,-2.940903e-02,7.198291e-07,7.502290e-06,1.735632e-04,1.054746e-02
1443889152,19742123,17326669824,52892795,-6.354212e-02,-2.943595e-02,7.359619e-07,7.650499e-06,1.774531e-04,1.075582e-02
1444151296,19742132,17329815552,52902251,-6.353540e-02,-2.942439e-02,7.475377e-07,7.586686e-06,1.802442e-04,1.066611e-02
1444413440,19743788,17332961280,52911829,-6.355081e-02,-2.942275e-02,7.211192e-07,7.577649e-06,1.738743e-04,1.065341e-02
1444675584,19744067,17336107008,52921346,-6.355087e-02,-2.943700e-02,7.210306e-07,7.656312e-06,1.738529e-04,1.076400e-02
1444937728,19745352,17339252736,52930859,-6.356083e-02,-2.946894e-02,7.042127e-07,7.834092e-06,1.697978e-04,1.101394e-02
1445199872,19745896,17342398464,52940512,-6.355958e-02,-2.949274e-02,7.063150e-07,7.967872e-06,1.703047e-04,1.120202e-02
1445462016,19746036,17345544192,52949991,-6.354707e-02,-2.949548e-02,7.274854e-07,7.983316e-06,1.754093e-04,1.122373e-02
1445724160,19746362,17348689920,52959681,-6.357507e-02,-2.948290e-02,6.805067e-07,7.912426e-06,1.640819e-04,1.112407e-02
1445986304,19746786,17351835648,52969454,-6.356817e-02,-2.950379e-02,6.919370e-07,8.030383e-06,1.668379e-04,1.128990e-02
1446248448,19746931,17354981376,52978891,-6.357081e-02,-2.947605e-02,6.875561e-07,7.873931e-06,1.657816e-04,1.106995e-02
1446510592,19747092,17358127104,52988455,-6.356455e-02,-2.946272e-02,6.979866e-07,7.799284e-06,1.682966e-04,1.096500e-02
1446772736,19747395,17361272832,52998027,-6.358896e-02,-2.946295e-02,6.577865e-07,7.800584e-06,1.586037e-04,1.096683e-02
1447034880,19747475,17364418560,53007610,-6.363157e-02,-2.945278e-02,5.904855e-07,7.743879e-06,1.423762e-04,1.088711e-02
1447297024,19747662,17367564288,53017306,-6.366450e-02,-2.943463e-02,5.409697e-07,7.643205e-06,1.304371e-04,1.074557e-02
1447559168,19747907,17370710016,53026774,-6.362271e-02,-2.943064e-02,6.041902e-07,7.621140e-06,1.456806e-04,1.071455e-02
1447821312,19748148,17373855744,53036226,-6.361673e-02,-2.942906e-02,6.135152e-07,7.612432e-06,1.479291e-04,1.070231e-02
1448083456,19748374,17377001472,53045919,-6.361894e-02,-2.944269e-02,6.100536e-07,7.687834e-06,1.470944e-04,1.080832e-02
1448345600,19748424,17380147200,53055594,-6.362230e-02,-2.946254e-02,6.048158e-07,7.798295e-06,1.458315e-04,1.096361e-02
1448607744,19748426,17383292928,53065349,-6.361423e-02,-2.945043e-02,6.174431e-07,7.730811e-06,1.488762e-04,1.086874e-02
1448869888,19748597,17386438656,53074623,-6.360499e-02,-2.943217e-02,6.320476e-07,7.629606e-06,1.523976e-04,1.072645e-02
1449132032,19748998,17389584384,53084269,-6.362450e-02,-2.944053e-02,6.014020e-07,7.675826e-06,1.450084e-04,1.079143e-02
1449394176,19749034,17392730112,53093882,-6.361899e-02,-2.945656e-02,6.099838e-07,7.764907e-06,1.470776e-04,1.091667e-02
1449656320,19749462,17395875840,53103471,-6.365684e-02,-2.945677e-02,5.522841e-07,7.766069e-06,1.331652e-04,1.091830e-02
1449918464,19749487,17399021568,53113195,-6.370199e-02,-2.944580e-02,4.872251e-07,7.705073e-06,1.174784e-04,1.083255e-02
1450180608,19749538,17402167296,53122844,-6.367981e-02,-2.943654e-02,5.186708e-07,7.653755e-06,1.250605e-04,1.076040e-02
1450442752,19749680,17405313024,53132446,-6.367689e-02,-2.944544e-02,5.228861e-07,7.703077e-06,1.260768e-04,1.082975e-02
1450704896,19749824,17408458752,53141976,-6.369164e-02,-2.943193e-02,5.017795e-07,7.628269e-06,1.209877e-04,1.072457e-02
1450967040,19750337,17411604480,53151631,-6.367727e-02,-2.944114e-02,5.223475e-07,7.679212e-06,1.259470e-04,1.079619e-02
1451229184,19750498,17414750208,53161209,-6.368117e-02,-2.941363e-02,5.167195e-07,7.527504e-06,1.245900e-04,1.058291e-02
1451491328,19750628,17417895936,53170951,-6.367943e-02,-2.940384e-02,5.192290e-07,7.473890e-06,1.251950e-04,1.050753e-02
1451753472,19750954,17421041664,53180544,-6.368285e-02,-2.940733e-02,5.143122e-07,7.492967e-06,1.240095e-04,1.053435e-02
1452015616,19750997,17424187392,53190031,-6.366394e-02,-2.939963e-02,5.417920e-07,7.450860e-06,1.306354e-04,1.047515e-02
1452277760,19751165,17427333120,53199752,-6.367025e-02,-2.939680e-02,5.325417e-07,7.435422e-06,1.284050e-04,1.045345e-02
1452539904,19751205,17430478848,53209581,-6.367315e-02,-2.937034e-02,5.283092e-07,7.291816e-06,1.273845e-04,1.025155e-02
1452802048,19751490,17433624576,53219249,-6.365338e-02,-2.936375e-02,5.574454e-07,7.256289e-06,1.344097e-04,1.020161e-02
1453064192,19752272,17436770304,53228993,-6.368309e-02,-2.935874e-02,5.139703e-07,7.229350e-06,1.239271e-04,1.016373e-02
1453326336,19752470,17439916032,53238686,-6.368710e-02,-2.938398e-02,5.082284e-07,7.365678e-06,1.225426e-04,1.035540e-02
1453588480,19752950,17443061760,53248274,-6.367374e-02,-2.935529e-02,5.274539e-07,7.210771e-06,1.271782e-04,1.013761e-02
1453850624,19753001,17446207488,53257855,-6.367926e-02,-2.939068e-02,5.194652e-07,7.402100e-06,1.252520e-04,1.040660e-02
1454112768,19753120,17449353216,53267451,-6.367534e-02,-2.936839e-02,5.251297e-07,7.281287e-06,1.266178e-04,1.023675e-02
1454374912,19753172,17452498944,53276963,-6.368565e-02,-2.937022e-02,5.103020e-07,7.291172e-06,1.230426e-04,1.025065e-02
1454637056,19753213,17455644672,53286710,-6.368639e-02,-2.934897e-02,5.092487e-07,7.176870e-06,1.227886e-04,1.008995e-02
1454899200,19753813,17458790400,53296349,-6.371012e-02,-2.936348e-02,4.759434e-07,7.254814e-06,1.147581e-04,1.019953e-02
1455161344,19754051,17461936128,53305991,-6.372135e-02,-2.937553e-02,4.605672e-07,7.319889e-06,1.110507e-04,1.029102e-02
1455423488,19754835,17465081856,53315515,-6.371121e-02,-2.936728e-02,4.744334e-07,7.275298e-06,1.143941e-04,1.022833e-02
1455685632,19755066,17468227584,53325358,-6.371737e-02,-2.936493e-02,4.659934e-07,7.262653e-06,1.123590e-04,1.021055e-02
1455947776,19756256,17471373312,53335043,-6.374131e-02,-2.939019e-02,4.338737e-07,7.399455e-06,1.046144e-04,1.040288e-02
1456209920,19756475,17474519040,53344911,-6.371493e-02,-2.937337e-02,4.693256e-07,7.308222e-06,1.131625e-04,1.027462e-02
1456472064,19756554,17477664768,53354592,-6.369861e-02,-2.937512e-02,4.919482e-07,7.317702e-06,1.186172e-04,1.028795e-02
1456734208,19757653,17480810496,53364016,-6.370260e-02,-2.937804e-02,4.863725e-07,7.333502e-06,1.172728e-04,1.031016e-02
1456996352,19757888,17483956224,53373637,-6.369540e-02,-2.936585e-02,4.964631e-07,7.267623e-06,1.197058e-04,1.021754e-02
1457258496,19760916,17487101952,53382926,-6.367896e-02,-2.933961e-02,5.199057e-07,7.126828e-06,1.253582e-04,1.001960e-02
1457520640,19761488,17490247680,53392416,-6.367853e-02,-2.931081e-02,5.205183e-07,6.973896e-06,1.255059e-04,9.804591e-03
1457782784,19764773,17493393408,53402082,-6.369215e-02,-2.931343e-02,5.010514e-07,6.987706e-06,1.208121e-04,9.824005e-03
1458044928,19769811,17496539136,53411620,-6.368380e-02,-2.932218e-02,5.129452e-07,7.034056e-06,1.236799e-04,9.889169e-03
1458307072,19773625,17499684864,53421112,-6.369723e-02,-2.928404e-02,4.938941e-07,6.833215e-06,1.190864e-04,9.606807e-03
1458569216,19777562,17502830592,53430895,-6.368291e-02,-2.927721e-02,5.142160e-07,6.797552e-06,1.239863e-04,9.556668e-03
1458831360,19778377,17505976320,53440523,-6.369650e-02,-2.928032e-02,4.949209e-07,6.813762e-06,1.193340e-04,9.579458e-03
1459093504,19788928,17509122048,53450217,-6.369751e-02,-2.928249e-02,4.934963e-07,6.825105e-06,1.189904e-04,9.595406e-03
1459355648,19836574,17512267776,53459967,-6.371491e-02,-2.928580e-02,4.693562e-07,6.842391e-06,1.131699e-04,9.619707e-03
1459617792,19850276,17515413504,53469434,-6.371446e-02,-2.927672e-02,4.699690e-07,6.794978e-06,1.133176e-04,9.553050e-03
1459879936,20003898,17518559232,53478764,-6.372582e-02,-2.927719e-02,4.545196e-07,6.797445e-06,1.095925e-04,9.556518e-03
1460142080,20004237,17521704960,53488432,-6.373555e-02,-2.929053e-02,4.414941e-07,6.867184e-06,1.064518e-04,9.654564e-03
1460404224,20004641,17524850688,53497916,-6.376555e-02,-2.929311e-02,4.025321e-07,6.880702e-06,9.705742e-05,9.673568e-03
1460666368,20005420,17527996416,53507684,-6.378142e-02,-2.926568e-02,3.826467e-07,6.737554e-06,9.226272e-05,9.472317e-03
1460928512,20005581,17531142144,53517252,-6.379068e-02,-2.927641e-02,3.712750e-07,6.793395e-06,8.952078e-05,9.550825e-03
1461190656,20006410,17534287872,53527061,-6.379238e-02,-2.927435e-02,3.692077e-07,6.782661e-06,8.902233e-05,9.535734e-03
1461452800,20007334,17537433600,53536631,-6.382170e-02,-2.930475e-02,3.344385e-07,6.941901e-06,8.063889e-05,9.759610e-03
1461714944,20007908,17540579328,53546300,-6.384356e-02,-2.933527e-02,3.096245e-07,7.103685e-06,7.465581e-05,9.987060e-03
1461977088,20007983,17543725056,53556026,-6.386100e-02,-2.935019e-02,2.905262e-07,7.183418e-06,7.005087e-05,1.009916e-02
1462239232,20008041,17546870784,53565698,-6.386731e-02,-2.934821e-02,2.837631e-07,7.172808e-06,6.842017e-05,1.008424e-02
1462501376,20008057,17550016512,53575172,-6.384745e-02,-2.936854e-02,3.053115e-07,7.282102e-06,7.361584e-05,1.023790e-02
1462763520,20008170,17553162240,53584723,-6.388062e-02,-2.940167e-02,2.697556e-07,7.461999e-06,6.504271e-05,1.049081e-02
1463025664,20008216,17556307968,53594329,-6.386495e-02,-2.941526e-02,2.862770e-07,7.536471e-06,6.902630e-05,1.059551e-02
1463287808,20009268,17559453696,53603959,-6.389102e-02,-2.940525e-02,2.590596e-07,7.481571e-06,6.246373e-05,1.051833e-02
1463549952,20009283,17562599424,53613691,-6.388911e-02,-2.935894e-02,2.610124e-07,7.230401e-06,6.293459e-05,1.016521e-02
1463812096,20009306,17565745152,53623387,-6.389464e-02,-2.936990e-02,2.553942e-07,7.289442e-06,6.157994e-05,1.024822e-02
1464074240,20009508,17568890880,53633096,-6.393237e-02,-2.938731e-02,2.186831e-07,7.383787e-06,5.272827e-05,1.038085e-02
1464336384,20009516,17572036608,53642632,-6.392428e-02,-2.939580e-02,2.263091e-07,7.429968e-06,5.456702e-05,1.044578e-02
1464598528,20009651,17575182336,53652195,-6.392890e-02,-2.941205e-02,2.219354e-07,7.518840e-06,5.351245e-05,1.057073e-02
1464860672,20009896,17578328064,53661634,-6.391507e-02,-2.939804e-02,2.351556e-07,7.442219e-06,5.670008e-05,1.046301e-02
1465122816,20010710,17581473792,53670984,-6.392594e-02,-2.939941e-02,2.247311e-07,7.449671e-06,5.418653e-05,1.047348e-02
1465384960,20010742,17584619520,53680488,-6.391723e-02,-2.940352e-02,2.330720e-07,7.472128e-06,5.619766e-05,1.050505e-02
1465647104,20010869,17587765248,53689960,-6.391107e-02,-2.940698e-02,2.390520e-07,7.491060e-06,5.763955e-05,1.053167e-02
1465909248,20011693,17590910976,53699691,-6.388150e-02,-2.939734e-02,2.688431e-07,7.438388e-06,6.482271e-05,1.045762e-02
1466171392,20011829,17594056704,53709196,-6.388862e-02,-2.941524e-02,2.615151e-07,7.536327e-06,6.305580e-05,1.059531e-02
1466433536,20011970,17597202432,53718577,-6.388586e-02,-2.940835e-02,2.643422e-07,7.498576e-06,6.373746e-05,1.054224e-02
1466695680,20012054,17600348160,53728188,-6.389391e-02,-2.941007e-02,2.561252e-07,7.507995e-06,6.175620e-05,1.055548e-02
1466957824,20012185,17603493888,53737742,-6.389704e-02,-2.940927e-02,2.529752e-07,7.503586e-06,6.099667e-05,1.054928e-02
1467219968,20012381,17606639616,53747206,-6.392283e-02,-2.941716e-02,2.276935e-07,7.546906e-06,5.490083e-05,1.061018e-02
1467482112,20013439,17609785344,53756948,-6.392661e-02,-2.943160e-02,2.241028e-07,7.626458e-06,5.403505e-05,1.072203e-02
1467744256,20013501,17612931072,53766420,-6.392900e-02,-2.942345e-02,2.218442e-07,7.581495e-06,5.349045e-05,1.065881e-02
1468006400,20013640,17616076800,53776144,-6.391878e-02,-2.944584e-02,2.315780e-07,7.705301e-06,5.583745e-05,1.083287e-02
1468268544,20014340,17619222528,53785814,-6.394123e-02,-2.941628e-02,2.104763e-07,7.542066e-06,5.074946e-05,1.060338e-02
1468530688,20014499,17622368256,53795476,-6.394721e-02,-2.941795e-02,2.050225e-07,7.551235e-06,4.943446e-05,1.061627e-02
1468792832,20014518,17625513984,53805060,-6.392564e-02,-2.940352e-02,2.250208e-07,7.472107e-06,5.425639e-05,1.050503e-02
1469054976,20014948,17628659712,53814732,-6.392401e-02,-2.939634e-02,2.265715e-07,7.432933e-06,5.463028e-05,1.044995e-02
1469317120,20015247,17631805440,53824336,-6.393352e-02,-2.940734e-02,2.176044e-07,7.493008e-06,5.246816e-05,1.053441e-02
1469579264,20015622,17634951168,53833775,-6.391425e-02,-2.941524e-02,2.359584e-07,7.536337e-06,5.689364e-05,1.059533e-02
1469841408,20015661,17638096896,53843522,-6.389023e-02,-2.943300e-02,2.598717e-07,7.634156e-06,6.265956e-05,1.073285e-02
1470103552,20015763,17641242624,53853014,-6.388000e-02,-2.942722e-02,2.703983e-07,7.602281e-06,6.519770e-05,1.068803e-02
1470365696,20016691,17644388352,53862539,-6.388348e-02,-2.944344e-02,2.667995e-07,7.691998e-06,6.432996e-05,1.081417e-02
1470627840,20017081,17647534080,53872104,-6.388226e-02,-2.945560e-02,2.680556e-07,7.759571e-06,6.463282e-05,1.090917e-02
1470889984,20017154,17650679808,53881783,-6.387568e-02,-2.949530e-02,2.749111e-07,7.982337e-06,6.628581e-05,1.122236e-02
1471152128,20017481,17653825536,53891228,-6.384707e-02,-2.950368e-02,3.057315e-07,8.029770e-06,7.371714e-05,1.128904e-02
1471414272,20017549,17656971264,53900835,-6.385633e-02,-2.949175e-02,2.955839e-07,7.962258e-06,7.127038e-05,1.119413e-02
1471676416,20019030,17660116992,53910425,-6.384675e-02,-2.947334e-02,3.060859e-07,7.858697e-06,7.380258e-05,1.104853e-02
1471938560,20019050,17663262720,53920011,-6.383000e-02,-2.945841e-02,3.249076e-07,7.775248e-06,7.834081e-05,1.093121e-02
1472200704,20019940,17666408448,53929475,-6.383179e-02,-2.943383e-02,3.228638e-07,7.638747e-06,7.784802e-05,1.073930e-02
1472462848,20020464,17669554176,53939093,-6.381863e-02,-2.942564e-02,3.379897e-07,7.593532e-06,8.149513e-05,1.067574e-02
1472724992,20020710,17672699904,53948675,-6.380638e-02,-2.942066e-02,3.523818e-07,7.566106e-06,8.496532e-05,1.063718e-02
1472987136,20022055,17675845632,53958469,-6.379552e-02,-2.942092e-02,3.653967e-07,7.567541e-06,8.810344e-05,1.063919e-02
1473249280,20022618,17678991360,53967936,-6.378882e-02,-2.941350e-02,3.735393e-07,7.526789e-06,9.006675e-05,1.058190e-02
1473511424,20022936,17682137088,53977523,-6.372814e-02,-2.945560e-02,4.514006e-07,7.759561e-06,1.088405e-04,1.090916e-02
1473773568,20027713,17685282816,53986938,-6.372613e-02,-2.945215e-02,4.541078e-07,7.740375e-06,1.094932e-04,1.088218e-02
1474035712,20028577,17688428544,53996519,-6.372214e-02,-2.946557e-02,4.594959e-07,7.815199e-06,1.107924e-04,1.098738e-02
1474297856,20029020,17691574272,54006057,-6.370351e-02,-2.945151e-02,4.851055e-07,7.736820e-06,1.169673e-04,1.087718e-02
1474560000,20029134,17694720000,54015877,-6.369912e-02,-2.942682e-02,4.912378e-07,7.600082e-06,1.184459e-04,1.068494e-02
1474822144,20037215,17697865728,54025584,-6.367697e-02,-2.942274e-02,5.227784e-07,7.577587e-06,1.260509e-04,1.065332e-02
1475084288,20038804,17701011456,54035122,-6.366821e-02,-2.942831e-02,5.355254e-07,7.608270e-06,1.291244e-04,1.069646e-02
1475346432,20064479,17704157184,54044662,-6.366470e-02,-2.940208e-02,5.406738e-07,7.464289e-06,1.303658e-04,1.049403e-02
1475608576,20070697,17707302912,54054315,-6.367197e-02,-2.939634e-02,5.300328e-07,7.432923e-06,1.278000e-04,1.044994e-02
1475870720,20081743,17710448640,54063991,-6.366117e-02,-2.941958e-02,5.458688e-07,7.560195e-06,1.316184e-04,1.062887e-02
1476132864,20180457,17713594368,54073779,-6.366550e-02,-2.942300e-02,5.394911e-07,7.579003e-06,1.300806e-04,1.065531e-02
1476395008,20184336,17716740096,54083258,-6.366447e-02,-2.941939e-02,5.410135e-07,7.559161e-06,1.304477e-04,1.062741e-02
1476657152,20188331,17719885824,54092702,-6.367539e-02,-2.941009e-02,5.250650e-07,7.508108e-06,1.266022e-04,1.055564e-02
1476919296,20190629,17723031552,54102317,-6.366928e-02,-2.941162e-02,5.339563e-07,7.516459e-06,1.287461e-04,1.056738e-02
1477181440,20192281,17726177280,54111870,-6.367359e-02,-2.939690e-02,5.276812e-07,7.435960e-06,1.272330e-04,1.045420e-02
1477443584,20192382,17729323008,54121387,-6.369361e-02,-2.939514e-02,4.989967e-07,7.426394e-06,1.203167e-04,1.044076e-02
1477705728,20192548,17732468736,54130947,-6.368960e-02,-2.939367e-02,5.046653e-07,7.418376e-06,1.216835e-04,1.042948e-02
1477967872,20194135,17735614464,54140278,-6.369794e-02,-2.937500e-02,4.928893e-07,7.317017e-06,1.188441e-04,1.028698e-02
1478230016,20194349,17738760192,54150040,-6.368065e-02,-2.937210e-02,5.174695e-07,7.301325e-06,1.247708e-04,1.026492e-02
1478492160,20195650,17741905920,54159681,-6.370603e-02,-2.935685e-02,4.816039e-07,7.219167e-06,1.161230e-04,1.014942e-02
1478754304,20196258,17745051648,54169336,-6.372017e-02,-2.934274e-02,4.621664e-07,7.143546e-06,1.114363e-04,1.004310e-02
1479016448,20196423,17748197376,54178814,-6.371796e-02,-2.932801e-02,4.651800e-07,7.065034e-06,1.121629e-04,9.932722e-03
1479278592,20196936,17751343104,54188309,-6.370284e-02,-2.932211e-02,4.860296e-07,7.033690e-06,1.171901e-04,9.888655e-03
1479540736,20197241,17754488832,54197948,-6.369197e-02,-2.932006e-02,5.013046e-07,7.022817e-06,1.208732e-04,9.873369e-03
1479802880,20197256,17757634560,54207314,-6.369049e-02,-2.929759e-02,5.034063e-07,6.904233e-06,1.213799e-04,9.706651e-03
1480065024,20197463,17760780288,54216865,-6.367207e-02,-2.929698e-02,5.298809e-07,6.901013e-06,1.277634e-04,9.702124e-03
1480327168,20197873,17763926016,54226335,-6.368917e-02,-2.929581e-02,5.052794e-07,6.894898e-06,1.218316e-04,9.693528e-03
1480589312,20197879,17767071744,54235675,-6.369559e-02,-2.926652e-02,4.961902e-07,6.741916e-06,1.196400e-04,9.478449e-03
1480851456,20198007,17770217472,54245425,-6.369341e-02,-2.925599e-02,4.992704e-07,6.687346e-06,1.203827e-04,9.401730e-03
1481113600,20198350,17773363200,54254869,-6.370218e-02,-2.924495e-02,4.869547e-07,6.630360e-06,1.174132e-04,9.321614e-03
1481375744,20198554,17776508928,54264539,-6.369328e-02,-2.923637e-02,4.994600e-07,6.586241e-06,1.204284e-04,9.259588e-03
1481637888,20198785,17779654656,54273998,-6.369440e-02,-2.921802e-02,4.978710e-07,6.492389e-06,1.200453e-04,9.127640e-03
1481900032,20198834,17782800384,54283734,-6.368268e-02,-2.921952e-02,5.145473e-07,6.500051e-06,1.240662e-04,9.138413e-03
1482162176,20198937,17785946112,54293332,-6.369320e-02,-2.922092e-02,4.995653e-07,6.507214e-06,1.204538e-04,9.148482e-03
1482424320,20199158,17789091840,54302886,-6.370208e-02,-2.921397e-02,4.871002e-07,6.471779e-06,1.174483e-04,9.098664e-03
1482686464,20199306,17792237568,54312457,-6.371497e-02,-2.919037e-02,4.692746e-07,6.352262e-06,1.131502e-04,8.930636e-03
1482948608,20199401,17795383296,54321903,-6.374090e-02,-2.916500e-02,4.344137e-07,6.225016e-06,1.047446e-04,8.751742e-03
1483210752,20199760,17798529024,54331689,-6.373632e-02,-2.915258e-02,4.404749e-07,6.163185e-06,1.062061e-04,8.664813e-03
1483472896,20200039,17801674752,54341385,-6.373627e-02,-2.916542e-02,4.405342e-07,6.227136e-06,1.062204e-04,8.754721e-03
1483735040,20200058,17804820480,54350869,-6.372933e-02,-2.915308e-02,4.498002e-07,6.165682e-06,1.084546e-04,8.668324e-03
1483997184,20200140,17807966208,54360342,-6.370695e-02,-2.914554e-02,4.803225e-07,6.128276e-06,1.158140e-04,8.615734e-03
1484259328,20200232,17811111936,54369968,-6.369034e-02,-2.914082e-02,5.036178e-07,6.104930e-06,1.214309e-04,8.582911e-03
1484521472,20200733,17814257664,54379436,-6.368076e-02,-2.912303e-02,5.173088e-07,6.017343e-06,1.247320e-04,8.459774e-03
1484783616,20200837,17817403392,54389158,-6.366124e-02,-2.913033e-02,5.457698e-07,6.053246e-06,1.315945e-04,8.510249e-03
1485045760,20200907,17820549120,54398729,-6.366763e-02,-2.913338e-02,5.363763e-07,6.068259e-06,1.293296e-04,8.531356e-03
1485307904,20201021,17823694848,54408256,-6.368645e-02,-2.913646e-02,5.091530e-07,6.083447e-06,1.227655e-04,8.552709e-03
1485570048,20201340,17826840576,54417790,-6.367416e-02,-2.910430e-02,5.268481e-07,5.925809e-06,1.270321e-04,8.331086e-03
1485832192,20201601,17829986304,54427291,-6.367893e-02,-2.910698e-02,5.199486e-07,5.938893e-06,1.253686e-04,8.349481e-03
1486094336,20201649,17833132032,54436554,-6.370220e-02,-2.909939e-02,4.869235e-07,5.901946e-06,1.174056e-04,8.297537e-03
1486356480,20201904,17836277760,54446160,-6.368478e-02,-2.909866e-02,5.115375e-07,5.898381e-06,1.233405e-04,8.292526e-03
1486618624,20202896,17839423488,54455889,-6.371994e-02,-2.910509e-02,4.624906e-07,5.929682e-06,1.115145e-04,8.336530e-03
1486880768,20203090,17842569216,54465676,-6.375410e-02,-2.908488e-02,4.171942e-07,5.831629e-06,1.005927e-04,8.198678e-03
1487142912,20203371,17845714944,54475284,-6.373440e-02,-2.907845e-02,4.430301e-07,5.800625e-06,1.068222e-04,8.155090e-03
1487405056,20203477,17848860672,54485041,-6.372991e-02,-2.907005e-02,4.490210e-07,5.760240e-06,1.082667e-04,8.098313e-03
1487667200,20203545,17852006400,54494720,-6.371186e-02,-2.905575e-02,4.735409e-07,5.691814e-06,1.141789e-04,8.002114e-03
1487929344,20203599,17855152128,54504335,-6.371840e-02,-2.907398e-02,4.645806e-07,5.779112e-06,1.120184e-04,8.124845e-03
1488191488,20203746,17858297856,54513736,-6.372000e-02,-2.907612e-02,4.624096e-07,5.789397e-06,1.114949e-04,8.139305e-03
1488453632,20204267,17861443584,54523310,-6.368472e-02,-2.907807e-02,5.116334e-07,5.798812e-06,1.233636e-04,8.152542e-03
1488715776,20204764,17864589312,54533086,-6.368827e-02,-2.906677e-02,5.065619e-07,5.744532e-06,1.221408e-04,8.076229e-03
1488977920,20205364,17867735040,54542823,-6.370418e-02,-2.907411e-02,4.841719e-07,5.779747e-06,1.167422e-04,8.125738e-03
1489240064,20206484,17870880768,54552509,-6.370198e-02,-2.907685e-02,4.872355e-07,5.792920e-06,1.174809e-04,8.144259e-03
1489502208,20206712,17874026496,54562264,-6.372658e-02,-2.909539e-02,4.534955e-07,5.882504e-06,1.093456e-04,8.270204e-03
1489764352,20206894,17877172224,54571808,-6.374169e-02,-2.905908e-02,4.333733e-07,5.707707e-06,1.044938e-04,8.024458e-03
1490026496,20206917,17880317952,54581497,-6.372248e-02,-2.904304e-02,4.590415e-07,5.631344e-06,1.106828e-04,7.917099e-03
1490288640,20208074,17883463680,54590875,-6.374513e-02,-2.903060e-02,4.288629e-07,5.572419e-06,1.034062e-04,7.834256e-03
1490550784,20208532,17886609408,54600676,-6.374054e-02,-2.902972e-02,4.348951e-07,5.568269e-06,1.048607e-04,7.828422e-03
1490812928,20211666,17889755136,54610255,-6.375380e-02,-2.902246e-02,4.175793e-07,5.534091e-06,1.006856e-04,7.780371e-03
1491075072,20211997,17892900864,54619757,-6.375071e-02,-2.903932e-02,4.215753e-07,5.613660e-06,1.016491e-04,7.892236e-03
1491337216,20215761,17896046592,54629313,-6.374733e-02,-2.903601e-02,4.259792e-07,5.597986e-06,1.027109e-04,7.870201e-03
1491599360,20219943,17899192320,54638737,-6.376766e-02,-2.903195e-02,3.998516e-07,5.578815e-06,9.641112e-05,7.843247e-03
1491861504,20224075,17902338048,54648412,-6.375439e-02,-2.902216e-02,4.168189e-07,5.532663e-06,1.005022e-04,7.778362e-03
1492123648,20227348,17905483776,54658163,-6.377354e-02,-2.903288e-02,3.924611e-07,5.583215e-06,9.462914e-05,7.849433e-03
1492385792,20229634,17908629504,54667733,-6.374604e-02,-2.906288e-02,4.276634e-07,5.725878e-06,1.031170e-04,8.050002e-03
1492647936,20240264,17911775232,54677536,-6.374682e-02,-2.906591e-02,4.266506e-07,5.740364e-06,1.028728e-04,8.070369e-03
1492910080,20286862,17914920960,54687113,-6.373456e-02,-2.905349e-02,4.428119e-07,5.681030e-06,1.067696e-04,7.986952e-03
1493172224,20300842,17918066688,54696693,-6.371702e-02,-2.905069e-02,4.664614e-07,5.667665e-06,1.124719e-04,7.968162e-03
1493434368,20459250,17921212416,54706357,-6.370666e-02,-2.906096e-02,4.807253e-07,5.716682e-06,1.159112e-04,8.037075e-03
1493696512,20459527,17924358144,54715911,-6.371327e-02,-2.905834e-02,4.716048e-07,5.704192e-06,1.137120e-04,8.019515e-03
1493958656,20459846,17927503872,54725549,-6.372418e-02,-2.905419e-02,4.567425e-07,5.684342e-06,1.101285e-04,7.991607e-03
1494220800,20460519,17930649600,54735138,-6.372458e-02,-2.907285e-02,4.561988e-07,5.773703e-06,1.099974e-04,8.117242e-03
1494482944,20460533,17933795328,54744784,-6.370655e-02,-2.906811e-02,4.808700e-07,5.750918e-06,1.159460e-04,8.085207e-03
1494745088,20461931,17936941056,54754465,-6.369319e-02,-2.907151e-02,4.995863e-07,5.767234e-06,1.204589e-04,8.108146e-03
1495007232,20462596,17940086784,54763921,-6.370225e-02,-2.907865e-02,4.868611e-07,5.801594e-06,1.173906e-04,8.156452e-03
1495269376,20463060,17943232512,54773520,-6.370320e-02,-2.907464e-02,4.855311e-07,5.782300e-06,1.170699e-04,8.129328e-03
1495531520,20463328,17946378240,54782791,-6.371978e-02,-2.905841e-02,4.627035e-07,5.704504e-06,1.115658e-04,8.019953e-03
1495793664,20463352,17949523968,54792440,-6.373185e-02,-2.902129e-02,4.464287e-07,5.528572e-06,1.076416e-04,7.772611e-03
1496055808,20463363,17952669696,54802060,-6.372821e-02,-2.902133e-02,4.513105e-07,5.528738e-06,1.088187e-04,7.772845e-03
1496317952,20463538,17955815424,54811676,-6.369528e-02,-2.902572e-02,4.966312e-07,5.549421e-06,1.197463e-04,7.801923e-03
1496580096,20463592,17958961152,54821474,-6.370354e-02,-2.900721e-02,4.850640e-07,5.462559e-06,1.169573e-04,7.679804e-03
1496842240,20464404,17962106880,54831172,-6.366873e-02,-2.900811e-02,5.347624e-07,5.466739e-06,1.289404e-04,7.685680e-03
1497104384,20464457,17965252608,54840755,-6.365282e-02,-2.899789e-02,5.582801e-07,5.419068e-06,1.346110e-04,7.618660e-03
1497366528,20464610,17968398336,54850280,-6.363009e-02,-2.902947e-02,5.927664e-07,5.567109e-06,1.429262e-04,7.826790e-03
1497628672,20464674,17971544064,54859855,-6.363292e-02,-2.899392e-02,5.884148e-07,5.400586e-06,1.418769e-04,7.592676e-03
1497890816,20464951,17974689792,54869389,-6.363042e-02,-2.898486e-02,5.922502e-07,5.358594e-06,1.428017e-04,7.533640e-03
1498152960,20465058,17977835520,54879233,-6.367216e-02,-2.899558e-02,5.297507e-07,5.408303e-06,1.277320e-04,7.603524e-03
1498415104,20465210,17980981248,54888780,-6.367061e-02,-2.898737e-02,5.320090e-07,5.370199e-06,1.282765e-04,7.549955e-03
1498677248,20465848,17984126976,54898346,-6.368396e-02,-2.896643e-02,5.127212e-07,5.273612e-06,1.236259e-04,7.414164e-03
1498939392,20465933,17987272704,54908068,-6.367921e-02,-2.896775e-02,5.195404e-07,5.279645e-06,1.252701e-04,7.422645e-03
1499201536,20465962,17990418432,54917726,-6.368879e-02,-2.898338e-02,5.058197e-07,5.351723e-06,1.219619e-04,7.523980e-03
1499463680,20466824,17993564160,54927384,-6.370944e-02,-2.897721e-02,4.768793e-07,5.323236e-06,1.149838e-04,7.483929e-03
1499725824,20467125,17996709888,54937044,-6.369354e-02,-2.899487e-02,4.990915e-07,5.405037e-06,1.203396e-04,7.598935e-03
1499987968,20467351,17999855616,54946405,-6.372850e-02,-2.898074e-02,4.509202e-07,5.339536e-06,1.087246e-04,7.506846e-03
1500250112,20467479,18003001344,54956132,-6.373766e-02,-2.899483e-02,4.386966e-07,5.404829e-06,1.057773e-04,7.598642e-03
1500512256,20467677,18006147072,54965660,-6.371840e-02,-2.899444e-02,4.645806e-07,5.403045e-06,1.120184e-04,7.596134e-03
1500774400,20467984,18009292800,54975261,-6.375589e-02,-2.899479e-02,4.148779e-07,5.404639e-06,1.000342e-04,7.598373e-03
1501036544,20468693,18012438528,54984893,-6.375010e-02,-2.899094e-02,4.223787e-07,5.386761e-06,1.018428e-04,7.573240e-03
1501298688,20468772,18015584256,54994726,-6.373824e-02,-2.901761e-02,4.379270e-07,5.511260e-06,1.055918e-04,7.748271e-03
1501560832,20468776,18018729984,55004397,-6.374002e-02,-2.902015e-02,4.355734e-07,5.523230e-06,1.050243e-04,7.765101e-03
1501822976,20469667,18021875712,55014114,-6.374896e-02,-2.902169e-02,4.238617e-07,5.530438e-06,1.022004e-04,7.775234e-03
1502085120,20469727,18025021440,55023586,-6.377081e-02,-2.902702e-02,3.958852e-07,5.555548e-06,9.545474e-05,7.810536e-03
1502347264,20469910,18028167168,55033166,-6.378728e-02,-2.902696e-02,3.754269e-07,5.555275e-06,9.052187e-05,7.810154e-03
1502609408,20470047,18031312896,55042838,-6.378912e-02,-2.902586e-02,3.731751e-07,5.550061e-06,8.997893e-05,7.802824e-03
1502871552,20470436,18034458624,55052386,-6.377187e-02,-2.902447e-02,3.945549e-07,5.543525e-06,9.513400e-05,7.793633e-03
1503133696,20470697,18037604352,55061769,-6.377707e-02,-2.903743e-02,3.880395e-07,5.604740e-06,9.356301e-05,7.879695e-03
1503395840,20470713,18040750080,55071386,-6.377113e-02,-2.904230e-02,3.954821e-07,5.627817e-06,9.535756e-05,7.912139e-03
1503657984,20471141,18043895808,55080787,-6.378639e-02,-2.904961e-02,3.765233e-07,5.662523e-06,9.078624e-05,7.960932e-03
1503920128,20472120,18047041536,55090537,-6.377017e-02,-2.905932e-02,3.966919e-07,5.708864e-06,9.564926e-05,8.026083e-03
1504182272,20472173,18050187264,55100129,-6.377870e-02,-2.904002e-02,3.860186e-07,5.616988e-06,9.307572e-05,7.896915e-03
1504444416,20472572,18053332992,55109777,-6.378143e-02,-2.904122e-02,3.826283e-07,5.622702e-06,9.225828e-05,7.904948e-03
1504706560,20472647,18056478720,55119210,-6.378262e-02,-2.902960e-02,3.811549e-07,5.567716e-06,9.190302e-05,7.827643e-03
1504968704,20472786,18059624448,55128928,-6.381334e-02,-2.904168e-02,3.441685e-07,5.624848e-06,8.298494e-05,7.907966e-03
1505230848,20474206,18062770176,55138300,-6.380451e-02,-2.901935e-02,3.546055e-07,5.519431e-06,8.550150e-05,7.759759e-03
1505492992,20474734,18065915904,55147742,-6.379661e-02,-2.901913e-02,3.640828e-07,5.518407e-06,8.778663e-05,7.758321e-03
1505755136,20475132,18069061632,55157456,-6.382127e-02,-2.902452e-02,3.349299e-07,5.543744e-06,8.075737e-05,7.793942e-03
1506017280,20475725,18072207360,55167133,-6.379831e-02,-2.902449e-02,3.620356e-07,5.543639e-06,8.729302e-05,7.793794e-03
1506279424,20475937,18075353088,55176541,-6.378581e-02,-2.901679e-02,3.772277e-07,5.507412e-06,9.095608e-05,7.742863e-03
1506541568,20477129,18078498816,55186348,-6.378133e-02,-2.902194e-02,3.827573e-07,5.531611e-06,9.228939e-05,7.776884e-03
1506803712,20478402,18081644544,55195885,-6.378140e-02,-2.901445e-02,3.826744e-07,5.496463e-06,9.226939e-05,7.727469e-03
1507065856,20478496,18084790272,55205431,-6.379206e-02,-2.900429e-02,3.695881e-07,5.448932e-06,8.911406e-05,7.660646e-03
1507328000,20483339,18087936000,55215000,-6.379576e-02,-2.899372e-02,3.651085e-07,5.399660e-06,8.803395e-05,7.591374e-03
1507590144,20483903,18091081728,55224742,-6.375828e-02,-2.899344e-02,4.118026e-07,5.398362e-06,9.929270e-05,7.589548e-03
1507852288,20484526,18094227456,55234525,-6.375822e-02,-2.900768e-02,4.118887e-07,5.464762e-06,9.931347e-05,7.682900e-03
1508114432,20484645,18097373184,55244288,-6.375641e-02,-2.899961e-02,4.142159e-07,5.427093e-06,9.987459e-05,7.629943e-03
1508376576,20492654,18100518912,55253889,-6.377180e-02,-2.899374e-02,3.946392e-07,5.399790e-06,9.515431e-05,7.591557e-03
1508638720,20494100,18103664640,55263473,-6.376857e-02,-2.896782e-02,3.987029e-07,5.279988e-06,9.613414e-05,7.423127e-03
1508900864,20519754,18106810368,55272831,-6.376805e-02,-2.898809e-02,3.993618e-07,5.373549e-06,9.629301e-05,7.554664e-03
1509163008,20525867,18109956096,55282587,-6.375556e-02,-2.897304e-02,4.153003e-07,5.303992e-06,1.001361e-04,7.456875e-03
1509425152,20537492,18113101824,55292235,-6.375617e-02,-2.896876e-02,4.145228e-07,5.284303e-06,9.994859e-05,7.429194e-03
1509687296,20638463,18116247552,55301685,-6.377038e-02,-2.898968e-02,3.964198e-07,5.380918e-06,9.558363e-05,7.565024e-03
1509949440,20639322,18119393280,55311305,-6.380532e-02,-2.897865e-02,3.536479e-07,5.329882e-06,8.527059e-05,7.493273e-03
1510211584,20641021,18122539008,55321094,-6.382940e-02,-2.893815e-02,3.255875e-07,5.144498e-06,7.850474e-05,7.232642e-03
1510473728,20642784,18125684736,55330739,-6.382085e-02,-2.892626e-02,3.354216e-07,5.090723e-06,8.087594e-05,7.157040e-03
1510735872,20642822,18128830464,55340438,-6.383775e-02,-2.895627e-02,3.161257e-07,5.227049e-06,7.622337e-05,7.348700e-03
1510998016,20643085,18131976192,55349904,-6.382231e-02,-2.895124e-02,3.337237e-07,5.204053e-06,8.046653e-05,7.316370e-03
1511260160,20643424,18135121920,55359734,-6.382502e-02,-2.893461e-02,3.306062e-07,5.128482e-06,7.971485e-05,7.210125e-03
1511522304,20644594,18138267648,55369209,-6.383302e-02,-2.895838e-02,3.214683e-07,5.236669e-06,7.751155e-05,7.362226e-03
1511784448,20644768,18141413376,55378902,-6.385359e-02,-2.896165e-02,2.985646e-07,5.251649e-06,7.198907e-05,7.383286e-03
1512046592,20646119,18144559104,55388656,-6.385456e-02,-2.893427e-02,2.975071e-07,5.126929e-06,7.173408e-05,7.207943e-03
1512308736,20646835,18147704832,55398032,-6.385528e-02,-2.893816e-02,2.967192e-07,5.144532e-06,7.154411e-05,7.232689e-03
1512570880,20646917,18150850560,55407869,-6.382627e-02,-2.895068e-02,3.291684e-07,5.201495e-06,7.936816e-05,7.312775e-03
1512833024,20647484,18153996288,55417475,-6.380028e-02,-2.894624e-02,3.596725e-07,5.181260e-06,8.672323e-05,7.284326e-03
1513095168,20647744,18157142016,55427226,-6.379502e-02,-2.895835e-02,3.660094e-07,5.236541e-06,8.825118e-05,7.362045e-03
1513357312,20647849,18160287744,55437042,-6.378752e-02,-2.893744e-02,3.751347e-07,5.141296e-06,9.045144e-05,7.228140e-03
1513619456,20647906,18163433472,55446363,-6.376645e-02,-2.894907e-02,4.013890e-07,5.194182e-06,9.678179e-05,7.302493e-03
1513881600,20648358,18166579200,55455899,-6.376690e-02,-2.893839e-02,4.008228e-07,5.145605e-06,9.664526e-05,7.234199e-03
1514143744,20648396,18169724928,55465484,-6.374680e-02,-2.894717e-02,4.266798e-07,5.185492e-06,1.028798e-04,7.290275e-03
1514405888,20648509,18172870656,55474971,-6.374958e-02,-2.896618e-02,4.230472e-07,5.272458e-06,1.020040e-04,7.412540e-03
1514668032,20648935,18176016384,55484551,-6.372917e-02,-2.897543e-02,4.500101e-07,5.314996e-06,1.085052e-04,7.472346e-03
1514930176,20649234,18179162112,55494104,-6.371682e-02,-2.895014e-02,4.667363e-07,5.199040e-06,1.125382e-04,7.309323e-03
1515192320,20649350,18182307840,55503659,-6.369492e-02,-2.895205e-02,4.971353e-07,5.207758e-06,1.198679e-04,7.321580e-03
1515454464,20649373,18185453568,55513145,-6.369595e-02,-2.897631e-02,4.956865e-07,5.319085e-06,1.195185e-04,7.478094e-03
1515716608,20649517,18188599296,55522724,-6.369212e-02,-2.897200e-02,5.011042e-07,5.299223e-06,1.208248e-04,7.450170e-03
1515978752,20649609,18191745024,55532281,-6.370761e-02,-2.898395e-02,4.794141e-07,5.354378e-06,1.155950e-04,7.527712e-03
1516240896,20649785,18194890752,55541875,-6.372354e-02,-2.897756e-02,4.575989e-07,5.324852e-06,1.103350e-04,7.486202e-03
1516503040,20649817,18198036480,55551409,-6.369019e-02,-2.898166e-02,5.038293e-07,5.343789e-06,1.214819e-04,7.512825e-03
1516765184,20650286,18201182208,55560894,-6.368138e-02,-2.897569e-02,5.164196e-07,5.316199e-06,1.245177e-04,7.474036e-03
1517027328,20650541,18204327936,55570323,-6.368759e-02,-2.898563e-02,5.075381e-07,5.362139e-06,1.223762e-04,7.538623e-03
1517289472,20650706,18207473664,55579733,-6.366340e-02,-2.898542e-02,5.425820e-07,5.361173e-06,1.308259e-04,7.537264e-03
1517551616,20650722,18210619392,55589345,-6.366488e-02,-2.896283e-02,5.403999e-07,5.257072e-06,1.302997e-04,7.390910e-03
1517813760,20650729,18213765120,55599098,-6.365846e-02,-2.895378e-02,5.498836e-07,5.215642e-06,1.325864e-04,7.332664e-03
1518075904,20650827,18216910848,55608741,-6.368027e-02,-2.897095e-02,5.180163e-07,5.294396e-06,1.249027e-04,7.443383e-03
1518338048,20651360,18220056576,55618426,-6.370479e-02,-2.895983e-02,4.833221e-07,5.243346e-06,1.165373e-04,7.371612e-03
1518600192,20651539,18223202304,55628169,-6.368992e-02,-2.894703e-02,5.042207e-07,5.184864e-06,1.215763e-04,7.289392e-03
1518862336,20651596,18226348032,55637842,-6.369793e-02,-2.896896e-02,4.929103e-07,5.285202e-06,1.188492e-04,7.430458e-03
1519124480,20651723,18229493760,55647343,-6.370834e-02,-2.894806e-02,4.783932e-07,5.189573e-06,1.153488e-04,7.296013e-03
1519386624,20651973,18232639488,55657118,-6.369741e-02,-2.894235e-02,4.936428e-07,5.163586e-06,1.190258e-04,7.259479e-03
1519648768,20652357,18235785216,55666935,-6.369175e-02,-2.894714e-02,5.016212e-07,5.185348e-06,1.209495e-04,7.290073e-03
1519910912,20652562,18238930944,55676421,-6.368571e-02,-2.893774e-02,5.102168e-07,5.142648e-06,1.230221e-04,7.230041e-03
1520173056,20653446,18242076672,55685993,-6.369948e-02,-2.895544e-02,4.907262e-07,5.223234e-06,1.183225e-04,7.343336e-03
1520435200,20653650,18245222400,55695546,-6.366701e-02,-2.895579e-02,5.372825e-07,5.224835e-06,1.295481e-04,7.345588e-03
1520697344,20653863,18248368128,55705229,-6.368024e-02,-2.894934e-02,5.180593e-07,5.195388e-06,1.249130e-04,7.304188e-03
1520959488,20653882,18251513856,55714541,-6.369270e-02,-2.898222e-02,5.002817e-07,5.346347e-06,1.206265e-04,7.516421e-03
1521221632,20653987,18254659584,55724468,-6.369328e-02,-2.899866e-02,4.994495e-07,5.422668e-06,1.204259e-04,7.623720e-03
1521483776,20654186,18257805312,55734139,-6.369796e-02,-2.898305e-02,4.928684e-07,5.350224e-06,1.188391e-04,7.521872e-03
1521745920,20654326,18260951040,55743634,-6.370037e-02,-2.895769e-02,4.894848e-07,5.233515e-06,1.180232e-04,7.357791e-03
1522008064,20654929,18264096768,55753187,-6.369356e-02,-2.896043e-02,4.990599e-07,5.246059e-06,1.203319e-04,7.375426e-03
1522270208,20655390,18267242496,55762595,-6.368483e-02,-2.896102e-02,5.114736e-07,5.248756e-06,1.233251e-04,7.379217e-03
1522532352,20655904,18270388224,55772287,-6.368921e-02,-2.895675e-02,5.052265e-07,5.229212e-06,1.218188e-04,7.351743e-03
1522794496,20656990,18273533952,55782123,-6.368578e-02,-2.895735e-02,5.101103e-07,5.231956e-06,1.229964e-04,7.355599e-03
1523056640,20657217,18276679680,55791929,-6.371317e-02,-2.899315e-02,4.717379e-07,5.397038e-06,1.137441e-04,7.587687e-03
1523318784,20657413,18279825408,55801557,-6.372157e-02,-2.897935e-02,4.602639e-07,5.333099e-06,1.109775e-04,7.497796e-03
1523580928,20657482,18282971136,55811308,-6.373662e-02,-2.898038e-02,4.400794e-07,5.337857e-06,1.061107e-04,7.504486e-03
1523843072,20658653,18286116864,55820909,-6.371861e-02,-2.899588e-02,4.642962e-07,5.409715e-06,1.119498e-04,7.605510e-03
1524105216,20659242,18289262592,55830579,-6.369934e-02,-2.897781e-02,4.909245e-07,5.325995e-06,1.183703e-04,7.487808e-03
1524367360,20662423,18292408320,55840227,-6.368720e-02,-2.896881e-02,5.080902e-07,5.284517e-06,1.225093e-04,7.429495e-03
1524629504,20662579,18295554048,55849616,-6.369937e-02,-2.897928e-02,4.908828e-07,5.332780e-06,1.183603e-04,7.497348e-03
1524891648,20666735,18298699776,55859232,-6.369578e-02,-2.894190e-02,4.959278e-07,5.161529e-06,1.195767e-04,7.256587e-03
1525153792,20670204,18301845504,55868866,-6.369213e-02,-2.894332e-02,5.010831e-07,5.167998e-06,1.208198e-04,7.265680e-03
1525415936,20674738,18304991232,55878486,-6.369323e-02,-2.894266e-02,4.995337e-07,5.164974e-06,1.204462e-04,7.261430e-03
1525678080,20677286,18308136960,55888021,-6.367844e-02,-2.896267e-02,5.206580e-07,5.256354e-06,1.255396e-04,7.389901e-03
1525940224,20681106,18311282688,55897511,-6.367873e-02,-2.898186e-02,5.202280e-07,5.344719e-06,1.254359e-04,7.514133e-03
1526202368,20691644,18314428416,55907127,-6.366926e-02,-2.897110e-02,5.339890e-07,5.295081e-06,1.287539e-04,7.444347e-03
1526464512,20737312,18317574144,55916821,-6.365410e-02,-2.899177e-02,5.563668e-07,5.390601e-06,1.341496e-04,7.578637e-03
1526726656,20751390,18320719872,55926617,-6.366742e-02,-2.897772e-02,5.366710e-07,5.325591e-06,1.294006e-04,7.487241e-03
1526988800,20914574,18323865600,55936190,-6.362866e-02,-2.898313e-02,5.949711e-07,5.350551e-06,1.434578e-04,7.522332e-03
1527250944,20914697,18327011328,55945778,-6.362713e-02,-2.898375e-02,5.973297e-07,5.353456e-06,1.440265e-04,7.526416e-03
1527513088,20914922,18330157056,55955380,-6.363016e-02,-2.899392e-02,5.926516e-07,5.400595e-06,1.428985e-04,7.592689e-03
1527775232,20915372,18333302784,55965096,-6.363131e-02,-2.898720e-02,5.908863e-07,5.369431e-06,1.424729e-04,7.548875e-03
1528037376,20915420,18336448512,55974559,-6.362323e-02,-2.897334e-02,6.033681e-07,5.305356e-06,1.454824e-04,7.458792e-03
1528299520,20917383,18339594240,55984101,-6.363763e-02,-2.899629e-02,5.812129e-07,5.411639e-06,1.401404e-04,7.608214e-03
1528561664,20917749,18342739968,55993658,-6.365217e-02,-2.902808e-02,5.592492e-07,5.560536e-06,1.348446e-04,7.817551e-03
1528823808,20918151,18345885696,56003402,-6.363841e-02,-2.904936e-02,5.800207e-07,5.661343e-06,1.398530e-04,7.959275e-03
1529085952,20918426,18349031424,56013001,-6.365506e-02,-2.906361e-02,5.549450e-07,5.729381e-06,1.338068e-04,8.054929e-03
1529348096,20918452,18352177152,56022687,-6.363211e-02,-2.908487e-02,5.896613e-07,5.831575e-06,1.421775e-04,8.198603e-03
1529610240,20918585,18355322880,56032047,-6.365344e-02,-2.906819e-02,5.573564e-07,5.751338e-06,1.343882e-04,8.085798e-03
1529872384,20918975,18358468608,56041667,-6.362970e-02,-2.910957e-02,5.933630e-07,5.951527e-06,1.430701e-04,8.367244e-03
1530134528,20919051,18361614336,56051216,-6.363853e-02,-2.911211e-02,5.798391e-07,5.963921e-06,1.398092e-04,8.384667e-03
1530396672,20919416,18364760064,56060827,-6.362654e-02,-2.911109e-02,5.982514e-07,5.958927e-06,1.442487e-04,8.377647e-03
1530658816,20919461,18367905792,56070548,-6.363661e-02,-2.910092e-02,5.827703e-07,5.909370e-06,1.405160e-04,8.307975e-03
1530920960,20919737,18371051520,56080310,-6.360202e-02,-2.908289e-02,6.367713e-07,5.822043e-06,1.535365e-04,8.185201e-03
1531183104,20919844,18374197248,56089918,-6.361812e-02,-2.905453e-02,6.113345e-07,5.685994e-06,1.474033e-04,7.993931e-03
1531445248,20919880,18377342976,56099672,-6.362159e-02,-2.903191e-02,6.059288e-07,5.578629e-06,1.460999e-04,7.842987e-03
1531707392,20920134,18380488704,56109032,-6.362183e-02,-2.903214e-02,6.055461e-07,5.579730e-06,1.460076e-04,7.844534e-03
1531969536,20920395,18383634432,56118438,-6.360786e-02,-2.904146e-02,6.274831e-07,5.623841e-06,1.512970e-04,7.906550e-03
1532231680,20920957,18386780160,56127946,-6.363115e-02,-2.906870e-02,5.911269e-07,5.753741e-06,1.425309e-04,8.089176e-03
1532493824,20921087,18389925888,56137409,-6.362198e-02,-2.908257e-02,6.053143e-07,5.820506e-06,1.459517e-04,8.183042e-03
1532755968,20921251,18393071616,56147053,-6.361375e-02,-2.909806e-02,6.181927e-07,5.895487e-06,1.490569e-04,8.288455e-03
1533018112,20921735,18396217344,56156585,-6.362537e-02,-2.909483e-02,6.000623e-07,5.879785e-06,1.446853e-04,8.266382e-03
1533280256,20922598,18399363072,56166153,-6.359012e-02,-2.905641e-02,6.559146e-07,5.694934e-06,1.581523e-04,8.006499e-03
1533542400,20922684,18402508800,56175941,-6.362008e-02,-2.904667e-02,6.082858e-07,5.648569e-06,1.466682e-04,7.941315e-03
1533804544,20922753,18405654528,56185716,-6.364942e-02,-2.905675e-02,5.633688e-07,5.696588e-06,1.358379e-04,8.008825e-03
1534066688,20922973,18408800256,56195282,-6.366108e-02,-2.905886e-02,5.460120e-07,5.706675e-06,1.316529e-04,8.023005e-03
1534328832,20923377,18411945984,56204872,-6.365235e-02,-2.903070e-02,5.589818e-07,5.572894e-06,1.347801e-04,7.834923e-03
1534590976,20923912,18415091712,56214459,-6.363557e-02,-2.903234e-02,5.843526e-07,5.580671e-06,1.408975e-04,7.845857e-03
1534853120,20924060,18418237440,56224184,-6.364309e-02,-2.900957e-02,5.729157e-07,5.473570e-06,1.381398e-04,7.695283e-03
1535115264,20924176,18421383168,56233915,-6.363943e-02,-2.902999e-02,5.784670e-07,5.569553e-06,1.394783e-04,7.830226e-03
1535377408,20924712,18424528896,56243370,-6.365073e-02,-2.902791e-02,5.614132e-07,5.559737e-06,1.353664e-04,7.816426e-03
1535639552,20924881,18427674624,56252963,-6.366712e-02,-2.901570e-02,5.371187e-07,5.502290e-06,1.295086e-04,7.735662e-03
1535901696,20925008,18430820352,56262557,-6.365955e-02,-2.900389e-02,5.482715e-07,5.447063e-06,1.321977e-04,7.658018e-03
1536163840,20925516,18433966080,56272278,-6.364692e-02,-2.900086e-02,5.671330e-07,5.432892e-06,1.367455e-04,7.638094e-03
1536425984,20925534,18437111808,56281819,-6.365687e-02,-2.899907e-02,5.522398e-07,5.424559e-06,1.331545e-04,7.626379e-03
1536688128,20925546,18440257536,56291210,-6.364846e-02,-2.899808e-02,5.648125e-07,5.419961e-06,1.361860e-04,7.619916e-03
1536950272,20925601,18443403264,56300914,-6.365444e-02,-2.901817e-02,5.558667e-07,5.513909e-06,1.340290e-04,7.751997e-03
1537212416,20926443,18446548992,56310406,-6.367454e-02,-2.900344e-02,5.262966e-07,5.444951e-06,1.268992e-04,7.655048e-03
1537474560,20927151,18449694720,56319931,-6.363873e-02,-2.899907e-02,5.795328e-07,5.424576e-06,1.397353e-04,7.626404e-03
1537736704,20927592,18452840448,56329598,-6.366333e-02,-2.901358e-02,5.426808e-07,5.492377e-06,1.308497e-04,7.721724e-03
1537998848,20927752,18455986176,56339258,-6.366836e-02,-2.899609e-02,5.352965e-07,5.410677e-06,1.290692e-04,7.606863e-03
1538260992,20927788,18459131904,56348891,-6.365635e-02,-2.899592e-02,5.530263e-07,5.409888e-06,1.333442e-04,7.605754e-03
1538523136,20927889,18462277632,56358633,-6.361909e-02,-2.898814e-02,6.098208e-07,5.373791e-06,1.470383e-04,7.555005e-03
1538785280,20929414,18465423360,56368030,-6.359705e-02,-2.896338e-02,6.447392e-07,5.259583e-06,1.554577e-04,7.394440e-03
1539047424,20930181,18468569088,56377643,-6.360926e-02,-2.895848e-02,6.252659e-07,5.237146e-06,1.507624e-04,7.362897e-03
1539309568,20930297,18471714816,56387300,-6.358770e-02,-2.895916e-02,6.598427e-07,5.240242e-06,1.590994e-04,7.367247e-03
1539571712,20930848,18474860544,56396896,-6.358109e-02,-2.895186e-02,6.706229e-07,5.206866e-06,1.616987e-04,7.320325e-03
1539833856,20931350,18478006272,56406971,-6.360182e-02,-2.895818e-02,6.370925e-07,5.235765e-06,1.536140e-04,7.360955e-03
1540096000,20932166,18481152000,56416403,-6.364440e-02,-2.896555e-02,5.709323e-07,5.269533e-06,1.376616e-04,7.408428e-03
1540358144,20933366,18484297728,56425727,-6.365366e-02,-2.901201e-02,5.570338e-07,5.485002e-06,1.343105e-04,7.711356e-03
1540620288,20933999,18487443456,56435355,-6.362972e-02,-2.903026e-02,5.933401e-07,5.570819e-06,1.430645e-04,7.832007e-03
1540882432,20938746,18490589184,56444812,-6.360938e-02,-2.905302e-02,6.250892e-07,5.678774e-06,1.507198e-04,7.983780e-03
1541144576,20938998,18493734912,56454461,-6.363452e-02,-2.904308e-02,5.859598e-07,5.631494e-06,1.412850e-04,7.917310e-03
1541406720,20939903,18496880640,56464208,-6.365890e-02,-2.906152e-02,5.492319e-07,5.719363e-06,1.324293e-04,8.040844e-03
1541668864,20940102,18500026368,56473696,-6.365253e-02,-2.906306e-02,5.587145e-07,5.726743e-06,1.347157e-04,8.051219e-03
1541931008,20947951,18503172096,56483152,-6.365816e-02,-2.904644e-02,5.503257e-07,5.647480e-06,1.326930e-04,7.939784e-03
1542193152,20949573,18506317824,56492476,-6.363458e-02,-2.909017e-02,5.858685e-07,5.857224e-06,1.412630e-04,8.234662e-03
1542455296,20974687,18509463552,56501887,-6.360850e-02,-2.908831e-02,6.264684e-07,5.848248e-06,1.510523e-04,8.222043e-03
1542717440,20981055,18512609280,56511271,-6.357668e-02,-2.906905e-02,6.778541e-07,5.755448e-06,1.634423e-04,8.091576e-03
1542979584,20993284,18515755008,56520760,-6.355209e-02,-2.908843e-02,7.189570e-07,5.848788e-06,1.733529e-04,8.222803e-03
1543241728,21088965,18518900736,56530536,-6.354367e-02,-2.908160e-02,7.333053e-07,5.815807e-06,1.768125e-04,8.176434e-03
1543503872,21091358,18522046464,56540091,-6.356187e-02,-2.907614e-02,7.024631e-07,5.789514e-06,1.693760e-04,8.139469e-03
1543766016,21093181,18525192192,56549720,-6.357844e-02,-2.907056e-02,6.749619e-07,5.762698e-06,1.627449e-04,8.101770e-03
1544028160,21093359,18528337920,56559246,-6.356926e-02,-2.907285e-02,6.901409e-07,5.773677e-06,1.664048e-04,8.117205e-03
1544290304,21093588,18531483648,56568788,-6.356705e-02,-2.906727e-02,6.938100e-07,5.746890e-06,1.672895e-04,8.079545e-03
1544552448,21095222,18534629376,56578520,-6.355285e-02,-2.906065e-02,7.176688e-07,5.715203e-06,1.730423e-04,8.034997e-03
1544814592,21095365,18537775104,56587844,-6.356432e-02,-2.908580e-02,6.983602e-07,5.836101e-06,1.683867e-04,8.204966e-03
1545076736,21096788,18540920832,56597314,-6.357910e-02,-2.907881e-02,6.738728e-07,5.802347e-06,1.624823e-04,8.157512e-03
1545338880,21097493,18544066560,56607033,-6.358750e-02,-2.907853e-02,6.601574e-07,5.801028e-06,1.591753e-04,8.155658e-03
1545601024,21097634,18547212288,56616736,-6.357568e-02,-2.907481e-02,6.795113e-07,5.783124e-06,1.638419e-04,8.130486e-03
1545863168,21098107,18550358016,56626438,-6.358675e-02,-2.907243e-02,6.613808e-07,5.771663e-06,1.594703e-04,8.114373e-03
1546125312,21098171,18553503744,56635878,-6.360791e-02,-2.905995e-02,6.274122e-07,5.711846e-06,1.512799e-04,8.030277e-03
1546387456,21098424,18556649472,56645764,-6.361818e-02,-2.909526e-02,6.112530e-07,5.881872e-06,1.473836e-04,8.269315e-03
1546649600,21098553,18559795200,56655465,-6.361211e-02,-2.908166e-02,6.207729e-07,5.816085e-06,1.496790e-04,8.176826e-03
1546911744,21098609,18562940928,56664888,-6.361245e-02,-2.909283e-02,6.202447e-07,5.870115e-06,1.495517e-04,8.252786e-03
1547173888,21098953,18566086656,56674291,-6.362236e-02,-2.909825e-02,6.047231e-07,5.896400e-06,1.458092e-04,8.289740e-03
1547436032,21099082,18569232384,56683790,-6.360688e-02,-2.910310e-02,6.290421e-07,5.919988e-06,1.516729e-04,8.322903e-03
1547698176,21099091,18572378112,56693556,-6.360023e-02,-2.908836e-02,6.396284e-07,5.848446e-06,1.542254e-04,8.222321e-03
1547960320,21099363,18575523840,56703184,-6.357910e-02,-2.908151e-02,6.738850e-07,5.815402e-06,1.624853e-04,8.175866e-03
1548222464,21099730,18578669568,56713176,-6.358458e-02,-2.908366e-02,6.649120e-07,5.825765e-06,1.603217e-04,8.190434e-03
1548484608,21100006,18581815296,56722879,-6.359665e-02,-2.907429e-02,6.453735e-07,5.780589e-06,1.556107e-04,8.126922e-03
1548746752,21100075,18584961024,56732505,-6.360656e-02,-2.908068e-02,6.295504e-07,5.811378e-06,1.517955e-04,8.170209e-03
1549008896,21100273,18588106752,56742121,-6.360759e-02,-2.908660e-02,6.279199e-07,5.839944e-06,1.514023e-04,8.210368e-03
1549271040,21100287,18591252480,56751799,-6.358942e-02,-2.910696e-02,6.570496e-07,5.938774e-06,1.584259e-04,8.349314e-03
1549533184,21100489,18594398208,56761431,-6.356143e-02,-2.908864e-02,7.032002e-07,5.849824e-06,1.695537e-04,8.224259e-03
1549795328,21100489,18597543936,56771265,-6.354812e-02,-2.907714e-02,7.257072e-07,5.794310e-06,1.749805e-04,8.146212e-03
1550057472,21100793,18600689664,56780713,-6.355085e-02,-2.907654e-02,7.210559e-07,5.791459e-06,1.738590e-04,8.142204e-03
1550319616,21101155,18603835392,56790270,-6.355489e-02,-2.907317e-02,7.142141e-07,5.775208e-06,1.722093e-04,8.119356e-03
1550581760,21101359,18606981120,56800075,-6.354331e-02,-2.907116e-02,7.339179e-07,5.765570e-06,1.769603e-04,8.105806e-03
1550843904,21101493,18610126848,56809561,-6.352831e-02,-2.909246e-02,7.598402e-07,5.868337e-06,1.832106e-04,8.250286e-03
1551106048,21101514,18613272576,56819041,-6.353895e-02,-2.911983e-02,7.414177e-07,6.001672e-06,1.787686e-04,8.437742e-03
1551368192,21101521,18616418304,56828658,-6.353101e-02,-2.913087e-02,7.551454e-07,6.055895e-06,1.820786e-04,8.513973e-03
1551630336,21101947,18619564032,56838101,-6.351935e-02,-2.912050e-02,7.755465e-07,6.004931e-06,1.869976e-04,8.442324e-03
1551892480,21101952,18622709760,56847564,-6.353430e-02,-2.913490e-02,7.494328e-07,6.075758e-06,1.807011e-04,8.541901e-03
1552154624,21102376,18625855488,56857331,-6.351777e-02,-2.912437e-02,7.783310e-07,6.023915e-06,1.876690e-04,8.469013e-03
1552416768,21102420,18629001216,56867088,-6.352121e-02,-2.912560e-02,7.722693e-07,6.029951e-06,1.862074e-04,8.477500e-03
1552678912,21102420,18632146944,56876870,-6.352971e-02,-2.914776e-02,7.574131e-07,6.139320e-06,1.826254e-04,8.631261e-03
1552941056,21102437,18635292672,56886425,-6.352489e-02,-2.915017e-02,7.658269e-07,6.151261e-06,1.846541e-04,8.648048e-03
1553203200,21103287,18638438400,56896294,-6.349874e-02,-2.917178e-02,8.122821e-07,6.258904e-06,1.958552e-04,8.799383e-03
1553465344,21103438,18641584128,56905897,-6.349956e-02,-2.915724e-02,8.107921e-07,6.186365e-06,1.954959e-04,8.697401e-03
1553727488,21104240,18644729856,56915612,-6.351773e-02,-2.915848e-02,7.783967e-07,6.192528e-06,1.876849e-04,8.706066e-03
1553989632,21104392,18647875584,56925396,-6.350100e-02,-2.916441e-02,8.082045e-07,6.222080e-06,1.948720e-04,8.747613e-03
1554251776,21104431,18651021312,56935055,-6.348553e-02,-2.916992e-02,8.362542e-07,6.249597e-06,2.016353e-04,8.786299e-03
1554513920,21104588,18654167040,56944606,-6.349097e-02,-2.914451e-02,8.263364e-07,6.123224e-06,1.992439e-04,8.608631e-03
1554776064,21104689,18657312768,56954243,-6.349283e-02,-2.915379e-02,8.229669e-07,6.169216e-06,1.984315e-04,8.673293e-03
1555038208,21104754,18660458496,56963800,-6.350245e-02,-2.916883e-02,8.056077e-07,6.244169e-06,1.942459e-04,8.778668e-03
1555300352,21104980,18663604224,56973225,-6.349104e-02,-2.915659e-02,8.262144e-07,6.183132e-06,1.992145e-04,8.692856e-03
1555562496,21105701,18666749952,56983065,-6.348892e-02,-2.915053e-02,8.300792e-07,6.153035e-06,2.001464e-04,8.650543e-03
1555824640,21106127,18669895680,56992576,-6.350462e-02,-2.914630e-02,8.017071e-07,6.132048e-06,1.933054e-04,8.621038e-03
1556086784,21106565,18673041408,57002141,-6.351304e-02,-2.916305e-02,7.867013e-07,6.215279e-06,1.896872e-04,8.738052e-03
1556348928,21107755,18676187136,57011744,-6.351678e-02,-2.913637e-02,7.800804e-07,6.082978e-06,1.880908e-04,8.552049e-03
1556611072,21108018,18679332864,57021297,-6.350351e-02,-2.914137e-02,8.036963e-07,6.107663e-06,1.937850e-04,8.586756e-03
1556873216,21108054,18682478592,57030928,-6.352722e-02,-2.910168e-02,7.617508e-07,5.913056e-06,1.836712e-04,8.313158e-03
1557135360,21108062,18685624320,57040550,-6.353755e-02,-2.911780e-02,7.438190e-07,5.991710e-06,1.793476e-04,8.423736e-03
1557397504,21109383,18688770048,57050113,-6.351885e-02,-2.911927e-02,7.764260e-07,5.998943e-06,1.872097e-04,8.433905e-03
1557659648,21110228,18691915776,57059733,-6.353758e-02,-2.911022e-02,7.437804e-07,5.954672e-06,1.793383e-04,8.371665e-03
1557921792,21113247,18695061504,57069199,-6.353122e-02,-2.913572e-02,7.547829e-07,6.079763e-06,1.819912e-04,8.547531e-03
1558183936,21113253,18698207232,57079035,-6.350992e-02,-2.911728e-02,7.922488e-07,5.989185e-06,1.910248e-04,8.420185e-03
1558446080,21117892,18701352960,57088612,-6.349563e-02,-2.911184e-02,8.178920e-07,5.962602e-06,1.972078e-04,8.382813e-03
1558708224,21120503,18704498688,57098068,-6.347311e-02,-2.909969e-02,8.591241e-07,5.903395e-06,2.071496e-04,8.299573e-03
1558970368,21125366,18707644416,57107558,-6.347384e-02,-2.908586e-02,8.577711e-07,5.836380e-06,2.068234e-04,8.205358e-03
1559232512,21127453,18710790144,57116961,-6.346536e-02,-2.910301e-02,8.735623e-07,5.919517e-06,2.106309e-04,8.322240e-03
1559494656,21132729,18713935872,57126469,-6.347554e-02,-2.911424e-02,8.546274e-07,5.974333e-06,2.060654e-04,8.399306e-03
1559756800,21143212,18717081600,57135945,-6.348843e-02,-2.912189e-02,8.309618e-07,6.011788e-06,2.003592e-04,8.451964e-03
1560018944,21187995,18720227328,57145709,-6.348228e-02,-2.913310e-02,8.422197e-07,6.066864e-06,2.030737e-04,8.529395e-03
1560281088,21202294,18723373056,57155404,-6.348820e-02,-2.913905e-02,8.313830e-07,6.096197e-06,2.004608e-04,8.570636e-03
1560543232,21369756,18726518784,57165164,-6.345445e-02,-2.917582e-02,8.940708e-07,6.279135e-06,2.155759e-04,8.827827e-03
1560805376,21369799,18729664512,57174690,-6.346775e-02,-2.919133e-02,8.690973e-07,6.357107e-06,2.095543e-04,8.937448e-03
1561067520,21370084,18732810240,57184087,-6.346840e-02,-2.918537e-02,8.678892e-07,6.327077e-06,2.092630e-04,8.895228e-03
1561329664,21370235,18735955968,57193717,-6.348000e-02,-2.914158e-02,8.464095e-07,6.108732e-06,2.040839e-04,8.588256e-03
1561591808,21370267,18739101696,57203401,-6.348989e-02,-2.915470e-02,8.283016e-07,6.173761e-06,1.997178e-04,8.679681e-03
1561853952,21372433,18742247424,57212945,-6.348699e-02,-2.913392e-02,8.335991e-07,6.070920e-06,2.009951e-04,8.535098e-03
1562116096,21372845,18745393152,57222451,-6.347970e-02,-2.913827e-02,8.469579e-07,6.092372e-06,2.042161e-04,8.565256e-03
1562378240,21373234,18748538880,57232080,-6.349275e-02,-2.913865e-02,8.231156e-07,6.094211e-06,1.984674e-04,8.567842e-03
1562640384,21373538,18751684608,57241704,-6.347942e-02,-2.916580e-02,8.474654e-07,6.229005e-06,2.043385e-04,8.757349e-03
1562902528,21373571,18754830336,57251357,-6.350593e-02,-2.916331e-02,7.993739e-07,6.216617e-06,1.927428e-04,8.739932e-03
1563164672,21373707,18757976064,57260830,-6.350429e-02,-2.916139e-02,8.023076e-07,6.207007e-06,1.934502e-04,8.726422e-03
1563426816,21374353,18761121792,57270398,-6.351145e-02,-2.917247e-02,7.895189e-07,6.262344e-06,1.903666e-04,8.804220e-03
1563688960,21374388,18764267520,57280221,-6.351080e-02,-2.916722e-02,7.906846e-07,6.236110e-06,1.906477e-04,8.767338e-03
1563951104,21374457,18767413248,57289820,-6.352290e-02,-2.916534e-02,7.693126e-07,6.226745e-06,1.854945e-04,8.754172e-03
1564213248,21374461,18770558976,57299366,-6.350806e-02,-2.915523e-02,7.955549e-07,6.176389e-06,1.918220e-04,8.683378e-03
1564475392,21374729,18773704704,57308941,-6.352700e-02,-2.913759e-02,7.621280e-07,6.089025e-06,1.837622e-04,8.560551e-03
1564737536,21374902,18776850432,57318548,-6.352803e-02,-2.914725e-02,7.603339e-07,6.136791e-06,1.833296e-04,8.627705e-03
1564999680,21375117,18779996160,57328233,-6.351058e-02,-2.916560e-02,7.910688e-07,6.228001e-06,1.907403e-04,8.755936e-03
1565261824,21375190,18783141888,57337806,-6.350150e-02,-2.916052e-02,8.073072e-07,6.202702e-06,1.946557e-04,8.720369e-03
1565523968,21375682,18786287616,57347307,-6.349479e-02,-2.916919e-02,8.194020e-07,6.245975e-06,1.975719e-04,8.781206e-03
1565786112,21376002,18789433344,57356875,-6.347723e-02,-2.917228e-02,8.515170e-07,6.261393e-06,2.053154e-04,8.802882e-03
1566048256,21376135,18792579072,57366416,-6.349753e-02,-2.917270e-02,8.144592e-07,6.263490e-06,1.963801e-04,8.805832e-03
1566310400,21376553,18795724800,57376022,-6.350084e-02,-2.918525e-02,8.084859e-07,6.326487e-06,1.949399e-04,8.894399e-03
1566572544,21376661,18798870528,57385486,-6.351622e-02,-2.919313e-02,7.810679e-07,6.366175e-06,1.883289e-04,8.950196e-03
1566834688,21377897,18802016256,57394955,-6.351990e-02,-2.921075e-02,7.745888e-07,6.455413e-06,1.867667e-04,9.075657e-03
1567096832,21377966,18805161984,57404540,-6.350300e-02,-2.918883e-02,8.046183e-07,6.344509e-06,1.940073e-04,8.919735e-03
1567358976,21377986,18808307712,57414188,-6.352903e-02,-2.921464e-02,7.585937e-07,6.475219e-06,1.829100e-04,9.103501e-03
1567621120,21378229,18811453440,57423873,-6.349692e-02,-2.922275e-02,8.155488e-07,6.516540e-06,1.966429e-04,9.161594e-03
1567883264,21378839,18814599168,57433497,-6.349046e-02,-2.921239e-02,8.272713e-07,6.463726e-06,1.994693e-04,9.087343e-03
1568145408,21378851,18817744896,57443205,-6.351154e-02,-2.920795e-02,7.893733e-07,6.441195e-06,1.903315e-04,9.055667e-03
1568407552,21379364,18820890624,57452782,-6.346940e-02,-2.920371e-02,8.660161e-07,6.419684e-06,2.088114e-04,9.025425e-03
1568669696,21379422,18824036352,57462379,-6.349085e-02,-2.921139e-02,8.265666e-07,6.458641e-06,1.992995e-04,9.080194e-03
1568931840,21379876,18827182080,57471993,-6.349254e-02,-2.922424e-02,8.234807e-07,6.524169e-06,1.985554e-04,9.172319e-03
1569193984,21379926,18830327808,57481742,-6.347932e-02,-2.921800e-02,8.476575e-07,6.492303e-06,2.043848e-04,9.127519e-03
1569456128,21380001,18833473536,57491312,-6.346346e-02,-2.921692e-02,8.771034e-07,6.486799e-06,2.114847e-04,9.119782e-03
1569718272,21380256,18836619264,57500970,-6.346542e-02,-2.924474e-02,8.734369e-07,6.629296e-06,2.106007e-04,9.320118e-03
1569980416,21380491,18839764992,57510449,-6.348843e-02,-2.927345e-02,8.309618e-07,6.777966e-06,2.003592e-04,9.529132e-03
1570242560,21380630,18842910720,57520075,-6.348677e-02,-2.925107e-02,8.339937e-07,6.661928e-06,2.010903e-04,9.365995e-03
1570504704,21380968,18846056448,57529818,-6.349542e-02,-2.923873e-02,8.182694e-07,6.598360e-06,1.972988e-04,9.276625e-03
1570766848,21381674,18849202176,57539462,-6.346259e-02,-2.925178e-02,8.787509e-07,6.665611e-06,2.118820e-04,9.371174e-03
1571028992,21382183,18852347904,57549113,-6.344849e-02,-2.925279e-02,9.053782e-07,6.670825e-06,2.183023e-04,9.378504e-03
1571291136,21382676,18855493632,57558633,-6.344473e-02,-2.925838e-02,9.125526e-07,6.699702e-06,2.200322e-04,9.419101e-03
1571553280,21383007,18858639360,57568311,-6.341226e-02,-2.927328e-02,9.756418e-07,6.777083e-06,2.352440e-04,9.527892e-03
1571815424,21383042,18861785088,57577832,-6.344179e-02,-2.927938e-02,9.181697e-07,6.808852e-06,2.213865e-04,9.572555e-03
1572077568,21383059,18864930816,57587488,-6.343510e-02,-2.928892e-02,9.310365e-07,6.858742e-06,2.244889e-04,9.642696e-03
1572339712,21384539,18868076544,57597453,-6.344984e-02,-2.928678e-02,9.027996e-07,6.847557e-06,2.176805e-04,9.626970e-03
1572601856,21385330,18871222272,57607232,-6.346344e-02,-2.928697e-02,8.771453e-07,6.848512e-06,2.114948e-04,9.628313e-03
1572864000,21385762,18874368000,57616895,-6.345288e-02,-2.929234e-02,8.970321e-07,6.876657e-06,2.162899e-04,9.667882e-03
1573126144,21385868,18877513728,57626750,-6.345097e-02,-2.929117e-02,9.006629e-07,6.870552e-06,2.171653e-04,9.659300e-03
1573388288,21386592,18880659456,57636429,-6.343383e-02,-2.928487e-02,9.334824e-07,6.837539e-06,2.250787e-04,9.612886e-03
1573650432,21387216,18883805184,57645866,-6.343655e-02,-2.928231e-02,9.282493e-07,6.824142e-06,2.238169e-04,9.594051e-03
1573912576,21388264,18886950912,57655183,-6.344802e-02,-2.930430e-02,9.062717e-07,6.939536e-06,2.185177e-04,9.756284e-03
1574174720,21389318,18890096640,57664841,-6.344276e-02,-2.931206e-02,9.163144e-07,6.980470e-06,2.209392e-04,9.813832e-03
1574436864,21394105,18893242368,57674232,-6.346712e-02,-2.930368e-02,8.702646e-07,6.936259e-06,2.098358e-04,9.751677e-03
1574699008,21394168,18896388096,57683839,-6.345302e-02,-2.931016e-02,8.967781e-07,6.970473e-06,2.162287e-04,9.799778e-03
1574961152,21395241,18899533824,57693407,-6.346715e-02,-2.931368e-02,8.702090e-07,6.989035e-06,2.098224e-04,9.825874e-03
1575223296,21395414,18902679552,57702786,-6.347392e-02,-2.933275e-02,8.576193e-07,7.090227e-06,2.067868e-04,9.968140e-03
1575485440,21403130,18905825280,57712625,-6.351162e-02,-2.930456e-02,7.892277e-07,6.940890e-06,1.902964e-04,9.758187e-03
1575747584,21404844,18908971008,57722264,-6.352072e-02,-2.929069e-02,7.731338e-07,6.868024e-06,1.864159e-04,9.655744e-03
1576009728,21429913,18912116736,57731881,-6.352884e-02,-2.928655e-02,7.589312e-07,6.846318e-06,1.829914e-04,9.625230e-03
1576271872,21436149,18915262464,57741484,-6.357075e-02,-2.931616e-02,6.876673e-07,7.002169e-06,1.658084e-04,9.844339e-03
1576534016,21448977,18918408192,57751166,-6.356337e-02,-2.930734e-02,6.999550e-07,6.955571e-06,1.687712e-04,9.778826e-03
1576796160,21539547,18921553920,57760933,-6.354767e-02,-2.930384e-02,7.264690e-07,6.937132e-06,1.751642e-04,9.752904e-03
1577058304,21541850,18924699648,57770607,-6.355394e-02,-2.930941e-02,7.158143e-07,6.966491e-06,1.725952e-04,9.794178e-03
1577320448,21543929,18927845376,57779951,-6.358548e-02,-2.931973e-02,6.634547e-07,7.021079e-06,1.599704e-04,9.870925e-03
1577582592,21544119,18930991104,57789538,-6.359472e-02,-2.931225e-02,6.484777e-07,6.981503e-06,1.563591e-04,9.815285e-03
1577844736,21544227,18934136832,57799109,-6.359772e-02,-2.933401e-02,6.436508e-07,7.096965e-06,1.551953e-04,9.977612e-03
1578106880,21545810,18937282560,57808829,-6.357813e-02,-2.931786e-02,6.754761e-07,7.011143e-06,1.628689e-04,9.856955e-03
1578369024,21546038,18940428288,57818277,-6.356517e-02,-2.931659e-02,6.969413e-07,7.004417e-06,1.680446e-04,9.847499e-03
1578631168,21547500,18943574016,57827864,-6.361439e-02,-2.930331e-02,6.171855e-07,6.934345e-06,1.488141e-04,9.748987e-03
1578893312,21548120,18946719744,57837329,-6.362815e-02,-2.931793e-02,5.957530e-07,7.011547e-06,1.436463e-04,9.857524e-03
1579155456,21548348,18949865472,57846600,-6.363393e-02,-2.932016e-02,5.868727e-07,7.023360e-06,1.415051e-04,9.874131e-03
1579417600,21548815,18953011200,57856215,-6.361765e-02,-2.929611e-02,6.120804e-07,6.896434e-06,1.475831e-04,9.695685e-03
1579679744,21549066,18956156928,57865680,-6.361894e-02,-2.927463e-02,6.100652e-07,6.784097e-06,1.470972e-04,9.537752e-03
1579941888,21549304,18959302656,57875028,-6.359927e-02,-2.927204e-02,6.411666e-07,6.770597e-06,1.545963e-04,9.518772e-03
1580204032,21549372,18962448384,57884854,-6.360049e-02,-2.926880e-02,6.392232e-07,6.753750e-06,1.541277e-04,9.495089e-03
1580466176,21549589,18965594112,57894267,-6.360236e-02,-2.925356e-02,6.362363e-07,6.674799e-06,1.534075e-04,9.384091e-03
1580728320,21549674,18968739840,57904022,-6.360700e-02,-2.925679e-02,6.288531e-07,6.691499e-06,1.516273e-04,9.407568e-03
1580990464,21549737,18971885568,57913791,-6.360235e-02,-2.925236e-02,6.362483e-07,6.668603e-06,1.534104e-04,9.375378e-03
1581252608,21549824,18975031296,57923326,-6.361374e-02,-2.925424e-02,6.182161e-07,6.678313e-06,1.490626e-04,9.389030e-03
1581514752,21550523,18978177024,57932787,-6.363145e-02,-2.925745e-02,5.906801e-07,6.694901e-06,1.424232e-04,9.412351e-03
1581776896,21550794,18981322752,57942249,-6.363180e-02,-2.923349e-02,5.901420e-07,6.571479e-06,1.422934e-04,9.238833e-03
1582039040,21550820,18984468480,57951893,-6.364051e-02,-2.922239e-02,5.768361e-07,6.514705e-06,1.390851e-04,9.159014e-03
1582301184,21550959,18987614208,57961431,-6.363276e-02,-2.921065e-02,5.886662e-07,6.454892e-06,1.419376e-04,9.074924e-03
1582563328,21551023,18990759936,57971046,-6.362870e-02,-2.921124e-02,5.949137e-07,6.457912e-06,1.434439e-04,9.079169e-03
1582825472,21551036,18993905664,57980634,-6.362501e-02,-2.921605e-02,6.006165e-07,6.482359e-06,1.448190e-04,9.113540e-03
1583087616,21551187,18997051392,57990146,-6.361455e-02,-2.921062e-02,6.169280e-07,6.454769e-06,1.487520e-04,9.074750e-03
1583349760,21551224,19000197120,57999549,-6.361843e-02,-2.922077e-02,6.108569e-07,6.506406e-06,1.472881e-04,9.147348e-03
1583611904,21551929,19003342848,58009260,-6.360646e-02,-2.924076e-02,6.297041e-07,6.608795e-06,1.518325e-04,9.291295e-03
1583874048,21552220,19006488576,58018907,-6.359663e-02,-2.920849e-02,6.454094e-07,6.443908e-06,1.556193e-04,9.059481e-03
1584136192,21552246,19009634304,58028626,-6.358395e-02,-2.921547e-02,6.659452e-07,6.479429e-06,1.605708e-04,9.109420e-03
1584398336,21552383,19012780032,58038343,-6.358845e-02,-2.921220e-02,6.586207e-07,6.462760e-06,1.588048e-04,9.085985e-03
1584660480,21552423,19015925760,58047771,-6.359224e-02,-2.919155e-02,6.524797e-07,6.358207e-06,1.573241e-04,8.938993e-03
1584922624,21552485,19019071488,58057425,-6.358834e-02,-2.920519e-02,6.587900e-07,6.427181e-06,1.588456e-04,9.035964e-03
1585184768,21552731,19022217216,58066814,-6.359144e-02,-2.922457e-02,6.537682e-07,6.525825e-06,1.576348e-04,9.174648e-03
1585446912,21553100,19025362944,58076445,-6.356544e-02,-2.922180e-02,6.964935e-07,6.511662e-06,1.679366e-04,9.154736e-03
1585709056,21553167,19028508672,58086198,-6.357691e-02,-2.921823e-02,6.774861e-07,6.493461e-06,1.633536e-04,9.129148e-03
1585971200,21553242,19031654400,58095710,-6.354536e-02,-2.923385e-02,7.304116e-07,6.573341e-06,1.761148e-04,9.241451e-03
1586233344,21554278,19034800128,58105511,-6.351697e-02,-2.926780e-02,7.797515e-07,6.748543e-06,1.880115e-04,9.487766e-03
1586495488,21554321,19037945856,58115048,-6.351740e-02,-2.926332e-02,7.789885e-07,6.725318e-06,1.878275e-04,9.455114e-03
1586757632,21554941,19041091584,58124584,-6.354121e-02,-2.927964e-02,7.375223e-07,6.810233e-06,1.778293e-04,9.574496e-03
1587019776,21555146,19044237312,58134157,-6.356288e-02,-2.929849e-02,7.007656e-07,6.908951e-06,1.689667e-04,9.713285e-03
1587281920,21555146,19047383040,58143834,-6.354479e-02,-2.928617e-02,7.313925e-07,6.844350e-06,1.763513e-04,9.622461e-03
1587544064,21555282,19050528768,58153387,-6.355609e-02,-2.926989e-02,7.121881e-07,6.759435e-06,1.717208e-04,9.503080e-03
1587806208,21555338,19053674496,58162929,-6.356201e-02,-2.927205e-02,7.022383e-07,6.770665e-06,1.693217e-04,9.518867e-03
1588068352,21555620,19056820224,58172367,-6.357367e-02,-2.926647e-02,6.828196e-07,6.741644e-06,1.646396e-04,9.478069e-03
1588330496,21555775,19059965952,58182193,-6.356527e-02,-2.924961e-02,6.967796e-07,6.654392e-06,1.680056e-04,9.355401e-03
1588592640,21556642,19063111680,58191624,-6.355852e-02,-2.925145e-02,7.080944e-07,6.663870e-06,1.707338e-04,9.368725e-03
1588854784,21556930,19066257408,58201079,-6.358107e-02,-2.924330e-02,6.706473e-07,6.621864e-06,1.617046e-04,9.309669e-03
1589116928,21556951,19069403136,58210842,-6.360663e-02,-2.924887e-02,6.294322e-07,6.650596e-06,1.517669e-04,9.350064e-03
1589379072,21557292,19072548864,58220562,-6.360221e-02,-2.924523e-02,6.364741e-07,6.631790e-06,1.534649e-04,9.323624e-03
1589641216,21558649,19075694592,58230045,-6.359757e-02,-2.924980e-02,6.438900e-07,6.655391e-06,1.552529e-04,9.356805e-03
1589903360,21558663,19078840320,58239766,-6.360721e-02,-2.926285e-02,6.285222e-07,6.722893e-06,1.515475e-04,9.451706e-03
1590165504,21558717,19081986048,58249299,-6.361486e-02,-2.927155e-02,6.164482e-07,6.768077e-06,1.486363e-04,9.515229e-03
1590427648,21558775,19085131776,58259036,-6.360449e-02,-2.926304e-02,6.328415e-07,6.723868e-06,1.525890e-04,9.453077e-03
1590689792,21560152,19088277504,58268671,-6.362074e-02,-2.924757e-02,6.072519e-07,6.643892e-06,1.464189e-04,9.340638e-03
1590951936,21561320,19091423232,58278076,-6.360898e-02,-2.924198e-02,6.257137e-07,6.615107e-06,1.508704e-04,9.300170e-03
1591214080,21561659,19094568960,58287622,-6.359529e-02,-2.923805e-02,6.475540e-07,6.594897e-06,1.561364e-04,9.271756e-03
1591476224,21564053,19097714688,58297213,-6.359490e-02,-2.925807e-02,6.481897e-07,6.698102e-06,1.562897e-04,9.416851e-03
1591738368,21564155,19100860416,58306763,-6.360942e-02,-2.925544e-02,6.250185e-07,6.684505e-06,1.507027e-04,9.397736e-03
1592000512,21569137,19104006144,58316382,-6.362674e-02,-2.926685e-02,5.979287e-07,6.743618e-06,1.441709e-04,9.480842e-03
1592262656,21570951,19107151872,58326184,-6.361404e-02,-2.927666e-02,6.177359e-07,6.794677e-06,1.489468e-04,9.552626e-03
1592524800,21576061,19110297600,58335848,-6.364284e-02,-2.931097e-02,5.732992e-07,6.974743e-06,1.382323e-04,9.805780e-03
1592786944,21577764,19113443328,58345368,-6.363697e-02,-2.931558e-02,5.822130e-07,6.999114e-06,1.403816e-04,9.840043e-03
1593049088,21584303,19116589056,58354952,-6.366107e-02,-2.931692e-02,5.460230e-07,7.006182e-06,1.316555e-04,9.849980e-03
1593311232,21594872,19119734784,58364512,-6.366471e-02,-2.934240e-02,5.406519e-07,7.141713e-06,1.303605e-04,1.004052e-02
1593573376,21638764,19122880512,58374049,-6.366758e-02,-2.933135e-02,5.364418e-07,7.082800e-06,1.293454e-04,9.957697e-03
1593835520,21653112,19126026240,58383775,-6.366599e-02,-2.933575e-02,5.387690e-07,7.106237e-06,1.299065e-04,9.990647e-03
1594097664,21824866,19129171968,58393602,-6.366386e-02,-2.932859e-02,5.419126e-07,7.068094e-06,1.306645e-04,9.937023e-03
1594359808,21825184,19132317696,58403189,-6.365825e-02,-2.934123e-02,5.501931e-07,7.135493e-06,1.326610e-04,1.003178e-02
1594621952,21825273,19135463424,58412914,-6.365877e-02,-2.934690e-02,5.494307e-07,7.165796e-06,1.324772e-04,1.007438e-02
1594884096,21825321,19138609152,58422369,-6.364990e-02,-2.935028e-02,5.626532e-07,7.183917e-06,1.356654e-04,1.009986e-02
1595146240,21825359,19141754880,58432068,-6.364262e-02,-2.934060e-02,5.736264e-07,7.132130e-06,1.383112e-04,1.002705e-02
1595408384,21827626,19144900608,58441482,-6.367166e-02,-2.932756e-02,5.304776e-07,7.062609e-06,1.279073e-04,9.929311e-03
1595670528,21827985,19148046336,58451043,-6.367456e-02,-2.932974e-02,5.262642e-07,7.074207e-06,1.268914e-04,9.945617e-03
1595932672,21828315,19151192064,58460778,-6.367409e-02,-2.930173e-02,5.269454e-07,6.926010e-06,1.270556e-04,9.737267e-03
1596194816,21828689,19154337792,58470459,-6.368916e-02,-2.929649e-02,5.052900e-07,6.898439e-06,1.218341e-04,9.698506e-03
1596456960,21828731,19157483520,58480240,-6.368998e-02,-2.929880e-02,5.041255e-07,6.910587e-06,1.215533e-04,9.715584e-03
1596719104,21828858,19160629248,58489875,-6.370427e-02,-2.930467e-02,4.840475e-07,6.941509e-06,1.167122e-04,9.759057e-03
1596981248,21829345,19163774976,58499432,-6.369208e-02,-2.927925e-02,5.011569e-07,6.808201e-06,1.208376e-04,9.571640e-03
1597243392,21829367,19166920704,58509093,-6.368320e-02,-2.927739e-02,5.138101e-07,6.798474e-06,1.238885e-04,9.557966e-03
1597505536,21829787,19170066432,58518571,-6.366695e-02,-2.927161e-02,5.373699e-07,6.768387e-06,1.295691e-04,9.515665e-03
1597767680,21829820,19173212160,58528051,-6.367464e-02,-2.927146e-02,5.261453e-07,6.767611e-06,1.268627e-04,9.514575e-03
1598029824,21829872,19176357888,58537595,-6.369139e-02,-2.925657e-02,5.021279e-07,6.690371e-06,1.210717e-04,9.405983e-03
1598291968,21829990,19179503616,58547044,-6.370366e-02,-2.925690e-02,4.848980e-07,6.692029e-06,1.169173e-04,9.408314e-03
1598554112,21830148,19182649344,58556430,-6.371775e-02,-2.925202e-02,4.654748e-07,6.666833e-06,1.122340e-04,9.372890e-03
1598816256,21830643,19185795072,58566011,-6.370281e-02,-2.927383e-02,4.860816e-07,6.779925e-06,1.172026e-04,9.531886e-03
1599078400,21830989,19188940800,58575464,-6.371912e-02,-2.925351e-02,4.636060e-07,6.674540e-06,1.117834e-04,9.383726e-03
1599340544,21831123,19192086528,58585252,-6.369977e-02,-2.925182e-02,4.903296e-07,6.665775e-06,1.182269e-04,9.371403e-03
1599602688,21831470,19195232256,58594736,-6.368696e-02,-2.925550e-02,5.084302e-07,6.684803e-06,1.225913e-04,9.398154e-03
1599864832,21831621,19198377984,58604157,-6.367268e-02,-2.927638e-02,5.290026e-07,6.793201e-06,1.275517e-04,9.550552e-03
1600126976,21832001,19201523712,58613800,-6.364615e-02,-2.926640e-02,5.683007e-07,6.741316e-06,1.370271e-04,9.477606e-03
1600389120,21833201,19204669440,58623241,-6.365132e-02,-2.927097e-02,5.605203e-07,6.765034e-06,1.351511e-04,9.510951e-03
1600651264,21833249,19207815168,58632997,-6.366453e-02,-2.928635e-02,5.409149e-07,6.845266e-06,1.304239e-04,9.623748e-03
1600913408,21833444,19210960896,58642689,-6.367829e-02,-2.929762e-02,5.208623e-07,6.904379e-06,1.255889e-04,9.706858e-03
1601175552,21833486,19214106624,58652177,-6.369394e-02,-2.929502e-02,4.985231e-07,6.890731e-06,1.202025e-04,9.687669e-03
1601437696,21833968,19217252352,58662068,-6.370290e-02,-2.931608e-02,4.859569e-07,7.001716e-06,1.171726e-04,9.843702e-03
1601699840,21834323,19220398080,58671593,-6.368291e-02,-2.933382e-02,5.142267e-07,7.095952e-06,1.239889e-04,9.976189e-03
1601961984,21834651,19223543808,58681277,-6.370139e-02,-2.934138e-02,4.880575e-07,7.136259e-06,1.176791e-04,1.003286e-02
1602224128,21834810,19226689536,58690752,-6.370560e-02,-2.934860e-02,4.821935e-07,7.174904e-06,1.162652e-04,1.008719e-02
1602486272,21834919,19229835264,58700254,-6.373616e-02,-2.935110e-02,4.406925e-07,7.188301e-06,1.062586e-04,1.010602e-02
1602748416,21835125,19232980992,58709954,-6.374509e-02,-2.936014e-02,4.289117e-07,7.236834e-06,1.034180e-04,1.017425e-02
1603010560,21835201,19236126720,58719523,-6.373263e-02,-2.937157e-02,4.453838e-07,7.298507e-06,1.073897e-04,1.026096e-02
1603272704,21835532,19239272448,58729180,-6.374030e-02,-2.936024e-02,4.352096e-07,7.237385e-06,1.049365e-04,1.017503e-02
1603534848,21835550,19242418176,58738512,-6.371444e-02,-2.937432e-02,4.699894e-07,7.313349e-06,1.133225e-04,1.028183e-02
1603796992,21835785,19245563904,58748196,-6.371326e-02,-2.937520e-02,4.716151e-07,7.318125e-06,1.137145e-04,1.028854e-02
1604059136,21836605,19248709632,58757932,-6.371092e-02,-2.935777e-02,4.748338e-07,7.224132e-06,1.144906e-04,1.015640e-02
1604321280,21837175,19251855360,58767501,-6.368074e-02,-2.936080e-02,5.173409e-07,7.240402e-06,1.247398e-04,1.017927e-02
1604583424,21837389,19255001088,58777074,-6.365134e-02,-2.936530e-02,5.604980e-07,7.264640e-06,1.351457e-04,1.021335e-02
1604845568,21837428,19258146816,58786757,-6.365714e-02,-2.938455e-02,5.518412e-07,7.368782e-06,1.330584e-04,1.035976e-02
1605107712,21838201,19261292544,58796458,-6.365535e-02,-2.936962e-02,5.545122e-07,7.287933e-06,1.337024e-04,1.024610e-02
1605369856,21838212,19264438272,58805980,-6.366813e-02,-2.935153e-02,5.356345e-07,7.190618e-06,1.291507e-04,1.010928e-02
1605632000,21838382,19267584000,58815502,-6.366085e-02,-2.936166e-02,5.463534e-07,7.245054e-06,1.317352e-04,1.018581e-02
1605894144,21839906,19270729728,58824916,-6.365281e-02,-2.936474e-02,5.582913e-07,7.261619e-06,1.346137e-04,1.020910e-02
1606156288,21840271,19273875456,58834542,-6.366289e-02,-2.936715e-02,5.433286e-07,7.274624e-06,1.310059e-04,1.022738e-02
1606418432,21840985,19277021184,58844096,-6.367513e-02,-2.939663e-02,5.254429e-07,7.434488e-06,1.266933e-04,1.045213e-02
1606680576,21841255,19280166912,58853857,-6.366480e-02,-2.940070e-02,5.405204e-07,7.456698e-06,1.303288e-04,1.048336e-02
1606942720,21842101,19283312640,58863566,-6.367368e-02,-2.940059e-02,5.275405e-07,7.456098e-06,1.271991e-04,1.048252e-02
1607204864,21842329,19286458368,58873095,-6.367457e-02,-2.939169e-02,5.262534e-07,7.407625e-06,1.268888e-04,1.041437e-02
1607467008,21843658,19289604096,58882703,-6.367391e-02,-2.940022e-02,5.272051e-07,7.454084e-06,1.271182e-04,1.047969e-02
1607729152,21844659,19292749824,58892502,-6.368880e-02,-2.939701e-02,5.058092e-07,7.436560e-06,1.219593e-04,1.045505e-02
1607991296,21849371,19295895552,58902082,-6.369492e-02,-2.938485e-02,4.971458e-07,7.370420e-06,1.198704e-04,1.036206e-02
1608253440,21849381,19299041280,58911504,-6.369542e-02,-2.939265e-02,4.964317e-07,7.412827e-06,1.196982e-04,1.042168e-02
1608515584,21850675,19302187008,58921117,-6.367482e-02,-2.937656e-02,5.258859e-07,7.325494e-06,1.268002e-04,1.029890e-02
1608777728,21850679,19305332736,58930629,-6.367288e-02,-2.939502e-02,5.287101e-07,7.425714e-06,1.274811e-04,1.043980e-02
1609039872,21858482,19308478464,58940178,-6.367448e-02,-2.937892e-02,5.263831e-07,7.338274e-06,1.269200e-04,1.031687e-02
1609302016,21860610,19311624192,58949892,-6.365933e-02,-2.936278e-02,5.485916e-07,7.251062e-06,1.322749e-04,1.019426e-02
1609564160,21885449,19314769920,58959457,-6.368131e-02,-2.934108e-02,5.165160e-07,7.134657e-06,1.245409e-04,1.003060e-02
1609826304,21891437,19317915648,58969090,-6.367388e-02,-2.936970e-02,5.272591e-07,7.288406e-06,1.271313e-04,1.024676e-02
1610088448,21904810,19321061376,58978505,-6.370832e-02,-2.938374e-02,4.784241e-07,7.364404e-06,1.153563e-04,1.035361e-02
1610350592,21990042,19324207104,58988245,-6.370421e-02,-2.939685e-02,4.841305e-07,7.435737e-06,1.167322e-04,1.045389e-02
1610612736,21992416,19327352832,58998054,-6.373140e-02,-2.940508e-02,4.470262e-07,7.480663e-06,1.077857e-04,1.051705e-02
1610874880,21994469,19330498560,59007907,-6.374240e-02,-2.942531e-02,4.324419e-07,7.591725e-06,1.042692e-04,1.067320e-02
1611137024,21994645,19333644288,59017759,-6.372530e-02,-2.941955e-02,4.552231e-07,7.560051e-06,1.097621e-04,1.062867e-02
1611399168,21994876,19336790016,59027075,-6.372097e-02,-2.942383e-02,4.610831e-07,7.583567e-06,1.111751e-04,1.066173e-02
1611661312,21996442,19339935744,59036587,-6.375680e-02,-2.942716e-02,4.137077e-07,7.601931e-06,9.975206e-05,1.068754e-02
1611923456,21996673,19343081472,59046288,-6.376225e-02,-2.941337e-02,4.067312e-07,7.526084e-06,9.806990e-05,1.058091e-02
1612185600,21998174,19346227200,59055730,-6.376020e-02,-2.941984e-02,4.093488e-07,7.561619e-06,9.870104e-05,1.063087e-02
1612447744,21998853,19349372928,59065373,-6.378578e-02,-2.942653e-02,3.772734e-07,7.598460e-06,9.096711e-05,1.068266e-02
1612709888,21998953,19352518656,59075129,-6.381168e-02,-2.942370e-02,3.461207e-07,7.582890e-06,8.345565e-05,1.066077e-02
1612972032,21999483,19355664384,59084726,-6.378080e-02,-2.942472e-02,3.834122e-07,7.588492e-06,9.244728e-05,1.066865e-02
1613234176,21999817,19358810112,59094474,-6.378540e-02,-2.942148e-02,3.777403e-07,7.570636e-06,9.107970e-05,1.064355e-02
1613496320,22000021,19361955840,59104289,-6.376044e-02,-2.942399e-02,4.090438e-07,7.584439e-06,9.862750e-05,1.066295e-02
1613758464,22000221,19365101568,59113841,-6.377079e-02,-2.943069e-02,3.959040e-07,7.621418e-06,9.545926e-05,1.071494e-02
1614020608,22000286,19368247296,59123534,-6.375547e-02,-2.941580e-02,4.154251e-07,7.539395e-06,1.001662e-04,1.059963e-02
1614282752,22000346,19371393024,59133280,-6.376459e-02,-2.939276e-02,4.037526e-07,7.413405e-06,9.735171e-05,1.042250e-02
1614544896,22000390,19374538752,59142690,-6.377439e-02,-2.939776e-02,3.913883e-07,7.440664e-06,9.437046e-05,1.046082e-02
1614807040,22000587,19377684480,59152063,-6.378270e-02,-2.939175e-02,3.810629e-07,7.407909e-06,9.188084e-05,1.041477e-02
1615069184,22001368,19380830208,59161876,-6.379278e-02,-2.939535e-02,3.687190e-07,7.427541e-06,8.890448e-05,1.044237e-02
1615331328,22001446,19383975936,59171687,-6.379185e-02,-2.939846e-02,3.698509e-07,7.444486e-06,8.917741e-05,1.046619e-02
1615593472,22001532,19387121664,59181225,-6.377864e-02,-2.942301e-02,3.860926e-07,7.579044e-06,9.309359e-05,1.065537e-02
1615855616,22001636,19390267392,59190992,-6.383116e-02,-2.944799e-02,3.235839e-07,7.717218e-06,7.802165e-05,1.084963e-02
1616117760,22001782,19393413120,59200574,-6.385628e-02,-2.944037e-02,2.956326e-07,7.674949e-06,7.128211e-05,1.079020e-02
1616379904,22001827,19396558848,59210259,-6.387760e-02,-2.941582e-02,2.728991e-07,7.539529e-06,6.580068e-05,1.059981e-02
1616642048,22001886,19399704576,59219939,-6.387769e-02,-2.942060e-02,2.728135e-07,7.565779e-06,6.578003e-05,1.063672e-02
1616904192,22001937,19402850304,59229574,-6.388075e-02,-2.943155e-02,2.696240e-07,7.626170e-06,6.501099e-05,1.072162e-02
1617166336,22002839,19405996032,59239367,-6.389706e-02,-2.943805e-02,2.529526e-07,7.662085e-06,6.099125e-05,1.077211e-02
1617428480,22002957,19409141760,59249058,-6.388494e-02,-2.944060e-02,2.652931e-07,7.676208e-06,6.396673e-05,1.079197e-02
1617690624,22003143,19412287488,59258524,-6.388864e-02,-2.943155e-02,2.614923e-07,7.626160e-06,6.305028e-05,1.072161e-02
1617952768,22003242,19415433216,59268210,-6.388081e-02,-2.943615e-02,2.695621e-07,7.651581e-06,6.499606e-05,1.075735e-02
1618214912,22003252,19418578944,59277831,-6.387611e-02,-2.945706e-02,2.744582e-07,7.767730e-06,6.617660e-05,1.092064e-02
1618477056,22003282,19421724672,59287477,-6.387056e-02,-2.944738e-02,2.803049e-07,7.713824e-06,6.758633e-05,1.084485e-02
1618739200,22003529,19424870400,59297279,-6.388368e-02,-2.943064e-02,2.665841e-07,7.621109e-06,6.427801e-05,1.071451e-02
1619001344,22003764,19428016128,59306811,-6.390610e-02,-2.944267e-02,2.439362e-07,7.687700e-06,5.881723e-05,1.080813e-02
1619263488,22003896,19431161856,59316503,-6.389717e-02,-2.942696e-02,2.528403e-07,7.600842e-06,6.096414e-05,1.068601e-02
1619525632,22004019,19434307584,59326040,-6.389759e-02,-2.942135e-02,2.524133e-07,7.569929e-06,6.086120e-05,1.064255e-02
1619787776,22005041,19437453312,59335673,-6.391218e-02,-2.941479e-02,2.379677e-07,7.533873e-06,5.737811e-05,1.059186e-02
1620049920,22005179,19440599040,59345397,-6.392866e-02,-2.941714e-02,2.221601e-07,7.546772e-06,5.356663e-05,1.061000e-02
1620312064,22005668,19443744768,59354918,-6.391965e-02,-2.942169e-02,2.307398e-07,7.571805e-06,5.563534e-05,1.064519e-02
1620574208,22005872,19446890496,59364492,-6.391948e-02,-2.941669e-02,2.309045e-07,7.544296e-06,5.567505e-05,1.060652e-02
1620836352,22005878,19450036224,59373734,-6.392250e-02,-2.941774e-02,2.280065e-07,7.550078e-06,5.497629e-05,1.061464e-02
1621098496,22005906,19453181952,59383092,-6.394448e-02,-2.941590e-02,2.074994e-07,7.539948e-06,5.003169e-05,1.060040e-02
1621360640,22006138,19456327680,59392639,-6.395292e-02,-2.941550e-02,1.998801e-07,7.537759e-06,4.819454e-05,1.059732e-02
1621622784,22006498,19459473408,59402424,-6.393837e-02,-2.940170e-02,2.131027e-07,7.462162e-06,5.138274e-05,1.049104e-02
1621884928,22006549,19462619136,59411765,-6.391292e-02,-2.939167e-02,2.372486e-07,7.407483e-06,5.720472e-05,1.041417e-02
1622147072,22007471,19465764864,59421227,-6.390714e-02,-2.935862e-02,2.429143e-07,7.228699e-06,5.857081e-05,1.016282e-02
1622409216,22007707,19468910592,59430874,-6.389052e-02,-2.935919e-02,2.595680e-07,7.231744e-06,6.258632e-05,1.016710e-02
1622671360,22008011,19472056320,59440443,-6.389926e-02,-2.938120e-02,2.507466e-07,7.350621e-06,6.045933e-05,1.033423e-02
1622933504,22009214,19475202048,59450046,-6.388563e-02,-2.939412e-02,2.645798e-07,7.420852e-06,6.379475e-05,1.043297e-02
1623195648,22009341,19478347776,59459665,-6.387947e-02,-2.938579e-02,2.709565e-07,7.375519e-06,6.533228e-05,1.036923e-02
1623457792,22009573,19481493504,59469121,-6.389180e-02,-2.933531e-02,2.582714e-07,7.103883e-06,6.227369e-05,9.987339e-03
1623719936,22009656,19484639232,59478616,-6.388517e-02,-2.933789e-02,2.650552e-07,7.117661e-06,6.390938e-05,1.000671e-02
1623982080,22010901,19487784960,59488065,-6.388357e-02,-2.934158e-02,2.667072e-07,7.137364e-06,6.430770e-05,1.003441e-02
1624244224,22012219,19490930688,59497829,-6.387229e-02,-2.934585e-02,2.784776e-07,7.160153e-06,6.714573e-05,1.006645e-02
1624506368,22014839,19494076416,59507563,-6.387080e-02,-2.933370e-02,2.800525e-07,7.095307e-06,6.752548e-05,9.975282e-03
1624768512,22015004,19497222144,59516937,-6.387588e-02,-2.934306e-02,2.747003e-07,7.145248e-06,6.623496e-05,1.004549e-02
1625030656,22015927,19500367872,59526387,-6.387104e-02,-2.936917e-02,2.798002e-07,7.285520e-06,6.746465e-05,1.024270e-02
1625292800,22020379,19503513600,59535699,-6.389192e-02,-2.938427e-02,2.581427e-07,7.367265e-06,6.224265e-05,1.035763e-02
1625554944,22020847,19506659328,59545182,-6.390913e-02,-2.936675e-02,2.409573e-07,7.272474e-06,5.809896e-05,1.022436e-02
1625817088,22021782,19509805056,59554819,-6.391710e-02,-2.937349e-02,2.331943e-07,7.308887e-06,5.622716e-05,1.027555e-02
1626079232,22026694,19512950784,59564460,-6.390776e-02,-2.937190e-02,2.423051e-07,7.300258e-06,5.842393e-05,1.026342e-02
1626341376,22028329,19516096512,59574046,-6.391138e-02,-2.937435e-02,2.387534e-07,7.313511e-06,5.756755e-05,1.028205e-02
1626603520,22035860,19519242240,59583711,-6.391256e-02,-2.938629e-02,2.375971e-07,7.378210e-06,5.728875e-05,1.037301e-02
1626865664,22046477,19522387968,59593418,-6.392163e-02,-2.936457e-02,2.288398e-07,7.260685e-06,5.517721e-05,1.020779e-02
1627127808,22089500,19525533696,59603186,-6.393213e-02,-2.936328e-02,2.189062e-07,7.253750e-06,5.278205e-05,1.019804e-02
1627389952,22103851,19528679424,59612642,-6.392793e-02,-2.936943e-02,2.228560e-07,7.286938e-06,5.373442e-05,1.024470e-02
1627652096,22280053,19531825152,59622122,-6.392607e-02,-2.937797e-02,2.246110e-07,7.333108e-06,5.415758e-05,1.030961e-02
1627914240,22280140,19534970880,59631949,-6.393113e-02,-2.939847e-02,2.198414e-07,7.444547e-06,5.300755e-05,1.046628e-02
1628176384,22280234,19538116608,59641323,-6.389098e-02,-2.939110e-02,2.591051e-07,7.404401e-06,6.247470e-05,1.040984e-02
1628438528,22280325,19541262336,59650985,-6.388078e-02,-2.938770e-02,2.695930e-07,7.385882e-06,6.500352e-05,1.038380e-02
1628700672,22280597,19544408064,59660667,-6.387985e-02,-2.938248e-02,2.705533e-07,7.357562e-06,6.523506e-05,1.034399e-02
1628962816,22282939,19547553792,59670403,-6.389000e-02,-2.939283e-02,2.601073e-07,7.413832e-06,6.271635e-05,1.042309e-02
1629224960,22283037,19550699520,59680224,-6.389786e-02,-2.936649e-02,2.521514e-07,7.271078e-06,6.079804e-05,1.022240e-02
1629487104,22283130,19553845248,59689888,-6.390462e-02,-2.935558e-02,2.454030e-07,7.212362e-06,5.917089e-05,1.013985e-02
1629749248,22283495,19556990976,59699520,-6.391348e-02,-2.934260e-02,2.367046e-07,7.142799e-06,5.707354e-05,1.004205e-02
1630011392,22283710,19560136704,59708966,-6.390521e-02,-2.934152e-02,2.448202e-07,7.137005e-06,5.903036e-05,1.003391e-02
1630273536,22283976,19563282432,59718510,-6.388466e-02,-2.933374e-02,2.655771e-07,7.095535e-06,6.403522e-05,9.975603e-03
1630535680,22284226,19566428160,59727944,-6.388796e-02,-2.933848e-02,2.621861e-07,7.120773e-06,6.321759e-05,1.001108e-02
1630797824,22284528,19569573888,59737459,-6.387359e-02,-2.934426e-02,2.771110e-07,7.151652e-06,6.681623e-05,1.005450e-02
1631059968,22284844,19572719616,59746929,-6.385468e-02,-2.935041e-02,2.973771e-07,7.184596e-06,7.170274e-05,1.010081e-02
1631322112,22284876,19575865344,59756560,-6.384021e-02,-2.933313e-02,3.133670e-07,7.092241e-06,7.555819e-05,9.970971e-03
1631584256,22284960,19579011072,59766395,-6.382510e-02,-2.931048e-02,3.305120e-07,6.972116e-06,7.969212e-05,9.802087e-03
1631846400,22285100,19582156800,59775935,-6.380844e-02,-2.929324e-02,3.499447e-07,6.881396e-06,8.437768e-05,9.674544e-03
1632108544,22285427,19585302528,59785578,-6.381525e-02,-2.929975e-02,3.419342e-07,6.915592e-06,8.244622e-05,9.722621e-03
1632370688,22286136,19588448256,59795191,-6.377334e-02,-2.931110e-02,3.927039e-07,6.975411e-06,9.468768e-05,9.806721e-03
1632632832,22286248,19591593984,59804749,-6.377365e-02,-2.931580e-02,3.923211e-07,7.000277e-06,9.459537e-05,9.841679e-03
1632894976,22286298,19594739712,59814497,-6.377080e-02,-2.930864e-02,3.958946e-07,6.962420e-06,9.545700e-05,9.788457e-03
1633157120,22286726,19597885440,59824213,-6.379727e-02,-2.928436e-02,3.632830e-07,6.834899e-06,8.759378e-05,9.609176e-03
1633419264,22286794,19601031168,59833703,-6.375792e-02,-2.928997e-02,4.122713e-07,6.864236e-06,9.940571e-05,9.650419e-03
1633681408,22287472,19604176896,59843522,-6.373748e-02,-2.929097e-02,4.389335e-07,6.869479e-06,1.058344e-04,9.657789e-03
1633943552,22288368,19607322624,59853071,-6.375971e-02,-2.928054e-02,4.099783e-07,6.814909e-06,9.885283e-05,9.581071e-03
1634205696,22288386,19610468352,59862659,-6.376150e-02,-2.927417e-02,4.076916e-07,6.781690e-06,9.830146e-05,9.534368e-03
1634467840,22288624,19613614080,59872255,-6.377136e-02,-2.928552e-02,3.951917e-07,6.840949e-06,9.528752e-05,9.617680e-03
1634729984,22289011,19616759808,59881939,-6.375843e-02,-2.928532e-02,4.116210e-07,6.839896e-06,9.924890e-05,9.616200e-03
1634992128,22289153,19619905536,59891369,-6.375214e-02,-2.928953e-02,4.197294e-07,6.861913e-06,1.012040e-04,9.647153e-03
1635254272,22289770,19623051264,59900992,-6.374907e-02,-2.929195e-02,4.237065e-07,6.874644e-06,1.021629e-04,9.665052e-03
1635516416,22289848,19626196992,59910593,-6.373069e-02,-2.927610e-02,4.479832e-07,6.791754e-06,1.080165e-04,9.548518e-03
1635778560,22289861,19629342720,59920371,-6.371838e-02,-2.928858e-02,4.646110e-07,6.856967e-06,1.120257e-04,9.640200e-03
1636040704,22290028,19632488448,59929918,-6.373896e-02,-2.927721e-02,4.369710e-07,6.797552e-06,1.053612e-04,9.556668e-03
1636302848,22290167,19635634176,59939402,-6.374757e-02,-2.928377e-02,4.256681e-07,6.831812e-06,1.026359e-04,9.604835e-03
1636564992,22290221,19638779904,59948726,-6.375170e-02,-2.929557e-02,4.202895e-07,6.893596e-06,1.013390e-04,9.691698e-03
1636827136,22290757,19641925632,59958472,-6.374034e-02,-2.929860e-02,4.351507e-07,6.909529e-06,1.049223e-04,9.714097e-03
1637089280,22290766,19645071360,59968203,-6.374139e-02,-2.928925e-02,4.337658e-07,6.860469e-06,1.045884e-04,9.645124e-03
1637351424,22290912,19648217088,59977711,-6.375205e-02,-2.926696e-02,4.198452e-07,6.744208e-06,1.012319e-04,9.481672e-03
1637613568,22292191,19651362816,59987157,-6.373167e-02,-2.927667e-02,4.466676e-07,6.794745e-06,1.076993e-04,9.552722e-03
1637875712,22292365,19654508544,59996734,-6.371484e-02,-2.927756e-02,4.694481e-07,6.799368e-06,1.131920e-04,9.559222e-03
1638137856,22292400,19657654272,60006534,-6.371881e-02,-2.926832e-02,4.640221e-07,6.751243e-06,1.118837e-04,9.491564e-03
1638400000,22292623,19660800000,60016129,-6.374219e-02,-2.928242e-02,4.327163e-07,6.824735e-06,1.043353e-04,9.594885e-03
1638662144,22293330,19663945728,60025820,-6.373640e-02,-2.927256e-02,4.403661e-07,6.773301e-06,1.061798e-04,9.522575e-03
1638924288,22293356,19667091456,60035452,-6.374337e-02,-2.927360e-02,4.311690e-07,6.778741e-06,1.039623e-04,9.530224e-03
1639186432,22293779,19670237184,60045130,-6.374964e-02,-2.926872e-02,4.229697e-07,6.753325e-06,1.019853e-04,9.494489e-03
1639448576,22295114,19673382912,60054663,-6.374218e-02,-2.927218e-02,4.327359e-07,6.771343e-06,1.043401e-04,9.519821e-03
1639710720,22295278,19676528640,60064325,-6.374758e-02,-2.928634e-02,4.256486e-07,6.845256e-06,1.026312e-04,9.623735e-03
1639972864,22296012,19679674368,60073932,-6.375197e-02,-2.928589e-02,4.199514e-07,6.842878e-06,1.012575e-04,9.620393e-03
1640235008,22296906,19682820096,60083654,-6.376707e-02,-2.930135e-02,4.006058e-07,6.923980e-06,9.659296e-05,9.734415e-03
1640497152,22297218,19685965824,60093327,-6.376327e-02,-2.931112e-02,4.054303e-07,6.975520e-06,9.775622e-05,9.806873e-03
1640759296,22297465,19689111552,60102787,-6.376702e-02,-2.928196e-02,4.006718e-07,6.822361e-06,9.660887e-05,9.591547e-03
1641021440,22298558,19692257280,60112549,-6.374817e-02,-2.928082e-02,4.248907e-07,6.816398e-06,1.024485e-04,9.583163e-03
1641283584,22300055,19695403008,60122023,-6.375405e-02,-2.929739e-02,4.172520e-07,6.903176e-06,1.006066e-04,9.705164e-03
1641545728,22304448,19698548736,60131782,-6.376573e-02,-2.928041e-02,4.023053e-07,6.814258e-06,9.700272e-05,9.580156e-03
1641807872,22304669,19701694464,60141307,-6.375636e-02,-2.927067e-02,4.142734e-07,6.763464e-06,9.988846e-05,9.508744e-03
1642070016,22305712,19704840192,60150847,-6.377012e-02,-2.926061e-02,3.967482e-07,6.711239e-06,9.566283e-05,9.435321e-03
1642332160,22305901,19707985920,60160410,-6.375851e-02,-2.926962e-02,4.115062e-07,6.758040e-06,9.922126e-05,9.501118e-03
1642594304,22313832,19711131648,60170216,-6.377652e-02,-2.926081e-02,3.887360e-07,6.712311e-06,9.373093e-05,9.436828e-03
1642856448,22315870,19714277376,60179794,-6.379363e-02,-2.925456e-02,3.676882e-07,6.679959e-06,8.865595e-05,9.391344e-03
1643118592,22340640,19717423104,60189225,-6.377102e-02,-2.926790e-02,3.956227e-07,6.749085e-06,9.539144e-05,9.488529e-03
1643380736,22346653,19720568832,60198879,-6.375696e-02,-2.926275e-02,4.135065e-07,6.722352e-06,9.970353e-05,9.450945e-03
1643642880,22360077,19723714560,60208500,-6.375692e-02,-2.927442e-02,4.135544e-07,6.782991e-06,9.971509e-05,9.536196e-03
1643905024,22440693,19726860288,60218078,-6.377356e-02,-2.926955e-02,3.924331e-07,6.757652e-06,9.462238e-05,9.500573e-03
1644167168,22443182,19730006016,60227667,-6.377459e-02,-2.927372e-02,3.911460e-07,6.779343e-06,9.431202e-05,9.531069e-03
1644429312,22445256,19733151744,60237053,-6.376819e-02,-2.927838e-02,3.991923e-07,6.803672e-06,9.625214e-05,9.565273e-03
1644691456,22445435,19736297472,60246762,-6.375806e-02,-2.927718e-02,4.120895e-07,6.797396e-06,9.936189e-05,9.556449e-03
1644953600,22445730,19739443200,60256251,-6.374847e-02,-2.930217e-02,4.244926e-07,6.928334e-06,1.023525e-04,9.740534e-03
1645215744,22447283,19742588928,60265625,-6.375672e-02,-2.932364e-02,4.138132e-07,7.041784e-06,9.977748e-05,9.900033e-03
1645477888,22447388,19745734656,60275192,-6.373879e-02,-2.932542e-02,4.372075e-07,7.051277e-06,1.054183e-04,9.913380e-03
1645740032,22449022,19748880384,60284737,-6.372885e-02,-2.929640e-02,4.504400e-07,6.897969e-06,1.086089e-04,9.697845e-03
1646002176,22449605,19752026112,60294468,-6.372696e-02,-2.929925e-02,4.529838e-07,6.912976e-06,1.092222e-04,9.718944e-03
1646264320,22449829,19755171840,60304366,-6.374656e-02,-2.929369e-02,4.269816e-07,6.883751e-06,1.029526e-04,9.677854e-03
1646526464,22450377,19758317568,60313984,-6.374661e-02,-2.930544e-02,4.269232e-07,6.945524e-06,1.029385e-04,9.764702e-03
1646788608,22450589,19761463296,60323637,-6.373650e-02,-2.929961e-02,4.402376e-07,6.914857e-06,1.061489e-04,9.721588e-03
1647050752,22450896,19764609024,60333111,-6.375058e-02,-2.928591e-02,4.217495e-07,6.842995e-06,1.016911e-04,9.620557e-03
1647312896,22451116,19767754752,60342530,-6.375796e-02,-2.925371e-02,4.122139e-07,6.675579e-06,9.939187e-05,9.385186e-03
1647575040,22451146,19770900480,60352028,-6.376262e-02,-2.925674e-02,4.062562e-07,6.691238e-06,9.795535e-05,9.407203e-03
1647837184,22451152,19774046208,60361449,-6.377348e-02,-2.923722e-02,3.925265e-07,6.590631e-06,9.464489e-05,9.265757e-03
1648099328,22451213,19777191936,60371129,-6.378473e-02,-2.923956e-02,3.785559e-07,6.602648e-06,9.127635e-05,9.282653e-03
1648361472,22451312,19780337664,60380684,-6.378485e-02,-2.926535e-02,3.784092e-07,6.735852e-06,9.124097e-05,9.469924e-03
1648623616,22452233,19783483392,60390312,-6.379823e-02,-2.926983e-02,3.621343e-07,6.759115e-06,8.731682e-05,9.502631e-03
1648885760,22452288,19786629120,60399831,-6.378913e-02,-2.927589e-02,3.731660e-07,6.790667e-06,8.997674e-05,9.546989e-03
1649147904,22452409,19789774848,60409305,-6.378504e-02,-2.925774e-02,3.781801e-07,6.696385e-06,9.118574e-05,9.414439e-03
1649410048,22452511,19792920576,60418994,-6.377215e-02,-2.927072e-02,3.941994e-07,6.763726e-06,9.504825e-05,9.509113e-03
1649672192,22452644,19796066304,60428434,-6.375495e-02,-2.925866e-02,4.160881e-07,6.701168e-06,1.003260e-04,9.421162e-03
1649934336,22452820,19799212032,60437871,-6.373885e-02,-2.923443e-02,4.371188e-07,6.576293e-06,1.053969e-04,9.245601e-03
1650196480,22452853,19802357760,60447546,-6.374548e-02,-2.922816e-02,4.283946e-07,6.544185e-06,1.032933e-04,9.200461e-03
1650458624,22452877,19805503488,60457359,-6.373239e-02,-2.922898e-02,4.457021e-07,6.548398e-06,1.074665e-04,9.206383e-03
1650720768,22453692,19808649216,60466935,-6.374818e-02,-2.922497e-02,4.248713e-07,6.527880e-06,1.024438e-04,9.177539e-03
1650982912,22453846,19811794944,60476545,-6.375655e-02,-2.922694e-02,4.140337e-07,6.537945e-06,9.983066e-05,9.191687e-03
1651245056,22454113,19814940672,60486256,-6.375234e-02,-2.923986e-02,4.194687e-07,6.604189e-06,1.011411e-04,9.284819e-03
1651507200,22454174,19818086400,60495773,-6.374694e-02,-2.921489e-02,4.264949e-07,6.476471e-06,1.028353e-04,9.105261e-03
1651769344,22454194,19821232128,60505401,-6.376991e-02,-2.922425e-02,3.970111e-07,6.524188e-06,9.572620e-05,9.172347e-03
1652031488,22454249,19824377856,60515020,-6.378929e-02,-2.920919e-02,3.729748e-07,6.447483e-06,8.993065e-05,9.064508e-03
1652293632,22454428,19827523584,60524524,-6.378189e-02,-2.924177e-02,3.820570e-07,6.613986e-06,9.212053e-05,9.298595e-03
1652555776,22454600,19830669312,60534164,-6.376852e-02,-2.924708e-02,3.987688e-07,6.641348e-06,9.615001e-05,9.337062e-03
1652817920,22454898,19833815040,60543721,-6.379291e-02,-2.924570e-02,3.685651e-07,6.634236e-06,8.886740e-05,9.327063e-03
1653080064,22454973,19836960768,60553481,-6.377947e-02,-2.926646e-02,3.850563e-07,6.741625e-06,9.284371e-05,9.478041e-03
1653342208,22456101,19840106496,60562938,-6.380623e-02,-2.925160e-02,3.525676e-07,6.664668e-06,8.501012e-05,9.369847e-03
1653604352,22456290,19843252224,60572520,-6.380430e-02,-2.924522e-02,3.548629e-07,6.631770e-06,8.556357e-05,9.323596e-03
1653866496,22456517,19846397952,60582110,-6.380747e-02,-2.924467e-02,3.510915e-07,6.628921e-06,8.465421e-05,9.319591e-03
1654128640,22456596,19849543680,60591818,-6.379656e-02,-2.922901e-02,3.641457e-07,6.548551e-06,8.780180e-05,9.206599e-03
1654390784,22456722,19852689408,60601499,-6.382792e-02,-2.921623e-02,3.272732e-07,6.483289e-06,7.891120e-05,9.114846e-03
1654652928,22456797,19855835136,60611134,-6.385113e-02,-2.922690e-02,3.012576e-07,6.537745e-06,7.263840e-05,9.191406e-03
1654915072,22457039,19858980864,60620938,-6.385896e-02,-2.921793e-02,2.927310e-07,6.491943e-06,7.058249e-05,9.127012e-03
1655177216,22457394,19862126592,60630496,-6.385686e-02,-2.919486e-02,2.950009e-07,6.374900e-06,7.112981e-05,8.962464e-03
1655439360,22457535,19865272320,60640112,-6.385060e-02,-2.919634e-02,3.018386e-07,6.382418e-06,7.277848e-05,8.973031e-03
1655701504,22458442,19868418048,60649703,-6.385147e-02,-2.919292e-02,3.008897e-07,6.365150e-06,7.254968e-05,8.948755e-03
1655963648,22458701,19871563776,60659344,-6.383198e-02,-2.918624e-02,3.226522e-07,6.331454e-06,7.779701e-05,8.901382e-03
1656225792,22458928,19874709504,60668787,-6.382522e-02,-2.918613e-02,3.303749e-07,6.330910e-06,7.965908e-05,8.900617e-03
1656487936,22459860,19877855232,60678366,-6.379722e-02,-2.918428e-02,3.633459e-07,6.321624e-06,8.760895e-05,8.887563e-03
1656750080,22460037,19881000960,60687999,-6.378569e-02,-2.917907e-02,3.773741e-07,6.295454e-06,9.099139e-05,8.850769e-03
1657012224,22460440,19884146688,60697632,-6.377689e-02,-2.917218e-02,3.882716e-07,6.260927e-06,9.361896e-05,8.802227e-03
1657274368,22460557,19887292416,60707341,-6.375914e-02,-2.917285e-02,4.107037e-07,6.264255e-06,9.902774e-05,8.806907e-03
1657536512,22461836,19890438144,60716962,-6.374780e-02,-2.914920e-02,4.253667e-07,6.146411e-06,1.025633e-04,8.641231e-03
1657798656,22463364,19893583872,60726748,-6.377321e-02,-2.913526e-02,3.928720e-07,6.077522e-06,9.472820e-05,8.544378e-03
1658060800,22465832,19896729600,60736448,-6.378534e-02,-2.913243e-02,3.778045e-07,6.063543e-06,9.109516e-05,8.524726e-03
1658322944,22465976,19899875328,60745857,-6.379110e-02,-2.913016e-02,3.707667e-07,6.052403e-06,8.939824e-05,8.509064e-03
1658585088,22471911,19903021056,60755660,-6.378332e-02,-2.913252e-02,3.802998e-07,6.063992e-06,9.169683e-05,8.525358e-03
1658847232,22472798,19906166784,60765071,-6.378131e-02,-2.914107e-02,3.827758e-07,6.106200e-06,9.229383e-05,8.584697e-03
1659109376,22474755,19909312512,60774712,-6.377512e-02,-2.913317e-02,3.904753e-07,6.067204e-06,9.415031e-05,8.529873e-03
1659371520,22477336,19912458240,60784237,-6.374124e-02,-2.914807e-02,4.339621e-07,6.140815e-06,1.046357e-04,8.633363e-03
1659633664,22479136,19915603968,60793836,-6.372975e-02,-2.914264e-02,4.492407e-07,6.113953e-06,1.083197e-04,8.595598e-03
1659895808,22479979,19918749696,60803664,-6.374386e-02,-2.918438e-02,4.305234e-07,6.322102e-06,1.038066e-04,8.888234e-03
1660157952,22487574,19921895424,60813202,-6.374194e-02,-2.919879e-02,4.330496e-07,6.394781e-06,1.044157e-04,8.990413e-03
1660420096,22498472,19925041152,60822770,-6.377295e-02,-2.919600e-02,3.931989e-07,6.380696e-06,9.480702e-05,8.970611e-03
1660682240,22540395,19928186880,60832442,-6.376472e-02,-2.921441e-02,4.035822e-07,6.474006e-06,9.731061e-05,9.101795e-03
1660944384,22554759,19931332608,60842049,-6.376725e-02,-2.921990e-02,4.003795e-07,6.502008e-06,9.653840e-05,9.141164e-03
1661206528,22734977,19934478336,60851656,-6.374428e-02,-2.925201e-02,4.299663e-07,6.666765e-06,1.036723e-04,9.372796e-03
1661468672,22735019,19937624064,60861242,-6.373064e-02,-2.926118e-02,4.480430e-07,6.714193e-06,1.080309e-04,9.439474e-03
1661730816,22735232,19940769792,60870876,-6.374348e-02,-2.923061e-02,4.310222e-07,6.556704e-06,1.039269e-04,9.218061e-03
1661992960,22735330,19943915520,60880423,-6.374063e-02,-2.922458e-02,4.347674e-07,6.525863e-06,1.048299e-04,9.174701e-03
1662255104,22735682,19947061248,60889850,-6.372213e-02,-2.923192e-02,4.595161e-07,6.563459e-06,1.107973e-04,9.227558e-03
1662517248,22737954,19950206976,60899478,-6.372180e-02,-2.923784e-02,4.599607e-07,6.593797e-06,1.109044e-04,9.270209e-03
1662779392,22738158,19953352704,60908932,-6.371974e-02,-2.926585e-02,4.627541e-07,6.738414e-06,1.115780e-04,9.473527e-03
1663041536,22738190,19956498432,60918441,-6.372842e-02,-2.925649e-02,4.510203e-07,6.689947e-06,1.087488e-04,9.405388e-03
1663303680,22738358,19959644160,60927915,-6.373376e-02,-2.927119e-02,4.438835e-07,6.766216e-06,1.070280e-04,9.512614e-03
1663565824,22738676,19962789888,60937396,-6.375501e-02,-2.927407e-02,4.160208e-07,6.781167e-06,1.003098e-04,9.533633e-03
1663827968,22739116,19965935616,60947090,-6.375409e-02,-2.925783e-02,4.172038e-07,6.696877e-06,1.005950e-04,9.415130e-03
1664090112,22739223,19969081344,60956475,-6.376320e-02,-2.925749e-02,4.055157e-07,6.695132e-06,9.777681e-05,9.412677e-03
1664352256,22739507,19972227072,60966047,-6.377003e-02,-2.928305e-02,3.968703e-07,6.828025e-06,9.569225e-05,9.599511e-03
1664614400,22739791,19975372800,60975736,-6.379060e-02,-2.927409e-02,3.713749e-07,6.781312e-06,8.954488e-05,9.533837e-03
1664876544,22739915,19978518528,60985211,-6.378490e-02,-2.929331e-02,3.783542e-07,6.881738e-06,9.122772e-05,9.675024e-03
1665138688,22739973,19981664256,60994930,-6.378638e-02,-2.929378e-02,3.765324e-07,6.884249e-06,9.078845e-05,9.678556e-03
1665400832,22740095,19984809984,61004709,-6.379402e-02,-2.930880e-02,3.672094e-07,6.963256e-06,8.854052e-05,9.789631e-03
1665662976,22740826,19987955712,61014349,-6.378801e-02,-2.932592e-02,3.745326e-07,7.053909e-06,9.030625e-05,9.917081e-03
1665925120,22741158,19991101440,61023913,-6.376936e-02,-2.932472e-02,3.977156e-07,7.047558e-06,9.589607e-05,9.908153e-03
1666187264,22741569,19994247168,61033491,-6.379645e-02,-2.929556e-02,3.642716e-07,6.893548e-06,8.783216e-05,9.691629e-03
1666449408,22741732,19997392896,61043026,-6.379076e-02,-2.927593e-02,3.711751e-07,6.790852e-06,8.949672e-05,9.547248e-03
1666711552,22741762,20000538624,61052560,-6.379130e-02,-2.928369e-02,3.705127e-07,6.831355e-06,8.933700e-05,9.604192e-03
1666973696,22741932,20003684352,61062427,-6.378122e-02,-2.925739e-02,3.828956e-07,6.694593e-06,9.232273e-05,9.411918e-03
1667235840,22742701,20006830080,61071987,-6.375401e-02,-2.925473e-02,4.173097e-07,6.680816e-06,1.006206e-04,9.392550e-03
1667497984,22743251,20009975808,61081671,-6.379675e-02,-2.925832e-02,3.639120e-07,6.699393e-06,8.774544e-05,9.418667e-03
1667760128,22743499,20013121536,61091259,-6.379966e-02,-2.925288e-02,3.604057e-07,6.671249e-06,8.690003e-05,9.379098e-03
1668022272,22743832,20016267264,61101050,-6.381211e-02,-2.924567e-02,3.456211e-07,6.634054e-06,8.333520e-05,9.326807e-03
1668284416,22744395,20019412992,61110541,-6.381523e-02,-2.925505e-02,3.419603e-07,6.682472e-06,8.245253e-05,9.394879e-03
1668546560,22744624,20022558720,61120096,-6.379904e-02,-2.925635e-02,3.611575e-07,6.689196e-06,8.708129e-05,9.404331e-03
1668808704,22744716,20025704448,61129737,-6.378673e-02,-2.923517e-02,3.761028e-07,6.580124e-06,9.068486e-05,9.250988e-03
1669070848,22744768,20028850176,61139199,-6.379478e-02,-2.922550e-02,3.662980e-07,6.530594e-06,8.832075e-05,9.181351e-03
1669332992,22745099,20031995904,61148909,-6.380848e-02,-2.919396e-02,3.499006e-07,6.370386e-06,8.436706e-05,8.956117e-03
1669595136,22745244,20035141632,61158591,-6.383875e-02,-2.918922e-02,3.150041e-07,6.346479e-06,7.595291e-05,8.922506e-03
1669857280,22745250,20038287360,61168142,-6.383419e-02,-2.918827e-02,3.201432e-07,6.341703e-06,7.719203e-05,8.915792e-03
1670119424,22745345,20041433088,61177788,-6.383315e-02,-2.919413e-02,3.213162e-07,6.371242e-06,7.747488e-05,8.957319e-03
1670381568,22745801,20044578816,61187454,-6.383311e-02,-2.915985e-02,3.213669e-07,6.199353e-06,7.748710e-05,8.715661e-03
1670643712,22745846,20047724544,61197095,-6.386029e-02,-2.914437e-02,2.912897e-07,6.122532e-06,7.023496e-05,8.607659e-03
1670905856,22745897,20050870272,61206755,-6.387770e-02,-2.914954e-02,2.727979e-07,6.148138e-06,6.577628e-05,8.643659e-03
1671168000,22747158,20054016000,61216485,-6.387136e-02,-2.915032e-02,2.794613e-07,6.152009e-06,6.738295e-05,8.649101e-03
1671430144,22747433,20057161728,61226039,-6.386672e-02,-2.915839e-02,2.843905e-07,6.192074e-06,6.857144e-05,8.705427e-03
1671692288,22747752,20060307456,61235582,-6.385959e-02,-2.916825e-02,2.920462e-07,6.241265e-06,7.041736e-05,8.774584e-03
1671954432,22747778,20063453184,61245076,-6.385016e-02,-2.914768e-02,3.023218e-07,6.138905e-06,7.289498e-05,8.630677e-03
1672216576,22748205,20066598912,61254812,-6.384720e-02,-2.911317e-02,3.055915e-07,5.969099e-06,7.368336e-05,8.391947e-03
1672478720,22748365,20069744640,61264379,-6.386849e-02,-2.912401e-02,2.825103e-07,6.022160e-06,6.811809e-05,8.466546e-03
1672740864,22749108,20072890368,61273932,-6.388023e-02,-2.911296e-02,2.701659e-07,5.968043e-06,6.514166e-05,8.390463e-03
1673003008,22750252,20076036096,61283352,-6.387298e-02,-2.911057e-02,2.777546e-07,5.956391e-06,6.697141e-05,8.374081e-03
1673265152,22750577,20079181824,61292948,-6.386721e-02,-2.908651e-02,2.838663e-07,5.839539e-06,6.844504e-05,8.209800e-03
1673527296,22751167,20082327552,61302686,-6.386255e-02,-2.911396e-02,2.888499e-07,5.972958e-06,6.964670e-05,8.397374e-03
1673789440,22752201,20085473280,61312272,-6.387272e-02,-2.910050e-02,2.780216e-07,5.907324e-06,6.703581e-05,8.305097e-03
1674051584,22752396,20088619008,61321799,-6.388719e-02,-2.908713e-02,2.629726e-07,5.842519e-06,6.340723e-05,8.213989e-03
1674313728,22752617,20091764736,61331536,-6.389326e-02,-2.907923e-02,2.567893e-07,5.804394e-06,6.191632e-05,8.160389e-03
1674575872,22753351,20094910464,61341119,-6.390537e-02,-2.907665e-02,2.446654e-07,5.791979e-06,5.899304e-05,8.142934e-03
1674838016,22755343,20098056192,61350535,-6.392875e-02,-2.908776e-02,2.220758e-07,5.845545e-06,5.354631e-05,8.218244e-03
1675100160,22759526,20101201920,61360209,-6.391168e-02,-2.906552e-02,2.384622e-07,5.738534e-06,5.749735e-05,8.067797e-03
1675362304,22759691,20104347648,61369699,-6.390302e-02,-2.906774e-02,2.469926e-07,5.749176e-06,5.955418e-05,8.082758e-03
1675624448,22760659,20107493376,61379265,-6.390393e-02,-2.907613e-02,2.460900e-07,5.789487e-06,5.933653e-05,8.139431e-03
1675886592,22761037,20110639104,61388614,-6.390759e-02,-2.907497e-02,2.424738e-07,5.783868e-06,5.846462e-05,8.131531e-03
1676148736,22768913,20113784832,61398228,-6.391460e-02,-2.908511e-02,2.356111e-07,5.832762e-06,5.680989e-05,8.200272e-03
1676410880,22770991,20116930560,61407879,-6.392784e-02,-2.910358e-02,2.229404e-07,5.922327e-06,5.375477e-05,8.326191e-03
1676673024,22795706,20120076288,61417483,-6.393311e-02,-2.912083e-02,2.179869e-07,6.006546e-06,5.256039e-05,8.444595e-03
1676935168,22802109,20123222016,61427275,-6.393173e-02,-2.912086e-02,2.192828e-07,6.006738e-06,5.287287e-05,8.444865e-03
1677197312,22815615,20126367744,61436805,-6.392414e-02,-2.910063e-02,2.264438e-07,5.907966e-06,5.459951e-05,8.306001e-03
1677459456,22891298,20129513472,61446220,-6.391637e-02,-2.908430e-02,2.339000e-07,5.828858e-06,5.639732e-05,8.194784e-03
1677721600,22893963,20132659200,61455823,-6.391326e-02,-2.911540e-02,2.369221e-07,5.979971e-06,5.712600e-05,8.407231e-03
1677983744,22896124,20135804928,61465388,-6.388640e-02,-2.912522e-02,2.637909e-07,6.028094e-06,6.360453e-05,8.474888e-03
1678245888,22896138,20138950656,61474986,-6.389585e-02,-2.913047e-02,2.541682e-07,6.053915e-06,6.128434e-05,8.511190e-03
1678508032,22896671,20142096384,61484612,-6.388965e-02,-2.914044e-02,2.604570e-07,6.103061e-06,6.280067e-05,8.580285e-03
1678770176,22897991,20145242112,61494007,-6.387476e-02,-2.913276e-02,2.758808e-07,6.065166e-06,6.651962e-05,8.527009e-03
1679032320,22898143,20148387840,61503551,-6.388271e-02,-2.910578e-02,2.675929e-07,5.933030e-06,6.452125e-05,8.341237e-03
1679294464,22900022,20151533568,61513059,-6.387959e-02,-2.911751e-02,2.708324e-07,5.990324e-06,6.530235e-05,8.421788e-03
1679556608,22900514,20154679296,61522674,-6.389359e-02,-2.911238e-02,2.564571e-07,5.965204e-06,6.183623e-05,8.386471e-03
1679818752,22900678,20157825024,61532299,-6.389222e-02,-2.910455e-02,2.578399e-07,5.927015e-06,6.216965e-05,8.332782e-03
1680080896,22901147,20160970752,61541736,-6.388191e-02,-2.909205e-02,2.684183e-07,5.866315e-06,6.472027e-05,8.247444e-03
1680343040,22901450,20164116480,61551497,-6.387707e-02,-2.911047e-02,2.734599e-07,5.955918e-06,6.593588e-05,8.373416e-03
1680605184,22901711,20167262208,61561126,-6.388338e-02,-2.911636e-02,2.668996e-07,5.984663e-06,6.435408e-05,8.413830e-03
1680867328,22901911,20170407936,61570499,-6.386435e-02,-2.911954e-02,2.869231e-07,6.000267e-06,6.918210e-05,8.435766e-03
1681129472,22901999,20173553664,61580102,-6.388932e-02,-2.914920e-02,2.607993e-07,6.146448e-06,6.288321e-05,8.641282e-03
1681391616,22902004,20176699392,61589759,-6.385984e-02,-2.912145e-02,2.917805e-07,6.009587e-06,7.035330e-05,8.448869e-03
1681653760,22902032,20179845120,61599219,-6.384893e-02,-2.911435e-02,3.036834e-07,5.974834e-06,7.322329e-05,8.400011e-03
1681915904,22902327,20182990848,61608751,-6.385813e-02,-2.909595e-02,2.936266e-07,5.885242e-06,7.079844e-05,8.274054e-03
1682178048,22903182,20186136576,61618392,-6.387963e-02,-2.911647e-02,2.707859e-07,5.985210e-06,6.529114e-05,8.414597e-03
1682440192,22903257,20189282304,61627714,-6.388625e-02,-2.910024e-02,2.639440e-07,5.906083e-06,6.364143e-05,8.303354e-03
1682702336,22903367,20192428032,61637335,-6.386381e-02,-2.911583e-02,2.875061e-07,5.982085e-06,6.932268e-05,8.410203e-03
1682964480,22903427,20195573760,61647047,-6.385657e-02,-2.911008e-02,2.953167e-07,5.953982e-06,7.120593e-05,8.370694e-03
1683226624,22903624,20198719488,61656607,-6.384902e-02,-2.911644e-02,3.035848e-07,5.985055e-06,7.319954e-05,8.414380e-03
1683488768,22903760,20201865216,61666239,-6.385981e-02,-2.912216e-02,2.918127e-07,6.013094e-06,7.036107e-05,8.453801e-03
1683750912,22903858,20205010944,61675843,-6.386735e-02,-2.912015e-02,2.837155e-07,6.003251e-06,6.840868e-05,8.439962e-03
1684013056,22904121,20208156672,61685594,-6.386761e-02,-2.911068e-02,2.834377e-07,5.956900e-06,6.834171e-05,8.374797e-03
1684275200,22904341,20211302400,61695278,-6.387229e-02,-2.911131e-02,2.784854e-07,5.960010e-06,6.714763e-05,8.379170e-03
1684537344,22904908,20214448128,61704998,-6.388765e-02,-2.910617e-02,2.625067e-07,5.934917e-06,6.329489e-05,8.343891e-03
1684799488,22905008,20217593856,61714520,-6.389156e-02,-2.911131e-02,2.585138e-07,5.960010e-06,6.233213e-05,8.379170e-03
1685061632,22905133,20220739584,61724139,-6.391073e-02,-2.910320e-02,2.393873e-07,5.920459e-06,5.772039e-05,8.323565e-03
1685323776,22905159,20223885312,61733645,-6.390990e-02,-2.912461e-02,2.401972e-07,6.025104e-06,5.791569e-05,8.470684e-03
1685585920,22905167,20227031040,61743071,-6.390148e-02,-2.909968e-02,2.485280e-07,5.903349e-06,5.992437e-05,8.299510e-03
1685848064,22905309,20230176768,61752587,-6.389233e-02,-2.910573e-02,2.577340e-07,5.932803e-06,6.214411e-05,8.340918e-03
1686110208,22905386,20233322496,61762359,-6.388278e-02,-2.911091e-02,2.675158e-07,5.958027e-06,6.450267e-05,8.376381e-03
1686372352,22905942,20236468224,61771960,-6.385218e-02,-2.909645e-02,3.001136e-07,5.887665e-06,7.236257e-05,8.277459e-03
1686634496,22905973,20239613952,61781537,-6.386652e-02,-2.908305e-02,2.846051e-07,5.822807e-06,6.862319e-05,8.186276e-03
1686896640,22907084,20242759680,61791249,-6.385838e-02,-2.908128e-02,2.933522e-07,5.814261e-06,7.073225e-05,8.174262e-03
1687158784,22907311,20245905408,61800873,-6.385434e-02,-2.908749e-02,2.977510e-07,5.844248e-06,7.179289e-05,8.216420e-03
1687420928,22907363,20249051136,61810448,-6.385443e-02,-2.908522e-02,2.976534e-07,5.833284e-06,7.176936e-05,8.201007e-03
1687683072,22907428,20252196864,61819876,-6.387525e-02,-2.909469e-02,2.753645e-07,5.879144e-06,6.639512e-05,8.265479e-03
1687945216,22907647,20255342592,61829294,-6.387141e-02,-2.909785e-02,2.794141e-07,5.894464e-06,6.737155e-05,8.287019e-03
1688207360,22907854,20258488320,61838979,-6.384520e-02,-2.906967e-02,3.078031e-07,5.758425e-06,7.421662e-05,8.095761e-03
1688469504,22907907,20261634048,61848548,-6.385380e-02,-2.907005e-02,2.983367e-07,5.760240e-06,7.193412e-05,8.098313e-03
1688731648,22908406,20264779776,61858268,-6.384297e-02,-2.905424e-02,3.102799e-07,5.684617e-06,7.481383e-05,7.991995e-03
1688993792,22908599,20267925504,61867794,-6.382470e-02,-2.904904e-02,3.309747e-07,5.659846e-06,7.980370e-05,7.957169e-03
1689255936,22909441,20271071232,61877387,-6.383410e-02,-2.903150e-02,3.202444e-07,5.576694e-06,7.721643e-05,7.840266e-03
1689518080,22909778,20274216960,61887091,-6.382389e-02,-2.903287e-02,3.319012e-07,5.583180e-06,8.002709e-05,7.849383e-03
1689780224,22909785,20277362688,61896807,-6.383100e-02,-2.903107e-02,3.237620e-07,5.574635e-06,7.806458e-05,7.837372e-03
1690042368,22910486,20280508416,61906196,-6.381172e-02,-2.902671e-02,3.460768e-07,5.554082e-06,8.344508e-05,7.808475e-03
1690304512,22910920,20283654144,61915650,-6.378929e-02,-2.902465e-02,3.729657e-07,5.544393e-06,8.992846e-05,7.794854e-03
1690566656,22911376,20286799872,61925319,-6.377366e-02,-2.902327e-02,3.923024e-07,5.537896e-06,9.459088e-05,7.785718e-03
1690828800,22911436,20289945600,61934834,-6.380218e-02,-2.900803e-02,3.573884e-07,5.466399e-06,8.617249e-05,7.685203e-03
1691090944,22912897,20293091328,61944360,-6.379803e-02,-2.897533e-02,3.623675e-07,5.314550e-06,8.737305e-05,7.471717e-03
1691353088,22914461,20296237056,61953778,-6.379688e-02,-2.896157e-02,3.637592e-07,5.251282e-06,8.770859e-05,7.382770e-03
1691615232,22916897,20299382784,61963402,-6.380235e-02,-2.896560e-02,3.571835e-07,5.269772e-06,8.612310e-05,7.408765e-03
1691877376,22917037,20302528512,61973075,-6.382165e-02,-2.893404e-02,3.344902e-07,5.125892e-06,8.065136e-05,7.206484e-03
1692139520,22923242,20305674240,61982552,-6.382430e-02,-2.893485e-02,3.314292e-07,5.129561e-06,7.991330e-05,7.211644e-03
1692401664,22923903,20308819968,61992180,-6.382560e-02,-2.894833e-02,3.299382e-07,5.190804e-06,7.955379e-05,7.297743e-03
1692663808,22928124,20311965696,62001953,-6.381579e-02,-2.895103e-02,3.413071e-07,5.203092e-06,8.229502e-05,7.315020e-03
1692925952,22929923,20315111424,62011537,-6.381565e-02,-2.892764e-02,3.414638e-07,5.096953e-06,8.233281e-05,7.165799e-03
1693188096,22933517,20318257152,62021155,-6.380428e-02,-2.890467e-02,3.548807e-07,4.993731e-06,8.556784e-05,7.020679e-03
1693450240,22939063,20321402880,62030649,-6.380165e-02,-2.890234e-02,3.580301e-07,4.983338e-06,8.632721e-05,7.006068e-03
1693712384,22939301,20324548608,62040228,-6.379655e-02,-2.890870e-02,3.641547e-07,5.011795e-06,8.780397e-05,7.046076e-03
1693974528,22950447,20327694336,62050118,-6.379665e-02,-2.888429e-02,3.640288e-07,4.903098e-06,8.777362e-05,6.893257e-03
1694236672,22991097,20330840064,62059868,-6.380223e-02,-2.889353e-02,3.573349e-07,4.944089e-06,8.615961e-05,6.950887e-03
1694498816,23005637,20333985792,62069462,-6.381184e-02,-2.890695e-02,3.459366e-07,5.003925e-06,8.341127e-05,7.035012e-03
1694760960,23189645,20337131520,62079152,-6.382862e-02,-2.892108e-02,3.264809e-07,5.067341e-06,7.872016e-05,7.124167e-03
1695023104,23189689,20340277248,62088567,-6.385336e-02,-2.892093e-02,2.988171e-07,5.066670e-06,7.204994e-05,7.123225e-03
1695285248,23190119,20343422976,62098130,-6.383879e-02,-2.893687e-02,3.149623e-07,5.138703e-06,7.594283e-05,7.224496e-03
1695547392,23190326,20346568704,62107655,-6.385320e-02,-2.891299e-02,2.989882e-07,5.031004e-06,7.209120e-05,7.073081e-03
1695809536,23190820,20349714432,62117221,-6.386705e-02,-2.888698e-02,2.840330e-07,4.915000e-06,6.848525e-05,6.909992e-03
1696071680,23192669,20352860160,62126918,-6.385498e-02,-2.885047e-02,2.970521e-07,4.754458e-06,7.162439e-05,6.684287e-03
1696333824,23193038,20356005888,62136460,-6.384845e-02,-2.886542e-02,3.042092e-07,4.819892e-06,7.335007e-05,6.776280e-03
1696595968,23193128,20359151616,62145968,-6.382533e-02,-2.885837e-02,3.302465e-07,4.788962e-06,7.962810e-05,6.732795e-03
1696858112,23193460,20362297344,62155402,-6.381325e-02,-2.884465e-02,3.442821e-07,4.729124e-06,8.301235e-05,6.648669e-03
1697120256,23193812,20365443072,62164661,-6.379515e-02,-2.883607e-02,3.658472e-07,4.691859e-06,8.821206e-05,6.596278e-03
1697382400,23193887,20368588800,62174292,-6.379234e-02,-2.883506e-02,3.692530e-07,4.687471e-06,8.903324e-05,6.590109e-03
1697644544,23194510,20371734528,62183961,-6.379262e-02,-2.884085e-02,3.689180e-07,4.712572e-06,8.895249e-05,6.625399e-03
1697906688,23194580,20374880256,62193419,-6.378386e-02,-2.886886e-02,3.796293e-07,4.834969e-06,9.153517e-05,6.797476e-03
1698168832,23194665,20378025984,62203032,-6.378723e-02,-2.886039e-02,3.754907e-07,4.797795e-06,9.053729e-05,6.745212e-03
1698430976,23194666,20381171712,62212595,-6.379333e-02,-2.885931e-02,3.680497e-07,4.793096e-06,8.874312e-05,6.738606e-03
1698693120,23195221,20384317440,62222151,-6.379762e-02,-2.887179e-02,3.628700e-07,4.847879e-06,8.749420e-05,6.815626e-03
1698955264,23195265,20387463168,62231543,-6.380711e-02,-2.887172e-02,3.515243e-07,4.847584e-06,8.475856e-05,6.815212e-03
1699217408,23196279,20390608896,62241115,-6.381397e-02,-2.887485e-02,3.434345e-07,4.861348e-06,8.280797e-05,6.834562e-03
1699479552,23196285,20393754624,62250708,-6.382412e-02,-2.886607e-02,3.316437e-07,4.822723e-06,7.996502e-05,6.780259e-03
1699741696,23196738,20396900352,62260382,-6.379011e-02,-2.888220e-02,3.719744e-07,4.893822e-06,8.968946e-05,6.880217e-03
1700003840,23196786,20400046080,62269734,-6.377377e-02,-2.889325e-02,3.921718e-07,4.942863e-06,9.455937e-05,6.949164e-03
1700265984,23197096,20403191808,62279409,-6.377775e-02,-2.889951e-02,3.871952e-07,4.970731e-06,9.335943e-05,6.988343e-03
1700528128,23197113,20406337536,62288960,-6.378382e-02,-2.888688e-02,3.796752e-07,4.914554e-06,9.154624e-05,6.909363e-03
1700790272,23197969,20409483264,62298569,-6.378718e-02,-2.887700e-02,3.755455e-07,4.870856e-06,9.055049e-05,6.847930e-03
1701052416,23198107,20412628992,62308413,-6.378550e-02,-2.887720e-02,3.776121e-07,4.871752e-06,9.104879e-05,6.849190e-03
1701314560,23198254,20415774720,62318185,-6.380187e-02,-2.888140e-02,3.577626e-07,4.890304e-06,8.626272e-05,6.875271e-03
1701576704,23199119,20418920448,62327567,-6.380817e-02,-2.888092e-02,3.502621e-07,4.888154e-06,8.445421e-05,6.872249e-03
1701838848,23199413,20422066176,62337186,-6.381851e-02,-2.886817e-02,3.381370e-07,4.831963e-06,8.153065e-05,6.793250e-03
1702100992,23199636,20425211904,62346636,-6.380761e-02,-2.887033e-02,3.509238e-07,4.841467e-06,8.461377e-05,6.806612e-03
1702363136,23199734,20428357632,62356297,-6.381399e-02,-2.887422e-02,3.434083e-07,4.858597e-06,8.280167e-05,6.830695e-03
1702625280,23200264,20431503360,62365806,-6.382433e-02,-2.886834e-02,3.313949e-07,4.832709e-06,7.990502e-05,6.794298e-03
1702887424,23200353,20434649088,62375253,-6.384641e-02,-2.886795e-02,3.064653e-07,4.830989e-06,7.389406e-05,6.791881e-03
1703149568,23200378,20437794816,62385006,-6.384680e-02,-2.887573e-02,3.060282e-07,4.865267e-06,7.378867e-05,6.840073e-03
1703411712,23200380,20440940544,62394621,-6.385193e-02,-2.887612e-02,3.003831e-07,4.866977e-06,7.242754e-05,6.842474e-03
1703673856,23200454,20444086272,62404213,-6.386133e-02,-2.888586e-02,2.901648e-07,4.910054e-06,6.996375e-05,6.903038e-03
1703936000,23200868,20447232000,62413789,-6.382842e-02,-2.888461e-02,3.267108e-07,4.904508e-06,7.877560e-05,6.895240e-03
1704198144,23200989,20450377728,62423420,-6.384292e-02,-2.887994e-02,3.103380e-07,4.883856e-06,7.482784e-05,6.866205e-03
1704460288,23201045,20453523456,62433237,-6.386016e-02,-2.888946e-02,2.914345e-07,4.926007e-06,7.026987e-05,6.925465e-03
1704722432,23201994,20456669184,62442707,-6.384014e-02,-2.889885e-02,3.134504e-07,4.967758e-06,7.557830e-05,6.984164e-03
1704984576,23202384,20459814912,62452281,-6.382491e-02,-2.890902e-02,3.307347e-07,5.013230e-06,7.974584e-05,7.048092e-03
1705246720,23202856,20462960640,62462044,-6.383776e-02,-2.892809e-02,3.161174e-07,5.098989e-06,7.622134e-05,7.168661e-03
1705508864,23203062,20466106368,62471590,-6.385225e-02,-2.892832e-02,3.000320e-07,5.099990e-06,7.234288e-05,7.170069e-03
1705771008,23203160,20469252096,62481022,-6.386635e-02,-2.893397e-02,2.847800e-07,5.125555e-06,6.866537e-05,7.206010e-03
1706033152,23203312,20472397824,62490556,-6.386690e-02,-2.891900e-02,2.841998e-07,5.057987e-06,6.852547e-05,7.111016e-03
1706295296,23204160,20475543552,62500170,-6.385712e-02,-2.894200e-02,2.947177e-07,5.161978e-06,7.106151e-05,7.257218e-03
1706557440,23205024,20478689280,62509686,-6.386410e-02,-2.891678e-02,2.871946e-07,5.048030e-06,6.924755e-05,7.097018e-03
1706819584,23205794,20481835008,62519245,-6.383540e-02,-2.892112e-02,3.187704e-07,5.067551e-06,7.686103e-05,7.124463e-03
1707081728,23206450,20484980736,62528880,-6.383353e-02,-2.893264e-02,3.208856e-07,5.119552e-06,7.737104e-05,7.197570e-03
1707343872,23207447,20488126464,62538533,-6.383504e-02,-2.892886e-02,3.191828e-07,5.102447e-06,7.696046e-05,7.173522e-03
1707606016,23207616,20491272192,62548192,-6.384936e-02,-2.892779e-02,3.032073e-07,5.097635e-06,7.310849e-05,7.166757e-03
1707868160,23207766,20494417920,62557754,-6.384364e-02,-2.892017e-02,3.095416e-07,5.063275e-06,7.463582e-05,7.118450e-03
1708130304,23208198,20497563648,62567332,-6.384759e-02,-2.891805e-02,3.051550e-07,5.053732e-06,7.357813e-05,7.105033e-03
1708392448,23210743,20500709376,62576926,-6.383777e-02,-2.890924e-02,3.161006e-07,5.014189e-06,7.621731e-05,7.049441e-03
1708654592,23214752,20503855104,62586605,-6.383736e-02,-2.892544e-02,3.165616e-07,5.087009e-06,7.632844e-05,7.151817e-03
1708916736,23214765,20507000832,62596124,-6.384866e-02,-2.891796e-02,3.039790e-07,5.053338e-06,7.329458e-05,7.104481e-03
1709178880,23215408,20510146560,62605600,-6.386368e-02,-2.892243e-02,2.876419e-07,5.073423e-06,6.935542e-05,7.132717e-03
1709441024,23216186,20513292288,62615103,-6.385858e-02,-2.892766e-02,2.931343e-07,5.097012e-06,7.067972e-05,7.165881e-03
1709703168,23223828,20516438016,62624611,-6.383844e-02,-2.890702e-02,3.153471e-07,5.004267e-06,7.603561e-05,7.035492e-03
1709965312,23226072,20519583744,62634187,-6.383269e-02,-2.891368e-02,3.218401e-07,5.034095e-06,7.760119e-05,7.077428e-03
1710227456,23250743,20522729472,62643654,-6.383111e-02,-2.890247e-02,3.236348e-07,4.983920e-06,7.803393e-05,7.006886e-03
1710489600,23257280,20525875200,62653205,-6.382619e-02,-2.888277e-02,3.292624e-07,4.896344e-06,7.939085e-05,6.883763e-03
1710751744,23270699,20529020928,62662769,-6.384084e-02,-2.891058e-02,3.126584e-07,5.020222e-06,7.538732e-05,7.057922e-03
1711013888,23342190,20532166656,62672553,-6.385962e-02,-2.889832e-02,2.920140e-07,4.965392e-06,7.040959e-05,6.980838e-03
1711276032,23344835,20535312384,62682371,-6.384867e-02,-2.889985e-02,3.039626e-07,4.972234e-06,7.329063e-05,6.990457e-03
1711538176,23346905,20538458112,62692145,-6.384981e-02,-2.887847e-02,3.027152e-07,4.877321e-06,7.298985e-05,6.857018e-03
1711800320,23346974,20541603840,62701737,-6.385499e-02,-2.887568e-02,2.970359e-07,4.865013e-06,7.162046e-05,6.839714e-03
1712062464,23347597,20544749568,62711176,-6.384641e-02,-2.887948e-02,3.064653e-07,4.881789e-06,7.389406e-05,6.863301e-03
1712324608,23348830,20547895296,62720856,-6.383687e-02,-2.888838e-02,3.171236e-07,4.921221e-06,7.646395e-05,6.918737e-03
1712586752,23348977,20551041024,62730321,-6.382551e-02,-2.889775e-02,3.300410e-07,4.962860e-06,7.957856e-05,6.977279e-03
1712848896,23350991,20554186752,62739773,-6.381416e-02,-2.885884e-02,3.432162e-07,4.791024e-06,8.275535e-05,6.735694e-03
1713111040,23351437,20557332480,62749450,-6.378233e-02,-2.886068e-02,3.815138e-07,4.799100e-06,9.198955e-05,6.747048e-03
1713373184,23351447,20560478208,62759046,-6.378278e-02,-2.884630e-02,3.809618e-07,4.736288e-06,9.185643e-05,6.658742e-03
1713635328,23351960,20563623936,62768553,-6.378276e-02,-2.884817e-02,3.809893e-07,4.744424e-06,9.186310e-05,6.670178e-03
1713897472,23352421,20566769664,62778219,-6.376907e-02,-2.884328e-02,3.980728e-07,4.723139e-06,9.598220e-05,6.640255e-03
1714159616,23352607,20569915392,62787640,-6.377469e-02,-2.885301e-02,3.910155e-07,4.765536e-06,9.428057e-05,6.699860e-03
1714421760,23352779,20573061120,62797352,-6.375849e-02,-2.886300e-02,4.115445e-07,4.809266e-06,9.923046e-05,6.761340e-03
1714683904,23352866,20576206848,62806999,-6.376165e-02,-2.887807e-02,4.074918e-07,4.875577e-06,9.825328e-05,6.854567e-03
1714946048,23352920,20579352576,62816546,-6.374005e-02,-2.887602e-02,4.355341e-07,4.866525e-06,1.050148e-04,6.841840e-03
1715208192,23353186,20582498304,62826201,-6.371713e-02,-2.887722e-02,4.663088e-07,4.871843e-06,1.124351e-04,6.849317e-03
1715470336,23353290,20585644032,62835806,-6.369806e-02,-2.888858e-02,4.927219e-07,4.922080e-06,1.188037e-04,6.919946e-03
1715732480,23354132,20588789760,62845383,-6.369939e-02,-2.888687e-02,4.908619e-07,4.914496e-06,1.183553e-04,6.909283e-03
1715994624,23354414,20591935488,62854868,-6.370377e-02,-2.888944e-02,4.847424e-07,4.925899e-06,1.168797e-04,6.925315e-03
1716256768,23354429,20595081216,62864486,-6.370702e-02,-2.891286e-02,4.802295e-07,5.030427e-06,1.157916e-04,7.072270e-03
1716518912,23354461,20598226944,62874116,-6.372365e-02,-2.890664e-02,4.574578e-07,5.002559e-06,1.103009e-04,7.033090e-03
1716781056,23354521,20601372672,62883719,-6.373014e-02,-2.890726e-02,4.487115e-07,5.005342e-06,1.081921e-04,7.037003e-03
1717043200,23354700,20604518400,62893260,-6.373769e-02,-2.890854e-02,4.386571e-07,5.011070e-06,1.057678e-04,7.045055e-03
1717305344,23354898,20607664128,62902686,-6.374823e-02,-2.890091e-02,4.248033e-07,4.976954e-06,1.024274e-04,6.997092e-03
1717567488,23355145,20610809856,62912140,-6.375866e-02,-2.890745e-02,4.113247e-07,5.006201e-06,9.917746e-05,7.038211e-03
1717829632,23355182,20613955584,62921770,-6.376506e-02,-2.891952e-02,4.031563e-07,5.060350e-06,9.720793e-05,7.114339e-03
1718091776,23356042,20617101312,62931199,-6.377293e-02,-2.892338e-02,3.932176e-07,5.077720e-06,9.481154e-05,7.138759e-03
1718353920,23356170,20620247040,62940861,-6.376989e-02,-2.890287e-02,3.970393e-07,4.985700e-06,9.573300e-05,7.009389e-03
1718616064,23356174,20623392768,62950639,-6.377377e-02,-2.888487e-02,3.921718e-07,4.905663e-06,9.455937e-05,6.896865e-03
1718878208,23356198,20626538496,62959991,-6.377441e-02,-2.889680e-02,3.913603e-07,4.958629e-06,9.436371e-05,6.971329e-03
1719140352,23356239,20629684224,62969668,-6.377345e-02,-2.890351e-02,3.925638e-07,4.988554e-06,9.465389e-05,7.013401e-03
1719402496,23356371,20632829952,62979272,-6.377551e-02,-2.891889e-02,3.899912e-07,5.057509e-06,9.403361e-05,7.110345e-03
1719664640,23356964,20635975680,62989113,-6.380020e-02,-2.891465e-02,3.597619e-07,5.038460e-06,8.674480e-05,7.083563e-03
1719926784,23357122,20639121408,62998938,-6.379505e-02,-2.890893e-02,3.659644e-07,5.012821e-06,8.824031e-05,7.047517e-03
1720188928,23357339,20642267136,63008721,-6.376965e-02,-2.888071e-02,3.973492e-07,4.887223e-06,9.580774e-05,6.870939e-03
1720451072,23358247,20645412864,63018300,-6.377199e-02,-2.886777e-02,3.943959e-07,4.830179e-06,9.509563e-05,6.790741e-03
1720713216,23358272,20648558592,63028034,-6.375102e-02,-2.886084e-02,4.211787e-07,4.799786e-06,1.015534e-04,6.748012e-03
1720975360,23358452,20651704320,63037589,-6.374345e-02,-2.885827e-02,4.310613e-07,4.788530e-06,1.039363e-04,6.732187e-03
1721237504,23358472,20654850048,63047082,-6.374207e-02,-2.886672e-02,4.328732e-07,4.825562e-06,1.043732e-04,6.784251e-03
1721499648,23358616,20657995776,63056607,-6.374147e-02,-2.885250e-02,4.336677e-07,4.763292e-06,1.045647e-04,6.696705e-03
1721761792,23358803,20661141504,63066169,-6.372976e-02,-2.883126e-02,4.492308e-07,4.671032e-06,1.083173e-04,6.566997e-03
1722023936,23358837,20664287232,63075642,-6.372266e-02,-2.883823e-02,4.587992e-07,4.701208e-06,1.106244e-04,6.609422e-03
1722286080,23359432,20667432960,63085142,-6.370648e-02,-2.883641e-02,4.809733e-07,4.693328e-06,1.159709e-04,6.598343e-03
1722548224,23359594,20670578688,63094493,-6.371350e-02,-2.881194e-02,4.712877e-07,4.587929e-06,1.136356e-04,6.450162e-03
1722810368,23360480,20673724416,63104118,-6.371967e-02,-2.881642e-02,4.628555e-07,4.607123e-06,1.116024e-04,6.477148e-03
1723072512,23360654,20676870144,63113838,-6.372607e-02,-2.877201e-02,4.541881e-07,4.418453e-06,1.095126e-04,6.211898e-03
1723334656,23361335,20680015872,63123562,-6.372758e-02,-2.876781e-02,4.521518e-07,4.400797e-06,1.090216e-04,6.187075e-03
1723596800,23361340,20683161600,63133367,-6.371620e-02,-2.874628e-02,4.675918e-07,4.310959e-06,1.127444e-04,6.060771e-03
1723858944,23361617,20686307328,63142690,-6.372337e-02,-2.874796e-02,4.578308e-07,4.317939e-06,1.103909e-04,6.070585e-03
1724121088,23362265,20689453056,63152151,-6.373096e-02,-2.874804e-02,4.476142e-07,4.318241e-06,1.079275e-04,6.071008e-03
1724383232,23362438,20692598784,63161817,-6.372845e-02,-2.873378e-02,4.509803e-07,4.259200e-06,1.087391e-04,5.988002e-03
1724645376,23363877,20695744512,63171270,-6.372947e-02,-2.872295e-02,4.496104e-07,4.214603e-06,1.084088e-04,5.925304e-03
1724907520,23365598,20698890240,63180641,-6.372044e-02,-2.872228e-02,4.618018e-07,4.211834e-06,1.113484e-04,5.921412e-03
1725169664,23367786,20702035968,63190081,-6.371185e-02,-2.870733e-02,4.735512e-07,4.150727e-06,1.141813e-04,5.835501e-03
1725431808,23368122,20705181696,63199852,-6.372911e-02,-2.870091e-02,4.501001e-07,4.124584e-06,1.085269e-04,5.798746e-03
1725693952,23374683,20708327424,63209530,-6.374184e-02,-2.870109e-02,4.331771e-07,4.125326e-06,1.044465e-04,5.799789e-03
1725956096,23375079,20711473152,63219073,-6.371649e-02,-2.870666e-02,4.671945e-07,4.148003e-06,1.126486e-04,5.831671e-03
1726218240,23379094,20714618880,63228832,-6.371336e-02,-2.869681e-02,4.714821e-07,4.107941e-06,1.136825e-04,5.775348e-03
1726480384,23380864,20717764608,63238715,-6.373020e-02,-2.870964e-02,4.486317e-07,4.160128e-06,1.081728e-04,5.848719e-03
1726742528,23391113,20720910336,63248156,-6.371786e-02,-2.870496e-02,4.653121e-07,4.141064e-06,1.121948e-04,5.821915e-03
1727004672,23392307,20724056064,63257615,-6.372177e-02,-2.871392e-02,4.600011e-07,4.177630e-06,1.109142e-04,5.873324e-03
1727266816,23398287,20727201792,63267206,-6.371729e-02,-2.872016e-02,4.660951e-07,4.203177e-06,1.123836e-04,5.909240e-03
1727528960,23402320,20730347520,63276712,-6.371785e-02,-2.871569e-02,4.653324e-07,4.184829e-06,1.121997e-04,5.883445e-03
1727791104,23442119,20733493248,63286304,-6.370254e-02,-2.868804e-02,4.864557e-07,4.072493e-06,1.172928e-04,5.725512e-03
1728053248,23457849,20736638976,63295821,-6.369982e-02,-2.867619e-02,4.902565e-07,4.024813e-06,1.182093e-04,5.658478e-03
1728315392,23645364,20739784704,63305562,-6.369670e-02,-2.869567e-02,4.946274e-07,4.103329e-06,1.192632e-04,5.768865e-03
1728577536,23645411,20742930432,63315134,-6.370603e-02,-2.870895e-02,4.816039e-07,4.157325e-06,1.161230e-04,5.844777e-03
1728839680,23646051,20746076160,63324652,-6.370421e-02,-2.872306e-02,4.841305e-07,4.215061e-06,1.167322e-04,5.925949e-03
1729101824,23646072,20749221888,63334165,-6.370698e-02,-2.869743e-02,4.802812e-07,4.110486e-06,1.158041e-04,5.778926e-03
1729363968,23646733,20752367616,63343753,-6.370420e-02,-2.868855e-02,4.841408e-07,4.074531e-06,1.167347e-04,5.728376e-03
1729626112,23648292,20755513344,63353283,-6.369621e-02,-2.869363e-02,4.953299e-07,4.095063e-06,1.194326e-04,5.757243e-03
1729888256,23648701,20758659072,63362735,-6.370550e-02,-2.869062e-02,4.823281e-07,4.082912e-06,1.162976e-04,5.740160e-03
1730150400,23649065,20761804800,63372168,-6.372157e-02,-2.869141e-02,4.602639e-07,4.086081e-06,1.109775e-04,5.744616e-03
1730412544,23649397,20764950528,63381640,-6.370314e-02,-2.871892e-02,4.856142e-07,4.198062e-06,1.170899e-04,5.902049e-03
1730674688,23649525,20768096256,63391388,-6.369864e-02,-2.871788e-02,4.919064e-07,4.193811e-06,1.186071e-04,5.896073e-03
1730936832,23650405,20771241984,63401113,-6.368157e-02,-2.871209e-02,5.161519e-07,4.170149e-06,1.244531e-04,5.862806e-03
1731198976,23650405,20774387712,63410605,-6.369489e-02,-2.871503e-02,4.971774e-07,4.182170e-06,1.198780e-04,5.879707e-03
1731461120,23650438,20777533440,63420281,-6.366802e-02,-2.873158e-02,5.357981e-07,4.250110e-06,1.291901e-04,5.975223e-03
1731723264,23650677,20780679168,63429938,-6.366618e-02,-2.873154e-02,5.384956e-07,4.249948e-06,1.298406e-04,5.974996e-03
1731985408,23650774,20783824896,63439489,-6.366053e-02,-2.873282e-02,5.468161e-07,4.255218e-06,1.318468e-04,5.982406e-03
1732247552,23651365,20786970624,63449147,-6.365749e-02,-2.874220e-02,5.513210e-07,4.294021e-06,1.329330e-04,6.036958e-03
1732509696,23651449,20790116352,63458661,-6.364381e-02,-2.873798e-02,5.718334e-07,4.276546e-06,1.378789e-04,6.012391e-03
1732771840,23652195,20793262080,63468043,-6.365055e-02,-2.873026e-02,5.616811e-07,4.244674e-06,1.354310e-04,5.967580e-03
1733033984,23652471,20796407808,63477658,-6.363188e-02,-2.873327e-02,5.900161e-07,4.257086e-06,1.422630e-04,5.985030e-03
1733296128,23652655,20799553536,63487157,-6.365286e-02,-2.874885e-02,5.582245e-07,4.321632e-06,1.345975e-04,6.075776e-03
1733558272,23653078,20802699264,63496816,-6.361455e-02,-2.873089e-02,6.169397e-07,4.247284e-06,1.487548e-04,5.971250e-03
1733820416,23653194,20805844992,63506270,-6.358197e-02,-2.871482e-02,6.691837e-07,4.181294e-06,1.613517e-04,5.878475e-03
1734082560,23653226,20808990720,63515696,-6.357475e-02,-2.870866e-02,6.810477e-07,4.156155e-06,1.642123e-04,5.843133e-03
1734344704,23653731,20812136448,63525359,-6.358174e-02,-2.870075e-02,6.695495e-07,4.123941e-06,1.614399e-04,5.797842e-03
1734606848,23654075,20815282176,63534949,-6.358368e-02,-2.868917e-02,6.663830e-07,4.077050e-06,1.606764e-04,5.731919e-03
1734868992,23654166,20818427904,63544636,-6.359422e-02,-2.870104e-02,6.492819e-07,4.125121e-06,1.565530e-04,5.799502e-03
1735131136,23655183,20821573632,63554332,-6.357748e-02,-2.867978e-02,6.765420e-07,4.039205e-06,1.631260e-04,5.678712e-03
1735393280,23655565,20824719360,63563999,-6.358826e-02,-2.868376e-02,6.589231e-07,4.055243e-06,1.588777e-04,5.701260e-03
1735655424,23655593,20827865088,63573383,-6.359193e-02,-2.870109e-02,6.529853e-07,4.125326e-06,1.574460e-04,5.799789e-03
1735917568,23656159,20831010816,63583197,-6.358024e-02,-2.869319e-02,6.720147e-07,4.093299e-06,1.620343e-04,5.754762e-03
1736179712,23656265,20834156544,63592675,-6.358976e-02,-2.870288e-02,6.564940e-07,4.132585e-06,1.582920e-04,5.809995e-03
1736441856,23656515,20837302272,63602177,-6.359549e-02,-2.870137e-02,6.472423e-07,4.126483e-06,1.560613e-04,5.801417e-03
1736704000,23656596,20840448000,63611658,-6.360562e-02,-2.872361e-02,6.310410e-07,4.217318e-06,1.521549e-04,5.929122e-03
1736966144,23656823,20843593728,63621249,-6.359603e-02,-2.870899e-02,6.463674e-07,4.157492e-06,1.558503e-04,5.845012e-03
1737228288,23657256,20846739456,63631202,-6.359650e-02,-2.871384e-02,6.456129e-07,4.177296e-06,1.556684e-04,5.872853e-03
1737490432,23657313,20849885184,63640794,-6.358994e-02,-2.871422e-02,6.562043e-07,4.178841e-06,1.582222e-04,5.875026e-03
1737752576,23657569,20853030912,63650435,-6.359749e-02,-2.872112e-02,6.440334e-07,4.207111e-06,1.552875e-04,5.914771e-03
1738014720,23658449,20856176640,63659736,-6.357292e-02,-2.871393e-02,6.840638e-07,4.177661e-06,1.649396e-04,5.873367e-03
1738276864,23658492,20859322368,63669190,-6.355508e-02,-2.869939e-02,7.138993e-07,4.118443e-06,1.721334e-04,5.790113e-03
1738539008,23658643,20862468096,63678652,-6.354697e-02,-2.870538e-02,7.276634e-07,4.142762e-06,1.754522e-04,5.824302e-03
1738801152,23659011,20865613824,63688122,-6.356653e-02,-2.869540e-02,6.946791e-07,4.102235e-06,1.674991e-04,5.767326e-03
1739063296,23659115,20868759552,63697904,-6.356104e-02,-2.867173e-02,7.038626e-07,4.006919e-06,1.697134e-04,5.633321e-03
1739325440,23659861,20871905280,63707646,-6.354848e-02,-2.868290e-02,7.250853e-07,4.051763e-06,1.748306e-04,5.696367e-03
1739587584,23660331,20875051008,63717313,-6.354806e-02,-2.866801e-02,7.258087e-07,3.992063e-06,1.750050e-04,5.612436e-03
1739849728,23661023,20878196736,63726846,-6.354345e-02,-2.865611e-02,7.336882e-07,3.944643e-06,1.769049e-04,5.545767e-03
1740111872,23661782,20881342464,63736343,-6.354649e-02,-2.865681e-02,7.284771e-07,3.947410e-06,1.756484e-04,5.549659e-03
1740374016,23662540,20884488192,63745969,-6.352609e-02,-2.865625e-02,7.637159e-07,3.945175e-06,1.841451e-04,5.546516e-03
1740636160,23663507,20887633920,63755560,-6.353548e-02,-2.862600e-02,7.473960e-07,3.825947e-06,1.802100e-04,5.378893e-03
1740898304,23663823,20890779648,63765220,-6.354805e-02,-2.862689e-02,7.258215e-07,3.829402e-06,1.750081e-04,5.383750e-03
1741160448,23664085,20893925376,63774891,-6.357498e-02,-2.859334e-02,6.806665e-07,3.699220e-06,1.641204e-04,5.200729e-03
1741422592,23670002,20897071104,63784698,-6.356806e-02,-2.859684e-02,6.921354e-07,3.712703e-06,1.668857e-04,5.219684e-03
1741684736,23670877,20900216832,63794178,-6.356467e-02,-2.858488e-02,6.977750e-07,3.666756e-06,1.682456e-04,5.155086e-03
1741946880,23671028,20903362560,63804010,-6.356183e-02,-2.859600e-02,7.025380e-07,3.709495e-06,1.693940e-04,5.215174e-03
1742209024,23671219,20906508288,63813701,-6.355534e-02,-2.858059e-02,7.134587e-07,3.650339e-06,1.720272e-04,5.132006e-03
1742471168,23672402,20909654016,63823159,-6.354461e-02,-2.857115e-02,7.316984e-07,3.614363e-06,1.764251e-04,5.081428e-03
1742733312,23675117,20912799744,63832885,-6.351536e-02,-2.857577e-02,7.825962e-07,3.631970e-06,1.886974e-04,5.106181e-03
1742995456,23681189,20915945472,63842348,-6.352280e-02,-2.858705e-02,7.694826e-07,3.675092e-06,1.855355e-04,5.166807e-03
1743257600,23682267,20919091200,63852011,-6.352368e-02,-2.859811e-02,7.679409e-07,3.717628e-06,1.851638e-04,5.226608e-03
1743519744,23706812,20922236928,63861609,-6.352392e-02,-2.856986e-02,7.675231e-07,3.609478e-06,1.850631e-04,5.074560e-03
1743781888,23727253,20925382656,63871330,-6.351753e-02,-2.857438e-02,7.787518e-07,3.626683e-06,1.877705e-04,5.098748e-03
1744044032,23765822,20928528384,63881036,-6.352192e-02,-2.858407e-02,7.710258e-07,3.663682e-06,1.859076e-04,5.150765e-03
1744306176,23772320,20931674112,63890625,-6.353524e-02,-2.856640e-02,7.478212e-07,3.596326e-06,1.803125e-04,5.056070e-03
1744568320,23790966,20934819840,63900207,-6.353177e-02,-2.857875e-02,7.538252e-07,3.643324e-06,1.817602e-04,5.122144e-03
1744830464,23793622,20937965568,63909932,-6.354040e-02,-2.857830e-02,7.389178e-07,3.641611e-06,1.781658e-04,5.119735e-03
1745092608,23795641,20941111296,63919264,-6.355472e-02,-2.857446e-02,7.145038e-07,3.626988e-06,1.722792e-04,5.099177e-03
1745354752,23795727,20944257024,63928889,-6.354783e-02,-2.855831e-02,7.261896e-07,3.565724e-06,1.750968e-04,5.013046e-03
1745616896,23797148,20947402752,63938453,-6.354339e-02,-2.857109e-02,7.337903e-07,3.614151e-06,1.769295e-04,5.081130e-03
1745879040,23797790,20950548480,63947874,-6.355017e-02,-2.857338e-02,7.222079e-07,3.622853e-06,1.741367e-04,5.093364e-03
1746141184,23797980,20953694208,63957204,-6.355790e-02,-2.857645e-02,7.091356e-07,3.634541e-06,1.709848e-04,5.109795e-03
1746403328,23799932,20956839936,63966799,-6.356196e-02,-2.858215e-02,7.023132e-07,3.656320e-06,1.693398e-04,5.140414e-03
1746665472,23800266,20959985664,63976320,-6.355376e-02,-2.857244e-02,7.161296e-07,3.619280e-06,1.726712e-04,5.088340e-03
1746927616,23800477,20963131392,63986073,-6.355197e-02,-2.857347e-02,7.191592e-07,3.623215e-06,1.734017e-04,5.093873e-03
1747189760,23800967,20966277120,63995938,-6.355407e-02,-2.856767e-02,7.156000e-07,3.601153e-06,1.725435e-04,5.062855e-03
1747451904,23801219,20969422848,64005517,-6.355508e-02,-2.858678e-02,7.138993e-07,3.674057e-06,1.721334e-04,5.165352e-03
1747714048,23801728,20972568576,64015150,-6.355682e-02,-2.856681e-02,7.109562e-07,3.597909e-06,1.714238e-04,5.058294e-03
1747976192,23801793,20975714304,64024987,-6.354925e-02,-2.856453e-02,7.237790e-07,3.589229e-06,1.745156e-04,5.046092e-03
1748238336,23801913,20978860032,64034654,-6.352948e-02,-2.854918e-02,7.578153e-07,3.531303e-06,1.827223e-04,4.964653e-03
1748500480,23802003,20982005760,64044428,-6.353696e-02,-2.854435e-02,7.448475e-07,3.513188e-06,1.795956e-04,4.939186e-03
1748762624,23802261,20985151488,64054087,-6.352133e-02,-2.856791e-02,7.720598e-07,3.602072e-06,1.861569e-04,5.064147e-03
1749024768,23802548,20988297216,64063554,-6.352232e-02,-2.856569e-02,7.703194e-07,3.593656e-06,1.857373e-04,5.052316e-03
1749286912,23803236,20991442944,64073158,-6.351817e-02,-2.856790e-02,7.776344e-07,3.602029e-06,1.875011e-04,5.064087e-03
1749549056,23803243,20994588672,64082683,-6.350496e-02,-2.855919e-02,8.010934e-07,3.569059e-06,1.931574e-04,5.017735e-03
1749811200,23803293,20997734400,64092319,-6.350257e-02,-2.855940e-02,8.053938e-07,3.569819e-06,1.941943e-04,5.018803e-03
1750073344,23803350,21000880128,64101929,-6.348420e-02,-2.857208e-02,8.386951e-07,3.617891e-06,2.022238e-04,5.086388e-03
1750335488,23803396,21004025856,64111483,-6.348863e-02,-2.857542e-02,8.305951e-07,3.630636e-06,2.002708e-04,5.104305e-03
1750597632,23803800,21007171584,64120925,-6.349179e-02,-2.856868e-02,8.248470e-07,3.604992e-06,1.988848e-04,5.068254e-03
1750859776,23803862,21010317312,64130616,-6.347488e-02,-2.857754e-02,8.558538e-07,3.638711e-06,2.063611e-04,5.115659e-03
1751121920,23803888,21013463040,64140254,-6.347048e-02,-2.858874e-02,8.640204e-07,3.681565e-06,2.083302e-04,5.175908e-03
1751384064,23803931,21016608768,64149855,-6.346664e-02,-2.858903e-02,8.711684e-07,3.682673e-06,2.100537e-04,5.177466e-03
1751646208,23804983,21019754496,64159443,-6.349736e-02,-2.856550e-02,8.147685e-07,3.592922e-06,1.964547e-04,5.051283e-03
1751908352,23805051,21022900224,64169326,-6.348211e-02,-2.855263e-02,8.425342e-07,3.544294e-06,2.031495e-04,4.982917e-03
1752170496,23805180,21026045952,64179012,-6.349311e-02,-2.856323e-02,8.224533e-07,3.584319e-06,1.983077e-04,5.039189e-03
1752432640,23805201,21029191680,64188430,-6.350601e-02,-2.856276e-02,7.992273e-07,3.582549e-06,1.927075e-04,5.036701e-03
1752694784,23805206,21032337408,64197817,-6.348358e-02,-2.856199e-02,8.398282e-07,3.579623e-06,2.024971e-04,5.032588e-03
1752956928,23805331,21035483136,64207464,-6.349194e-02,-2.856452e-02,8.245763e-07,3.589208e-06,1.988196e-04,5.046063e-03
1753219072,23805876,21038628864,64217149,-6.348948e-02,-2.857528e-02,8.290477e-07,3.630103e-06,1.998977e-04,5.103557e-03
1753481216,23805899,21041774592,64226436,-6.348733e-02,-2.857595e-02,8.329734e-07,3.632638e-06,2.008442e-04,5.107120e-03
1753743360,23806362,21044920320,64235976,-6.350095e-02,-2.857392e-02,8.082983e-07,3.624902e-06,1.948946e-04,5.096245e-03
1754005504,23807181,21048066048,64245569,-6.350271e-02,-2.857863e-02,8.051263e-07,3.642876e-06,1.941298e-04,5.121514e-03
1754267648,23807231,21051211776,64255263,-6.350896e-02,-2.858335e-02,7.939607e-07,3.660923e-06,1.914376e-04,5.146887e-03
1754529792,23807369,21054357504,64264884,-6.352412e-02,-2.859136e-02,7.671707e-07,3.691608e-06,1.849781e-04,5.190026e-03
1754791936,23807555,21057503232,64274493,-6.352129e-02,-2.858061e-02,7.721383e-07,3.650445e-06,1.861759e-04,5.132156e-03
1755054080,23807592,21060648960,64284019,-6.355198e-02,-2.859356e-02,7.191339e-07,3.700073e-06,1.733956e-04,5.201927e-03
1755316224,23807799,21063794688,64293788,-6.355651e-02,-2.861135e-02,7.114841e-07,3.768830e-06,1.715511e-04,5.298593e-03
1755578368,23808074,21066940416,64303495,-6.355187e-02,-2.860875e-02,7.193361e-07,3.758741e-06,1.734443e-04,5.284409e-03
1755840512,23808542,21070086144,64313045,-6.356545e-02,-2.860219e-02,6.964811e-07,3.733361e-06,1.679336e-04,5.248727e-03
1756102656,23809474,21073231872,64322557,-6.358387e-02,-2.859878e-02,6.660668e-07,3.720186e-06,1.606002e-04,5.230204e-03
1756364800,23809480,21076377600,64332050,-6.359474e-02,-2.857254e-02,6.484536e-07,3.619649e-06,1.563534e-04,5.088859e-03
1756626944,23809802,21079523328,64341885,-6.360864e-02,-2.856106e-02,6.262561e-07,3.576128e-06,1.510011e-04,5.027673e-03
1756889088,23810157,21082669056,64351623,-6.359771e-02,-2.854549e-02,6.436748e-07,3.517476e-06,1.552011e-04,4.945215e-03
1757151232,23810502,21085814784,64361081,-6.359009e-02,-2.853663e-02,6.559508e-07,3.484305e-06,1.581610e-04,4.898579e-03
1757413376,23811385,21088960512,64370614,-6.357089e-02,-2.853818e-02,6.874202e-07,3.490093e-06,1.657488e-04,4.906717e-03
1757675520,23811882,21092106240,64380142,-6.357198e-02,-2.854198e-02,6.856176e-07,3.504305e-06,1.653142e-04,4.926697e-03
1757937664,23814428,21095251968,64389732,-6.358057e-02,-2.853568e-02,6.714651e-07,3.480774e-06,1.619018e-04,4.893614e-03
1758199808,23815669,21098397696,64399401,-6.358097e-02,-2.854829e-02,6.708059e-07,3.527978e-06,1.617429e-04,4.959980e-03
1758461952,23816952,21101543424,64408950,-6.358762e-02,-2.853188e-02,6.599637e-07,3.466616e-06,1.591286e-04,4.873711e-03
1758724096,23817342,21104689152,64418218,-6.359232e-02,-2.853753e-02,6.523473e-07,3.487658e-06,1.572922e-04,4.903293e-03
1758986240,23823924,21107834880,64427651,-6.358670e-02,-2.851421e-02,6.614535e-07,3.401099e-06,1.594878e-04,4.781600e-03
1759248384,23824086,21110980608,64437248,-6.356785e-02,-2.848728e-02,6.924701e-07,3.302522e-06,1.669665e-04,4.643011e-03
1759510528,23827764,21114126336,64446828,-6.354204e-02,-2.849438e-02,7.361025e-07,3.328359e-06,1.774870e-04,4.679334e-03
1759772672,23829338,21117272064,64456370,-6.354697e-02,-2.848241e-02,7.276634e-07,3.284842e-06,1.754522e-04,4.618155e-03
1760034816,23840615,21120417792,64465640,-6.354894e-02,-2.847882e-02,7.242988e-07,3.271844e-06,1.746409e-04,4.599881e-03
1760296960,23851812,21123563520,64475130,-6.356058e-02,-2.847686e-02,7.046379e-07,3.264759e-06,1.699003e-04,4.589920e-03
1760559104,23851826,21126709248,64484731,-6.354606e-02,-2.849534e-02,7.292149e-07,3.331853e-06,1.758263e-04,4.684248e-03
1760821248,23858034,21129854976,64494265,-6.355278e-02,-2.849893e-02,7.177824e-07,3.345003e-06,1.730697e-04,4.702735e-03
1761083392,23889835,21133000704,64504094,-6.353385e-02,-2.849279e-02,7.502199e-07,3.322550e-06,1.808909e-04,4.671169e-03
1761345536,23906540,21136146432,64513564,-6.355224e-02,-2.849792e-02,7.187043e-07,3.341277e-06,1.732920e-04,4.697497e-03
1761607680,24049137,21139292160,64522857,-6.356835e-02,-2.849756e-02,6.916520e-07,3.339977e-06,1.667692e-04,4.695669e-03
1761869824,24100484,21142437888,64532556,-6.358954e-02,-2.848154e-02,6.568563e-07,3.281697e-06,1.583794e-04,4.613732e-03
1762131968,24100567,21145583616,64542399,-6.358927e-02,-2.847075e-02,6.572790e-07,3.242719e-06,1.584813e-04,4.558933e-03
1762394112,24101250,21148729344,64551947,-6.358940e-02,-2.844132e-02,6.570737e-07,3.137586e-06,1.584318e-04,4.411128e-03
1762656256,24101570,21151875072,64561604,-6.359173e-02,-2.846071e-02,6.533105e-07,3.206642e-06,1.575244e-04,4.508213e-03
1762918400,24102202,21155020800,64571247,-6.357913e-02,-2.848160e-02,6.738238e-07,3.281892e-06,1.624705e-04,4.614008e-03
1763180544,24103512,21158166528,64580928,-6.360209e-02,-2.848982e-02,6.366643e-07,3.311729e-06,1.535107e-04,4.655954e-03
1763442688,24103960,21161312256,64590617,-6.360699e-02,-2.850218e-02,6.288649e-07,3.356876e-06,1.516302e-04,4.719427e-03
1763704832,24104532,21164457984,64600118,-6.362286e-02,-2.851143e-02,6.039470e-07,3.390849e-06,1.456220e-04,4.767190e-03
1763966976,24104768,21167603712,64609777,-6.362692e-02,-2.849421e-02,5.976638e-07,3.327747e-06,1.441070e-04,4.678475e-03
1764229120,24104898,21170749440,64619383,-6.360740e-02,-2.849620e-02,6.282151e-07,3.335002e-06,1.514735e-04,4.688675e-03
1764491264,24105722,21173895168,64629121,-6.358878e-02,-2.849116e-02,6.580887e-07,3.316611e-06,1.586765e-04,4.662819e-03
1764753408,24105923,21177040896,64638771,-6.358828e-02,-2.849835e-02,6.588868e-07,3.342864e-06,1.588689e-04,4.699728e-03
1765015552,24106183,21180186624,64648344,-6.360454e-02,-2.851249e-02,6.327586e-07,3.394754e-06,1.525690e-04,4.772679e-03
1765277696,24106457,21183332352,64657927,-6.359854e-02,-2.849813e-02,6.423484e-07,3.342074e-06,1.548813e-04,4.698617e-03
1765539840,24107035,21186478080,64667605,-6.359964e-02,-2.849710e-02,6.405821e-07,3.338302e-06,1.544554e-04,4.693314e-03
1765801984,24107085,21189623808,64677214,-6.359903e-02,-2.849626e-02,6.415604e-07,3.335226e-06,1.546913e-04,4.688990e-03
1766064128,24107989,21192769536,64686763,-6.360863e-02,-2.849860e-02,6.262679e-07,3.343797e-06,1.510040e-04,4.701040e-03
1766326272,24108234,21195915264,64696321,-6.360368e-02,-2.849755e-02,6.341343e-07,3.339936e-06,1.529007e-04,4.695612e-03
1766588416,24108719,21199060992,64706042,-6.362154e-02,-2.850925e-02,6.060100e-07,3.382842e-06,1.461194e-04,4.755932e-03
1766850560,24108899,21202206720,64715704,-6.361258e-02,-2.853323e-02,6.200335e-07,3.471612e-06,1.495007e-04,4.880735e-03
1767112704,24108952,21205352448,64725195,-6.361108e-02,-2.852339e-02,6.223942e-07,3.435039e-06,1.500700e-04,4.829317e-03
1767374848,24109030,21208498176,64734864,-6.361493e-02,-2.851975e-02,6.163312e-07,3.421575e-06,1.486081e-04,4.810387e-03
1767636992,24109161,21211643904,64744466,-6.359747e-02,-2.850005e-02,6.440574e-07,3.349099e-06,1.552933e-04,4.708494e-03
1767899136,24109720,21214789632,64753881,-6.359509e-02,-2.850151e-02,6.478898e-07,3.354412e-06,1.562174e-04,4.715963e-03
1768161280,24110449,21217935360,64763599,-6.357607e-02,-2.848626e-02,6.788728e-07,3.298806e-06,1.636879e-04,4.637786e-03
1768423424,24110851,21221081088,64773488,-6.359820e-02,-2.846458e-02,6.428859e-07,3.220505e-06,1.550109e-04,4.527703e-03
1768685568,24110963,21224226816,64783018,-6.360504e-02,-2.845966e-02,6.319647e-07,3.202867e-06,1.523776e-04,4.502906e-03
1768947712,24111405,21227372544,64792679,-6.359564e-02,-2.845519e-02,6.470025e-07,3.186906e-06,1.560035e-04,4.480467e-03
1769209856,24111730,21230518272,64802330,-6.360812e-02,-2.845640e-02,6.270700e-07,3.191217e-06,1.511974e-04,4.486528e-03
1769472000,24112108,21233664000,64811881,-6.359170e-02,-2.847547e-02,6.533466e-07,3.259740e-06,1.575331e-04,4.582864e-03
1769734144,24112217,21236809728,64821317,-6.357928e-02,-2.847852e-02,6.735914e-07,3.270733e-06,1.624145e-04,4.598318e-03
1769996288,24112297,21239955456,64830856,-6.359433e-02,-2.846909e-02,6.491018e-07,3.236724e-06,1.565096e-04,4.550506e-03
1770258432,24112839,21243101184,64840451,-6.357258e-02,-2.847389e-02,6.846308e-07,3.254012e-06,1.650763e-04,4.574811e-03
1770520576,24112878,21246246912,64850224,-6.357378e-02,-2.846673e-02,6.826472e-07,3.228245e-06,1.645980e-04,4.538585e-03
1770782720,24113103,21249392640,64859669,-6.357888e-02,-2.847643e-02,6.742397e-07,3.263184e-06,1.625708e-04,4.587707e-03
1771044864,24113848,21252538368,64869396,-6.357881e-02,-2.849213e-02,6.743621e-07,3.320154e-06,1.626003e-04,4.667799e-03
1771307008,24113962,21255684096,64879046,-6.355861e-02,-2.847071e-02,7.079440e-07,3.242558e-06,1.706975e-04,4.558707e-03
1771569152,24114089,21258829824,64888705,-6.354543e-02,-2.846548e-02,7.302970e-07,3.223735e-06,1.760872e-04,4.532245e-03
1771831296,24114356,21261975552,64898311,-6.354578e-02,-2.844863e-02,7.296986e-07,3.163533e-06,1.759429e-04,4.447606e-03
1772093440,24115829,21265121280,64907660,-6.354748e-02,-2.843372e-02,7.267866e-07,3.110722e-06,1.752408e-04,4.373359e-03
1772355584,24115842,21268267008,64917521,-6.354786e-02,-2.843360e-02,7.261389e-07,3.110275e-06,1.750846e-04,4.372731e-03
1772617728,24116192,21271412736,64927000,-6.354792e-02,-2.842669e-02,7.260373e-07,3.085968e-06,1.750601e-04,4.338558e-03
1772879872,24117250,21274558464,64936290,-6.354589e-02,-2.842599e-02,7.295077e-07,3.083495e-06,1.758969e-04,4.335081e-03
1773142016,24117690,21277704192,64945807,-6.354549e-02,-2.841580e-02,7.301951e-07,3.047829e-06,1.760626e-04,4.284939e-03
1773404160,24119046,21280849920,64955212,-6.354485e-02,-2.843565e-02,7.312779e-07,3.117532e-06,1.763237e-04,4.382933e-03
1773666304,24119194,21283995648,64964814,-6.355592e-02,-2.841559e-02,7.124773e-07,3.047081e-06,1.717906e-04,4.283887e-03
1773928448,24119297,21287141376,64974325,-6.355403e-02,-2.840475e-02,7.156757e-07,3.009372e-06,1.725617e-04,4.230871e-03
1774190592,24125742,21290287104,64984331,-6.353850e-02,-2.839438e-02,7.421878e-07,2.973483e-06,1.789542e-04,4.180416e-03
1774452736,24126180,21293432832,64993922,-6.354656e-02,-2.838531e-02,7.283626e-07,2.942294e-06,1.756208e-04,4.136567e-03
1774714880,24126513,21296578560,65003457,-6.354149e-02,-2.837231e-02,7.370361e-07,2.897855e-06,1.777121e-04,4.074090e-03
1774977024,24126703,21299724288,65013116,-6.354662e-02,-2.834849e-02,7.282609e-07,2.817345e-06,1.755963e-04,3.960901e-03
1775239168,24127876,21302870016,65022580,-6.355432e-02,-2.832906e-02,7.151716e-07,2.752492e-06,1.724402e-04,3.869724e-03
1775501312,24131409,21306015744,65032173,-6.354991e-02,-2.833373e-02,7.226511e-07,2.768008e-06,1.742436e-04,3.891539e-03
1775763456,24136572,21309161472,65041864,-6.355388e-02,-2.830476e-02,7.159279e-07,2.672452e-06,1.726225e-04,3.757196e-03
1776025600,24138782,21312307200,65051452,-6.355634e-02,-2.833624e-02,7.117732e-07,2.776357e-06,1.716208e-04,3.903276e-03
1776287744,24156792,21315452928,65060850,-6.354527e-02,-2.831125e-02,7.305644e-07,2.693718e-06,1.761517e-04,3.787094e-03
1776549888,24162414,21318598656,65070474,-6.354175e-02,-2.831626e-02,7.366012e-07,2.710183e-06,1.776072e-04,3.810243e-03
1776812032,24170925,21321744384,65080007,-6.352718e-02,-2.832425e-02,7.618158e-07,2.736545e-06,1.836869e-04,3.847304e-03
1777074176,24178488,21324890112,65089640,-6.353726e-02,-2.831581e-02,7.443203e-07,2.708694e-06,1.794685e-04,3.808148e-03
1777336320,24183809,21328035840,65099350,-6.353062e-02,-2.833098e-02,7.558189e-07,2.758856e-06,1.822410e-04,3.878671e-03
1777598464,24221181,21331181568,65108980,-6.354278e-02,-2.834453e-02,7.348374e-07,2.804035e-06,1.771819e-04,3.942189e-03
1777860608,24239794,21334327296,65118402,-6.354491e-02,-2.835686e-02,7.311759e-07,2.845509e-06,1.762991e-04,4.000496e-03
1778122752,24242543,21337473024,65128017,-6.355213e-02,-2.837323e-02,7.188812e-07,2.901007e-06,1.733346e-04,4.078522e-03
1778384896,24244590,21340618752,65137773,-6.356432e-02,-2.837685e-02,6.983726e-07,2.913349e-06,1.683897e-04,4.095872e-03
1778647040,24244755,21343764480,65147542,-6.358176e-02,-2.836439e-02,6.695129e-07,2.870959e-06,1.614311e-04,4.036278e-03
1778909184,24246543,21346910208,65157199,-6.357948e-02,-2.834467e-02,6.732612e-07,2.804528e-06,1.623349e-04,3.942883e-03
1779171328,24246904,21350055936,65166762,-6.361264e-02,-2.834332e-02,6.199396e-07,2.800007e-06,1.494781e-04,3.936526e-03
1779433472,24247330,21353201664,65176250,-6.360242e-02,-2.836816e-02,6.361413e-07,2.883749e-06,1.533846e-04,4.054259e-03
1779695616,24249142,21356347392,65185869,-6.359077e-02,-2.836792e-02,6.548531e-07,2.882921e-06,1.578964e-04,4.053094e-03
1779957760,24249374,21359493120,65195512,-6.358165e-02,-2.838536e-02,6.696958e-07,2.942448e-06,1.614752e-04,4.136783e-03
1780219904,24249609,21362638848,65205169,-6.359287e-02,-2.836282e-02,6.514690e-07,2.865647e-06,1.570804e-04,4.028809e-03
1780482048,24250324,21365784576,65214746,-6.357874e-02,-2.835146e-02,6.744722e-07,2.827314e-06,1.626269e-04,3.974916e-03
1780744192,24250411,21368930304,65224232,-6.357345e-02,-2.837335e-02,6.831891e-07,2.901413e-06,1.647287e-04,4.079093e-03
1781006336,24250916,21372076032,65233591,-6.356620e-02,-2.837255e-02,6.952257e-07,2.898666e-06,1.676309e-04,4.075231e-03
1781268480,24251141,21375221760,65243088,-6.357309e-02,-2.835865e-02,6.837804e-07,2.851526e-06,1.648712e-04,4.008956e-03
1781530624,24251284,21378367488,65252662,-6.356754e-02,-2.837275e-02,6.929910e-07,2.899358e-06,1.670921e-04,4.076203e-03
1781792768,24251373,21381513216,65262338,-6.357488e-02,-2.836825e-02,6.808263e-07,2.884053e-06,1.641590e-04,4.054686e-03
1782054912,24251668,21384658944,65272055,-6.355671e-02,-2.837545e-02,7.111447e-07,2.908557e-06,1.714692e-04,4.089136e-03
1782317056,24252005,21387804672,65281645,-6.354740e-02,-2.836077e-02,7.269390e-07,2.858702e-06,1.752775e-04,4.019044e-03
1782579200,24252351,21390950400,65291158,-6.356418e-02,-2.835413e-02,6.985968e-07,2.836304e-06,1.684437e-04,3.987555e-03
1782841344,24252379,21394096128,65300865,-6.355079e-02,-2.836277e-02,7.211698e-07,2.865464e-06,1.738865e-04,4.028552e-03
1783103488,24252466,21397241856,65310443,-6.355720e-02,-2.833687e-02,7.103156e-07,2.778468e-06,1.712693e-04,3.906244e-03
1783365632,24252564,21400387584,65320150,-6.358375e-02,-2.832017e-02,6.662614e-07,2.723047e-06,1.606471e-04,3.828328e-03
1783627776,24252680,21403533312,65329677,-6.360006e-02,-2.834708e-02,6.399144e-07,2.812601e-06,1.542944e-04,3.954231e-03
1783889920,24252777,21406679040,65339169,-6.359982e-02,-2.834441e-02,6.402959e-07,2.803636e-06,1.543864e-04,3.941628e-03
1784152064,24253047,21409824768,65348757,-6.358964e-02,-2.833453e-02,6.566872e-07,2.770649e-06,1.583386e-04,3.895252e-03
1784414208,24253111,21412970496,65358469,-6.357797e-02,-2.833066e-02,6.757334e-07,2.757804e-06,1.629310e-04,3.877192e-03
1784676352,24253270,21416116224,65367986,-6.356105e-02,-2.831762e-02,7.038375e-07,2.714662e-06,1.697074e-04,3.816540e-03
1784938496,24254197,21419261952,65377814,-6.356921e-02,-2.833774e-02,6.902152e-07,2.781350e-06,1.664228e-04,3.910296e-03
1785200640,24254413,21422407680,65387399,-6.357658e-02,-2.834024e-02,6.780259e-07,2.789694e-06,1.634837e-04,3.922027e-03
1785462784,24254425,21425553408,65397181,-6.358942e-02,-2.831749e-02,6.570374e-07,2.714214e-06,1.584230e-04,3.815910e-03
1785724928,24254571,21428699136,65406646,-6.360748e-02,-2.830810e-02,6.280970e-07,2.683376e-06,1.514450e-04,3.772555e-03
1785987072,24254762,21431844864,65416373,-6.362935e-02,-2.833203e-02,5.939027e-07,2.762334e-06,1.432002e-04,3.883562e-03
1786249216,24254797,21434990592,65426022,-6.363828e-02,-2.833269e-02,5.802250e-07,2.764532e-06,1.399022e-04,3.886652e-03
1786511360,24255082,21438136320,65435741,-6.364100e-02,-2.832208e-02,5.760781e-07,2.729370e-06,1.389024e-04,3.837218e-03
1786773504,24255100,21441282048,65445277,-6.363130e-02,-2.829736e-02,5.909092e-07,2.648305e-06,1.424784e-04,3.723248e-03
1787035648,24255617,21444427776,65454711,-6.364857e-02,-2.831855e-02,5.646445e-07,2.717726e-06,1.361455e-04,3.820847e-03
1787297792,24256482,21447573504,65464145,-6.363406e-02,-2.831726e-02,5.866672e-07,2.713459e-06,1.414556e-04,3.814849e-03
1787559936,24256489,21450719232,65473950,-6.364681e-02,-2.831110e-02,5.673014e-07,2.693216e-06,1.367861e-04,3.786389e-03
1787822080,24256748,21453864960,65483533,-6.364813e-02,-2.830964e-02,5.653053e-07,2.688407e-06,1.363049e-04,3.779627e-03
1788084224,24256779,21457010688,65493018,-6.365342e-02,-2.831640e-02,5.573898e-07,2.710631e-06,1.343963e-04,3.810873e-03
1788346368,24256943,21460156416,65502735,-6.365518e-02,-2.832481e-02,5.547563e-07,2.738394e-06,1.337613e-04,3.849904e-03
1788608512,24257176,21463302144,65512334,-6.363153e-02,-2.832956e-02,5.905542e-07,2.754130e-06,1.423928e-04,3.872027e-03
1788870656,24257493,21466447872,65521803,-6.362396e-02,-2.831776e-02,6.022343e-07,2.715117e-06,1.452091e-04,3.817178e-03
1789132800,24257802,21469593600,65531283,-6.360634e-02,-2.831201e-02,6.298933e-07,2.696182e-06,1.518781e-04,3.790559e-03
1789394944,24258734,21472739328,65540981,-6.360587e-02,-2.830462e-02,6.306504e-07,2.671983e-06,1.520607e-04,3.756537e-03
1789657088,24258818,21475885056,65550653,-6.359775e-02,-2.829834e-02,6.436030e-07,2.651501e-06,1.551838e-04,3.727741e-03
1789919232,24259206,21479030784,65560419,-6.359525e-02,-2.830212e-02,6.476259e-07,2.663823e-06,1.561538e-04,3.745065e-03
1790181376,24259234,21482176512,65570139,-6.359573e-02,-2.831410e-02,6.468587e-07,2.703062e-06,1.559688e-04,3.800231e-03
1790443520,24259676,21485322240,65579589,-6.361290e-02,-2.832584e-02,6.195291e-07,2.741823e-06,1.493791e-04,3.854724e-03
1790705664,24260720,21488467968,65589306,-6.357765e-02,-2.833386e-02,6.762601e-07,2.768442e-06,1.630580e-04,3.892149e-03
1790967808,24261451,21491613696,65598872,-6.357256e-02,-2.832486e-02,6.846678e-07,2.738579e-06,1.650852e-04,3.850164e-03
1791229952,24263647,21494759424,65608497,-6.359799e-02,-2.831598e-02,6.432205e-07,2.709251e-06,1.550915e-04,3.808933e-03
1791492096,24265076,21497905152,65618003,-6.359587e-02,-2.829615e-02,6.466310e-07,2.644366e-06,1.559139e-04,3.717710e-03
1791754240,24266415,21501050880,65627518,-6.362443e-02,-2.831605e-02,6.015060e-07,2.709472e-06,1.450335e-04,3.809243e-03
1792016384,24266838,21504196608,65637210,-6.362270e-02,-2.830318e-02,6.042018e-07,2.667266e-06,1.456835e-04,3.749905e-03
1792278528,24273370,21507342336,65646661,-6.362106e-02,-2.831134e-02,6.067527e-07,2.694011e-06,1.462985e-04,3.787506e-03
1792540672,24273734,21510488064,65656358,-6.361864e-02,-2.831835e-02,6.105308e-07,2.717075e-06,1.472095e-04,3.819932e-03
1792802816,24277205,21513633792,65666065,-6.364764e-02,-2.830817e-02,5.660450e-07,2.683602e-06,1.364832e-04,3.772872e-03
1793064960,24277805,21516779520,65675632,-6.367676e-02,-2.826957e-02,5.230801e-07,2.558633e-06,1.261236e-04,3.597178e-03
1793327104,24278707,21519925248,65685309,-6.370215e-02,-2.825700e-02,4.869963e-07,2.518580e-06,1.174232e-04,3.540868e-03
1793589248,24290954,21523070976,65694979,-6.369938e-02,-2.827989e-02,4.908723e-07,2.591739e-06,1.183578e-04,3.643722e-03
1793851392,24302456,21526216704,65704381,-6.369303e-02,-2.827515e-02,4.998076e-07,2.576522e-06,1.205122e-04,3.622329e-03
1794113536,24310682,21529362432,65713991,-6.368261e-02,-2.828735e-02,5.146542e-07,2.615808e-06,1.240920e-04,3.677561e-03
1794375680,24317163,21532508160,65723813,-6.366636e-02,-2.830676e-02,5.382332e-07,2.678984e-06,1.297773e-04,3.766380e-03
1794637824,24339788,21535653888,65733544,-6.365632e-02,-2.832536e-02,5.530706e-07,2.740231e-06,1.333549e-04,3.852487e-03
1794899968,24356633,21538799616,65742843,-6.367212e-02,-2.831266e-02,5.298158e-07,2.698330e-06,1.277477e-04,3.793578e-03
1795162112,24502678,21541945344,65752408,-6.367921e-02,-2.832595e-02,5.195404e-07,2.742168e-06,1.252701e-04,3.855210e-03
1795424256,24555372,21545091072,65762168,-6.368259e-02,-2.829335e-02,5.146756e-07,2.635257e-06,1.240971e-04,3.704904e-03
1795686400,24555448,21548236800,65771785,-6.369387e-02,-2.826790e-02,4.986179e-07,2.553272e-06,1.202253e-04,3.589642e-03
1795948544,24556103,21551382528,65781558,-6.368684e-02,-2.826302e-02,5.086002e-07,2.537718e-06,1.226323e-04,3.567774e-03
1796210688,24556601,21554528256,65791194,-6.367633e-02,-2.825384e-02,5.236946e-07,2.508546e-06,1.262718e-04,3.526760e-03
1796472832,24557443,21557673984,65800953,-6.366645e-02,-2.826756e-02,5.381020e-07,2.552189e-06,1.297457e-04,3.588119e-03
1796734976,24558721,21560819712,65810530,-6.367429e-02,-2.824698e-02,5.266642e-07,2.486874e-06,1.269878e-04,3.496292e-03
1796997120,24558901,21563965440,65820214,-6.365111e-02,-2.823729e-02,5.608327e-07,2.456401e-06,1.352264e-04,3.453451e-03
1797259264,24559443,21567111168,65830060,-6.364799e-02,-2.823404e-02,5.655294e-07,2.446235e-06,1.363589e-04,3.439158e-03
1797521408,24559846,21570256896,65839554,-6.365383e-02,-2.822173e-02,5.567781e-07,2.407856e-06,1.342488e-04,3.385202e-03
1797783552,24560256,21573402624,65848932,-6.364734e-02,-2.822824e-02,5.665048e-07,2.428125e-06,1.365941e-04,3.413698e-03
1798045696,24560845,21576548352,65858632,-6.365114e-02,-2.822110e-02,5.607993e-07,2.405903e-06,1.352184e-04,3.382455e-03
1798307840,24561010,21579694080,65868190,-6.364091e-02,-2.820541e-02,5.762138e-07,2.357478e-06,1.389351e-04,3.314375e-03
1798569984,24561462,21582839808,65877643,-6.363484e-02,-2.821615e-02,5.854694e-07,2.390580e-06,1.411668e-04,3.360913e-03
1798832128,24561734,21585985536,65887223,-6.364501e-02,-2.822291e-02,5.700094e-07,2.411528e-06,1.374391e-04,3.390364e-03
1799094272,24562421,21589131264,65896821,-6.365609e-02,-2.820930e-02,5.534031e-07,2.369442e-06,1.334350e-04,3.331195e-03
1799356416,24562519,21592276992,65906696,-6.365591e-02,-2.820006e-02,5.536692e-07,2.341074e-06,1.334992e-04,3.291312e-03
1799618560,24563329,21595422720,65916505,-6.364936e-02,-2.820364e-02,5.634582e-07,2.352059e-06,1.358595e-04,3.306756e-03
1799880704,24563668,21598568448,65925918,-6.364273e-02,-2.823378e-02,5.734572e-07,2.445396e-06,1.382704e-04,3.437979e-03
1800142848,24563991,21601714176,65935454,-6.362232e-02,-2.824118e-02,6.047927e-07,2.468619e-06,1.458259e-04,3.470628e-03
1800404992,24563994,21604859904,65944985,-6.364010e-02,-2.824367e-02,5.774588e-07,2.476445e-06,1.392352e-04,3.481631e-03
1800667136,24564185,21608005632,65954687,-6.365340e-02,-2.825449e-02,5.574121e-07,2.510611e-06,1.344016e-04,3.529664e-03
1800929280,24564487,21611151360,65964418,-6.364167e-02,-2.829301e-02,5.750720e-07,2.634175e-06,1.386597e-04,3.703382e-03
1801191424,24564536,21614297088,65974273,-6.363561e-02,-2.827001e-02,5.842956e-07,2.560039e-06,1.408837e-04,3.599155e-03
1801453568,24564842,21617442816,65983612,-6.362791e-02,-2.827685e-02,5.961211e-07,2.581961e-06,1.437351e-04,3.629975e-03
1801715712,24565507,21620588544,65993294,-6.361561e-02,-2.830798e-02,6.152789e-07,2.682973e-06,1.483543e-04,3.771989e-03
1801977856,24565883,21623734272,66002805,-6.362056e-02,-2.830001e-02,6.075306e-07,2.656933e-06,1.464861e-04,3.735378e-03
1802240000,24566129,21626880000,66012326,-6.362277e-02,-2.830197e-02,6.040975e-07,2.663331e-06,1.456583e-04,3.744373e-03
1802502144,24566376,21630025728,66022089,-6.363802e-02,-2.831958e-02,5.806223e-07,2.721129e-06,1.399981e-04,3.825632e-03
1802764288,24566698,21633171456,66031600,-6.362984e-02,-2.833951e-02,5.931565e-07,2.787255e-06,1.430202e-04,3.918598e-03
1803026432,24567313,21636317184,66041121,-6.362832e-02,-2.834333e-02,5.954885e-07,2.800032e-06,1.435825e-04,3.936561e-03
1803288576,24567432,21639462912,66050613,-6.363594e-02,-2.834841e-02,5.837945e-07,2.817051e-06,1.407629e-04,3.960487e-03
1803550720,24567585,21642608640,66060108,-6.363706e-02,-2.836204e-02,5.820880e-07,2.862993e-06,1.403514e-04,4.025077e-03
1803812864,24568188,21645754368,66069806,-6.363598e-02,-2.835177e-02,5.837263e-07,2.828360e-06,1.407465e-04,3.976388e-03
1804075008,24568265,21648900096,66079251,-6.362780e-02,-2.836620e-02,5.962937e-07,2.877098e-06,1.437767e-04,4.044908e-03
1804337152,24568311,21652045824,66088901,-6.360471e-02,-2.837234e-02,6.324860e-07,2.897956e-06,1.525033e-04,4.074232e-03
1804599296,24568735,21655191552,66098246,-6.359991e-02,-2.835064e-02,6.401528e-07,2.824546e-06,1.543519e-04,3.971025e-03
1804861440,24569028,21658337280,66107687,-6.356039e-02,-2.834381e-02,7.049507e-07,2.801634e-06,1.699757e-04,3.938813e-03
1805123584,24569365,21661483008,66117255,-6.355923e-02,-2.834822e-02,7.068912e-07,2.816419e-06,1.704436e-04,3.959600e-03
1805385728,24569376,21664628736,66126715,-6.353412e-02,-2.835524e-02,7.497553e-07,2.840051e-06,1.807789e-04,3.992823e-03
1805647872,24570942,21667774464,66136316,-6.352888e-02,-2.837459e-02,7.588533e-07,2.905635e-06,1.829726e-04,4.085028e-03
1805910016,24571241,21670920192,66145879,-6.353141e-02,-2.837649e-02,7.544592e-07,2.912115e-06,1.819131e-04,4.094139e-03
1806172160,24571327,21674065920,66155671,-6.354519e-02,-2.836869e-02,7.307045e-07,2.885533e-06,1.761855e-04,4.056767e-03
1806434304,24572352,21677211648,66165374,-6.351920e-02,-2.836664e-02,7.758090e-07,2.878596e-06,1.870609e-04,4.047013e-03
1806696448,24572651,21680357376,66175062,-6.351677e-02,-2.839218e-02,7.801067e-07,2.965902e-06,1.880972e-04,4.169757e-03
1806958592,24574025,21683503104,66184621,-6.351309e-02,-2.839051e-02,7.866088e-07,2.960162e-06,1.896649e-04,4.161688e-03
1807220736,24574214,21686648832,66194005,-6.348114e-02,-2.839275e-02,8.442996e-07,2.967852e-06,2.035752e-04,4.172499e-03
1807482880,24574878,21689794560,66203507,-6.347851e-02,-2.837586e-02,8.491535e-07,2.909954e-06,2.047455e-04,4.091101e-03
1807745024,24581050,21692940288,66213155,-6.346903e-02,-2.836449e-02,8.667096e-07,2.871307e-06,2.089786e-04,4.036766e-03
1808007168,24581198,21696086016,66222576,-6.344273e-02,-2.838432e-02,9.163715e-07,2.938896e-06,2.209530e-04,4.131789e-03
1808269312,24581413,21699231744,66232239,-6.344859e-02,-2.836694e-02,9.051939e-07,2.879613e-06,2.182578e-04,4.048444e-03
1808531456,24582192,21702377472,66241612,-6.343452e-02,-2.835188e-02,9.321583e-07,2.828717e-06,2.247594e-04,3.976890e-03
1808793600,24583141,21705523200,66251138,-6.342111e-02,-2.834289e-02,9.582345e-07,2.798561e-06,2.310468e-04,3.934493e-03
1809055744,24587754,21708668928,66260907,-6.341583e-02,-2.835423e-02,9.686044e-07,2.836636e-06,2.335472e-04,3.988023e-03
1809317888,24591556,21711814656,66270523,-6.339420e-02,-2.835811e-02,1.011631e-06,2.849708e-06,2.439216e-04,4.006400e-03
1809580032,24594365,21714960384,66280022,-6.341948e-02,-2.836520e-02,9.614171e-07,2.873693e-06,2.318142e-04,4.040121e-03
1809842176,24611957,21718106112,66289935,-6.339070e-02,-2.835380e-02,1.018687e-06,2.835168e-06,2.456230e-04,3.985959e-03
1810104320,24617837,21721251840,66299727,-6.339294e-02,-2.832507e-02,1.014180e-06,2.739251e-06,2.445363e-04,3.851109e-03
1810366464,24626008,21724397568,66309323,-6.340617e-02,-2.831599e-02,9.877040e-07,2.709288e-06,2.381524e-04,3.808984e-03
1810628608,24633649,21727543296,66318732,-6.340584e-02,-2.831363e-02,9.883556e-07,2.701506e-06,2.383096e-04,3.798044e-03
1810890752,24639709,21730689024,66328264,-6.339721e-02,-2.831986e-02,1.005585e-06,2.722027e-06,2.424638e-04,3.826894e-03
1811152896,24676398,21733834752,66337966,-6.339404e-02,-2.832974e-02,1.011961e-06,2.754736e-06,2.440011e-04,3.872880e-03
1811415040,24690698,21736980480,66347560,-6.342012e-02,-2.832944e-02,9.601609e-07,2.753753e-06,2.315113e-04,3.871497e-03
1811677184,24693621,21740126208,66357194,-6.342167e-02,-2.832402e-02,9.571262e-07,2.735781e-06,2.307796e-04,3.846230e-03
1811939328,24695716,21743271936,66366749,-6.341664e-02,-2.833280e-02,9.669918e-07,2.764892e-06,2.331584e-04,3.887157e-03
1812201472,24695978,21746417664,66376418,-6.342614e-02,-2.833765e-02,9.484138e-07,2.781064e-06,2.286789e-04,3.909894e-03
1812463616,24697669,21749563392,66386003,-6.341901e-02,-2.830773e-02,9.623524e-07,2.682168e-06,2.320397e-04,3.770856e-03
1812725760,24698010,21752709120,66395559,-6.341414e-02,-2.831531e-02,9.719215e-07,2.707057e-06,2.343470e-04,3.805847e-03
1812987904,24698220,21755854848,66405221,-6.340679e-02,-2.832158e-02,9.864751e-07,2.727721e-06,2.378561e-04,3.834899e-03
1813250048,24700219,21759000576,66414970,-6.340899e-02,-2.830922e-02,9.821140e-07,2.687045e-06,2.368046e-04,3.777713e-03
1813512192,24700449,21762146304,66424505,-6.342588e-02,-2.831433e-02,9.489218e-07,2.703815e-06,2.288014e-04,3.801290e-03
1813774336,24700697,21765292032,66434142,-6.343280e-02,-2.831284e-02,9.354847e-07,2.698929e-06,2.255615e-04,3.794421e-03
1814036480,24701392,21768437760,66443731,-6.344094e-02,-2.831005e-02,9.197981e-07,2.689751e-06,2.217792e-04,3.781517e-03
1814298624,24701548,21771583488,66453360,-6.347022e-02,-2.829038e-02,8.644914e-07,2.625620e-06,2.084438e-04,3.691355e-03
1814560768,24702156,21774729216,66462921,-6.345537e-02,-2.828678e-02,8.923245e-07,2.613965e-06,2.151548e-04,3.674969e-03
1814822912,24702166,21777874944,66472503,-6.345236e-02,-2.828491e-02,8.980344e-07,2.607951e-06,2.165316e-04,3.666515e-03
1815085056,24702222,21781020672,66481942,-6.344514e-02,-2.826304e-02,9.117699e-07,2.537789e-06,2.198434e-04,3.567874e-03
1815347200,24702373,21784166400,66491449,-6.343482e-02,-2.824097e-02,9.315686e-07,2.467935e-06,2.246172e-04,3.469665e-03
1815609344,24702718,21787312128,66501086,-6.344793e-02,-2.824745e-02,9.064419e-07,2.488354e-06,2.185588e-04,3.498374e-03
1815871488,24703066,21790457856,66510729,-6.342907e-02,-2.822407e-02,9.427048e-07,2.415128e-06,2.273024e-04,3.395425e-03
1816133632,24703442,21793603584,66520386,-6.340866e-02,-2.821228e-02,9.827638e-07,2.378626e-06,2.369613e-04,3.344107e-03
1816395776,24703474,21796749312,66530089,-6.342695e-02,-2.821428e-02,9.468327e-07,2.384795e-06,2.282977e-04,3.352780e-03
1816657920,24703532,21799895040,66539660,-6.340998e-02,-2.822680e-02,9.801508e-07,2.423640e-06,2.363313e-04,3.407392e-03
1816920064,24703751,21803040768,66549388,-6.340518e-02,-2.822288e-02,9.896745e-07,2.411424e-06,2.386276e-04,3.390218e-03
1817182208,24703820,21806186496,66558869,-6.339681e-02,-2.822988e-02,1.006392e-06,2.433213e-06,2.426584e-04,3.420850e-03
1817444352,24703979,21809332224,66568465,-6.341743e-02,-2.823580e-02,9.654392e-07,2.451744e-06,2.327840e-04,3.446904e-03
1817706496,24704139,21812477952,66578126,-6.343139e-02,-2.823115e-02,9.382106e-07,2.437195e-06,2.262187e-04,3.426449e-03
1817968640,24704321,21815623680,66587754,-6.341358e-02,-2.823929e-02,9.730237e-07,2.462664e-06,2.346128e-04,3.462256e-03
1818230784,24704324,21818769408,66597699,-6.341401e-02,-2.823463e-02,9.721861e-07,2.448077e-06,2.344108e-04,3.441748e-03
1818492928,24705265,21821915136,66607488,-6.340002e-02,-2.824130e-02,9.999593e-07,2.468970e-06,2.411074e-04,3.471122e-03
1818755072,24705292,21825060864,66617100,-6.339993e-02,-2.823321e-02,1.000153e-06,2.443620e-06,2.411541e-04,3.435481e-03
1819017216,24705535,21828206592,66626511,-6.336891e-02,-2.825072e-02,1.063153e-06,2.498672e-06,2.563446e-04,3.512880e-03
1819279360,24705665,21831352320,66636057,-6.336050e-02,-2.824711e-02,1.080555e-06,2.487291e-06,2.605405e-04,3.496878e-03
1819541504,24705808,21834498048,66645465,-6.337684e-02,-2.821974e-02,1.046853e-06,2.401687e-06,2.524143e-04,3.376527e-03
1819803648,24706026,21837643776,66655229,-6.337780e-02,-2.821875e-02,1.044903e-06,2.398639e-06,2.519440e-04,3.372243e-03
1820065792,24706167,21840789504,66664922,-6.337242e-02,-2.822926e-02,1.055929e-06,2.431284e-06,2.546027e-04,3.418138e-03
1820327936,24706305,21843935232,66674431,-6.334849e-02,-2.822815e-02,1.105685e-06,2.427817e-06,2.665996e-04,3.413265e-03
1820590080,24706728,21847080960,66683994,-6.334392e-02,-2.825901e-02,1.115310e-06,2.524945e-06,2.689205e-04,3.549817e-03
1820852224,24707635,21850226688,66693470,-6.333891e-02,-2.825295e-02,1.125911e-06,2.505726e-06,2.714764e-04,3.522797e-03
1821114368,24707714,21853372416,66702999,-6.335603e-02,-2.825649e-02,1.089869e-06,2.516966e-06,2.627862e-04,3.538599e-03
1821376512,24707732,21856518144,66712605,-6.335109e-02,-2.825151e-02,1.100207e-06,2.501170e-06,2.652789e-04,3.516391e-03
1821638656,24707880,21859663872,66722031,-6.334729e-02,-2.825729e-02,1.108209e-06,2.519497e-06,2.672082e-04,3.542156e-03
1821900800,24708302,21862809600,66731541,-6.333001e-02,-2.826315e-02,1.144885e-06,2.538128e-06,2.760514e-04,3.568350e-03
1822162944,24708376,21865955328,66741065,-6.334546e-02,-2.826620e-02,1.112055e-06,2.547846e-06,2.681357e-04,3.582014e-03
1822425088,24708496,21869101056,66750936,-6.333269e-02,-2.827907e-02,1.139152e-06,2.589113e-06,2.746691e-04,3.640030e-03
1822687232,24708823,21872246784,66760595,-6.332873e-02,-2.829014e-02,1.147629e-06,2.624841e-06,2.767130e-04,3.690261e-03
1822949376,24709874,21875392512,66770467,-6.332468e-02,-2.826674e-02,1.156313e-06,2.549565e-06,2.788070e-04,3.584430e-03
1823211520,24710067,21878538240,66779930,-6.333139e-02,-2.826740e-02,1.141937e-06,2.551683e-06,2.753406e-04,3.587408e-03
1823473664,24710524,21881683968,66789365,-6.333529e-02,-2.827129e-02,1.133608e-06,2.564117e-06,2.733324e-04,3.604889e-03
1823735808,24710542,21884829696,66798887,-6.333451e-02,-2.825979e-02,1.135274e-06,2.527438e-06,2.737342e-04,3.553322e-03
1823997952,24710693,21887975424,66808429,-6.332348e-02,-2.825824e-02,1.158894e-06,2.522513e-06,2.794294e-04,3.546397e-03
1824260096,24711869,21891121152,66817993,-6.333671e-02,-2.826881e-02,1.130596e-06,2.556196e-06,2.726061e-04,3.593752e-03
1824522240,24712824,21894266880,66827492,-6.331780e-02,-2.826701e-02,1.171166e-06,2.550458e-06,2.823883e-04,3.585684e-03
1824784384,24714843,21897412608,66836898,-6.330461e-02,-2.828614e-02,1.199883e-06,2.611899e-06,2.893125e-04,3.672065e-03
1825046528,24716109,21900558336,66846369,-6.330721e-02,-2.828970e-02,1.194193e-06,2.623435e-06,2.879406e-04,3.688284e-03
1825308672,24717481,21903704064,66855883,-6.330752e-02,-2.826645e-02,1.193510e-06,2.548667e-06,2.877757e-04,3.583167e-03
1825570816,24718298,21906849792,66865400,-6.330476e-02,-2.827672e-02,1.199557e-06,2.581536e-06,2.892338e-04,3.629377e-03
1825832960,24724798,21909995520,66875092,-6.328818e-02,-2.828955e-02,1.236144e-06,2.622935e-06,2.980557e-04,3.687580e-03
1826095104,24725037,21913141248,66884764,-6.328639e-02,-2.831314e-02,1.240124e-06,2.699896e-06,2.990152e-04,3.795780e-03
1826357248,24728323,21916286976,66894374,-6.328803e-02,-2.832005e-02,1.236476e-06,2.722672e-06,2.981357e-04,3.827801e-03
1826619392,24729705,21919432704,66903979,-6.329578e-02,-2.833381e-02,1.219303e-06,2.768269e-06,2.939951e-04,3.891905e-03
1826881536,24732790,21922578432,66913596,-6.328563e-02,-2.830526e-02,1.241834e-06,2.674078e-06,2.994275e-04,3.759483e-03
1827143680,24742724,21925724160,66923231,-6.327101e-02,-2.832178e-02,1.274627e-06,2.728392e-06,3.073346e-04,3.835842e-03
1827405824,24754337,21928869888,66932955,-6.329279e-02,-2.831254e-02,1.225911e-06,2.697932e-06,2.955881e-04,3.793018e-03
1827667968,24769328,21932015616,66942593,-6.329145e-02,-2.831076e-02,1.228882e-06,2.692091e-06,2.963046e-04,3.784807e-03
1827930112,24776282,21935161344,66952194,-6.326575e-02,-2.829865e-02,1.286532e-06,2.652490e-06,3.102051e-04,3.729132e-03
1828192256,24790784,21938307072,66961774,-6.328360e-02,-2.829746e-02,1.246354e-06,2.648620e-06,3.005175e-04,3.723692e-03
1828454400,24807971,21941452800,66971146,-6.329182e-02,-2.830800e-02,1.228073e-06,2.683059e-06,2.961095e-04,3.772109e-03
1828716544,24961030,21944598528,66980853,-6.330141e-02,-2.832804e-02,1.206912e-06,2.749094e-06,2.910073e-04,3.864947e-03
1828978688,25010320,21947744256,66990442,-6.329979e-02,-2.831954e-02,1.210467e-06,2.720994e-06,2.918645e-04,3.825442e-03
1829240832,25010626,21950889984,67000153,-6.329375e-02,-2.834278e-02,1.223800e-06,2.798206e-06,2.950792e-04,3.933994e-03
1829502976,25010870,21954035712,67009723,-6.328020e-02,-2.835822e-02,1.253952e-06,2.850073e-06,3.023494e-04,4.006913e-03
1829765120,25011670,21957181440,67019334,-6.327233e-02,-2.835833e-02,1.271651e-06,2.850450e-06,3.066170e-04,4.007443e-03
1830027264,25012776,21960327168,67028829,-6.325954e-02,-2.836949e-02,1.300650e-06,2.888274e-06,3.136091e-04,4.060620e-03
1830289408,25013992,21963472896,67038413,-6.326713e-02,-2.836370e-02,1.283390e-06,2.868637e-06,3.094475e-04,4.033013e-03
1830551552,25014352,21966618624,67047977,-6.327279e-02,-2.835013e-02,1.270610e-06,2.822825e-06,3.063659e-04,3.968605e-03
1830813696,25014497,21969764352,67057575,-6.327341e-02,-2.836115e-02,1.269199e-06,2.859974e-06,3.060258e-04,4.020834e-03
1831075840,25014977,21972910080,67067249,-6.325740e-02,-2.836612e-02,1.305549e-06,2.876814e-06,3.147903e-04,4.044509e-03
1831337984,25015381,21976055808,67077006,-6.325427e-02,-2.837333e-02,1.312710e-06,2.901337e-06,3.165169e-04,4.078986e-03
1831600128,25016042,21979201536,67086398,-6.328061e-02,-2.836968e-02,1.253034e-06,2.888901e-06,3.021281e-04,4.061501e-03
1831862272,25016235,21982347264,67096126,-6.327464e-02,-2.837591e-02,1.266431e-06,2.910120e-06,3.053582e-04,4.091334e-03
1832124416,25016654,21985492992,67105821,-6.325554e-02,-2.836412e-02,1.309792e-06,2.870057e-06,3.158133e-04,4.035009e-03
1832386560,25017461,21988638720,67115541,-6.324260e-02,-2.836189e-02,1.339582e-06,2.862501e-06,3.229962e-04,4.024386e-03
1832648704,25017991,21991784448,67125010,-6.324710e-02,-2.835988e-02,1.329185e-06,2.855704e-06,3.204894e-04,4.014830e-03
1832910848,25018053,21994930176,67134670,-6.325957e-02,-2.837090e-02,1.300582e-06,2.893056e-06,3.135927e-04,4.067343e-03
1833172992,25018691,21998075904,67144425,-6.326670e-02,-2.835724e-02,1.284370e-06,2.846791e-06,3.096837e-04,4.002300e-03
1833435136,25018863,22001221632,67154248,-6.326953e-02,-2.834675e-02,1.277960e-06,2.811495e-06,3.081383e-04,3.952676e-03
1833697280,25019141,22004367360,67163888,-6.324616e-02,-2.834789e-02,1.331351e-06,2.815319e-06,3.210115e-04,3.958053e-03
1833959424,25019168,22007513088,67173544,-6.324302e-02,-2.833309e-02,1.338616e-06,2.765870e-06,3.227634e-04,3.888533e-03
1834221568,25019307,22010658816,67183124,-6.322660e-02,-2.832155e-02,1.376884e-06,2.727604e-06,3.319903e-04,3.834735e-03
1834483712,25019650,22013804544,67192655,-6.325113e-02,-2.832332e-02,1.319907e-06,2.733464e-06,3.182523e-04,3.842974e-03
1834745856,25019918,22016950272,67202169,-6.324192e-02,-2.833545e-02,1.341152e-06,2.773738e-06,3.233747e-04,3.899594e-03
1835008000,25020441,22020096000,67211595,-6.322978e-02,-2.831658e-02,1.369410e-06,2.711238e-06,3.301884e-04,3.811726e-03
1835270144,25020582,22023241728,67221170,-6.323444e-02,-2.831532e-02,1.358533e-06,2.707087e-06,3.275658e-04,3.805890e-03
1835532288,25020814,22026387456,67230616,-6.327202e-02,-2.831533e-02,1.272340e-06,2.707112e-06,3.067832e-04,3.805925e-03
1835794432,25021209,22029533184,67240282,-6.326463e-02,-2.831088e-02,1.289069e-06,2.692495e-06,3.108167e-04,3.785375e-03
1836056576,25021217,22032678912,67250045,-6.326894e-02,-2.833909e-02,1.279292e-06,2.785868e-06,3.084592e-04,3.916649e-03
1836318720,25021655,22035824640,67259654,-6.328598e-02,-2.834424e-02,1.241053e-06,2.803094e-06,2.992393e-04,3.940865e-03
1836580864,25022552,22038970368,67269256,-6.329812e-02,-2.833731e-02,1.214142e-06,2.779934e-06,2.927506e-04,3.908305e-03
1836843008,25022737,22042116096,67278711,-6.333655e-02,-2.834347e-02,1.130928e-06,2.800499e-06,2.726863e-04,3.937218e-03
1837105152,25023129,22045261824,67288248,-6.331245e-02,-2.834724e-02,1.182773e-06,2.813132e-06,2.851870e-04,3.954978e-03
1837367296,25023605,22048407552,67297972,-6.331168e-02,-2.832606e-02,1.184443e-06,2.742544e-06,2.855896e-04,3.855739e-03
1837629440,25023943,22051553280,67307784,-6.332953e-02,-2.833264e-02,1.145905e-06,2.764359e-06,2.762975e-04,3.886408e-03
1837891584,25023967,22054699008,67317564,-6.334276e-02,-2.832861e-02,1.117767e-06,2.750978e-06,2.695128e-04,3.867596e-03
1838153728,25024115,22057844736,67327264,-6.332676e-02,-2.833613e-02,1.151847e-06,2.775985e-06,2.777301e-04,3.902753e-03
1838415872,25024187,22060990464,67336554,-6.333743e-02,-2.832984e-02,1.129059e-06,2.755076e-06,2.722356e-04,3.873358e-03
1838678016,25024271,22064136192,67346099,-6.332132e-02,-2.832397e-02,1.163551e-06,2.735620e-06,2.805522e-04,3.846005e-03
1838940160,25026142,22067281920,67355690,-6.334037e-02,-2.833397e-02,1.122829e-06,2.768808e-06,2.707335e-04,3.892663e-03
1839202304,25026261,22070427648,67365383,-6.335115e-02,-2.833487e-02,1.100098e-06,2.771784e-06,2.652525e-04,3.896847e-03
1839464448,25026459,22073573376,67374998,-6.334668e-02,-2.835929e-02,1.109480e-06,2.853709e-06,2.675146e-04,4.012025e-03
1839726592,25026805,22076719104,67384546,-6.335631e-02,-2.836855e-02,1.089294e-06,2.885059e-06,2.626474e-04,4.056100e-03
1839988736,25027584,22079864832,67394136,-6.336161e-02,-2.835962e-02,1.078248e-06,2.854829e-06,2.599843e-04,4.013600e-03
1840250880,25027615,22083010560,67403678,-6.335707e-02,-2.837921e-02,1.087708e-06,2.921398e-06,2.622651e-04,4.107189e-03
1840513024,25029055,22086156288,67413018,-6.333803e-02,-2.839005e-02,1.127777e-06,2.958573e-06,2.719265e-04,4.159454e-03
1840775168,25029112,22089302016,67422678,-6.331996e-02,-2.838291e-02,1.166494e-06,2.934057e-06,2.812618e-04,4.124987e-03
1841037312,25034974,22092447744,67432118,-6.330399e-02,-2.839458e-02,1.201238e-06,2.974171e-06,2.896393e-04,4.181383e-03
1841299456,25036334,22095593472,67441667,-6.329542e-02,-2.838251e-02,1.220093e-06,2.932679e-06,2.941856e-04,4.123049e-03
1841561600,25036444,22098739200,67451063,-6.328167e-02,-2.838343e-02,1.250667e-06,2.935844e-06,3.015573e-04,4.127499e-03
1841823744,25036596,22101884928,67460630,-6.327207e-02,-2.840494e-02,1.272223e-06,3.010005e-06,3.067548e-04,4.231762e-03
1842085888,25037711,22105030656,67470371,-6.327290e-02,-2.839497e-02,1.270358e-06,2.975533e-06,3.063052e-04,4.183298e-03
1842348032,25038677,22108176384,67479928,-6.327990e-02,-2.838013e-02,1.254636e-06,2.924544e-06,3.025144e-04,4.111613e-03
1842610176,25044248,22111322112,67489618,-6.328603e-02,-2.838304e-02,1.240937e-06,2.934523e-06,2.992113e-04,4.125642e-03
1842872320,25046771,22114467840,67499129,-6.329691e-02,-2.836902e-02,1.216820e-06,2.886666e-06,2.933963e-04,4.058360e-03
1843134464,25052401,22117613568,67508842,-6.327458e-02,-2.835972e-02,1.266565e-06,2.855169e-06,3.053906e-04,4.014079e-03
1843396608,25067197,22120759296,67518311,-6.328116e-02,-2.838450e-02,1.251817e-06,2.939496e-06,3.018346e-04,4.132634e-03
1843658752,25073282,22123905024,67527914,-6.328082e-02,-2.839694e-02,1.252567e-06,2.982310e-06,3.020155e-04,4.192825e-03
1843920896,25080878,22127050752,67537513,-6.330182e-02,-2.840871e-02,1.205996e-06,3.023120e-06,2.907864e-04,4.250200e-03
1844183040,25088788,22130196480,67547241,-6.328878e-02,-2.839869e-02,1.234819e-06,2.988373e-06,2.977362e-04,4.201349e-03
1844445184,25095802,22133342208,67557094,-6.328846e-02,-2.838866e-02,1.235531e-06,2.953782e-06,2.979079e-04,4.152718e-03
1844707328,25131689,22136487936,67566561,-6.328173e-02,-2.834847e-02,1.250534e-06,2.817251e-06,3.015251e-04,3.960769e-03
1844969472,25141766,22139633664,67576068,-6.329153e-02,-2.834974e-02,1.228700e-06,2.821517e-06,2.962608e-04,3.966766e-03
1845231616,25144559,22142779392,67585807,-6.329516e-02,-2.836624e-02,1.220686e-06,2.877243e-06,2.943284e-04,4.045112e-03
1845493760,25146569,22145925120,67595383,-6.328484e-02,-2.836180e-02,1.243594e-06,2.862192e-06,2.998521e-04,4.023952e-03
1845755904,25146968,22149070848,67604916,-6.328270e-02,-2.836687e-02,1.248368e-06,2.879361e-06,3.010031e-04,4.048089e-03
1846018048,25148737,22152216576,67614486,-6.326587e-02,-2.834871e-02,1.286262e-06,2.818058e-06,3.101399e-04,3.961903e-03
1846280192,25149035,22155362304,67624086,-6.325475e-02,-2.835090e-02,1.311600e-06,2.825429e-06,3.162494e-04,3.972267e-03
1846542336,25149404,22158508032,67633707,-6.325010e-02,-2.836389e-02,1.322271e-06,2.869255e-06,3.188222e-04,4.033882e-03
1846804480,25151294,22161653760,67643441,-6.325815e-02,-2.838332e-02,1.303830e-06,2.935468e-06,3.143758e-04,4.126969e-03
1847066624,25151386,22164799488,67653098,-6.325640e-02,-2.839673e-02,1.307831e-06,2.981583e-06,3.153406e-04,4.191803e-03
1847328768,25151630,22167945216,67662889,-6.325080e-02,-2.839298e-02,1.320660e-06,2.968648e-06,3.184340e-04,4.173618e-03
1847590912,25152564,22171090944,67672574,-6.325316e-02,-2.836670e-02,1.315255e-06,2.878785e-06,3.171306e-04,4.047280e-03
1847853056,25152576,22174236672,67682255,-6.322195e-02,-2.835271e-02,1.387798e-06,2.831519e-06,3.346221e-04,3.980828e-03
1848115200,25153301,22177382400,67691760,-6.322626e-02,-2.837501e-02,1.377671e-06,2.907070e-06,3.321801e-04,4.087045e-03
1848377344,25153314,22180528128,67701270,-6.322373e-02,-2.838285e-02,1.383606e-06,2.933872e-06,3.336112e-04,4.124727e-03
1848639488,25153388,22183673856,67710736,-6.321207e-02,-2.838902e-02,1.411173e-06,2.955018e-06,3.402581e-04,4.154456e-03
1848901632,25153416,22186819584,67720435,-6.321472e-02,-2.839194e-02,1.404896e-06,2.965081e-06,3.387446e-04,4.168602e-03
1849163776,25153798,22189965312,67730173,-6.320930e-02,-2.838719e-02,1.417783e-06,2.948746e-06,3.418520e-04,4.145637e-03
1849425920,25154373,22193111040,67739612,-6.320699e-02,-2.838321e-02,1.423289e-06,2.935084e-06,3.431795e-04,4.126431e-03
1849688064,25154531,22196256768,67749260,-6.322187e-02,-2.839999e-02,1.387991e-06,2.992870e-06,3.346686e-04,4.207671e-03
1849950208,25154682,22199402496,67758964,-6.322184e-02,-2.838895e-02,1.388062e-06,2.954800e-06,3.346856e-04,4.154149e-03
1850212352,25154718,22202548224,67768519,-6.322084e-02,-2.840583e-02,1.390433e-06,3.013115e-06,3.352573e-04,4.236133e-03
1850474496,25154869,22205693952,67778093,-6.321809e-02,-2.841844e-02,1.396906e-06,3.057045e-06,3.368182e-04,4.297895e-03
1850736640,25154882,22208839680,67787725,-6.321275e-02,-2.842535e-02,1.409563e-06,3.081271e-06,3.398698e-04,4.331955e-03
1850998784,25154944,22211985408,67797246,-6.322148e-02,-2.841656e-02,1.388904e-06,3.050457e-06,3.348888e-04,4.288634e-03
1851260928,25155418,22215131136,67806882,-6.323543e-02,-2.842161e-02,1.356224e-06,3.068135e-06,3.270091e-04,4.313486e-03
1851523072,25155503,22218276864,67816653,-6.324552e-02,-2.840891e-02,1.332830e-06,3.023826e-06,3.213681e-04,4.251193e-03
1851785216,25155569,22221422592,67826346,-6.324732e-02,-2.842059e-02,1.328670e-06,3.064553e-06,3.203651e-04,4.308451e-03
1852047360,25156435,22224568320,67835927,-6.324892e-02,-2.840347e-02,1.324979e-06,3.004921e-06,3.194753e-04,4.224613e-03
1852309504,25156528,22227714048,67845724,-6.323276e-02,-2.841736e-02,1.362461e-06,3.053262e-06,3.285129e-04,4.292577e-03
1852571648,25156860,22230859776,67855499,-6.323052e-02,-2.843012e-02,1.367684e-06,3.098027e-06,3.297723e-04,4.355512e-03
1852833792,25156894,22234005504,67865168,-6.322636e-02,-2.839838e-02,1.377426e-06,2.987285e-06,3.321211e-04,4.199820e-03
1853095936,25156979,22237151232,67874662,-6.321575e-02,-2.841097e-02,1.402442e-06,3.030982e-06,3.381529e-04,4.261253e-03
1853358080,25157289,22240296960,67884273,-6.321493e-02,-2.840124e-02,1.404401e-06,2.997196e-06,3.386254e-04,4.213753e-03
1853620224,25157335,22243442688,67893994,-6.322445e-02,-2.843704e-02,1.381924e-06,3.122421e-06,3.332057e-04,4.389808e-03
1853882368,25157542,22246588416,67903652,-6.323154e-02,-2.843225e-02,1.365315e-06,3.105540e-06,3.292010e-04,4.366074e-03
1854144512,25158382,22249734144,67913395,-6.323684e-02,-2.842753e-02,1.352946e-06,3.088920e-06,3.262187e-04,4.342709e-03
1854406656,25158725,22252879872,67922894,-6.323436e-02,-2.841567e-02,1.358724e-06,3.047367e-06,3.276119e-04,4.284289e-03
1854668800,25158777,22256025600,67932383,-6.322274e-02,-2.844056e-02,1.385956e-06,3.134875e-06,3.341778e-04,4.407316e-03
1854930944,25158934,22259171328,67941843,-6.323626e-02,-2.845443e-02,1.354299e-06,3.184193e-06,3.265447e-04,4.476653e-03
1855193088,25159073,22262317056,67951332,-6.324111e-02,-2.845152e-02,1.343033e-06,3.173798e-06,3.238285e-04,4.462039e-03
1855455232,25159385,22265462784,67960870,-6.324919e-02,-2.844255e-02,1.324379e-06,3.141937e-06,3.193306e-04,4.417244e-03
1855717376,25159510,22268608512,67970216,-6.325184e-02,-2.844684e-02,1.318281e-06,3.157156e-06,3.178603e-04,4.438641e-03
1855979520,25159698,22271754240,67979846,-6.325851e-02,-2.844768e-02,1.302996e-06,3.160155e-06,3.141748e-04,4.442858e-03
1856241664,25159801,22274899968,67989537,-6.326343e-02,-2.844244e-02,1.291794e-06,3.141554e-06,3.114738e-04,4.416706e-03
1856503808,25161030,22278045696,67999196,-6.325260e-02,-2.843997e-02,1.316537e-06,3.132804e-06,3.174396e-04,4.404405e-03
1856765952,25161573,22281191424,68008734,-6.324232e-02,-2.844965e-02,1.340220e-06,3.167159e-06,3.231501e-04,4.452704e-03
1857028096,25161654,22284337152,68018383,-6.326805e-02,-2.843728e-02,1.281315e-06,3.123271e-06,3.089471e-04,4.391001e-03
1857290240,25161748,22287482880,68028085,-6.325080e-02,-2.844636e-02,1.320660e-06,3.155455e-06,3.184340e-04,4.436249e-03
1857552384,25161790,22290628608,68037872,-6.326696e-02,-2.845234e-02,1.283796e-06,3.176739e-06,3.095453e-04,4.466173e-03
1857814528,25162987,22293774336,68047487,-6.325981e-02,-2.844553e-02,1.300038e-06,3.152524e-06,3.134616e-04,4.432129e-03
1858076672,25164196,22296920064,68056858,-6.325506e-02,-2.846027e-02,1.310901e-06,3.205074e-06,3.160807e-04,4.506009e-03
1858338816,25165982,22300065792,68066382,-6.325963e-02,-2.844946e-02,1.300446e-06,3.166469e-06,3.135599e-04,4.451734e-03
1858600960,25167248,22303211520,68075684,-6.324136e-02,-2.842641e-02,1.342446e-06,3.084973e-06,3.236869e-04,4.337159e-03
1858863104,25168752,22306357248,68085061,-6.323792e-02,-2.841162e-02,1.350434e-06,3.033239e-06,3.256130e-04,4.264427e-03
1859125248,25169596,22309502976,68094883,-6.325859e-02,-2.840555e-02,1.302826e-06,3.012151e-06,3.141338e-04,4.234779e-03
1859387392,25176129,22312648704,68104326,-6.326990e-02,-2.840767e-02,1.277135e-06,3.019487e-06,3.079393e-04,4.245094e-03
1859649536,25176247,22315794432,68113966,-6.328506e-02,-2.838095e-02,1.243096e-06,2.927361e-06,2.997318e-04,4.115572e-03
1859911680,25179425,22318940160,68123676,-6.327499e-02,-2.840494e-02,1.265659e-06,3.010005e-06,3.051723e-04,4.231762e-03
1860173824,25180710,22322085888,68133126,-6.326156e-02,-2.840395e-02,1.296048e-06,3.006574e-06,3.124996e-04,4.226938e-03
1860435968,25187817,22325231616,68142736,-6.325869e-02,-2.841068e-02,1.302605e-06,3.029951e-06,3.140805e-04,4.259803e-03
1860698112,25194485,22328377344,68152302,-6.327371e-02,-2.841523e-02,1.268545e-06,3.045813e-06,3.058680e-04,4.282105e-03
1860960256,25206209,22331523072,68161678,-6.328308e-02,-2.842862e-02,1.247519e-06,3.092758e-06,3.007984e-04,4.348104e-03
1861222400,25228067,22334668800,68171445,-6.327476e-02,-2.844959e-02,1.266162e-06,3.166940e-06,3.052936e-04,4.452396e-03
1861484544,25235529,22337814528,68180931,-6.326091e-02,-2.843575e-02,1.297525e-06,3.117868e-06,3.128556e-04,4.383405e-03
1861746688,25241875,22340960256,68190381,-6.326532e-02,-2.842811e-02,1.287513e-06,3.090963e-06,3.104414e-04,4.345580e-03
1862008832,25269589,22344105984,68200093,-6.328238e-02,-2.843682e-02,1.249084e-06,3.121664e-06,3.011757e-04,4.388743e-03
1862270976,25412666,22347251712,68209516,-6.329292e-02,-2.842551e-02,1.225630e-06,3.081820e-06,2.955205e-04,4.332727e-03
1862533120,25465230,22350397440,68219042,-6.329367e-02,-2.840238e-02,1.223964e-06,3.001151e-06,2.951189e-04,4.219313e-03
1862795264,25465469,22353543168,68228423,-6.331114e-02,-2.838936e-02,1.185627e-06,2.956196e-06,2.858751e-04,4.156112e-03
1863057408,25465586,22356688896,68238091,-6.332248e-02,-2.836931e-02,1.161045e-06,2.887673e-06,2.799479e-04,4.059775e-03
1863319552,25466630,22359834624,68247545,-6.332707e-02,-2.837583e-02,1.151175e-06,2.909846e-06,2.775682e-04,4.090948e-03
1863581696,25468083,22362980352,68257241,-6.333262e-02,-2.838448e-02,1.139295e-06,2.939439e-06,2.747036e-04,4.132553e-03
1863843840,25469118,22366126080,68266810,-6.332111e-02,-2.839274e-02,1.164017e-06,2.967820e-06,2.806645e-04,4.172454e-03
1864105984,25469215,22369271808,68276410,-6.331015e-02,-2.839714e-02,1.187786e-06,2.983018e-06,2.863957e-04,4.193820e-03
1864368128,25469528,22372417536,68286088,-6.332015e-02,-2.838815e-02,1.166092e-06,2.952054e-06,2.811649e-04,4.150288e-03
1864630272,25469807,22375563264,68295599,-6.332534e-02,-2.837929e-02,1.154903e-06,2.921684e-06,2.784671e-04,4.107592e-03
1864892416,25470420,22378708992,68305149,-6.332985e-02,-2.837943e-02,1.145235e-06,2.922137e-06,2.761360e-04,4.108228e-03
1865154560,25470845,22381854720,68314836,-6.332246e-02,-2.838398e-02,1.161093e-06,2.937734e-06,2.799595e-04,4.130156e-03
1865416704,25470900,22385000448,68324600,-6.331754e-02,-2.838034e-02,1.171714e-06,2.925258e-06,2.825205e-04,4.112616e-03
1865678848,25471948,22388146176,68334144,-6.330584e-02,-2.838246e-02,1.197192e-06,2.932519e-06,2.886635e-04,4.122825e-03
1865940992,25473163,22391291904,68344115,-6.330743e-02,-2.838413e-02,1.193721e-06,2.938251e-06,2.878268e-04,4.130883e-03
1866203136,25473265,22394437632,68353654,-6.330556e-02,-2.838886e-02,1.197811e-06,2.954474e-06,2.888129e-04,4.153691e-03
1866465280,25473302,22397583360,68363164,-6.332524e-02,-2.840019e-02,1.155112e-06,2.993547e-06,2.785173e-04,4.208623e-03
1866727424,25473762,22400729088,68372556,-6.334559e-02,-2.842450e-02,1.111788e-06,3.078277e-06,2.680712e-04,4.327744e-03
1866989568,25473802,22403874816,68382104,-6.334054e-02,-2.841998e-02,1.122466e-06,3.062447e-06,2.706460e-04,4.305490e-03
1867251712,25474079,22407020544,68391756,-6.336462e-02,-2.842054e-02,1.072006e-06,3.064384e-06,2.584792e-04,4.308213e-03
1867513856,25474162,22410166272,68401378,-6.334170e-02,-2.843841e-02,1.120005e-06,3.127275e-06,2.700524e-04,4.396631e-03
1867776000,25474616,22413312000,68410996,-6.333488e-02,-2.844253e-02,1.134481e-06,3.141857e-06,2.735429e-04,4.417133e-03
1868038144,25474632,22416457728,68420613,-6.332749e-02,-2.843340e-02,1.150280e-06,3.109585e-06,2.773523e-04,4.371760e-03
1868300288,25475051,22419603456,68430383,-6.331465e-02,-2.843764e-02,1.177997e-06,3.124548e-06,2.840355e-04,4.392798e-03
1868562432,25475603,22422749184,68440061,-6.331927e-02,-2.842258e-02,1.167991e-06,3.071548e-06,2.816229e-04,4.318285e-03
1868824576,25475720,22425894912,68449451,-6.331615e-02,-2.843487e-02,1.174733e-06,3.114751e-06,2.832483e-04,4.379023e-03
1869086720,25475813,22429040640,68458955,-6.330916e-02,-2.844048e-02,1.189947e-06,3.134598e-06,2.869168e-04,4.406927e-03
1869348864,25475908,22432186368,68468824,-6.329841e-02,-2.843133e-02,1.213502e-06,3.102284e-06,2.925963e-04,4.361497e-03
1869611008,25476238,22435332096,68478372,-6.330194e-02,-2.841657e-02,1.205750e-06,3.050516e-06,2.907272e-04,4.288716e-03
1869873152,25476471,22438477824,68488035,-6.328134e-02,-2.841227e-02,1.251400e-06,3.035491e-06,3.017341e-04,4.267593e-03
1870135296,25477465,22441623552,68497829,-6.328911e-02,-2.840792e-02,1.234091e-06,3.020374e-06,2.975606e-04,4.246340e-03
1870397440,25477964,22444769280,68507615,-6.327555e-02,-2.841932e-02,1.264402e-06,3.060114e-06,3.048692e-04,4.302210e-03
1870659584,25478349,22447915008,68517376,-6.329379e-02,-2.839261e-02,1.223701e-06,2.967377e-06,2.950553e-04,4.171832e-03
1870921728,25478743,22451060736,68526903,-6.332352e-02,-2.839843e-02,1.158814e-06,2.987459e-06,2.794100e-04,4.200064e-03
1871183872,25479185,22454206464,68536522,-6.333080e-02,-2.840330e-02,1.143195e-06,3.004333e-06,2.756440e-04,4.223787e-03
1871446016,25479212,22457352192,68546005,-6.333839e-02,-2.840794e-02,1.127018e-06,3.020433e-06,2.717434e-04,4.246422e-03
1871708160,25479220,22460497920,68555469,-6.334998e-02,-2.841038e-02,1.102553e-06,3.028913e-06,2.658445e-04,4.258345e-03
1871970304,25479255,22463643648,68565068,-6.332662e-02,-2.842735e-02,1.152151e-06,3.088272e-06,2.778034e-04,4.341797e-03
1872232448,25479274,22466789376,68574632,-6.333188e-02,-2.842707e-02,1.140886e-06,3.087290e-06,2.750873e-04,4.340416e-03
1872494592,25481113,22469935104,68584133,-6.331547e-02,-2.842324e-02,1.176203e-06,3.073853e-06,2.836028e-04,4.321526e-03
1872756736,25481186,22473080832,68593683,-6.332147e-02,-2.843895e-02,1.163229e-06,3.129199e-06,2.804747e-04,4.399336e-03
1873018880,25481482,22476226560,68603380,-6.334243e-02,-2.841184e-02,1.118460e-06,3.033992e-06,2.696799e-04,4.265485e-03
1873281024,25481960,22479372288,68612886,-6.333557e-02,-2.839871e-02,1.133021e-06,2.988425e-06,2.731909e-04,4.201422e-03
1873543168,25482427,22482518016,68622387,-6.333396e-02,-2.839982e-02,1.136450e-06,2.992277e-06,2.740176e-04,4.206838e-03
1873805312,25482856,22485663744,68632026,-6.329969e-02,-2.840567e-02,1.210697e-06,3.012539e-06,2.919199e-04,4.235324e-03
1874067456,25483763,22488809472,68641620,-6.329057e-02,-2.842743e-02,1.230849e-06,3.088566e-06,2.967788e-04,4.342211e-03
1874329600,25483941,22491955200,68651282,-6.328961e-02,-2.841024e-02,1.232966e-06,3.028447e-06,2.972893e-04,4.257689e-03
1874591744,25490389,22495100928,68660930,-6.329234e-02,-2.840047e-02,1.226917e-06,2.994514e-06,2.958309e-04,4.209982e-03
1874853888,25491228,22498246656,68670538,-6.327579e-02,-2.840503e-02,1.263850e-06,3.010348e-06,3.047359e-04,4.232243e-03
1875116032,25491399,22501392384,68680061,-6.325933e-02,-2.839373e-02,1.301143e-06,2.971261e-06,3.137279e-04,4.177291e-03
1875378176,25491586,22504538112,68689428,-6.326415e-02,-2.839379e-02,1.290169e-06,2.971460e-06,3.110819e-04,4.177572e-03
1875640320,25492815,22507683840,68698974,-6.325211e-02,-2.838996e-02,1.317648e-06,2.958278e-06,3.177077e-04,4.159040e-03
1875902464,25493838,22510829568,68708595,-6.324674e-02,-2.838776e-02,1.330010e-06,2.950684e-06,3.206882e-04,4.148362e-03
1876164608,25499960,22513975296,68718267,-6.325331e-02,-2.838868e-02,1.314896e-06,2.953859e-06,3.170441e-04,4.152826e-03
1876426752,25501477,22517121024,68728247,-6.325755e-02,-2.838164e-02,1.305208e-06,2.929707e-06,3.147082e-04,4.118871e-03
1876688896,25508196,22520266752,68737707,-6.325313e-02,-2.836607e-02,1.315323e-06,2.876656e-06,3.171470e-04,4.044286e-03
1876951040,25522082,22523412480,68747302,-6.326879e-02,-2.837069e-02,1.279646e-06,2.892347e-06,3.085446e-04,4.066345e-03
1877213184,25528593,22526558208,68756948,-6.327567e-02,-2.834602e-02,1.264118e-06,2.809041e-06,3.048005e-04,3.949226e-03
1877475328,25535781,22529703936,68766649,-6.326731e-02,-2.834925e-02,1.283002e-06,2.819896e-06,3.093540e-04,3.964488e-03
1877737472,25543709,22532849664,68776204,-6.328785e-02,-2.833978e-02,1.236874e-06,2.788163e-06,2.982315e-04,3.919875e-03
1877999616,25551151,22535995392,68785791,-6.330095e-02,-2.833419e-02,1.207911e-06,2.769521e-06,2.912482e-04,3.893666e-03
1878261760,25586804,22539141120,68795418,-6.331559e-02,-2.831092e-02,1.175944e-06,2.692629e-06,2.835404e-04,3.785564e-03
1878523904,25592488,22542286848,68805218,-6.333049e-02,-2.831489e-02,1.143864e-06,2.705666e-06,2.758054e-04,3.803891e-03
1878786048,25595475,22545432576,68814726,-6.333500e-02,-2.829823e-02,1.134227e-06,2.651119e-06,2.734817e-04,3.727204e-03
1879048192,25597444,22548578304,68824314,-6.332909e-02,-2.830716e-02,1.146847e-06,2.680283e-06,2.765244e-04,3.768206e-03
1879310336,25598061,22551724032,68833742,-6.333261e-02,-2.829450e-02,1.139327e-06,2.639008e-06,2.747113e-04,3.710177e-03
1879572480,25599467,22554869760,68843185,-6.330996e-02,-2.828987e-02,1.188192e-06,2.623978e-06,2.864936e-04,3.689047e-03
1879834624,25599962,22558015488,68852511,-6.328489e-02,-2.831267e-02,1.243478e-06,2.698354e-06,2.998240e-04,3.793612e-03
1880096768,25600294,22561161216,68862289,-6.327809e-02,-2.829961e-02,1.258678e-06,2.655627e-06,3.034891e-04,3.733543e-03
1880358912,25602278,22564306944,68871731,-6.329054e-02,-2.828336e-02,1.230915e-06,2.602942e-06,2.967948e-04,3.659472e-03
1880621056,25602428,22567452672,68881375,-6.329452e-02,-2.828651e-02,1.222102e-06,2.613109e-06,2.946699e-04,3.673767e-03
1880883200,25602642,22570598400,68891156,-6.330673e-02,-2.828251e-02,1.195252e-06,2.600202e-06,2.881958e-04,3.655620e-03
1881145344,25603430,22573744128,68900729,-6.330334e-02,-2.828239e-02,1.202660e-06,2.599818e-06,2.899820e-04,3.655080e-03
1881407488,25603605,22576889856,68910421,-6.328315e-02,-2.828854e-02,1.247369e-06,2.619665e-06,3.007622e-04,3.682984e-03
1881669632,25604252,22580035584,68920182,-6.327608e-02,-2.828272e-02,1.263196e-06,2.600875e-06,3.045784e-04,3.656566e-03
1881931776,25604276,22583181312,68929742,-6.325947e-02,-2.827004e-02,1.300820e-06,2.560134e-06,3.136501e-04,3.599289e-03
1882193920,25604278,22586327040,68939309,-6.325565e-02,-2.826637e-02,1.309536e-06,2.548405e-06,3.157516e-04,3.582799e-03
1882456064,25604291,22589472768,68948900,-6.325853e-02,-2.829108e-02,1.302962e-06,2.627890e-06,3.141666e-04,3.694547e-03
1882718208,25604722,22592618496,68958541,-6.327169e-02,-2.828574e-02,1.273080e-06,2.610611e-06,3.069615e-04,3.670254e-03
1882980352,25605294,22595764224,68968212,-6.327353e-02,-2.827461e-02,1.268931e-06,2.574783e-06,3.059610e-04,3.619883e-03
1883242496,25605520,22598909952,68977799,-6.329138e-02,-2.829089e-02,1.229047e-06,2.627286e-06,2.963444e-04,3.693698e-03
1883504640,25605628,22602055680,68987468,-6.327020e-02,-2.832094e-02,1.276445e-06,2.725599e-06,3.077728e-04,3.831915e-03
1883766784,25605748,22605201408,68997181,-6.327119e-02,-2.831382e-02,1.274207e-06,2.702149e-06,3.072332e-04,3.798948e-03
1884028928,25605790,22608347136,69007096,-6.327683e-02,-2.829855e-02,1.261505e-06,2.652193e-06,3.041707e-04,3.728714e-03
1884291072,25605841,22611492864,69016817,-6.325907e-02,-2.828510e-02,1.301721e-06,2.608547e-06,3.138673e-04,3.667352e-03
1884553216,25605849,22614638592,69026210,-6.324964e-02,-2.828430e-02,1.323333e-06,2.605966e-06,3.190784e-04,3.663724e-03
1884815360,25606408,22617784320,69035884,-6.324621e-02,-2.826510e-02,1.331230e-06,2.544345e-06,3.209825e-04,3.577091e-03
1885077504,25606441,22620930048,69045580,-6.325941e-02,-2.825165e-02,1.300956e-06,2.501617e-06,3.136828e-04,3.517020e-03
1885339648,25606555,22624075776,69055230,-6.327826e-02,-2.825622e-02,1.258311e-06,2.516092e-06,3.034004e-04,3.537370e-03
1885601792,25607314,22627221504,69064858,-6.327343e-02,-2.825206e-02,1.269166e-06,2.502920e-06,3.060177e-04,3.518851e-03
1885863936,25607455,22630367232,69074503,-6.328719e-02,-2.825983e-02,1.238349e-06,2.527556e-06,2.985872e-04,3.553488e-03
1886126080,25607877,22633512960,69084038,-6.327744e-02,-2.825913e-02,1.260150e-06,2.525336e-06,3.038439e-04,3.550366e-03
1886388224,25607908,22636658688,69093543,-6.327596e-02,-2.827886e-02,1.263464e-06,2.588448e-06,3.046430e-04,3.639095e-03
1886650368,25607922,22639804416,69103112,-6.328686e-02,-2.829536e-02,1.239095e-06,2.641804e-06,2.987672e-04,3.714109e-03
1886912512,25608394,22642950144,69112769,-6.328670e-02,-2.828801e-02,1.239444e-06,2.617959e-06,2.988512e-04,3.680585e-03
1887174656,25608445,22646095872,69122299,-6.328589e-02,-2.826427e-02,1.241252e-06,2.541690e-06,2.992874e-04,3.573358e-03
1887436800,25608647,22649241600,69131790,-6.329215e-02,-2.826280e-02,1.227346e-06,2.537006e-06,2.959344e-04,3.566773e-03
1887698944,25609644,22652387328,69141477,-6.327802e-02,-2.828005e-02,1.258846e-06,2.592249e-06,3.035294e-04,3.644439e-03
1887961088,25609645,22655533056,69151221,-6.326512e-02,-2.830474e-02,1.287952e-06,2.672379e-06,3.105475e-04,3.757093e-03
1888223232,25609729,22658678784,69160823,-6.325446e-02,-2.829259e-02,1.312266e-06,2.632796e-06,3.164098e-04,3.701444e-03
1888485376,25609980,22661824512,69170408,-6.324372e-02,-2.829949e-02,1.336996e-06,2.655239e-06,3.223728e-04,3.732997e-03
1888747520,25610166,22664970240,69179779,-6.324118e-02,-2.829940e-02,1.342861e-06,2.654954e-06,3.237868e-04,3.732595e-03
1889009664,25610375,22668115968,69189270,-6.322901e-02,-2.829277e-02,1.371224e-06,2.633395e-06,3.306258e-04,3.702286e-03
1889271808,25610598,22671261696,69198954,-6.321959e-02,-2.830388e-02,1.393369e-06,2.669572e-06,3.359652e-04,3.753148e-03
1889533952,25610616,22674407424,69208360,-6.321391e-02,-2.832676e-02,1.406804e-06,2.744865e-06,3.392047e-04,3.859001e-03
1889796096,25610676,22677553152,69217922,-6.320538e-02,-2.830904e-02,1.427131e-06,2.686459e-06,3.441060e-04,3.776889e-03
1890058240,25612094,22680698880,69227398,-6.320751e-02,-2.829007e-02,1.422027e-06,2.624612e-06,3.428753e-04,3.689938e-03
1890320384,25612516,22683844608,69236954,-6.322046e-02,-2.828058e-02,1.391329e-06,2.593977e-06,3.354734e-04,3.646868e-03
1890582528,25612613,22686990336,69246284,-6.321731e-02,-2.825848e-02,1.398756e-06,2.523265e-06,3.372642e-04,3.547454e-03
1890844672,25612648,22690136064,69255872,-6.322744e-02,-2.825068e-02,1.374891e-06,2.498549e-06,3.315099e-04,3.512706e-03
1891106816,25612859,22693281792,69265418,-6.321944e-02,-2.825343e-02,1.393720e-06,2.507265e-06,3.360500e-04,3.524960e-03
1891368960,25613972,22696427520,69275085,-6.322254e-02,-2.823446e-02,1.386412e-06,2.447546e-06,3.342878e-04,3.441002e-03
1891631104,25615289,22699573248,69284869,-6.323424e-02,-2.824487e-02,1.359002e-06,2.480228e-06,3.276789e-04,3.486949e-03
1891893248,25617203,22702718976,69294297,-6.323718e-02,-2.823073e-02,1.352149e-06,2.435892e-06,3.260265e-04,3.424617e-03
1892155392,25618304,22705864704,69304148,-6.322674e-02,-2.822090e-02,1.376551e-06,2.405296e-06,3.319102e-04,3.381602e-03
1892417536,25619697,22709010432,69313849,-6.321403e-02,-2.823196e-02,1.406521e-06,2.439720e-06,3.391365e-04,3.429998e-03
1892679680,25620596,22712156160,69323406,-6.320975e-02,-2.823175e-02,1.416701e-06,2.439080e-06,3.415910e-04,3.429099e-03
1892941824,25627314,22715301888,69332843,-6.321680e-02,-2.825500e-02,1.399973e-06,2.512234e-06,3.375575e-04,3.531947e-03
1893203968,25627481,22718447616,69342398,-6.320234e-02,-2.825336e-02,1.434404e-06,2.507018e-06,3.458594e-04,3.524612e-03
1893466112,25630283,22721593344,69351878,-6.321042e-02,-2.826896e-02,1.415105e-06,2.556661e-06,3.412063e-04,3.594405e-03
1893728256,25631530,22724739072,69361454,-6.320299e-02,-2.827591e-02,1.432834e-06,2.578951e-06,3.454809e-04,3.625743e-03
1893990400,25642684,22727884800,69371045,-6.320172e-02,-2.826509e-02,1.435885e-06,2.544310e-06,3.462167e-04,3.577041e-03
1894252544,25646115,22731030528,69380716,-6.320681e-02,-2.827093e-02,1.423698e-06,2.562978e-06,3.432781e-04,3.603288e-03
1894514688,25657959,22734176256,69390148,-6.320672e-02,-2.827617e-02,1.423911e-06,2.579788e-06,3.433296e-04,3.626921e-03
1894776832,25686629,22737321984,69399692,-6.322934e-02,-2.825590e-02,1.370439e-06,2.515087e-06,3.304365e-04,3.535958e-03
1895038976,25693140,22740467712,69409400,-6.323124e-02,-2.826032e-02,1.366012e-06,2.529114e-06,3.293690e-04,3.555678e-03
1895301120,25694597,22743613440,69418966,-6.322163e-02,-2.825578e-02,1.388571e-06,2.514691e-06,3.348083e-04,3.535401e-03
1895563264,25720903,22746759168,69428319,-6.322876e-02,-2.826176e-02,1.371818e-06,2.533690e-06,3.307688e-04,3.562111e-03
1895825408,25863880,22749904896,69437750,-6.325415e-02,-2.827785e-02,1.312983e-06,2.585182e-06,3.165828e-04,3.634504e-03
1896087552,25920253,22753050624,69447381,-6.325267e-02,-2.829698e-02,1.316383e-06,2.647075e-06,3.174025e-04,3.721518e-03
1896349696,25920263,22756196352,69456793,-6.325368e-02,-2.830996e-02,1.314059e-06,2.689482e-06,3.168422e-04,3.781139e-03
1896611840,25920581,22759342080,69466546,-6.324431e-02,-2.830303e-02,1.335635e-06,2.666797e-06,3.220447e-04,3.749246e-03
1896873984,25921459,22762487808,69475938,-6.326082e-02,-2.831923e-02,1.297729e-06,2.719962e-06,3.129047e-04,3.823990e-03
1897136128,25923136,22765633536,69485612,-6.326570e-02,-2.832375e-02,1.286634e-06,2.734875e-06,3.102295e-04,3.844957e-03
1897398272,25924229,22768779264,69495194,-6.328255e-02,-2.832156e-02,1.248701e-06,2.727653e-06,3.010834e-04,3.834804e-03
1897660416,25924351,22771924992,69504709,-6.328229e-02,-2.830562e-02,1.249284e-06,2.675254e-06,3.012239e-04,3.761136e-03
1897922560,25924732,22775070720,69514403,-6.329420e-02,-2.830399e-02,1.222794e-06,2.669919e-06,2.948368e-04,3.753635e-03
1898184704,25924834,22778216448,69523855,-6.328599e-02,-2.830950e-02,1.241020e-06,2.687955e-06,2.992313e-04,3.778992e-03
1898446848,25925558,22781362176,69533503,-6.328894e-02,-2.830009e-02,1.234455e-06,2.657188e-06,2.976484e-04,3.735737e-03
1898708992,25925613,22784507904,69542979,-6.328771e-02,-2.829579e-02,1.237205e-06,2.643197e-06,2.983114e-04,3.716067e-03
1898971136,25925931,22787653632,69552629,-6.330029e-02,-2.830104e-02,1.209369e-06,2.660292e-06,2.915997e-04,3.740101e-03
1899233280,25927042,22790799360,69562111,-6.329986e-02,-2.831789e-02,1.210303e-06,2.715528e-06,2.918250e-04,3.817756e-03
1899495424,25928349,22793945088,69571801,-6.330877e-02,-2.829012e-02,1.190792e-06,2.624799e-06,2.871206e-04,3.690201e-03
1899757568,25928391,22797090816,69581269,-6.332109e-02,-2.830589e-02,1.164049e-06,2.676125e-06,2.806723e-04,3.762361e-03
1900019712,25928439,22800236544,69590860,-6.330341e-02,-2.831217e-02,1.202513e-06,2.696739e-06,2.899465e-04,3.791341e-03
1900281856,25928748,22803382272,69600464,-6.329259e-02,-2.831749e-02,1.226356e-06,2.714214e-06,2.956956e-04,3.815910e-03
1900544000,25928801,22806528000,69610156,-6.328428e-02,-2.831811e-02,1.244841e-06,2.716277e-06,3.001526e-04,3.818810e-03
1900806144,25928854,22809673728,69619820,-6.330252e-02,-2.829646e-02,1.204458e-06,2.645366e-06,2.904155e-04,3.719116e-03
1901068288,25929193,22812819456,69629454,-6.329433e-02,-2.828839e-02,1.222514e-06,2.619201e-06,2.947692e-04,3.682331e-03
1901330432,25929504,22815965184,69638989,-6.328612e-02,-2.829500e-02,1.240738e-06,2.640636e-06,2.991633e-04,3.712466e-03
1901592576,25929779,22819110912,69648704,-6.328750e-02,-2.826363e-02,1.237653e-06,2.539665e-06,2.984193e-04,3.570511e-03
1901854720,25930370,22822256640,69658063,-6.330555e-02,-2.825515e-02,1.197827e-06,2.512707e-06,2.888168e-04,3.532611e-03
1902116864,25930460,22825402368,69667707,-6.330825e-02,-2.824518e-02,1.191915e-06,2.481190e-06,2.873912e-04,3.488301e-03
1902379008,25930598,22828548096,69677549,-6.333408e-02,-2.824320e-02,1.136196e-06,2.474950e-06,2.739564e-04,3.479529e-03
1902641152,25930679,22831693824,69687334,-6.332181e-02,-2.823470e-02,1.162506e-06,2.448275e-06,2.803003e-04,3.442026e-03
1902903296,25931098,22834839552,69696682,-6.331609e-02,-2.824324e-02,1.174862e-06,2.475097e-06,2.832795e-04,3.479735e-03
1903165440,25931121,22837985280,69706235,-6.331225e-02,-2.825012e-02,1.183211e-06,2.496776e-06,2.852925e-04,3.510214e-03
1903427584,25931283,22841131008,69715929,-6.330574e-02,-2.823464e-02,1.197403e-06,2.448106e-06,2.887146e-04,3.441788e-03
1903689728,25932325,22844276736,69725765,-6.330449e-02,-2.824162e-02,1.200144e-06,2.469989e-06,2.893755e-04,3.472554e-03
1903951872,25933136,22847422464,69735387,-6.331883e-02,-2.825257e-02,1.168926e-06,2.504535e-06,2.818481e-04,3.521122e-03
1904214016,25933688,22850568192,69745052,-6.330803e-02,-2.825729e-02,1.192403e-06,2.519497e-06,2.875088e-04,3.542156e-03
1904476160,25933900,22853713920,69754659,-6.329370e-02,-2.825372e-02,1.223898e-06,2.508186e-06,2.951030e-04,3.526255e-03
1904738304,25934262,22856859648,69764192,-6.329941e-02,-2.826198e-02,1.211303e-06,2.534408e-06,2.920661e-04,3.563120e-03
1905000448,25934321,22860005376,69773778,-6.327506e-02,-2.825629e-02,1.265492e-06,2.516328e-06,3.051319e-04,3.537702e-03
1905262592,25934386,22863151104,69783499,-6.326374e-02,-2.825249e-02,1.291100e-06,2.504275e-06,3.113064e-04,3.520757e-03
1905524736,25934488,22866296832,69793102,-6.325336e-02,-2.825634e-02,1.314793e-06,2.516487e-06,3.170193e-04,3.537926e-03
1905786880,25934517,22869442560,69802755,-6.324515e-02,-2.825332e-02,1.333690e-06,2.506900e-06,3.215756e-04,3.524447e-03
1906049024,25936223,22872588288,69812288,-6.327037e-02,-2.822337e-02,1.276074e-06,2.412957e-06,3.076836e-04,3.392373e-03
1906311168,25936312,22875734016,69821993,-6.326587e-02,-2.822976e-02,1.286245e-06,2.432864e-06,3.101358e-04,3.420360e-03
1906573312,25936650,22878879744,69831578,-6.326565e-02,-2.823918e-02,1.286752e-06,2.462319e-06,3.102580e-04,3.461772e-03
1906835456,25936974,22882025472,69841207,-6.325582e-02,-2.823274e-02,1.309144e-06,2.442164e-06,3.156571e-04,3.433435e-03
1907097600,25937370,22885171200,69850679,-6.324966e-02,-2.823213e-02,1.323282e-06,2.440255e-06,3.190660e-04,3.430751e-03
1907359744,25937995,22888316928,69860281,-6.324133e-02,-2.824821e-02,1.342533e-06,2.490758e-06,3.237077e-04,3.501753e-03
1907621888,25938731,22891462656,69869778,-6.325381e-02,-2.824948e-02,1.313751e-06,2.494746e-06,3.167680e-04,3.507360e-03
1907884032,25938858,22894608384,69879291,-6.324534e-02,-2.824895e-02,1.333242e-06,2.493099e-06,3.214677e-04,3.505044e-03
1908146176,25945711,22897754112,69888629,-6.324003e-02,-2.824636e-02,1.345538e-06,2.484924e-06,3.244325e-04,3.493550e-03
1908408320,25946309,22900899840,69898128,-6.324779e-02,-2.824859e-02,1.327588e-06,2.491940e-06,3.201042e-04,3.503415e-03
1908670464,25946638,22904045568,69907767,-6.324396e-02,-2.824327e-02,1.336427e-06,2.475185e-06,3.222357e-04,3.479859e-03
1908932608,25946815,22907191296,69917325,-6.324432e-02,-2.824133e-02,1.335601e-06,2.469088e-06,3.220363e-04,3.471287e-03
1909194752,25948135,22910337024,69927034,-6.323382e-02,-2.823458e-02,1.359993e-06,2.447919e-06,3.279176e-04,3.441526e-03
1909456896,25949238,22913482752,69936463,-6.323451e-02,-2.825953e-02,1.358377e-06,2.526591e-06,3.275281e-04,3.552131e-03
1909719040,25954886,22916628480,69946036,-6.323563e-02,-2.826773e-02,1.355756e-06,2.552754e-06,3.268961e-04,3.588914e-03
1909981184,25956163,22919774208,69955522,-6.323083e-02,-2.827082e-02,1.366953e-06,2.562627e-06,3.295958e-04,3.602793e-03
1910243328,25964177,22922919936,69965177,-6.321942e-02,-2.827437e-02,1.393773e-06,2.574000e-06,3.360627e-04,3.618782e-03
1910505472,25977001,22926065664,69974721,-6.321212e-02,-2.827361e-02,1.411067e-06,2.571556e-06,3.402325e-04,3.615346e-03
1910767616,25983870,22929211392,69984375,-6.320195e-02,-2.824949e-02,1.435332e-06,2.494776e-06,3.460832e-04,3.507401e-03
1911029760,25990601,22932357120,69994103,-6.320269e-02,-2.825686e-02,1.433547e-06,2.518137e-06,3.456529e-04,3.540245e-03
1911291904,25998743,22935502848,70003537,-6.319580e-02,-2.826495e-02,1.450098e-06,2.543870e-06,3.496436e-04,3.576423e-03
1911554048,26006615,22938648576,70013223,-6.320515e-02,-2.825760e-02,1.427666e-06,2.520460e-06,3.442348e-04,3.543511e-03
1911816192,26041861,22941794304,70022810,-6.320094e-02,-2.826731e-02,1.437743e-06,2.551403e-06,3.466646e-04,3.587015e-03
1912078336,26043353,22944940032,70032305,-6.319874e-02,-2.824508e-02,1.443037e-06,2.480885e-06,3.479409e-04,3.487873e-03
1912340480,26046374,22948085760,70041913,-6.321177e-02,-2.822994e-02,1.411899e-06,2.433410e-06,3.404331e-04,3.421128e-03
1912602624,26048406,22951231488,70051371,-6.322601e-02,-2.823106e-02,1.378248e-06,2.436904e-06,3.323193e-04,3.426040e-03
1912864768,26049121,22954377216,70060877,-6.324298e-02,-2.820829e-02,1.338702e-06,2.366329e-06,3.227842e-04,3.326819e-03
1913126912,26050383,22957522944,70070469,-6.322691e-02,-2.820824e-02,1.376149e-06,2.366192e-06,3.318133e-04,3.326626e-03
1913389056,26050870,22960668672,70080111,-6.322616e-02,-2.821685e-02,1.377915e-06,2.392746e-06,3.322391e-04,3.363958e-03
1913651200,26051152,22963814400,70089971,-6.322108e-02,-2.822463e-02,1.389853e-06,2.416865e-06,3.351175e-04,3.397867e-03
1913913344,26053158,22966960128,70099513,-6.322104e-02,-2.822033e-02,1.389941e-06,2.403528e-06,3.351387e-04,3.379117e-03
1914175488,26053429,22970105856,70109067,-6.323253e-02,-2.821027e-02,1.362983e-06,2.372442e-06,3.286387e-04,3.335413e-03
1914437632,26053661,22973251584,70118821,-6.322530e-02,-2.820799e-02,1.379928e-06,2.365407e-06,3.327243e-04,3.325522e-03
1914699776,26054360,22976397312,70128452,-6.322277e-02,-2.822848e-02,1.385868e-06,2.428862e-06,3.341567e-04,3.414734e-03
1914961920,26054533,22979543040,70138007,-6.320964e-02,-2.823818e-02,1.416967e-06,2.459175e-06,3.416552e-04,3.457351e-03
1915224064,26055239,22982688768,70147631,-6.323419e-02,-2.825039e-02,1.359124e-06,2.497618e-06,3.277082e-04,3.511398e-03
1915486208,26055253,22985834496,70157444,-6.323192e-02,-2.826348e-02,1.364410e-06,2.539166e-06,3.289828e-04,3.569810e-03
1915748352,26055331,22988980224,70166907,-6.322267e-02,-2.825407e-02,1.386114e-06,2.509265e-06,3.342158e-04,3.527773e-03
1916010496,26055534,22992125952,70176203,-6.324053e-02,-2.824113e-02,1.344381e-06,2.468444e-06,3.241533e-04,3.470381e-03
1916272640,26055818,22995271680,70186156,-6.323969e-02,-2.822466e-02,1.346316e-06,2.416981e-06,3.246201e-04,3.398030e-03
1916534784,26056399,22998417408,70195846,-6.323078e-02,-2.822391e-02,1.367075e-06,2.414630e-06,3.296252e-04,3.394725e-03
1916796928,26056616,23001563136,70205517,-6.321749e-02,-2.821662e-02,1.398333e-06,2.392037e-06,3.371623e-04,3.362962e-03
1917059072,26056713,23004708864,70215299,-6.320630e-02,-2.821439e-02,1.424925e-06,2.385128e-06,3.435739e-04,3.353249e-03
1917321216,26056757,23007854592,70224812,-6.320207e-02,-2.821721e-02,1.435046e-06,2.393870e-06,3.460143e-04,3.365538e-03
1917583360,26056859,23011000320,70234429,-6.320086e-02,-2.821383e-02,1.437939e-06,2.383414e-06,3.467120e-04,3.350839e-03
1917845504,26056896,23014146048,70244204,-6.321721e-02,-2.820802e-02,1.399003e-06,2.365516e-06,3.373237e-04,3.325675e-03
1918107648,26057099,23017291776,70253804,-6.319813e-02,-2.818167e-02,1.444505e-06,2.285143e-06,3.482950e-04,3.212679e-03
1918369792,26057490,23020437504,70263428,-6.318747e-02,-2.817996e-02,1.470247e-06,2.279987e-06,3.545018e-04,3.205431e-03
1918631936,26057590,23023583232,70273007,-6.318783e-02,-2.820320e-02,1.469361e-06,2.350700e-06,3.542883e-04,3.304845e-03
1918894080,26057702,23026728960,70282717,-6.318484e-02,-2.819612e-02,1.476614e-06,2.329057e-06,3.560370e-04,3.274417e-03
1919156224,26058287,23029874688,70292417,-6.317175e-02,-2.820650e-02,1.508599e-06,2.360831e-06,3.637493e-04,3.319090e-03
1919418368,26058496,23033020416,70302017,-6.315738e-02,-2.820382e-02,1.544111e-06,2.352590e-06,3.723118e-04,3.307503e-03
1919680512,26058844,23036166144,70311578,-6.316058e-02,-2.818883e-02,1.536178e-06,2.306846e-06,3.703989e-04,3.243192e-03
1919942656,26059036,23039311872,70321157,-6.318072e-02,-2.820439e-02,1.486644e-06,2.354368e-06,3.584555e-04,3.310002e-03
1920204800,26059172,23042457600,70330874,-6.318016e-02,-2.818517e-02,1.488025e-06,2.295753e-06,3.587884e-04,3.227596e-03
1920466944,26059576,23045603328,70340399,-6.318639e-02,-2.818053e-02,1.472850e-06,2.281692e-06,3.551295e-04,3.207827e-03
1920729088,26059665,23048749056,70350013,-6.318786e-02,-2.819338e-02,1.469289e-06,2.320696e-06,3.542709e-04,3.262663e-03
1920991232,26059754,23051894784,70359793,-6.317726e-02,-2.819469e-02,1.495104e-06,2.324670e-06,3.604954e-04,3.268250e-03
1921253376,26060642,23055040512,70369459,-6.318744e-02,-2.820241e-02,1.470319e-06,2.348273e-06,3.545192e-04,3.301433e-03
1921515520,26060667,23058186240,70379190,-6.319604e-02,-2.821688e-02,1.449524e-06,2.392833e-06,3.495051e-04,3.364080e-03
1921777664,26060700,23061331968,70388890,-6.320203e-02,-2.820713e-02,1.435135e-06,2.362755e-06,3.460359e-04,3.321794e-03
1922039808,26061055,23064477696,70398319,-6.320500e-02,-2.821356e-02,1.428039e-06,2.382569e-06,3.443249e-04,3.349650e-03
1922301952,26061387,23067623424,70408003,-6.320897e-02,-2.819596e-02,1.418546e-06,2.328551e-06,3.420360e-04,3.273706e-03
1922564096,26061430,23070769152,70417699,-6.321752e-02,-2.816648e-02,1.398263e-06,2.239466e-06,3.371453e-04,3.148462e-03
1922826240,26061628,23073914880,70427338,-6.323636e-02,-2.818427e-02,1.354056e-06,2.293016e-06,3.264862e-04,3.223748e-03
1923088384,26061649,23077060608,70436978,-6.323929e-02,-2.819283e-02,1.347250e-06,2.319010e-06,3.248452e-04,3.260294e-03
1923350528,26061848,23080206336,70446398,-6.324135e-02,-2.817985e-02,1.342481e-06,2.279661e-06,3.236952e-04,3.204972e-03
1923612672,26063140,23083352064,70456001,-6.324135e-02,-2.816494e-02,1.342481e-06,2.234836e-06,3.236952e-04,3.141952e-03
1923874816,26063467,23086497792,70465576,-6.325275e-02,-2.817665e-02,1.316195e-06,2.270002e-06,3.173572e-04,3.191393e-03
1924136960,26063636,23089643520,70475100,-6.323972e-02,-2.818294e-02,1.346247e-06,2.288979e-06,3.246033e-04,3.218072e-03
1924399104,26063674,23092789248,70484781,-6.323620e-02,-2.819356e-02,1.354437e-06,2.321224e-06,3.265782e-04,3.263405e-03
1924661248,26063854,23095934976,70494241,-6.323227e-02,-2.818689e-02,1.363610e-06,2.300972e-06,3.287897e-04,3.234933e-03
1924923392,26065256,23099080704,70503693,-6.323297e-02,-2.818982e-02,1.361974e-06,2.309852e-06,3.283955e-04,3.247418e-03
1925185536,26066434,23102226432,70513224,-6.320136e-02,-2.819360e-02,1.436743e-06,2.321354e-06,3.464234e-04,3.263588e-03
1925447680,26068319,23105372160,70522842,-6.320270e-02,-2.819381e-02,1.433529e-06,2.321990e-06,3.456486e-04,3.264482e-03
1925709824,26069322,23108517888,70532593,-6.321000e-02,-2.819660e-02,1.416116e-06,2.330501e-06,3.414500e-04,3.276448e-03
1925971968,26070925,23111663616,70541940,-6.320464e-02,-2.819577e-02,1.428894e-06,2.327971e-06,3.445311e-04,3.272891e-03
1926234112,26071780,23114809344,70551397,-6.320232e-02,-2.818785e-02,1.434439e-06,2.303866e-06,3.458681e-04,3.239001e-03
1926496256,26078443,23117955072,70561115,-6.320502e-02,-2.819630e-02,1.427986e-06,2.329591e-06,3.443120e-04,3.275169e-03
1926758400,26078563,23121100800,70570694,-6.320845e-02,-2.815867e-02,1.419789e-06,2.216152e-06,3.423356e-04,3.115684e-03
1927020544,26081192,23124246528,70580375,-6.322048e-02,-2.814872e-02,1.391276e-06,2.186609e-06,3.354607e-04,3.074150e-03
1927282688,26082489,23127392256,70589923,-6.320594e-02,-2.814254e-02,1.425797e-06,2.168380e-06,3.437841e-04,3.048522e-03
1927544832,26097482,23130537984,70599535,-6.321836e-02,-2.815034e-02,1.396290e-06,2.191404e-06,3.366696e-04,3.080891e-03
1927806976,26097779,23133683712,70609179,-6.321775e-02,-2.815558e-02,1.397717e-06,2.206950e-06,3.370135e-04,3.102747e-03
1928069120,26109851,23136829440,70618828,-6.319854e-02,-2.814482e-02,1.443502e-06,2.175100e-06,3.480532e-04,3.057970e-03
1928331264,26144117,23139975168,70628430,-6.320176e-02,-2.815473e-02,1.435778e-06,2.204410e-06,3.461908e-04,3.099177e-03
1928593408,26145347,23143120896,70638034,-6.321295e-02,-2.815285e-02,1.409085e-06,2.198839e-06,3.397547e-04,3.091344e-03
1928855552,26153772,23146266624,70647617,-6.319866e-02,-2.813292e-02,1.443216e-06,2.140123e-06,3.479842e-04,3.008796e-03
1929117696,26172068,23149412352,70657378,-6.319865e-02,-2.811554e-02,1.443251e-06,2.089595e-06,3.479928e-04,2.937758e-03
1929379840,26314988,23152558080,70667140,-6.321274e-02,-2.813056e-02,1.409580e-06,2.133235e-06,3.398741e-04,2.999112e-03
1929641984,26374935,23155703808,70676715,-6.320769e-02,-2.812871e-02,1.421618e-06,2.127824e-06,3.427767e-04,2.991505e-03
1929904128,26375671,23158849536,70686517,-6.322768e-02,-2.815450e-02,1.374332e-06,2.203747e-06,3.313751e-04,3.098244e-03
1930166272,26376400,23161995264,70696126,-6.320971e-02,-2.814920e-02,1.416790e-06,2.188041e-06,3.416125e-04,3.076164e-03
1930428416,26377117,23165140992,70705842,-6.321383e-02,-2.814716e-02,1.407016e-06,2.182000e-06,3.392558e-04,3.067671e-03
1930690560,26379129,23168286720,70715403,-6.322105e-02,-2.814822e-02,1.389923e-06,2.185127e-06,3.351345e-04,3.072067e-03
1930952704,26379696,23171432448,70724970,-6.320038e-02,-2.816506e-02,1.439101e-06,2.235214e-06,3.469921e-04,3.142484e-03
1931214848,26379804,23174578176,70734519,-6.319095e-02,-2.817047e-02,1.461803e-06,2.251412e-06,3.524658e-04,3.165257e-03
1931476992,26380044,23177723904,70744102,-6.318648e-02,-2.817463e-02,1.472633e-06,2.263916e-06,3.550771e-04,3.182837e-03
1931739136,26380717,23180869632,70753459,-6.317762e-02,-2.815253e-02,1.494230e-06,2.197888e-06,3.602845e-04,3.090008e-03
1932001280,26381022,23184015360,70763075,-6.318589e-02,-2.814946e-02,1.474061e-06,2.188791e-06,3.554216e-04,3.077218e-03
1932263424,26382188,23187161088,70772846,-6.320050e-02,-2.814087e-02,1.438815e-06,2.163451e-06,3.469231e-04,3.041593e-03
1932525568,26383089,23190306816,70782503,-6.318954e-02,-2.814467e-02,1.465228e-06,2.174660e-06,3.532917e-04,3.057352e-03
1932787712,26383638,23193452544,70792202,-6.319929e-02,-2.812098e-02,1.441712e-06,2.105349e-06,3.476216e-04,2.959906e-03
1933049856,26383669,23196598272,70802000,-6.320909e-02,-2.812811e-02,1.418263e-06,2.126080e-06,3.419675e-04,2.989053e-03
1933312000,26383748,23199744000,70811682,-6.321862e-02,-2.811361e-02,1.395674e-06,2.084019e-06,3.365210e-04,2.929920e-03
1933574144,26383885,23202889728,70821378,-6.321909e-02,-2.811121e-02,1.394547e-06,2.077099e-06,3.362494e-04,2.920189e-03
1933836288,26384948,23206035456,70831258,-6.323600e-02,-2.809923e-02,1.354906e-06,2.042693e-06,3.266911e-04,2.871819e-03
1934098432,26385059,23209181184,70840841,-6.323016e-02,-2.811082e-02,1.368521e-06,2.075971e-06,3.299740e-04,2.918605e-03
1934360576,26385564,23212326912,70850355,-6.324662e-02,-2.811314e-02,1.330285e-06,2.082659e-06,3.207546e-04,2.928007e-03
1934622720,26385709,23215472640,70859842,-6.324963e-02,-2.810298e-02,1.323350e-06,2.053436e-06,3.190826e-04,2.886922e-03
1934884864,26385751,23218618368,70869702,-6.326027e-02,-2.809871e-02,1.298985e-06,2.041219e-06,3.132077e-04,2.869746e-03
1935147008,26385972,23221764096,70879598,-6.325746e-02,-2.808720e-02,1.305413e-06,2.008448e-06,3.147574e-04,2.823674e-03
1935409152,26386008,23224909824,70889160,-6.325994e-02,-2.807463e-02,1.299732e-06,1.972986e-06,3.133879e-04,2.773818e-03
1935671296,26386223,23228055552,70898625,-6.324367e-02,-2.806419e-02,1.337099e-06,1.943771e-06,3.223977e-04,2.732744e-03
1935933440,26386593,23231201280,70908437,-6.323862e-02,-2.806033e-02,1.348807e-06,1.933029e-06,3.252207e-04,2.717643e-03
1936195584,26386613,23234347008,70917957,-6.323783e-02,-2.805244e-02,1.350642e-06,1.911136e-06,3.256631e-04,2.686864e-03
1936457728,26386698,23237492736,70927390,-6.323566e-02,-2.805909e-02,1.355704e-06,1.929566e-06,3.268835e-04,2.712774e-03
1936719872,26389022,23240638464,70937012,-6.323460e-02,-2.806754e-02,1.358169e-06,1.953126e-06,3.274778e-04,2.745896e-03
1936982016,26389524,23243784192,70946641,-6.324013e-02,-2.807266e-02,1.345296e-06,1.967459e-06,3.243741e-04,2.766047e-03
1937244160,26389556,23246929920,70956144,-6.325819e-02,-2.808844e-02,1.303728e-06,2.011971e-06,3.143512e-04,2.828627e-03
1937506304,26390196,23250075648,70965924,-6.325436e-02,-2.810144e-02,1.312505e-06,2.049012e-06,3.164675e-04,2.880704e-03
1937768448,26391326,23253221376,70975678,-6.326111e-02,-2.811015e-02,1.297067e-06,2.074045e-06,3.127450e-04,2.915896e-03
1938030592,26391332,23256367104,70985181,-6.326736e-02,-2.810122e-02,1.282884e-06,2.048383e-06,3.093255e-04,2.879819e-03
1938292736,26391386,23259512832,70994880,-6.327315e-02,-2.810313e-02,1.269787e-06,2.053873e-06,3.061675e-04,2.887537e-03
1938554880,26391452,23262658560,71004327,-6.325550e-02,-2.808012e-02,1.309877e-06,1.988431e-06,3.158339e-04,2.795532e-03
1938817024,26391904,23265804288,71013923,-6.325262e-02,-2.808706e-02,1.316485e-06,2.008052e-06,3.174273e-04,2.823118e-03
1939079168,26392051,23268950016,71023272,-6.324271e-02,-2.808913e-02,1.339323e-06,2.013943e-06,3.229339e-04,2.831399e-03
1939341312,26392206,23272095744,71032880,-6.326187e-02,-2.810992e-02,1.295353e-06,2.073374e-06,3.123319e-04,2.914954e-03
1939603456,26392303,23275241472,71042330,-6.324560e-02,-2.811160e-02,1.332640e-06,2.078226e-06,3.213225e-04,2.921775e-03
1939865600,26392570,23278387200,71051757,-6.324103e-02,-2.811308e-02,1.343223e-06,2.082471e-06,3.238743e-04,2.927743e-03
1940127744,26392984,23281532928,71061607,-6.323424e-02,-2.812404e-02,1.359002e-06,2.114233e-06,3.276789e-04,2.972398e-03
1940389888,26393770,23284678656,71071490,-6.322996e-02,-2.815066e-02,1.369009e-06,2.192352e-06,3.300917e-04,3.082225e-03
1940652032,26395387,23287824384,71080855,-6.323864e-02,-2.815143e-02,1.348773e-06,2.194625e-06,3.252123e-04,3.085421e-03
1940914176,26399904,23290970112,71090558,-6.324925e-02,-2.815828e-02,1.324242e-06,2.214970e-06,3.192975e-04,3.114024e-03
1941176320,26402116,23294115840,71100338,-6.327880e-02,-2.816281e-02,1.257091e-06,2.228469e-06,3.031062e-04,3.133002e-03
1941438464,26402365,23297261568,71109939,-6.327652e-02,-2.816103e-02,1.262208e-06,2.223161e-06,3.043402e-04,3.125539e-03
1941700608,26402629,23300407296,71119456,-6.326601e-02,-2.817126e-02,1.285941e-06,2.253777e-06,3.100625e-04,3.168582e-03
1941962752,26402848,23303553024,71129135,-6.326113e-02,-2.817896e-02,1.297033e-06,2.276962e-06,3.127369e-04,3.201178e-03
1942224896,26403687,23306698752,71138685,-6.326722e-02,-2.819104e-02,1.283205e-06,2.313562e-06,3.094028e-04,3.252633e-03
1942487040,26404685,23309844480,71148289,-6.325305e-02,-2.819592e-02,1.315511e-06,2.328431e-06,3.171924e-04,3.273539e-03
1942749184,26404787,23312990208,71157918,-6.324767e-02,-2.818985e-02,1.327862e-06,2.309937e-06,3.201705e-04,3.247537e-03
1943011328,26409943,23316135936,71167250,-6.324953e-02,-2.816997e-02,1.323590e-06,2.249903e-06,3.191404e-04,3.163135e-03
1943273472,26412039,23319281664,71176783,-6.324513e-02,-2.815243e-02,1.333724e-06,2.197612e-06,3.215839e-04,3.089620e-03
1943535616,26413429,23322427392,71186399,-6.324719e-02,-2.815441e-02,1.328979e-06,2.203464e-06,3.204397e-04,3.097848e-03
1943797760,26419872,23325573120,71195967,-6.325318e-02,-2.814651e-02,1.315203e-06,2.180069e-06,3.171182e-04,3.064956e-03
1944059904,26434731,23328718848,71205664,-6.322037e-02,-2.814328e-02,1.391522e-06,2.170548e-06,3.355200e-04,3.051570e-03
1944322048,26439288,23331864576,71215361,-6.320482e-02,-2.814101e-02,1.428449e-06,2.163862e-06,3.444237e-04,3.042171e-03
1944584192,26445557,23335010304,71224707,-6.320594e-02,-2.814206e-02,1.425797e-06,2.166949e-06,3.437841e-04,3.046510e-03
1944846336,26459790,23338156032,71234373,-6.320502e-02,-2.812189e-02,1.427986e-06,2.107982e-06,3.443120e-04,2.963608e-03
1945108480,26463024,23341301760,71243970,-6.319785e-02,-2.811595e-02,1.445167e-06,2.090785e-06,3.484548e-04,2.939431e-03
1945370624,26493933,23344447488,71253808,-6.317612e-02,-2.812581e-02,1.497893e-06,2.119377e-06,3.611679e-04,2.979629e-03
1945632768,26497203,23347593216,71263416,-6.316460e-02,-2.813514e-02,1.526221e-06,2.146646e-06,3.679981e-04,3.017966e-03
1945894912,26499342,23350738944,71273039,-6.315746e-02,-2.812004e-02,1.543908e-06,2.102604e-06,3.722627e-04,2.956047e-03
1946157056,26499777,23353884672,71282596,-6.316277e-02,-2.810963e-02,1.530753e-06,2.072537e-06,3.690908e-04,2.913777e-03
1946419200,26500554,23357030400,71292119,-6.314706e-02,-2.810264e-02,1.569863e-06,2.052469e-06,3.785210e-04,2.885564e-03
1946681344,26501062,23360176128,71301873,-6.314382e-02,-2.810093e-02,1.577995e-06,2.047573e-06,3.804819e-04,2.878680e-03
1946943488,26501799,23363321856,71311589,-6.317178e-02,-2.811563e-02,1.508526e-06,2.089853e-06,3.637317e-04,2.938122e-03
1947205632,26501970,23366467584,71320916,-6.317575e-02,-2.811904e-02,1.498805e-06,2.099725e-06,3.613877e-04,2.952001e-03
1947467776,26504148,23369613312,71330212,-6.319708e-02,-2.813671e-02,1.447031e-06,2.151249e-06,3.489041e-04,3.024439e-03
1947729920,26504438,23372759040,71339794,-6.320661e-02,-2.814934e-02,1.424178e-06,2.188449e-06,3.433938e-04,3.076737e-03
1947992064,26504530,23375904768,71349335,-6.323140e-02,-2.814770e-02,1.365629e-06,2.183613e-06,3.292766e-04,3.069938e-03
1948254208,26505317,23379050496,71358941,-6.324767e-02,-2.814792e-02,1.327880e-06,2.184246e-06,3.201746e-04,3.070829e-03
1948516352,26506396,23382196224,71368275,-6.325824e-02,-2.814734e-02,1.303626e-06,2.182540e-06,3.143266e-04,3.068429e-03
1948778496,26506463,23385341952,71377790,-6.325863e-02,-2.814130e-02,1.302741e-06,2.164723e-06,3.141133e-04,3.043381e-03
1949040640,26506710,23388487680,71387170,-6.325925e-02,-2.812607e-02,1.301313e-06,2.120142e-06,3.137689e-04,2.980704e-03
1949302784,26507141,23391633408,71396833,-6.323958e-02,-2.811825e-02,1.346576e-06,2.097421e-06,3.246826e-04,2.948761e-03
1949564928,26507457,23394779136,71406380,-6.324722e-02,-2.811502e-02,1.328910e-06,2.088076e-06,3.204231e-04,2.935623e-03
1949827072,26507533,23397924864,71416054,-6.322967e-02,-2.811765e-02,1.369672e-06,2.095706e-06,3.302514e-04,2.946350e-03
1950089216,26507703,23401070592,71425717,-6.324012e-02,-2.812645e-02,1.345331e-06,2.121243e-06,3.243825e-04,2.982253e-03
1950351360,26507805,23404216320,71435193,-6.324568e-02,-2.812501e-02,1.332468e-06,2.117057e-06,3.212811e-04,2.976367e-03
1950613504,26507809,23407362048,71445083,-6.323777e-02,-2.812733e-02,1.350781e-06,2.123821e-06,3.256965e-04,2.985877e-03
1950875648,26508565,23410507776,71454539,-6.324488e-02,-2.813050e-02,1.334309e-06,2.133071e-06,3.217250e-04,2.998882e-03
1951137792,26508605,23413653504,71464179,-6.324293e-02,-2.810516e-02,1.338806e-06,2.059675e-06,3.228091e-04,2.895694e-03
1951399936,26509452,23416799232,71473768,-6.324386e-02,-2.810294e-02,1.336669e-06,2.053323e-06,3.222938e-04,2.886764e-03
1951662080,26509758,23419944960,71483218,-6.325691e-02,-2.811417e-02,1.306656e-06,2.085638e-06,3.150572e-04,2.932196e-03
1951924224,26509851,23423090688,71492697,-6.325403e-02,-2.812872e-02,1.313256e-06,2.127851e-06,3.166487e-04,2.991543e-03
1952186368,26510024,23426236416,71502351,-6.326212e-02,-2.810963e-02,1.294777e-06,2.072527e-06,3.121929e-04,2.913762e-03
1952448512,26510038,23429382144,71511979,-6.325591e-02,-2.810906e-02,1.308939e-06,2.070881e-06,3.156078e-04,2.911448e-03
1952710656,26510347,23432527872,71521440,-6.325722e-02,-2.810614e-02,1.305940e-06,2.062510e-06,3.148847e-04,2.899680e-03
1952972800,26510355,23435673600,71530868,-6.328250e-02,-2.809395e-02,1.248801e-06,2.027627e-06,3.011075e-04,2.850637e-03
1953234944,26510649,23438819328,71540597,-6.330477e-02,-2.808699e-02,1.199541e-06,2.007862e-06,2.892299e-04,2.822850e-03
1953497088,26510658,23441965056,71550277,-6.329820e-02,-2.806618e-02,1.213962e-06,1.949316e-06,2.927071e-04,2.740541e-03
1953759232,26510847,23445110784,71559713,-6.329162e-02,-2.807572e-02,1.228519e-06,1.976063e-06,2.962170e-04,2.778145e-03
1954021376,26511538,23448256512,71569488,-6.329525e-02,-2.808895e-02,1.220472e-06,2.013409e-06,2.942768e-04,2.830648e-03
1954283520,26511942,23451402240,71579218,-6.331372e-02,-2.811083e-02,1.180020e-06,2.075987e-06,2.845231e-04,2.918628e-03
1954545664,26512093,23454547968,71588994,-6.331921e-02,-2.810372e-02,1.168104e-06,2.055566e-06,2.816500e-04,2.889917e-03
1954807808,26512273,23457693696,71598556,-6.333203e-02,-2.810552e-02,1.140568e-06,2.060718e-06,2.750105e-04,2.897161e-03
1955069952,26512494,23460839424,71608108,-6.333978e-02,-2.811810e-02,1.124061e-06,2.096995e-06,2.710306e-04,2.948162e-03
1955332096,26512920,23463985152,71617549,-6.334332e-02,-2.809926e-02,1.116585e-06,2.042794e-06,2.692280e-04,2.871962e-03
1955594240,26514157,23467130880,71627260,-6.335489e-02,-2.809656e-02,1.092266e-06,2.035076e-06,2.633641e-04,2.861110e-03
1955856384,26514288,23470276608,71636824,-6.337194e-02,-2.808338e-02,1.056909e-06,1.997635e-06,2.548390e-04,2.808472e-03
1956118528,26514415,23473422336,71646642,-6.338779e-02,-2.810244e-02,1.024576e-06,2.051898e-06,2.470430e-04,2.884761e-03
1956380672,26514547,23476568064,71656394,-6.338385e-02,-2.810247e-02,1.032556e-06,2.051968e-06,2.489670e-04,2.884859e-03
1956642816,26514583,23479713792,71666094,-6.337783e-02,-2.810409e-02,1.044842e-06,2.056618e-06,2.519293e-04,2.891397e-03
1956904960,26514898,23482859520,71675503,-6.335309e-02,-2.810135e-02,1.096022e-06,2.048762e-06,2.642699e-04,2.880351e-03
1957167104,26515316,23486005248,71684999,-6.335830e-02,-2.811843e-02,1.085145e-06,2.097955e-06,2.616471e-04,2.949512e-03
1957429248,26515378,23489150976,71694484,-6.333955e-02,-2.811401e-02,1.124551e-06,2.085154e-06,2.711486e-04,2.931515e-03
1957691392,26515963,23492296704,71704126,-6.333949e-02,-2.812595e-02,1.124678e-06,2.119784e-06,2.711791e-04,2.980201e-03
1957953536,26516664,23495442432,71713786,-6.333355e-02,-2.813493e-02,1.137324e-06,2.146035e-06,2.742283e-04,3.017107e-03
1958215680,26516690,23498588160,71723366,-6.333765e-02,-2.812286e-02,1.128600e-06,2.110801e-06,2.721249e-04,2.967572e-03
1958477824,26517459,23501733888,71732784,-6.335985e-02,-2.810081e-02,1.081919e-06,2.047205e-06,2.608692e-04,2.878163e-03
1958739968,26519245,23504879616,71742288,-6.336600e-02,-2.810083e-02,1.069169e-06,2.047274e-06,2.577952e-04,2.878260e-03
1959002112,26519583,23508025344,71751987,-6.336570e-02,-2.808747e-02,1.069786e-06,2.009230e-06,2.579438e-04,2.824773e-03
1959264256,26521909,23511171072,71761711,-6.337586e-02,-2.808413e-02,1.048867e-06,1.999768e-06,2.528998e-04,2.811471e-03
1959526400,26522093,23514316800,71771447,-6.338250e-02,-2.809163e-02,1.035313e-06,2.021038e-06,2.496318e-04,2.841375e-03
1959788544,26523076,23517462528,71780987,-6.338392e-02,-2.809447e-02,1.032419e-06,2.029117e-06,2.489341e-04,2.852733e-03
1960050688,26529514,23520608256,71790535,-6.337644e-02,-2.809500e-02,1.047677e-06,2.030635e-06,2.526129e-04,2.854867e-03
1960312832,26529717,23523753984,71800298,-6.338930e-02,-2.808806e-02,1.021517e-06,2.010893e-06,2.463053e-04,2.827112e-03
1960574976,26532038,23526899712,71810035,-6.337372e-02,-2.808161e-02,1.053251e-06,1.992630e-06,2.539570e-04,2.801436e-03
1960837120,26549426,23530045440,71819448,-6.337548e-02,-2.807800e-02,1.049645e-06,1.982463e-06,2.530875e-04,2.787141e-03
1961099264,26550644,23533191168,71828839,-6.338877e-02,-2.808254e-02,1.022586e-06,1.995261e-06,2.465631e-04,2.805134e-03
1961361408,26552436,23536336896,71838479,-6.336518e-02,-2.808223e-02,1.070865e-06,1.994382e-06,2.582040e-04,2.803899e-03
1961623552,26561740,23539482624,71848268,-6.334361e-02,-2.807168e-02,1.115956e-06,1.964700e-06,2.690761e-04,2.762170e-03
1961885696,26597276,23542628352,71857519,-6.333889e-02,-2.807573e-02,1.125958e-06,1.976069e-06,2.714878e-04,2.778152e-03
1962147840,26605607,23545774080,71867146,-6.336967e-02,-2.807548e-02,1.061587e-06,1.975388e-06,2.559669e-04,2.777195e-03
1962409984,26614569,23548919808,71876763,-6.337761e-02,-2.806208e-02,1.045283e-06,1.937880e-06,2.520358e-04,2.724463e-03
1962672128,26623499,23552065536,71886354,-6.340092e-02,-2.807051e-02,9.981571e-07,1.961417e-06,2.406729e-04,2.757554e-03
1962934272,26766422,23555211264,71895935,-6.338890e-02,-2.808171e-02,1.022330e-06,1.992914e-06,2.465014e-04,2.801836e-03
1963196416,26829865,23558356992,71905349,-6.338236e-02,-2.809962e-02,1.035601e-06,2.043811e-06,2.497013e-04,2.873391e-03
1963458560,26830979,23561502720,71915073,-6.336895e-02,-2.809101e-02,1.063061e-06,2.019259e-06,2.563224e-04,2.838874e-03
1963720704,26831467,23564648448,71924821,-6.337358e-02,-2.809063e-02,1.053542e-06,2.018195e-06,2.540271e-04,2.837378e-03
1963982848,26832407,23567794176,71934490,-6.337529e-02,-2.808417e-02,1.050027e-06,1.999883e-06,2.531795e-04,2.811633e-03
1964244992,26834289,23570939904,71944087,-6.338262e-02,-2.808012e-02,1.035071e-06,1.988431e-06,2.495733e-04,2.795532e-03
1964507136,26835078,23574085632,71953634,-6.337130e-02,-2.807839e-02,1.058227e-06,1.983570e-06,2.551568e-04,2.788698e-03
1964769280,26835105,23577231360,71963286,-6.337439e-02,-2.809064e-02,1.051875e-06,2.018206e-06,2.536252e-04,2.837393e-03
1965031424,26835213,23580377088,71972781,-6.338138e-02,-2.809998e-02,1.037589e-06,2.044845e-06,2.501805e-04,2.874844e-03
1965293568,26836161,23583522816,71982213,-6.339986e-02,-2.808274e-02,1.000287e-06,1.995834e-06,2.411865e-04,2.805940e-03
1965555712,26836428,23586668544,71991827,-6.339493e-02,-2.808479e-02,1.010177e-06,2.001638e-06,2.435712e-04,2.814100e-03
1965817856,26837449,23589814272,72001449,-6.337625e-02,-2.809882e-02,1.048073e-06,2.041522e-06,2.527085e-04,2.870173e-03
1966080000,26838296,23592960000,72011183,-6.338228e-02,-2.809930e-02,1.035768e-06,2.042906e-06,2.497415e-04,2.872118e-03
1966342144,26838926,23596105728,72020783,-6.338158e-02,-2.809874e-02,1.037194e-06,2.041309e-06,2.500854e-04,2.869873e-03
1966604288,26838964,23599251456,72030343,-6.337427e-02,-2.807982e-02,1.052135e-06,1.987601e-06,2.536879e-04,2.794365e-03
1966866432,26839322,23602397184,72039973,-6.335450e-02,-2.808742e-02,1.093076e-06,2.009071e-06,2.635594e-04,2.824550e-03
1967128576,26839962,23605542912,72049695,-6.335191e-02,-2.808115e-02,1.098489e-06,1.991332e-06,2.648645e-04,2.799610e-03
1967390720,26839963,23608688640,72058819,-6.335393e-02,-2.808882e-02,1.094276e-06,2.013054e-06,2.638488e-04,2.830150e-03
1967652864,26840236,23611834368,72068350,-6.334889e-02,-2.811090e-02,1.104839e-06,2.076180e-06,2.663956e-04,2.918899e-03
1967915008,26840560,23614980096,72078013,-6.334869e-02,-2.810688e-02,1.105262e-06,2.064634e-06,2.664975e-04,2.902667e-03
1968177152,26840749,23618125824,72087606,-6.334092e-02,-2.810677e-02,1.121645e-06,2.064319e-06,2.704481e-04,2.902223e-03
1968439296,26840878,23621271552,72097170,-6.336184e-02,-2.810712e-02,1.077784e-06,2.065304e-06,2.598724e-04,2.903607e-03
1968701440,26840999,23624417280,72106708,-6.335945e-02,-2.810416e-02,1.082756e-06,2.056805e-06,2.610711e-04,2.891660e-03
1968963584,26841219,23627563008,72116132,-6.335432e-02,-2.809262e-02,1.093450e-06,2.023851e-06,2.636496e-04,2.845329e-03
1969225728,26841374,23630708736,72125792,-6.333303e-02,-2.809868e-02,1.138420e-06,2.041123e-06,2.744927e-04,2.869611e-03
1969487872,26841987,23633854464,72135380,-6.332519e-02,-2.809296e-02,1.155224e-06,2.024811e-06,2.785443e-04,2.846679e-03
1969750016,26842021,23637000192,72144999,-6.332110e-02,-2.808776e-02,1.164033e-06,2.010059e-06,2.806684e-04,2.825939e-03
1970012160,26842189,23640145920,72154605,-6.333923e-02,-2.809270e-02,1.125231e-06,2.024074e-06,2.713125e-04,2.845643e-03
1970274304,26844169,23643291648,72164252,-6.336819e-02,-2.810006e-02,1.064629e-06,2.045074e-06,2.567004e-04,2.875166e-03
1970536448,26844760,23646437376,72173718,-6.336430e-02,-2.812468e-02,1.072670e-06,2.116092e-06,2.586392e-04,2.975010e-03
1970798592,26845027,23649583104,72183398,-6.334204e-02,-2.811092e-02,1.119280e-06,2.076256e-06,2.698776e-04,2.919005e-03
1971060736,26845170,23652728832,72193102,-6.331895e-02,-2.810825e-02,1.168684e-06,2.068576e-06,2.817899e-04,2.908208e-03
1971322880,26846587,23655874560,72202709,-6.333444e-02,-2.812467e-02,1.135417e-06,2.116065e-06,2.737687e-04,2.974973e-03
1971585024,26846632,23659020288,72212335,-6.333125e-02,-2.812535e-02,1.142223e-06,2.118032e-06,2.754098e-04,2.977739e-03
1971847168,26846644,23662166016,72222236,-6.332257e-02,-2.813793e-02,1.160852e-06,2.154824e-06,2.799014e-04,3.029465e-03
1972109312,26846879,23665311744,72231778,-6.333009e-02,-2.814787e-02,1.144709e-06,2.184092e-06,2.760091e-04,3.070612e-03
1972371456,26847325,23668457472,72241479,-6.333496e-02,-2.815715e-02,1.134322e-06,2.211628e-06,2.735046e-04,3.109325e-03
1972633600,26847369,23671603200,72251404,-6.333371e-02,-2.814921e-02,1.136990e-06,2.188069e-06,2.741478e-04,3.076203e-03
1972895744,26847590,23674748928,72260845,-6.334011e-02,-2.815549e-02,1.123366e-06,2.206679e-06,2.708630e-04,3.102366e-03
1973157888,26847721,23677894656,72270480,-6.334022e-02,-2.816609e-02,1.123145e-06,2.238279e-06,2.708097e-04,3.146793e-03
1973420032,26847841,23681040384,72280007,-6.332996e-02,-2.816685e-02,1.144980e-06,2.240564e-06,2.760744e-04,3.150006e-03
1973682176,26848106,23684186112,72289590,-6.332268e-02,-2.815737e-02,1.160627e-06,2.212271e-06,2.798473e-04,3.110229e-03
1973944320,26848924,23687331840,72299182,-6.329793e-02,-2.816686e-02,1.214553e-06,2.240592e-06,2.928496e-04,3.150045e-03
1974206464,26850701,23690477568,72308791,-6.329278e-02,-2.817222e-02,1.225943e-06,2.256653e-06,2.955961e-04,3.172624e-03
1974468608,26855358,23693623296,72318323,-6.329716e-02,-2.817077e-02,1.216261e-06,2.252301e-06,2.932616e-04,3.166507e-03
1974730752,26857250,23696769024,72328274,-6.330172e-02,-2.816243e-02,1.206225e-06,2.227340e-06,2.908416e-04,3.131414e-03
1974992896,26857716,23699914752,72337744,-6.330071e-02,-2.816318e-02,1.208452e-06,2.229587e-06,2.913784e-04,3.134573e-03
1975255040,26858080,23703060480,72347325,-6.330235e-02,-2.816329e-02,1.204834e-06,2.229921e-06,2.905063e-04,3.135042e-03
1975517184,26858211,23706206208,72356833,-6.331457e-02,-2.816597e-02,1.178159e-06,2.237933e-06,2.840744e-04,3.146307e-03
1975779328,26858935,23709351936,72366584,-6.331549e-02,-2.816055e-02,1.176170e-06,2.221728e-06,2.835950e-04,3.123525e-03
1976041472,26859664,23712497664,72376117,-6.330942e-02,-2.817062e-02,1.189378e-06,2.251870e-06,2.867796e-04,3.165901e-03
1976303616,26860211,23715643392,72385750,-6.330770e-02,-2.817154e-02,1.193135e-06,2.254610e-06,2.876855e-04,3.169753e-03
1976565760,26865182,23718789120,72395496,-6.330822e-02,-2.818512e-02,1.191996e-06,2.295601e-06,2.874108e-04,3.227382e-03
1976827904,26867643,23721934848,72404741,-6.330150e-02,-2.817888e-02,1.206716e-06,2.276731e-06,2.909600e-04,3.200853e-03
1977090048,26868755,23725080576,72414211,-6.329609e-02,-2.818532e-02,1.218629e-06,2.296188e-06,2.938324e-04,3.228207e-03
1977352192,26875934,23728226304,72423780,-6.330743e-02,-2.818823e-02,1.193705e-06,2.305025e-06,2.878228e-04,3.240631e-03
1977614336,26890132,23731372032,72433688,-6.334111e-02,-2.819967e-02,1.121251e-06,2.339877e-06,2.703529e-04,3.289629e-03
1977876480,26894893,23734517760,72443146,-6.332911e-02,-2.820925e-02,1.146815e-06,2.369299e-06,2.765167e-04,3.330994e-03
1978138624,26900489,23737663488,72452722,-6.332652e-02,-2.821279e-02,1.152359e-06,2.380195e-06,2.778535e-04,3.346313e-03
1978400768,26916059,23740809216,72462230,-6.330707e-02,-2.819093e-02,1.194503e-06,2.313228e-06,2.880152e-04,3.252163e-03
1978662912,26918425,23743954944,72471742,-6.329601e-02,-2.818305e-02,1.218810e-06,2.289317e-06,2.938761e-04,3.218548e-03
1978925056,26944636,23747100672,72481220,-6.328382e-02,-2.818259e-02,1.245855e-06,2.287942e-06,3.003972e-04,3.216614e-03
1979187200,26950119,23750246400,72490879,-6.328200e-02,-2.817397e-02,1.249934e-06,2.261916e-06,3.013805e-04,3.180024e-03
1979449344,26950667,23753392128,72500614,-6.330118e-02,-2.817284e-02,1.207403e-06,2.258539e-06,2.911257e-04,3.175276e-03
1979711488,26951574,23756537856,72510152,-6.328941e-02,-2.816096e-02,1.233412e-06,2.222973e-06,2.973970e-04,3.125274e-03
1979973632,26951863,23759683584,72519777,-6.329536e-02,-2.816056e-02,1.220225e-06,2.221778e-06,2.942173e-04,3.123595e-03
1980235776,26952387,23762829312,72529584,-6.328750e-02,-2.817556e-02,1.237669e-06,2.266703e-06,2.984234e-04,3.186755e-03
1980497920,26952764,23765975040,72539216,-6.328304e-02,-2.818080e-02,1.247602e-06,2.282508e-06,3.008184e-04,3.208975e-03
1980760064,26952941,23769120768,72548627,-6.327968e-02,-2.819224e-02,1.255120e-06,2.317201e-06,3.026311e-04,3.257750e-03
1981022208,26955203,23772266496,72558043,-6.331450e-02,-2.820320e-02,1.178321e-06,2.350717e-06,2.841134e-04,3.304869e-03
1981284352,26955525,23775412224,72567795,-6.328197e-02,-2.820631e-02,1.250000e-06,2.360248e-06,3.013966e-04,3.318268e-03
1981546496,26955683,23778557952,72577443,-6.329084e-02,-2.820146e-02,1.230237e-06,2.345357e-06,2.966313e-04,3.297333e-03
1981808640,26956371,23781703680,72586901,-6.329236e-02,-2.821357e-02,1.226868e-06,2.382621e-06,2.958189e-04,3.349723e-03
1982070784,26957511,23784849408,72596527,-6.331115e-02,-2.821417e-02,1.185595e-06,2.384467e-06,2.858673e-04,3.352319e-03
1982332928,26957715,23787995136,72606253,-6.330070e-02,-2.820980e-02,1.208468e-06,2.370997e-06,2.913824e-04,3.333380e-03
1982595072,26957751,23791140864,72615897,-6.329604e-02,-2.820293e-02,1.218728e-06,2.349877e-06,2.938562e-04,3.303689e-03
1982857216,26958140,23794286592,72625581,-6.328777e-02,-2.821294e-02,1.237056e-06,2.380672e-06,2.982754e-04,3.346983e-03
1983119360,26958824,23797432320,72635233,-6.331551e-02,-2.822513e-02,1.176122e-06,2.418435e-06,2.835833e-04,3.400074e-03
1983381504,26958903,23800578048,72644672,-6.331626e-02,-2.821878e-02,1.174490e-06,2.398714e-06,2.831899e-04,3.372349e-03
1983643648,26958947,23803723776,72654111,-6.330222e-02,-2.821704e-02,1.205128e-06,2.393340e-06,2.905773e-04,3.364793e-03
1983905792,26959070,23806869504,72663670,-6.328986e-02,-2.820338e-02,1.232420e-06,2.351271e-06,2.971576e-04,3.305648e-03
1984167936,26959639,23810015232,72673398,-6.328794e-02,-2.820745e-02,1.236675e-06,2.363751e-06,2.981836e-04,3.323195e-03
1984430080,26959721,23813160960,72682900,-6.328384e-02,-2.821025e-02,1.245822e-06,2.372373e-06,3.003891e-04,3.335316e-03
1984692224,26960485,23816306688,72692642,-6.329288e-02,-2.822391e-02,1.225712e-06,2.414624e-06,2.955404e-04,3.394716e-03
1984954368,26960817,23819452416,72702229,-6.333279e-02,-2.822487e-02,1.138945e-06,2.417612e-06,2.746193e-04,3.398917e-03
1985216512,26960846,23822598144,72711607,-6.331606e-02,-2.822596e-02,1.174927e-06,2.421019e-06,2.832950e-04,3.403707e-03
1985478656,26960991,23825743872,72721231,-6.333054e-02,-2.824549e-02,1.143753e-06,2.482182e-06,2.757785e-04,3.489696e-03
1985740800,26961419,23828889600,72730847,-6.332209e-02,-2.822452e-02,1.161896e-06,2.416541e-06,2.801532e-04,3.397411e-03
1986002944,26961460,23832035328,72740426,-6.333020e-02,-2.822695e-02,1.144470e-06,2.424092e-06,2.759515e-04,3.408028e-03
1986265088,26961511,23835181056,72749867,-6.332616e-02,-2.820797e-02,1.153143e-06,2.365338e-06,2.780425e-04,3.325426e-03
1986527232,26961662,23838326784,72759622,-6.331179e-02,-2.822340e-02,1.184200e-06,2.413050e-06,2.855310e-04,3.392503e-03
1986789376,26961809,23841472512,72769417,-6.331593e-02,-2.822630e-02,1.175217e-06,2.422086e-06,2.833651e-04,3.405207e-03
1987051520,26962238,23844618240,72778932,-6.330143e-02,-2.823505e-02,1.206863e-06,2.449371e-06,2.909955e-04,3.443567e-03
1987313664,26962644,23847763968,72788684,-6.328835e-02,-2.824440e-02,1.235763e-06,2.478744e-06,2.979639e-04,3.484862e-03
1987575808,26963058,23850909696,72798426,-6.326825e-02,-2.825973e-02,1.280859e-06,2.527237e-06,3.088373e-04,3.553038e-03
1987837952,26963221,23854055424,72808248,-6.325704e-02,-2.825847e-02,1.306366e-06,2.523235e-06,3.149874e-04,3.547412e-03
1988100096,26963245,23857201152,72817878,-6.325210e-02,-2.826971e-02,1.317682e-06,2.559068e-06,3.177160e-04,3.597789e-03
1988362240,26963643,23860346880,72827486,-6.328282e-02,-2.827133e-02,1.248102e-06,2.564273e-06,3.009388e-04,3.605107e-03
1988624384,26964003,23863492608,72836983,-6.327283e-02,-2.827375e-02,1.270526e-06,2.572004e-06,3.063456e-04,3.615976e-03
1988886528,26965254,23866638336,72846694,-6.327453e-02,-2.826519e-02,1.266699e-06,2.544630e-06,3.054229e-04,3.577492e-03
1989148672,26965311,23869784064,72856222,-6.326859e-02,-2.825526e-02,1.280084e-06,2.513043e-06,3.086503e-04,3.533084e-03
1989410816,26965395,23872929792,72866004,-6.325265e-02,-2.824831e-02,1.316417e-06,2.491070e-06,3.174108e-04,3.502192e-03
1989672960,26965534,23876075520,72875615,-6.323317e-02,-2.824526e-02,1.361488e-06,2.481442e-06,3.282781e-04,3.488657e-03
1989935104,26965671,23879221248,72885092,-6.325833e-02,-2.824090e-02,1.303421e-06,2.467718e-06,3.142773e-04,3.469361e-03
1990197248,26966008,23882366976,72894722,-6.323536e-02,-2.822075e-02,1.356380e-06,2.404834e-06,3.270467e-04,3.380953e-03
1990459392,26966291,23885512704,72904378,-6.322148e-02,-2.821883e-02,1.388904e-06,2.398864e-06,3.348888e-04,3.372560e-03
1990721536,26966664,23888658432,72913993,-6.323709e-02,-2.821844e-02,1.352375e-06,2.397658e-06,3.260808e-04,3.370864e-03
1990983680,26967361,23891804160,72923671,-6.325175e-02,-2.822107e-02,1.318487e-06,2.405822e-06,3.179098e-04,3.382342e-03
1991245824,26967718,23894949888,72933434,-6.325062e-02,-2.820008e-02,1.321071e-06,2.341131e-06,3.185331e-04,3.291392e-03
1991507968,26967966,23898095616,72943128,-6.326123e-02,-2.819422e-02,1.296812e-06,2.323256e-06,3.126837e-04,3.266262e-03
1991770112,26968570,23901241344,72952815,-6.327208e-02,-2.818228e-02,1.272206e-06,2.287001e-06,3.067508e-04,3.215292e-03
1992032256,26970448,23904387072,72962577,-6.329281e-02,-2.817572e-02,1.225878e-06,2.267202e-06,2.955802e-04,3.187457e-03
1992294400,26970721,23907532800,72972043,-6.329577e-02,-2.818557e-02,1.219336e-06,2.296950e-06,2.940030e-04,3.229278e-03
1992556544,26971505,23910678528,72981476,-6.328634e-02,-2.817333e-02,1.240240e-06,2.259995e-06,2.990432e-04,3.177323e-03
1992818688,26973120,23913824256,72991172,-6.326216e-02,-2.816451e-02,1.294692e-06,2.233561e-06,3.121725e-04,3.140159e-03
1993080832,26973274,23916969984,73000803,-6.326743e-02,-2.816081e-02,1.282715e-06,2.222506e-06,3.092848e-04,3.124618e-03
1993342976,26974239,23920115712,73010317,-6.326563e-02,-2.817604e-02,1.286803e-06,2.268156e-06,3.102703e-04,3.188797e-03
1993605120,26980564,23923261440,73019986,-6.323159e-02,-2.819635e-02,1.365176e-06,2.329739e-06,3.291674e-04,3.275377e-03
1993867264,26981071,23926407168,73029574,-6.322375e-02,-2.820830e-02,1.383571e-06,2.366358e-06,3.336028e-04,3.326860e-03
1994129408,26983012,23929552896,73039196,-6.321580e-02,-2.819293e-02,1.402336e-06,2.319328e-06,3.381274e-04,3.260740e-03
1994391552,27001153,23932698624,73048750,-6.321750e-02,-2.818573e-02,1.398316e-06,2.297447e-06,3.371580e-04,3.229977e-03
1994653696,27001622,23935844352,73058327,-6.322067e-02,-2.818895e-02,1.390819e-06,2.307214e-06,3.353505e-04,3.243709e-03
1994915840,27007357,23938990080,73067761,-6.321444e-02,-2.817612e-02,1.405549e-06,2.268397e-06,3.389022e-04,3.189137e-03
1995177984,27013682,23942135808,73077118,-6.320710e-02,-2.817258e-02,1.423022e-06,2.257738e-06,3.431152e-04,3.174151e-03
1995440128,27048179,23945281536,73086597,-6.321149e-02,-2.818647e-02,1.412554e-06,2.299695e-06,3.405911e-04,3.233138e-03
1995702272,27064798,23948427264,73096404,-6.319778e-02,-2.818899e-02,1.445347e-06,2.307339e-06,3.484980e-04,3.243884e-03
1995964416,27074187,23951572992,73105953,-6.317579e-02,-2.816345e-02,1.498696e-06,2.230383e-06,3.613614e-04,3.135691e-03
1996226560,27074612,23954718720,73115610,-6.318877e-02,-2.816180e-02,1.467086e-06,2.225478e-06,3.537398e-04,3.128797e-03
1996488704,27217375,23957864448,73125087,-6.320038e-02,-2.816480e-02,1.439083e-06,2.234435e-06,3.469878e-04,3.141389e-03
1996750848,27284967,23961010176,73134654,-6.319175e-02,-2.815196e-02,1.459876e-06,2.196221e-06,3.520012e-04,3.087664e-03
1997012992,27286390,23964155904,73144306,-6.319268e-02,-2.814932e-02,1.457626e-06,2.188383e-06,3.514587e-04,3.076644e-03
1997275136,27286426,23967301632,73154075,-6.319524e-02,-2.813215e-02,1.451444e-06,2.137884e-06,3.499681e-04,3.005648e-03
1997537280,27287777,23970447360,73163538,-6.320209e-02,-2.812876e-02,1.434993e-06,2.127971e-06,3.460014e-04,2.991711e-03
1997799424,27289667,23973593088,73173231,-6.319437e-02,-2.813154e-02,1.453545e-06,2.136092e-06,3.504748e-04,3.003129e-03
1998061568,27290353,23976738816,73182802,-6.320438e-02,-2.812913e-02,1.429518e-06,2.129063e-06,3.446814e-04,2.993247e-03
1998323712,27290476,23979884544,73192260,-6.321652e-02,-2.813377e-02,1.400625e-06,2.142614e-06,3.377148e-04,3.012298e-03
1998585856,27290493,23983030272,73201667,-6.322134e-02,-2.812732e-02,1.389238e-06,2.123789e-06,3.349693e-04,2.985831e-03
1998848000,27291592,23986176000,73211137,-6.322935e-02,-2.811229e-02,1.370422e-06,2.080197e-06,3.304323e-04,2.924547e-03
1999110144,27291813,23989321728,73220756,-6.323423e-02,-2.811750e-02,1.359020e-06,2.095247e-06,3.276831e-04,2.945705e-03
1999372288,27293045,23992467456,73230486,-6.324621e-02,-2.811577e-02,1.331230e-06,2.090246e-06,3.209825e-04,2.938674e-03
1999634432,27293589,23995613184,73240245,-6.324241e-02,-2.814370e-02,1.340013e-06,2.171788e-06,3.231002e-04,3.053314e-03
1999896576,27294246,23998758912,73249680,-6.325509e-02,-2.812150e-02,1.310832e-06,2.106868e-06,3.160642e-04,2.962042e-03
2000158720,27294299,24001904640,73259250,-6.324881e-02,-2.812791e-02,1.325237e-06,2.125494e-06,3.195374e-04,2.988228e-03
2000420864,27294770,24005050368,73268755,-6.325287e-02,-2.811737e-02,1.315904e-06,2.094870e-06,3.172871e-04,2.945175e-03
2000683008,27294859,24008196096,73278333,-6.326974e-02,-2.810926e-02,1.277489e-06,2.071470e-06,3.080246e-04,2.912277e-03
2000945152,27295005,24011341824,73287978,-6.329672e-02,-2.810322e-02,1.217231e-06,2.054129e-06,2.934954e-04,2.887898e-03
2001207296,27295349,24014487552,73297610,-6.328155e-02,-2.813205e-02,1.250933e-06,2.137600e-06,3.016216e-04,3.005249e-03
2001469440,27295513,24017633280,73307363,-6.325851e-02,-2.812213e-02,1.303013e-06,2.108669e-06,3.141789e-04,2.964574e-03
2001731584,27295749,24020779008,73317029,-6.325009e-02,-2.810928e-02,1.322288e-06,2.071524e-06,3.188264e-04,2.912353e-03
2001993728,27295909,24023924736,73326362,-6.324370e-02,-2.811454e-02,1.337030e-06,2.086688e-06,3.223811e-04,2.933671e-03
2002255872,27296123,24027070464,73336027,-6.324663e-02,-2.811545e-02,1.330268e-06,2.089320e-06,3.207504e-04,2.937372e-03
2002518016,27296537,24030216192,73345617,-6.325055e-02,-2.810175e-02,1.321243e-06,2.049909e-06,3.185744e-04,2.881964e-03
2002780160,27296566,24033361920,73355189,-6.325474e-02,-2.812592e-02,1.311634e-06,2.119692e-06,3.162576e-04,2.980072e-03
2003042304,27297281,24036507648,73364800,-6.326131e-02,-2.813805e-02,1.296625e-06,2.155185e-06,3.126387e-04,3.029972e-03
2003304448,27297469,24039653376,73374307,-6.324244e-02,-2.812764e-02,1.339961e-06,2.124706e-06,3.230877e-04,2.987121e-03
2003566592,27297581,24042799104,73383845,-6.323040e-02,-2.810635e-02,1.367963e-06,2.063104e-06,3.298395e-04,2.900515e-03
2003828736,27299415,24045944832,73393834,-6.321392e-02,-2.809907e-02,1.406786e-06,2.042256e-06,3.392005e-04,2.871205e-03
2004090880,27300092,24049090560,73403413,-6.322359e-02,-2.810837e-02,1.383957e-06,2.068908e-06,3.336958e-04,2.908675e-03
2004353024,27300225,24052236288,73413181,-6.323960e-02,-2.810507e-02,1.346541e-06,2.059429e-06,3.246742e-04,2.895349e-03
2004615168,27300705,24055382016,73422702,-6.324600e-02,-2.812975e-02,1.331712e-06,2.130879e-06,3.210986e-04,2.995800e-03
2004877312,27301983,24058527744,73432085,-6.325179e-02,-2.813147e-02,1.318384e-06,2.135885e-06,3.178850e-04,3.002838e-03
2005139456,27302035,24061673472,73441605,-6.324138e-02,-2.812626e-02,1.342394e-06,2.120690e-06,3.236744e-04,2.981475e-03
2005401600,27302036,24064819200,73451173,-6.323688e-02,-2.812629e-02,1.352860e-06,2.120787e-06,3.261978e-04,2.981612e-03
2005663744,27302235,24067964928,73460861,-6.323145e-02,-2.811600e-02,1.365507e-06,2.090903e-06,3.292473e-04,2.939598e-03
2005925888,27302723,24071110656,73470474,-6.322877e-02,-2.812327e-02,1.371783e-06,2.112002e-06,3.307604e-04,2.969261e-03
2006188032,27302747,24074256384,73479948,-6.323919e-02,-2.812172e-02,1.347492e-06,2.107506e-06,3.249036e-04,2.962940e-03
2006450176,27302904,24077402112,73489402,-6.323215e-02,-2.812248e-02,1.363871e-06,2.109697e-06,3.288527e-04,2.966020e-03
2006712320,27303042,24080547840,73499048,-6.321166e-02,-2.812628e-02,1.412147e-06,2.120766e-06,3.404929e-04,2.981581e-03
2006974464,27303309,24083693568,73508485,-6.320970e-02,-2.814195e-02,1.416825e-06,2.166631e-06,3.416210e-04,3.046063e-03
2007236608,27303722,24086839296,73518201,-6.322245e-02,-2.814615e-02,1.386640e-06,2.179008e-06,3.343428e-04,3.063464e-03
2007498752,27304404,24089985024,73527855,-6.321356e-02,-2.815337e-02,1.407653e-06,2.200374e-06,3.394093e-04,3.093503e-03
2007760896,27306079,24093130752,73537457,-6.320348e-02,-2.815788e-02,1.431674e-06,2.213801e-06,3.452013e-04,3.112379e-03
2008023040,27310810,24096276480,73546762,-6.320752e-02,-2.817036e-02,1.422009e-06,2.251093e-06,3.428710e-04,3.164809e-03
2008285184,27312208,24099422208,73556329,-6.322791e-02,-2.816554e-02,1.373790e-06,2.236651e-06,3.312446e-04,3.144505e-03
2008547328,27313056,24102567936,73566179,-6.324010e-02,-2.817530e-02,1.345365e-06,2.265941e-06,3.243908e-04,3.185682e-03
2008809472,27313668,24105713664,73575867,-6.323299e-02,-2.817358e-02,1.361922e-06,2.260745e-06,3.283829e-04,3.178378e-03
2009071616,27313675,24108859392,73585433,-6.324606e-02,-2.816372e-02,1.331574e-06,2.231195e-06,3.210654e-04,3.136833e-03
2009333760,27314179,24112005120,73595025,-6.324047e-02,-2.815518e-02,1.344519e-06,2.205765e-06,3.241866e-04,3.101083e-03
2009595904,27314689,24115150848,73604458,-6.324647e-02,-2.815355e-02,1.330628e-06,2.200927e-06,3.208374e-04,3.094280e-03
2009858048,27315819,24118296576,73614197,-6.325035e-02,-2.816230e-02,1.321705e-06,2.226951e-06,3.186859e-04,3.130867e-03
2010120192,27320413,24121442304,73623670,-6.323452e-02,-2.815748e-02,1.358360e-06,2.212598e-06,3.275239e-04,3.110689e-03
2010382336,27323482,24124588032,73633145,-6.323978e-02,-2.815959e-02,1.346126e-06,2.218886e-06,3.245742e-04,3.119529e-03
2010644480,27324327,24127733760,73642683,-6.323866e-02,-2.813928e-02,1.348721e-06,2.158774e-06,3.251998e-04,3.035018e-03
2010906624,27331894,24130879488,73652204,-6.326187e-02,-2.812617e-02,1.295336e-06,2.120435e-06,3.123278e-04,2.981116e-03
2011168768,27345475,24134025216,73661802,-6.328160e-02,-2.813214e-02,1.250833e-06,2.137867e-06,3.015975e-04,3.005625e-03
2011430912,27350466,24137170944,73671177,-6.327118e-02,-2.814000e-02,1.274240e-06,2.160904e-06,3.072413e-04,3.038012e-03
2011693056,27355577,24140316672,73680982,-6.325483e-02,-2.811703e-02,1.311412e-06,2.093899e-06,3.162041e-04,2.943810e-03
2011955200,27371337,24143462400,73690710,-6.324745e-02,-2.811465e-02,1.328378e-06,2.087016e-06,3.202948e-04,2.934133e-03
2012217344,27374033,24146608128,73700348,-6.323408e-02,-2.811404e-02,1.359367e-06,2.085256e-06,3.277668e-04,2.931659e-03
2012479488,27395291,24149753856,73709964,-6.324139e-02,-2.812413e-02,1.342377e-06,2.114499e-06,3.236702e-04,2.972771e-03
2012741632,27400876,24152899584,73719541,-6.325953e-02,-2.810969e-02,1.300684e-06,2.072714e-06,3.136173e-04,2.914026e-03
2013003776,27401488,24156045312,73729211,-6.326199e-02,-2.811629e-02,1.295065e-06,2.091749e-06,3.122624e-04,2.940787e-03
2013265920,27402531,24159191040,73738830,-6.326366e-02,-2.810564e-02,1.291269e-06,2.061071e-06,3.113472e-04,2.897657e-03
2013528064,27402664,24162336768,73748455,-6.326450e-02,-2.809782e-02,1.289373e-06,2.038664e-06,3.108901e-04,2.866155e-03
2013790208,27403568,24165482496,73757850,-6.324705e-02,-2.808794e-02,1.329288e-06,2.010561e-06,3.205142e-04,2.826644e-03
2014052352,27403777,24168628224,73767468,-6.325648e-02,-2.808046e-02,1.307644e-06,1.989387e-06,3.152954e-04,2.796876e-03
2014314496,27406103,24171773952,73776787,-6.324989e-02,-2.809070e-02,1.322750e-06,2.018391e-06,3.189379e-04,2.837653e-03
2014576640,27406611,24174919680,73786604,-6.323426e-02,-2.809296e-02,1.358950e-06,2.024827e-06,3.276663e-04,2.846701e-03
2014838784,27406900,24178065408,73796304,-6.325012e-02,-2.810350e-02,1.322219e-06,2.054915e-06,3.188098e-04,2.889001e-03
2015100928,27407720,24181211136,73805920,-6.326021e-02,-2.809039e-02,1.299138e-06,2.017502e-06,3.132445e-04,2.836403e-03
2015363072,27407731,24184356864,73815577,-6.326202e-02,-2.808350e-02,1.295014e-06,1.997982e-06,3.122502e-04,2.808960e-03
2015625216,27408400,24187502592,73825088,-6.324477e-02,-2.806834e-02,1.334568e-06,1.955365e-06,3.217873e-04,2.749044e-03
2015887360,27408608,24190648320,73834781,-6.324333e-02,-2.806467e-02,1.337892e-06,1.945111e-06,3.225888e-04,2.734629e-03
2016149504,27408797,24193794048,73844209,-6.322353e-02,-2.805188e-02,1.384097e-06,1.909581e-06,3.337296e-04,2.684677e-03
2016411648,27408822,24196939776,73853966,-6.321626e-02,-2.804190e-02,1.401242e-06,1.882114e-06,3.378637e-04,2.646061e-03
2016673792,27409755,24200085504,73863754,-6.321582e-02,-2.804420e-02,1.402283e-06,1.888415e-06,3.381146e-04,2.654921e-03
2016935936,27409774,24203231232,73873502,-6.320533e-02,-2.805146e-02,1.427238e-06,1.908444e-06,3.441318e-04,2.683078e-03
2017198080,27409960,24206376960,73883022,-6.318803e-02,-2.805146e-02,1.468874e-06,1.908423e-06,3.541708e-04,2.683049e-03
2017460224,27410102,24209522688,73892662,-6.318963e-02,-2.804981e-02,1.464993e-06,1.903876e-06,3.532352e-04,2.676657e-03
2017722368,27410589,24212668416,73902320,-6.320769e-02,-2.802279e-02,1.421601e-06,1.830048e-06,3.427724e-04,2.572862e-03
2017984512,27410757,24215814144,73911965,-6.321272e-02,-2.803036e-02,1.409633e-06,1.850586e-06,3.398869e-04,2.601736e-03
2018246656,27411342,24218959872,73921398,-6.324422e-02,-2.804386e-02,1.335842e-06,1.887494e-06,3.220944e-04,2.653625e-03
2018508800,27411922,24222105600,73931012,-6.325239e-02,-2.803965e-02,1.317015e-06,1.875940e-06,3.175551e-04,2.637381e-03
2018770944,27411930,24225251328,73940539,-6.323396e-02,-2.806124e-02,1.359663e-06,1.935542e-06,3.278380e-04,2.721176e-03
2019033088,27411943,24228397056,73950256,-6.324738e-02,-2.806166e-02,1.328532e-06,1.936729e-06,3.203320e-04,2.722844e-03
2019295232,27412296,24231542784,73959860,-6.321914e-02,-2.805749e-02,1.394442e-06,1.925134e-06,3.362239e-04,2.706543e-03
2019557376,27412483,24234688512,73969309,-6.321521e-02,-2.804305e-02,1.403730e-06,1.885268e-06,3.384636e-04,2.650496e-03
2019819520,27412562,24237834240,73978780,-6.318510e-02,-2.803839e-02,1.475998e-06,1.872487e-06,3.558885e-04,2.632527e-03
2020081664,27412643,24240979968,73988539,-6.318793e-02,-2.803473e-02,1.469127e-06,1.862479e-06,3.542318e-04,2.618456e-03
2020343808,27412786,24244125696,73998151,-6.317976e-02,-2.803493e-02,1.488989e-06,1.863028e-06,3.590208e-04,2.619228e-03
2020605952,27413306,24247271424,74007920,-6.318853e-02,-2.802240e-02,1.467664e-06,1.828980e-06,3.538791e-04,2.571360e-03
2020868096,27413636,24250417152,74017803,-6.320011e-02,-2.802523e-02,1.439745e-06,1.836661e-06,3.471473e-04,2.582159e-03
2021130240,27414191,24253562880,74027532,-6.319433e-02,-2.804137e-02,1.453635e-06,1.880647e-06,3.504965e-04,2.643999e-03
2021392384,27414254,24256708608,74037135,-6.317838e-02,-2.803534e-02,1.492354e-06,1.864162e-06,3.598323e-04,2.620822e-03
2021654528,27414276,24259854336,74046959,-6.317493e-02,-2.804240e-02,1.500813e-06,1.883489e-06,3.618718e-04,2.647994e-03
2021916672,27414525,24263000064,74056265,-6.318646e-02,-2.805221e-02,1.472687e-06,1.910498e-06,3.550902e-04,2.685966e-03
2022178816,27415004,24266145792,74065854,-6.318712e-02,-2.804861e-02,1.471078e-06,1.900578e-06,3.547022e-04,2.672019e-03
2022440960,27416066,24269291520,74075486,-6.318436e-02,-2.804331e-02,1.477791e-06,1.885984e-06,3.563208e-04,2.651503e-03
2022703104,27416096,24272437248,74084924,-6.318305e-02,-2.802567e-02,1.480963e-06,1.837837e-06,3.570856e-04,2.583813e-03
2022965248,27416273,24275582976,74094659,-6.317748e-02,-2.801918e-02,1.494558e-06,1.820284e-06,3.603636e-04,2.559135e-03
2023227392,27416313,24278728704,74104353,-6.319439e-02,-2.803822e-02,1.453509e-06,1.872028e-06,3.504661e-04,2.631882e-03
2023489536,27416595,24281874432,74114113,-6.319878e-02,-2.803718e-02,1.442929e-06,1.869180e-06,3.479151e-04,2.627878e-03
2023751680,27417197,24285020160,74123942,-6.318939e-02,-2.802211e-02,1.465589e-06,1.828204e-06,3.533787e-04,2.570269e-03
2024013824,27417245,24288165888,74133616,-6.319410e-02,-2.803224e-02,1.454210e-06,1.855708e-06,3.506351e-04,2.608937e-03
2024275968,27418076,24291311616,74143399,-6.320125e-02,-2.803467e-02,1.437010e-06,1.862326e-06,3.464880e-04,2.618241e-03
2024538112,27418501,24294457344,74153013,-6.319653e-02,-2.805889e-02,1.448340e-06,1.929017e-06,3.492197e-04,2.712002e-03
2024800256,27419025,24297603072,74162514,-6.320080e-02,-2.806015e-02,1.438082e-06,1.932522e-06,3.467464e-04,2.716929e-03
2025062400,27419246,24300748800,74172028,-6.321880e-02,-2.804456e-02,1.395234e-06,1.889419e-06,3.364149e-04,2.656331e-03
2025324544,27419581,24303894528,74181570,-6.321400e-02,-2.805734e-02,1.406592e-06,1.924725e-06,3.391535e-04,2.705969e-03
2025586688,27421442,24307040256,74191126,-6.323342e-02,-2.803538e-02,1.360914e-06,1.864274e-06,3.281398e-04,2.620980e-03
2025848832,27421879,24310185984,74200661,-6.323331e-02,-2.804963e-02,1.361175e-06,1.903388e-06,3.282026e-04,2.675971e-03
2026110976,27422623,24313331712,74210204,-6.322703e-02,-2.804779e-02,1.375870e-06,1.898293e-06,3.317459e-04,2.668808e-03
2026373120,27424166,24316477440,74219820,-6.321602e-02,-2.805806e-02,1.401807e-06,1.926710e-06,3.379998e-04,2.708759e-03
2026635264,27424436,24319623168,74229510,-6.323834e-02,-2.805150e-02,1.349465e-06,1.908531e-06,3.253792e-04,2.683201e-03
2026897408,27425393,24322768896,74239113,-6.323282e-02,-2.806188e-02,1.362322e-06,1.937325e-06,3.284793e-04,2.723683e-03
2027159552,27431658,24325914624,74248841,-6.322661e-02,-2.806013e-02,1.376849e-06,1.932465e-06,3.319819e-04,2.716849e-03
2027421696,27432186,24329060352,74258561,-6.321613e-02,-2.806482e-02,1.401542e-06,1.945532e-06,3.379359e-04,2.735220e-03
2027683840,27433815,24332206080,74268068,-6.320261e-02,-2.806775e-02,1.433743e-06,1.953698e-06,3.457002e-04,2.746701e-03
2027945984,27452408,24335351808,74277673,-6.319177e-02,-2.807153e-02,1.459822e-06,1.964283e-06,3.519882e-04,2.761582e-03
2028208128,27452795,24338497536,74287276,-6.318735e-02,-2.807349e-02,1.470518e-06,1.969779e-06,3.545671e-04,2.769310e-03
2028470272,27462478,24341643264,74297026,-6.318521e-02,-2.808732e-02,1.475708e-06,2.008791e-06,3.558187e-04,2.824157e-03
2028732416,27465555,24344788992,74306592,-6.318291e-02,-2.807177e-02,1.481307e-06,1.964961e-06,3.571687e-04,2.762537e-03
2028994560,27498947,24347934720,74316383,-6.317747e-02,-2.804254e-02,1.494594e-06,1.883857e-06,3.603724e-04,2.648512e-03
2029256704,27524253,24351080448,74326025,-6.320137e-02,-2.803556e-02,1.436725e-06,1.864742e-06,3.464191e-04,2.621637e-03
2029518848,27525785,24354226176,74335377,-6.321130e-02,-2.805392e-02,1.413015e-06,1.915227e-06,3.407022e-04,2.692615e-03
2029780992,27534159,24357371904,74344984,-6.322037e-02,-2.807835e-02,1.391540e-06,1.983459e-06,3.355243e-04,2.788543e-03
2030043136,27668301,24360517632,74354369,-6.322462e-02,-2.807148e-02,1.381521e-06,1.964147e-06,3.331085e-04,2.761391e-03
2030305280,27740264,24363663360,74364118,-6.321344e-02,-2.806519e-02,1.407935e-06,1.946561e-06,3.394775e-04,2.736667e-03
2030567424,27741706,24366809088,74373648,-6.323120e-02,-2.804811e-02,1.366099e-06,1.899186e-06,3.293900e-04,2.670063e-03
2030829568,27741878,24369954816,74383372,-6.322625e-02,-2.804432e-02,1.377688e-06,1.888758e-06,3.321843e-04,2.655403e-03
2031091712,27743127,24373100544,74393039,-6.320377e-02,-2.806087e-02,1.430979e-06,1.934516e-06,3.450337e-04,2.719733e-03
2031353856,27745275,24376246272,74402728,-6.322401e-02,-2.807571e-02,1.382958e-06,1.976022e-06,3.334549e-04,2.778086e-03
2031616000,27745755,24379392000,74412049,-6.321575e-02,-2.807918e-02,1.402442e-06,1.985784e-06,3.381529e-04,2.791811e-03
2031878144,27745767,24382537728,74421598,-6.319974e-02,-2.807312e-02,1.440639e-06,1.968744e-06,3.473628e-04,2.767854e-03
2032140288,27745860,24385683456,74430950,-6.320014e-02,-2.807046e-02,1.439673e-06,1.961276e-06,3.471300e-04,2.757356e-03
2032402432,27747104,24388829184,74440593,-6.319550e-02,-2.807366e-02,1.450816e-06,1.970255e-06,3.498167e-04,2.769978e-03
2032664576,27747384,24391974912,74450174,-6.321225e-02,-2.807422e-02,1.410748e-06,1.971829e-06,3.401557e-04,2.772192e-03
2032926720,27748628,24395120640,74459889,-6.319706e-02,-2.805425e-02,1.447067e-06,1.916150e-06,3.489128e-04,2.693913e-03
2033188864,27749012,24398266368,74469414,-6.320235e-02,-2.806388e-02,1.434368e-06,1.942903e-06,3.458508e-04,2.731525e-03
2033451008,27749663,24401412096,74479235,-6.319940e-02,-2.805736e-02,1.441444e-06,1.924772e-06,3.475570e-04,2.706034e-03
2033713152,27749728,24404557824,74489060,-6.319980e-02,-2.805395e-02,1.440496e-06,1.915325e-06,3.473284e-04,2.692753e-03
2033975296,27750075,24407703552,74498655,-6.320304e-02,-2.805925e-02,1.432727e-06,1.930026e-06,3.454550e-04,2.713421e-03
2034237440,27750120,24410849280,74508189,-6.319164e-02,-2.805254e-02,1.460128e-06,1.911430e-06,3.520620e-04,2.687276e-03
2034499584,27750328,24413995008,74517546,-6.320203e-02,-2.804722e-02,1.435135e-06,1.896723e-06,3.460359e-04,2.666600e-03
2034761728,27750485,24417140736,74527232,-6.323070e-02,-2.804376e-02,1.367266e-06,1.887218e-06,3.296714e-04,2.653237e-03
2035023872,27750862,24420286464,74536782,-6.323213e-02,-2.804493e-02,1.363923e-06,1.890428e-06,3.288653e-04,2.657750e-03
2035286016,27750933,24423432192,74546399,-6.323820e-02,-2.803511e-02,1.349794e-06,1.863516e-06,3.254585e-04,2.619914e-03
2035548160,27750994,24426577920,74555963,-6.323790e-02,-2.804667e-02,1.350486e-06,1.895220e-06,3.256256e-04,2.664487e-03
2035810304,27751352,24429723648,74565624,-6.322555e-02,-2.804796e-02,1.379333e-06,1.898765e-06,3.325809e-04,2.669471e-03
2036072448,27751804,24432869376,74575337,-6.322310e-02,-2.804693e-02,1.385096e-06,1.895933e-06,3.339706e-04,2.665489e-03
2036334592,27752026,24436015104,74584716,-6.322329e-02,-2.805810e-02,1.384640e-06,1.926829e-06,3.338607e-04,2.708927e-03
2036596736,27752660,24439160832,74594447,-6.318960e-02,-2.804377e-02,1.465066e-06,1.887233e-06,3.532526e-04,2.653258e-03
2036858880,27753002,24442306560,74603921,-6.320197e-02,-2.804582e-02,1.435278e-06,1.892872e-06,3.460703e-04,2.661186e-03
2037121024,27753078,24445452288,74613345,-6.320702e-02,-2.803332e-02,1.423200e-06,1.858652e-06,3.431581e-04,2.613077e-03
2037383168,27754894,24448598016,74622728,-6.319748e-02,-2.802630e-02,1.446063e-06,1.839555e-06,3.486707e-04,2.586227e-03
2037645312,27755056,24451743744,74632528,-6.319367e-02,-2.801411e-02,1.455234e-06,1.806634e-06,3.508820e-04,2.539944e-03
2037907456,27756079,24454889472,74642052,-6.319710e-02,-2.801357e-02,1.446977e-06,1.805177e-06,3.488911e-04,2.537896e-03
2038169600,27756604,24458035200,74651611,-6.320126e-02,-2.802489e-02,1.436975e-06,1.835732e-06,3.464794e-04,2.580853e-03
2038431744,27757640,24461180928,74661090,-6.320819e-02,-2.802192e-02,1.420411e-06,1.827685e-06,3.424855e-04,2.569540e-03
2038693888,27757661,24464326656,74670607,-6.319385e-02,-2.803301e-02,1.454803e-06,1.857804e-06,3.507781e-04,2.611884e-03
2038956032,27757700,24467472384,74680209,-6.319231e-02,-2.805515e-02,1.458526e-06,1.918632e-06,3.516757e-04,2.697401e-03
2039218176,27757740,24470618112,74689596,-6.318671e-02,-2.803754e-02,1.472072e-06,1.870168e-06,3.549420e-04,2.629267e-03
2039480320,27758048,24473763840,74699373,-6.319623e-02,-2.802911e-02,1.449075e-06,1.847187e-06,3.493970e-04,2.596957e-03
2039742464,27758305,24476909568,74708767,-6.321549e-02,-2.803121e-02,1.403077e-06,1.852892e-06,3.383061e-04,2.604979e-03
2040004608,27758444,24480055296,74718697,-6.320679e-02,-2.802781e-02,1.423751e-06,1.843655e-06,3.432910e-04,2.591991e-03
2040266752,27758647,24483201024,74728267,-6.319920e-02,-2.801711e-02,1.441927e-06,1.814699e-06,3.476735e-04,2.551283e-03
2040528896,27758745,24486346752,74737925,-6.317506e-02,-2.799499e-02,1.500484e-06,1.755596e-06,3.617926e-04,2.468189e-03
2040791040,27759567,24489492480,74747442,-6.315502e-02,-2.800614e-02,1.549987e-06,1.785277e-06,3.737284e-04,2.509918e-03
2041053184,27759803,24492638208,74756954,-6.315026e-02,-2.800934e-02,1.561864e-06,1.793833e-06,3.765923e-04,2.521947e-03
2041315328,27761627,24495783936,74766606,-6.315440e-02,-2.798888e-02,1.551527e-06,1.739448e-06,3.740999e-04,2.445487e-03
2041577472,27766160,24498929664,74776100,-6.314316e-02,-2.798454e-02,1.579662e-06,1.728004e-06,3.808836e-04,2.429398e-03
2041839616,27767340,24502075392,74785610,-6.315060e-02,-2.797595e-02,1.561007e-06,1.705517e-06,3.763858e-04,2.397784e-03
2042101760,27768340,24505221120,74795343,-6.316232e-02,-2.797151e-02,1.531859e-06,1.693934e-06,3.693576e-04,2.381499e-03
2042363904,27769066,24508366848,74805082,-6.316973e-02,-2.796283e-02,1.513582e-06,1.671405e-06,3.649507e-04,2.349827e-03
2042626048,27769580,24511512576,74814703,-6.317395e-02,-2.796316e-02,1.503205e-06,1.672263e-06,3.624486e-04,2.351032e-03
2042888192,27769612,24514658304,74824311,-6.317075e-02,-2.795528e-02,1.511071e-06,1.651952e-06,3.643453e-04,2.322477e-03
2043150336,27769736,24517804032,74834015,-6.316953e-02,-2.796851e-02,1.514058e-06,1.686132e-06,3.650656e-04,2.370530e-03
2043412480,27771539,24520949760,74843617,-6.317545e-02,-2.796577e-02,1.499517e-06,1.679024e-06,3.615594e-04,2.360537e-03
2043674624,27775683,24524095488,74853319,-6.316555e-02,-2.796109e-02,1.523884e-06,1.666910e-06,3.674347e-04,2.343507e-03
2043936768,27779307,24527241216,74862910,-6.316695e-02,-2.795321e-02,1.520409e-06,1.646618e-06,3.665968e-04,2.314978e-03
2044198912,27779751,24530386944,74872499,-6.315649e-02,-2.794950e-02,1.546334e-06,1.637128e-06,3.728477e-04,2.301636e-03
2044461056,27788183,24533532672,74882242,-6.316347e-02,-2.793871e-02,1.529002e-06,1.609627e-06,3.686687e-04,2.262973e-03
2044723200,27800930,24536678400,74891673,-6.316637e-02,-2.793581e-02,1.521861e-06,1.602286e-06,3.669469e-04,2.252652e-03
2044985344,27806358,24539824128,74901021,-6.315941e-02,-2.793326e-02,1.539079e-06,1.595819e-06,3.710985e-04,2.243559e-03
2045247488,27810917,24542969856,74910646,-6.317906e-02,-2.796081e-02,1.490698e-06,1.666189e-06,3.594330e-04,2.342493e-03
2045509632,27826937,24546115584,74920254,-6.318816e-02,-2.794118e-02,1.468567e-06,1.615905e-06,3.540967e-04,2.271799e-03
2045771776,27829799,24549261312,74929975,-6.318388e-02,-2.791480e-02,1.478950e-06,1.549532e-06,3.566004e-04,2.178485e-03
2046033920,27845975,24552407040,74939666,-6.317876e-02,-2.793066e-02,1.491444e-06,1.589270e-06,3.596129e-04,2.234352e-03
2046296064,27851610,24555552768,74949218,-6.318065e-02,-2.792972e-02,1.486826e-06,1.586885e-06,3.584993e-04,2.230999e-03
2046558208,27852421,24558698496,74958805,-6.319723e-02,-2.793231e-02,1.446655e-06,1.593419e-06,3.488133e-04,2.240186e-03
2046820352,27853346,24561844224,74968505,-6.319278e-02,-2.793834e-02,1.457374e-06,1.608687e-06,3.513980e-04,2.261651e-03
2047082496,27853443,24564989952,74978088,-6.316858e-02,-2.794519e-02,1.516406e-06,1.626122e-06,3.656317e-04,2.286162e-03
2047344640,27854343,24568135680,74987680,-6.315261e-02,-2.794050e-02,1.555985e-06,1.614168e-06,3.751747e-04,2.269356e-03
2047606784,27854654,24571281408,74997581,-6.315177e-02,-2.794146e-02,1.558086e-06,1.616621e-06,3.756813e-04,2.272805e-03
2047868928,27857048,24574427136,75007134,-6.315139e-02,-2.792460e-02,1.559034e-06,1.574029e-06,3.759101e-04,2.212926e-03
2048131072,27857667,24577572864,75016853,-6.314126e-02,-2.791488e-02,1.584441e-06,1.549736e-06,3.820360e-04,2.178772e-03
2048393216,27857989,24580718592,75026539,-6.315503e-02,-2.790722e-02,1.549950e-06,1.530702e-06,3.737195e-04,2.152012e-03
2048655360,27858738,24583864320,75035993,-6.314184e-02,-2.792091e-02,1.582978e-06,1.564775e-06,3.816833e-04,2.199915e-03
2048917504,27859226,24587010048,75045444,-6.315864e-02,-2.791302e-02,1.540984e-06,1.545107e-06,3.715577e-04,2.172263e-03
2049179648,27859498,24590155776,75055079,-6.316828e-02,-2.790691e-02,1.517140e-06,1.529942e-06,3.658086e-04,2.150943e-03
2049441792,27859608,24593301504,75064812,-6.318469e-02,-2.790763e-02,1.476994e-06,1.531739e-06,3.561286e-04,2.153470e-03
2049703936,27859722,24596447232,75074258,-6.318203e-02,-2.791700e-02,1.483448e-06,1.555009e-06,3.576848e-04,2.186185e-03
2049966080,27860847,24599592960,75083760,-6.318025e-02,-2.791955e-02,1.487807e-06,1.561384e-06,3.587359e-04,2.195148e-03
2050228224,27860918,24602738688,75093321,-6.317575e-02,-2.794124e-02,1.498787e-06,1.616052e-06,3.613834e-04,2.272005e-03
2050490368,27860967,24605884416,75102890,-6.316810e-02,-2.793344e-02,1.517581e-06,1.596280e-06,3.659149e-04,2.244208e-03
2050752512,27861065,24609030144,75112649,-6.316684e-02,-2.793176e-02,1.520685e-06,1.592051e-06,3.666633e-04,2.238262e-03
2051014656,27861480,24612175872,75122217,-6.316122e-02,-2.793587e-02,1.534590e-06,1.602437e-06,3.700160e-04,2.252864e-03
2051276800,27861594,24615321600,75131914,-6.318773e-02,-2.796331e-02,1.469614e-06,1.672663e-06,3.543494e-04,2.351594e-03
2051538944,27862329,24618467328,75141507,-6.319962e-02,-2.796634e-02,1.440907e-06,1.680506e-06,3.474275e-04,2.362621e-03
2051801088,27862866,24621613056,75151056,-6.319904e-02,-2.797252e-02,1.442321e-06,1.696548e-06,3.477683e-04,2.385175e-03
2052063232,27863009,24624758784,75160565,-6.320245e-02,-2.796969e-02,1.434136e-06,1.689205e-06,3.457949e-04,2.374851e-03
2052325376,27863044,24627904512,75170187,-6.320798e-02,-2.798558e-02,1.420926e-06,1.730753e-06,3.426097e-04,2.433263e-03
2052587520,27863181,24631050240,75179805,-6.318974e-02,-2.799850e-02,1.464741e-06,1.764907e-06,3.531743e-04,2.481281e-03
2052849664,27863229,24634195968,75189181,-6.317370e-02,-2.800989e-02,1.503826e-06,1.795315e-06,3.625984e-04,2.524031e-03
2053111808,27863314,24637341696,75198820,-6.317280e-02,-2.801567e-02,1.506020e-06,1.810832e-06,3.631274e-04,2.545847e-03
2053373952,27863645,24640487424,75208378,-6.317639e-02,-2.801919e-02,1.497219e-06,1.820319e-06,3.610052e-04,2.559184e-03
2053636096,27863755,24643633152,75217950,-6.319513e-02,-2.801741e-02,1.451713e-06,1.815528e-06,3.500331e-04,2.552448e-03
2053898240,27863969,24646778880,75227684,-6.319956e-02,-2.801642e-02,1.441068e-06,1.812848e-06,3.474664e-04,2.548681e-03
2054160384,27864379,24649924608,75237334,-6.318116e-02,-2.802621e-02,1.485572e-06,1.839302e-06,3.581970e-04,2.585872e-03
2054422528,27864707,24653070336,75246967,-6.318118e-02,-2.804105e-02,1.485536e-06,1.879779e-06,3.581883e-04,2.642778e-03
2054684672,27865194,24656216064,75256506,-6.316809e-02,-2.806219e-02,1.517599e-06,1.938197e-06,3.659193e-04,2.724908e-03
2054946816,27865331,24659361792,75266171,-6.316749e-02,-2.806904e-02,1.519087e-06,1.957308e-06,3.662779e-04,2.751777e-03
2055208960,27865363,24662507520,75276054,-6.315742e-02,-2.807244e-02,1.544019e-06,1.966847e-06,3.722894e-04,2.765188e-03
2055471104,27865660,24665653248,75285728,-6.314015e-02,-2.806979e-02,1.587237e-06,1.959409e-06,3.827102e-04,2.754731e-03
2055733248,27865989,24668798976,75295343,-6.313504e-02,-2.807983e-02,1.600123e-06,1.987622e-06,3.858171e-04,2.794395e-03
2055995392,27866977,24671944704,75305005,-6.313059e-02,-2.808151e-02,1.611415e-06,1.992357e-06,3.885398e-04,2.801052e-03
2056257536,27866979,24675090432,75314407,-6.313216e-02,-2.807153e-02,1.607426e-06,1.964293e-06,3.875780e-04,2.761597e-03
2056519680,27867142,24678236160,75323994,-6.315465e-02,-2.806747e-02,1.550914e-06,1.952933e-06,3.739521e-04,2.745625e-03
2056781824,27867247,24681381888,75333684,-6.313840e-02,-2.807974e-02,1.591633e-06,1.987354e-06,3.837701e-04,2.794018e-03
2057043968,27867644,24684527616,75343272,-6.312721e-02,-2.807819e-02,1.619995e-06,1.983003e-06,3.906086e-04,2.787901e-03
2057306112,27868105,24687673344,75352973,-6.310807e-02,-2.808317e-02,1.669085e-06,1.997061e-06,4.024451e-04,2.807665e-03
2057568256,27868255,24690819072,75362476,-6.311074e-02,-2.810152e-02,1.662200e-06,2.049263e-06,4.007851e-04,2.881056e-03
2057830400,27869526,24693964800,75371870,-6.312143e-02,-2.810162e-02,1.634746e-06,2.049551e-06,3.941653e-04,2.881461e-03
2058092544,27869644,24697110528,75381443,-6.310849e-02,-2.808360e-02,1.668007e-06,1.998256e-06,4.021852e-04,2.809345e-03
2058354688,27870082,24700256256,75390947,-6.309672e-02,-2.809366e-02,1.698533e-06,2.026799e-06,4.095456e-04,2.849474e-03
2058616832,27870413,24703401984,75400463,-6.310034e-02,-2.807908e-02,1.689128e-06,1.985517e-06,4.072777e-04,2.791435e-03
2058878976,27870548,24706547712,75410167,-6.310678e-02,-2.808109e-02,1.672417e-06,1.991164e-06,4.032485e-04,2.799374e-03
2059141120,27872486,24709693440,75419644,-6.312355e-02,-2.806701e-02,1.629320e-06,1.951626e-06,3.928572e-04,2.743789e-03
2059403264,27872805,24712839168,75429209,-6.313278e-02,-2.804535e-02,1.605858e-06,1.891601e-06,3.872000e-04,2.659399e-03
2059665408,27873861,24715984896,75438880,-6.313895e-02,-2.802853e-02,1.590261e-06,1.845603e-06,3.834393e-04,2.594730e-03
2059927552,27875196,24719130624,75448507,-6.314406e-02,-2.803973e-02,1.577396e-06,1.876154e-06,3.803374e-04,2.637682e-03
2060189696,27875619,24722276352,75458218,-6.312105e-02,-2.803750e-02,1.635718e-06,1.870046e-06,3.943997e-04,2.629095e-03
2060451840,27876817,24725422080,75467800,-6.311002e-02,-2.803601e-02,1.664064e-06,1.865978e-06,4.012345e-04,2.623376e-03
2060713984,27883152,24728567808,75477446,-6.312072e-02,-2.802363e-02,1.636575e-06,1.832316e-06,3.946065e-04,2.576051e-03
2060976128,27883444,24731713536,75487104,-6.312053e-02,-2.802535e-02,1.637052e-06,1.836984e-06,3.947214e-04,2.582613e-03
2061238272,27884737,24734859264,75496572,-6.312587e-02,-2.802123e-02,1.623410e-06,1.825817e-06,3.914322e-04,2.566913e-03
2061500416,27903471,24738004992,75506100,-6.312516e-02,-2.799819e-02,1.625234e-06,1.764086e-06,3.918718e-04,2.480126e-03
2061762560,27904731,24741150720,75515521,-6.310081e-02,-2.797908e-02,1.687888e-06,1.713686e-06,4.069789e-04,2.409268e-03
2062024704,27917445,24744296448,75525186,-6.309889e-02,-2.797773e-02,1.692906e-06,1.710171e-06,4.081888e-04,2.404328e-03
2062286848,27917880,24747442176,75534724,-6.310605e-02,-2.797996e-02,1.674325e-06,1.715998e-06,4.037086e-04,2.412519e-03
2062548992,27949859,24750587904,75544394,-6.311629e-02,-2.796030e-02,1.647918e-06,1.664876e-06,3.973415e-04,2.340647e-03
2062811136,27976911,24753733632,75554007,-6.312035e-02,-2.796134e-02,1.637510e-06,1.667569e-06,3.948318e-04,2.344433e-03
2063073280,27983823,24756879360,75563775,-6.313261e-02,-2.794698e-02,1.606292e-06,1.630685e-06,3.873048e-04,2.292578e-03
2063335424,27994023,24760025088,75573241,-6.314155e-02,-2.794283e-02,1.583691e-06,1.620094e-06,3.818551e-04,2.277688e-03
2063597568,28119488,24763170816,75582990,-6.313679e-02,-2.792709e-02,1.595715e-06,1.580270e-06,3.847544e-04,2.221700e-03
2063859712,28195574,24766316544,75592721,-6.314616e-02,-2.790984e-02,1.572123e-06,1.537194e-06,3.790659e-04,2.161138e-03
2064121856,28196966,24769462272,75602473,-6.314709e-02,-2.792271e-02,1.569788e-06,1.569280e-06,3.785030e-04,2.206248e-03
2064384000,28197304,24772608000,75611839,-6.312963e-02,-2.792059e-02,1.613856e-06,1.563964e-06,3.891284e-04,2.198775e-03
2064646144,28198527,24775753728,75621591,-6.313213e-02,-2.792505e-02,1.607501e-06,1.575156e-06,3.875963e-04,2.214510e-03
2064908288,28200696,24778899456,75631111,-6.316493e-02,-2.793040e-02,1.525393e-06,1.588598e-06,3.677984e-04,2.233408e-03
2065170432,28201143,24782045184,75640940,-6.314117e-02,-2.792939e-02,1.584647e-06,1.586055e-06,3.820857e-04,2.229832e-03
2065432576,28201162,24785190912,75650724,-6.313572e-02,-2.790437e-02,1.598408e-06,1.523672e-06,3.854037e-04,2.142129e-03
2065694720,28201171,24788336640,75660533,-6.312079e-02,-2.790126e-02,1.636385e-06,1.516012e-06,3.945605e-04,2.131359e-03
2065956864,28202671,24791482368,75670262,-6.311929e-02,-2.790602e-02,1.640218e-06,1.527749e-06,3.954849e-04,2.147860e-03
2066219008,28203007,24794628096,75679838,-6.309099e-02,-2.791340e-02,1.713500e-06,1.546033e-06,4.131545e-04,2.173565e-03
2066481152,28204266,24797773824,75689192,-6.309066e-02,-2.792287e-02,1.714378e-06,1.569672e-06,4.133661e-04,2.206799e-03
2066743296,28204517,24800919552,75698793,-6.309033e-02,-2.794174e-02,1.715237e-06,1.617326e-06,4.135731e-04,2.273797e-03
2067005440,28205163,24804065280,75708401,-6.308848e-02,-2.792089e-02,1.720080e-06,1.564738e-06,4.147410e-04,2.199862e-03
2067267584,28205365,24807211008,75717917,-6.310407e-02,-2.790978e-02,1.679439e-06,1.537051e-06,4.049416e-04,2.160937e-03
2067529728,28205457,24810356736,75727574,-6.310786e-02,-2.790307e-02,1.669624e-06,1.520464e-06,4.025751e-04,2.137619e-03
2067791872,28205478,24813502464,75737172,-6.310414e-02,-2.792542e-02,1.679265e-06,1.576086e-06,4.048997e-04,2.215818e-03
2068054016,28205646,24816648192,75746613,-6.309313e-02,-2.791504e-02,1.707907e-06,1.550130e-06,4.118058e-04,2.179326e-03
2068316160,28206051,24819793920,75755937,-6.307075e-02,-2.789028e-02,1.766907e-06,1.489080e-06,4.260318e-04,2.093495e-03
2068578304,28206181,24822939648,75765887,-6.308497e-02,-2.788752e-02,1.729317e-06,1.482364e-06,4.169681e-04,2.084053e-03
2068840448,28206342,24826085376,75775650,-6.309152e-02,-2.786775e-02,1.712135e-06,1.434609e-06,4.128253e-04,2.016915e-03
2069102592,28206533,24829231104,75785192,-6.308439e-02,-2.787282e-02,1.730846e-06,1.446776e-06,4.173367e-04,2.034020e-03
2069364736,28206839,24832376832,75794806,-6.310078e-02,-2.787155e-02,1.687985e-06,1.443726e-06,4.070023e-04,2.029732e-03
2069626880,28207180,24835522560,75804321,-6.310528e-02,-2.788267e-02,1.676312e-06,1.470576e-06,4.041877e-04,2.067481e-03
2069889024,28207530,24838668288,75813941,-6.311017e-02,-2.786471e-02,1.663660e-06,1.427336e-06,4.011372e-04,2.006690e-03
2070151168,28208110,24841814016,75823573,-6.312231e-02,-2.785555e-02,1.632498e-06,1.405536e-06,3.936235e-04,1.976041e-03
2070413312,28208469,24844959744,75833234,-6.311923e-02,-2.784762e-02,1.640371e-06,1.386785e-06,3.955217e-04,1.949679e-03
2070675456,28208491,24848105472,75842701,-6.312007e-02,-2.783785e-02,1.638215e-06,1.363879e-06,3.950019e-04,1.917476e-03
2070937600,28210161,24851251200,75852277,-6.311110e-02,-2.782209e-02,1.661259e-06,1.327309e-06,4.005581e-04,1.866061e-03
2071199744,28210276,24854396928,75861773,-6.311990e-02,-2.783532e-02,1.638654e-06,1.357960e-06,3.951076e-04,1.909154e-03
2071461888,28212170,24857542656,75871385,-6.311800e-02,-2.782666e-02,1.643541e-06,1.337870e-06,3.962860e-04,1.880910e-03
2071724032,28212548,24860688384,75880918,-6.312159e-02,-2.781625e-02,1.634346e-06,1.313892e-06,3.940689e-04,1.847199e-03
2071986176,28213294,24863834112,75890539,-6.311752e-02,-2.780445e-02,1.644764e-06,1.286968e-06,3.965808e-04,1.809346e-03
2072248320,28213331,24866979840,75900026,-6.312080e-02,-2.780399e-02,1.636347e-06,1.285941e-06,3.945513e-04,1.807902e-03
2072510464,28213348,24870125568,75909603,-6.310031e-02,-2.780322e-02,1.689205e-06,1.284188e-06,4.072964e-04,1.805438e-03
2072772608,28213351,24873271296,75919102,-6.310581e-02,-2.782007e-02,1.674923e-06,1.322660e-06,4.038528e-04,1.859526e-03
2073034752,28213415,24876417024,75928531,-6.310773e-02,-2.780170e-02,1.669971e-06,1.280741e-06,4.026587e-04,1.800592e-03
2073296896,28213540,24879562752,75938176,-6.313664e-02,-2.780376e-02,1.596091e-06,1.285404e-06,3.848451e-04,1.807148e-03
2073559040,28214098,24882708480,75947774,-6.312957e-02,-2.780569e-02,1.613988e-06,1.289796e-06,3.891603e-04,1.813323e-03
2073821184,28214223,24885854208,75957448,-6.314581e-02,-2.782030e-02,1.573001e-06,1.323183e-06,3.792777e-04,1.860261e-03
2074083328,28214354,24888999936,75967039,-6.314060e-02,-2.782500e-02,1.586092e-06,1.334021e-06,3.824341e-04,1.875498e-03
2074345472,28215292,24892145664,75976512,-6.314380e-02,-2.783844e-02,1.578051e-06,1.365263e-06,3.804954e-04,1.919421e-03
2074607616,28215341,24895291392,75986089,-6.313974e-02,-2.784813e-02,1.588270e-06,1.387983e-06,3.829592e-04,1.951363e-03
2074869760,28217461,24898437120,75995699,-6.313187e-02,-2.783951e-02,1.608163e-06,1.367750e-06,3.877557e-04,1.922917e-03
2075131904,28221587,24901582848,76005267,-6.313542e-02,-2.785300e-02,1.599162e-06,1.399488e-06,3.855854e-04,1.967538e-03
2075394048,28222499,24904728576,76014918,-6.313965e-02,-2.786271e-02,1.588476e-06,1.422569e-06,3.830090e-04,1.999988e-03
2075656192,28223697,24907874304,76024427,-6.315029e-02,-2.786864e-02,1.561789e-06,1.436729e-06,3.765743e-04,2.019895e-03
2075918336,28224623,24911020032,76033800,-6.314781e-02,-2.788953e-02,1.567978e-06,1.487257e-06,3.780665e-04,2.090933e-03
2076180480,28224883,24914165760,76043199,-6.315682e-02,-2.786599e-02,1.545500e-06,1.430395e-06,3.726467e-04,2.010991e-03
2076442624,28224956,24917311488,76052731,-6.316360e-02,-2.787492e-02,1.528689e-06,1.451834e-06,3.685932e-04,2.041132e-03
2076704768,28225120,24920457216,76062314,-6.316712e-02,-2.787210e-02,1.519987e-06,1.445038e-06,3.664950e-04,2.031576e-03
2076966912,28227467,24923602944,76071798,-6.318564e-02,-2.785571e-02,1.474677e-06,1.405921e-06,3.555700e-04,1.976582e-03
2077229056,28231640,24926748672,76081417,-6.317281e-02,-2.788841e-02,1.506002e-06,1.484533e-06,3.631230e-04,2.087102e-03
2077491200,28235149,24929894400,76090984,-6.316338e-02,-2.789060e-02,1.529241e-06,1.489857e-06,3.687264e-04,2.094588e-03
2077753344,28235230,24933040128,76100769,-6.316150e-02,-2.787248e-02,1.533889e-06,1.445965e-06,3.698469e-04,2.032880e-03
2078015488,28244717,24936185856,76110374,-6.316561e-02,-2.787408e-02,1.523737e-06,1.449802e-06,3.673992e-04,2.038274e-03
2078277632,28256543,24939331584,76119763,-6.316999e-02,-2.787517e-02,1.512940e-06,1.452436e-06,3.647960e-04,2.041978e-03
2078539776,28262051,24942477312,76129328,-6.317873e-02,-2.787077e-02,1.491517e-06,1.441846e-06,3.596305e-04,2.027090e-03
2078801920,28266248,24945623040,76138896,-6.317712e-02,-2.784626e-02,1.495451e-06,1.383589e-06,3.605789e-04,1.945185e-03
2079064064,28282546,24948768768,76148548,-6.316195e-02,-2.784793e-02,1.532763e-06,1.387518e-06,3.695755e-04,1.950709e-03
2079326208,28285319,24951914496,76158240,-6.316514e-02,-2.783293e-02,1.524896e-06,1.352418e-06,3.676786e-04,1.901363e-03
2079588352,28296704,24955060224,76167972,-6.316289e-02,-2.782733e-02,1.530458e-06,1.339409e-06,3.690197e-04,1.883073e-03
2079850496,28302429,24958205952,76177857,-6.316554e-02,-2.782349e-02,1.523902e-06,1.330551e-06,3.674391e-04,1.870620e-03
2080112640,28303186,24961351680,76187334,-6.315134e-02,-2.783638e-02,1.559146e-06,1.360444e-06,3.759370e-04,1.912647e-03
2080374784,28304097,24964497408,76196935,-6.315442e-02,-2.783031e-02,1.551471e-06,1.346329e-06,3.740864e-04,1.892803e-03
2080636928,28304170,24967643136,76206719,-6.314860e-02,-2.783470e-02,1.566019e-06,1.356537e-06,3.775943e-04,1.907153e-03
2080899072,28305119,24970788864,76216372,-6.317047e-02,-2.782547e-02,1.511749e-06,1.335110e-06,3.645088e-04,1.877029e-03
2081161216,28305644,24973934592,76226177,-6.315728e-02,-2.782862e-02,1.544371e-06,1.342403e-06,3.723743e-04,1.887282e-03
2081423360,28307839,24977080320,76235621,-6.317677e-02,-2.781597e-02,1.496307e-06,1.313256e-06,3.607854e-04,1.846305e-03
2081685504,28308611,24980226048,76245230,-6.317851e-02,-2.781639e-02,1.492045e-06,1.314200e-06,3.597577e-04,1.847631e-03
2081947648,28309138,24983371776,76255037,-6.317995e-02,-2.781278e-02,1.488516e-06,1.305949e-06,3.589068e-04,1.836032e-03
2082209792,28309681,24986517504,76264526,-6.318472e-02,-2.781986e-02,1.476921e-06,1.322185e-06,3.561112e-04,1.858858e-03
2082471936,28310076,24989663232,76273939,-6.319082e-02,-2.782031e-02,1.462127e-06,1.323205e-06,3.525440e-04,1.860291e-03
2082734080,28310360,24992808960,76283334,-6.321304e-02,-2.783804e-02,1.408890e-06,1.364327e-06,3.397077e-04,1.918106e-03
2082996224,28310716,24995954688,76292944,-6.322883e-02,-2.783823e-02,1.371643e-06,1.364767e-06,3.307268e-04,1.918724e-03
2083258368,28310772,24999100416,76302418,-6.323985e-02,-2.784117e-02,1.345953e-06,1.371652e-06,3.245325e-04,1.928403e-03
2083520512,28311922,25002246144,76312064,-6.322844e-02,-2.784510e-02,1.372568e-06,1.380869e-06,3.309498e-04,1.941361e-03
2083782656,28311930,25005391872,76321653,-6.321966e-02,-2.786596e-02,1.393210e-06,1.430324e-06,3.359271e-04,2.010891e-03
2084044800,28312048,25008537600,76331291,-6.320586e-02,-2.786528e-02,1.425975e-06,1.428694e-06,3.438271e-04,2.008599e-03
2084306944,28312173,25011683328,76340929,-6.319544e-02,-2.786409e-02,1.450977e-06,1.425841e-06,3.498556e-04,2.004588e-03
2084569088,28312426,25014829056,76350423,-6.318613e-02,-2.786673e-02,1.473483e-06,1.432160e-06,3.552821e-04,2.013472e-03
2084831232,28312434,25017974784,76360202,-6.317718e-02,-2.787055e-02,1.495286e-06,1.441310e-06,3.605393e-04,2.026335e-03
2085093376,28313283,25021120512,76369682,-6.320136e-02,-2.786984e-02,1.436743e-06,1.439620e-06,3.464234e-04,2.023959e-03
2085355520,28313976,25024266240,76379161,-6.321744e-02,-2.787890e-02,1.398457e-06,1.461443e-06,3.371920e-04,2.054640e-03
2085617664,28314053,25027411968,76388707,-6.320975e-02,-2.786221e-02,1.416701e-06,1.421374e-06,3.415910e-04,1.998308e-03
2085879808,28314128,25030557696,76398330,-6.320906e-02,-2.786541e-02,1.418351e-06,1.429001e-06,3.419889e-04,2.009031e-03
2086141952,28314164,25033703424,76407668,-6.319639e-02,-2.785942e-02,1.448681e-06,1.414720e-06,3.493019e-04,1.988953e-03
2086404096,28314239,25036849152,76417140,-6.319650e-02,-2.783662e-02,1.448412e-06,1.361009e-06,3.492370e-04,1.913441e-03
2086666240,28314744,25039994880,76426652,-6.320342e-02,-2.782570e-02,1.431799e-06,1.335648e-06,3.452314e-04,1.877786e-03
2086928384,28314752,25043140608,76435990,-6.319271e-02,-2.779792e-02,1.457554e-06,1.272210e-06,3.514414e-04,1.788598e-03
2087190528,28315022,25046286336,76445516,-6.317821e-02,-2.779958e-02,1.492773e-06,1.275957e-06,3.599332e-04,1.793866e-03
2087452672,28315402,25049432064,76454850,-6.318134e-02,-2.779888e-02,1.485136e-06,1.274367e-06,3.580920e-04,1.791630e-03
2087714816,28315603,25052577792,76464563,-6.319411e-02,-2.777889e-02,1.454174e-06,1.229642e-06,3.506264e-04,1.728752e-03
2087976960,28316163,25055723520,76474173,-6.320208e-02,-2.777973e-02,1.435028e-06,1.231493e-06,3.460100e-04,1.731355e-03
2088239104,28316375,25058869248,76483925,-6.319687e-02,-2.778860e-02,1.447533e-06,1.251275e-06,3.490252e-04,1.759166e-03
2088501248,28316457,25062014976,76493623,-6.317530e-02,-2.778831e-02,1.499900e-06,1.250629e-06,3.616517e-04,1.758258e-03
2088763392,28316534,25065160704,76503171,-6.317503e-02,-2.778725e-02,1.500557e-06,1.248252e-06,3.618101e-04,1.754915e-03
2089025536,28317175,25068306432,76512629,-6.316832e-02,-2.777176e-02,1.517049e-06,1.213876e-06,3.657865e-04,1.706586e-03
2089287680,28317709,25071452160,76522068,-6.316470e-02,-2.776428e-02,1.525963e-06,1.197456e-06,3.679360e-04,1.683502e-03
2089549824,28317784,25074597888,76531520,-6.315239e-02,-2.777467e-02,1.556542e-06,1.220287e-06,3.753091e-04,1.715600e-03
2089811968,28317885,25077743616,76541008,-6.314220e-02,-2.778702e-02,1.582079e-06,1.247736e-06,3.814664e-04,1.754190e-03
2090074112,28318336,25080889344,76550614,-6.313749e-02,-2.781779e-02,1.593927e-06,1.317422e-06,3.843233e-04,1.852161e-03
2090336256,28318500,25084035072,76560200,-6.314923e-02,-2.782901e-02,1.564435e-06,1.343314e-06,3.772121e-04,1.888563e-03
2090598400,28318609,25087180800,76569662,-6.313615e-02,-2.782966e-02,1.597334e-06,1.344821e-06,3.851448e-04,1.890682e-03
2090860544,28318976,25090326528,76579382,-6.315102e-02,-2.782407e-02,1.559965e-06,1.331879e-06,3.761344e-04,1.872487e-03
2091122688,28319469,25093472256,76588943,-6.315144e-02,-2.780586e-02,1.558904e-06,1.290181e-06,3.758786e-04,1.813864e-03
2091384832,28320495,25096617984,76598452,-6.315057e-02,-2.781490e-02,1.561082e-06,1.310802e-06,3.764037e-04,1.842855e-03
2091646976,28321006,25099763712,76608003,-6.315374e-02,-2.781689e-02,1.553179e-06,1.315357e-06,3.744983e-04,1.849259e-03
2091909120,28321063,25102909440,76617528,-6.314775e-02,-2.780967e-02,1.568127e-06,1.298841e-06,3.781024e-04,1.826038e-03
2092171264,28321512,25106055168,76626920,-6.314704e-02,-2.780585e-02,1.569919e-06,1.290152e-06,3.785345e-04,1.813822e-03
2092433408,28321647,25109200896,76636352,-6.314074e-02,-2.782031e-02,1.585735e-06,1.323217e-06,3.823481e-04,1.860310e-03
2092695552,28323511,25112346624,76646065,-6.314969e-02,-2.783894e-02,1.563279e-06,1.366417e-06,3.769336e-04,1.921043e-03
2092957696,28323722,25115492352,76655649,-6.315232e-02,-2.783458e-02,1.556710e-06,1.356242e-06,3.753495e-04,1.906738e-03
2093219840,28325069,25118638080,76665518,-6.316769e-02,-2.784304e-02,1.518591e-06,1.376027e-06,3.661583e-04,1.934554e-03
2093481984,28326218,25121783808,76674850,-6.316727e-02,-2.783989e-02,1.519638e-06,1.368639e-06,3.664108e-04,1.924167e-03
2093744128,28326874,25124929536,76684516,-6.318963e-02,-2.786349e-02,1.464993e-06,1.424418e-06,3.532352e-04,2.002587e-03
2094006272,28327963,25128075264,76694071,-6.320753e-02,-2.785442e-02,1.421992e-06,1.402861e-06,3.428667e-04,1.972280e-03
2094268416,28334261,25131220992,76703758,-6.319965e-02,-2.786991e-02,1.440836e-06,1.439785e-06,3.474103e-04,2.024192e-03
2094530560,28334659,25134366720,76713419,-6.319606e-02,-2.787949e-02,1.449470e-06,1.462871e-06,3.494922e-04,2.056648e-03
2094792704,28335658,25137512448,76722885,-6.321874e-02,-2.789219e-02,1.395392e-06,1.493752e-06,3.364531e-04,2.100063e-03
2095054848,28354341,25140658176,76732474,-6.321926e-02,-2.790535e-02,1.394143e-06,1.526097e-06,3.361518e-04,2.145537e-03
2095316992,28356389,25143803904,76742228,-6.321283e-02,-2.790581e-02,1.409368e-06,1.527229e-06,3.398229e-04,2.147129e-03
2095579136,28369261,25146949632,76751847,-6.319728e-02,-2.789300e-02,1.446529e-06,1.495738e-06,3.487831e-04,2.102855e-03
2095841280,28373162,25150095360,76761511,-6.320248e-02,-2.788154e-02,1.434065e-06,1.467827e-06,3.457777e-04,2.063615e-03
2096103424,28400791,25153241088,76770898,-6.321911e-02,-2.789349e-02,1.394512e-06,1.496936e-06,3.362409e-04,2.104540e-03
2096365568,28427898,25156386816,76780442,-6.322608e-02,-2.789343e-02,1.378090e-06,1.496790e-06,3.322813e-04,2.104335e-03
2096627712,28443167,25159532544,76790284,-6.322052e-02,-2.789024e-02,1.391188e-06,1.488989e-06,3.354395e-04,2.093367e-03
2096889856,28453787,25162678272,76799937,-6.323411e-02,-2.788125e-02,1.359315e-06,1.467132e-06,3.277543e-04,2.062638e-03
2097152000,28570445,25165824000,76809496,-6.320509e-02,-2.787087e-02,1.427826e-06,1.442101e-06,3.442734e-04,2.027448e-03
2097414144,28650839,25168969728,76819048,-6.320696e-02,-2.786638e-02,1.423342e-06,1.431318e-06,3.431923e-04,2.012288e-03
2097676288,28652271,25172115456,76828909,-6.322567e-02,-2.787863e-02,1.379053e-06,1.460781e-06,3.325133e-04,2.053709e-03
2097938432,28652672,25175261184,76838475,-6.322531e-02,-2.788962e-02,1.379910e-06,1.487471e-06,3.327201e-04,2.091233e-03
2098200576,28654031,25178406912,76847982,-6.321302e-02,-2.790217e-02,1.408926e-06,1.518256e-06,3.397163e-04,2.134513e-03
2098462720,28656237,25181552640,76857532,-6.322641e-02,-2.789550e-02,1.377321e-06,1.501863e-06,3.320957e-04,2.111466e-03
2098724864,28656422,25184698368,76867190,-6.320606e-02,-2.788619e-02,1.425494e-06,1.479113e-06,3.437112e-04,2.079483e-03
2098987008,28656535,25187844096,76877024,-6.321000e-02,-2.787820e-02,1.416116e-06,1.459741e-06,3.414500e-04,2.052248e-03
2099249152,28656619,25190989824,76886611,-6.319478e-02,-2.788371e-02,1.452557e-06,1.473098e-06,3.502366e-04,2.071027e-03
2099511296,28658336,25194135552,76896127,-6.318563e-02,-2.789569e-02,1.474695e-06,1.502310e-06,3.555743e-04,2.112095e-03
2099773440,28658534,25197281280,76905491,-6.319379e-02,-2.788958e-02,1.454947e-06,1.487375e-06,3.508127e-04,2.091099e-03
2100035584,28660057,25200427008,76915129,-6.319882e-02,-2.790001e-02,1.442840e-06,1.512926e-06,3.478935e-04,2.127021e-03
2100297728,28660360,25203572736,76924702,-6.318720e-02,-2.790373e-02,1.470879e-06,1.522100e-06,3.546543e-04,2.139918e-03
2100559872,28660537,25206718464,76934472,-6.317656e-02,-2.790398e-02,1.496799e-06,1.522707e-06,3.609041e-04,2.140771e-03
2100822016,28660603,25209864192,76944084,-6.318539e-02,-2.791595e-02,1.475274e-06,1.552381e-06,3.557140e-04,2.182490e-03
2101084160,28660828,25213009920,76953701,-6.318738e-02,-2.791675e-02,1.470464e-06,1.554386e-06,3.545541e-04,2.185310e-03
2101346304,28660919,25216155648,76963393,-6.319694e-02,-2.792014e-02,1.447354e-06,1.562856e-06,3.489819e-04,2.197216e-03
2101608448,28661089,25219301376,76972968,-6.319650e-02,-2.794960e-02,1.448412e-06,1.637376e-06,3.492370e-04,2.301984e-03
2101870592,28661599,25222447104,76982646,-6.318109e-02,-2.794686e-02,1.485736e-06,1.630367e-06,3.582364e-04,2.292130e-03
2102132736,28661718,25225592832,76992136,-6.318327e-02,-2.797325e-02,1.480437e-06,1.698460e-06,3.569588e-04,2.387863e-03
2102394880,28661805,25228738560,77001661,-6.316742e-02,-2.795192e-02,1.519252e-06,1.643321e-06,3.663178e-04,2.310343e-03
2102657024,28662151,25231884288,77011277,-6.315765e-02,-2.792672e-02,1.543445e-06,1.579339e-06,3.721511e-04,2.220390e-03
2102919168,28662243,25235030016,77020867,-6.314840e-02,-2.792588e-02,1.566504e-06,1.577247e-06,3.777112e-04,2.217449e-03
2103181312,28662668,25238175744,77030497,-6.317153e-02,-2.793280e-02,1.509149e-06,1.594666e-06,3.638817e-04,2.241938e-03
2103443456,28663098,25241321472,77040015,-6.317488e-02,-2.793040e-02,1.500922e-06,1.588612e-06,3.618982e-04,2.233428e-03
2103705600,28663377,25244467200,77049544,-6.318046e-02,-2.792220e-02,1.487280e-06,1.568011e-06,3.586088e-04,2.204464e-03
2103967744,28663666,25247612928,77059064,-6.319313e-02,-2.792775e-02,1.456547e-06,1.581938e-06,3.511986e-04,2.224044e-03
2104229888,28664480,25250758656,77068688,-6.318978e-02,-2.793102e-02,1.464633e-06,1.590172e-06,3.531482e-04,2.235620e-03
2104492032,28665377,25253904384,77078374,-6.321792e-02,-2.792348e-02,1.397329e-06,1.571212e-06,3.369201e-04,2.208965e-03
2104754176,28665862,25257050112,77088005,-6.321529e-02,-2.793153e-02,1.403554e-06,1.591450e-06,3.384210e-04,2.237417e-03
2105016320,28668124,25260195840,77097474,-6.320758e-02,-2.792238e-02,1.421867e-06,1.568445e-06,3.428367e-04,2.205074e-03
2105278464,28668529,25263341568,77106899,-6.320470e-02,-2.792761e-02,1.428752e-06,1.581587e-06,3.444967e-04,2.223550e-03
2105540608,28668737,25266487296,77116540,-6.318632e-02,-2.791858e-02,1.473030e-06,1.558951e-06,3.551730e-04,2.191727e-03
2105802752,28668785,25269633024,77126020,-6.318280e-02,-2.791392e-02,1.481579e-06,1.547344e-06,3.572343e-04,2.175409e-03
2106064896,28668890,25272778752,77135946,-6.318714e-02,-2.791749e-02,1.471024e-06,1.556235e-06,3.546891e-04,2.187909e-03
2106327040,28668899,25275924480,77145205,-6.319255e-02,-2.792782e-02,1.457932e-06,1.582116e-06,3.515325e-04,2.224295e-03
2106589184,28668971,25279070208,77154828,-6.317507e-02,-2.793071e-02,1.500448e-06,1.589401e-06,3.617838e-04,2.234537e-03
2106851328,28669235,25282215936,77164511,-6.318036e-02,-2.791748e-02,1.487516e-06,1.556217e-06,3.586657e-04,2.187883e-03
2107113472,28669889,25285361664,77174309,-6.316915e-02,-2.791557e-02,1.514994e-06,1.551434e-06,3.652911e-04,2.181159e-03
2107375616,28670000,25288507392,77183887,-6.317321e-02,-2.791280e-02,1.505014e-06,1.544546e-06,3.628848e-04,2.171475e-03
2107637760,28670214,25291653120,77193450,-6.317479e-02,-2.791059e-02,1.501141e-06,1.539065e-06,3.619510e-04,2.163769e-03
2107899904,28670784,25294798848,77202836,-6.315850e-02,-2.791530e-02,1.541335e-06,1.550775e-06,3.716424e-04,2.180232e-03
2108162048,28671055,25297944576,77212386,-6.314771e-02,-2.789841e-02,1.568239e-06,1.509002e-06,3.781295e-04,2.121504e-03
2108424192,28673223,25301090304,77221874,-6.313742e-02,-2.788838e-02,1.594115e-06,1.484451e-06,3.843687e-04,2.086987e-03
2108686336,28676776,25304236032,77231138,-6.314089e-02,-2.787405e-02,1.585360e-06,1.449744e-06,3.822576e-04,2.038192e-03
2108948480,28678277,25307381760,77240692,-6.315312e-02,-2.787340e-02,1.554721e-06,1.448183e-06,3.748700e-04,2.035998e-03
2109210624,28679059,25310527488,77250313,-6.316658e-02,-2.785469e-02,1.521328e-06,1.403497e-06,3.668184e-04,1.973174e-03
2109472768,28680029,25313673216,77259876,-6.316898e-02,-2.786069e-02,1.515416e-06,1.417748e-06,3.653928e-04,1.993210e-03
2109734912,28680280,25316818944,77269606,-6.317210e-02,-2.786019e-02,1.507739e-06,1.416542e-06,3.635419e-04,1.991514e-03
2109997056,28680528,25319964672,77279133,-6.317643e-02,-2.784711e-02,1.497127e-06,1.385587e-06,3.609832e-04,1.947995e-03
2110259200,28680754,25323110400,77288599,-6.318900e-02,-2.785396e-02,1.466527e-06,1.401754e-06,3.536049e-04,1.970724e-03
2110521344,28683151,25326256128,77298084,-6.320252e-02,-2.782958e-02,1.433958e-06,1.344622e-06,3.457519e-04,1.890403e-03
2110783488,28687236,25329401856,77307923,-6.319555e-02,-2.785257e-02,1.450708e-06,1.398474e-06,3.497907e-04,1.966113e-03
2111045632,28690716,25332547584,77317321,-6.317809e-02,-2.784184e-02,1.493064e-06,1.373214e-06,3.600035e-04,1.930600e-03
2111307776,28691181,25335693312,77326973,-6.317475e-02,-2.781977e-02,1.501233e-06,1.321966e-06,3.619730e-04,1.858551e-03
2111569920,28700648,25338839040,77336640,-6.317230e-02,-2.781265e-02,1.507245e-06,1.305642e-06,3.634228e-04,1.835601e-03
2111832064,28712253,25341984768,77345944,-6.317356e-02,-2.781130e-02,1.504155e-06,1.302562e-06,3.626777e-04,1.831271e-03
2112094208,28717654,25345130496,77355726,-6.317789e-02,-2.780657e-02,1.493556e-06,1.291781e-06,3.601221e-04,1.816113e-03
2112356352,28721693,25348276224,77365153,-6.316426e-02,-2.781774e-02,1.527049e-06,1.317302e-06,3.681979e-04,1.851993e-03
2112618496,28738212,25351421952,77374913,-6.318367e-02,-2.782618e-02,1.479476e-06,1.336759e-06,3.567271e-04,1.879347e-03
2112880640,28741136,25354567680,77384288,-6.319734e-02,-2.781578e-02,1.446404e-06,1.312821e-06,3.487528e-04,1.845692e-03
2113142784,28747570,25357713408,77393952,-6.323414e-02,-2.782911e-02,1.359228e-06,1.343538e-06,3.277333e-04,1.888879e-03
2113404928,28753155,25360859136,77403619,-6.325088e-02,-2.781368e-02,1.320472e-06,1.308010e-06,3.183886e-04,1.838930e-03
2113667072,28754141,25364004864,77413069,-6.324031e-02,-2.779990e-02,1.344882e-06,1.276668e-06,3.242742e-04,1.794865e-03
2113929216,28754921,25367150592,77422524,-6.323019e-02,-2.780613e-02,1.368451e-06,1.290803e-06,3.299571e-04,1.814739e-03
2114191360,28755007,25370296320,77432193,-6.322699e-02,-2.780458e-02,1.375957e-06,1.287272e-06,3.317670e-04,1.809774e-03
2114453504,28755945,25373442048,77441759,-6.323324e-02,-2.779804e-02,1.361331e-06,1.272483e-06,3.282404e-04,1.788982e-03
2114715648,28756374,25376587776,77451316,-6.323827e-02,-2.779750e-02,1.349621e-06,1.271252e-06,3.254168e-04,1.787252e-03
2114977792,28758627,25379733504,77460987,-6.323829e-02,-2.777075e-02,1.349586e-06,1.211656e-06,3.254084e-04,1.703466e-03
2115239936,28759397,25382879232,77470488,-6.325188e-02,-2.776120e-02,1.318196e-06,1.190723e-06,3.178397e-04,1.674036e-03
2115502080,28760291,25386024960,77480076,-6.324614e-02,-2.776225e-02,1.331402e-06,1.193005e-06,3.210240e-04,1.677244e-03
2115764224,28760707,25389170688,77489427,-6.325347e-02,-2.775908e-02,1.314537e-06,1.186086e-06,3.169575e-04,1.667516e-03
2116026368,28760872,25392316416,77498980,-6.326165e-02,-2.775308e-02,1.295845e-06,1.173054e-06,3.124505e-04,1.649195e-03
2116288512,28761132,25395462144,77508757,-6.326337e-02,-2.776811e-02,1.291929e-06,1.205848e-06,3.115065e-04,1.695301e-03
2116550656,28761611,25398607872,77518522,-6.326669e-02,-2.776726e-02,1.284404e-06,1.203988e-06,3.096918e-04,1.692684e-03
2116812800,28761751,25401753600,77528318,-6.326737e-02,-2.778646e-02,1.282850e-06,1.246475e-06,3.093173e-04,1.752417e-03
2117074944,28762543,25404899328,77538057,-6.328005e-02,-2.779266e-02,1.254302e-06,1.260368e-06,3.024339e-04,1.771949e-03
2117337088,28762716,25408045056,77547581,-6.329726e-02,-2.778863e-02,1.216031e-06,1.251338e-06,2.932061e-04,1.759254e-03
2117599232,28762772,25411190784,77557214,-6.329403e-02,-2.777790e-02,1.223173e-06,1.227437e-06,2.949282e-04,1.725652e-03
2117861376,28762955,25414336512,77566830,-6.330123e-02,-2.776910e-02,1.207305e-06,1.208022e-06,2.911021e-04,1.698356e-03
2118123520,28763168,25417482240,77576566,-6.330282e-02,-2.776080e-02,1.203804e-06,1.189854e-06,2.902579e-04,1.672814e-03
2118385664,28763280,25420627968,77586119,-6.328627e-02,-2.774532e-02,1.240389e-06,1.156321e-06,2.990793e-04,1.625670e-03
2118647808,28763926,25423773696,77595349,-6.327736e-02,-2.774304e-02,1.260317e-06,1.151419e-06,3.038842e-04,1.618778e-03
2118909952,28764772,25426919424,77604802,-6.329087e-02,-2.772994e-02,1.230171e-06,1.123469e-06,2.966154e-04,1.579484e-03
2119172096,28764842,25430065152,77614372,-6.328875e-02,-2.774383e-02,1.234886e-06,1.153114e-06,2.977522e-04,1.621162e-03
2119434240,28764864,25433210880,77624070,-6.329240e-02,-2.773923e-02,1.226785e-06,1.143251e-06,2.957990e-04,1.607295e-03
2119696384,28765005,25436356608,77633671,-6.327633e-02,-2.774017e-02,1.262644e-06,1.145267e-06,3.044451e-04,1.610130e-03
2119958528,28765070,25439502336,77643491,-6.327435e-02,-2.773262e-02,1.267102e-06,1.129154e-06,3.055200e-04,1.587476e-03
2120220672,28765435,25442648064,77652867,-6.328642e-02,-2.773229e-02,1.240074e-06,1.128458e-06,2.990032e-04,1.586497e-03
2120482816,28765457,25445793792,77662424,-6.329374e-02,-2.771660e-02,1.223816e-06,1.095379e-06,2.950831e-04,1.539992e-03
2120744960,28765725,25448939520,77671925,-6.329380e-02,-2.770841e-02,1.223684e-06,1.078291e-06,2.950513e-04,1.515968e-03
2121007104,28766123,25452085248,77681641,-6.329716e-02,-2.771094e-02,1.216261e-06,1.083558e-06,2.932616e-04,1.523373e-03
2121269248,28766271,25455230976,77691100,-6.331597e-02,-2.772243e-02,1.175137e-06,1.107613e-06,2.833456e-04,1.557191e-03
2121531392,28766696,25458376704,77700644,-6.331469e-02,-2.770930e-02,1.177900e-06,1.080149e-06,2.840121e-04,1.518579e-03
2121793536,28767050,25461522432,77710244,-6.332049e-02,-2.770453e-02,1.165352e-06,1.070244e-06,2.809864e-04,1.504655e-03
2122055680,28767075,25464668160,77719891,-6.329975e-02,-2.769423e-02,1.210566e-06,1.049050e-06,2.918882e-04,1.474858e-03
2122317824,28767179,25467813888,77729501,-6.331677e-02,-2.768150e-02,1.173393e-06,1.023140e-06,2.829251e-04,1.438431e-03
2122579968,28767972,25470959616,77739097,-6.330007e-02,-2.768135e-02,1.209861e-06,1.022824e-06,2.917183e-04,1.437986e-03
2122842112,28768120,25474105344,77748598,-6.329248e-02,-2.766137e-02,1.226604e-06,9.828192e-07,2.957552e-04,1.381744e-03
2123104256,28768250,25477251072,77758149,-6.329406e-02,-2.767584e-02,1.223107e-06,1.011706e-06,2.949122e-04,1.422356e-03
2123366400,28768379,25480396800,77767646,-6.328535e-02,-2.767233e-02,1.242448e-06,1.004670e-06,2.995757e-04,1.412464e-03
2123628544,28768644,25483542528,77777453,-6.328738e-02,-2.768028e-02,1.237918e-06,1.020662e-06,2.984833e-04,1.434947e-03
2123890688,28769097,25486688256,77786934,-6.328978e-02,-2.768108e-02,1.232585e-06,1.022281e-06,2.971975e-04,1.437223e-03
2124152832,28769169,25489833984,77796517,-6.328535e-02,-2.767758e-02,1.242448e-06,1.015216e-06,2.995757e-04,1.427290e-03
2124414976,28769868,25492979712,77806100,-6.328068e-02,-2.768071e-02,1.252884e-06,1.021532e-06,3.020919e-04,1.436170e-03
2124677120,28770805,25496125440,77815830,-6.328613e-02,-2.768192e-02,1.240721e-06,1.023988e-06,2.991593e-04,1.439623e-03
2124939264,28771026,25499271168,77825398,-6.328879e-02,-2.766899e-02,1.234803e-06,9.979748e-07,2.977322e-04,1.403051e-03
2125201408,28771576,25502416896,77835189,-6.327391e-02,-2.769327e-02,1.268091e-06,1.047078e-06,3.057587e-04,1.472085e-03
2125463552,28771584,25505562624,77845011,-6.325907e-02,-2.769312e-02,1.301738e-06,1.046773e-06,3.138714e-04,1.471657e-03
2125725696,28771859,25508708352,77854603,-6.325515e-02,-2.770543e-02,1.310696e-06,1.072114e-06,3.160313e-04,1.507284e-03
2125987840,28773302,25511854080,77864313,-6.324092e-02,-2.771661e-02,1.343482e-06,1.095387e-06,3.239368e-04,1.540003e-03
2126249984,28773369,25514999808,77873906,-6.324743e-02,-2.771323e-02,1.328429e-06,1.088322e-06,3.203072e-04,1.530070e-03
2126512128,28774727,25518145536,77883451,-6.324252e-02,-2.772593e-02,1.339754e-06,1.115000e-06,3.230378e-04,1.567576e-03
2126774272,28774843,25521291264,77893017,-6.324165e-02,-2.772625e-02,1.341773e-06,1.115657e-06,3.235245e-04,1.568500e-03
2127036416,28775674,25524436992,77902622,-6.324222e-02,-2.772641e-02,1.340461e-06,1.116007e-06,3.232083e-04,1.568992e-03
2127298560,28776399,25527582720,77912213,-6.325236e-02,-2.773802e-02,1.317084e-06,1.140667e-06,3.175716e-04,1.603662e-03
2127560704,28777319,25530728448,77921936,-6.326430e-02,-2.774467e-02,1.289830e-06,1.154907e-06,3.110003e-04,1.623683e-03
2127822848,28782514,25533874176,77931552,-6.325582e-02,-2.775735e-02,1.309161e-06,1.182324e-06,3.156612e-04,1.662227e-03
2128084992,28782918,25537019904,77941246,-6.325116e-02,-2.775486e-02,1.319839e-06,1.176914e-06,3.182358e-04,1.654622e-03
2128347136,28783504,25540165632,77950951,-6.325527e-02,-2.775677e-02,1.310406e-06,1.181072e-06,3.159614e-04,1.660468e-03
2128609280,28799382,25543311360,77960679,-6.323754e-02,-2.776488e-02,1.351318e-06,1.198757e-06,3.258260e-04,1.685331e-03
2128871424,28801748,25546457088,77970099,-6.323534e-02,-2.778647e-02,1.356450e-06,1.246508e-06,3.270634e-04,1.752464e-03
2129133568,28812737,25549602816,77979593,-6.324873e-02,-2.777980e-02,1.325425e-06,1.231659e-06,3.195828e-04,1.731587e-03
2129395712,28828736,25552748544,77989098,-6.324606e-02,-2.777017e-02,1.331591e-06,1.210365e-06,3.210695e-04,1.701650e-03
2129657856,28838779,25555894272,77998803,-6.325764e-02,-2.776264e-02,1.304987e-06,1.193855e-06,3.146549e-04,1.678440e-03
2129920000,28861650,25559040000,78008287,-6.324659e-02,-2.776261e-02,1.330353e-06,1.193794e-06,3.207711e-04,1.678354e-03
2130182144,28902914,25562185728,78017916,-6.325632e-02,-2.776374e-02,1.308002e-06,1.196262e-06,3.153817e-04,1.681823e-03
2130444288,28913592,25565331456,78027483,-6.324004e-02,-2.776182e-02,1.345504e-06,1.192065e-06,3.244242e-04,1.675923e-03
2130706432,28982048,25568477184,78037110,-6.324377e-02,-2.774245e-02,1.336875e-06,1.150140e-06,3.223437e-04,1.616981e-03
2130968576,29106362,25571622912,78046730,-6.322579e-02,-2.773083e-02,1.378773e-06,1.125365e-06,3.324459e-04,1.582149e-03
2131230720,29107719,25574768640,78056358,-6.322420e-02,-2.774071e-02,1.382502e-06,1.146420e-06,3.333450e-04,1.611750e-03
2131492864,29108360,25577914368,78065864,-6.322389e-02,-2.774768e-02,1.383238e-06,1.161398e-06,3.335225e-04,1.632808e-03
2131755008,29109672,25581060096,78075416,-6.321473e-02,-2.774662e-02,1.404878e-06,1.159103e-06,3.387404e-04,1.629581e-03
2132017152,29111739,25584205824,78085136,-6.322044e-02,-2.773687e-02,1.391364e-06,1.138222e-06,3.354819e-04,1.600224e-03
2132279296,29111845,25587351552,78094615,-6.320358e-02,-2.772823e-02,1.431425e-06,1.119847e-06,3.451412e-04,1.574392e-03
2132541440,29111918,25590497280,78104215,-6.319235e-02,-2.772792e-02,1.458436e-06,1.119201e-06,3.516540e-04,1.573483e-03
2132803584,29112260,25593643008,78113442,-6.318258e-02,-2.773305e-02,1.482123e-06,1.130073e-06,3.573655e-04,1.588768e-03
2133065728,29114042,25596788736,78123162,-6.317416e-02,-2.771940e-02,1.502694e-06,1.101239e-06,3.623253e-04,1.548230e-03
2133327872,29114102,25599934464,78132679,-6.317582e-02,-2.771219e-02,1.498623e-06,1.086158e-06,3.613438e-04,1.527028e-03
2133590016,29115673,25603080192,78142259,-6.317350e-02,-2.772089e-02,1.504302e-06,1.104380e-06,3.627130e-04,1.552647e-03
2133852160,29115918,25606225920,78151969,-6.317293e-02,-2.771293e-02,1.505709e-06,1.087700e-06,3.630524e-04,1.529196e-03
2134114304,29115928,25609371648,78161543,-6.319488e-02,-2.771189e-02,1.452324e-06,1.085541e-06,3.501803e-04,1.526160e-03
2134376448,29116327,25612517376,78171196,-6.318711e-02,-2.770812e-02,1.471096e-06,1.077688e-06,3.547066e-04,1.515119e-03
2134638592,29116376,25615663104,78180704,-6.319052e-02,-2.771653e-02,1.462848e-06,1.095231e-06,3.527179e-04,1.539783e-03
2134900736,29116432,25618808832,78190306,-6.318668e-02,-2.770671e-02,1.472145e-06,1.074770e-06,3.549594e-04,1.511017e-03
2135162880,29116811,25621954560,78199689,-6.318528e-02,-2.769740e-02,1.475545e-06,1.055554e-06,3.557794e-04,1.484002e-03
2135425024,29117143,25625100288,78209364,-6.318644e-02,-2.769851e-02,1.472723e-06,1.057832e-06,3.550989e-04,1.487205e-03
2135687168,29117157,25628246016,78219081,-6.320494e-02,-2.770144e-02,1.428164e-06,1.063864e-06,3.443550e-04,1.495685e-03
2135949312,29117497,25631391744,78228429,-6.320254e-02,-2.770904e-02,1.433922e-06,1.079610e-06,3.457432e-04,1.517823e-03
2136211456,29117789,25634537472,78238174,-6.322055e-02,-2.771572e-02,1.391101e-06,1.093532e-06,3.354183e-04,1.537394e-03
2136473600,29117815,25637683200,78247595,-6.322735e-02,-2.771249e-02,1.375118e-06,1.086795e-06,3.315647e-04,1.527923e-03
2136735744,29117981,25640828928,78257376,-6.320675e-02,-2.768799e-02,1.423858e-06,1.036295e-06,3.433166e-04,1.456926e-03
2136997888,29118617,25643974656,78266841,-6.320839e-02,-2.768165e-02,1.419949e-06,1.023426e-06,3.423741e-04,1.438834e-03
2137260032,29118733,25647120384,78276591,-6.322085e-02,-2.768690e-02,1.390398e-06,1.034093e-06,3.352489e-04,1.453830e-03
2137522176,29118788,25650266112,78286291,-6.324125e-02,-2.768038e-02,1.342705e-06,1.020865e-06,3.237494e-04,1.435233e-03
2137784320,29120024,25653411840,78295859,-6.323371e-02,-2.766758e-02,1.360236e-06,9.951744e-07,3.279763e-04,1.399114e-03
2138046464,29120493,25656557568,78305198,-6.323788e-02,-2.766993e-02,1.350538e-06,9.998699e-07,3.256380e-04,1.405716e-03
2138308608,29121275,25659703296,78314895,-6.325310e-02,-2.767203e-02,1.315374e-06,1.004058e-06,3.171594e-04,1.411603e-03
2138570752,29123680,25662849024,78324626,-6.323829e-02,-2.768359e-02,1.349569e-06,1.027372e-06,3.254043e-04,1.444381e-03
2138832896,29123710,25665994752,78334223,-6.323989e-02,-2.768866e-02,1.345867e-06,1.037676e-06,3.245117e-04,1.458867e-03
2139095040,29123714,25669140480,78343864,-6.322735e-02,-2.767909e-02,1.375118e-06,1.018266e-06,3.315647e-04,1.431579e-03
2139357184,29123948,25672286208,78353507,-6.323545e-02,-2.768207e-02,1.356190e-06,1.024290e-06,3.270007e-04,1.440047e-03
2139619328,29123963,25675431936,78363031,-6.322994e-02,-2.768721e-02,1.369044e-06,1.034707e-06,3.301001e-04,1.454693e-03
2139881472,29124002,25678577664,78372752,-6.323841e-02,-2.769654e-02,1.349292e-06,1.053779e-06,3.253375e-04,1.481506e-03
2140143616,29124141,25681723392,78382141,-6.322344e-02,-2.770802e-02,1.384307e-06,1.077487e-06,3.337803e-04,1.514837e-03
2140405760,29124583,25684869120,78391738,-6.322518e-02,-2.769829e-02,1.380208e-06,1.057384e-06,3.327919e-04,1.486575e-03
2140667904,29124847,25688014848,78401454,-6.323312e-02,-2.770397e-02,1.361609e-06,1.069096e-06,3.283075e-04,1.503041e-03
2140930048,29125206,25691160576,78410937,-6.323936e-02,-2.768164e-02,1.347094e-06,1.023411e-06,3.248077e-04,1.438813e-03
2141192192,29125339,25694306304,78420509,-6.322515e-02,-2.770239e-02,1.380278e-06,1.065821e-06,3.328087e-04,1.498436e-03
2141454336,29125705,25697452032,78430050,-6.321461e-02,-2.770781e-02,1.405161e-06,1.077050e-06,3.388085e-04,1.514222e-03
2141716480,29126050,25700597760,78439594,-6.320127e-02,-2.769652e-02,1.436957e-06,1.053748e-06,3.464750e-04,1.481463e-03
2141978624,29128081,25703743488,78449276,-6.320056e-02,-2.768744e-02,1.438672e-06,1.035184e-06,3.468886e-04,1.455364e-03
2142240768,29130445,25706889216,78458788,-6.319585e-02,-2.770090e-02,1.449990e-06,1.062762e-06,3.496176e-04,1.494135e-03
2142502912,29131887,25710034944,78468492,-6.319169e-02,-2.772184e-02,1.460020e-06,1.106362e-06,3.520359e-04,1.555433e-03
2142765056,29132536,25713180672,78478353,-6.319649e-02,-2.771812e-02,1.448448e-06,1.098555e-06,3.492456e-04,1.544457e-03
2143027200,29133406,25716326400,78487822,-6.319734e-02,-2.771522e-02,1.446386e-06,1.092480e-06,3.487485e-04,1.535916e-03
2143289344,29133636,25719472128,78497318,-6.321146e-02,-2.771911e-02,1.412625e-06,1.100629e-06,3.406082e-04,1.547373e-03
2143551488,29133989,25722617856,78507021,-6.323022e-02,-2.772014e-02,1.368399e-06,1.102799e-06,3.299445e-04,1.550424e-03
2143813632,29133995,25725763584,78516704,-6.322934e-02,-2.771905e-02,1.370439e-06,1.100500e-06,3.304365e-04,1.547192e-03
2144075776,29136260,25728909312,78526277,-6.320767e-02,-2.771115e-02,1.421654e-06,1.084004e-06,3.427852e-04,1.524000e-03
2144337920,29140235,25732055040,78535898,-6.320781e-02,-2.770422e-02,1.421334e-06,1.069609e-06,3.427081e-04,1.503761e-03
2144600064,29142420,25735200768,78545137,-6.321198e-02,-2.768981e-02,1.411385e-06,1.040004e-06,3.403093e-04,1.462140e-03
2144862208,29143031,25738346496,78554676,-6.320587e-02,-2.767367e-02,1.425957e-06,1.007360e-06,3.438227e-04,1.416246e-03
2145124352,29151112,25741492224,78564035,-6.319755e-02,-2.767308e-02,1.445884e-06,1.006171e-06,3.486275e-04,1.414575e-03
2145386496,29160782,25744637952,78573640,-6.321403e-02,-2.768713e-02,1.406521e-06,1.034548e-06,3.391365e-04,1.454469e-03
2145648640,29164937,25747783680,78583155,-6.319896e-02,-2.769068e-02,1.442500e-06,1.041786e-06,3.478115e-04,1.464646e-03
2145910784,29168449,25750929408,78592703,-6.321381e-02,-2.769231e-02,1.407052e-06,1.045127e-06,3.392643e-04,1.469343e-03
2146172928,29182649,25754075136,78602298,-6.320807e-02,-2.768169e-02,1.420712e-06,1.023521e-06,3.425582e-04,1.438966e-03
2146435072,29184816,25757220864,78611881,-6.319623e-02,-2.767652e-02,1.449075e-06,1.013093e-06,3.493970e-04,1.424305e-03
2146697216,29212856,25760366592,78621357,-6.319721e-02,-2.766990e-02,1.446708e-06,9.998104e-07,3.488263e-04,1.405632e-03
2146959360,29258066,25763512320,78630870,-6.318665e-02,-2.767597e-02,1.472235e-06,1.011979e-06,3.549812e-04,1.422740e-03
2147221504,29323489,25766658048,78640366,-6.318097e-02,-2.766335e-02,1.486044e-06,9.867452e-07,3.583109e-04,1.387264e-03
2147483648,29332533,25769803776,78649968,-6.317579e-02,-2.766020e-02,1.498696e-06,9.804940e-07,3.613614e-04,1.378475e-03
