Alg,Circuit,DType,R_label,qubits,depth,time,init,final,samples,nodes,threads,paths,nzero_paths,estR,estI,varR,varI,RvarR,RvarI
IS_V,-70464848,SP,1,8,9,325020,0,0,67108864,1,64,67108864,1050025,-4.47939374e-02,1.07236102e-01,3.59721668e-07,2.93691244e-071.84177537e-04,2.57994034e-05
IS_V,-570557440,SP,2,8,9,324451,0,0,67108864,1,64,67108864,1049448,-4.48475666e-02,1.06836602e-01,4.26928011e-07,2.02870876e-082.18587200e-04,1.78212565e-06
IS_V,903625984,SP,3,8,9,325614,0,0,67108864,1,64,67108864,1047922,-4.42636535e-02,1.06598727e-01,4.82804197e-09,9.10916320e-092.47195817e-06,8.00197427e-07
IS_V,1202888192,SP,4,8,9,324578,0,0,67108864,1,64,67108864,1046761,-4.40598242e-02,1.06722593e-01,1.80486186e-08,8.07921785e-109.24089454e-06,7.09721490e-08
IS_V,-836438336,SP,5,8,9,333212,0,0,67108864,1,64,67108864,1048451,-4.28070091e-02,1.07429586e-01,1.92421362e-06,5.40838187e-079.85197606e-04,4.75101006e-05
